timestamp,open,high,low,close,volume
2025-01-01 00:00:00+00:00,93576.0,93898.05,93489.03,93761.9,271.27422
2025-01-01 00:30:00+00:00,93761.9,94509.42,93761.89,94401.14,484.71588
2025-01-01 01:00:00+00:00,94401.13,94408.72,93819.6,93825.86,387.2325
2025-01-01 01:30:00+00:00,93825.86,93989.37,93578.77,93607.74,199.30206
2025-01-01 02:00:00+00:00,93607.74,93805.16,93594.56,93742.52,152.93592
2025-01-01 02:30:00+00:00,93742.51,94105.12,93742.51,94098.91,123.84453
2025-01-01 03:00:00+00:00,94098.9,94098.91,93766.23,93830.89,112.48847
2025-01-01 03:30:00+00:00,93830.9,93891.15,93728.22,93838.04,108.50455
2025-01-01 04:00:00+00:00,93838.04,93838.04,93679.07,93738.09,141.00467
2025-01-01 04:30:00+00:00,93738.09,93738.1,93500.0,93553.91,138.46442
2025-01-01 05:00:00+00:00,93553.91,93933.33,93547.4,93891.74,141.23578
2025-01-01 05:30:00+00:00,93891.74,93937.19,93792.01,93792.02,67.94362
2025-01-01 06:00:00+00:00,93792.02,93792.02,93603.21,93654.5,94.66068
2025-01-01 06:30:00+00:00,93654.5,93757.58,93568.38,93757.58,177.61778
2025-01-01 07:00:00+00:00,93757.57,93786.04,93664.08,93786.03,72.64035
2025-01-01 07:30:00+00:00,93786.03,93800.0,93664.09,93684.1,125.29423
2025-01-01 08:00:00+00:00,93684.11,93756.02,93304.0,93416.41,317.3764
2025-01-01 08:30:00+00:00,93416.41,93547.83,93320.0,93428.46,164.33533
2025-01-01 09:00:00+00:00,93428.47,93486.29,92888.0,93141.91,431.78652
2025-01-01 09:30:00+00:00,93141.91,93446.48,93001.0,93413.06,366.71121
2025-01-01 10:00:00+00:00,93413.07,93536.75,93357.67,93410.25,138.8758
2025-01-01 10:30:00+00:00,93410.25,93509.74,93284.0,93326.23,126.67612
2025-01-01 11:00:00+00:00,93326.24,93485.88,93200.0,93485.88,159.94019
2025-01-01 11:30:00+00:00,93485.88,93705.08,93402.0,93444.64,161.78206
2025-01-01 12:00:00+00:00,93444.65,93972.0,93407.07,93888.31,334.71719
2025-01-01 12:30:00+00:00,93888.3,93909.1,93700.73,93820.76,164.63894
2025-01-01 13:00:00+00:00,93820.75,93900.0,93600.28,93729.3,162.40121
2025-01-01 13:30:00+00:00,93729.3,94058.79,93724.0,94031.76,177.96266
2025-01-01 14:00:00+00:00,94031.77,94450.85,93883.66,93919.99,406.18562
2025-01-01 14:30:00+00:00,93919.99,94225.58,93671.48,94175.89,345.72135
2025-01-01 15:00:00+00:00,94175.89,94265.75,93900.0,94160.5,221.49823
2025-01-01 15:30:00+00:00,94160.5,94500.0,94089.16,94432.94,264.58572
2025-01-01 16:00:00+00:00,94432.94,94492.0,94096.01,94149.98,324.97033
2025-01-01 16:30:00+00:00,94149.99,94188.77,93922.0,94090.49,255.30351
2025-01-01 17:00:00+00:00,94090.5,94131.66,93760.93,93973.11,183.80447
2025-01-01 17:30:00+00:00,93973.12,94189.16,93897.75,94143.85,120.06348
2025-01-01 18:00:00+00:00,94143.84,94240.44,93936.44,94208.43,98.05808
2025-01-01 18:30:00+00:00,94208.43,94380.44,94191.73,94340.06,193.73023
2025-01-01 19:00:00+00:00,94340.06,94398.74,94168.01,94261.99,147.69316
2025-01-01 19:30:00+00:00,94261.99,94823.75,94148.34,94627.07,397.43056
2025-01-01 20:00:00+00:00,94627.08,94836.0,94579.83,94711.84,221.39956
2025-01-01 20:30:00+00:00,94711.84,94852.7,94644.15,94786.23,203.02512
2025-01-01 21:00:00+00:00,94786.23,95151.15,94687.87,94955.98,391.22645
2025-01-01 21:30:00+00:00,94955.99,95000.0,94734.57,94978.48,245.58511
2025-01-01 22:00:00+00:00,94978.48,94997.32,94685.81,94735.5,216.26985
2025-01-01 22:30:00+00:00,94735.49,94970.34,94735.49,94802.98,193.50417
2025-01-01 23:00:00+00:00,94802.99,94952.29,94600.0,94637.69,243.52171
2025-01-01 23:30:00+00:00,94637.69,94757.29,94542.0,94591.79,193.38613
2025-01-02 00:00:00+00:00,94591.78,95200.0,94392.0,94928.71,499.57699
2025-01-02 00:30:00+00:00,94928.71,95381.7,94724.0,95128.59,682.18874
2025-01-02 01:00:00+00:00,95128.59,95516.0,95020.0,95081.09,749.11483
2025-01-02 01:30:00+00:00,95081.08,95081.09,94699.69,94862.72,394.25134
2025-01-02 02:00:00+00:00,94862.73,95136.37,94803.03,95026.52,237.45587
2025-01-02 02:30:00+00:00,95026.51,95234.37,94829.0,95234.36,218.19413
2025-01-02 03:00:00+00:00,95234.37,95299.24,94960.36,95075.77,178.83169
2025-01-02 03:30:00+00:00,95075.77,95093.83,94913.75,95010.33,111.45417
2025-01-02 04:00:00+00:00,95010.34,95273.45,94984.84,95173.88,234.24722
2025-01-02 04:30:00+00:00,95173.87,96000.0,95173.87,95708.07,691.37197
2025-01-02 05:00:00+00:00,95708.07,95800.0,95395.21,95760.99,514.15945
2025-01-02 05:30:00+00:00,95760.98,95775.37,95508.11,95596.48,187.95776
2025-01-02 06:00:00+00:00,95596.48,95697.01,95380.04,95460.0,191.52706
2025-01-02 06:30:00+00:00,95460.0,95594.15,95384.57,95574.99,325.94066
2025-01-02 07:00:00+00:00,95575.0,95836.0,95505.35,95773.3,210.2624
2025-01-02 07:30:00+00:00,95773.3,95880.0,95692.46,95822.0,242.36533
2025-01-02 08:00:00+00:00,95822.01,96050.03,95650.78,95721.42,415.70016
2025-01-02 08:30:00+00:00,95721.43,96211.54,95640.05,96150.0,429.06147
2025-01-02 09:00:00+00:00,96150.0,96435.67,96036.86,96393.5,466.48033
2025-01-02 09:30:00+00:00,96393.51,96799.86,96287.87,96755.51,509.54495
2025-01-02 10:00:00+00:00,96755.51,96808.37,96563.77,96697.95,541.37536
2025-01-02 10:30:00+00:00,96697.95,96764.02,96538.77,96708.0,285.3715
2025-01-02 11:00:00+00:00,96708.0,96876.38,96469.46,96556.16,364.31216
2025-01-02 11:30:00+00:00,96556.16,96789.47,96550.69,96732.99,169.35158
2025-01-02 12:00:00+00:00,96733.0,96895.0,96609.42,96754.72,360.02599
2025-01-02 12:30:00+00:00,96754.72,96865.05,96611.0,96850.01,317.27911
2025-01-02 13:00:00+00:00,96850.01,96988.05,96630.0,96763.6,514.14349
2025-01-02 13:30:00+00:00,96763.61,96794.97,96436.0,96458.17,389.13098
2025-01-02 14:00:00+00:00,96458.17,96491.15,95924.6,96474.83,755.54623
2025-01-02 14:30:00+00:00,96474.83,97440.91,96267.45,97256.49,2251.55833
2025-01-02 15:00:00+00:00,97256.48,97323.16,96313.0,96666.85,1061.20662
2025-01-02 15:30:00+00:00,96666.85,96744.82,96164.78,96455.01,945.84038
2025-01-02 16:00:00+00:00,96455.01,97387.15,96040.04,97387.15,918.03444
2025-01-02 16:30:00+00:00,97387.14,97650.0,97152.89,97229.74,806.99546
2025-01-02 17:00:00+00:00,97229.75,97591.84,97033.95,97084.41,484.47787
2025-01-02 17:30:00+00:00,97084.41,97099.46,96325.44,96757.57,788.27988
2025-01-02 18:00:00+00:00,96757.57,97113.44,96400.0,96903.0,479.15018
2025-01-02 18:30:00+00:00,96902.99,97350.0,96634.61,97319.74,360.75442
2025-01-02 19:00:00+00:00,97319.74,97777.0,97212.81,97600.0,405.85314
2025-01-02 19:30:00+00:00,97600.0,97600.0,97200.0,97317.74,308.55651
2025-01-02 20:00:00+00:00,97317.74,97839.5,97317.74,97600.0,341.7144
2025-01-02 20:30:00+00:00,97600.01,97728.93,97300.0,97306.46,377.1324
2025-01-02 21:00:00+00:00,97306.46,97355.77,97060.52,97124.48,216.47964
2025-01-02 21:30:00+00:00,97124.48,97265.28,97040.16,97212.68,177.66763
2025-01-02 22:00:00+00:00,97212.69,97212.69,96666.66,96882.8,272.84023
2025-01-02 22:30:00+00:00,96882.8,97042.26,96841.69,96911.04,145.94069
2025-01-02 23:00:00+00:00,96911.04,97022.76,96758.17,96973.53,278.22109
2025-01-02 23:30:00+00:00,96973.52,97077.78,96847.16,96984.79,163.56325
2025-01-03 00:00:00+00:00,96984.79,97080.96,96796.56,97025.92,188.41298
2025-01-03 00:30:00+00:00,97025.92,97068.14,96799.96,96825.82,126.59675
2025-01-03 01:00:00+00:00,96825.83,96907.13,96650.0,96907.12,188.29666
2025-01-03 01:30:00+00:00,96907.13,97000.0,96682.69,96985.47,154.06248
2025-01-03 02:00:00+00:00,96985.47,97342.44,96856.98,97259.0,221.42404
2025-01-03 02:30:00+00:00,97258.99,97262.19,96952.66,96966.85,167.21604
2025-01-03 03:00:00+00:00,96966.85,97084.25,96833.99,96941.88,158.04488
2025-01-03 03:30:00+00:00,96941.87,97090.91,96876.8,97062.3,97.70432
2025-01-03 04:00:00+00:00,97062.3,97066.18,96878.52,96920.26,122.48991
2025-01-03 04:30:00+00:00,96920.27,96962.56,96766.51,96813.41,143.03222
2025-01-03 05:00:00+00:00,96813.49,96860.48,96590.28,96678.76,189.01206
2025-01-03 05:30:00+00:00,96678.76,96813.77,96639.7,96765.34,127.45125
2025-01-03 06:00:00+00:00,96765.35,96918.56,96619.98,96668.0,197.25757
2025-01-03 06:30:00+00:00,96667.55,96739.67,96512.0,96539.49,185.14506
2025-01-03 07:00:00+00:00,96539.49,96645.83,96411.54,96452.07,219.93922
2025-01-03 07:30:00+00:00,96452.06,96472.94,96280.65,96304.0,326.93007
2025-01-03 08:00:00+00:00,96304.0,96529.84,96304.0,96341.01,229.13033
2025-01-03 08:30:00+00:00,96341.01,96341.02,96100.01,96129.97,314.26088
2025-01-03 09:00:00+00:00,96129.97,96570.62,96107.84,96491.86,336.47425
2025-01-03 09:30:00+00:00,96491.87,96702.48,96450.0,96554.32,191.5206
2025-01-03 10:00:00+00:00,96554.32,96561.36,96402.82,96537.0,198.78626
2025-01-03 10:30:00+00:00,96537.0,96640.01,96454.36,96488.53,156.59043
2025-01-03 11:00:00+00:00,96488.53,96816.11,96482.51,96750.0,223.87521
2025-01-03 11:30:00+00:00,96750.0,96830.0,96661.68,96757.58,224.53987
2025-01-03 12:00:00+00:00,96757.57,96901.06,96717.36,96893.04,227.27631
2025-01-03 12:30:00+00:00,96893.03,96921.36,96666.66,96666.66,160.30609
2025-01-03 13:00:00+00:00,96666.66,96839.71,96482.52,96538.96,337.05348
2025-01-03 13:30:00+00:00,96538.95,96716.92,96472.43,96504.79,293.75025
2025-01-03 14:00:00+00:00,96504.8,97131.0,96504.79,97084.6,370.38839
2025-01-03 14:30:00+00:00,97084.6,97342.44,96624.5,97016.01,1020.20235
2025-01-03 15:00:00+00:00,97016.0,97450.0,96759.12,97263.78,833.48377
2025-01-03 15:30:00+00:00,97263.79,97660.0,97138.14,97521.35,754.11782
2025-01-03 16:00:00+00:00,97521.36,98444.42,97406.54,98066.0,1197.51627
2025-01-03 16:30:00+00:00,98066.0,98368.85,97720.31,97868.2,702.39871
2025-01-03 17:00:00+00:00,97868.21,98263.13,97837.63,98164.02,467.63787
2025-01-03 17:30:00+00:00,98164.02,98299.76,97944.44,98026.0,332.07357
2025-01-03 18:00:00+00:00,98025.99,98481.74,98000.0,98481.73,345.50984
2025-01-03 18:30:00+00:00,98481.73,98697.86,98290.75,98527.98,468.1334
2025-01-03 19:00:00+00:00,98527.97,98976.91,98491.53,98697.85,763.35955
2025-01-03 19:30:00+00:00,98697.85,98838.18,98554.3,98592.01,307.06756
2025-01-03 20:00:00+00:00,98592.02,98748.0,98300.0,98618.09,426.34055
2025-01-03 20:30:00+00:00,98618.08,98629.05,98311.51,98311.52,419.82916
2025-01-03 21:00:00+00:00,98311.51,98369.56,98196.96,98274.48,341.03029
2025-01-03 21:30:00+00:00,98274.47,98419.14,98209.95,98272.7,166.35008
2025-01-03 22:00:00+00:00,98272.7,98512.94,98272.7,98460.37,174.29159
2025-01-03 22:30:00+00:00,98460.38,98485.83,98250.0,98296.37,143.25685
2025-01-03 23:00:00+00:00,98296.37,98382.19,98101.0,98101.01,171.16678
2025-01-03 23:30:00+00:00,98101.01,98184.6,98067.99,98174.18,143.09549
2025-01-04 00:00:00+00:00,98174.17,98288.0,98016.69,98094.02,256.92558
2025-01-04 00:30:00+00:00,98094.02,98094.02,97887.2,97950.01,208.21763
2025-01-04 01:00:00+00:00,97950.01,98005.69,97800.0,97960.15,175.38433
2025-01-04 01:30:00+00:00,97960.15,98095.06,97909.09,98040.0,116.71426
2025-01-04 02:00:00+00:00,98040.0,98042.02,97848.48,97900.67,173.84382
2025-01-04 02:30:00+00:00,97900.67,98314.15,97874.64,98304.51,195.05776
2025-01-04 03:00:00+00:00,98304.51,98304.51,98052.97,98086.8,139.14915
2025-01-04 03:30:00+00:00,98086.8,98269.39,98078.48,98200.0,135.53935
2025-01-04 04:00:00+00:00,98200.01,98200.01,97900.0,97948.87,156.41186
2025-01-04 04:30:00+00:00,97948.87,98012.91,97862.87,98001.0,148.08771
2025-01-04 05:00:00+00:00,98001.0,98164.75,97988.76,98143.44,108.86877
2025-01-04 05:30:00+00:00,98143.45,98196.51,98063.34,98126.21,141.1091
2025-01-04 06:00:00+00:00,98126.21,98140.98,98047.79,98073.02,108.27212
2025-01-04 06:30:00+00:00,98073.03,98209.7,98039.91,98127.54,103.65126
2025-01-04 07:00:00+00:00,98127.53,98350.04,98095.17,98193.71,288.71588
2025-01-04 07:30:00+00:00,98193.71,98323.28,98169.92,98271.88,165.74553
2025-01-04 08:00:00+00:00,98271.87,98306.22,98112.55,98185.85,137.61829
2025-01-04 08:30:00+00:00,98185.85,98270.07,97905.26,97906.07,166.05749
2025-01-04 09:00:00+00:00,97906.08,97980.0,97713.11,97873.39,261.61372
2025-01-04 09:30:00+00:00,97873.39,97899.07,97532.58,97690.37,410.17778
2025-01-04 10:00:00+00:00,97690.37,97762.33,97600.0,97736.17,194.34169
2025-01-04 10:30:00+00:00,97736.17,97859.6,97736.16,97789.32,136.34391
2025-01-04 11:00:00+00:00,97789.32,97789.32,97711.54,97758.89,139.23648
2025-01-04 11:30:00+00:00,97758.89,97923.07,97758.88,97889.39,139.8747
2025-01-04 12:00:00+00:00,97889.4,98016.97,97800.0,97921.89,186.52785
2025-01-04 12:30:00+00:00,97921.9,97993.49,97801.49,97888.12,150.26907
2025-01-04 13:00:00+00:00,97888.12,97967.35,97770.74,97849.51,185.73781
2025-01-04 13:30:00+00:00,97849.51,98068.46,97750.0,97973.05,277.46273
2025-01-04 14:00:00+00:00,97973.05,98013.32,97828.38,98000.0,172.8449
2025-01-04 14:30:00+00:00,98000.01,98080.15,97940.64,98035.04,156.5967
2025-01-04 15:00:00+00:00,98035.05,98152.02,97625.6,97832.06,262.40947
2025-01-04 15:30:00+00:00,97832.07,97832.07,97514.79,97657.94,475.37478
2025-01-04 16:00:00+00:00,97657.95,97874.68,97623.99,97703.12,205.33172
2025-01-04 16:30:00+00:00,97703.11,97729.14,97549.99,97704.6,369.78729
2025-01-04 17:00:00+00:00,97704.6,97826.81,97687.77,97780.29,105.5756
2025-01-04 17:30:00+00:00,97780.28,98049.99,97752.02,98016.26,145.87145
2025-01-04 18:00:00+00:00,98016.26,98139.13,97962.67,98057.28,142.22652
2025-01-04 18:30:00+00:00,98057.27,98098.39,97909.85,97961.56,94.99145
2025-01-04 19:00:00+00:00,97961.56,98350.0,97931.23,98167.17,215.07358
2025-01-04 19:30:00+00:00,98167.17,98264.24,98093.66,98166.26,115.4081
2025-01-04 20:00:00+00:00,98166.26,98490.0,98166.25,98456.37,183.24185
2025-01-04 20:30:00+00:00,98456.37,98671.02,98400.0,98599.02,258.45288
2025-01-04 21:00:00+00:00,98599.02,98778.43,98502.77,98532.81,360.71599
2025-01-04 21:30:00+00:00,98532.81,98532.82,98344.0,98362.43,175.65991
2025-01-04 22:00:00+00:00,98362.43,98406.27,98266.33,98268.0,143.37617
2025-01-04 22:30:00+00:00,98268.01,98484.85,98265.91,98417.25,146.3313
2025-01-04 23:00:00+00:00,98417.25,98419.14,98143.2,98240.0,144.71746
2025-01-04 23:30:00+00:00,98240.0,98311.24,98208.0,98220.5,109.11376
2025-01-05 00:00:00+00:00,98220.51,98391.59,98154.18,98272.31,165.26249
2025-01-05 00:30:00+00:00,98272.31,98343.9,98200.36,98213.43,89.17103
2025-01-05 01:00:00+00:00,98213.44,98322.35,98151.51,98213.61,99.19419
2025-01-05 01:30:00+00:00,98213.61,98213.62,98050.0,98123.53,138.16828
2025-01-05 02:00:00+00:00,98123.53,98212.13,98123.52,98181.82,102.92484
2025-01-05 02:30:00+00:00,98181.81,98227.49,98105.41,98227.48,84.61195
2025-01-05 03:00:00+00:00,98227.49,98227.49,98115.3,98152.01,62.38217
2025-01-05 03:30:00+00:00,98152.01,98187.97,98069.0,98187.96,88.85558
2025-01-05 04:00:00+00:00,98187.97,98522.76,98187.96,98487.16,178.31655
2025-01-05 04:30:00+00:00,98487.17,98487.17,98348.15,98357.46,60.34022
2025-01-05 05:00:00+00:00,98357.46,98425.97,98264.78,98425.96,97.80036
2025-01-05 05:30:00+00:00,98425.96,98500.0,98305.03,98358.98,114.84962
2025-01-05 06:00:00+00:00,98358.98,98393.94,98304.82,98370.35,62.43212
2025-01-05 06:30:00+00:00,98370.34,98500.0,98339.57,98451.47,87.17918
2025-01-05 07:00:00+00:00,98451.48,98464.84,98339.97,98339.97,71.85578
2025-01-05 07:30:00+00:00,98339.98,98355.83,98268.77,98268.77,46.45591
2025-01-05 08:00:00+00:00,98268.77,98268.78,97777.77,97897.1,392.43105
2025-01-05 08:30:00+00:00,97897.11,97941.97,97822.0,97861.04,119.30825
2025-01-05 09:00:00+00:00,97861.04,97943.02,97814.72,97819.33,96.74407
2025-01-05 09:30:00+00:00,97819.32,97910.74,97637.93,97652.2,244.39139
2025-01-05 10:00:00+00:00,97652.21,97776.68,97600.0,97600.02,235.85863
2025-01-05 10:30:00+00:00,97600.02,97748.84,97600.01,97737.48,95.93199
2025-01-05 11:00:00+00:00,97737.48,97822.16,97685.53,97727.27,90.97828
2025-01-05 11:30:00+00:00,97727.27,97735.96,97615.13,97641.63,95.73943
2025-01-05 12:00:00+00:00,97641.62,97922.89,97569.04,97717.27,163.73852
2025-01-05 12:30:00+00:00,97717.26,97956.66,97673.67,97770.01,152.73674
2025-01-05 13:00:00+00:00,97770.01,97965.31,97737.2,97965.3,119.24848
2025-01-05 13:30:00+00:00,97965.3,98018.96,97680.18,97689.96,162.69471
2025-01-05 14:00:00+00:00,97689.96,97779.96,97276.79,97484.97,540.0203
2025-01-05 14:30:00+00:00,97484.97,97967.08,97372.99,97855.06,236.63844
2025-01-05 15:00:00+00:00,97855.06,98024.48,97702.3,97908.1,207.34019
2025-01-05 15:30:00+00:00,97908.1,98281.89,97908.1,98028.98,284.89055
2025-01-05 16:00:00+00:00,98028.98,98332.54,97988.88,98082.34,315.28803
2025-01-05 16:30:00+00:00,98082.34,98113.29,97937.82,98035.17,139.27578
2025-01-05 17:00:00+00:00,98035.17,98078.94,97880.39,97967.99,161.52147
2025-01-05 17:30:00+00:00,97968.0,98023.84,97673.57,97731.08,197.1345
2025-01-05 18:00:00+00:00,97731.09,97777.46,97577.46,97706.91,217.38967
2025-01-05 18:30:00+00:00,97706.91,97927.98,97695.58,97918.91,83.90066
2025-01-05 19:00:00+00:00,97918.91,98109.0,97854.99,98056.22,171.95994
2025-01-05 19:30:00+00:00,98056.22,98079.64,97975.24,98079.63,134.8969
2025-01-05 20:00:00+00:00,98079.64,98678.0,98024.0,98482.49,470.53676
2025-01-05 20:30:00+00:00,98482.49,98497.32,98161.38,98275.71,209.92491
2025-01-05 21:00:00+00:00,98275.71,98419.94,98216.58,98303.61,213.75521
2025-01-05 21:30:00+00:00,98303.62,98522.46,98283.29,98496.52,114.02847
2025-01-05 22:00:00+00:00,98496.52,98556.3,98344.0,98550.18,114.76408
2025-01-05 22:30:00+00:00,98550.17,98745.45,98516.27,98695.21,293.08867
2025-01-05 23:00:00+00:00,98695.21,98836.85,98366.12,98475.09,344.33388
2025-01-05 23:30:00+00:00,98475.09,98504.0,98322.72,98363.61,125.34701
2025-01-06 00:00:00+00:00,98363.61,98773.48,98300.0,98477.68,286.21077
2025-01-06 00:30:00+00:00,98477.68,98561.96,98190.75,98217.23,208.01988
2025-01-06 01:00:00+00:00,98217.23,98345.68,97920.0,98121.23,261.85346
2025-01-06 01:30:00+00:00,98121.24,98816.28,98116.0,98759.43,305.52518
2025-01-06 02:00:00+00:00,98759.42,99333.0,98649.97,98757.01,1199.70175
2025-01-06 02:30:00+00:00,98757.01,99118.24,98670.27,98815.39,413.71811
2025-01-06 03:00:00+00:00,98815.39,99124.24,98759.55,99099.09,327.24839
2025-01-06 03:30:00+00:00,99099.09,99235.99,99000.0,99037.57,194.94576
2025-01-06 04:00:00+00:00,99037.57,99444.0,99037.57,99250.0,314.81934
2025-01-06 04:30:00+00:00,99250.0,99500.88,99184.98,99466.09,330.68726
2025-01-06 05:00:00+00:00,99466.09,99666.0,99400.0,99660.12,332.02966
2025-01-06 05:30:00+00:00,99660.13,99892.0,99502.0,99600.0,607.3505
2025-01-06 06:00:00+00:00,99600.0,99700.0,99382.31,99484.83,404.61171
2025-01-06 06:30:00+00:00,99484.84,99763.99,99440.64,99512.21,399.23762
2025-01-06 07:00:00+00:00,99512.21,99529.87,99161.14,99322.68,367.86588
2025-01-06 07:30:00+00:00,99322.67,99423.68,99240.24,99318.7,188.0313
2025-01-06 08:00:00+00:00,99318.7,99625.69,99318.7,99395.09,236.52082
2025-01-06 08:30:00+00:00,99395.08,99426.38,99000.0,99043.49,437.81149
2025-01-06 09:00:00+00:00,99043.49,99250.0,99020.0,99114.26,240.72099
2025-01-06 09:30:00+00:00,99114.26,99145.63,98942.46,98999.99,206.67012
2025-01-06 10:00:00+00:00,99000.0,99057.95,98802.01,99010.43,308.44553
2025-01-06 10:30:00+00:00,99010.42,99010.43,98709.28,98767.96,217.42174
2025-01-06 11:00:00+00:00,98767.96,99312.0,98712.0,99248.69,429.1917
2025-01-06 11:30:00+00:00,99248.69,99410.23,99165.43,99259.99,238.67605
2025-01-06 12:00:00+00:00,99259.99,99713.13,99259.99,99572.49,344.62628
2025-01-06 12:30:00+00:00,99572.49,99572.5,99142.43,99157.12,279.51781
2025-01-06 13:00:00+00:00,99157.12,99363.6,98909.82,99320.03,376.83974
2025-01-06 13:30:00+00:00,99320.03,99575.85,99137.47,99492.51,254.38499
2025-01-06 14:00:00+00:00,99492.5,99600.0,98711.94,99055.01,649.22156
2025-01-06 14:30:00+00:00,99055.0,101295.23,98870.55,100737.03,2838.66381
2025-01-06 15:00:00+00:00,100737.03,101700.62,100481.99,101678.1,2022.22758
2025-01-06 15:30:00+00:00,101678.11,102468.92,101636.36,102147.95,1642.74181
2025-01-06 16:00:00+00:00,102147.95,102480.0,101973.11,102440.02,1131.76921
2025-01-06 16:30:00+00:00,102440.01,102469.35,101719.59,102158.67,1013.82095
2025-01-06 17:00:00+00:00,102158.67,102158.68,101717.44,101830.53,712.63377
2025-01-06 17:30:00+00:00,101830.54,101983.19,101250.0,101831.95,804.41836
2025-01-06 18:00:00+00:00,101831.95,102029.02,101578.12,101933.84,478.79988
2025-01-06 18:30:00+00:00,101933.84,102053.61,101671.39,101738.8,355.50572
2025-01-06 19:00:00+00:00,101738.81,102032.0,101639.6,101892.96,345.67601
2025-01-06 19:30:00+00:00,101892.96,102030.3,101737.5,101817.22,285.50413
2025-01-06 20:00:00+00:00,101817.22,102318.5,101804.0,102114.94,544.51983
2025-01-06 20:30:00+00:00,102114.94,102300.0,101800.0,102127.38,914.024
2025-01-06 21:00:00+00:00,102126.9,102329.98,101950.0,102060.6,662.57152
2025-01-06 21:30:00+00:00,102060.61,102070.32,101600.05,101611.92,347.62638
2025-01-06 22:00:00+00:00,101611.92,101970.0,101600.06,101928.58,219.46376
2025-01-06 22:30:00+00:00,101928.58,102084.13,101928.58,102011.98,145.6938
2025-01-06 23:00:00+00:00,102011.98,102176.87,101896.87,102082.76,280.84943
2025-01-06 23:30:00+00:00,102082.76,102239.58,101980.02,102235.6,155.01841
2025-01-07 00:00:00+00:00,102235.6,102423.57,101950.0,102380.85,354.36739
2025-01-07 00:30:00+00:00,102380.85,102724.38,101969.8,102042.46,626.00339
2025-01-07 01:00:00+00:00,102042.47,102071.9,101684.95,101685.27,302.34138
2025-01-07 01:30:00+00:00,101685.27,102026.6,101685.26,101915.66,255.96451
2025-01-07 02:00:00+00:00,101915.66,102018.98,101848.49,101848.49,178.99443
2025-01-07 02:30:00+00:00,101848.5,101876.27,101651.67,101677.66,213.41479
2025-01-07 03:00:00+00:00,101677.66,101818.19,101637.0,101655.51,223.46229
2025-01-07 03:30:00+00:00,101655.51,101798.42,101512.91,101708.08,202.8672
2025-01-07 04:00:00+00:00,101708.09,101878.79,101708.08,101878.78,140.98608
2025-01-07 04:30:00+00:00,101878.79,101925.77,101667.01,101667.02,148.11348
2025-01-07 05:00:00+00:00,101667.02,101786.07,101582.79,101718.53,176.67218
2025-01-07 05:30:00+00:00,101718.53,101749.15,101629.06,101743.47,164.91611
2025-01-07 06:00:00+00:00,101743.47,101894.47,101648.56,101832.89,168.83422
2025-01-07 06:30:00+00:00,101832.9,101858.2,101780.2,101820.53,167.168
2025-01-07 07:00:00+00:00,101820.53,102015.01,101771.65,101773.95,185.10868
2025-01-07 07:30:00+00:00,101773.94,101801.6,101640.47,101664.81,340.96924
2025-01-07 08:00:00+00:00,101664.81,101812.29,101618.04,101789.6,248.52967
2025-01-07 08:30:00+00:00,101789.61,101995.64,101783.13,101905.08,207.09207
2025-01-07 09:00:00+00:00,101905.08,101914.11,101736.29,101765.07,167.64352
2025-01-07 09:30:00+00:00,101765.06,101769.93,101632.06,101723.19,322.75921
2025-01-07 10:00:00+00:00,101723.18,101723.19,101379.45,101529.89,502.54666
2025-01-07 10:30:00+00:00,101529.88,101573.94,101391.17,101406.78,213.82231
2025-01-07 11:00:00+00:00,101406.78,101453.0,101300.0,101364.55,313.40411
2025-01-07 11:30:00+00:00,101364.54,101364.55,100472.45,100830.86,1259.07777
2025-01-07 12:00:00+00:00,100830.86,100956.99,100628.43,100635.12,439.8898
2025-01-07 12:30:00+00:00,100635.12,100919.23,100633.61,100750.89,285.20485
2025-01-07 13:00:00+00:00,100750.88,100944.26,100672.53,100939.29,360.4936
2025-01-07 13:30:00+00:00,100939.28,100960.06,100615.63,100636.8,383.55269
2025-01-07 14:00:00+00:00,100636.8,100862.91,100508.19,100759.69,334.37484
2025-01-07 14:30:00+00:00,100759.68,100849.99,99732.0,99979.69,2156.38235
2025-01-07 15:00:00+00:00,99979.69,100142.99,98113.8,98457.16,5165.7219
2025-01-07 15:30:00+00:00,98457.16,98546.55,97153.5,97952.26,3526.40742
2025-01-07 16:00:00+00:00,97952.26,98132.0,97586.41,98013.38,1484.53305
2025-01-07 16:30:00+00:00,98013.37,98347.81,97727.62,97733.58,918.25025
2025-01-07 17:00:00+00:00,97733.58,97806.03,97225.0,97320.81,857.75888
2025-01-07 17:30:00+00:00,97320.8,97571.15,96577.0,97277.31,1527.14586
2025-01-07 18:00:00+00:00,97277.32,97541.6,97013.5,97061.84,718.45776
2025-01-07 18:30:00+00:00,97061.84,97127.75,96600.0,96750.86,832.70093
2025-01-07 19:00:00+00:00,96750.86,97200.01,96708.77,96862.16,596.82761
2025-01-07 19:30:00+00:00,96862.16,96866.81,96323.67,96451.98,885.24271
2025-01-07 20:00:00+00:00,96451.99,96715.18,96181.81,96272.74,791.8398
2025-01-07 20:30:00+00:00,96272.74,96870.52,96191.53,96533.35,1028.63053
2025-01-07 21:00:00+00:00,96533.34,97028.08,96509.21,96920.01,578.61516
2025-01-07 21:30:00+00:00,96920.01,97094.19,96400.0,96501.22,583.33492
2025-01-07 22:00:00+00:00,96501.23,97000.0,96412.0,96921.0,382.10582
2025-01-07 22:30:00+00:00,96921.0,97220.76,96842.03,97164.0,326.60389
2025-01-07 23:00:00+00:00,97163.99,97169.65,96800.8,97066.89,444.40547
2025-01-07 23:30:00+00:00,97066.9,97167.43,96857.64,96954.61,366.33659
2025-01-08 00:00:00+00:00,96954.6,97127.97,96707.77,96928.42,380.76039
2025-01-08 00:30:00+00:00,96928.42,97268.65,96770.95,97268.49,437.06211
2025-01-08 01:00:00+00:00,97268.49,97268.5,96892.31,96978.44,273.3906
2025-01-08 01:30:00+00:00,96978.44,97090.91,96608.14,96907.15,477.65644
2025-01-08 02:00:00+00:00,96907.16,97181.82,96778.57,96979.6,417.77393
2025-01-08 02:30:00+00:00,96979.59,97176.11,96878.14,96878.14,259.49043
2025-01-08 03:00:00+00:00,96878.14,96878.14,96443.88,96612.25,648.80298
2025-01-08 03:30:00+00:00,96612.26,96800.0,96216.83,96525.2,608.91579
2025-01-08 04:00:00+00:00,96525.2,96634.58,96200.4,96500.01,558.58291
2025-01-08 04:30:00+00:00,96500.01,96510.17,96057.48,96274.81,546.5298
2025-01-08 05:00:00+00:00,96274.8,96631.85,96102.94,96620.89,432.27921
2025-01-08 05:30:00+00:00,96620.9,96654.61,96375.76,96492.01,273.58145
2025-01-08 06:00:00+00:00,96492.01,96636.37,96204.9,96204.91,320.50554
2025-01-08 06:30:00+00:00,96204.91,96206.93,95259.3,95284.31,1550.28335
2025-01-08 07:00:00+00:00,95284.31,95706.58,95250.76,95481.5,712.35596
2025-01-08 07:30:00+00:00,95481.5,95815.52,95374.37,95657.09,614.15391
2025-01-08 08:00:00+00:00,95657.09,95976.77,95528.56,95838.06,542.18602
2025-01-08 08:30:00+00:00,95838.07,96132.47,95803.47,95945.99,375.4129
2025-01-08 09:00:00+00:00,95946.0,96098.1,95906.63,95912.72,273.18332
2025-01-08 09:30:00+00:00,95912.72,95919.46,95412.0,95432.82,340.04072
2025-01-08 10:00:00+00:00,95432.83,95879.94,95432.43,95862.26,371.22073
2025-01-08 10:30:00+00:00,95862.27,96000.0,95687.24,95961.02,342.38068
2025-01-08 11:00:00+00:00,95961.03,96052.0,95508.0,95555.3,297.06187
2025-01-08 11:30:00+00:00,95555.31,95587.39,94543.86,95134.92,1538.57807
2025-01-08 12:00:00+00:00,95134.92,95376.56,94944.0,95117.81,541.77566
2025-01-08 12:30:00+00:00,95117.56,95347.38,94852.23,94888.01,506.58535
2025-01-08 13:00:00+00:00,94888.01,95679.69,94888.0,95561.77,754.56393
2025-01-08 13:30:00+00:00,95561.76,95659.98,95147.43,95384.0,523.22293
2025-01-08 14:00:00+00:00,95384.01,95685.18,95202.77,95439.08,636.56238
2025-01-08 14:30:00+00:00,95439.07,95865.71,94888.88,95288.01,1494.96461
2025-01-08 15:00:00+00:00,95288.0,96079.32,94710.0,94797.37,1781.63338
2025-01-08 15:30:00+00:00,94797.38,95523.02,94624.43,95493.77,1284.80339
2025-01-08 16:00:00+00:00,95493.77,95555.25,94852.94,94886.24,724.16957
2025-01-08 16:30:00+00:00,94886.23,95149.61,94556.21,94787.87,821.01631
2025-01-08 17:00:00+00:00,94787.87,94847.99,92899.02,93016.38,2985.42755
2025-01-08 17:30:00+00:00,93016.38,94132.94,92500.9,94030.82,2310.57381
2025-01-08 18:00:00+00:00,94030.81,95106.33,93977.0,94921.4,1243.78532
2025-01-08 18:30:00+00:00,94921.4,94933.04,93753.99,94242.61,847.13912
2025-01-08 19:00:00+00:00,94242.62,94859.54,94059.33,94752.0,806.99858
2025-01-08 19:30:00+00:00,94752.0,94752.0,94053.82,94243.89,524.27256
2025-01-08 20:00:00+00:00,94243.89,94404.0,93755.48,94012.5,607.95094
2025-01-08 20:30:00+00:00,94012.49,94277.38,93868.92,93980.0,442.47617
2025-01-08 21:00:00+00:00,93982.01,94317.04,93600.0,94180.46,485.78164
2025-01-08 21:30:00+00:00,94180.46,94596.0,94107.8,94468.97,467.82606
2025-01-08 22:00:00+00:00,94468.97,94939.4,94460.86,94785.75,369.61562
2025-01-08 22:30:00+00:00,94785.75,95290.99,94723.68,95290.93,374.03184
2025-01-08 23:00:00+00:00,95290.93,95310.94,94950.0,95028.47,307.94653
2025-01-08 23:30:00+00:00,95028.47,95239.99,94900.0,95060.61,269.36658
2025-01-09 00:00:00+00:00,95060.61,95077.09,94809.07,94880.0,242.04061
2025-01-09 00:30:00+00:00,94880.0,95150.0,94823.52,95135.3,310.12158
2025-01-09 01:00:00+00:00,95135.3,95382.32,94973.78,95261.84,344.20049
2025-01-09 01:30:00+00:00,95261.83,95261.84,94966.66,94983.82,252.56129
2025-01-09 02:00:00+00:00,94983.82,95030.31,93422.89,94484.36,2588.41838
2025-01-09 02:30:00+00:00,94484.36,94878.52,94263.15,94776.99,630.79837
2025-01-09 03:00:00+00:00,94777.0,94800.69,94256.44,94356.5,703.32603
2025-01-09 03:30:00+00:00,94356.5,94366.99,94017.93,94027.9,348.21833
2025-01-09 04:00:00+00:00,94027.91,94198.36,93796.99,94170.93,429.97156
2025-01-09 04:30:00+00:00,94170.93,94487.74,94129.99,94424.24,256.17649
2025-01-09 05:00:00+00:00,94424.24,94537.98,94280.65,94492.01,203.97826
2025-01-09 05:30:00+00:00,94492.01,94566.64,94371.06,94472.58,143.95538
2025-01-09 06:00:00+00:00,94472.59,94618.63,94277.16,94393.13,271.29657
2025-01-09 06:30:00+00:00,94393.14,94438.94,94048.07,94095.03,244.34564
2025-01-09 07:00:00+00:00,94095.04,94299.22,93741.26,93741.26,407.77108
2025-01-09 07:30:00+00:00,93741.26,93800.0,93186.38,93221.59,866.82516
2025-01-09 08:00:00+00:00,93221.59,93312.44,92800.0,92990.0,1060.27223
2025-01-09 08:30:00+00:00,92990.01,93400.98,92750.0,93030.87,836.91663
2025-01-09 09:00:00+00:00,93030.88,93597.3,92970.96,93490.7,520.85498
2025-01-09 09:30:00+00:00,93490.69,93787.75,93432.5,93516.62,491.24827
2025-01-09 10:00:00+00:00,93516.63,93660.0,93202.6,93300.76,435.56417
2025-01-09 10:30:00+00:00,93300.76,93470.0,93016.55,93462.43,522.73444
2025-01-09 11:00:00+00:00,93462.43,93877.46,93312.52,93720.01,344.21667
2025-01-09 11:30:00+00:00,93720.01,93764.83,93224.0,93465.23,362.57923
2025-01-09 12:00:00+00:00,93465.23,93696.97,93284.45,93620.0,316.72417
2025-01-09 12:30:00+00:00,93620.01,93679.58,93155.25,93421.94,393.65751
2025-01-09 13:00:00+00:00,93421.94,93486.19,92684.02,92872.01,821.21729
2025-01-09 13:30:00+00:00,92872.02,92918.83,91900.12,91986.42,2653.21831
2025-01-09 14:00:00+00:00,91986.41,92741.15,91800.0,92440.96,1499.40707
2025-01-09 14:30:00+00:00,92440.95,92900.0,92099.47,92863.8,863.65261
2025-01-09 15:00:00+00:00,92863.81,93556.59,92671.67,93540.53,975.4351
2025-01-09 15:30:00+00:00,93540.52,94588.23,93452.0,94244.02,1585.03857
2025-01-09 16:00:00+00:00,94244.02,94685.25,93905.18,94027.11,1004.38885
2025-01-09 16:30:00+00:00,94027.1,94399.99,93846.15,94250.95,592.67884
2025-01-09 17:00:00+00:00,94250.96,94293.96,93649.41,93802.25,494.95232
2025-01-09 17:30:00+00:00,93802.25,93842.39,92325.0,92693.11,1433.02892
2025-01-09 18:00:00+00:00,92693.11,92939.32,92403.77,92756.01,882.27608
2025-01-09 18:30:00+00:00,92756.01,93239.51,92615.38,93020.11,558.14169
2025-01-09 19:00:00+00:00,93020.1,93291.96,92752.38,92842.5,403.56472
2025-01-09 19:30:00+00:00,92842.5,93035.4,91900.01,91909.59,1255.63256
2025-01-09 20:00:00+00:00,91909.59,92371.32,91203.67,91291.69,2026.0501
2025-01-09 20:30:00+00:00,91291.69,92200.0,91220.5,91903.22,922.04961
2025-01-09 21:00:00+00:00,91903.21,92497.66,91781.09,92277.94,701.68719
2025-01-09 21:30:00+00:00,92277.93,92350.0,91921.28,92108.84,412.11335
2025-01-09 22:00:00+00:00,92108.84,92287.63,91624.0,92185.92,590.36474
2025-01-09 22:30:00+00:00,92186.66,92720.67,92186.66,92456.32,536.517
2025-01-09 23:00:00+00:00,92456.32,92689.38,92185.49,92227.36,428.72355
2025-01-09 23:30:00+00:00,92227.36,92562.47,92034.55,92552.49,375.92486
2025-01-10 00:00:00+00:00,92552.49,92766.64,92431.73,92567.0,520.16348
2025-01-10 00:30:00+00:00,92567.01,92850.0,92457.65,92775.84,245.44314
2025-01-10 01:00:00+00:00,92775.85,92916.66,92590.33,92789.78,303.98427
2025-01-10 01:30:00+00:00,92789.78,93159.16,92763.55,93102.52,342.52047
2025-01-10 02:00:00+00:00,93102.52,93548.76,93033.5,93515.41,352.68881
2025-01-10 02:30:00+00:00,93515.41,93726.87,93252.6,93364.36,557.36915
2025-01-10 03:00:00+00:00,93364.36,93588.0,93312.58,93554.99,300.86377
2025-01-10 03:30:00+00:00,93555.0,93727.83,93429.68,93696.13,305.00757
2025-01-10 04:00:00+00:00,93696.13,93908.85,93529.59,93567.69,320.87693
2025-01-10 04:30:00+00:00,93567.7,93845.83,93500.0,93837.69,218.86256
2025-01-10 05:00:00+00:00,93837.69,93895.62,93642.85,93808.0,281.4501
2025-01-10 05:30:00+00:00,93808.0,94250.07,93808.0,93956.83,522.20223
2025-01-10 06:00:00+00:00,93956.83,94141.91,93880.65,93946.06,380.80568
2025-01-10 06:30:00+00:00,93946.06,94319.0,93733.83,94252.83,503.01976
2025-01-10 07:00:00+00:00,94252.83,94366.49,94070.0,94356.71,261.85986
2025-01-10 07:30:00+00:00,94356.72,95000.0,94272.0,94492.63,1113.20666
2025-01-10 08:00:00+00:00,94492.62,94766.12,94388.5,94692.73,396.75721
2025-01-10 08:30:00+00:00,94692.73,94735.96,94468.76,94680.01,390.16923
2025-01-10 09:00:00+00:00,94680.0,94958.64,94582.03,94941.24,336.13575
2025-01-10 09:30:00+00:00,94941.24,95000.55,94771.45,94793.08,414.58732
2025-01-10 10:00:00+00:00,94793.07,94981.53,94781.25,94788.99,254.30361
2025-01-10 10:30:00+00:00,94788.99,95293.4,94757.57,95215.73,345.03322
2025-01-10 11:00:00+00:00,95215.73,95267.16,94802.34,94804.45,324.38104
2025-01-10 11:30:00+00:00,94803.89,95083.46,94600.49,95073.95,385.19995
2025-01-10 12:00:00+00:00,95073.95,95117.26,94737.19,94776.87,373.10314
2025-01-10 12:30:00+00:00,94776.87,95063.67,94702.49,95023.44,212.57875
2025-01-10 13:00:00+00:00,95023.44,95046.0,94733.49,94818.18,300.06863
2025-01-10 13:30:00+00:00,94818.18,94834.77,92715.85,93557.23,4136.53868
2025-01-10 14:00:00+00:00,93557.23,94680.76,93379.93,94409.6,1285.52447
2025-01-10 14:30:00+00:00,94409.59,94568.0,93570.0,94115.63,1752.06263
2025-01-10 15:00:00+00:00,94115.62,94115.62,92206.02,93269.55,2546.98658
2025-01-10 15:30:00+00:00,93269.55,94524.0,93035.04,93730.92,1401.24613
2025-01-10 16:00:00+00:00,93730.93,94014.21,93344.7,93424.25,1098.83801
2025-01-10 16:30:00+00:00,93424.25,94062.94,93177.4,93645.05,1068.10409
2025-01-10 17:00:00+00:00,93645.06,94363.64,93318.07,94363.64,886.91659
2025-01-10 17:30:00+00:00,94363.63,95836.0,94045.45,95793.05,1728.7688
2025-01-10 18:00:00+00:00,95793.04,95793.04,94832.0,94962.27,1264.01534
2025-01-10 18:30:00+00:00,94962.28,95135.5,94581.87,94861.62,725.45431
2025-01-10 19:00:00+00:00,94861.62,95188.06,94373.85,94984.52,641.42476
2025-01-10 19:30:00+00:00,94984.52,95386.74,94942.75,95327.06,547.06949
2025-01-10 20:00:00+00:00,95327.07,95442.15,94790.97,94925.58,490.33651
2025-01-10 20:30:00+00:00,94924.84,94985.63,94586.02,94672.05,560.40549
2025-01-10 21:00:00+00:00,94669.06,94917.6,94603.72,94872.0,276.21406
2025-01-10 21:30:00+00:00,94871.99,94923.05,94613.25,94613.26,167.54742
2025-01-10 22:00:00+00:00,94613.26,94818.19,94586.03,94803.53,158.24729
2025-01-10 22:30:00+00:00,94803.54,94955.54,94600.13,94767.7,184.47543
2025-01-10 23:00:00+00:00,94767.69,94894.81,94657.39,94876.21,157.45811
2025-01-10 23:30:00+00:00,94876.21,94890.12,94695.86,94726.11,142.58776
2025-01-11 00:00:00+00:00,94726.1,94746.37,94360.65,94496.8,231.88996
2025-01-11 00:30:00+00:00,94496.81,94616.0,94379.19,94600.69,128.27337
2025-01-11 01:00:00+00:00,94600.7,94696.97,94516.26,94526.42,136.06097
2025-01-11 01:30:00+00:00,94526.43,94575.76,94214.38,94424.26,199.73028
2025-01-11 02:00:00+00:00,94424.26,94495.9,94212.0,94275.48,174.02699
2025-01-11 02:30:00+00:00,94275.47,94483.18,94180.0,94424.24,130.37958
2025-01-11 03:00:00+00:00,94424.24,94429.84,94106.49,94161.94,156.7938
2025-01-11 03:30:00+00:00,94161.95,94272.73,94126.35,94206.95,118.67876
2025-01-11 04:00:00+00:00,94206.96,94316.09,94071.21,94071.21,133.18473
2025-01-11 04:30:00+00:00,94071.22,94097.4,93831.73,94063.29,276.21985
2025-01-11 05:00:00+00:00,94063.29,94212.1,94013.51,94189.66,114.40787
2025-01-11 05:30:00+00:00,94189.65,94381.08,94151.51,94366.69,120.73318
2025-01-11 06:00:00+00:00,94366.7,94441.87,94322.4,94406.52,80.62905
2025-01-11 06:30:00+00:00,94406.52,94419.5,94216.25,94216.25,69.97234
2025-01-11 07:00:00+00:00,94216.26,94333.34,94169.74,94187.88,97.97204
2025-01-11 07:30:00+00:00,94187.87,94275.02,94151.51,94246.36,96.4406
2025-01-11 08:00:00+00:00,94246.36,94408.34,94202.0,94357.86,91.52141
2025-01-11 08:30:00+00:00,94357.86,94361.94,94031.22,94074.79,135.40357
2025-01-11 09:00:00+00:00,94074.8,94231.57,94044.82,94231.56,88.92816
2025-01-11 09:30:00+00:00,94231.57,94329.8,94217.68,94329.45,108.72498
2025-01-11 10:00:00+00:00,94329.46,94415.99,94320.05,94362.35,120.08037
2025-01-11 10:30:00+00:00,94362.35,94528.27,94300.01,94488.86,151.25689
2025-01-11 11:00:00+00:00,94488.87,94660.97,94455.04,94597.02,165.49527
2025-01-11 11:30:00+00:00,94597.03,94791.67,94580.51,94625.65,148.28074
2025-01-11 12:00:00+00:00,94625.66,94655.2,94528.01,94601.26,101.67334
2025-01-11 12:30:00+00:00,94601.26,94631.06,94545.21,94550.01,92.97677
2025-01-11 13:00:00+00:00,94550.0,94606.11,94364.93,94451.02,140.50266
2025-01-11 13:30:00+00:00,94451.02,94475.39,94342.63,94400.01,92.9412
2025-01-11 14:00:00+00:00,94400.01,94460.44,94307.25,94389.25,96.45533
2025-01-11 14:30:00+00:00,94389.26,94638.44,94389.25,94620.0,182.12542
2025-01-11 15:00:00+00:00,94620.0,94647.05,94410.25,94451.9,107.68474
2025-01-11 15:30:00+00:00,94451.89,94487.41,94377.57,94410.26,77.42015
2025-01-11 16:00:00+00:00,94410.26,94499.12,94312.56,94432.54,123.91825
2025-01-11 16:30:00+00:00,94432.54,94708.12,94432.53,94448.14,154.55139
2025-01-11 17:00:00+00:00,94448.14,94448.14,93984.55,94112.85,324.83804
2025-01-11 17:30:00+00:00,94112.85,94243.9,94048.96,94151.52,97.17261
2025-01-11 18:00:00+00:00,94151.51,94306.62,94121.0,94289.09,102.04038
2025-01-11 18:30:00+00:00,94289.08,94298.95,94159.99,94275.79,69.46548
2025-01-11 19:00:00+00:00,94275.79,94327.4,94198.25,94246.6,55.90659
2025-01-11 19:30:00+00:00,94246.6,94257.22,94084.64,94249.26,88.45654
2025-01-11 20:00:00+00:00,94249.27,94483.04,94200.89,94483.04,96.33268
2025-01-11 20:30:00+00:00,94483.04,94668.31,94381.92,94586.11,185.76723
2025-01-11 21:00:00+00:00,94586.12,94877.99,94575.75,94808.93,345.72959
2025-01-11 21:30:00+00:00,94808.93,95050.94,94658.18,94940.76,472.32804
2025-01-11 22:00:00+00:00,94940.75,95005.0,94724.05,94724.06,320.31149
2025-01-11 22:30:00+00:00,94724.06,94799.4,94561.0,94593.8,212.3844
2025-01-11 23:00:00+00:00,94593.8,94705.0,94567.41,94677.45,107.82722
2025-01-11 23:30:00+00:00,94677.45,94753.37,94541.66,94599.99,124.01
2025-01-12 00:00:00+00:00,94599.99,94655.22,94500.56,94516.58,151.56299
2025-01-12 00:30:00+00:00,94516.57,94575.76,94422.13,94452.07,169.19285
2025-01-12 01:00:00+00:00,94452.08,94485.26,94296.99,94350.17,149.7023
2025-01-12 01:30:00+00:00,94350.18,94589.46,94350.17,94580.0,150.97065
2025-01-12 02:00:00+00:00,94580.0,94584.79,94480.58,94545.45,75.10246
2025-01-12 02:30:00+00:00,94545.45,94670.0,94510.49,94625.25,77.0495
2025-01-12 03:00:00+00:00,94625.25,94699.0,94432.65,94453.67,107.30049
2025-01-12 03:30:00+00:00,94453.67,94622.4,94418.56,94622.4,103.60415
2025-01-12 04:00:00+00:00,94622.4,94650.0,94575.75,94632.42,64.37659
2025-01-12 04:30:00+00:00,94632.43,94641.11,94500.0,94587.99,67.89607
2025-01-12 05:00:00+00:00,94587.99,94627.8,94550.0,94592.54,42.31138
2025-01-12 05:30:00+00:00,94592.54,94600.42,94500.0,94571.43,50.22739
2025-01-12 06:00:00+00:00,94571.43,94616.0,94472.0,94488.73,90.10454
2025-01-12 06:30:00+00:00,94488.74,94521.49,94357.14,94381.78,73.39928
2025-01-12 07:00:00+00:00,94381.78,94441.42,94274.01,94392.2,98.41158
2025-01-12 07:30:00+00:00,94392.2,94439.94,94290.66,94323.85,68.44993
2025-01-12 08:00:00+00:00,94323.85,94393.57,94323.84,94342.44,55.59298
2025-01-12 08:30:00+00:00,94342.43,94342.44,94109.0,94170.01,200.31766
2025-01-12 09:00:00+00:00,94170.01,94222.41,94000.0,94000.01,249.65035
2025-01-12 09:30:00+00:00,94000.01,94029.43,93711.19,93906.22,292.0717
2025-01-12 10:00:00+00:00,93906.21,94056.04,93842.07,93935.63,287.63394
2025-01-12 10:30:00+00:00,93935.63,94040.14,93836.51,94015.16,150.50655
2025-01-12 11:00:00+00:00,94015.17,94325.03,94015.16,94285.96,188.84701
2025-01-12 11:30:00+00:00,94285.95,94348.64,94255.1,94255.1,117.70069
2025-01-12 12:00:00+00:00,94255.1,94600.0,94173.48,94442.03,277.16765
2025-01-12 12:30:00+00:00,94442.03,94475.07,94328.2,94328.2,136.92937
2025-01-12 13:00:00+00:00,94328.21,94721.29,94303.03,94648.28,319.16436
2025-01-12 13:30:00+00:00,94648.29,94730.04,94533.33,94663.78,283.14104
2025-01-12 14:00:00+00:00,94663.77,94980.21,94663.77,94824.54,243.44801
2025-01-12 14:30:00+00:00,94824.53,94994.49,94771.61,94811.0,200.73453
2025-01-12 15:00:00+00:00,94811.0,95450.1,94675.54,95267.2,485.33738
2025-01-12 15:30:00+00:00,95267.19,95309.39,94974.91,95071.9,182.21508
2025-01-12 16:00:00+00:00,95071.91,95131.05,94791.43,94882.0,165.3618
2025-01-12 16:30:00+00:00,94882.01,95063.89,94882.01,95046.76,104.5567
2025-01-12 17:00:00+00:00,95046.76,95206.07,95021.8,95089.55,139.55088
2025-01-12 17:30:00+00:00,95089.55,95271.56,94984.36,95139.45,181.43494
2025-01-12 18:00:00+00:00,95139.46,95314.12,95090.9,95102.8,115.2264
2025-01-12 18:30:00+00:00,95102.8,95107.7,94916.0,94992.64,106.97634
2025-01-12 19:00:00+00:00,94992.65,95055.93,94666.0,94708.48,371.84451
2025-01-12 19:30:00+00:00,94708.48,94805.08,94578.54,94650.26,136.64232
2025-01-12 20:00:00+00:00,94650.26,94800.0,94639.22,94772.31,88.44525
2025-01-12 20:30:00+00:00,94772.32,94777.43,94612.0,94687.69,95.11001
2025-01-12 21:00:00+00:00,94687.69,94727.28,94387.73,94609.1,166.89166
2025-01-12 21:30:00+00:00,94609.09,94647.99,94302.9,94352.7,169.31905
2025-01-12 22:00:00+00:00,94352.7,94362.92,93850.01,93916.09,441.89133
2025-01-12 22:30:00+00:00,93916.09,94163.15,93800.0,93962.91,389.16078
2025-01-12 23:00:00+00:00,93962.91,94291.57,93946.96,94287.16,555.97986
2025-01-12 23:30:00+00:00,94287.16,94563.82,94287.16,94545.06,168.35394
2025-01-13 00:00:00+00:00,94545.07,95592.11,94463.32,95261.67,510.00523
2025-01-13 00:30:00+00:00,95261.67,95940.0,95226.12,95325.43,749.97937
2025-01-13 01:00:00+00:00,95325.43,95400.0,94821.17,95176.41,439.4108
2025-01-13 01:30:00+00:00,95176.41,95243.14,94081.38,94218.01,561.09952
2025-01-13 02:00:00+00:00,94218.01,94500.0,94094.04,94326.54,300.46049
2025-01-13 02:30:00+00:00,94326.53,94350.0,93899.99,94217.43,322.52546
2025-01-13 03:00:00+00:00,94217.43,94408.17,94011.31,94300.02,219.18803
2025-01-13 03:30:00+00:00,94300.02,94384.55,93972.54,94269.23,383.88873
2025-01-13 04:00:00+00:00,94269.23,94880.0,94202.76,94807.18,308.48302
2025-01-13 04:30:00+00:00,94807.18,94913.03,94434.05,94503.34,196.62458
2025-01-13 05:00:00+00:00,94503.34,94543.28,94200.0,94249.27,165.83012
2025-01-13 05:30:00+00:00,94249.27,94275.95,94045.45,94181.37,249.814
2025-01-13 06:00:00+00:00,94181.37,94327.35,94072.06,94114.0,213.05071
2025-01-13 06:30:00+00:00,94114.0,94123.81,93281.0,93637.37,858.53796
2025-01-13 07:00:00+00:00,93637.38,93789.91,93469.2,93702.23,372.06622
2025-01-13 07:30:00+00:00,93702.23,93947.3,93536.09,93590.24,287.43199
2025-01-13 08:00:00+00:00,93590.24,93661.55,92904.35,93237.25,614.99231
2025-01-13 08:30:00+00:00,93237.24,93336.26,92950.01,93039.1,491.32167
2025-01-13 09:00:00+00:00,93039.11,93195.99,92762.0,92813.86,628.61187
2025-01-13 09:30:00+00:00,92813.86,93185.34,92644.11,92846.79,679.70388
2025-01-13 10:00:00+00:00,92846.79,92889.06,91889.78,92006.73,1624.93349
2025-01-13 10:30:00+00:00,92006.73,92006.73,91372.17,91644.96,1836.64583
2025-01-13 11:00:00+00:00,91644.96,91776.04,91305.35,91462.93,1447.30351
2025-01-13 11:30:00+00:00,91462.92,91532.59,90833.12,90851.22,2747.13179
2025-01-13 12:00:00+00:00,90851.23,91350.0,90555.0,90849.15,1953.15088
2025-01-13 12:30:00+00:00,90849.16,91017.41,90300.0,90732.0,1894.4139
2025-01-13 13:00:00+00:00,90732.0,91780.0,90583.24,91409.96,1758.2809
2025-01-13 13:30:00+00:00,91409.96,91529.41,91000.0,91131.41,877.32752
2025-01-13 14:00:00+00:00,91131.41,91155.46,90651.13,90947.74,1083.20174
2025-01-13 14:30:00+00:00,90947.73,92300.0,89256.69,91833.03,5208.73766
2025-01-13 15:00:00+00:00,91833.03,93100.0,91570.0,92215.11,1971.50501
2025-01-13 15:30:00+00:00,92215.11,92720.0,91933.49,92123.75,1022.20958
2025-01-13 16:00:00+00:00,92123.75,92289.07,91450.62,91693.49,1085.15526
2025-01-13 16:30:00+00:00,91693.49,92189.04,91250.0,91343.2,882.31564
2025-01-13 17:00:00+00:00,91343.21,92133.6,91250.0,92027.84,756.35098
2025-01-13 17:30:00+00:00,92027.84,92300.0,91581.19,91983.96,536.48696
2025-01-13 18:00:00+00:00,91983.96,92405.39,91593.85,91717.09,579.89483
2025-01-13 18:30:00+00:00,91717.09,92244.17,91717.09,92077.65,566.3532
2025-01-13 19:00:00+00:00,92077.65,92332.0,91600.0,92172.0,588.28182
2025-01-13 19:30:00+00:00,92172.0,92534.1,92007.6,92312.18,602.28828
2025-01-13 20:00:00+00:00,92312.18,92394.95,91908.2,92129.32,430.54353
2025-01-13 20:30:00+00:00,92129.33,93783.12,92105.89,93575.53,1332.71957
2025-01-13 21:00:00+00:00,93575.53,93938.37,93401.84,93855.98,871.08055
2025-01-13 21:30:00+00:00,93855.98,94472.0,93738.75,94193.49,891.65034
2025-01-13 22:00:00+00:00,94193.49,94727.15,94152.0,94555.61,615.13103
2025-01-13 22:30:00+00:00,94555.61,94593.92,94200.0,94399.98,303.68815
2025-01-13 23:00:00+00:00,94399.99,94486.63,94164.77,94265.55,270.57011
2025-01-13 23:30:00+00:00,94265.54,94612.7,94244.88,94536.1,329.18621
2025-01-14 00:00:00+00:00,94536.11,94880.0,94369.15,94584.48,607.56331
2025-01-14 00:30:00+00:00,94584.48,94638.04,94346.22,94470.77,482.23299
2025-01-14 01:00:00+00:00,94470.76,95041.17,94462.59,94928.5,498.58347
2025-01-14 01:30:00+00:00,94928.51,94991.6,94588.51,94834.5,295.35071
2025-01-14 02:00:00+00:00,94834.5,95280.8,94749.57,95209.98,538.60788
2025-01-14 02:30:00+00:00,95209.99,95222.0,94865.38,94882.65,322.54569
2025-01-14 03:00:00+00:00,94882.65,95112.61,94828.46,95038.78,301.65281
2025-01-14 03:30:00+00:00,95038.78,95093.75,94842.1,94861.4,256.74692
2025-01-14 04:00:00+00:00,94861.39,95149.32,94861.39,94938.32,332.04178
2025-01-14 04:30:00+00:00,94938.33,95122.0,94830.25,95119.19,220.58035
2025-01-14 05:00:00+00:00,95119.18,95464.71,95105.8,95171.79,462.42554
2025-01-14 05:30:00+00:00,95171.8,95233.3,94861.39,94916.08,218.21142
2025-01-14 06:00:00+00:00,94916.08,94990.51,94757.3,94823.11,270.20575
2025-01-14 06:30:00+00:00,94823.11,95031.94,94753.42,95031.94,258.63325
2025-01-14 07:00:00+00:00,95031.93,95168.6,94962.47,95030.83,369.9614
2025-01-14 07:30:00+00:00,95030.84,95100.0,94838.56,94864.0,226.70071
2025-01-14 08:00:00+00:00,94863.99,95750.0,94860.11,95350.99,859.33937
2025-01-14 08:30:00+00:00,95350.99,95819.7,95247.81,95488.5,695.92935
2025-01-14 09:00:00+00:00,95488.51,96475.44,95469.51,96407.72,1297.31777
2025-01-14 09:30:00+00:00,96407.72,97371.0,96265.4,97159.44,1422.72839
2025-01-14 10:00:00+00:00,97159.43,97194.26,96644.51,96753.68,860.69977
2025-01-14 10:30:00+00:00,96753.68,96814.13,96579.31,96697.08,533.79984
2025-01-14 11:00:00+00:00,96686.09,96687.15,96336.92,96462.8,445.50552
2025-01-14 11:30:00+00:00,96462.8,96680.0,96382.0,96548.04,380.5071
2025-01-14 12:00:00+00:00,96548.04,96700.0,95972.58,96168.88,1007.80945
2025-01-14 12:30:00+00:00,96168.88,96320.97,95988.0,95988.0,362.13629
2025-01-14 13:00:00+00:00,95988.01,96110.0,95748.93,95898.65,503.53642
2025-01-14 13:30:00+00:00,95898.66,97263.02,95898.65,96336.0,2040.5204
2025-01-14 14:00:00+00:00,96336.0,96839.99,96029.73,96791.75,621.71189
2025-01-14 14:30:00+00:00,96791.75,97265.48,96140.6,96293.6,1513.93176
2025-01-14 15:00:00+00:00,96293.61,96974.82,96184.02,96494.95,960.90806
2025-01-14 15:30:00+00:00,96494.96,96900.0,96390.0,96471.65,1383.77796
2025-01-14 16:00:00+00:00,96471.65,96471.66,95650.01,95867.98,1352.75274
2025-01-14 16:30:00+00:00,95867.98,95989.5,95351.76,95745.43,866.49458
2025-01-14 17:00:00+00:00,95745.42,96215.86,95584.83,96038.81,592.56805
2025-01-14 17:30:00+00:00,96038.82,96550.46,95708.44,96527.96,457.92459
2025-01-14 18:00:00+00:00,96527.96,96697.48,96290.85,96642.25,559.64221
2025-01-14 18:30:00+00:00,96642.25,96958.97,96561.53,96777.8,436.98984
2025-01-14 19:00:00+00:00,96777.79,97033.76,96619.82,96872.0,439.4294
2025-01-14 19:30:00+00:00,96871.99,97088.57,96466.03,96537.8,428.78113
2025-01-14 20:00:00+00:00,96537.23,96921.13,96152.31,96897.91,498.90694
2025-01-14 20:30:00+00:00,96897.91,96913.79,96355.14,96505.04,532.2052
2025-01-14 21:00:00+00:00,96505.98,96678.18,96450.0,96517.22,336.90135
2025-01-14 21:30:00+00:00,96517.21,96517.21,96315.38,96486.09,224.63979
2025-01-14 22:00:00+00:00,96486.1,96657.78,96450.0,96650.0,145.84132
2025-01-14 22:30:00+00:00,96650.23,96741.95,96535.89,96691.91,164.79156
2025-01-14 23:00:00+00:00,96691.91,96780.02,96512.68,96522.08,135.58843
2025-01-14 23:30:00+00:00,96522.07,96721.68,96500.49,96560.86,120.95708
2025-01-15 00:00:00+00:00,96560.85,97266.36,96500.0,97208.22,520.60957
2025-01-15 00:30:00+00:00,97208.21,97332.52,96766.02,96889.36,478.33045
2025-01-15 01:00:00+00:00,96889.36,97213.95,96789.38,97116.45,326.174
2025-01-15 01:30:00+00:00,97116.45,97554.63,96993.35,97349.62,675.96917
2025-01-15 02:00:00+00:00,97349.61,97464.8,96943.96,96948.84,358.98997
2025-01-15 02:30:00+00:00,96948.85,97062.83,96746.71,96824.06,288.3738
2025-01-15 03:00:00+00:00,96824.06,97225.0,96751.47,96926.65,363.08699
2025-01-15 03:30:00+00:00,96926.65,97324.0,96917.48,97317.12,278.43556
2025-01-15 04:00:00+00:00,97317.12,97724.96,97072.7,97260.96,703.81376
2025-01-15 04:30:00+00:00,97260.96,97374.38,97152.86,97189.71,422.17356
2025-01-15 05:00:00+00:00,97189.71,97242.29,96750.0,96973.31,673.03858
2025-01-15 05:30:00+00:00,96973.31,97077.72,96885.61,97029.97,136.62981
2025-01-15 06:00:00+00:00,97029.97,97100.0,96859.99,96860.0,226.95299
2025-01-15 06:30:00+00:00,96860.0,97147.95,96851.5,97105.48,230.29538
2025-01-15 07:00:00+00:00,97105.48,97566.32,97105.47,97539.57,324.84879
2025-01-15 07:30:00+00:00,97539.57,97600.31,97173.32,97301.35,342.10572
2025-01-15 08:00:00+00:00,97301.35,97487.42,97153.48,97487.42,446.00413
2025-01-15 08:30:00+00:00,97487.42,97524.0,97184.61,97202.26,330.87958
2025-01-15 09:00:00+00:00,97202.27,97366.11,96889.14,96889.15,359.32518
2025-01-15 09:30:00+00:00,96889.14,97054.23,96766.57,96816.47,416.39444
2025-01-15 10:00:00+00:00,96816.47,97100.0,96721.39,97072.01,312.35182
2025-01-15 10:30:00+00:00,97072.01,97136.28,96889.14,96933.59,175.02156
2025-01-15 11:00:00+00:00,96933.59,96942.37,96521.0,96641.12,405.92708
2025-01-15 11:30:00+00:00,96641.11,96781.9,96552.0,96762.18,216.79989
2025-01-15 12:00:00+00:00,96762.19,96795.14,96539.77,96591.96,244.25243
2025-01-15 12:30:00+00:00,96591.97,97194.35,96575.51,96942.93,403.82369
2025-01-15 13:00:00+00:00,96942.92,97333.0,96852.38,97286.61,457.90179
2025-01-15 13:30:00+00:00,97286.6,99073.39,97276.91,98964.0,4391.33228
2025-01-15 14:00:00+00:00,98963.99,99451.0,98613.99,98729.41,1736.58304
2025-01-15 14:30:00+00:00,98729.41,99499.0,98644.78,99434.41,1442.18153
2025-01-15 15:00:00+00:00,99434.8,99799.98,99135.48,99714.21,1906.43305
2025-01-15 15:30:00+00:00,99712.45,99712.45,98964.71,98992.42,996.44316
2025-01-15 16:00:00+00:00,98992.42,99479.53,98992.42,99274.64,752.25544
2025-01-15 16:30:00+00:00,99274.64,99274.64,98888.98,98995.58,655.72724
2025-01-15 17:00:00+00:00,98995.58,99335.91,98976.37,99102.01,514.6128
2025-01-15 17:30:00+00:00,99102.02,99307.69,98602.05,98645.65,576.43153
2025-01-15 18:00:00+00:00,98645.65,99152.67,98645.65,99087.21,324.65477
2025-01-15 18:30:00+00:00,99087.21,99483.87,99000.01,99446.14,476.33904
2025-01-15 19:00:00+00:00,99446.15,99600.0,99297.41,99365.92,691.62793
2025-01-15 19:30:00+00:00,99365.93,99990.0,99347.29,99844.9,1046.17102
2025-01-15 20:00:00+00:00,99844.91,100681.94,99733.49,100179.63,1521.39822
2025-01-15 20:30:00+00:00,100179.62,100200.02,99460.8,99566.4,943.24858
2025-01-15 21:00:00+00:00,99566.34,99876.4,99476.16,99782.7,467.15545
2025-01-15 21:30:00+00:00,99782.71,99838.77,99568.73,99672.0,342.07314
2025-01-15 22:00:00+00:00,99671.99,99701.2,99564.0,99580.03,228.02046
2025-01-15 22:30:00+00:00,99580.02,99838.28,99580.02,99713.46,306.53075
2025-01-15 23:00:00+00:00,99713.45,100161.73,99632.73,100138.26,454.71719
2025-01-15 23:30:00+00:00,100138.25,100510.05,99901.85,100497.35,617.54548
2025-01-16 00:00:00+00:00,100497.35,100866.66,100070.13,100353.38,965.51326
2025-01-16 00:30:00+00:00,100353.39,100427.89,99658.78,99869.26,1078.3729
2025-01-16 01:00:00+00:00,99869.26,100119.71,99814.91,99982.09,568.19087
2025-01-16 01:30:00+00:00,99982.09,100200.0,99867.17,100082.35,412.50184
2025-01-16 02:00:00+00:00,100082.35,100112.0,99724.02,99729.07,335.80137
2025-01-16 02:30:00+00:00,99729.06,99882.95,99471.48,99637.77,536.65845
2025-01-16 03:00:00+00:00,99637.78,99848.0,99513.49,99540.0,334.67876
2025-01-16 03:30:00+00:00,99540.0,99545.45,99170.0,99478.03,533.03604
2025-01-16 04:00:00+00:00,99478.04,99688.75,99478.03,99610.02,269.47388
2025-01-16 04:30:00+00:00,99610.01,99698.7,99554.54,99610.0,193.92591
2025-01-16 05:00:00+00:00,99610.0,99610.0,99355.23,99516.0,221.28039
2025-01-16 05:30:00+00:00,99515.99,99613.99,99372.5,99382.11,183.49939
2025-01-16 06:00:00+00:00,99382.11,99680.46,99322.19,99680.46,234.22291
2025-01-16 06:30:00+00:00,99680.45,99921.86,99680.45,99801.23,465.87715
2025-01-16 07:00:00+00:00,99801.22,99850.0,99650.33,99715.52,205.81666
2025-01-16 07:30:00+00:00,99715.52,99800.0,99665.7,99799.99,197.76209
2025-01-16 08:00:00+00:00,99800.0,99820.0,99410.23,99549.99,323.1733
2025-01-16 08:30:00+00:00,99549.99,99550.0,98617.55,98955.8,1141.89332
2025-01-16 09:00:00+00:00,98955.81,99079.99,98649.41,98947.46,915.85348
2025-01-16 09:30:00+00:00,98947.45,99315.0,98824.19,99152.93,339.47905
2025-01-16 10:00:00+00:00,99152.93,99368.0,99122.07,99345.62,301.48674
2025-01-16 10:30:00+00:00,99345.63,99405.74,99200.01,99214.25,157.73141
2025-01-16 11:00:00+00:00,99214.26,99333.24,98699.99,99064.8,771.5855
2025-01-16 11:30:00+00:00,99064.8,99277.72,98924.63,99158.71,273.29324
2025-01-16 12:00:00+00:00,99158.7,99474.4,98886.95,99210.12,430.77434
2025-01-16 12:30:00+00:00,99210.12,99517.93,99203.1,99392.09,430.04902
2025-01-16 13:00:00+00:00,99392.09,99424.81,98777.87,98830.7,617.73928
2025-01-16 13:30:00+00:00,98830.71,99461.93,98830.7,99084.04,868.03641
2025-01-16 14:00:00+00:00,99084.05,99424.96,98860.44,99345.27,519.58016
2025-01-16 14:30:00+00:00,99345.27,99345.27,97489.74,97618.89,2505.28444
2025-01-16 15:00:00+00:00,97618.88,98436.82,97335.13,98414.57,1650.41929
2025-01-16 15:30:00+00:00,98414.57,99299.0,98041.66,99296.17,931.04708
2025-01-16 16:00:00+00:00,99296.17,99815.27,99079.05,99714.85,1222.39295
2025-01-16 16:30:00+00:00,99714.85,99873.37,99179.1,99346.39,822.83595
2025-01-16 17:00:00+00:00,99346.39,99884.66,99178.3,99868.92,457.11228
2025-01-16 17:30:00+00:00,99868.92,100361.54,99728.0,99838.54,922.55728
2025-01-16 18:00:00+00:00,99838.55,100070.8,99461.52,99495.33,491.29888
2025-01-16 18:30:00+00:00,99495.33,99647.75,99260.45,99584.24,418.3066
2025-01-16 19:00:00+00:00,99584.23,99862.66,99408.0,99772.05,308.98909
2025-01-16 19:30:00+00:00,99772.05,100448.72,99698.71,100417.2,702.22306
2025-01-16 20:00:00+00:00,100417.2,100615.65,100256.85,100615.64,860.51044
2025-01-16 20:30:00+00:00,100615.64,100641.99,100290.6,100343.99,647.18733
2025-01-16 21:00:00+00:00,100344.0,100399.33,99717.6,99880.09,521.43374
2025-01-16 21:30:00+00:00,99880.09,100230.76,99815.16,100156.98,340.48716
2025-01-16 22:00:00+00:00,100156.98,100156.98,99567.82,99596.8,287.20439
2025-01-16 22:30:00+00:00,99596.8,99842.69,99377.0,99838.25,256.37462
2025-01-16 23:00:00+00:00,99838.25,100115.87,99746.0,99891.23,498.32045
2025-01-16 23:30:00+00:00,99891.23,100115.87,99821.19,99987.3,161.58102
2025-01-17 00:00:00+00:00,99987.3,100434.96,99950.77,100156.0,531.72307
2025-01-17 00:30:00+00:00,100155.99,100300.0,100064.85,100120.58,201.76959
2025-01-17 01:00:00+00:00,100120.58,100300.0,100050.0,100215.07,312.68617
2025-01-17 01:30:00+00:00,100215.07,101833.28,100204.83,101659.8,2816.35088
2025-01-17 02:00:00+00:00,101659.8,102148.13,101467.36,101858.15,1353.06118
2025-01-17 02:30:00+00:00,101858.15,101928.64,100780.54,101100.0,916.32186
2025-01-17 03:00:00+00:00,101100.0,101271.74,100943.77,100983.56,399.0732
2025-01-17 03:30:00+00:00,100983.57,101258.17,100982.26,101051.73,360.55819
2025-01-17 04:00:00+00:00,101051.73,101282.76,100952.1,101194.0,393.44195
2025-01-17 04:30:00+00:00,101194.0,101490.78,101030.0,101481.29,292.01442
2025-01-17 05:00:00+00:00,101481.28,101782.02,101404.16,101624.99,452.88319
2025-01-17 05:30:00+00:00,101624.99,101698.85,101301.4,101334.05,452.97365
2025-01-17 06:00:00+00:00,101334.06,101586.96,101334.05,101435.39,210.67958
2025-01-17 06:30:00+00:00,101435.39,101481.58,101302.6,101408.99,203.1971
2025-01-17 07:00:00+00:00,101409.0,101697.99,101408.99,101629.72,326.594
2025-01-17 07:30:00+00:00,101629.72,101899.49,101401.0,101440.5,866.70141
2025-01-17 08:00:00+00:00,101440.51,101900.0,101439.77,101899.99,713.21274
2025-01-17 08:30:00+00:00,101900.0,102220.14,101695.0,102136.01,1251.57577
2025-01-17 09:00:00+00:00,102136.0,102288.0,101992.37,102026.07,730.96906
2025-01-17 09:30:00+00:00,102026.07,102038.53,101743.19,101861.26,446.24901
2025-01-17 10:00:00+00:00,101861.26,102250.0,101794.14,102232.64,671.4089
2025-01-17 10:30:00+00:00,102232.64,102581.45,102173.59,102321.53,878.18054
2025-01-17 11:00:00+00:00,102321.54,102443.5,102082.64,102338.66,398.01555
2025-01-17 11:30:00+00:00,102338.66,102385.49,102211.45,102237.6,290.8716
2025-01-17 12:00:00+00:00,102237.6,102666.0,102195.9,102529.24,455.62207
2025-01-17 12:30:00+00:00,102529.24,102959.66,102374.25,102745.69,912.01807
2025-01-17 13:00:00+00:00,102745.68,102980.0,102513.03,102552.0,533.83065
2025-01-17 13:30:00+00:00,102552.01,102839.02,102422.45,102474.14,557.21243
2025-01-17 14:00:00+00:00,102474.14,102782.2,102470.81,102751.39,501.4732
2025-01-17 14:30:00+00:00,102751.38,103395.47,102279.41,103378.95,2365.91932
2025-01-17 15:00:00+00:00,103379.23,104254.19,103285.79,103963.32,2679.6732
2025-01-17 15:30:00+00:00,103963.32,104127.91,103648.59,104000.0,1292.62614
2025-01-17 16:00:00+00:00,104000.0,104777.0,103841.18,104601.95,1940.1309
2025-01-17 16:30:00+00:00,104601.95,105000.0,104500.0,104972.81,1140.89524
2025-01-17 17:00:00+00:00,104972.81,105269.24,104650.34,105015.11,1352.00469
2025-01-17 17:30:00+00:00,105015.12,105152.52,104025.49,104125.46,1282.4364
2025-01-17 18:00:00+00:00,104125.46,104740.0,104039.05,104613.95,712.66927
2025-01-17 18:30:00+00:00,104613.96,104946.01,104514.15,104835.68,595.06361
2025-01-17 19:00:00+00:00,104835.68,105772.98,104684.21,105409.29,1354.34171
2025-01-17 19:30:00+00:00,105409.29,105865.22,105140.95,105834.93,959.31183
2025-01-17 20:00:00+00:00,105834.93,105847.02,105260.09,105310.01,1091.7145
2025-01-17 20:30:00+00:00,105310.01,105338.77,104539.18,104692.7,1154.76262
2025-01-17 21:00:00+00:00,104692.7,105041.05,104539.64,104988.67,926.39182
2025-01-17 21:30:00+00:00,104988.66,105027.21,104462.02,104604.49,504.73175
2025-01-17 22:00:00+00:00,104604.49,104694.42,104344.0,104586.3,453.56248
2025-01-17 22:30:00+00:00,104586.3,104650.0,104204.0,104410.39,384.79193
2025-01-17 23:00:00+00:00,104410.4,104526.32,104240.66,104425.24,288.86507
2025-01-17 23:30:00+00:00,104425.24,104425.24,104065.25,104077.48,261.29141
2025-01-18 00:00:00+00:00,104077.47,104476.55,104075.34,104224.88,426.724
2025-01-18 00:30:00+00:00,104224.88,104656.87,104210.52,104656.87,212.05311
2025-01-18 01:00:00+00:00,104656.87,104656.87,104312.95,104585.01,361.9255
2025-01-18 01:30:00+00:00,104585.01,104585.01,104082.19,104268.14,471.51187
2025-01-18 02:00:00+00:00,104268.14,104460.6,104268.14,104398.0,181.80275
2025-01-18 02:30:00+00:00,104398.0,104500.0,104259.98,104327.98,250.84375
2025-01-18 03:00:00+00:00,104327.99,104479.31,104073.99,104190.72,336.99926
2025-01-18 03:30:00+00:00,104190.71,104235.22,103000.25,103559.82,1276.96534
2025-01-18 04:00:00+00:00,103559.82,103726.23,102666.55,103010.34,1012.4266
2025-01-18 04:30:00+00:00,103010.34,103600.0,103010.34,103599.27,453.55802
2025-01-18 05:00:00+00:00,103599.27,103771.21,103309.48,103660.77,553.77777
2025-01-18 05:30:00+00:00,103660.77,103696.0,102818.0,102829.27,824.30693
2025-01-18 06:00:00+00:00,102829.27,103390.0,102822.16,103182.66,549.84681
2025-01-18 06:30:00+00:00,103182.65,103636.91,103014.62,103440.39,579.63244
2025-01-18 07:00:00+00:00,103440.39,103488.9,102958.93,103193.66,406.16856
2025-01-18 07:30:00+00:00,103193.66,103193.67,102602.48,102821.75,557.41427
2025-01-18 08:00:00+00:00,102821.75,102821.75,102277.55,102804.0,898.19455
2025-01-18 08:30:00+00:00,102803.99,103344.7,102787.2,103272.0,597.53943
2025-01-18 09:00:00+00:00,103271.99,103455.89,103160.5,103455.17,466.23746
2025-01-18 09:30:00+00:00,103455.17,103455.18,103059.11,103159.29,277.77833
2025-01-18 10:00:00+00:00,103159.29,103294.35,102828.95,103167.32,397.25471
2025-01-18 10:30:00+00:00,103167.33,103278.28,102837.19,103184.64,507.88411
2025-01-18 11:00:00+00:00,103184.64,103387.96,102932.01,103355.17,322.20513
2025-01-18 11:30:00+00:00,103355.18,103883.01,103230.24,103589.29,647.02176
2025-01-18 12:00:00+00:00,103589.29,104035.28,103500.0,103609.45,519.29021
2025-01-18 12:30:00+00:00,103609.44,103688.88,103372.08,103457.34,332.52101
2025-01-18 13:00:00+00:00,103457.34,103520.0,103107.65,103488.98,358.87362
2025-01-18 13:30:00+00:00,103488.98,104395.92,103456.78,104365.81,804.87356
2025-01-18 14:00:00+00:00,104365.81,104562.5,104123.09,104187.87,650.38701
2025-01-18 14:30:00+00:00,104187.87,104187.88,103722.0,103993.03,696.65983
2025-01-18 15:00:00+00:00,103993.02,104350.34,103761.05,104253.18,765.93635
2025-01-18 15:30:00+00:00,104253.17,104988.88,104215.03,104568.96,873.63642
2025-01-18 16:00:00+00:00,104568.96,104719.29,103777.84,103973.69,1062.97062
2025-01-18 16:30:00+00:00,103973.69,104199.74,103156.02,103253.66,885.63135
2025-01-18 17:00:00+00:00,103253.65,104091.32,103253.65,103894.74,487.10765
2025-01-18 17:30:00+00:00,103894.74,104207.97,103775.93,103826.16,318.84528
2025-01-18 18:00:00+00:00,103826.16,104117.0,103779.76,104004.07,408.34305
2025-01-18 18:30:00+00:00,104004.07,104395.92,103961.82,104084.74,451.73547
2025-01-18 19:00:00+00:00,104084.74,104295.79,104080.71,104156.01,298.70448
2025-01-18 19:30:00+00:00,104156.0,104486.93,104116.58,104382.01,283.81782
2025-01-18 20:00:00+00:00,104382.0,104488.0,103808.14,103921.06,375.26449
2025-01-18 20:30:00+00:00,103921.05,104091.29,103765.44,104035.42,403.21464
2025-01-18 21:00:00+00:00,104035.42,104276.34,104000.65,104131.4,341.85639
2025-01-18 21:30:00+00:00,104131.39,104131.4,103878.87,103889.29,265.48653
2025-01-18 22:00:00+00:00,103888.96,104200.48,103860.91,104199.61,258.57509
2025-01-18 22:30:00+00:00,104199.6,104307.0,104148.0,104291.3,159.60736
2025-01-18 23:00:00+00:00,104291.3,104750.0,104291.3,104464.99,475.4743
2025-01-18 23:30:00+00:00,104465.0,104692.89,104351.77,104556.23,258.94499
2025-01-19 00:00:00+00:00,104556.23,104556.23,104175.22,104267.94,340.73268
2025-01-19 00:30:00+00:00,104267.93,104411.64,104108.0,104108.0,291.05055
2025-01-19 01:00:00+00:00,104108.01,104410.4,104013.51,104410.4,238.62151
2025-01-19 01:30:00+00:00,104410.39,104684.22,104410.39,104486.83,293.28234
2025-01-19 02:00:00+00:00,104486.83,105315.23,104486.83,105190.62,720.85569
2025-01-19 02:30:00+00:00,105190.61,105458.55,104821.02,104877.96,551.00964
2025-01-19 03:00:00+00:00,104877.97,104999.0,104560.0,104783.49,408.1664
2025-01-19 03:30:00+00:00,104783.49,105183.51,104741.08,104984.01,427.61551
2025-01-19 04:00:00+00:00,104984.01,105267.67,104676.48,105052.01,642.31758
2025-01-19 04:30:00+00:00,105052.01,105089.82,104804.47,105032.03,537.05401
2025-01-19 05:00:00+00:00,105032.04,105032.04,104191.19,104739.13,772.13349
2025-01-19 05:30:00+00:00,104739.12,105131.7,104665.41,105116.52,428.09209
2025-01-19 06:00:00+00:00,105116.51,105345.5,105030.0,105308.37,449.13119
2025-01-19 06:30:00+00:00,105308.36,105634.78,105223.9,105568.29,759.15369
2025-01-19 07:00:00+00:00,105568.29,105594.63,105205.56,105259.47,576.91892
2025-01-19 07:30:00+00:00,105259.47,105316.19,104960.26,105167.12,620.71225
2025-01-19 08:00:00+00:00,105167.11,105167.12,104622.4,104644.75,620.07158
2025-01-19 08:30:00+00:00,104644.76,104965.96,104305.36,104428.24,981.54186
2025-01-19 09:00:00+00:00,104428.23,104497.52,103450.69,104307.56,1885.30624
2025-01-19 09:30:00+00:00,104307.56,105496.03,104247.39,105299.81,1349.92399
2025-01-19 10:00:00+00:00,105299.81,105299.81,104405.13,104495.97,703.26485
2025-01-19 10:30:00+00:00,104495.97,105176.0,104468.42,104823.86,696.40376
2025-01-19 11:00:00+00:00,104823.86,105350.0,104823.86,104936.15,684.42218
2025-01-19 11:30:00+00:00,104936.15,105028.59,104209.56,104363.23,974.93968
2025-01-19 12:00:00+00:00,104363.24,104879.68,104300.75,104441.76,895.89965
2025-01-19 12:30:00+00:00,104441.76,105040.3,104343.7,104936.54,480.22403
2025-01-19 13:00:00+00:00,104936.54,105321.87,104850.58,105052.87,637.17074
2025-01-19 13:30:00+00:00,105052.88,105222.0,104876.31,104964.71,510.86662
2025-01-19 14:00:00+00:00,104964.72,105706.48,104789.6,105448.02,1161.22277
2025-01-19 14:30:00+00:00,105448.03,105618.5,104900.0,105160.0,829.87946
2025-01-19 15:00:00+00:00,105159.99,105247.4,104500.01,105042.85,958.88693
2025-01-19 15:30:00+00:00,105042.84,105216.67,104675.05,104936.35,551.96455
2025-01-19 16:00:00+00:00,104936.35,105159.0,104725.68,105158.63,495.50337
2025-01-19 16:30:00+00:00,105158.62,105228.27,104836.0,104963.11,355.0731
2025-01-19 17:00:00+00:00,104963.11,104963.12,104556.0,104556.0,560.26278
2025-01-19 17:30:00+00:00,104556.01,105148.42,104520.01,105115.8,340.68516
2025-01-19 18:00:00+00:00,105115.8,105250.0,105028.0,105084.12,349.9602
2025-01-19 18:30:00+00:00,105084.12,105118.37,104902.27,105042.9,255.1423
2025-01-19 19:00:00+00:00,105042.9,105329.09,104967.66,105189.66,299.79167
2025-01-19 19:30:00+00:00,105189.66,106200.74,105152.36,106200.0,923.37698
2025-01-19 20:00:00+00:00,106200.0,106361.39,105486.0,105894.84,963.91552
2025-01-19 20:30:00+00:00,105894.84,106422.43,105803.26,106275.49,665.09222
2025-01-19 21:00:00+00:00,106275.49,106368.33,104130.98,104389.99,1187.3216
2025-01-19 21:30:00+00:00,104390.01,105301.0,103684.21,103684.44,2406.01924
2025-01-19 22:00:00+00:00,103684.43,104500.0,102714.64,104177.47,2693.5266
2025-01-19 22:30:00+00:00,104177.48,104199.99,101104.71,103414.0,2362.89348
2025-01-19 23:00:00+00:00,103414.0,103414.0,100300.0,100538.35,3395.53905
2025-01-19 23:30:00+00:00,100538.02,101963.43,99651.6,101331.57,4164.34328
2025-01-20 00:00:00+00:00,101331.57,101677.71,100654.8,101088.0,2243.60804
2025-01-20 00:30:00+00:00,101088.0,101232.66,99550.0,99794.51,3491.28952
2025-01-20 01:00:00+00:00,99794.51,100518.05,99629.86,100320.0,2024.15663
2025-01-20 01:30:00+00:00,100320.0,100999.99,99965.6,100692.82,1342.50776
2025-01-20 02:00:00+00:00,100692.82,101713.59,100600.0,101713.58,1357.52018
2025-01-20 02:30:00+00:00,101713.59,102321.42,101388.64,101926.42,1355.13637
2025-01-20 03:00:00+00:00,101926.56,102211.08,101465.08,101653.97,1064.67014
2025-01-20 03:30:00+00:00,101653.97,101958.65,101411.2,101891.93,1060.3716
2025-01-20 04:00:00+00:00,101891.94,102070.57,101535.28,101768.23,690.64013
2025-01-20 04:30:00+00:00,101768.24,102800.27,101678.31,102232.34,663.67977
2025-01-20 05:00:00+00:00,102232.34,102825.73,102127.99,102480.01,724.80528
2025-01-20 05:30:00+00:00,102480.01,102772.3,102297.86,102344.2,506.39224
2025-01-20 06:00:00+00:00,102344.2,102785.75,102220.8,102640.0,535.65896
2025-01-20 06:30:00+00:00,102640.0,109588.0,102606.03,107486.5,9362.123462
2025-01-20 07:00:00+00:00,107482.36,109499.99,107357.22,108706.15,6377.1192
2025-01-20 07:30:00+00:00,108706.15,108928.58,106923.0,107120.65,2344.16862
2025-01-20 08:00:00+00:00,107120.65,108288.0,107093.33,108038.55,1367.29808
2025-01-20 08:30:00+00:00,108038.55,108381.92,107821.74,108320.01,1105.99819
2025-01-20 09:00:00+00:00,108320.0,109193.23,107964.95,108238.04,2015.37219
2025-01-20 09:30:00+00:00,108238.03,108325.24,107548.0,108132.05,1251.84402
2025-01-20 10:00:00+00:00,108132.05,108731.92,107911.29,108501.8,828.15281
2025-01-20 10:30:00+00:00,108501.8,108630.4,107769.18,107964.56,892.93553
2025-01-20 11:00:00+00:00,107964.56,108550.0,107780.51,108405.33,791.02642
2025-01-20 11:30:00+00:00,108405.34,108535.9,108038.24,108239.19,758.27061
2025-01-20 12:00:00+00:00,108239.19,108700.01,105472.95,106655.98,3419.94386
2025-01-20 12:30:00+00:00,106655.98,107347.58,106020.0,106917.59,1436.83179
2025-01-20 13:00:00+00:00,106918.83,107476.0,106651.11,107338.17,992.797
2025-01-20 13:30:00+00:00,107338.16,108125.0,107221.27,107956.31,1404.72418
2025-01-20 14:00:00+00:00,107956.31,108130.08,107420.69,107486.02,1053.46046
2025-01-20 14:30:00+00:00,107486.02,108075.6,107277.28,107866.65,966.91948
2025-01-20 15:00:00+00:00,107866.65,107990.0,106250.03,107020.14,1717.98595
2025-01-20 15:30:00+00:00,107020.14,107021.5,104480.0,104957.99,2718.58041
2025-01-20 16:00:00+00:00,104957.99,105831.52,103708.0,105620.01,3226.50147
2025-01-20 16:30:00+00:00,105620.01,107050.0,105285.0,106670.38,1972.71066
2025-01-20 17:00:00+00:00,106670.37,106778.05,101401.01,104176.54,7104.18813
2025-01-20 17:30:00+00:00,104176.53,104753.43,100333.0,102963.32,7837.26662
2025-01-20 18:00:00+00:00,102963.31,104133.01,102738.23,103724.0,2264.29165
2025-01-20 18:30:00+00:00,103724.0,104469.15,103500.0,103930.66,1470.70677
2025-01-20 19:00:00+00:00,103930.66,103964.43,103017.71,103231.82,1199.78647
2025-01-20 19:30:00+00:00,103231.82,103959.99,102733.77,103691.63,887.45083
2025-01-20 20:00:00+00:00,103691.64,104296.4,103352.0,103958.4,675.92272
2025-01-20 20:30:00+00:00,103958.4,104331.0,103632.26,103647.16,424.89567
2025-01-20 21:00:00+00:00,103647.16,104080.0,103603.85,103710.18,303.15151
2025-01-20 21:30:00+00:00,103710.18,103889.96,102562.99,102596.0,935.87796
2025-01-20 22:00:00+00:00,102596.0,103200.0,101846.15,103099.99,1003.71215
2025-01-20 22:30:00+00:00,103099.99,103815.98,102938.8,103608.0,539.788
2025-01-20 23:00:00+00:00,103607.99,103728.52,102252.98,103232.9,771.2298
2025-01-20 23:30:00+00:00,103232.9,103383.77,101701.01,102260.01,1045.76244
2025-01-21 00:00:00+00:00,102260.0,102580.0,101720.49,101974.5,1147.78871
2025-01-21 00:30:00+00:00,101974.51,102672.0,101086.12,101187.75,1668.96496
2025-01-21 01:00:00+00:00,101187.75,102233.26,100200.0,100480.0,1907.90148
2025-01-21 01:30:00+00:00,100480.0,101864.85,100119.04,101498.24,1916.03522
2025-01-21 02:00:00+00:00,101498.23,102763.33,101064.87,102428.14,1290.53119
2025-01-21 02:30:00+00:00,102428.13,102674.4,101805.57,102545.56,761.42817
2025-01-21 03:00:00+00:00,102545.57,103260.1,102300.0,102898.0,794.97985
2025-01-21 03:30:00+00:00,102898.01,103230.76,102752.32,102936.01,646.06341
2025-01-21 04:00:00+00:00,102936.01,102974.14,102376.49,102716.6,725.28445
2025-01-21 04:30:00+00:00,102716.6,102716.6,101928.58,102344.2,652.41889
2025-01-21 05:00:00+00:00,102344.21,102527.39,101801.8,101995.99,686.24596
2025-01-21 05:30:00+00:00,101995.99,102056.0,101339.49,101365.98,676.62009
2025-01-21 06:00:00+00:00,101365.98,101989.67,101111.68,101824.0,872.47558
2025-01-21 06:30:00+00:00,101823.99,102186.15,101388.0,102176.04,650.35359
2025-01-21 07:00:00+00:00,102176.04,102480.0,102032.62,102446.21,603.07041
2025-01-21 07:30:00+00:00,102446.21,102446.22,101799.57,101989.05,533.68961
2025-01-21 08:00:00+00:00,101989.06,102490.13,101740.82,102237.65,514.32712
2025-01-21 08:30:00+00:00,102237.66,102496.74,102001.0,102466.81,672.99515
2025-01-21 09:00:00+00:00,102466.82,102894.29,102072.13,102338.48,1152.53701
2025-01-21 09:30:00+00:00,102338.98,102807.25,102302.33,102707.08,874.22725
2025-01-21 10:00:00+00:00,102707.07,103226.9,102582.0,103182.64,764.85572
2025-01-21 10:30:00+00:00,103182.63,103364.74,102961.22,103160.85,538.4586
2025-01-21 11:00:00+00:00,103160.85,103850.0,103073.86,103676.28,841.81091
2025-01-21 11:30:00+00:00,103676.29,103973.02,103468.62,103758.25,876.44897
2025-01-21 12:00:00+00:00,103758.25,104708.41,103610.77,104454.7,1154.44126
2025-01-21 12:30:00+00:00,104454.7,104700.0,104310.0,104519.98,872.7648
2025-01-21 13:00:00+00:00,104519.98,104999.99,104149.18,104646.35,1035.75242
2025-01-21 13:30:00+00:00,104646.35,104833.69,104360.02,104457.07,563.31016
2025-01-21 14:00:00+00:00,104457.08,105270.36,104404.01,105240.37,757.44242
2025-01-21 14:30:00+00:00,105240.38,105320.0,103001.0,103260.91,2608.26596
2025-01-21 15:00:00+00:00,103260.9,103826.73,102803.43,103720.08,1904.7719
2025-01-21 15:30:00+00:00,103720.08,104109.98,103360.17,103943.0,1002.50174
2025-01-21 16:00:00+00:00,103942.99,106500.99,103822.02,105412.85,3326.85002
2025-01-21 16:30:00+00:00,105412.86,105867.99,104822.27,104965.99,1040.11819
2025-01-21 17:00:00+00:00,104965.99,105815.5,104888.24,105685.88,652.95798
2025-01-21 17:30:00+00:00,105684.47,106400.0,105512.03,106173.26,1078.26974
2025-01-21 18:00:00+00:00,106173.27,106500.0,105892.0,106395.74,838.75286
2025-01-21 18:30:00+00:00,106395.73,107240.81,106260.88,106861.18,1483.43808
2025-01-21 19:00:00+00:00,106861.18,106958.95,106263.84,106877.63,749.02841
2025-01-21 19:30:00+00:00,106877.64,107150.0,106476.81,107031.34,587.8185
2025-01-21 20:00:00+00:00,107031.34,107199.99,106686.39,107027.96,773.01842
2025-01-21 20:30:00+00:00,107027.97,107092.0,105924.24,106137.51,866.23078
2025-01-21 21:00:00+00:00,106137.51,106415.33,105772.0,106235.31,569.53741
2025-01-21 21:30:00+00:00,106235.3,106814.37,106220.0,106772.23,622.3123
2025-01-21 22:00:00+00:00,106772.23,106772.24,106358.36,106448.0,349.04007
2025-01-21 22:30:00+00:00,106448.0,106478.86,105971.99,105996.01,241.02408
2025-01-21 23:00:00+00:00,105996.01,106109.79,105420.0,105724.15,725.69803
2025-01-21 23:30:00+00:00,105724.15,106284.0,105724.12,106143.82,368.16219
2025-01-22 00:00:00+00:00,106143.82,106322.0,105834.36,105986.6,440.916
2025-01-22 00:30:00+00:00,105986.6,106061.07,105807.08,105948.0,344.79482
2025-01-22 01:00:00+00:00,105948.01,106394.46,105625.34,105684.44,408.39617
2025-01-22 01:30:00+00:00,105684.44,105891.01,105448.99,105799.99,341.06053
2025-01-22 02:00:00+00:00,105800.0,106202.82,105663.79,106027.32,443.36249
2025-01-22 02:30:00+00:00,106027.33,106110.48,105556.05,105583.89,440.2448
2025-01-22 03:00:00+00:00,105583.9,105912.18,105583.89,105839.06,360.12872
2025-01-22 03:30:00+00:00,105839.05,105839.06,105600.0,105600.01,240.3548
2025-01-22 04:00:00+00:00,105600.01,105793.11,105566.75,105749.0,239.39098
2025-01-22 04:30:00+00:00,105749.0,105812.0,105277.24,105578.41,324.92394
2025-01-22 05:00:00+00:00,105578.41,105882.89,105498.83,105628.01,375.41036
2025-01-22 05:30:00+00:00,105628.0,105767.44,105500.0,105689.15,294.20728
2025-01-22 06:00:00+00:00,105689.15,105952.0,105359.02,105515.36,502.05435
2025-01-22 06:30:00+00:00,105515.36,105594.99,105186.71,105379.81,372.46875
2025-01-22 07:00:00+00:00,105379.82,105678.57,105320.0,105476.1,245.2448
2025-01-22 07:30:00+00:00,105476.1,105476.11,105043.88,105084.77,540.89229
2025-01-22 08:00:00+00:00,105084.77,105163.14,104730.72,104805.01,520.90728
2025-01-22 08:30:00+00:00,104805.01,105343.28,104700.0,105270.03,518.76925
2025-01-22 09:00:00+00:00,105270.03,105270.03,104916.43,105015.42,303.12642
2025-01-22 09:30:00+00:00,105015.42,105198.0,104947.51,104984.83,183.04352
2025-01-22 10:00:00+00:00,104984.82,105010.48,104647.75,104983.0,347.09847
2025-01-22 10:30:00+00:00,104983.01,105161.76,104881.33,105142.76,192.25296
2025-01-22 11:00:00+00:00,105142.14,105247.2,104758.62,104795.34,480.02358
2025-01-22 11:30:00+00:00,104795.34,105464.83,104789.99,105100.39,462.79314
2025-01-22 12:00:00+00:00,105100.38,105584.23,105060.35,105365.55,549.07431
2025-01-22 12:30:00+00:00,105365.55,105464.35,105252.35,105275.86,190.09367
2025-01-22 13:00:00+00:00,105275.87,105363.76,104867.22,104907.1,502.32896
2025-01-22 13:30:00+00:00,104907.1,104953.92,103768.14,104073.94,1077.90908
2025-01-22 14:00:00+00:00,104074.43,104687.66,103700.0,104662.98,941.25171
2025-01-22 14:30:00+00:00,104662.97,104949.0,103662.58,104393.66,1294.35908
2025-01-22 15:00:00+00:00,104393.67,105148.95,104121.14,104387.02,876.3888
2025-01-22 15:30:00+00:00,104387.01,104663.97,103982.0,104180.01,576.44305
2025-01-22 16:00:00+00:00,104180.01,104232.64,103700.0,103987.21,791.27988
2025-01-22 16:30:00+00:00,103987.21,104063.21,103339.12,103704.64,891.3625
2025-01-22 17:00:00+00:00,103704.65,104384.5,103665.73,104265.98,581.25763
2025-01-22 17:30:00+00:00,104265.98,104604.76,104127.44,104345.8,484.82224
2025-01-22 18:00:00+00:00,104345.8,104684.0,104068.96,104310.0,386.41768
2025-01-22 18:30:00+00:00,104310.01,104572.12,103756.48,103896.01,412.90935
2025-01-22 19:00:00+00:00,103896.01,104734.21,103853.66,104490.0,325.89564
2025-01-22 19:30:00+00:00,104489.99,104754.64,104301.13,104630.0,488.52617
2025-01-22 20:00:00+00:00,104630.0,104830.12,104316.0,104456.57,634.92262
2025-01-22 20:30:00+00:00,104456.56,104612.0,104070.61,104321.1,618.20663
2025-01-22 21:00:00+00:00,104321.11,104369.12,103611.66,103902.27,475.42412
2025-01-22 21:30:00+00:00,103902.28,104139.63,103900.0,104088.03,234.45654
2025-01-22 22:00:00+00:00,104086.95,104110.71,103770.01,104013.42,234.37045
2025-01-22 22:30:00+00:00,104013.42,104514.8,103813.33,103866.79,321.07772
2025-01-22 23:00:00+00:00,103866.79,104143.99,103679.46,103845.0,285.46943
2025-01-22 23:30:00+00:00,103845.01,103982.46,103654.0,103706.66,152.57958
2025-01-23 00:00:00+00:00,103706.66,103819.99,103102.0,103376.13,573.65755
2025-01-23 00:30:00+00:00,103376.14,103634.09,103052.82,103307.51,386.01912
2025-01-23 01:00:00+00:00,103307.51,103578.14,103105.05,103540.82,409.79272
2025-01-23 01:30:00+00:00,103540.82,103653.84,102588.15,102931.94,862.46826
2025-01-23 02:00:00+00:00,102931.94,102983.39,102129.31,102391.09,1276.33738
2025-01-23 02:30:00+00:00,102391.09,102775.86,102100.0,102655.34,666.80069
2025-01-23 03:00:00+00:00,102655.34,103004.58,102608.69,102973.84,375.29851
2025-01-23 03:30:00+00:00,102973.83,103007.75,102197.34,102461.25,409.90741
2025-01-23 04:00:00+00:00,102461.24,102493.15,101780.0,101810.0,968.51238
2025-01-23 04:30:00+00:00,101809.99,102142.4,101575.5,102075.22,660.6105
2025-01-23 05:00:00+00:00,102075.21,102263.93,102000.0,102025.89,348.32049
2025-01-23 05:30:00+00:00,102025.89,102639.36,102021.35,102532.52,541.97153
2025-01-23 06:00:00+00:00,102532.52,102968.31,102532.51,102857.24,288.37632
2025-01-23 06:30:00+00:00,102857.24,102857.25,102209.23,102256.7,307.7369
2025-01-23 07:00:00+00:00,102256.71,102523.5,102084.51,102325.33,324.0012
2025-01-23 07:30:00+00:00,102325.33,102803.2,102149.82,102710.27,482.65121
2025-01-23 08:00:00+00:00,102710.28,102724.94,102284.0,102394.95,307.65763
2025-01-23 08:30:00+00:00,102394.95,102517.24,102060.0,102215.75,305.65414
2025-01-23 09:00:00+00:00,102215.75,102467.73,102184.2,102307.25,288.87238
2025-01-23 09:30:00+00:00,102307.26,102307.26,101650.0,101672.01,607.51266
2025-01-23 10:00:00+00:00,101672.0,102072.72,101600.66,101950.01,389.09833
2025-01-23 10:30:00+00:00,101950.0,102027.31,101262.28,101683.61,633.12111
2025-01-23 11:00:00+00:00,101683.61,102158.93,101683.6,102025.41,455.35637
2025-01-23 11:30:00+00:00,102025.4,102195.03,101854.86,101944.49,226.68913
2025-01-23 12:00:00+00:00,101944.5,102135.05,101401.31,101706.59,465.914
2025-01-23 12:30:00+00:00,101706.58,101942.52,101460.48,101635.58,412.70897
2025-01-23 13:00:00+00:00,101635.59,101784.0,101281.62,101523.19,363.50689
2025-01-23 13:30:00+00:00,101523.19,102709.93,101523.18,102512.28,925.06733
2025-01-23 14:00:00+00:00,102512.28,102535.01,101989.81,102442.48,438.50302
2025-01-23 14:30:00+00:00,102442.48,106050.86,102352.83,105213.5,5418.96295
2025-01-23 15:00:00+00:00,105213.6,105792.0,102643.49,104214.49,6717.12683
2025-01-23 15:30:00+00:00,104217.41,105429.85,104214.28,105263.52,2499.23812
2025-01-23 16:00:00+00:00,105263.52,106850.0,105052.0,105965.28,3584.53862
2025-01-23 16:30:00+00:00,105965.27,106438.29,105028.0,105139.18,1576.33089
2025-01-23 17:00:00+00:00,105139.18,105364.55,104211.0,105286.94,1065.09847
2025-01-23 17:30:00+00:00,105286.94,106230.42,105224.13,105927.78,914.28734
2025-01-23 18:00:00+00:00,105927.78,106142.46,105170.46,105755.08,653.50534
2025-01-23 18:30:00+00:00,105755.08,105927.92,105100.0,105424.39,540.40785
2025-01-23 19:00:00+00:00,105424.39,105514.73,104448.27,104890.37,844.32281
2025-01-23 19:30:00+00:00,104890.37,104915.23,103399.98,103770.04,996.77385
2025-01-23 20:00:00+00:00,103770.05,106421.03,103150.0,105769.22,5043.11424
2025-01-23 20:30:00+00:00,105769.21,105834.59,102559.2,103284.48,4259.04613
2025-01-23 21:00:00+00:00,103284.01,103410.57,102195.7,102734.0,1697.19235
2025-01-23 21:30:00+00:00,102734.0,103283.26,102298.91,103079.08,872.60901
2025-01-23 22:00:00+00:00,103079.08,104181.02,102981.07,104140.0,1019.3324
2025-01-23 22:30:00+00:00,104140.0,104700.0,103657.16,103978.82,825.91744
2025-01-23 23:00:00+00:00,103978.82,104544.48,103776.06,104299.99,434.04235
2025-01-23 23:30:00+00:00,104299.99,104344.15,103848.44,103910.34,289.14919
2025-01-24 00:00:00+00:00,103910.35,104157.98,103520.09,103661.36,474.30134
2025-01-24 00:30:00+00:00,103661.37,103780.0,103424.58,103446.62,320.42644
2025-01-24 01:00:00+00:00,103446.62,103900.0,103420.56,103632.05,326.32062
2025-01-24 01:30:00+00:00,103632.05,103672.52,103039.87,103234.3,406.72669
2025-01-24 02:00:00+00:00,103234.3,103487.77,103004.26,103386.51,425.01808
2025-01-24 02:30:00+00:00,103386.51,103545.39,102956.72,103016.01,365.60148
2025-01-24 03:00:00+00:00,103016.0,103812.86,102750.0,103479.98,673.04426
2025-01-24 03:30:00+00:00,103479.97,104298.0,103430.65,103891.75,793.79478
2025-01-24 04:00:00+00:00,103891.75,104134.58,103804.77,103988.5,294.69453
2025-01-24 04:30:00+00:00,103988.5,104924.4,103900.01,104631.99,629.96108
2025-01-24 05:00:00+00:00,104631.98,105052.0,104543.21,104879.77,505.98891
2025-01-24 05:30:00+00:00,104879.77,105262.13,104808.17,105222.15,379.70873
2025-01-24 06:00:00+00:00,105222.15,105355.0,104800.0,104901.34,410.22358
2025-01-24 06:30:00+00:00,104901.35,104997.59,104628.0,104991.01,267.68468
2025-01-24 07:00:00+00:00,104991.01,105181.82,104660.0,104719.75,281.2379
2025-01-24 07:30:00+00:00,104719.75,105089.3,104668.0,105046.8,372.9975
2025-01-24 08:00:00+00:00,105046.79,105560.67,104922.41,105546.62,425.34537
2025-01-24 08:30:00+00:00,105546.61,105650.0,105260.0,105500.76,513.30337
2025-01-24 09:00:00+00:00,105500.76,105759.0,105381.91,105611.99,421.57521
2025-01-24 09:30:00+00:00,105611.99,105625.08,105053.8,105146.67,431.55049
2025-01-24 10:00:00+00:00,105146.67,105325.08,105051.46,105270.0,237.32274
2025-01-24 10:30:00+00:00,105270.01,105428.0,105110.09,105416.75,434.5747
2025-01-24 11:00:00+00:00,105416.75,105527.69,105326.88,105374.9,228.12755
2025-01-24 11:30:00+00:00,105374.91,105474.29,105214.15,105420.1,288.59477
2025-01-24 12:00:00+00:00,105420.11,105586.29,105183.65,105316.54,355.28526
2025-01-24 12:30:00+00:00,105316.54,105535.49,105300.0,105526.58,272.12969
2025-01-24 13:00:00+00:00,105526.58,105793.61,104982.03,105279.97,444.51182
2025-01-24 13:30:00+00:00,105279.98,105290.0,104993.5,105118.07,308.09888
2025-01-24 14:00:00+00:00,105118.06,105322.23,104880.0,105266.02,370.52644
2025-01-24 14:30:00+00:00,105266.01,106321.66,104669.17,105758.0,1839.81847
2025-01-24 15:00:00+00:00,105758.0,105990.5,105259.49,105665.03,792.8502
2025-01-24 15:30:00+00:00,105665.03,105972.9,105420.0,105859.98,539.09427
2025-01-24 16:00:00+00:00,105859.99,106126.06,105720.87,105989.41,769.07692
2025-01-24 16:30:00+00:00,105989.41,106174.99,105589.0,105645.89,663.43896
2025-01-24 17:00:00+00:00,105645.88,106498.41,105612.0,106478.23,694.99214
2025-01-24 17:30:00+00:00,106478.22,106699.99,106224.13,106458.46,677.5382
2025-01-24 18:00:00+00:00,106458.47,107120.0,106426.12,106917.98,1196.41862
2025-01-24 18:30:00+00:00,106917.99,106983.29,106056.95,106327.72,558.71745
2025-01-24 19:00:00+00:00,106327.31,106606.01,105875.4,106369.85,480.65019
2025-01-24 19:30:00+00:00,106369.85,106434.21,105687.0,105760.94,442.53784
2025-01-24 20:00:00+00:00,105760.93,105781.0,105100.69,105205.11,548.16107
2025-01-24 20:30:00+00:00,105205.12,105404.45,104736.84,104859.11,793.40864
2025-01-24 21:00:00+00:00,104859.4,105391.47,104859.4,105289.33,457.9942
2025-01-24 21:30:00+00:00,105289.33,105382.88,105030.51,105124.61,290.98939
2025-01-24 22:00:00+00:00,105124.61,105477.0,104950.01,104971.97,318.1174
2025-01-24 22:30:00+00:00,104971.96,105229.9,104706.08,104777.25,222.17405
2025-01-24 23:00:00+00:00,104777.25,104925.2,104456.89,104580.16,464.62548
2025-01-24 23:30:00+00:00,104580.15,104872.16,104488.42,104870.5,199.95979
2025-01-25 00:00:00+00:00,104870.51,104870.51,104507.99,104623.93,356.21509
2025-01-25 00:30:00+00:00,104623.93,104748.0,104361.89,104419.59,416.21046
2025-01-25 01:00:00+00:00,104419.58,104751.18,104380.15,104712.12,277.88064
2025-01-25 01:30:00+00:00,104712.12,104815.01,104672.41,104738.0,172.08298
2025-01-25 02:00:00+00:00,104738.01,104830.27,104550.0,104668.22,121.88289
2025-01-25 02:30:00+00:00,104668.22,104741.45,104473.67,104559.54,145.08437
2025-01-25 03:00:00+00:00,104559.54,104760.37,104461.0,104696.7,168.52392
2025-01-25 03:30:00+00:00,104696.7,105280.82,104696.7,105202.4,371.97804
2025-01-25 04:00:00+00:00,105202.4,105202.4,104844.82,104905.12,157.54397
2025-01-25 04:30:00+00:00,104905.11,104905.13,104620.0,104648.0,174.6722
2025-01-25 05:00:00+00:00,104647.99,104701.18,104380.85,104623.16,165.91371
2025-01-25 05:30:00+00:00,104623.16,104671.01,104236.95,104365.97,202.30932
2025-01-25 06:00:00+00:00,104365.96,104480.0,104216.81,104367.8,224.22264
2025-01-25 06:30:00+00:00,104367.81,104386.09,104234.18,104308.0,240.6448
2025-01-25 07:00:00+00:00,104308.0,104523.25,104287.24,104448.23,148.22448
2025-01-25 07:30:00+00:00,104448.23,104499.5,104369.99,104385.98,93.6734
2025-01-25 08:00:00+00:00,104385.99,104497.54,104301.09,104340.04,173.59086
2025-01-25 08:30:00+00:00,104340.04,104358.11,104135.71,104341.98,186.59384
2025-01-25 09:00:00+00:00,104341.99,104432.99,104276.41,104300.0,139.58635
2025-01-25 09:30:00+00:00,104300.01,104450.48,104286.71,104366.63,122.87009
2025-01-25 10:00:00+00:00,104366.62,104458.34,104106.09,104272.6,226.91354
2025-01-25 10:30:00+00:00,104272.6,104661.04,104272.6,104540.0,140.75487
2025-01-25 11:00:00+00:00,104540.0,104618.25,104391.27,104446.2,138.79053
2025-01-25 11:30:00+00:00,104446.2,104700.01,104431.14,104670.99,125.49682
2025-01-25 12:00:00+00:00,104670.99,104676.33,104456.0,104456.0,113.36509
2025-01-25 12:30:00+00:00,104456.01,104792.0,104456.0,104753.07,145.50592
2025-01-25 13:00:00+00:00,104753.08,104868.0,104682.15,104725.61,292.99444
2025-01-25 13:30:00+00:00,104725.6,104799.63,104629.31,104717.04,102.6401
2025-01-25 14:00:00+00:00,104717.05,104721.99,104541.5,104606.48,123.1147
2025-01-25 14:30:00+00:00,104606.48,104644.0,104473.16,104600.01,145.79367
2025-01-25 15:00:00+00:00,104600.0,105111.11,104594.01,104929.53,377.71652
2025-01-25 15:30:00+00:00,104929.52,105031.98,104751.46,104897.79,162.98618
2025-01-25 16:00:00+00:00,104897.79,104989.49,104726.29,104786.48,172.74172
2025-01-25 16:30:00+00:00,104786.49,104815.99,104591.67,104654.9,251.65485
2025-01-25 17:00:00+00:00,104654.91,104850.01,104449.75,104780.01,310.26954
2025-01-25 17:30:00+00:00,104780.01,104934.39,104563.35,104899.71,236.08761
2025-01-25 18:00:00+00:00,104899.72,105094.08,104843.25,105038.08,272.31589
2025-01-25 18:30:00+00:00,105038.08,105286.52,104917.11,104983.49,213.9366
2025-01-25 19:00:00+00:00,104983.5,105187.5,104983.49,105002.91,261.07042
2025-01-25 19:30:00+00:00,105002.95,105071.17,104909.09,105055.16,113.50112
2025-01-25 20:00:00+00:00,105055.16,105200.0,105031.31,105086.95,100.4137
2025-01-25 20:30:00+00:00,105086.95,105170.0,104965.7,104965.71,116.0173
2025-01-25 21:00:00+00:00,104965.71,105000.0,104866.66,104973.55,172.15606
2025-01-25 21:30:00+00:00,104973.56,105123.5,104891.73,105102.84,219.28093
2025-01-25 22:00:00+00:00,105102.84,105250.0,105030.06,105030.07,136.26445
2025-01-25 22:30:00+00:00,105030.06,105172.8,105004.53,105077.54,84.88318
2025-01-25 23:00:00+00:00,105077.54,105134.9,104860.0,104978.97,130.00222
2025-01-25 23:30:00+00:00,104978.96,104978.97,104696.0,104746.85,121.95175
2025-01-26 00:00:00+00:00,104746.86,104841.84,104637.55,104664.36,183.8429
2025-01-26 00:30:00+00:00,104664.36,104736.0,104515.44,104599.96,195.50276
2025-01-26 01:00:00+00:00,104599.95,104701.58,104503.7,104701.57,213.23903
2025-01-26 01:30:00+00:00,104701.57,104772.0,104552.0,104621.37,94.66521
2025-01-26 02:00:00+00:00,104621.37,104700.0,104520.03,104699.99,98.61174
2025-01-26 02:30:00+00:00,104699.99,104718.16,104568.0,104696.25,76.29457
2025-01-26 03:00:00+00:00,104696.25,104844.83,104696.24,104786.64,96.23849
2025-01-26 03:30:00+00:00,104786.64,105273.24,104777.89,105062.42,357.21272
2025-01-26 04:00:00+00:00,105062.41,105500.0,104978.82,105380.0,319.41902
2025-01-26 04:30:00+00:00,105380.0,105392.74,105115.76,105174.27,152.67882
2025-01-26 05:00:00+00:00,105174.28,105200.0,105023.0,105055.14,162.53119
2025-01-26 05:30:00+00:00,105055.13,105190.0,105013.6,105094.12,142.11063
2025-01-26 06:00:00+00:00,105094.13,105118.78,105035.08,105055.8,102.82427
2025-01-26 06:30:00+00:00,105055.81,105073.0,104959.2,104990.75,141.02644
2025-01-26 07:00:00+00:00,104990.75,105100.0,104950.0,105013.7,128.27601
2025-01-26 07:30:00+00:00,105013.69,105050.0,104960.0,104998.35,80.08071
2025-01-26 08:00:00+00:00,104998.36,105221.36,104890.56,104985.73,187.59302
2025-01-26 08:30:00+00:00,104985.74,105125.59,104863.31,105030.4,95.90922
2025-01-26 09:00:00+00:00,105030.4,105030.41,104800.0,104856.08,101.57475
2025-01-26 09:30:00+00:00,104856.08,104856.09,104444.01,104630.03,519.66248
2025-01-26 10:00:00+00:00,104630.02,104699.99,104522.69,104621.9,111.67708
2025-01-26 10:30:00+00:00,104621.9,104722.9,104500.0,104715.29,140.92648
2025-01-26 11:00:00+00:00,104715.29,104847.69,104679.91,104700.0,100.83623
2025-01-26 11:30:00+00:00,104700.0,104837.88,104662.05,104818.69,82.3876
2025-01-26 12:00:00+00:00,104818.68,104818.69,104703.58,104761.49,87.74681
2025-01-26 12:30:00+00:00,104761.5,104890.0,104713.8,104890.0,106.73135
2025-01-26 13:00:00+00:00,104890.0,105126.11,104838.43,104922.99,403.32517
2025-01-26 13:30:00+00:00,104922.99,105049.34,104848.72,104961.73,120.30779
2025-01-26 14:00:00+00:00,104961.74,104961.75,104804.0,104844.82,100.23914
2025-01-26 14:30:00+00:00,104844.82,105003.54,104843.97,104944.0,113.01403
2025-01-26 15:00:00+00:00,104944.0,105093.22,104887.7,105010.01,105.39643
2025-01-26 15:30:00+00:00,105010.01,105075.75,104961.02,104967.01,100.19727
2025-01-26 16:00:00+00:00,104967.02,105022.07,104896.0,104952.32,84.06382
2025-01-26 16:30:00+00:00,104952.32,105040.64,104938.0,104938.02,81.90389
2025-01-26 17:00:00+00:00,104938.01,105023.24,104912.53,104950.0,91.89054
2025-01-26 17:30:00+00:00,104950.0,105050.0,104945.11,104945.11,90.4911
2025-01-26 18:00:00+00:00,104945.12,105260.36,104906.89,105194.02,280.90551
2025-01-26 18:30:00+00:00,105194.01,105256.38,105090.0,105175.11,74.19396
2025-01-26 19:00:00+00:00,105175.11,105240.0,105052.53,105080.01,82.15192
2025-01-26 19:30:00+00:00,105080.01,105156.0,105040.0,105081.63,80.83428
2025-01-26 20:00:00+00:00,105081.64,105200.0,104960.0,105180.75,94.31138
2025-01-26 20:30:00+00:00,105180.75,105180.76,104918.52,104949.99,112.29708
2025-01-26 21:00:00+00:00,104949.99,105006.0,104709.6,104895.19,226.64051
2025-01-26 21:30:00+00:00,104895.19,104917.42,104552.48,104557.19,166.35663
2025-01-26 22:00:00+00:00,104557.19,104676.82,104324.32,104527.82,316.38529
2025-01-26 22:30:00+00:00,104527.82,104730.98,104300.01,104330.22,183.23059
2025-01-26 23:00:00+00:00,104330.21,104330.21,102678.0,103136.42,2045.59117
2025-01-26 23:30:00+00:00,103136.42,103136.42,102520.44,102620.0,779.18535
2025-01-27 00:00:00+00:00,102620.01,103260.0,102313.12,102840.03,962.5219
2025-01-27 00:30:00+00:00,102840.03,102902.0,101600.0,101728.0,1438.01451
2025-01-27 01:00:00+00:00,101728.0,102085.04,101168.8,101665.93,1565.97744
2025-01-27 01:30:00+00:00,101665.92,101976.19,101300.03,101308.29,804.61018
2025-01-27 02:00:00+00:00,101308.29,101688.0,100835.25,101328.5,1394.01275
2025-01-27 02:30:00+00:00,101328.5,101362.31,100856.86,101000.0,924.01876
2025-01-27 03:00:00+00:00,100999.99,101858.19,100720.53,101816.79,928.27261
2025-01-27 03:30:00+00:00,101816.79,101816.79,101300.0,101395.64,336.45904
2025-01-27 04:00:00+00:00,101395.64,101399.99,100600.0,100923.0,825.67983
2025-01-27 04:30:00+00:00,100923.0,101000.59,100227.01,100410.04,1183.40832
2025-01-27 05:00:00+00:00,100410.04,100732.0,100293.86,100459.99,612.5054
2025-01-27 05:30:00+00:00,100460.0,100524.0,99713.37,100374.08,2017.22773
2025-01-27 06:00:00+00:00,100374.07,100491.99,99736.12,99980.01,1325.16914
2025-01-27 06:30:00+00:00,99980.02,99980.02,98721.0,98956.32,2508.42572
2025-01-27 07:00:00+00:00,98956.31,99239.0,97777.77,97808.1,2178.17237
2025-01-27 07:30:00+00:00,97808.1,99415.92,97792.0,99048.02,2001.04568
2025-01-27 08:00:00+00:00,99048.01,99367.73,98700.0,99143.5,1050.36386
2025-01-27 08:30:00+00:00,99143.5,99143.5,98700.0,99043.77,790.12365
2025-01-27 09:00:00+00:00,99043.78,99533.33,98806.0,98817.7,857.44494
2025-01-27 09:30:00+00:00,98817.71,99436.11,98800.0,99424.38,712.42086
2025-01-27 10:00:00+00:00,99424.37,99454.76,98962.51,99108.01,532.37986
2025-01-27 10:30:00+00:00,99108.01,99153.99,98263.49,98392.74,1261.29775
2025-01-27 11:00:00+00:00,98392.74,99131.42,98324.01,99057.06,1072.46812
2025-01-27 11:30:00+00:00,99057.05,99362.03,98761.12,98761.13,513.89015
2025-01-27 12:00:00+00:00,98761.12,99250.0,98714.28,99098.01,546.65866
2025-01-27 12:30:00+00:00,99098.0,100910.27,99016.16,100619.68,1618.20581
2025-01-27 13:00:00+00:00,100619.68,101666.66,100316.44,100882.99,2388.72564
2025-01-27 13:30:00+00:00,100882.99,101244.63,100000.0,100483.99,1346.97231
2025-01-27 14:00:00+00:00,100483.98,100830.9,100105.54,100765.4,624.23377
2025-01-27 14:30:00+00:00,100765.41,102317.94,100416.0,101920.89,2488.32097
2025-01-27 15:00:00+00:00,101920.88,102118.49,100852.0,101658.99,1486.60583
2025-01-27 15:30:00+00:00,101658.98,101830.9,101100.0,101112.03,846.35161
2025-01-27 16:00:00+00:00,101112.03,101250.56,100564.0,100829.22,867.75582
2025-01-27 16:30:00+00:00,100829.17,100829.17,99566.25,99744.0,1471.3096
2025-01-27 17:00:00+00:00,99744.0,100050.02,99049.98,99575.13,898.00222
2025-01-27 17:30:00+00:00,99575.12,99980.08,99142.46,99150.01,854.65747
2025-01-27 18:00:00+00:00,99150.01,99753.89,99049.94,99171.43,633.15811
2025-01-27 18:30:00+00:00,99171.44,99545.42,98864.0,99180.0,913.81222
2025-01-27 19:00:00+00:00,99180.0,99779.0,99175.03,99690.0,743.49381
2025-01-27 19:30:00+00:00,99690.04,99952.0,99400.71,99700.02,491.40848
2025-01-27 20:00:00+00:00,99700.01,100412.18,99606.46,100351.68,478.71088
2025-01-27 20:30:00+00:00,100351.99,101750.4,100351.99,101386.5,1058.8908
2025-01-27 21:00:00+00:00,101386.11,102405.0,101324.63,101672.55,1286.57404
2025-01-27 21:30:00+00:00,101672.54,101724.53,100954.0,101349.67,541.00198
2025-01-27 22:00:00+00:00,101349.67,101677.51,101277.77,101474.0,261.22311
2025-01-27 22:30:00+00:00,101474.0,101961.09,101421.36,101637.18,286.98767
2025-01-27 23:00:00+00:00,101637.18,102123.25,101637.18,101739.95,410.62423
2025-01-27 23:30:00+00:00,101739.96,102183.21,101734.4,102082.83,418.53849
2025-01-28 00:00:00+00:00,102082.83,102892.0,102067.8,102191.0,747.80524
2025-01-28 00:30:00+00:00,102190.99,102350.7,101777.0,101856.01,438.16476
2025-01-28 01:00:00+00:00,101856.0,102000.0,101466.0,101475.05,339.78553
2025-01-28 01:30:00+00:00,101475.04,101844.35,101382.66,101382.67,479.1048
2025-01-28 02:00:00+00:00,101382.66,102104.0,101334.55,101975.84,500.34364
2025-01-28 02:30:00+00:00,101975.84,102436.79,101848.89,102402.01,319.67077
2025-01-28 03:00:00+00:00,102402.01,102459.31,102026.02,102353.14,365.57959
2025-01-28 03:30:00+00:00,102353.15,102880.0,102285.48,102636.32,479.78204
2025-01-28 04:00:00+00:00,102636.32,103022.3,102600.0,103013.79,337.18335
2025-01-28 04:30:00+00:00,103013.78,103371.24,102899.9,102901.45,505.12743
2025-01-28 05:00:00+00:00,102901.45,103168.36,102812.9,103035.99,336.74715
2025-01-28 05:30:00+00:00,103036.0,103339.61,102911.2,103014.59,263.58054
2025-01-28 06:00:00+00:00,103014.6,103200.0,102757.17,102849.98,222.0827
2025-01-28 06:30:00+00:00,102849.99,102911.51,102599.2,102744.38,242.01432
2025-01-28 07:00:00+00:00,102744.39,103320.0,102527.39,103272.66,353.44155
2025-01-28 07:30:00+00:00,103272.66,103343.65,102616.23,102789.72,394.28042
2025-01-28 08:00:00+00:00,102789.72,103028.53,102607.34,102832.99,243.17166
2025-01-28 08:30:00+00:00,102832.99,102878.79,102637.75,102851.23,184.87473
2025-01-28 09:00:00+00:00,102851.23,102965.28,102393.94,102474.87,308.77033
2025-01-28 09:30:00+00:00,102474.87,102962.66,102444.11,102955.99,359.63168
2025-01-28 10:00:00+00:00,102955.99,103181.82,102821.71,102953.89,262.3554
2025-01-28 10:30:00+00:00,102953.9,103000.0,102600.79,102745.36,218.63284
2025-01-28 11:00:00+00:00,102745.37,102943.07,102641.87,102693.47,215.4344
2025-01-28 11:30:00+00:00,102693.48,102870.0,102564.77,102762.01,258.7311
2025-01-28 12:00:00+00:00,102762.02,102988.6,102620.0,102683.79,260.65488
2025-01-28 12:30:00+00:00,102683.8,102727.89,102476.63,102599.99,271.65337
2025-01-28 13:00:00+00:00,102599.99,102938.71,102564.0,102820.0,178.44985
2025-01-28 13:30:00+00:00,102820.0,102820.0,102482.35,102597.36,237.36582
2025-01-28 14:00:00+00:00,102597.37,102619.99,101815.26,102580.26,726.53807
2025-01-28 14:30:00+00:00,102580.26,102891.33,102058.99,102641.99,1216.29262
2025-01-28 15:00:00+00:00,102642.0,103315.79,102625.01,103210.22,975.52292
2025-01-28 15:30:00+00:00,103210.22,103800.0,102504.0,102777.99,1239.97347
2025-01-28 16:00:00+00:00,102777.99,102907.98,101906.24,102041.99,997.21105
2025-01-28 16:30:00+00:00,102042.0,102576.93,101972.84,102250.01,548.92374
2025-01-28 17:00:00+00:00,102250.01,103098.0,102220.07,102848.86,832.35554
2025-01-28 17:30:00+00:00,102848.87,102928.0,102338.0,102572.82,569.94449
2025-01-28 18:00:00+00:00,102572.82,103108.0,102375.0,102854.56,677.85022
2025-01-28 18:30:00+00:00,102854.57,102955.89,102160.0,102205.79,361.07748
2025-01-28 19:00:00+00:00,102205.78,102400.0,101820.15,102237.13,465.16975
2025-01-28 19:30:00+00:00,102237.12,102660.0,102043.53,102424.24,243.52176
2025-01-28 20:00:00+00:00,102424.24,102538.0,101955.49,101972.09,295.86172
2025-01-28 20:30:00+00:00,101972.1,102150.23,101197.04,101264.48,669.27045
2025-01-28 21:00:00+00:00,101264.02,101547.22,101090.71,101470.95,478.55732
2025-01-28 21:30:00+00:00,101470.94,101496.66,100272.68,100334.01,896.1445
2025-01-28 22:00:00+00:00,100334.0,101119.54,100274.96,100735.81,571.07718
2025-01-28 22:30:00+00:00,100735.8,101404.0,100568.01,101265.63,285.10194
2025-01-28 23:00:00+00:00,101265.63,101424.07,100908.51,100953.78,331.02708
2025-01-28 23:30:00+00:00,100953.78,101450.0,100750.0,101335.52,316.21646
2025-01-29 00:00:00+00:00,101335.52,101682.58,101328.01,101478.01,301.15752
2025-01-29 00:30:00+00:00,101478.01,101819.67,101396.0,101702.59,202.42956
2025-01-29 01:00:00+00:00,101702.6,101993.68,101616.39,101677.15,203.44958
2025-01-29 01:30:00+00:00,101677.14,101884.0,101461.12,101845.02,262.11007
2025-01-29 02:00:00+00:00,101845.02,102319.69,101787.92,101848.55,289.03078
2025-01-29 02:30:00+00:00,101848.55,101978.32,101696.01,101795.4,76.76656
2025-01-29 03:00:00+00:00,101795.41,102089.8,101764.24,102002.18,166.365
2025-01-29 03:30:00+00:00,102002.19,102162.8,101881.03,102038.2,195.07429
2025-01-29 04:00:00+00:00,102038.21,102146.45,101955.51,102133.33,155.88702
2025-01-29 04:30:00+00:00,102133.33,102190.0,101976.19,102001.06,167.62446
2025-01-29 05:00:00+00:00,102001.06,102384.61,101980.27,102171.99,251.99795
2025-01-29 05:30:00+00:00,102172.0,102308.68,102133.9,102262.0,162.72639
2025-01-29 06:00:00+00:00,102262.0,102600.0,102237.05,102523.08,287.00563
2025-01-29 06:30:00+00:00,102523.09,102853.53,102523.08,102801.64,285.47049
2025-01-29 07:00:00+00:00,102801.64,102815.66,102449.97,102531.52,219.62502
2025-01-29 07:30:00+00:00,102531.52,102755.82,102486.85,102755.82,233.86947
2025-01-29 08:00:00+00:00,102755.81,103000.0,102680.0,102895.36,326.32804
2025-01-29 08:30:00+00:00,102895.36,102976.0,102712.0,102732.03,201.34633
2025-01-29 09:00:00+00:00,102732.03,102770.0,102346.67,102350.0,481.6894
2025-01-29 09:30:00+00:00,102350.0,102555.09,102303.68,102334.4,154.46196
2025-01-29 10:00:00+00:00,102334.41,102700.0,102180.65,102552.95,222.71164
2025-01-29 10:30:00+00:00,102552.95,102726.77,102484.62,102547.01,157.81296
2025-01-29 11:00:00+00:00,102547.01,102620.0,102425.87,102619.99,326.73828
2025-01-29 11:30:00+00:00,102620.0,102809.52,102539.88,102646.0,338.62517
2025-01-29 12:00:00+00:00,102646.0,102842.04,102384.0,102420.0,477.63851
2025-01-29 12:30:00+00:00,102419.99,102544.0,102220.13,102229.85,311.0254
2025-01-29 13:00:00+00:00,102229.85,102330.81,101818.25,101896.01,1369.17163
2025-01-29 13:30:00+00:00,101896.01,102112.5,101699.59,101836.23,384.05973
2025-01-29 14:00:00+00:00,101836.23,102186.58,101751.53,102166.65,289.07024
2025-01-29 14:30:00+00:00,102166.64,102380.0,101582.37,102029.93,745.73584
2025-01-29 15:00:00+00:00,102029.94,102531.64,101867.31,101990.0,498.40708
2025-01-29 15:30:00+00:00,101990.0,102112.5,101798.01,101980.78,307.55433
2025-01-29 16:00:00+00:00,101980.78,102122.86,101675.62,101877.99,351.25015
2025-01-29 16:30:00+00:00,101877.99,102150.0,101814.18,102092.01,278.89697
2025-01-29 17:00:00+00:00,102092.0,102444.0,101995.37,102409.1,290.51115
2025-01-29 17:30:00+00:00,102409.1,102777.78,102359.37,102406.98,521.84156
2025-01-29 18:00:00+00:00,102406.97,102590.59,102008.0,102581.4,397.00667
2025-01-29 18:30:00+00:00,102581.4,103000.0,102581.39,102854.15,544.93667
2025-01-29 19:00:00+00:00,102854.14,102896.92,101400.01,101547.87,1744.7874
2025-01-29 19:30:00+00:00,101547.86,103999.0,101474.11,103583.99,3130.68723
2025-01-29 20:00:00+00:00,103584.0,104689.17,102868.0,104364.59,1923.45458
2025-01-29 20:30:00+00:00,104365.99,104782.68,103945.75,104193.93,1034.78346
2025-01-29 21:00:00+00:00,104193.92,104374.68,103743.45,104111.0,1076.53876
2025-01-29 21:30:00+00:00,104111.0,104393.93,103715.5,103741.11,437.42789
2025-01-29 22:00:00+00:00,103741.11,103831.56,103405.77,103771.28,344.74719
2025-01-29 22:30:00+00:00,103771.29,104010.94,103440.0,103492.06,371.06845
2025-01-29 23:00:00+00:00,103492.07,104344.64,103460.0,104194.64,427.39299
2025-01-29 23:30:00+00:00,104194.65,104205.0,103646.47,103733.24,227.06057
2025-01-30 00:00:00+00:00,103733.25,103818.69,103486.0,103546.0,385.10392
2025-01-30 00:30:00+00:00,103546.0,104123.36,103278.54,104026.04,412.41534
2025-01-30 01:00:00+00:00,104026.05,104499.0,103925.0,104372.22,334.93783
2025-01-30 01:30:00+00:00,104372.23,104555.0,104148.79,104264.15,438.82562
2025-01-30 02:00:00+00:00,104264.15,104360.13,103994.46,104360.13,286.86286
2025-01-30 02:30:00+00:00,104360.13,104668.35,104300.0,104663.19,536.90217
2025-01-30 03:00:00+00:00,104663.19,104748.0,104493.16,104683.55,368.86551
2025-01-30 03:30:00+00:00,104683.56,105300.0,104676.0,105196.0,1112.98992
2025-01-30 04:00:00+00:00,105196.0,105288.63,104897.86,105069.61,363.64699
2025-01-30 04:30:00+00:00,105069.62,105595.81,104842.37,105478.0,495.18613
2025-01-30 05:00:00+00:00,105478.0,105520.0,105210.5,105304.76,382.8045
2025-01-30 05:30:00+00:00,105304.76,105375.71,104996.97,105375.7,423.0957
2025-01-30 06:00:00+00:00,105375.7,105580.16,105208.01,105212.76,337.57777
2025-01-30 06:30:00+00:00,105212.76,105297.59,105163.44,105184.37,214.9287
2025-01-30 07:00:00+00:00,105184.38,105348.0,104831.98,105007.97,331.13727
2025-01-30 07:30:00+00:00,105007.96,105160.95,104799.66,105132.07,246.70788
2025-01-30 08:00:00+00:00,105132.07,105368.84,104925.26,105167.01,303.02872
2025-01-30 08:30:00+00:00,105167.01,105291.14,105014.9,105060.01,169.10944
2025-01-30 09:00:00+00:00,105060.01,105293.95,105021.36,105293.94,204.4306
2025-01-30 09:30:00+00:00,105293.95,105534.0,105278.05,105412.05,296.74529
2025-01-30 10:00:00+00:00,105412.05,105412.06,105117.63,105258.02,253.93572
2025-01-30 10:30:00+00:00,105258.01,105364.0,105186.55,105345.4,109.35489
2025-01-30 11:00:00+00:00,105345.41,105345.41,105078.01,105123.99,172.09774
2025-01-30 11:30:00+00:00,105123.99,105392.0,105109.65,105300.63,181.51343
2025-01-30 12:00:00+00:00,105300.63,105312.93,105000.0,105036.08,216.21327
2025-01-30 12:30:00+00:00,105036.09,105110.37,104836.85,105020.0,223.87129
2025-01-30 13:00:00+00:00,105020.01,105367.57,104929.72,105259.15,331.81538
2025-01-30 13:30:00+00:00,105259.14,105337.43,104836.58,104879.99,474.25524
2025-01-30 14:00:00+00:00,104879.99,105044.4,104660.0,104909.42,502.80011
2025-01-30 14:30:00+00:00,104909.42,106222.08,104768.48,105920.57,1709.33734
2025-01-30 15:00:00+00:00,105920.57,106457.44,105353.85,105498.3,1428.315
2025-01-30 15:30:00+00:00,105498.3,106165.15,105450.0,105564.0,700.20385
2025-01-30 16:00:00+00:00,105563.99,106004.48,105455.3,105948.73,597.44883
2025-01-30 16:30:00+00:00,105948.73,106013.01,105624.53,105696.96,394.86513
2025-01-30 17:00:00+00:00,105696.96,105698.27,105111.0,105131.77,421.00374
2025-01-30 17:30:00+00:00,105131.76,105333.06,104900.14,105300.01,437.48325
2025-01-30 18:00:00+00:00,105300.01,105330.95,104762.59,104910.75,349.1427
2025-01-30 18:30:00+00:00,104910.75,105583.39,104888.85,105578.95,320.32691
2025-01-30 19:00:00+00:00,105578.96,105632.25,105231.58,105410.77,340.33109
2025-01-30 19:30:00+00:00,105410.78,105776.87,105244.47,105711.27,282.15148
2025-01-30 20:00:00+00:00,105711.28,105821.62,105642.06,105653.05,351.84932
2025-01-30 20:30:00+00:00,105653.05,105669.48,104815.82,104907.15,766.57821
2025-01-30 21:00:00+00:00,104907.1,105200.0,104805.15,105006.73,281.97391
2025-01-30 21:30:00+00:00,105006.73,105217.17,104929.86,105048.89,206.87944
2025-01-30 22:00:00+00:00,105048.89,105126.28,104962.11,105087.17,131.14231
2025-01-30 22:30:00+00:00,105087.17,105351.29,105079.2,105094.56,148.38336
2025-01-30 23:00:00+00:00,105094.57,105254.0,105049.94,105202.44,135.23557
2025-01-30 23:30:00+00:00,105202.44,105202.45,104693.82,104722.94,260.26405
2025-01-31 00:00:00+00:00,104722.94,104850.0,104400.0,104763.56,425.99318
2025-01-31 00:30:00+00:00,104763.56,105029.72,104679.41,104898.49,226.02588
2025-01-31 01:00:00+00:00,104898.48,104908.15,104420.97,104499.17,195.61998
2025-01-31 01:30:00+00:00,104499.17,104767.67,104499.16,104729.58,198.13064
2025-01-31 02:00:00+00:00,104729.95,104851.99,104331.0,104368.72,284.31858
2025-01-31 02:30:00+00:00,104368.49,104485.0,104255.01,104341.72,299.47135
2025-01-31 03:00:00+00:00,104341.73,104341.73,103930.09,104106.01,597.15068
2025-01-31 03:30:00+00:00,104106.0,104377.76,104000.0,104344.46,283.83758
2025-01-31 04:00:00+00:00,104344.46,104547.24,104177.16,104500.36,136.63003
2025-01-31 04:30:00+00:00,104500.35,104520.39,103972.13,104007.58,258.42127
2025-01-31 05:00:00+00:00,104007.59,104484.09,104007.59,104418.86,179.30246
2025-01-31 05:30:00+00:00,104418.87,104441.8,104258.29,104319.87,180.17333
2025-01-31 06:00:00+00:00,104319.87,104557.34,104298.73,104539.84,145.07514
2025-01-31 06:30:00+00:00,104539.83,104745.1,104509.8,104511.02,182.77803
2025-01-31 07:00:00+00:00,104511.03,104814.46,104470.58,104676.71,164.78991
2025-01-31 07:30:00+00:00,104676.71,104676.72,104002.01,104188.56,621.7685
2025-01-31 08:00:00+00:00,104188.57,104321.98,104013.63,104083.56,280.74641
2025-01-31 08:30:00+00:00,104083.55,104252.6,104023.91,104028.78,161.2453
2025-01-31 09:00:00+00:00,104028.79,104230.52,103936.54,104193.63,357.10336
2025-01-31 09:30:00+00:00,104193.64,104329.73,104119.15,104256.56,320.83024
2025-01-31 10:00:00+00:00,104256.57,104310.53,104080.1,104153.96,140.67465
2025-01-31 10:30:00+00:00,104153.96,104431.49,104100.64,104284.1,157.90308
2025-01-31 11:00:00+00:00,104284.1,104848.65,104284.1,104823.5,369.03413
2025-01-31 11:30:00+00:00,104823.5,104823.5,104551.35,104736.0,205.27303
2025-01-31 12:00:00+00:00,104736.01,104918.3,104612.07,104705.89,293.95056
2025-01-31 12:30:00+00:00,104705.89,104773.04,104553.71,104704.68,319.53774
2025-01-31 13:00:00+00:00,104704.69,105036.03,104704.68,104862.74,335.46111
2025-01-31 13:30:00+00:00,104862.74,104939.99,104551.09,104664.02,324.60649
2025-01-31 14:00:00+00:00,104664.01,104768.71,104470.58,104721.31,309.54677
2025-01-31 14:30:00+00:00,104721.31,104860.0,104106.0,104442.79,755.06915
2025-01-31 15:00:00+00:00,104443.99,105200.0,104443.99,105166.25,969.92369
2025-01-31 15:30:00+00:00,105166.24,106012.0,105104.53,105464.01,1521.55671
2025-01-31 16:00:00+00:00,105464.0,105574.4,104696.23,104804.01,762.96914
2025-01-31 16:30:00+00:00,104804.01,105101.06,104795.26,105081.87,488.19766
2025-01-31 17:00:00+00:00,105081.86,105081.87,104542.0,104995.75,403.10705
2025-01-31 17:30:00+00:00,104995.75,105025.92,104580.87,104580.87,297.39116
2025-01-31 18:00:00+00:00,104580.87,104820.0,104000.0,104018.68,565.56022
2025-01-31 18:30:00+00:00,104018.67,104018.67,102605.0,102627.29,1892.51367
2025-01-31 19:00:00+00:00,102627.29,103016.66,102138.8,102508.33,1163.16249
2025-01-31 19:30:00+00:00,102508.33,102659.45,102122.0,102312.32,803.94693
2025-01-31 20:00:00+00:00,102312.31,102312.31,101694.87,101938.43,967.73455
2025-01-31 20:30:00+00:00,101938.42,102321.42,101603.23,101680.02,1041.80582
2025-01-31 21:00:00+00:00,101680.02,101948.96,101608.0,101625.31,550.95546
2025-01-31 21:30:00+00:00,101625.32,102166.11,101560.0,102148.73,496.61921
2025-01-31 22:00:00+00:00,102148.72,102380.66,101918.46,102366.06,322.4752
2025-01-31 22:30:00+00:00,102366.07,102482.94,102050.0,102261.3,437.48202
2025-01-31 23:00:00+00:00,102261.29,102268.05,101955.0,102268.05,364.39134
2025-01-31 23:30:00+00:00,102268.04,102439.31,102089.84,102429.56,222.92105
2025-02-01 00:00:00+00:00,102429.56,102575.06,102274.5,102282.28,271.11823
2025-02-01 00:30:00+00:00,102282.29,102515.0,102213.07,102494.94,267.00353
2025-02-01 01:00:00+00:00,102494.94,102710.38,102460.33,102710.38,222.92584
2025-02-01 01:30:00+00:00,102710.37,102780.27,102532.5,102566.0,278.51246
2025-02-01 02:00:00+00:00,102566.0,102783.71,102408.95,102706.53,200.99715
2025-02-01 02:30:00+00:00,102706.53,102711.69,102400.0,102467.77,235.03803
2025-02-01 03:00:00+00:00,102466.96,102518.42,102300.0,102346.0,151.87827
2025-02-01 03:30:00+00:00,102346.0,102360.0,102198.52,102249.19,182.86934
2025-02-01 04:00:00+00:00,102249.19,102331.16,102118.56,102238.06,171.78237
2025-02-01 04:30:00+00:00,102238.07,102503.03,102236.55,102316.16,150.51294
2025-02-01 05:00:00+00:00,102316.15,102479.48,102235.29,102479.47,135.86124
2025-02-01 05:30:00+00:00,102479.47,102588.57,102437.11,102500.0,118.82373
2025-02-01 06:00:00+00:00,102500.0,102577.12,102313.72,102354.9,104.11323
2025-02-01 06:30:00+00:00,102354.89,102446.14,102184.46,102402.91,127.8576
2025-02-01 07:00:00+00:00,102402.91,102494.69,102265.55,102301.44,122.43674
2025-02-01 07:30:00+00:00,102301.44,102380.0,102161.82,102166.49,120.83016
2025-02-01 08:00:00+00:00,102166.49,102276.99,101952.0,102009.26,366.47871
2025-02-01 08:30:00+00:00,102009.27,102053.14,101836.43,102016.85,283.17146
2025-02-01 09:00:00+00:00,102016.85,102016.85,101800.01,101865.14,192.6892
2025-02-01 09:30:00+00:00,101865.14,101889.99,101412.0,101675.99,445.31884
2025-02-01 10:00:00+00:00,101675.99,101939.49,101675.99,101872.03,215.87768
2025-02-01 10:30:00+00:00,101872.02,101984.99,101626.82,101638.0,195.99689
2025-02-01 11:00:00+00:00,101638.0,102026.79,101638.0,101980.68,155.74974
2025-02-01 11:30:00+00:00,101980.67,102055.98,101879.75,102028.81,173.86252
2025-02-01 12:00:00+00:00,102028.82,102205.3,102009.12,102178.6,221.3111
2025-02-01 12:30:00+00:00,102178.61,102329.01,102156.22,102277.71,228.47525
2025-02-01 13:00:00+00:00,102277.71,102278.0,102163.56,102246.0,155.61559
2025-02-01 13:30:00+00:00,102245.99,102284.46,101799.9,101869.02,292.23188
2025-02-01 14:00:00+00:00,101869.04,102119.24,101812.0,102111.18,213.46933
2025-02-01 14:30:00+00:00,102111.17,102173.45,101827.52,101827.53,220.81076
2025-02-01 15:00:00+00:00,101827.53,102059.66,101730.79,102005.33,203.06999
2025-02-01 15:30:00+00:00,102005.34,102185.94,101959.57,102073.89,169.69129
2025-02-01 16:00:00+00:00,102073.89,102209.98,101906.59,102086.24,185.2779
2025-02-01 16:30:00+00:00,102086.24,102113.91,101863.77,101892.32,128.56881
2025-02-01 17:00:00+00:00,101892.32,102297.99,101892.32,102212.44,237.45256
2025-02-01 17:30:00+00:00,102212.45,102287.3,102094.0,102262.49,83.4494
2025-02-01 18:00:00+00:00,102262.5,102279.52,102107.93,102154.24,100.06019
2025-02-01 18:30:00+00:00,102154.23,102200.79,101965.24,102003.7,111.08809
2025-02-01 19:00:00+00:00,102003.7,102023.63,101777.56,101806.86,225.02377
2025-02-01 19:30:00+00:00,101806.86,101856.44,101448.0,101669.6,401.65986
2025-02-01 20:00:00+00:00,101669.6,101669.6,101151.25,101215.93,727.95244
2025-02-01 20:30:00+00:00,101215.93,101532.39,101000.0,101333.34,555.19371
2025-02-01 21:00:00+00:00,101333.34,101578.04,101176.7,101480.68,278.2635
2025-02-01 21:30:00+00:00,101480.68,101490.2,101001.0,101199.82,346.18542
2025-02-01 22:00:00+00:00,101199.81,101428.0,100666.0,100730.0,536.9895
2025-02-01 22:30:00+00:00,100730.0,100968.18,100510.0,100666.91,482.71919
2025-02-01 23:00:00+00:00,100666.9,100684.0,100279.51,100517.7,921.91142
2025-02-01 23:30:00+00:00,100517.69,100871.45,100462.9,100635.65,372.78062
2025-02-02 00:00:00+00:00,100635.66,101180.01,100500.0,101150.47,356.10283
2025-02-02 00:30:00+00:00,101150.46,101288.51,101058.82,101243.86,268.98636
2025-02-02 01:00:00+00:00,101243.86,101456.6,101185.82,101374.59,183.38481
2025-02-02 01:30:00+00:00,101374.6,101382.25,101165.1,101248.38,173.3907
2025-02-02 02:00:00+00:00,101248.38,101271.32,100769.18,100930.32,324.07041
2025-02-02 02:30:00+00:00,100930.33,100930.33,100425.0,100452.16,387.37701
2025-02-02 03:00:00+00:00,100452.16,100755.93,99418.5,99612.0,2024.5643
2025-02-02 03:30:00+00:00,99611.99,99754.69,99148.91,99206.86,847.46996
2025-02-02 04:00:00+00:00,99206.85,99681.67,99031.19,99539.09,786.99344
2025-02-02 04:30:00+00:00,99539.08,99884.0,99465.62,99538.6,460.37108
2025-02-02 05:00:00+00:00,99538.6,99982.38,99500.0,99820.64,317.75681
2025-02-02 05:30:00+00:00,99820.64,100342.69,99804.01,100259.53,396.47191
2025-02-02 06:00:00+00:00,100259.53,100515.99,100094.69,100488.01,367.67376
2025-02-02 06:30:00+00:00,100488.01,100488.02,100238.9,100265.15,284.93046
2025-02-02 07:00:00+00:00,100265.15,100277.54,99781.62,99886.45,337.91993
2025-02-02 07:30:00+00:00,99886.46,99959.65,99565.6,99643.3,526.66599
2025-02-02 08:00:00+00:00,99643.3,99842.29,99315.91,99753.74,584.41233
2025-02-02 08:30:00+00:00,99753.74,100100.0,99655.5,99831.04,333.45755
2025-02-02 09:00:00+00:00,99831.05,99831.05,99352.94,99562.01,428.00893
2025-02-02 09:30:00+00:00,99562.0,99864.02,99495.14,99690.78,286.65586
2025-02-02 10:00:00+00:00,99690.78,99694.72,99200.0,99368.33,618.88247
2025-02-02 10:30:00+00:00,99368.33,99644.49,99276.43,99417.06,361.0691
2025-02-02 11:00:00+00:00,99417.07,99604.0,99000.0,99006.01,496.18091
2025-02-02 11:30:00+00:00,99006.0,99272.7,98645.0,98864.6,998.55615
2025-02-02 12:00:00+00:00,98864.6,99166.19,98742.13,98831.91,506.89583
2025-02-02 12:30:00+00:00,98831.92,98831.92,98157.0,98178.0,944.92468
2025-02-02 13:00:00+00:00,98178.0,98810.42,98160.0,98733.7,599.62815
2025-02-02 13:30:00+00:00,98733.7,98827.18,98484.2,98795.88,1155.63129
2025-02-02 14:00:00+00:00,98795.89,99422.0,98705.88,99421.99,796.50155
2025-02-02 14:30:00+00:00,99421.99,99439.05,99172.72,99205.08,355.92074
2025-02-02 15:00:00+00:00,99205.08,99264.0,98824.0,98826.35,494.97488
2025-02-02 15:30:00+00:00,98826.36,99405.74,98720.55,99346.87,410.9088
2025-02-02 16:00:00+00:00,99346.87,99361.97,98816.56,98847.68,495.38124
2025-02-02 16:30:00+00:00,98847.69,98954.89,98075.02,98264.0,958.32321
2025-02-02 17:00:00+00:00,98264.01,98580.38,97632.58,97848.01,1383.23195
2025-02-02 17:30:00+00:00,97848.0,98128.0,97019.0,97228.85,1829.21758
2025-02-02 18:00:00+00:00,97228.86,97931.65,97019.0,97831.99,1159.5015
2025-02-02 18:30:00+00:00,97831.99,97871.03,96821.54,97087.92,1688.23
2025-02-02 19:00:00+00:00,97087.92,97578.0,96842.33,97521.73,1075.3481
2025-02-02 19:30:00+00:00,97521.73,98700.0,97508.0,98273.16,1106.50378
2025-02-02 20:00:00+00:00,98273.17,98628.74,98100.0,98171.56,546.0609
2025-02-02 20:30:00+00:00,98171.56,98250.0,97650.54,97798.0,437.64433
2025-02-02 21:00:00+00:00,97798.01,97977.02,96930.96,96948.2,652.44173
2025-02-02 21:30:00+00:00,96948.2,97316.45,96573.47,97020.54,965.69547
2025-02-02 22:00:00+00:00,97020.56,97732.3,96980.96,97409.03,663.15386
2025-02-02 22:30:00+00:00,97409.03,98022.2,96150.0,97994.46,1485.42504
2025-02-02 23:00:00+00:00,97994.47,97994.47,96543.1,97018.79,1555.27656
2025-02-02 23:30:00+00:00,97018.79,97793.27,96751.99,97700.59,1201.32516
2025-02-03 00:00:00+00:00,97700.59,97782.79,96060.0,97074.0,1708.97429
2025-02-03 00:30:00+00:00,97073.99,97191.11,95500.0,96511.33,3311.73914
2025-02-03 01:00:00+00:00,96511.33,96945.03,95054.16,95163.95,2618.09483
2025-02-03 01:30:00+00:00,95161.49,95454.41,92000.0,93435.82,7913.13252
2025-02-03 02:00:00+00:00,93436.97,94980.0,91231.0,93885.99,7225.18013
2025-02-03 02:30:00+00:00,93885.99,94176.46,93243.5,93566.01,3370.18022
2025-02-03 03:00:00+00:00,93566.0,94688.0,93426.49,94436.0,2298.98112
2025-02-03 03:30:00+00:00,94436.0,94516.65,93776.0,94038.74,1283.20885
2025-02-03 04:00:00+00:00,94038.75,94490.72,93149.91,93352.95,1121.24782
2025-02-03 04:30:00+00:00,93352.95,93528.72,92646.36,92786.53,1339.64134
2025-02-03 05:00:00+00:00,92786.53,93683.75,92760.8,93587.99,919.97596
2025-02-03 05:30:00+00:00,93587.99,94273.84,93478.26,94216.0,795.28489
2025-02-03 06:00:00+00:00,94215.99,94467.75,93755.57,94439.78,750.47845
2025-02-03 06:30:00+00:00,94439.78,94600.0,93657.33,93911.04,955.84153
2025-02-03 07:00:00+00:00,93911.05,94335.95,93846.32,94200.33,622.38301
2025-02-03 07:30:00+00:00,94200.32,95426.63,94018.65,95333.01,1278.465
2025-02-03 08:00:00+00:00,95333.01,95557.75,94915.25,95390.39,1026.64635
2025-02-03 08:30:00+00:00,95390.39,95634.39,94850.85,95340.0,805.47999
2025-02-03 09:00:00+00:00,95339.99,95950.68,95264.3,95880.57,1296.58328
2025-02-03 09:30:00+00:00,95880.58,95926.0,95222.03,95277.0,799.25512
2025-02-03 10:00:00+00:00,95277.0,95428.58,94799.29,95059.99,785.08692
2025-02-03 10:30:00+00:00,95059.99,95725.25,94943.45,95702.67,526.93303
2025-02-03 11:00:00+00:00,95702.68,95716.21,95305.2,95413.87,479.39562
2025-02-03 11:30:00+00:00,95413.86,95413.86,94953.6,95107.89,573.2444
2025-02-03 12:00:00+00:00,95107.89,95625.0,94934.73,95369.98,777.86913
2025-02-03 12:30:00+00:00,95369.99,95422.0,94757.22,94764.01,735.78997
2025-02-03 13:00:00+00:00,94764.01,95111.85,94367.92,94374.36,836.82514
2025-02-03 13:30:00+00:00,94374.35,95400.0,94371.98,94664.51,851.23216
2025-02-03 14:00:00+00:00,94664.52,94873.99,94131.14,94772.0,984.81108
2025-02-03 14:30:00+00:00,94772.0,96702.12,94372.4,96589.5,3487.20588
2025-02-03 15:00:00+00:00,96589.5,98555.0,96190.47,98339.99,3277.38951
2025-02-03 15:30:00+00:00,98340.0,99500.0,97808.83,98842.0,3197.4392
2025-02-03 16:00:00+00:00,98842.0,99041.89,98164.0,98696.99,1782.35537
2025-02-03 16:30:00+00:00,98696.99,99000.0,98447.2,98543.08,1113.44821
2025-02-03 17:00:00+00:00,98543.08,98919.03,98038.58,98524.79,1122.71078
2025-02-03 17:30:00+00:00,98524.79,99313.09,98045.18,99206.38,1427.84185
2025-02-03 18:00:00+00:00,99206.38,99620.0,98941.17,99469.98,1006.2042
2025-02-03 18:30:00+00:00,99469.98,99943.63,99242.51,99816.05,996.72143
2025-02-03 19:00:00+00:00,99816.05,100877.0,99576.02,100481.88,1500.88024
2025-02-03 19:30:00+00:00,100481.89,101880.0,100466.7,101880.0,1544.28247
2025-02-03 20:00:00+00:00,101879.99,101900.0,100980.0,101702.94,1888.34657
2025-02-03 20:30:00+00:00,101702.94,101951.82,101035.52,101083.0,946.75685
2025-02-03 21:00:00+00:00,101081.4,101377.09,100918.0,101213.45,583.11635
2025-02-03 21:30:00+00:00,101213.46,101978.84,101120.0,101802.55,658.10937
2025-02-03 22:00:00+00:00,101802.56,102500.01,101622.02,102000.02,1202.61056
2025-02-03 22:30:00+00:00,102000.02,102042.08,101479.14,101695.62,506.24386
2025-02-03 23:00:00+00:00,101695.62,101827.98,101425.21,101528.81,572.37297
2025-02-03 23:30:00+00:00,101528.81,101637.12,101270.49,101328.52,358.74154
2025-02-04 00:00:00+00:00,101328.51,101660.94,101279.14,101313.43,543.8615
2025-02-04 00:30:00+00:00,101313.44,101559.49,100985.09,101058.01,454.58152
2025-02-04 01:00:00+00:00,101058.01,101250.0,100743.33,101249.09,599.37517
2025-02-04 01:30:00+00:00,101249.08,101732.31,101093.95,101382.68,633.76566
2025-02-04 02:00:00+00:00,101382.69,101435.66,101004.22,101062.2,426.99549
2025-02-04 02:30:00+00:00,101062.2,101281.39,100804.54,100839.99,332.934
2025-02-04 03:00:00+00:00,100839.99,101021.78,100618.39,100638.53,447.80004
2025-02-04 03:30:00+00:00,100638.52,100765.7,100534.03,100629.7,388.48418
2025-02-04 04:00:00+00:00,100629.7,100764.11,100150.0,100260.87,937.89768
2025-02-04 04:30:00+00:00,100260.86,100337.2,100009.97,100053.12,443.90744
2025-02-04 05:00:00+00:00,100053.11,100094.09,98404.69,98839.5,1962.20267
2025-02-04 05:30:00+00:00,98839.49,99298.89,98229.82,98865.99,1326.85848
2025-02-04 06:00:00+00:00,98866.0,99673.6,98838.28,99046.65,971.09623
2025-02-04 06:30:00+00:00,99046.66,99533.7,99014.0,99367.58,464.29487
2025-02-04 07:00:00+00:00,99367.58,99473.85,99001.0,99019.98,553.04434
2025-02-04 07:30:00+00:00,99019.98,99104.11,98316.27,98448.02,835.90881
2025-02-04 08:00:00+00:00,98448.01,98730.8,98107.17,98639.8,885.87177
2025-02-04 08:30:00+00:00,98639.81,98669.34,97860.0,98304.34,866.33795
2025-02-04 09:00:00+00:00,98304.35,98774.19,98271.73,98637.06,517.37273
2025-02-04 09:30:00+00:00,98637.05,98809.18,98304.35,98338.23,467.79708
2025-02-04 10:00:00+00:00,98338.23,98841.53,98338.22,98757.97,458.97104
2025-02-04 10:30:00+00:00,98757.98,98976.96,98526.01,98779.91,365.23942
2025-02-04 11:00:00+00:00,98779.91,99445.17,98742.47,99329.02,616.3645
2025-02-04 11:30:00+00:00,99329.02,99369.28,98902.0,98967.7,361.27942
2025-02-04 12:00:00+00:00,98967.7,99430.8,98967.7,99279.99,459.98786
2025-02-04 12:30:00+00:00,99280.0,99789.0,99183.33,99362.04,623.8214
2025-02-04 13:00:00+00:00,99362.04,99545.35,99258.85,99478.26,487.9967
2025-02-04 13:30:00+00:00,99478.27,99524.71,98958.9,99007.22,732.16274
2025-02-04 14:00:00+00:00,99007.22,99302.24,98561.48,99239.99,1085.65158
2025-02-04 14:30:00+00:00,99239.99,100415.0,99059.61,99984.72,1945.10971
2025-02-04 15:00:00+00:00,99984.72,100223.38,98275.98,98994.14,2148.47587
2025-02-04 15:30:00+00:00,98994.14,99606.85,98732.18,99347.19,939.16139
2025-02-04 16:00:00+00:00,99347.18,99949.5,99050.0,99754.58,868.07182
2025-02-04 16:30:00+00:00,99754.58,99797.34,99028.46,99043.48,561.35769
2025-02-04 17:00:00+00:00,99043.48,99613.25,98829.64,98878.74,887.63613
2025-02-04 17:30:00+00:00,98878.74,99300.0,98878.74,99168.35,697.73033
2025-02-04 18:00:00+00:00,99168.35,99235.4,98778.58,99068.35,417.6006
2025-02-04 18:30:00+00:00,99068.35,99566.66,98950.4,99415.2,482.45564
2025-02-04 19:00:00+00:00,99415.2,100700.0,99328.0,100418.01,871.37953
2025-02-04 19:30:00+00:00,100418.01,100777.93,98782.6,98859.77,1831.71875
2025-02-04 20:00:00+00:00,98859.78,99444.02,97965.63,98274.48,2497.93973
2025-02-04 20:30:00+00:00,98274.48,99035.85,98165.25,98652.18,871.24286
2025-02-04 21:00:00+00:00,98652.18,98673.86,97200.0,97251.6,1463.63861
2025-02-04 21:30:00+00:00,97251.59,97308.0,96422.0,96514.47,1486.69859
2025-02-04 22:00:00+00:00,96514.47,97253.72,96150.0,96950.01,1461.56641
2025-02-04 22:30:00+00:00,96950.01,97967.4,96769.23,97691.2,585.36364
2025-02-04 23:00:00+00:00,97691.2,97979.58,97500.0,97535.4,582.92092
2025-02-04 23:30:00+00:00,97535.4,98224.97,97473.32,97763.13,416.05648
2025-02-05 00:00:00+00:00,97763.14,98189.97,97711.7,98166.0,378.80967
2025-02-05 00:30:00+00:00,98166.0,98390.7,97924.01,98274.01,381.91931
2025-02-05 01:00:00+00:00,98274.01,98930.44,98175.0,98212.63,724.22598
2025-02-05 01:30:00+00:00,98212.63,98369.64,97662.18,97849.82,545.46793
2025-02-05 02:00:00+00:00,97849.81,98037.68,97131.43,97420.0,837.63552
2025-02-05 02:30:00+00:00,97419.99,98192.0,97403.58,97993.99,520.14788
2025-02-05 03:00:00+00:00,97994.0,98122.5,97771.82,97923.92,348.47107
2025-02-05 03:30:00+00:00,97923.92,98324.16,97923.92,98040.0,302.70706
2025-02-05 04:00:00+00:00,98040.01,98199.99,97916.65,97928.0,314.30884
2025-02-05 04:30:00+00:00,97927.99,98332.41,97916.02,98046.0,310.57567
2025-02-05 05:00:00+00:00,98045.99,98188.84,97849.23,97936.85,276.67929
2025-02-05 05:30:00+00:00,97936.84,98300.0,97681.53,98138.4,498.78624
2025-02-05 06:00:00+00:00,98138.4,98222.0,97801.52,97899.86,339.48186
2025-02-05 06:30:00+00:00,97899.86,97920.0,97559.12,97652.0,574.51641
2025-02-05 07:00:00+00:00,97652.0,97666.0,97352.77,97649.31,575.4585
2025-02-05 07:30:00+00:00,97649.31,97984.53,97500.51,97864.43,343.69475
2025-02-05 08:00:00+00:00,97864.43,98038.0,97717.92,97803.71,215.40298
2025-02-05 08:30:00+00:00,97803.71,97843.11,97572.0,97634.24,300.61048
2025-02-05 09:00:00+00:00,97634.25,97970.61,97518.24,97782.07,303.91215
2025-02-05 09:30:00+00:00,97782.08,97782.08,97257.05,97405.61,483.85329
2025-02-05 10:00:00+00:00,97405.61,97930.01,97348.3,97929.32,351.99796
2025-02-05 10:30:00+00:00,97929.32,98040.71,97720.0,97734.96,564.78177
2025-02-05 11:00:00+00:00,97734.97,98177.9,97708.0,97888.09,499.97917
2025-02-05 11:30:00+00:00,97888.09,98256.0,97871.38,98198.0,408.05914
2025-02-05 12:00:00+00:00,98198.0,98710.38,98155.91,98549.99,772.14039
2025-02-05 12:30:00+00:00,98549.99,98639.9,97992.0,98057.61,519.16107
2025-02-05 13:00:00+00:00,98057.62,98548.38,97941.6,98418.89,522.72064
2025-02-05 13:30:00+00:00,98418.89,98683.82,98399.06,98570.01,278.39098
2025-02-05 14:00:00+00:00,98570.0,98783.74,98382.54,98735.36,314.61085
2025-02-05 14:30:00+00:00,98735.36,99149.0,98121.81,98292.27,1079.49826
2025-02-05 15:00:00+00:00,98292.27,98539.88,97734.69,98487.99,1062.99868
2025-02-05 15:30:00+00:00,98487.99,98550.0,97910.33,98116.24,642.48399
2025-02-05 16:00:00+00:00,98116.24,98160.0,97326.99,97798.0,813.37168
2025-02-05 16:30:00+00:00,97798.01,98277.02,97537.36,97974.01,513.66924
2025-02-05 17:00:00+00:00,97974.01,98256.36,97402.7,97608.0,622.77444
2025-02-05 17:30:00+00:00,97608.01,97760.87,97349.98,97550.74,426.05361
2025-02-05 18:00:00+00:00,97550.12,97700.0,96817.19,97130.83,836.55163
2025-02-05 18:30:00+00:00,97130.82,97334.0,96517.22,96723.66,571.12675
2025-02-05 19:00:00+00:00,96723.66,97190.67,96500.0,97176.96,573.91761
2025-02-05 19:30:00+00:00,97176.97,97519.54,97044.0,97370.0,464.53652
2025-02-05 20:00:00+00:00,97370.0,97706.37,97370.0,97634.0,457.7313
2025-02-05 20:30:00+00:00,97634.01,97700.0,96870.39,97323.39,801.18906
2025-02-05 21:00:00+00:00,97323.4,97532.61,97100.1,97299.24,606.7668
2025-02-05 21:30:00+00:00,97299.23,97500.0,96769.23,96904.11,627.28544
2025-02-05 22:00:00+00:00,96904.11,97047.89,96456.0,96530.87,1248.81415
2025-02-05 22:30:00+00:00,96530.87,96840.0,96241.12,96445.63,1197.1846
2025-02-05 23:00:00+00:00,96445.64,96853.57,96240.88,96327.51,521.47341
2025-02-05 23:30:00+00:00,96327.52,96665.81,96155.0,96612.43,357.37042
2025-02-06 00:00:00+00:00,96612.44,96936.81,96430.78,96688.13,545.42522
2025-02-06 00:30:00+00:00,96688.14,96999.26,96584.4,96826.96,438.04918
2025-02-06 01:00:00+00:00,96826.97,97218.84,96639.65,97024.77,333.91029
2025-02-06 01:30:00+00:00,97024.78,97200.0,96840.01,97159.68,297.73229
2025-02-06 02:00:00+00:00,97159.69,97458.02,97103.47,97227.82,323.74558
2025-02-06 02:30:00+00:00,97227.82,97419.99,97129.58,97364.08,181.35614
2025-02-06 03:00:00+00:00,97364.09,97412.0,97073.36,97251.02,213.53712
2025-02-06 03:30:00+00:00,97251.03,97493.07,97160.33,97355.67,218.39612
2025-02-06 04:00:00+00:00,97355.66,97860.85,97273.71,97714.01,319.61013
2025-02-06 04:30:00+00:00,97714.01,97714.01,97516.52,97617.01,131.24192
2025-02-06 05:00:00+00:00,97617.02,97779.5,97600.0,97749.04,245.52544
2025-02-06 05:30:00+00:00,97748.85,97885.99,97696.48,97831.47,136.66619
2025-02-06 06:00:00+00:00,97831.47,98264.1,97704.0,98051.01,336.24087
2025-02-06 06:30:00+00:00,98051.01,98436.61,98051.0,98386.89,345.70678
2025-02-06 07:00:00+00:00,98386.9,98386.9,98040.76,98172.96,324.13295
2025-02-06 07:30:00+00:00,98172.96,98300.0,98012.73,98195.61,236.33635
2025-02-06 08:00:00+00:00,98195.6,98321.84,98040.53,98048.0,207.83277
2025-02-06 08:30:00+00:00,98048.0,98197.39,97910.01,98128.43,207.23771
2025-02-06 09:00:00+00:00,98128.42,98706.53,98110.7,98459.99,431.78107
2025-02-06 09:30:00+00:00,98459.99,98725.16,98459.99,98614.41,300.46891
2025-02-06 10:00:00+00:00,98614.4,98988.5,98614.4,98875.14,440.80681
2025-02-06 10:30:00+00:00,98875.15,99040.0,98646.75,99013.3,355.19933
2025-02-06 11:00:00+00:00,99013.3,99036.69,98472.72,98638.84,353.35268
2025-02-06 11:30:00+00:00,98638.85,99120.0,98405.0,98877.99,432.75447
2025-02-06 12:00:00+00:00,98877.99,99040.09,98515.48,98639.4,453.08518
2025-02-06 12:30:00+00:00,98639.4,98644.53,98283.45,98346.09,407.58475
2025-02-06 13:00:00+00:00,98346.09,98473.89,98166.7,98261.27,391.75949
2025-02-06 13:30:00+00:00,98261.27,98783.4,98261.26,98604.5,516.71197
2025-02-06 14:00:00+00:00,98604.5,98745.2,98118.0,98279.99,669.25096
2025-02-06 14:30:00+00:00,98279.99,98924.09,97795.76,97835.98,1205.91401
2025-02-06 15:00:00+00:00,97835.98,98064.34,97530.71,97582.02,955.32197
2025-02-06 15:30:00+00:00,97582.02,97589.21,96930.17,97333.09,1601.94376
2025-02-06 16:00:00+00:00,97333.09,97547.71,96909.09,97044.36,790.86628
2025-02-06 16:30:00+00:00,97044.36,97099.28,96400.0,96586.96,929.24645
2025-02-06 17:00:00+00:00,96586.96,96860.27,96340.81,96814.45,655.17326
2025-02-06 17:30:00+00:00,96814.45,97188.16,96644.0,96715.35,354.93788
2025-02-06 18:00:00+00:00,96715.35,96837.19,96156.54,96170.19,776.30679
2025-02-06 18:30:00+00:00,96170.19,96596.5,95888.0,96316.84,805.80652
2025-02-06 19:00:00+00:00,96316.83,96945.85,95933.7,96458.79,818.42909
2025-02-06 19:30:00+00:00,96458.79,96458.79,95676.64,95983.0,903.79331
2025-02-06 20:00:00+00:00,95982.99,96443.5,95800.0,96403.66,540.201
2025-02-06 20:30:00+00:00,96403.65,97093.5,96380.11,96926.63,569.14367
2025-02-06 21:00:00+00:00,96926.63,96944.16,96331.68,96508.76,862.03645
2025-02-06 21:30:00+00:00,96508.76,96851.7,96093.35,96807.43,761.44484
2025-02-06 22:00:00+00:00,96807.43,96822.51,96154.7,96596.24,445.44374
2025-02-06 22:30:00+00:00,96596.23,96959.99,96364.63,96959.99,236.60989
2025-02-06 23:00:00+00:00,96959.99,96959.99,96486.76,96619.57,243.76705
2025-02-06 23:30:00+00:00,96619.56,96662.84,96202.98,96554.35,263.37942
2025-02-07 00:00:00+00:00,96554.35,96928.0,96539.84,96786.0,468.58723
2025-02-07 00:30:00+00:00,96785.24,96815.22,96409.65,96507.75,430.84704
2025-02-07 01:00:00+00:00,96507.76,96847.83,96505.33,96717.4,227.36424
2025-02-07 01:30:00+00:00,96717.4,97805.6,96550.0,97404.01,711.50745
2025-02-07 02:00:00+00:00,97404.01,97612.05,97047.59,97391.79,647.95675
2025-02-07 02:30:00+00:00,97391.8,97621.59,97331.7,97575.85,273.06342
2025-02-07 03:00:00+00:00,97575.86,97772.0,97412.0,97430.77,238.75393
2025-02-07 03:30:00+00:00,97430.78,97463.6,97250.0,97444.04,158.59574
2025-02-07 04:00:00+00:00,97444.04,97756.46,97383.63,97630.24,181.35385
2025-02-07 04:30:00+00:00,97630.24,97883.12,97434.37,97434.79,176.90369
2025-02-07 05:00:00+00:00,97434.79,97543.42,97201.0,97210.74,195.61328
2025-02-07 05:30:00+00:00,97210.74,97400.0,97142.13,97338.2,226.52257
2025-02-07 06:00:00+00:00,97338.2,97362.53,96696.33,96816.73,314.13698
2025-02-07 06:30:00+00:00,96816.74,96980.0,96566.0,96746.87,630.58757
2025-02-07 07:00:00+00:00,96746.87,97213.54,96712.7,96943.56,323.58962
2025-02-07 07:30:00+00:00,96943.57,97017.98,96645.45,96757.05,424.79212
2025-02-07 08:00:00+00:00,96757.04,96952.79,96613.24,96872.74,342.13996
2025-02-07 08:30:00+00:00,96872.73,97258.76,96852.73,97021.47,380.90152
2025-02-07 09:00:00+00:00,97021.47,97383.04,97021.47,97281.99,284.54965
2025-02-07 09:30:00+00:00,97282.0,97388.0,97162.0,97295.23,273.21127
2025-02-07 10:00:00+00:00,97295.24,97486.05,97254.65,97422.11,190.45064
2025-02-07 10:30:00+00:00,97422.11,97484.81,97248.22,97261.51,199.72101
2025-02-07 11:00:00+00:00,97261.52,97710.93,97261.51,97641.36,241.49095
2025-02-07 11:30:00+00:00,97641.35,97750.0,97568.9,97750.0,311.08735
2025-02-07 12:00:00+00:00,97749.99,97898.58,97500.0,97685.51,432.10124
2025-02-07 12:30:00+00:00,97685.52,98085.85,97685.51,97963.58,433.88614
2025-02-07 13:00:00+00:00,97963.58,98007.0,97500.0,97689.84,354.94142
2025-02-07 13:30:00+00:00,97689.83,98862.38,97165.51,98828.01,2147.97146
2025-02-07 14:00:00+00:00,98828.01,99988.0,98688.0,99660.75,1699.00853
2025-02-07 14:30:00+00:00,99660.74,100137.99,99170.06,99710.92,2031.75337
2025-02-07 15:00:00+00:00,99710.91,99710.91,97616.27,98505.43,3133.72615
2025-02-07 15:30:00+00:00,98505.42,99205.89,98000.0,98283.98,2160.95721
2025-02-07 16:00:00+00:00,98283.98,98563.55,97638.29,98051.99,1307.32737
2025-02-07 16:30:00+00:00,98052.0,98374.14,97678.48,97827.66,1654.69818
2025-02-07 17:00:00+00:00,97827.67,98166.67,97145.81,97436.0,1011.77922
2025-02-07 17:30:00+00:00,97436.0,97754.62,97286.48,97434.78,545.96333
2025-02-07 18:00:00+00:00,97434.79,97994.59,97300.01,97886.65,411.36069
2025-02-07 18:30:00+00:00,97886.66,98353.1,97666.66,97751.99,520.69611
2025-02-07 19:00:00+00:00,97752.0,97831.99,97222.24,97472.44,836.14481
2025-02-07 19:30:00+00:00,97472.29,97532.03,96856.78,96898.56,471.25676
2025-02-07 20:00:00+00:00,96898.56,96944.1,96169.0,96187.39,1047.71745
2025-02-07 20:30:00+00:00,96187.39,96253.17,95620.34,95764.31,1082.63014
2025-02-07 21:00:00+00:00,95764.3,96174.79,95693.75,95813.94,781.98933
2025-02-07 21:30:00+00:00,95813.93,96068.91,95700.0,96011.42,550.89924
2025-02-07 22:00:00+00:00,96011.43,96011.43,95670.41,95862.66,476.60214
2025-02-07 22:30:00+00:00,95862.66,96100.86,95632.23,96062.76,205.50525
2025-02-07 23:00:00+00:00,96062.77,96253.76,95866.8,96208.63,368.83797
2025-02-07 23:30:00+00:00,96208.63,96518.16,96120.0,96506.8,272.73931
2025-02-08 00:00:00+00:00,96506.8,96851.48,96335.42,96700.0,279.63509
2025-02-08 00:30:00+00:00,96700.0,96829.73,96576.01,96650.14,282.6628
2025-02-08 01:00:00+00:00,96650.15,96750.0,96395.12,96655.91,401.67652
2025-02-08 01:30:00+00:00,96655.91,96789.57,96474.67,96509.2,287.51708
2025-02-08 02:00:00+00:00,96509.2,96743.74,96399.12,96717.4,202.0466
2025-02-08 02:30:00+00:00,96717.4,96818.33,96500.0,96751.01,253.3578
2025-02-08 03:00:00+00:00,96751.02,96880.0,96542.02,96580.27,219.56837
2025-02-08 03:30:00+00:00,96580.27,96723.99,96546.32,96699.23,79.91697
2025-02-08 04:00:00+00:00,96699.24,96699.24,96509.0,96509.0,144.64718
2025-02-08 04:30:00+00:00,96509.01,96509.01,96222.0,96300.01,274.09824
2025-02-08 05:00:00+00:00,96300.01,96334.6,96112.0,96196.01,210.36722
2025-02-08 05:30:00+00:00,96196.01,96369.45,96064.61,96211.08,215.87091
2025-02-08 06:00:00+00:00,96211.08,96224.0,96064.72,96136.13,155.29682
2025-02-08 06:30:00+00:00,96136.12,96171.78,95853.9,95994.55,261.97308
2025-02-08 07:00:00+00:00,95994.56,96087.47,95785.09,96000.01,231.27935
2025-02-08 07:30:00+00:00,96000.01,96318.8,96000.0,96209.92,295.95324
2025-02-08 08:00:00+00:00,96209.92,96293.48,96074.56,96195.66,134.25608
2025-02-08 08:30:00+00:00,96195.65,96228.0,95879.69,95893.84,285.13958
2025-02-08 09:00:00+00:00,95893.84,96201.86,95893.83,96193.15,148.36169
2025-02-08 09:30:00+00:00,96193.16,96193.16,96037.57,96163.05,76.41059
2025-02-08 10:00:00+00:00,96163.05,96275.26,96131.0,96220.82,137.02683
2025-02-08 10:30:00+00:00,96220.82,96289.0,96010.52,96050.64,131.24181
2025-02-08 11:00:00+00:00,96050.63,96120.66,95890.0,95890.0,121.8053
2025-02-08 11:30:00+00:00,95890.0,96120.0,95865.71,96120.0,129.77517
2025-02-08 12:00:00+00:00,96120.0,96270.28,95950.38,96011.49,337.48755
2025-02-08 12:30:00+00:00,96011.49,96088.29,95864.93,96059.24,201.53254
2025-02-08 13:00:00+00:00,96059.25,96247.91,96011.58,96200.0,358.76982
2025-02-08 13:30:00+00:00,96200.01,96517.52,96160.66,96246.7,310.47482
2025-02-08 14:00:00+00:00,96246.69,96376.6,95950.22,96018.17,463.77572
2025-02-08 14:30:00+00:00,96018.17,96113.0,95950.22,96091.34,259.20868
2025-02-08 15:00:00+00:00,96091.34,96200.04,95922.41,95922.41,174.40613
2025-02-08 15:30:00+00:00,95922.42,95922.42,95688.0,95843.74,393.8773
2025-02-08 16:00:00+00:00,95843.74,96018.87,95749.88,95972.5,225.72099
2025-02-08 16:30:00+00:00,95972.5,96132.08,95907.42,96132.07,178.9845
2025-02-08 17:00:00+00:00,96132.07,96391.03,96132.07,96190.24,316.96215
2025-02-08 17:30:00+00:00,96190.25,96387.21,96190.24,96377.71,181.48538
2025-02-08 18:00:00+00:00,96377.71,96470.0,96235.23,96405.0,176.29906
2025-02-08 18:30:00+00:00,96405.0,96526.59,96381.54,96512.0,177.22979
2025-02-08 19:00:00+00:00,96512.0,96675.0,96399.27,96642.4,145.68462
2025-02-08 19:30:00+00:00,96642.41,96750.0,96506.86,96579.99,134.26905
2025-02-08 20:00:00+00:00,96579.99,96638.89,96370.62,96468.66,111.43714
2025-02-08 20:30:00+00:00,96468.66,96479.36,96358.5,96455.92,152.77434
2025-02-08 21:00:00+00:00,96455.92,96576.09,96360.0,96415.7,117.42278
2025-02-08 21:30:00+00:00,96415.7,96600.0,96362.7,96527.36,107.34451
2025-02-08 22:00:00+00:00,96527.37,96712.0,96481.91,96575.46,211.54846
2025-02-08 22:30:00+00:00,96575.46,96575.46,96388.88,96473.9,74.51484
2025-02-08 23:00:00+00:00,96473.91,96633.43,96462.09,96563.81,71.18379
2025-02-08 23:30:00+00:00,96563.8,96687.02,96430.43,96444.74,304.96466
2025-02-09 00:00:00+00:00,96444.75,96515.67,96360.14,96395.92,214.71838
2025-02-09 00:30:00+00:00,96395.92,96584.91,96364.07,96568.0,132.19934
2025-02-09 01:00:00+00:00,96568.01,96884.81,96484.0,96877.2,330.61606
2025-02-09 01:30:00+00:00,96877.2,96992.37,96613.06,96992.36,202.0782
2025-02-09 02:00:00+00:00,96992.36,97042.59,96721.39,96721.39,339.02103
2025-02-09 02:30:00+00:00,96721.4,96830.75,96687.81,96727.31,95.30807
2025-02-09 03:00:00+00:00,96727.32,96923.8,96690.31,96903.72,150.26213
2025-02-09 03:30:00+00:00,96903.73,97300.0,96875.84,97300.0,600.16979
2025-02-09 04:00:00+00:00,97299.99,97323.09,96964.14,97049.6,217.28076
2025-02-09 04:30:00+00:00,97049.61,97312.66,96993.03,97220.59,184.18286
2025-02-09 05:00:00+00:00,97220.58,97227.39,97021.0,97021.0,119.65977
2025-02-09 05:30:00+00:00,97021.0,97107.62,97000.0,97029.28,103.22839
2025-02-09 06:00:00+00:00,97029.28,97060.78,96777.77,96902.0,171.86949
2025-02-09 06:30:00+00:00,96902.0,97068.04,96811.85,97005.89,116.75551
2025-02-09 07:00:00+00:00,97005.89,97049.59,96932.88,97035.31,114.12299
2025-02-09 07:30:00+00:00,97035.31,97127.94,97006.19,97057.83,103.08589
2025-02-09 08:00:00+00:00,97057.83,97294.46,97057.82,97226.42,209.25983
2025-02-09 08:30:00+00:00,97226.41,97226.42,97055.55,97086.0,123.88784
2025-02-09 09:00:00+00:00,97086.0,97086.0,96898.05,96992.1,216.24799
2025-02-09 09:30:00+00:00,96992.09,97019.75,96900.0,96924.53,212.66517
2025-02-09 10:00:00+00:00,96924.53,96924.53,96656.79,96795.96,291.32814
2025-02-09 10:30:00+00:00,96795.97,96920.69,96754.97,96762.01,234.5069
2025-02-09 11:00:00+00:00,96762.01,97020.0,96762.0,96763.62,261.35564
2025-02-09 11:30:00+00:00,96763.62,96763.62,96509.96,96554.01,261.53695
2025-02-09 12:00:00+00:00,96554.01,96703.99,96314.3,96610.0,428.09003
2025-02-09 12:30:00+00:00,96610.0,96610.0,96402.94,96535.26,184.81913
2025-02-09 13:00:00+00:00,96535.27,96544.63,96191.07,96204.0,414.48921
2025-02-09 13:30:00+00:00,96204.0,96300.96,95800.01,95877.92,714.93789
2025-02-09 14:00:00+00:00,95877.93,96305.3,95700.0,96060.8,620.96917
2025-02-09 14:30:00+00:00,96060.79,96144.61,95988.23,96127.73,226.95468
2025-02-09 15:00:00+00:00,96127.51,96550.0,96109.93,96388.89,348.39421
2025-02-09 15:30:00+00:00,96388.89,96653.06,96338.03,96488.15,277.20255
2025-02-09 16:00:00+00:00,96488.14,96545.65,96363.22,96440.59,208.85443
2025-02-09 16:30:00+00:00,96440.59,96518.34,96326.96,96442.16,205.03025
2025-02-09 17:00:00+00:00,96442.16,96567.8,96160.9,96210.0,265.5325
2025-02-09 17:30:00+00:00,96210.0,96240.0,95900.0,96171.17,283.90101
2025-02-09 18:00:00+00:00,96171.18,96171.18,95982.0,96059.95,154.27328
2025-02-09 18:30:00+00:00,96059.94,96281.45,96050.34,96212.0,94.62054
2025-02-09 19:00:00+00:00,96212.0,96273.63,96025.0,96051.95,109.89146
2025-02-09 19:30:00+00:00,96051.95,96135.52,95888.88,96064.74,182.21473
2025-02-09 20:00:00+00:00,96064.73,96610.66,96048.81,96505.62,174.60692
2025-02-09 20:30:00+00:00,96505.62,96760.0,96233.47,96322.24,211.3258
2025-02-09 21:00:00+00:00,96322.23,96331.81,95944.44,95956.82,134.65258
2025-02-09 21:30:00+00:00,95956.81,95989.45,94713.0,95173.78,1935.57446
2025-02-09 22:00:00+00:00,95173.79,95727.78,94779.19,95727.77,668.69903
2025-02-09 22:30:00+00:00,95727.77,96464.77,95465.69,95831.64,687.35912
2025-02-09 23:00:00+00:00,95830.19,96159.95,95722.22,96062.01,290.17786
2025-02-09 23:30:00+00:00,96062.0,96572.85,96056.6,96462.75,292.99817
2025-02-10 00:00:00+00:00,96462.75,97131.47,96452.09,96719.99,638.81307
2025-02-10 00:30:00+00:00,96719.99,96944.45,96619.47,96717.98,217.0372
2025-02-10 01:00:00+00:00,96717.99,96833.34,96126.47,96200.0,336.74558
2025-02-10 01:30:00+00:00,96200.0,96375.5,95256.0,95576.0,790.73735
2025-02-10 02:00:00+00:00,95576.0,95770.49,95419.47,95591.43,592.18983
2025-02-10 02:30:00+00:00,95591.42,96070.36,95517.18,95798.82,450.0841
2025-02-10 03:00:00+00:00,95798.83,96443.86,95762.0,96382.14,428.55672
2025-02-10 03:30:00+00:00,96382.14,97098.35,96382.13,96814.98,987.80622
2025-02-10 04:00:00+00:00,96814.97,97064.08,96632.81,97034.77,311.20448
2025-02-10 04:30:00+00:00,97034.77,97170.0,96796.78,96935.46,321.73965
2025-02-10 05:00:00+00:00,96935.46,97228.78,96764.75,97020.01,631.48553
2025-02-10 05:30:00+00:00,97020.01,97640.02,96914.28,97015.26,888.04857
2025-02-10 06:00:00+00:00,97015.26,97219.99,96800.0,97008.68,416.7379
2025-02-10 06:30:00+00:00,97008.68,97188.68,96942.89,97142.43,391.49513
2025-02-10 07:00:00+00:00,97142.43,97364.0,97108.88,97182.72,285.44756
2025-02-10 07:30:00+00:00,97182.71,97482.87,97113.2,97429.83,470.01651
2025-02-10 08:00:00+00:00,97429.83,97899.99,97358.79,97700.0,839.71184
2025-02-10 08:30:00+00:00,97700.0,97869.0,97544.0,97683.99,398.90453
2025-02-10 09:00:00+00:00,97684.0,97880.33,97626.52,97664.0,253.18654
2025-02-10 09:30:00+00:00,97663.99,97700.0,97451.73,97664.78,406.03603
2025-02-10 10:00:00+00:00,97664.77,97954.69,97589.94,97912.01,430.40173
2025-02-10 10:30:00+00:00,97912.01,97924.0,97686.92,97728.29,591.39371
2025-02-10 11:00:00+00:00,97728.29,97859.38,97599.88,97830.0,415.73244
2025-02-10 11:30:00+00:00,97830.0,97899.0,97640.92,97661.16,185.10643
2025-02-10 12:00:00+00:00,97661.15,97788.24,97483.1,97571.99,262.96084
2025-02-10 12:30:00+00:00,97571.99,97572.0,97180.55,97358.58,329.61649
2025-02-10 13:00:00+00:00,97358.59,97662.28,97356.03,97496.61,321.246
2025-02-10 13:30:00+00:00,97496.61,98345.0,97413.6,98215.72,794.47678
2025-02-10 14:00:00+00:00,98215.71,98312.0,97525.05,97719.9,559.00583
2025-02-10 14:30:00+00:00,97719.9,98000.0,97070.0,97270.64,1127.98505
2025-02-10 15:00:00+00:00,97270.65,97566.03,96953.59,97069.99,634.74924
2025-02-10 15:30:00+00:00,97069.99,97284.78,96866.66,97218.69,506.29662
2025-02-10 16:00:00+00:00,97218.68,97380.0,97010.0,97035.27,533.16378
2025-02-10 16:30:00+00:00,97035.28,97374.79,96866.39,97300.75,408.22989
2025-02-10 17:00:00+00:00,97300.75,97370.47,96884.01,97286.72,367.9617
2025-02-10 17:30:00+00:00,97286.72,97516.1,97184.5,97500.0,216.3827
2025-02-10 18:00:00+00:00,97499.99,97557.02,97186.04,97477.39,204.85534
2025-02-10 18:30:00+00:00,97477.39,97549.99,97238.9,97549.99,545.00938
2025-02-10 19:00:00+00:00,97549.98,97631.2,97443.08,97592.13,317.10948
2025-02-10 19:30:00+00:00,97592.12,97643.29,97265.91,97376.0,192.62832
2025-02-10 20:00:00+00:00,97376.0,97456.78,97219.46,97279.61,201.88607
2025-02-10 20:30:00+00:00,97279.61,97489.78,97269.57,97331.95,319.12676
2025-02-10 21:00:00+00:00,97331.96,97356.45,97128.79,97296.35,352.60029
2025-02-10 21:30:00+00:00,97296.34,97378.57,97142.0,97375.81,209.6778
2025-02-10 22:00:00+00:00,97375.8,97490.71,97280.4,97490.7,110.78083
2025-02-10 22:30:00+00:00,97490.7,97490.71,97288.24,97390.26,137.99827
2025-02-10 23:00:00+00:00,97390.26,97449.06,97240.0,97245.86,148.93738
2025-02-10 23:30:00+00:00,97245.87,97446.76,97245.87,97430.82,91.57188
2025-02-11 00:00:00+00:00,97430.82,97855.42,97416.62,97767.8,282.02323
2025-02-11 00:30:00+00:00,97767.81,98149.92,97736.14,97783.12,398.55736
2025-02-11 01:00:00+00:00,97783.12,98100.0,97783.12,97973.51,283.48979
2025-02-11 01:30:00+00:00,97973.51,98097.65,97906.3,97994.23,222.30988
2025-02-11 02:00:00+00:00,97994.24,98098.0,97619.43,97634.51,316.99238
2025-02-11 02:30:00+00:00,97634.51,97876.59,97464.67,97764.0,216.87269
2025-02-11 03:00:00+00:00,97764.0,97766.88,97523.65,97571.03,167.73155
2025-02-11 03:30:00+00:00,97571.03,97635.73,97480.16,97607.3,136.94489
2025-02-11 04:00:00+00:00,97607.31,97662.96,97558.99,97618.8,112.01527
2025-02-11 04:30:00+00:00,97618.79,98193.74,97618.79,98064.93,383.19363
2025-02-11 05:00:00+00:00,98064.93,98300.0,98008.0,98232.02,513.47638
2025-02-11 05:30:00+00:00,98232.02,98478.42,98112.47,98412.24,382.66514
2025-02-11 06:00:00+00:00,98412.24,98433.97,98135.67,98295.47,203.85932
2025-02-11 06:30:00+00:00,98295.48,98476.0,98238.7,98424.33,351.47474
2025-02-11 07:00:00+00:00,98424.32,98424.33,98275.79,98413.44,398.51242
2025-02-11 07:30:00+00:00,98413.43,98464.03,98258.46,98268.97,241.48443
2025-02-11 08:00:00+00:00,98268.98,98330.0,98109.29,98109.3,244.56986
2025-02-11 08:30:00+00:00,98109.29,98327.55,98109.29,98223.79,225.87791
2025-02-11 09:00:00+00:00,98223.79,98300.05,98100.0,98189.18,195.00691
2025-02-11 09:30:00+00:00,98189.18,98216.0,97913.8,97999.99,251.38269
2025-02-11 10:00:00+00:00,97999.99,98132.71,97885.62,97912.49,311.17235
2025-02-11 10:30:00+00:00,97912.49,98032.96,97912.49,97961.25,173.67527
2025-02-11 11:00:00+00:00,97961.24,98094.34,97894.38,98085.29,125.99389
2025-02-11 11:30:00+00:00,98085.28,98232.91,97970.4,98151.52,176.02138
2025-02-11 12:00:00+00:00,98151.51,98158.89,97688.02,97711.41,361.72295
2025-02-11 12:30:00+00:00,97711.4,97854.01,97680.49,97766.13,189.23547
2025-02-11 13:00:00+00:00,97766.13,97850.0,97485.47,97543.3,408.78565
2025-02-11 13:30:00+00:00,97543.3,97611.12,96670.0,96799.53,900.55335
2025-02-11 14:00:00+00:00,96799.53,97102.86,96595.33,96877.98,679.12424
2025-02-11 14:30:00+00:00,96877.98,97321.73,96770.0,96962.03,595.54085
2025-02-11 15:00:00+00:00,96962.04,97262.56,96631.38,96934.12,670.67622
2025-02-11 15:30:00+00:00,96934.12,97111.85,96794.59,97007.53,439.46372
2025-02-11 16:00:00+00:00,97007.54,97045.53,96454.22,96643.09,655.57375
2025-02-11 16:30:00+00:00,96643.09,96678.76,96303.0,96365.05,543.41058
2025-02-11 17:00:00+00:00,96365.04,96395.28,96071.94,96275.19,501.2418
2025-02-11 17:30:00+00:00,96275.19,96312.66,95950.0,96165.29,566.211
2025-02-11 18:00:00+00:00,96165.29,96165.29,95608.0,95672.6,758.61473
2025-02-11 18:30:00+00:00,95672.61,96048.04,95409.92,95469.28,476.2264
2025-02-11 19:00:00+00:00,95469.28,95658.24,95000.0,95036.38,562.55569
2025-02-11 19:30:00+00:00,95036.38,95294.43,94876.88,95040.82,820.90316
2025-02-11 20:00:00+00:00,95040.81,95328.15,94928.47,95289.47,409.32842
2025-02-11 20:30:00+00:00,95289.46,95439.27,94981.04,95305.0,501.85643
2025-02-11 21:00:00+00:00,95305.01,95786.69,95256.8,95719.41,380.51103
2025-02-11 21:30:00+00:00,95719.4,96449.26,95654.21,96390.23,536.36171
2025-02-11 22:00:00+00:00,96390.22,96512.7,96135.87,96238.88,267.41882
2025-02-11 22:30:00+00:00,96238.88,96238.89,95353.64,95580.23,576.13868
2025-02-11 23:00:00+00:00,95580.24,95937.46,95490.05,95931.03,357.10678
2025-02-11 23:30:00+00:00,95931.04,95966.65,95736.83,95778.2,173.899
2025-02-12 00:00:00+00:00,95778.21,95995.77,95672.56,95907.9,348.33482
2025-02-12 00:30:00+00:00,95907.9,96120.0,95740.01,96060.0,228.2908
2025-02-12 01:00:00+00:00,96060.0,96156.54,95817.69,95954.28,144.1312
2025-02-12 01:30:00+00:00,95954.28,96263.99,95837.19,96207.32,229.13515
2025-02-12 02:00:00+00:00,96207.33,96214.7,95912.37,96022.48,174.70469
2025-02-12 02:30:00+00:00,96022.49,96068.2,95384.61,95579.14,482.99126
2025-02-12 03:00:00+00:00,95579.13,95762.67,95100.0,95700.01,558.25234
2025-02-12 03:30:00+00:00,95700.01,95711.0,95286.06,95299.27,241.48108
2025-02-12 04:00:00+00:00,95299.28,95611.12,95267.71,95371.33,238.49032
2025-02-12 04:30:00+00:00,95371.33,95598.34,95298.86,95556.98,313.3604
2025-02-12 05:00:00+00:00,95556.99,95933.3,95514.6,95912.06,209.81364
2025-02-12 05:30:00+00:00,95912.06,95912.07,95737.03,95886.54,108.3174
2025-02-12 06:00:00+00:00,95886.54,95952.09,95770.71,95784.98,165.8161
2025-02-12 06:30:00+00:00,95784.97,95908.51,95684.0,95817.87,187.65042
2025-02-12 07:00:00+00:00,95817.87,96095.1,95793.11,96079.68,446.98146
2025-02-12 07:30:00+00:00,96079.68,96188.68,95946.87,96069.58,269.37577
2025-02-12 08:00:00+00:00,96069.58,96270.69,96047.73,96233.4,202.78218
2025-02-12 08:30:00+00:00,96233.4,96469.78,96224.0,96358.46,278.05732
2025-02-12 09:00:00+00:00,96358.46,96377.36,96014.69,96140.0,699.28607
2025-02-12 09:30:00+00:00,96139.99,96200.45,96050.0,96129.28,281.87307
2025-02-12 10:00:00+00:00,96129.28,96185.58,96032.55,96100.91,227.44635
2025-02-12 10:30:00+00:00,96100.9,96196.0,95913.49,95978.01,169.9952
2025-02-12 11:00:00+00:00,95978.0,96240.0,95978.0,96209.17,197.47931
2025-02-12 11:30:00+00:00,96209.18,96377.32,96037.73,96094.65,239.53825
2025-02-12 12:00:00+00:00,96094.65,96350.0,96094.65,96219.76,210.78327
2025-02-12 12:30:00+00:00,96219.77,96266.61,95944.44,95982.97,260.86789
2025-02-12 13:00:00+00:00,95982.97,96631.66,95800.0,96505.42,716.83829
2025-02-12 13:30:00+00:00,96505.42,96600.0,94088.23,94975.38,5484.38824
2025-02-12 14:00:00+00:00,94975.37,95200.83,94613.65,94696.02,1487.62772
2025-02-12 14:30:00+00:00,94696.02,95685.9,94500.0,95628.91,1327.62407
2025-02-12 15:00:00+00:00,95628.92,95999.65,94708.17,95611.09,1564.80596
2025-02-12 15:30:00+00:00,95611.51,95866.0,95485.37,95816.18,752.60459
2025-02-12 16:00:00+00:00,95816.18,95816.18,95120.3,95384.61,562.76491
2025-02-12 16:30:00+00:00,95384.61,97094.34,95363.02,96986.14,1678.05428
2025-02-12 17:00:00+00:00,96986.14,97522.56,96769.23,97520.99,1558.29991
2025-02-12 17:30:00+00:00,97520.98,97700.0,97121.21,97354.89,984.01281
2025-02-12 18:00:00+00:00,97354.88,97450.0,96634.52,96807.42,914.19685
2025-02-12 18:30:00+00:00,96807.43,97055.56,96625.0,96921.43,274.23634
2025-02-12 19:00:00+00:00,96921.42,96979.96,96353.47,96748.56,387.92153
2025-02-12 19:30:00+00:00,96748.55,97278.16,96748.55,97205.06,330.07213
2025-02-12 20:00:00+00:00,97205.06,97623.48,96972.0,97414.56,582.87169
2025-02-12 20:30:00+00:00,97414.57,97425.97,96931.89,97025.24,355.31439
2025-02-12 21:00:00+00:00,97026.53,97591.34,96854.97,97431.21,446.8887
2025-02-12 21:30:00+00:00,97431.21,97908.99,97431.21,97646.5,590.30367
2025-02-12 22:00:00+00:00,97646.51,97950.0,97416.4,97949.99,366.27346
2025-02-12 22:30:00+00:00,97949.99,98119.99,97573.0,97806.57,813.89159
2025-02-12 23:00:00+00:00,97806.57,98000.01,97673.07,97700.98,492.9177
2025-02-12 23:30:00+00:00,97700.98,97888.0,97579.31,97869.99,364.02166
2025-02-13 00:00:00+00:00,97870.0,97870.0,97534.07,97716.65,294.32473
2025-02-13 00:30:00+00:00,97716.65,97818.91,97550.23,97818.91,327.09679
2025-02-13 01:00:00+00:00,97818.91,97914.0,97743.57,97886.79,284.69688
2025-02-13 01:30:00+00:00,97886.8,98083.91,97760.0,97986.19,398.54466
2025-02-13 02:00:00+00:00,97986.18,97986.19,97639.88,97639.88,212.72321
2025-02-13 02:30:00+00:00,97639.88,97726.59,97367.45,97473.66,233.49512
2025-02-13 03:00:00+00:00,97473.67,97631.03,97430.0,97479.46,219.72296
2025-02-13 03:30:00+00:00,97479.46,97604.44,97446.24,97498.42,156.73307
2025-02-13 04:00:00+00:00,97498.43,97564.83,97321.99,97331.28,147.54183
2025-02-13 04:30:00+00:00,97331.27,97338.0,96767.28,96927.46,564.09013
2025-02-13 05:00:00+00:00,96927.46,96929.67,96503.38,96817.69,589.45519
2025-02-13 05:30:00+00:00,96817.7,96817.7,96630.13,96666.38,156.84736
2025-02-13 06:00:00+00:00,96666.37,96757.5,96370.2,96526.58,314.10674
2025-02-13 06:30:00+00:00,96526.58,96526.58,95800.0,96056.72,774.4452
2025-02-13 07:00:00+00:00,96056.72,96231.67,95922.4,96056.0,434.20457
2025-02-13 07:30:00+00:00,96056.0,96213.92,95901.0,96070.23,403.24686
2025-02-13 08:00:00+00:00,96070.23,96175.34,95850.0,96046.26,466.89058
2025-02-13 08:30:00+00:00,96046.26,96083.65,95649.85,95943.62,744.66397
2025-02-13 09:00:00+00:00,95943.62,96208.76,95786.2,96142.01,432.05703
2025-02-13 09:30:00+00:00,96142.01,96297.76,96092.83,96262.25,208.48566
2025-02-13 10:00:00+00:00,96262.24,96336.0,96134.37,96204.41,220.182
2025-02-13 10:30:00+00:00,96204.41,96272.0,96103.14,96155.86,201.08529
2025-02-13 11:00:00+00:00,96155.87,96288.74,96082.76,96105.15,167.55817
2025-02-13 11:30:00+00:00,96105.14,96107.21,95599.57,95925.11,713.72458
2025-02-13 12:00:00+00:00,95925.12,96029.78,95707.02,95875.8,468.26703
2025-02-13 12:30:00+00:00,95875.79,96069.81,95772.87,95820.28,311.1616
2025-02-13 13:00:00+00:00,95820.29,96000.0,95636.79,95833.53,391.23962
2025-02-13 13:30:00+00:00,95833.52,96301.59,95759.05,96074.66,927.52629
2025-02-13 14:00:00+00:00,96074.67,96104.49,95752.47,95941.9,557.87012
2025-02-13 14:30:00+00:00,95941.9,96096.0,95336.0,95857.03,1198.18216
2025-02-13 15:00:00+00:00,95857.03,96480.06,95519.99,95973.98,919.4354
2025-02-13 15:30:00+00:00,95973.99,96423.07,95751.85,95998.0,654.92247
2025-02-13 16:00:00+00:00,95998.0,96002.24,95380.0,95459.47,521.20738
2025-02-13 16:30:00+00:00,95459.46,95621.6,95217.36,95359.22,646.67902
2025-02-13 17:00:00+00:00,95359.22,95880.52,95287.0,95809.25,540.10051
2025-02-13 17:30:00+00:00,95809.24,96023.58,95652.18,95692.09,285.35312
2025-02-13 18:00:00+00:00,95692.08,95797.88,95320.75,95694.64,424.58258
2025-02-13 18:30:00+00:00,95694.63,95981.2,95449.04,95964.01,421.38333
2025-02-13 19:00:00+00:00,95964.01,96361.58,95822.22,95868.43,483.11038
2025-02-13 19:30:00+00:00,95868.44,95892.0,95561.46,95627.76,367.26112
2025-02-13 20:00:00+00:00,95627.75,96242.09,95600.0,96131.48,353.881
2025-02-13 20:30:00+00:00,96131.48,96291.95,96018.45,96264.52,326.68241
2025-02-13 21:00:00+00:00,96264.52,96545.65,96253.33,96424.39,220.45808
2025-02-13 21:30:00+00:00,96424.39,96774.71,96354.35,96488.0,498.16413
2025-02-13 22:00:00+00:00,96487.99,96600.0,96400.74,96474.0,170.15112
2025-02-13 22:30:00+00:00,96474.0,96527.84,96265.16,96411.4,160.09043
2025-02-13 23:00:00+00:00,96411.4,96475.99,96312.51,96445.99,215.08248
2025-02-13 23:30:00+00:00,96445.98,96630.0,96416.9,96608.14,193.0618
2025-02-14 00:00:00+00:00,96608.13,96873.75,96531.36,96861.17,241.6176
2025-02-14 00:30:00+00:00,96861.18,96965.51,96555.55,96750.83,186.22551
2025-02-14 01:00:00+00:00,96750.83,96884.62,96645.72,96675.81,172.71228
2025-02-14 01:30:00+00:00,96675.81,96711.24,96356.41,96529.27,290.99324
2025-02-14 02:00:00+00:00,96529.28,96835.3,96441.27,96682.01,295.02589
2025-02-14 02:30:00+00:00,96682.01,96754.72,96528.46,96528.47,164.04888
2025-02-14 03:00:00+00:00,96528.47,96736.7,96527.71,96647.01,131.94463
2025-02-14 03:30:00+00:00,96647.01,97190.0,96647.01,97129.98,323.22667
2025-02-14 04:00:00+00:00,97129.98,97248.6,96846.0,96865.82,286.38839
2025-02-14 04:30:00+00:00,96865.82,96910.72,96750.0,96750.0,148.47517
2025-02-14 05:00:00+00:00,96750.01,96908.16,96750.0,96802.31,235.38575
2025-02-14 05:30:00+00:00,96802.31,96802.32,96561.36,96683.29,197.2967
2025-02-14 06:00:00+00:00,96683.3,96849.06,96615.04,96747.27,335.60007
2025-02-14 06:30:00+00:00,96747.27,96857.18,96611.11,96834.29,154.24604
2025-02-14 07:00:00+00:00,96834.3,97031.13,96806.51,97031.12,236.51482
2025-02-14 07:30:00+00:00,97031.12,97075.33,96944.09,96944.09,188.62609
2025-02-14 08:00:00+00:00,96944.09,97025.56,96799.99,96997.98,197.55511
2025-02-14 08:30:00+00:00,96997.99,97015.0,96799.99,96871.97,146.7344
2025-02-14 09:00:00+00:00,96871.96,97053.5,96831.0,97022.84,245.12564
2025-02-14 09:30:00+00:00,97022.84,97153.5,96989.13,97108.31,308.22551
2025-02-14 10:00:00+00:00,97108.31,97196.0,96970.28,96995.5,284.93775
2025-02-14 10:30:00+00:00,96995.49,97132.08,96962.26,97017.4,175.9139
2025-02-14 11:00:00+00:00,97017.41,97143.2,96844.57,96844.58,205.16837
2025-02-14 11:30:00+00:00,96844.58,96956.44,96800.0,96887.56,194.72444
2025-02-14 12:00:00+00:00,96887.55,96887.56,96624.62,96728.15,170.26069
2025-02-14 12:30:00+00:00,96728.15,96815.8,96516.2,96652.58,172.35984
2025-02-14 13:00:00+00:00,96652.58,96695.99,96450.34,96505.37,151.49126
2025-02-14 13:30:00+00:00,96505.38,96980.0,96505.38,96786.68,450.35492
2025-02-14 14:00:00+00:00,96786.68,96919.27,96595.89,96614.56,299.35273
2025-02-14 14:30:00+00:00,96614.56,97568.28,96572.0,97290.95,1094.84451
2025-02-14 15:00:00+00:00,97290.95,97409.3,96252.82,96428.01,1201.48758
2025-02-14 15:30:00+00:00,96428.01,97100.0,96362.02,96924.39,459.2163
2025-02-14 16:00:00+00:00,96924.57,97030.58,96494.17,96763.8,393.01833
2025-02-14 16:30:00+00:00,96763.81,97700.0,96636.88,97658.7,601.95874
2025-02-14 17:00:00+00:00,97658.7,97658.7,97142.0,97361.97,743.04126
2025-02-14 17:30:00+00:00,97361.97,98826.0,97292.06,98526.0,1875.60274
2025-02-14 18:00:00+00:00,98525.99,98738.57,98166.66,98278.09,894.87211
2025-02-14 18:30:00+00:00,98278.09,98500.0,98182.09,98192.84,475.57268
2025-02-14 19:00:00+00:00,98192.84,98450.0,98144.09,98169.94,404.01374
2025-02-14 19:30:00+00:00,98169.95,98266.67,97656.0,97940.45,621.47961
2025-02-14 20:00:00+00:00,97940.44,98264.85,97823.42,97987.06,399.16967
2025-02-14 20:30:00+00:00,97987.06,98011.0,97003.28,97196.09,652.85201
2025-02-14 21:00:00+00:00,97196.1,97331.96,96697.56,97079.12,776.76357
2025-02-14 21:30:00+00:00,97079.13,97492.69,97059.25,97456.79,296.01548
2025-02-14 22:00:00+00:00,97456.78,97538.11,97308.0,97448.0,198.6325
2025-02-14 22:30:00+00:00,97447.99,97448.0,96922.23,97134.59,236.82577
2025-02-14 23:00:00+00:00,97134.6,97394.48,96995.41,97321.0,148.18795
2025-02-14 23:30:00+00:00,97321.0,97519.99,97287.34,97500.48,108.93962
2025-02-15 00:00:00+00:00,97500.47,97516.2,97323.75,97352.36,326.77426
2025-02-15 00:30:00+00:00,97352.35,97475.09,97223.58,97470.88,163.24206
2025-02-15 01:00:00+00:00,97470.87,97739.06,97436.93,97679.84,192.96846
2025-02-15 01:30:00+00:00,97679.85,97833.42,97587.4,97804.24,159.034
2025-02-15 02:00:00+00:00,97804.24,97918.53,97682.98,97682.98,168.25999
2025-02-15 02:30:00+00:00,97682.99,97839.05,97625.3,97839.04,193.85894
2025-02-15 03:00:00+00:00,97839.05,97972.26,97804.0,97808.66,171.05313
2025-02-15 03:30:00+00:00,97808.66,97808.67,97642.16,97653.19,131.24141
2025-02-15 04:00:00+00:00,97653.19,97780.73,97580.1,97682.35,219.70687
2025-02-15 04:30:00+00:00,97682.34,97687.32,97482.21,97527.63,138.76114
2025-02-15 05:00:00+00:00,97527.64,97588.41,97450.01,97584.2,136.51706
2025-02-15 05:30:00+00:00,97584.19,97640.97,97547.16,97611.17,84.61902
2025-02-15 06:00:00+00:00,97611.18,97664.06,97524.0,97625.51,110.79076
2025-02-15 06:30:00+00:00,97625.51,97635.99,97439.04,97488.61,99.81501
2025-02-15 07:00:00+00:00,97488.62,97526.54,97352.05,97465.8,111.53405
2025-02-15 07:30:00+00:00,97465.81,97471.7,97345.5,97346.26,127.68595
2025-02-15 08:00:00+00:00,97346.27,97500.0,97301.77,97453.13,116.68199
2025-02-15 08:30:00+00:00,97453.13,97544.0,97442.79,97505.51,92.01224
2025-02-15 09:00:00+00:00,97505.51,97606.8,97454.0,97462.49,159.74865
2025-02-15 09:30:00+00:00,97462.49,97605.78,97441.49,97562.55,64.69274
2025-02-15 10:00:00+00:00,97562.56,97588.46,97458.0,97580.0,77.55518
2025-02-15 10:30:00+00:00,97580.2,97731.09,97528.0,97653.95,126.85871
2025-02-15 11:00:00+00:00,97653.94,97669.83,97472.75,97593.99,130.09951
2025-02-15 11:30:00+00:00,97594.0,97655.56,97500.0,97615.59,106.52936
2025-02-15 12:00:00+00:00,97615.59,97660.38,97535.88,97656.14,86.62253
2025-02-15 12:30:00+00:00,97656.14,97833.42,97531.52,97753.82,230.31205
2025-02-15 13:00:00+00:00,97753.81,97830.13,97677.28,97798.52,216.7116
2025-02-15 13:30:00+00:00,97798.52,97962.51,97677.95,97716.89,489.43604
2025-02-15 14:00:00+00:00,97716.89,97756.0,97541.61,97562.0,226.64136
2025-02-15 14:30:00+00:00,97562.0,97627.64,97426.57,97593.61,446.74726
2025-02-15 15:00:00+00:00,97593.62,97722.22,97580.45,97603.32,184.87679
2025-02-15 15:30:00+00:00,97603.31,97714.69,97548.23,97633.22,128.01054
2025-02-15 16:00:00+00:00,97633.21,97714.39,97546.68,97594.39,132.50346
2025-02-15 16:30:00+00:00,97594.39,97594.39,97455.48,97535.39,146.10713
2025-02-15 17:00:00+00:00,97535.39,97584.84,97360.0,97405.02,161.61436
2025-02-15 17:30:00+00:00,97405.02,97423.77,97304.38,97410.28,169.93264
2025-02-15 18:00:00+00:00,97410.29,97518.12,97368.82,97460.85,104.99417
2025-02-15 18:30:00+00:00,97460.85,97584.91,97453.61,97540.79,73.75545
2025-02-15 19:00:00+00:00,97540.8,97650.0,97540.79,97638.3,59.37693
2025-02-15 19:30:00+00:00,97638.31,97638.31,97509.61,97531.9,73.55374
2025-02-15 20:00:00+00:00,97531.91,97641.78,97510.84,97571.78,93.5595
2025-02-15 20:30:00+00:00,97571.78,97571.78,97414.05,97539.4,92.51338
2025-02-15 21:00:00+00:00,97539.4,97677.71,97539.39,97632.78,111.25502
2025-02-15 21:30:00+00:00,97632.79,97691.47,97566.81,97684.23,66.89449
2025-02-15 22:00:00+00:00,97684.23,97741.35,97450.0,97450.0,153.19031
2025-02-15 22:30:00+00:00,97450.01,97566.06,97432.5,97545.76,137.08232
2025-02-15 23:00:00+00:00,97545.77,97624.0,97426.56,97591.36,250.77348
2025-02-15 23:30:00+00:00,97591.35,97634.22,97519.24,97569.66,102.87179
2025-02-16 00:00:00+00:00,97569.67,97700.88,97554.65,97674.97,74.99016
2025-02-16 00:30:00+00:00,97674.97,97704.47,97584.9,97594.57,71.6686
2025-02-16 01:00:00+00:00,97594.58,97638.65,97538.87,97582.32,78.18787
2025-02-16 01:30:00+00:00,97582.32,97660.38,97545.87,97643.0,50.13251
2025-02-16 02:00:00+00:00,97643.01,97653.3,97535.75,97642.0,157.66645
2025-02-16 02:30:00+00:00,97641.99,97650.0,97469.29,97524.87,149.23031
2025-02-16 03:00:00+00:00,97524.87,97524.87,97411.11,97484.4,198.23042
2025-02-16 03:30:00+00:00,97484.39,97547.17,97428.82,97547.17,155.27861
2025-02-16 04:00:00+00:00,97547.17,97583.49,97475.01,97494.67,83.65179
2025-02-16 04:30:00+00:00,97494.67,97558.84,97472.04,97530.81,128.50703
2025-02-16 05:00:00+00:00,97530.81,97540.0,97485.94,97516.34,56.38647
2025-02-16 05:30:00+00:00,97516.34,97682.04,97486.65,97603.3,86.42793
2025-02-16 06:00:00+00:00,97603.3,97605.45,97539.59,97605.44,52.8151
2025-02-16 06:30:00+00:00,97605.44,97625.63,97451.99,97487.26,122.81801
2025-02-16 07:00:00+00:00,97487.27,97487.27,97358.49,97375.64,115.60468
2025-02-16 07:30:00+00:00,97375.65,97426.0,97212.0,97248.98,100.21602
2025-02-16 08:00:00+00:00,97248.98,97331.42,97201.0,97264.09,100.65888
2025-02-16 08:30:00+00:00,97264.09,97313.88,97131.06,97163.86,197.15707
2025-02-16 09:00:00+00:00,97163.87,97205.34,97061.58,97187.3,157.24039
2025-02-16 09:30:00+00:00,97187.3,97365.74,97167.94,97365.74,114.4652
2025-02-16 10:00:00+00:00,97365.73,97388.89,97265.0,97267.9,133.00833
2025-02-16 10:30:00+00:00,97267.9,97300.0,97166.66,97180.98,92.8379
2025-02-16 11:00:00+00:00,97180.98,97288.89,97152.0,97284.73,176.99048
2025-02-16 11:30:00+00:00,97284.74,97336.03,97215.15,97336.0,214.6114
2025-02-16 12:00:00+00:00,97335.99,97336.0,97205.5,97243.06,123.32587
2025-02-16 12:30:00+00:00,97243.05,97243.06,97096.0,97125.63,226.03298
2025-02-16 13:00:00+00:00,97125.64,97212.43,97007.08,97108.76,255.49945
2025-02-16 13:30:00+00:00,97108.76,97178.81,96788.21,96842.37,442.40105
2025-02-16 14:00:00+00:00,96842.37,96940.0,96645.35,96825.94,305.80562
2025-02-16 14:30:00+00:00,96825.93,97029.9,96742.0,96969.58,224.22115
2025-02-16 15:00:00+00:00,96969.58,97092.35,96911.0,97070.39,198.92279
2025-02-16 15:30:00+00:00,97070.38,97070.39,96911.0,96911.01,106.86535
2025-02-16 16:00:00+00:00,96911.01,97094.34,96880.0,97082.61,140.90049
2025-02-16 16:30:00+00:00,97082.6,97115.0,96950.65,97052.64,98.29094
2025-02-16 17:00:00+00:00,97052.64,97169.15,97033.23,97090.01,95.91568
2025-02-16 17:30:00+00:00,97090.01,97090.02,96931.06,96982.95,133.96341
2025-02-16 18:00:00+00:00,96982.94,97000.0,96768.07,96773.61,195.47766
2025-02-16 18:30:00+00:00,96773.61,96966.66,96609.05,96872.59,214.85211
2025-02-16 19:00:00+00:00,96872.58,96974.0,96763.11,96933.03,106.01552
2025-02-16 19:30:00+00:00,96933.03,97108.18,96929.15,97058.47,202.15471
2025-02-16 20:00:00+00:00,97058.47,97160.74,96999.0,97042.86,215.39256
2025-02-16 20:30:00+00:00,97042.86,97042.86,96861.38,96909.54,88.70499
2025-02-16 21:00:00+00:00,96909.55,97028.93,96852.01,96986.95,151.4435
2025-02-16 21:30:00+00:00,96986.94,97282.38,96964.42,97165.09,164.47421
2025-02-16 22:00:00+00:00,97165.1,97187.18,96677.81,96883.74,141.01351
2025-02-16 22:30:00+00:00,96883.74,96937.9,96570.47,96865.79,193.50532
2025-02-16 23:00:00+00:00,96865.79,96884.89,96121.62,96224.16,736.61424
2025-02-16 23:30:00+00:00,96224.16,96250.14,96046.18,96118.12,560.85018
2025-02-17 00:00:00+00:00,96118.12,96443.5,96023.17,96430.91,401.63731
2025-02-17 00:30:00+00:00,96430.9,96432.26,96200.0,96319.22,158.08752
2025-02-17 01:00:00+00:00,96319.22,96443.5,96060.5,96249.23,221.02791
2025-02-17 01:30:00+00:00,96249.22,96533.52,96226.41,96508.63,187.50635
2025-02-17 02:00:00+00:00,96508.63,96638.05,96317.34,96451.85,258.87932
2025-02-17 02:30:00+00:00,96451.85,96465.76,96156.55,96228.98,152.82122
2025-02-17 03:00:00+00:00,96228.97,96228.97,96032.99,96192.3,276.95963
2025-02-17 03:30:00+00:00,96192.3,96280.0,96160.26,96215.33,209.653
2025-02-17 04:00:00+00:00,96215.32,96219.92,96013.0,96219.92,319.08644
2025-02-17 04:30:00+00:00,96219.91,96259.84,96026.0,96026.01,169.33598
2025-02-17 05:00:00+00:00,96026.01,96328.14,95800.0,96034.64,697.71393
2025-02-17 05:30:00+00:00,96034.64,96284.3,96023.14,96242.66,215.32409
2025-02-17 06:00:00+00:00,96242.67,96426.03,96208.0,96370.41,252.00764
2025-02-17 06:30:00+00:00,96370.41,96445.45,96258.23,96376.77,260.86252
2025-02-17 07:00:00+00:00,96376.78,96463.2,96100.0,96147.47,332.55037
2025-02-17 07:30:00+00:00,96147.46,96159.55,95900.94,96068.22,479.10034
2025-02-17 08:00:00+00:00,96068.21,96211.84,95937.05,96051.35,205.37115
2025-02-17 08:30:00+00:00,96051.34,96298.72,95946.62,96144.03,344.37859
2025-02-17 09:00:00+00:00,96144.03,96280.0,96076.92,96241.71,176.95959
2025-02-17 09:30:00+00:00,96241.7,96318.62,96134.81,96166.26,190.36098
2025-02-17 10:00:00+00:00,96166.26,96395.68,96146.79,96276.08,319.71286
2025-02-17 10:30:00+00:00,96276.08,96276.09,96050.0,96106.17,203.94135
2025-02-17 11:00:00+00:00,96106.18,96300.0,96054.66,96170.15,403.10596
2025-02-17 11:30:00+00:00,96170.15,96191.7,95990.0,96063.18,438.74935
2025-02-17 12:00:00+00:00,96063.17,96368.96,96059.4,96272.0,364.66144
2025-02-17 12:30:00+00:00,96272.0,96510.66,96199.84,96457.76,361.5124
2025-02-17 13:00:00+00:00,96457.75,96482.35,96301.0,96338.78,226.68321
2025-02-17 13:30:00+00:00,96338.79,96411.96,96253.9,96411.95,146.01746
2025-02-17 14:00:00+00:00,96411.96,97046.59,96400.0,96605.31,1294.5052
2025-02-17 14:30:00+00:00,96605.3,96820.1,96605.3,96799.99,332.83668
2025-02-17 15:00:00+00:00,96800.0,96898.9,96475.72,96528.31,375.42145
2025-02-17 15:30:00+00:00,96528.3,96528.31,95564.0,95659.46,1332.96674
2025-02-17 16:00:00+00:00,95659.45,95945.49,95499.96,95499.99,1070.97338
2025-02-17 16:30:00+00:00,95499.99,95690.0,95303.21,95334.75,581.02112
2025-02-17 17:00:00+00:00,95334.75,95725.0,95318.91,95390.0,359.66259
2025-02-17 17:30:00+00:00,95390.0,95696.04,95288.0,95479.78,358.6473
2025-02-17 18:00:00+00:00,95479.78,95770.86,95360.0,95490.51,252.25513
2025-02-17 18:30:00+00:00,95490.5,95490.51,95249.74,95340.83,376.16229
2025-02-17 19:00:00+00:00,95340.83,95471.7,95205.0,95421.28,333.81972
2025-02-17 19:30:00+00:00,95421.29,95596.24,95361.12,95531.36,149.59121
2025-02-17 20:00:00+00:00,95531.36,95846.48,95488.9,95786.6,177.23161
2025-02-17 20:30:00+00:00,95786.6,96267.45,95703.0,95971.36,392.27697
2025-02-17 21:00:00+00:00,95971.35,96125.13,95917.51,96109.27,188.22362
2025-02-17 21:30:00+00:00,96109.99,96413.43,96055.3,96409.33,277.49885
2025-02-17 22:00:00+00:00,96409.33,96413.43,96096.0,96132.66,159.29942
2025-02-17 22:30:00+00:00,96132.66,96156.96,95829.63,95875.48,192.14335
2025-02-17 23:00:00+00:00,95875.48,96009.11,95760.0,95760.01,148.28484
2025-02-17 23:30:00+00:00,95760.01,95870.62,95673.02,95780.0,165.21572
2025-02-18 00:00:00+00:00,95780.01,96058.62,95538.01,95601.31,354.90314
2025-02-18 00:30:00+00:00,95601.3,95753.35,95550.0,95637.93,164.70376
2025-02-18 01:00:00+00:00,95637.93,96133.0,95606.46,96005.62,312.88665
2025-02-18 01:30:00+00:00,96005.62,96300.0,96005.61,96266.24,150.86855
2025-02-18 02:00:00+00:00,96266.24,96322.97,96082.61,96205.71,163.2075
2025-02-18 02:30:00+00:00,96205.7,96260.0,96015.0,96064.47,175.58898
2025-02-18 03:00:00+00:00,96064.47,96250.0,96000.0,96207.03,154.25032
2025-02-18 03:30:00+00:00,96207.04,96290.0,96155.0,96200.0,125.9348
2025-02-18 04:00:00+00:00,96200.0,96300.73,96080.99,96106.5,202.49366
2025-02-18 04:30:00+00:00,96106.5,96248.31,95968.1,96070.81,156.96655
2025-02-18 05:00:00+00:00,96070.81,96110.63,95760.39,95870.0,259.65152
2025-02-18 05:30:00+00:00,95869.99,95924.53,95539.14,95609.49,345.50946
2025-02-18 06:00:00+00:00,95609.5,95641.79,95300.0,95433.96,643.28994
2025-02-18 06:30:00+00:00,95433.96,95610.01,95254.12,95382.75,767.5843
2025-02-18 07:00:00+00:00,95382.74,95584.91,95298.06,95559.79,502.11912
2025-02-18 07:30:00+00:00,95559.8,95713.19,95405.5,95456.93,298.87091
2025-02-18 08:00:00+00:00,95456.92,95540.17,95263.0,95466.04,392.21379
2025-02-18 08:30:00+00:00,95466.04,95582.11,95050.0,95238.89,579.55283
2025-02-18 09:00:00+00:00,95238.89,95760.68,95149.04,95628.58,483.61141
2025-02-18 09:30:00+00:00,95628.58,95780.5,95578.68,95775.95,236.2644
2025-02-18 10:00:00+00:00,95775.94,95871.1,95634.05,95725.13,186.92339
2025-02-18 10:30:00+00:00,95725.12,95872.17,95679.99,95742.5,183.96002
2025-02-18 11:00:00+00:00,95742.5,95742.5,95566.84,95735.85,205.44133
2025-02-18 11:30:00+00:00,95735.84,95782.1,95569.46,95640.34,215.21406
2025-02-18 12:00:00+00:00,95640.35,95978.77,95600.17,95937.86,351.07973
2025-02-18 12:30:00+00:00,95937.85,96281.05,95916.01,96194.0,382.72115
2025-02-18 13:00:00+00:00,96194.0,96482.91,96175.88,96249.99,692.62903
2025-02-18 13:30:00+00:00,96249.99,96330.0,96107.77,96230.0,271.02229
2025-02-18 14:00:00+00:00,96230.0,96753.91,96113.2,96508.45,440.39612
2025-02-18 14:30:00+00:00,96508.45,96626.59,95375.12,95536.83,1099.9656
2025-02-18 15:00:00+00:00,95536.83,95730.77,95359.57,95403.51,616.15851
2025-02-18 15:30:00+00:00,95403.51,95722.73,95200.0,95546.48,620.07215
2025-02-18 16:00:00+00:00,95546.49,95633.15,95250.0,95266.78,524.27485
2025-02-18 16:30:00+00:00,95266.78,95266.78,94617.45,94639.98,1546.35889
2025-02-18 17:00:00+00:00,94639.98,94878.74,94456.0,94529.58,681.62629
2025-02-18 17:30:00+00:00,94529.58,94549.31,94102.15,94102.16,841.27759
2025-02-18 18:00:00+00:00,94102.16,94350.87,93749.92,94049.54,1051.57305
2025-02-18 18:30:00+00:00,94049.54,94049.54,93600.0,93924.03,785.9237
2025-02-18 19:00:00+00:00,93924.03,93924.03,93388.09,93679.63,824.63998
2025-02-18 19:30:00+00:00,93679.62,94403.88,93601.41,94104.14,590.48056
2025-02-18 20:00:00+00:00,94104.15,94458.4,93957.61,94225.49,480.33538
2025-02-18 20:30:00+00:00,94225.48,94329.65,93730.72,94196.02,605.80352
2025-02-18 21:00:00+00:00,94196.77,95351.4,94118.8,95159.1,1097.56577
2025-02-18 21:30:00+00:00,95159.11,95234.66,94705.88,95065.46,505.00249
2025-02-18 22:00:00+00:00,95065.46,95430.77,94855.67,95399.95,638.21027
2025-02-18 22:30:00+00:00,95399.94,95534.25,95182.0,95304.43,402.43655
2025-02-18 23:00:00+00:00,95304.42,95605.0,95257.15,95581.18,503.25067
2025-02-18 23:30:00+00:00,95581.18,95685.0,95351.95,95671.74,553.38018
2025-02-19 00:00:00+00:00,95671.74,95849.06,95426.92,95464.96,694.26483
2025-02-19 00:30:00+00:00,95464.96,95634.71,95279.94,95330.15,209.85329
2025-02-19 01:00:00+00:00,95330.15,95373.46,95055.0,95199.99,236.48356
2025-02-19 01:30:00+00:00,95199.99,95480.0,95145.44,95479.99,252.49647
2025-02-19 02:00:00+00:00,95480.0,95727.27,95458.03,95542.67,179.84772
2025-02-19 02:30:00+00:00,95542.67,95961.54,95533.11,95831.76,219.5947
2025-02-19 03:00:00+00:00,95831.76,95837.82,95565.57,95704.98,181.05068
2025-02-19 03:30:00+00:00,95704.99,95799.99,95602.98,95710.26,185.03692
2025-02-19 04:00:00+00:00,95710.25,95768.95,95495.43,95535.98,206.73693
2025-02-19 04:30:00+00:00,95535.98,95607.05,95213.85,95213.85,225.8832
2025-02-19 05:00:00+00:00,95213.84,95281.48,95029.99,95109.54,1664.23501
2025-02-19 05:30:00+00:00,95109.55,95340.05,95109.54,95289.33,465.88432
2025-02-19 06:00:00+00:00,95289.34,95396.23,95249.65,95387.62,177.07357
2025-02-19 06:30:00+00:00,95387.63,95652.0,95329.75,95616.31,259.29247
2025-02-19 07:00:00+00:00,95616.31,95773.59,95588.0,95644.65,247.40997
2025-02-19 07:30:00+00:00,95644.65,95846.15,95637.16,95687.71,194.6741
2025-02-19 08:00:00+00:00,95687.71,95866.0,95672.02,95819.91,203.819
2025-02-19 08:30:00+00:00,95819.91,95866.0,95616.6,95629.99,141.94252
2025-02-19 09:00:00+00:00,95629.99,95811.33,95629.7,95788.68,228.28375
2025-02-19 09:30:00+00:00,95788.68,96024.25,95736.16,95937.4,414.5457
2025-02-19 10:00:00+00:00,95937.4,96468.99,95937.39,96309.95,719.42247
2025-02-19 10:30:00+00:00,96309.95,96366.05,96131.01,96330.32,246.66327
2025-02-19 11:00:00+00:00,96330.31,96385.88,96205.4,96246.81,237.32266
2025-02-19 11:30:00+00:00,96246.81,96423.08,96218.96,96422.6,219.90776
2025-02-19 12:00:00+00:00,96422.6,96495.0,96324.79,96436.83,266.22353
2025-02-19 12:30:00+00:00,96436.83,96436.83,96138.4,96166.44,264.70834
2025-02-19 13:00:00+00:00,96166.45,96299.99,96166.44,96236.14,342.95718
2025-02-19 13:30:00+00:00,96236.13,96481.6,96197.76,96277.54,314.91822
2025-02-19 14:00:00+00:00,96277.54,96388.02,96021.44,96375.7,341.89882
2025-02-19 14:30:00+00:00,96375.85,96700.0,95692.0,95766.33,807.83578
2025-02-19 15:00:00+00:00,95766.33,96175.05,95536.36,95994.27,626.01452
2025-02-19 15:30:00+00:00,95994.27,96405.45,95924.52,95943.74,585.58514
2025-02-19 16:00:00+00:00,95943.74,96375.39,95930.54,96316.34,515.51799
2025-02-19 16:30:00+00:00,96316.35,96339.63,96022.0,96300.0,216.19752
2025-02-19 17:00:00+00:00,96300.0,96473.05,96194.19,96209.3,236.01675
2025-02-19 17:30:00+00:00,96209.29,96480.0,96122.0,96389.57,269.10444
2025-02-19 18:00:00+00:00,96389.57,96414.72,95871.68,96019.21,314.1336
2025-02-19 18:30:00+00:00,96019.21,96068.0,95640.03,95670.54,290.91962
2025-02-19 19:00:00+00:00,95670.53,96205.88,95407.41,95952.22,589.63697
2025-02-19 19:30:00+00:00,95952.23,96242.8,95885.28,96206.54,332.29315
2025-02-19 20:00:00+00:00,96206.54,96479.99,96101.89,96284.5,421.99296
2025-02-19 20:30:00+00:00,96284.5,96468.41,96128.62,96180.72,379.26654
2025-02-19 21:00:00+00:00,96180.72,96447.62,96058.38,96415.09,195.69451
2025-02-19 21:30:00+00:00,96415.1,96490.37,96200.01,96315.64,240.98939
2025-02-19 22:00:00+00:00,96315.65,96621.86,96305.35,96484.3,234.34999
2025-02-19 22:30:00+00:00,96484.72,96551.47,96347.74,96539.85,96.26375
2025-02-19 23:00:00+00:00,96539.84,96899.99,96522.55,96659.62,420.44137
2025-02-19 23:30:00+00:00,96659.63,96717.2,96547.29,96644.37,123.82459
2025-02-20 00:00:00+00:00,96644.37,96688.73,96415.09,96512.51,177.6434
2025-02-20 00:30:00+00:00,96512.51,96853.99,96427.38,96853.98,184.17963
2025-02-20 01:00:00+00:00,96853.98,97000.0,96692.15,96697.23,298.20435
2025-02-20 01:30:00+00:00,96697.23,96767.67,96627.09,96767.67,266.62644
2025-02-20 02:00:00+00:00,96767.67,96952.24,96756.38,96853.85,352.89952
2025-02-20 02:30:00+00:00,96853.85,97275.54,96739.48,97134.52,622.24086
2025-02-20 03:00:00+00:00,97134.52,97362.83,96979.29,96981.64,607.55145
2025-02-20 03:30:00+00:00,96981.64,97117.99,96981.63,97055.25,213.90918
2025-02-20 04:00:00+00:00,97055.24,97279.33,97034.59,97250.0,465.97331
2025-02-20 04:30:00+00:00,97250.0,97339.11,97161.14,97224.46,382.45665
2025-02-20 05:00:00+00:00,97224.46,97224.46,97006.68,97035.06,371.02769
2025-02-20 05:30:00+00:00,97035.06,97142.5,96891.47,96909.99,296.44879
2025-02-20 06:00:00+00:00,96909.99,96973.04,96781.57,96952.74,209.75285
2025-02-20 06:30:00+00:00,96952.74,96999.3,96857.89,96907.99,284.65105
2025-02-20 07:00:00+00:00,96908.0,96969.16,96804.0,96966.82,159.77148
2025-02-20 07:30:00+00:00,96966.82,97088.87,96867.92,96867.92,171.0898
2025-02-20 08:00:00+00:00,96867.92,96984.0,96801.61,96981.31,163.06806
2025-02-20 08:30:00+00:00,96981.3,97197.74,96938.51,97150.01,232.58726
2025-02-20 09:00:00+00:00,97150.01,97257.2,97150.0,97202.8,248.1232
2025-02-20 09:30:00+00:00,97202.8,97284.0,97150.0,97184.63,189.52969
2025-02-20 10:00:00+00:00,97184.63,97234.05,97095.75,97221.99,207.90167
2025-02-20 10:30:00+00:00,97221.99,97374.0,97221.98,97373.98,172.26767
2025-02-20 11:00:00+00:00,97373.98,97384.03,97257.46,97283.53,213.29275
2025-02-20 11:30:00+00:00,97283.53,97287.0,97156.19,97207.92,163.00643
2025-02-20 12:00:00+00:00,97207.93,97499.36,97207.92,97417.09,334.15428
2025-02-20 12:30:00+00:00,97417.09,97549.88,97361.41,97428.36,290.90846
2025-02-20 13:00:00+00:00,97428.37,97500.0,97318.37,97396.23,238.3735
2025-02-20 13:30:00+00:00,97396.23,97566.26,97268.51,97562.19,340.81034
2025-02-20 14:00:00+00:00,97562.2,97981.78,97548.33,97797.0,683.72426
2025-02-20 14:30:00+00:00,97796.31,98062.15,96877.51,96966.91,1295.15347
2025-02-20 15:00:00+00:00,96966.92,97257.44,96799.42,97098.22,778.02212
2025-02-20 15:30:00+00:00,97098.22,97326.07,96850.0,96903.77,440.02685
2025-02-20 16:00:00+00:00,96903.76,97720.0,96888.0,97701.13,615.60404
2025-02-20 16:30:00+00:00,97701.13,97968.0,97513.62,97550.73,541.48461
2025-02-20 17:00:00+00:00,97550.73,97960.0,97541.4,97876.49,335.94839
2025-02-20 17:30:00+00:00,97876.5,97999.99,97809.99,97954.95,339.27859
2025-02-20 18:00:00+00:00,97954.95,98423.29,97943.34,98280.79,861.74818
2025-02-20 18:30:00+00:00,98280.79,98436.0,98125.95,98295.08,430.9285
2025-02-20 19:00:00+00:00,98295.09,98518.0,98292.96,98466.79,440.15886
2025-02-20 19:30:00+00:00,98466.79,98466.79,98241.99,98422.8,254.49556
2025-02-20 20:00:00+00:00,98422.8,98711.36,98313.73,98585.7,400.45706
2025-02-20 20:30:00+00:00,98585.69,98669.78,98353.49,98453.61,434.81229
2025-02-20 21:00:00+00:00,98453.61,98498.43,98169.48,98185.81,283.05243
2025-02-20 21:30:00+00:00,98185.81,98264.21,98000.0,98089.46,340.50501
2025-02-20 22:00:00+00:00,98089.45,98320.32,98062.08,98176.78,208.57311
2025-02-20 22:30:00+00:00,98176.79,98371.66,98113.2,98134.95,127.9487
2025-02-20 23:00:00+00:00,98134.95,98424.4,98115.0,98305.75,198.14994
2025-02-20 23:30:00+00:00,98305.74,98510.89,98294.23,98305.0,188.87004
2025-02-21 00:00:00+00:00,98305.01,98505.0,98296.13,98333.27,269.29188
2025-02-21 00:30:00+00:00,98333.27,98410.17,98084.06,98236.32,250.58228
2025-02-21 01:00:00+00:00,98236.32,98289.98,98114.58,98170.29,131.26485
2025-02-21 01:30:00+00:00,98170.29,98350.0,98113.2,98312.0,307.73951
2025-02-21 02:00:00+00:00,98312.0,98373.72,98228.15,98267.32,383.20145
2025-02-21 02:30:00+00:00,98267.32,98297.02,98111.11,98111.12,279.80448
2025-02-21 03:00:00+00:00,98111.13,98298.26,98085.96,98256.79,298.92271
2025-02-21 03:30:00+00:00,98256.79,98266.62,98085.15,98141.99,382.83264
2025-02-21 04:00:00+00:00,98141.99,98271.15,98133.96,98171.5,228.10985
2025-02-21 04:30:00+00:00,98171.5,98266.53,98117.73,98204.01,245.71526
2025-02-21 05:00:00+00:00,98204.02,98297.3,98156.94,98261.4,225.90914
2025-02-21 05:30:00+00:00,98261.4,98389.31,98244.51,98333.58,303.67882
2025-02-21 06:00:00+00:00,98333.59,98421.35,98292.63,98381.06,214.08837
2025-02-21 06:30:00+00:00,98381.07,98412.01,98352.78,98409.99,137.46267
2025-02-21 07:00:00+00:00,98410.0,98610.17,98387.17,98435.92,440.83963
2025-02-21 07:30:00+00:00,98435.92,98435.93,98172.0,98179.76,260.67774
2025-02-21 08:00:00+00:00,98179.77,98261.91,98150.94,98182.2,184.978
2025-02-21 08:30:00+00:00,98182.2,98248.28,98150.0,98213.41,184.07295
2025-02-21 09:00:00+00:00,98213.41,98896.81,98213.4,98371.97,780.73767
2025-02-21 09:30:00+00:00,98371.97,98478.75,98111.11,98337.7,552.96207
2025-02-21 10:00:00+00:00,98337.7,98528.1,98240.63,98424.0,293.55508
2025-02-21 10:30:00+00:00,98424.0,98679.83,98412.32,98612.0,415.05582
2025-02-21 11:00:00+00:00,98612.0,98787.47,98490.57,98769.41,672.84619
2025-02-21 11:30:00+00:00,98769.41,98833.11,98622.0,98629.3,386.4905
2025-02-21 12:00:00+00:00,98629.31,98899.99,98531.29,98862.79,477.98852
2025-02-21 12:30:00+00:00,98862.79,98957.93,98745.35,98904.0,406.68352
2025-02-21 13:00:00+00:00,98903.99,99400.0,98800.0,99211.5,1176.00237
2025-02-21 13:30:00+00:00,99211.5,99475.0,99211.5,99334.93,538.51126
2025-02-21 14:00:00+00:00,99334.92,99380.17,98955.0,99054.77,439.86485
2025-02-21 14:30:00+00:00,99054.78,99054.78,98345.69,98777.77,1197.2041
2025-02-21 15:00:00+00:00,98777.78,99333.34,97608.21,98216.01,2051.63992
2025-02-21 15:30:00+00:00,98216.0,98310.0,97177.31,98104.04,2631.9267
2025-02-21 16:00:00+00:00,98104.04,98757.0,97709.92,98301.89,1657.29226
2025-02-21 16:30:00+00:00,98301.89,98655.19,98125.0,98215.81,848.38
2025-02-21 17:00:00+00:00,98215.81,98430.58,97810.0,97911.98,818.46132
2025-02-21 17:30:00+00:00,97911.98,97911.99,96832.01,96971.9,1696.30413
2025-02-21 18:00:00+00:00,96971.91,97223.4,96678.47,97075.48,1066.47745
2025-02-21 18:30:00+00:00,97075.47,97117.65,96515.49,96543.52,843.30329
2025-02-21 19:00:00+00:00,96543.52,96829.0,95864.0,95904.13,1230.50104
2025-02-21 19:30:00+00:00,95904.13,96300.91,95247.15,95285.11,1281.39634
2025-02-21 20:00:00+00:00,95285.11,95671.9,95138.49,95250.88,1232.93505
2025-02-21 20:30:00+00:00,95250.88,95585.84,94871.95,95066.25,1819.29932
2025-02-21 21:00:00+00:00,95066.24,95410.01,95018.86,95076.0,890.79869
2025-02-21 21:30:00+00:00,95076.01,95480.0,95006.13,95395.03,677.94168
2025-02-21 22:00:00+00:00,95395.03,95930.6,95245.49,95777.01,536.95731
2025-02-21 22:30:00+00:00,95777.01,95921.87,95509.0,95823.53,302.0489
2025-02-21 23:00:00+00:00,95823.53,96084.1,95666.88,96052.91,326.56945
2025-02-21 23:30:00+00:00,96052.91,96202.68,96012.3,96181.98,269.97437
2025-02-22 00:00:00+00:00,96181.99,96186.5,95770.49,95804.0,397.64659
2025-02-22 00:30:00+00:00,95804.0,96214.59,95781.89,96185.9,370.83161
2025-02-22 01:00:00+00:00,96185.91,96367.79,96123.72,96359.91,450.1766
2025-02-22 01:30:00+00:00,96359.91,96451.15,96187.37,96233.2,198.71283
2025-02-22 02:00:00+00:00,96233.2,96291.99,96110.0,96110.01,195.23635
2025-02-22 02:30:00+00:00,96110.01,96455.97,96107.0,96343.22,340.74657
2025-02-22 03:00:00+00:00,96343.22,96358.0,96211.0,96310.91,161.63569
2025-02-22 03:30:00+00:00,96310.76,96315.23,96156.53,96299.07,132.99016
2025-02-22 04:00:00+00:00,96299.08,96444.69,96273.85,96366.18,224.58831
2025-02-22 04:30:00+00:00,96366.18,96470.59,96343.12,96387.36,155.32034
2025-02-22 05:00:00+00:00,96387.36,96487.73,96312.0,96487.72,106.44979
2025-02-22 05:30:00+00:00,96487.73,96530.0,96434.02,96509.83,169.84324
2025-02-22 06:00:00+00:00,96509.83,96578.99,96425.39,96444.0,140.03199
2025-02-22 06:30:00+00:00,96443.99,96489.2,96327.12,96395.18,281.78189
2025-02-22 07:00:00+00:00,96395.19,96511.93,96390.12,96450.0,203.17707
2025-02-22 07:30:00+00:00,96450.01,96480.17,96288.09,96288.09,113.71736
2025-02-22 08:00:00+00:00,96288.09,96348.6,96163.46,96257.84,280.96158
2025-02-22 08:30:00+00:00,96257.85,96300.0,96159.01,96219.8,158.17282
2025-02-22 09:00:00+00:00,96219.81,96436.89,96151.0,96358.54,557.81511
2025-02-22 09:30:00+00:00,96358.54,96529.79,96358.53,96493.95,205.83229
2025-02-22 10:00:00+00:00,96493.96,96583.7,96437.24,96543.01,290.79534
2025-02-22 10:30:00+00:00,96543.01,96580.28,96450.97,96500.16,197.38897
2025-02-22 11:00:00+00:00,96500.17,96563.54,96500.16,96528.3,151.61732
2025-02-22 11:30:00+00:00,96528.3,96611.53,96522.0,96580.0,217.05134
2025-02-22 12:00:00+00:00,96580.0,96712.99,96575.0,96608.67,207.94388
2025-02-22 12:30:00+00:00,96608.67,96980.0,96608.67,96823.94,376.40614
2025-02-22 13:00:00+00:00,96823.94,96916.83,96768.45,96768.45,209.04538
2025-02-22 13:30:00+00:00,96768.45,96774.95,96523.98,96566.03,297.59624
2025-02-22 14:00:00+00:00,96566.04,96716.71,96566.03,96650.02,264.41678
2025-02-22 14:30:00+00:00,96650.02,96689.74,96498.27,96535.9,334.92436
2025-02-22 15:00:00+00:00,96535.91,96630.0,96528.3,96557.3,220.57189
2025-02-22 15:30:00+00:00,96557.3,96708.43,96485.37,96592.0,379.95002
2025-02-22 16:00:00+00:00,96592.01,96811.03,96592.0,96716.98,352.8203
2025-02-22 16:30:00+00:00,96716.99,96738.13,96455.0,96504.01,324.90476
2025-02-22 17:00:00+00:00,96504.01,96638.74,96476.0,96604.48,291.73246
2025-02-22 17:30:00+00:00,96604.48,96685.99,96539.16,96639.38,186.22504
2025-02-22 18:00:00+00:00,96639.39,96770.0,96639.38,96770.0,156.07129
2025-02-22 18:30:00+00:00,96770.0,96823.53,96415.09,96449.99,386.97631
2025-02-22 19:00:00+00:00,96449.98,96594.99,96345.49,96590.59,461.43757
2025-02-22 19:30:00+00:00,96590.59,96645.0,96574.7,96639.99,145.77772
2025-02-22 20:00:00+00:00,96640.0,96645.0,96534.72,96539.17,114.99118
2025-02-22 20:30:00+00:00,96539.18,96640.0,96508.0,96578.01,116.42419
2025-02-22 21:00:00+00:00,96578.01,96599.52,96528.01,96528.02,102.99412
2025-02-22 21:30:00+00:00,96528.03,96677.69,96527.2,96658.57,154.61491
2025-02-22 22:00:00+00:00,96658.57,96700.0,96632.43,96632.44,76.03412
2025-02-22 22:30:00+00:00,96632.44,96685.7,96603.77,96634.06,129.99771
2025-02-22 23:00:00+00:00,96634.06,96658.4,96472.22,96613.58,184.92566
2025-02-22 23:30:00+00:00,96613.59,96616.97,96551.0,96551.01,88.87389
2025-02-23 00:00:00+00:00,96551.01,96610.75,96492.0,96537.99,198.28589
2025-02-23 00:30:00+00:00,96538.0,96650.0,96537.99,96643.46,119.23955
2025-02-23 01:00:00+00:00,96643.47,96643.47,96501.0,96506.0,143.9828
2025-02-23 01:30:00+00:00,96506.01,96506.01,96355.17,96452.83,228.86655
2025-02-23 02:00:00+00:00,96452.83,96500.0,96400.0,96430.91,177.4605
2025-02-23 02:30:00+00:00,96430.92,96469.65,96387.24,96410.27,125.03578
2025-02-23 03:00:00+00:00,96410.28,96561.44,96371.95,96528.26,132.11306
2025-02-23 03:30:00+00:00,96528.26,96566.04,96413.06,96414.0,201.65259
2025-02-23 04:00:00+00:00,96414.0,96520.0,96377.35,96453.14,159.91914
2025-02-23 04:30:00+00:00,96453.14,96453.15,96390.0,96395.88,54.63061
2025-02-23 05:00:00+00:00,96395.88,96406.45,96278.11,96339.99,213.13596
2025-02-23 05:30:00+00:00,96340.0,96385.64,96194.65,96208.62,186.44475
2025-02-23 06:00:00+00:00,96208.63,96316.89,96143.99,96282.91,201.38192
2025-02-23 06:30:00+00:00,96282.91,96352.95,96235.68,96342.91,79.14803
2025-02-23 07:00:00+00:00,96342.92,96469.8,96298.37,96400.01,206.1405
2025-02-23 07:30:00+00:00,96400.0,96558.01,96400.0,96508.85,144.72298
2025-02-23 08:00:00+00:00,96508.85,96508.86,96326.32,96337.39,110.05268
2025-02-23 08:30:00+00:00,96337.39,96377.36,96308.0,96364.32,105.83609
2025-02-23 09:00:00+00:00,96364.32,96470.59,96269.23,96312.97,143.76592
2025-02-23 09:30:00+00:00,96312.98,96369.13,96255.61,96286.02,188.49757
2025-02-23 10:00:00+00:00,96286.02,96298.87,96200.01,96250.0,97.01317
2025-02-23 10:30:00+00:00,96250.0,96250.01,96083.33,96193.88,248.98939
2025-02-23 11:00:00+00:00,96193.89,96245.99,96134.5,96195.0,165.24338
2025-02-23 11:30:00+00:00,96195.01,96196.0,96085.7,96115.99,163.85466
2025-02-23 12:00:00+00:00,96115.99,96158.5,95814.64,95814.64,311.1679
2025-02-23 12:30:00+00:00,95814.65,95872.0,95657.05,95732.93,457.05722
2025-02-23 13:00:00+00:00,95732.94,95953.27,95721.33,95747.16,390.53443
2025-02-23 13:30:00+00:00,95747.17,95979.65,95730.0,95977.96,238.21409
2025-02-23 14:00:00+00:00,95977.96,96049.44,95923.16,95985.99,251.41084
2025-02-23 14:30:00+00:00,95986.0,95986.0,95544.0,95593.89,335.28474
2025-02-23 15:00:00+00:00,95593.88,95731.73,95517.21,95716.0,299.76101
2025-02-23 15:30:00+00:00,95716.01,95716.01,95414.25,95436.18,469.51691
2025-02-23 16:00:00+00:00,95436.19,95624.31,95428.89,95566.99,346.8234
2025-02-23 16:30:00+00:00,95566.99,95601.33,95420.5,95420.5,274.2427
2025-02-23 17:00:00+00:00,95420.51,95471.7,95260.75,95260.76,349.42461
2025-02-23 17:30:00+00:00,95260.75,95750.0,95227.94,95656.78,612.55522
2025-02-23 18:00:00+00:00,95656.78,95876.0,95622.65,95832.01,507.94755
2025-02-23 18:30:00+00:00,95832.01,95875.5,95656.63,95740.0,237.94983
2025-02-23 19:00:00+00:00,95739.99,95849.12,95702.08,95842.21,191.95788
2025-02-23 19:30:00+00:00,95842.21,95842.21,95726.01,95755.99,125.13633
2025-02-23 20:00:00+00:00,95756.0,95811.44,95690.42,95726.0,60.02618
2025-02-23 20:30:00+00:00,95726.0,95777.71,95680.0,95777.7,63.95029
2025-02-23 21:00:00+00:00,95777.71,95777.71,95637.45,95697.82,142.3151
2025-02-23 21:30:00+00:00,95697.82,95763.99,95659.29,95755.25,76.31853
2025-02-23 22:00:00+00:00,95755.25,95764.72,95522.78,95615.3,360.10333
2025-02-23 22:30:00+00:00,95615.31,95940.83,95615.3,95787.13,155.55511
2025-02-23 23:00:00+00:00,95787.14,96284.74,95774.6,95854.28,575.71124
2025-02-23 23:30:00+00:00,95854.29,96332.44,95854.28,96258.0,256.47122
2025-02-24 00:00:00+00:00,96258.0,96500.0,96194.88,96408.6,359.3029
2025-02-24 00:30:00+00:00,96408.6,96499.0,96157.42,96247.35,429.11049
2025-02-24 01:00:00+00:00,96247.36,96339.63,96060.0,96092.52,198.55484
2025-02-24 01:30:00+00:00,96092.52,96108.0,95763.43,95971.24,353.95467
2025-02-24 02:00:00+00:00,95971.25,96200.0,95813.04,95972.43,214.91118
2025-02-24 02:30:00+00:00,95972.44,96074.98,95752.68,95829.35,249.07575
2025-02-24 03:00:00+00:00,95829.36,95829.36,95484.0,95515.01,439.19892
2025-02-24 03:30:00+00:00,95515.01,95780.0,95311.0,95433.21,397.29383
2025-02-24 04:00:00+00:00,95433.21,95597.02,95289.77,95350.0,539.26559
2025-02-24 04:30:00+00:00,95350.0,95433.01,95078.01,95298.0,735.14661
2025-02-24 05:00:00+00:00,95298.0,95560.01,95240.01,95500.74,382.91344
2025-02-24 05:30:00+00:00,95500.74,95764.99,95487.71,95727.39,309.84532
2025-02-24 06:00:00+00:00,95727.39,95745.99,95609.78,95678.65,210.07131
2025-02-24 06:30:00+00:00,95678.65,95896.0,95678.64,95864.31,239.35403
2025-02-24 07:00:00+00:00,95864.31,95945.0,95696.0,95804.27,295.3785
2025-02-24 07:30:00+00:00,95804.28,95916.03,95719.64,95872.02,365.67273
2025-02-24 08:00:00+00:00,95872.02,95945.0,95411.1,95423.99,513.87186
2025-02-24 08:30:00+00:00,95423.99,95601.38,95375.89,95509.49,378.03598
2025-02-24 09:00:00+00:00,95509.5,96087.56,95499.94,96019.5,472.87592
2025-02-24 09:30:00+00:00,96019.5,96177.18,95553.94,95765.76,459.7097
2025-02-24 10:00:00+00:00,95765.76,95915.97,95562.0,95577.83,361.50067
2025-02-24 10:30:00+00:00,95577.82,95696.68,95355.0,95631.66,553.95026
2025-02-24 11:00:00+00:00,95631.66,95710.61,95411.01,95710.61,297.31095
2025-02-24 11:30:00+00:00,95710.61,95860.0,95665.99,95821.45,246.8245
2025-02-24 12:00:00+00:00,95821.45,95882.0,95679.74,95832.0,220.26258
2025-02-24 12:30:00+00:00,95831.99,95946.61,95745.46,95798.46,244.55046
2025-02-24 13:00:00+00:00,95798.46,95991.99,95339.35,95960.74,781.62057
2025-02-24 13:30:00+00:00,95960.74,96095.32,95591.55,95594.57,434.14002
2025-02-24 14:00:00+00:00,95594.57,95773.59,95386.0,95389.01,487.56045
2025-02-24 14:30:00+00:00,95389.0,95800.0,94578.0,94674.44,1904.43719
2025-02-24 15:00:00+00:00,94674.45,94960.0,94188.0,94333.52,1892.63377
2025-02-24 15:30:00+00:00,94333.53,94477.99,93817.06,94323.95,1608.40447
2025-02-24 16:00:00+00:00,94323.95,94980.0,94153.72,94783.79,1330.51531
2025-02-24 16:30:00+00:00,94783.79,94891.9,94319.99,94434.49,608.38674
2025-02-24 17:00:00+00:00,94434.48,95194.59,94328.01,94949.86,916.52821
2025-02-24 17:30:00+00:00,94949.85,95167.4,94573.54,94644.0,626.69856
2025-02-24 18:00:00+00:00,94644.01,94852.59,94503.5,94503.51,357.61378
2025-02-24 18:30:00+00:00,94503.5,94558.1,94135.13,94161.67,497.67529
2025-02-24 19:00:00+00:00,94161.66,94559.05,94117.64,94387.36,419.52765
2025-02-24 19:30:00+00:00,94387.36,94485.37,93666.22,93943.51,841.85458
2025-02-24 20:00:00+00:00,93943.52,94478.61,93830.66,94180.0,834.13695
2025-02-24 20:30:00+00:00,94180.01,94571.43,93975.73,94020.0,625.03243
2025-02-24 21:00:00+00:00,94019.99,94117.59,93618.0,94100.38,552.35045
2025-02-24 21:30:00+00:00,94100.39,94349.22,93964.68,93979.44,365.91024
2025-02-24 22:00:00+00:00,93979.45,93996.0,92899.0,93507.72,2213.91315
2025-02-24 22:30:00+00:00,93507.73,93613.1,92368.0,92432.06,1312.55775
2025-02-24 23:00:00+00:00,92432.07,92871.89,92002.78,92034.77,1310.98818
2025-02-24 23:30:00+00:00,92034.78,92237.37,91349.26,91552.88,2159.67426
2025-02-25 00:00:00+00:00,91552.88,92128.33,90912.01,91662.16,2380.44981
2025-02-25 00:30:00+00:00,91662.16,92162.37,91444.44,91857.29,1763.55085
2025-02-25 01:00:00+00:00,91857.3,92044.62,91165.18,91793.48,986.00797
2025-02-25 01:30:00+00:00,91793.48,92401.01,91746.13,92018.41,1005.94706
2025-02-25 02:00:00+00:00,92018.41,92311.57,91595.0,92098.71,771.11041
2025-02-25 02:30:00+00:00,92098.7,92536.93,91981.37,92376.68,714.21413
2025-02-25 03:00:00+00:00,92376.68,92540.69,91944.73,92075.48,658.47674
2025-02-25 03:30:00+00:00,92075.48,92538.47,92008.35,92153.93,466.6952
2025-02-25 04:00:00+00:00,92153.93,92327.88,91812.7,92294.84,747.40499
2025-02-25 04:30:00+00:00,92294.84,92312.5,91857.26,91900.01,546.21977
2025-02-25 05:00:00+00:00,91900.01,92111.12,91706.87,91918.42,765.45006
2025-02-25 05:30:00+00:00,91918.42,92086.96,91829.98,92070.34,474.57973
2025-02-25 06:00:00+00:00,92070.35,92128.51,91532.6,91560.0,1123.30861
2025-02-25 06:30:00+00:00,91560.0,91689.0,91206.92,91275.99,696.59087
2025-02-25 07:00:00+00:00,91276.0,91441.82,88992.92,89405.59,5563.19897
2025-02-25 07:30:00+00:00,89405.59,89583.78,88200.0,89320.01,4823.81217
2025-02-25 08:00:00+00:00,89320.01,90000.0,89012.03,89659.24,2501.12664
2025-02-25 08:30:00+00:00,89659.23,89959.34,89357.88,89400.53,1489.83187
2025-02-25 09:00:00+00:00,89400.54,89598.02,88549.09,88650.0,1572.26731
2025-02-25 09:30:00+00:00,88650.0,89149.63,88289.63,88303.73,1595.09621
2025-02-25 10:00:00+00:00,88303.74,88905.67,86888.1,87782.01,4730.46305
2025-02-25 10:30:00+00:00,87782.02,88464.0,87736.44,88213.77,1989.95584
2025-02-25 11:00:00+00:00,88213.76,88349.36,87618.9,87738.02,1677.29964
2025-02-25 11:30:00+00:00,87738.01,89358.12,87709.7,89239.39,2129.16467
2025-02-25 12:00:00+00:00,89239.39,89531.25,89000.46,89301.88,1714.93712
2025-02-25 12:30:00+00:00,89301.89,89415.1,88908.91,89395.98,1031.82825
2025-02-25 13:00:00+00:00,89395.99,89544.4,89033.21,89051.49,1002.20255
2025-02-25 13:30:00+00:00,89051.49,89200.0,88750.41,88826.11,1047.03045
2025-02-25 14:00:00+00:00,88826.11,89384.65,88578.67,89165.44,1447.86111
2025-02-25 14:30:00+00:00,89165.45,89179.43,87077.0,87157.25,3765.16796
2025-02-25 15:00:00+00:00,87157.25,87537.01,86245.73,86620.21,5147.80448
2025-02-25 15:30:00+00:00,86620.22,87781.4,86050.99,87231.26,2900.38198
2025-02-25 16:00:00+00:00,87231.63,87320.76,86305.34,86388.0,2417.40242
2025-02-25 16:30:00+00:00,86388.0,87777.0,86157.69,87460.0,2308.76154
2025-02-25 17:00:00+00:00,87459.99,87720.79,86831.52,87521.09,1150.02651
2025-02-25 17:30:00+00:00,87521.09,87805.4,86842.11,87259.99,996.50112
2025-02-25 18:00:00+00:00,87259.99,87791.56,86918.41,86943.4,879.56652
2025-02-25 18:30:00+00:00,86943.4,87626.16,86925.8,87070.07,816.2453
2025-02-25 19:00:00+00:00,87070.07,87308.0,86508.76,86898.57,1013.62178
2025-02-25 19:30:00+00:00,86898.57,88065.45,86811.72,87947.25,1085.72056
2025-02-25 20:00:00+00:00,87947.24,88818.33,87622.64,88680.59,1678.9944
2025-02-25 20:30:00+00:00,88680.59,89013.66,87858.59,88161.03,2338.0272
2025-02-25 21:00:00+00:00,88161.03,88497.31,87761.9,88301.89,902.02056
2025-02-25 21:30:00+00:00,88301.89,88833.33,88062.5,88821.0,783.51718
2025-02-25 22:00:00+00:00,88821.01,89460.17,88746.93,88841.58,938.84085
2025-02-25 22:30:00+00:00,88841.58,89050.32,88512.34,88807.64,566.66198
2025-02-25 23:00:00+00:00,88807.64,89139.75,88679.24,89048.69,672.06899
2025-02-25 23:30:00+00:00,89048.69,89071.64,88675.14,88680.4,555.69773
2025-02-26 00:00:00+00:00,88680.39,88690.0,88264.15,88470.02,598.8765
2025-02-26 00:30:00+00:00,88470.01,88507.01,88148.48,88150.0,409.67375
2025-02-26 01:00:00+00:00,88150.01,88458.03,88149.98,88356.01,385.01508
2025-02-26 01:30:00+00:00,88356.01,88850.07,88304.34,88705.66,474.05898
2025-02-26 02:00:00+00:00,88705.66,88887.19,88434.78,88848.58,322.60539
2025-02-26 02:30:00+00:00,88848.57,89198.23,88610.32,89018.87,475.1421
2025-02-26 03:00:00+00:00,89018.86,89414.15,89018.86,89158.95,502.10079
2025-02-26 03:30:00+00:00,89158.95,89182.34,88886.35,88900.0,337.8759
2025-02-26 04:00:00+00:00,88900.01,89199.99,88884.22,89199.98,418.43034
2025-02-26 04:30:00+00:00,89199.99,89245.29,88673.11,88693.95,480.62125
2025-02-26 05:00:00+00:00,88693.96,88890.0,88626.41,88792.46,542.39717
2025-02-26 05:30:00+00:00,88792.45,88820.0,88392.45,88423.6,446.38315
2025-02-26 06:00:00+00:00,88423.59,88830.18,88422.79,88727.59,511.67693
2025-02-26 06:30:00+00:00,88727.58,88940.01,88652.0,88920.18,407.65195
2025-02-26 07:00:00+00:00,88920.18,89163.39,88840.26,89023.15,484.71277
2025-02-26 07:30:00+00:00,89023.15,89023.15,88399.43,88720.02,551.62585
2025-02-26 08:00:00+00:00,88720.01,88807.8,88138.0,88419.98,715.23051
2025-02-26 08:30:00+00:00,88419.98,88573.34,88301.88,88484.54,350.14306
2025-02-26 09:00:00+00:00,88484.54,89057.54,88464.0,88851.92,554.3185
2025-02-26 09:30:00+00:00,88851.91,89289.67,88842.77,89115.98,688.46733
2025-02-26 10:00:00+00:00,89115.99,89115.99,88882.35,89054.01,477.476
2025-02-26 10:30:00+00:00,89054.0,89314.45,88991.71,89262.66,418.64805
2025-02-26 11:00:00+00:00,89262.67,89270.0,88905.7,88947.27,482.21946
2025-02-26 11:30:00+00:00,88947.27,88960.37,88534.55,88616.8,488.90296
2025-02-26 12:00:00+00:00,88616.8,88674.0,88180.01,88333.38,686.82661
2025-02-26 12:30:00+00:00,88333.37,88431.0,87616.24,87938.81,808.17405
2025-02-26 13:00:00+00:00,87938.81,88090.9,87518.47,87828.0,974.45572
2025-02-26 13:30:00+00:00,87827.99,87898.02,87031.73,87191.99,651.68331
2025-02-26 14:00:00+00:00,87191.99,87199.99,85418.72,85897.4,3375.68357
2025-02-26 14:30:00+00:00,85897.16,87741.33,85644.0,87621.22,3162.95428
2025-02-26 15:00:00+00:00,87621.21,88530.0,87455.62,87684.33,2324.04978
2025-02-26 15:30:00+00:00,87684.33,88193.84,87422.0,87567.53,1242.6554
2025-02-26 16:00:00+00:00,87567.53,87806.62,86280.82,86860.0,1833.65608
2025-02-26 16:30:00+00:00,86860.0,87368.0,86693.41,86805.99,1161.45107
2025-02-26 17:00:00+00:00,86806.0,87303.47,86641.69,87009.82,913.23469
2025-02-26 17:30:00+00:00,87009.82,87124.0,85687.81,86051.33,1392.89296
2025-02-26 18:00:00+00:00,86051.33,86498.0,85152.71,85152.72,1561.68805
2025-02-26 18:30:00+00:00,85152.72,85609.52,83418.0,84258.94,5441.4623
2025-02-26 19:00:00+00:00,84258.25,85084.64,83853.0,84320.75,2934.24054
2025-02-26 19:30:00+00:00,84320.75,84667.99,83745.88,83856.99,2397.0382
2025-02-26 20:00:00+00:00,83856.98,84287.22,82256.01,83520.86,4327.38636
2025-02-26 20:30:00+00:00,83520.85,84620.0,83182.08,84385.89,2017.52217
2025-02-26 21:00:00+00:00,84384.34,85131.82,83927.85,84452.84,2706.79299
2025-02-26 21:30:00+00:00,84452.83,84655.39,83464.0,84610.86,1627.92239
2025-02-26 22:00:00+00:00,84611.99,85400.0,84407.54,84410.02,1676.61061
2025-02-26 22:30:00+00:00,84410.01,84996.6,84119.97,84433.51,945.7113
2025-02-26 23:00:00+00:00,84433.5,84782.25,83924.53,84188.38,631.03441
2025-02-26 23:30:00+00:00,84188.39,84296.79,83918.38,84250.09,574.16348
2025-02-27 00:00:00+00:00,84250.09,84677.99,84125.31,84403.36,1306.33517
2025-02-27 00:30:00+00:00,84403.36,84808.11,84026.96,84742.39,1172.2065
2025-02-27 01:00:00+00:00,84742.38,85466.55,84324.01,85238.73,966.93249
2025-02-27 01:30:00+00:00,85238.97,85362.75,84750.0,84763.25,591.93223
2025-02-27 02:00:00+00:00,84763.25,85214.25,84600.0,84938.75,531.33897
2025-02-27 02:30:00+00:00,84938.76,84940.0,84199.46,84295.2,1157.87984
2025-02-27 03:00:00+00:00,84295.19,85002.82,84272.91,84744.88,561.251
2025-02-27 03:30:00+00:00,84744.46,85342.5,84714.47,85226.32,617.5221
2025-02-27 04:00:00+00:00,85226.32,85369.39,84694.29,84823.67,839.19368
2025-02-27 04:30:00+00:00,84823.67,85300.0,84708.81,85161.93,515.70264
2025-02-27 05:00:00+00:00,85161.93,85660.38,85057.67,85320.76,823.83741
2025-02-27 05:30:00+00:00,85320.76,85944.76,85314.32,85883.13,609.84382
2025-02-27 06:00:00+00:00,85883.13,86188.0,85707.64,86103.75,559.72979
2025-02-27 06:30:00+00:00,86103.74,86737.0,86038.39,86265.84,805.12245
2025-02-27 07:00:00+00:00,86265.84,86523.91,86106.26,86354.0,614.25674
2025-02-27 07:30:00+00:00,86354.01,86600.0,86253.14,86272.01,721.95764
2025-02-27 08:00:00+00:00,86272.01,86447.61,85927.04,85976.53,493.62546
2025-02-27 08:30:00+00:00,85976.71,86168.0,85900.0,86078.47,404.65298
2025-02-27 09:00:00+00:00,86078.47,86352.51,85846.87,86169.8,603.09753
2025-02-27 09:30:00+00:00,86169.81,86330.0,86097.19,86169.81,453.78705
2025-02-27 10:00:00+00:00,86169.81,86490.57,86026.38,86401.67,495.42529
2025-02-27 10:30:00+00:00,86401.67,87073.42,86300.53,87013.46,731.96215
2025-02-27 11:00:00+00:00,87013.47,87078.46,86610.75,86646.22,513.64363
2025-02-27 11:30:00+00:00,86646.21,86792.46,86389.86,86698.6,406.39418
2025-02-27 12:00:00+00:00,86698.6,86795.9,86252.53,86483.43,508.69827
2025-02-27 12:30:00+00:00,86483.43,86687.02,86270.94,86330.59,489.01896
2025-02-27 13:00:00+00:00,86330.59,86527.99,86240.18,86471.85,497.00891
2025-02-27 13:30:00+00:00,86471.86,86769.93,85778.98,86117.57,1463.00216
2025-02-27 14:00:00+00:00,86117.57,86405.67,85584.9,86317.99,1245.3173
2025-02-27 14:30:00+00:00,86318.0,86411.76,84951.51,84968.65,3255.49974
2025-02-27 15:00:00+00:00,84969.99,85765.68,84640.75,85672.07,3118.87966
2025-02-27 15:30:00+00:00,85672.07,86145.52,85385.29,85500.84,1805.36575
2025-02-27 16:00:00+00:00,85500.84,85691.51,84810.0,84918.01,977.72229
2025-02-27 16:30:00+00:00,84918.01,85047.35,84355.04,84471.69,1021.08327
2025-02-27 17:00:00+00:00,84471.7,84753.22,84356.26,84743.54,1396.95999
2025-02-27 17:30:00+00:00,84743.54,85039.67,84355.05,84597.0,702.47719
2025-02-27 18:00:00+00:00,84597.0,84990.24,84516.0,84578.76,496.53356
2025-02-27 18:30:00+00:00,84578.76,84965.57,84528.3,84640.0,430.05581
2025-02-27 19:00:00+00:00,84640.0,84647.96,84005.5,84026.42,663.00197
2025-02-27 19:30:00+00:00,84026.42,84203.53,83614.75,84113.98,1070.10051
2025-02-27 20:00:00+00:00,84113.98,84164.97,82831.36,82923.01,1733.32641
2025-02-27 20:30:00+00:00,82923.01,83863.01,82716.49,83524.98,1470.9755
2025-02-27 21:00:00+00:00,83522.02,84266.54,83223.74,83943.39,1166.46077
2025-02-27 21:30:00+00:00,83943.4,84433.97,83888.8,84409.18,712.4905
2025-02-27 22:00:00+00:00,84409.18,84415.09,83958.71,84042.0,538.6127
2025-02-27 22:30:00+00:00,84042.01,84758.63,83881.08,84716.34,455.92475
2025-02-27 23:00:00+00:00,84716.01,84798.0,84422.02,84592.2,483.04119
2025-02-27 23:30:00+00:00,84592.19,84927.84,84494.31,84708.58,306.26649
2025-02-28 00:00:00+00:00,84708.57,84892.85,84531.54,84547.16,424.87556
2025-02-28 00:30:00+00:00,84547.17,84689.17,84214.43,84258.65,494.6842
2025-02-28 01:00:00+00:00,84258.65,84405.17,83037.74,83177.26,1072.59896
2025-02-28 01:30:00+00:00,83177.27,83242.1,81111.0,81661.55,6040.55415
2025-02-28 02:00:00+00:00,81661.55,82874.0,81256.0,81959.76,2521.49606
2025-02-28 02:30:00+00:00,81959.76,81975.61,79532.0,80805.5,9415.89353
2025-02-28 03:00:00+00:00,80805.5,81539.25,80651.4,80928.48,2361.30411
2025-02-28 03:30:00+00:00,80928.48,81067.83,80256.05,80452.44,1771.80662
2025-02-28 04:00:00+00:00,80452.89,80699.91,79400.0,80337.34,3183.0853
2025-02-28 04:30:00+00:00,80337.34,80969.69,79542.02,80410.5,2024.4092
2025-02-28 05:00:00+00:00,80410.49,80547.32,79617.99,79781.92,2084.11473
2025-02-28 05:30:00+00:00,79782.0,80092.4,79152.0,79973.79,2178.30592
2025-02-28 06:00:00+00:00,79973.79,80440.44,79222.63,79490.57,2076.80542
2025-02-28 06:30:00+00:00,79490.57,79859.97,79034.97,79344.56,1772.58869
2025-02-28 07:00:00+00:00,79344.56,80275.72,79294.66,79500.01,1473.50824
2025-02-28 07:30:00+00:00,79500.02,79665.28,78820.06,79204.59,3206.05101
2025-02-28 08:00:00+00:00,79204.6,79438.33,78371.64,78862.01,2464.52859
2025-02-28 08:30:00+00:00,78862.0,79239.72,78258.52,78975.99,2227.27752
2025-02-28 09:00:00+00:00,78975.98,80494.83,78896.22,80419.19,1907.27501
2025-02-28 09:30:00+00:00,80419.19,80729.91,80040.0,80343.11,1653.15078
2025-02-28 10:00:00+00:00,80343.11,80467.43,79544.71,79953.66,981.43495
2025-02-28 10:30:00+00:00,79953.66,80279.76,79584.9,80011.02,710.65427
2025-02-28 11:00:00+00:00,80011.02,80658.34,79981.13,80616.67,1000.46079
2025-02-28 11:30:00+00:00,80616.68,80854.46,80406.62,80513.38,1009.04126
2025-02-28 12:00:00+00:00,80512.97,80543.27,80180.0,80204.05,1021.40772
2025-02-28 12:30:00+00:00,80204.06,80829.92,80075.47,80779.61,853.48812
2025-02-28 13:00:00+00:00,80779.62,81405.18,80621.1,80747.93,1498.12608
2025-02-28 13:30:00+00:00,80747.93,81764.94,80716.98,81512.42,2465.36603
2025-02-28 14:00:00+00:00,81512.42,82380.51,81512.41,81864.59,1977.36668
2025-02-28 14:30:00+00:00,81864.58,82549.47,81072.23,82105.05,2615.8638
2025-02-28 15:00:00+00:00,82105.06,84330.0,81998.26,84311.88,3232.94163
2025-02-28 15:30:00+00:00,84311.88,84425.89,83708.01,84005.05,1960.52305
2025-02-28 16:00:00+00:00,84005.05,84099.99,83426.0,83618.3,1642.83831
2025-02-28 16:30:00+00:00,83618.31,84920.0,83600.0,84363.69,1792.46145
2025-02-28 17:00:00+00:00,84363.68,84400.0,83850.0,84179.86,1132.28589
2025-02-28 17:30:00+00:00,84179.86,84281.5,83584.9,83605.12,833.77706
2025-02-28 18:00:00+00:00,83605.11,84123.96,83196.71,83840.8,1159.94743
2025-02-28 18:30:00+00:00,83840.0,85120.0,83696.0,84440.97,1422.60807
2025-02-28 19:00:00+00:00,84440.97,84758.11,84209.84,84498.44,945.62386
2025-02-28 19:30:00+00:00,84498.8,84810.35,84314.33,84449.99,711.2706
2025-02-28 20:00:00+00:00,84450.0,84795.03,83600.0,83915.08,1066.90478
2025-02-28 20:30:00+00:00,83915.07,84386.8,83610.42,84191.27,1148.60071
2025-02-28 21:00:00+00:00,84190.51,84596.0,84030.37,84251.3,463.66987
2025-02-28 21:30:00+00:00,84251.47,84414.5,84000.17,84258.37,398.63176
2025-02-28 22:00:00+00:00,84258.38,84481.14,84111.51,84166.5,261.59939
2025-02-28 22:30:00+00:00,84166.49,84339.63,83888.0,84149.98,388.69732
2025-02-28 23:00:00+00:00,84149.99,84279.22,84014.0,84164.57,213.79634
2025-02-28 23:30:00+00:00,84164.56,84548.43,84132.07,84349.94,384.33887
2025-03-01 00:00:00+00:00,84349.95,84628.93,84257.15,84272.25,236.07529
2025-03-01 00:30:00+00:00,84272.25,84291.56,83824.78,83857.92,400.52487
2025-03-01 01:00:00+00:00,83857.91,84117.43,83845.86,83981.12,309.84646
2025-03-01 01:30:00+00:00,83981.12,84870.68,83903.27,84656.93,837.9404
2025-03-01 02:00:00+00:00,84656.93,85088.35,84358.34,85088.35,1069.4837
2025-03-01 02:30:00+00:00,85088.35,85678.11,84955.08,85240.46,1243.62842
2025-03-01 03:00:00+00:00,85240.45,85371.0,84961.44,85018.5,500.04774
2025-03-01 03:30:00+00:00,85018.51,85511.91,84991.7,85330.84,500.25104
2025-03-01 04:00:00+00:00,85330.83,85990.0,85304.0,85957.55,656.18133
2025-03-01 04:30:00+00:00,85957.56,86558.0,85896.0,86190.01,1007.91543
2025-03-01 05:00:00+00:00,86190.0,86266.25,85706.26,85838.66,564.84935
2025-03-01 05:30:00+00:00,85838.66,85908.86,85569.91,85588.19,306.50693
2025-03-01 06:00:00+00:00,85588.19,85663.49,85223.55,85264.16,519.15868
2025-03-01 06:30:00+00:00,85264.15,85281.25,84828.86,85075.62,1007.39908
2025-03-01 07:00:00+00:00,85075.63,85075.63,84944.49,85017.79,2231.11716
2025-03-01 07:30:00+00:00,85017.79,85025.0,84740.15,84740.15,885.26365
2025-03-01 08:00:00+00:00,84740.16,85293.68,84740.15,85199.79,753.01747
2025-03-01 08:30:00+00:00,85199.8,85335.19,85024.81,85303.37,335.86149
2025-03-01 09:00:00+00:00,85303.37,85508.79,85250.65,85458.41,333.98277
2025-03-01 09:30:00+00:00,85458.41,85481.9,85118.03,85380.0,306.01301
2025-03-01 10:00:00+00:00,85379.99,85436.0,84888.48,85300.0,770.76788
2025-03-01 10:30:00+00:00,85300.0,85300.01,84800.0,84900.01,814.1427
2025-03-01 11:00:00+00:00,84900.01,84967.92,84382.62,84461.72,1037.06942
2025-03-01 11:30:00+00:00,84461.71,84693.33,84411.43,84632.79,486.80677
2025-03-01 12:00:00+00:00,84632.79,84832.0,84504.76,84504.77,757.24172
2025-03-01 12:30:00+00:00,84504.76,84943.08,84477.25,84758.86,294.65243
2025-03-01 13:00:00+00:00,84758.86,84935.68,84334.39,84450.81,780.61972
2025-03-01 13:30:00+00:00,84450.82,84618.06,84370.31,84532.24,456.64411
2025-03-01 14:00:00+00:00,84532.25,84858.56,84471.69,84553.44,356.76127
2025-03-01 14:30:00+00:00,84553.45,84755.31,84423.98,84713.99,281.6824
2025-03-01 15:00:00+00:00,84714.0,84924.53,84600.0,84820.01,380.69221
2025-03-01 15:30:00+00:00,84820.02,84843.67,84560.89,84800.0,248.50307
2025-03-01 16:00:00+00:00,84800.01,85119.74,84700.0,85072.25,423.84375
2025-03-01 16:30:00+00:00,85072.24,85298.79,84919.1,85274.82,511.44952
2025-03-01 17:00:00+00:00,85274.81,85274.82,84958.05,85040.89,711.55994
2025-03-01 17:30:00+00:00,85040.89,85373.4,84990.39,85214.7,287.53525
2025-03-01 18:00:00+00:00,85214.69,85338.08,85075.47,85132.25,186.41899
2025-03-01 18:30:00+00:00,85132.26,85338.64,85132.25,85327.57,224.15864
2025-03-01 19:00:00+00:00,85327.58,85365.69,85226.41,85341.45,199.80035
2025-03-01 19:30:00+00:00,85341.45,85591.84,85207.54,85485.41,290.67966
2025-03-01 20:00:00+00:00,85485.41,85595.95,85339.62,85493.97,185.4015
2025-03-01 20:30:00+00:00,85493.97,85582.68,85462.0,85537.73,185.11399
2025-03-01 21:00:00+00:00,85537.73,85582.1,85285.88,85563.08,193.86435
2025-03-01 21:30:00+00:00,85563.08,86150.0,85547.64,86076.86,452.51887
2025-03-01 22:00:00+00:00,86076.86,86205.35,85748.42,85919.78,551.03363
2025-03-01 22:30:00+00:00,85919.79,86262.74,85668.3,86116.35,263.07847
2025-03-01 23:00:00+00:00,86116.36,86200.0,85679.24,85679.25,242.51974
2025-03-01 23:30:00+00:00,85679.25,86100.0,85679.24,86064.53,205.43002
2025-03-02 00:00:00+00:00,86064.54,86300.0,85801.0,85966.88,316.81491
2025-03-02 00:30:00+00:00,85966.88,86318.18,85932.0,86026.62,234.91523
2025-03-02 01:00:00+00:00,86026.62,86377.44,86026.62,86200.0,359.80175
2025-03-02 01:30:00+00:00,86200.01,86368.85,85990.0,86354.93,200.84242
2025-03-02 02:00:00+00:00,86354.94,86498.0,85950.99,86006.0,391.55789
2025-03-02 02:30:00+00:00,86006.0,86006.0,85611.79,85774.01,454.38345
2025-03-02 03:00:00+00:00,85774.01,86032.0,85773.59,85946.43,202.67869
2025-03-02 03:30:00+00:00,85946.43,86219.82,85826.28,85873.07,242.84348
2025-03-02 04:00:00+00:00,85873.06,85886.0,85552.99,85704.86,431.57117
2025-03-02 04:30:00+00:00,85704.86,85857.38,85531.87,85752.8,273.36962
2025-03-02 05:00:00+00:00,85752.8,85988.02,85672.84,85942.5,172.37597
2025-03-02 05:30:00+00:00,85942.5,86048.61,85857.02,85957.51,178.16124
2025-03-02 06:00:00+00:00,85957.51,86369.48,85923.58,86369.47,228.18132
2025-03-02 06:30:00+00:00,86369.48,86589.97,86230.22,86277.65,355.24664
2025-03-02 07:00:00+00:00,86277.66,86350.0,86075.09,86244.12,338.49364
2025-03-02 07:30:00+00:00,86244.13,86350.0,86178.43,86232.42,238.74396
2025-03-02 08:00:00+00:00,86232.42,86263.23,85721.08,85750.01,524.77073
2025-03-02 08:30:00+00:00,85750.01,85947.84,85708.93,85754.71,180.12406
2025-03-02 09:00:00+00:00,85754.72,85924.65,85633.13,85875.59,305.0988
2025-03-02 09:30:00+00:00,85875.59,86120.0,85875.58,85901.3,262.74352
2025-03-02 10:00:00+00:00,85901.3,85952.37,85792.45,85826.13,204.01042
2025-03-02 10:30:00+00:00,85826.14,86008.81,85819.99,86006.0,238.90332
2025-03-02 11:00:00+00:00,86006.01,86120.72,85954.0,86100.35,198.902
2025-03-02 11:30:00+00:00,86100.35,86220.22,86041.83,86105.89,166.40641
2025-03-02 12:00:00+00:00,86105.88,86105.89,85750.0,85826.0,167.01262
2025-03-02 12:30:00+00:00,85826.0,86024.59,85806.16,85986.18,196.0973
2025-03-02 13:00:00+00:00,85986.19,86000.0,85628.63,85715.37,264.51635
2025-03-02 13:30:00+00:00,85715.38,85755.8,85477.81,85710.81,289.99633
2025-03-02 14:00:00+00:00,85710.81,85911.84,85075.47,85421.98,693.80267
2025-03-02 14:30:00+00:00,85421.98,85633.75,85050.6,85107.45,712.22675
2025-03-02 15:00:00+00:00,85107.45,87300.0,85075.47,86431.07,1951.03364
2025-03-02 15:30:00+00:00,86431.07,88673.09,86350.55,87427.99,5668.47446
2025-03-02 16:00:00+00:00,87428.0,89529.76,87278.51,88960.0,4470.84961
2025-03-02 16:30:00+00:00,88960.01,91959.99,88867.92,91200.0,7270.8774
2025-03-02 17:00:00+00:00,91200.0,92914.35,90636.0,92702.91,4746.44297
2025-03-02 17:30:00+00:00,92702.91,95000.0,92698.21,94093.75,6362.53468
2025-03-02 18:00:00+00:00,94093.74,94399.8,93165.01,93496.0,2639.89042
2025-03-02 18:30:00+00:00,93496.0,93530.85,92364.39,92794.19,2466.41497
2025-03-02 19:00:00+00:00,92794.19,93319.74,92608.69,93144.0,1505.88863
2025-03-02 19:30:00+00:00,93144.01,93555.81,93102.0,93522.0,855.52188
2025-03-02 20:00:00+00:00,93522.01,94197.07,93502.0,94038.27,1337.70042
2025-03-02 20:30:00+00:00,94038.28,94446.27,93615.39,94330.0,899.29919
2025-03-02 21:00:00+00:00,94330.0,94419.83,93894.01,93920.1,787.13696
2025-03-02 21:30:00+00:00,93920.0,94332.17,93670.72,94298.0,704.58063
2025-03-02 22:00:00+00:00,94298.01,94479.21,93911.11,94342.01,637.62
2025-03-02 22:30:00+00:00,94342.0,94760.0,94042.02,94247.4,671.58675
2025-03-02 23:00:00+00:00,94247.4,94883.51,94128.67,94210.0,1820.89375
2025-03-02 23:30:00+00:00,94210.01,94600.0,93800.0,94270.0,1067.75143
2025-03-03 00:00:00+00:00,94269.99,94416.46,93600.0,93843.86,1137.70512
2025-03-03 00:30:00+00:00,93843.85,93908.21,93289.79,93314.89,757.02352
2025-03-03 01:00:00+00:00,93314.89,93419.99,92649.58,93059.14,1242.21894
2025-03-03 01:30:00+00:00,93059.14,93212.96,92703.26,93084.64,660.1469
2025-03-03 02:00:00+00:00,93084.64,93186.96,92433.5,92437.12,636.08056
2025-03-03 02:30:00+00:00,92437.99,93442.83,92437.41,93318.24,856.14013
2025-03-03 03:00:00+00:00,93318.23,93437.68,92450.0,92718.0,901.09804
2025-03-03 03:30:00+00:00,92718.01,92920.45,92520.7,92709.98,432.35145
2025-03-03 04:00:00+00:00,92709.98,92910.87,92590.25,92700.0,628.48508
2025-03-03 04:30:00+00:00,92699.99,92947.67,92591.1,92866.0,367.722
2025-03-03 05:00:00+00:00,92866.01,93117.99,92830.44,92982.04,361.28262
2025-03-03 05:30:00+00:00,92982.05,93361.46,92928.83,93344.0,760.90016
2025-03-03 06:00:00+00:00,93344.78,93344.78,92766.66,92838.0,450.13674
2025-03-03 06:30:00+00:00,92837.99,92837.99,91341.64,91645.99,1639.14361
2025-03-03 07:00:00+00:00,91646.0,92131.13,91181.0,91964.0,1080.1275
2025-03-03 07:30:00+00:00,91964.0,92564.3,91876.02,92363.58,564.721
2025-03-03 08:00:00+00:00,92363.58,92394.03,91638.61,91943.37,609.98268
2025-03-03 08:30:00+00:00,91943.37,92201.73,91142.0,91477.54,1383.39368
2025-03-03 09:00:00+00:00,91477.54,91948.04,91190.27,91896.01,1031.15848
2025-03-03 09:30:00+00:00,91896.0,92082.75,91721.97,91847.76,962.66564
2025-03-03 10:00:00+00:00,91847.76,92200.0,91546.71,92031.99,620.19712
2025-03-03 10:30:00+00:00,92031.99,92581.86,91982.46,92546.77,513.57625
2025-03-03 11:00:00+00:00,92546.76,92917.99,92415.57,92723.9,767.59056
2025-03-03 11:30:00+00:00,92723.9,92788.21,92450.15,92739.99,425.68838
2025-03-03 12:00:00+00:00,92740.0,93255.58,92716.57,92856.75,754.57676
2025-03-03 12:30:00+00:00,92856.75,93178.5,92663.19,93027.34,587.61392
2025-03-03 13:00:00+00:00,93027.35,93288.0,92882.38,93038.0,495.06147
2025-03-03 13:30:00+00:00,93038.0,93690.0,93020.21,93586.83,766.74087
2025-03-03 14:00:00+00:00,93586.82,93721.37,92721.01,93180.71,898.86055
2025-03-03 14:30:00+00:00,93180.7,93292.7,89136.45,89278.88,5273.72972
2025-03-03 15:00:00+00:00,89264.51,91307.0,89117.0,91083.99,4149.84893
2025-03-03 15:30:00+00:00,91083.99,91248.34,89953.04,90035.37,1621.8197
2025-03-03 16:00:00+00:00,90035.38,90750.91,89691.02,90273.99,1279.41826
2025-03-03 16:30:00+00:00,90274.0,90418.0,89850.0,90154.0,831.81833
2025-03-03 17:00:00+00:00,90154.0,90521.18,89912.0,90324.0,789.93062
2025-03-03 17:30:00+00:00,90324.01,91000.0,90056.6,90300.01,836.81971
2025-03-03 18:00:00+00:00,90300.01,90450.47,87433.43,87766.09,3467.06979
2025-03-03 18:30:00+00:00,87766.09,88186.44,86781.98,87132.8,3852.53706
2025-03-03 19:00:00+00:00,87132.8,87724.13,86561.21,87032.75,1901.58365
2025-03-03 19:30:00+00:00,87032.76,87488.0,85555.45,85606.0,3156.52326
2025-03-03 20:00:00+00:00,85606.01,86412.0,85319.0,85814.55,3257.87905
2025-03-03 20:30:00+00:00,85814.55,86258.58,85200.01,86074.0,1872.57377
2025-03-03 21:00:00+00:00,86073.99,86582.12,86002.0,86073.99,870.48425
2025-03-03 21:30:00+00:00,86074.0,86509.69,85117.11,85374.33,1043.92488
2025-03-03 22:00:00+00:00,85374.33,86600.0,85308.0,86408.0,897.24453
2025-03-03 22:30:00+00:00,86408.01,87038.46,86132.07,86650.96,636.59338
2025-03-03 23:00:00+00:00,86650.96,86808.0,86000.0,86507.44,667.24608
2025-03-03 23:30:00+00:00,86507.44,86698.12,86007.73,86220.61,471.66748
2025-03-04 00:00:00+00:00,86221.16,86807.98,85880.0,86430.86,925.42231
2025-03-04 00:30:00+00:00,86430.87,86527.36,85909.09,86046.43,561.67143
2025-03-04 01:00:00+00:00,86046.43,86196.0,85301.0,85708.0,1006.75832
2025-03-04 01:30:00+00:00,85708.01,85879.19,82641.51,83380.55,4783.53101
2025-03-04 02:00:00+00:00,83380.72,83845.87,82464.84,83223.84,2576.97483
2025-03-04 02:30:00+00:00,83223.84,84413.62,83156.57,83936.41,1591.61302
2025-03-04 03:00:00+00:00,83936.41,84465.48,83680.03,84022.73,899.92863
2025-03-04 03:30:00+00:00,84022.73,84421.54,83602.81,83983.72,921.90918
2025-03-04 04:00:00+00:00,83983.73,84037.74,83621.07,83792.14,716.2563
2025-03-04 04:30:00+00:00,83792.14,83868.0,83315.9,83416.95,592.36884
2025-03-04 05:00:00+00:00,83416.95,84581.6,83354.27,84202.63,1017.17086
2025-03-04 05:30:00+00:00,84202.63,84372.0,83984.87,84273.99,374.91846
2025-03-04 06:00:00+00:00,84274.0,84411.76,83881.08,84246.61,398.95856
2025-03-04 06:30:00+00:00,84246.6,84329.95,83584.9,83883.58,455.04512
2025-03-04 07:00:00+00:00,83884.06,84024.0,83342.37,83500.01,665.56114
2025-03-04 07:30:00+00:00,83500.01,83845.22,83140.0,83186.4,735.51696
2025-03-04 08:00:00+00:00,83186.4,83898.0,83040.29,83601.34,923.73431
2025-03-04 08:30:00+00:00,83601.33,83934.51,83400.0,83893.09,572.91793
2025-03-04 09:00:00+00:00,83893.09,84181.53,83642.01,83860.82,531.50682
2025-03-04 09:30:00+00:00,83860.82,84164.28,83723.31,83748.0,459.45272
2025-03-04 10:00:00+00:00,83748.0,83834.68,83492.02,83639.89,447.68209
2025-03-04 10:30:00+00:00,83639.88,84067.02,83610.78,83971.93,398.12415
2025-03-04 11:00:00+00:00,83971.93,84373.84,83698.11,84036.94,648.95208
2025-03-04 11:30:00+00:00,84036.94,84120.0,83806.89,83937.94,483.92794
2025-03-04 12:00:00+00:00,83937.93,83937.93,83248.66,83372.06,493.20094
2025-03-04 12:30:00+00:00,83372.06,83979.66,83276.58,83763.73,514.71789
2025-03-04 13:00:00+00:00,83763.73,83764.56,82539.0,82568.01,1046.88519
2025-03-04 13:30:00+00:00,82568.01,83522.07,82300.0,82804.0,1380.317
2025-03-04 14:00:00+00:00,82804.0,83400.0,82572.0,82783.21,784.69873
2025-03-04 14:30:00+00:00,82783.22,84977.65,82062.06,83201.41,5223.55851
2025-03-04 15:00:00+00:00,83201.4,83373.42,81500.0,82365.5,3512.80306
2025-03-04 15:30:00+00:00,82365.5,83283.18,82170.22,82985.06,1312.01737
2025-03-04 16:00:00+00:00,82985.05,83143.78,82130.17,82252.84,880.12788
2025-03-04 16:30:00+00:00,82252.84,83825.72,82013.11,83555.37,1440.10736
2025-03-04 17:00:00+00:00,83555.5,84831.77,83406.37,84738.5,1341.82787
2025-03-04 17:30:00+00:00,84738.99,85529.8,84383.99,85443.89,1596.72482
2025-03-04 18:00:00+00:00,85443.88,86000.0,85186.73,85382.0,1222.41442
2025-03-04 18:30:00+00:00,85382.0,86927.68,85148.68,86764.24,1284.42221
2025-03-04 19:00:00+00:00,86764.25,88487.91,86537.71,87750.47,3322.64141
2025-03-04 19:30:00+00:00,87750.46,88391.94,87614.76,88206.19,1039.79484
2025-03-04 20:00:00+00:00,88206.19,88840.03,87844.09,88406.55,1028.04271
2025-03-04 20:30:00+00:00,88406.54,88458.75,86692.9,86825.27,1532.31679
2025-03-04 21:00:00+00:00,86825.27,88967.52,86582.27,88779.75,1438.08133
2025-03-04 21:30:00+00:00,88779.74,88798.79,87314.37,87517.49,1231.29165
2025-03-04 22:00:00+00:00,87517.49,87871.56,87416.0,87729.37,386.24737
2025-03-04 22:30:00+00:00,87729.38,87969.77,87433.07,87486.0,280.64962
2025-03-04 23:00:00+00:00,87485.99,87747.3,87088.96,87391.86,391.58487
2025-03-04 23:30:00+00:00,87391.87,87479.99,87185.37,87281.98,234.73021
2025-03-05 00:00:00+00:00,87281.98,87281.98,86756.14,87061.99,738.71919
2025-03-05 00:30:00+00:00,87061.98,87168.0,86334.53,86800.36,784.24569
2025-03-05 01:00:00+00:00,86800.36,87435.0,86603.78,87276.66,527.81292
2025-03-05 01:30:00+00:00,87276.66,87794.52,87065.84,87643.11,594.19147
2025-03-05 02:00:00+00:00,87643.11,87689.35,87059.34,87311.99,556.13463
2025-03-05 02:30:00+00:00,87312.0,87888.88,87029.56,87466.55,562.09725
2025-03-05 03:00:00+00:00,87466.55,87888.0,87307.69,87686.01,513.77605
2025-03-05 03:30:00+00:00,87686.0,87853.69,86777.0,86843.4,492.80001
2025-03-05 04:00:00+00:00,86843.4,87398.0,86722.81,87010.96,1312.10921
2025-03-05 04:30:00+00:00,87010.97,87076.06,86816.86,86915.94,585.74825
2025-03-05 05:00:00+00:00,86915.93,87197.78,86848.46,86960.65,432.12962
2025-03-05 05:30:00+00:00,86960.64,87245.0,86933.6,87145.98,252.8371
2025-03-05 06:00:00+00:00,87145.99,87216.52,87000.0,87117.79,199.72182
2025-03-05 06:30:00+00:00,87117.79,87588.6,87115.5,87490.12,349.52414
2025-03-05 07:00:00+00:00,87490.13,87727.27,87360.81,87536.0,481.67986
2025-03-05 07:30:00+00:00,87536.0,87686.86,87360.1,87619.49,270.09662
2025-03-05 08:00:00+00:00,87619.49,87842.35,87600.0,87775.0,305.12038
2025-03-05 08:30:00+00:00,87775.0,87924.68,87668.0,87760.0,302.53199
2025-03-05 09:00:00+00:00,87760.0,88686.0,87673.04,88621.21,808.02218
2025-03-05 09:30:00+00:00,88621.21,88829.68,88339.2,88469.01,630.41147
2025-03-05 10:00:00+00:00,88469.0,89621.99,88363.13,89612.02,1182.63175
2025-03-05 10:30:00+00:00,89612.02,90660.0,89554.33,89926.07,2185.86253
2025-03-05 11:00:00+00:00,89926.07,90058.0,89630.81,89690.0,602.13637
2025-03-05 11:30:00+00:00,89690.25,90127.0,89564.0,89814.26,734.58162
2025-03-05 12:00:00+00:00,89814.26,90755.37,89814.26,90380.0,946.66246
2025-03-05 12:30:00+00:00,90380.0,90933.82,90205.14,90355.97,1304.19415
2025-03-05 13:00:00+00:00,90355.97,90588.0,89402.78,89785.13,1843.30314
2025-03-05 13:30:00+00:00,89785.13,89990.0,89103.52,89473.92,1390.92287
2025-03-05 14:00:00+00:00,89473.92,89839.01,89320.0,89735.84,626.31493
2025-03-05 14:30:00+00:00,89735.85,89812.25,88157.25,88519.93,2676.70601
2025-03-05 15:00:00+00:00,88519.94,89550.72,87926.06,88089.48,2197.99844
2025-03-05 15:30:00+00:00,88089.48,88805.54,88006.63,88344.25,1238.17032
2025-03-05 16:00:00+00:00,88344.25,89480.0,87600.0,87938.11,2235.47734
2025-03-05 16:30:00+00:00,87938.11,89270.8,87648.24,88926.53,992.78192
2025-03-05 17:00:00+00:00,88927.14,90082.77,88785.63,90040.81,1150.75793
2025-03-05 17:30:00+00:00,90040.81,90475.3,89324.0,89687.99,947.20652
2025-03-05 18:00:00+00:00,89687.99,89943.4,88881.66,89405.83,899.84567
2025-03-05 18:30:00+00:00,89405.83,89801.57,88979.75,89712.0,634.59147
2025-03-05 19:00:00+00:00,89712.01,90152.0,89555.82,89754.71,561.82252
2025-03-05 19:30:00+00:00,89754.72,89992.0,89472.26,89750.0,333.50871
2025-03-05 20:00:00+00:00,89750.0,90268.01,89677.8,90018.11,377.70833
2025-03-05 20:30:00+00:00,90018.11,90555.0,89908.99,90499.64,532.48993
2025-03-05 21:00:00+00:00,90499.64,90700.0,89932.13,90279.61,358.09645
2025-03-05 21:30:00+00:00,90279.61,90502.53,89953.15,90377.54,292.7623
2025-03-05 22:00:00+00:00,90377.27,90474.65,90026.96,90041.06,270.74348
2025-03-05 22:30:00+00:00,90041.06,90536.91,90041.06,90449.46,271.68151
2025-03-05 23:00:00+00:00,90449.47,90606.88,90296.04,90543.14,230.75689
2025-03-05 23:30:00+00:00,90543.14,91000.0,90543.0,90606.01,544.58622
2025-03-06 00:00:00+00:00,90606.0,90815.31,90223.54,90370.0,496.05425
2025-03-06 00:30:00+00:00,90369.99,90447.89,89986.73,90046.34,345.94832
2025-03-06 01:00:00+00:00,90046.35,90520.35,90046.35,90340.0,316.92149
2025-03-06 01:30:00+00:00,90340.0,91903.01,90138.75,91057.19,1605.4163
2025-03-06 02:00:00+00:00,91057.2,91840.75,91038.01,91296.01,909.30681
2025-03-06 02:30:00+00:00,91296.0,92000.0,90999.77,91812.0,694.29171
2025-03-06 03:00:00+00:00,91811.99,92025.0,91556.56,91641.54,607.21479
2025-03-06 03:30:00+00:00,91641.54,91671.99,91405.76,91605.01,363.6426
2025-03-06 04:00:00+00:00,91605.02,91886.8,91526.36,91595.48,286.95544
2025-03-06 04:30:00+00:00,91595.48,92454.44,91591.36,92287.45,725.00082
2025-03-06 05:00:00+00:00,92287.45,92505.23,92124.0,92426.53,492.48042
2025-03-06 05:30:00+00:00,92426.53,92810.64,92362.0,92737.98,647.96035
2025-03-06 06:00:00+00:00,92737.99,92769.26,92078.28,92198.17,815.92491
2025-03-06 06:30:00+00:00,92198.17,92198.17,91784.35,91916.0,645.38304
2025-03-06 07:00:00+00:00,91916.01,91993.83,91610.0,91671.55,426.72763
2025-03-06 07:30:00+00:00,91671.54,91812.0,91265.96,91346.48,451.96733
2025-03-06 08:00:00+00:00,91346.49,91567.0,91158.34,91543.57,485.31467
2025-03-06 08:30:00+00:00,91543.57,91590.99,91121.34,91156.08,517.40568
2025-03-06 09:00:00+00:00,91156.08,91176.0,90635.42,90728.66,719.03679
2025-03-06 09:30:00+00:00,90728.65,90961.0,90613.17,90752.14,329.4112
2025-03-06 10:00:00+00:00,90752.14,91667.5,90613.37,91663.91,727.74736
2025-03-06 10:30:00+00:00,91663.91,91663.91,91207.54,91290.88,326.26586
2025-03-06 11:00:00+00:00,91290.89,91461.11,91003.71,91442.3,393.33563
2025-03-06 11:30:00+00:00,91442.29,91606.53,91242.71,91350.0,396.41193
2025-03-06 12:00:00+00:00,91350.0,91399.01,90607.0,90857.02,522.39138
2025-03-06 12:30:00+00:00,90857.02,90939.03,89829.02,90102.02,1122.15988
2025-03-06 13:00:00+00:00,90102.02,90454.86,89962.0,90078.39,653.3662
2025-03-06 13:30:00+00:00,90078.4,90471.02,89450.06,89569.13,865.42711
2025-03-06 14:00:00+00:00,89569.13,89984.83,89415.27,89953.99,671.99239
2025-03-06 14:30:00+00:00,89953.99,90387.37,89117.68,89803.99,2327.48888
2025-03-06 15:00:00+00:00,89803.99,91375.93,89631.91,90889.97,1557.8055
2025-03-06 15:30:00+00:00,90889.97,91457.03,90622.0,90820.69,713.35696
2025-03-06 16:00:00+00:00,90820.69,91066.44,89944.71,90284.01,872.24553
2025-03-06 16:30:00+00:00,90284.0,90575.87,89220.0,89316.02,1043.8463
2025-03-06 17:00:00+00:00,89316.03,89360.8,88367.26,88746.02,1437.12395
2025-03-06 17:30:00+00:00,88746.02,88997.56,88007.19,88628.01,1083.76409
2025-03-06 18:00:00+00:00,88628.0,88965.18,88417.39,88491.72,578.38333
2025-03-06 18:30:00+00:00,88491.72,88749.87,88140.07,88428.41,603.73497
2025-03-06 19:00:00+00:00,88428.41,88475.9,88059.75,88099.98,478.95225
2025-03-06 19:30:00+00:00,88099.99,89395.83,87836.0,88526.18,1049.65548
2025-03-06 20:00:00+00:00,88526.23,89370.46,88461.22,89019.12,597.3249
2025-03-06 20:30:00+00:00,89018.62,89304.46,88674.81,89045.44,620.3849
2025-03-06 21:00:00+00:00,89047.25,89846.12,88971.09,89346.02,571.5326
2025-03-06 21:30:00+00:00,89346.01,89940.0,89038.89,89939.0,428.58525
2025-03-06 22:00:00+00:00,89939.19,90781.2,89515.13,89824.51,1582.27332
2025-03-06 22:30:00+00:00,89824.52,90705.83,89631.81,90313.66,387.04079
2025-03-06 23:00:00+00:00,90313.66,90571.78,90095.25,90356.29,439.16179
2025-03-06 23:30:00+00:00,90356.3,90545.24,89889.24,89931.89,408.32594
2025-03-07 00:00:00+00:00,89931.88,91283.02,86578.65,87037.48,5939.5058
2025-03-07 00:30:00+00:00,87037.48,87256.0,84667.03,85529.22,3968.32303
2025-03-07 01:00:00+00:00,85529.23,87596.5,85200.0,87119.31,2963.92633
2025-03-07 01:30:00+00:00,87119.3,88983.8,86818.18,88263.85,2386.77342
2025-03-07 02:00:00+00:00,88263.84,88460.0,87360.29,87528.79,1132.18611
2025-03-07 02:30:00+00:00,87528.8,88221.96,87235.0,87235.0,910.56547
2025-03-07 03:00:00+00:00,87235.01,87694.0,87161.42,87572.21,590.71612
2025-03-07 03:30:00+00:00,87572.21,87608.0,86778.57,86991.25,801.33913
2025-03-07 04:00:00+00:00,86991.26,87586.0,86857.14,87530.37,442.33027
2025-03-07 04:30:00+00:00,87530.37,87885.65,87430.3,87636.41,531.51957
2025-03-07 05:00:00+00:00,87636.41,88377.34,87587.34,88228.89,513.59813
2025-03-07 05:30:00+00:00,88228.89,88450.0,88063.68,88221.21,553.01612
2025-03-07 06:00:00+00:00,88221.21,88229.3,87956.28,88017.17,325.28946
2025-03-07 06:30:00+00:00,88017.17,88357.52,87801.47,88208.23,711.50196
2025-03-07 07:00:00+00:00,88208.23,88612.96,88100.36,88453.39,430.65588
2025-03-07 07:30:00+00:00,88453.4,88487.2,88150.0,88365.18,442.82315
2025-03-07 08:00:00+00:00,88365.19,88421.99,87985.3,88139.78,433.91014
2025-03-07 08:30:00+00:00,88139.77,88486.65,88025.11,88365.78,297.53277
2025-03-07 09:00:00+00:00,88365.77,89278.28,88357.55,89273.61,537.88683
2025-03-07 09:30:00+00:00,89273.61,89704.0,88888.0,88933.7,777.11769
2025-03-07 10:00:00+00:00,88933.71,89147.39,88740.73,89045.7,342.94383
2025-03-07 10:30:00+00:00,89045.69,89285.27,89000.26,89263.4,284.19593
2025-03-07 11:00:00+00:00,89263.41,89452.0,89030.76,89097.32,372.34818
2025-03-07 11:30:00+00:00,89097.33,89101.69,88821.97,88966.96,322.94062
2025-03-07 12:00:00+00:00,88966.96,89262.75,88835.77,89183.9,380.12194
2025-03-07 12:30:00+00:00,89183.9,89320.98,88292.46,89051.13,1010.6669
2025-03-07 13:00:00+00:00,89050.76,89840.0,88977.94,89430.96,777.88452
2025-03-07 13:30:00+00:00,89430.96,90346.13,89023.34,89135.98,2378.42777
2025-03-07 14:00:00+00:00,89135.99,89801.56,88782.55,89125.99,669.65677
2025-03-07 14:30:00+00:00,89126.0,91100.0,88655.34,90440.74,2688.04809
2025-03-07 15:00:00+00:00,90440.74,90787.53,89068.74,89211.47,1876.22728
2025-03-07 15:30:00+00:00,89211.47,89294.43,88022.47,88457.99,2552.32497
2025-03-07 16:00:00+00:00,88457.99,88983.33,87260.68,87476.22,2457.71851
2025-03-07 16:30:00+00:00,87476.22,87665.92,86623.43,87237.37,1958.91292
2025-03-07 17:00:00+00:00,87237.36,87593.64,86554.77,87357.99,1926.44727
2025-03-07 17:30:00+00:00,87357.99,88636.36,87020.0,87685.99,1551.84684
2025-03-07 18:00:00+00:00,87685.99,88528.52,87507.35,88157.74,1100.54702
2025-03-07 18:30:00+00:00,88157.74,89023.41,87992.0,88589.33,875.10099
2025-03-07 19:00:00+00:00,88589.33,88911.51,88175.16,88279.97,818.68953
2025-03-07 19:30:00+00:00,88280.39,88492.67,87315.94,87820.1,725.06021
2025-03-07 20:00:00+00:00,87820.09,88266.66,87360.82,87492.93,574.22753
2025-03-07 20:30:00+00:00,87492.93,88511.0,86544.27,86987.72,2019.85538
2025-03-07 21:00:00+00:00,86986.73,87373.13,85573.07,87181.93,2414.62703
2025-03-07 21:30:00+00:00,87181.93,87211.77,85680.0,86314.63,922.52835
2025-03-07 22:00:00+00:00,86314.64,86489.25,85600.37,86058.44,815.88636
2025-03-07 22:30:00+00:00,86058.44,86845.67,85915.51,86745.15,489.94957
2025-03-07 23:00:00+00:00,86745.14,86745.15,85976.0,86592.12,660.29624
2025-03-07 23:30:00+00:00,86592.11,86836.0,86343.73,86801.75,322.3592
2025-03-08 00:00:00+00:00,86801.74,86801.75,86538.59,86685.99,417.23665
2025-03-08 00:30:00+00:00,86686.0,86897.25,86588.23,86726.8,356.84316
2025-03-08 01:00:00+00:00,86726.79,86761.5,86040.71,86073.53,429.81878
2025-03-08 01:30:00+00:00,86073.52,86106.0,85218.47,86105.99,951.80184
2025-03-08 02:00:00+00:00,86105.99,86341.13,85971.46,85997.31,411.11604
2025-03-08 02:30:00+00:00,85997.31,86257.36,85943.25,86180.19,306.38772
2025-03-08 03:00:00+00:00,86180.19,86183.83,85456.0,85762.88,314.24079
2025-03-08 03:30:00+00:00,85762.88,86080.0,85762.87,85919.12,242.79347
2025-03-08 04:00:00+00:00,85919.12,86280.0,85653.66,86182.87,284.6001
2025-03-08 04:30:00+00:00,86182.88,86500.0,86182.88,86444.53,358.15827
2025-03-08 05:00:00+00:00,86444.52,86462.7,86188.0,86225.09,127.72368
2025-03-08 05:30:00+00:00,86225.08,86282.46,86019.11,86279.12,174.92337
2025-03-08 06:00:00+00:00,86279.13,86662.0,86270.0,86628.05,255.74974
2025-03-08 06:30:00+00:00,86628.04,86651.22,86279.31,86465.0,309.93006
2025-03-08 07:00:00+00:00,86464.99,86535.18,86360.96,86371.93,208.07092
2025-03-08 07:30:00+00:00,86371.94,86487.4,86106.37,86197.14,251.97353
2025-03-08 08:00:00+00:00,86197.14,86326.26,86040.01,86162.14,241.78984
2025-03-08 08:30:00+00:00,86162.15,86256.21,86049.33,86071.57,207.04922
2025-03-08 09:00:00+00:00,86071.57,86450.01,86071.56,86347.58,224.55145
2025-03-08 09:30:00+00:00,86347.59,86447.14,85828.2,85943.28,270.00798
2025-03-08 10:00:00+00:00,85943.29,86220.88,85943.28,86220.87,168.36917
2025-03-08 10:30:00+00:00,86220.88,86264.0,86090.47,86123.19,202.71568
2025-03-08 11:00:00+00:00,86123.2,86132.78,85762.72,85947.58,241.74264
2025-03-08 11:30:00+00:00,85947.57,85984.11,85772.05,85955.88,219.10565
2025-03-08 12:00:00+00:00,85955.89,86256.32,85808.82,86206.23,345.4118
2025-03-08 12:30:00+00:00,86206.23,86411.17,86102.94,86209.72,304.16181
2025-03-08 13:00:00+00:00,86209.72,86508.37,86128.72,86350.0,373.77391
2025-03-08 13:30:00+00:00,86349.99,86537.84,86229.27,86327.96,453.08754
2025-03-08 14:00:00+00:00,86327.96,86484.71,86264.49,86474.0,229.04731
2025-03-08 14:30:00+00:00,86474.01,86626.32,86205.33,86361.69,274.79574
2025-03-08 15:00:00+00:00,86361.68,86550.0,86200.0,86550.0,243.49357
2025-03-08 15:30:00+00:00,86550.0,86627.51,86376.46,86400.0,223.39324
2025-03-08 16:00:00+00:00,86400.0,86450.97,85870.88,85934.63,376.96247
2025-03-08 16:30:00+00:00,85934.63,86247.67,85818.7,86148.09,204.94513
2025-03-08 17:00:00+00:00,86148.1,86155.89,85661.76,85926.18,572.64151
2025-03-08 17:30:00+00:00,85926.17,86046.22,85842.84,85943.08,264.08938
2025-03-08 18:00:00+00:00,85943.07,86077.93,85869.44,86028.74,116.59427
2025-03-08 18:30:00+00:00,86028.74,86084.45,85975.01,86044.02,98.9647
2025-03-08 19:00:00+00:00,86044.02,86359.8,85800.0,86330.01,262.54627
2025-03-08 19:30:00+00:00,86330.0,86500.0,86216.18,86233.52,324.64976
2025-03-08 20:00:00+00:00,86233.52,86368.59,86185.0,86204.41,79.82371
2025-03-08 20:30:00+00:00,86204.4,86335.28,86204.4,86281.39,113.05079
2025-03-08 21:00:00+00:00,86281.4,86500.0,86263.95,86500.0,112.11356
2025-03-08 21:30:00+00:00,86500.0,86500.0,86200.0,86228.16,107.67312
2025-03-08 22:00:00+00:00,86228.17,86244.12,85852.12,86029.41,241.09228
2025-03-08 22:30:00+00:00,86029.41,86382.58,86006.63,86350.0,159.78286
2025-03-08 23:00:00+00:00,86350.01,86400.0,86178.38,86274.0,201.05328
2025-03-08 23:30:00+00:00,86273.99,86322.0,86066.17,86222.45,129.38278
2025-03-09 00:00:00+00:00,86222.46,86400.0,86116.6,86400.0,156.37607
2025-03-09 00:30:00+00:00,86399.99,86463.0,86314.96,86416.12,194.12671
2025-03-09 01:00:00+00:00,86416.11,86500.0,86286.8,86297.17,136.57977
2025-03-09 01:30:00+00:00,86297.18,86332.66,86098.33,86198.39,120.95738
2025-03-09 02:00:00+00:00,86198.39,86269.99,86110.01,86202.42,128.61477
2025-03-09 02:30:00+00:00,86202.43,86276.42,86001.48,86003.33,154.61169
2025-03-09 03:00:00+00:00,86003.32,86173.8,85939.85,86079.53,238.83336
2025-03-09 03:30:00+00:00,86079.53,86217.45,86079.52,86115.71,93.37945
2025-03-09 04:00:00+00:00,86115.71,86116.79,85942.0,86061.49,157.4095
2025-03-09 04:30:00+00:00,86061.49,86125.27,85986.6,86053.74,133.89471
2025-03-09 05:00:00+00:00,86053.74,86158.83,85976.02,86096.83,143.40213
2025-03-09 05:30:00+00:00,86096.83,86138.49,86003.68,86034.01,74.29716
2025-03-09 06:00:00+00:00,86034.0,86034.01,85809.48,85936.43,239.36768
2025-03-09 06:30:00+00:00,85936.43,86048.0,85882.35,85910.0,169.77918
2025-03-09 07:00:00+00:00,85910.0,86100.0,85846.91,86100.0,227.24246
2025-03-09 07:30:00+00:00,86100.0,86156.17,85906.51,86004.61,229.93255
2025-03-09 08:00:00+00:00,86004.61,86098.0,85902.0,85916.4,119.84501
2025-03-09 08:30:00+00:00,85916.41,86016.91,85777.0,85792.0,177.59921
2025-03-09 09:00:00+00:00,85792.0,85891.64,85669.26,85810.83,174.2833
2025-03-09 09:30:00+00:00,85810.83,85860.0,85382.39,85564.0,296.87017
2025-03-09 10:00:00+00:00,85564.0,85620.0,85132.47,85260.0,452.59197
2025-03-09 10:30:00+00:00,85260.0,85260.0,84708.01,84844.1,812.74885
2025-03-09 11:00:00+00:00,84844.11,85043.39,84625.01,84814.99,586.12577
2025-03-09 11:30:00+00:00,84814.99,85098.38,84741.88,85024.01,363.4175
2025-03-09 12:00:00+00:00,85024.0,85058.34,84240.36,84619.78,964.77684
2025-03-09 12:30:00+00:00,84619.77,84804.65,84409.85,84599.99,425.5491
2025-03-09 13:00:00+00:00,84600.0,84700.0,84293.61,84552.5,300.58778
2025-03-09 13:30:00+00:00,84552.49,84552.49,83483.13,83489.95,1111.50954
2025-03-09 14:00:00+00:00,83489.96,83708.8,83000.0,83346.01,1180.83023
2025-03-09 14:30:00+00:00,83346.02,83817.25,83259.2,83602.57,729.13083
2025-03-09 15:00:00+00:00,83602.58,83768.34,83380.0,83502.08,592.02229
2025-03-09 15:30:00+00:00,83502.08,83612.0,82711.5,83080.41,1419.79092
2025-03-09 16:00:00+00:00,83080.4,83758.22,82650.0,83253.51,1164.98125
2025-03-09 16:30:00+00:00,83253.51,83283.77,82327.59,82496.01,1161.10267
2025-03-09 17:00:00+00:00,82496.01,82944.0,82224.0,82452.0,840.11687
2025-03-09 17:30:00+00:00,82451.49,82749.99,82223.0,82366.0,587.32589
2025-03-09 18:00:00+00:00,82365.99,83340.58,82264.0,82996.61,839.96249
2025-03-09 18:30:00+00:00,82996.61,83331.96,82411.24,82670.0,651.45635
2025-03-09 19:00:00+00:00,82670.0,82876.99,82336.36,82698.53,567.74533
2025-03-09 19:30:00+00:00,82698.52,82988.11,82542.06,82640.86,442.46699
2025-03-09 20:00:00+00:00,82640.86,83332.2,82615.38,83156.01,455.54217
2025-03-09 20:30:00+00:00,83156.01,83539.66,82930.0,83083.15,403.02851
2025-03-09 21:00:00+00:00,83083.16,83090.02,81864.27,82041.61,943.95404
2025-03-09 21:30:00+00:00,82041.61,82343.72,81555.0,81845.11,737.34456
2025-03-09 22:00:00+00:00,81845.12,82066.23,81188.0,81348.3,907.90863
2025-03-09 22:30:00+00:00,81348.31,81444.25,80202.53,80358.19,1590.45395
2025-03-09 23:00:00+00:00,80358.18,81042.41,80000.0,80603.89,1743.83731
2025-03-09 23:30:00+00:00,80603.9,80994.22,80318.53,80734.37,771.68256
2025-03-10 00:00:00+00:00,80734.48,81423.89,80417.0,80566.22,902.108
2025-03-10 00:30:00+00:00,80566.01,81500.0,80037.62,81292.0,1217.80901
2025-03-10 01:00:00+00:00,81292.01,81878.23,80802.59,81302.02,981.03969
2025-03-10 01:30:00+00:00,81302.01,81888.0,81290.54,81766.01,719.57505
2025-03-10 02:00:00+00:00,81766.01,82583.25,81526.25,82146.03,884.09762
2025-03-10 02:30:00+00:00,82146.03,82744.0,82106.43,82198.12,863.29828
2025-03-10 03:00:00+00:00,82198.12,82326.22,81791.82,81818.62,633.87844
2025-03-10 03:30:00+00:00,81818.62,82333.37,81795.4,82047.49,429.21194
2025-03-10 04:00:00+00:00,82047.49,82529.98,82004.0,82498.57,350.22322
2025-03-10 04:30:00+00:00,82498.56,82659.14,82294.63,82634.05,296.78347
2025-03-10 05:00:00+00:00,82634.05,82797.95,82450.0,82560.39,367.60445
2025-03-10 05:30:00+00:00,82560.39,82574.22,82124.35,82308.52,394.02748
2025-03-10 06:00:00+00:00,82308.51,82425.71,82100.0,82161.72,264.50552
2025-03-10 06:30:00+00:00,82161.72,82386.8,81977.27,82332.67,453.80969
2025-03-10 07:00:00+00:00,82333.81,82687.5,82099.23,82116.0,472.12036
2025-03-10 07:30:00+00:00,82115.86,82383.52,82048.44,82318.77,262.9025
2025-03-10 08:00:00+00:00,82318.78,82391.75,81750.0,82042.73,466.91281
2025-03-10 08:30:00+00:00,82042.74,82067.0,81151.0,81350.46,773.92735
2025-03-10 09:00:00+00:00,81350.46,84123.46,81325.32,83238.89,2093.59314
2025-03-10 09:30:00+00:00,83238.9,83360.5,82115.15,82514.26,1042.18556
2025-03-10 10:00:00+00:00,82514.27,82683.99,81630.59,81864.27,499.50958
2025-03-10 10:30:00+00:00,81864.26,82356.88,81793.0,82288.19,460.67435
2025-03-10 11:00:00+00:00,82288.19,82601.86,82065.73,82601.86,324.88897
2025-03-10 11:30:00+00:00,82601.87,83826.02,82413.98,83582.0,1030.38026
2025-03-10 12:00:00+00:00,83582.0,83771.94,82750.0,82825.28,1211.07533
2025-03-10 12:30:00+00:00,82825.27,83449.0,82634.16,83248.12,593.43901
2025-03-10 13:00:00+00:00,83248.12,83313.99,82476.69,82670.37,527.47745
2025-03-10 13:30:00+00:00,82670.37,82897.5,81423.51,81528.94,1623.82794
2025-03-10 14:00:00+00:00,81528.93,81528.93,79332.0,79882.35,3698.61943
2025-03-10 14:30:00+00:00,79882.36,80354.42,79177.03,79847.08,2351.17319
2025-03-10 15:00:00+00:00,79847.09,80504.21,79570.57,80264.02,1552.94159
2025-03-10 15:30:00+00:00,80264.03,81118.32,80008.0,80043.85,1303.01519
2025-03-10 16:00:00+00:00,80043.84,80250.0,79310.0,79605.07,1144.11097
2025-03-10 16:30:00+00:00,79605.07,79836.03,78992.1,79009.98,1291.61549
2025-03-10 17:00:00+00:00,79009.01,79327.98,78372.0,79071.14,2574.91171
2025-03-10 17:30:00+00:00,79072.76,79132.0,78202.0,78459.91,1446.4555
2025-03-10 18:00:00+00:00,78459.9,79147.05,78112.0,78511.2,1183.45065
2025-03-10 18:30:00+00:00,78511.2,78734.0,77501.1,77655.26,2122.38474
2025-03-10 19:00:00+00:00,77655.25,78934.15,77459.91,78587.41,2177.22835
2025-03-10 19:30:00+00:00,78587.42,79533.57,78587.42,79060.84,1529.4618
2025-03-10 20:00:00+00:00,79060.84,79136.33,78637.13,79063.09,615.01518
2025-03-10 20:30:00+00:00,79063.21,79729.73,78409.4,79304.98,1134.75751
2025-03-10 21:00:00+00:00,79304.97,79667.76,78959.9,79573.36,600.33725
2025-03-10 21:30:00+00:00,79573.36,79886.03,79400.0,79565.81,479.49638
2025-03-10 22:00:00+00:00,79566.86,79845.42,79200.0,79306.76,495.45343
2025-03-10 22:30:00+00:00,79306.75,79720.0,79208.52,79502.36,395.00021
2025-03-10 23:00:00+00:00,79502.36,79708.0,79000.0,79205.94,554.15347
2025-03-10 23:30:00+00:00,79205.94,79380.0,78449.98,78595.86,842.91554
2025-03-11 00:00:00+00:00,78595.86,79235.77,77300.01,77309.01,1800.52569
2025-03-11 00:30:00+00:00,77309.01,77723.27,76606.0,77673.6,3419.35317
2025-03-11 01:00:00+00:00,77673.6,77819.99,76816.52,77744.13,1497.56258
2025-03-11 01:30:00+00:00,77744.13,79130.93,77727.2,79130.66,1696.82458
2025-03-11 02:00:00+00:00,79130.65,79650.0,78938.0,79274.05,1051.52258
2025-03-11 02:30:00+00:00,79274.04,79517.0,79059.9,79354.53,702.82003
2025-03-11 03:00:00+00:00,79354.54,79938.27,79279.9,79422.33,578.15835
2025-03-11 03:30:00+00:00,79422.33,79708.61,79369.74,79522.29,375.47671
2025-03-11 04:00:00+00:00,79522.29,80245.02,79439.9,80097.75,681.20189
2025-03-11 04:30:00+00:00,80097.76,80245.26,79728.08,79759.91,580.48091
2025-03-11 05:00:00+00:00,79759.91,80336.97,79719.87,80179.8,789.76946
2025-03-11 05:30:00+00:00,80179.8,80457.0,80065.66,80261.78,610.75353
2025-03-11 06:00:00+00:00,80261.78,80547.79,80186.88,80411.64,394.28788
2025-03-11 06:30:00+00:00,80411.64,80435.91,80091.18,80099.33,333.1305
2025-03-11 07:00:00+00:00,80099.32,80614.89,80088.0,80455.78,469.13652
2025-03-11 07:30:00+00:00,80455.77,80483.0,80263.87,80424.95,708.59834
2025-03-11 08:00:00+00:00,80424.94,81008.92,80325.22,80940.0,836.31767
2025-03-11 08:30:00+00:00,80940.01,81525.62,80871.04,81131.16,1195.83636
2025-03-11 09:00:00+00:00,81131.15,81699.99,81129.98,81699.32,778.734
2025-03-11 09:30:00+00:00,81699.31,81900.05,81442.0,81460.39,565.83481
2025-03-11 10:00:00+00:00,81460.38,81820.57,81269.85,81725.75,597.28678
2025-03-11 10:30:00+00:00,81725.75,81886.31,81605.6,81808.26,440.24295
2025-03-11 11:00:00+00:00,81808.25,81936.0,81400.0,81828.99,625.63891
2025-03-11 11:30:00+00:00,81828.99,82092.34,81697.11,81720.34,558.36824
2025-03-11 12:00:00+00:00,81720.33,81909.69,81305.93,81723.4,970.79603
2025-03-11 12:30:00+00:00,81723.4,81774.0,81017.0,81225.5,878.94027
2025-03-11 13:00:00+00:00,81225.49,82225.21,80536.33,81448.98,2263.34327
2025-03-11 13:30:00+00:00,81448.97,81814.26,80778.0,80898.49,2374.38598
2025-03-11 14:00:00+00:00,80898.5,81374.92,79847.03,79910.21,3476.94161
2025-03-11 14:30:00+00:00,79910.21,80538.71,79058.0,79773.04,3114.0662
2025-03-11 15:00:00+00:00,79773.05,81533.49,79653.69,80877.87,2424.97416
2025-03-11 15:30:00+00:00,80877.87,81666.0,80800.0,81232.24,1130.30477
2025-03-11 16:00:00+00:00,81232.23,81585.72,80609.96,81487.27,1279.69813
2025-03-11 16:30:00+00:00,81487.28,81900.0,81255.1,81386.8,933.18706
2025-03-11 17:00:00+00:00,81386.79,81694.16,80777.75,80883.07,815.91004
2025-03-11 17:30:00+00:00,80883.06,81727.27,80780.0,81305.57,726.34679
2025-03-11 18:00:00+00:00,81305.58,82865.09,81288.61,82564.82,1329.36784
2025-03-11 18:30:00+00:00,82564.82,83470.01,82363.63,83280.94,1451.60152
2025-03-11 19:00:00+00:00,83280.95,83617.4,82846.31,83183.53,882.10997
2025-03-11 19:30:00+00:00,83183.54,83484.07,82954.32,83104.01,667.28264
2025-03-11 20:00:00+00:00,83104.01,83170.38,82586.84,82636.74,408.93199
2025-03-11 20:30:00+00:00,82637.81,83076.79,82637.8,82799.68,436.37241
2025-03-11 21:00:00+00:00,82799.68,83233.17,82799.67,83215.03,346.25377
2025-03-11 21:30:00+00:00,83215.03,83265.38,82953.45,83110.72,230.64747
2025-03-11 22:00:00+00:00,83110.71,83306.87,83028.12,83167.05,306.38234
2025-03-11 22:30:00+00:00,83167.05,83229.88,82981.3,83133.48,254.18756
2025-03-11 23:00:00+00:00,83133.48,83185.0,82550.52,82664.55,463.58619
2025-03-11 23:30:00+00:00,82664.56,82933.0,82562.87,82932.99,316.58808
2025-03-12 00:00:00+00:00,82932.99,83000.0,82685.82,82863.21,285.3764
2025-03-12 00:30:00+00:00,82863.21,83142.11,82604.95,82765.52,373.20845
2025-03-12 01:00:00+00:00,82765.52,83225.8,82752.58,83077.71,325.38847
2025-03-12 01:30:00+00:00,83077.71,83783.26,83051.91,83313.6,934.77777
2025-03-12 02:00:00+00:00,83313.6,83330.04,82629.83,82705.71,903.36733
2025-03-12 02:30:00+00:00,82705.72,82793.24,82217.01,82430.79,886.68349
2025-03-12 03:00:00+00:00,82430.8,82620.01,82261.82,82362.81,638.09888
2025-03-12 03:30:00+00:00,82362.81,82472.65,82100.61,82127.72,365.03791
2025-03-12 04:00:00+00:00,82127.73,82180.0,81774.27,81883.33,625.24971
2025-03-12 04:30:00+00:00,81883.32,81893.6,81617.76,81811.05,519.87374
2025-03-12 05:00:00+00:00,81811.05,81939.08,81617.0,81810.15,354.00644
2025-03-12 05:30:00+00:00,81810.15,82048.93,81792.43,81987.43,379.99658
2025-03-12 06:00:00+00:00,81987.44,81987.44,81501.0,81699.44,427.51598
2025-03-12 06:30:00+00:00,81699.44,81800.0,81296.0,81425.98,346.5062
2025-03-12 07:00:00+00:00,81425.97,81874.53,81332.66,81703.21,461.80726
2025-03-12 07:30:00+00:00,81703.2,82541.47,81562.89,82447.79,950.54443
2025-03-12 08:00:00+00:00,82447.78,82841.82,82000.29,82516.99,1031.94529
2025-03-12 08:30:00+00:00,82517.0,82805.21,82335.97,82689.67,550.3481
2025-03-12 09:00:00+00:00,82689.66,82933.32,82256.81,82268.13,811.39639
2025-03-12 09:30:00+00:00,82268.14,82688.99,82228.09,82680.06,366.48859
2025-03-12 10:00:00+00:00,82680.06,82771.05,82166.24,82296.29,759.09172
2025-03-12 10:30:00+00:00,82296.29,82529.01,82106.09,82492.67,343.88581
2025-03-12 11:00:00+00:00,82492.67,82772.96,82430.01,82766.66,461.48453
2025-03-12 11:30:00+00:00,82766.65,83076.79,82737.64,83004.45,549.98125
2025-03-12 12:00:00+00:00,83004.45,83511.0,82873.2,83361.05,718.5483
2025-03-12 12:30:00+00:00,83361.05,84539.85,83361.05,84069.0,2928.43064
2025-03-12 13:00:00+00:00,84069.01,84217.12,83275.17,83339.16,1198.38655
2025-03-12 13:30:00+00:00,83339.16,83859.14,82357.44,82686.27,2174.22329
2025-03-12 14:00:00+00:00,82686.26,82920.35,82182.37,82476.64,814.82932
2025-03-12 14:30:00+00:00,82476.64,82637.6,81528.58,81535.72,1235.84902
2025-03-12 15:00:00+00:00,81535.72,81602.75,80607.65,81252.85,1771.0875
2025-03-12 15:30:00+00:00,81252.85,82013.4,81244.49,81738.97,972.25121
2025-03-12 16:00:00+00:00,81738.97,82287.52,81626.64,81843.86,728.40664
2025-03-12 16:30:00+00:00,81843.85,82234.28,81648.37,81970.76,593.57825
2025-03-12 17:00:00+00:00,81970.77,82884.51,81890.42,82770.13,739.08969
2025-03-12 17:30:00+00:00,82770.12,82877.36,81780.01,81844.41,459.62142
2025-03-12 18:00:00+00:00,81844.41,82706.56,81723.0,82537.31,547.65717
2025-03-12 18:30:00+00:00,82537.32,82803.76,82340.79,82628.68,297.00536
2025-03-12 19:00:00+00:00,82628.67,83035.42,82487.85,82771.45,407.50886
2025-03-12 19:30:00+00:00,82771.45,83165.46,82492.0,82915.93,442.64414
2025-03-12 20:00:00+00:00,82915.94,82954.96,82709.36,82868.01,179.02482
2025-03-12 20:30:00+00:00,82868.01,83189.23,82863.76,83124.95,397.72389
2025-03-12 21:00:00+00:00,83124.95,83321.51,83116.33,83144.66,179.54646
2025-03-12 21:30:00+00:00,83144.67,83270.36,82852.29,83093.69,208.38736
2025-03-12 22:00:00+00:00,83093.69,83582.08,83087.4,83498.59,397.99077
2025-03-12 22:30:00+00:00,83498.6,83693.0,83436.77,83651.15,209.9751
2025-03-12 23:00:00+00:00,83651.15,83738.12,83430.33,83452.21,374.92327
2025-03-12 23:30:00+00:00,83450.91,83887.26,83409.09,83680.12,305.23625
2025-03-13 00:00:00+00:00,83680.12,84000.0,83474.95,83705.61,678.33527
2025-03-13 00:30:00+00:00,83705.6,83964.87,83438.67,83444.88,515.91597
2025-03-13 01:00:00+00:00,83444.89,83784.17,83312.92,83634.98,398.06438
2025-03-13 01:30:00+00:00,83634.99,84222.0,83634.99,83919.68,552.39137
2025-03-13 02:00:00+00:00,83919.69,84336.33,83880.39,83956.52,455.92029
2025-03-13 02:30:00+00:00,83956.52,84072.88,83743.14,83785.58,446.42158
2025-03-13 03:00:00+00:00,83785.59,84199.54,83730.4,83895.16,402.81349
2025-03-13 03:30:00+00:00,83895.16,83907.26,83542.53,83577.14,317.62487
2025-03-13 04:00:00+00:00,83577.14,83709.03,83450.62,83457.38,298.22768
2025-03-13 04:30:00+00:00,83457.38,83538.61,83201.91,83286.63,441.00134
2025-03-13 05:00:00+00:00,83286.63,83540.83,83266.97,83454.83,269.16908
2025-03-13 05:30:00+00:00,83454.83,83461.81,83077.0,83157.16,478.46728
2025-03-13 06:00:00+00:00,83157.16,83204.32,82851.0,83016.61,419.09187
2025-03-13 06:30:00+00:00,83016.61,83329.42,82976.81,83292.6,395.05572
2025-03-13 07:00:00+00:00,83292.6,83559.06,83129.99,83433.91,507.08602
2025-03-13 07:30:00+00:00,83433.92,83533.51,83127.98,83151.99,276.29636
2025-03-13 08:00:00+00:00,83152.0,83262.58,82526.51,82641.49,428.35365
2025-03-13 08:30:00+00:00,82641.48,83057.14,82400.04,82973.35,394.04804
2025-03-13 09:00:00+00:00,82973.34,83487.01,82969.79,83241.92,513.14375
2025-03-13 09:30:00+00:00,83241.91,83522.61,83209.24,83426.87,451.82679
2025-03-13 10:00:00+00:00,83426.87,83488.43,83110.0,83300.0,434.59629
2025-03-13 10:30:00+00:00,83299.99,83398.31,83001.0,83191.67,319.90338
2025-03-13 11:00:00+00:00,83191.67,83229.42,82784.46,82866.48,365.06526
2025-03-13 11:30:00+00:00,82866.47,83016.88,82708.29,82975.86,292.63051
2025-03-13 12:00:00+00:00,82975.86,83330.63,82756.62,83277.41,401.87863
2025-03-13 12:30:00+00:00,83277.4,83900.0,82286.0,82517.99,1271.36361
2025-03-13 13:00:00+00:00,82518.0,82984.89,82474.79,82908.5,735.54757
2025-03-13 13:30:00+00:00,82908.5,83111.64,81600.0,81777.15,1320.98338
2025-03-13 14:00:00+00:00,81777.15,82524.46,81546.52,81897.17,1136.86144
2025-03-13 14:30:00+00:00,81897.18,82272.08,81862.0,82009.5,588.57447
2025-03-13 15:00:00+00:00,82009.51,82193.66,81414.87,81586.42,875.88733
2025-03-13 15:30:00+00:00,81586.41,81586.41,80954.29,81044.72,1300.00605
2025-03-13 16:00:00+00:00,81044.72,81212.0,80852.0,80948.02,877.99526
2025-03-13 16:30:00+00:00,80948.02,81264.73,80666.0,80876.36,808.94465
2025-03-13 17:00:00+00:00,80876.36,80893.02,80222.0,80394.07,1525.61011
2025-03-13 17:30:00+00:00,80394.07,80553.99,79939.9,80064.0,1463.30866
2025-03-13 18:00:00+00:00,80063.99,80955.36,79996.65,80916.38,981.33456
2025-03-13 18:30:00+00:00,80916.39,80957.84,80544.57,80820.05,656.84082
2025-03-13 19:00:00+00:00,80820.05,81031.81,80420.57,80565.82,492.6205
2025-03-13 19:30:00+00:00,80565.83,80670.32,80137.47,80211.4,589.21517
2025-03-13 20:00:00+00:00,80210.4,80681.81,80189.89,80663.73,358.89379
2025-03-13 20:30:00+00:00,80663.73,80735.83,80279.63,80379.05,411.73763
2025-03-13 21:00:00+00:00,80379.05,80674.54,80280.66,80653.11,390.29208
2025-03-13 21:30:00+00:00,80653.11,80882.65,80490.64,80819.99,323.38735
2025-03-13 22:00:00+00:00,80819.99,81068.94,80730.48,81068.28,279.73118
2025-03-13 22:30:00+00:00,81068.29,81400.0,80982.71,81395.54,270.4231
2025-03-13 23:00:00+00:00,81395.54,81484.23,81094.18,81104.01,265.09418
2025-03-13 23:30:00+00:00,81104.01,81208.84,81046.57,81115.78,168.29236
2025-03-14 00:00:00+00:00,81115.78,81264.16,80818.84,81197.0,344.56335
2025-03-14 00:30:00+00:00,81196.99,81694.41,81196.99,81503.31,376.75968
2025-03-14 01:00:00+00:00,81503.31,81506.52,81206.04,81434.42,241.94158
2025-03-14 01:30:00+00:00,81434.43,81876.17,81434.43,81603.08,264.57643
2025-03-14 02:00:00+00:00,81603.07,81959.51,81588.51,81873.46,149.76573
2025-03-14 02:30:00+00:00,81873.47,82270.51,81688.67,82226.98,565.13643
2025-03-14 03:00:00+00:00,82226.98,82247.7,81973.84,82018.86,286.87828
2025-03-14 03:30:00+00:00,82018.86,82018.87,81708.96,81888.77,516.98489
2025-03-14 04:00:00+00:00,81888.77,82040.0,81873.18,82003.31,214.73279
2025-03-14 04:30:00+00:00,82003.31,82033.25,81841.99,81948.16,156.57712
2025-03-14 05:00:00+00:00,81948.17,82000.0,81820.22,81976.11,296.97564
2025-03-14 05:30:00+00:00,81976.1,82218.03,81940.0,82141.96,325.44304
2025-03-14 06:00:00+00:00,82141.96,82191.22,81849.91,81850.0,182.93095
2025-03-14 06:30:00+00:00,81850.0,82044.0,81780.08,82038.09,222.35404
2025-03-14 07:00:00+00:00,82038.09,82095.95,81895.95,82068.85,140.82832
2025-03-14 07:30:00+00:00,82068.86,82454.5,82007.86,82170.85,481.75555
2025-03-14 08:00:00+00:00,82170.84,82595.43,82170.84,82466.72,332.64394
2025-03-14 08:30:00+00:00,82466.72,82647.21,82320.02,82593.44,309.1499
2025-03-14 09:00:00+00:00,82593.45,82940.34,82569.31,82895.42,400.94239
2025-03-14 09:30:00+00:00,82895.42,82930.36,82693.81,82776.5,309.94202
2025-03-14 10:00:00+00:00,82776.51,83000.0,82672.29,82972.93,369.55304
2025-03-14 10:30:00+00:00,82972.92,83300.01,82870.06,83042.22,898.49848
2025-03-14 11:00:00+00:00,83042.21,83237.07,82975.33,83222.47,412.56004
2025-03-14 11:30:00+00:00,83222.46,83348.46,83144.38,83253.15,307.14821
2025-03-14 12:00:00+00:00,83253.15,83479.71,83052.41,83404.78,465.00925
2025-03-14 12:30:00+00:00,83404.77,83526.96,83138.93,83420.87,456.31881
2025-03-14 13:00:00+00:00,83420.87,83573.94,83311.15,83332.99,519.4399
2025-03-14 13:30:00+00:00,83332.98,83888.0,83040.83,83602.16,1327.21616
2025-03-14 14:00:00+00:00,83602.15,83602.15,82640.59,82800.49,1793.1975
2025-03-14 14:30:00+00:00,82800.49,83524.8,82773.58,83524.8,1277.26503
2025-03-14 15:00:00+00:00,83524.8,84978.52,83524.8,84942.85,3064.26775
2025-03-14 15:30:00+00:00,84942.84,85309.71,84643.77,84724.58,2514.1585
2025-03-14 16:00:00+00:00,84724.58,84950.0,84390.0,84411.83,1293.6991
2025-03-14 16:30:00+00:00,84411.83,84864.45,83949.19,84787.37,967.49323
2025-03-14 17:00:00+00:00,84787.37,84838.0,84260.0,84386.87,491.02182
2025-03-14 17:30:00+00:00,84386.86,84500.38,84194.01,84365.18,370.09607
2025-03-14 18:00:00+00:00,84365.18,84656.27,84203.66,84299.99,408.10825
2025-03-14 18:30:00+00:00,84300.0,84726.42,84285.14,84570.54,394.92482
2025-03-14 19:00:00+00:00,84570.54,84929.45,84485.08,84634.45,406.16246
2025-03-14 19:30:00+00:00,84634.44,84726.13,84458.44,84554.0,331.02974
2025-03-14 20:00:00+00:00,84554.0,84554.01,83717.69,84057.02,559.5991
2025-03-14 20:30:00+00:00,84057.01,84335.6,83990.17,84127.2,440.9744
2025-03-14 21:00:00+00:00,84127.21,84299.7,83953.57,84240.0,185.56039
2025-03-14 21:30:00+00:00,84240.01,84282.26,84132.5,84205.79,198.20593
2025-03-14 22:00:00+00:00,84205.79,84482.14,84105.73,84332.07,570.86826
2025-03-14 22:30:00+00:00,84332.08,84512.05,84270.47,84438.06,278.83879
2025-03-14 23:00:00+00:00,84438.07,84445.2,84173.64,84268.84,174.6486
2025-03-14 23:30:00+00:00,84268.84,84286.86,83950.06,83983.2,261.78185
2025-03-15 00:00:00+00:00,83983.19,84226.27,83964.57,84226.27,204.24808
2025-03-15 00:30:00+00:00,84226.27,84351.88,84203.87,84297.14,200.60209
2025-03-15 01:00:00+00:00,84297.13,84583.04,84294.0,84354.4,234.73426
2025-03-15 01:30:00+00:00,84354.39,84360.0,84107.27,84353.85,198.30814
2025-03-15 02:00:00+00:00,84353.85,84396.23,84160.37,84298.03,166.59638
2025-03-15 02:30:00+00:00,84298.03,84632.08,84244.29,84557.95,285.86794
2025-03-15 03:00:00+00:00,84557.96,84663.68,84484.55,84645.13,212.53492
2025-03-15 03:30:00+00:00,84645.12,84676.28,84418.38,84491.99,298.18757
2025-03-15 04:00:00+00:00,84492.0,84542.58,84300.04,84394.02,130.89265
2025-03-15 04:30:00+00:00,84394.01,84559.0,84341.34,84456.57,165.00819
2025-03-15 05:00:00+00:00,84456.58,84478.03,84305.01,84332.46,156.5526
2025-03-15 05:30:00+00:00,84332.47,84386.74,84266.25,84266.26,107.58192
2025-03-15 06:00:00+00:00,84266.26,84308.16,84170.95,84262.64,121.44628
2025-03-15 06:30:00+00:00,84262.64,84262.64,84160.37,84183.28,189.89033
2025-03-15 07:00:00+00:00,84183.28,84192.21,83933.0,83959.12,485.06246
2025-03-15 07:30:00+00:00,83959.13,84088.64,83791.09,83827.31,431.08171
2025-03-15 08:00:00+00:00,83827.32,83921.53,83618.0,83822.6,619.90569
2025-03-15 08:30:00+00:00,83822.6,84032.9,83783.01,83891.36,159.89848
2025-03-15 09:00:00+00:00,83891.37,83891.37,83710.32,83748.61,690.73509
2025-03-15 09:30:00+00:00,83748.61,83975.22,83744.33,83966.95,258.76554
2025-03-15 10:00:00+00:00,83966.95,83994.11,83667.23,83720.66,253.19833
2025-03-15 10:30:00+00:00,83720.66,83916.02,83720.65,83912.19,132.70489
2025-03-15 11:00:00+00:00,83912.19,84008.17,83842.95,84008.16,147.66612
2025-03-15 11:30:00+00:00,84008.17,84184.58,83984.85,84103.74,288.82133
2025-03-15 12:00:00+00:00,84103.74,84249.44,84010.58,84220.0,272.17458
2025-03-15 12:30:00+00:00,84219.99,84272.19,84098.81,84136.53,366.25215
2025-03-15 13:00:00+00:00,84136.53,84384.55,84132.08,84301.89,349.76061
2025-03-15 13:30:00+00:00,84301.89,84499.74,84235.45,84460.0,460.49019
2025-03-15 14:00:00+00:00,84459.99,84459.99,84134.63,84177.01,420.67196
2025-03-15 14:30:00+00:00,84177.02,84259.66,84106.83,84131.75,439.13184
2025-03-15 15:00:00+00:00,84131.75,84408.6,84131.75,84298.46,251.5799
2025-03-15 15:30:00+00:00,84298.47,84405.73,84190.0,84346.02,235.83963
2025-03-15 16:00:00+00:00,84346.03,84410.0,84196.0,84273.54,341.89344
2025-03-15 16:30:00+00:00,84273.54,84498.72,84259.0,84362.91,338.70674
2025-03-15 17:00:00+00:00,84362.9,84495.43,84277.66,84494.39,238.64858
2025-03-15 17:30:00+00:00,84494.4,84494.4,84373.52,84422.25,153.36825
2025-03-15 18:00:00+00:00,84422.25,84476.46,84316.65,84354.04,112.94025
2025-03-15 18:30:00+00:00,84354.05,84380.0,84125.01,84223.29,171.35131
2025-03-15 19:00:00+00:00,84223.28,84250.3,84076.92,84225.3,239.31023
2025-03-15 19:30:00+00:00,84225.31,84320.49,84175.29,84299.98,85.47188
2025-03-15 20:00:00+00:00,84299.99,84450.0,84299.98,84424.0,118.54779
2025-03-15 20:30:00+00:00,84424.01,84433.23,84358.36,84389.31,56.41479
2025-03-15 21:00:00+00:00,84389.31,84420.02,84237.58,84384.46,101.72985
2025-03-15 21:30:00+00:00,84384.46,84467.7,84365.0,84388.73,97.5273
2025-03-15 22:00:00+00:00,84388.73,84440.66,84357.07,84409.49,70.29463
2025-03-15 22:30:00+00:00,84409.48,84450.1,84322.82,84382.65,91.11915
2025-03-15 23:00:00+00:00,84382.65,84391.07,84300.0,84301.89,68.34928
2025-03-15 23:30:00+00:00,84301.88,84411.69,84268.4,84338.44,102.86788
2025-03-16 00:00:00+00:00,84338.44,84391.06,84263.2,84273.0,100.14824
2025-03-16 00:30:00+00:00,84273.0,84312.83,84213.03,84253.52,83.59522
2025-03-16 01:00:00+00:00,84253.53,84277.03,84115.54,84184.45,129.5601
2025-03-16 01:30:00+00:00,84184.45,84184.45,83840.0,83869.31,327.91225
2025-03-16 02:00:00+00:00,83869.32,83951.99,83733.86,83951.99,178.82132
2025-03-16 02:30:00+00:00,83951.99,84130.39,83888.0,83966.05,141.85252
2025-03-16 03:00:00+00:00,83966.05,84123.35,83906.26,84120.0,108.28327
2025-03-16 03:30:00+00:00,84120.01,84393.72,84100.0,84332.34,143.81721
2025-03-16 04:00:00+00:00,84332.35,84418.0,84280.64,84280.65,104.71172
2025-03-16 04:30:00+00:00,84280.64,84417.34,84245.98,84408.97,161.35252
2025-03-16 05:00:00+00:00,84408.97,84411.85,84312.83,84410.0,129.1884
2025-03-16 05:30:00+00:00,84409.99,84410.0,84305.95,84395.31,78.51239
2025-03-16 06:00:00+00:00,84395.31,84400.0,84307.13,84321.7,70.95119
2025-03-16 06:30:00+00:00,84321.69,84365.47,84228.0,84228.0,74.83098
2025-03-16 07:00:00+00:00,84228.01,84230.0,83972.57,84148.45,150.04385
2025-03-16 07:30:00+00:00,84148.44,84373.64,84148.44,84273.96,195.12142
2025-03-16 08:00:00+00:00,84273.95,84335.43,84162.83,84191.14,90.67067
2025-03-16 08:30:00+00:00,84191.15,84300.0,84191.14,84268.36,127.38707
2025-03-16 09:00:00+00:00,84268.36,84271.03,83942.36,84016.83,212.88302
2025-03-16 09:30:00+00:00,84016.84,84060.0,83800.0,83897.02,244.02983
2025-03-16 10:00:00+00:00,83897.02,84066.92,83649.04,83759.46,307.51084
2025-03-16 10:30:00+00:00,83759.46,83816.12,83660.01,83666.98,151.12546
2025-03-16 11:00:00+00:00,83666.98,83691.61,82696.4,82858.39,1058.15426
2025-03-16 11:30:00+00:00,82858.39,82858.39,82381.46,82410.02,790.88454
2025-03-16 12:00:00+00:00,82410.01,82931.41,82400.0,82886.83,650.60172
2025-03-16 12:30:00+00:00,82886.82,82886.82,82576.67,82755.89,395.39462
2025-03-16 13:00:00+00:00,82755.89,83151.81,82728.12,82959.35,470.75881
2025-03-16 13:30:00+00:00,82959.34,83106.0,82498.38,82596.1,630.96024
2025-03-16 14:00:00+00:00,82596.09,82943.68,82575.36,82888.5,438.80193
2025-03-16 14:30:00+00:00,82888.5,83385.97,82700.01,83373.16,424.07206
2025-03-16 15:00:00+00:00,83373.15,83508.95,83062.12,83107.14,476.16881
2025-03-16 15:30:00+00:00,83107.14,83441.46,82981.14,83320.83,295.69546
2025-03-16 16:00:00+00:00,83320.83,85117.04,83293.42,84350.65,2561.00526
2025-03-16 16:30:00+00:00,84350.65,84371.5,83440.01,83634.53,783.71113
2025-03-16 17:00:00+00:00,83633.49,84118.56,83500.0,83589.74,617.77661
2025-03-16 17:30:00+00:00,83589.75,83998.44,83483.45,83913.22,287.68344
2025-03-16 18:00:00+00:00,83913.22,84031.57,83717.42,84020.31,277.45207
2025-03-16 18:30:00+00:00,84020.3,84094.52,83633.14,83701.75,253.63942
2025-03-16 19:00:00+00:00,83701.76,83727.28,82562.36,83204.73,764.66109
2025-03-16 19:30:00+00:00,83204.73,83238.94,82884.91,83098.47,336.01081
2025-03-16 20:00:00+00:00,83098.47,83453.01,83013.6,83064.35,370.6672
2025-03-16 20:30:00+00:00,83064.35,83216.99,82910.77,83216.98,176.42168
2025-03-16 21:00:00+00:00,83216.99,83224.31,82800.0,82958.27,290.28465
2025-03-16 21:30:00+00:00,82958.27,82958.27,82688.82,82766.52,192.05542
2025-03-16 22:00:00+00:00,82766.51,82846.0,82220.0,82458.68,532.41736
2025-03-16 22:30:00+00:00,82458.67,82486.36,82090.7,82093.71,378.86869
2025-03-16 23:00:00+00:00,82093.72,82465.27,81981.12,82434.82,475.29431
2025-03-16 23:30:00+00:00,82434.82,82632.0,82363.63,82574.53,354.37423
2025-03-17 00:00:00+00:00,82574.52,82898.63,82523.0,82890.01,294.77249
2025-03-17 00:30:00+00:00,82890.0,83156.5,82814.12,83054.91,219.6457
2025-03-17 01:00:00+00:00,83054.9,83250.0,82825.55,82955.02,261.11408
2025-03-17 01:30:00+00:00,82955.02,83400.0,82955.02,83233.8,291.2749
2025-03-17 02:00:00+00:00,83233.8,83290.44,82981.68,83268.34,196.26691
2025-03-17 02:30:00+00:00,83268.34,83375.35,83143.97,83212.51,168.38944
2025-03-17 03:00:00+00:00,83212.51,83615.41,83212.5,83486.43,366.70372
2025-03-17 03:30:00+00:00,83486.44,83725.39,83384.65,83675.65,342.24999
2025-03-17 04:00:00+00:00,83675.64,83869.77,83656.41,83722.94,275.34098
2025-03-17 04:30:00+00:00,83722.95,83787.84,83522.0,83615.53,193.38651
2025-03-17 05:00:00+00:00,83615.53,83615.53,83196.9,83307.5,383.20581
2025-03-17 05:30:00+00:00,83307.5,83358.5,83120.0,83120.0,220.73094
2025-03-17 06:00:00+00:00,83120.01,83295.07,82886.41,82912.59,259.43676
2025-03-17 06:30:00+00:00,82912.58,83279.88,82682.62,83220.91,383.01025
2025-03-17 07:00:00+00:00,83220.91,83478.24,83212.83,83388.05,420.12017
2025-03-17 07:30:00+00:00,83388.05,83636.36,83323.72,83567.87,301.34157
2025-03-17 08:00:00+00:00,83567.88,83594.34,83221.18,83546.08,252.5183
2025-03-17 08:30:00+00:00,83546.07,83719.39,83438.8,83547.17,259.40615
2025-03-17 09:00:00+00:00,83547.16,83783.02,83431.09,83756.38,337.26414
2025-03-17 09:30:00+00:00,83756.37,83776.49,83550.0,83664.31,213.71137
2025-03-17 10:00:00+00:00,83664.31,83687.17,83339.6,83471.5,210.39401
2025-03-17 10:30:00+00:00,83471.5,83487.87,83260.04,83344.34,213.66714
2025-03-17 11:00:00+00:00,83344.34,83638.56,83220.11,83546.81,163.81723
2025-03-17 11:30:00+00:00,83546.82,83699.0,83491.76,83514.73,253.48961
2025-03-17 12:00:00+00:00,83514.73,84000.0,83002.01,83194.29,652.83182
2025-03-17 12:30:00+00:00,83194.3,83894.91,83008.92,83052.0,950.10732
2025-03-17 13:00:00+00:00,83052.01,83276.99,82853.21,82946.26,448.14584
2025-03-17 13:30:00+00:00,82946.27,83735.84,82808.52,83023.38,905.58011
2025-03-17 14:00:00+00:00,83023.37,83023.37,82456.0,82779.51,976.93551
2025-03-17 14:30:00+00:00,82779.51,83358.5,82708.49,82913.03,569.89386
2025-03-17 15:00:00+00:00,82913.03,83589.81,82706.58,83347.83,591.14936
2025-03-17 15:30:00+00:00,83347.83,83701.71,83152.18,83531.06,378.42419
2025-03-17 16:00:00+00:00,83531.07,83878.9,83444.73,83620.91,481.87653
2025-03-17 16:30:00+00:00,83620.91,83742.58,83103.6,83448.86,490.23416
2025-03-17 17:00:00+00:00,83448.86,83994.96,83358.49,83925.09,427.62649
2025-03-17 17:30:00+00:00,83925.09,84336.89,83830.18,84197.46,618.30065
2025-03-17 18:00:00+00:00,84197.46,84347.83,83983.74,84127.09,380.33579
2025-03-17 18:30:00+00:00,84127.08,84585.0,84094.06,84496.58,709.8785
2025-03-17 19:00:00+00:00,84496.57,84629.3,84311.07,84409.91,377.12387
2025-03-17 19:30:00+00:00,84409.9,84756.83,84365.62,84482.55,348.69596
2025-03-17 20:00:00+00:00,84482.55,84506.8,84021.73,84126.72,262.27011
2025-03-17 20:30:00+00:00,84126.73,84173.2,83846.15,83954.36,244.06393
2025-03-17 21:00:00+00:00,83954.36,84251.86,83940.0,83966.96,184.05221
2025-03-17 21:30:00+00:00,83966.96,84205.37,83883.87,84077.8,193.4042
2025-03-17 22:00:00+00:00,84077.8,84200.0,84000.02,84188.96,121.38099
2025-03-17 22:30:00+00:00,84188.96,84249.99,84061.18,84061.19,97.45662
2025-03-17 23:00:00+00:00,84061.19,84061.19,83849.02,83849.02,155.5075
2025-03-17 23:30:00+00:00,83849.02,84140.98,83746.12,84010.03,168.20989
2025-03-18 00:00:00+00:00,84010.02,84021.74,83755.34,83755.35,126.54718
2025-03-18 00:30:00+00:00,83755.34,83844.58,83702.53,83790.24,153.58825
2025-03-18 01:00:00+00:00,83790.24,83915.98,83202.46,83351.66,487.03257
2025-03-18 01:30:00+00:00,83351.66,83351.66,83015.39,83161.97,416.33272
2025-03-18 02:00:00+00:00,83161.98,83500.0,83081.67,83448.02,224.86763
2025-03-18 02:30:00+00:00,83448.02,83532.61,83342.76,83367.64,220.60152
2025-03-18 03:00:00+00:00,83367.65,83367.65,83081.11,83084.34,222.63219
2025-03-18 03:30:00+00:00,83084.34,83228.9,82960.0,83147.6,375.55837
2025-03-18 04:00:00+00:00,83147.6,83205.77,83086.95,83174.0,354.34599
2025-03-18 04:30:00+00:00,83173.99,83174.0,82838.8,82989.11,266.65891
2025-03-18 05:00:00+00:00,82989.11,83128.1,82912.2,83007.86,293.74058
2025-03-18 05:30:00+00:00,83007.86,83096.23,82895.57,83010.87,450.18362
2025-03-18 06:00:00+00:00,83010.86,83019.4,82569.53,82691.23,394.95935
2025-03-18 06:30:00+00:00,82691.23,82730.36,82244.68,82450.01,839.97885
2025-03-18 07:00:00+00:00,82450.02,83280.0,82358.69,83140.01,839.55392
2025-03-18 07:30:00+00:00,83140.01,83199.98,82965.81,83163.81,352.40232
2025-03-18 08:00:00+00:00,83163.81,83318.47,83048.71,83227.44,184.21899
2025-03-18 08:30:00+00:00,83227.45,83452.3,83211.06,83281.29,342.53063
2025-03-18 09:00:00+00:00,83281.29,83349.06,83075.0,83107.35,212.94979
2025-03-18 09:30:00+00:00,83107.35,83218.4,82780.0,82840.51,245.79326
2025-03-18 10:00:00+00:00,82840.5,82942.1,82596.85,82755.39,285.70962
2025-03-18 10:30:00+00:00,82755.39,82884.0,82641.87,82819.65,194.1432
2025-03-18 11:00:00+00:00,82819.65,82861.76,82657.9,82704.05,173.0302
2025-03-18 11:30:00+00:00,82704.05,82713.11,82500.0,82581.1,221.23265
2025-03-18 12:00:00+00:00,82581.09,82821.6,82500.0,82610.05,318.70721
2025-03-18 12:30:00+00:00,82610.04,82610.05,82330.38,82404.66,340.08158
2025-03-18 13:00:00+00:00,82404.65,82480.47,82268.16,82379.99,308.22528
2025-03-18 13:30:00+00:00,82380.0,82395.78,81134.66,81366.64,1764.61636
2025-03-18 14:00:00+00:00,81365.78,81628.38,81150.28,81624.11,863.44407
2025-03-18 14:30:00+00:00,81624.1,81978.86,81506.89,81854.71,630.03055
2025-03-18 15:00:00+00:00,81854.72,81937.02,81537.02,81834.71,487.69372
2025-03-18 15:30:00+00:00,81834.7,82212.93,81540.76,81610.21,530.07893
2025-03-18 16:00:00+00:00,81610.22,82120.94,81547.22,82112.35,295.32916
2025-03-18 16:30:00+00:00,82112.35,82160.49,81553.62,81851.51,383.49628
2025-03-18 17:00:00+00:00,81851.52,81975.8,81532.35,81599.79,595.1121
2025-03-18 17:30:00+00:00,81599.79,81854.41,81332.58,81466.7,299.80638
2025-03-18 18:00:00+00:00,81466.69,81661.47,81316.47,81359.23,240.27439
2025-03-18 18:30:00+00:00,81359.22,81950.8,81245.65,81889.38,328.32645
2025-03-18 19:00:00+00:00,81889.38,82080.0,81762.45,81905.9,345.8324
2025-03-18 19:30:00+00:00,81905.89,82476.26,81905.89,82317.21,552.27674
2025-03-18 20:00:00+00:00,82317.2,82353.8,82009.85,82020.33,275.08604
2025-03-18 20:30:00+00:00,82020.32,82050.0,81870.23,82050.0,163.11134
2025-03-18 21:00:00+00:00,82050.0,82208.9,82028.3,82119.45,129.10282
2025-03-18 21:30:00+00:00,82119.45,82119.64,81934.76,82062.98,121.63293
2025-03-18 22:00:00+00:00,82062.98,82380.48,82000.0,82274.99,225.70234
2025-03-18 22:30:00+00:00,82274.98,82566.35,82221.27,82395.74,166.35591
2025-03-18 23:00:00+00:00,82395.74,82777.37,82395.74,82777.36,161.79055
2025-03-18 23:30:00+00:00,82777.37,82810.95,82597.98,82715.03,206.19299
2025-03-19 00:00:00+00:00,82715.03,83014.0,82603.2,82930.55,323.22175
2025-03-19 00:30:00+00:00,82930.54,83280.0,82930.54,83118.0,625.39432
2025-03-19 01:00:00+00:00,83118.0,83166.3,82794.69,82841.42,264.86873
2025-03-19 01:30:00+00:00,82841.41,83082.97,82582.0,82598.7,484.53232
2025-03-19 02:00:00+00:00,82598.7,82849.98,82547.16,82710.31,254.4179
2025-03-19 02:30:00+00:00,82710.3,82900.0,82629.67,82868.91,170.31114
2025-03-19 03:00:00+00:00,82868.91,83040.5,82740.94,82792.66,292.21281
2025-03-19 03:30:00+00:00,82792.67,83083.0,82792.66,83037.17,336.73851
2025-03-19 04:00:00+00:00,83037.17,83078.46,82819.63,82820.32,159.5542
2025-03-19 04:30:00+00:00,82820.32,83035.4,82792.91,82952.87,239.91406
2025-03-19 05:00:00+00:00,82952.88,83105.7,82910.72,83032.71,319.37935
2025-03-19 05:30:00+00:00,83032.71,83320.0,82982.9,83241.99,284.01457
2025-03-19 06:00:00+00:00,83242.0,83322.81,83162.67,83184.24,181.22197
2025-03-19 06:30:00+00:00,83184.24,83270.0,83117.81,83200.0,173.46419
2025-03-19 07:00:00+00:00,83200.0,83300.0,83039.99,83300.0,258.83715
2025-03-19 07:30:00+00:00,83299.99,83364.16,83128.0,83190.0,272.38867
2025-03-19 08:00:00+00:00,83190.0,83417.43,83178.74,83406.03,374.02454
2025-03-19 08:30:00+00:00,83406.02,83500.0,83348.45,83413.01,277.97379
2025-03-19 09:00:00+00:00,83413.01,83567.16,83360.16,83537.87,372.53096
2025-03-19 09:30:00+00:00,83537.87,83596.47,83378.98,83527.37,478.62898
2025-03-19 10:00:00+00:00,83527.38,83663.05,83448.62,83538.83,248.48752
2025-03-19 10:30:00+00:00,83538.84,83800.0,83448.7,83467.41,611.45205
2025-03-19 11:00:00+00:00,83467.41,83888.37,83381.97,83770.86,590.38367
2025-03-19 11:30:00+00:00,83770.86,84119.09,83733.72,83881.4,603.08231
2025-03-19 12:00:00+00:00,83881.4,83927.56,83565.9,83645.15,389.86667
2025-03-19 12:30:00+00:00,83645.15,83808.44,83510.21,83748.75,541.18872
2025-03-19 13:00:00+00:00,83748.75,84343.56,83685.71,83931.99,871.31518
2025-03-19 13:30:00+00:00,83931.99,84324.02,83623.43,84092.16,938.92406
2025-03-19 14:00:00+00:00,84092.17,84389.71,83950.95,83964.33,978.27891
2025-03-19 14:30:00+00:00,83964.34,84350.01,83873.05,84318.59,673.35324
2025-03-19 15:00:00+00:00,84318.59,84499.99,84111.84,84328.0,708.64199
2025-03-19 15:30:00+00:00,84328.0,84888.0,84287.19,84733.05,731.37891
2025-03-19 16:00:00+00:00,84733.05,84826.29,84451.39,84658.88,823.16486
2025-03-19 16:30:00+00:00,84658.88,84699.91,84428.72,84574.01,599.17807
2025-03-19 17:00:00+00:00,84574.01,84705.56,84467.39,84467.39,272.16204
2025-03-19 17:30:00+00:00,84467.4,84493.06,83753.39,84230.97,1353.41048
2025-03-19 18:00:00+00:00,84230.97,84960.0,83578.32,84267.98,2320.48361
2025-03-19 18:30:00+00:00,84267.97,85870.01,84253.59,85612.25,2045.9903
2025-03-19 19:00:00+00:00,85612.24,85950.0,84926.73,85007.04,1672.22785
2025-03-19 19:30:00+00:00,85007.05,85476.41,84989.13,85433.38,778.82083
2025-03-19 20:00:00+00:00,85433.38,85854.99,85433.38,85686.82,503.46334
2025-03-19 20:30:00+00:00,85686.81,85704.48,85200.1,85353.99,768.71588
2025-03-19 21:00:00+00:00,85354.0,85914.71,85331.89,85644.81,287.39012
2025-03-19 21:30:00+00:00,85644.8,85837.77,85493.44,85635.99,192.82079
2025-03-19 22:00:00+00:00,85636.0,85950.0,85635.99,85811.38,429.84204
2025-03-19 22:30:00+00:00,85811.39,86500.0,85793.65,86158.52,861.31459
2025-03-19 23:00:00+00:00,86158.52,86808.36,86158.52,86797.55,586.51957
2025-03-19 23:30:00+00:00,86797.54,87000.0,86649.61,86845.94,625.56623
2025-03-20 00:00:00+00:00,86845.93,87453.67,86703.12,86777.3,1216.2965
2025-03-20 00:30:00+00:00,86777.29,86863.0,85942.16,86017.68,1052.03595
2025-03-20 01:00:00+00:00,86017.68,86369.57,85777.0,86260.0,517.85798
2025-03-20 01:30:00+00:00,86260.0,86271.74,85733.11,85867.96,425.27985
2025-03-20 02:00:00+00:00,85867.97,85906.0,85619.56,85787.04,324.65781
2025-03-20 02:30:00+00:00,85787.04,86121.87,85722.0,86065.51,339.93338
2025-03-20 03:00:00+00:00,86065.51,86128.0,85880.43,85909.97,182.60163
2025-03-20 03:30:00+00:00,85909.97,86034.88,85818.77,85891.02,247.46045
2025-03-20 04:00:00+00:00,85891.01,85930.39,85716.45,85747.08,213.70396
2025-03-20 04:30:00+00:00,85747.08,85778.88,85430.38,85684.78,343.95716
2025-03-20 05:00:00+00:00,85684.78,85717.4,85468.75,85484.92,647.22597
2025-03-20 05:30:00+00:00,85484.92,85838.85,85471.99,85827.28,232.57477
2025-03-20 06:00:00+00:00,85827.27,86013.05,85774.93,85868.57,235.81721
2025-03-20 06:30:00+00:00,85868.57,85880.0,85632.08,85759.28,302.00374
2025-03-20 07:00:00+00:00,85759.29,86000.0,85695.86,85847.2,286.0395
2025-03-20 07:30:00+00:00,85847.19,85902.41,85777.2,85816.39,128.35268
2025-03-20 08:00:00+00:00,85816.39,85980.0,85705.18,85934.02,152.67387
2025-03-20 08:30:00+00:00,85934.02,86300.0,85863.35,86241.05,427.50919
2025-03-20 09:00:00+00:00,86241.06,86268.64,85971.52,85971.53,221.90249
2025-03-20 09:30:00+00:00,85971.53,86034.51,85795.53,85877.28,252.36488
2025-03-20 10:00:00+00:00,85877.28,85943.74,84755.14,85246.35,1074.43262
2025-03-20 10:30:00+00:00,85246.35,85442.23,85113.39,85173.78,451.06286
2025-03-20 11:00:00+00:00,85173.78,85386.41,85168.36,85303.04,232.45393
2025-03-20 11:30:00+00:00,85303.03,85514.15,85282.43,85502.17,236.70681
2025-03-20 12:00:00+00:00,85502.16,85564.0,85335.5,85371.82,235.11434
2025-03-20 12:30:00+00:00,85371.82,85454.55,85207.99,85356.07,208.39201
2025-03-20 13:00:00+00:00,85356.06,85363.64,85080.57,85149.59,223.09806
2025-03-20 13:30:00+00:00,85149.59,85870.0,85118.78,85513.81,855.58679
2025-03-20 14:00:00+00:00,85513.44,86532.04,85471.1,86344.29,1161.87825
2025-03-20 14:30:00+00:00,86344.29,86370.56,85916.98,86171.86,595.77466
2025-03-20 15:00:00+00:00,86171.86,86219.05,85260.06,85686.41,975.57195
2025-03-20 15:30:00+00:00,85686.41,85713.93,84565.16,84691.76,1682.53335
2025-03-20 16:00:00+00:00,84691.27,84908.0,84064.98,84075.48,1044.71927
2025-03-20 16:30:00+00:00,84075.48,84248.79,83655.23,83802.01,1068.37385
2025-03-20 17:00:00+00:00,83802.01,84205.93,83741.62,83805.07,793.60189
2025-03-20 17:30:00+00:00,83805.08,84366.52,83800.0,84093.43,512.78089
2025-03-20 18:00:00+00:00,84093.43,84344.0,83973.67,83978.26,417.35648
2025-03-20 18:30:00+00:00,83978.27,84248.8,83945.65,84060.53,222.8257
2025-03-20 19:00:00+00:00,84060.53,84283.32,83922.0,84054.01,270.84785
2025-03-20 19:30:00+00:00,84054.0,84419.99,84044.0,84174.79,285.18072
2025-03-20 20:00:00+00:00,84176.87,84550.32,84141.3,84497.43,234.89648
2025-03-20 20:30:00+00:00,84497.43,84609.21,84430.74,84530.1,249.8998
2025-03-20 21:00:00+00:00,84530.09,84601.89,84250.67,84424.97,222.08731
2025-03-20 21:30:00+00:00,84424.97,84576.9,84304.34,84350.0,189.11123
2025-03-20 22:00:00+00:00,84350.0,84500.0,83980.58,84012.08,279.5138
2025-03-20 22:30:00+00:00,84012.08,84311.33,84010.86,84141.31,214.75618
2025-03-20 23:00:00+00:00,84141.3,84150.0,83922.01,84042.46,184.00679
2025-03-20 23:30:00+00:00,84042.46,84360.0,84013.22,84223.39,217.49179
2025-03-21 00:00:00+00:00,84223.38,84475.0,84180.09,84276.24,229.37671
2025-03-21 00:30:00+00:00,84276.25,84535.27,84255.94,84507.07,153.02321
2025-03-21 01:00:00+00:00,84507.08,84583.76,84383.59,84383.59,167.03896
2025-03-21 01:30:00+00:00,84383.6,84789.62,84371.37,84775.07,181.17357
2025-03-21 02:00:00+00:00,84775.07,84850.33,84520.67,84630.43,214.45843
2025-03-21 02:30:00+00:00,84630.44,84753.36,84540.38,84685.4,122.26682
2025-03-21 03:00:00+00:00,84685.39,84731.21,84270.25,84434.78,195.06334
2025-03-21 03:30:00+00:00,84434.78,84500.0,84358.49,84451.96,140.40264
2025-03-21 04:00:00+00:00,84451.97,84677.29,84451.96,84672.37,153.8041
2025-03-21 04:30:00+00:00,84672.37,84798.93,84642.14,84662.74,183.53569
2025-03-21 05:00:00+00:00,84662.75,84672.88,84425.56,84426.44,149.56532
2025-03-21 05:30:00+00:00,84426.44,84529.06,84336.95,84469.66,131.87745
2025-03-21 06:00:00+00:00,84469.67,84476.31,84017.53,84214.69,482.87481
2025-03-21 06:30:00+00:00,84214.69,84292.06,84100.9,84200.0,293.17938
2025-03-21 07:00:00+00:00,84200.0,84269.71,83950.73,84076.08,229.40755
2025-03-21 07:30:00+00:00,84076.09,84076.09,83700.47,83937.98,532.6695
2025-03-21 08:00:00+00:00,83937.99,84156.0,83808.01,83849.6,194.83765
2025-03-21 08:30:00+00:00,83849.6,84030.72,83732.09,84022.32,237.049
2025-03-21 09:00:00+00:00,84022.31,84173.0,83801.89,84132.26,183.56309
2025-03-21 09:30:00+00:00,84132.27,84337.66,84069.7,84137.99,236.42039
2025-03-21 10:00:00+00:00,84137.99,84286.63,84008.18,84040.1,154.01782
2025-03-21 10:30:00+00:00,84040.1,84200.86,83892.82,84164.17,166.83955
2025-03-21 11:00:00+00:00,84164.18,84173.92,83961.0,83961.01,139.40266
2025-03-21 11:30:00+00:00,83961.0,84138.61,83941.92,84046.52,174.29499
2025-03-21 12:00:00+00:00,84046.52,84358.51,84020.5,84260.76,229.37324
2025-03-21 12:30:00+00:00,84260.76,84283.18,83377.95,83467.98,695.63764
2025-03-21 13:00:00+00:00,83467.98,83792.46,83391.3,83700.67,371.46432
2025-03-21 13:30:00+00:00,83700.72,84101.28,83175.25,83935.7,791.89275
2025-03-21 14:00:00+00:00,83935.71,84290.27,83509.31,84084.49,538.63435
2025-03-21 14:30:00+00:00,84084.49,84288.0,83914.6,84240.33,283.26854
2025-03-21 15:00:00+00:00,84240.33,84271.74,83728.2,83750.0,271.04046
2025-03-21 15:30:00+00:00,83750.01,83962.17,83559.82,83565.48,292.53755
2025-03-21 16:00:00+00:00,83565.47,84027.7,83379.0,83939.18,525.02053
2025-03-21 16:30:00+00:00,83939.17,84140.78,83783.07,84095.97,228.9908
2025-03-21 17:00:00+00:00,84095.97,84106.66,83750.48,83795.15,262.05807
2025-03-21 17:30:00+00:00,83795.14,84148.97,83711.2,84024.11,173.70787
2025-03-21 18:00:00+00:00,84024.12,84141.31,83905.49,84122.64,116.03596
2025-03-21 18:30:00+00:00,84122.64,84435.87,84100.0,84101.66,527.54877
2025-03-21 19:00:00+00:00,84101.66,84199.29,83962.57,84003.74,196.60942
2025-03-21 19:30:00+00:00,84003.73,84049.41,83800.0,83956.36,199.6575
2025-03-21 20:00:00+00:00,83956.35,84090.9,83813.21,84090.9,180.32487
2025-03-21 20:30:00+00:00,84090.9,84231.73,84075.47,84216.2,154.65805
2025-03-21 21:00:00+00:00,84216.21,84438.17,84173.92,84360.09,177.51592
2025-03-21 21:30:00+00:00,84360.09,84584.0,84217.59,84394.0,237.74561
2025-03-21 22:00:00+00:00,84394.01,84414.86,84253.74,84276.37,109.47914
2025-03-21 22:30:00+00:00,84276.38,84276.38,84100.82,84185.39,116.46273
2025-03-21 23:00:00+00:00,84185.38,84226.26,84090.54,84128.64,148.24169
2025-03-21 23:30:00+00:00,84128.63,84128.88,84050.16,84088.79,82.92602
2025-03-22 00:00:00+00:00,84088.79,84250.01,84043.47,84238.12,181.53961
2025-03-22 00:30:00+00:00,84238.12,84255.45,84100.0,84206.24,103.25586
2025-03-22 01:00:00+00:00,84206.24,84338.98,84190.42,84190.43,137.42383
2025-03-22 01:30:00+00:00,84190.42,84190.43,83989.58,84075.48,143.02414
2025-03-22 02:00:00+00:00,84075.48,84217.83,84019.64,84180.1,130.55097
2025-03-22 02:30:00+00:00,84180.1,84254.74,84149.04,84188.96,67.21236
2025-03-22 03:00:00+00:00,84188.97,84280.89,84135.89,84250.0,158.56527
2025-03-22 03:30:00+00:00,84250.0,84296.02,84212.38,84256.74,85.36958
2025-03-22 04:00:00+00:00,84256.73,84350.0,84210.0,84247.77,89.32268
2025-03-22 04:30:00+00:00,84247.78,84392.16,84247.77,84367.4,89.22273
2025-03-22 05:00:00+00:00,84367.41,84429.09,84336.79,84344.37,81.27405
2025-03-22 05:30:00+00:00,84344.37,84359.54,84258.62,84323.3,101.98046
2025-03-22 06:00:00+00:00,84323.3,84400.0,84296.04,84298.26,73.1394
2025-03-22 06:30:00+00:00,84298.27,84360.01,84153.21,84335.83,120.34909
2025-03-22 07:00:00+00:00,84335.83,84382.36,84305.59,84305.6,59.65811
2025-03-22 07:30:00+00:00,84305.59,84372.79,84220.9,84274.72,140.05022
2025-03-22 08:00:00+00:00,84274.71,84286.58,84179.97,84200.0,122.16095
2025-03-22 08:30:00+00:00,84199.99,84260.0,84109.0,84222.01,101.62026
2025-03-22 09:00:00+00:00,84222.01,84405.67,84222.01,84345.09,138.84185
2025-03-22 09:30:00+00:00,84345.09,84539.17,84345.08,84360.01,183.49633
2025-03-22 10:00:00+00:00,84360.01,84423.53,84360.0,84380.02,60.7072
2025-03-22 10:30:00+00:00,84380.01,84440.0,84360.0,84413.62,66.40166
2025-03-22 11:00:00+00:00,84413.63,84419.8,84280.4,84335.51,99.66968
2025-03-22 11:30:00+00:00,84335.51,84339.55,84204.68,84239.25,98.67384
2025-03-22 12:00:00+00:00,84239.24,84296.39,84204.28,84222.24,124.08734
2025-03-22 12:30:00+00:00,84222.24,84250.66,84176.49,84232.39,94.21329
2025-03-22 13:00:00+00:00,84232.4,84242.3,84040.99,84091.75,138.65694
2025-03-22 13:30:00+00:00,84091.75,84181.87,84048.05,84168.31,117.09266
2025-03-22 14:00:00+00:00,84168.31,84203.69,84093.64,84120.42,90.36949
2025-03-22 14:30:00+00:00,84120.43,84120.43,84001.71,84007.23,184.45806
2025-03-22 15:00:00+00:00,84007.23,84082.58,83975.42,84014.18,148.56635
2025-03-22 15:30:00+00:00,84014.18,84130.43,83982.38,84109.09,120.11218
2025-03-22 16:00:00+00:00,84109.08,84141.31,84063.53,84128.17,122.29072
2025-03-22 16:30:00+00:00,84128.17,84160.0,84089.03,84141.0,88.45608
2025-03-22 17:00:00+00:00,84141.0,84196.58,84130.57,84182.22,87.69356
2025-03-22 17:30:00+00:00,84182.22,84258.42,84162.0,84238.83,99.91734
2025-03-22 18:00:00+00:00,84238.83,84316.58,84196.19,84196.2,129.19963
2025-03-22 18:30:00+00:00,84196.19,84320.0,84191.52,84239.14,121.2799
2025-03-22 19:00:00+00:00,84239.14,84250.0,84201.18,84216.2,105.42699
2025-03-22 19:30:00+00:00,84216.2,84271.74,84162.04,84171.59,64.5106
2025-03-22 20:00:00+00:00,84171.59,84204.19,84144.25,84164.01,79.91574
2025-03-22 20:30:00+00:00,84164.0,84199.15,83944.69,83944.69,164.87836
2025-03-22 21:00:00+00:00,83944.7,84103.99,83841.41,84034.52,139.96525
2025-03-22 21:30:00+00:00,84034.52,84062.79,83968.25,84010.87,76.4608
2025-03-22 22:00:00+00:00,84010.87,84069.75,83978.26,84014.91,87.79422
2025-03-22 22:30:00+00:00,84014.91,84029.41,83958.82,83961.39,56.20322
2025-03-22 23:00:00+00:00,83961.39,83961.39,83845.11,83904.51,147.52792
2025-03-22 23:30:00+00:00,83904.51,83904.51,83625.1,83840.59,197.63437
2025-03-23 00:00:00+00:00,83840.59,84040.0,83809.75,83978.27,158.22939
2025-03-23 00:30:00+00:00,83978.27,84048.54,83961.38,84007.0,69.96034
2025-03-23 01:00:00+00:00,84007.0,84132.59,83978.74,84117.18,89.37469
2025-03-23 01:30:00+00:00,84117.18,84117.55,84034.9,84067.56,73.40674
2025-03-23 02:00:00+00:00,84067.57,84114.15,83993.12,84114.14,60.62034
2025-03-23 02:30:00+00:00,84114.15,84277.07,84114.14,84233.78,135.26457
2025-03-23 03:00:00+00:00,84233.78,84239.14,84131.81,84178.58,59.46519
2025-03-23 03:30:00+00:00,84178.58,84250.02,84156.65,84224.39,88.87644
2025-03-23 04:00:00+00:00,84224.39,84229.37,84070.22,84103.46,126.74716
2025-03-23 04:30:00+00:00,84103.45,84122.26,84076.08,84100.0,51.06931
2025-03-23 05:00:00+00:00,84099.99,84148.74,84099.99,84119.37,54.41671
2025-03-23 05:30:00+00:00,84119.38,84240.0,84119.37,84230.1,48.23358
2025-03-23 06:00:00+00:00,84230.11,84263.89,84192.57,84236.28,70.94007
2025-03-23 06:30:00+00:00,84236.29,84288.62,84228.96,84242.24,64.77365
2025-03-23 07:00:00+00:00,84242.25,84264.17,84216.98,84264.17,38.66682
2025-03-23 07:30:00+00:00,84264.17,84328.24,84264.16,84279.82,82.23474
2025-03-23 08:00:00+00:00,84279.82,84330.38,84263.05,84303.52,95.80824
2025-03-23 08:30:00+00:00,84303.52,84354.2,84296.0,84347.12,112.5533
2025-03-23 09:00:00+00:00,84347.12,84376.25,84320.0,84338.25,110.77649
2025-03-23 09:30:00+00:00,84338.25,84351.51,84325.66,84325.66,59.22815
2025-03-23 10:00:00+00:00,84325.67,84345.93,84314.31,84345.93,72.55381
2025-03-23 10:30:00+00:00,84345.92,84500.0,84345.92,84461.98,148.0363
2025-03-23 11:00:00+00:00,84461.98,85027.32,84461.97,84912.35,758.40923
2025-03-23 11:30:00+00:00,84912.35,84912.36,84597.82,84679.99,280.58809
2025-03-23 12:00:00+00:00,84680.0,84757.69,84573.4,84700.0,158.19558
2025-03-23 12:30:00+00:00,84700.0,84811.48,84698.04,84725.24,156.60608
2025-03-23 13:00:00+00:00,84725.24,84986.0,84644.24,84964.21,224.47255
2025-03-23 13:30:00+00:00,84964.2,85108.47,84853.48,85093.59,405.90287
2025-03-23 14:00:00+00:00,85093.59,85214.35,84850.43,84895.73,356.31024
2025-03-23 14:30:00+00:00,84895.72,85100.0,84880.65,84899.76,223.58302
2025-03-23 15:00:00+00:00,84899.77,85179.74,84899.76,85079.19,193.32058
2025-03-23 15:30:00+00:00,85079.18,85254.17,85018.78,85189.41,247.35012
2025-03-23 16:00:00+00:00,85189.41,85342.01,85059.74,85275.41,280.22839
2025-03-23 16:30:00+00:00,85275.42,85394.37,84942.77,85250.0,308.08909
2025-03-23 17:00:00+00:00,85250.01,85413.05,85250.0,85250.0,150.94436
2025-03-23 17:30:00+00:00,85250.01,85250.01,84876.87,85017.66,311.38575
2025-03-23 18:00:00+00:00,85017.67,85032.93,84800.0,84800.01,195.51092
2025-03-23 18:30:00+00:00,84800.01,85036.0,84800.01,84972.78,141.4509
2025-03-23 19:00:00+00:00,84972.79,85080.0,84903.94,84984.61,118.60496
2025-03-23 19:30:00+00:00,84984.61,85034.64,84964.68,85011.19,74.97604
2025-03-23 20:00:00+00:00,85011.2,85218.89,85011.19,85217.51,101.3079
2025-03-23 20:30:00+00:00,85217.52,85272.65,85102.62,85102.62,122.17052
2025-03-23 21:00:00+00:00,85102.61,85102.61,84923.91,85007.91,112.57116
2025-03-23 21:30:00+00:00,85007.9,85184.0,84951.75,85179.99,107.47355
2025-03-23 22:00:00+00:00,85179.99,85679.18,85160.37,85501.48,461.06806
2025-03-23 22:30:00+00:00,85501.48,85573.85,85270.12,85361.21,211.63412
2025-03-23 23:00:00+00:00,85361.22,85771.74,85361.22,85739.13,193.33312
2025-03-23 23:30:00+00:00,85739.13,86129.64,85649.0,86082.5,695.2549
2025-03-24 00:00:00+00:00,86082.5,86425.57,85865.64,86410.66,595.42787
2025-03-24 00:30:00+00:00,86410.67,86641.13,85969.62,86021.74,658.36953
2025-03-24 01:00:00+00:00,86021.74,86038.78,85606.77,85657.71,482.84137
2025-03-24 01:30:00+00:00,85657.7,85760.29,85528.38,85563.04,325.47649
2025-03-24 02:00:00+00:00,85563.03,85760.36,85519.09,85722.59,229.11722
2025-03-24 02:30:00+00:00,85722.58,85950.0,85679.81,85883.16,262.01252
2025-03-24 03:00:00+00:00,85883.16,86521.21,85875.91,86379.35,620.74856
2025-03-24 03:30:00+00:00,86379.35,86577.15,86226.66,86532.07,397.64969
2025-03-24 04:00:00+00:00,86532.07,86888.0,86532.06,86711.44,647.92976
2025-03-24 04:30:00+00:00,86711.44,86932.47,86644.89,86841.83,606.62648
2025-03-24 05:00:00+00:00,86841.83,87027.32,86812.05,86866.56,503.59931
2025-03-24 05:30:00+00:00,86866.56,86994.85,86820.73,86899.73,395.87209
2025-03-24 06:00:00+00:00,86899.72,87300.0,86899.72,87020.48,593.19338
2025-03-24 06:30:00+00:00,87020.47,87162.16,86901.0,87113.37,589.77599
2025-03-24 07:00:00+00:00,87113.37,87178.52,86755.56,86921.7,492.63546
2025-03-24 07:30:00+00:00,86921.69,86989.63,86753.1,86874.52,347.635
2025-03-24 08:00:00+00:00,86874.52,87429.6,86838.76,87403.58,665.91595
2025-03-24 08:30:00+00:00,87403.59,87519.38,87243.52,87416.35,486.81779
2025-03-24 09:00:00+00:00,87416.34,87513.52,87174.7,87265.51,327.15243
2025-03-24 09:30:00+00:00,87265.52,87362.88,87125.72,87163.73,370.72586
2025-03-24 10:00:00+00:00,87163.73,87446.42,87129.63,87428.0,363.66708
2025-03-24 10:30:00+00:00,87427.99,87909.99,87427.99,87801.27,788.62352
2025-03-24 11:00:00+00:00,87801.28,87858.82,87525.06,87549.93,414.8964
2025-03-24 11:30:00+00:00,87549.94,87797.44,87515.25,87689.52,316.48411
2025-03-24 12:00:00+00:00,87689.52,87711.7,87281.77,87337.84,668.4646
2025-03-24 12:30:00+00:00,87337.84,87460.06,87246.89,87328.1,355.06621
2025-03-24 13:00:00+00:00,87328.09,87356.75,87138.6,87278.64,435.18802
2025-03-24 13:30:00+00:00,87278.64,87710.33,87217.39,87704.46,994.19823
2025-03-24 14:00:00+00:00,87704.47,88765.43,87640.77,88311.64,2462.34877
2025-03-24 14:30:00+00:00,88311.64,88317.65,87860.0,87961.9,1581.52612
2025-03-24 15:00:00+00:00,87961.9,88371.63,87678.06,88007.35,1082.753
2025-03-24 15:30:00+00:00,88007.36,88372.0,87889.6,88350.01,765.95164
2025-03-24 16:00:00+00:00,88350.01,88499.98,87800.0,87856.17,890.08999
2025-03-24 16:30:00+00:00,87856.16,88136.47,87690.59,88057.54,927.96893
2025-03-24 17:00:00+00:00,88057.53,88428.84,87941.06,88424.31,903.4328
2025-03-24 17:30:00+00:00,88424.31,88486.55,88179.71,88461.88,567.9173
2025-03-24 18:00:00+00:00,88461.88,88478.27,88149.64,88263.95,372.53075
2025-03-24 18:30:00+00:00,88263.94,88536.0,88123.11,88464.38,542.95411
2025-03-24 19:00:00+00:00,88464.38,88508.0,88248.21,88356.54,550.67634
2025-03-24 19:30:00+00:00,88356.54,88363.91,87967.82,88222.0,895.26486
2025-03-24 20:00:00+00:00,88222.01,88481.14,88120.06,88361.29,384.70368
2025-03-24 20:30:00+00:00,88361.3,88361.3,87807.62,87832.0,709.3657
2025-03-24 21:00:00+00:00,87832.0,88256.07,87797.21,88198.09,899.05323
2025-03-24 21:30:00+00:00,88198.09,88274.0,87942.0,88100.01,467.06792
2025-03-24 22:00:00+00:00,88100.01,88184.79,87500.0,87594.08,1086.89326
2025-03-24 22:30:00+00:00,87594.08,87673.1,87302.88,87457.65,432.69883
2025-03-24 23:00:00+00:00,87457.66,87537.22,87050.6,87192.89,345.0159
2025-03-24 23:30:00+00:00,87192.89,87526.44,87192.89,87498.16,311.29706
2025-03-25 00:00:00+00:00,87498.16,87640.47,87262.0,87489.1,453.95562
2025-03-25 00:30:00+00:00,87489.11,87679.25,87379.99,87599.99,262.35727
2025-03-25 01:00:00+00:00,87600.0,87600.0,87055.0,87068.0,335.47411
2025-03-25 01:30:00+00:00,87067.99,87273.64,86813.16,87088.31,486.00397
2025-03-25 02:00:00+00:00,87088.31,87088.31,86868.39,87060.0,237.76488
2025-03-25 02:30:00+00:00,87059.99,87065.46,86820.29,86854.94,261.53686
2025-03-25 03:00:00+00:00,86854.94,86984.16,86602.27,86764.78,323.75555
2025-03-25 03:30:00+00:00,86764.77,86831.48,86330.66,86520.88,607.0703
2025-03-25 04:00:00+00:00,86520.89,86666.66,86310.0,86450.89,403.82818
2025-03-25 04:30:00+00:00,86450.88,86547.17,86370.0,86547.17,248.29032
2025-03-25 05:00:00+00:00,86547.16,86672.49,86400.0,86617.99,371.49587
2025-03-25 05:30:00+00:00,86618.0,86772.72,86557.37,86656.07,392.09298
2025-03-25 06:00:00+00:00,86656.06,86818.18,86588.05,86764.01,250.80447
2025-03-25 06:30:00+00:00,86764.0,86879.77,86524.0,86534.5,421.44277
2025-03-25 07:00:00+00:00,86534.49,86815.22,86508.31,86554.34,377.06041
2025-03-25 07:30:00+00:00,86554.34,86554.35,86332.87,86436.82,460.76429
2025-03-25 08:00:00+00:00,86436.82,86675.69,86406.49,86619.56,404.27339
2025-03-25 08:30:00+00:00,86619.56,86764.46,86604.87,86714.79,186.15534
2025-03-25 09:00:00+00:00,86714.8,86913.92,86642.0,86880.44,249.19386
2025-03-25 09:30:00+00:00,86880.43,87350.0,86859.99,87221.66,607.75802
2025-03-25 10:00:00+00:00,87221.65,87285.99,86947.21,87093.31,310.10399
2025-03-25 10:30:00+00:00,87093.32,87214.7,87032.72,87130.14,202.25619
2025-03-25 11:00:00+00:00,87130.14,87373.67,87051.56,87335.0,272.39828
2025-03-25 11:30:00+00:00,87334.99,87500.0,87267.83,87370.43,447.94449
2025-03-25 12:00:00+00:00,87370.44,87443.4,87147.79,87220.25,377.85179
2025-03-25 12:30:00+00:00,87220.24,87313.72,86929.46,87084.02,442.41433
2025-03-25 13:00:00+00:00,87084.01,87727.27,87054.51,87689.13,588.27613
2025-03-25 13:30:00+00:00,87689.12,87992.0,87043.47,87594.4,1253.7497
2025-03-25 14:00:00+00:00,87594.41,87868.0,87333.34,87699.99,621.74006
2025-03-25 14:30:00+00:00,87700.0,88228.0,87604.56,88022.4,991.11095
2025-03-25 15:00:00+00:00,88022.39,88258.8,87800.0,87978.66,615.12678
2025-03-25 15:30:00+00:00,87978.66,88061.88,87713.62,87774.37,740.27039
2025-03-25 16:00:00+00:00,87774.37,87979.99,87700.0,87825.99,357.14949
2025-03-25 16:30:00+00:00,87826.0,87868.68,87633.01,87792.4,568.53323
2025-03-25 17:00:00+00:00,87792.41,88321.27,87792.41,87935.98,502.98823
2025-03-25 17:30:00+00:00,87935.98,88092.97,87867.92,87937.27,278.73849
2025-03-25 18:00:00+00:00,87937.27,88059.99,87679.0,87796.6,271.78692
2025-03-25 18:30:00+00:00,87796.61,87858.7,87588.59,87822.0,406.19321
2025-03-25 19:00:00+00:00,87822.0,88117.55,87816.67,87915.1,393.00592
2025-03-25 19:30:00+00:00,87915.1,88250.0,87829.93,88116.23,490.98509
2025-03-25 20:00:00+00:00,88116.23,88539.63,87966.19,88161.53,986.72174
2025-03-25 20:30:00+00:00,88161.52,88189.59,87807.32,87849.98,462.04153
2025-03-25 21:00:00+00:00,87849.99,88198.12,87836.41,87938.0,526.27707
2025-03-25 21:30:00+00:00,87938.0,87998.44,87702.92,87746.0,502.90578
2025-03-25 22:00:00+00:00,87746.0,87805.82,87251.24,87370.54,812.89686
2025-03-25 22:30:00+00:00,87370.53,87671.5,87161.32,87464.73,670.42571
2025-03-25 23:00:00+00:00,87464.72,87503.45,87132.65,87383.66,786.9224
2025-03-25 23:30:00+00:00,87383.66,87499.99,87328.5,87392.87,421.35927
2025-03-26 00:00:00+00:00,87392.88,87611.41,87199.99,87597.8,418.39791
2025-03-26 00:30:00+00:00,87597.8,87814.0,87457.71,87652.0,324.89261
2025-03-26 01:00:00+00:00,87652.0,87892.14,87567.42,87841.26,246.84451
2025-03-26 01:30:00+00:00,87841.25,87853.49,87730.36,87836.04,236.15563
2025-03-26 02:00:00+00:00,87836.04,87836.04,87446.09,87525.63,269.59944
2025-03-26 02:30:00+00:00,87525.63,87560.0,87300.0,87324.6,298.31122
2025-03-26 03:00:00+00:00,87324.61,87405.37,87133.01,87235.04,290.20833
2025-03-26 03:30:00+00:00,87235.04,87235.04,87030.56,87153.51,291.74391
2025-03-26 04:00:00+00:00,87153.5,87294.92,87052.0,87253.66,286.98079
2025-03-26 04:30:00+00:00,87253.65,87455.64,87197.98,87326.78,306.3798
2025-03-26 05:00:00+00:00,87326.79,87326.79,87215.69,87281.99,207.2358
2025-03-26 05:30:00+00:00,87281.98,87630.0,87281.11,87520.35,460.57105
2025-03-26 06:00:00+00:00,87520.36,87596.65,87442.83,87565.05,189.0218
2025-03-26 06:30:00+00:00,87565.05,87923.92,87565.04,87909.07,351.12048
2025-03-26 07:00:00+00:00,87909.07,88030.46,87754.35,88009.79,350.7727
2025-03-26 07:30:00+00:00,88009.79,88275.0,87972.22,88140.45,702.69924
2025-03-26 08:00:00+00:00,88140.45,88200.0,88004.95,88041.26,260.93644
2025-03-26 08:30:00+00:00,88041.27,88086.96,87886.1,87959.73,264.17687
2025-03-26 09:00:00+00:00,87959.73,88000.0,87837.49,87969.25,243.83226
2025-03-26 09:30:00+00:00,87969.25,88056.61,87891.03,87939.99,149.26524
2025-03-26 10:00:00+00:00,87940.0,88228.83,87939.99,88156.46,264.31345
2025-03-26 10:30:00+00:00,88156.45,88259.81,88100.0,88208.47,291.89196
2025-03-26 11:00:00+00:00,88208.47,88242.0,88100.01,88155.57,421.45245
2025-03-26 11:30:00+00:00,88155.58,88192.94,87923.91,87954.96,518.86552
2025-03-26 12:00:00+00:00,87954.97,88000.0,87687.19,87783.49,385.08407
2025-03-26 12:30:00+00:00,87783.5,87856.78,87586.72,87813.17,440.31499
2025-03-26 13:00:00+00:00,87813.16,87813.17,87471.13,87493.55,401.27823
2025-03-26 13:30:00+00:00,87493.56,87920.08,86719.0,86841.31,1281.12761
2025-03-26 14:00:00+00:00,86841.3,87294.05,86434.36,86699.51,1225.52331
2025-03-26 14:30:00+00:00,86699.51,86978.27,86462.75,86773.14,715.43421
2025-03-26 15:00:00+00:00,86773.14,86998.0,86546.23,86640.0,601.9152
2025-03-26 15:30:00+00:00,86640.0,87018.87,86612.37,86752.52,586.42348
2025-03-26 16:00:00+00:00,86752.52,86955.77,86580.0,86955.76,333.93273
2025-03-26 16:30:00+00:00,86955.76,87058.4,86391.3,86513.99,417.27235
2025-03-26 17:00:00+00:00,86513.99,86774.54,86476.88,86617.01,332.63802
2025-03-26 17:30:00+00:00,86617.01,86829.88,86495.76,86569.99,235.36426
2025-03-26 18:00:00+00:00,86570.0,86750.01,86554.34,86642.0,174.44612
2025-03-26 18:30:00+00:00,86641.99,86750.0,86181.39,86198.53,388.37825
2025-03-26 19:00:00+00:00,86198.52,86373.62,85860.0,86130.44,651.43154
2025-03-26 19:30:00+00:00,86130.44,86800.77,86130.43,86567.19,473.49662
2025-03-26 20:00:00+00:00,86567.18,87329.26,86520.1,87228.84,513.77895
2025-03-26 20:30:00+00:00,87228.84,87404.34,87099.53,87280.0,382.27914
2025-03-26 21:00:00+00:00,87280.0,87302.0,86945.0,87058.13,269.86659
2025-03-26 21:30:00+00:00,87058.13,87227.43,86728.91,87109.65,271.49942
2025-03-26 22:00:00+00:00,87109.64,87147.92,86753.52,86807.99,203.19776
2025-03-26 22:30:00+00:00,86808.0,87027.9,86807.99,86829.48,144.67827
2025-03-26 23:00:00+00:00,86829.48,86900.0,86562.0,86682.01,184.41945
2025-03-26 23:30:00+00:00,86682.0,86952.2,86682.0,86909.17,149.33487
2025-03-27 00:00:00+00:00,86909.17,87121.17,86796.26,87120.37,188.80619
2025-03-27 00:30:00+00:00,87120.37,87308.0,87043.47,87285.29,250.46214
2025-03-27 01:00:00+00:00,87285.3,87419.27,87178.79,87354.81,268.77228
2025-03-27 01:30:00+00:00,87354.82,87519.38,87187.55,87378.87,215.4335
2025-03-27 02:00:00+00:00,87378.88,87685.88,87338.79,87596.95,232.81898
2025-03-27 02:30:00+00:00,87596.95,87756.39,87513.47,87575.39,241.86356
2025-03-27 03:00:00+00:00,87575.38,87665.99,87434.78,87543.45,214.02052
2025-03-27 03:30:00+00:00,87543.44,87675.0,87539.72,87670.18,278.98705
2025-03-27 04:00:00+00:00,87670.17,87691.34,87431.64,87577.72,238.22952
2025-03-27 04:30:00+00:00,87577.72,87607.11,87411.42,87521.61,151.69965
2025-03-27 05:00:00+00:00,87521.6,87521.6,87362.67,87439.99,254.64152
2025-03-27 05:30:00+00:00,87440.0,87440.0,87262.55,87314.72,243.3828
2025-03-27 06:00:00+00:00,87314.71,87524.69,87288.31,87482.52,217.42045
2025-03-27 06:30:00+00:00,87482.52,87547.6,87280.0,87352.68,203.71094
2025-03-27 07:00:00+00:00,87352.68,87408.39,87249.68,87333.99,204.94838
2025-03-27 07:30:00+00:00,87333.99,87439.3,87274.03,87399.99,261.08464
2025-03-27 08:00:00+00:00,87399.99,87493.02,87255.63,87410.74,259.67512
2025-03-27 08:30:00+00:00,87410.75,87597.6,87298.81,87434.82,279.42308
2025-03-27 09:00:00+00:00,87434.82,87520.0,87406.18,87464.39,228.79243
2025-03-27 09:30:00+00:00,87464.39,87537.74,87385.85,87415.56,224.28224
2025-03-27 10:00:00+00:00,87415.57,87597.6,87400.33,87507.68,204.94471
2025-03-27 10:30:00+00:00,87507.68,87550.0,87108.99,87195.59,324.08668
2025-03-27 11:00:00+00:00,87195.59,87316.29,86905.33,86946.01,374.1148
2025-03-27 11:30:00+00:00,86946.0,87074.08,86787.0,86943.52,300.45589
2025-03-27 12:00:00+00:00,86943.51,87060.09,86776.04,86952.28,312.31545
2025-03-27 12:30:00+00:00,86952.28,87110.1,86724.85,86761.05,353.39064
2025-03-27 13:00:00+00:00,86761.04,86861.71,86184.0,86341.24,683.27353
2025-03-27 13:30:00+00:00,86341.25,86518.07,85800.0,86383.83,1927.65429
2025-03-27 14:00:00+00:00,86383.82,86750.0,86189.19,86627.35,1215.96546
2025-03-27 14:30:00+00:00,86627.36,87321.56,86529.34,87297.33,1493.50429
2025-03-27 15:00:00+00:00,87297.34,87575.0,87124.13,87278.3,856.4622
2025-03-27 15:30:00+00:00,87278.31,87278.31,86752.58,86974.07,698.20141
2025-03-27 16:00:00+00:00,86974.07,87271.43,86900.08,87012.39,325.66075
2025-03-27 16:30:00+00:00,87012.38,87162.0,86805.2,86835.24,346.03911
2025-03-27 17:00:00+00:00,86835.24,87074.19,86835.24,86867.0,343.79862
2025-03-27 17:30:00+00:00,86867.0,87150.95,86796.0,86913.05,252.6933
2025-03-27 18:00:00+00:00,86913.04,87150.0,86876.0,87047.9,235.51269
2025-03-27 18:30:00+00:00,87047.91,87420.0,87028.0,87206.52,237.58363
2025-03-27 19:00:00+00:00,87206.52,87429.21,87141.31,87364.0,189.96269
2025-03-27 19:30:00+00:00,87364.01,87398.49,87022.99,87060.41,283.83789
2025-03-27 20:00:00+00:00,87060.4,87282.24,86943.04,87205.84,318.03303
2025-03-27 20:30:00+00:00,87205.85,87346.07,87182.01,87307.57,136.42996
2025-03-27 21:00:00+00:00,87307.57,87464.1,87239.13,87387.25,169.24023
2025-03-27 21:30:00+00:00,87387.25,87728.27,87371.91,87568.68,319.46339
2025-03-27 22:00:00+00:00,87568.67,87600.0,87362.64,87383.93,169.13389
2025-03-27 22:30:00+00:00,87383.94,87433.97,87309.97,87350.71,94.31286
2025-03-27 23:00:00+00:00,87350.7,87361.07,87154.03,87291.5,148.28498
2025-03-27 23:30:00+00:00,87291.5,87339.63,87128.01,87232.01,125.22761
2025-03-28 00:00:00+00:00,87232.01,87251.73,86970.0,86970.0,197.17629
2025-03-28 00:30:00+00:00,86970.0,87402.08,86929.58,87354.01,241.00544
2025-03-28 01:00:00+00:00,87354.01,87373.98,87116.0,87169.58,191.81158
2025-03-28 01:30:00+00:00,87169.58,87515.67,87121.0,87230.29,324.61538
2025-03-28 02:00:00+00:00,87230.3,87327.98,87156.05,87247.94,148.0059
2025-03-28 02:30:00+00:00,87247.94,87249.04,86950.75,86987.77,240.72542
2025-03-28 03:00:00+00:00,86987.78,87018.36,86768.44,86800.0,368.28895
2025-03-28 03:30:00+00:00,86800.0,86891.4,86750.0,86787.16,200.09149
2025-03-28 04:00:00+00:00,86787.17,86832.64,86679.24,86712.09,252.55106
2025-03-28 04:30:00+00:00,86712.09,86712.09,85952.54,86305.38,1223.12987
2025-03-28 05:00:00+00:00,86305.38,86305.38,85942.23,85975.71,473.69047
2025-03-28 05:30:00+00:00,85975.72,86204.81,85827.97,86059.02,551.66445
2025-03-28 06:00:00+00:00,86059.02,86250.0,85917.14,86003.58,367.26155
2025-03-28 06:30:00+00:00,86003.58,86018.87,85648.25,85719.27,643.73969
2025-03-28 07:00:00+00:00,85719.27,85888.6,85571.75,85605.58,531.12544
2025-03-28 07:30:00+00:00,85605.57,85628.03,85162.48,85212.99,1627.93375
2025-03-28 08:00:00+00:00,85212.98,85441.25,85059.97,85083.41,827.79741
2025-03-28 08:30:00+00:00,85083.41,85409.72,85050.01,85213.87,561.78129
2025-03-28 09:00:00+00:00,85213.87,85320.0,85005.0,85320.0,488.29393
2025-03-28 09:30:00+00:00,85320.0,85417.47,85052.88,85148.0,810.27229
2025-03-28 10:00:00+00:00,85148.0,85250.79,85000.15,85240.0,532.10935
2025-03-28 10:30:00+00:00,85240.0,85240.0,84896.0,84941.49,456.50521
2025-03-28 11:00:00+00:00,84941.49,85220.79,84800.0,85101.2,912.55547
2025-03-28 11:30:00+00:00,85101.19,85255.26,84934.0,85255.26,361.44482
2025-03-28 12:00:00+00:00,85255.25,85433.96,85103.81,85375.58,270.16301
2025-03-28 12:30:00+00:00,85375.57,85609.74,84888.0,85028.27,875.25218
2025-03-28 13:00:00+00:00,85028.27,85546.88,84973.64,85333.15,464.28526
2025-03-28 13:30:00+00:00,85333.15,85575.68,84904.96,84994.0,852.80534
2025-03-28 14:00:00+00:00,84994.0,85120.19,84293.41,84361.14,1930.34427
2025-03-28 14:30:00+00:00,84361.14,84472.0,84148.8,84172.01,1400.70871
2025-03-28 15:00:00+00:00,84172.01,84392.61,83953.86,84241.25,1618.25792
2025-03-28 15:30:00+00:00,84241.24,84530.45,84049.0,84051.16,970.82163
2025-03-28 16:00:00+00:00,84051.15,84217.61,83671.9,83937.16,703.79636
2025-03-28 16:30:00+00:00,83937.15,84044.81,83754.0,83794.73,448.43495
2025-03-28 17:00:00+00:00,83794.72,83952.2,83585.0,83751.21,660.98338
2025-03-28 17:30:00+00:00,83751.21,84010.41,83678.0,84008.45,453.88252
2025-03-28 18:00:00+00:00,84008.46,84169.52,83787.91,83821.4,468.87974
2025-03-28 18:30:00+00:00,83821.41,83953.05,83720.0,83880.0,286.98949
2025-03-28 19:00:00+00:00,83879.99,83893.48,83636.36,83793.32,384.01398
2025-03-28 19:30:00+00:00,83793.31,83893.48,83645.27,83790.73,450.8827
2025-03-28 20:00:00+00:00,83790.74,83990.79,83714.74,83893.0,849.21946
2025-03-28 20:30:00+00:00,83893.0,84160.38,83714.28,83794.41,421.81487
2025-03-28 21:00:00+00:00,83794.41,84074.49,83697.83,84007.99,153.74776
2025-03-28 21:30:00+00:00,84007.99,84110.36,83840.38,84052.29,142.02909
2025-03-28 22:00:00+00:00,84052.29,84264.94,84052.29,84235.98,209.88957
2025-03-28 22:30:00+00:00,84235.98,84480.36,84235.98,84480.35,172.89374
2025-03-28 23:00:00+00:00,84480.35,84538.69,84207.54,84240.87,241.68321
2025-03-28 23:30:00+00:00,84240.86,84444.34,84200.01,84424.38,217.37605
2025-03-29 00:00:00+00:00,84424.38,84567.78,84362.04,84537.73,191.41818
2025-03-29 00:30:00+00:00,84537.74,84624.73,84353.49,84396.89,223.46489
2025-03-29 01:00:00+00:00,84396.89,84502.42,84216.0,84243.75,150.65113
2025-03-29 01:30:00+00:00,84243.76,84417.8,84223.82,84281.9,132.71272
2025-03-29 02:00:00+00:00,84281.91,84423.53,84140.0,84196.08,170.35278
2025-03-29 02:30:00+00:00,84196.08,84284.79,83817.23,83851.4,237.21549
2025-03-29 03:00:00+00:00,83851.39,84084.8,83709.67,84054.65,315.79772
2025-03-29 03:30:00+00:00,84054.65,84254.72,84054.65,84166.3,104.40088
2025-03-29 04:00:00+00:00,84166.3,84258.45,83993.82,84049.85,168.68852
2025-03-29 04:30:00+00:00,84049.85,84101.41,83968.81,84072.96,118.56104
2025-03-29 05:00:00+00:00,84072.97,84093.99,83930.7,83930.7,123.82812
2025-03-29 05:30:00+00:00,83930.7,84034.41,83858.22,84012.64,112.02554
2025-03-29 06:00:00+00:00,84012.65,84012.65,83672.74,83716.81,184.94359
2025-03-29 06:30:00+00:00,83716.82,83865.93,83716.81,83787.28,151.03854
2025-03-29 07:00:00+00:00,83787.28,83854.43,83666.66,83836.92,106.29585
2025-03-29 07:30:00+00:00,83836.92,83892.0,83662.86,83731.82,138.14044
2025-03-29 08:00:00+00:00,83731.83,83846.34,83666.65,83800.0,199.96455
2025-03-29 08:30:00+00:00,83800.0,83944.36,83797.0,83934.95,140.21292
2025-03-29 09:00:00+00:00,83934.94,83947.42,83731.19,83731.19,115.16198
2025-03-29 09:30:00+00:00,83731.2,83785.79,83266.65,83544.8,604.97965
2025-03-29 10:00:00+00:00,83544.8,83559.23,83284.0,83411.45,213.95722
2025-03-29 10:30:00+00:00,83411.45,83411.45,82820.85,82927.81,521.25555
2025-03-29 11:00:00+00:00,82927.8,83108.08,82387.64,82501.49,1013.85663
2025-03-29 11:30:00+00:00,82501.49,82510.66,82007.0,82293.56,829.51267
2025-03-29 12:00:00+00:00,82293.56,82527.7,82145.22,82422.6,376.11655
2025-03-29 12:30:00+00:00,82422.6,82474.52,82229.24,82462.7,257.95974
2025-03-29 13:00:00+00:00,82462.69,82811.83,82454.44,82692.06,377.6318
2025-03-29 13:30:00+00:00,82692.05,82863.49,82559.13,82851.95,200.62887
2025-03-29 14:00:00+00:00,82851.95,82882.01,82459.0,82539.99,313.49095
2025-03-29 14:30:00+00:00,82540.0,82734.06,82503.54,82504.01,139.12285
2025-03-29 15:00:00+00:00,82504.02,82617.01,82479.39,82542.46,140.06757
2025-03-29 15:30:00+00:00,82542.47,82559.91,82383.2,82414.23,155.72966
2025-03-29 16:00:00+00:00,82414.22,82683.78,82404.34,82415.1,217.32306
2025-03-29 16:30:00+00:00,82415.09,82491.31,82173.19,82198.43,321.42758
2025-03-29 17:00:00+00:00,82198.44,82267.92,81644.81,82198.46,809.9678
2025-03-29 17:30:00+00:00,82198.46,82625.05,82088.0,82332.63,421.23417
2025-03-29 18:00:00+00:00,82332.62,82505.78,82214.88,82479.62,177.76186
2025-03-29 18:30:00+00:00,82479.61,82673.0,82342.18,82343.64,191.12387
2025-03-29 19:00:00+00:00,82343.64,82556.7,82230.43,82295.34,179.26057
2025-03-29 19:30:00+00:00,82295.34,82758.41,82209.59,82758.4,191.60838
2025-03-29 20:00:00+00:00,82758.4,82758.41,82478.71,82654.99,224.61758
2025-03-29 20:30:00+00:00,82654.98,82787.29,82422.22,82511.17,151.74211
2025-03-29 21:00:00+00:00,82511.16,82685.45,82425.86,82527.35,104.13204
2025-03-29 21:30:00+00:00,82527.35,82640.11,82353.51,82518.74,108.65901
2025-03-29 22:00:00+00:00,82518.74,82522.0,82408.78,82447.83,95.61945
2025-03-29 22:30:00+00:00,82447.83,82460.0,82258.86,82389.75,92.67284
2025-03-29 23:00:00+00:00,82389.75,82550.0,82342.0,82454.01,73.69783
2025-03-29 23:30:00+00:00,82454.0,82679.52,82404.34,82648.54,106.3659
2025-03-30 00:00:00+00:00,82648.53,82768.5,82566.0,82612.82,124.89655
2025-03-30 00:30:00+00:00,82612.83,82888.93,82500.0,82799.73,185.47859
2025-03-30 01:00:00+00:00,82799.73,83051.36,82762.71,82986.07,233.39397
2025-03-30 01:30:00+00:00,82986.07,83075.48,82814.0,82941.13,212.45387
2025-03-30 02:00:00+00:00,82941.14,83255.81,82925.67,83094.61,184.3841
2025-03-30 02:30:00+00:00,83094.61,83372.81,83050.0,83330.0,233.28791
2025-03-30 03:00:00+00:00,83330.0,83503.53,83317.65,83344.62,186.26673
2025-03-30 03:30:00+00:00,83344.62,83353.93,83048.88,83088.81,245.4794
2025-03-30 04:00:00+00:00,83088.82,83230.19,83078.94,83135.28,105.17186
2025-03-30 04:30:00+00:00,83135.29,83314.42,83090.01,83109.81,108.02838
2025-03-30 05:00:00+00:00,83109.81,83206.1,83082.0,83182.5,104.05635
2025-03-30 05:30:00+00:00,83182.5,83230.0,82924.23,82958.3,168.78481
2025-03-30 06:00:00+00:00,82958.3,83041.58,82868.96,82868.96,166.30952
2025-03-30 06:30:00+00:00,82868.96,83306.26,82868.96,83178.14,236.36155
2025-03-30 07:00:00+00:00,83178.14,83321.16,83178.14,83263.36,190.41195
2025-03-30 07:30:00+00:00,83263.35,83271.82,83068.66,83076.59,159.31488
2025-03-30 08:00:00+00:00,83076.58,83287.0,83076.58,83223.87,132.33204
2025-03-30 08:30:00+00:00,83223.88,83406.14,83222.18,83378.09,222.38695
2025-03-30 09:00:00+00:00,83378.1,83405.67,83255.83,83392.87,104.70117
2025-03-30 09:30:00+00:00,83392.86,83517.78,83392.86,83502.32,119.37419
2025-03-30 10:00:00+00:00,83502.32,83534.64,83128.06,83209.99,181.48685
2025-03-30 10:30:00+00:00,83210.0,83210.0,83061.51,83120.87,110.9025
2025-03-30 11:00:00+00:00,83120.86,83360.31,82975.36,83083.8,194.9889
2025-03-30 11:30:00+00:00,83083.81,83184.66,82985.1,83111.76,139.94705
2025-03-30 12:00:00+00:00,83111.76,83247.64,82986.75,83247.64,203.20143
2025-03-30 12:30:00+00:00,83247.63,83268.05,83008.49,83072.76,153.33546
2025-03-30 13:00:00+00:00,83072.76,83155.17,82884.57,82915.0,302.22613
2025-03-30 13:30:00+00:00,82915.0,82967.98,82543.83,82678.42,748.76672
2025-03-30 14:00:00+00:00,82678.42,82879.98,82608.23,82748.99,259.06465
2025-03-30 14:30:00+00:00,82748.99,83043.59,82699.0,82803.28,207.70243
2025-03-30 15:00:00+00:00,82803.28,83067.9,82788.31,82834.39,147.28996
2025-03-30 15:30:00+00:00,82834.4,82923.84,82714.87,82729.57,132.85112
2025-03-30 16:00:00+00:00,82729.57,82816.0,82652.5,82652.5,115.7196
2025-03-30 16:30:00+00:00,82652.5,82671.46,82173.91,82284.01,487.42539
2025-03-30 17:00:00+00:00,82284.01,82551.0,82050.4,82430.68,273.68063
2025-03-30 17:30:00+00:00,82430.68,82577.99,82287.32,82415.53,124.43012
2025-03-30 18:00:00+00:00,82415.54,82799.99,82415.53,82776.83,193.6532
2025-03-30 18:30:00+00:00,82776.84,82778.78,82572.0,82729.65,128.29273
2025-03-30 19:00:00+00:00,82729.65,82908.11,82584.38,82588.43,164.79149
2025-03-30 19:30:00+00:00,82588.42,82659.79,82547.69,82548.81,93.54027
2025-03-30 20:00:00+00:00,82548.8,82635.19,82393.74,82524.76,117.38786
2025-03-30 20:30:00+00:00,82524.76,82650.95,82510.75,82554.73,83.64219
2025-03-30 21:00:00+00:00,82554.73,82703.94,82554.73,82584.08,72.38176
2025-03-30 21:30:00+00:00,82584.08,82584.09,82069.4,82237.68,186.4399
2025-03-30 22:00:00+00:00,82237.67,82247.05,81565.0,82226.6,636.644
2025-03-30 22:30:00+00:00,82226.6,82757.7,82160.0,82438.0,360.74599
2025-03-30 23:00:00+00:00,82437.99,82442.94,81902.2,81964.94,319.11266
2025-03-30 23:30:00+00:00,81964.95,82399.6,81928.68,82389.99,301.96932
2025-03-31 00:00:00+00:00,82390.0,82444.89,81962.8,81989.68,394.08856
2025-03-31 00:30:00+00:00,81989.68,81992.78,81278.52,81646.89,762.81614
2025-03-31 01:00:00+00:00,81646.9,82272.72,81534.78,82172.36,431.40357
2025-03-31 01:30:00+00:00,82172.36,82186.96,81742.01,81953.03,347.20526
2025-03-31 02:00:00+00:00,81954.79,81974.77,81630.01,81714.67,269.41276
2025-03-31 02:30:00+00:00,81714.66,82179.25,81635.66,81922.3,383.14561
2025-03-31 03:00:00+00:00,81922.3,82030.0,81546.71,81812.5,333.39674
2025-03-31 03:30:00+00:00,81812.49,81927.92,81468.0,81530.0,215.99037
2025-03-31 04:00:00+00:00,81530.0,81753.42,81400.0,81512.01,272.43446
2025-03-31 04:30:00+00:00,81512.0,81879.16,81476.0,81846.01,216.61334
2025-03-31 05:00:00+00:00,81846.0,82305.57,81830.0,82186.95,325.71872
2025-03-31 05:30:00+00:00,82186.96,82261.06,82029.53,82166.99,194.84869
2025-03-31 06:00:00+00:00,82166.99,82267.66,81938.55,81973.75,453.55111
2025-03-31 06:30:00+00:00,81973.75,82090.01,81919.38,82052.83,188.0352
2025-03-31 07:00:00+00:00,82052.82,82303.58,81909.34,82029.46,316.53904
2025-03-31 07:30:00+00:00,82029.46,82056.53,81730.74,81933.51,460.10913
2025-03-31 08:00:00+00:00,81933.51,82250.02,81908.19,82186.46,397.46247
2025-03-31 08:30:00+00:00,82186.47,82263.74,81875.05,81899.15,365.3451
2025-03-31 09:00:00+00:00,81899.15,81960.56,81454.23,81508.28,535.19877
2025-03-31 09:30:00+00:00,81508.28,81577.82,81339.65,81455.58,430.6968
2025-03-31 10:00:00+00:00,81455.59,81792.55,81290.88,81764.67,316.57244
2025-03-31 10:30:00+00:00,81764.66,82215.91,81699.99,82174.16,397.02269
2025-03-31 11:00:00+00:00,82174.16,82236.99,81963.85,81969.56,446.9705
2025-03-31 11:30:00+00:00,81969.56,82272.0,81884.49,82205.51,533.66362
2025-03-31 12:00:00+00:00,82205.5,82284.0,81885.56,82129.68,394.25913
2025-03-31 12:30:00+00:00,82129.69,83169.82,82042.96,82768.74,1133.23034
2025-03-31 13:00:00+00:00,82768.74,82866.02,82434.79,82553.8,553.73248
2025-03-31 13:30:00+00:00,82553.8,82780.01,81656.0,82507.99,1474.2201
2025-03-31 14:00:00+00:00,82507.99,83600.0,82507.49,82822.94,1156.0244
2025-03-31 14:30:00+00:00,82822.95,83746.23,82822.95,83499.18,1004.55107
2025-03-31 15:00:00+00:00,83499.18,83943.08,83405.66,83635.24,829.57102
2025-03-31 15:30:00+00:00,83635.25,83750.0,83390.3,83418.78,412.33821
2025-03-31 16:00:00+00:00,83418.78,83694.29,83260.39,83613.88,364.01343
2025-03-31 16:30:00+00:00,83613.88,83613.88,83246.86,83288.89,294.27313
2025-03-31 17:00:00+00:00,83288.88,83545.55,83199.43,83299.08,217.06419
2025-03-31 17:30:00+00:00,83299.08,83387.95,82575.45,82680.34,450.32844
2025-03-31 18:00:00+00:00,82680.35,83354.91,82676.0,83350.0,384.34686
2025-03-31 18:30:00+00:00,83350.0,83566.0,83270.48,83291.42,426.38401
2025-03-31 19:00:00+00:00,83291.42,83443.38,82929.3,82937.86,314.68809
2025-03-31 19:30:00+00:00,82937.85,83040.0,82400.0,82462.27,483.52116
2025-03-31 20:00:00+00:00,82462.26,82801.45,82365.0,82773.69,372.215
2025-03-31 20:30:00+00:00,82773.7,82846.2,82350.84,82431.32,328.98312
2025-03-31 21:00:00+00:00,82431.32,82752.18,82422.0,82576.62,199.92967
2025-03-31 21:30:00+00:00,82576.63,82698.61,82500.0,82563.99,142.59898
2025-03-31 22:00:00+00:00,82563.99,82571.98,82265.1,82359.69,172.33985
2025-03-31 22:30:00+00:00,82359.68,82411.29,82283.81,82409.99,88.53662
2025-03-31 23:00:00+00:00,82410.0,82886.8,82329.25,82348.31,246.54022
2025-03-31 23:30:00+00:00,82348.32,82589.61,82283.9,82550.01,137.20824
2025-04-01 00:00:00+00:00,82550.0,82750.02,82432.74,82640.0,213.22972
2025-04-01 00:30:00+00:00,82640.0,82837.38,82543.27,82651.1,313.7295
2025-04-01 01:00:00+00:00,82651.09,82724.0,82460.0,82704.78,280.2367
2025-04-01 01:30:00+00:00,82704.78,82741.8,82548.83,82704.2,159.85423
2025-04-01 02:00:00+00:00,82704.2,83020.13,82649.34,82893.78,259.51481
2025-04-01 02:30:00+00:00,82893.77,83120.0,82795.65,83100.0,263.26765
2025-04-01 03:00:00+00:00,83100.0,83256.8,83031.72,83085.46,321.1086
2025-04-01 03:30:00+00:00,83085.46,83121.5,82926.08,82962.84,205.04503
2025-04-01 04:00:00+00:00,82962.84,83055.01,82886.87,83047.61,227.25435
2025-04-01 04:30:00+00:00,83047.62,83235.96,83047.61,83060.0,198.12439
2025-04-01 05:00:00+00:00,83059.99,83329.99,83013.39,83291.86,191.31667
2025-04-01 05:30:00+00:00,83291.85,83329.31,82994.07,83006.67,157.12697
2025-04-01 06:00:00+00:00,83006.67,83134.58,82891.71,83134.58,154.41652
2025-04-01 06:30:00+00:00,83134.57,83494.25,83118.03,83454.76,271.24364
2025-04-01 07:00:00+00:00,83454.76,83569.94,83380.58,83450.0,266.18368
2025-04-01 07:30:00+00:00,83450.0,83597.07,83405.65,83445.5,356.40183
2025-04-01 08:00:00+00:00,83445.5,84023.41,83410.0,83924.5,593.66471
2025-04-01 08:30:00+00:00,83924.5,84207.55,83924.5,84121.94,623.62808
2025-04-01 09:00:00+00:00,84121.94,84329.0,84116.27,84226.22,739.11629
2025-04-01 09:30:00+00:00,84226.23,84395.46,84204.46,84362.0,279.85557
2025-04-01 10:00:00+00:00,84362.01,84504.74,84162.42,84432.14,504.12805
2025-04-01 10:30:00+00:00,84432.15,84441.44,84150.0,84175.99,410.63313
2025-04-01 11:00:00+00:00,84175.99,84203.0,83955.86,84049.0,419.63965
2025-04-01 11:30:00+00:00,84048.99,84050.0,83823.67,83930.3,434.90386
2025-04-01 12:00:00+00:00,83930.31,84154.22,83918.16,84073.5,319.34038
2025-04-01 12:30:00+00:00,84073.49,84073.49,83615.25,83615.26,415.65218
2025-04-01 13:00:00+00:00,83615.26,83821.89,83596.0,83679.98,316.49532
2025-04-01 13:30:00+00:00,83679.99,83912.62,83416.66,83618.23,836.18572
2025-04-01 14:00:00+00:00,83622.96,83712.48,82544.0,82970.12,1494.04969
2025-04-01 14:30:00+00:00,82970.12,84350.0,82940.0,84195.92,1028.81078
2025-04-01 15:00:00+00:00,84195.92,85227.27,84182.89,84750.49,1426.57406
2025-04-01 15:30:00+00:00,84750.49,85499.55,84750.46,85280.87,1058.35669
2025-04-01 16:00:00+00:00,85280.88,85493.0,84815.0,84920.0,763.22241
2025-04-01 16:30:00+00:00,84920.0,85285.71,84815.0,85119.99,445.26251
2025-04-01 17:00:00+00:00,85120.0,85155.77,84901.32,85132.05,374.79272
2025-04-01 17:30:00+00:00,85132.06,85333.33,85089.54,85117.85,400.46968
2025-04-01 18:00:00+00:00,85117.86,85134.67,84720.0,84904.19,341.78222
2025-04-01 18:30:00+00:00,84904.18,85183.46,84859.01,85126.68,401.11331
2025-04-01 19:00:00+00:00,85126.68,85184.89,84924.0,84924.24,455.62622
2025-04-01 19:30:00+00:00,84924.24,85119.48,84816.83,84972.01,441.82704
2025-04-01 20:00:00+00:00,84972.0,85103.78,84773.58,84967.1,264.80206
2025-04-01 20:30:00+00:00,84967.1,85350.0,84853.14,85231.28,263.59432
2025-04-01 21:00:00+00:00,85231.28,85332.43,85120.0,85184.0,136.61115
2025-04-01 21:30:00+00:00,85184.0,85476.86,85135.26,85223.84,189.23026
2025-04-01 22:00:00+00:00,85223.84,85483.38,85144.29,85222.33,252.60101
2025-04-01 22:30:00+00:00,85222.33,85337.75,85082.0,85099.99,224.51201
2025-04-01 23:00:00+00:00,85100.0,85346.08,84969.56,85343.67,185.15136
2025-04-01 23:30:00+00:00,85343.66,85579.46,85150.78,85158.34,310.71024
2025-04-02 00:00:00+00:00,85158.35,85255.95,85063.21,85063.21,219.28776
2025-04-02 00:30:00+00:00,85063.22,85142.92,84923.28,84964.49,253.66317
2025-04-02 01:00:00+00:00,84964.49,85081.97,84854.9,84932.07,311.30269
2025-04-02 01:30:00+00:00,84932.08,85213.12,84908.15,85147.3,286.46627
2025-04-02 02:00:00+00:00,85147.31,85174.89,84648.9,84804.64,552.00441
2025-04-02 02:30:00+00:00,84804.63,84894.12,84650.0,84714.36,298.76995
2025-04-02 03:00:00+00:00,84714.36,84904.0,84665.22,84713.98,220.1191
2025-04-02 03:30:00+00:00,84713.98,84802.38,84504.21,84550.0,255.39056
2025-04-02 04:00:00+00:00,84550.0,84726.42,84517.0,84623.4,265.66241
2025-04-02 04:30:00+00:00,84623.41,84644.17,84460.11,84607.0,178.99985
2025-04-02 05:00:00+00:00,84607.0,84607.0,84185.0,84243.51,254.56115
2025-04-02 05:30:00+00:00,84243.51,84349.06,84100.0,84100.0,296.12367
2025-04-02 06:00:00+00:00,84100.0,84172.52,83904.72,84138.14,390.09362
2025-04-02 06:30:00+00:00,84138.14,84371.59,84052.05,84125.99,256.40418
2025-04-02 07:00:00+00:00,84125.99,84252.96,84015.97,84150.01,231.46935
2025-04-02 07:30:00+00:00,84150.01,84462.16,84125.0,84426.33,411.23803
2025-04-02 08:00:00+00:00,84426.32,84604.01,84262.73,84563.7,252.90154
2025-04-02 08:30:00+00:00,84563.7,84762.72,84530.21,84677.04,282.35511
2025-04-02 09:00:00+00:00,84677.04,85450.0,84635.6,85083.99,671.16774
2025-04-02 09:30:00+00:00,85084.0,85189.23,84954.89,85019.62,239.69577
2025-04-02 10:00:00+00:00,85019.63,85299.45,84930.51,85102.14,315.17441
2025-04-02 10:30:00+00:00,85102.14,85102.14,84828.0,84867.92,277.65591
2025-04-02 11:00:00+00:00,84867.92,84985.77,84746.18,84820.76,228.59699
2025-04-02 11:30:00+00:00,84820.75,84881.82,84547.08,84566.91,234.92572
2025-04-02 12:00:00+00:00,84566.91,84798.37,84462.69,84573.97,407.11949
2025-04-02 12:30:00+00:00,84573.98,85054.78,84573.98,85049.99,335.45133
2025-04-02 13:00:00+00:00,85049.99,85050.0,84614.59,84628.23,323.83297
2025-04-02 13:30:00+00:00,84628.24,86136.36,84471.76,85215.82,2468.44755
2025-04-02 14:00:00+00:00,85215.79,85807.23,85181.52,85736.26,1067.82111
2025-04-02 14:30:00+00:00,85736.25,86000.0,85445.6,85877.75,994.19231
2025-04-02 15:00:00+00:00,85877.74,86622.1,85811.2,86556.16,1494.88047
2025-04-02 15:30:00+00:00,86556.16,87333.0,86550.0,86757.67,4090.82167
2025-04-02 16:00:00+00:00,86757.67,87029.13,86589.58,87012.56,1666.59646
2025-04-02 16:30:00+00:00,87012.57,87221.99,86796.5,87065.18,882.5455
2025-04-02 17:00:00+00:00,87065.19,87333.0,86748.75,86757.05,1334.9575
2025-04-02 17:30:00+00:00,86757.05,86838.49,86350.0,86615.33,690.49061
2025-04-02 18:00:00+00:00,86615.33,86751.79,86236.46,86236.46,409.01719
2025-04-02 18:30:00+00:00,86236.46,86660.0,86212.4,86286.02,276.21571
2025-04-02 19:00:00+00:00,86286.03,86452.94,86186.19,86351.1,361.37545
2025-04-02 19:30:00+00:00,86351.09,87000.0,86237.73,86900.02,451.39791
2025-04-02 20:00:00+00:00,86900.01,88500.0,85461.45,85892.64,5615.28236
2025-04-02 20:30:00+00:00,85892.81,86976.92,85228.39,85659.99,2217.35263
2025-04-02 21:00:00+00:00,85659.99,85743.22,84207.26,84621.73,1361.14151
2025-04-02 21:30:00+00:00,84621.74,84889.57,84400.0,84855.99,432.16884
2025-04-02 22:00:00+00:00,84855.98,84855.98,83292.0,83477.92,1647.8757
2025-04-02 22:30:00+00:00,83476.68,83476.68,82682.0,82821.59,1388.79857
2025-04-02 23:00:00+00:00,82821.6,82845.42,82320.0,82842.6,1748.07635
2025-04-02 23:30:00+00:00,82842.6,82842.6,82486.0,82516.29,1081.56845
2025-04-03 00:00:00+00:00,82516.28,83275.35,82175.98,82958.0,1165.20809
2025-04-03 00:30:00+00:00,82958.01,83424.72,82950.0,83227.55,683.57228
2025-04-03 01:00:00+00:00,83227.55,83492.41,83099.99,83482.15,500.89956
2025-04-03 01:30:00+00:00,83482.15,83998.02,83358.35,83761.62,1234.48126
2025-04-03 02:00:00+00:00,83761.63,83894.91,83313.13,83423.04,976.90855
2025-04-03 02:30:00+00:00,83423.04,83779.48,83278.99,83768.01,445.36291
2025-04-03 03:00:00+00:00,83768.0,83792.58,83470.64,83608.65,332.99523
2025-04-03 03:30:00+00:00,83608.65,83688.68,83349.65,83483.97,305.1429
2025-04-03 04:00:00+00:00,83483.97,83561.87,83263.05,83323.27,309.06432
2025-04-03 04:30:00+00:00,83323.28,83735.85,83276.41,83558.8,321.48834
2025-04-03 05:00:00+00:00,83558.81,83709.48,83450.0,83503.8,217.73803
2025-04-03 05:30:00+00:00,83503.81,83526.86,83343.74,83343.75,239.85694
2025-04-03 06:00:00+00:00,83343.75,83415.47,83207.01,83295.77,242.92543
2025-04-03 06:30:00+00:00,83295.77,83370.62,83008.74,83058.65,325.58291
2025-04-03 07:00:00+00:00,83058.65,83410.0,83000.0,83402.01,458.22763
2025-04-03 07:30:00+00:00,83402.01,83498.1,83181.82,83456.75,316.29644
2025-04-03 08:00:00+00:00,83456.76,83719.18,83456.74,83654.05,351.97308
2025-04-03 08:30:00+00:00,83654.04,83788.23,83530.32,83679.99,469.96369
2025-04-03 09:00:00+00:00,83680.0,83766.69,83595.9,83632.31,248.00168
2025-04-03 09:30:00+00:00,83632.31,83758.92,83449.92,83483.05,291.18373
2025-04-03 10:00:00+00:00,83483.04,83749.99,83292.79,83306.01,629.67689
2025-04-03 10:30:00+00:00,83306.01,83483.67,83152.25,83220.01,609.93927
2025-04-03 11:00:00+00:00,83220.01,83347.39,83062.71,83146.05,377.79727
2025-04-03 11:30:00+00:00,83146.06,83243.86,83047.0,83096.01,230.26435
2025-04-03 12:00:00+00:00,83096.01,83147.95,82541.05,82566.26,599.83958
2025-04-03 12:30:00+00:00,82566.26,82702.65,81889.3,81949.06,1272.49089
2025-04-03 13:00:00+00:00,81949.06,82075.27,81793.06,82000.01,968.02016
2025-04-03 13:30:00+00:00,82000.01,82792.46,81942.0,82373.58,1371.49374
2025-04-03 14:00:00+00:00,82373.57,82403.5,81658.7,82296.01,1330.29823
2025-04-03 14:30:00+00:00,82296.0,82389.98,81314.61,81532.0,1034.26177
2025-04-03 15:00:00+00:00,81532.0,81897.43,81211.24,81714.71,1391.52255
2025-04-03 15:30:00+00:00,81714.7,82101.42,81683.52,82039.31,855.13178
2025-04-03 16:00:00+00:00,82039.32,82448.21,81980.0,82289.52,649.41927
2025-04-03 16:30:00+00:00,82289.52,82350.77,81715.55,81830.56,360.76171
2025-04-03 17:00:00+00:00,81830.56,82035.63,81669.02,81775.6,465.49294
2025-04-03 17:30:00+00:00,81776.0,82191.11,81630.74,81830.01,423.87378
2025-04-03 18:00:00+00:00,81830.01,81959.88,81540.0,81679.03,426.39206
2025-04-03 18:30:00+00:00,81679.04,82317.99,81604.0,82109.45,563.80759
2025-04-03 19:00:00+00:00,82109.45,82362.41,81829.57,81931.93,536.69958
2025-04-03 19:30:00+00:00,81931.92,82272.0,81878.18,82008.7,711.02678
2025-04-03 20:00:00+00:00,82009.76,82139.99,81806.75,81821.45,809.09378
2025-04-03 20:30:00+00:00,81821.46,82421.49,81800.0,82363.99,480.88371
2025-04-03 21:00:00+00:00,82363.99,82588.79,82333.87,82542.01,338.11373
2025-04-03 21:30:00+00:00,82542.01,82864.0,82402.5,82717.54,277.27592
2025-04-03 22:00:00+00:00,82717.54,82869.99,82589.61,82769.5,259.37613
2025-04-03 22:30:00+00:00,82769.5,82868.13,82642.18,82743.46,172.95563
2025-04-03 23:00:00+00:00,82743.46,82823.99,82510.83,82814.0,197.93393
2025-04-03 23:30:00+00:00,82813.99,83332.2,82813.99,83213.09,557.12533
2025-04-04 00:00:00+00:00,83213.09,83382.19,83050.0,83345.08,995.81989
2025-04-04 00:30:00+00:00,83345.08,83413.46,83000.02,83046.32,243.67017
2025-04-04 01:00:00+00:00,83046.32,83358.5,83009.55,83114.7,354.48238
2025-04-04 01:30:00+00:00,83114.7,83114.7,82577.63,82695.91,635.38415
2025-04-04 02:00:00+00:00,82695.9,83186.96,82695.9,82933.97,188.50088
2025-04-04 02:30:00+00:00,82933.97,83001.2,82768.0,82910.86,207.69634
2025-04-04 03:00:00+00:00,82910.86,83069.96,82782.01,82961.84,190.38685
2025-04-04 03:30:00+00:00,82961.84,82975.22,82679.55,82818.52,225.75818
2025-04-04 04:00:00+00:00,82818.53,82833.78,82615.36,82804.32,263.2521
2025-04-04 04:30:00+00:00,82804.32,82920.19,82689.08,82720.32,401.29159
2025-04-04 05:00:00+00:00,82720.32,83120.01,82642.29,83083.3,375.31561
2025-04-04 05:30:00+00:00,83083.29,83212.17,83040.92,83200.0,253.35929
2025-04-04 06:00:00+00:00,83200.0,83264.16,83140.29,83254.18,250.92185
2025-04-04 06:30:00+00:00,83254.18,83254.19,83041.95,83054.72,149.93007
2025-04-04 07:00:00+00:00,83054.73,83700.0,83050.0,83596.01,614.68308
2025-04-04 07:30:00+00:00,83596.0,84000.0,83480.17,83992.85,783.11226
2025-04-04 08:00:00+00:00,83992.85,84596.68,83992.85,84388.01,1072.64815
2025-04-04 08:30:00+00:00,84388.01,84650.0,84316.22,84415.99,543.57421
2025-04-04 09:00:00+00:00,84416.0,84521.72,84126.16,84325.59,511.22867
2025-04-04 09:30:00+00:00,84325.59,84720.0,84253.87,84571.38,371.55235
2025-04-04 10:00:00+00:00,84571.38,84690.0,82756.0,82924.0,2587.93907
2025-04-04 10:30:00+00:00,82924.0,83201.72,82416.72,82567.03,2220.49455
2025-04-04 11:00:00+00:00,82565.21,82768.09,81678.0,81776.01,1409.40643
2025-04-04 11:30:00+00:00,81776.01,82717.52,81659.0,82680.45,965.6921
2025-04-04 12:00:00+00:00,82680.44,82680.44,82222.0,82494.7,657.92089
2025-04-04 12:30:00+00:00,82494.69,83200.0,82360.86,82879.99,1642.3035
2025-04-04 13:00:00+00:00,82879.99,83323.45,82598.26,82604.0,878.55139
2025-04-04 13:30:00+00:00,82604.01,83507.19,82143.48,83335.99,1333.07981
2025-04-04 14:00:00+00:00,83335.99,83510.0,82652.73,82669.28,965.06945
2025-04-04 14:30:00+00:00,82669.28,82856.73,81849.05,82573.98,1365.57046
2025-04-04 15:00:00+00:00,82573.98,83716.0,82488.88,83212.01,2163.38875
2025-04-04 15:30:00+00:00,83212.01,83543.99,82603.77,82860.0,1086.72034
2025-04-04 16:00:00+00:00,82860.0,83555.0,82736.0,82963.32,793.67425
2025-04-04 16:30:00+00:00,82963.32,83550.0,82822.63,83392.7,586.79543
2025-04-04 17:00:00+00:00,83392.69,83611.11,82965.78,83486.02,527.54262
2025-04-04 17:30:00+00:00,83486.01,84620.01,83274.91,84460.0,1520.27534
2025-04-04 18:00:00+00:00,84459.99,84584.91,83725.14,83969.26,694.72536
2025-04-04 18:30:00+00:00,83966.82,84292.0,83797.7,83989.87,415.93498
2025-04-04 19:00:00+00:00,83989.86,84436.48,83788.0,84223.99,366.63474
2025-04-04 19:30:00+00:00,84223.99,84460.0,83847.01,84009.99,468.60206
2025-04-04 20:00:00+00:00,84010.0,84123.99,83492.95,83802.0,379.27989
2025-04-04 20:30:00+00:00,83801.99,84282.0,83783.01,84164.02,221.38808
2025-04-04 21:00:00+00:00,84164.02,84294.0,84042.56,84115.93,193.03267
2025-04-04 21:30:00+00:00,84115.93,84450.0,83941.42,84185.8,234.94081
2025-04-04 22:00:00+00:00,84185.81,84271.28,84081.75,84153.36,155.25291
2025-04-04 22:30:00+00:00,84153.37,84161.79,84018.86,84056.74,96.79588
2025-04-04 23:00:00+00:00,84056.75,84100.0,83667.81,83717.04,240.9508
2025-04-04 23:30:00+00:00,83717.05,83901.19,83650.11,83889.87,111.00913
2025-04-05 00:00:00+00:00,83889.87,83889.88,83649.91,83750.01,148.55113
2025-04-05 00:30:00+00:00,83750.0,83839.14,83395.46,83787.6,327.12147
2025-04-05 01:00:00+00:00,83787.6,84266.0,83786.86,84189.94,253.50023
2025-04-05 01:30:00+00:00,84189.94,84237.55,83926.08,83979.87,128.88905
2025-04-05 02:00:00+00:00,83979.88,84092.73,83824.47,83836.68,160.25361
2025-04-05 02:30:00+00:00,83836.69,84094.57,83799.92,83976.61,210.90798
2025-04-05 03:00:00+00:00,83976.61,83976.61,83715.21,83749.99,209.38196
2025-04-05 03:30:00+00:00,83750.0,83822.98,83621.73,83624.01,267.14714
2025-04-05 04:00:00+00:00,83624.01,83838.19,83621.73,83838.19,114.26461
2025-04-05 04:30:00+00:00,83838.18,83868.0,83608.8,83677.75,218.64758
2025-04-05 05:00:00+00:00,83677.75,83850.01,83630.69,83850.0,93.99108
2025-04-05 05:30:00+00:00,83850.0,83863.36,83665.21,83688.67,137.1544
2025-04-05 06:00:00+00:00,83688.68,83724.39,83617.99,83617.99,113.12412
2025-04-05 06:30:00+00:00,83617.99,83618.0,83336.09,83477.3,281.68678
2025-04-05 07:00:00+00:00,83477.3,83518.0,83297.66,83487.97,222.89661
2025-04-05 07:30:00+00:00,83487.96,83558.65,83382.52,83525.34,99.18505
2025-04-05 08:00:00+00:00,83525.33,83648.63,83359.64,83444.76,175.8304
2025-04-05 08:30:00+00:00,83444.77,83566.72,83437.39,83519.96,112.06715
2025-04-05 09:00:00+00:00,83519.97,83764.12,83519.76,83732.54,141.74425
2025-04-05 09:30:00+00:00,83732.54,83865.1,83677.59,83843.29,187.91994
2025-04-05 10:00:00+00:00,83843.28,83894.7,83687.48,83737.58,119.03005
2025-04-05 10:30:00+00:00,83737.57,83751.02,83579.27,83641.51,90.95677
2025-04-05 11:00:00+00:00,83641.5,83700.52,83579.96,83662.0,165.9674
2025-04-05 11:30:00+00:00,83662.0,83690.61,83443.47,83452.69,239.77432
2025-04-05 12:00:00+00:00,83452.69,83550.68,83415.45,83435.34,150.26679
2025-04-05 12:30:00+00:00,83435.34,83445.86,83121.77,83281.41,297.69888
2025-04-05 13:00:00+00:00,83281.41,83335.56,82675.68,82824.32,492.80946
2025-04-05 13:30:00+00:00,82824.31,82895.15,82519.37,82755.29,439.63627
2025-04-05 14:00:00+00:00,82755.29,82950.23,82672.33,82878.04,220.54329
2025-04-05 14:30:00+00:00,82878.04,83026.0,82780.0,82914.67,171.21283
2025-04-05 15:00:00+00:00,82914.67,82914.67,82599.4,82654.99,292.94876
2025-04-05 15:30:00+00:00,82654.99,82701.58,82379.95,82618.26,511.85635
2025-04-05 16:00:00+00:00,82618.25,82784.83,82607.05,82653.99,148.23763
2025-04-05 16:30:00+00:00,82653.99,82827.37,82653.99,82739.96,97.76561
2025-04-05 17:00:00+00:00,82739.96,82900.0,82681.65,82899.29,95.71
2025-04-05 17:30:00+00:00,82899.29,82953.2,82855.27,82869.53,104.67381
2025-04-05 18:00:00+00:00,82869.53,83109.46,82854.8,82979.89,196.28418
2025-04-05 18:30:00+00:00,82979.9,83107.42,82922.0,83036.13,112.40555
2025-04-05 19:00:00+00:00,83036.14,83146.0,83028.44,83057.68,103.40649
2025-04-05 19:30:00+00:00,83057.69,83100.0,82779.62,82860.0,115.70017
2025-04-05 20:00:00+00:00,82859.99,83048.05,82858.0,83048.04,83.49955
2025-04-05 20:30:00+00:00,83048.04,83113.67,82833.0,83075.47,320.78055
2025-04-05 21:00:00+00:00,83075.48,83237.34,83003.4,83218.01,137.40606
2025-04-05 21:30:00+00:00,83218.0,83218.01,82902.53,82913.89,194.7003
2025-04-05 22:00:00+00:00,82913.88,83118.02,82913.88,83016.98,214.42442
2025-04-05 22:30:00+00:00,83016.98,83212.18,82981.14,83188.41,175.15531
2025-04-05 23:00:00+00:00,83188.4,83273.21,83128.73,83171.37,138.30129
2025-04-05 23:30:00+00:00,83171.37,83688.0,83143.48,83537.99,324.98805
2025-04-06 00:00:00+00:00,83537.99,83620.01,83422.91,83537.91,172.34035
2025-04-06 00:30:00+00:00,83537.92,83560.37,83428.16,83527.22,114.22899
2025-04-06 01:00:00+00:00,83527.22,83683.0,83480.01,83650.0,137.81094
2025-04-06 01:30:00+00:00,83650.0,83817.63,83422.0,83428.97,226.81013
2025-04-06 02:00:00+00:00,83428.98,83494.43,83362.82,83420.01,95.83659
2025-04-06 02:30:00+00:00,83420.02,83449.5,83274.88,83300.01,146.36
2025-04-06 03:00:00+00:00,83300.01,83403.46,83237.01,83290.85,86.27643
2025-04-06 03:30:00+00:00,83290.85,83365.37,83163.45,83344.14,229.79222
2025-04-06 04:00:00+00:00,83344.14,83444.0,83233.04,83403.76,139.57877
2025-04-06 04:30:00+00:00,83403.76,83500.0,83389.83,83499.99,65.28149
2025-04-06 05:00:00+00:00,83499.99,83533.01,83441.71,83514.78,91.2464
2025-04-06 05:30:00+00:00,83514.77,83519.47,83312.02,83450.01,210.3074
2025-04-06 06:00:00+00:00,83450.0,83468.0,83364.0,83410.66,61.7452
2025-04-06 06:30:00+00:00,83410.67,83410.67,83110.23,83110.24,149.99776
2025-04-06 07:00:00+00:00,83110.24,83207.22,83047.05,83074.59,134.08456
2025-04-06 07:30:00+00:00,83074.58,83150.67,83024.96,83024.96,152.95845
2025-04-06 08:00:00+00:00,83024.97,83038.68,82727.27,82781.31,291.86619
2025-04-06 08:30:00+00:00,82781.3,83051.33,82766.53,83034.26,160.98677
2025-04-06 09:00:00+00:00,83034.27,83139.67,82933.96,83117.96,85.36096
2025-04-06 09:30:00+00:00,83117.97,83172.0,83045.62,83075.15,56.49608
2025-04-06 10:00:00+00:00,83075.15,83075.15,82716.49,82828.0,166.51648
2025-04-06 10:30:00+00:00,82827.99,82870.26,82750.0,82870.25,100.1958
2025-04-06 11:00:00+00:00,82870.26,82921.48,82671.3,82782.66,139.08698
2025-04-06 11:30:00+00:00,82782.67,82861.42,82666.0,82855.99,207.49836
2025-04-06 12:00:00+00:00,82855.99,82981.14,82758.03,82880.38,184.49658
2025-04-06 12:30:00+00:00,82880.39,82893.89,82642.39,82697.99,195.35096
2025-04-06 13:00:00+00:00,82698.0,82839.87,82537.69,82539.7,300.67455
2025-04-06 13:30:00+00:00,82539.69,82642.87,82230.43,82306.01,576.46142
2025-04-06 14:00:00+00:00,82306.01,82668.61,82217.83,82386.64,460.97511
2025-04-06 14:30:00+00:00,82386.64,82793.0,82383.69,82667.07,287.4584
2025-04-06 15:00:00+00:00,82667.08,82819.74,82400.0,82449.52,304.63386
2025-04-06 15:30:00+00:00,82449.52,82715.9,82449.51,82548.36,220.92182
2025-04-06 16:00:00+00:00,82548.36,82554.15,82262.14,82339.42,308.65455
2025-04-06 16:30:00+00:00,82339.43,82433.2,81920.0,81970.0,817.03575
2025-04-06 17:00:00+00:00,81969.99,81982.43,81562.0,81621.73,937.65681
2025-04-06 17:30:00+00:00,81621.73,81621.74,80562.0,80808.81,1803.16504
2025-04-06 18:00:00+00:00,80808.81,80808.81,79636.19,79700.01,2376.0862
2025-04-06 18:30:00+00:00,79700.0,80099.99,78694.99,79107.3,2069.64127
2025-04-06 19:00:00+00:00,79107.29,79838.92,78839.89,79508.79,1165.36797
2025-04-06 19:30:00+00:00,79508.8,79859.73,79108.0,79614.35,726.66295
2025-04-06 20:00:00+00:00,79614.34,79890.16,79330.68,79369.34,645.59482
2025-04-06 20:30:00+00:00,79369.35,79537.49,78539.44,78867.99,1634.08082
2025-04-06 21:00:00+00:00,78867.99,79681.81,78720.0,79160.0,801.00457
2025-04-06 21:30:00+00:00,79160.0,79400.0,78899.9,78950.61,541.5475
2025-04-06 22:00:00+00:00,78950.61,79130.44,78200.89,79071.99,2459.94956
2025-04-06 22:30:00+00:00,79071.99,79071.99,77800.0,78063.66,1764.49925
2025-04-06 23:00:00+00:00,78063.67,78199.99,77153.83,77429.39,2359.05173
2025-04-06 23:30:00+00:00,77428.17,78709.16,77355.79,78430.0,1579.07957
2025-04-07 00:00:00+00:00,78430.0,78520.0,77419.9,78319.99,1739.60187
2025-04-07 00:30:00+00:00,78320.0,78391.31,77615.41,78327.87,906.44077
2025-04-07 01:00:00+00:00,78327.86,79347.46,78318.0,79039.15,1251.31612
2025-04-07 01:30:00+00:00,79039.15,79229.11,78624.0,79142.01,773.63865
2025-04-07 02:00:00+00:00,79142.01,79220.0,78586.0,78635.67,583.62101
2025-04-07 02:30:00+00:00,78635.67,78860.0,78392.15,78447.42,625.27547
2025-04-07 03:00:00+00:00,78447.42,78507.81,78056.0,78339.9,722.30915
2025-04-07 03:30:00+00:00,78339.9,78348.63,77354.0,77707.77,1713.20447
2025-04-07 04:00:00+00:00,77707.78,77984.0,77000.0,77432.01,1401.99535
2025-04-07 04:30:00+00:00,77432.01,77539.16,76666.0,76989.92,1660.6696
2025-04-07 05:00:00+00:00,76989.92,77500.0,76666.01,77200.01,1461.78834
2025-04-07 05:30:00+00:00,77200.0,77380.0,76764.23,76942.82,810.61274
2025-04-07 06:00:00+00:00,76942.82,77299.99,75700.17,75817.99,2582.54787
2025-04-07 06:30:00+00:00,75817.99,75885.53,74555.0,74810.01,6666.23884
2025-04-07 07:00:00+00:00,74810.0,75372.96,74508.0,75070.74,3161.2509
2025-04-07 07:30:00+00:00,75070.73,75491.06,74871.01,75126.01,1198.20436
2025-04-07 08:00:00+00:00,75126.01,76485.92,75085.74,76280.0,2230.12509
2025-04-07 08:30:00+00:00,76280.0,76843.47,76065.52,76266.89,1665.23446
2025-04-07 09:00:00+00:00,76266.88,76530.51,75744.08,76251.67,955.46148
2025-04-07 09:30:00+00:00,76251.66,76792.0,76182.23,76274.56,1104.13196
2025-04-07 10:00:00+00:00,76274.55,77577.88,76143.82,77241.09,1552.98259
2025-04-07 10:30:00+00:00,77241.08,77540.0,76806.0,76983.6,1063.81266
2025-04-07 11:00:00+00:00,76983.61,77400.0,76906.8,77086.96,685.21512
2025-04-07 11:30:00+00:00,77086.96,77120.0,76423.27,76685.62,787.56982
2025-04-07 12:00:00+00:00,76685.62,77485.62,76410.62,77438.14,1116.33992
2025-04-07 12:30:00+00:00,77438.13,77666.0,76725.45,77335.89,1584.82867
2025-04-07 13:00:00+00:00,77335.88,77386.34,76814.0,76875.99,961.98161
2025-04-07 13:30:00+00:00,76875.99,78498.93,75789.01,78365.47,3787.8967
2025-04-07 14:00:00+00:00,78365.48,81243.58,77870.01,78115.2,10246.71692
2025-04-07 14:30:00+00:00,78115.2,79966.12,77912.59,79033.11,4851.8373
2025-04-07 15:00:00+00:00,79033.11,79376.0,77530.0,78019.9,3648.53275
2025-04-07 15:30:00+00:00,78019.91,79081.34,78019.9,78479.9,1510.83759
2025-04-07 16:00:00+00:00,78479.91,78497.55,77634.0,78329.99,947.29225
2025-04-07 16:30:00+00:00,78329.99,78584.21,77313.2,77434.01,1263.43842
2025-04-07 17:00:00+00:00,77434.01,78612.29,77434.0,78571.99,1627.52603
2025-04-07 17:30:00+00:00,78571.99,79200.0,78291.09,79074.5,1700.90754
2025-04-07 18:00:00+00:00,79076.08,79365.46,78566.58,78629.92,1096.29121
2025-04-07 18:30:00+00:00,78629.98,79132.61,78277.77,78484.91,721.5376
2025-04-07 19:00:00+00:00,78484.91,78961.92,78193.97,78284.26,704.25957
2025-04-07 19:30:00+00:00,78284.27,78904.5,78019.9,78130.44,769.66835
2025-04-07 20:00:00+00:00,78130.43,78694.76,78102.91,78689.45,465.09949
2025-04-07 20:30:00+00:00,78689.46,79128.82,78689.46,78955.26,323.46875
2025-04-07 21:00:00+00:00,78955.26,79241.0,78684.22,78962.51,682.57147
2025-04-07 21:30:00+00:00,78962.51,79591.92,78830.18,79239.42,314.47312
2025-04-07 22:00:00+00:00,79239.41,79850.0,79182.6,79807.5,531.97692
2025-04-07 22:30:00+00:00,79807.51,80218.88,79694.12,79956.47,663.44943
2025-04-07 23:00:00+00:00,79956.47,80083.99,79645.06,79872.82,610.76876
2025-04-07 23:30:00+00:00,79872.82,79911.73,79090.9,79163.24,952.58183
2025-04-08 00:00:00+00:00,79163.24,79599.99,79083.33,79357.04,624.52594
2025-04-08 00:30:00+00:00,79357.05,79485.54,79000.0,79020.04,397.39624
2025-04-08 01:00:00+00:00,79020.04,79777.0,78772.14,79720.01,565.30739
2025-04-08 01:30:00+00:00,79720.0,80811.07,79659.9,80599.99,1254.24906
2025-04-08 02:00:00+00:00,80600.0,80867.99,80405.21,80452.19,674.37181
2025-04-08 02:30:00+00:00,80452.19,80452.19,79891.38,79947.05,603.559
2025-04-08 03:00:00+00:00,79947.05,80182.4,79830.0,80174.01,349.85476
2025-04-08 03:30:00+00:00,80174.01,80198.12,79759.9,79904.0,472.69871
2025-04-08 04:00:00+00:00,79904.0,80280.0,79859.9,80253.84,258.16794
2025-04-08 04:30:00+00:00,80253.85,80413.49,80114.02,80300.0,344.9761
2025-04-08 05:00:00+00:00,80299.99,80312.0,79536.0,79598.01,668.73245
2025-04-08 05:30:00+00:00,79598.0,79882.16,79580.01,79872.25,353.05991
2025-04-08 06:00:00+00:00,79872.24,79872.24,79362.78,79402.32,489.44959
2025-04-08 06:30:00+00:00,79402.31,79565.22,79279.5,79447.3,332.08769
2025-04-08 07:00:00+00:00,79447.29,79714.21,79219.9,79571.05,384.62902
2025-04-08 07:30:00+00:00,79571.05,79571.05,79264.61,79496.0,471.02441
2025-04-08 08:00:00+00:00,79496.01,79528.35,78939.0,78939.74,538.81784
2025-04-08 08:30:00+00:00,78939.74,79220.0,78939.74,79154.02,496.0534
2025-04-08 09:00:00+00:00,79154.01,79228.42,78880.76,78880.76,556.90416
2025-04-08 09:30:00+00:00,78880.76,79189.18,78860.49,78900.0,497.97265
2025-04-08 10:00:00+00:00,78900.0,79060.0,78819.65,78995.29,400.04416
2025-04-08 10:30:00+00:00,78995.29,79173.92,78918.02,79003.54,337.00329
2025-04-08 11:00:00+00:00,79003.54,79362.08,78961.78,79353.99,697.40113
2025-04-08 11:30:00+00:00,79353.99,80077.65,79329.76,79982.0,733.53392
2025-04-08 12:00:00+00:00,79982.0,80122.0,79766.38,79880.0,920.61244
2025-04-08 12:30:00+00:00,79880.01,79980.0,79559.9,79837.99,388.52803
2025-04-08 13:00:00+00:00,79837.99,80370.0,79766.0,80177.28,1388.72019
2025-04-08 13:30:00+00:00,80177.28,80375.0,79381.02,79899.9,1462.66002
2025-04-08 14:00:00+00:00,79899.9,80258.0,79393.26,79444.01,1187.38793
2025-04-08 14:30:00+00:00,79443.06,79592.0,78474.0,78479.91,1294.14989
2025-04-08 15:00:00+00:00,78479.91,78859.85,78175.14,78200.01,1589.55537
2025-04-08 15:30:00+00:00,78200.01,78679.33,78186.0,78497.99,626.11034
2025-04-08 16:00:00+00:00,78498.0,78522.72,77826.1,78119.81,1168.25882
2025-04-08 16:30:00+00:00,78119.8,78231.09,77357.61,77414.25,1432.95907
2025-04-08 17:00:00+00:00,77414.26,77549.72,76568.0,76661.25,1458.50936
2025-04-08 17:30:00+00:00,76661.25,77560.0,76556.98,77349.99,1668.50582
2025-04-08 18:00:00+00:00,77350.0,77707.36,77082.65,77328.75,818.21626
2025-04-08 18:30:00+00:00,77328.75,77999.99,77239.9,77259.91,1015.4821
2025-04-08 19:00:00+00:00,77259.91,77356.0,76555.0,76858.61,1688.15967
2025-04-08 19:30:00+00:00,76858.6,77123.99,76334.65,76854.05,1512.65374
2025-04-08 20:00:00+00:00,76854.05,77000.0,76606.51,76678.0,427.19827
2025-04-08 20:30:00+00:00,76678.0,77200.79,76621.65,77133.41,425.949
2025-04-08 21:00:00+00:00,77133.4,77285.5,76779.9,76836.97,239.52441
2025-04-08 21:30:00+00:00,76836.96,77133.85,76730.01,77100.0,173.29157
2025-04-08 22:00:00+00:00,77100.0,77135.19,76575.17,76685.0,481.20749
2025-04-08 22:30:00+00:00,76685.0,76817.83,76239.9,76731.21,482.51966
2025-04-08 23:00:00+00:00,76731.21,76798.0,76315.66,76352.01,583.99452
2025-04-08 23:30:00+00:00,76352.01,76544.0,76307.36,76322.42,381.34609
2025-04-09 00:00:00+00:00,76322.42,76836.42,75926.52,76680.0,1201.06318
2025-04-09 00:30:00+00:00,76680.0,76868.28,76363.63,76522.07,610.69135
2025-04-09 01:00:00+00:00,76522.07,76595.42,74620.0,74690.57,2840.13549
2025-04-09 01:30:00+00:00,74690.58,76283.04,74685.99,76070.53,1884.53338
2025-04-09 02:00:00+00:00,76070.53,76473.62,75809.92,75855.19,1133.23836
2025-04-09 02:30:00+00:00,75855.19,76141.52,75572.38,75674.44,640.83777
2025-04-09 03:00:00+00:00,75674.45,75869.57,75485.3,75492.05,751.14209
2025-04-09 03:30:00+00:00,75492.05,75746.0,75015.86,75073.33,718.04351
2025-04-09 04:00:00+00:00,75073.34,76219.09,75000.0,75720.48,1233.23421
2025-04-09 04:30:00+00:00,75720.48,76915.94,75720.48,76416.34,1512.08909
2025-04-09 05:00:00+00:00,76416.33,76820.52,76214.32,76634.43,677.44738
2025-04-09 05:30:00+00:00,76634.44,76734.83,76419.9,76734.83,705.47847
2025-04-09 06:00:00+00:00,76734.83,77317.89,76709.69,76914.01,884.40798
2025-04-09 06:30:00+00:00,76914.0,77171.67,76770.44,76829.02,482.0852
2025-04-09 07:00:00+00:00,76829.01,77800.0,76818.52,77707.17,2455.2608
2025-04-09 07:30:00+00:00,77707.17,77979.3,77614.71,77694.12,1190.26871
2025-04-09 08:00:00+00:00,77694.12,77880.0,77292.02,77312.91,762.62513
2025-04-09 08:30:00+00:00,77312.91,77373.11,77085.0,77304.35,498.55935
2025-04-09 09:00:00+00:00,77304.35,77472.33,77203.4,77246.52,375.29266
2025-04-09 09:30:00+00:00,77246.51,77540.0,77168.59,77478.26,327.33726
2025-04-09 10:00:00+00:00,77478.27,77574.15,77183.36,77226.43,481.63951
2025-04-09 10:30:00+00:00,77226.42,77540.0,76950.0,77190.0,674.34848
2025-04-09 11:00:00+00:00,77191.16,77193.66,75844.75,76569.42,2835.49632
2025-04-09 11:30:00+00:00,76569.42,76639.24,75756.86,76230.01,1943.45537
2025-04-09 12:00:00+00:00,76230.01,76585.33,76025.79,76295.93,1073.79527
2025-04-09 12:30:00+00:00,76295.93,77074.02,76010.21,76760.86,937.64911
2025-04-09 13:00:00+00:00,76763.07,77145.05,76710.89,76835.27,995.11352
2025-04-09 13:30:00+00:00,76835.27,77875.46,76835.27,77698.12,2001.62568
2025-04-09 14:00:00+00:00,77698.11,78318.46,77228.86,77602.4,1790.70532
2025-04-09 14:30:00+00:00,77602.4,77926.44,76798.87,76870.0,1320.52109
2025-04-09 15:00:00+00:00,76870.01,77650.95,76844.01,77392.0,981.52562
2025-04-09 15:30:00+00:00,77392.0,77560.0,77012.23,77258.0,734.34129
2025-04-09 16:00:00+00:00,77258.01,77850.4,77136.0,77583.95,605.93661
2025-04-09 16:30:00+00:00,77583.99,78361.59,77519.9,78267.68,771.01268
2025-04-09 17:00:00+00:00,78267.69,81250.0,77649.99,80820.66,7733.09614
2025-04-09 17:30:00+00:00,80820.83,82286.11,80813.67,82202.16,6319.2086
2025-04-09 18:00:00+00:00,82202.16,82990.0,81690.03,82581.67,3992.95771
2025-04-09 18:30:00+00:00,82581.67,82772.12,81788.36,81788.37,2697.61777
2025-04-09 19:00:00+00:00,81788.36,82581.07,81771.39,82393.51,2014.15571
2025-04-09 19:30:00+00:00,82393.52,82618.98,82130.43,82332.08,2450.67234
2025-04-09 20:00:00+00:00,82332.08,82519.31,82016.62,82065.69,2926.08862
2025-04-09 20:30:00+00:00,82065.68,83267.57,81987.89,83204.0,2274.65592
2025-04-09 21:00:00+00:00,83204.0,83588.0,82999.99,83336.24,1755.79563
2025-04-09 21:30:00+00:00,83336.24,83388.0,82848.49,83284.29,1821.82464
2025-04-09 22:00:00+00:00,83284.28,83493.6,83092.43,83361.56,1606.54559
2025-04-09 22:30:00+00:00,83361.57,83500.0,82956.52,83056.83,813.45051
2025-04-09 23:00:00+00:00,83056.84,83156.49,82710.52,82773.52,614.78042
2025-04-09 23:30:00+00:00,82773.12,82850.0,82530.43,82615.22,436.50088
2025-04-10 00:00:00+00:00,82615.22,82753.21,82351.54,82414.73,812.25623
2025-04-10 00:30:00+00:00,82414.73,82485.76,82056.19,82352.85,824.09084
2025-04-10 01:00:00+00:00,82352.85,82600.0,82277.5,82426.15,965.65389
2025-04-10 01:30:00+00:00,82426.15,82467.44,82224.9,82249.29,506.04687
2025-04-10 02:00:00+00:00,82249.29,82565.19,82212.22,82442.89,431.77975
2025-04-10 02:30:00+00:00,82442.89,82478.27,82195.77,82200.0,440.049
2025-04-10 03:00:00+00:00,82201.24,82224.45,81543.42,81652.18,1074.88338
2025-04-10 03:30:00+00:00,81652.18,81813.21,81472.84,81775.2,403.16239
2025-04-10 04:00:00+00:00,81775.2,81950.0,81640.74,81655.27,243.22769
2025-04-10 04:30:00+00:00,81655.26,82088.75,81642.63,82019.26,320.58238
2025-04-10 05:00:00+00:00,82019.26,82217.4,81924.96,82163.99,374.39852
2025-04-10 05:30:00+00:00,82164.0,82241.4,82056.01,82158.03,446.98714
2025-04-10 06:00:00+00:00,82158.03,82344.3,82059.15,82077.64,426.01139
2025-04-10 06:30:00+00:00,82077.64,82184.0,81838.03,82156.72,579.88926
2025-04-10 07:00:00+00:00,82156.72,82250.0,81809.45,81812.25,453.1701
2025-04-10 07:30:00+00:00,81812.26,81812.26,81292.99,81595.81,755.32966
2025-04-10 08:00:00+00:00,81595.81,81853.2,81521.73,81768.4,363.80328
2025-04-10 08:30:00+00:00,81768.4,81768.41,81420.29,81549.99,402.84185
2025-04-10 09:00:00+00:00,81550.0,81907.55,81349.0,81778.73,396.48073
2025-04-10 09:30:00+00:00,81778.72,82079.57,81757.57,82036.71,422.70711
2025-04-10 10:00:00+00:00,82036.72,82130.43,81722.08,81729.79,459.03388
2025-04-10 10:30:00+00:00,81729.13,81867.22,81565.43,81766.05,435.91926
2025-04-10 11:00:00+00:00,81766.04,81857.74,81502.02,81619.19,260.67275
2025-04-10 11:30:00+00:00,81619.18,81944.0,81599.99,81882.01,367.73071
2025-04-10 12:00:00+00:00,81882.0,82157.26,81521.8,82007.94,840.27417
2025-04-10 12:30:00+00:00,82007.94,82466.35,81459.48,81710.46,1633.09003
2025-04-10 13:00:00+00:00,81710.45,81948.0,81494.0,81743.82,381.46687
2025-04-10 13:30:00+00:00,81743.39,81849.67,80764.84,80874.36,1989.31635
2025-04-10 14:00:00+00:00,80874.35,81490.0,80634.26,81288.01,1110.46495
2025-04-10 14:30:00+00:00,81288.01,81841.58,81221.69,81272.19,985.86939
2025-04-10 15:00:00+00:00,81272.19,81353.1,80216.44,80232.01,1558.17893
2025-04-10 15:30:00+00:00,80232.01,80278.0,78606.06,78757.0,3687.40994
2025-04-10 16:00:00+00:00,78757.24,79278.55,78464.36,78853.99,1534.69751
2025-04-10 16:30:00+00:00,78853.99,79688.0,78834.26,79453.82,1218.8525
2025-04-10 17:00:00+00:00,79453.83,79672.46,78616.0,79182.0,1250.37799
2025-04-10 17:30:00+00:00,79182.0,79464.33,79055.25,79328.01,625.39027
2025-04-10 18:00:00+00:00,79328.01,79818.0,79223.62,79739.71,650.87846
2025-04-10 18:30:00+00:00,79739.71,79876.61,79355.44,79502.07,505.21295
2025-04-10 19:00:00+00:00,79502.08,79782.61,79353.06,79366.01,476.74446
2025-04-10 19:30:00+00:00,79366.0,80058.96,79304.59,79649.34,606.78933
2025-04-10 20:00:00+00:00,79647.37,79960.97,79570.12,79601.61,399.91126
2025-04-10 20:30:00+00:00,79601.6,79950.9,79599.19,79931.55,234.29685
2025-04-10 21:00:00+00:00,79931.56,80035.54,79683.81,79844.19,251.21175
2025-04-10 21:30:00+00:00,79844.18,79938.79,79714.51,79714.52,237.9375
2025-04-10 22:00:00+00:00,79714.51,79914.43,79545.45,79719.9,267.71003
2025-04-10 22:30:00+00:00,79719.91,79920.0,79682.83,79693.77,146.15752
2025-04-10 23:00:00+00:00,79693.77,79722.34,79377.04,79469.43,305.62797
2025-04-10 23:30:00+00:00,79469.43,79743.33,79420.43,79607.3,220.23214
2025-04-11 00:00:00+00:00,79607.3,79750.17,79422.81,79454.96,509.01206
2025-04-11 00:30:00+00:00,79454.95,79580.44,78969.58,79043.48,868.82672
2025-04-11 01:00:00+00:00,79043.48,79637.15,79011.18,79539.09,553.49687
2025-04-11 01:30:00+00:00,79539.08,80459.01,79539.08,80452.72,847.86651
2025-04-11 02:00:00+00:00,80452.71,80829.02,80162.18,80700.18,553.77396
2025-04-11 02:30:00+00:00,80700.17,80802.6,80286.02,80302.05,444.4815
2025-04-11 03:00:00+00:00,80302.05,80723.66,80295.72,80669.21,349.76642
2025-04-11 03:30:00+00:00,80669.21,80906.63,80506.0,80842.99,488.84025
2025-04-11 04:00:00+00:00,80843.0,81046.95,80739.14,81029.51,380.48049
2025-04-11 04:30:00+00:00,81029.5,81100.0,80720.07,80888.15,332.32051
2025-04-11 05:00:00+00:00,80888.14,80912.02,80512.22,80804.01,417.32265
2025-04-11 05:30:00+00:00,80804.0,80897.46,80634.86,80816.0,276.25797
2025-04-11 06:00:00+00:00,80815.99,81208.79,80815.99,80986.54,698.3194
2025-04-11 06:30:00+00:00,80986.54,81333.0,80970.48,81102.0,358.01213
2025-04-11 07:00:00+00:00,81102.0,81203.75,80850.0,80892.53,599.58728
2025-04-11 07:30:00+00:00,80892.53,81440.73,80892.52,81266.76,677.06407
2025-04-11 08:00:00+00:00,81266.76,81936.71,80782.43,81341.14,1535.82675
2025-04-11 08:30:00+00:00,81341.14,81818.18,81240.65,81631.89,669.11966
2025-04-11 09:00:00+00:00,81631.89,82182.95,81450.0,82062.74,844.73389
2025-04-11 09:30:00+00:00,82062.74,82450.23,82062.74,82450.0,918.55917
2025-04-11 10:00:00+00:00,82450.0,82869.24,82304.34,82744.07,1023.38228
2025-04-11 10:30:00+00:00,82744.06,82985.71,82537.18,82706.86,901.05714
2025-04-11 11:00:00+00:00,82706.85,82901.02,82277.64,82348.12,903.95671
2025-04-11 11:30:00+00:00,82348.13,82446.06,82020.25,82129.67,876.1425
2025-04-11 12:00:00+00:00,82129.67,82300.01,81819.14,82246.51,661.24205
2025-04-11 12:30:00+00:00,82246.51,82564.0,82000.99,82115.52,799.84528
2025-04-11 13:00:00+00:00,82115.53,82209.07,81816.01,82125.17,567.72238
2025-04-11 13:30:00+00:00,82125.18,83333.0,82004.01,82930.67,2241.73541
2025-04-11 14:00:00+00:00,82930.67,82930.67,81341.22,81461.03,2007.77359
2025-04-11 14:30:00+00:00,81461.03,82339.61,81417.21,81898.0,803.83868
2025-04-11 15:00:00+00:00,81898.0,82237.74,81716.0,82184.93,801.78468
2025-04-11 15:30:00+00:00,82184.92,82700.0,82143.39,82521.74,696.76847
2025-04-11 16:00:00+00:00,82521.74,82633.73,82015.08,82246.35,453.21387
2025-04-11 16:30:00+00:00,82246.34,83022.98,82246.34,82792.46,760.93488
2025-04-11 17:00:00+00:00,82792.46,83086.0,82695.65,82985.99,581.97615
2025-04-11 17:30:00+00:00,82986.0,84073.0,82986.0,83930.0,2125.90612
2025-04-11 18:00:00+00:00,83930.0,84220.0,83652.17,84034.0,1010.21803
2025-04-11 18:30:00+00:00,84034.0,84048.1,83520.0,83607.99,740.71864
2025-04-11 19:00:00+00:00,83608.0,83967.99,83565.21,83764.83,741.98998
2025-04-11 19:30:00+00:00,83764.82,83988.49,83657.06,83858.28,559.11517
2025-04-11 20:00:00+00:00,83858.28,83978.26,83716.98,83953.28,350.45435
2025-04-11 20:30:00+00:00,83953.28,84029.13,83789.94,83848.0,627.74948
2025-04-11 21:00:00+00:00,83848.01,84300.0,83832.13,83910.01,458.44869
2025-04-11 21:30:00+00:00,83910.02,83910.02,83636.36,83674.01,375.96185
2025-04-11 22:00:00+00:00,83674.01,83716.99,83426.28,83474.34,372.36724
2025-04-11 22:30:00+00:00,83474.34,83521.74,83316.36,83415.34,194.69818
2025-04-11 23:00:00+00:00,83415.35,83415.35,83162.0,83215.38,167.67294
2025-04-11 23:30:00+00:00,83215.39,83597.94,83198.11,83423.84,305.09497
2025-04-12 00:00:00+00:00,83423.83,83500.0,83245.89,83357.1,307.74815
2025-04-12 00:30:00+00:00,83357.09,83572.0,83311.21,83369.08,236.36767
2025-04-12 01:00:00+00:00,83369.08,83453.22,83147.71,83176.54,394.77547
2025-04-12 01:30:00+00:00,83176.53,83339.63,83144.57,83217.39,213.35192
2025-04-12 02:00:00+00:00,83217.39,83310.05,83156.0,83221.51,215.10715
2025-04-12 02:30:00+00:00,83221.51,83292.46,82800.01,82804.87,319.48158
2025-04-12 03:00:00+00:00,82804.86,83056.61,82792.95,83056.6,227.11111
2025-04-12 03:30:00+00:00,83056.61,83140.0,82922.15,82973.13,183.31481
2025-04-12 04:00:00+00:00,82973.14,83244.34,82856.86,83211.13,224.27044
2025-04-12 04:30:00+00:00,83211.13,83464.0,82931.65,83208.04,360.37839
2025-04-12 05:00:00+00:00,83208.04,83490.54,83198.11,83369.74,210.68148
2025-04-12 05:30:00+00:00,83369.75,83506.39,83284.91,83338.92,149.00685
2025-04-12 06:00:00+00:00,83338.92,83749.4,83338.91,83623.3,357.45821
2025-04-12 06:30:00+00:00,83623.31,83790.05,83537.19,83567.42,267.62108
2025-04-12 07:00:00+00:00,83567.43,83760.01,83496.56,83613.34,289.24559
2025-04-12 07:30:00+00:00,83613.33,83830.62,83583.85,83724.92,360.9027
2025-04-12 08:00:00+00:00,83724.92,84031.87,83526.76,83583.48,661.90568
2025-04-12 08:30:00+00:00,83583.48,83703.0,83480.01,83604.77,292.22615
2025-04-12 09:00:00+00:00,83604.77,83766.74,83434.78,83450.01,202.29439
2025-04-12 09:30:00+00:00,83450.01,83658.54,83420.0,83550.0,192.12429
2025-04-12 10:00:00+00:00,83550.0,83565.22,83388.88,83488.06,164.22557
2025-04-12 10:30:00+00:00,83488.07,83498.97,83305.91,83420.44,158.61935
2025-04-12 11:00:00+00:00,83420.44,83647.93,83420.44,83604.13,237.1037
2025-04-12 11:30:00+00:00,83604.13,83604.13,83429.39,83528.3,117.51914
2025-04-12 12:00:00+00:00,83528.3,83800.0,83474.94,83770.17,212.34791
2025-04-12 12:30:00+00:00,83770.16,83936.45,83660.67,83829.86,367.51574
2025-04-12 13:00:00+00:00,83829.86,84094.34,83555.12,83858.49,1026.60114
2025-04-12 13:30:00+00:00,83858.5,84688.0,83708.0,84458.24,1571.9393
2025-04-12 14:00:00+00:00,84458.24,85000.0,84314.62,84884.73,1181.60399
2025-04-12 14:30:00+00:00,84885.33,85251.0,84700.0,84827.75,1145.00166
2025-04-12 15:00:00+00:00,84827.75,85188.0,84624.73,85151.23,1132.06902
2025-04-12 15:30:00+00:00,85151.22,85402.9,84972.09,85008.4,865.10767
2025-04-12 16:00:00+00:00,85008.4,85212.81,84826.08,84991.99,444.01865
2025-04-12 16:30:00+00:00,84991.99,85023.8,84575.15,84659.19,377.98777
2025-04-12 17:00:00+00:00,84659.18,84800.0,84421.95,84608.69,319.07127
2025-04-12 17:30:00+00:00,84608.69,84867.51,84608.69,84760.71,217.64291
2025-04-12 18:00:00+00:00,84760.71,84977.83,84755.5,84977.83,165.19533
2025-04-12 18:30:00+00:00,84977.83,85193.09,84913.95,85178.01,213.70006
2025-04-12 19:00:00+00:00,85178.0,85258.29,84986.04,85049.99,245.46116
2025-04-12 19:30:00+00:00,85049.99,85118.94,84834.75,84943.4,222.87453
2025-04-12 20:00:00+00:00,84943.39,85273.59,84877.61,85266.04,280.65869
2025-04-12 20:30:00+00:00,85266.04,85905.0,85266.04,85517.29,836.20706
2025-04-12 21:00:00+00:00,85517.28,85566.28,85286.01,85399.84,261.48367
2025-04-12 21:30:00+00:00,85399.84,85559.72,85260.86,85367.93,359.30049
2025-04-12 22:00:00+00:00,85367.93,85701.6,85367.93,85478.0,213.54006
2025-04-12 22:30:00+00:00,85478.01,85582.0,85329.27,85336.01,100.49055
2025-04-12 23:00:00+00:00,85336.01,85415.1,85192.94,85218.55,147.53433
2025-04-12 23:30:00+00:00,85218.55,85428.97,85170.0,85276.9,220.55054
2025-04-13 00:00:00+00:00,85276.91,85515.0,85152.8,85179.25,241.64266
2025-04-13 00:30:00+00:00,85179.25,85571.12,85012.0,85495.72,277.5232
2025-04-13 01:00:00+00:00,85495.72,85835.89,85442.0,85835.0,454.15515
2025-04-13 01:30:00+00:00,85835.0,86100.0,85142.46,85259.77,1467.64399
2025-04-13 02:00:00+00:00,85259.76,85390.17,84724.91,84826.37,588.53719
2025-04-13 02:30:00+00:00,84826.37,85451.85,84801.88,85302.22,1399.43167
2025-04-13 03:00:00+00:00,85302.21,85512.07,85247.03,85323.16,1357.84805
2025-04-13 03:30:00+00:00,85323.15,85724.79,85315.35,85432.31,305.21284
2025-04-13 04:00:00+00:00,85432.31,85436.68,84826.26,85034.12,383.50988
2025-04-13 04:30:00+00:00,85034.12,85047.26,84464.44,84619.98,1845.51701
2025-04-13 05:00:00+00:00,84619.98,84784.18,84456.27,84639.08,1254.66024
2025-04-13 05:30:00+00:00,84639.09,84804.57,84399.42,84515.58,874.16252
2025-04-13 06:00:00+00:00,84515.57,84738.84,84444.72,84695.53,248.49846
2025-04-13 06:30:00+00:00,84695.54,84849.06,84608.69,84608.69,201.16001
2025-04-13 07:00:00+00:00,84608.7,84769.87,84601.81,84687.91,156.73834
2025-04-13 07:30:00+00:00,84687.9,84703.15,84413.09,84413.1,364.85233
2025-04-13 08:00:00+00:00,84413.1,84540.01,84277.03,84540.01,308.96581
2025-04-13 08:30:00+00:00,84540.0,84693.2,84489.7,84664.6,217.56767
2025-04-13 09:00:00+00:00,84664.61,84767.24,84504.58,84766.44,182.55657
2025-04-13 09:30:00+00:00,84766.45,84948.25,84692.85,84918.24,283.28795
2025-04-13 10:00:00+00:00,84918.25,84949.86,84559.87,84563.98,277.3823
2025-04-13 10:30:00+00:00,84563.99,84769.62,84510.0,84686.79,136.30035
2025-04-13 11:00:00+00:00,84686.8,84771.25,84318.18,84489.99,419.50908
2025-04-13 11:30:00+00:00,84489.99,84528.66,84216.15,84528.66,283.81809
2025-04-13 12:00:00+00:00,84528.66,84700.0,84260.86,84283.01,360.97482
2025-04-13 12:30:00+00:00,84283.01,84500.42,84245.39,84458.75,341.46033
2025-04-13 13:00:00+00:00,84458.75,84620.01,84080.0,84090.19,644.49407
2025-04-13 13:30:00+00:00,84090.2,84189.47,83487.72,83599.13,949.28319
2025-04-13 14:00:00+00:00,83599.12,83899.0,83480.67,83865.46,405.59917
2025-04-13 14:30:00+00:00,83865.47,84166.96,83782.19,84093.22,382.98305
2025-04-13 15:00:00+00:00,84093.22,84093.23,83709.12,83805.99,430.89993
2025-04-13 15:30:00+00:00,83805.99,83931.56,83665.3,83849.66,237.06544
2025-04-13 16:00:00+00:00,83849.66,84424.53,83845.13,84293.06,475.90759
2025-04-13 16:30:00+00:00,84293.06,84368.57,84098.86,84225.97,318.70305
2025-04-13 17:00:00+00:00,84225.97,84990.22,84190.04,84721.46,662.09613
2025-04-13 17:30:00+00:00,84721.98,84923.99,84566.03,84754.85,428.81785
2025-04-13 18:00:00+00:00,84754.84,84896.23,84524.14,84566.04,380.83756
2025-04-13 18:30:00+00:00,84566.04,84943.4,84566.03,84730.0,243.85425
2025-04-13 19:00:00+00:00,84730.0,84730.0,84330.18,84480.74,333.416
2025-04-13 19:30:00+00:00,84480.74,84563.9,83050.0,83981.31,1250.65444
2025-04-13 20:00:00+00:00,83981.32,84446.31,83782.6,84188.21,394.02564
2025-04-13 20:30:00+00:00,84188.22,84200.7,83154.82,83499.99,763.44578
2025-04-13 21:00:00+00:00,83499.98,83734.26,83047.84,83678.75,458.36272
2025-04-13 21:30:00+00:00,83678.75,83826.09,83034.23,83607.0,421.57024
2025-04-13 22:00:00+00:00,83607.0,83882.77,83276.0,83442.55,443.65091
2025-04-13 22:30:00+00:00,83442.55,83513.5,83169.01,83335.99,251.2149
2025-04-13 23:00:00+00:00,83335.99,83689.1,83169.03,83620.0,258.14694
2025-04-13 23:30:00+00:00,83619.99,83840.43,83350.0,83760.0,312.09645
2025-04-14 00:00:00+00:00,83760.0,85129.69,83678.0,84764.47,993.00719
2025-04-14 00:30:00+00:00,84764.46,85070.0,84204.0,84325.74,867.01825
2025-04-14 01:00:00+00:00,84325.73,84645.33,84268.01,84556.66,423.3337
2025-04-14 01:30:00+00:00,84556.66,84687.1,84048.01,84228.0,590.63115
2025-04-14 02:00:00+00:00,84228.0,85028.0,84036.84,85026.6,526.51614
2025-04-14 02:30:00+00:00,85026.6,85544.3,84989.28,85140.7,2651.14719
2025-04-14 03:00:00+00:00,85140.69,85166.84,84597.57,84674.46,1514.34599
2025-04-14 03:30:00+00:00,84674.47,84794.26,84445.49,84566.03,1578.9864
2025-04-14 04:00:00+00:00,84566.04,84870.0,84415.25,84814.91,1225.70243
2025-04-14 04:30:00+00:00,84814.91,85110.0,84742.33,84869.31,493.43488
2025-04-14 05:00:00+00:00,84869.31,84990.57,84613.21,84695.65,334.37048
2025-04-14 05:30:00+00:00,84695.64,84755.99,84343.73,84575.18,265.42672
2025-04-14 06:00:00+00:00,84575.19,84595.04,84279.81,84341.84,409.50469
2025-04-14 06:30:00+00:00,84341.84,84644.91,84330.0,84624.21,207.73032
2025-04-14 07:00:00+00:00,84624.21,84787.07,84211.06,84477.48,527.6611
2025-04-14 07:30:00+00:00,84477.47,84636.0,84377.37,84580.76,162.79185
2025-04-14 08:00:00+00:00,84580.77,84800.0,84440.0,84613.21,307.96556
2025-04-14 08:30:00+00:00,84613.2,84957.27,84489.68,84763.18,464.00067
2025-04-14 09:00:00+00:00,84763.18,84912.94,84402.81,84496.1,367.98903
2025-04-14 09:30:00+00:00,84496.09,84528.66,84250.0,84442.72,264.51229
2025-04-14 10:00:00+00:00,84442.72,84660.01,84304.34,84628.9,321.71246
2025-04-14 10:30:00+00:00,84628.89,84810.41,84553.79,84656.85,284.70881
2025-04-14 11:00:00+00:00,84656.85,84895.12,84500.0,84848.38,369.4348
2025-04-14 11:30:00+00:00,84848.38,84965.34,84803.44,84927.55,292.21143
2025-04-14 12:00:00+00:00,84927.56,85037.74,84752.01,85032.01,444.92256
2025-04-14 12:30:00+00:00,85032.01,85227.27,84933.35,85128.76,420.7203
2025-04-14 13:00:00+00:00,85129.62,85279.99,84944.41,84944.42,468.513
2025-04-14 13:30:00+00:00,84944.42,85057.86,84052.65,84376.66,1103.91133
2025-04-14 14:00:00+00:00,84376.66,85100.0,84270.0,85074.28,600.0507
2025-04-14 14:30:00+00:00,85074.47,85799.99,84954.94,85423.6,1572.22017
2025-04-14 15:00:00+00:00,85423.6,85468.97,84424.26,84540.7,1141.46685
2025-04-14 15:30:00+00:00,84540.7,84785.77,83709.25,84101.16,1160.27449
2025-04-14 16:00:00+00:00,84101.16,84501.82,83863.63,84214.3,626.48323
2025-04-14 16:30:00+00:00,84214.3,84669.85,84132.0,84341.99,399.32538
2025-04-14 17:00:00+00:00,84342.0,84680.0,84221.9,84527.18,619.56713
2025-04-14 17:30:00+00:00,84527.17,84893.32,84411.43,84859.73,336.20814
2025-04-14 18:00:00+00:00,84859.73,85080.0,84816.73,84896.22,492.33363
2025-04-14 18:30:00+00:00,84896.23,85008.33,84687.21,84988.04,440.75132
2025-04-14 19:00:00+00:00,84988.03,85208.1,84952.0,84980.0,650.1618
2025-04-14 19:30:00+00:00,84980.0,85166.94,84772.72,84923.07,928.18059
2025-04-14 20:00:00+00:00,84923.07,84971.7,84539.61,84649.99,428.62421
2025-04-14 20:30:00+00:00,84649.99,84937.39,84582.0,84861.82,329.78802
2025-04-14 21:00:00+00:00,84861.82,84970.74,84707.54,84776.0,150.97263
2025-04-14 21:30:00+00:00,84775.99,84776.0,84450.01,84706.1,132.8922
2025-04-14 22:00:00+00:00,84706.1,84745.7,84430.37,84493.51,331.07665
2025-04-14 22:30:00+00:00,84493.5,84695.66,84478.26,84500.01,88.31851
2025-04-14 23:00:00+00:00,84500.01,84782.5,84472.03,84653.05,188.70117
2025-04-14 23:30:00+00:00,84653.04,84739.14,84424.52,84591.58,159.48594
2025-04-15 00:00:00+00:00,84591.58,84699.31,84347.97,84601.5,220.25967
2025-04-15 00:30:00+00:00,84601.5,84966.9,84570.75,84930.7,310.03768
2025-04-15 01:00:00+00:00,84930.7,84948.21,84542.87,84923.22,293.99284
2025-04-15 01:30:00+00:00,84923.21,85137.53,84816.08,84983.73,395.66827
2025-04-15 02:00:00+00:00,84983.73,85184.81,84834.01,84864.3,284.81367
2025-04-15 02:30:00+00:00,84864.3,85300.01,84706.85,85232.83,326.5711
2025-04-15 03:00:00+00:00,85232.83,85320.76,85069.86,85248.61,462.00954
2025-04-15 03:30:00+00:00,85248.62,85415.1,85208.59,85379.96,484.10537
2025-04-15 04:00:00+00:00,85379.97,85496.0,85157.6,85168.57,388.74993
2025-04-15 04:30:00+00:00,85168.57,85538.28,85160.05,85490.46,413.83498
2025-04-15 05:00:00+00:00,85490.47,85742.46,85485.59,85556.61,543.77176
2025-04-15 05:30:00+00:00,85556.6,85879.1,85529.38,85545.71,545.73381
2025-04-15 06:00:00+00:00,85545.71,85692.74,85379.11,85540.61,421.08433
2025-04-15 06:30:00+00:00,85540.61,85677.49,85360.35,85391.35,195.70005
2025-04-15 07:00:00+00:00,85391.35,85784.73,85391.34,85701.62,204.18201
2025-04-15 07:30:00+00:00,85701.63,85745.29,85623.66,85716.77,447.50243
2025-04-15 08:00:00+00:00,85716.77,85990.0,85657.62,85843.94,704.11322
2025-04-15 08:30:00+00:00,85843.94,85924.0,85747.62,85850.0,289.51618
2025-04-15 09:00:00+00:00,85850.0,85968.0,85771.03,85860.01,296.66673
2025-04-15 09:30:00+00:00,85860.0,85989.0,85589.4,85989.0,447.21529
2025-04-15 10:00:00+00:00,85989.0,86000.0,85672.75,85767.49,343.45533
2025-04-15 10:30:00+00:00,85767.49,85781.44,85442.0,85638.14,487.49666
2025-04-15 11:00:00+00:00,85638.15,85668.1,85351.0,85569.63,251.3503
2025-04-15 11:30:00+00:00,85569.63,85640.01,85392.0,85589.23,255.57127
2025-04-15 12:00:00+00:00,85589.23,85762.0,85450.0,85494.23,451.93721
2025-04-15 12:30:00+00:00,85494.23,85819.74,85446.21,85819.74,207.18407
2025-04-15 13:00:00+00:00,85819.74,85876.0,85593.65,85841.97,244.43022
2025-04-15 13:30:00+00:00,85841.97,86496.42,85509.69,85589.44,2269.68744
2025-04-15 14:00:00+00:00,85589.43,85980.64,84829.79,84958.55,1828.1499
2025-04-15 14:30:00+00:00,84958.55,85326.24,84864.03,85146.88,782.71731
2025-04-15 15:00:00+00:00,85146.89,85386.0,85006.01,85212.0,388.11123
2025-04-15 15:30:00+00:00,85212.01,85252.0,84623.73,84918.14,583.81785
2025-04-15 16:00:00+00:00,84918.15,85146.55,84869.56,85013.0,330.63013
2025-04-15 16:30:00+00:00,85012.99,85053.4,84779.29,84860.81,140.24294
2025-04-15 17:00:00+00:00,84860.81,85003.26,84712.0,84739.14,207.21715
2025-04-15 17:30:00+00:00,84739.14,84850.0,84408.39,84483.23,457.34022
2025-04-15 18:00:00+00:00,84483.23,84608.68,84151.68,84320.01,526.60001
2025-04-15 18:30:00+00:00,84320.0,84507.27,84188.67,84196.0,252.19135
2025-04-15 19:00:00+00:00,84196.0,84230.86,84043.47,84085.69,342.89285
2025-04-15 19:30:00+00:00,84085.69,84141.51,83921.19,83998.52,416.97514
2025-04-15 20:00:00+00:00,83998.51,84205.35,83908.78,84019.51,193.84717
2025-04-15 20:30:00+00:00,84019.52,84139.8,83800.01,84020.01,241.72904
2025-04-15 21:00:00+00:00,84020.0,84107.91,83871.26,84069.09,208.5698
2025-04-15 21:30:00+00:00,84069.09,84235.85,84055.0,84178.0,194.22166
2025-04-15 22:00:00+00:00,84177.99,84177.99,83823.48,83927.99,459.37788
2025-04-15 22:30:00+00:00,83928.0,84056.41,83688.0,83838.47,261.60222
2025-04-15 23:00:00+00:00,83838.47,83860.43,83624.04,83746.32,279.61261
2025-04-15 23:30:00+00:00,83746.33,83794.82,83600.0,83643.99,628.50746
2025-04-16 00:00:00+00:00,83643.99,83700.0,83222.0,83500.0,646.59243
2025-04-16 00:30:00+00:00,83500.0,83594.98,83138.66,83146.01,256.14999
2025-04-16 01:00:00+00:00,83146.01,83608.7,83111.64,83520.01,383.34248
2025-04-16 01:30:00+00:00,83520.01,83664.56,83314.0,83637.79,395.42958
2025-04-16 02:00:00+00:00,83637.79,83874.1,83591.63,83864.0,299.95913
2025-04-16 02:30:00+00:00,83864.0,83930.0,83726.06,83900.0,181.11618
2025-04-16 03:00:00+00:00,83900.0,83960.0,83801.97,83801.98,162.07555
2025-04-16 03:30:00+00:00,83801.97,83822.0,83661.96,83695.66,139.06331
2025-04-16 04:00:00+00:00,83695.66,83800.0,83503.98,83575.46,268.82976
2025-04-16 04:30:00+00:00,83575.46,83633.44,83381.72,83587.99,468.42715
2025-04-16 05:00:00+00:00,83588.0,83814.0,83236.0,83390.81,482.1533
2025-04-16 05:30:00+00:00,83390.81,83510.3,83212.64,83363.0,343.94489
2025-04-16 06:00:00+00:00,83362.99,83610.0,83271.02,83469.86,299.53207
2025-04-16 06:30:00+00:00,83469.86,83749.98,83460.97,83643.99,682.36497
2025-04-16 07:00:00+00:00,83644.0,83767.27,83342.1,83388.09,262.2668
2025-04-16 07:30:00+00:00,83388.1,83482.63,83307.0,83363.17,263.87597
2025-04-16 08:00:00+00:00,83363.17,83739.31,83140.89,83589.12,465.88359
2025-04-16 08:30:00+00:00,83589.12,84112.69,83589.12,83736.79,808.96142
2025-04-16 09:00:00+00:00,83736.79,83939.39,83686.8,83800.0,362.60785
2025-04-16 09:30:00+00:00,83800.0,83820.0,83600.0,83600.01,189.95371
2025-04-16 10:00:00+00:00,83600.0,83948.0,83575.96,83908.49,235.28116
2025-04-16 10:30:00+00:00,83908.5,83991.23,83855.06,83937.02,205.63766
2025-04-16 11:00:00+00:00,83937.02,84084.0,83833.63,83873.82,361.45212
2025-04-16 11:30:00+00:00,83873.83,84127.05,83782.6,84048.11,203.06508
2025-04-16 12:00:00+00:00,84048.36,84262.0,84000.0,84180.65,306.75831
2025-04-16 12:30:00+00:00,84180.66,84213.53,83722.56,83757.72,353.91624
2025-04-16 13:00:00+00:00,83757.73,83800.28,83620.75,83725.66,256.32885
2025-04-16 13:30:00+00:00,83725.67,84204.54,83512.2,83736.37,836.36482
2025-04-16 14:00:00+00:00,83736.36,84460.0,83714.31,84357.99,586.73049
2025-04-16 14:30:00+00:00,84357.99,84849.06,84263.98,84605.31,728.08601
2025-04-16 15:00:00+00:00,84605.3,85270.27,84502.02,85105.85,905.42217
2025-04-16 15:30:00+00:00,85105.85,85171.59,84785.51,84846.58,613.42243
2025-04-16 16:00:00+00:00,84846.58,85109.67,84717.44,84844.71,332.33469
2025-04-16 16:30:00+00:00,84844.72,85226.42,84701.23,85048.55,449.99914
2025-04-16 17:00:00+00:00,85048.54,85481.16,85022.01,85304.37,536.19474
2025-04-16 17:30:00+00:00,85304.37,85500.0,83275.0,83281.21,2128.39829
2025-04-16 18:00:00+00:00,83281.21,84472.31,83276.0,84386.81,1437.97262
2025-04-16 18:30:00+00:00,84386.82,84400.09,83613.82,84029.97,613.80468
2025-04-16 19:00:00+00:00,84029.98,84231.49,83802.0,83842.59,294.96188
2025-04-16 19:30:00+00:00,83842.6,84484.23,83836.0,84334.01,434.50435
2025-04-16 20:00:00+00:00,84334.0,84616.0,84265.45,84593.99,294.40385
2025-04-16 20:30:00+00:00,84593.99,84657.69,84242.0,84295.99,172.38077
2025-04-16 21:00:00+00:00,84296.0,84679.53,84260.86,84580.86,225.8896
2025-04-16 21:30:00+00:00,84580.86,84663.59,84400.48,84545.36,183.7589
2025-04-16 22:00:00+00:00,84545.36,84586.41,84311.05,84365.98,138.15922
2025-04-16 22:30:00+00:00,84365.99,84526.23,84302.0,84460.43,166.6562
2025-04-16 23:00:00+00:00,84460.43,84493.8,84245.47,84245.48,128.87605
2025-04-16 23:30:00+00:00,84245.48,84245.48,84024.0,84030.38,373.95474
2025-04-17 00:00:00+00:00,84030.38,84126.82,83932.66,84008.41,284.0327
2025-04-17 00:30:00+00:00,84008.4,84210.0,83990.83,84210.0,196.0675
2025-04-17 01:00:00+00:00,84209.99,84372.0,84118.94,84371.19,130.56398
2025-04-17 01:30:00+00:00,84371.19,84496.0,84188.0,84337.99,124.37563
2025-04-17 02:00:00+00:00,84337.98,84337.99,84062.0,84192.18,121.05742
2025-04-17 02:30:00+00:00,84192.19,84290.49,84027.42,84272.86,133.69083
2025-04-17 03:00:00+00:00,84272.86,84299.7,83814.48,83825.25,305.75008
2025-04-17 03:30:00+00:00,83825.26,84033.9,83825.25,83994.23,124.89754
2025-04-17 04:00:00+00:00,83994.23,84020.0,83900.0,83974.16,196.40443
2025-04-17 04:30:00+00:00,83974.15,84188.59,83972.82,84153.05,202.48764
2025-04-17 05:00:00+00:00,84153.05,84355.12,84099.73,84279.09,154.84317
2025-04-17 05:30:00+00:00,84279.1,84491.03,84279.09,84391.3,173.46396
2025-04-17 06:00:00+00:00,84391.3,84659.32,84308.25,84604.0,263.32995
2025-04-17 06:30:00+00:00,84604.0,84872.5,84600.71,84773.59,315.1867
2025-04-17 07:00:00+00:00,84773.59,84953.41,84638.44,84934.3,382.9929
2025-04-17 07:30:00+00:00,84934.3,85053.38,84597.96,84669.98,350.01889
2025-04-17 08:00:00+00:00,84669.98,84763.29,84545.45,84576.55,140.72533
2025-04-17 08:30:00+00:00,84576.55,84637.81,84401.0,84445.54,176.65413
2025-04-17 09:00:00+00:00,84445.55,84471.7,84361.0,84371.41,203.69788
2025-04-17 09:30:00+00:00,84371.41,84531.81,84361.55,84477.31,141.22934
2025-04-17 10:00:00+00:00,84477.3,84505.09,84191.17,84350.0,167.66152
2025-04-17 10:30:00+00:00,84349.99,84393.68,84284.65,84377.27,75.8956
2025-04-17 11:00:00+00:00,84377.28,84489.71,84283.25,84445.97,153.90957
2025-04-17 11:30:00+00:00,84445.97,84764.44,84408.04,84562.0,273.54372
2025-04-17 12:00:00+00:00,84562.0,84862.93,84561.99,84823.5,415.52031
2025-04-17 12:30:00+00:00,84823.51,84862.93,84689.98,84775.99,302.37205
2025-04-17 13:00:00+00:00,84775.99,84776.0,84466.4,84642.88,336.83581
2025-04-17 13:30:00+00:00,84642.88,84690.78,84318.18,84475.14,463.21961
2025-04-17 14:00:00+00:00,84475.14,84475.14,83986.42,84040.0,588.9952
2025-04-17 14:30:00+00:00,84040.01,84213.56,83736.26,84087.08,592.1461
2025-04-17 15:00:00+00:00,84087.09,84682.31,84087.09,84401.84,689.4742
2025-04-17 15:30:00+00:00,84402.26,84698.41,84402.26,84531.71,333.14541
2025-04-17 16:00:00+00:00,84531.72,84954.0,84393.59,84943.4,865.0834
2025-04-17 16:30:00+00:00,84943.39,85090.0,84726.84,84934.0,529.8055
2025-04-17 17:00:00+00:00,84934.0,85082.3,84786.12,85009.76,399.25524
2025-04-17 17:30:00+00:00,85009.76,85208.0,84968.17,85108.66,479.14346
2025-04-17 18:00:00+00:00,85108.67,85470.01,85065.46,85270.01,454.37593
2025-04-17 18:30:00+00:00,85270.0,85444.0,84899.71,84899.71,474.86372
2025-04-17 19:00:00+00:00,84899.71,85119.47,84649.38,84695.66,460.01314
2025-04-17 19:30:00+00:00,84695.66,84924.05,84495.38,84849.06,410.28231
2025-04-17 20:00:00+00:00,84849.05,85115.45,84849.05,85000.0,205.96679
2025-04-17 20:30:00+00:00,84999.99,85140.0,84863.34,85140.0,177.95753
2025-04-17 21:00:00+00:00,85140.0,85140.0,84896.24,84896.25,165.54835
2025-04-17 21:30:00+00:00,84896.25,85109.92,84896.24,85062.0,105.20717
2025-04-17 22:00:00+00:00,85062.0,85093.4,84941.84,85015.32,123.68628
2025-04-17 22:30:00+00:00,85015.32,85015.32,84720.21,84720.21,131.6156
2025-04-17 23:00:00+00:00,84720.22,85000.0,84720.22,84980.54,147.13256
2025-04-17 23:30:00+00:00,84980.54,85013.27,84879.21,84947.91,84.72164
2025-04-18 00:00:00+00:00,84947.92,85018.97,84844.0,84872.57,167.76274
2025-04-18 00:30:00+00:00,84872.58,84900.0,84735.35,84817.09,163.62549
2025-04-18 01:00:00+00:00,84817.09,85132.08,84817.08,85132.08,225.56773
2025-04-18 01:30:00+00:00,85132.08,85132.08,84914.98,84925.58,104.29017
2025-04-18 02:00:00+00:00,84925.59,84957.55,84800.07,84957.55,176.67312
2025-04-18 02:30:00+00:00,84957.54,84976.5,84851.15,84888.0,125.14793
2025-04-18 03:00:00+00:00,84888.0,84897.06,84736.29,84755.11,127.39722
2025-04-18 03:30:00+00:00,84755.11,84843.05,84724.6,84828.0,157.27962
2025-04-18 04:00:00+00:00,84827.99,84838.52,84598.58,84703.4,157.81401
2025-04-18 04:30:00+00:00,84703.39,84724.83,84638.42,84663.71,142.5835
2025-04-18 05:00:00+00:00,84663.7,84663.71,84514.67,84568.62,275.30035
2025-04-18 05:30:00+00:00,84568.63,84737.64,84534.25,84734.97,156.08627
2025-04-18 06:00:00+00:00,84734.98,84775.07,84668.54,84693.04,118.22693
2025-04-18 06:30:00+00:00,84693.05,84736.43,84592.01,84721.41,131.66575
2025-04-18 07:00:00+00:00,84721.41,84730.64,84413.23,84518.36,337.69697
2025-04-18 07:30:00+00:00,84518.37,84655.05,84474.43,84654.68,204.08953
2025-04-18 08:00:00+00:00,84654.68,84764.0,84654.68,84750.46,160.3221
2025-04-18 08:30:00+00:00,84750.46,84763.33,84610.74,84647.32,124.24007
2025-04-18 09:00:00+00:00,84647.32,84647.33,84537.22,84556.25,137.73593
2025-04-18 09:30:00+00:00,84556.25,84630.85,84519.66,84548.9,151.57212
2025-04-18 10:00:00+00:00,84548.89,84660.38,84485.74,84631.27,220.8089
2025-04-18 10:30:00+00:00,84631.27,84631.28,84500.0,84521.25,121.92909
2025-04-18 11:00:00+00:00,84521.25,84625.06,84472.25,84523.92,139.78655
2025-04-18 11:30:00+00:00,84523.92,84669.12,84507.01,84669.11,110.279
2025-04-18 12:00:00+00:00,84669.11,84714.0,84566.16,84660.0,102.77678
2025-04-18 12:30:00+00:00,84660.0,84769.95,84620.9,84645.6,181.14508
2025-04-18 13:00:00+00:00,84645.6,84645.6,84513.77,84541.85,149.29057
2025-04-18 13:30:00+00:00,84541.85,84604.17,84478.26,84570.61,162.6784
2025-04-18 14:00:00+00:00,84570.61,84619.34,84368.16,84462.54,211.66475
2025-04-18 14:30:00+00:00,84462.54,84584.0,84428.53,84583.13,102.32453
2025-04-18 15:00:00+00:00,84583.13,84610.3,84353.14,84363.85,147.87495
2025-04-18 15:30:00+00:00,84363.85,84449.21,84338.0,84374.59,176.96194
2025-04-18 16:00:00+00:00,84374.6,84547.04,84303.96,84482.02,182.69019
2025-04-18 16:30:00+00:00,84482.02,84532.14,84435.61,84478.12,64.99288
2025-04-18 17:00:00+00:00,84478.12,84524.06,84391.3,84434.72,65.53399
2025-04-18 17:30:00+00:00,84434.73,84603.78,84424.52,84571.92,102.73566
2025-04-18 18:00:00+00:00,84571.91,84649.99,84505.06,84622.0,97.79446
2025-04-18 18:30:00+00:00,84622.0,84640.0,84575.77,84616.96,64.53739
2025-04-18 19:00:00+00:00,84616.96,84640.0,84565.21,84620.18,75.86139
2025-04-18 19:30:00+00:00,84620.19,84620.19,84512.0,84562.83,64.38898
2025-04-18 20:00:00+00:00,84562.83,84626.92,84478.26,84538.88,87.3015
2025-04-18 20:30:00+00:00,84538.88,84545.74,84466.79,84520.12,60.96053
2025-04-18 21:00:00+00:00,84520.12,84521.66,84486.92,84518.3,55.12399
2025-04-18 21:30:00+00:00,84518.3,84684.49,84518.3,84621.58,110.59865
2025-04-18 22:00:00+00:00,84621.58,84641.5,84425.62,84475.42,94.2969
2025-04-18 22:30:00+00:00,84475.42,84535.1,84475.42,84521.48,56.3202
2025-04-18 23:00:00+00:00,84521.49,84521.49,84342.15,84449.54,113.51047
2025-04-18 23:30:00+00:00,84449.54,84491.91,84410.53,84474.69,60.71788
2025-04-19 00:00:00+00:00,84474.7,84485.02,84364.45,84364.46,79.61459
2025-04-19 00:30:00+00:00,84364.46,84480.0,84364.45,84436.67,71.31214
2025-04-19 01:00:00+00:00,84436.66,84579.7,84424.7,84565.6,83.35593
2025-04-19 01:30:00+00:00,84565.61,84596.5,84488.85,84544.06,88.44509
2025-04-19 02:00:00+00:00,84544.07,84829.05,84491.53,84731.66,235.96116
2025-04-19 02:30:00+00:00,84731.67,84799.99,84612.41,84785.8,131.87972
2025-04-19 03:00:00+00:00,84785.8,84956.52,84785.79,84875.82,238.72785
2025-04-19 03:30:00+00:00,84875.83,84986.76,84779.0,84883.71,176.1466
2025-04-19 04:00:00+00:00,84883.72,85078.7,84883.71,85078.69,250.08996
2025-04-19 04:30:00+00:00,85078.69,85300.0,85008.0,85021.9,692.67308
2025-04-19 05:00:00+00:00,85021.89,85225.05,84990.56,85181.06,316.25369
2025-04-19 05:30:00+00:00,85181.06,85181.07,85054.53,85079.99,122.89032
2025-04-19 06:00:00+00:00,85080.0,85100.0,84923.32,85010.51,395.08258
2025-04-19 06:30:00+00:00,85010.51,85010.52,84889.96,84921.98,80.34279
2025-04-19 07:00:00+00:00,84921.99,85226.15,84921.98,85166.49,315.34912
2025-04-19 07:30:00+00:00,85166.48,85250.0,85117.71,85217.39,87.03304
2025-04-19 08:00:00+00:00,85217.38,85256.02,85115.45,85227.25,90.97939
2025-04-19 08:30:00+00:00,85227.25,85396.0,85174.16,85311.63,211.44968
2025-04-19 09:00:00+00:00,85311.63,85436.72,85273.66,85329.07,184.29742
2025-04-19 09:30:00+00:00,85329.07,85430.0,85220.14,85328.12,174.35728
2025-04-19 10:00:00+00:00,85328.12,85343.22,85166.83,85200.94,145.92852
2025-04-19 10:30:00+00:00,85200.95,85250.0,85147.37,85250.0,134.41699
2025-04-19 11:00:00+00:00,85249.99,85287.54,85118.08,85173.86,191.73385
2025-04-19 11:30:00+00:00,85173.87,85224.0,85130.43,85217.4,245.21375
2025-04-19 12:00:00+00:00,85217.4,85315.85,85193.51,85310.74,128.21722
2025-04-19 12:30:00+00:00,85310.75,85324.72,85226.41,85295.43,135.96512
2025-04-19 13:00:00+00:00,85295.44,85444.71,85201.63,85403.53,292.1615
2025-04-19 13:30:00+00:00,85403.54,85498.77,85301.44,85472.54,163.05396
2025-04-19 14:00:00+00:00,85472.53,85500.0,85376.52,85462.52,181.00142
2025-04-19 14:30:00+00:00,85462.51,85497.84,85357.54,85415.09,164.1868
2025-04-19 15:00:00+00:00,85415.1,85537.62,85312.96,85520.0,774.31978
2025-04-19 15:30:00+00:00,85520.0,85677.99,85070.0,85191.19,745.54338
2025-04-19 16:00:00+00:00,85191.18,85330.06,85126.08,85132.57,480.29797
2025-04-19 16:30:00+00:00,85132.57,85132.58,84694.49,84845.93,400.08562
2025-04-19 17:00:00+00:00,84845.93,85061.52,84829.65,85030.81,135.64842
2025-04-19 17:30:00+00:00,85030.82,85253.0,84990.96,85239.92,199.90713
2025-04-19 18:00:00+00:00,85239.92,85300.87,85155.84,85244.16,110.2898
2025-04-19 18:30:00+00:00,85244.16,85320.76,85123.52,85144.64,262.93791
2025-04-19 19:00:00+00:00,85144.64,85200.0,85044.68,85158.53,90.86488
2025-04-19 19:30:00+00:00,85158.54,85158.54,85044.67,85085.55,109.0855
2025-04-19 20:00:00+00:00,85085.56,85209.75,85015.63,85209.74,83.05245
2025-04-19 20:30:00+00:00,85209.75,85265.95,85190.65,85195.85,44.3247
2025-04-19 21:00:00+00:00,85195.85,85367.93,85183.2,85280.8,80.99501
2025-04-19 21:30:00+00:00,85280.8,85367.93,85248.86,85339.53,60.14401
2025-04-19 22:00:00+00:00,85339.53,85339.54,85217.39,85232.85,78.96649
2025-04-19 22:30:00+00:00,85232.85,85355.2,85217.39,85259.86,76.50983
2025-04-19 23:00:00+00:00,85259.85,85259.86,85106.15,85106.16,71.84986
2025-04-19 23:30:00+00:00,85106.16,85173.91,85067.07,85077.01,53.63823
2025-04-20 00:00:00+00:00,85077.0,85226.42,85050.27,85181.6,245.91378
2025-04-20 00:30:00+00:00,85181.6,85226.1,85085.35,85167.99,83.38106
2025-04-20 01:00:00+00:00,85167.98,85320.76,85139.7,85263.87,107.46256
2025-04-20 01:30:00+00:00,85263.87,85320.16,85200.8,85320.15,140.91556
2025-04-20 02:00:00+00:00,85320.16,85320.76,85204.8,85221.18,81.06909
2025-04-20 02:30:00+00:00,85221.19,85298.07,85202.92,85226.44,77.54942
2025-04-20 03:00:00+00:00,85226.44,85266.38,85179.47,85211.08,80.04148
2025-04-20 03:30:00+00:00,85211.07,85211.08,85111.0,85168.81,66.21049
2025-04-20 04:00:00+00:00,85168.82,85219.91,85104.85,85205.4,72.74793
2025-04-20 04:30:00+00:00,85205.4,85248.0,85168.32,85185.13,46.3298
2025-04-20 05:00:00+00:00,85185.14,85195.75,85158.73,85158.74,54.25104
2025-04-20 05:30:00+00:00,85158.73,85158.74,85088.54,85088.54,74.40758
2025-04-20 06:00:00+00:00,85088.55,85160.0,85070.0,85070.01,79.14505
2025-04-20 06:30:00+00:00,85070.01,85114.47,84852.15,84955.42,204.12311
2025-04-20 07:00:00+00:00,84955.43,84955.43,84724.0,84748.94,467.21399
2025-04-20 07:30:00+00:00,84748.94,84839.82,84678.18,84784.01,169.47772
2025-04-20 08:00:00+00:00,84784.01,84785.0,84657.84,84674.1,135.67262
2025-04-20 08:30:00+00:00,84674.1,84700.0,84617.01,84647.3,103.12895
2025-04-20 09:00:00+00:00,84647.3,84647.31,84578.0,84584.24,128.51833
2025-04-20 09:30:00+00:00,84584.24,84627.53,84453.77,84551.14,222.78834
2025-04-20 10:00:00+00:00,84551.15,84551.15,84392.13,84403.56,284.03069
2025-04-20 10:30:00+00:00,84403.56,84452.57,84000.0,84184.03,560.00554
2025-04-20 11:00:00+00:00,84184.02,84259.94,84004.01,84042.01,218.63523
2025-04-20 11:30:00+00:00,84042.02,84157.67,83949.52,84129.83,232.62137
2025-04-20 12:00:00+00:00,84129.82,84403.14,84099.3,84395.44,410.99183
2025-04-20 12:30:00+00:00,84395.45,84488.85,84310.0,84365.56,198.97561
2025-04-20 13:00:00+00:00,84365.55,84380.03,84151.03,84339.99,173.90039
2025-04-20 13:30:00+00:00,84340.0,84465.66,84264.11,84315.21,123.78309
2025-04-20 14:00:00+00:00,84315.21,84664.0,84251.58,84549.78,220.73092
2025-04-20 14:30:00+00:00,84549.77,84647.31,84516.33,84626.16,159.27556
2025-04-20 15:00:00+00:00,84626.16,84630.99,84347.82,84381.11,183.07712
2025-04-20 15:30:00+00:00,84381.11,84494.07,84300.0,84344.66,250.28537
2025-04-20 16:00:00+00:00,84344.65,84608.7,84272.74,84532.32,238.8169
2025-04-20 16:30:00+00:00,84532.32,84622.76,84493.25,84604.11,89.57214
2025-04-20 17:00:00+00:00,84604.1,84608.7,84451.68,84482.65,83.18199
2025-04-20 17:30:00+00:00,84482.65,84623.0,84454.76,84581.98,78.06186
2025-04-20 18:00:00+00:00,84581.98,84636.9,84553.17,84569.97,65.56384
2025-04-20 18:30:00+00:00,84569.97,84586.79,84467.94,84577.78,74.37887
2025-04-20 19:00:00+00:00,84577.79,84594.96,84521.73,84545.97,75.78781
2025-04-20 19:30:00+00:00,84545.97,84664.09,84545.97,84651.61,63.69528
2025-04-20 20:00:00+00:00,84651.61,85226.06,84616.73,85119.04,458.77057
2025-04-20 20:30:00+00:00,85119.05,85250.0,85033.87,85127.58,234.86676
2025-04-20 21:00:00+00:00,85127.58,85244.02,84913.04,84998.39,145.3128
2025-04-20 21:30:00+00:00,84998.39,85200.0,84952.09,85009.27,131.50599
2025-04-20 22:00:00+00:00,85009.27,85031.19,84676.84,84707.54,197.6128
2025-04-20 22:30:00+00:00,84707.54,84839.99,84669.73,84835.28,74.95958
2025-04-20 23:00:00+00:00,84835.28,85298.0,84835.28,85086.74,274.41088
2025-04-20 23:30:00+00:00,85086.74,85200.0,84990.56,85179.24,148.51856
2025-04-21 00:00:00+00:00,85179.24,86333.0,85144.76,86216.86,1539.46098
2025-04-21 00:30:00+00:00,86216.86,87010.0,86216.86,86625.68,2192.90334
2025-04-21 01:00:00+00:00,86625.69,87275.57,86625.68,87102.02,1506.07653
2025-04-21 01:30:00+00:00,87102.01,87450.0,87080.09,87293.07,1434.40526
2025-04-21 02:00:00+00:00,87293.08,87640.0,87116.51,87367.93,1199.95617
2025-04-21 02:30:00+00:00,87367.92,87493.27,87123.5,87350.01,634.34674
2025-04-21 03:00:00+00:00,87350.0,87612.0,87350.0,87373.13,506.24343
2025-04-21 03:30:00+00:00,87373.13,87437.93,87156.05,87205.56,519.94493
2025-04-21 04:00:00+00:00,87205.56,87337.6,87103.74,87107.59,419.29464
2025-04-21 04:30:00+00:00,87107.58,87390.54,87038.0,87351.14,387.40208
2025-04-21 05:00:00+00:00,87351.13,87489.54,87323.55,87456.74,324.01319
2025-04-21 05:30:00+00:00,87456.73,87738.0,87352.62,87550.0,495.10913
2025-04-21 06:00:00+00:00,87550.0,87695.66,87440.56,87501.01,422.70216
2025-04-21 06:30:00+00:00,87501.02,87550.0,87370.32,87521.73,180.87318
2025-04-21 07:00:00+00:00,87521.74,87621.62,87333.33,87400.0,424.25609
2025-04-21 07:30:00+00:00,87400.0,87582.73,87400.0,87434.78,206.08717
2025-04-21 08:00:00+00:00,87434.79,87699.0,87416.85,87633.46,272.76044
2025-04-21 08:30:00+00:00,87633.47,87650.95,87550.0,87569.28,199.11433
2025-04-21 09:00:00+00:00,87569.28,87795.26,87308.56,87336.09,533.28176
2025-04-21 09:30:00+00:00,87336.08,87558.26,87300.0,87516.05,516.75651
2025-04-21 10:00:00+00:00,87516.05,87577.0,87275.0,87293.99,362.87777
2025-04-21 10:30:00+00:00,87294.0,87400.54,87250.0,87347.83,256.82383
2025-04-21 11:00:00+00:00,87347.82,87351.04,86644.29,86817.69,717.11704
2025-04-21 11:30:00+00:00,86817.69,86999.99,86759.65,86971.92,447.17387
2025-04-21 12:00:00+00:00,86971.92,87538.46,86962.46,87320.98,622.46379
2025-04-21 12:30:00+00:00,87320.98,87386.45,87020.0,87038.71,248.87451
2025-04-21 13:00:00+00:00,87038.71,87238.17,86779.97,87238.17,733.18663
2025-04-21 13:30:00+00:00,87238.17,87575.21,86926.42,87028.09,927.13927
2025-04-21 14:00:00+00:00,87028.08,88409.99,86943.39,88366.04,2293.01954
2025-04-21 14:30:00+00:00,88367.33,88465.99,87806.63,88208.37,1583.24424
2025-04-21 15:00:00+00:00,88208.37,88311.33,87862.93,88225.63,1013.22491
2025-04-21 15:30:00+00:00,88225.64,88329.49,87906.01,88044.8,907.33341
2025-04-21 16:00:00+00:00,88044.81,88270.88,87676.59,87765.99,819.14533
2025-04-21 16:30:00+00:00,87766.0,87932.75,87052.18,87176.96,746.48759
2025-04-21 17:00:00+00:00,87176.97,87319.69,86389.78,87150.0,1391.22544
2025-04-21 17:30:00+00:00,87150.0,87269.09,86701.5,86847.39,614.12781
2025-04-21 18:00:00+00:00,86847.38,87047.45,86637.47,86869.57,486.43226
2025-04-21 18:30:00+00:00,86869.57,87028.96,86784.18,86786.29,349.33457
2025-04-21 19:00:00+00:00,86786.29,87300.0,86712.5,87282.45,489.00095
2025-04-21 19:30:00+00:00,87282.45,87488.0,87225.55,87415.1,665.44941
2025-04-21 20:00:00+00:00,87415.09,87440.5,87150.0,87160.68,258.11043
2025-04-21 20:30:00+00:00,87160.69,87367.93,87144.69,87367.92,187.74691
2025-04-21 21:00:00+00:00,87367.92,87385.94,87155.24,87187.22,170.02669
2025-04-21 21:30:00+00:00,87187.22,87339.86,86887.15,87275.0,322.53618
2025-04-21 22:00:00+00:00,87275.01,87282.75,86928.74,86991.92,275.5295
2025-04-21 22:30:00+00:00,86991.92,87177.64,86990.56,87168.08,193.99535
2025-04-21 23:00:00+00:00,87168.08,87353.52,87030.65,87337.49,342.85394
2025-04-21 23:30:00+00:00,87337.49,87625.68,87192.78,87516.23,433.90339
2025-04-22 00:00:00+00:00,87516.22,87711.3,87451.09,87608.69,555.83589
2025-04-22 00:30:00+00:00,87608.69,87731.81,87076.03,87709.85,780.2024
2025-04-22 01:00:00+00:00,87709.86,88877.0,87513.87,88401.03,1891.4344
2025-04-22 01:30:00+00:00,88401.04,88546.52,88242.93,88400.01,528.95311
2025-04-22 02:00:00+00:00,88400.0,88684.43,88002.09,88069.6,452.97277
2025-04-22 02:30:00+00:00,88069.6,88272.5,87896.8,88169.21,664.69459
2025-04-22 03:00:00+00:00,88169.21,88263.34,87826.08,88140.13,777.1135
2025-04-22 03:30:00+00:00,88140.13,88282.06,88070.8,88157.55,297.49194
2025-04-22 04:00:00+00:00,88157.55,88368.83,88147.19,88275.0,303.98043
2025-04-22 04:30:00+00:00,88275.01,88310.61,88021.73,88056.79,373.80945
2025-04-22 05:00:00+00:00,88056.79,88178.23,87953.86,88137.03,234.11268
2025-04-22 05:30:00+00:00,88137.03,88413.12,88119.35,88391.27,304.99788
2025-04-22 06:00:00+00:00,88391.27,88459.03,88070.23,88092.98,309.87383
2025-04-22 06:30:00+00:00,88092.97,88249.9,88000.0,88246.46,246.36333
2025-04-22 07:00:00+00:00,88246.46,88331.07,88172.18,88285.85,217.48105
2025-04-22 07:30:00+00:00,88285.85,88486.0,88285.84,88476.83,730.53099
2025-04-22 08:00:00+00:00,88476.82,88688.0,88388.0,88403.85,408.91625
2025-04-22 08:30:00+00:00,88403.85,88498.27,88320.0,88414.33,258.69711
2025-04-22 09:00:00+00:00,88414.33,88528.83,88312.7,88528.83,327.01177
2025-04-22 09:30:00+00:00,88528.82,88600.0,88462.26,88574.34,289.33849
2025-04-22 10:00:00+00:00,88574.33,88596.97,88241.33,88330.33,332.65554
2025-04-22 10:30:00+00:00,88330.32,88590.0,88310.21,88513.71,269.50622
2025-04-22 11:00:00+00:00,88513.71,88674.89,88479.66,88632.81,300.52178
2025-04-22 11:30:00+00:00,88632.81,88701.93,88482.63,88614.1,473.18615
2025-04-22 12:00:00+00:00,88614.09,88799.11,88540.0,88791.11,339.50541
2025-04-22 12:30:00+00:00,88791.12,89220.35,88482.0,88992.7,1243.51617
2025-04-22 13:00:00+00:00,88992.71,89888.0,88944.01,89617.14,1843.66574
2025-04-22 13:30:00+00:00,89617.14,90499.0,89396.0,90236.16,3183.30562
2025-04-22 14:00:00+00:00,90236.16,90530.0,90026.76,90246.61,1528.56516
2025-04-22 14:30:00+00:00,90246.6,90942.15,90105.0,90797.73,2356.77658
2025-04-22 15:00:00+00:00,90797.73,91439.46,90739.13,90928.46,3112.42837
2025-04-22 15:30:00+00:00,90928.46,90967.82,90383.84,90934.61,1744.42013
2025-04-22 16:00:00+00:00,90934.61,91041.97,90624.03,90676.23,1008.28071
2025-04-22 16:30:00+00:00,90676.23,90849.79,90624.6,90673.1,820.67918
2025-04-22 17:00:00+00:00,90673.1,91038.45,90666.66,90940.82,753.81358
2025-04-22 17:30:00+00:00,90940.82,91480.0,90921.03,91396.14,1145.28214
2025-04-22 18:00:00+00:00,91396.14,91666.0,91140.15,91199.95,1004.16912
2025-04-22 18:30:00+00:00,91199.95,91519.99,91151.07,91504.36,296.72192
2025-04-22 19:00:00+00:00,91504.36,91695.0,91464.56,91640.0,544.1423
2025-04-22 19:30:00+00:00,91640.0,91666.66,90905.0,91414.79,807.62239
2025-04-22 20:00:00+00:00,91414.78,91509.75,91166.17,91236.39,590.83933
2025-04-22 20:30:00+00:00,91236.39,91260.0,91065.83,91111.72,215.36765
2025-04-22 21:00:00+00:00,91111.72,91940.85,91060.0,91415.4,759.81757
2025-04-22 21:30:00+00:00,91415.4,93888.0,91120.0,93039.99,5358.34879
2025-04-22 22:00:00+00:00,93039.99,93354.93,92537.93,92915.96,1006.34363
2025-04-22 22:30:00+00:00,92916.24,93060.0,92621.15,92786.19,628.3254
2025-04-22 23:00:00+00:00,92786.19,93703.0,92786.19,93591.55,1169.66312
2025-04-22 23:30:00+00:00,93591.55,93860.85,93364.54,93442.99,1081.46549
2025-04-23 00:00:00+00:00,93442.99,93909.05,93203.59,93300.0,1266.34013
2025-04-23 00:30:00+00:00,93300.0,93408.36,92784.22,92896.99,824.90544
2025-04-23 01:00:00+00:00,92896.99,93496.8,92852.2,93288.36,643.30914
2025-04-23 01:30:00+00:00,93288.36,93288.36,92580.18,92640.0,770.61463
2025-04-23 02:00:00+00:00,92640.0,93254.68,92604.92,92999.11,596.06847
2025-04-23 02:30:00+00:00,92999.12,93019.48,92793.32,92868.77,495.97413
2025-04-23 03:00:00+00:00,92868.76,92924.55,92689.4,92919.1,248.66623
2025-04-23 03:30:00+00:00,92919.1,93223.82,92833.13,93168.91,369.45874
2025-04-23 04:00:00+00:00,93168.91,93269.53,93017.46,93068.17,376.36961
2025-04-23 04:30:00+00:00,93068.17,93666.0,93068.17,93665.99,525.32131
2025-04-23 05:00:00+00:00,93665.99,93665.99,93345.01,93400.0,467.69106
2025-04-23 05:30:00+00:00,93399.99,93565.22,93280.79,93478.42,392.88319
2025-04-23 06:00:00+00:00,93478.43,93863.63,93420.0,93740.73,420.19573
2025-04-23 06:30:00+00:00,93740.73,93822.8,93558.27,93628.13,366.34993
2025-04-23 07:00:00+00:00,93628.14,93824.31,93490.9,93546.39,385.06864
2025-04-23 07:30:00+00:00,93546.39,94264.0,93546.39,94133.82,819.26286
2025-04-23 08:00:00+00:00,94133.82,94521.79,93913.04,94240.08,941.2884
2025-04-23 08:30:00+00:00,94240.07,94431.56,94122.03,94285.72,425.42985
2025-04-23 09:00:00+00:00,94285.72,94398.97,94147.44,94147.44,343.75993
2025-04-23 09:30:00+00:00,94147.44,94198.57,93888.52,93888.52,456.45188
2025-04-23 10:00:00+00:00,93888.53,93900.0,93340.81,93638.1,1042.75458
2025-04-23 10:30:00+00:00,93638.09,93755.31,93522.24,93745.19,387.00039
2025-04-23 11:00:00+00:00,93745.04,93777.95,93610.34,93614.42,325.59495
2025-04-23 11:30:00+00:00,93614.43,93630.08,93324.45,93466.01,387.44122
2025-04-23 12:00:00+00:00,93466.01,93840.55,93421.94,93721.08,427.01894
2025-04-23 12:30:00+00:00,93721.08,93857.14,93608.69,93731.4,288.76565
2025-04-23 13:00:00+00:00,93731.4,94160.0,93682.4,94009.3,617.61159
2025-04-23 13:30:00+00:00,94009.31,94696.05,92872.16,93020.22,2669.58865
2025-04-23 14:00:00+00:00,93020.35,93665.99,92666.01,93138.69,1205.9778
2025-04-23 14:30:00+00:00,93138.69,93216.0,92763.54,92940.06,585.45007
2025-04-23 15:00:00+00:00,92940.05,92940.06,91935.41,92164.0,1820.47408
2025-04-23 15:30:00+00:00,92163.99,93238.87,92025.44,93195.28,929.97232
2025-04-23 16:00:00+00:00,93195.28,93383.74,92913.04,93371.7,627.21878
2025-04-23 16:30:00+00:00,93371.71,93770.19,93304.34,93641.74,742.43093
2025-04-23 17:00:00+00:00,93641.73,93939.63,93455.85,93770.99,705.10909
2025-04-23 17:30:00+00:00,93771.0,93959.47,93586.4,93894.37,339.69325
2025-04-23 18:00:00+00:00,93894.38,94219.93,93845.7,93896.42,469.53254
2025-04-23 18:30:00+00:00,93896.43,93966.0,93620.89,93620.89,227.15409
2025-04-23 19:00:00+00:00,93620.89,93620.89,92963.66,93005.0,471.65351
2025-04-23 19:30:00+00:00,93005.01,93618.56,92974.76,93497.88,436.13098
2025-04-23 20:00:00+00:00,93497.88,93879.42,93476.2,93735.15,305.82044
2025-04-23 20:30:00+00:00,93735.15,93863.1,93595.06,93640.0,157.79868
2025-04-23 21:00:00+00:00,93640.01,93917.53,93580.0,93735.33,219.04247
2025-04-23 21:30:00+00:00,93735.33,93791.5,93273.06,93485.5,180.04433
2025-04-23 22:00:00+00:00,93485.51,93517.16,93238.1,93410.3,186.01227
2025-04-23 22:30:00+00:00,93410.3,93790.21,93401.08,93790.19,179.25019
2025-04-23 23:00:00+00:00,93790.19,93841.3,93680.0,93695.66,140.65862
2025-04-23 23:30:00+00:00,93695.65,93698.82,93525.44,93691.08,193.55837
2025-04-24 00:00:00+00:00,93691.07,93787.65,93276.53,93306.44,568.9413
2025-04-24 00:30:00+00:00,93306.45,93640.0,93234.31,93357.22,322.36767
2025-04-24 01:00:00+00:00,93357.22,93450.0,93060.75,93285.71,393.09746
2025-04-24 01:30:00+00:00,93285.72,93618.88,93285.72,93489.18,226.85132
2025-04-24 02:00:00+00:00,93489.18,93631.0,93335.53,93515.95,196.23103
2025-04-24 02:30:00+00:00,93515.96,93533.89,93050.0,93101.23,277.00709
2025-04-24 03:00:00+00:00,93101.23,93329.63,93101.22,93283.15,220.47074
2025-04-24 03:30:00+00:00,93283.15,93283.16,92650.0,92673.95,563.15705
2025-04-24 04:00:00+00:00,92673.95,92839.46,92385.12,92739.18,894.28944
2025-04-24 04:30:00+00:00,92739.19,92839.02,92540.14,92746.66,213.00224
2025-04-24 05:00:00+00:00,92746.67,92903.94,92527.62,92605.14,217.55637
2025-04-24 05:30:00+00:00,92605.13,92739.11,92552.0,92576.61,204.49695
2025-04-24 06:00:00+00:00,92576.6,92639.89,92254.0,92624.97,434.34683
2025-04-24 06:30:00+00:00,92624.97,92666.67,92321.55,92388.69,386.22624
2025-04-24 07:00:00+00:00,92388.7,92636.53,92286.53,92380.3,463.3079
2025-04-24 07:30:00+00:00,92380.3,92472.0,92101.63,92203.55,616.63174
2025-04-24 08:00:00+00:00,92203.54,92357.58,91872.19,91872.2,787.0097
2025-04-24 08:30:00+00:00,91872.2,92171.96,91660.01,92017.75,1044.95162
2025-04-24 09:00:00+00:00,92017.75,92548.66,91976.76,92386.2,744.65539
2025-04-24 09:30:00+00:00,92386.2,92589.56,92249.02,92476.9,250.89849
2025-04-24 10:00:00+00:00,92476.89,92608.65,92370.16,92567.01,322.74786
2025-04-24 10:30:00+00:00,92567.01,92657.69,92416.0,92550.89,289.52244
2025-04-24 11:00:00+00:00,92550.89,92562.89,92270.67,92439.58,244.46541
2025-04-24 11:30:00+00:00,92439.57,92640.0,92289.5,92619.94,256.33738
2025-04-24 12:00:00+00:00,92619.94,92735.25,92434.78,92589.0,383.45435
2025-04-24 12:30:00+00:00,92589.01,92805.67,92527.32,92777.27,296.3189
2025-04-24 13:00:00+00:00,92777.27,92839.0,92649.75,92739.14,374.57559
2025-04-24 13:30:00+00:00,92739.14,92966.34,92554.81,92813.83,865.82363
2025-04-24 14:00:00+00:00,92813.82,93250.0,92619.04,92823.8,967.12327
2025-04-24 14:30:00+00:00,92823.81,93400.0,92823.7,93101.83,604.22458
2025-04-24 15:00:00+00:00,93101.84,93450.0,93011.93,93136.25,605.95421
2025-04-24 15:30:00+00:00,93138.13,93347.83,93065.0,93202.51,349.76149
2025-04-24 16:00:00+00:00,93202.52,93536.87,93202.51,93528.66,478.79223
2025-04-24 16:30:00+00:00,93528.66,93595.22,93346.07,93346.08,392.25873
2025-04-24 17:00:00+00:00,93346.07,93428.41,92761.9,93031.1,445.15064
2025-04-24 17:30:00+00:00,93031.1,93086.96,92666.62,93011.28,268.98772
2025-04-24 18:00:00+00:00,93011.28,93395.41,92999.07,93217.39,245.51259
2025-04-24 18:30:00+00:00,93217.4,93463.67,93166.63,93380.0,181.23863
2025-04-24 19:00:00+00:00,93380.0,93515.62,93189.49,93490.41,178.97239
2025-04-24 19:30:00+00:00,93490.41,93649.56,93486.39,93556.12,313.14706
2025-04-24 20:00:00+00:00,93556.12,93666.0,93326.28,93445.87,403.60455
2025-04-24 20:30:00+00:00,93445.87,93542.91,93299.14,93390.66,242.49771
2025-04-24 21:00:00+00:00,93391.3,93563.37,93024.0,93159.99,200.87781
2025-04-24 21:30:00+00:00,93159.99,93390.88,93142.24,93353.72,131.15073
2025-04-24 22:00:00+00:00,93353.73,93557.0,93288.0,93531.25,148.43799
2025-04-24 22:30:00+00:00,93531.25,93582.73,93309.77,93427.98,206.65814
2025-04-24 23:00:00+00:00,93427.98,93698.0,93373.33,93683.24,307.84865
2025-04-24 23:30:00+00:00,93683.24,94005.0,93643.53,93980.47,766.11946
2025-04-25 00:00:00+00:00,93980.47,94006.0,93520.0,93645.99,1193.88306
2025-04-25 00:30:00+00:00,93645.99,93920.84,93604.8,93896.28,206.45265
2025-04-25 01:00:00+00:00,93896.27,94444.0,93640.58,93681.38,981.15939
2025-04-25 01:30:00+00:00,93681.39,93860.17,93602.83,93678.13,335.96877
2025-04-25 02:00:00+00:00,93678.14,93897.59,93170.0,93336.07,584.1107
2025-04-25 02:30:00+00:00,93336.06,93336.07,92892.0,92992.33,485.03914
2025-04-25 03:00:00+00:00,92992.33,93200.73,92855.96,93134.71,412.12516
2025-04-25 03:30:00+00:00,93134.71,93387.09,93131.26,93311.83,293.39917
2025-04-25 04:00:00+00:00,93311.83,93498.0,93219.51,93220.06,459.39555
2025-04-25 04:30:00+00:00,93220.05,93247.0,93047.0,93058.58,208.98693
2025-04-25 05:00:00+00:00,93058.58,93419.45,93013.56,93390.69,414.76786
2025-04-25 05:30:00+00:00,93390.69,93409.91,93204.28,93206.05,167.95811
2025-04-25 06:00:00+00:00,93206.06,93445.42,93199.99,93434.34,253.63481
2025-04-25 06:30:00+00:00,93434.34,93612.57,93427.23,93538.07,268.77273
2025-04-25 07:00:00+00:00,93538.08,93783.06,93506.76,93506.78,382.17909
2025-04-25 07:30:00+00:00,93506.79,93860.0,93497.64,93772.26,1308.17602
2025-04-25 08:00:00+00:00,93772.27,93888.0,93624.63,93808.38,390.17276
2025-04-25 08:30:00+00:00,93808.39,93808.39,93648.79,93680.01,352.95617
2025-04-25 09:00:00+00:00,93680.01,93680.01,93539.82,93650.32,225.46401
2025-04-25 09:30:00+00:00,93650.33,93873.41,93636.95,93816.42,274.54966
2025-04-25 10:00:00+00:00,93816.42,93976.42,93663.51,93690.09,331.63084
2025-04-25 10:30:00+00:00,93690.09,93746.75,93581.39,93634.02,285.5299
2025-04-25 11:00:00+00:00,93634.02,94200.0,93634.02,94190.0,495.38423
2025-04-25 11:30:00+00:00,94190.0,94660.0,94089.99,94635.67,1142.76115
2025-04-25 12:00:00+00:00,94635.67,94990.0,94375.0,94467.21,1850.80873
2025-04-25 12:30:00+00:00,94467.22,94844.27,94270.81,94417.29,650.51515
2025-04-25 13:00:00+00:00,94417.29,94593.96,94189.0,94201.95,484.42672
2025-04-25 13:30:00+00:00,94201.95,94688.88,93929.41,94400.01,762.203
2025-04-25 14:00:00+00:00,94400.01,95332.0,94391.3,94680.8,2871.71788
2025-04-25 14:30:00+00:00,94680.8,95758.04,94554.04,95368.0,2443.90103
2025-04-25 15:00:00+00:00,95368.0,95683.31,95223.29,95304.03,1006.61958
2025-04-25 15:30:00+00:00,95304.03,95386.4,94804.82,95061.22,802.34824
2025-04-25 16:00:00+00:00,95061.21,95220.01,94726.86,95100.31,486.24428
2025-04-25 16:30:00+00:00,95100.31,95381.52,95029.99,95223.81,341.10908
2025-04-25 17:00:00+00:00,95223.82,95554.99,95201.02,95417.7,445.89835
2025-04-25 17:30:00+00:00,95417.7,95417.7,94370.35,94527.79,767.65402
2025-04-25 18:00:00+00:00,94527.79,94896.0,94527.79,94857.84,336.02507
2025-04-25 18:30:00+00:00,94857.85,95228.28,94836.0,94970.15,405.10371
2025-04-25 19:00:00+00:00,94970.16,95310.89,94879.05,95059.6,374.23031
2025-04-25 19:30:00+00:00,95059.59,95318.26,94973.12,95291.0,379.84539
2025-04-25 20:00:00+00:00,95291.0,95345.45,94913.27,94966.17,345.84578
2025-04-25 20:30:00+00:00,94966.17,95024.0,94777.0,94869.57,191.91247
2025-04-25 21:00:00+00:00,94869.57,95034.36,94672.66,94703.49,160.12363
2025-04-25 21:30:00+00:00,94703.49,94844.24,94441.61,94608.69,266.54786
2025-04-25 22:00:00+00:00,94608.69,94894.34,94587.21,94835.33,163.30009
2025-04-25 22:30:00+00:00,94835.33,94968.94,94835.33,94850.0,86.71044
2025-04-25 23:00:00+00:00,94850.01,94973.4,94639.94,94734.44,230.33792
2025-04-25 23:30:00+00:00,94734.45,94771.54,94609.25,94638.68,192.77989
2025-04-26 00:00:00+00:00,94638.68,94810.0,94627.15,94706.0,412.14842
2025-04-26 00:30:00+00:00,94705.99,94935.97,94527.84,94880.69,985.07224
2025-04-26 01:00:00+00:00,94880.68,95086.96,94751.12,95004.01,256.47733
2025-04-26 01:30:00+00:00,95004.01,95199.0,94990.8,95013.14,250.87965
2025-04-26 02:00:00+00:00,95013.15,95013.15,94699.11,94881.31,263.71636
2025-04-26 02:30:00+00:00,94881.31,95157.73,94839.85,95000.0,162.45748
2025-04-26 03:00:00+00:00,95000.0,95059.67,94758.43,94793.34,130.73005
2025-04-26 03:30:00+00:00,94793.34,94798.43,94710.0,94739.99,81.22035
2025-04-26 04:00:00+00:00,94739.99,94830.93,94613.91,94625.54,270.56549
2025-04-26 04:30:00+00:00,94625.54,94700.0,94533.92,94536.99,227.36883
2025-04-26 05:00:00+00:00,94537.0,94650.47,94380.72,94550.35,201.30282
2025-04-26 05:30:00+00:00,94550.34,94706.6,94550.34,94626.47,123.82108
2025-04-26 06:00:00+00:00,94626.47,94699.0,94583.91,94608.71,120.11924
2025-04-26 06:30:00+00:00,94608.71,94743.88,94608.71,94630.42,162.97913
2025-04-26 07:00:00+00:00,94630.42,94756.5,94630.41,94702.06,146.40059
2025-04-26 07:30:00+00:00,94702.06,94794.17,94570.31,94570.31,157.50101
2025-04-26 08:00:00+00:00,94570.31,94733.54,94408.81,94660.0,199.37508
2025-04-26 08:30:00+00:00,94660.0,94687.31,94268.2,94318.04,307.20128
2025-04-26 09:00:00+00:00,94318.03,94423.77,94217.32,94253.35,237.86992
2025-04-26 09:30:00+00:00,94253.35,94277.86,94120.5,94277.65,298.32785
2025-04-26 10:00:00+00:00,94277.65,94368.23,94151.07,94285.06,151.18147
2025-04-26 10:30:00+00:00,94285.06,94394.44,94209.03,94209.03,118.93324
2025-04-26 11:00:00+00:00,94209.03,94250.67,94134.86,94142.85,132.42543
2025-04-26 11:30:00+00:00,94142.85,94238.1,93990.6,94144.06,302.17354
2025-04-26 12:00:00+00:00,94144.07,94320.0,94113.23,94300.51,206.11092
2025-04-26 12:30:00+00:00,94300.51,94300.51,94123.6,94245.9,141.07598
2025-04-26 13:00:00+00:00,94245.91,94300.95,94066.26,94066.26,105.72477
2025-04-26 13:30:00+00:00,94066.26,94160.0,93870.69,94149.2,445.66392
2025-04-26 14:00:00+00:00,94149.19,94211.73,93920.0,94111.0,197.28368
2025-04-26 14:30:00+00:00,94111.0,94271.38,94061.04,94240.01,143.62208
2025-04-26 15:00:00+00:00,94240.01,94386.0,94184.23,94380.95,261.62781
2025-04-26 15:30:00+00:00,94380.96,94394.0,94235.58,94373.24,137.72062
2025-04-26 16:00:00+00:00,94373.24,94373.24,94238.04,94327.99,93.20979
2025-04-26 16:30:00+00:00,94328.0,94358.9,94041.0,94286.92,174.26076
2025-04-26 17:00:00+00:00,94286.92,94378.87,94222.33,94319.99,103.94596
2025-04-26 17:30:00+00:00,94319.99,94366.88,94281.18,94316.79,60.48798
2025-04-26 18:00:00+00:00,94316.79,94372.0,94230.52,94337.51,111.97604
2025-04-26 18:30:00+00:00,94337.51,94357.17,94123.5,94154.71,118.01692
2025-04-26 19:00:00+00:00,94154.71,94226.39,94095.23,94215.33,79.92871
2025-04-26 19:30:00+00:00,94215.34,94334.81,94189.51,94307.5,90.43127
2025-04-26 20:00:00+00:00,94307.51,94380.96,94206.3,94243.47,94.8198
2025-04-26 20:30:00+00:00,94243.48,94260.87,94087.0,94087.0,85.90715
2025-04-26 21:00:00+00:00,94087.01,94320.52,94087.0,94228.85,163.63924
2025-04-26 21:30:00+00:00,94228.85,94360.0,94217.39,94355.38,99.97174
2025-04-26 22:00:00+00:00,94355.39,94708.88,94355.39,94645.09,260.24529
2025-04-26 22:30:00+00:00,94645.09,94800.0,94600.52,94781.86,220.78483
2025-04-26 23:00:00+00:00,94781.86,94888.0,94656.34,94737.62,194.56869
2025-04-26 23:30:00+00:00,94737.62,94737.62,94555.0,94628.0,123.79692
2025-04-27 00:00:00+00:00,94628.0,95001.58,94576.74,94949.49,523.81824
2025-04-27 00:30:00+00:00,94949.49,94970.91,94816.64,94870.01,204.91741
2025-04-27 01:00:00+00:00,94870.01,95369.0,94608.9,94721.31,1749.25822
2025-04-27 01:30:00+00:00,94721.31,94761.91,94041.6,94117.6,650.88065
2025-04-27 02:00:00+00:00,94117.6,94469.5,94050.15,94337.32,250.61698
2025-04-27 02:30:00+00:00,94337.32,94431.2,94173.91,94345.86,116.54055
2025-04-27 03:00:00+00:00,94345.86,94465.0,94154.33,94208.11,181.99923
2025-04-27 03:30:00+00:00,94208.12,94288.84,94130.71,94156.21,247.84196
2025-04-27 04:00:00+00:00,94156.22,94288.65,94123.0,94210.0,163.54671
2025-04-27 04:30:00+00:00,94210.0,94216.52,94013.0,94014.17,285.38854
2025-04-27 05:00:00+00:00,94014.16,94173.92,93666.61,93794.12,519.74054
2025-04-27 05:30:00+00:00,93794.11,94014.11,93655.0,93923.88,224.37388
2025-04-27 06:00:00+00:00,93923.89,94100.0,93907.52,94012.27,195.6775
2025-04-27 06:30:00+00:00,94012.26,94034.37,93880.0,94015.91,85.69089
2025-04-27 07:00:00+00:00,94015.91,94128.0,93930.52,94103.95,127.59672
2025-04-27 07:30:00+00:00,94103.95,94142.52,94010.58,94065.98,256.70604
2025-04-27 08:00:00+00:00,94065.99,94250.0,94020.0,94201.42,237.3456
2025-04-27 08:30:00+00:00,94201.42,94331.85,94140.0,94202.51,295.90525
2025-04-27 09:00:00+00:00,94202.5,94207.08,94110.05,94120.02,139.73619
2025-04-27 09:30:00+00:00,94120.03,94229.21,94104.89,94159.87,89.70825
2025-04-27 10:00:00+00:00,94159.87,94180.0,94020.0,94020.0,118.06721
2025-04-27 10:30:00+00:00,94020.0,94053.6,93940.0,94053.6,126.12004
2025-04-27 11:00:00+00:00,94053.59,94082.13,93883.81,93954.0,170.63926
2025-04-27 11:30:00+00:00,93954.67,94050.75,93902.21,93920.01,165.50363
2025-04-27 12:00:00+00:00,93920.0,93926.85,93781.35,93781.36,154.01494
2025-04-27 12:30:00+00:00,93781.35,93984.42,93682.93,93734.86,298.7475
2025-04-27 13:00:00+00:00,93734.86,93904.77,93602.58,93812.65,262.82356
2025-04-27 13:30:00+00:00,93812.64,94086.96,93799.26,94060.09,190.94164
2025-04-27 14:00:00+00:00,94060.09,94173.91,93928.13,94047.61,187.8908
2025-04-27 14:30:00+00:00,94047.62,94120.0,93956.52,93985.9,108.0714
2025-04-27 15:00:00+00:00,93985.89,94004.82,93800.0,93800.0,131.46439
2025-04-27 15:30:00+00:00,93800.0,93931.26,93787.93,93901.08,98.69143
2025-04-27 16:00:00+00:00,93901.09,93925.8,93782.6,93845.38,143.48207
2025-04-27 16:30:00+00:00,93845.39,93927.5,93727.08,93881.82,171.73314
2025-04-27 17:00:00+00:00,93881.82,94158.01,93793.12,94051.62,312.62126
2025-04-27 17:30:00+00:00,94051.63,94099.7,93984.43,94043.78,70.93777
2025-04-27 18:00:00+00:00,94043.79,94217.3,93991.8,94167.03,90.19678
2025-04-27 18:30:00+00:00,94167.03,94415.54,94167.02,94287.29,370.79116
2025-04-27 19:00:00+00:00,94287.28,94355.4,94200.0,94342.5,91.91577
2025-04-27 19:30:00+00:00,94342.51,94434.79,94327.27,94433.5,102.94602
2025-04-27 20:00:00+00:00,94433.49,94433.5,94260.86,94291.42,94.26022
2025-04-27 20:30:00+00:00,94291.42,94380.96,94260.86,94260.86,59.65562
2025-04-27 21:00:00+00:00,94260.87,94356.0,94160.49,94356.0,91.60684
2025-04-27 21:30:00+00:00,94356.0,94545.45,94318.34,94328.29,151.37131
2025-04-27 22:00:00+00:00,94328.3,94335.84,93798.97,93810.43,403.56626
2025-04-27 22:30:00+00:00,93810.42,94011.63,93641.7,93939.57,159.74236
2025-04-27 23:00:00+00:00,93939.57,93939.57,93660.0,93826.79,177.06632
2025-04-27 23:30:00+00:00,93826.79,93887.5,93692.28,93749.3,110.68295
2025-04-28 00:00:00+00:00,93749.29,93794.87,93287.98,93588.03,594.7932
2025-04-28 00:30:00+00:00,93588.04,93798.71,93381.6,93419.9,224.87494
2025-04-28 01:00:00+00:00,93419.9,93598.2,93000.65,93043.48,662.30369
2025-04-28 01:30:00+00:00,93043.47,93095.06,92800.01,92949.99,609.31819
2025-04-28 02:00:00+00:00,92950.0,93427.31,92890.06,93378.42,541.65686
2025-04-28 02:30:00+00:00,93378.42,93637.5,93369.45,93621.64,390.35346
2025-04-28 03:00:00+00:00,93621.64,93824.25,93470.01,93731.37,290.02506
2025-04-28 03:30:00+00:00,93731.38,93987.3,93731.38,93849.93,515.9294
2025-04-28 04:00:00+00:00,93849.93,94191.7,93849.93,94180.0,714.4529
2025-04-28 04:30:00+00:00,94180.01,94186.69,94008.98,94036.48,422.22396
2025-04-28 05:00:00+00:00,94036.47,94333.0,93962.8,94112.36,438.17774
2025-04-28 05:30:00+00:00,94112.37,94281.01,94033.65,94224.28,255.36196
2025-04-28 06:00:00+00:00,94224.28,94444.04,94224.27,94341.3,255.77157
2025-04-28 06:30:00+00:00,94341.29,94670.46,94341.29,94583.99,411.73484
2025-04-28 07:00:00+00:00,94584.0,94683.17,94487.09,94666.38,326.45455
2025-04-28 07:30:00+00:00,94666.38,94800.0,94599.96,94692.49,349.27751
2025-04-28 08:00:00+00:00,94692.49,94821.9,94591.61,94821.89,230.38743
2025-04-28 08:30:00+00:00,94821.9,94821.9,94594.5,94706.39,286.88337
2025-04-28 09:00:00+00:00,94706.4,94887.99,94662.28,94731.99,344.76826
2025-04-28 09:30:00+00:00,94731.99,94850.0,94696.0,94739.07,291.52812
2025-04-28 10:00:00+00:00,94739.07,94816.0,94339.48,94580.44,515.01683
2025-04-28 10:30:00+00:00,94580.44,95223.78,94580.44,95060.77,1154.17786
2025-04-28 11:00:00+00:00,95060.78,95498.0,95002.84,95487.2,881.54207
2025-04-28 11:30:00+00:00,95487.21,95550.0,95217.35,95319.99,703.51292
2025-04-28 12:00:00+00:00,95319.99,95367.58,95056.0,95311.14,610.25422
2025-04-28 12:30:00+00:00,95311.13,95630.0,95232.39,95350.69,1424.89708
2025-04-28 13:00:00+00:00,95350.69,95518.5,95052.06,95059.5,1051.85752
2025-04-28 13:30:00+00:00,95059.51,95186.89,93926.81,93965.7,1601.86722
2025-04-28 14:00:00+00:00,93965.7,94900.0,93850.0,94644.68,826.32285
2025-04-28 14:30:00+00:00,94644.67,94750.0,94359.99,94417.73,346.93371
2025-04-28 15:00:00+00:00,94417.73,94523.81,93600.0,93751.0,617.08883
2025-04-28 15:30:00+00:00,93750.99,93882.72,93583.9,93833.51,395.63348
2025-04-28 16:00:00+00:00,93833.5,93833.5,93444.0,93723.0,417.29227
2025-04-28 16:30:00+00:00,93723.01,94032.18,93647.36,93734.04,368.13679
2025-04-28 17:00:00+00:00,93734.04,93799.77,93579.5,93579.5,208.56921
2025-04-28 17:30:00+00:00,93579.51,94110.0,93492.23,94100.39,190.19093
2025-04-28 18:00:00+00:00,94100.39,94120.0,93787.61,93880.01,257.47663
2025-04-28 18:30:00+00:00,93880.01,94222.0,93859.12,94175.89,104.55645
2025-04-28 19:00:00+00:00,94175.89,94819.87,94160.61,94682.37,472.68135
2025-04-28 19:30:00+00:00,94682.38,94920.0,94680.07,94787.2,265.60102
2025-04-28 20:00:00+00:00,94786.73,94808.8,94547.49,94652.19,173.80556
2025-04-28 20:30:00+00:00,94652.19,94680.0,94373.35,94469.67,105.1827
2025-04-28 21:00:00+00:00,94469.66,94550.0,94353.79,94396.37,78.82177
2025-04-28 21:30:00+00:00,94396.37,94549.99,94305.95,94549.97,117.13835
2025-04-28 22:00:00+00:00,94549.97,94710.64,94480.0,94518.15,181.4988
2025-04-28 22:30:00+00:00,94518.15,94879.08,94480.0,94809.52,163.01846
2025-04-28 23:00:00+00:00,94809.52,95117.73,94792.52,95053.68,494.15809
2025-04-28 23:30:00+00:00,95053.68,95180.0,94942.48,95011.18,274.02353
2025-04-29 00:00:00+00:00,95011.18,95111.18,94829.3,95032.0,178.13593
2025-04-29 00:30:00+00:00,95032.0,95233.48,94948.0,95065.27,225.61573
2025-04-29 01:00:00+00:00,95065.27,95424.26,94735.78,95010.69,533.23958
2025-04-29 01:30:00+00:00,95010.69,95461.53,94847.76,94857.49,460.05124
2025-04-29 02:00:00+00:00,94857.49,94929.26,94618.97,94824.49,287.98588
2025-04-29 02:30:00+00:00,94824.49,94956.18,94504.81,94615.68,294.5544
2025-04-29 03:00:00+00:00,94615.69,94739.14,94443.7,94655.27,259.66444
2025-04-29 03:30:00+00:00,94655.28,94809.53,94638.59,94658.76,116.18131
2025-04-29 04:00:00+00:00,94658.75,94867.98,94536.02,94857.25,153.16729
2025-04-29 04:30:00+00:00,94857.25,94872.0,94290.07,94353.32,556.52946
2025-04-29 05:00:00+00:00,94353.32,94391.31,94200.89,94342.5,907.66676
2025-04-29 05:30:00+00:00,94342.5,94417.97,94200.0,94276.49,739.7928
2025-04-29 06:00:00+00:00,94276.49,94745.39,94258.41,94631.35,168.46453
2025-04-29 06:30:00+00:00,94631.35,94811.29,94571.59,94780.0,209.33658
2025-04-29 07:00:00+00:00,94780.01,94882.0,94704.81,94879.81,172.4535
2025-04-29 07:30:00+00:00,94879.82,94960.0,94783.05,94917.61,189.49106
2025-04-29 08:00:00+00:00,94917.61,95093.55,94878.01,94943.01,304.34723
2025-04-29 08:30:00+00:00,94943.01,95030.01,94812.86,95030.0,197.85779
2025-04-29 09:00:00+00:00,95030.01,95094.25,94787.15,94936.61,209.76578
2025-04-29 09:30:00+00:00,94936.61,95000.5,94827.13,94989.28,156.89251
2025-04-29 10:00:00+00:00,94989.28,95042.61,94844.93,94942.53,235.39736
2025-04-29 10:30:00+00:00,94942.54,94964.02,94743.01,94817.32,356.68317
2025-04-29 11:00:00+00:00,94817.32,95285.71,94810.63,95229.94,469.69712
2025-04-29 11:30:00+00:00,95229.94,95229.95,95021.9,95129.74,440.26729
2025-04-29 12:00:00+00:00,95129.74,95164.35,94889.84,94947.4,341.07409
2025-04-29 12:30:00+00:00,94947.39,95051.48,94779.33,94813.14,306.78661
2025-04-29 13:00:00+00:00,94813.14,94891.04,94590.48,94857.14,330.3994
2025-04-29 13:30:00+00:00,94857.15,95033.7,94680.0,94800.01,504.6506
2025-04-29 14:00:00+00:00,94800.0,95067.4,94531.85,94737.97,552.75783
2025-04-29 14:30:00+00:00,94737.98,95300.0,94700.0,95040.8,407.52198
2025-04-29 15:00:00+00:00,95040.81,95129.2,94728.78,94866.02,238.36873
2025-04-29 15:30:00+00:00,94866.01,94993.77,94752.42,94843.1,190.68912
2025-04-29 16:00:00+00:00,94843.1,95187.5,94800.01,95143.28,255.13084
2025-04-29 16:30:00+00:00,95143.29,95459.99,94904.76,94954.74,833.91292
2025-04-29 17:00:00+00:00,94954.74,95247.0,94658.99,95221.19,467.25054
2025-04-29 17:30:00+00:00,95221.19,95368.0,95053.67,95231.37,404.1174
2025-04-29 18:00:00+00:00,95231.37,95418.0,95060.0,95395.27,458.03916
2025-04-29 18:30:00+00:00,95395.28,95438.0,95264.48,95391.29,245.09908
2025-04-29 19:00:00+00:00,95391.29,95448.84,95271.41,95322.5,259.10768
2025-04-29 19:30:00+00:00,95322.51,95377.9,95224.93,95300.79,168.9165
2025-04-29 20:00:00+00:00,95300.79,95408.0,94941.9,94941.9,186.76847
2025-04-29 20:30:00+00:00,94941.9,94990.36,94820.0,94839.32,175.1223
2025-04-29 21:00:00+00:00,94839.31,94968.0,94350.0,94586.41,439.40836
2025-04-29 21:30:00+00:00,94586.41,94758.43,94434.78,94735.66,343.60673
2025-04-29 22:00:00+00:00,94735.65,94735.65,94000.01,94198.01,773.38613
2025-04-29 22:30:00+00:00,94198.0,94300.0,94070.1,94163.67,229.97947
2025-04-29 23:00:00+00:00,94163.67,94164.88,93742.54,93903.72,713.34792
2025-04-29 23:30:00+00:00,93903.72,94300.0,93893.91,94256.82,306.6596
2025-04-30 00:00:00+00:00,94256.82,94468.5,94136.48,94400.01,283.69442
2025-04-30 00:30:00+00:00,94400.0,94631.23,94339.98,94546.79,235.37795
2025-04-30 01:00:00+00:00,94546.79,94604.7,94360.0,94597.4,169.44155
2025-04-30 01:30:00+00:00,94597.39,94604.62,94287.71,94527.73,139.63947
2025-04-30 02:00:00+00:00,94527.73,94726.93,94460.0,94513.06,168.36193
2025-04-30 02:30:00+00:00,94513.06,94785.0,94480.32,94641.99,191.84043
2025-04-30 03:00:00+00:00,94641.99,94731.05,94496.87,94657.61,144.00862
2025-04-30 03:30:00+00:00,94657.61,95111.01,94657.6,95032.84,432.59323
2025-04-30 04:00:00+00:00,95032.84,95180.0,94869.56,94896.93,470.58877
2025-04-30 04:30:00+00:00,94896.94,95067.31,94884.14,95054.75,195.55993
2025-04-30 05:00:00+00:00,95054.76,95113.2,94933.96,94973.42,223.20532
2025-04-30 05:30:00+00:00,94973.41,95058.38,94869.57,94894.0,199.06133
2025-04-30 06:00:00+00:00,94894.0,94970.31,94840.62,94951.5,185.65341
2025-04-30 06:30:00+00:00,94951.5,94951.5,94745.4,94751.99,109.52106
2025-04-30 07:00:00+00:00,94752.0,94869.49,94733.55,94757.84,176.85408
2025-04-30 07:30:00+00:00,94757.83,94763.32,94500.0,94620.99,287.21254
2025-04-30 08:00:00+00:00,94620.99,94809.52,94527.58,94527.59,215.87337
2025-04-30 08:30:00+00:00,94527.59,94746.42,94527.58,94718.18,116.83647
2025-04-30 09:00:00+00:00,94718.19,94799.7,94667.69,94776.01,152.34444
2025-04-30 09:30:00+00:00,94776.0,95043.23,94776.0,94970.01,239.4099
2025-04-30 10:00:00+00:00,94970.01,94988.45,94852.67,94919.17,144.40365
2025-04-30 10:30:00+00:00,94919.18,95022.49,94884.0,94946.52,172.52696
2025-04-30 11:00:00+00:00,94946.52,95122.0,94928.44,95114.22,203.07707
2025-04-30 11:30:00+00:00,95114.22,95228.45,95039.66,95176.66,416.77371
2025-04-30 12:00:00+00:00,95176.66,95214.9,94887.77,94928.64,355.78654
2025-04-30 12:30:00+00:00,94928.64,95036.52,94349.29,94555.88,1308.63342
2025-04-30 13:00:00+00:00,94555.89,94649.5,94226.27,94545.98,599.47184
2025-04-30 13:30:00+00:00,94545.98,94559.71,93026.0,93032.58,2112.54541
2025-04-30 14:00:00+00:00,93032.58,94183.75,92910.0,94123.98,1912.70669
2025-04-30 14:30:00+00:00,94123.99,94367.7,93684.52,93705.04,1245.91337
2025-04-30 15:00:00+00:00,93705.04,94043.15,93659.24,93857.51,398.48278
2025-04-30 15:30:00+00:00,93857.51,94112.18,93800.0,94004.63,323.62195
2025-04-30 16:00:00+00:00,94004.63,94019.99,93528.71,93730.0,397.30159
2025-04-30 16:30:00+00:00,93729.99,94189.58,93719.99,93939.98,293.25952
2025-04-30 17:00:00+00:00,93939.98,94083.05,93752.15,94036.62,142.93074
2025-04-30 17:30:00+00:00,94036.62,94267.14,94000.0,94100.39,259.92668
2025-04-30 18:00:00+00:00,94100.39,94500.0,94052.0,94159.83,341.38584
2025-04-30 18:30:00+00:00,94159.83,94197.4,94009.12,94078.24,168.67955
2025-04-30 19:00:00+00:00,94078.23,94168.96,93757.63,93797.9,169.64772
2025-04-30 19:30:00+00:00,93797.91,94266.36,93774.42,94152.01,262.4564
2025-04-30 20:00:00+00:00,94152.01,94739.14,94109.46,94707.33,713.60821
2025-04-30 20:30:00+00:00,94707.33,94726.77,94521.73,94555.99,183.15727
2025-04-30 21:00:00+00:00,94556.0,94784.1,94481.48,94622.07,185.61434
2025-04-30 21:30:00+00:00,94622.07,94636.0,94382.35,94419.0,144.5505
2025-04-30 22:00:00+00:00,94418.99,94720.0,94360.0,94360.0,161.41911
2025-04-30 22:30:00+00:00,94360.01,94403.94,94059.69,94114.05,350.64673
2025-04-30 23:00:00+00:00,94114.05,94333.34,94005.0,94257.74,240.47356
2025-04-30 23:30:00+00:00,94257.73,94333.34,94142.85,94172.0,115.19573
2025-05-01 00:00:00+00:00,94172.0,94347.83,94130.43,94290.15,188.93339
2025-05-01 00:30:00+00:00,94290.16,94405.47,94217.39,94405.47,137.31461
2025-05-01 01:00:00+00:00,94405.46,94700.0,94398.51,94633.37,280.46978
2025-05-01 01:30:00+00:00,94633.37,94710.0,94485.97,94636.51,221.65655
2025-05-01 02:00:00+00:00,94636.5,94950.0,94620.0,94928.33,352.6843
2025-05-01 02:30:00+00:00,94928.33,94972.5,94755.76,94867.46,538.74148
2025-05-01 03:00:00+00:00,94867.46,95040.3,94688.75,94815.13,652.01604
2025-05-01 03:30:00+00:00,94815.13,94935.15,94719.99,94782.6,505.62165
2025-05-01 04:00:00+00:00,94782.6,94891.07,94732.81,94740.01,116.27924
2025-05-01 04:30:00+00:00,94740.01,94934.99,94714.38,94860.51,142.71323
2025-05-01 05:00:00+00:00,94860.51,94980.0,94840.38,94905.37,194.89006
2025-05-01 05:30:00+00:00,94905.38,95178.11,94860.67,95147.96,482.16137
2025-05-01 06:00:00+00:00,95147.97,95180.0,95000.0,95012.75,262.9976
2025-05-01 06:30:00+00:00,95012.74,95025.39,94806.23,94888.85,204.41731
2025-05-01 07:00:00+00:00,94888.85,95016.72,94800.0,94988.21,136.90366
2025-05-01 07:30:00+00:00,94988.2,95130.01,94976.0,95025.84,339.98638
2025-05-01 08:00:00+00:00,95025.84,95151.17,94913.04,95149.99,226.33739
2025-05-01 08:30:00+00:00,95150.0,95210.16,95080.0,95210.16,197.22723
2025-05-01 09:00:00+00:00,95210.16,95349.89,95140.18,95339.5,257.06969
2025-05-01 09:30:00+00:00,95339.5,95817.78,95298.77,95520.99,902.7772
2025-05-01 10:00:00+00:00,95520.99,96396.31,95520.98,96318.77,1238.56457
2025-05-01 10:30:00+00:00,96318.76,96391.31,95896.79,96169.01,627.23253
2025-05-01 11:00:00+00:00,96169.01,96250.4,95836.57,95927.49,464.17997
2025-05-01 11:30:00+00:00,95927.5,96239.08,95922.5,96180.01,323.6973
2025-05-01 12:00:00+00:00,96180.01,96407.32,96126.6,96197.61,443.10451
2025-05-01 12:30:00+00:00,96197.6,96463.18,96116.14,96373.2,379.06849
2025-05-01 13:00:00+00:00,96373.2,96734.89,96304.34,96642.0,548.15621
2025-05-01 13:30:00+00:00,96642.01,96650.93,95769.66,95809.52,1192.33689
2025-05-01 14:00:00+00:00,95809.52,96459.04,95809.52,96404.01,1629.41725
2025-05-01 14:30:00+00:00,96404.01,96908.28,96173.91,96827.99,1138.46098
2025-05-01 15:00:00+00:00,96828.0,97424.02,96751.3,97126.0,1552.73468
2025-05-01 15:30:00+00:00,97125.99,97198.68,96851.67,96854.3,516.21314
2025-05-01 16:00:00+00:00,96854.31,97214.29,96854.3,97209.54,447.05451
2025-05-01 16:30:00+00:00,97209.54,97367.26,96980.3,97007.14,513.22357
2025-05-01 17:00:00+00:00,97007.15,97216.99,96833.33,96873.46,413.94596
2025-05-01 17:30:00+00:00,96873.45,97003.24,96514.24,96794.17,361.91003
2025-05-01 18:00:00+00:00,96794.18,96860.07,96484.12,96484.12,399.75715
2025-05-01 18:30:00+00:00,96484.12,96975.3,96425.22,96869.55,346.03207
2025-05-01 19:00:00+00:00,96869.56,96882.72,96424.44,96467.32,361.2963
2025-05-01 19:30:00+00:00,96467.33,96699.07,96450.26,96523.26,357.58283
2025-05-01 20:00:00+00:00,96523.26,96885.77,96312.24,96707.55,547.45256
2025-05-01 20:30:00+00:00,96707.55,96772.0,96340.9,96407.9,270.94366
2025-05-01 21:00:00+00:00,96407.91,96707.55,96390.26,96578.15,130.8523
2025-05-01 21:30:00+00:00,96578.14,96774.73,96464.55,96464.55,161.49635
2025-05-01 22:00:00+00:00,96464.56,96643.08,96416.0,96598.67,140.4386
2025-05-01 22:30:00+00:00,96598.67,96598.67,96369.31,96372.33,164.46298
2025-05-01 23:00:00+00:00,96372.34,96470.48,96200.0,96400.86,179.44941
2025-05-01 23:30:00+00:00,96400.86,96500.0,96184.19,96489.91,190.19047
2025-05-02 00:00:00+00:00,96489.9,96869.34,96466.21,96843.92,421.68325
2025-05-02 00:30:00+00:00,96843.91,97052.48,96744.74,97042.97,261.44672
2025-05-02 01:00:00+00:00,97042.96,97179.97,96950.0,97000.0,310.02107
2025-05-02 01:30:00+00:00,97000.0,97018.53,96772.0,96970.4,256.88441
2025-05-02 02:00:00+00:00,96970.4,97020.0,96722.41,97004.15,226.16634
2025-05-02 02:30:00+00:00,97004.15,97040.0,96904.88,96952.58,223.40681
2025-05-02 03:00:00+00:00,96952.59,97199.04,96952.58,97047.16,203.94417
2025-05-02 03:30:00+00:00,97047.17,97233.1,97047.16,97102.32,230.62841
2025-05-02 04:00:00+00:00,97102.32,97309.78,97087.3,97108.0,383.66544
2025-05-02 04:30:00+00:00,97107.99,97108.0,96868.35,96939.86,195.34559
2025-05-02 05:00:00+00:00,96939.85,97010.55,96793.54,96833.33,217.16198
2025-05-02 05:30:00+00:00,96833.34,96877.49,96631.74,96707.54,317.51921
2025-05-02 06:00:00+00:00,96707.54,96833.34,96604.16,96820.75,174.07675
2025-05-02 06:30:00+00:00,96820.75,96892.34,96562.98,96715.0,209.84496
2025-05-02 07:00:00+00:00,96715.0,96729.2,96450.0,96618.03,410.85032
2025-05-02 07:30:00+00:00,96618.02,96650.95,96350.0,96350.0,524.42631
2025-05-02 08:00:00+00:00,96350.01,96665.98,96350.0,96626.05,234.57705
2025-05-02 08:30:00+00:00,96626.05,96775.77,96477.51,96636.2,273.53411
2025-05-02 09:00:00+00:00,96636.2,96788.0,96460.73,96710.5,278.14357
2025-05-02 09:30:00+00:00,96710.51,96747.1,96589.98,96596.68,138.86921
2025-05-02 10:00:00+00:00,96596.68,96896.83,96596.68,96865.07,170.6142
2025-05-02 10:30:00+00:00,96865.08,96927.92,96803.32,96888.0,196.77966
2025-05-02 11:00:00+00:00,96888.0,97100.0,96888.0,96943.99,337.40337
2025-05-02 11:30:00+00:00,96943.99,97011.86,96886.47,96928.97,230.34963
2025-05-02 12:00:00+00:00,96928.97,96947.76,96766.02,96790.48,218.74748
2025-05-02 12:30:00+00:00,96790.49,97182.54,96650.94,97182.53,674.65658
2025-05-02 13:00:00+00:00,97182.54,97290.29,96768.69,96962.27,578.84292
2025-05-02 13:30:00+00:00,96962.27,97050.76,96672.46,96772.08,496.3614
2025-05-02 14:00:00+00:00,96772.08,97227.77,96708.98,97162.7,663.12468
2025-05-02 14:30:00+00:00,97162.69,97895.68,97135.86,97748.4,1460.52592
2025-05-02 15:00:00+00:00,97748.41,97891.19,97063.0,97159.29,625.61424
2025-05-02 15:30:00+00:00,97159.29,97500.0,97092.9,97330.19,329.30851
2025-05-02 16:00:00+00:00,97330.19,97783.02,97330.18,97613.2,546.3514
2025-05-02 16:30:00+00:00,97613.21,97714.29,97325.51,97348.69,302.62811
2025-05-02 17:00:00+00:00,97348.69,97374.19,97053.46,97302.6,335.42862
2025-05-02 17:30:00+00:00,97302.6,97433.58,97214.28,97402.55,172.17638
2025-05-02 18:00:00+00:00,97402.55,97551.74,97365.44,97432.73,174.29776
2025-05-02 18:30:00+00:00,97432.73,97619.0,97155.68,97171.0,202.38395
2025-05-02 19:00:00+00:00,97171.0,97182.54,97008.28,97164.88,295.15615
2025-05-02 19:30:00+00:00,97164.88,97164.88,96769.84,96924.23,304.28538
2025-05-02 20:00:00+00:00,96924.23,97059.99,96844.05,96996.66,139.65082
2025-05-02 20:30:00+00:00,96996.65,97136.0,96973.29,97022.31,103.85783
2025-05-02 21:00:00+00:00,97022.31,97038.79,96932.04,96932.95,63.61806
2025-05-02 21:30:00+00:00,96932.94,96944.58,96561.57,96726.08,195.2529
2025-05-02 22:00:00+00:00,96726.07,96792.46,96579.36,96688.73,206.56769
2025-05-02 22:30:00+00:00,96688.73,96776.81,96589.42,96649.01,145.58887
2025-05-02 23:00:00+00:00,96649.01,96792.46,96594.33,96692.68,150.86887
2025-05-02 23:30:00+00:00,96692.68,96896.83,96692.67,96887.14,93.11105
2025-05-03 00:00:00+00:00,96887.13,96935.67,96743.35,96744.77,280.03516
2025-05-03 00:30:00+00:00,96744.77,96787.92,96612.87,96700.45,279.10109
2025-05-03 01:00:00+00:00,96700.46,96722.4,96502.15,96580.02,310.21221
2025-05-03 01:30:00+00:00,96580.01,96580.02,96435.16,96493.94,152.19
2025-05-03 02:00:00+00:00,96493.93,96664.65,96487.07,96664.64,110.17048
2025-05-03 02:30:00+00:00,96664.64,96699.98,96517.4,96533.51,165.40005
2025-05-03 03:00:00+00:00,96533.5,96535.96,96373.62,96404.57,433.36603
2025-05-03 03:30:00+00:00,96404.58,96509.44,96300.02,96337.5,328.2496
2025-05-03 04:00:00+00:00,96337.5,96523.8,96307.88,96477.98,169.62613
2025-05-03 04:30:00+00:00,96477.99,96589.2,96475.23,96519.05,83.06206
2025-05-03 05:00:00+00:00,96519.04,96546.8,96415.86,96536.31,104.82379
2025-05-03 05:30:00+00:00,96536.32,96593.0,96407.97,96417.14,202.0883
2025-05-03 06:00:00+00:00,96417.15,96417.15,96188.03,96196.01,285.58692
2025-05-03 06:30:00+00:00,96196.01,96320.0,96132.67,96183.5,253.50055
2025-05-03 07:00:00+00:00,96183.5,96280.0,96157.1,96212.0,179.17843
2025-05-03 07:30:00+00:00,96212.01,96391.7,96212.0,96322.68,231.0081
2025-05-03 08:00:00+00:00,96322.68,96353.38,96150.0,96353.38,421.60162
2025-05-03 08:30:00+00:00,96353.38,96421.91,96281.0,96281.0,178.0539
2025-05-03 09:00:00+00:00,96281.0,96396.23,96230.15,96325.4,155.12376
2025-05-03 09:30:00+00:00,96325.4,96357.77,96173.0,96254.01,163.74507
2025-05-03 10:00:00+00:00,96254.02,96254.02,96145.0,96150.71,212.25878
2025-05-03 10:30:00+00:00,96150.71,96219.54,95852.29,95896.5,928.98256
2025-05-03 11:00:00+00:00,95896.49,96032.96,95865.0,96016.84,225.45113
2025-05-03 11:30:00+00:00,96016.85,96083.53,95878.36,95942.02,337.22087
2025-05-03 12:00:00+00:00,95942.01,96062.42,95880.65,96044.54,367.03859
2025-05-03 12:30:00+00:00,96044.53,96163.81,95996.67,96120.42,241.18063
2025-05-03 13:00:00+00:00,96120.43,96261.41,96106.53,96256.29,163.25443
2025-05-03 13:30:00+00:00,96256.29,96330.0,96190.0,96330.0,183.74346
2025-05-03 14:00:00+00:00,96329.99,96459.67,96293.65,96365.98,213.65668
2025-05-03 14:30:00+00:00,96365.99,96388.89,96292.63,96380.95,90.39844
2025-05-03 15:00:00+00:00,96380.96,96509.44,96380.95,96424.96,107.17535
2025-05-03 15:30:00+00:00,96424.96,96484.13,96325.65,96418.68,81.51608
2025-05-03 16:00:00+00:00,96418.68,96428.33,96201.45,96275.62,164.10607
2025-05-03 16:30:00+00:00,96275.63,96275.63,96080.59,96215.41,142.45116
2025-05-03 17:00:00+00:00,96215.4,96215.4,95869.68,96123.91,229.48214
2025-05-03 17:30:00+00:00,96123.91,96191.57,95980.0,96191.56,120.71559
2025-05-03 18:00:00+00:00,96191.57,96271.5,96108.23,96178.34,74.65621
2025-05-03 18:30:00+00:00,96178.34,96178.34,96100.0,96146.99,52.09097
2025-05-03 19:00:00+00:00,96146.98,96268.66,96125.15,96260.47,46.76801
2025-05-03 19:30:00+00:00,96260.47,96357.15,96260.46,96354.34,69.67601
2025-05-03 20:00:00+00:00,96354.34,96388.89,96317.72,96359.88,52.54973
2025-05-03 20:30:00+00:00,96359.88,96369.8,96290.69,96341.29,51.72606
2025-05-03 21:00:00+00:00,96341.29,96409.67,96271.97,96409.66,100.0981
2025-05-03 21:30:00+00:00,96409.67,96441.49,96238.09,96266.17,89.94871
2025-05-03 22:00:00+00:00,96266.17,96369.37,96205.16,96227.36,153.3963
2025-05-03 22:30:00+00:00,96227.35,96262.07,96166.67,96170.18,48.01661
2025-05-03 23:00:00+00:00,96170.19,96173.53,95921.88,95927.43,247.88955
2025-05-03 23:30:00+00:00,95927.43,96032.24,95753.01,95856.42,441.77691
2025-05-04 00:00:00+00:00,95856.42,96042.92,95772.4,95912.68,135.67954
2025-05-04 00:30:00+00:00,95912.69,95951.9,95781.27,95880.95,189.95468
2025-05-04 01:00:00+00:00,95880.95,95976.2,95813.03,95958.85,140.62111
2025-05-04 01:30:00+00:00,95958.85,96185.67,95588.0,96099.94,460.4625
2025-05-04 02:00:00+00:00,96099.94,96304.48,96091.54,96193.31,221.61427
2025-05-04 02:30:00+00:00,96193.3,96244.0,95804.68,95892.28,195.84714
2025-05-04 03:00:00+00:00,95892.28,95898.94,95667.94,95799.08,96.14176
2025-05-04 03:30:00+00:00,95799.08,95887.62,95710.56,95722.23,82.97554
2025-05-04 04:00:00+00:00,95722.22,95939.33,95722.22,95909.14,92.65567
2025-05-04 04:30:00+00:00,95909.14,95919.69,95725.51,95725.52,79.71886
2025-05-04 05:00:00+00:00,95725.52,95974.26,95692.7,95939.53,166.53264
2025-05-04 05:30:00+00:00,95939.53,96134.93,95904.76,96042.72,258.39321
2025-05-04 06:00:00+00:00,96042.71,96142.86,95934.34,95947.42,403.36917
2025-05-04 06:30:00+00:00,95947.42,95988.0,95866.06,95905.74,289.36144
2025-05-04 07:00:00+00:00,95905.75,96082.8,95870.0,95908.18,281.07396
2025-05-04 07:30:00+00:00,95908.19,95908.19,95808.8,95879.99,208.95312
2025-05-04 08:00:00+00:00,95879.99,95923.54,95611.06,95672.66,206.69538
2025-05-04 08:30:00+00:00,95672.66,95697.38,95423.16,95647.27,320.53677
2025-05-04 09:00:00+00:00,95647.27,95689.65,95454.93,95495.99,186.32678
2025-05-04 09:30:00+00:00,95495.98,95586.64,95440.82,95485.01,123.75058
2025-05-04 10:00:00+00:00,95485.01,95511.99,95286.78,95442.48,418.11385
2025-05-04 10:30:00+00:00,95442.47,95525.67,95382.79,95400.47,355.27776
2025-05-04 11:00:00+00:00,95400.47,95550.0,95360.0,95466.78,196.01995
2025-05-04 11:30:00+00:00,95466.78,95504.86,95376.85,95423.2,340.24113
2025-05-04 12:00:00+00:00,95423.19,95586.05,95417.15,95451.75,200.00511
2025-05-04 12:30:00+00:00,95451.76,95594.58,95441.14,95462.24,277.89287
2025-05-04 13:00:00+00:00,95462.24,95595.24,95309.63,95432.0,357.61319
2025-05-04 13:30:00+00:00,95432.0,95440.0,95209.07,95369.37,316.81616
2025-05-04 14:00:00+00:00,95369.38,95574.09,95313.7,95562.66,278.9654
2025-05-04 14:30:00+00:00,95562.66,95647.8,95505.94,95611.07,251.34168
2025-05-04 15:00:00+00:00,95611.0,95690.48,95532.25,95598.54,198.12938
2025-05-04 15:30:00+00:00,95598.53,95598.54,95424.5,95467.6,101.185
2025-05-04 16:00:00+00:00,95467.6,95568.0,95376.0,95501.22,154.47305
2025-05-04 16:30:00+00:00,95501.22,95509.98,95300.0,95341.56,117.98412
2025-05-04 17:00:00+00:00,95341.57,95481.62,95303.0,95339.99,106.85608
2025-05-04 17:30:00+00:00,95339.98,95477.6,95239.33,95410.08,126.45485
2025-05-04 18:00:00+00:00,95410.08,95493.05,95364.0,95463.03,91.63622
2025-05-04 18:30:00+00:00,95463.04,95491.29,95389.06,95389.07,68.17597
2025-05-04 19:00:00+00:00,95389.07,95482.17,95348.3,95482.16,46.67652
2025-05-04 19:30:00+00:00,95482.16,95640.98,95472.05,95584.07,151.51593
2025-05-04 20:00:00+00:00,95584.07,95722.23,95582.25,95717.4,90.17848
2025-05-04 20:30:00+00:00,95717.4,95735.0,95659.75,95719.99,68.27773
2025-05-04 21:00:00+00:00,95719.99,95758.08,95630.0,95693.65,90.80064
2025-05-04 21:30:00+00:00,95693.64,95748.34,95654.12,95675.99,68.15302
2025-05-04 22:00:00+00:00,95676.0,95690.48,95102.0,95218.55,452.287
2025-05-04 22:30:00+00:00,95218.56,95218.56,94724.57,95015.82,662.19971
2025-05-04 23:00:00+00:00,95015.82,95037.4,94414.43,94430.46,651.04185
2025-05-04 23:30:00+00:00,94430.46,94521.3,94151.38,94277.62,657.40665
2025-05-05 00:00:00+00:00,94277.61,94745.39,94200.0,94737.99,660.93492
2025-05-05 00:30:00+00:00,94737.99,94808.4,94663.11,94724.11,271.86483
2025-05-05 01:00:00+00:00,94724.12,94754.97,94224.22,94224.23,450.45715
2025-05-05 01:30:00+00:00,94224.23,94245.25,93711.08,93929.0,796.69615
2025-05-05 02:00:00+00:00,93929.0,94321.17,93514.1,94264.0,897.2414
2025-05-05 02:30:00+00:00,94264.0,94400.2,94200.0,94236.67,354.07846
2025-05-05 03:00:00+00:00,94236.66,94299.25,94016.6,94016.61,432.26509
2025-05-05 03:30:00+00:00,94016.6,94183.57,94016.6,94031.47,276.60224
2025-05-05 04:00:00+00:00,94031.47,94335.0,94020.66,94325.84,293.58752
2025-05-05 04:30:00+00:00,94325.83,94443.69,94298.81,94409.66,233.58552
2025-05-05 05:00:00+00:00,94409.66,94445.89,94228.57,94422.61,195.86239
2025-05-05 05:30:00+00:00,94422.61,94757.62,94361.54,94732.77,352.98713
2025-05-05 06:00:00+00:00,94732.77,94774.11,94573.59,94586.48,302.23219
2025-05-05 06:30:00+00:00,94586.47,94768.26,94586.47,94761.13,270.53545
2025-05-05 07:00:00+00:00,94761.14,94825.46,94528.36,94564.98,255.20681
2025-05-05 07:30:00+00:00,94564.98,94761.91,94556.58,94761.91,431.74674
2025-05-05 08:00:00+00:00,94761.91,94798.01,94554.66,94554.67,514.28952
2025-05-05 08:30:00+00:00,94554.67,94628.26,94489.93,94559.19,226.8526
2025-05-05 09:00:00+00:00,94559.2,94638.12,94467.65,94605.95,164.0985
2025-05-05 09:30:00+00:00,94605.96,94648.47,94540.0,94550.63,258.85251
2025-05-05 10:00:00+00:00,94550.62,94558.0,94363.03,94363.03,336.40386
2025-05-05 10:30:00+00:00,94363.04,94449.81,94047.79,94121.89,350.01295
2025-05-05 11:00:00+00:00,94121.88,94282.48,93974.87,94005.0,316.25162
2025-05-05 11:30:00+00:00,94005.0,94129.42,93888.0,94038.18,374.33561
2025-05-05 12:00:00+00:00,94038.19,94346.21,93908.3,94323.81,309.15296
2025-05-05 12:30:00+00:00,94323.81,94346.59,94230.5,94333.33,196.75093
2025-05-05 13:00:00+00:00,94333.33,94413.92,94127.12,94174.36,645.84732
2025-05-05 13:30:00+00:00,94174.35,94254.18,93635.78,94226.38,1094.5645
2025-05-05 14:00:00+00:00,94226.38,94531.74,93818.86,93928.71,836.84465
2025-05-05 14:30:00+00:00,93928.71,94228.58,93730.43,93879.37,382.73482
2025-05-05 15:00:00+00:00,93879.37,93977.13,93618.41,93858.09,386.66548
2025-05-05 15:30:00+00:00,93858.1,93942.86,93613.66,93770.31,332.16451
2025-05-05 16:00:00+00:00,93770.32,94266.98,93759.63,94175.57,282.1809
2025-05-05 16:30:00+00:00,94175.57,94280.0,94101.58,94206.31,391.77957
2025-05-05 17:00:00+00:00,94206.31,94419.05,94060.59,94368.32,484.55065
2025-05-05 17:30:00+00:00,94368.33,94625.0,94359.54,94500.0,324.04752
2025-05-05 18:00:00+00:00,94500.01,94704.77,94443.56,94585.09,259.56007
2025-05-05 18:30:00+00:00,94585.09,94900.0,94582.02,94730.39,188.88044
2025-05-05 19:00:00+00:00,94730.39,94900.0,94603.09,94639.97,192.85012
2025-05-05 19:30:00+00:00,94639.96,94683.93,94289.92,94347.17,215.42945
2025-05-05 20:00:00+00:00,94347.16,94365.19,94170.26,94200.0,134.16995
2025-05-05 20:30:00+00:00,94200.0,94259.67,93876.0,94242.02,198.73817
2025-05-05 21:00:00+00:00,94242.01,94666.61,94242.01,94625.98,187.67
2025-05-05 21:30:00+00:00,94625.98,94831.75,94354.16,94719.82,198.10053
2025-05-05 22:00:00+00:00,94719.83,94988.67,94719.82,94887.61,248.40988
2025-05-05 22:30:00+00:00,94887.62,95199.0,94887.62,95049.48,353.22929
2025-05-05 23:00:00+00:00,95049.48,95129.76,94896.24,94896.25,254.22617
2025-05-05 23:30:00+00:00,94896.24,94926.99,94724.52,94733.68,135.65285
2025-05-06 00:00:00+00:00,94733.68,94779.99,94577.85,94725.73,156.83802
2025-05-06 00:30:00+00:00,94725.74,94728.41,94428.58,94598.89,208.31585
2025-05-06 01:00:00+00:00,94598.89,94926.99,94483.2,94821.32,161.03069
2025-05-06 01:30:00+00:00,94821.31,94821.31,94312.59,94312.6,209.7271
2025-05-06 02:00:00+00:00,94312.59,94400.0,94053.04,94113.93,222.54268
2025-05-06 02:30:00+00:00,94113.92,94379.98,94012.78,94334.99,184.96889
2025-05-06 03:00:00+00:00,94334.99,94430.32,94233.96,94402.77,193.1282
2025-05-06 03:30:00+00:00,94402.76,94512.33,94402.76,94454.01,249.88227
2025-05-06 04:00:00+00:00,94454.01,94571.42,94350.83,94571.41,110.64434
2025-05-06 04:30:00+00:00,94571.41,94583.82,94458.73,94574.57,154.83765
2025-05-06 05:00:00+00:00,94574.57,94603.03,94349.7,94369.21,243.78094
2025-05-06 05:30:00+00:00,94369.22,94419.05,94308.63,94345.56,171.81472
2025-05-06 06:00:00+00:00,94345.57,94470.64,94335.11,94417.78,69.30828
2025-05-06 06:30:00+00:00,94417.78,94498.12,94391.67,94498.11,96.97191
2025-05-06 07:00:00+00:00,94498.12,94638.01,94420.47,94429.95,104.12989
2025-05-06 07:30:00+00:00,94429.95,94535.85,94348.57,94400.99,359.03885
2025-05-06 08:00:00+00:00,94400.98,94400.99,94003.0,94036.67,473.32775
2025-05-06 08:30:00+00:00,94036.67,94380.96,94036.67,94375.9,277.53179
2025-05-06 09:00:00+00:00,94375.89,94375.9,94144.4,94188.49,195.83548
2025-05-06 09:30:00+00:00,94188.48,94233.48,94113.02,94211.96,198.55261
2025-05-06 10:00:00+00:00,94211.96,94329.63,94142.85,94215.41,376.42545
2025-05-06 10:30:00+00:00,94215.4,94237.68,93861.93,93942.83,575.62137
2025-05-06 11:00:00+00:00,93942.83,94066.55,93882.51,93890.36,230.61739
2025-05-06 11:30:00+00:00,93890.37,93978.2,93720.63,93812.54,338.67069
2025-05-06 12:00:00+00:00,93812.53,93921.4,93761.97,93823.81,221.20956
2025-05-06 12:30:00+00:00,93823.81,94040.0,93823.81,93935.99,670.98676
2025-05-06 13:00:00+00:00,93936.0,93947.64,93723.46,93741.0,299.11588
2025-05-06 13:30:00+00:00,93741.0,94019.86,93377.0,93616.92,917.62718
2025-05-06 14:00:00+00:00,93616.91,94705.17,93612.01,94317.72,802.62303
2025-05-06 14:30:00+00:00,94317.71,94476.2,94086.91,94147.02,355.45091
2025-05-06 15:00:00+00:00,94147.01,94544.89,94080.09,94519.99,243.12216
2025-05-06 15:30:00+00:00,94519.99,94733.38,94466.25,94558.95,412.50321
2025-05-06 16:00:00+00:00,94558.94,94850.0,94388.02,94509.15,416.5965
2025-05-06 16:30:00+00:00,94509.16,94736.51,94216.0,94241.01,285.76523
2025-05-06 17:00:00+00:00,94241.01,94704.75,94232.05,94693.39,271.67768
2025-05-06 17:30:00+00:00,94693.39,94856.53,94495.26,94535.93,256.19231
2025-05-06 18:00:00+00:00,94535.93,94918.5,94504.84,94918.5,330.42381
2025-05-06 18:30:00+00:00,94918.49,95088.0,94806.56,95067.36,287.24199
2025-05-06 19:00:00+00:00,95067.36,95139.44,94944.0,95117.46,270.53612
2025-05-06 19:30:00+00:00,95117.46,95157.0,94923.49,94963.5,218.37342
2025-05-06 20:00:00+00:00,94963.5,95020.0,94768.25,94768.26,189.09326
2025-05-06 20:30:00+00:00,94768.26,94786.45,94632.5,94682.23,145.21663
2025-05-06 21:00:00+00:00,94682.23,94800.0,94452.75,94498.61,155.48589
2025-05-06 21:30:00+00:00,94498.61,94714.28,94498.6,94688.99,103.20898
2025-05-06 22:00:00+00:00,94688.99,95657.15,94684.77,95654.84,1279.12753
2025-05-06 22:30:00+00:00,95654.84,96293.88,95604.22,96259.94,866.50078
2025-05-06 23:00:00+00:00,96259.94,96802.51,96102.72,96628.25,888.73794
2025-05-06 23:30:00+00:00,96628.24,96920.65,96465.95,96834.02,672.28556
2025-05-07 00:00:00+00:00,96834.02,97499.02,96729.67,97248.27,1383.45706
2025-05-07 00:30:00+00:00,97248.27,97450.0,97127.86,97415.65,456.89836
2025-05-07 01:00:00+00:00,97415.65,97732.0,97388.76,97533.01,708.4844
2025-05-07 01:30:00+00:00,97533.01,97533.02,97192.93,97242.85,419.17124
2025-05-07 02:00:00+00:00,97242.86,97276.0,96818.22,96888.01,747.90669
2025-05-07 02:30:00+00:00,96888.01,96888.8,96464.0,96619.05,430.31106
2025-05-07 03:00:00+00:00,96619.04,96663.51,96208.1,96459.99,613.96813
2025-05-07 03:30:00+00:00,96459.99,96611.47,96431.1,96506.9,420.21559
2025-05-07 04:00:00+00:00,96506.9,96714.28,96506.9,96567.95,274.74166
2025-05-07 04:30:00+00:00,96567.95,96619.05,96420.64,96576.0,172.45573
2025-05-07 05:00:00+00:00,96575.99,96576.0,96390.25,96423.94,249.43894
2025-05-07 05:30:00+00:00,96423.94,96500.0,96310.89,96380.96,239.65782
2025-05-07 06:00:00+00:00,96380.96,96667.55,96361.75,96605.73,486.66335
2025-05-07 06:30:00+00:00,96605.73,96605.74,96441.28,96557.31,266.94727
2025-05-07 07:00:00+00:00,96557.31,96830.2,96557.3,96788.05,218.12447
2025-05-07 07:30:00+00:00,96788.04,97013.53,96734.49,96994.82,262.92698
2025-05-07 08:00:00+00:00,96994.82,97004.04,96861.57,96908.0,224.24945
2025-05-07 08:30:00+00:00,96908.0,97083.47,96881.03,97024.45,180.97884
2025-05-07 09:00:00+00:00,97024.46,97059.7,96883.6,96918.97,207.09773
2025-05-07 09:30:00+00:00,96918.98,97040.0,96876.0,96978.4,134.16234
2025-05-07 10:00:00+00:00,96978.4,96978.4,96840.33,96860.68,122.94024
2025-05-07 10:30:00+00:00,96860.68,97111.0,96833.33,97030.01,173.18216
2025-05-07 11:00:00+00:00,97030.01,97068.66,96940.02,96940.02,127.80326
2025-05-07 11:30:00+00:00,96940.02,97070.06,96929.17,97047.43,128.34412
2025-05-07 12:00:00+00:00,97047.43,97200.0,96928.57,96978.98,316.78805
2025-05-07 12:30:00+00:00,96978.98,97026.24,96870.35,96966.08,214.87371
2025-05-07 13:00:00+00:00,96966.07,96966.08,96725.14,96725.14,187.24191
2025-05-07 13:30:00+00:00,96725.14,97316.03,96713.14,97022.01,642.22243
2025-05-07 14:00:00+00:00,97022.02,97457.03,96964.39,97447.29,407.0534
2025-05-07 14:30:00+00:00,97447.3,97478.27,96806.0,96938.0,447.17313
2025-05-07 15:00:00+00:00,96937.99,97048.8,96764.14,97027.07,291.92923
2025-05-07 15:30:00+00:00,97027.07,97152.18,96834.38,96923.91,284.3024
2025-05-07 16:00:00+00:00,96923.91,96928.58,96525.46,96525.46,337.73198
2025-05-07 16:30:00+00:00,96525.47,96961.04,96510.0,96857.15,282.82287
2025-05-07 17:00:00+00:00,96857.15,96887.48,96620.01,96635.4,150.36789
2025-05-07 17:30:00+00:00,96635.4,96724.03,96190.47,96307.54,363.1858
2025-05-07 18:00:00+00:00,96307.54,96674.61,95893.14,96443.65,857.04714
2025-05-07 18:30:00+00:00,96443.65,96880.43,96000.0,96593.59,635.4892
2025-05-07 19:00:00+00:00,96593.58,96616.52,95988.72,96007.95,408.8412
2025-05-07 19:30:00+00:00,96007.95,96625.0,95784.61,96180.01,570.3843
2025-05-07 20:00:00+00:00,96180.0,96422.26,96076.92,96297.52,151.8439
2025-05-07 20:30:00+00:00,96297.52,96766.8,96285.71,96766.8,203.64609
2025-05-07 21:00:00+00:00,96766.8,97141.53,96651.96,97141.52,226.7713
2025-05-07 21:30:00+00:00,97141.52,97322.0,96975.75,97120.63,268.3526
2025-05-07 22:00:00+00:00,97120.63,97305.21,97021.73,97047.62,244.65704
2025-05-07 22:30:00+00:00,97047.61,97262.89,97020.54,97262.88,147.73133
2025-05-07 23:00:00+00:00,97262.89,97390.0,97184.78,97202.99,193.06589
2025-05-07 23:30:00+00:00,97202.99,97234.01,96978.04,97030.5,161.18886
2025-05-08 00:00:00+00:00,97030.5,97147.56,96981.45,97126.29,188.43696
2025-05-08 00:30:00+00:00,97126.29,97782.0,96876.29,97770.01,728.68757
2025-05-08 01:00:00+00:00,97770.0,98366.0,97600.0,97982.52,1818.3245
2025-05-08 01:30:00+00:00,97982.52,98024.54,97706.52,97816.21,356.39911
2025-05-08 02:00:00+00:00,97816.22,98598.33,97816.21,98594.34,919.26064
2025-05-08 02:30:00+00:00,98594.34,98847.0,98565.6,98681.99,933.53638
2025-05-08 03:00:00+00:00,98681.99,98875.0,98532.02,98809.52,469.34283
2025-05-08 03:30:00+00:00,98809.53,99222.22,98706.34,99152.79,996.041
2025-05-08 04:00:00+00:00,99152.79,99419.0,99100.0,99350.52,901.07134
2025-05-08 04:30:00+00:00,99350.51,99350.52,98888.0,98954.32,815.66526
2025-05-08 05:00:00+00:00,98954.32,99120.0,98774.27,98935.99,847.71958
2025-05-08 05:30:00+00:00,98935.99,98945.66,98738.09,98740.61,359.93863
2025-05-08 06:00:00+00:00,98740.6,98896.84,98723.25,98835.27,249.10796
2025-05-08 06:30:00+00:00,98835.27,99040.0,98801.58,99039.99,222.11434
2025-05-08 07:00:00+00:00,99040.0,99319.47,99036.59,99319.47,284.96927
2025-05-08 07:30:00+00:00,99319.46,99372.96,99200.0,99252.34,448.72031
2025-05-08 08:00:00+00:00,99252.34,99711.63,99209.04,99534.61,956.32281
2025-05-08 08:30:00+00:00,99534.61,99800.0,99436.5,99666.66,573.47941
2025-05-08 09:00:00+00:00,99666.67,99699.0,99550.03,99650.79,319.83674
2025-05-08 09:30:00+00:00,99650.8,99800.01,99538.36,99790.97,359.71531
2025-05-08 10:00:00+00:00,99790.97,99818.0,99682.97,99818.0,266.23167
2025-05-08 10:30:00+00:00,99818.0,99888.0,99743.19,99780.67,434.8996
2025-05-08 11:00:00+00:00,99780.66,99780.66,99484.33,99490.0,472.41938
2025-05-08 11:30:00+00:00,99490.0,99580.0,99406.54,99409.14,319.76991
2025-05-08 12:00:00+00:00,99409.15,99538.5,99383.82,99412.52,363.90966
2025-05-08 12:30:00+00:00,99412.52,99544.98,99250.37,99287.97,380.66409
2025-05-08 13:00:00+00:00,99287.97,99439.48,99250.0,99418.71,269.73614
2025-05-08 13:30:00+00:00,99418.71,99633.86,99090.66,99290.03,534.04966
2025-05-08 14:00:00+00:00,99290.04,99537.47,99153.73,99499.99,470.25563
2025-05-08 14:30:00+00:00,99499.99,99822.6,99362.65,99371.95,750.26861
2025-05-08 15:00:00+00:00,99371.95,100888.88,99316.0,100634.94,2473.08739
2025-05-08 15:30:00+00:00,100634.93,101525.03,100423.4,100758.08,2721.46053
2025-05-08 16:00:00+00:00,100758.08,101153.83,100596.0,100864.89,986.17462
2025-05-08 16:30:00+00:00,100864.9,101355.31,100719.38,101276.49,698.98533
2025-05-08 17:00:00+00:00,101276.49,101707.02,101111.11,101524.89,951.7451
2025-05-08 17:30:00+00:00,101524.89,101597.24,100779.26,101027.13,709.85679
2025-05-08 18:00:00+00:00,101027.14,101397.31,100970.0,101317.47,373.08151
2025-05-08 18:30:00+00:00,101317.47,101485.2,101240.63,101365.38,295.21664
2025-05-08 19:00:00+00:00,101365.39,101365.39,101005.03,101204.19,396.10148
2025-05-08 19:30:00+00:00,101204.2,101348.98,100972.0,101299.99,688.59939
2025-05-08 20:00:00+00:00,101300.0,101833.99,101285.71,101567.01,612.88437
2025-05-08 20:30:00+00:00,101567.01,102851.0,101567.0,102607.8,1705.86608
2025-05-08 21:00:00+00:00,102607.79,104145.76,102114.66,103300.64,1917.61328
2025-05-08 21:30:00+00:00,103300.65,103664.86,102614.12,102828.03,1471.08464
2025-05-08 22:00:00+00:00,102828.04,103050.0,102396.86,102827.5,620.00348
2025-05-08 22:30:00+00:00,102827.49,103230.66,102678.0,103017.95,408.42179
2025-05-08 23:00:00+00:00,103017.95,103181.25,102786.76,102850.0,448.38678
2025-05-08 23:30:00+00:00,102850.01,103301.6,102841.26,103261.6,472.56497
2025-05-09 00:00:00+00:00,103261.61,103268.44,102823.06,102830.06,466.3752
2025-05-09 00:30:00+00:00,102830.06,103055.47,102540.13,102820.0,501.35112
2025-05-09 01:00:00+00:00,102820.01,102998.71,102551.74,102767.87,489.44577
2025-05-09 01:30:00+00:00,102767.87,103128.0,102626.6,103098.34,340.34757
2025-05-09 02:00:00+00:00,103098.34,103098.34,102720.01,102720.01,477.19138
2025-05-09 02:30:00+00:00,102720.0,102753.9,102500.48,102595.5,571.93585
2025-05-09 03:00:00+00:00,102595.5,102800.69,102425.41,102643.99,411.62295
2025-05-09 03:30:00+00:00,102643.99,102644.0,102364.0,102451.04,475.58356
2025-05-09 04:00:00+00:00,102451.04,102695.72,102374.03,102554.49,349.17001
2025-05-09 04:30:00+00:00,102554.49,102852.0,102471.31,102828.0,353.30393
2025-05-09 05:00:00+00:00,102828.01,102872.12,102585.74,102730.16,312.46663
2025-05-09 05:30:00+00:00,102730.16,102979.36,102730.15,102979.35,400.02899
2025-05-09 06:00:00+00:00,102979.35,103224.43,102928.77,103131.46,536.92783
2025-05-09 06:30:00+00:00,103131.46,103261.71,103000.0,103230.11,488.89016
2025-05-09 07:00:00+00:00,103230.11,103800.0,103127.76,103789.37,889.76674
2025-05-09 07:30:00+00:00,103789.36,104361.3,103515.76,103628.77,2640.94518
2025-05-09 08:00:00+00:00,103628.76,103930.0,103349.29,103623.08,1179.80299
2025-05-09 08:30:00+00:00,103623.08,103900.0,102652.33,102968.25,1943.28181
2025-05-09 09:00:00+00:00,102968.25,103285.72,102444.0,102563.31,1423.08759
2025-05-09 09:30:00+00:00,102563.3,102938.0,102421.0,102915.58,523.08616
2025-05-09 10:00:00+00:00,102915.58,103126.99,102797.69,103095.53,776.95101
2025-05-09 10:30:00+00:00,103095.52,103476.19,102971.28,103371.63,852.89694
2025-05-09 11:00:00+00:00,103371.62,103500.0,102685.3,103051.98,1117.62672
2025-05-09 11:30:00+00:00,103051.98,103254.71,102855.97,102958.31,586.35615
2025-05-09 12:00:00+00:00,102958.31,103155.58,102808.02,103126.36,621.76284
2025-05-09 12:30:00+00:00,103126.37,103165.92,102885.8,102899.99,483.20168
2025-05-09 13:00:00+00:00,102899.99,103185.67,102899.99,103000.52,742.19744
2025-05-09 13:30:00+00:00,103000.52,103793.66,102826.63,103633.5,1204.72702
2025-05-09 14:00:00+00:00,103633.5,103761.91,102628.7,102658.94,1160.76412
2025-05-09 14:30:00+00:00,102658.94,103190.47,102411.99,103155.99,879.1833
2025-05-09 15:00:00+00:00,103156.0,103313.0,102735.94,102878.99,427.19775
2025-05-09 15:30:00+00:00,102878.99,102936.51,102688.26,102895.99,322.18799
2025-05-09 16:00:00+00:00,102895.99,102929.51,102514.0,102750.62,479.75154
2025-05-09 16:30:00+00:00,102750.62,102904.77,102315.14,102480.83,413.8002
2025-05-09 17:00:00+00:00,102480.83,103050.0,102343.6,103031.4,441.09513
2025-05-09 17:30:00+00:00,103031.42,103227.82,102952.38,103199.99,236.9906
2025-05-09 18:00:00+00:00,103199.99,103246.11,102932.69,103178.93,198.07695
2025-05-09 18:30:00+00:00,103178.93,103370.54,103146.44,103176.46,201.308
2025-05-09 19:00:00+00:00,103176.46,103285.68,102894.0,103000.0,201.3185
2025-05-09 19:30:00+00:00,103000.0,103206.92,102901.48,103189.17,177.55794
2025-05-09 20:00:00+00:00,103189.17,103408.0,103174.2,103318.08,176.47058
2025-05-09 20:30:00+00:00,103318.07,103318.08,103143.12,103183.94,174.15938
2025-05-09 21:00:00+00:00,103183.93,103215.46,102769.92,102923.07,237.38102
2025-05-09 21:30:00+00:00,102923.08,102991.78,102782.19,102984.99,139.21127
2025-05-09 22:00:00+00:00,102985.0,103070.41,102922.22,103047.61,154.04913
2025-05-09 22:30:00+00:00,103047.61,103067.43,102727.25,102784.66,186.86332
2025-05-09 23:00:00+00:00,102784.65,102968.26,102736.59,102934.19,151.00892
2025-05-09 23:30:00+00:00,102934.19,102980.0,102889.87,102971.99,98.69221
2025-05-10 00:00:00+00:00,102971.99,103100.0,102920.0,102936.51,404.62142
2025-05-10 00:30:00+00:00,102936.51,102986.84,102818.76,102865.7,201.98988
2025-05-10 01:00:00+00:00,102865.7,103085.88,102865.7,103064.19,204.58877
2025-05-10 01:30:00+00:00,103064.19,103119.99,102904.76,102987.5,217.18327
2025-05-10 02:00:00+00:00,102987.5,103079.99,102956.96,103009.37,188.41292
2025-05-10 02:30:00+00:00,103009.36,103265.82,103003.23,103147.96,178.95094
2025-05-10 03:00:00+00:00,103147.95,103169.94,102972.17,103023.33,210.97228
2025-05-10 03:30:00+00:00,103023.34,103233.48,103023.33,103226.24,182.175
2025-05-10 04:00:00+00:00,103226.25,103226.25,103034.5,103126.99,214.19172
2025-05-10 04:30:00+00:00,103126.98,103184.68,103068.0,103152.48,77.35757
2025-05-10 05:00:00+00:00,103152.48,103300.96,103088.99,103182.15,235.83982
2025-05-10 05:30:00+00:00,103182.14,103361.0,103104.04,103361.0,163.29814
2025-05-10 06:00:00+00:00,103361.0,103715.92,103355.35,103715.91,500.91496
2025-05-10 06:30:00+00:00,103715.92,103947.36,103548.86,103930.71,465.25369
2025-05-10 07:00:00+00:00,103930.72,104100.0,103661.66,103730.15,547.80027
2025-05-10 07:30:00+00:00,103730.16,103874.69,103632.66,103759.71,268.06871
2025-05-10 08:00:00+00:00,103759.71,104079.37,103726.65,104000.0,513.04924
2025-05-10 08:30:00+00:00,103999.99,104000.0,103463.52,103634.92,334.41227
2025-05-10 09:00:00+00:00,103634.93,103666.67,103366.0,103589.5,333.73017
2025-05-10 09:30:00+00:00,103589.5,103911.78,103540.99,103761.91,214.51091
2025-05-10 10:00:00+00:00,103761.91,103888.88,103726.22,103761.91,167.49375
2025-05-10 10:30:00+00:00,103761.9,103850.0,103593.15,103593.15,461.89592
2025-05-10 11:00:00+00:00,103593.15,103654.31,103528.0,103557.16,374.69768
2025-05-10 11:30:00+00:00,103557.15,103559.38,103383.99,103434.94,476.47626
2025-05-10 12:00:00+00:00,103434.94,103787.83,103421.5,103733.93,402.47616
2025-05-10 12:30:00+00:00,103733.92,103825.4,103640.69,103695.98,249.22331
2025-05-10 13:00:00+00:00,103695.97,103800.0,103539.68,103602.71,208.39773
2025-05-10 13:30:00+00:00,103602.71,103718.01,103541.63,103628.86,176.33819
2025-05-10 14:00:00+00:00,103628.87,103666.67,103421.49,103495.02,184.34961
2025-05-10 14:30:00+00:00,103495.03,103615.47,103450.0,103520.41,179.1313
2025-05-10 15:00:00+00:00,103520.41,103529.89,103416.15,103476.19,130.46947
2025-05-10 15:30:00+00:00,103476.19,103497.36,103100.0,103138.77,403.15834
2025-05-10 16:00:00+00:00,103138.76,103500.0,103127.69,103318.32,379.51225
2025-05-10 16:30:00+00:00,103318.32,103493.71,103254.67,103435.22,209.10433
2025-05-10 17:00:00+00:00,103435.22,103523.81,103325.01,103423.59,252.67715
2025-05-10 17:30:00+00:00,103423.58,103619.68,103161.85,103176.88,608.34286
2025-05-10 18:00:00+00:00,103176.88,103317.47,103156.0,103242.45,238.05022
2025-05-10 18:30:00+00:00,103242.44,103314.84,103005.33,103252.88,322.22293
2025-05-10 19:00:00+00:00,103252.88,103265.26,103085.52,103224.41,188.14349
2025-05-10 19:30:00+00:00,103224.41,103305.57,103149.99,103191.35,132.35964
2025-05-10 20:00:00+00:00,103191.35,103271.68,103068.87,103222.22,107.37982
2025-05-10 20:30:00+00:00,103222.23,103317.47,103166.0,103193.43,102.63375
2025-05-10 21:00:00+00:00,103193.43,103335.16,103166.0,103229.6,101.67139
2025-05-10 21:30:00+00:00,103229.6,103800.0,103228.98,103756.71,262.52009
2025-05-10 22:00:00+00:00,103756.72,103793.66,103544.02,103620.06,217.37698
2025-05-10 22:30:00+00:00,103620.06,103831.15,103585.12,103597.89,212.44424
2025-05-10 23:00:00+00:00,103597.53,104984.57,103571.42,104807.37,2274.92422
2025-05-10 23:30:00+00:00,104807.37,104841.27,104278.48,104809.53,643.99308
2025-05-11 00:00:00+00:00,104809.53,104972.0,103926.47,103926.47,839.23807
2025-05-11 00:30:00+00:00,103926.48,104599.63,103926.48,104428.58,613.12661
2025-05-11 01:00:00+00:00,104428.58,104536.76,104124.18,104389.45,370.99327
2025-05-11 01:30:00+00:00,104389.46,104500.0,103866.88,104135.32,346.92343
2025-05-11 02:00:00+00:00,104135.32,104268.97,103892.18,104142.85,283.48102
2025-05-11 02:30:00+00:00,104142.85,104280.13,103466.05,103781.06,808.55565
2025-05-11 03:00:00+00:00,103781.06,104000.0,103653.6,104000.0,366.83524
2025-05-11 03:30:00+00:00,103999.99,104195.12,103781.06,104007.03,226.41752
2025-05-11 04:00:00+00:00,104007.03,104400.0,103997.44,104234.58,280.0721
2025-05-11 04:30:00+00:00,104234.59,104287.03,104054.31,104153.72,240.0601
2025-05-11 05:00:00+00:00,104153.71,104201.61,103859.82,103869.5,227.63038
2025-05-11 05:30:00+00:00,103869.49,104020.91,103801.0,103840.0,187.89148
2025-05-11 06:00:00+00:00,103840.0,103974.98,103719.09,103952.39,467.95608
2025-05-11 06:30:00+00:00,103952.39,103988.39,103616.9,103864.52,450.07193
2025-05-11 07:00:00+00:00,103864.52,103882.26,103572.65,103669.06,551.17278
2025-05-11 07:30:00+00:00,103669.06,103699.68,103345.06,103385.47,547.91587
2025-05-11 08:00:00+00:00,103385.46,104028.0,103380.95,103851.53,333.09624
2025-05-11 08:30:00+00:00,103851.52,103966.73,103737.02,103825.39,240.47926
2025-05-11 09:00:00+00:00,103825.39,104313.33,103820.0,104301.57,332.22365
2025-05-11 09:30:00+00:00,104301.57,104469.23,104228.68,104347.94,284.23819
2025-05-11 10:00:00+00:00,104347.93,104492.07,104193.66,104492.07,231.76841
2025-05-11 10:30:00+00:00,104492.07,104668.36,104351.26,104644.0,439.1083
2025-05-11 11:00:00+00:00,104644.0,104777.0,104351.27,104526.07,375.4042
2025-05-11 11:30:00+00:00,104526.07,104682.54,104402.52,104652.01,236.33681
2025-05-11 12:00:00+00:00,104652.01,104888.0,104633.04,104668.16,677.73318
2025-05-11 12:30:00+00:00,104668.17,104794.48,104525.23,104601.9,253.9784
2025-05-11 13:00:00+00:00,104601.89,104666.67,104250.8,104329.94,307.57204
2025-05-11 13:30:00+00:00,104329.95,104515.3,103934.18,103959.99,792.75838
2025-05-11 14:00:00+00:00,103959.99,104055.49,103775.91,103907.63,869.71907
2025-05-11 14:30:00+00:00,103907.62,104290.97,103880.0,104160.0,621.4438
2025-05-11 15:00:00+00:00,104160.0,104682.54,104070.98,104352.22,478.97913
2025-05-11 15:30:00+00:00,104352.23,104439.96,103911.61,104150.0,498.32894
2025-05-11 16:00:00+00:00,104150.0,104176.0,103750.0,104084.78,520.02577
2025-05-11 16:30:00+00:00,104084.79,104128.0,103812.63,103984.13,180.0653
2025-05-11 17:00:00+00:00,103984.12,104148.93,103793.65,103920.64,263.07303
2025-05-11 17:30:00+00:00,103920.63,104094.75,103812.0,104036.7,182.95365
2025-05-11 18:00:00+00:00,104036.7,104111.12,103873.86,103920.63,154.03588
2025-05-11 18:30:00+00:00,103920.63,104832.82,103857.14,104528.19,594.05295
2025-05-11 19:00:00+00:00,104528.19,104650.8,104428.57,104520.9,236.42695
2025-05-11 19:30:00+00:00,104520.9,104619.05,104354.67,104420.0,181.53886
2025-05-11 20:00:00+00:00,104420.0,104434.54,104162.78,104382.5,182.80255
2025-05-11 20:30:00+00:00,104382.5,104442.78,104240.0,104269.85,109.29437
2025-05-11 21:00:00+00:00,104269.85,104284.88,103984.12,104191.85,164.7542
2025-05-11 21:30:00+00:00,104191.84,104388.0,103952.38,104349.0,159.32958
2025-05-11 22:00:00+00:00,104349.01,104578.62,103801.45,103952.29,434.75157
2025-05-11 22:30:00+00:00,103952.29,104022.67,103569.77,103793.67,305.96539
2025-05-11 23:00:00+00:00,103793.67,104015.88,103761.9,103981.28,223.44909
2025-05-11 23:30:00+00:00,103981.29,104142.86,103774.59,104118.0,313.0933
2025-05-12 00:00:00+00:00,104118.0,104469.23,104074.15,104395.97,445.98492
2025-05-12 00:30:00+00:00,104395.98,104635.48,104311.67,104587.31,418.58611
2025-05-12 01:00:00+00:00,104587.31,105086.42,104171.48,104280.01,1353.14938
2025-05-12 01:30:00+00:00,104280.01,104295.01,103764.5,103984.14,541.34026
2025-05-12 02:00:00+00:00,103984.14,104204.08,103893.42,103957.59,361.37464
2025-05-12 02:30:00+00:00,103957.59,104121.78,103710.66,103885.72,350.98327
2025-05-12 03:00:00+00:00,103885.73,104047.62,103702.15,103868.04,317.45388
2025-05-12 03:30:00+00:00,103868.05,104100.13,103800.0,104100.13,257.45639
2025-05-12 04:00:00+00:00,104100.13,104164.77,103816.47,103888.89,205.98945
2025-05-12 04:30:00+00:00,103888.89,104117.64,103850.01,104072.7,245.00203
2025-05-12 05:00:00+00:00,104072.7,104072.71,103780.0,103806.21,253.22255
2025-05-12 05:30:00+00:00,103806.21,104000.0,103750.0,103940.0,205.93212
2025-05-12 06:00:00+00:00,103939.99,104220.19,103800.0,104201.45,188.05603
2025-05-12 06:30:00+00:00,104201.44,104411.58,104180.38,104384.8,314.77235
2025-05-12 07:00:00+00:00,104384.81,105819.45,104384.81,105452.23,3628.42497
2025-05-12 07:30:00+00:00,105452.23,105700.0,104152.84,104467.99,1915.18732
2025-05-12 08:00:00+00:00,104467.99,104528.92,104077.7,104291.98,574.51382
2025-05-12 08:30:00+00:00,104291.99,104736.45,104222.22,104614.04,497.50963
2025-05-12 09:00:00+00:00,104614.05,104682.68,104375.0,104517.94,517.61763
2025-05-12 09:30:00+00:00,104517.94,104539.54,104375.0,104459.34,372.57648
2025-05-12 10:00:00+00:00,104459.33,104535.0,104150.0,104332.2,595.88212
2025-05-12 10:30:00+00:00,104332.19,104539.69,104286.19,104527.62,286.05347
2025-05-12 11:00:00+00:00,104527.62,104628.0,104310.85,104378.74,438.72507
2025-05-12 11:30:00+00:00,104378.73,104380.96,103625.0,103762.9,912.72423
2025-05-12 12:00:00+00:00,103762.89,104031.75,103729.04,104000.04,745.24002
2025-05-12 12:30:00+00:00,104000.05,104145.41,103876.13,103881.15,805.8948
2025-05-12 13:00:00+00:00,103881.14,104371.09,103874.86,104159.07,492.29027
2025-05-12 13:30:00+00:00,104159.07,104629.96,103675.57,104319.99,988.94537
2025-05-12 14:00:00+00:00,104320.0,104400.0,102654.27,102953.74,1625.41993
2025-05-12 14:30:00+00:00,102953.74,103482.63,102544.25,102799.99,1414.03542
2025-05-12 15:00:00+00:00,102799.99,103206.35,102433.41,102963.31,1079.18296
2025-05-12 15:30:00+00:00,102963.31,102984.13,102388.0,102527.26,731.23571
2025-05-12 16:00:00+00:00,102527.27,103028.0,102421.83,102984.12,573.06167
2025-05-12 16:30:00+00:00,102984.13,103075.09,102752.45,102856.06,412.9646
2025-05-12 17:00:00+00:00,102856.07,103088.88,102684.79,102920.63,351.37766
2025-05-12 17:30:00+00:00,102920.63,102998.99,102529.52,102556.19,318.37508
2025-05-12 18:00:00+00:00,102556.2,102660.54,101626.08,101643.78,1293.65189
2025-05-12 18:30:00+00:00,101643.51,101777.66,100718.37,101630.59,1814.54977
2025-05-12 19:00:00+00:00,101630.59,102122.02,101573.96,101670.42,850.09512
2025-05-12 19:30:00+00:00,101670.42,101933.11,101459.7,101860.0,440.56664
2025-05-12 20:00:00+00:00,101859.99,102282.45,101770.2,102249.99,379.64494
2025-05-12 20:30:00+00:00,102249.99,102881.39,102212.0,102678.51,407.36102
2025-05-12 21:00:00+00:00,102678.52,102743.43,102352.94,102354.13,250.67045
2025-05-12 21:30:00+00:00,102354.13,102628.07,102352.86,102510.1,228.56803
2025-05-12 22:00:00+00:00,102509.36,102789.36,102352.9,102747.07,216.53669
2025-05-12 22:30:00+00:00,102747.07,102941.06,102723.99,102856.38,232.74344
2025-05-12 23:00:00+00:00,102856.59,103127.92,102856.59,103100.02,236.81815
2025-05-12 23:30:00+00:00,103100.02,103102.77,102791.31,102791.32,185.03017
2025-05-13 00:00:00+00:00,102791.32,102791.32,102407.03,102529.57,383.04651
2025-05-13 00:30:00+00:00,102530.14,102550.0,102165.39,102260.01,366.23562
2025-05-13 01:00:00+00:00,102260.0,102714.29,102242.42,102478.39,431.16906
2025-05-13 01:30:00+00:00,102478.38,102539.69,102072.0,102400.48,284.94796
2025-05-13 02:00:00+00:00,102400.48,102701.82,101696.84,102285.71,610.95455
2025-05-13 02:30:00+00:00,102285.72,102300.0,101800.0,102067.99,313.71126
2025-05-13 03:00:00+00:00,102067.98,102166.99,101510.0,101602.31,394.25171
2025-05-13 03:30:00+00:00,101602.31,101855.02,101429.7,101719.4,568.02477
2025-05-13 04:00:00+00:00,101719.4,102382.59,101610.56,102373.75,438.16967
2025-05-13 04:30:00+00:00,102373.75,102767.24,102373.75,102745.71,694.07175
2025-05-13 05:00:00+00:00,102745.72,102745.72,102553.84,102560.0,536.14164
2025-05-13 05:30:00+00:00,102560.0,102578.0,102264.34,102477.15,464.85149
2025-05-13 06:00:00+00:00,102477.16,102688.77,102333.33,102365.0,554.62448
2025-05-13 06:30:00+00:00,102365.0,102613.0,102350.75,102552.0,310.46554
2025-05-13 07:00:00+00:00,102552.01,102943.28,102552.0,102800.0,285.86997
2025-05-13 07:30:00+00:00,102800.0,102837.5,102635.13,102665.5,262.69775
2025-05-13 08:00:00+00:00,102665.5,102958.81,102540.18,102571.99,420.92582
2025-05-13 08:30:00+00:00,102571.99,102831.94,102563.19,102722.0,153.97316
2025-05-13 09:00:00+00:00,102722.0,103299.87,102722.0,103258.44,471.70439
2025-05-13 09:30:00+00:00,103258.44,103511.2,103214.61,103457.03,525.91686
2025-05-13 10:00:00+00:00,103457.02,103524.99,103273.84,103494.92,588.00162
2025-05-13 10:30:00+00:00,103494.92,103612.37,103389.51,103557.72,221.3321
2025-05-13 11:00:00+00:00,103557.72,103653.68,103453.99,103608.62,180.43611
2025-05-13 11:30:00+00:00,103608.61,103822.03,103573.11,103729.2,235.17585
2025-05-13 12:00:00+00:00,103729.2,103819.51,103455.41,103555.1,395.84559
2025-05-13 12:30:00+00:00,103555.09,103966.0,103338.23,103682.52,1015.85121
2025-05-13 13:00:00+00:00,103682.52,103830.99,103490.77,103786.6,386.59983
2025-05-13 13:30:00+00:00,103786.6,103932.2,103394.93,103715.87,471.74964
2025-05-13 14:00:00+00:00,103715.87,103746.04,102811.32,103390.91,908.48051
2025-05-13 14:30:00+00:00,103390.9,103394.7,102904.76,103191.65,427.55526
2025-05-13 15:00:00+00:00,103191.64,103873.02,103132.15,103672.69,532.14281
2025-05-13 15:30:00+00:00,103672.7,103739.06,103422.68,103682.55,313.15793
2025-05-13 16:00:00+00:00,103682.54,104394.61,103532.18,104151.02,855.96661
2025-05-13 16:30:00+00:00,104151.02,104253.06,103714.28,103725.85,440.1779
2025-05-13 17:00:00+00:00,103725.85,104040.0,103714.28,103835.84,290.50878
2025-05-13 17:30:00+00:00,103835.83,104310.0,103712.5,104268.17,447.37731
2025-05-13 18:00:00+00:00,104268.17,104428.58,104173.26,104349.2,372.0066
2025-05-13 18:30:00+00:00,104349.2,104388.73,104081.85,104354.19,295.50683
2025-05-13 19:00:00+00:00,104354.19,104666.0,104158.73,104589.68,538.88872
2025-05-13 19:30:00+00:00,104589.68,104976.25,104442.86,104792.22,1813.01924
2025-05-13 20:00:00+00:00,104792.21,104928.0,104400.0,104514.56,414.77712
2025-05-13 20:30:00+00:00,104514.57,104705.62,104450.49,104562.39,187.17605
2025-05-13 21:00:00+00:00,104562.4,104613.32,104179.0,104507.95,213.32764
2025-05-13 21:30:00+00:00,104507.95,104592.86,104230.14,104342.71,177.93943
2025-05-13 22:00:00+00:00,104342.7,104432.03,104117.79,104258.68,320.77373
2025-05-13 22:30:00+00:00,104258.68,104346.11,104100.0,104128.5,181.95138
2025-05-13 23:00:00+00:00,104128.5,104190.48,103869.01,103985.16,243.8938
2025-05-13 23:30:00+00:00,103985.17,104285.66,103985.16,104103.72,312.05053
2025-05-14 00:00:00+00:00,104103.72,104115.86,103818.47,103904.76,769.63608
2025-05-14 00:30:00+00:00,103904.76,104017.35,103763.85,103920.76,268.95871
2025-05-14 01:00:00+00:00,103920.77,104058.94,103825.63,103893.02,359.89692
2025-05-14 01:30:00+00:00,103893.03,104082.71,103700.0,103734.82,714.86589
2025-05-14 02:00:00+00:00,103734.81,103786.21,103496.82,103601.08,334.02969
2025-05-14 02:30:00+00:00,103601.09,103752.01,103571.42,103713.27,147.5842
2025-05-14 03:00:00+00:00,103713.27,103777.78,103503.4,103524.98,155.93293
2025-05-14 03:30:00+00:00,103524.99,103609.85,103453.26,103587.44,259.81395
2025-05-14 04:00:00+00:00,103587.44,103682.54,103471.36,103670.9,144.46234
2025-05-14 04:30:00+00:00,103670.9,103842.98,103611.42,103743.02,283.357
2025-05-14 05:00:00+00:00,103743.02,103896.0,103706.86,103743.33,166.94294
2025-05-14 05:30:00+00:00,103743.34,103971.0,103687.13,103896.71,339.94342
2025-05-14 06:00:00+00:00,103896.7,103952.39,103702.17,103770.36,229.19064
2025-05-14 06:30:00+00:00,103770.36,103804.62,103662.82,103757.5,152.13201
2025-05-14 07:00:00+00:00,103757.5,103757.5,103381.02,103489.64,313.80597
2025-05-14 07:30:00+00:00,103489.64,103800.0,103422.61,103716.55,472.41967
2025-05-14 08:00:00+00:00,103716.55,103888.0,103464.29,103644.83,452.49871
2025-05-14 08:30:00+00:00,103644.83,103737.07,103187.0,103200.0,604.13482
2025-05-14 09:00:00+00:00,103200.0,103336.43,102875.22,103334.86,843.00399
2025-05-14 09:30:00+00:00,103334.86,103496.05,103180.9,103485.73,348.69628
2025-05-14 10:00:00+00:00,103485.73,103929.32,103460.72,103829.02,457.65255
2025-05-14 10:30:00+00:00,103829.03,103881.62,103650.21,103708.49,246.73645
2025-05-14 11:00:00+00:00,103708.5,103990.0,103708.5,103905.5,251.94589
2025-05-14 11:30:00+00:00,103905.5,104145.0,103905.5,103944.93,331.09432
2025-05-14 12:00:00+00:00,103944.93,104188.0,103907.45,104016.68,294.83424
2025-05-14 12:30:00+00:00,104016.69,104208.77,103942.02,103999.99,193.69625
2025-05-14 13:00:00+00:00,103999.99,104120.0,103833.82,104095.23,399.04261
2025-05-14 13:30:00+00:00,104095.23,104356.95,103492.06,103970.87,1508.22354
2025-05-14 14:00:00+00:00,103970.87,103971.88,103081.2,103081.2,1363.38515
2025-05-14 14:30:00+00:00,103081.2,103468.99,102902.0,103265.46,586.71107
2025-05-14 15:00:00+00:00,103265.47,103423.88,102833.55,103417.03,527.81321
2025-05-14 15:30:00+00:00,103417.03,103555.56,103206.89,103514.24,328.33839
2025-05-14 16:00:00+00:00,103514.24,103614.61,103300.0,103460.31,219.45097
2025-05-14 16:30:00+00:00,103460.31,103598.1,103173.55,103363.65,255.99874
2025-05-14 17:00:00+00:00,103363.66,103428.58,102602.05,102880.67,422.06905
2025-05-14 17:30:00+00:00,102880.67,103255.34,102857.14,103246.79,173.28228
2025-05-14 18:00:00+00:00,103246.78,103460.31,103029.45,103247.63,239.52157
2025-05-14 18:30:00+00:00,103247.62,103523.81,103183.68,103523.81,154.46058
2025-05-14 19:00:00+00:00,103523.8,103720.44,103459.04,103540.21,234.79208
2025-05-14 19:30:00+00:00,103540.21,103550.29,103243.0,103321.72,157.40157
2025-05-14 20:00:00+00:00,103321.73,103492.07,103304.66,103431.33,90.18605
2025-05-14 20:30:00+00:00,103431.32,103658.35,103384.76,103555.51,104.94827
2025-05-14 21:00:00+00:00,103555.52,103575.63,103434.55,103529.62,87.50283
2025-05-14 21:30:00+00:00,103529.63,103667.52,103445.45,103647.39,98.75153
2025-05-14 22:00:00+00:00,103647.39,103658.3,103472.17,103537.23,75.2202
2025-05-14 22:30:00+00:00,103537.23,103540.0,103430.63,103511.46,64.15187
2025-05-14 23:00:00+00:00,103511.46,103548.81,103357.77,103548.8,127.02212
2025-05-14 23:30:00+00:00,103548.8,103608.73,103507.82,103507.82,97.36856
2025-05-15 00:00:00+00:00,103507.83,103827.45,103492.06,103768.24,161.53103
2025-05-15 00:30:00+00:00,103768.24,103866.51,103688.54,103801.85,154.95463
2025-05-15 01:00:00+00:00,103801.85,103801.86,103450.42,103475.19,157.38974
2025-05-15 01:30:00+00:00,103475.2,103496.4,102968.16,103033.52,411.28238
2025-05-15 02:00:00+00:00,103033.51,103206.35,102952.38,103009.72,238.44763
2025-05-15 02:30:00+00:00,103009.72,103159.3,102916.05,103047.62,207.78312
2025-05-15 03:00:00+00:00,103047.62,103142.86,102800.0,102926.6,243.99235
2025-05-15 03:30:00+00:00,102926.6,102959.33,102720.0,102753.63,222.41633
2025-05-15 04:00:00+00:00,102753.62,102910.12,102711.0,102839.37,206.35196
2025-05-15 04:30:00+00:00,102839.37,102962.38,102770.63,102891.76,145.41734
2025-05-15 05:00:00+00:00,102891.76,102922.17,102547.5,102559.55,250.20819
2025-05-15 05:30:00+00:00,102559.55,102633.35,102336.7,102375.31,269.21045
2025-05-15 06:00:00+00:00,102375.31,102686.1,102333.35,102634.92,411.037
2025-05-15 06:30:00+00:00,102634.92,102649.59,102140.0,102247.4,303.11522
2025-05-15 07:00:00+00:00,102247.41,102440.0,101888.0,101893.34,396.31022
2025-05-15 07:30:00+00:00,101893.34,101986.85,101724.17,101779.99,372.01191
2025-05-15 08:00:00+00:00,101779.99,102095.24,101758.97,102055.98,270.30605
2025-05-15 08:30:00+00:00,102055.98,102327.0,102036.26,102274.65,324.54636
2025-05-15 09:00:00+00:00,102274.65,102274.66,101874.5,101977.19,285.78744
2025-05-15 09:30:00+00:00,101977.19,101992.41,101500.0,101823.39,574.53739
2025-05-15 10:00:00+00:00,101823.4,101930.58,101630.3,101906.34,244.96028
2025-05-15 10:30:00+00:00,101906.34,101906.35,101600.0,101804.74,249.22397
2025-05-15 11:00:00+00:00,101804.75,102336.0,101790.2,102281.31,372.51503
2025-05-15 11:30:00+00:00,102281.3,102441.0,102195.09,102371.61,290.23052
2025-05-15 12:00:00+00:00,102371.62,102610.0,102271.58,102536.52,269.12816
2025-05-15 12:30:00+00:00,102536.51,102838.82,102428.0,102560.0,712.75821
2025-05-15 13:00:00+00:00,102560.01,102787.82,102501.68,102582.23,188.70582
2025-05-15 13:30:00+00:00,102582.22,102779.55,101569.84,102133.49,848.50552
2025-05-15 14:00:00+00:00,102133.49,102398.31,101787.18,102040.94,573.1068
2025-05-15 14:30:00+00:00,102040.94,102080.0,101383.07,101987.65,636.76944
2025-05-15 15:00:00+00:00,101987.64,102506.11,101931.86,102492.84,426.69271
2025-05-15 15:30:00+00:00,102492.84,103291.99,102444.75,103251.35,656.88286
2025-05-15 16:00:00+00:00,103251.36,103380.96,103075.83,103168.1,435.369
2025-05-15 16:30:00+00:00,103168.09,103847.13,103026.33,103846.27,661.05624
2025-05-15 17:00:00+00:00,103846.28,104140.73,103650.79,103968.26,849.15627
2025-05-15 17:30:00+00:00,103968.25,104192.7,103886.35,103968.24,462.17361
2025-05-15 18:00:00+00:00,103968.24,104012.49,103468.02,103491.85,421.91616
2025-05-15 18:30:00+00:00,103491.85,103598.58,102641.54,102697.31,703.42663
2025-05-15 19:00:00+00:00,102697.31,103221.95,102552.35,102799.34,479.83035
2025-05-15 19:30:00+00:00,102799.34,103228.06,102789.76,103157.26,429.298
2025-05-15 20:00:00+00:00,103157.26,103428.58,102884.6,103333.33,455.57608
2025-05-15 20:30:00+00:00,103333.33,103491.43,103222.45,103443.51,210.934
2025-05-15 21:00:00+00:00,103443.51,103443.51,102708.46,103037.44,219.41161
2025-05-15 21:30:00+00:00,103037.45,103330.29,102842.14,103288.75,244.42739
2025-05-15 22:00:00+00:00,103288.75,103980.84,103254.25,103676.64,418.12439
2025-05-15 22:30:00+00:00,103676.64,103730.42,103479.69,103492.06,242.13105
2025-05-15 23:00:00+00:00,103492.06,103657.7,103230.76,103515.56,373.17017
2025-05-15 23:30:00+00:00,103515.56,103893.73,103515.56,103763.71,316.86903
2025-05-16 00:00:00+00:00,103763.71,103986.98,103655.16,103742.01,382.53078
2025-05-16 00:30:00+00:00,103742.0,104033.9,103666.66,103764.81,423.01462
2025-05-16 01:00:00+00:00,103764.82,103800.0,103467.91,103771.74,418.72978
2025-05-16 01:30:00+00:00,103771.74,104108.9,103764.6,104047.61,423.91253
2025-05-16 02:00:00+00:00,104047.6,104370.63,103928.8,104274.87,727.60873
2025-05-16 02:30:00+00:00,104274.87,104466.01,104077.66,104199.8,374.8471
2025-05-16 03:00:00+00:00,104199.8,104299.0,104034.49,104253.01,252.33064
2025-05-16 03:30:00+00:00,104253.01,104328.32,103988.18,104023.49,291.17534
2025-05-16 04:00:00+00:00,104023.49,104184.72,103912.32,103932.16,226.06394
2025-05-16 04:30:00+00:00,103932.17,103978.98,103816.6,103919.95,232.29621
2025-05-16 05:00:00+00:00,103919.96,104148.0,103919.95,104030.79,169.74609
2025-05-16 05:30:00+00:00,104030.78,104075.7,103833.64,103898.52,249.09279
2025-05-16 06:00:00+00:00,103898.52,104033.89,103860.32,103968.78,530.95566
2025-05-16 06:30:00+00:00,103968.78,104100.0,103940.87,103987.87,211.02142
2025-05-16 07:00:00+00:00,103987.87,104190.48,103856.0,104081.16,332.59447
2025-05-16 07:30:00+00:00,104081.15,104081.16,103694.18,103710.17,387.18983
2025-05-16 08:00:00+00:00,103710.17,103760.0,103100.49,103265.54,607.99445
2025-05-16 08:30:00+00:00,103265.55,103460.34,103170.0,103388.6,653.589
2025-05-16 09:00:00+00:00,103388.6,103761.91,103388.6,103688.9,413.46876
2025-05-16 09:30:00+00:00,103688.89,103820.0,103601.46,103793.65,410.66062
2025-05-16 10:00:00+00:00,103793.65,103886.01,103635.18,103711.7,326.86446
2025-05-16 10:30:00+00:00,103711.7,103864.01,103711.7,103796.91,182.87296
2025-05-16 11:00:00+00:00,103796.92,103900.0,103594.33,103616.7,369.58046
2025-05-16 11:30:00+00:00,103616.7,103714.27,103552.0,103651.71,153.54781
2025-05-16 12:00:00+00:00,103651.72,103768.51,103524.35,103604.05,207.10816
2025-05-16 12:30:00+00:00,103604.05,103706.2,103484.75,103506.07,180.58328
2025-05-16 13:00:00+00:00,103506.07,103645.63,103462.42,103508.99,154.17281
2025-05-16 13:30:00+00:00,103508.99,104099.88,103440.0,104007.98,822.35373
2025-05-16 14:00:00+00:00,104007.99,104007.99,103500.0,103832.0,595.39507
2025-05-16 14:30:00+00:00,103832.0,103832.0,103343.07,103578.7,348.1711
2025-05-16 15:00:00+00:00,103578.71,104286.0,103578.71,103846.41,802.44122
2025-05-16 15:30:00+00:00,103846.41,104183.33,103816.72,104183.33,393.55448
2025-05-16 16:00:00+00:00,104183.32,104550.33,103951.5,103951.51,923.98325
2025-05-16 16:30:00+00:00,103951.51,104215.99,103837.82,104145.49,304.28685
2025-05-16 17:00:00+00:00,104145.48,104396.28,104015.87,104273.24,238.10797
2025-05-16 17:30:00+00:00,104273.24,104308.59,103780.0,103867.96,192.2702
2025-05-16 18:00:00+00:00,103867.96,104094.9,103836.0,103861.91,161.74253
2025-05-16 18:30:00+00:00,103861.92,104033.33,103690.26,103691.55,258.50249
2025-05-16 19:00:00+00:00,103691.54,103840.0,103587.0,103680.0,141.95108
2025-05-16 19:30:00+00:00,103679.99,104047.62,103666.66,104032.6,131.99636
2025-05-16 20:00:00+00:00,104032.6,104032.6,103833.18,103880.01,110.54206
2025-05-16 20:30:00+00:00,103880.0,103880.01,103526.47,103692.48,175.13769
2025-05-16 21:00:00+00:00,103692.48,103791.94,103566.55,103566.55,102.81223
2025-05-16 21:30:00+00:00,103566.56,103753.13,103500.0,103612.0,146.2953
2025-05-16 22:00:00+00:00,103612.01,103613.02,103397.5,103462.97,221.0804
2025-05-16 22:30:00+00:00,103462.96,103545.15,103407.51,103521.96,123.47909
2025-05-16 23:00:00+00:00,103521.96,103690.18,103512.43,103619.05,108.06536
2025-05-16 23:30:00+00:00,103619.05,103640.0,103420.92,103463.9,88.15908
2025-05-17 00:00:00+00:00,103463.9,103539.69,103288.0,103295.73,288.93092
2025-05-17 00:30:00+00:00,103295.72,103428.58,103100.0,103360.01,454.3412
2025-05-17 01:00:00+00:00,103360.0,103360.01,102704.0,102984.71,563.3758
2025-05-17 01:30:00+00:00,102984.71,103016.02,102612.5,102829.57,338.41839
2025-05-17 02:00:00+00:00,102829.58,103222.23,102747.44,103155.87,403.51027
2025-05-17 02:30:00+00:00,103155.87,103357.6,103155.87,103286.01,246.88454
2025-05-17 03:00:00+00:00,103286.01,103356.66,103173.85,103293.08,251.01602
2025-05-17 03:30:00+00:00,103293.07,103600.0,103227.99,103508.48,312.36214
2025-05-17 04:00:00+00:00,103508.48,103657.94,103476.19,103606.91,188.21832
2025-05-17 04:30:00+00:00,103606.92,103666.67,103484.9,103658.05,148.26982
2025-05-17 05:00:00+00:00,103658.05,103709.86,103518.58,103543.57,122.27582
2025-05-17 05:30:00+00:00,103543.58,103595.82,103328.12,103342.79,102.31026
2025-05-17 06:00:00+00:00,103342.79,103495.0,103328.24,103328.24,83.56742
2025-05-17 06:30:00+00:00,103328.24,103500.0,103285.71,103487.95,330.25765
2025-05-17 07:00:00+00:00,103487.96,103640.14,103454.83,103609.99,200.86777
2025-05-17 07:30:00+00:00,103609.99,103629.05,103435.08,103451.14,143.16017
2025-05-17 08:00:00+00:00,103451.13,103460.22,103120.0,103455.09,486.01924
2025-05-17 08:30:00+00:00,103455.1,103568.58,103400.77,103426.06,199.18733
2025-05-17 09:00:00+00:00,103426.06,103549.92,102850.0,102876.52,375.06553
2025-05-17 09:30:00+00:00,102876.52,103063.5,102808.6,102896.59,827.50171
2025-05-17 10:00:00+00:00,102896.59,103045.56,102834.58,103002.09,230.86046
2025-05-17 10:30:00+00:00,103002.09,103027.55,102822.64,102873.74,226.64706
2025-05-17 11:00:00+00:00,102873.74,102943.98,102753.67,102807.25,162.7526
2025-05-17 11:30:00+00:00,102807.25,103099.84,102802.97,102994.17,212.26761
2025-05-17 12:00:00+00:00,102994.18,103066.43,102892.38,102993.16,171.46484
2025-05-17 12:30:00+00:00,102993.16,103026.0,102900.0,102927.57,115.98493
2025-05-17 13:00:00+00:00,102927.58,103103.47,102820.0,102932.35,257.41129
2025-05-17 13:30:00+00:00,102932.35,102951.47,102640.02,102713.34,189.3014
2025-05-17 14:00:00+00:00,102713.33,103045.44,102707.72,103027.41,136.32817
2025-05-17 14:30:00+00:00,103027.41,103180.0,102979.06,103124.8,145.31627
2025-05-17 15:00:00+00:00,103124.8,103179.51,102973.31,103091.49,144.8964
2025-05-17 15:30:00+00:00,103091.49,103110.49,102936.0,102939.53,111.96405
2025-05-17 16:00:00+00:00,102939.52,103106.07,102909.06,103000.0,154.55282
2025-05-17 16:30:00+00:00,103000.0,103009.68,102761.9,102938.32,189.92057
2025-05-17 17:00:00+00:00,102938.32,103258.98,102928.8,103229.7,200.53067
2025-05-17 17:30:00+00:00,103229.7,103292.88,103130.43,103130.43,111.67181
2025-05-17 18:00:00+00:00,103130.43,103350.0,103047.1,103201.37,275.6693
2025-05-17 18:30:00+00:00,103201.36,103201.37,102956.52,102987.2,111.93046
2025-05-17 19:00:00+00:00,102987.21,103106.41,102928.3,103047.99,108.79135
2025-05-17 19:30:00+00:00,103048.0,103204.07,103011.38,103158.6,134.89992
2025-05-17 20:00:00+00:00,103158.6,103204.07,103081.71,103173.92,160.27689
2025-05-17 20:30:00+00:00,103173.92,103433.78,103173.92,103372.04,125.73535
2025-05-17 21:00:00+00:00,103372.03,103477.87,103167.16,103199.91,527.92391
2025-05-17 21:30:00+00:00,103199.91,103304.35,103121.62,103243.69,394.55773
2025-05-17 22:00:00+00:00,103243.68,103243.68,102923.03,102934.19,241.26639
2025-05-17 22:30:00+00:00,102934.19,103100.0,102900.72,103031.03,161.67167
2025-05-17 23:00:00+00:00,103031.03,103200.0,102950.23,103162.95,103.03457
2025-05-17 23:30:00+00:00,103162.95,103212.0,103107.7,103126.65,77.72741
2025-05-18 00:00:00+00:00,103126.65,103318.36,103105.09,103260.87,157.89053
2025-05-18 00:30:00+00:00,103260.87,103409.98,103177.0,103382.8,146.9977
2025-05-18 01:00:00+00:00,103382.81,103405.12,103200.0,103220.25,91.84144
2025-05-18 01:30:00+00:00,103220.25,103299.33,103134.49,103251.49,90.72631
2025-05-18 02:00:00+00:00,103251.49,103324.0,103240.69,103292.12,69.58731
2025-05-18 02:30:00+00:00,103292.12,103360.01,103260.86,103346.7,109.89904
2025-05-18 03:00:00+00:00,103346.7,103390.45,103140.32,103140.32,159.35937
2025-05-18 03:30:00+00:00,103140.32,103317.17,103140.32,103295.7,87.6635
2025-05-18 04:00:00+00:00,103295.7,103318.3,103295.69,103308.6,40.92087
2025-05-18 04:30:00+00:00,103308.6,103433.78,103308.6,103355.01,107.52217
2025-05-18 05:00:00+00:00,103355.01,103480.0,103355.01,103445.73,147.15623
2025-05-18 05:30:00+00:00,103445.74,103685.03,103420.15,103648.2,283.04232
2025-05-18 06:00:00+00:00,103648.2,103679.02,103492.64,103509.99,201.4801
2025-05-18 06:30:00+00:00,103509.99,103510.0,103368.36,103476.19,172.43722
2025-05-18 07:00:00+00:00,103476.2,103600.0,103443.45,103599.42,98.69134
2025-05-18 07:30:00+00:00,103599.42,103988.0,103548.15,103919.39,363.43048
2025-05-18 08:00:00+00:00,103919.39,104088.2,103819.43,103979.4,520.2362
2025-05-18 08:30:00+00:00,103979.39,103988.36,103855.02,103912.82,159.35918
2025-05-18 09:00:00+00:00,103912.82,104022.0,103906.28,103968.88,227.49537
2025-05-18 09:30:00+00:00,103968.87,103996.82,103845.23,103868.48,124.74084
2025-05-18 10:00:00+00:00,103868.48,103935.4,103806.68,103806.69,121.72035
2025-05-18 10:30:00+00:00,103806.68,103856.81,103800.0,103856.81,139.6656
2025-05-18 11:00:00+00:00,103856.8,103959.01,103848.86,103906.81,140.33715
2025-05-18 11:30:00+00:00,103906.81,103998.98,103800.0,103800.54,140.60154
2025-05-18 12:00:00+00:00,103800.55,103877.89,103701.4,103865.78,160.55316
2025-05-18 12:30:00+00:00,103865.79,103939.66,103865.78,103939.65,82.29911
2025-05-18 13:00:00+00:00,103939.65,103951.01,103900.02,103902.02,82.20017
2025-05-18 13:30:00+00:00,103902.01,104800.0,103902.01,104740.0,1202.55353
2025-05-18 14:00:00+00:00,104740.0,104910.0,104556.32,104799.99,621.7011
2025-05-18 14:30:00+00:00,104799.99,105548.0,104799.99,105270.97,1437.40373
2025-05-18 15:00:00+00:00,105270.98,105538.3,104970.03,105336.09,861.04655
2025-05-18 15:30:00+00:00,105336.08,105680.0,105259.53,105518.0,534.74647
2025-05-18 16:00:00+00:00,105518.0,105644.59,105161.19,105466.57,407.53049
2025-05-18 16:30:00+00:00,105466.58,105980.0,105360.0,105822.22,811.34521
2025-05-18 17:00:00+00:00,105822.22,105900.0,105411.2,105550.0,613.21593
2025-05-18 17:30:00+00:00,105550.0,105696.99,104836.66,104836.67,669.0046
2025-05-18 18:00:00+00:00,104836.66,104923.17,103988.0,104685.38,1117.37704
2025-05-18 18:30:00+00:00,104685.37,104779.32,104357.03,104498.0,701.89013
2025-05-18 19:00:00+00:00,104498.01,104761.9,104440.21,104544.2,502.68781
2025-05-18 19:30:00+00:00,104544.19,104544.2,103851.01,103883.97,572.30428
2025-05-18 20:00:00+00:00,103883.98,103975.5,103285.71,103931.18,1488.01753
2025-05-18 20:30:00+00:00,103931.19,104240.0,103879.33,104053.05,315.49821
2025-05-18 21:00:00+00:00,104053.05,104377.84,104053.04,104302.03,280.60935
2025-05-18 21:30:00+00:00,104302.04,104601.14,104106.22,104180.38,410.37645
2025-05-18 22:00:00+00:00,104180.37,105065.49,103963.63,105051.87,491.9734
2025-05-18 22:30:00+00:00,105051.87,105979.99,104932.16,105928.1,961.40134
2025-05-18 23:00:00+00:00,105928.11,105970.98,105460.0,105879.99,1526.18119
2025-05-18 23:30:00+00:00,105879.98,106660.0,105624.89,106454.26,1845.26832
2025-05-19 00:00:00+00:00,106454.27,107108.62,106106.13,106109.5,1688.67742
2025-05-19 00:30:00+00:00,106109.5,106170.86,105165.44,105260.88,803.43955
2025-05-19 01:00:00+00:00,105260.88,105416.67,104742.53,105077.7,669.60613
2025-05-19 01:30:00+00:00,105077.69,105279.57,104846.88,105059.97,311.12648
2025-05-19 02:00:00+00:00,105059.97,105192.17,104569.0,104893.21,496.37062
2025-05-19 02:30:00+00:00,104893.21,105069.01,104580.0,104645.15,567.59653
2025-05-19 03:00:00+00:00,104645.15,104645.15,104100.0,104217.39,470.3091
2025-05-19 03:30:00+00:00,104217.4,104247.47,103534.47,103605.88,823.28827
2025-05-19 04:00:00+00:00,103605.9,103779.99,102923.59,103310.16,1415.57148
2025-05-19 04:30:00+00:00,103310.17,103534.19,102789.0,103002.07,1011.48386
2025-05-19 05:00:00+00:00,103002.07,103073.82,102641.0,102725.0,867.51554
2025-05-19 05:30:00+00:00,102725.0,103118.57,102513.87,103032.01,1169.1737
2025-05-19 06:00:00+00:00,103032.0,103195.67,102600.0,102628.73,703.8602
2025-05-19 06:30:00+00:00,102628.73,102633.3,102000.0,102208.0,1596.54197
2025-05-19 07:00:00+00:00,102208.01,102888.9,102173.91,102820.03,637.24827
2025-05-19 07:30:00+00:00,102820.02,103356.8,102814.13,103226.29,497.64266
2025-05-19 08:00:00+00:00,103226.29,103357.6,102976.45,103250.95,396.85748
2025-05-19 08:30:00+00:00,103250.95,103250.95,102920.57,103233.9,313.29626
2025-05-19 09:00:00+00:00,103233.9,103425.53,102999.99,103239.99,628.95232
2025-05-19 09:30:00+00:00,103239.99,103304.35,103020.0,103061.61,173.46928
2025-05-19 10:00:00+00:00,103061.62,103090.07,102853.81,103043.49,374.99832
2025-05-19 10:30:00+00:00,103043.5,103073.55,102884.24,102915.5,265.39623
2025-05-19 11:00:00+00:00,102915.5,103067.83,102782.6,103047.91,327.83163
2025-05-19 11:30:00+00:00,103047.91,103066.46,102921.62,102963.41,202.53764
2025-05-19 12:00:00+00:00,102963.4,102963.41,102443.3,102608.7,441.2864
2025-05-19 12:30:00+00:00,102608.69,102636.8,102126.16,102479.95,611.49978
2025-05-19 13:00:00+00:00,102479.94,102590.01,102321.83,102523.81,279.07572
2025-05-19 13:30:00+00:00,102523.81,103527.89,102391.97,103294.11,1275.54878
2025-05-19 14:00:00+00:00,103294.11,103755.52,103181.67,103414.51,890.0622
2025-05-19 14:30:00+00:00,103414.51,104369.0,103414.51,104328.11,737.12909
2025-05-19 15:00:00+00:00,104328.11,104687.41,104266.14,104457.87,921.58094
2025-05-19 15:30:00+00:00,104457.87,104968.75,104424.29,104786.41,915.64812
2025-05-19 16:00:00+00:00,104786.42,105108.01,104491.53,105108.01,922.46977
2025-05-19 16:30:00+00:00,105108.0,105435.49,104754.58,105356.44,577.80749
2025-05-19 17:00:00+00:00,105356.43,105550.01,104940.77,105233.52,796.75605
2025-05-19 17:30:00+00:00,105233.52,105453.39,105018.49,105380.95,486.81838
2025-05-19 18:00:00+00:00,105380.96,105561.76,105056.1,105155.07,372.50829
2025-05-19 18:30:00+00:00,105155.07,105155.07,104703.66,104778.98,564.67399
2025-05-19 19:00:00+00:00,104778.99,105065.09,104633.55,104908.77,343.27566
2025-05-19 19:30:00+00:00,104908.77,105549.99,104908.76,105517.7,439.04604
2025-05-19 20:00:00+00:00,105517.64,105788.87,105375.23,105723.0,451.43495
2025-05-19 20:30:00+00:00,105723.0,105723.0,105321.54,105468.0,232.04282
2025-05-19 21:00:00+00:00,105468.0,105514.79,105016.27,105028.81,208.70533
2025-05-19 21:30:00+00:00,105028.81,105504.56,105028.8,105474.67,560.00393
2025-05-19 22:00:00+00:00,105474.67,105572.66,105182.86,105207.67,781.62725
2025-05-19 22:30:00+00:00,105207.67,105644.41,105203.93,105549.92,587.99823
2025-05-19 23:00:00+00:00,105549.92,105829.99,105464.47,105466.14,271.59372
2025-05-19 23:30:00+00:00,105466.14,105680.35,105455.57,105573.74,178.65137
2025-05-20 00:00:00+00:00,105573.73,106569.99,105554.31,105643.99,1383.45625
2025-05-20 00:30:00+00:00,105643.99,106159.81,105580.97,105727.27,516.28411
2025-05-20 01:00:00+00:00,105727.27,106269.54,105701.46,106109.97,678.10389
2025-05-20 01:30:00+00:00,106109.96,106789.58,106105.65,106450.0,728.19378
2025-05-20 02:00:00+00:00,106450.01,106853.27,106438.58,106461.75,482.62487
2025-05-20 02:30:00+00:00,106461.75,106526.27,106000.0,106099.99,686.02242
2025-05-20 03:00:00+00:00,106100.0,106180.75,105863.63,106097.61,869.91076
2025-05-20 03:30:00+00:00,106097.61,106097.62,105533.01,105761.92,405.95719
2025-05-20 04:00:00+00:00,105761.92,105804.65,105545.45,105571.66,159.99491
2025-05-20 04:30:00+00:00,105571.65,106250.0,105545.45,106219.99,385.715
2025-05-20 05:00:00+00:00,106220.0,106399.0,106067.36,106336.02,309.78595
2025-05-20 05:30:00+00:00,106336.02,106347.29,106079.27,106105.26,274.77769
2025-05-20 06:00:00+00:00,106105.26,106219.99,105381.02,105486.74,388.89017
2025-05-20 06:30:00+00:00,105486.74,105650.0,105432.06,105454.54,246.59626
2025-05-20 07:00:00+00:00,105454.55,105750.26,105237.09,105540.0,521.65465
2025-05-20 07:30:00+00:00,105540.0,105577.24,104928.44,105021.71,748.13871
2025-05-20 08:00:00+00:00,105021.7,105229.64,104885.5,104895.25,330.78093
2025-05-20 08:30:00+00:00,104895.24,105249.11,104847.16,105223.01,345.15926
2025-05-20 09:00:00+00:00,105223.0,105331.0,105186.31,105317.43,356.8533
2025-05-20 09:30:00+00:00,105317.43,105390.13,105258.57,105285.72,224.98082
2025-05-20 10:00:00+00:00,105285.72,105416.66,105110.27,105252.01,314.18478
2025-05-20 10:30:00+00:00,105252.01,105252.01,105022.72,105030.65,269.44307
2025-05-20 11:00:00+00:00,105030.65,105164.85,104913.04,105136.54,242.42591
2025-05-20 11:30:00+00:00,105136.54,105348.67,105136.54,105203.76,242.71435
2025-05-20 12:00:00+00:00,105203.75,105203.76,104817.27,104821.09,275.25222
2025-05-20 12:30:00+00:00,104821.09,104848.85,104653.39,104780.0,346.60094
2025-05-20 13:00:00+00:00,104780.01,104869.57,104583.28,104614.96,383.40345
2025-05-20 13:30:00+00:00,104614.97,104630.0,104184.72,104448.04,1056.96595
2025-05-20 14:00:00+00:00,104448.04,104995.43,104304.34,104700.02,649.08493
2025-05-20 14:30:00+00:00,104700.02,104952.39,104512.65,104519.84,405.28729
2025-05-20 15:00:00+00:00,104519.84,105095.24,104482.68,105080.13,304.31634
2025-05-20 15:30:00+00:00,105080.14,105391.27,105029.36,105333.68,378.79082
2025-05-20 16:00:00+00:00,105333.67,105523.81,105090.9,105253.49,428.85193
2025-05-20 16:30:00+00:00,105253.49,105471.21,105182.78,105212.49,170.40371
2025-05-20 17:00:00+00:00,105212.49,106176.54,105212.49,106128.05,1045.63754
2025-05-20 17:30:00+00:00,106128.05,106336.37,106000.0,106200.31,486.35421
2025-05-20 18:00:00+00:00,106200.32,106419.19,105744.44,105772.73,424.49025
2025-05-20 18:30:00+00:00,105772.73,106069.39,105234.04,105285.54,531.20979
2025-05-20 19:00:00+00:00,105285.53,106400.01,105220.0,106309.55,510.43939
2025-05-20 19:30:00+00:00,106309.56,107238.37,106304.71,107026.47,1459.91271
2025-05-20 20:00:00+00:00,107026.47,107096.62,106407.66,106701.57,725.51333
2025-05-20 20:30:00+00:00,106701.57,107320.0,106483.75,106909.09,682.4393
2025-05-20 21:00:00+00:00,106909.09,107225.68,106318.18,106318.18,700.48844
2025-05-20 21:30:00+00:00,106318.18,106762.58,106132.09,106619.0,287.9736
2025-05-20 22:00:00+00:00,106619.0,106760.22,105935.83,106363.94,347.72428
2025-05-20 22:30:00+00:00,106363.94,106894.86,106173.59,106775.83,263.25965
2025-05-20 23:00:00+00:00,106775.83,107208.68,106685.82,106972.35,456.9824
2025-05-20 23:30:00+00:00,106972.35,107006.93,106637.5,106849.99,271.45125
2025-05-21 00:00:00+00:00,106850.0,107206.94,106572.0,106600.01,533.42065
2025-05-21 00:30:00+00:00,106600.01,106918.57,106459.8,106739.54,262.13931
2025-05-21 01:00:00+00:00,106739.55,107086.24,106670.19,106786.86,242.19641
2025-05-21 01:30:00+00:00,106786.85,106893.59,106426.0,106500.0,198.64927
2025-05-21 02:00:00+00:00,106500.0,106545.46,106186.79,106493.25,438.94893
2025-05-21 02:30:00+00:00,106493.24,106923.07,106455.43,106859.04,200.42093
2025-05-21 03:00:00+00:00,106859.05,107032.55,106748.69,107009.8,301.74125
2025-05-21 03:30:00+00:00,107009.8,107100.0,106773.44,106843.59,406.50931
2025-05-21 04:00:00+00:00,106843.6,107009.66,106742.85,106823.4,251.72508
2025-05-21 04:30:00+00:00,106823.4,107700.0,106793.64,107287.0,1263.8618
2025-05-21 05:00:00+00:00,107286.99,107687.0,107281.55,107538.28,743.41608
2025-05-21 05:30:00+00:00,107538.29,107718.68,107342.93,107542.0,451.25778
2025-05-21 06:00:00+00:00,107542.01,107929.06,107294.63,107865.09,761.14166
2025-05-21 06:30:00+00:00,107865.09,107985.05,107736.91,107751.41,574.16709
2025-05-21 07:00:00+00:00,107751.41,107855.49,106774.42,106991.02,719.14714
2025-05-21 07:30:00+00:00,106991.02,106991.02,106454.54,106527.16,1026.53579
2025-05-21 08:00:00+00:00,106527.17,106797.98,106357.79,106472.7,665.193
2025-05-21 08:30:00+00:00,106472.7,106537.47,106347.05,106372.45,356.98505
2025-05-21 09:00:00+00:00,106372.46,106523.81,106188.0,106342.21,386.70368
2025-05-21 09:30:00+00:00,106342.21,106342.21,106100.01,106200.03,409.83486
2025-05-21 10:00:00+00:00,106200.03,106450.0,106136.99,106267.69,325.00185
2025-05-21 10:30:00+00:00,106267.7,106392.73,106241.38,106328.57,226.72908
2025-05-21 11:00:00+00:00,106328.56,106741.71,106272.72,106679.99,408.87436
2025-05-21 11:30:00+00:00,106680.0,106685.0,106461.69,106546.44,202.80784
2025-05-21 12:00:00+00:00,106546.43,106920.21,106409.92,106840.0,468.5795
2025-05-21 12:30:00+00:00,106840.01,106840.01,106478.78,106573.11,321.37803
2025-05-21 13:00:00+00:00,106573.1,106659.05,106329.47,106459.61,363.60937
2025-05-21 13:30:00+00:00,106459.62,107662.08,106459.62,107244.76,829.33559
2025-05-21 14:00:00+00:00,107244.75,107745.3,107123.58,107342.21,1671.97487
2025-05-21 14:30:00+00:00,107342.21,109000.0,107009.06,108999.99,3142.05144
2025-05-21 15:00:00+00:00,108999.99,109458.0,108427.09,108915.0,3090.65294
2025-05-21 15:30:00+00:00,108915.0,109241.11,108332.26,108973.35,1817.91275
2025-05-21 16:00:00+00:00,108973.34,109285.72,108701.54,109117.0,1006.40421
2025-05-21 16:30:00+00:00,109117.01,109845.0,109080.0,109131.7,2545.48618
2025-05-21 17:00:00+00:00,109131.71,109343.01,106920.0,106975.9,2250.35869
2025-05-21 17:30:00+00:00,106975.91,107682.92,106117.67,106592.79,3999.55678
2025-05-21 18:00:00+00:00,106592.8,107090.91,106317.0,106658.55,1624.83687
2025-05-21 18:30:00+00:00,106658.55,107415.83,106632.56,106965.05,951.5954
2025-05-21 19:00:00+00:00,106965.05,107300.0,106619.68,107223.99,786.89312
2025-05-21 19:30:00+00:00,107224.0,108857.19,107224.0,108603.79,1793.06858
2025-05-21 20:00:00+00:00,108603.79,108739.14,108155.6,108195.26,728.49666
2025-05-21 20:30:00+00:00,108195.26,108252.43,107725.0,108238.09,510.31038
2025-05-21 21:00:00+00:00,108238.09,108458.49,107940.0,108074.85,492.96054
2025-05-21 21:30:00+00:00,108074.85,108560.34,108068.25,108414.64,283.11961
2025-05-21 22:00:00+00:00,108414.63,108621.24,108278.97,108621.23,250.53498
2025-05-21 22:30:00+00:00,108621.23,109028.25,108621.23,108739.36,538.92074
2025-05-21 23:00:00+00:00,108739.36,110797.38,108660.0,109752.65,3645.323095
2025-05-21 23:30:00+00:00,109752.66,110120.31,109336.66,109643.99,1060.27182
2025-05-22 00:00:00+00:00,109643.99,110178.49,109488.04,109688.81,1337.36867
2025-05-22 00:30:00+00:00,109688.81,109964.96,109177.37,109954.53,810.09586
2025-05-22 01:00:00+00:00,109954.54,110576.7,109813.4,109994.37,1263.7044
2025-05-22 01:30:00+00:00,109994.36,110292.0,109667.0,109920.68,512.48503
2025-05-22 02:00:00+00:00,109920.69,110618.0,109822.58,110440.41,1053.45367
2025-05-22 02:30:00+00:00,110440.4,110981.96,110308.52,110471.51,1063.09455
2025-05-22 03:00:00+00:00,110471.52,110884.35,110339.87,110771.15,722.88263
2025-05-22 03:30:00+00:00,110771.14,111880.0,110704.42,111780.84,2254.64687
2025-05-22 04:00:00+00:00,111780.84,111795.04,111234.4,111488.84,1147.2868
2025-05-22 04:30:00+00:00,111488.84,111725.82,111295.14,111482.42,698.64448
2025-05-22 05:00:00+00:00,111482.43,111672.32,111199.61,111448.99,784.67151
2025-05-22 05:30:00+00:00,111448.99,111519.53,110832.38,110879.99,1799.6538
2025-05-22 06:00:00+00:00,110880.0,111185.82,110687.57,110835.55,877.38776
2025-05-22 06:30:00+00:00,110835.54,110952.39,110478.26,110606.07,629.78065
2025-05-22 07:00:00+00:00,110606.07,111068.11,110461.87,110730.93,552.79089
2025-05-22 07:30:00+00:00,110730.92,111139.71,110655.0,111045.45,613.18749
2025-05-22 08:00:00+00:00,111045.45,111162.18,110699.75,110784.22,567.83161
2025-05-22 08:30:00+00:00,110784.22,110804.15,110381.46,110409.09,610.65911
2025-05-22 09:00:00+00:00,110409.1,110680.0,110272.72,110678.65,639.25526
2025-05-22 09:30:00+00:00,110678.64,110840.0,110532.44,110821.3,407.26206
2025-05-22 10:00:00+00:00,110821.3,110952.0,110601.0,110901.83,390.74793
2025-05-22 10:30:00+00:00,110901.83,110952.39,110705.01,110805.22,433.1655
2025-05-22 11:00:00+00:00,110805.23,110920.0,110502.44,110502.45,396.13585
2025-05-22 11:30:00+00:00,110502.44,111326.2,110500.0,110981.97,569.13056
2025-05-22 12:00:00+00:00,110981.98,111408.87,110804.72,111285.71,780.65194
2025-05-22 12:30:00+00:00,111285.71,111626.43,111186.05,111608.69,817.35937
2025-05-22 13:00:00+00:00,111608.69,111625.75,111114.44,111417.14,488.70446
2025-05-22 13:30:00+00:00,111417.14,111600.0,110904.0,110914.49,1112.60746
2025-05-22 14:00:00+00:00,110914.49,111323.84,110614.9,111265.56,856.32298
2025-05-22 14:30:00+00:00,111265.56,111397.94,110550.0,110897.9,829.69441
2025-05-22 15:00:00+00:00,110897.89,111281.98,110787.8,111128.4,733.99407
2025-05-22 15:30:00+00:00,111128.4,111529.72,111043.47,111290.86,466.92549
2025-05-22 16:00:00+00:00,111290.85,111782.61,111227.27,111254.59,401.47507
2025-05-22 16:30:00+00:00,111254.59,111468.03,111087.25,111252.36,378.67815
2025-05-22 17:00:00+00:00,111252.36,111948.46,111168.03,111705.63,485.97639
2025-05-22 17:30:00+00:00,111705.62,111980.0,111379.91,111502.31,431.65935
2025-05-22 18:00:00+00:00,111502.32,111726.17,111379.22,111694.59,274.63762
2025-05-22 18:30:00+00:00,111694.6,111953.85,111654.61,111727.27,347.58063
2025-05-22 19:00:00+00:00,111727.28,111920.0,111470.58,111898.74,316.12671
2025-05-22 19:30:00+00:00,111898.74,111919.91,110916.4,111188.0,624.49878
2025-05-22 20:00:00+00:00,111188.0,111431.5,110986.71,111058.67,488.26117
2025-05-22 20:30:00+00:00,111058.67,111217.4,110831.52,111076.24,304.7112
2025-05-22 21:00:00+00:00,111076.24,111108.89,110765.3,110804.88,226.87259
2025-05-22 21:30:00+00:00,110804.88,111023.09,110763.27,110831.36,185.34101
2025-05-22 22:00:00+00:00,110831.36,111173.92,110831.36,111056.9,237.5138
2025-05-22 22:30:00+00:00,111056.9,111252.03,110980.24,111020.93,175.28241
2025-05-22 23:00:00+00:00,111020.93,111270.06,111020.92,111253.22,261.34685
2025-05-22 23:30:00+00:00,111253.22,111717.34,111240.61,111696.21,269.22828
2025-05-23 00:00:00+00:00,111696.22,111800.0,111457.96,111478.26,425.81015
2025-05-23 00:30:00+00:00,111478.26,111750.0,111382.97,111613.58,397.96203
2025-05-23 01:00:00+00:00,111613.58,111739.14,111201.86,111287.77,531.16906
2025-05-23 01:30:00+00:00,111287.76,111521.74,111227.27,111327.69,334.03298
2025-05-23 02:00:00+00:00,111327.69,111618.93,111298.35,111585.25,305.20296
2025-05-23 02:30:00+00:00,111585.24,111587.0,111193.9,111272.72,351.07384
2025-05-23 03:00:00+00:00,111272.73,111374.54,111032.24,111037.81,235.96128
2025-05-23 03:30:00+00:00,111037.81,111183.34,111000.13,111100.01,253.08252
2025-05-23 04:00:00+00:00,111100.0,111181.82,110705.74,110815.72,348.00998
2025-05-23 04:30:00+00:00,110815.72,110869.57,110547.98,110844.19,392.64732
2025-05-23 05:00:00+00:00,110844.19,110951.7,110688.07,110719.99,273.55203
2025-05-23 05:30:00+00:00,110719.99,110855.47,110658.72,110855.47,267.28071
2025-05-23 06:00:00+00:00,110855.47,110857.15,110454.54,110579.9,415.83387
2025-05-23 06:30:00+00:00,110579.9,110723.14,110407.89,110526.01,445.29036
2025-05-23 07:00:00+00:00,110526.01,110838.09,110523.8,110824.72,330.93433
2025-05-23 07:30:00+00:00,110824.72,110857.15,110546.43,110715.42,752.9664
2025-05-23 08:00:00+00:00,110715.41,110904.76,110715.41,110895.41,167.39959
2025-05-23 08:30:00+00:00,110895.41,111030.12,110868.19,110935.24,358.03221
2025-05-23 09:00:00+00:00,110935.24,111247.96,110909.46,111102.43,358.79321
2025-05-23 09:30:00+00:00,111102.44,111381.61,111102.43,111335.02,230.02032
2025-05-23 10:00:00+00:00,111335.02,111335.02,110816.34,110977.59,246.65145
2025-05-23 10:30:00+00:00,110977.59,111184.43,110895.27,111061.24,181.49202
2025-05-23 11:00:00+00:00,111061.24,111092.5,110660.22,110871.39,305.34267
2025-05-23 11:30:00+00:00,110871.38,110948.68,108888.0,109076.35,2356.45487
2025-05-23 12:00:00+00:00,109076.36,109096.39,107316.0,108400.02,4460.00612
2025-05-23 12:30:00+00:00,108400.02,108760.8,108173.99,108412.77,2097.03435
2025-05-23 13:00:00+00:00,108412.77,108868.42,107922.82,108703.03,1840.47345
2025-05-23 13:30:00+00:00,108703.03,109714.7,108622.58,109634.99,1885.88574
2025-05-23 14:00:00+00:00,109634.99,109992.75,109505.0,109550.16,1005.50047
2025-05-23 14:30:00+00:00,109550.16,109943.63,109528.83,109672.01,721.1671
2025-05-23 15:00:00+00:00,109672.01,109850.02,109015.33,109391.9,724.31014
2025-05-23 15:30:00+00:00,109391.89,109751.26,108916.0,108940.0,428.88071
2025-05-23 16:00:00+00:00,108940.0,109222.42,108001.0,108732.08,1540.30066
2025-05-23 16:30:00+00:00,108732.09,109101.02,108564.03,109068.87,735.0975
2025-05-23 17:00:00+00:00,109068.87,109809.53,109022.82,109772.73,803.9103
2025-05-23 17:30:00+00:00,109772.73,109772.73,109272.72,109413.03,354.28779
2025-05-23 18:00:00+00:00,109413.02,109494.8,108818.18,109072.43,399.15032
2025-05-23 18:30:00+00:00,109072.43,109117.45,108654.82,108794.09,351.23651
2025-05-23 19:00:00+00:00,108794.09,109157.85,108685.5,108918.3,381.17013
2025-05-23 19:30:00+00:00,108918.31,109077.14,108605.12,108716.07,386.0276
2025-05-23 20:00:00+00:00,108714.01,108727.28,108472.88,108664.06,270.9285
2025-05-23 20:30:00+00:00,108664.05,108664.06,108186.55,108236.53,321.46349
2025-05-23 21:00:00+00:00,108236.53,108619.6,108166.07,108410.98,283.04829
2025-05-23 21:30:00+00:00,108410.98,108664.65,108055.0,108282.89,278.84226
2025-05-23 22:00:00+00:00,108282.89,108590.9,108227.27,108318.18,328.90314
2025-05-23 22:30:00+00:00,108318.19,108417.23,107638.96,107797.37,488.00626
2025-05-23 23:00:00+00:00,107797.37,107898.34,107396.0,107400.0,433.02698
2025-05-23 23:30:00+00:00,107400.01,107669.03,106800.0,107318.3,954.06912
2025-05-24 00:00:00+00:00,107318.3,107484.95,106875.41,107238.1,537.04024
2025-05-24 00:30:00+00:00,107238.1,107680.83,107238.09,107366.68,389.95548
2025-05-24 01:00:00+00:00,107366.68,107875.66,107352.75,107728.12,275.63916
2025-05-24 01:30:00+00:00,107728.12,107769.84,107479.23,107479.24,161.912
2025-05-24 02:00:00+00:00,107479.24,107846.15,107243.1,107783.49,234.16028
2025-05-24 02:30:00+00:00,107783.49,107900.11,107691.41,107803.84,149.24374
2025-05-24 03:00:00+00:00,107803.84,108332.04,107750.64,108307.23,387.01936
2025-05-24 03:30:00+00:00,108307.24,108367.54,108096.01,108366.3,186.35047
2025-05-24 04:00:00+00:00,108366.31,108494.51,108300.0,108449.1,202.81426
2025-05-24 04:30:00+00:00,108449.09,108582.33,108400.0,108485.07,200.94951
2025-05-24 05:00:00+00:00,108485.06,108530.73,108214.92,108349.99,265.03597
2025-05-24 05:30:00+00:00,108350.0,108433.92,108126.99,108235.68,172.7932
2025-05-24 06:00:00+00:00,108235.69,108342.53,107981.48,108195.56,168.52385
2025-05-24 06:30:00+00:00,108195.55,108195.56,107683.96,107959.99,513.73485
2025-05-24 07:00:00+00:00,107959.99,108227.27,107959.99,108214.12,181.79966
2025-05-24 07:30:00+00:00,108214.12,108214.12,107566.37,107587.75,276.62236
2025-05-24 08:00:00+00:00,107587.75,108009.84,107587.74,107894.5,287.09579
2025-05-24 08:30:00+00:00,107894.49,108285.39,107853.58,108251.23,232.91012
2025-05-24 09:00:00+00:00,108251.23,108434.0,108184.11,108334.0,332.78169
2025-05-24 09:30:00+00:00,108334.0,108418.96,108158.09,108161.69,134.52436
2025-05-24 10:00:00+00:00,108161.7,108424.96,108152.01,108393.99,805.82491
2025-05-24 10:30:00+00:00,108394.0,109258.94,108377.52,109094.99,1425.83067
2025-05-24 11:00:00+00:00,109094.99,109506.03,109094.99,109337.01,1398.86491
2025-05-24 11:30:00+00:00,109337.01,109489.47,109143.4,109208.56,799.21273
2025-05-24 12:00:00+00:00,109208.57,109282.81,108636.36,108831.29,729.33368
2025-05-24 12:30:00+00:00,108831.3,108896.78,108681.82,108776.63,556.85359
2025-05-24 13:00:00+00:00,108776.63,108894.25,108571.41,108881.15,302.02491
2025-05-24 13:30:00+00:00,108881.15,108892.89,108540.0,108590.29,273.73476
2025-05-24 14:00:00+00:00,108590.28,108991.5,108590.28,108700.01,177.23605
2025-05-24 14:30:00+00:00,108700.01,109036.81,108669.44,108959.09,244.87641
2025-05-24 15:00:00+00:00,108959.1,109212.76,108868.33,108953.04,175.52713
2025-05-24 15:30:00+00:00,108953.05,109038.35,108819.12,108929.7,206.5925
2025-05-24 16:00:00+00:00,108929.71,108976.97,108682.36,108773.55,137.92284
2025-05-24 16:30:00+00:00,108773.55,109096.13,108700.0,108997.67,152.21409
2025-05-24 17:00:00+00:00,108997.68,109200.0,108882.35,108956.31,170.00249
2025-05-24 17:30:00+00:00,108956.3,109074.51,108913.29,108920.03,88.09663
2025-05-24 18:00:00+00:00,108920.03,109076.2,108916.01,109011.05,66.89259
2025-05-24 18:30:00+00:00,109011.05,109011.05,108781.54,108827.01,103.11356
2025-05-24 19:00:00+00:00,108827.0,108933.57,108800.0,108862.67,167.37441
2025-05-24 19:30:00+00:00,108862.67,109019.6,108812.0,108960.0,129.93876
2025-05-24 20:00:00+00:00,108960.0,109059.69,108880.75,108991.44,127.23347
2025-05-24 20:30:00+00:00,108991.44,109125.0,108863.63,108863.63,93.20542
2025-05-24 21:00:00+00:00,108863.63,108863.64,108580.11,108703.87,140.13955
2025-05-24 21:30:00+00:00,108703.86,108863.63,108703.86,108818.18,119.98617
2025-05-24 22:00:00+00:00,108818.18,108818.19,108350.1,108514.81,266.83945
2025-05-24 22:30:00+00:00,108514.81,108579.99,107977.67,108100.5,399.34033
2025-05-24 23:00:00+00:00,108100.5,108396.97,107671.77,108008.13,908.95109
2025-05-24 23:30:00+00:00,108008.13,108181.82,107500.0,107761.91,1324.46184
2025-05-25 00:00:00+00:00,107761.9,108070.37,107750.45,108017.03,364.45451
2025-05-25 00:30:00+00:00,108017.04,108130.44,107286.28,107443.9,667.14478
2025-05-25 01:00:00+00:00,107443.9,107896.0,107206.0,107872.5,470.1794
2025-05-25 01:30:00+00:00,107872.5,108007.29,107636.36,107656.22,231.96585
2025-05-25 02:00:00+00:00,107656.21,107899.32,107480.29,107857.15,176.87794
2025-05-25 02:30:00+00:00,107857.15,108000.0,107684.32,107928.8,162.53404
2025-05-25 03:00:00+00:00,107928.8,108239.53,107923.6,108151.39,306.25538
2025-05-25 03:30:00+00:00,108151.39,108257.14,108095.75,108095.75,116.46891
2025-05-25 04:00:00+00:00,108095.76,108136.37,107941.96,107979.96,127.74606
2025-05-25 04:30:00+00:00,107979.95,108275.7,107979.95,108245.21,117.42051
2025-05-25 05:00:00+00:00,108245.21,108288.69,108076.41,108086.0,74.7297
2025-05-25 05:30:00+00:00,108086.01,108130.52,107972.02,108103.98,93.21618
2025-05-25 06:00:00+00:00,108103.99,108136.37,107875.01,107982.5,232.52213
2025-05-25 06:30:00+00:00,107982.5,108016.2,107687.21,107938.0,145.59584
2025-05-25 07:00:00+00:00,107938.0,107938.0,107461.52,107545.45,263.67684
2025-05-25 07:30:00+00:00,107545.45,107719.13,107454.54,107681.81,238.80439
2025-05-25 08:00:00+00:00,107681.82,107700.65,107361.0,107440.32,234.70668
2025-05-25 08:30:00+00:00,107440.33,107545.03,106926.14,107109.41,714.11089
2025-05-25 09:00:00+00:00,107109.4,107258.29,106900.0,107175.57,494.10722
2025-05-25 09:30:00+00:00,107175.58,107216.9,106708.98,107131.67,588.87417
2025-05-25 10:00:00+00:00,107131.68,107309.41,107067.07,107098.13,338.31775
2025-05-25 10:30:00+00:00,107098.14,107390.89,106826.53,106946.4,442.11539
2025-05-25 11:00:00+00:00,106946.4,107186.0,106834.34,107175.8,343.17596
2025-05-25 11:30:00+00:00,107175.81,107272.73,107028.95,107260.0,243.94893
2025-05-25 12:00:00+00:00,107259.99,107600.0,107181.81,107473.19,555.6783
2025-05-25 12:30:00+00:00,107473.19,107625.0,107384.62,107530.57,243.48655
2025-05-25 13:00:00+00:00,107530.57,107576.93,107300.0,107551.76,204.21036
2025-05-25 13:30:00+00:00,107551.77,107743.34,107517.34,107521.75,242.41352
2025-05-25 14:00:00+00:00,107521.74,107653.68,107432.61,107644.0,233.55399
2025-05-25 14:30:00+00:00,107644.0,107644.01,107137.56,107355.0,468.22671
2025-05-25 15:00:00+00:00,107355.0,107420.98,106708.0,106835.71,1022.02906
2025-05-25 15:30:00+00:00,106835.71,107226.09,106600.64,106967.97,2123.54923
2025-05-25 16:00:00+00:00,106967.97,107056.0,106640.52,106697.9,1108.17666
2025-05-25 16:30:00+00:00,106697.89,107243.36,106688.1,107174.4,320.14475
2025-05-25 17:00:00+00:00,107174.41,107316.45,107111.56,107296.33,141.2523
2025-05-25 17:30:00+00:00,107296.32,107374.38,107162.49,107363.37,90.82346
2025-05-25 18:00:00+00:00,107363.36,107600.0,107272.72,107537.96,109.87312
2025-05-25 18:30:00+00:00,107537.95,107537.96,107409.09,107413.34,78.07902
2025-05-25 19:00:00+00:00,107413.34,107622.98,107413.33,107622.97,60.75388
2025-05-25 19:30:00+00:00,107622.97,107940.95,107622.97,107717.01,194.78052
2025-05-25 20:00:00+00:00,107717.02,107754.24,107409.09,107566.47,283.62909
2025-05-25 20:30:00+00:00,107566.48,107704.0,107547.1,107677.35,76.76275
2025-05-25 21:00:00+00:00,107677.36,107914.44,107414.55,107460.0,170.89354
2025-05-25 21:30:00+00:00,107459.54,107664.28,107176.0,107466.7,143.25994
2025-05-25 22:00:00+00:00,107466.69,108696.15,107350.01,108330.87,1057.62963
2025-05-25 22:30:00+00:00,108330.88,109200.0,108290.49,109166.0,595.28753
2025-05-25 23:00:00+00:00,109165.99,109299.99,108570.16,108642.56,691.66016
2025-05-25 23:30:00+00:00,108642.56,109069.28,108590.91,109004.19,304.94343
2025-05-26 00:00:00+00:00,109004.2,109096.78,108670.58,108805.72,453.84274
2025-05-26 00:30:00+00:00,108805.72,109600.0,108783.44,109540.46,467.3716
2025-05-26 01:00:00+00:00,109540.45,109798.01,109234.35,109310.25,397.52707
2025-05-26 01:30:00+00:00,109310.26,109844.91,109224.0,109545.46,570.52516
2025-05-26 02:00:00+00:00,109545.45,109772.72,109460.68,109519.99,329.37269
2025-05-26 02:30:00+00:00,109519.98,109540.94,109172.36,109387.72,308.74838
2025-05-26 03:00:00+00:00,109387.73,109694.05,109273.51,109652.87,229.81658
2025-05-26 03:30:00+00:00,109652.88,109765.74,109563.13,109623.53,333.59218
2025-05-26 04:00:00+00:00,109623.54,109700.0,109510.58,109652.17,251.45554
2025-05-26 04:30:00+00:00,109652.18,109737.71,109524.04,109541.3,286.40723
2025-05-26 05:00:00+00:00,109541.31,109618.76,109365.29,109577.99,349.74563
2025-05-26 05:30:00+00:00,109577.99,109688.05,109522.69,109650.01,187.4019
2025-05-26 06:00:00+00:00,109650.0,109776.12,109519.4,109739.13,220.07627
2025-05-26 06:30:00+00:00,109739.12,109951.2,109529.08,109928.37,243.62508
2025-05-26 07:00:00+00:00,109928.37,110228.11,109728.37,109859.32,583.06626
2025-05-26 07:30:00+00:00,109859.31,110094.62,109770.26,110094.62,350.63119
2025-05-26 08:00:00+00:00,110094.62,110173.92,109779.81,109809.38,298.53668
2025-05-26 08:30:00+00:00,109809.39,109876.0,109606.32,109666.4,229.62493
2025-05-26 09:00:00+00:00,109666.39,109996.2,109600.0,109915.25,224.26932
2025-05-26 09:30:00+00:00,109915.25,109952.39,109621.27,109712.56,300.32257
2025-05-26 10:00:00+00:00,109712.56,109857.15,109663.21,109817.5,144.28492
2025-05-26 10:30:00+00:00,109817.5,109840.18,109571.42,109643.56,131.94517
2025-05-26 11:00:00+00:00,109643.55,109717.77,109556.69,109712.78,188.64705
2025-05-26 11:30:00+00:00,109712.79,109836.0,109579.59,109772.72,136.6457
2025-05-26 12:00:00+00:00,109772.73,109842.57,109672.36,109743.92,186.57001
2025-05-26 12:30:00+00:00,109743.93,110086.96,109666.66,109826.92,193.93526
2025-05-26 13:00:00+00:00,109826.91,109976.0,109688.64,109860.88,287.52292
2025-05-26 13:30:00+00:00,109860.87,109980.0,109494.74,109595.65,258.87576
2025-05-26 14:00:00+00:00,109595.64,109719.06,109499.92,109696.31,423.9489
2025-05-26 14:30:00+00:00,109696.31,109739.14,109500.0,109652.51,344.97042
2025-05-26 15:00:00+00:00,109652.51,109886.83,109529.57,109874.07,187.61063
2025-05-26 15:30:00+00:00,109874.07,110420.74,109874.07,110009.82,1229.78651
2025-05-26 16:00:00+00:00,110009.83,110422.22,109089.43,109331.9,1224.82902
2025-05-26 16:30:00+00:00,109331.91,109652.18,109152.16,109391.37,471.65019
2025-05-26 17:00:00+00:00,109391.37,109693.24,109215.13,109370.27,283.14735
2025-05-26 17:30:00+00:00,109370.26,109434.79,108871.21,109171.91,429.99831
2025-05-26 18:00:00+00:00,109171.9,109318.19,109010.97,109292.02,171.18587
2025-05-26 18:30:00+00:00,109292.02,109460.89,109060.0,109101.97,122.52596
2025-05-26 19:00:00+00:00,109101.96,109193.66,108925.1,109119.65,197.12449
2025-05-26 19:30:00+00:00,109119.66,109173.92,108858.28,109130.44,137.53577
2025-05-26 20:00:00+00:00,109130.44,109331.11,108940.0,109279.99,134.95528
2025-05-26 20:30:00+00:00,109279.99,109624.85,109241.04,109606.5,203.51562
2025-05-26 21:00:00+00:00,109606.5,109646.45,109136.36,109304.34,156.16869
2025-05-26 21:30:00+00:00,109304.35,109496.52,109180.0,109346.68,126.17078
2025-05-26 22:00:00+00:00,109346.68,109888.89,109307.78,109488.65,248.77379
2025-05-26 22:30:00+00:00,109488.65,109590.91,109173.91,109190.48,142.17539
2025-05-26 23:00:00+00:00,109190.47,109347.83,109057.74,109218.86,145.48857
2025-05-26 23:30:00+00:00,109218.85,109466.06,109186.71,109434.79,123.1686
2025-05-27 00:00:00+00:00,109434.78,109666.0,109300.0,109380.28,234.81836
2025-05-27 00:30:00+00:00,109380.29,109380.29,109128.72,109136.37,247.45535
2025-05-27 01:00:00+00:00,109136.37,109136.37,107516.57,108355.99,1654.21949
2025-05-27 01:30:00+00:00,108355.99,108636.37,108181.48,108385.31,648.08452
2025-05-27 02:00:00+00:00,108385.32,108607.01,108255.44,108584.54,335.07028
2025-05-27 02:30:00+00:00,108584.54,108697.94,107894.95,108272.72,483.86395
2025-05-27 03:00:00+00:00,108272.73,109298.43,108268.0,108897.38,739.97258
2025-05-27 03:30:00+00:00,108897.39,109050.0,108851.06,108892.16,360.82277
2025-05-27 04:00:00+00:00,108892.15,109136.16,108863.63,109051.93,184.00861
2025-05-27 04:30:00+00:00,109051.94,109355.11,108920.36,108952.65,442.45934
2025-05-27 05:00:00+00:00,108952.64,108956.08,108550.0,108657.34,466.13723
2025-05-27 05:30:00+00:00,108657.34,108969.76,108550.0,108923.36,201.38068
2025-05-27 06:00:00+00:00,108923.36,109225.0,108921.09,109105.02,403.38719
2025-05-27 06:30:00+00:00,109105.02,109290.03,108826.08,108828.19,932.26152
2025-05-27 07:00:00+00:00,108828.18,109278.33,108828.18,109173.22,235.42337
2025-05-27 07:30:00+00:00,109173.21,109636.37,109173.21,109547.16,475.10156
2025-05-27 08:00:00+00:00,109540.0,109777.77,109540.0,109660.41,329.38676
2025-05-27 08:30:00+00:00,109660.41,109714.29,109492.59,109695.65,237.95207
2025-05-27 09:00:00+00:00,109695.66,109789.0,109484.96,109521.64,297.41065
2025-05-27 09:30:00+00:00,109521.65,109899.0,109428.98,109830.25,318.29613
2025-05-27 10:00:00+00:00,109830.24,109852.0,109734.92,109786.68,127.68498
2025-05-27 10:30:00+00:00,109786.69,109800.0,109639.64,109698.57,125.45638
2025-05-27 11:00:00+00:00,109698.57,109783.53,109465.0,109525.11,295.44138
2025-05-27 11:30:00+00:00,109525.1,109612.03,109439.71,109585.49,154.82523
2025-05-27 12:00:00+00:00,109585.49,109826.91,109555.19,109801.04,252.02676
2025-05-27 12:30:00+00:00,109801.05,109801.05,109456.5,109603.02,182.48909
2025-05-27 13:00:00+00:00,109603.03,110718.0,109581.46,110445.61,1725.21825
2025-05-27 13:30:00+00:00,110445.61,110693.85,109706.0,109837.26,1094.53995
2025-05-27 14:00:00+00:00,109837.26,110217.4,109535.2,109535.21,722.92724
2025-05-27 14:30:00+00:00,109535.2,109653.97,108670.29,109374.75,1351.00175
2025-05-27 15:00:00+00:00,109374.75,109726.06,109010.33,109658.28,814.52046
2025-05-27 15:30:00+00:00,109658.28,110240.83,109626.74,110140.11,635.16853
2025-05-27 16:00:00+00:00,110140.11,110353.0,109956.03,110094.41,505.87274
2025-05-27 16:30:00+00:00,110094.4,110499.64,110046.45,110217.39,362.26186
2025-05-27 17:00:00+00:00,110217.4,110454.95,109968.0,110116.7,270.88457
2025-05-27 17:30:00+00:00,110116.7,110383.28,110000.55,110232.46,328.18648
2025-05-27 18:00:00+00:00,110232.46,110409.11,110051.11,110057.44,302.52674
2025-05-27 18:30:00+00:00,110057.43,110200.0,109828.92,109890.62,360.71865
2025-05-27 19:00:00+00:00,109890.62,109890.62,109574.46,109652.18,252.4629
2025-05-27 19:30:00+00:00,109652.17,110064.71,109628.83,109877.87,241.13412
2025-05-27 20:00:00+00:00,109877.87,109897.49,109697.99,109801.22,118.88563
2025-05-27 20:30:00+00:00,109801.23,109894.89,109551.69,109551.69,163.70706
2025-05-27 21:00:00+00:00,109551.69,109690.94,109053.03,109053.05,237.42108
2025-05-27 21:30:00+00:00,109053.05,109260.87,108824.85,108918.07,338.00641
2025-05-27 22:00:00+00:00,108918.08,109170.49,108600.0,108902.49,351.24824
2025-05-27 22:30:00+00:00,108902.48,109100.59,108843.3,109027.01,344.70582
2025-05-27 23:00:00+00:00,109027.0,109159.28,108919.24,108919.25,280.4577
2025-05-27 23:30:00+00:00,108919.25,109148.0,108919.24,108938.17,109.36394
2025-05-28 00:00:00+00:00,108938.17,109043.48,108665.18,109035.19,266.31272
2025-05-28 00:30:00+00:00,109035.18,109261.76,108827.07,109205.39,212.3021
2025-05-28 01:00:00+00:00,109205.39,109284.7,108828.03,108875.47,194.93008
2025-05-28 01:30:00+00:00,108875.47,108963.01,108624.33,108667.99,237.13298
2025-05-28 02:00:00+00:00,108667.99,108842.98,108400.0,108479.24,447.66956
2025-05-28 02:30:00+00:00,108479.24,108869.57,108451.91,108627.42,275.493
2025-05-28 03:00:00+00:00,108627.41,108862.19,108569.09,108714.41,187.21241
2025-05-28 03:30:00+00:00,108714.42,108962.1,108700.97,108863.64,182.80072
2025-05-28 04:00:00+00:00,108863.64,108902.13,108624.43,108668.02,145.46322
2025-05-28 04:30:00+00:00,108668.02,109061.6,108668.02,108971.87,238.44388
2025-05-28 05:00:00+00:00,108971.87,108973.01,108841.57,108949.3,95.29021
2025-05-28 05:30:00+00:00,108949.29,109089.68,108891.57,109000.0,183.64287
2025-05-28 06:00:00+00:00,108999.99,109000.0,108636.36,108821.29,238.44051
2025-05-28 06:30:00+00:00,108821.29,108826.09,108650.0,108727.27,144.60974
2025-05-28 07:00:00+00:00,108727.28,109000.0,108720.0,108881.3,180.76559
2025-05-28 07:30:00+00:00,108881.3,109007.71,108788.71,108816.44,164.86377
2025-05-28 08:00:00+00:00,108816.44,108940.0,108695.0,108910.01,142.80346
2025-05-28 08:30:00+00:00,108910.01,109130.44,108602.9,109040.45,332.56996
2025-05-28 09:00:00+00:00,109040.45,109076.61,108577.0,108595.1,244.32765
2025-05-28 09:30:00+00:00,108595.1,108844.0,108507.23,108789.17,379.33891
2025-05-28 10:00:00+00:00,108789.17,108800.0,108258.01,108636.37,393.15495
2025-05-28 10:30:00+00:00,108636.36,108944.22,108594.51,108829.01,149.73918
2025-05-28 11:00:00+00:00,108829.0,108950.0,108719.89,108760.01,121.06499
2025-05-28 11:30:00+00:00,108760.0,108927.66,108741.58,108870.38,128.22918
2025-05-28 12:00:00+00:00,108870.39,109050.0,108840.01,109013.34,160.16349
2025-05-28 12:30:00+00:00,109013.34,109053.39,108784.27,108891.94,213.5074
2025-05-28 13:00:00+00:00,108891.94,108903.99,108640.0,108722.45,268.48111
2025-05-28 13:30:00+00:00,108722.45,108985.05,108010.0,108068.45,836.05027
2025-05-28 14:00:00+00:00,108068.45,108253.03,107626.0,107954.54,1060.1289
2025-05-28 14:30:00+00:00,107954.55,107954.55,107466.02,107522.72,985.83357
2025-05-28 15:00:00+00:00,107522.71,107677.28,107115.04,107292.83,1624.90161
2025-05-28 15:30:00+00:00,107292.83,107495.49,107045.45,107107.31,601.9926
2025-05-28 16:00:00+00:00,107107.31,107457.59,107107.31,107416.81,397.75546
2025-05-28 16:30:00+00:00,107416.8,107420.0,107181.81,107420.0,231.50638
2025-05-28 17:00:00+00:00,107420.0,107832.38,107419.99,107604.42,567.82673
2025-05-28 17:30:00+00:00,107604.42,107699.27,107363.63,107679.01,318.83108
2025-05-28 18:00:00+00:00,107679.01,107842.29,107518.73,107519.21,245.67522
2025-05-28 18:30:00+00:00,107519.21,107772.73,107388.0,107476.55,190.47938
2025-05-28 19:00:00+00:00,107476.54,107798.14,107444.28,107499.33,145.17088
2025-05-28 19:30:00+00:00,107499.34,107519.2,106938.24,106946.01,660.44188
2025-05-28 20:00:00+00:00,106946.0,107253.75,106769.43,107178.42,377.28265
2025-05-28 20:30:00+00:00,107178.42,107403.82,107090.9,107318.18,141.19226
2025-05-28 21:00:00+00:00,107318.19,107425.5,107185.9,107381.94,137.22812
2025-05-28 21:30:00+00:00,107381.93,107575.56,107381.93,107495.74,169.89783
2025-05-28 22:00:00+00:00,107495.74,107495.74,107193.69,107234.97,153.75741
2025-05-28 22:30:00+00:00,107234.97,107454.54,107150.0,107400.73,142.79506
2025-05-28 23:00:00+00:00,107400.73,108028.0,107400.73,107956.55,451.48722
2025-05-28 23:30:00+00:00,107956.55,108043.95,107710.68,107781.78,264.80014
2025-05-29 00:00:00+00:00,107781.78,108020.01,107421.12,108010.0,381.10665
2025-05-29 00:30:00+00:00,108010.0,108297.87,107776.45,108285.32,351.03945
2025-05-29 01:00:00+00:00,108285.31,108300.0,107883.45,107919.0,411.96502
2025-05-29 01:30:00+00:00,107918.99,108347.78,107812.85,108156.23,565.99127
2025-05-29 02:00:00+00:00,108156.23,108227.28,107931.15,108079.14,245.52274
2025-05-29 02:30:00+00:00,108079.15,108484.61,108004.21,108426.94,444.94017
2025-05-29 03:00:00+00:00,108426.93,108430.76,108154.26,108175.91,259.59107
2025-05-29 03:30:00+00:00,108175.9,108214.68,107955.47,108044.88,351.88972
2025-05-29 04:00:00+00:00,108044.87,108106.94,107676.36,107867.41,235.93634
2025-05-29 04:30:00+00:00,107867.4,107894.11,106948.01,107564.44,913.24893
2025-05-29 05:00:00+00:00,107564.44,107681.82,107492.36,107615.2,212.12308
2025-05-29 05:30:00+00:00,107615.2,107765.95,107600.96,107681.81,172.83015
2025-05-29 06:00:00+00:00,107681.81,107942.12,107643.18,107936.05,157.73601
2025-05-29 06:30:00+00:00,107936.06,107945.47,107751.78,107915.46,174.39372
2025-05-29 07:00:00+00:00,107915.46,108012.79,107752.54,107984.78,162.99639
2025-05-29 07:30:00+00:00,107984.78,107999.5,107804.41,107880.72,257.81942
2025-05-29 08:00:00+00:00,107880.73,108231.46,107681.81,108185.43,376.22348
2025-05-29 08:30:00+00:00,108185.43,108553.62,108122.4,108492.49,346.91622
2025-05-29 09:00:00+00:00,108492.5,108637.01,108320.0,108459.99,320.1154
2025-05-29 09:30:00+00:00,108459.99,108590.91,108348.15,108520.01,231.56527
2025-05-29 10:00:00+00:00,108520.01,108595.75,108381.76,108434.78,317.49739
2025-05-29 10:30:00+00:00,108434.78,108857.15,108411.58,108746.01,448.77571
2025-05-29 11:00:00+00:00,108746.01,108891.91,108738.24,108778.0,230.49124
2025-05-29 11:30:00+00:00,108778.0,108869.32,108666.09,108779.84,253.72497
2025-05-29 12:00:00+00:00,108779.83,108792.39,108525.91,108683.17,303.27724
2025-05-29 12:30:00+00:00,108683.18,108797.25,108375.71,108434.78,331.94346
2025-05-29 13:00:00+00:00,108434.78,108590.88,108185.92,108300.0,367.5936
2025-05-29 13:30:00+00:00,108300.0,108354.38,107430.56,107601.08,1109.40236
2025-05-29 14:00:00+00:00,107601.08,107775.36,106939.0,107045.56,859.04824
2025-05-29 14:30:00+00:00,107045.57,107835.33,106474.0,107622.54,1342.96921
2025-05-29 15:00:00+00:00,107622.53,107737.7,107401.25,107503.33,357.45304
2025-05-29 15:30:00+00:00,107503.32,107592.71,106955.91,107019.89,499.18752
2025-05-29 16:00:00+00:00,107019.9,107168.23,106641.59,106865.75,617.49721
2025-05-29 16:30:00+00:00,106865.75,107067.87,106570.99,106724.42,526.20715
2025-05-29 17:00:00+00:00,106724.42,106889.39,106557.76,106607.14,414.25595
2025-05-29 17:30:00+00:00,106607.14,106817.14,106117.51,106303.6,930.0461
2025-05-29 18:00:00+00:00,106303.6,106599.98,106181.45,106352.34,458.86926
2025-05-29 18:30:00+00:00,106352.34,106617.77,105804.87,105837.13,597.24796
2025-05-29 19:00:00+00:00,105837.14,106062.01,105639.3,105965.57,593.83552
2025-05-29 19:30:00+00:00,105965.57,106090.45,105647.13,105731.74,544.33937
2025-05-29 20:00:00+00:00,105731.74,106202.77,105729.02,106144.51,408.41371
2025-05-29 20:30:00+00:00,106144.51,106221.91,105920.0,106180.0,180.49407
2025-05-29 21:00:00+00:00,106180.0,106442.03,106099.41,106155.71,195.88856
2025-05-29 21:30:00+00:00,106155.71,106470.69,106155.7,106443.01,127.51759
2025-05-29 22:00:00+00:00,106443.02,106460.0,106142.85,106180.02,187.95957
2025-05-29 22:30:00+00:00,106180.02,106225.78,105906.65,105929.07,203.62204
2025-05-29 23:00:00+00:00,105929.08,106078.47,105671.73,105748.6,339.52203
2025-05-29 23:30:00+00:00,105748.61,105882.61,105322.86,105589.75,513.67059
2025-05-30 00:00:00+00:00,105589.75,106214.93,105560.56,106062.85,515.30069
2025-05-30 00:30:00+00:00,106062.86,106095.24,104600.5,104939.99,1320.55773
2025-05-30 01:00:00+00:00,104940.0,105753.95,104940.0,105731.72,849.95133
2025-05-30 01:30:00+00:00,105731.72,105925.92,105581.24,105666.66,328.64821
2025-05-30 02:00:00+00:00,105666.67,106108.95,105650.0,105980.01,334.86898
2025-05-30 02:30:00+00:00,105980.01,106172.3,105932.58,106000.0,432.95103
2025-05-30 03:00:00+00:00,106000.01,106158.22,105913.35,106152.66,333.5281
2025-05-30 03:30:00+00:00,106152.66,106193.58,105953.68,106024.33,275.14377
2025-05-30 04:00:00+00:00,106024.33,106075.48,105923.11,105995.1,417.64359
2025-05-30 04:30:00+00:00,105995.1,106136.0,105904.76,106112.08,159.95552
2025-05-30 05:00:00+00:00,106112.08,106211.76,106068.36,106186.33,226.29078
2025-05-30 05:30:00+00:00,106186.32,106313.12,106018.79,106083.42,194.34304
2025-05-30 06:00:00+00:00,106083.43,106135.17,105903.0,105949.49,485.17957
2025-05-30 06:30:00+00:00,105949.49,106030.64,105535.07,105711.77,597.98865
2025-05-30 07:00:00+00:00,105711.77,105850.0,105420.07,105616.19,451.60336
2025-05-30 07:30:00+00:00,105616.19,105616.19,104727.72,105028.02,1654.15042
2025-05-30 08:00:00+00:00,105028.03,105250.87,104841.42,105226.05,574.31312
2025-05-30 08:30:00+00:00,105226.05,105367.31,105125.78,105177.33,341.1351
2025-05-30 09:00:00+00:00,105177.34,105361.72,105072.16,105263.76,300.4067
2025-05-30 09:30:00+00:00,105263.77,105666.67,104606.01,105623.04,880.91978
2025-05-30 10:00:00+00:00,105623.04,105746.9,105285.71,105688.87,459.79113
2025-05-30 10:30:00+00:00,105688.88,105938.44,105626.06,105925.06,386.08403
2025-05-30 11:00:00+00:00,105925.05,105981.75,105720.56,105773.52,258.31666
2025-05-30 11:30:00+00:00,105773.51,105963.27,105700.0,105880.51,262.61526
2025-05-30 12:00:00+00:00,105880.5,105975.8,105153.84,105551.04,649.52924
2025-05-30 12:30:00+00:00,105551.04,106000.0,105508.78,105684.96,519.28282
2025-05-30 13:00:00+00:00,105684.95,105898.88,105366.14,105633.7,438.33111
2025-05-30 13:30:00+00:00,105633.71,105979.35,105425.52,105495.59,517.81445
2025-05-30 14:00:00+00:00,105495.6,105837.57,105047.61,105205.0,710.21879
2025-05-30 14:30:00+00:00,105205.0,105646.24,105166.47,105346.33,499.17459
2025-05-30 15:00:00+00:00,105346.34,105824.0,105291.12,105749.96,507.5683
2025-05-30 15:30:00+00:00,105749.96,105831.0,105477.77,105543.0,334.43806
2025-05-30 16:00:00+00:00,105543.0,105560.98,104655.0,104685.85,478.12302
2025-05-30 16:30:00+00:00,104685.85,104714.25,103706.71,103898.75,2098.11778
2025-05-30 17:00:00+00:00,103898.75,104232.32,103836.03,103993.59,754.1893
2025-05-30 17:30:00+00:00,103993.58,104292.69,103920.0,104183.15,341.91964
2025-05-30 18:00:00+00:00,104183.15,104809.53,104065.08,104723.47,532.99185
2025-05-30 18:30:00+00:00,104723.46,104914.02,104600.0,104891.99,306.08906
2025-05-30 19:00:00+00:00,104891.98,104988.97,104680.0,104809.53,342.36896
2025-05-30 19:30:00+00:00,104809.52,104809.52,104484.86,104640.5,349.59226
2025-05-30 20:00:00+00:00,104640.49,104657.08,104398.93,104443.21,238.32239
2025-05-30 20:30:00+00:00,104443.2,104846.13,104401.98,104580.0,162.04951
2025-05-30 21:00:00+00:00,104579.99,104878.05,104579.99,104807.37,132.8323
2025-05-30 21:30:00+00:00,104807.37,104866.76,104553.7,104631.59,155.90086
2025-05-30 22:00:00+00:00,104631.6,104804.32,104476.19,104476.2,274.44907
2025-05-30 22:30:00+00:00,104476.2,104501.51,103966.32,103966.33,384.36941
2025-05-30 23:00:00+00:00,103966.32,104260.0,103686.63,103855.04,501.3421
2025-05-30 23:30:00+00:00,103855.05,104142.83,103621.0,103985.48,435.79657
2025-05-31 00:00:00+00:00,103985.47,104184.5,103550.0,103796.94,595.90202
2025-05-31 00:30:00+00:00,103796.93,104292.69,103796.93,103957.33,335.20249
2025-05-31 01:00:00+00:00,103957.33,104195.13,103733.33,103851.78,288.88634
2025-05-31 01:30:00+00:00,103851.78,103980.0,103269.87,103476.61,752.99413
2025-05-31 02:00:00+00:00,103476.6,103852.18,103280.23,103677.61,291.6974
2025-05-31 02:30:00+00:00,103677.61,103677.61,103102.59,103189.83,332.83598
2025-05-31 03:00:00+00:00,103189.83,103486.66,103068.55,103482.12,357.42659
2025-05-31 03:30:00+00:00,103482.12,103692.3,103270.57,103684.01,291.3811
2025-05-31 04:00:00+00:00,103684.0,103800.0,103487.99,103776.16,223.86373
2025-05-31 04:30:00+00:00,103776.16,103820.68,103726.01,103812.0,138.56284
2025-05-31 05:00:00+00:00,103812.0,103911.1,103608.5,103668.24,254.25927
2025-05-31 05:30:00+00:00,103668.25,103745.46,103519.74,103538.94,205.59318
2025-05-31 06:00:00+00:00,103538.93,103704.9,103530.64,103704.9,124.31448
2025-05-31 06:30:00+00:00,103704.9,103903.54,103660.47,103862.52,150.91257
2025-05-31 07:00:00+00:00,103862.52,103862.52,103633.35,103694.44,167.50024
2025-05-31 07:30:00+00:00,103694.44,103826.28,103668.17,103747.02,159.76487
2025-05-31 08:00:00+00:00,103747.03,103809.51,103513.84,103700.0,155.09902
2025-05-31 08:30:00+00:00,103700.01,103755.9,103524.12,103648.32,144.95898
2025-05-31 09:00:00+00:00,103648.32,103737.49,103483.17,103496.8,154.00788
2025-05-31 09:30:00+00:00,103496.8,103571.43,103482.55,103538.01,142.0971
2025-05-31 10:00:00+00:00,103538.02,103599.36,103339.54,103403.66,254.8599
2025-05-31 10:30:00+00:00,103403.65,103434.87,103285.71,103410.0,131.19929
2025-05-31 11:00:00+00:00,103410.01,103523.81,103311.32,103480.98,216.85083
2025-05-31 11:30:00+00:00,103480.97,103511.5,103433.32,103498.18,262.95515
2025-05-31 12:00:00+00:00,103498.17,103927.99,103480.11,103783.01,496.28724
2025-05-31 12:30:00+00:00,103783.01,104033.96,103735.84,104033.96,232.41432
2025-05-31 13:00:00+00:00,104033.95,104196.0,103978.0,104104.59,433.79464
2025-05-31 13:30:00+00:00,104104.58,104200.0,104000.0,104117.3,190.24064
2025-05-31 14:00:00+00:00,104117.31,104469.23,104117.3,104299.99,466.17757
2025-05-31 14:30:00+00:00,104300.0,104583.48,104288.06,104573.92,329.10156
2025-05-31 15:00:00+00:00,104573.91,104784.07,104465.62,104773.48,311.00147
2025-05-31 15:30:00+00:00,104773.48,104846.15,104443.39,104556.08,403.29897
2025-05-31 16:00:00+00:00,104556.08,104744.5,104400.0,104679.91,274.20779
2025-05-31 16:30:00+00:00,104679.91,104780.49,104407.56,104490.57,220.8991
2025-05-31 17:00:00+00:00,104490.56,104619.05,104404.02,104475.23,166.38653
2025-05-31 17:30:00+00:00,104475.24,104506.0,104261.39,104349.06,177.07005
2025-05-31 18:00:00+00:00,104349.06,104619.05,104349.05,104530.2,92.83978
2025-05-31 18:30:00+00:00,104530.2,104548.14,104388.26,104487.81,72.86112
2025-05-31 19:00:00+00:00,104487.81,104731.69,104487.8,104693.82,151.6199
2025-05-31 19:30:00+00:00,104693.81,104750.0,104654.51,104698.02,81.85416
2025-05-31 20:00:00+00:00,104698.03,104714.29,104533.54,104675.71,80.65223
2025-05-31 20:30:00+00:00,104675.71,104807.94,104672.52,104781.83,69.40118
2025-05-31 21:00:00+00:00,104781.84,104879.21,104645.73,104786.12,178.71818
2025-05-31 21:30:00+00:00,104786.12,104884.16,104731.7,104863.16,138.54398
2025-05-31 22:00:00+00:00,104863.16,104900.0,104737.83,104737.84,127.95979
2025-05-31 22:30:00+00:00,104737.84,104756.96,104603.08,104625.8,100.14712
2025-05-31 23:00:00+00:00,104625.79,104840.0,104473.2,104646.68,263.82317
2025-05-31 23:30:00+00:00,104646.69,104685.87,104584.99,104591.88,96.93335
2025-06-01 00:00:00+00:00,104591.88,104647.11,104370.26,104380.96,186.81964
2025-06-01 00:30:00+00:00,104380.95,104480.0,104320.02,104446.49,106.96331
2025-06-01 01:00:00+00:00,104446.49,104505.58,104311.12,104382.54,148.24231
2025-06-01 01:30:00+00:00,104382.54,104396.23,103991.37,104126.07,317.89036
2025-06-01 02:00:00+00:00,104126.08,104200.07,103924.52,104164.58,180.15009
2025-06-01 02:30:00+00:00,104164.58,104324.21,104164.58,104195.12,133.19729
2025-06-01 03:00:00+00:00,104195.13,104235.77,103971.7,104137.32,138.54166
2025-06-01 03:30:00+00:00,104137.32,104464.1,104137.32,104381.03,120.713
2025-06-01 04:00:00+00:00,104381.03,104522.72,104360.9,104512.53,133.43074
2025-06-01 04:30:00+00:00,104512.54,104729.99,104512.53,104633.16,139.18792
2025-06-01 05:00:00+00:00,104633.16,104714.29,104571.43,104572.97,146.14859
2025-06-01 05:30:00+00:00,104572.97,104630.63,104450.0,104536.57,67.91224
2025-06-01 06:00:00+00:00,104536.57,104536.58,104195.12,104323.5,165.19741
2025-06-01 06:30:00+00:00,104323.5,104383.99,104224.29,104258.93,92.06366
2025-06-01 07:00:00+00:00,104258.93,104370.38,104202.48,104341.46,88.6393
2025-06-01 07:30:00+00:00,104341.47,104349.06,104222.9,104275.95,102.6825
2025-06-01 08:00:00+00:00,104275.95,104333.34,104220.7,104291.42,149.48311
2025-06-01 08:30:00+00:00,104291.42,104386.6,104261.82,104386.6,97.86525
2025-06-01 09:00:00+00:00,104386.6,104459.07,104000.0,104032.55,289.26877
2025-06-01 09:30:00+00:00,104032.55,104032.55,103752.49,103934.34,390.35029
2025-06-01 10:00:00+00:00,103934.35,104040.52,103857.14,103928.83,162.00296
2025-06-01 10:30:00+00:00,103928.83,103952.02,103773.69,103930.99,140.12757
2025-06-01 11:00:00+00:00,103930.98,104060.47,103845.46,104058.48,102.20442
2025-06-01 11:30:00+00:00,104058.48,104152.24,104000.0,104082.68,184.27011
2025-06-01 12:00:00+00:00,104082.67,104190.48,104003.81,104048.79,170.56814
2025-06-01 12:30:00+00:00,104048.79,104054.33,103783.01,103956.26,183.51261
2025-06-01 13:00:00+00:00,103956.25,104356.7,103951.61,104189.58,170.82132
2025-06-01 13:30:00+00:00,104189.58,104424.64,104173.05,104259.2,152.32484
2025-06-01 14:00:00+00:00,104259.19,104714.29,104259.19,104670.17,414.51589
2025-06-01 14:30:00+00:00,104670.18,104773.59,104564.71,104599.7,368.1783
2025-06-01 15:00:00+00:00,104599.7,104800.0,104502.99,104773.58,209.85495
2025-06-01 15:30:00+00:00,104773.58,104809.53,104650.44,104715.1,199.20623
2025-06-01 16:00:00+00:00,104715.1,105299.21,104659.47,105155.41,801.17297
2025-06-01 16:30:00+00:00,105155.41,105240.0,105002.0,105038.8,373.67743
2025-06-01 17:00:00+00:00,105038.8,105190.47,104986.2,105092.04,176.00212
2025-06-01 17:30:00+00:00,105092.04,105192.99,105005.0,105066.33,143.00307
2025-06-01 18:00:00+00:00,105066.34,105066.34,104692.55,104721.92,193.63874
2025-06-01 18:30:00+00:00,104721.91,104945.2,104319.79,104900.01,381.89866
2025-06-01 19:00:00+00:00,104900.01,105052.67,104805.44,105019.03,205.12838
2025-06-01 19:30:00+00:00,105019.04,105156.73,104992.65,105121.94,156.46847
2025-06-01 20:00:00+00:00,105121.95,105170.74,104926.82,105160.06,121.61349
2025-06-01 20:30:00+00:00,105160.05,105300.0,104893.72,104948.91,203.07992
2025-06-01 21:00:00+00:00,104948.91,105165.88,104926.82,105157.57,162.5561
2025-06-01 21:30:00+00:00,105157.56,105504.67,105157.56,105496.54,252.03006
2025-06-01 22:00:00+00:00,105496.54,105737.84,105458.83,105476.19,327.92916
2025-06-01 22:30:00+00:00,105476.19,105560.96,105414.63,105512.18,146.15147
2025-06-01 23:00:00+00:00,105512.17,105866.91,105466.39,105697.06,277.51528
2025-06-01 23:30:00+00:00,105697.06,105795.41,105588.23,105642.93,135.49996
2025-06-02 00:00:00+00:00,105642.93,105735.42,105404.31,105476.19,298.72035
2025-06-02 00:30:00+00:00,105476.2,105577.35,105420.53,105427.48,133.71769
2025-06-02 01:00:00+00:00,105427.48,105658.38,105427.48,105469.0,192.76742
2025-06-02 01:30:00+00:00,105469.0,105469.01,105349.63,105388.59,175.36702
2025-06-02 02:00:00+00:00,105388.58,105414.64,105135.26,105274.95,264.21399
2025-06-02 02:30:00+00:00,105274.95,105347.77,105019.05,105026.98,236.01902
2025-06-02 03:00:00+00:00,105026.97,105055.1,104571.42,104819.98,379.18463
2025-06-02 03:30:00+00:00,104819.98,104999.99,104811.87,104829.27,207.58501
2025-06-02 04:00:00+00:00,104829.27,104997.06,104734.09,104918.36,123.31371
2025-06-02 04:30:00+00:00,104918.36,104977.59,104700.03,104765.48,139.29426
2025-06-02 05:00:00+00:00,104765.48,104918.04,104684.99,104801.48,113.09973
2025-06-02 05:30:00+00:00,104801.47,104833.8,104610.13,104833.79,131.76024
2025-06-02 06:00:00+00:00,104833.79,104975.61,104732.38,104947.52,174.11626
2025-06-02 06:30:00+00:00,104947.52,105266.87,104892.28,105162.38,296.46408
2025-06-02 07:00:00+00:00,105162.39,105405.39,105162.38,105273.18,183.76779
2025-06-02 07:30:00+00:00,105273.18,105438.87,105189.32,105387.67,162.81177
2025-06-02 08:00:00+00:00,105387.67,105935.63,105356.57,105811.13,339.53039
2025-06-02 08:30:00+00:00,105811.14,105895.26,105241.18,105328.43,365.63354
2025-06-02 09:00:00+00:00,105328.43,105335.99,104714.28,104731.7,657.41864
2025-06-02 09:30:00+00:00,104731.7,104904.31,104483.64,104585.36,341.51766
2025-06-02 10:00:00+00:00,104585.37,104660.0,104304.82,104376.07,388.57949
2025-06-02 10:30:00+00:00,104376.08,104449.98,104254.71,104370.85,315.60515
2025-06-02 11:00:00+00:00,104370.85,104487.82,104200.01,104271.99,267.19663
2025-06-02 11:30:00+00:00,104271.99,104333.33,103941.0,104047.64,458.42827
2025-06-02 12:00:00+00:00,104047.63,104114.49,103862.5,104059.37,407.64049
2025-06-02 12:30:00+00:00,104059.37,104281.98,104030.21,104200.32,288.55178
2025-06-02 13:00:00+00:00,104200.32,104260.0,103857.14,104020.0,273.77744
2025-06-02 13:30:00+00:00,104020.0,104570.57,103700.0,103800.0,779.88411
2025-06-02 14:00:00+00:00,103799.99,104531.25,103659.88,104453.42,672.95161
2025-06-02 14:30:00+00:00,104453.42,104679.25,103971.69,104176.62,454.69357
2025-06-02 15:00:00+00:00,104176.61,104565.32,103905.1,104330.49,342.79387
2025-06-02 15:30:00+00:00,104330.5,104523.81,104227.89,104438.79,237.25223
2025-06-02 16:00:00+00:00,104438.79,104450.01,104034.68,104094.99,269.2584
2025-06-02 16:30:00+00:00,104094.99,104365.06,104030.01,104286.06,231.76544
2025-06-02 17:00:00+00:00,104286.06,104490.57,104095.23,104411.36,211.34827
2025-06-02 17:30:00+00:00,104411.37,104473.71,104160.37,104399.89,161.26554
2025-06-02 18:00:00+00:00,104399.89,104731.95,104338.93,104606.1,176.33484
2025-06-02 18:30:00+00:00,104606.1,104620.0,104200.0,104361.54,191.21517
2025-06-02 19:00:00+00:00,104361.54,104510.96,104246.57,104393.94,128.5976
2025-06-02 19:30:00+00:00,104393.94,104458.28,104050.96,104425.63,211.2639
2025-06-02 20:00:00+00:00,104425.64,104995.93,104425.64,104833.82,300.72729
2025-06-02 20:30:00+00:00,104833.83,104904.77,104671.81,104878.62,140.24927
2025-06-02 21:00:00+00:00,104878.61,105096.66,104752.04,104792.61,176.18529
2025-06-02 21:30:00+00:00,104792.61,104942.04,104575.37,104942.0,127.39482
2025-06-02 22:00:00+00:00,104941.99,105800.0,104941.99,105750.52,523.5057
2025-06-02 22:30:00+00:00,105750.52,105771.76,105472.01,105695.49,260.51453
2025-06-02 23:00:00+00:00,105695.5,105915.89,105575.47,105860.2,347.46954
2025-06-02 23:30:00+00:00,105860.2,105931.44,105725.6,105857.99,193.23469
2025-06-03 00:00:00+00:00,105858.0,106400.0,105747.14,106068.29,519.86527
2025-06-03 00:30:00+00:00,106068.28,106333.04,105988.69,106285.72,232.74514
2025-06-03 01:00:00+00:00,106285.72,106375.23,106110.53,106303.43,254.59295
2025-06-03 01:30:00+00:00,106303.43,106488.0,106192.59,106481.75,230.51185
2025-06-03 02:00:00+00:00,106481.76,106500.0,106041.11,106052.29,269.21458
2025-06-03 02:30:00+00:00,106052.28,106137.57,105577.36,105612.46,422.42028
2025-06-03 03:00:00+00:00,105612.47,105712.72,105340.18,105474.42,284.64024
2025-06-03 03:30:00+00:00,105474.43,105588.05,105371.14,105482.02,156.69713
2025-06-03 04:00:00+00:00,105482.03,105513.02,105303.0,105303.01,229.84984
2025-06-03 04:30:00+00:00,105303.01,105331.8,105116.2,105166.92,203.99559
2025-06-03 05:00:00+00:00,105166.93,105396.67,105166.92,105274.1,224.90782
2025-06-03 05:30:00+00:00,105274.11,105472.1,105239.15,105452.08,240.51647
2025-06-03 06:00:00+00:00,105452.09,105463.19,105247.84,105247.84,174.00546
2025-06-03 06:30:00+00:00,105247.85,105441.16,105218.0,105429.67,323.03663
2025-06-03 07:00:00+00:00,105429.67,105438.02,105211.8,105212.1,215.24452
2025-06-03 07:30:00+00:00,105212.09,105282.63,105161.84,105170.75,196.89357
2025-06-03 08:00:00+00:00,105170.76,105245.29,104921.29,104928.16,348.40475
2025-06-03 08:30:00+00:00,104928.17,105095.24,104872.5,105094.93,231.35201
2025-06-03 09:00:00+00:00,105094.93,105162.55,105067.74,105077.51,148.97744
2025-06-03 09:30:00+00:00,105077.5,105284.74,105074.09,105198.11,204.50386
2025-06-03 10:00:00+00:00,105198.12,105300.61,105146.99,105278.0,170.84859
2025-06-03 10:30:00+00:00,105278.0,105343.01,105229.56,105280.99,205.32489
2025-06-03 11:00:00+00:00,105281.0,105349.94,105203.31,105228.98,104.80255
2025-06-03 11:30:00+00:00,105228.98,105311.76,105173.87,105287.24,167.19837
2025-06-03 12:00:00+00:00,105287.24,105425.38,105224.25,105363.96,244.81176
2025-06-03 12:30:00+00:00,105363.97,105376.34,105256.0,105307.94,160.15903
2025-06-03 13:00:00+00:00,105307.94,105464.85,105307.94,105433.22,193.92065
2025-06-03 13:30:00+00:00,105433.21,105666.67,105031.6,105421.55,543.78238
2025-06-03 14:00:00+00:00,105421.54,105789.96,105150.94,105789.96,501.51123
2025-06-03 14:30:00+00:00,105789.95,106692.43,105782.5,106550.01,1179.79976
2025-06-03 15:00:00+00:00,106550.01,106794.67,106333.33,106708.93,685.25696
2025-06-03 15:30:00+00:00,106708.94,106746.27,106360.0,106610.66,434.93019
2025-06-03 16:00:00+00:00,106610.66,106666.67,106228.61,106249.37,365.18981
2025-06-03 16:30:00+00:00,106249.37,106430.65,105800.0,105817.63,433.7897
2025-06-03 17:00:00+00:00,105817.63,106142.86,105758.25,106033.53,232.30393
2025-06-03 17:30:00+00:00,106033.54,106046.68,105824.29,105943.98,159.82442
2025-06-03 18:00:00+00:00,105943.99,105943.99,105592.17,105742.63,233.49228
2025-06-03 18:30:00+00:00,105742.63,106047.62,105689.51,106013.15,178.95752
2025-06-03 19:00:00+00:00,106013.15,106400.0,106013.15,106351.96,201.74809
2025-06-03 19:30:00+00:00,106351.96,106428.58,106099.18,106238.81,202.12927
2025-06-03 20:00:00+00:00,106238.81,106254.92,105631.45,105631.45,222.71301
2025-06-03 20:30:00+00:00,105631.46,105900.17,105353.5,105738.69,290.07606
2025-06-03 21:00:00+00:00,105738.7,105847.71,105377.05,105634.4,170.3506
2025-06-03 21:30:00+00:00,105634.4,105708.46,105274.95,105367.93,196.08222
2025-06-03 22:00:00+00:00,105367.92,105835.74,105308.0,105817.0,146.557
2025-06-03 22:30:00+00:00,105817.01,105902.93,105731.76,105743.74,152.51518
2025-06-03 23:00:00+00:00,105743.74,105743.74,105476.94,105481.48,146.63339
2025-06-03 23:30:00+00:00,105481.48,105532.72,105266.02,105376.89,222.4421
2025-06-04 00:00:00+00:00,105376.9,105524.96,105288.0,105288.01,211.56306
2025-06-04 00:30:00+00:00,105288.01,105476.2,105132.27,105476.2,282.4345
2025-06-04 01:00:00+00:00,105476.2,105740.0,105466.2,105686.64,216.29565
2025-06-04 01:30:00+00:00,105686.63,105686.64,105422.59,105592.9,226.64111
2025-06-04 02:00:00+00:00,105592.9,105839.63,105592.9,105646.13,153.19649
2025-06-04 02:30:00+00:00,105646.13,105674.14,105415.09,105476.22,97.74578
2025-06-04 03:00:00+00:00,105476.22,105745.29,105444.32,105620.35,173.35274
2025-06-04 03:30:00+00:00,105620.34,105709.64,105517.1,105519.27,107.33249
2025-06-04 04:00:00+00:00,105519.26,105611.96,105482.47,105571.71,144.42392
2025-06-04 04:30:00+00:00,105571.72,105582.27,105404.25,105407.05,119.78982
2025-06-04 05:00:00+00:00,105407.06,105549.03,105361.0,105361.0,598.59428
2025-06-04 05:30:00+00:00,105361.01,105452.28,105340.66,105354.14,518.99947
2025-06-04 06:00:00+00:00,105354.14,105434.43,105250.0,105301.85,194.91241
2025-06-04 06:30:00+00:00,105301.86,105436.64,105259.11,105301.02,418.68649
2025-06-04 07:00:00+00:00,105301.03,105367.93,105264.23,105294.45,138.0066
2025-06-04 07:30:00+00:00,105294.44,105469.0,105285.71,105320.75,109.90726
2025-06-04 08:00:00+00:00,105320.75,105585.45,105320.75,105525.81,225.82812
2025-06-04 08:30:00+00:00,105525.81,105525.81,105435.92,105435.93,125.50779
2025-06-04 09:00:00+00:00,105435.93,105495.83,105329.54,105424.14,152.12562
2025-06-04 09:30:00+00:00,105424.14,105919.26,105362.41,105825.31,833.87613
2025-06-04 10:00:00+00:00,105825.31,106000.0,105734.34,105734.34,190.19788
2025-06-04 10:30:00+00:00,105734.34,105760.52,105650.96,105705.13,200.75761
2025-06-04 11:00:00+00:00,105705.13,105820.04,105400.05,105442.78,931.4558
2025-06-04 11:30:00+00:00,105442.77,105467.08,105080.26,105084.36,1181.0153
2025-06-04 12:00:00+00:00,105084.36,105157.27,104916.79,104949.52,537.79038
2025-06-04 12:30:00+00:00,104949.53,105084.65,104794.5,105039.19,349.8679
2025-06-04 13:00:00+00:00,105039.2,105188.0,104881.84,104971.03,175.72448
2025-06-04 13:30:00+00:00,104971.02,105272.3,104720.0,104761.17,457.92115
2025-06-04 14:00:00+00:00,104761.17,104761.17,104179.0,104660.0,1030.39109
2025-06-04 14:30:00+00:00,104659.99,105045.79,104584.82,105033.3,415.84101
2025-06-04 15:00:00+00:00,105033.3,105473.03,104928.65,105410.34,538.48913
2025-06-04 15:30:00+00:00,105410.35,105542.0,105250.97,105298.27,400.45374
2025-06-04 16:00:00+00:00,105298.26,105388.6,105124.69,105124.69,317.086
2025-06-04 16:30:00+00:00,105124.69,105464.85,105094.0,105445.89,151.77284
2025-06-04 17:00:00+00:00,105445.9,105483.14,105213.79,105213.8,126.3884
2025-06-04 17:30:00+00:00,105213.79,105292.0,104963.64,105051.1,272.94348
2025-06-04 18:00:00+00:00,105051.11,105300.0,105051.1,105166.15,142.56693
2025-06-04 18:30:00+00:00,105166.14,105206.31,104920.01,104951.54,158.6479
2025-06-04 19:00:00+00:00,104951.54,105047.61,104865.25,104894.27,149.01497
2025-06-04 19:30:00+00:00,104894.27,105079.99,104881.01,104913.52,133.6736
2025-06-04 20:00:00+00:00,104913.52,104959.64,104407.16,104681.96,306.00559
2025-06-04 20:30:00+00:00,104681.96,104772.64,104550.92,104609.87,178.35898
2025-06-04 21:00:00+00:00,104609.88,104769.59,104549.83,104692.75,107.76082
2025-06-04 21:30:00+00:00,104692.76,105045.79,104692.75,104930.61,196.45117
2025-06-04 22:00:00+00:00,104930.61,105034.91,104773.17,104799.89,99.10669
2025-06-04 22:30:00+00:00,104799.88,104900.0,104744.18,104775.36,59.6889
2025-06-04 23:00:00+00:00,104775.37,104864.5,104625.15,104664.0,103.82172
2025-06-04 23:30:00+00:00,104664.0,104779.99,104625.15,104696.86,72.48163
2025-06-05 00:00:00+00:00,104696.86,104835.11,104651.16,104781.19,110.86341
2025-06-05 00:30:00+00:00,104781.2,104976.75,104781.2,104976.74,131.78952
2025-06-05 01:00:00+00:00,104976.75,105155.55,104918.58,104976.75,167.49751
2025-06-05 01:30:00+00:00,104976.74,104976.75,104697.84,104774.92,121.0649
2025-06-05 02:00:00+00:00,104774.92,105000.0,104774.92,104901.61,117.96266
2025-06-05 02:30:00+00:00,104901.61,105240.84,104901.61,104989.48,278.59437
2025-06-05 03:00:00+00:00,104989.48,105035.2,104880.2,104911.55,106.66466
2025-06-05 03:30:00+00:00,104911.55,105064.95,104884.41,105047.15,92.10572
2025-06-05 04:00:00+00:00,105047.15,105199.0,105032.95,105127.15,93.60657
2025-06-05 04:30:00+00:00,105127.14,105226.14,105103.76,105173.71,89.04953
2025-06-05 05:00:00+00:00,105173.72,105189.22,104916.31,104921.37,174.86788
2025-06-05 05:30:00+00:00,104921.36,104928.17,104570.43,104649.23,498.29688
2025-06-05 06:00:00+00:00,104649.22,104696.73,104518.86,104685.91,154.75057
2025-06-05 06:30:00+00:00,104685.9,104685.9,104380.0,104452.93,261.61661
2025-06-05 07:00:00+00:00,104452.94,104636.46,104424.52,104591.46,182.95318
2025-06-05 07:30:00+00:00,104591.46,104601.49,104450.57,104518.05,138.55488
2025-06-05 08:00:00+00:00,104518.05,104660.0,104424.52,104623.48,176.56396
2025-06-05 08:30:00+00:00,104623.48,104681.28,104571.84,104675.36,100.87606
2025-06-05 09:00:00+00:00,104675.36,104830.85,104675.35,104755.22,154.44624
2025-06-05 09:30:00+00:00,104755.23,104920.0,104676.92,104900.0,144.18402
2025-06-05 10:00:00+00:00,104900.0,104900.01,104694.98,104699.91,107.31248
2025-06-05 10:30:00+00:00,104699.91,104732.74,104517.43,104659.24,197.56875
2025-06-05 11:00:00+00:00,104659.25,104779.6,104551.64,104765.14,109.19828
2025-06-05 11:30:00+00:00,104765.13,104847.52,104765.13,104827.8,71.60696
2025-06-05 12:00:00+00:00,104827.79,105480.0,104790.69,105408.74,420.19677
2025-06-05 12:30:00+00:00,105408.74,105776.99,105311.52,105649.59,609.79625
2025-06-05 13:00:00+00:00,105649.6,105909.71,105648.21,105683.15,508.108
2025-06-05 13:30:00+00:00,105683.15,105718.88,104303.64,104527.0,941.84192
2025-06-05 14:00:00+00:00,104527.0,104551.05,103900.0,104279.05,1130.07277
2025-06-05 14:30:00+00:00,104279.06,104927.79,104011.24,104639.2,744.07895
2025-06-05 15:00:00+00:00,104639.21,104864.4,104330.18,104843.98,447.89529
2025-06-05 15:30:00+00:00,104843.99,104871.31,104521.05,104531.49,265.79392
2025-06-05 16:00:00+00:00,104531.5,104598.87,103951.5,104036.01,436.07484
2025-06-05 16:30:00+00:00,104036.0,104073.04,103258.0,103262.53,954.66866
2025-06-05 17:00:00+00:00,103262.54,103581.4,103140.0,103453.59,638.06084
2025-06-05 17:30:00+00:00,103453.59,103453.67,103176.6,103240.04,324.49291
2025-06-05 18:00:00+00:00,103240.04,103318.69,102581.56,103275.16,999.35016
2025-06-05 18:30:00+00:00,103275.16,103354.56,102806.21,103006.05,386.49943
2025-06-05 19:00:00+00:00,103006.04,103036.91,101596.62,102215.04,1792.50403
2025-06-05 19:30:00+00:00,102215.03,102474.84,101863.34,101914.77,655.88073
2025-06-05 20:00:00+00:00,101914.76,102171.44,100948.44,101452.16,1575.85212
2025-06-05 20:30:00+00:00,101452.16,101500.0,100372.26,100483.91,1807.56724
2025-06-05 21:00:00+00:00,100483.92,101139.54,100428.0,101005.72,1276.07988
2025-06-05 21:30:00+00:00,101005.72,101658.17,100944.25,101542.82,912.03758
2025-06-05 22:00:00+00:00,101542.82,101542.83,101029.46,101325.85,492.87613
2025-06-05 22:30:00+00:00,101325.85,101707.77,101300.0,101502.61,457.0962
2025-06-05 23:00:00+00:00,101502.61,101835.7,101502.61,101787.97,441.81808
2025-06-05 23:30:00+00:00,101787.97,101795.68,101488.37,101508.68,320.86324
2025-06-06 00:00:00+00:00,101508.69,101539.12,101095.8,101474.88,583.42735
2025-06-06 00:30:00+00:00,101474.88,101907.0,101474.88,101900.77,290.96374
2025-06-06 01:00:00+00:00,101900.77,101938.75,101685.15,101830.61,190.73
2025-06-06 01:30:00+00:00,101830.6,101944.89,101681.77,101841.2,187.52915
2025-06-06 02:00:00+00:00,101841.19,101852.29,101535.61,101641.6,283.70979
2025-06-06 02:30:00+00:00,101641.6,102208.28,101601.17,102203.52,441.48208
2025-06-06 03:00:00+00:00,102203.53,102311.15,102056.23,102303.24,424.88783
2025-06-06 03:30:00+00:00,102303.25,102520.0,102303.24,102493.3,349.69194
2025-06-06 04:00:00+00:00,102493.3,102606.06,102387.38,102541.56,356.56927
2025-06-06 04:30:00+00:00,102541.55,102799.23,102481.91,102777.0,236.47543
2025-06-06 05:00:00+00:00,102777.01,102917.07,102683.22,102737.63,301.84944
2025-06-06 05:30:00+00:00,102737.64,102954.24,102702.8,102954.24,159.58505
2025-06-06 06:00:00+00:00,102954.23,103210.06,102896.1,103072.0,400.86152
2025-06-06 06:30:00+00:00,103071.99,103208.0,102979.28,103160.0,237.82701
2025-06-06 07:00:00+00:00,103160.0,103468.66,103159.99,103349.11,272.5926
2025-06-06 07:30:00+00:00,103349.12,103349.12,103050.9,103150.44,312.88236
2025-06-06 08:00:00+00:00,103150.44,103489.0,103150.43,103402.18,252.01824
2025-06-06 08:30:00+00:00,103402.17,103589.0,103376.32,103510.25,240.0303
2025-06-06 09:00:00+00:00,103510.25,103750.0,103510.24,103576.57,321.51368
2025-06-06 09:30:00+00:00,103576.57,103738.96,103555.03,103643.98,300.05838
2025-06-06 10:00:00+00:00,103643.99,103800.0,103643.98,103713.29,277.39965
2025-06-06 10:30:00+00:00,103713.28,103713.29,103553.31,103676.25,302.92171
2025-06-06 11:00:00+00:00,103676.24,103925.21,103643.78,103852.98,251.75081
2025-06-06 11:30:00+00:00,103852.99,103991.45,103692.3,103927.99,272.53365
2025-06-06 12:00:00+00:00,103927.99,104036.93,103804.53,103849.52,402.25081
2025-06-06 12:30:00+00:00,103849.52,104300.0,103513.7,103753.27,980.55299
2025-06-06 13:00:00+00:00,103753.26,104050.0,103753.26,103923.06,248.46874
2025-06-06 13:30:00+00:00,103923.06,104529.65,103883.72,104098.84,702.37705
2025-06-06 14:00:00+00:00,104098.84,104577.74,104004.83,104559.83,445.70493
2025-06-06 14:30:00+00:00,104559.84,104880.88,104368.92,104776.7,546.0146
2025-06-06 15:00:00+00:00,104776.7,105333.0,104674.41,104827.11,857.36919
2025-06-06 15:30:00+00:00,104827.1,105111.0,104616.12,105092.28,477.63402
2025-06-06 16:00:00+00:00,105092.28,105284.0,104982.87,105071.41,590.50143
2025-06-06 16:30:00+00:00,105071.41,105089.57,104708.08,104758.27,467.23137
2025-06-06 17:00:00+00:00,104758.28,104829.57,104390.18,104505.33,449.15649
2025-06-06 17:30:00+00:00,104505.33,104975.47,104455.01,104922.14,312.55081
2025-06-06 18:00:00+00:00,104922.14,104982.38,104475.93,104506.99,193.7392
2025-06-06 18:30:00+00:00,104506.99,104729.89,104477.77,104497.69,179.74585
2025-06-06 19:00:00+00:00,104497.69,104601.87,104274.83,104298.26,223.81141
2025-06-06 19:30:00+00:00,104298.27,104352.06,104013.21,104219.8,346.17051
2025-06-06 20:00:00+00:00,104219.8,104420.0,104167.98,104357.09,163.97679
2025-06-06 20:30:00+00:00,104357.09,104617.56,104305.25,104478.07,168.98594
2025-06-06 21:00:00+00:00,104478.07,104488.38,104300.0,104308.37,239.92323
2025-06-06 21:30:00+00:00,104308.38,104488.38,104308.37,104386.29,122.34327
2025-06-06 22:00:00+00:00,104386.29,104404.88,104232.55,104357.27,125.44066
2025-06-06 22:30:00+00:00,104357.27,104485.91,104288.2,104476.81,115.00206
2025-06-06 23:00:00+00:00,104476.82,104487.28,104193.32,104360.0,146.48093
2025-06-06 23:30:00+00:00,104359.99,104375.48,104272.74,104288.44,84.35059
2025-06-07 00:00:00+00:00,104288.43,104331.88,103871.09,104181.41,287.92794
2025-06-07 00:30:00+00:00,104181.41,104511.69,104162.79,104511.69,152.75321
2025-06-07 01:00:00+00:00,104511.68,104567.89,104372.08,104444.61,127.78776
2025-06-07 01:30:00+00:00,104444.62,104520.0,104348.83,104453.56,83.41394
2025-06-07 02:00:00+00:00,104453.55,104453.56,104328.18,104387.96,101.55763
2025-06-07 02:30:00+00:00,104387.96,104611.68,104369.05,104531.57,164.51249
2025-06-07 03:00:00+00:00,104531.58,104820.97,104484.52,104708.09,299.1887
2025-06-07 03:30:00+00:00,104708.09,104910.77,104674.64,104871.58,183.02261
2025-06-07 04:00:00+00:00,104871.59,104880.32,104700.0,104701.01,151.53633
2025-06-07 04:30:00+00:00,104701.0,104824.59,104643.62,104819.99,111.55809
2025-06-07 05:00:00+00:00,104820.0,104843.8,104751.16,104815.27,124.49065
2025-06-07 05:30:00+00:00,104815.27,105000.0,104804.87,104877.36,167.80106
2025-06-07 06:00:00+00:00,104877.37,104903.59,104788.31,104788.32,110.05433
2025-06-07 06:30:00+00:00,104788.31,105319.0,104788.31,105316.37,299.67583
2025-06-07 07:00:00+00:00,105316.36,105319.13,104834.27,104944.39,246.71714
2025-06-07 07:30:00+00:00,104944.39,105012.0,104863.96,104867.04,97.23118
2025-06-07 08:00:00+00:00,104867.03,104966.69,104788.31,104922.67,128.1862
2025-06-07 08:30:00+00:00,104922.67,104924.5,104689.81,104746.44,105.53861
2025-06-07 09:00:00+00:00,104746.44,104942.02,104746.43,104936.49,115.18436
2025-06-07 09:30:00+00:00,104936.5,104936.5,104782.87,104848.09,93.27701
2025-06-07 10:00:00+00:00,104848.09,105178.9,104840.29,105148.4,198.03017
2025-06-07 10:30:00+00:00,105148.4,105198.58,104937.62,105145.84,157.25937
2025-06-07 11:00:00+00:00,105145.83,105264.0,105122.13,105216.37,148.56357
2025-06-07 11:30:00+00:00,105216.37,105256.21,105050.04,105150.01,234.31442
2025-06-07 12:00:00+00:00,105150.01,105299.0,105150.0,105298.99,344.0829
2025-06-07 12:30:00+00:00,105299.0,105702.99,105253.1,105465.21,715.84441
2025-06-07 13:00:00+00:00,105465.22,105572.57,105309.56,105510.15,201.12137
2025-06-07 13:30:00+00:00,105510.15,105800.0,105510.14,105610.52,277.3419
2025-06-07 14:00:00+00:00,105610.53,105663.83,105418.6,105427.56,237.14376
2025-06-07 14:30:00+00:00,105427.56,105688.4,105394.48,105431.61,157.85028
2025-06-07 15:00:00+00:00,105431.61,105521.99,105316.98,105456.53,146.34862
2025-06-07 15:30:00+00:00,105456.54,105577.18,105413.21,105558.11,117.99634
2025-06-07 16:00:00+00:00,105558.11,105666.66,105469.34,105469.34,144.64844
2025-06-07 16:30:00+00:00,105469.35,105474.48,105279.06,105350.68,134.50421
2025-06-07 17:00:00+00:00,105350.68,105558.62,105350.0,105524.73,83.64346
2025-06-07 17:30:00+00:00,105524.74,105528.0,105386.25,105393.21,100.00627
2025-06-07 18:00:00+00:00,105393.21,105787.1,105393.2,105761.3,401.37739
2025-06-07 18:30:00+00:00,105761.3,105884.46,105542.53,105599.99,311.55407
2025-06-07 19:00:00+00:00,105599.99,105871.33,105599.99,105856.7,192.03408
2025-06-07 19:30:00+00:00,105856.7,105856.7,105646.95,105725.91,168.276
2025-06-07 20:00:00+00:00,105725.91,105900.0,105725.9,105878.69,112.93644
2025-06-07 20:30:00+00:00,105878.68,105878.68,105794.9,105846.98,79.29213
2025-06-07 21:00:00+00:00,105846.98,105860.0,105795.3,105800.81,56.14081
2025-06-07 21:30:00+00:00,105800.8,105865.43,105707.39,105764.64,83.59204
2025-06-07 22:00:00+00:00,105764.63,105832.0,105664.0,105799.88,84.20202
2025-06-07 22:30:00+00:00,105799.88,105900.0,105795.23,105820.51,95.65908
2025-06-07 23:00:00+00:00,105820.52,105820.52,105604.29,105679.5,96.81
2025-06-07 23:30:00+00:00,105679.49,105715.75,105534.88,105552.15,112.94344
2025-06-08 00:00:00+00:00,105552.15,105552.16,105446.79,105507.87,159.78035
2025-06-08 00:30:00+00:00,105507.88,105654.95,105441.86,105473.21,118.63693
2025-06-08 01:00:00+00:00,105473.22,105600.3,105400.57,105535.75,211.54673
2025-06-08 01:30:00+00:00,105535.76,105786.33,105535.75,105690.33,100.64812
2025-06-08 02:00:00+00:00,105690.32,105690.33,105473.58,105509.75,178.41152
2025-06-08 02:30:00+00:00,105509.75,105567.3,105441.86,105441.87,122.77076
2025-06-08 03:00:00+00:00,105441.86,105456.73,105394.03,105402.09,108.07422
2025-06-08 03:30:00+00:00,105402.08,105500.0,105402.08,105471.59,84.81413
2025-06-08 04:00:00+00:00,105471.59,105519.99,105408.38,105492.78,79.69917
2025-06-08 04:30:00+00:00,105492.79,105636.53,105492.78,105614.38,71.82561
2025-06-08 05:00:00+00:00,105614.37,105653.13,105534.89,105613.28,59.59244
2025-06-08 05:30:00+00:00,105613.27,105613.28,105412.76,105438.34,88.94329
2025-06-08 06:00:00+00:00,105438.34,105599.32,105432.96,105540.0,75.99746
2025-06-08 06:30:00+00:00,105540.01,105577.09,105442.87,105442.87,79.66233
2025-06-08 07:00:00+00:00,105442.88,105556.15,105442.87,105453.4,81.07204
2025-06-08 07:30:00+00:00,105453.4,105468.02,105410.23,105426.45,86.27034
2025-06-08 08:00:00+00:00,105426.46,105495.99,105402.24,105436.29,92.58262
2025-06-08 08:30:00+00:00,105436.28,105459.02,105367.88,105373.81,100.12239
2025-06-08 09:00:00+00:00,105373.82,105405.8,105075.51,105196.58,335.47363
2025-06-08 09:30:00+00:00,105196.58,105249.75,105140.0,105140.01,161.52988
2025-06-08 10:00:00+00:00,105140.0,105162.8,104964.14,105084.1,201.95819
2025-06-08 10:30:00+00:00,105084.11,105481.24,105084.1,105357.64,403.77291
2025-06-08 11:00:00+00:00,105357.64,105720.94,105357.63,105585.11,253.42838
2025-06-08 11:30:00+00:00,105585.12,105686.72,105530.0,105686.71,123.14498
2025-06-08 12:00:00+00:00,105686.71,105773.6,105568.15,105649.59,274.69479
2025-06-08 12:30:00+00:00,105649.6,105749.62,105520.25,105721.5,436.97611
2025-06-08 13:00:00+00:00,105721.5,105760.68,105622.07,105749.25,259.47028
2025-06-08 13:30:00+00:00,105749.26,106160.19,105577.36,105627.9,631.5532
2025-06-08 14:00:00+00:00,105627.9,105910.17,105577.36,105740.37,147.73669
2025-06-08 14:30:00+00:00,105740.37,105860.47,105652.77,105829.66,110.64478
2025-06-08 15:00:00+00:00,105829.66,106095.85,105818.18,106000.0,198.19806
2025-06-08 15:30:00+00:00,105999.99,106059.93,105933.49,105984.52,141.70764
2025-06-08 16:00:00+00:00,105984.53,106320.77,105943.91,106087.96,311.78618
2025-06-08 16:30:00+00:00,106087.96,106250.0,106035.89,106189.99,118.85972
2025-06-08 17:00:00+00:00,106190.0,106340.91,106155.24,106294.51,144.97811
2025-06-08 17:30:00+00:00,106294.52,106360.0,106081.59,106082.95,155.06879
2025-06-08 18:00:00+00:00,106082.95,106311.61,106020.46,106278.78,134.85959
2025-06-08 18:30:00+00:00,106278.78,106325.59,106243.86,106317.7,79.26675
2025-06-08 19:00:00+00:00,106317.71,106335.9,106300.0,106300.0,48.30196
2025-06-08 19:30:00+00:00,106300.01,106315.55,106180.85,106289.99,106.84523
2025-06-08 20:00:00+00:00,106289.99,106319.92,106264.16,106304.01,174.66014
2025-06-08 20:30:00+00:00,106304.01,106304.02,106118.72,106147.66,99.33228
2025-06-08 21:00:00+00:00,106147.65,106335.62,106147.65,106314.89,102.90069
2025-06-08 21:30:00+00:00,106314.9,106488.14,106248.01,106331.92,133.71774
2025-06-08 22:00:00+00:00,106331.92,106360.85,105897.46,106017.72,236.94566
2025-06-08 22:30:00+00:00,106017.73,106017.73,105674.7,105770.55,204.947
2025-06-08 23:00:00+00:00,105770.55,105775.99,105545.71,105675.51,253.32846
2025-06-08 23:30:00+00:00,105675.5,105772.61,105609.56,105734.0,161.52478
2025-06-09 00:00:00+00:00,105734.01,105858.21,105581.44,105775.53,416.42296
2025-06-09 00:30:00+00:00,105775.53,105966.33,105600.0,105706.34,225.87996
2025-06-09 01:00:00+00:00,105706.34,105740.9,105558.13,105690.82,158.01323
2025-06-09 01:30:00+00:00,105690.81,105690.81,105427.53,105527.71,232.39742
2025-06-09 02:00:00+00:00,105527.71,105724.76,105475.48,105652.95,119.56181
2025-06-09 02:30:00+00:00,105652.95,105667.45,105530.0,105560.89,117.54492
2025-06-09 03:00:00+00:00,105560.9,105582.72,105318.37,105473.92,328.59095
2025-06-09 03:30:00+00:00,105473.92,105700.37,105473.91,105659.13,196.63845
2025-06-09 04:00:00+00:00,105659.14,105717.3,105617.3,105650.01,279.17333
2025-06-09 04:30:00+00:00,105650.01,105669.03,105428.02,105449.21,222.45256
2025-06-09 05:00:00+00:00,105449.21,105522.87,105387.05,105431.0,140.59286
2025-06-09 05:30:00+00:00,105431.0,105461.57,105325.6,105379.11,179.04315
2025-06-09 06:00:00+00:00,105379.12,105521.85,105319.0,105521.84,235.41241
2025-06-09 06:30:00+00:00,105521.85,105692.84,105521.84,105692.83,219.17348
2025-06-09 07:00:00+00:00,105692.84,105692.84,105500.0,105523.29,126.4389
2025-06-09 07:30:00+00:00,105523.29,105610.76,105523.28,105560.71,68.05317
2025-06-09 08:00:00+00:00,105560.71,105627.91,105473.57,105542.91,125.84273
2025-06-09 08:30:00+00:00,105542.92,105949.09,105505.97,105926.39,335.25907
2025-06-09 09:00:00+00:00,105926.4,106168.92,105832.0,106152.74,313.09829
2025-06-09 09:30:00+00:00,106151.87,106888.0,106143.99,106612.52,826.90245
2025-06-09 10:00:00+00:00,106612.53,107464.77,106565.3,107088.43,1104.2794
2025-06-09 10:30:00+00:00,107088.43,107319.47,107035.0,107179.7,420.54358
2025-06-09 11:00:00+00:00,107179.7,107522.45,107146.18,107434.41,519.2477
2025-06-09 11:30:00+00:00,107434.41,107806.0,107382.76,107759.21,779.78334
2025-06-09 12:00:00+00:00,107759.21,107800.0,107540.22,107574.86,306.45019
2025-06-09 12:30:00+00:00,107574.86,107990.0,107569.93,107750.39,568.76182
2025-06-09 13:00:00+00:00,107750.39,107893.4,107469.27,107489.8,329.09244
2025-06-09 13:30:00+00:00,107489.8,107724.0,106860.0,107026.47,706.4084
2025-06-09 14:00:00+00:00,107026.48,107691.09,107026.48,107576.03,480.22369
2025-06-09 14:30:00+00:00,107576.03,108000.0,107513.43,107610.33,525.54614
2025-06-09 15:00:00+00:00,107610.32,108020.0,107522.79,107941.3,395.09387
2025-06-09 15:30:00+00:00,107941.3,107978.28,107635.91,107635.91,232.842
2025-06-09 16:00:00+00:00,107635.91,108018.1,107635.91,107939.4,333.17026
2025-06-09 16:30:00+00:00,107939.4,108127.16,107666.6,107697.51,562.74811
2025-06-09 17:00:00+00:00,107697.52,108366.26,107659.35,108325.59,407.94741
2025-06-09 17:30:00+00:00,108325.59,108422.28,108165.09,108337.56,253.86122
2025-06-09 18:00:00+00:00,108337.57,108552.44,108300.0,108440.28,328.52867
2025-06-09 18:30:00+00:00,108440.28,108499.99,108284.5,108446.18,192.66334
2025-06-09 19:00:00+00:00,108446.18,108767.24,108419.74,108672.94,349.87069
2025-06-09 19:30:00+00:00,108672.94,108672.95,108339.68,108564.72,260.67637
2025-06-09 20:00:00+00:00,108565.86,108704.0,108456.08,108683.65,147.6914
2025-06-09 20:30:00+00:00,108683.66,108736.19,108617.87,108706.74,178.36096
2025-06-09 21:00:00+00:00,108706.74,110495.0,108706.73,110471.04,2119.16088
2025-06-09 21:30:00+00:00,110471.04,110530.17,109722.74,109973.75,1400.86055
2025-06-09 22:00:00+00:00,109973.74,110238.34,109734.92,110200.0,592.08939
2025-06-09 22:30:00+00:00,110200.01,110420.0,110100.0,110177.28,651.63438
2025-06-09 23:00:00+00:00,110177.28,110267.28,109866.18,110037.41,604.19623
2025-06-09 23:30:00+00:00,110037.41,110313.99,109975.37,110263.02,357.14998
2025-06-10 00:00:00+00:00,110263.02,110311.82,109943.77,110277.53,379.95814
2025-06-10 00:30:00+00:00,110277.53,110306.8,109909.54,109913.91,513.63489
2025-06-10 01:00:00+00:00,109913.91,109953.98,109722.75,109844.06,297.78212
2025-06-10 01:30:00+00:00,109844.05,109886.25,109648.29,109788.57,227.18724
2025-06-10 02:00:00+00:00,109788.58,109788.58,109381.24,109647.72,383.44448
2025-06-10 02:30:00+00:00,109647.71,109750.0,109571.5,109650.94,185.46561
2025-06-10 03:00:00+00:00,109650.95,109684.89,109388.0,109469.84,197.38816
2025-06-10 03:30:00+00:00,109469.84,109613.54,109382.38,109568.02,171.75911
2025-06-10 04:00:00+00:00,109568.03,109649.98,109366.0,109386.59,159.95095
2025-06-10 04:30:00+00:00,109386.59,109542.97,109382.86,109528.55,209.53913
2025-06-10 05:00:00+00:00,109528.55,109737.68,109396.75,109415.09,270.23553
2025-06-10 05:30:00+00:00,109415.1,109450.26,109200.0,109310.49,259.13963
2025-06-10 06:00:00+00:00,109310.49,109411.69,109161.0,109400.01,230.47722
2025-06-10 06:30:00+00:00,109400.0,109650.0,109357.61,109502.68,197.03965
2025-06-10 07:00:00+00:00,109502.69,109517.16,109291.41,109459.15,157.76487
2025-06-10 07:30:00+00:00,109459.14,109505.95,109095.67,109205.14,832.92689
2025-06-10 08:00:00+00:00,109205.14,109415.1,109166.0,109195.39,207.7425
2025-06-10 08:30:00+00:00,109195.39,109333.07,109056.9,109082.65,314.85065
2025-06-10 09:00:00+00:00,109082.65,109386.62,109065.14,109291.96,351.66171
2025-06-10 09:30:00+00:00,109291.96,109521.84,109290.69,109508.78,263.99701
2025-06-10 10:00:00+00:00,109508.78,109573.3,109403.11,109419.42,179.65449
2025-06-10 10:30:00+00:00,109419.42,109419.43,109275.43,109303.61,145.16422
2025-06-10 11:00:00+00:00,109303.61,109777.0,109199.81,109745.28,456.44736
2025-06-10 11:30:00+00:00,109745.27,109851.8,109501.15,109541.28,425.38663
2025-06-10 12:00:00+00:00,109541.93,109617.47,109415.62,109493.49,229.64383
2025-06-10 12:30:00+00:00,109493.48,109700.0,109429.0,109697.76,324.51908
2025-06-10 13:00:00+00:00,109697.75,109900.81,109608.16,109728.0,515.31858
2025-06-10 13:30:00+00:00,109728.0,109778.73,108888.88,109305.28,893.34522
2025-06-10 14:00:00+00:00,109305.28,109332.45,108674.61,108832.78,887.83647
2025-06-10 14:30:00+00:00,108832.77,108921.31,108468.29,108620.01,952.63697
2025-06-10 15:00:00+00:00,108620.0,109199.99,108481.75,109062.27,793.21275
2025-06-10 15:30:00+00:00,109062.27,109082.89,108331.03,109015.42,650.49491
2025-06-10 16:00:00+00:00,109015.41,109251.41,108789.12,109003.07,345.68143
2025-06-10 16:30:00+00:00,109003.07,109060.96,108690.59,108720.61,190.79617
2025-06-10 17:00:00+00:00,108720.61,109064.06,108708.58,108838.67,142.40673
2025-06-10 17:30:00+00:00,108838.67,108955.97,108616.68,108711.37,217.04824
2025-06-10 18:00:00+00:00,108711.37,108937.15,108518.86,108931.69,259.51726
2025-06-10 18:30:00+00:00,108931.69,109480.67,108836.72,109282.38,218.19231
2025-06-10 19:00:00+00:00,109282.38,110171.22,109282.37,110016.38,571.5591
2025-06-10 19:30:00+00:00,110016.39,110400.0,109323.88,109526.3,694.6588
2025-06-10 20:00:00+00:00,109526.3,109581.68,109239.68,109537.41,365.43558
2025-06-10 20:30:00+00:00,109537.41,110018.07,109462.54,109960.0,244.18198
2025-06-10 21:00:00+00:00,109960.01,110000.0,109420.0,109793.23,290.10386
2025-06-10 21:30:00+00:00,109793.23,109940.89,109710.33,109863.07,163.86329
2025-06-10 22:00:00+00:00,109863.06,110181.1,109847.49,109955.41,259.30058
2025-06-10 22:30:00+00:00,109955.41,110012.0,109610.4,109727.87,222.83089
2025-06-10 23:00:00+00:00,109727.88,109913.56,109600.0,109789.8,271.56886
2025-06-10 23:30:00+00:00,109789.8,110299.73,109789.8,110274.39,349.07731
2025-06-11 00:00:00+00:00,110274.39,110274.4,109818.2,109833.88,319.87799
2025-06-11 00:30:00+00:00,109833.89,110064.74,109780.0,109825.54,176.79493
2025-06-11 01:00:00+00:00,109825.55,109832.94,109581.95,109726.78,207.99286
2025-06-11 01:30:00+00:00,109726.78,109726.78,109565.1,109605.53,180.65591
2025-06-11 02:00:00+00:00,109605.53,109858.22,109533.97,109584.45,120.22671
2025-06-11 02:30:00+00:00,109584.45,109687.47,109544.01,109677.03,136.88641
2025-06-11 03:00:00+00:00,109677.03,109858.23,109665.18,109768.56,148.52484
2025-06-11 03:30:00+00:00,109768.55,109827.19,109622.03,109722.95,102.65346
2025-06-11 04:00:00+00:00,109722.95,109735.24,109578.84,109674.99,109.81419
2025-06-11 04:30:00+00:00,109675.0,109732.0,109552.68,109562.75,63.28287
2025-06-11 05:00:00+00:00,109562.75,109650.59,109430.38,109626.46,109.4932
2025-06-11 05:30:00+00:00,109626.45,109632.09,109445.42,109468.03,88.69422
2025-06-11 06:00:00+00:00,109468.04,109600.0,109415.09,109456.35,113.15775
2025-06-11 06:30:00+00:00,109456.36,109679.24,109373.67,109595.01,209.6838
2025-06-11 07:00:00+00:00,109595.02,109745.29,109545.01,109584.38,151.90017
2025-06-11 07:30:00+00:00,109584.38,109617.7,109446.73,109446.74,154.44815
2025-06-11 08:00:00+00:00,109446.74,109588.34,109446.73,109546.38,230.18769
2025-06-11 08:30:00+00:00,109546.38,109675.69,109513.34,109576.02,183.55693
2025-06-11 09:00:00+00:00,109576.03,109603.57,109426.35,109475.79,256.97292
2025-06-11 09:30:00+00:00,109475.79,109475.8,109233.62,109269.83,322.77214
2025-06-11 10:00:00+00:00,109269.82,109386.65,109200.0,109311.36,228.36396
2025-06-11 10:30:00+00:00,109311.35,109468.67,109226.63,109373.12,162.59697
2025-06-11 11:00:00+00:00,109373.13,109391.75,109240.87,109269.54,126.39078
2025-06-11 11:30:00+00:00,109269.54,109312.49,109193.89,109252.09,122.91381
2025-06-11 12:00:00+00:00,109252.1,109463.98,109008.82,109276.25,330.73892
2025-06-11 12:30:00+00:00,109276.25,109927.04,109276.24,109714.87,966.57625
2025-06-11 13:00:00+00:00,109714.87,109883.55,109553.63,109810.21,274.66881
2025-06-11 13:30:00+00:00,109810.22,109900.0,109301.42,109684.0,673.67828
2025-06-11 14:00:00+00:00,109684.0,110349.21,109650.94,110240.01,715.32653
2025-06-11 14:30:00+00:00,110240.01,110392.01,109792.45,109866.69,629.8189
2025-06-11 15:00:00+00:00,109866.69,110042.9,109660.72,109787.88,419.55307
2025-06-11 15:30:00+00:00,109787.88,109971.3,109667.1,109735.7,388.90689
2025-06-11 16:00:00+00:00,109735.7,109815.84,109341.79,109620.25,459.65839
2025-06-11 16:30:00+00:00,109620.25,109625.73,109400.0,109439.38,229.79529
2025-06-11 17:00:00+00:00,109439.38,109768.85,109349.42,109682.47,338.55184
2025-06-11 17:30:00+00:00,109682.46,109719.0,108964.16,108984.72,386.4404
2025-06-11 18:00:00+00:00,108984.72,109072.91,108439.65,108554.3,592.96326
2025-06-11 18:30:00+00:00,108554.29,108940.0,108412.01,108807.25,370.36382
2025-06-11 19:00:00+00:00,108807.25,108960.0,108576.73,108892.0,250.46589
2025-06-11 19:30:00+00:00,108892.0,108914.96,108576.0,108742.37,209.29328
2025-06-11 20:00:00+00:00,108742.37,108936.0,108480.0,108841.47,208.33985
2025-06-11 20:30:00+00:00,108841.47,109001.5,108780.1,108906.44,151.9323
2025-06-11 21:00:00+00:00,108906.45,109219.51,108849.05,108849.06,143.70009
2025-06-11 21:30:00+00:00,108849.06,108849.06,108367.94,108508.18,319.22446
2025-06-11 22:00:00+00:00,108508.17,108633.38,108064.0,108286.28,483.29496
2025-06-11 22:30:00+00:00,108286.29,108471.06,108127.76,108443.38,208.87451
2025-06-11 23:00:00+00:00,108443.38,108611.0,108324.0,108592.79,201.52068
2025-06-11 23:30:00+00:00,108592.78,108691.87,108583.45,108645.12,134.38705
2025-06-12 00:00:00+00:00,108645.13,108813.55,108507.51,108520.96,199.8386
2025-06-12 00:30:00+00:00,108520.95,108758.49,108326.55,108705.99,194.78629
2025-06-12 01:00:00+00:00,108706.0,108706.0,108389.8,108413.75,159.43706
2025-06-12 01:30:00+00:00,108413.76,108516.45,108258.49,108515.99,372.01858
2025-06-12 02:00:00+00:00,108515.99,108759.0,108462.7,108576.69,187.29911
2025-06-12 02:30:00+00:00,108576.68,108624.76,108390.34,108400.52,709.73851
2025-06-12 03:00:00+00:00,108400.52,108448.03,107730.0,107882.27,937.53268
2025-06-12 03:30:00+00:00,107882.26,108060.7,107838.64,107860.05,996.18367
2025-06-12 04:00:00+00:00,107860.04,107917.41,107320.0,107614.85,580.35204
2025-06-12 04:30:00+00:00,107614.86,107765.35,107557.74,107765.12,261.11235
2025-06-12 05:00:00+00:00,107765.13,107922.43,107593.67,107864.01,219.97182
2025-06-12 05:30:00+00:00,107864.0,107875.71,107656.51,107746.91,135.97341
2025-06-12 06:00:00+00:00,107746.91,107853.17,107640.33,107797.95,249.5523
2025-06-12 06:30:00+00:00,107797.96,107993.58,107797.96,107909.02,188.5195
2025-06-12 07:00:00+00:00,107909.02,107961.01,107659.38,107663.08,156.95108
2025-06-12 07:30:00+00:00,107663.09,107706.01,107438.65,107633.53,545.2484
2025-06-12 08:00:00+00:00,107633.53,107835.83,107440.13,107808.01,264.54341
2025-06-12 08:30:00+00:00,107808.02,107833.48,107642.6,107731.67,142.3759
2025-06-12 09:00:00+00:00,107731.67,107771.55,107545.38,107582.35,159.78384
2025-06-12 09:30:00+00:00,107582.36,107723.04,107488.95,107507.35,149.66576
2025-06-12 10:00:00+00:00,107507.35,107518.85,107227.9,107285.48,249.65889
2025-06-12 10:30:00+00:00,107285.49,107366.79,107200.0,107323.16,272.161
2025-06-12 11:00:00+00:00,107323.16,107349.31,107007.0,107029.37,248.33811
2025-06-12 11:30:00+00:00,107029.37,107187.32,106874.47,106900.95,379.90145
2025-06-12 12:00:00+00:00,106900.95,107035.65,106870.0,106978.94,297.91133
2025-06-12 12:30:00+00:00,106978.94,107431.82,106960.0,106988.54,465.40105
2025-06-12 13:00:00+00:00,106988.55,107156.66,106745.54,106833.28,352.92405
2025-06-12 13:30:00+00:00,106833.29,107198.75,106600.0,107070.8,567.77511
2025-06-12 14:00:00+00:00,107070.8,107556.51,107070.8,107477.93,466.0029
2025-06-12 14:30:00+00:00,107477.92,107721.17,107364.37,107612.69,396.26731
2025-06-12 15:00:00+00:00,107612.7,107822.5,107072.05,107211.31,329.10824
2025-06-12 15:30:00+00:00,107211.31,107462.72,106890.88,107020.95,325.89541
2025-06-12 16:00:00+00:00,107020.96,107858.32,106985.38,107723.07,321.55587
2025-06-12 16:30:00+00:00,107723.08,107754.72,107484.78,107744.71,241.02479
2025-06-12 17:00:00+00:00,107744.7,108235.27,107702.42,108165.43,459.57834
2025-06-12 17:30:00+00:00,108165.42,108450.16,108165.42,108287.4,309.67138
2025-06-12 18:00:00+00:00,108287.4,108419.21,107733.07,107792.55,209.5813
2025-06-12 18:30:00+00:00,107792.55,107965.62,107229.47,107561.35,312.66014
2025-06-12 19:00:00+00:00,107561.36,107879.92,107441.87,107788.88,208.02111
2025-06-12 19:30:00+00:00,107788.88,107836.91,106680.0,106788.8,496.91491
2025-06-12 20:00:00+00:00,106789.8,106960.77,106409.09,106902.0,587.284
2025-06-12 20:30:00+00:00,106901.99,106957.7,105772.73,105973.62,1728.70011
2025-06-12 21:00:00+00:00,105973.61,106430.39,105860.9,106416.83,456.0289
2025-06-12 21:30:00+00:00,106416.83,106420.61,105863.0,105894.31,223.85613
2025-06-12 22:00:00+00:00,105894.32,106225.4,105752.53,105875.13,326.61659
2025-06-12 22:30:00+00:00,105875.14,105974.17,105726.65,105890.7,249.83044
2025-06-12 23:00:00+00:00,105890.69,106140.0,105778.55,106102.65,261.42406
2025-06-12 23:30:00+00:00,106102.65,106102.65,105671.72,105671.73,223.69495
2025-06-13 00:00:00+00:00,105671.74,105694.0,103575.35,103721.52,3505.34237
2025-06-13 00:30:00+00:00,103721.52,104133.16,103213.87,103797.81,1824.80654
2025-06-13 01:00:00+00:00,103797.81,103797.81,102664.31,103251.62,2617.07683
2025-06-13 01:30:00+00:00,103251.6,103938.59,102974.39,103773.65,933.67542
2025-06-13 02:00:00+00:00,103773.65,103976.64,103560.13,103716.11,591.78968
2025-06-13 02:30:00+00:00,103716.11,103932.98,103065.58,103641.21,770.3961
2025-06-13 03:00:00+00:00,103641.2,104339.62,103605.12,104090.51,595.23276
2025-06-13 03:30:00+00:00,104090.52,104590.0,103960.47,104277.22,697.05473
2025-06-13 04:00:00+00:00,104277.22,104291.02,103782.75,104070.74,384.56244
2025-06-13 04:30:00+00:00,104070.75,104506.36,104062.8,104404.52,315.77516
2025-06-13 05:00:00+00:00,104404.52,104450.0,104237.72,104313.74,305.98987
2025-06-13 05:30:00+00:00,104313.74,104366.43,104000.0,104002.25,344.16602
2025-06-13 06:00:00+00:00,104002.26,104182.83,103848.63,103848.63,237.49375
2025-06-13 06:30:00+00:00,103848.63,104722.5,103825.11,104704.26,574.76779
2025-06-13 07:00:00+00:00,104704.27,104814.64,104376.43,104790.77,376.17914
2025-06-13 07:30:00+00:00,104790.77,104970.12,104604.09,104895.0,816.08226
2025-06-13 08:00:00+00:00,104895.01,105434.34,104876.0,105119.5,996.92519
2025-06-13 08:30:00+00:00,105119.5,105223.89,104690.85,104739.45,407.63013
2025-06-13 09:00:00+00:00,104739.44,104785.24,104500.0,104692.63,477.44962
2025-06-13 09:30:00+00:00,104692.63,104916.0,104539.62,104830.36,211.06906
2025-06-13 10:00:00+00:00,104830.36,104865.79,104425.79,104664.0,245.36979
2025-06-13 10:30:00+00:00,104664.0,104925.1,104518.42,104874.01,285.7074
2025-06-13 11:00:00+00:00,104874.0,105045.79,104698.71,104742.98,274.45866
2025-06-13 11:30:00+00:00,104742.98,105045.79,104640.0,105039.48,248.05218
2025-06-13 12:00:00+00:00,105039.48,105290.14,104935.87,105049.99,513.50399
2025-06-13 12:30:00+00:00,105050.0,105180.0,104822.36,104852.29,255.31764
2025-06-13 13:00:00+00:00,104852.28,104927.68,104721.05,104851.15,299.29386
2025-06-13 13:30:00+00:00,104851.14,105300.0,104674.14,104732.44,554.58139
2025-06-13 14:00:00+00:00,104732.82,104992.17,104154.81,104157.01,763.88372
2025-06-13 14:30:00+00:00,104157.01,105011.76,104118.0,104970.74,373.8216
2025-06-13 15:00:00+00:00,104970.74,105747.47,104860.0,105633.99,795.68867
2025-06-13 15:30:00+00:00,105633.99,105705.89,105272.66,105436.87,345.06432
2025-06-13 16:00:00+00:00,105436.87,105981.0,105308.83,105815.35,668.83064
2025-06-13 16:30:00+00:00,105815.35,105850.0,105372.31,105783.66,418.55829
2025-06-13 17:00:00+00:00,105783.65,105783.65,105061.47,105063.2,470.85493
2025-06-13 17:30:00+00:00,105063.2,105425.52,104867.65,105390.94,304.24729
2025-06-13 18:00:00+00:00,105390.94,105480.0,104860.46,104988.93,271.88307
2025-06-13 18:30:00+00:00,104988.94,105279.35,104668.73,105193.04,359.14971
2025-06-13 19:00:00+00:00,105193.04,105436.9,104900.0,105042.97,252.2138
2025-06-13 19:30:00+00:00,105042.97,105260.0,104938.55,105110.0,204.80096
2025-06-13 20:00:00+00:00,105110.01,105377.0,105020.87,105306.4,248.30963
2025-06-13 20:30:00+00:00,105306.4,105508.34,105198.0,105424.0,136.70155
2025-06-13 21:00:00+00:00,105424.0,105640.85,105326.41,105571.05,134.93381
2025-06-13 21:30:00+00:00,105571.05,105788.79,105440.0,105612.59,135.70291
2025-06-13 22:00:00+00:00,105612.58,105833.51,105612.58,105623.31,104.13144
2025-06-13 22:30:00+00:00,105623.3,105840.0,105542.0,105751.28,117.60937
2025-06-13 23:00:00+00:00,105751.29,105909.36,105751.28,105874.27,109.94388
2025-06-13 23:30:00+00:00,105874.27,106179.53,105874.26,106066.59,304.73798
2025-06-14 00:00:00+00:00,106066.59,106072.0,105703.61,105799.99,336.93446
2025-06-14 00:30:00+00:00,105800.0,106252.0,105731.87,105826.32,934.57354
2025-06-14 01:00:00+00:00,105826.32,105826.33,105450.08,105524.05,591.71961
2025-06-14 01:30:00+00:00,105524.05,105584.15,105440.0,105470.35,606.40725
2025-06-14 02:00:00+00:00,105470.35,105611.67,105367.57,105384.77,171.42225
2025-06-14 02:30:00+00:00,105384.77,105423.57,105312.88,105374.17,117.23057
2025-06-14 03:00:00+00:00,105374.18,105385.78,105246.04,105352.94,126.85138
2025-06-14 03:30:00+00:00,105352.95,105440.0,105197.96,105228.82,132.34847
2025-06-14 04:00:00+00:00,105228.83,105384.99,105212.09,105339.97,131.51234
2025-06-14 04:30:00+00:00,105339.98,105397.06,105276.29,105371.07,84.74824
2025-06-14 05:00:00+00:00,105371.08,105397.06,105265.32,105313.35,122.00894
2025-06-14 05:30:00+00:00,105313.36,105363.06,105233.95,105288.3,83.14544
2025-06-14 06:00:00+00:00,105288.3,105321.82,105110.25,105161.43,142.29377
2025-06-14 06:30:00+00:00,105161.42,105216.97,105105.13,105105.13,78.93742
2025-06-14 07:00:00+00:00,105105.14,105105.14,104792.98,104985.5,210.81798
2025-06-14 07:30:00+00:00,104985.51,105144.57,104981.03,105076.59,149.21664
2025-06-14 08:00:00+00:00,105076.59,105102.94,104871.06,105006.84,132.43936
2025-06-14 08:30:00+00:00,105006.84,105132.36,104873.62,105095.03,82.9062
2025-06-14 09:00:00+00:00,105095.04,105110.15,105000.52,105010.66,144.45566
2025-06-14 09:30:00+00:00,105010.65,105010.66,104850.54,104862.26,108.91649
2025-06-14 10:00:00+00:00,104862.26,104994.71,104836.06,104994.71,71.42014
2025-06-14 10:30:00+00:00,104994.7,105117.07,104994.7,105011.92,74.1541
2025-06-14 11:00:00+00:00,105011.92,105072.89,104948.38,105009.54,58.76835
2025-06-14 11:30:00+00:00,105009.55,105096.0,104960.99,105082.01,113.7076
2025-06-14 12:00:00+00:00,105082.01,105100.0,104909.43,104910.0,92.8434
2025-06-14 12:30:00+00:00,104910.0,105053.66,104745.1,105053.63,174.59786
2025-06-14 13:00:00+00:00,105053.64,105131.25,104902.28,104934.21,128.35776
2025-06-14 13:30:00+00:00,104934.22,105090.36,104905.19,105017.41,134.66537
2025-06-14 14:00:00+00:00,105017.41,105060.42,105000.7,105005.86,58.87451
2025-06-14 14:30:00+00:00,105005.86,105005.86,104841.96,104913.01,98.94812
2025-06-14 15:00:00+00:00,104913.01,104983.05,104860.01,104902.11,85.56218
2025-06-14 15:30:00+00:00,104902.12,104902.12,104615.38,104841.3,271.29128
2025-06-14 16:00:00+00:00,104841.29,104900.0,104700.88,104711.71,121.91879
2025-06-14 16:30:00+00:00,104711.71,104711.72,104359.5,104457.85,550.89017
2025-06-14 17:00:00+00:00,104457.84,104721.53,104404.9,104668.21,171.93823
2025-06-14 17:30:00+00:00,104668.21,104705.19,104474.99,104608.17,170.57038
2025-06-14 18:00:00+00:00,104608.18,104995.72,104599.98,104610.84,133.31911
2025-06-14 18:30:00+00:00,104610.83,104906.1,104359.08,104892.81,217.94937
2025-06-14 19:00:00+00:00,104892.82,105045.78,104803.11,104914.41,176.66441
2025-06-14 19:30:00+00:00,104914.42,105015.63,104630.19,104645.67,144.04202
2025-06-14 20:00:00+00:00,104645.66,104728.74,104300.0,104648.51,217.44874
2025-06-14 20:30:00+00:00,104648.51,104991.0,104648.51,104894.29,155.51483
2025-06-14 21:00:00+00:00,104894.3,105218.03,104867.14,105168.75,200.19136
2025-06-14 21:30:00+00:00,105168.76,105458.71,105088.23,105315.54,214.07799
2025-06-14 22:00:00+00:00,105315.55,105480.0,105313.56,105463.54,132.73983
2025-06-14 22:30:00+00:00,105463.54,105463.55,105289.45,105428.74,89.68473
2025-06-14 23:00:00+00:00,105428.75,105480.0,105348.81,105377.99,144.30905
2025-06-14 23:30:00+00:00,105378.0,105477.08,105353.27,105414.64,105.604
2025-06-15 00:00:00+00:00,105414.63,105480.0,105361.78,105409.35,158.02187
2025-06-15 00:30:00+00:00,105409.36,105663.98,105264.75,105643.99,170.92207
2025-06-15 01:00:00+00:00,105643.99,105680.0,105427.66,105446.24,122.5956
2025-06-15 01:30:00+00:00,105446.25,105483.67,105410.5,105421.03,73.642
2025-06-15 02:00:00+00:00,105421.03,105624.0,105421.03,105596.81,64.89003
2025-06-15 02:30:00+00:00,105596.81,105617.65,105481.02,105481.02,67.4182
2025-06-15 03:00:00+00:00,105481.03,105546.96,105481.02,105534.42,40.10074
2025-06-15 03:30:00+00:00,105534.42,105566.22,105463.54,105473.55,61.82677
2025-06-15 04:00:00+00:00,105473.54,105515.19,105473.54,105505.97,31.81707
2025-06-15 04:30:00+00:00,105505.98,105563.04,105480.01,105559.68,69.16098
2025-06-15 05:00:00+00:00,105559.69,105661.77,105507.65,105661.77,65.34031
2025-06-15 05:30:00+00:00,105661.76,106100.0,105661.76,106073.94,224.69334
2025-06-15 06:00:00+00:00,106073.95,106128.57,105550.0,105550.0,428.1161
2025-06-15 06:30:00+00:00,105550.0,105550.01,105410.43,105440.69,262.37073
2025-06-15 07:00:00+00:00,105440.7,105442.92,105200.0,105275.99,168.88359
2025-06-15 07:30:00+00:00,105276.0,105453.46,105210.59,105428.0,131.14769
2025-06-15 08:00:00+00:00,105428.0,105482.4,105243.25,105243.26,108.80412
2025-06-15 08:30:00+00:00,105243.26,105286.88,105134.69,105197.19,150.77772
2025-06-15 09:00:00+00:00,105197.18,105197.19,104908.56,104928.18,210.83479
2025-06-15 09:30:00+00:00,104928.18,105040.0,104867.64,104915.15,159.81874
2025-06-15 10:00:00+00:00,104915.15,105155.55,104915.14,105032.79,114.49836
2025-06-15 10:30:00+00:00,105032.79,105188.96,104974.79,105119.99,116.04051
2025-06-15 11:00:00+00:00,105119.99,105162.51,104994.75,104999.99,87.62734
2025-06-15 11:30:00+00:00,104999.99,105064.07,104915.14,104970.51,108.75161
2025-06-15 12:00:00+00:00,104970.51,105176.48,104955.48,105041.03,118.3134
2025-06-15 12:30:00+00:00,105041.03,105296.0,105013.5,105289.81,138.96697
2025-06-15 13:00:00+00:00,105289.81,105595.6,105220.65,105483.32,216.99618
2025-06-15 13:30:00+00:00,105483.33,105660.31,105294.11,105515.97,133.86186
2025-06-15 14:00:00+00:00,105515.97,105560.0,105308.82,105372.52,123.79566
2025-06-15 14:30:00+00:00,105372.52,105838.24,105316.89,105657.64,212.20874
2025-06-15 15:00:00+00:00,105657.63,105732.3,105564.73,105732.29,171.991
2025-06-15 15:30:00+00:00,105732.29,105794.12,105539.0,105564.0,129.26717
2025-06-15 16:00:00+00:00,105563.99,105687.74,105333.33,105416.06,217.56996
2025-06-15 16:30:00+00:00,105416.06,105592.93,105332.0,105567.24,112.27922
2025-06-15 17:00:00+00:00,105567.24,105573.53,105476.4,105536.51,77.78878
2025-06-15 17:30:00+00:00,105536.5,105777.09,105502.53,105689.64,116.28735
2025-06-15 18:00:00+00:00,105689.65,105689.65,105472.0,105534.9,84.26539
2025-06-15 18:30:00+00:00,105534.9,105567.61,105472.58,105485.29,73.0447
2025-06-15 19:00:00+00:00,105485.29,105566.43,105471.0,105486.01,71.86812
2025-06-15 19:30:00+00:00,105486.0,105516.45,105082.97,105294.19,222.87411
2025-06-15 20:00:00+00:00,105294.19,105300.0,104942.75,104989.67,184.63939
2025-06-15 20:30:00+00:00,104989.67,105085.24,104600.13,104729.53,268.93184
2025-06-15 21:00:00+00:00,104729.53,104812.0,104494.53,104812.0,331.3954
2025-06-15 21:30:00+00:00,104811.99,104828.94,104526.74,104807.75,146.1068
2025-06-15 22:00:00+00:00,104807.75,105285.71,104734.42,105174.49,276.25179
2025-06-15 22:30:00+00:00,105174.49,105359.96,105039.82,105263.51,155.98029
2025-06-15 23:00:00+00:00,105263.52,105469.46,105226.79,105423.14,167.15777
2025-06-15 23:30:00+00:00,105423.13,105617.82,105423.13,105594.01,214.2583
2025-06-16 00:00:00+00:00,105594.02,105769.85,105370.28,105470.17,256.4356
2025-06-16 00:30:00+00:00,105470.16,105639.96,105352.94,105429.32,165.71858
2025-06-16 01:00:00+00:00,105429.32,105465.66,105007.37,105100.77,181.44338
2025-06-16 01:30:00+00:00,105100.78,105885.0,104980.37,105815.08,377.819
2025-06-16 02:00:00+00:00,105815.09,105970.59,105705.59,105780.26,289.73808
2025-06-16 02:30:00+00:00,105780.25,105897.22,105684.46,105785.51,145.36733
2025-06-16 03:00:00+00:00,105785.51,105966.0,105708.93,105933.13,156.17311
2025-06-16 03:30:00+00:00,105933.12,105944.0,105843.47,105921.84,107.34302
2025-06-16 04:00:00+00:00,105921.85,106396.3,105874.48,106226.1,441.69835
2025-06-16 04:30:00+00:00,106226.1,106386.0,106160.0,106386.0,214.81233
2025-06-16 05:00:00+00:00,106386.0,106689.92,106312.33,106689.91,294.07616
2025-06-16 05:30:00+00:00,106689.91,106785.71,106505.98,106559.98,301.38547
2025-06-16 06:00:00+00:00,106559.99,106777.38,106510.61,106712.05,232.84915
2025-06-16 06:30:00+00:00,106712.05,106764.82,106548.0,106586.01,212.43962
2025-06-16 07:00:00+00:00,106586.0,106870.0,106586.0,106862.03,235.24644
2025-06-16 07:30:00+00:00,106862.03,107262.31,106862.03,107061.8,845.70407
2025-06-16 08:00:00+00:00,107061.8,107135.72,106954.47,106975.75,284.69731
2025-06-16 08:30:00+00:00,106975.75,107242.92,106959.8,107180.0,201.90447
2025-06-16 09:00:00+00:00,107180.0,107255.01,106950.01,106950.02,382.56693
2025-06-16 09:30:00+00:00,106950.01,107037.76,106863.98,106945.86,406.8614
2025-06-16 10:00:00+00:00,106945.86,107200.0,106895.08,107075.84,260.68832
2025-06-16 10:30:00+00:00,107075.83,107075.84,106744.66,106834.32,176.0879
2025-06-16 11:00:00+00:00,106834.33,106869.52,106582.25,106685.98,218.55101
2025-06-16 11:30:00+00:00,106685.97,106976.75,106685.97,106883.99,217.56817
2025-06-16 12:00:00+00:00,106884.0,106900.0,106661.34,106668.1,161.29138
2025-06-16 12:30:00+00:00,106668.09,106819.1,106600.0,106690.47,191.29945
2025-06-16 13:00:00+00:00,106690.47,106740.0,106571.42,106635.36,140.56335
2025-06-16 13:30:00+00:00,106635.36,107172.11,106495.09,107160.06,416.17134
2025-06-16 14:00:00+00:00,107160.06,107396.0,106787.99,107356.0,485.35626
2025-06-16 14:30:00+00:00,107356.0,107784.26,107351.66,107533.5,598.23382
2025-06-16 15:00:00+00:00,107533.5,107687.08,107412.0,107486.28,297.18
2025-06-16 15:30:00+00:00,107486.29,107715.4,107307.81,107424.96,248.2624
2025-06-16 16:00:00+00:00,107424.96,107683.48,107309.15,107623.12,293.32204
2025-06-16 16:30:00+00:00,107623.11,107906.98,107514.9,107765.99,377.85466
2025-06-16 17:00:00+00:00,107765.99,107977.77,107642.66,107883.4,251.92132
2025-06-16 17:30:00+00:00,107883.39,108017.98,107627.9,107755.0,334.50853
2025-06-16 18:00:00+00:00,107755.01,108100.0,107686.56,108076.53,230.14814
2025-06-16 18:30:00+00:00,108076.53,108278.0,108000.0,108255.96,264.36418
2025-06-16 19:00:00+00:00,108255.97,108888.0,108255.96,108765.1,689.19159
2025-06-16 19:30:00+00:00,108765.1,108813.81,108415.5,108652.0,306.81487
2025-06-16 20:00:00+00:00,108652.01,108693.21,108428.0,108626.77,334.52576
2025-06-16 20:30:00+00:00,108626.77,108849.77,108558.13,108782.68,231.36271
2025-06-16 21:00:00+00:00,108782.68,108817.0,108540.99,108633.91,155.37571
2025-06-16 21:30:00+00:00,108633.92,108644.3,108321.45,108513.1,208.0034
2025-06-16 22:00:00+00:00,108513.1,108952.38,108513.1,108658.21,207.51451
2025-06-16 22:30:00+00:00,108658.21,108674.45,107418.24,107700.01,917.0337
2025-06-16 23:00:00+00:00,107700.01,107982.63,107446.25,107575.68,372.05564
2025-06-16 23:30:00+00:00,107575.67,107621.76,106700.0,106794.53,603.13544
2025-06-17 00:00:00+00:00,106794.53,106926.62,106115.35,106801.3,1112.98843
2025-06-17 00:30:00+00:00,106801.29,107262.31,106655.98,107238.63,365.93105
2025-06-17 01:00:00+00:00,107238.68,107310.74,106930.23,107030.54,188.55393
2025-06-17 01:30:00+00:00,107030.54,107399.0,106971.49,107173.51,249.03611
2025-06-17 02:00:00+00:00,107173.51,107220.0,106697.67,106701.79,173.51274
2025-06-17 02:30:00+00:00,106701.79,107600.0,106572.07,107482.39,378.44109
2025-06-17 03:00:00+00:00,107482.4,107771.34,107364.89,107405.38,323.77707
2025-06-17 03:30:00+00:00,107405.38,107735.21,107405.38,107590.41,233.71204
2025-06-17 04:00:00+00:00,107590.41,107711.06,107476.52,107489.88,154.11877
2025-06-17 04:30:00+00:00,107489.88,107512.78,107303.01,107333.64,170.15228
2025-06-17 05:00:00+00:00,107333.64,107403.99,107040.0,107229.14,280.38295
2025-06-17 05:30:00+00:00,107229.15,107300.0,107044.12,107122.02,187.0078
2025-06-17 06:00:00+00:00,107122.01,107234.94,106940.91,107007.62,160.27324
2025-06-17 06:30:00+00:00,107007.62,107012.71,106724.0,106832.91,226.94116
2025-06-17 07:00:00+00:00,106832.92,106879.48,106491.17,106491.17,220.84673
2025-06-17 07:30:00+00:00,106491.17,106789.06,106481.6,106758.52,297.23131
2025-06-17 08:00:00+00:00,106758.52,106822.78,106589.64,106812.01,178.54557
2025-06-17 08:30:00+00:00,106812.01,106820.0,106484.89,106568.06,184.32582
2025-06-17 09:00:00+00:00,106568.06,106655.82,106338.47,106404.47,251.88192
2025-06-17 09:30:00+00:00,106404.47,106441.07,106069.55,106160.57,456.08028
2025-06-17 10:00:00+00:00,106160.58,106248.43,106028.0,106099.18,296.03563
2025-06-17 10:30:00+00:00,106099.17,106100.0,105721.29,105956.01,502.3286
2025-06-17 11:00:00+00:00,105956.01,105956.01,105533.72,105554.17,323.78699
2025-06-17 11:30:00+00:00,105554.16,105666.0,105508.23,105641.47,215.56054
2025-06-17 12:00:00+00:00,105641.48,105862.03,105573.18,105686.0,253.25337
2025-06-17 12:30:00+00:00,105686.0,105840.38,105420.0,105507.0,294.8795
2025-06-17 13:00:00+00:00,105506.99,105647.83,105409.34,105638.34,216.73568
2025-06-17 13:30:00+00:00,105638.35,105754.05,105200.0,105349.27,499.00931
2025-06-17 14:00:00+00:00,105349.28,105694.42,105000.0,105324.02,558.24655
2025-06-17 14:30:00+00:00,105324.02,105403.5,104777.48,104847.33,710.31039
2025-06-17 15:00:00+00:00,104847.33,104968.69,104264.15,104298.26,1090.93037
2025-06-17 15:30:00+00:00,104298.27,104614.13,104130.95,104241.63,684.89875
2025-06-17 16:00:00+00:00,104241.62,104415.08,104102.0,104184.19,544.042
2025-06-17 16:30:00+00:00,104184.18,104484.97,103500.01,103630.67,1244.55254
2025-06-17 17:00:00+00:00,103630.67,103931.96,103371.02,103922.69,825.99388
2025-06-17 17:30:00+00:00,103922.69,104250.0,103738.68,103814.01,492.17755
2025-06-17 18:00:00+00:00,103814.0,104087.37,103626.05,103680.96,343.18662
2025-06-17 18:30:00+00:00,103680.96,104414.85,103680.95,104414.84,239.34749
2025-06-17 19:00:00+00:00,104414.84,105336.82,104414.83,105140.11,662.87422
2025-06-17 19:30:00+00:00,105140.11,105214.44,104661.55,104686.12,367.79239
2025-06-17 20:00:00+00:00,104686.12,104898.81,104262.88,104579.56,424.86
2025-06-17 20:30:00+00:00,104579.55,104656.88,104317.68,104362.39,206.53909
2025-06-17 21:00:00+00:00,104362.39,104507.66,104252.33,104506.25,188.1539
2025-06-17 21:30:00+00:00,104506.25,104822.31,104367.41,104552.58,236.81581
2025-06-17 22:00:00+00:00,104552.59,104731.61,104407.09,104600.01,143.33171
2025-06-17 22:30:00+00:00,104600.0,104666.44,104203.85,104228.31,196.10067
2025-06-17 23:00:00+00:00,104228.31,104571.49,104228.31,104570.54,139.58489
2025-06-17 23:30:00+00:00,104570.55,104730.77,104551.16,104551.17,171.26152
2025-06-18 00:00:00+00:00,104551.17,104718.72,104414.18,104417.53,204.94545
2025-06-18 00:30:00+00:00,104417.52,104857.14,104379.52,104842.78,191.67999
2025-06-18 01:00:00+00:00,104842.78,105176.61,104810.99,104811.0,202.25304
2025-06-18 01:30:00+00:00,104810.99,104884.0,104680.0,104776.92,145.67044
2025-06-18 02:00:00+00:00,104776.92,105059.95,104695.82,105058.9,175.22314
2025-06-18 02:30:00+00:00,105058.9,105099.99,104856.06,104856.06,124.52887
2025-06-18 03:00:00+00:00,104856.06,105122.12,104849.13,105043.4,168.14198
2025-06-18 03:30:00+00:00,105043.41,105240.0,105043.4,105184.84,133.94345
2025-06-18 04:00:00+00:00,105184.84,105292.74,105074.25,105201.11,124.0314
2025-06-18 04:30:00+00:00,105201.12,105504.67,105180.83,105447.39,162.5903
2025-06-18 05:00:00+00:00,105447.53,105550.27,105375.05,105488.23,290.30709
2025-06-18 05:30:00+00:00,105488.23,105550.0,105392.0,105423.5,158.02399
2025-06-18 06:00:00+00:00,105423.51,105527.88,105235.76,105320.01,213.0933
2025-06-18 06:30:00+00:00,105320.0,105320.0,104859.18,104966.2,365.79726
2025-06-18 07:00:00+00:00,104966.19,104983.8,104713.24,104930.26,322.27909
2025-06-18 07:30:00+00:00,104930.26,105000.9,104871.79,104973.24,122.80284
2025-06-18 08:00:00+00:00,104973.24,105310.62,104973.23,105086.77,221.26698
2025-06-18 08:30:00+00:00,105086.77,105094.52,104756.33,104949.9,172.69865
2025-06-18 09:00:00+00:00,104949.91,105142.0,104874.19,104883.3,160.34001
2025-06-18 09:30:00+00:00,104883.31,104883.31,104565.0,104697.03,163.11217
2025-06-18 10:00:00+00:00,104697.02,104797.06,104487.17,104500.81,259.24595
2025-06-18 10:30:00+00:00,104500.81,104612.75,104175.87,104266.19,272.43552
2025-06-18 11:00:00+00:00,104266.18,104500.0,104192.46,104424.0,313.5355
2025-06-18 11:30:00+00:00,104424.0,104858.8,104328.55,104840.59,337.82145
2025-06-18 12:00:00+00:00,104840.58,104908.49,104618.0,104725.21,368.84931
2025-06-18 12:30:00+00:00,104725.21,104725.21,104474.81,104514.0,246.55993
2025-06-18 13:00:00+00:00,104513.99,104550.92,103908.0,103919.96,540.87264
2025-06-18 13:30:00+00:00,103919.97,104493.16,103814.04,104439.81,580.53407
2025-06-18 14:00:00+00:00,104439.82,105325.83,104228.3,105166.34,956.80051
2025-06-18 14:30:00+00:00,105166.34,105312.93,104474.1,104619.88,461.62021
2025-06-18 15:00:00+00:00,104619.87,104811.3,104150.13,104747.32,591.68469
2025-06-18 15:30:00+00:00,104747.31,104973.79,104619.98,104801.01,277.55651
2025-06-18 16:00:00+00:00,104801.01,104836.64,104334.78,104397.93,339.54358
2025-06-18 16:30:00+00:00,104397.93,104625.8,104343.4,104426.93,169.75187
2025-06-18 17:00:00+00:00,104426.93,104426.93,104007.13,104088.89,293.37717
2025-06-18 17:30:00+00:00,104088.88,104508.0,103615.33,104331.83,624.84535
2025-06-18 18:00:00+00:00,104332.0,104706.08,103955.24,104232.0,569.01735
2025-06-18 18:30:00+00:00,104232.01,104666.5,103586.0,103623.39,454.76675
2025-06-18 19:00:00+00:00,103623.39,104437.7,103500.0,103819.11,569.8536
2025-06-18 19:30:00+00:00,103819.11,104278.79,103777.8,103808.41,269.32163
2025-06-18 20:00:00+00:00,103808.41,104220.0,103652.0,104219.99,201.1386
2025-06-18 20:30:00+00:00,104220.0,104988.88,104220.0,104822.33,427.68565
2025-06-18 21:00:00+00:00,104822.34,104848.49,104378.62,104717.65,282.10344
2025-06-18 21:30:00+00:00,104717.66,105139.87,104690.5,105085.5,292.45401
2025-06-18 22:00:00+00:00,105085.49,105138.0,104847.97,104981.38,156.19135
2025-06-18 22:30:00+00:00,104981.38,104999.62,104794.41,104815.23,101.19303
2025-06-18 23:00:00+00:00,104815.23,104956.74,104813.63,104817.81,74.29973
2025-06-18 23:30:00+00:00,104817.8,104886.79,104630.09,104886.78,112.85283
2025-06-19 00:00:00+00:00,104886.79,105097.5,104680.41,105063.91,283.23306
2025-06-19 00:30:00+00:00,105063.91,105226.17,104924.0,104944.06,251.14691
2025-06-19 01:00:00+00:00,104944.06,104964.02,104466.16,104780.0,271.23022
2025-06-19 01:30:00+00:00,104780.0,104780.0,104512.58,104599.25,115.34666
2025-06-19 02:00:00+00:00,104599.25,104790.0,104457.12,104704.9,158.65468
2025-06-19 02:30:00+00:00,104704.9,105000.64,104686.8,104722.51,166.42755
2025-06-19 03:00:00+00:00,104722.5,105040.0,104722.5,104995.35,99.08206
2025-06-19 03:30:00+00:00,104995.35,105114.45,104897.7,105100.02,133.98393
2025-06-19 04:00:00+00:00,105100.01,105111.37,104838.96,104851.68,174.79977
2025-06-19 04:30:00+00:00,104851.69,105073.53,104803.98,105073.52,125.30159
2025-06-19 05:00:00+00:00,105073.52,105220.0,104971.56,105049.0,170.69387
2025-06-19 05:30:00+00:00,105049.01,105070.59,104819.62,104892.86,104.2556
2025-06-19 06:00:00+00:00,104892.86,104989.34,104630.89,104644.74,142.87091
2025-06-19 06:30:00+00:00,104644.74,104750.99,104644.74,104707.94,137.5745
2025-06-19 07:00:00+00:00,104707.95,104848.49,104690.01,104732.0,147.03969
2025-06-19 07:30:00+00:00,104732.0,104750.01,104617.69,104642.85,129.72166
2025-06-19 08:00:00+00:00,104642.85,104925.26,104631.26,104876.52,140.27432
2025-06-19 08:30:00+00:00,104876.51,104986.13,104739.44,104746.12,151.11714
2025-06-19 09:00:00+00:00,104746.11,105000.0,104729.83,104976.03,117.48958
2025-06-19 09:30:00+00:00,104976.03,105030.0,104912.63,104994.0,167.17308
2025-06-19 10:00:00+00:00,104994.0,105045.0,104930.65,105044.99,97.68933
2025-06-19 10:30:00+00:00,105045.0,105073.53,104843.7,104913.19,101.93285
2025-06-19 11:00:00+00:00,104913.19,104913.2,104781.14,104831.51,83.84709
2025-06-19 11:30:00+00:00,104831.51,104831.52,104720.1,104776.23,90.06184
2025-06-19 12:00:00+00:00,104776.23,104917.05,104694.43,104855.04,124.9841
2025-06-19 12:30:00+00:00,104855.05,104887.4,104663.77,104752.6,124.91779
2025-06-19 13:00:00+00:00,104752.61,104785.15,104579.59,104785.15,139.60018
2025-06-19 13:30:00+00:00,104785.15,104785.15,104244.11,104283.33,274.07103
2025-06-19 14:00:00+00:00,104283.33,104690.47,104280.62,104610.4,178.02916
2025-06-19 14:30:00+00:00,104610.41,104622.0,104109.06,104148.6,257.75639
2025-06-19 15:00:00+00:00,104148.61,104443.94,104148.6,104297.22,252.15491
2025-06-19 15:30:00+00:00,104297.22,104329.47,104078.0,104096.93,243.98534
2025-06-19 16:00:00+00:00,104096.94,104425.15,104096.93,104363.1,148.61695
2025-06-19 16:30:00+00:00,104363.09,104363.1,103933.33,104001.13,228.60242
2025-06-19 17:00:00+00:00,104001.13,104120.81,103929.27,104105.88,191.87933
2025-06-19 17:30:00+00:00,104105.88,104814.73,104060.0,104521.31,492.16406
2025-06-19 18:00:00+00:00,104521.32,104694.01,104466.96,104479.9,188.48387
2025-06-19 18:30:00+00:00,104479.9,104563.64,104294.09,104392.53,107.70338
2025-06-19 19:00:00+00:00,104392.54,104464.29,104245.47,104298.92,122.82309
2025-06-19 19:30:00+00:00,104298.92,104300.59,104126.98,104250.44,143.94991
2025-06-19 20:00:00+00:00,104250.45,104496.0,104250.44,104345.44,91.23688
2025-06-19 20:30:00+00:00,104345.45,104400.0,104150.0,104266.82,69.89742
2025-06-19 21:00:00+00:00,104266.83,104413.66,104266.82,104326.48,69.71383
2025-06-19 21:30:00+00:00,104326.49,104396.0,104228.53,104332.45,106.82576
2025-06-19 22:00:00+00:00,104332.45,104599.0,104332.45,104508.15,214.15963
2025-06-19 22:30:00+00:00,104508.16,104774.32,104486.63,104596.29,109.70814
2025-06-19 23:00:00+00:00,104596.29,104898.31,104463.56,104650.18,172.40602
2025-06-19 23:30:00+00:00,104650.18,104760.35,104629.63,104658.59,63.98989
2025-06-20 00:00:00+00:00,104658.59,104800.0,104563.25,104576.9,169.00021
2025-06-20 00:30:00+00:00,104576.89,104820.0,104573.9,104692.74,69.63769
2025-06-20 01:00:00+00:00,104692.74,104719.93,104391.38,104406.42,89.03781
2025-06-20 01:30:00+00:00,104406.43,104797.06,104406.42,104778.5,90.26359
2025-06-20 02:00:00+00:00,104778.5,104800.0,104681.08,104684.08,186.11753
2025-06-20 02:30:00+00:00,104684.08,104684.08,104496.5,104628.0,192.33803
2025-06-20 03:00:00+00:00,104628.0,104700.0,104511.0,104690.91,121.95961
2025-06-20 03:30:00+00:00,104690.91,104690.91,104591.02,104596.63,108.10288
2025-06-20 04:00:00+00:00,104596.64,104600.0,104453.67,104484.0,101.84996
2025-06-20 04:30:00+00:00,104484.0,104500.41,104238.02,104258.59,131.37022
2025-06-20 05:00:00+00:00,104258.59,104380.0,104258.59,104336.27,139.29117
2025-06-20 05:30:00+00:00,104336.28,104585.99,104305.69,104584.68,186.78621
2025-06-20 06:00:00+00:00,104584.68,104769.25,104584.68,104689.26,121.09546
2025-06-20 06:30:00+00:00,104689.26,104763.8,104682.05,104719.86,113.86498
2025-06-20 07:00:00+00:00,104719.86,105220.0,104648.46,105178.85,419.52097
2025-06-20 07:30:00+00:00,105178.85,105825.66,105167.59,105811.74,664.2912
2025-06-20 08:00:00+00:00,105811.74,106480.0,105780.76,106399.53,935.63172
2025-06-20 08:30:00+00:00,106399.53,106524.65,105920.06,105959.68,633.17386
2025-06-20 09:00:00+00:00,105959.68,106078.85,105757.48,105827.9,308.28926
2025-06-20 09:30:00+00:00,105827.89,105995.08,105822.3,105940.58,167.4588
2025-06-20 10:00:00+00:00,105940.57,106127.26,105829.18,106019.12,261.70579
2025-06-20 10:30:00+00:00,106019.13,106172.06,105933.12,105958.87,247.7423
2025-06-20 11:00:00+00:00,105958.87,106056.26,105810.78,105925.06,131.13563
2025-06-20 11:30:00+00:00,105925.06,106075.14,105801.09,105977.82,177.64928
2025-06-20 12:00:00+00:00,105977.82,106050.0,105876.01,105941.79,90.66147
2025-06-20 12:30:00+00:00,105941.79,106107.69,105924.4,105982.89,158.66449
2025-06-20 13:00:00+00:00,105982.9,106149.17,105940.4,106038.55,258.57445
2025-06-20 13:30:00+00:00,106038.55,106116.96,105361.62,105674.0,496.88081
2025-06-20 14:00:00+00:00,105673.99,105795.39,105084.0,105300.38,357.57828
2025-06-20 14:30:00+00:00,105300.38,105459.85,103888.0,103940.01,1180.88501
2025-06-20 15:00:00+00:00,103940.01,104385.97,103888.0,104262.08,752.29483
2025-06-20 15:30:00+00:00,104262.08,104623.34,104012.75,104217.99,373.32997
2025-06-20 16:00:00+00:00,104218.0,104269.64,103900.0,104093.47,411.9786
2025-06-20 16:30:00+00:00,104093.46,104196.98,103620.01,103670.61,838.53964
2025-06-20 17:00:00+00:00,103670.61,103761.84,102668.0,102949.49,1455.06244
2025-06-20 17:30:00+00:00,102949.49,103320.32,102345.0,103279.26,1291.45189
2025-06-20 18:00:00+00:00,103279.26,103428.5,103037.25,103136.33,546.9842
2025-06-20 18:30:00+00:00,103136.32,103340.06,103100.0,103165.45,246.00051
2025-06-20 19:00:00+00:00,103165.44,103234.35,103010.41,103118.05,194.09849
2025-06-20 19:30:00+00:00,103118.05,103495.72,103118.05,103307.22,243.38258
2025-06-20 20:00:00+00:00,103307.21,103828.0,103300.11,103585.57,441.74681
2025-06-20 20:30:00+00:00,103585.58,103736.0,103585.57,103693.5,270.77034
2025-06-20 21:00:00+00:00,103693.51,103719.99,103353.06,103491.97,187.95923
2025-06-20 21:30:00+00:00,103491.98,103680.0,103473.0,103532.0,123.80682
2025-06-20 22:00:00+00:00,103531.99,103532.0,103096.8,103200.41,233.73807
2025-06-20 22:30:00+00:00,103200.41,103308.0,102980.0,103107.11,201.40833
2025-06-20 23:00:00+00:00,103107.12,103226.27,102963.67,103226.27,167.927
2025-06-20 23:30:00+00:00,103226.28,103339.99,103224.8,103297.99,128.02441
2025-06-21 00:00:00+00:00,103297.98,103339.99,103127.48,103335.14,124.89039
2025-06-21 00:30:00+00:00,103335.15,103339.98,103200.71,103248.07,77.25567
2025-06-21 01:00:00+00:00,103248.06,103350.46,103137.86,103324.0,109.31416
2025-06-21 01:30:00+00:00,103324.0,103515.37,103312.85,103515.36,154.53185
2025-06-21 02:00:00+00:00,103515.36,103538.6,103377.44,103382.17,70.57309
2025-06-21 02:30:00+00:00,103382.17,103508.0,103382.16,103499.98,68.57109
2025-06-21 03:00:00+00:00,103499.99,103663.94,103499.98,103663.94,70.81438
2025-06-21 03:30:00+00:00,103664.0,103691.67,103495.87,103495.87,74.78348
2025-06-21 04:00:00+00:00,103495.86,103531.97,103384.31,103407.27,76.13583
2025-06-21 04:30:00+00:00,103407.26,103407.27,103333.0,103384.98,53.61285
2025-06-21 05:00:00+00:00,103384.99,103468.69,103343.0,103460.56,56.20213
2025-06-21 05:30:00+00:00,103460.56,103487.0,103381.2,103421.21,59.62053
2025-06-21 06:00:00+00:00,103421.21,103530.9,103330.0,103496.88,95.96471
2025-06-21 06:30:00+00:00,103496.88,103599.04,103485.09,103572.69,69.00299
2025-06-21 07:00:00+00:00,103572.69,103572.69,103360.02,103497.48,144.52574
2025-06-21 07:30:00+00:00,103497.47,103510.92,103427.46,103458.5,131.5464
2025-06-21 08:00:00+00:00,103458.5,103528.03,103458.49,103526.95,97.60589
2025-06-21 08:30:00+00:00,103526.96,103830.48,103516.6,103826.03,237.93135
2025-06-21 09:00:00+00:00,103826.03,103826.04,103682.58,103750.24,171.52342
2025-06-21 09:30:00+00:00,103750.24,103933.33,103653.14,103843.37,215.50649
2025-06-21 10:00:00+00:00,103843.37,103976.8,103836.99,103971.97,140.49794
2025-06-21 10:30:00+00:00,103971.98,103982.64,103767.77,103831.22,157.92647
2025-06-21 11:00:00+00:00,103831.22,103890.72,103724.13,103840.01,89.90599
2025-06-21 11:30:00+00:00,103840.01,103929.99,103840.01,103874.64,77.6645
2025-06-21 12:00:00+00:00,103874.63,103946.47,103838.0,103890.61,69.11182
2025-06-21 12:30:00+00:00,103890.61,103938.0,103786.61,103807.7,82.75787
2025-06-21 13:00:00+00:00,103807.7,103866.98,103807.7,103866.97,74.12126
2025-06-21 13:30:00+00:00,103866.97,103866.97,103534.62,103572.29,198.29241
2025-06-21 14:00:00+00:00,103572.29,103645.9,103382.97,103399.16,234.79693
2025-06-21 14:30:00+00:00,103399.15,103776.0,103393.54,103549.99,263.05241
2025-06-21 15:00:00+00:00,103550.0,103680.0,103382.55,103396.21,305.83727
2025-06-21 15:30:00+00:00,103396.21,103616.76,103281.82,103560.9,221.30439
2025-06-21 16:00:00+00:00,103560.9,103640.0,103475.33,103634.4,100.24244
2025-06-21 16:30:00+00:00,103634.4,103639.15,103449.1,103486.01,107.9822
2025-06-21 17:00:00+00:00,103486.01,103589.2,103375.5,103375.5,144.0113
2025-06-21 17:30:00+00:00,103375.5,103375.51,103174.12,103182.98,198.67186
2025-06-21 18:00:00+00:00,103182.98,103423.21,103182.97,103252.07,173.79811
2025-06-21 18:30:00+00:00,103252.06,103376.78,102633.45,102645.22,442.65013
2025-06-21 19:00:00+00:00,102645.22,102757.22,102480.09,102480.1,684.28203
2025-06-21 19:30:00+00:00,102480.1,102543.33,102210.43,102245.1,513.7662
2025-06-21 20:00:00+00:00,102245.11,102497.6,102206.0,102433.0,230.01233
2025-06-21 20:30:00+00:00,102433.0,102888.88,102425.21,102782.08,224.57671
2025-06-21 21:00:00+00:00,102782.09,102836.0,101550.0,101848.0,785.59219
2025-06-21 21:30:00+00:00,101848.0,101903.93,101110.0,101455.61,1136.3647
2025-06-21 22:00:00+00:00,101455.61,102000.0,101446.74,101903.81,346.93355
2025-06-21 22:30:00+00:00,101903.8,101944.54,101610.0,101772.96,305.45515
2025-06-21 23:00:00+00:00,101772.97,101875.97,101370.05,101416.65,392.22982
2025-06-21 23:30:00+00:00,101416.66,102322.41,100837.9,102120.01,1292.4629
2025-06-22 00:00:00+00:00,102120.02,102790.58,101839.96,102493.8,1063.0441
2025-06-22 00:30:00+00:00,102493.8,103399.62,102460.79,102852.0,808.86043
2025-06-22 01:00:00+00:00,102852.0,103005.37,102477.67,102564.86,481.5707
2025-06-22 01:30:00+00:00,102564.86,102728.0,102237.37,102387.0,406.33495
2025-06-22 02:00:00+00:00,102387.01,102884.0,101885.98,102196.3,630.55238
2025-06-22 02:30:00+00:00,102196.31,102527.12,101913.66,102347.64,484.82855
2025-06-22 03:00:00+00:00,102347.63,102600.0,102144.47,102158.05,262.9919
2025-06-22 03:30:00+00:00,102158.05,102376.77,102127.34,102375.4,201.72581
2025-06-22 04:00:00+00:00,102375.4,102786.38,102256.01,102522.23,223.52408
2025-06-22 04:30:00+00:00,102522.22,102691.5,102413.48,102548.15,159.96012
2025-06-22 05:00:00+00:00,102548.14,102919.46,102548.14,102832.59,252.47083
2025-06-22 05:30:00+00:00,102832.6,102900.0,102609.05,102853.89,161.67542
2025-06-22 06:00:00+00:00,102853.89,102946.47,102742.84,102820.0,163.43987
2025-06-22 06:30:00+00:00,102820.0,102894.14,102692.87,102744.36,154.79635
2025-06-22 07:00:00+00:00,102744.36,102750.0,102563.21,102627.8,159.90629
2025-06-22 07:30:00+00:00,102627.8,102627.8,102269.18,102424.61,205.95813
2025-06-22 08:00:00+00:00,102424.61,102580.0,102318.04,102580.0,203.54774
2025-06-22 08:30:00+00:00,102580.0,102712.34,102484.0,102712.34,150.15513
2025-06-22 09:00:00+00:00,102712.34,102804.05,102307.69,102366.98,314.14383
2025-06-22 09:30:00+00:00,102366.99,102471.72,102080.0,102199.99,250.31587
2025-06-22 10:00:00+00:00,102199.99,102470.38,102150.0,102425.43,220.84654
2025-06-22 10:30:00+00:00,102425.43,102532.44,102425.43,102495.69,173.71035
2025-06-22 11:00:00+00:00,102495.68,102740.45,102428.69,102640.0,213.63988
2025-06-22 11:30:00+00:00,102640.0,102760.5,102626.0,102739.48,274.94751
2025-06-22 12:00:00+00:00,102739.47,102831.0,102584.36,102646.59,293.08438
2025-06-22 12:30:00+00:00,102646.58,102768.94,102588.28,102759.98,208.94008
2025-06-22 13:00:00+00:00,102759.97,102810.28,101011.0,101060.03,1081.54485
2025-06-22 13:30:00+00:00,101060.02,101086.46,100268.75,100865.66,2636.62909
2025-06-22 14:00:00+00:00,100865.66,101239.06,99400.0,99537.71,2988.3349
2025-06-22 14:30:00+00:00,99537.71,100204.52,99066.36,99628.28,2974.45018
2025-06-22 15:00:00+00:00,99628.29,99826.34,99229.26,99245.82,1260.10867
2025-06-22 15:30:00+00:00,99245.81,99530.13,98889.35,98906.21,979.4933
2025-06-22 16:00:00+00:00,98906.21,99330.12,98673.66,98805.38,1151.08562
2025-06-22 16:30:00+00:00,98805.38,99689.66,98744.54,99667.17,790.20674
2025-06-22 17:00:00+00:00,99667.17,100380.0,99440.0,99519.99,945.32108
2025-06-22 17:30:00+00:00,99519.99,99842.91,99407.98,99480.0,368.71519
2025-06-22 18:00:00+00:00,99480.01,99732.3,99384.86,99535.21,272.79576
2025-06-22 18:30:00+00:00,99535.21,99777.61,99350.34,99437.42,224.61485
2025-06-22 19:00:00+00:00,99437.42,99453.75,99066.66,99093.14,296.00743
2025-06-22 19:30:00+00:00,99093.13,99293.3,98800.0,98882.84,370.65535
2025-06-22 20:00:00+00:00,98882.85,98931.21,98200.0,98517.85,961.25806
2025-06-22 20:30:00+00:00,98517.85,99760.0,98423.41,99536.0,592.22007
2025-06-22 21:00:00+00:00,99536.0,99667.01,99135.89,99135.89,354.61694
2025-06-22 21:30:00+00:00,99135.89,99390.18,99004.72,99173.83,227.06275
2025-06-22 22:00:00+00:00,99173.83,100707.8,99140.0,100318.21,948.63087
2025-06-22 22:30:00+00:00,100318.21,100980.06,100300.0,100980.05,498.86017
2025-06-22 23:00:00+00:00,100980.05,101034.65,100645.88,101013.58,423.11754
2025-06-22 23:30:00+00:00,101013.58,101013.58,100708.57,100963.87,275.71009
2025-06-23 00:00:00+00:00,100963.87,100963.87,100580.03,100751.93,532.99125
2025-06-23 00:30:00+00:00,100751.92,101620.0,100494.25,100904.6,923.5034
2025-06-23 01:00:00+00:00,100904.6,100917.22,100582.32,100610.95,316.52708
2025-06-23 01:30:00+00:00,100610.94,101109.87,100564.19,101101.64,193.6128
2025-06-23 02:00:00+00:00,101101.65,101294.07,100930.2,101225.98,240.93823
2025-06-23 02:30:00+00:00,101225.98,101399.37,101128.27,101301.2,317.52868
2025-06-23 03:00:00+00:00,101301.2,101370.68,101076.42,101143.17,233.72974
2025-06-23 03:30:00+00:00,101143.17,101235.0,101073.32,101154.14,171.39236
2025-06-23 04:00:00+00:00,101154.13,101314.46,100980.0,101266.36,249.56324
2025-06-23 04:30:00+00:00,101266.37,101283.99,101136.17,101167.99,226.44327
2025-06-23 05:00:00+00:00,101168.0,101538.08,101167.99,101514.8,246.52052
2025-06-23 05:30:00+00:00,101514.79,101890.0,101458.63,101771.02,407.78102
2025-06-23 06:00:00+00:00,101771.01,102064.69,101771.01,101844.87,411.54166
2025-06-23 06:30:00+00:00,101844.87,101994.62,101645.47,101940.27,446.62045
2025-06-23 07:00:00+00:00,101940.28,102137.0,101809.3,101852.41,339.86373
2025-06-23 07:30:00+00:00,101852.41,101974.15,101748.31,101931.04,180.73554
2025-06-23 08:00:00+00:00,101931.04,102080.0,101835.53,101948.97,440.62817
2025-06-23 08:30:00+00:00,101948.96,101948.96,101746.61,101881.37,170.52532
2025-06-23 09:00:00+00:00,101881.38,101881.38,101403.52,101513.81,476.84705
2025-06-23 09:30:00+00:00,101513.81,101585.68,101389.09,101567.66,267.9846
2025-06-23 10:00:00+00:00,101567.66,101577.01,101359.55,101367.74,237.30135
2025-06-23 10:30:00+00:00,101367.73,101516.77,101198.68,101463.21,220.3596
2025-06-23 11:00:00+00:00,101463.22,101562.19,101133.0,101222.1,417.97332
2025-06-23 11:30:00+00:00,101222.1,101419.8,101102.76,101289.01,295.9011
2025-06-23 12:00:00+00:00,101289.0,101304.0,101112.06,101175.13,252.34918
2025-06-23 12:30:00+00:00,101175.13,101684.7,101137.67,101684.7,281.75901
2025-06-23 13:00:00+00:00,101684.7,101684.7,101090.38,101136.94,351.46002
2025-06-23 13:30:00+00:00,101136.94,102480.06,100792.16,102354.14,1334.75306
2025-06-23 14:00:00+00:00,102354.15,102613.09,101823.52,101823.53,842.45295
2025-06-23 14:30:00+00:00,101823.52,101976.4,101496.0,101624.39,672.9793
2025-06-23 15:00:00+00:00,101624.39,102060.25,101500.0,101540.02,355.95256
2025-06-23 15:30:00+00:00,101540.01,101788.0,101301.2,101420.7,359.95892
2025-06-23 16:00:00+00:00,101420.71,101453.35,100200.0,100272.18,940.81157
2025-06-23 16:30:00+00:00,100272.17,100921.69,99613.33,100692.1,1560.11644
2025-06-23 17:00:00+00:00,100692.1,102304.6,100500.22,102080.74,1243.46238
2025-06-23 17:30:00+00:00,102080.74,102690.0,102012.0,102484.02,1260.67386
2025-06-23 18:00:00+00:00,102484.02,103185.9,102387.72,102637.73,1097.54517
2025-06-23 18:30:00+00:00,102637.72,103300.0,102615.76,102933.78,628.62563
2025-06-23 19:00:00+00:00,102933.77,103170.67,102788.0,102858.58,325.95475
2025-06-23 19:30:00+00:00,102858.59,103230.76,102676.94,103161.29,439.1827
2025-06-23 20:00:00+00:00,103161.3,103824.01,102880.0,103739.61,878.7489
2025-06-23 20:30:00+00:00,103739.62,103915.5,103609.03,103739.99,515.02356
2025-06-23 21:00:00+00:00,103740.0,104214.28,103689.13,103710.37,545.93343
2025-06-23 21:30:00+00:00,103710.37,103852.83,103624.19,103705.52,508.94543
2025-06-23 22:00:00+00:00,103705.52,106019.97,103697.06,105987.88,2465.56486
2025-06-23 22:30:00+00:00,105988.0,106074.2,104870.7,105538.19,1582.07065
2025-06-23 23:00:00+00:00,105538.17,105665.05,105115.65,105449.12,732.80247
2025-06-23 23:30:00+00:00,105449.11,105643.7,105283.8,105333.93,522.56581
2025-06-24 00:00:00+00:00,105333.94,105500.0,105141.05,105151.5,341.82371
2025-06-24 00:30:00+00:00,105151.5,105234.68,104909.69,105132.59,533.60781
2025-06-24 01:00:00+00:00,105132.59,105221.07,104966.99,105164.34,318.46522
2025-06-24 01:30:00+00:00,105164.33,105499.99,105004.54,105450.76,282.82587
2025-06-24 02:00:00+00:00,105450.75,105450.75,104729.69,105013.68,367.09509
2025-06-24 02:30:00+00:00,105013.69,105050.0,104743.14,104753.8,490.60665
2025-06-24 03:00:00+00:00,104753.8,105127.94,104720.82,104989.21,380.71209
2025-06-24 03:30:00+00:00,104989.21,105082.13,104863.25,104919.6,167.00612
2025-06-24 04:00:00+00:00,104919.6,104959.24,104704.91,104893.21,195.42152
2025-06-24 04:30:00+00:00,104893.2,104932.0,104750.93,104826.14,133.49382
2025-06-24 05:00:00+00:00,104826.13,105213.24,104826.13,105131.65,330.93459
2025-06-24 05:30:00+00:00,105131.65,105426.48,105121.68,105396.54,470.02383
2025-06-24 06:00:00+00:00,105396.54,105528.67,105244.84,105493.01,556.42945
2025-06-24 06:30:00+00:00,105493.02,105811.0,105485.0,105655.23,446.82777
2025-06-24 07:00:00+00:00,105655.23,105777.0,105420.97,105608.48,394.25754
2025-06-24 07:30:00+00:00,105608.48,105623.89,104900.0,104933.74,631.59135
2025-06-24 08:00:00+00:00,104933.74,105066.81,104622.02,105066.81,584.97883
2025-06-24 08:30:00+00:00,105066.81,105167.24,104876.47,104996.77,284.71366
2025-06-24 09:00:00+00:00,104996.78,105571.4,104968.25,105396.31,320.91777
2025-06-24 09:30:00+00:00,105396.31,105472.54,105170.58,105198.98,220.84131
2025-06-24 10:00:00+00:00,105198.99,105315.97,105108.56,105147.14,212.53774
2025-06-24 10:30:00+00:00,105147.13,105351.0,105069.23,105281.99,128.1162
2025-06-24 11:00:00+00:00,105281.98,105383.83,105001.6,105358.88,259.94776
2025-06-24 11:30:00+00:00,105358.88,105428.03,105105.42,105170.0,204.81113
2025-06-24 12:00:00+00:00,105169.99,105295.79,104990.54,105068.5,199.85201
2025-06-24 12:30:00+00:00,105068.5,105306.54,104968.43,105205.47,230.64611
2025-06-24 13:00:00+00:00,105205.47,105390.27,104995.0,105105.44,350.28482
2025-06-24 13:30:00+00:00,105105.44,105291.0,104800.98,105065.44,548.8314
2025-06-24 14:00:00+00:00,105065.45,105543.0,104950.8,105383.83,510.608
2025-06-24 14:30:00+00:00,105383.83,105665.52,105270.0,105517.5,400.09971
2025-06-24 15:00:00+00:00,105517.5,105731.92,105515.52,105662.8,349.6742
2025-06-24 15:30:00+00:00,105662.81,105675.41,105153.01,105244.73,343.73447
2025-06-24 16:00:00+00:00,105244.72,105490.5,105172.64,105415.44,224.70586
2025-06-24 16:30:00+00:00,105415.45,106268.0,105394.11,106225.26,800.83528
2025-06-24 17:00:00+00:00,106225.25,106290.0,105609.8,105673.47,465.52055
2025-06-24 17:30:00+00:00,105673.48,106153.8,105635.85,106046.69,223.43463
2025-06-24 18:00:00+00:00,106046.69,106088.96,105637.0,105844.89,187.59505
2025-06-24 18:30:00+00:00,105844.9,105849.31,105523.8,105533.73,146.96098
2025-06-24 19:00:00+00:00,105533.73,105554.42,105309.27,105466.45,163.28138
2025-06-24 19:30:00+00:00,105466.45,105677.82,105270.48,105643.19,154.06714
2025-06-24 20:00:00+00:00,105643.2,105844.0,105435.45,105813.86,118.43582
2025-06-24 20:30:00+00:00,105813.87,106098.0,105744.85,106087.3,184.72908
2025-06-24 21:00:00+00:00,106087.3,106087.31,105729.95,105978.2,160.04052
2025-06-24 21:30:00+00:00,105978.21,106119.11,105811.85,105989.05,163.26032
2025-06-24 22:00:00+00:00,105989.04,105989.04,105734.38,105932.73,130.61566
2025-06-24 22:30:00+00:00,105932.74,106025.92,105819.27,106025.39,84.72787
2025-06-24 23:00:00+00:00,106025.39,106028.0,105774.9,105837.89,116.54317
2025-06-24 23:30:00+00:00,105837.9,106083.0,105804.06,106083.0,135.22249
2025-06-25 00:00:00+00:00,106083.0,106450.0,106021.88,106152.91,283.69749
2025-06-25 00:30:00+00:00,106152.9,106470.21,105808.03,106407.34,308.59592
2025-06-25 01:00:00+00:00,106407.34,106616.01,106041.17,106145.29,454.78945
2025-06-25 01:30:00+00:00,106145.29,106423.33,106016.0,106387.43,176.54469
2025-06-25 02:00:00+00:00,106387.42,106791.18,106300.0,106540.63,596.78063
2025-06-25 02:30:00+00:00,106540.63,106695.99,106421.75,106474.58,238.238
2025-06-25 03:00:00+00:00,106474.58,106599.9,106305.34,106471.01,175.1071
2025-06-25 03:30:00+00:00,106471.0,106502.4,106216.62,106232.01,151.34122
2025-06-25 04:00:00+00:00,106232.01,106308.89,106164.38,106269.19,167.52492
2025-06-25 04:30:00+00:00,106269.19,106269.2,106001.0,106197.56,245.21214
2025-06-25 05:00:00+00:00,106197.55,106274.48,106037.14,106144.29,132.7706
2025-06-25 05:30:00+00:00,106144.29,106396.61,106094.6,106213.72,224.08408
2025-06-25 06:00:00+00:00,106213.72,106430.64,106125.05,106380.8,128.1627
2025-06-25 06:30:00+00:00,106380.81,106461.04,106294.31,106399.99,136.97224
2025-06-25 07:00:00+00:00,106400.0,106632.9,106321.25,106617.84,146.76865
2025-06-25 07:30:00+00:00,106617.83,106702.0,106535.29,106600.01,136.12801
2025-06-25 08:00:00+00:00,106600.0,106663.24,106429.41,106462.0,168.63637
2025-06-25 08:30:00+00:00,106462.0,106635.76,106343.13,106635.76,142.88629
2025-06-25 09:00:00+00:00,106635.76,106919.12,106590.89,106854.01,311.29517
2025-06-25 09:30:00+00:00,106854.01,106971.91,106449.61,106628.06,311.48739
2025-06-25 10:00:00+00:00,106628.05,107184.68,106567.38,107108.63,441.77275
2025-06-25 10:30:00+00:00,107108.64,107132.36,106910.09,107126.49,372.35573
2025-06-25 11:00:00+00:00,107126.5,107131.59,106866.9,106970.51,211.25178
2025-06-25 11:30:00+00:00,106970.5,107237.44,106965.95,107198.02,313.13021
2025-06-25 12:00:00+00:00,107198.02,107205.15,106927.8,107008.31,342.08659
2025-06-25 12:30:00+00:00,107008.3,107300.0,106940.29,107240.0,296.67746
2025-06-25 13:00:00+00:00,107240.0,107910.93,107172.87,107870.16,874.70861
2025-06-25 13:30:00+00:00,107870.17,108130.24,107528.0,107923.21,1310.93492
2025-06-25 14:00:00+00:00,107923.22,108135.3,107226.94,107541.03,1386.45969
2025-06-25 14:30:00+00:00,107541.02,107883.17,107512.91,107629.59,1040.09658
2025-06-25 15:00:00+00:00,107629.58,107638.0,106995.59,107053.07,988.72379
2025-06-25 15:30:00+00:00,107053.07,107199.98,106752.36,107028.0,1257.3155
2025-06-25 16:00:00+00:00,107027.99,107490.75,107007.46,107343.08,266.89791
2025-06-25 16:30:00+00:00,107343.08,107383.57,106989.03,107139.81,380.48114
2025-06-25 17:00:00+00:00,107139.81,107529.35,107127.67,107355.81,205.50282
2025-06-25 17:30:00+00:00,107355.81,107428.57,106931.0,107402.53,210.70248
2025-06-25 18:00:00+00:00,107402.54,107510.82,107265.11,107439.89,157.93715
2025-06-25 18:30:00+00:00,107439.88,107523.9,107177.52,107406.63,188.51458
2025-06-25 19:00:00+00:00,107406.62,107905.37,107394.97,107874.76,419.5652
2025-06-25 19:30:00+00:00,107874.76,107874.76,107563.66,107761.68,280.09318
2025-06-25 20:00:00+00:00,107761.67,107761.67,107500.0,107677.2,170.80335
2025-06-25 20:30:00+00:00,107677.2,107859.33,107640.29,107781.2,110.11819
2025-06-25 21:00:00+00:00,107781.2,108000.0,107520.79,107547.93,231.13809
2025-06-25 21:30:00+00:00,107547.93,107625.95,107444.57,107569.67,127.78396
2025-06-25 22:00:00+00:00,107569.67,107569.68,107335.29,107367.73,118.57251
2025-06-25 22:30:00+00:00,107367.73,107372.63,107215.0,107275.01,103.4433
2025-06-25 23:00:00+00:00,107275.01,107374.08,107079.9,107195.99,127.96714
2025-06-25 23:30:00+00:00,107195.99,107375.01,107133.89,107340.58,129.09784
2025-06-26 00:00:00+00:00,107340.59,107623.52,107340.58,107424.76,270.90559
2025-06-26 00:30:00+00:00,107424.77,107456.1,107252.21,107320.0,117.19184
2025-06-26 01:00:00+00:00,107320.0,107451.92,107105.43,107439.3,109.88877
2025-06-26 01:30:00+00:00,107439.31,107900.0,107324.69,107638.01,328.91813
2025-06-26 02:00:00+00:00,107638.01,107950.0,107638.01,107766.66,225.89053
2025-06-26 02:30:00+00:00,107766.67,108039.05,107562.4,107920.47,285.66552
2025-06-26 03:00:00+00:00,107920.47,108272.45,107800.0,107880.74,432.27043
2025-06-26 03:30:00+00:00,107880.75,107935.2,107783.69,107853.79,126.10625
2025-06-26 04:00:00+00:00,107853.79,107953.27,107721.03,107776.19,150.21174
2025-06-26 04:30:00+00:00,107776.19,107935.17,107692.64,107845.41,175.85278
2025-06-26 05:00:00+00:00,107845.4,107845.4,107672.9,107672.9,91.43922
2025-06-26 05:30:00+00:00,107672.91,107680.4,107520.0,107632.09,121.69628
2025-06-26 06:00:00+00:00,107632.09,107778.39,107553.11,107698.91,148.41528
2025-06-26 06:30:00+00:00,107698.91,107813.57,107698.91,107761.5,91.0776
2025-06-26 07:00:00+00:00,107761.5,108078.53,107751.3,107973.59,311.92006
2025-06-26 07:30:00+00:00,107973.58,108085.92,107800.0,107813.99,200.20575
2025-06-26 08:00:00+00:00,107813.99,108174.86,107800.0,107854.26,313.68168
2025-06-26 08:30:00+00:00,107854.26,107951.66,107709.38,107753.07,190.42885
2025-06-26 09:00:00+00:00,107753.07,107786.53,107275.63,107458.51,495.32146
2025-06-26 09:30:00+00:00,107458.51,107483.67,107297.67,107325.12,248.87921
2025-06-26 10:00:00+00:00,107325.13,107468.94,107240.0,107339.91,167.10378
2025-06-26 10:30:00+00:00,107339.91,107444.0,107293.76,107389.01,181.66123
2025-06-26 11:00:00+00:00,107389.0,107403.02,107178.65,107191.71,228.47148
2025-06-26 11:30:00+00:00,107191.7,107376.0,107117.65,107325.41,184.89537
2025-06-26 12:00:00+00:00,107325.42,107421.57,107095.19,107200.0,170.47713
2025-06-26 12:30:00+00:00,107200.0,107317.4,107033.33,107122.48,214.81221
2025-06-26 13:00:00+00:00,107122.47,107200.0,107012.46,107112.59,233.99645
2025-06-26 13:30:00+00:00,107112.6,107348.52,106817.64,106960.01,564.0914
2025-06-26 14:00:00+00:00,106960.01,107281.25,106884.31,107230.8,356.66588
2025-06-26 14:30:00+00:00,107230.81,107765.55,107220.63,107436.6,355.24416
2025-06-26 15:00:00+00:00,107436.6,107515.5,106898.0,106925.41,238.02952
2025-06-26 15:30:00+00:00,106925.4,107325.49,106562.5,107313.6,489.81229
2025-06-26 16:00:00+00:00,107313.61,107410.94,107031.5,107232.6,157.85601
2025-06-26 16:30:00+00:00,107232.61,107275.01,107009.28,107196.05,168.45188
2025-06-26 17:00:00+00:00,107196.06,107442.84,107191.05,107343.27,172.24779
2025-06-26 17:30:00+00:00,107343.26,107366.63,107145.38,107192.99,103.37952
2025-06-26 18:00:00+00:00,107192.99,107580.0,107137.03,107284.68,173.88865
2025-06-26 18:30:00+00:00,107284.68,107402.18,107190.21,107384.1,116.0246
2025-06-26 19:00:00+00:00,107384.11,107536.5,107328.0,107456.8,111.47331
2025-06-26 19:30:00+00:00,107456.8,107669.74,107451.6,107532.98,249.32484
2025-06-26 20:00:00+00:00,107532.97,107633.16,107451.95,107602.54,121.65866
2025-06-26 20:30:00+00:00,107602.54,108000.0,107602.54,107766.29,376.25796
2025-06-26 21:00:00+00:00,107766.3,107799.99,107140.76,107255.41,204.94726
2025-06-26 21:30:00+00:00,107255.41,107330.0,106850.0,107029.6,257.16797
2025-06-26 22:00:00+00:00,107029.59,107235.29,106965.07,107182.0,123.92024
2025-06-26 22:30:00+00:00,107182.01,107222.91,106961.94,106992.59,119.97473
2025-06-26 23:00:00+00:00,106992.59,107063.05,106884.0,107013.58,165.91288
2025-06-26 23:30:00+00:00,107013.58,107052.29,106865.56,106947.06,129.55862
2025-06-27 00:00:00+00:00,106947.06,107179.8,106925.01,107171.38,112.73641
2025-06-27 00:30:00+00:00,107171.37,107177.72,106650.26,106675.22,219.87417
2025-06-27 01:00:00+00:00,106675.21,107079.5,106438.33,107013.01,270.49466
2025-06-27 01:30:00+00:00,107013.01,107229.95,106991.44,107122.81,219.95503
2025-06-27 02:00:00+00:00,107122.8,107287.28,107062.42,107215.93,123.67249
2025-06-27 02:30:00+00:00,107215.93,107300.0,107191.25,107253.6,153.65881
2025-06-27 03:00:00+00:00,107253.59,107351.22,107168.79,107332.37,224.8477
2025-06-27 03:30:00+00:00,107332.38,107515.28,107332.37,107477.76,147.06501
2025-06-27 04:00:00+00:00,107477.76,107497.33,107360.65,107413.83,145.85489
2025-06-27 04:30:00+00:00,107413.82,107568.68,107394.43,107497.06,136.91452
2025-06-27 05:00:00+00:00,107497.07,107550.0,107320.0,107327.79,134.77473
2025-06-27 05:30:00+00:00,107327.79,107383.99,107267.73,107267.74,150.35993
2025-06-27 06:00:00+00:00,107267.73,107385.24,107202.67,107270.39,74.88675
2025-06-27 06:30:00+00:00,107270.4,107375.55,107234.11,107278.82,112.52218
2025-06-27 07:00:00+00:00,107278.82,107735.34,107276.55,107344.0,207.49124
2025-06-27 07:30:00+00:00,107344.0,107344.01,106850.0,106869.71,983.25538
2025-06-27 08:00:00+00:00,106869.72,107033.01,106715.51,106715.52,367.57457
2025-06-27 08:30:00+00:00,106715.52,107087.85,106679.98,106998.53,388.92201
2025-06-27 09:00:00+00:00,106998.54,107009.32,106786.47,106826.98,596.58131
2025-06-27 09:30:00+00:00,106826.99,107137.64,106826.99,107083.8,414.90664
2025-06-27 10:00:00+00:00,107083.81,107159.95,106953.02,107000.69,183.03097
2025-06-27 10:30:00+00:00,107000.7,107074.06,106974.92,106995.32,145.39239
2025-06-27 11:00:00+00:00,106995.33,107147.83,106921.66,106921.85,123.90622
2025-06-27 11:30:00+00:00,106921.86,107039.44,106921.86,106983.6,97.76133
2025-06-27 12:00:00+00:00,106983.6,107200.0,106924.0,107176.42,116.97191
2025-06-27 12:30:00+00:00,107176.41,107176.42,106601.64,106692.9,372.43512
2025-06-27 13:00:00+00:00,106692.89,106841.68,106610.97,106702.3,199.93336
2025-06-27 13:30:00+00:00,106702.29,106982.4,106356.76,106820.99,413.63791
2025-06-27 14:00:00+00:00,106821.0,107105.43,106407.43,106498.66,1240.78645
2025-06-27 14:30:00+00:00,106498.66,106681.53,106370.44,106557.79,865.45598
2025-06-27 15:00:00+00:00,106557.79,106792.6,106485.37,106781.82,178.98457
2025-06-27 15:30:00+00:00,106781.81,107407.14,106752.1,107308.25,316.32336
2025-06-27 16:00:00+00:00,107308.25,107379.86,107094.03,107288.69,195.84777
2025-06-27 16:30:00+00:00,107288.7,107709.22,107288.69,107480.1,482.87755
2025-06-27 17:00:00+00:00,107480.1,107497.16,106964.84,106981.85,195.5223
2025-06-27 17:30:00+00:00,106981.85,107049.99,106477.34,106875.75,305.7086
2025-06-27 18:00:00+00:00,106875.75,107000.0,106600.87,106681.53,148.00992
2025-06-27 18:30:00+00:00,106681.53,106704.61,106446.45,106704.6,292.82666
2025-06-27 19:00:00+00:00,106704.6,106892.01,106594.1,106786.52,161.81873
2025-06-27 19:30:00+00:00,106786.51,107020.66,106702.82,106801.02,204.87203
2025-06-27 20:00:00+00:00,106801.02,107104.0,106794.33,107033.33,158.77111
2025-06-27 20:30:00+00:00,107033.33,107130.36,107000.0,107119.5,95.75837
2025-06-27 21:00:00+00:00,107119.5,107238.54,107038.54,107169.59,128.38284
2025-06-27 21:30:00+00:00,107169.6,107277.99,107052.01,107052.01,102.78033
2025-06-27 22:00:00+00:00,107052.01,107190.21,107052.01,107178.18,69.11097
2025-06-27 22:30:00+00:00,107178.18,107178.18,107100.69,107100.7,79.72654
2025-06-27 23:00:00+00:00,107100.7,107171.23,106982.79,107015.83,103.48232
2025-06-27 23:30:00+00:00,107015.83,107057.12,106961.7,107047.59,65.97638
2025-06-28 00:00:00+00:00,107047.58,107057.12,106847.59,106951.28,149.61618
2025-06-28 00:30:00+00:00,106951.28,107176.68,106932.26,107064.19,135.29258
2025-06-28 01:00:00+00:00,107064.2,107064.2,106811.51,106835.27,97.20025
2025-06-28 01:30:00+00:00,106835.28,107129.33,106830.19,107066.19,96.1848
2025-06-28 02:00:00+00:00,107066.19,107178.97,107015.7,107178.15,99.08391
2025-06-28 02:30:00+00:00,107178.16,107200.0,107110.0,107110.0,55.37848
2025-06-28 03:00:00+00:00,107110.01,107181.84,107080.27,107179.13,62.94899
2025-06-28 03:30:00+00:00,107179.14,107347.1,107179.13,107300.13,79.34185
2025-06-28 04:00:00+00:00,107300.13,107310.9,107183.46,107230.18,60.74619
2025-06-28 04:30:00+00:00,107230.19,107230.19,107183.29,107191.19,31.91518
2025-06-28 05:00:00+00:00,107191.2,107317.0,107185.32,107264.69,55.248
2025-06-28 05:30:00+00:00,107264.69,107296.42,107259.42,107294.8,72.30404
2025-06-28 06:00:00+00:00,107294.81,107449.07,107294.8,107449.07,60.99109
2025-06-28 06:30:00+00:00,107449.06,107449.07,107379.61,107412.07,58.63128
2025-06-28 07:00:00+00:00,107412.07,107441.86,107400.68,107441.85,85.66351
2025-06-28 07:30:00+00:00,107441.86,107496.12,107441.85,107485.0,72.1223
2025-06-28 08:00:00+00:00,107485.01,107493.07,107370.01,107422.67,59.529
2025-06-28 08:30:00+00:00,107422.66,107422.67,107347.85,107379.99,41.10816
2025-06-28 09:00:00+00:00,107380.0,107380.0,107296.6,107327.0,51.40993
2025-06-28 09:30:00+00:00,107327.0,107327.0,107275.0,107307.99,57.9276
2025-06-28 10:00:00+00:00,107308.0,107376.89,107300.07,107329.22,58.68193
2025-06-28 10:30:00+00:00,107329.22,107359.79,107252.6,107274.41,58.79686
2025-06-28 11:00:00+00:00,107274.41,107290.8,107270.37,107290.01,41.90323
2025-06-28 11:30:00+00:00,107290.02,107373.4,107285.42,107373.39,46.94169
2025-06-28 12:00:00+00:00,107373.39,107373.4,107292.44,107292.45,61.45647
2025-06-28 12:30:00+00:00,107292.45,107347.65,107292.44,107341.34,47.56628
2025-06-28 13:00:00+00:00,107341.34,107354.82,107183.83,107183.83,86.48616
2025-06-28 13:30:00+00:00,107183.84,107183.84,107084.15,107101.78,136.18516
2025-06-28 14:00:00+00:00,107101.79,107258.35,107101.78,107239.1,75.67773
2025-06-28 14:30:00+00:00,107239.1,107257.76,107200.0,107204.8,53.19653
2025-06-28 15:00:00+00:00,107204.81,107238.85,107190.21,107190.22,54.0161
2025-06-28 15:30:00+00:00,107190.22,107577.75,107190.21,107449.28,200.28949
2025-06-28 16:00:00+00:00,107449.28,107520.32,107253.22,107315.45,140.62999
2025-06-28 16:30:00+00:00,107315.45,107450.27,107263.81,107295.84,74.63559
2025-06-28 17:00:00+00:00,107295.85,107370.19,107295.13,107324.01,31.31848
2025-06-28 17:30:00+00:00,107324.02,107542.5,107314.05,107465.12,84.977
2025-06-28 18:00:00+00:00,107465.13,107465.13,107343.24,107348.5,59.30431
2025-06-28 18:30:00+00:00,107348.51,107367.22,107260.64,107318.0,38.51932
2025-06-28 19:00:00+00:00,107318.0,107339.38,107300.0,107300.01,25.47716
2025-06-28 19:30:00+00:00,107300.01,107300.01,107225.74,107225.74,44.22776
2025-06-28 20:00:00+00:00,107225.74,107235.4,107154.62,107235.4,48.13567
2025-06-28 20:30:00+00:00,107235.4,107235.4,107169.52,107169.52,32.27112
2025-06-28 21:00:00+00:00,107169.52,107255.62,107169.52,107255.61,33.95701
2025-06-28 21:30:00+00:00,107255.62,107347.65,107235.83,107331.38,48.21734
2025-06-28 22:00:00+00:00,107331.37,107373.53,107257.09,107300.46,79.52405
2025-06-28 22:30:00+00:00,107300.46,107378.37,107290.0,107370.61,62.07309
2025-06-28 23:00:00+00:00,107370.61,107370.62,107313.0,107313.01,39.13779
2025-06-28 23:30:00+00:00,107313.0,107313.01,107282.72,107296.79,35.92689
2025-06-29 00:00:00+00:00,107296.79,107475.75,107254.16,107431.48,79.51814
2025-06-29 00:30:00+00:00,107431.47,107500.0,107367.06,107475.92,136.71862
2025-06-29 01:00:00+00:00,107475.91,107475.92,107402.17,107423.89,53.16096
2025-06-29 01:30:00+00:00,107423.89,107423.9,107310.53,107311.0,48.09637
2025-06-29 02:00:00+00:00,107311.0,107311.01,107172.52,107231.18,88.47944
2025-06-29 02:30:00+00:00,107231.17,107355.06,107210.26,107307.48,54.86164
2025-06-29 03:00:00+00:00,107307.47,107307.48,107267.48,107284.52,31.09257
2025-06-29 03:30:00+00:00,107284.53,107284.53,107189.86,107210.78,42.10679
2025-06-29 04:00:00+00:00,107210.78,107243.35,107210.77,107237.52,31.57186
2025-06-29 04:30:00+00:00,107237.53,107272.77,107237.52,107264.15,24.09125
2025-06-29 05:00:00+00:00,107264.16,107264.16,107220.0,107220.0,30.2295
2025-06-29 05:30:00+00:00,107220.01,107310.0,107205.82,107309.99,35.74877
2025-06-29 06:00:00+00:00,107310.0,107350.01,107309.99,107334.8,41.50065
2025-06-29 06:30:00+00:00,107334.8,107385.92,107334.79,107376.95,63.33165
2025-06-29 07:00:00+00:00,107376.96,107387.98,107343.99,107344.0,60.39178
2025-06-29 07:30:00+00:00,107344.0,107402.18,107330.0,107402.18,53.71117
2025-06-29 08:00:00+00:00,107402.17,107492.0,107402.17,107449.33,72.00793
2025-06-29 08:30:00+00:00,107449.33,107719.58,107449.32,107693.85,245.47976
2025-06-29 09:00:00+00:00,107693.85,107805.0,107627.49,107796.0,193.20065
2025-06-29 09:30:00+00:00,107796.01,107972.74,107796.0,107891.64,223.83414
2025-06-29 10:00:00+00:00,107891.64,108297.89,107891.63,108138.55,504.04463
2025-06-29 10:30:00+00:00,108138.54,108234.5,107849.61,108153.26,285.90282
2025-06-29 11:00:00+00:00,108153.25,108191.19,108096.56,108151.52,168.58122
2025-06-29 11:30:00+00:00,108151.51,108484.0,108151.51,108477.11,295.87652
2025-06-29 12:00:00+00:00,108477.12,108528.5,108150.0,108207.79,269.93772
2025-06-29 12:30:00+00:00,108207.79,108228.28,108033.0,108189.88,104.48798
2025-06-29 13:00:00+00:00,108189.88,108228.28,108087.0,108111.05,133.67514
2025-06-29 13:30:00+00:00,108111.04,108183.81,108012.82,108051.52,120.92191
2025-06-29 14:00:00+00:00,108051.53,108215.12,108051.52,108086.44,76.00923
2025-06-29 14:30:00+00:00,108086.45,108086.45,107777.77,107948.08,270.16556
2025-06-29 15:00:00+00:00,107948.07,108034.13,107828.0,107922.78,196.67336
2025-06-29 15:30:00+00:00,107922.77,107959.91,107650.0,107750.72,148.58804
2025-06-29 16:00:00+00:00,107750.72,107792.05,107468.83,107524.28,292.36342
2025-06-29 16:30:00+00:00,107524.27,107620.0,107320.0,107552.03,252.74007
2025-06-29 17:00:00+00:00,107552.03,107592.17,107400.0,107402.18,145.4063
2025-06-29 17:30:00+00:00,107402.18,107544.44,107316.46,107544.44,195.87368
2025-06-29 18:00:00+00:00,107544.44,107632.5,107445.4,107627.99,133.44172
2025-06-29 18:30:00+00:00,107628.0,107718.02,107571.73,107640.01,61.73726
2025-06-29 19:00:00+00:00,107640.01,107640.01,107505.63,107546.85,41.31501
2025-06-29 19:30:00+00:00,107546.84,107567.82,107365.96,107406.81,65.65204
2025-06-29 20:00:00+00:00,107406.8,107494.06,107381.89,107478.97,53.81302
2025-06-29 20:30:00+00:00,107478.98,107478.98,107359.78,107359.79,74.09566
2025-06-29 21:00:00+00:00,107359.79,107566.46,107250.0,107528.67,151.13714
2025-06-29 21:30:00+00:00,107528.68,107734.59,107501.51,107543.48,103.679
2025-06-29 22:00:00+00:00,107543.48,108032.88,107543.48,108023.81,251.62967
2025-06-29 22:30:00+00:00,108023.81,108277.23,107830.02,108079.9,310.95052
2025-06-29 23:00:00+00:00,108079.91,108426.0,108013.28,108388.99,292.91779
2025-06-29 23:30:00+00:00,108388.99,108436.47,108300.0,108356.93,220.98633
2025-06-30 00:00:00+00:00,108356.93,108688.0,108255.81,108649.33,427.01584
2025-06-30 00:30:00+00:00,108649.33,108789.99,108573.16,108713.81,268.17861
2025-06-30 01:00:00+00:00,108713.8,108713.81,108396.18,108677.78,188.44178
2025-06-30 01:30:00+00:00,108677.78,108770.0,108480.27,108493.93,166.1892
2025-06-30 02:00:00+00:00,108493.92,108652.0,108450.0,108587.99,128.67788
2025-06-30 02:30:00+00:00,108587.99,108637.5,108445.01,108479.81,155.02382
2025-06-30 03:00:00+00:00,108479.99,108580.0,108419.56,108461.96,139.67369
2025-06-30 03:30:00+00:00,108461.95,108549.0,108461.94,108503.74,90.96745
2025-06-30 04:00:00+00:00,108503.74,108538.76,108425.01,108446.31,114.05135
2025-06-30 04:30:00+00:00,108446.31,108446.32,108301.6,108314.99,150.96295
2025-06-30 05:00:00+00:00,108314.98,108380.0,108300.0,108306.73,96.96587
2025-06-30 05:30:00+00:00,108306.73,108308.21,108168.48,108280.65,133.31122
2025-06-30 06:00:00+00:00,108280.66,108299.99,108142.08,108142.09,92.83607
2025-06-30 06:30:00+00:00,108142.09,108180.01,107518.88,107571.72,495.83443
2025-06-30 07:00:00+00:00,107571.73,107746.13,107481.31,107724.8,346.66266
2025-06-30 07:30:00+00:00,107724.8,107728.49,107607.38,107614.08,150.65098
2025-06-30 08:00:00+00:00,107614.07,107747.76,107518.7,107615.99,167.44149
2025-06-30 08:30:00+00:00,107615.99,107637.65,107459.0,107512.89,201.23751
2025-06-30 09:00:00+00:00,107512.89,107704.98,107466.18,107650.0,119.88272
2025-06-30 09:30:00+00:00,107649.99,107683.78,107478.77,107478.77,149.25403
2025-06-30 10:00:00+00:00,107478.78,107530.76,107400.0,107520.07,144.45807
2025-06-30 10:30:00+00:00,107520.07,107649.5,107469.3,107649.49,119.33514
2025-06-30 11:00:00+00:00,107649.5,107939.11,107624.99,107849.01,196.43361
2025-06-30 11:30:00+00:00,107849.01,107964.33,107642.68,107654.2,144.16185
2025-06-30 12:00:00+00:00,107654.21,107824.31,107654.2,107730.52,186.78491
2025-06-30 12:30:00+00:00,107730.53,107756.56,107561.16,107570.58,175.41892
2025-06-30 13:00:00+00:00,107570.59,107854.57,107560.99,107836.76,177.6362
2025-06-30 13:30:00+00:00,107836.76,107858.79,107482.56,107525.49,368.47574
2025-06-30 14:00:00+00:00,107525.49,107641.31,107131.6,107328.49,593.81236
2025-06-30 14:30:00+00:00,107328.49,107466.99,106777.77,106803.32,572.2062
2025-06-30 15:00:00+00:00,106803.32,107200.0,106733.33,107192.95,369.88476
2025-06-30 15:30:00+00:00,107192.94,107796.2,107092.69,107580.46,535.81528
2025-06-30 16:00:00+00:00,107580.47,107807.94,107281.65,107286.85,233.57141
2025-06-30 16:30:00+00:00,107286.85,107698.91,107281.5,107599.96,179.49653
2025-06-30 17:00:00+00:00,107599.96,107750.0,107529.34,107745.03,174.68755
2025-06-30 17:30:00+00:00,107745.03,107792.99,107429.39,107462.94,171.84669
2025-06-30 18:00:00+00:00,107462.95,107614.9,107295.87,107295.87,100.42025
2025-06-30 18:30:00+00:00,107295.88,107331.35,107116.4,107242.01,129.7661
2025-06-30 19:00:00+00:00,107242.0,107588.84,107212.6,107524.15,102.09272
2025-06-30 19:30:00+00:00,107524.14,107794.19,107433.08,107745.97,222.94566
2025-06-30 20:00:00+00:00,107745.97,107764.73,107480.0,107569.57,111.33497
2025-06-30 20:30:00+00:00,107569.56,107645.32,107540.09,107577.89,75.83322
2025-06-30 21:00:00+00:00,107577.88,107589.0,107351.87,107351.87,91.81285
2025-06-30 21:30:00+00:00,107351.87,107391.48,106900.02,107130.81,349.91587
2025-06-30 22:00:00+00:00,107130.8,107305.55,107029.64,107269.63,107.18478
2025-06-30 22:30:00+00:00,107269.63,107317.53,107088.71,107112.75,96.08022
2025-06-30 23:00:00+00:00,107112.76,107232.59,107063.07,107145.75,75.29758
2025-06-30 23:30:00+00:00,107145.75,107176.24,107063.04,107146.5,164.15592
2025-07-01 00:00:00+00:00,107146.51,107449.25,107093.35,107169.7,151.98345
2025-07-01 00:30:00+00:00,107169.7,107392.94,107026.93,107377.02,101.64457
2025-07-01 01:00:00+00:00,107377.03,107540.0,107302.04,107407.54,123.38139
2025-07-01 01:30:00+00:00,107407.55,107519.9,107171.42,107220.0,96.26514
2025-07-01 02:00:00+00:00,107220.0,107334.76,107190.21,107330.38,68.23144
2025-07-01 02:30:00+00:00,107330.38,107410.74,107097.87,107101.69,138.82943
2025-07-01 03:00:00+00:00,107101.68,107223.0,107070.2,107212.69,112.00242
2025-07-01 03:30:00+00:00,107212.69,107212.69,107105.43,107192.38,181.12216
2025-07-01 04:00:00+00:00,107192.39,107203.11,107066.75,107076.21,98.33078
2025-07-01 04:30:00+00:00,107076.2,107097.01,106867.43,106881.6,163.42293
2025-07-01 05:00:00+00:00,106881.6,106931.6,106743.0,106748.28,228.21823
2025-07-01 05:30:00+00:00,106748.29,106967.76,106740.0,106932.49,174.2691
2025-07-01 06:00:00+00:00,106932.49,106932.49,106758.24,106772.1,96.616
2025-07-01 06:30:00+00:00,106772.09,106904.78,106761.3,106890.77,70.70669
2025-07-01 07:00:00+00:00,106890.77,107000.0,106615.97,106903.31,203.00533
2025-07-01 07:30:00+00:00,106903.31,107178.99,106882.88,107178.99,233.4093
2025-07-01 08:00:00+00:00,107178.99,107178.99,106893.47,106907.51,159.78778
2025-07-01 08:30:00+00:00,106907.51,106935.87,106681.52,106710.12,122.56353
2025-07-01 09:00:00+00:00,106710.12,106794.09,106585.72,106696.07,172.10279
2025-07-01 09:30:00+00:00,106696.08,106696.08,106500.0,106556.39,217.04256
2025-07-01 10:00:00+00:00,106556.39,106633.31,106470.49,106470.49,172.51717
2025-07-01 10:30:00+00:00,106470.5,106500.0,106301.86,106490.42,296.37047
2025-07-01 11:00:00+00:00,106490.42,106588.29,106317.17,106491.56,163.79278
2025-07-01 11:30:00+00:00,106491.55,106622.05,106491.55,106605.8,130.63926
2025-07-01 12:00:00+00:00,106605.79,106706.05,106365.24,106400.0,130.57928
2025-07-01 12:30:00+00:00,106399.99,106494.81,106380.0,106421.08,153.71411
2025-07-01 13:00:00+00:00,106421.07,106660.68,106365.0,106615.17,728.7087
2025-07-01 13:30:00+00:00,106615.17,106885.38,106301.04,106807.42,512.72696
2025-07-01 14:00:00+00:00,106807.43,107179.99,106467.43,106546.03,518.88362
2025-07-01 14:30:00+00:00,106546.03,106701.22,105717.84,105925.0,1053.97812
2025-07-01 15:00:00+00:00,105925.01,106100.01,105623.39,105972.49,650.88558
2025-07-01 15:30:00+00:00,105972.49,106200.0,105870.37,105955.18,225.2193
2025-07-01 16:00:00+00:00,105955.19,106280.0,105831.5,106208.73,211.14821
2025-07-01 16:30:00+00:00,106208.73,106208.73,105962.33,106082.56,132.58871
2025-07-01 17:00:00+00:00,106082.55,106286.03,105909.42,106207.26,155.23466
2025-07-01 17:30:00+00:00,106207.26,106287.95,106081.59,106253.79,124.46355
2025-07-01 18:00:00+00:00,106253.8,106269.6,105815.0,105849.12,215.02278
2025-07-01 18:30:00+00:00,105849.12,105927.53,105699.22,105749.68,197.68515
2025-07-01 19:00:00+00:00,105749.68,105804.0,105462.39,105740.6,373.53585
2025-07-01 19:30:00+00:00,105740.6,105764.0,105387.68,105398.53,281.22382
2025-07-01 20:00:00+00:00,105398.52,105635.32,105250.85,105629.36,270.74083
2025-07-01 20:30:00+00:00,105629.52,105995.44,105629.52,105920.01,160.84592
2025-07-01 21:00:00+00:00,105920.01,106100.0,105749.68,105984.91,142.19208
2025-07-01 21:30:00+00:00,105984.91,105984.91,105744.81,105784.13,89.74391
2025-07-01 22:00:00+00:00,105784.12,105916.64,105706.69,105721.22,102.65267
2025-07-01 22:30:00+00:00,105721.22,105834.11,105600.0,105613.22,151.09683
2025-07-01 23:00:00+00:00,105613.21,105613.22,105361.33,105505.37,148.30399
2025-07-01 23:30:00+00:00,105505.38,105702.39,105442.0,105681.14,98.19504
2025-07-02 00:00:00+00:00,105681.13,105781.43,105600.0,105622.71,103.87543
2025-07-02 00:30:00+00:00,105622.7,105681.14,105377.35,105392.3,135.42844
2025-07-02 01:00:00+00:00,105392.3,105623.21,105100.19,105618.49,295.29006
2025-07-02 01:30:00+00:00,105618.5,105790.07,105580.15,105720.0,222.65635
2025-07-02 02:00:00+00:00,105720.0,105790.25,105525.61,105707.51,205.76725
2025-07-02 02:30:00+00:00,105707.52,105920.11,105605.02,105908.7,127.71188
2025-07-02 03:00:00+00:00,105908.71,106171.95,105871.07,106125.82,218.25991
2025-07-02 03:30:00+00:00,106125.82,106216.08,106090.77,106194.7,144.65301
2025-07-02 04:00:00+00:00,106194.7,106253.93,106131.55,106225.98,195.08507
2025-07-02 04:30:00+00:00,106225.98,106382.86,106148.12,106382.86,144.14826
2025-07-02 05:00:00+00:00,106382.85,106545.68,106292.29,106454.45,217.11748
2025-07-02 05:30:00+00:00,106454.45,106667.57,106436.05,106638.83,178.06927
2025-07-02 06:00:00+00:00,106638.83,106823.75,106633.83,106736.21,214.11061
2025-07-02 06:30:00+00:00,106736.22,107014.39,106736.21,107014.38,397.66587
2025-07-02 07:00:00+00:00,107014.39,107014.39,106852.83,106879.6,297.17042
2025-07-02 07:30:00+00:00,106879.61,107186.78,106879.5,107080.0,260.1441
2025-07-02 08:00:00+00:00,107080.0,107668.68,107080.0,107630.89,471.26433
2025-07-02 08:30:00+00:00,107630.88,107745.0,107462.73,107728.99,331.52428
2025-07-02 09:00:00+00:00,107729.0,107799.99,107506.52,107536.1,267.49974
2025-07-02 09:30:00+00:00,107536.09,107692.23,107527.35,107636.16,120.94381
2025-07-02 10:00:00+00:00,107636.15,107789.99,107612.67,107745.64,213.05498
2025-07-02 10:30:00+00:00,107745.65,107860.23,107745.64,107848.95,229.34172
2025-07-02 11:00:00+00:00,107848.95,107848.96,107737.8,107746.89,232.10747
2025-07-02 11:30:00+00:00,107746.88,107746.89,107338.15,107479.99,281.94447
2025-07-02 12:00:00+00:00,107479.98,107479.99,107211.0,107327.07,223.77981
2025-07-02 12:30:00+00:00,107327.06,107423.58,107186.1,107379.92,148.07714
2025-07-02 13:00:00+00:00,107379.92,107657.96,107280.0,107539.66,220.72304
2025-07-02 13:30:00+00:00,107539.67,107998.0,107392.29,107768.2,366.78807
2025-07-02 14:00:00+00:00,107768.21,108067.55,107659.35,107850.6,529.44731
2025-07-02 14:30:00+00:00,107850.6,108171.8,107730.13,108139.99,407.71411
2025-07-02 15:00:00+00:00,108140.0,108500.0,108120.0,108264.19,734.06991
2025-07-02 15:30:00+00:00,108264.19,108759.2,108144.49,108737.74,596.54182
2025-07-02 16:00:00+00:00,108737.75,109646.45,108650.97,109190.0,1860.35524
2025-07-02 16:30:00+00:00,109190.0,109645.0,109140.47,109413.02,834.76062
2025-07-02 17:00:00+00:00,109413.01,109730.0,109313.26,109387.73,553.08122
2025-07-02 17:30:00+00:00,109387.72,109409.3,108834.3,109129.67,564.67502
2025-07-02 18:00:00+00:00,109129.68,109393.72,108989.9,109351.87,255.70858
2025-07-02 18:30:00+00:00,109351.86,109538.89,109265.82,109538.88,267.17628
2025-07-02 19:00:00+00:00,109538.88,109583.79,109293.9,109554.22,612.7206
2025-07-02 19:30:00+00:00,109554.22,109681.81,109304.0,109676.14,707.63151
2025-07-02 20:00:00+00:00,109676.14,109676.14,109225.01,109455.87,277.90961
2025-07-02 20:30:00+00:00,109455.87,109463.03,109128.72,109136.3,297.27605
2025-07-02 21:00:00+00:00,109136.31,109372.2,109130.01,109250.75,672.45252
2025-07-02 21:30:00+00:00,109250.75,109542.31,109242.93,109441.8,609.26834
2025-07-02 22:00:00+00:00,109441.79,109498.91,109201.23,109282.14,432.37411
2025-07-02 22:30:00+00:00,109282.14,109415.22,109100.57,109142.0,240.9335
2025-07-02 23:00:00+00:00,109142.0,109170.42,108932.7,108953.6,270.49661
2025-07-02 23:30:00+00:00,108953.61,108989.0,108720.0,108849.6,503.10069
2025-07-03 00:00:00+00:00,108849.59,108989.33,108715.56,108879.53,337.42111
2025-07-03 00:30:00+00:00,108879.53,109115.03,108761.8,108915.0,156.87577
2025-07-03 01:00:00+00:00,108915.0,109109.44,108807.43,109071.02,228.0984
2025-07-03 01:30:00+00:00,109071.01,109111.0,108969.75,108975.97,155.4874
2025-07-03 02:00:00+00:00,108975.96,108975.97,108576.58,108603.52,194.27945
2025-07-03 02:30:00+00:00,108603.53,108751.41,108530.4,108721.52,141.14286
2025-07-03 03:00:00+00:00,108721.52,108787.87,108623.65,108741.02,102.6662
2025-07-03 03:30:00+00:00,108741.02,108820.0,108620.25,108628.21,124.02443
2025-07-03 04:00:00+00:00,108628.2,109000.01,108566.14,108950.42,173.08646
2025-07-03 04:30:00+00:00,108950.42,108977.32,108769.23,108790.0,120.04671
2025-07-03 05:00:00+00:00,108790.0,109199.07,108790.0,109114.0,245.61417
2025-07-03 05:30:00+00:00,109114.01,109381.12,109114.0,109340.37,206.90111
2025-07-03 06:00:00+00:00,109340.37,109450.0,109237.85,109450.0,195.16194
2025-07-03 06:30:00+00:00,109449.99,109548.0,109336.57,109478.94,177.73718
2025-07-03 07:00:00+00:00,109478.95,109478.95,109146.2,109238.13,203.80873
2025-07-03 07:30:00+00:00,109238.13,109427.99,109233.56,109280.0,238.23338
2025-07-03 08:00:00+00:00,109279.99,109547.32,109279.99,109547.17,256.41886
2025-07-03 08:30:00+00:00,109547.16,109580.0,109377.57,109377.57,301.55501
2025-07-03 09:00:00+00:00,109377.57,109990.0,109377.57,109969.99,626.81814
2025-07-03 09:30:00+00:00,109970.0,110273.21,109822.91,109942.2,1164.99533
2025-07-03 10:00:00+00:00,109942.19,110000.0,109628.08,109750.51,436.68197
2025-07-03 10:30:00+00:00,109750.51,109877.26,109678.61,109839.37,207.52926
2025-07-03 11:00:00+00:00,109839.38,109839.38,109634.72,109634.73,154.73485
2025-07-03 11:30:00+00:00,109634.74,109711.54,109584.61,109599.19,100.81538
2025-07-03 12:00:00+00:00,109599.18,109638.12,109477.04,109608.96,202.74968
2025-07-03 12:30:00+00:00,109608.96,109916.0,108749.99,109167.99,899.96245
2025-07-03 13:00:00+00:00,109168.0,109393.41,109133.3,109315.37,251.42375
2025-07-03 13:30:00+00:00,109315.36,110529.18,109315.36,110255.63,1194.06332
2025-07-03 14:00:00+00:00,110255.64,110499.6,109855.86,109905.99,645.13535
2025-07-03 14:30:00+00:00,109905.98,109944.69,109560.0,109718.57,353.89848
2025-07-03 15:00:00+00:00,109718.57,109833.3,109300.0,109554.14,298.15656
2025-07-03 15:30:00+00:00,109554.14,109632.37,109107.0,109127.84,356.33631
2025-07-03 16:00:00+00:00,109127.85,109367.29,109020.8,109173.78,289.51351
2025-07-03 16:30:00+00:00,109173.78,109683.19,109150.0,109288.46,295.23687
2025-07-03 17:00:00+00:00,109288.47,109655.7,109278.41,109455.99,300.25581
2025-07-03 17:30:00+00:00,109455.99,109626.93,109455.99,109556.0,110.45496
2025-07-03 18:00:00+00:00,109556.0,109721.51,109332.1,109620.28,175.5266
2025-07-03 18:30:00+00:00,109620.28,109678.76,109485.1,109678.75,109.44814
2025-07-03 19:00:00+00:00,109678.75,109910.1,109638.01,109877.99,199.23087
2025-07-03 19:30:00+00:00,109878.0,109878.0,109673.64,109803.41,208.77707
2025-07-03 20:00:00+00:00,109803.41,109918.0,109772.37,109880.02,109.54071
2025-07-03 20:30:00+00:00,109880.03,109947.11,109841.47,109947.11,78.40124
2025-07-03 21:00:00+00:00,109947.1,110000.0,109701.22,109768.85,129.7116
2025-07-03 21:30:00+00:00,109768.85,109833.78,109687.59,109788.0,131.95189
2025-07-03 22:00:00+00:00,109787.99,109874.69,109657.16,109692.64,100.77604
2025-07-03 22:30:00+00:00,109692.64,109780.0,109650.94,109699.17,94.42516
2025-07-03 23:00:00+00:00,109699.17,109820.0,109510.0,109600.0,191.54428
2025-07-03 23:30:00+00:00,109600.0,109611.0,109546.23,109584.78,70.4275
2025-07-04 00:00:00+00:00,109584.77,109626.92,109455.8,109495.73,137.95678
2025-07-04 00:30:00+00:00,109495.72,109708.04,109384.38,109478.94,96.79102
2025-07-04 01:00:00+00:00,109478.94,109767.59,109445.86,109638.91,119.08541
2025-07-04 01:30:00+00:00,109638.92,109711.54,109500.0,109500.01,89.47404
2025-07-04 02:00:00+00:00,109500.01,109500.01,109285.42,109358.87,113.41042
2025-07-04 02:30:00+00:00,109358.88,109367.18,109103.71,109180.54,189.21228
2025-07-04 03:00:00+00:00,109180.54,109373.08,109119.23,109359.82,149.63728
2025-07-04 03:30:00+00:00,109359.83,109359.83,109231.04,109235.57,107.15513
2025-07-04 04:00:00+00:00,109235.58,109329.6,109182.52,109198.79,104.47771
2025-07-04 04:30:00+00:00,109198.79,109198.8,108950.0,108982.59,259.64859
2025-07-04 05:00:00+00:00,108982.59,109159.25,108948.47,109103.87,176.96041
2025-07-04 05:30:00+00:00,109103.88,109204.08,108921.0,109012.0,168.42715
2025-07-04 06:00:00+00:00,109012.0,109028.98,108804.0,108917.15,173.77333
2025-07-04 06:30:00+00:00,108917.15,109026.0,108913.45,109025.99,106.13738
2025-07-04 07:00:00+00:00,109026.0,109144.33,108750.0,108750.0,219.54327
2025-07-04 07:30:00+00:00,108750.0,108927.19,108700.0,108700.0,400.09321
2025-07-04 08:00:00+00:00,108700.0,108817.3,108518.83,108799.56,247.66798
2025-07-04 08:30:00+00:00,108799.57,108892.0,108712.53,108763.28,149.85
2025-07-04 09:00:00+00:00,108763.29,109063.81,108763.28,109048.99,141.58735
2025-07-04 09:30:00+00:00,109048.99,109070.0,108920.0,108997.59,149.10613
2025-07-04 10:00:00+00:00,108997.6,109067.06,108907.69,108948.41,125.68332
2025-07-04 10:30:00+00:00,108948.41,109056.97,108865.38,108899.74,87.14919
2025-07-04 11:00:00+00:00,108899.73,109111.0,108899.73,109099.99,119.98842
2025-07-04 11:30:00+00:00,109100.0,109103.59,108856.0,108888.0,65.35882
2025-07-04 12:00:00+00:00,108888.0,108978.64,108795.44,108850.96,126.41888
2025-07-04 12:30:00+00:00,108850.97,108850.97,108611.53,108731.79,118.17982
2025-07-04 13:00:00+00:00,108731.8,108856.49,108560.38,108588.02,218.36475
2025-07-04 13:30:00+00:00,108588.02,108608.0,107970.22,107970.23,735.45234
2025-07-04 14:00:00+00:00,107970.22,108110.75,107505.0,108046.0,830.87924
2025-07-04 14:30:00+00:00,108046.0,108049.53,107723.21,107810.0,531.05446
2025-07-04 15:00:00+00:00,107809.99,107939.03,107641.97,107861.89,481.70622
2025-07-04 15:30:00+00:00,107861.9,107870.0,107573.28,107573.29,574.03375
2025-07-04 16:00:00+00:00,107573.29,107723.08,107333.33,107520.59,900.92552
2025-07-04 16:30:00+00:00,107520.6,107750.01,107405.5,107636.98,513.59038
2025-07-04 17:00:00+00:00,107636.99,107911.24,107632.0,107760.01,214.79113
2025-07-04 17:30:00+00:00,107760.01,107922.5,107711.83,107875.37,149.64566
2025-07-04 18:00:00+00:00,107875.37,107875.37,107617.72,107635.71,413.05813
2025-07-04 18:30:00+00:00,107635.71,107788.52,107489.23,107489.23,577.58155
2025-07-04 19:00:00+00:00,107489.23,107637.84,107245.0,107274.0,501.01034
2025-07-04 19:30:00+00:00,107273.99,107517.08,107248.06,107469.23,161.10041
2025-07-04 20:00:00+00:00,107469.22,107775.25,107440.63,107746.48,155.01156
2025-07-04 20:30:00+00:00,107746.48,107813.04,107692.0,107692.01,73.62039
2025-07-04 21:00:00+00:00,107692.01,107834.0,107689.91,107830.94,134.20533
2025-07-04 21:30:00+00:00,107830.94,107941.99,107751.42,107911.2,121.63603
2025-07-04 22:00:00+00:00,107911.19,108166.66,107886.84,108122.99,212.23481
2025-07-04 22:30:00+00:00,108123.0,108279.33,108122.99,108254.95,162.18149
2025-07-04 23:00:00+00:00,108254.95,108254.96,108057.35,108104.01,105.87258
2025-07-04 23:30:00+00:00,108104.01,108123.23,107958.0,107984.24,83.13676
2025-07-05 00:00:00+00:00,107984.25,108134.04,107955.07,108086.31,79.73585
2025-07-05 00:30:00+00:00,108086.31,108224.56,108065.95,108196.01,103.02681
2025-07-05 01:00:00+00:00,108196.0,108196.01,107897.77,107935.72,67.07257
2025-07-05 01:30:00+00:00,107935.71,108000.0,107894.61,107981.13,81.35835
2025-07-05 02:00:00+00:00,107981.14,107981.14,107800.01,107813.66,95.17021
2025-07-05 02:30:00+00:00,107813.66,108095.59,107756.31,108067.87,151.07646
2025-07-05 03:00:00+00:00,108067.88,108250.0,108067.87,108249.99,123.0987
2025-07-05 03:30:00+00:00,108250.0,108259.99,108122.0,108154.72,66.0989
2025-07-05 04:00:00+00:00,108154.72,108386.0,108032.0,108380.65,109.11143
2025-07-05 04:30:00+00:00,108380.65,108420.56,108137.65,108137.66,62.4232
2025-07-05 05:00:00+00:00,108137.65,108137.66,108037.35,108118.69,52.27452
2025-07-05 05:30:00+00:00,108118.69,108166.31,108000.0,108125.63,95.45888
2025-07-05 06:00:00+00:00,108125.63,108240.84,108059.71,108211.79,104.1575
2025-07-05 06:30:00+00:00,108211.79,108287.48,108192.77,108270.82,79.05057
2025-07-05 07:00:00+00:00,108270.82,108270.82,108085.03,108144.0,72.75746
2025-07-05 07:30:00+00:00,108143.99,108144.0,108000.99,108053.46,84.89686
2025-07-05 08:00:00+00:00,108053.46,108125.37,108004.9,108053.76,74.43238
2025-07-05 08:30:00+00:00,108053.76,108053.76,107922.8,108029.97,66.00387
2025-07-05 09:00:00+00:00,108029.96,108029.97,107870.42,107928.8,87.53251
2025-07-05 09:30:00+00:00,107928.81,108123.62,107900.0,108078.06,96.88648
2025-07-05 10:00:00+00:00,108078.07,108137.48,108053.3,108129.14,75.25851
2025-07-05 10:30:00+00:00,108129.14,108216.22,108085.23,108085.23,114.46792
2025-07-05 11:00:00+00:00,108085.24,108177.25,108085.23,108166.42,83.225
2025-07-05 11:30:00+00:00,108166.42,108219.19,108112.2,108112.21,77.57307
2025-07-05 12:00:00+00:00,108112.2,108112.21,107993.36,108022.93,50.54101
2025-07-05 12:30:00+00:00,108022.93,108152.95,107971.0,108148.57,43.68283
2025-07-05 13:00:00+00:00,108148.56,108232.29,108124.83,108200.01,65.5354
2025-07-05 13:30:00+00:00,108200.0,108217.64,108100.44,108125.99,104.89886
2025-07-05 14:00:00+00:00,108126.0,108223.22,108103.84,108176.99,77.07379
2025-07-05 14:30:00+00:00,108176.99,108198.2,108135.08,108193.23,63.33576
2025-07-05 15:00:00+00:00,108193.23,108193.24,108113.59,108113.6,69.53197
2025-07-05 15:30:00+00:00,108113.6,108113.61,108047.42,108058.0,89.87118
2025-07-05 16:00:00+00:00,108058.0,108090.8,107961.53,107961.54,105.31864
2025-07-05 16:30:00+00:00,107961.54,108112.8,107864.75,108101.99,111.48446
2025-07-05 17:00:00+00:00,108101.99,108159.0,107941.0,108002.26,72.88889
2025-07-05 17:30:00+00:00,108002.27,108097.99,107970.71,108090.08,55.3026
2025-07-05 18:00:00+00:00,108090.08,108098.0,107965.51,107969.99,60.33762
2025-07-05 18:30:00+00:00,107969.99,108033.9,107969.31,108010.0,60.60758
2025-07-05 19:00:00+00:00,108010.01,108039.7,107953.03,108039.7,55.60906
2025-07-05 19:30:00+00:00,108039.7,108167.23,108039.69,108141.78,64.64725
2025-07-05 20:00:00+00:00,108141.78,108159.39,107993.39,107993.4,69.92719
2025-07-05 20:30:00+00:00,107993.4,108123.23,107993.39,108096.75,29.93058
2025-07-05 21:00:00+00:00,108096.74,108137.26,108061.53,108090.79,44.63766
2025-07-05 21:30:00+00:00,108090.8,108140.0,108061.53,108090.0,39.1364
2025-07-05 22:00:00+00:00,108089.99,108139.45,108048.25,108137.58,34.8394
2025-07-05 22:30:00+00:00,108137.58,108200.0,108094.48,108188.47,57.15011
2025-07-05 23:00:00+00:00,108188.46,108234.16,108181.61,108215.99,73.29106
2025-07-05 23:30:00+00:00,108215.99,108250.0,108188.1,108198.12,135.24839
2025-07-06 00:00:00+00:00,108198.12,108246.05,108112.96,108211.99,52.71521
2025-07-06 00:30:00+00:00,108211.99,108250.0,108169.76,108206.99,37.10498
2025-07-06 01:00:00+00:00,108206.99,108212.51,108096.0,108096.0,38.51928
2025-07-06 01:30:00+00:00,108096.0,108218.25,108084.92,108218.25,57.30307
2025-07-06 02:00:00+00:00,108218.25,108268.35,108134.08,108155.04,89.27888
2025-07-06 02:30:00+00:00,108155.04,108155.05,108060.02,108060.02,44.52351
2025-07-06 03:00:00+00:00,108060.0,108100.0,108025.97,108035.99,36.43241
2025-07-06 03:30:00+00:00,108036.0,108064.59,108026.0,108050.49,41.3773
2025-07-06 04:00:00+00:00,108050.49,108100.0,108005.0,108005.01,37.97148
2025-07-06 04:30:00+00:00,108005.0,108005.1,107930.45,107989.11,78.93162
2025-07-06 05:00:00+00:00,107989.1,108004.95,107962.19,108003.09,36.92224
2025-07-06 05:30:00+00:00,108003.1,108010.13,107997.43,108003.35,46.88951
2025-07-06 06:00:00+00:00,108003.36,108218.0,107977.7,108123.44,90.27699
2025-07-06 06:30:00+00:00,108123.44,108145.18,108067.0,108121.98,66.65018
2025-07-06 07:00:00+00:00,108121.99,108194.59,108107.38,108133.88,76.90196
2025-07-06 07:30:00+00:00,108133.89,108133.89,108040.17,108040.31,63.35286
2025-07-06 08:00:00+00:00,108040.31,108065.69,107969.31,107969.33,146.92249
2025-07-06 08:30:00+00:00,107969.33,108019.24,107969.32,108005.27,91.63289
2025-07-06 09:00:00+00:00,108005.27,108056.01,108001.66,108016.97,34.60595
2025-07-06 09:30:00+00:00,108016.96,108016.97,107817.8,107850.01,163.69559
2025-07-06 10:00:00+00:00,107850.0,107950.36,107800.01,107950.36,108.65208
2025-07-06 10:30:00+00:00,107950.36,108111.0,107950.35,107990.93,109.75915
2025-07-06 11:00:00+00:00,107990.93,107997.79,107949.99,107993.28,50.93339
2025-07-06 11:30:00+00:00,107993.28,108079.17,107993.28,108076.01,34.79449
2025-07-06 12:00:00+00:00,108076.0,108090.8,108045.76,108090.79,78.15039
2025-07-06 12:30:00+00:00,108090.8,108233.0,108090.79,108232.99,126.79089
2025-07-06 13:00:00+00:00,108233.0,108480.92,108191.85,108461.53,160.21681
2025-07-06 13:30:00+00:00,108461.53,109127.03,108461.53,108772.17,773.96128
2025-07-06 14:00:00+00:00,108772.18,108935.85,108721.52,108904.4,277.22215
2025-07-06 14:30:00+00:00,108904.39,109049.27,108612.0,108933.25,283.4903
2025-07-06 15:00:00+00:00,108933.25,109000.12,108727.87,108830.0,377.30982
2025-07-06 15:30:00+00:00,108830.01,108912.72,108665.86,108905.99,116.21442
2025-07-06 16:00:00+00:00,108906.0,108955.63,108728.0,108828.0,150.28071
2025-07-06 16:30:00+00:00,108828.0,108871.42,108708.0,108856.92,89.2365
2025-07-06 17:00:00+00:00,108856.92,108856.93,108727.16,108855.44,67.8855
2025-07-06 17:30:00+00:00,108855.43,108966.62,108855.43,108919.22,75.30866
2025-07-06 18:00:00+00:00,108919.23,108928.0,108481.04,108554.78,129.70107
2025-07-06 18:30:00+00:00,108554.78,108627.47,108266.67,108463.99,226.86478
2025-07-06 19:00:00+00:00,108464.0,108630.95,108456.0,108460.61,116.13474
2025-07-06 19:30:00+00:00,108460.61,108538.46,108307.69,108538.46,66.59638
2025-07-06 20:00:00+00:00,108538.45,108840.0,108536.86,108708.59,82.54799
2025-07-06 20:30:00+00:00,108708.59,108832.0,108665.47,108665.47,45.749
2025-07-06 21:00:00+00:00,108665.48,109322.26,108665.47,109305.85,221.99087
2025-07-06 21:30:00+00:00,109305.85,109700.0,109034.74,109208.25,588.61909
2025-07-06 22:00:00+00:00,109208.24,109526.69,109203.86,109445.68,321.91159
2025-07-06 22:30:00+00:00,109445.69,109448.8,109210.62,109228.73,142.15404
2025-07-06 23:00:00+00:00,109228.73,109237.4,109010.0,109045.0,187.43764
2025-07-06 23:30:00+00:00,109045.0,109278.18,108977.54,109203.84,105.68487
2025-07-07 00:00:00+00:00,109203.85,109288.02,108972.69,109004.81,131.84884
2025-07-07 00:30:00+00:00,109004.81,109037.82,108800.01,108823.07,121.78628
2025-07-07 01:00:00+00:00,108823.07,108948.69,108679.75,108901.9,167.26695
2025-07-07 01:30:00+00:00,108901.9,109089.0,108901.9,109019.13,132.36301
2025-07-07 02:00:00+00:00,109019.13,109499.99,109019.12,109445.56,301.90335
2025-07-07 02:30:00+00:00,109445.57,109477.2,109330.78,109364.52,131.92714
2025-07-07 03:00:00+00:00,109364.53,109700.0,109364.52,109615.99,165.87931
2025-07-07 03:30:00+00:00,109616.0,109616.0,109368.17,109389.47,160.68691
2025-07-07 04:00:00+00:00,109389.46,109447.54,109204.94,109232.01,99.44165
2025-07-07 04:30:00+00:00,109232.0,109246.68,109128.72,109128.73,84.63652
2025-07-07 05:00:00+00:00,109128.73,109196.78,109125.31,109125.32,96.06641
2025-07-07 05:30:00+00:00,109125.31,109201.65,109035.21,109079.99,88.78514
2025-07-07 06:00:00+00:00,109079.99,109174.87,109000.0,109150.01,142.69645
2025-07-07 06:30:00+00:00,109150.0,109150.01,108769.23,108774.5,205.63162
2025-07-07 07:00:00+00:00,108774.5,108965.57,108654.94,108918.11,263.17643
2025-07-07 07:30:00+00:00,108918.1,109061.08,108865.38,109061.08,88.4585
2025-07-07 08:00:00+00:00,109061.07,109074.0,108880.0,108894.01,92.73316
2025-07-07 08:30:00+00:00,108894.0,109087.86,108860.5,109011.7,118.76327
2025-07-07 09:00:00+00:00,109011.7,109011.71,108761.13,108859.12,143.00256
2025-07-07 09:30:00+00:00,108859.11,108919.28,108780.91,108849.06,116.48858
2025-07-07 10:00:00+00:00,108849.05,108899.32,108700.01,108725.2,473.73159
2025-07-07 10:30:00+00:00,108725.2,108796.0,108660.14,108664.14,493.39365
2025-07-07 11:00:00+00:00,108664.15,108801.0,108572.52,108750.0,270.77649
2025-07-07 11:30:00+00:00,108750.0,108768.36,108631.77,108642.01,84.55004
2025-07-07 12:00:00+00:00,108642.01,108642.02,108385.25,108422.99,400.05397
2025-07-07 12:30:00+00:00,108423.0,108548.28,108303.83,108346.85,489.88068
2025-07-07 13:00:00+00:00,108346.86,108443.6,108019.23,108422.81,380.12873
2025-07-07 13:30:00+00:00,108422.82,108572.0,108019.23,108536.84,346.47505
2025-07-07 14:00:00+00:00,108536.84,108660.0,108075.0,108143.88,285.31619
2025-07-07 14:30:00+00:00,108143.87,108371.99,107970.0,108223.14,250.37845
2025-07-07 15:00:00+00:00,108223.14,108583.96,108223.14,108547.73,172.98807
2025-07-07 15:30:00+00:00,108547.74,108621.45,108285.72,108292.59,191.17509
2025-07-07 16:00:00+00:00,108292.59,108493.56,107906.25,108172.1,398.58049
2025-07-07 16:30:00+00:00,108172.1,108350.0,107911.12,107976.91,241.64961
2025-07-07 17:00:00+00:00,107976.91,108127.15,107811.0,108126.12,209.86294
2025-07-07 17:30:00+00:00,108126.12,108354.0,107893.74,107943.15,172.05048
2025-07-07 18:00:00+00:00,107943.16,108100.0,107526.61,107538.95,299.91557
2025-07-07 18:30:00+00:00,107538.96,108025.98,107513.2,108024.53,192.23541
2025-07-07 19:00:00+00:00,108024.53,108314.72,108009.99,108207.85,178.4358
2025-07-07 19:30:00+00:00,108207.85,108266.75,108024.53,108056.68,133.38403
2025-07-07 20:00:00+00:00,108056.67,108117.11,107866.66,108033.51,114.13536
2025-07-07 20:30:00+00:00,108033.52,108140.5,107869.95,107886.85,106.37224
2025-07-07 21:00:00+00:00,107886.85,107973.62,107800.01,107800.01,153.56106
2025-07-07 21:30:00+00:00,107800.01,108213.0,107800.01,108166.95,130.42302
2025-07-07 22:00:00+00:00,108166.94,108180.0,107973.06,107995.34,95.27503
2025-07-07 22:30:00+00:00,107995.33,108086.91,107989.99,108019.23,127.60214
2025-07-07 23:00:00+00:00,108019.23,108232.34,108019.23,108179.76,66.97628
2025-07-07 23:30:00+00:00,108179.77,108300.0,108179.76,108262.94,92.52647
2025-07-08 00:00:00+00:00,108262.94,108425.06,108193.48,108425.06,180.40835
2025-07-08 00:30:00+00:00,108425.06,108525.0,108204.0,108299.99,229.23319
2025-07-08 01:00:00+00:00,108299.99,108300.0,107995.33,108051.42,145.85719
2025-07-08 01:30:00+00:00,108051.41,108111.16,107689.64,107705.03,182.10756
2025-07-08 02:00:00+00:00,107705.03,107940.0,107429.57,107920.8,625.47219
2025-07-08 02:30:00+00:00,107920.8,107945.0,107558.95,107766.2,465.21042
2025-07-08 03:00:00+00:00,107766.2,107911.17,107686.92,107890.0,88.47397
2025-07-08 03:30:00+00:00,107889.99,108000.0,107868.09,107901.52,94.79712
2025-07-08 04:00:00+00:00,107901.52,107901.52,107750.0,107855.85,71.66544
2025-07-08 04:30:00+00:00,107855.86,108019.24,107855.86,108019.24,81.04818
2025-07-08 05:00:00+00:00,108019.23,108094.17,107990.0,108094.17,66.53182
2025-07-08 05:30:00+00:00,108094.16,108220.39,108000.0,108210.94,127.23684
2025-07-08 06:00:00+00:00,108210.94,108281.0,108135.25,108186.47,110.79479
2025-07-08 06:30:00+00:00,108186.47,108392.05,108186.46,108299.72,149.56559
2025-07-08 07:00:00+00:00,108299.71,108391.01,108216.04,108362.14,114.79794
2025-07-08 07:30:00+00:00,108362.14,108499.0,108328.3,108484.61,288.42509
2025-07-08 08:00:00+00:00,108484.61,108525.0,108374.93,108391.86,141.89868
2025-07-08 08:30:00+00:00,108391.85,108400.01,108262.35,108262.36,100.49248
2025-07-08 09:00:00+00:00,108262.35,108388.69,108229.15,108387.89,83.51911
2025-07-08 09:30:00+00:00,108387.88,108488.98,108387.88,108469.99,59.23831
2025-07-08 10:00:00+00:00,108469.99,108680.0,108419.08,108527.03,179.96903
2025-07-08 10:30:00+00:00,108527.02,108900.0,108521.04,108832.77,290.61724
2025-07-08 11:00:00+00:00,108832.78,109005.0,108832.77,108907.36,288.73194
2025-07-08 11:30:00+00:00,108907.35,108951.85,108756.36,108756.37,169.77115
2025-07-08 12:00:00+00:00,108756.37,108819.88,108688.82,108696.15,125.45547
2025-07-08 12:30:00+00:00,108696.15,108949.19,108696.15,108949.19,103.0234
2025-07-08 13:00:00+00:00,108949.19,108949.19,108795.35,108881.85,101.08842
2025-07-08 13:30:00+00:00,108881.85,109216.56,108631.27,109034.61,490.4526
2025-07-08 14:00:00+00:00,109034.6,109072.81,108382.52,108510.45,320.12421
2025-07-08 14:30:00+00:00,108510.45,108813.4,108250.0,108376.0,277.56169
2025-07-08 15:00:00+00:00,108376.0,108528.06,108241.6,108271.96,235.88885
2025-07-08 15:30:00+00:00,108271.95,108384.0,108217.07,108268.35,194.8559
2025-07-08 16:00:00+00:00,108268.35,108562.95,108096.55,108461.84,189.25813
2025-07-08 16:30:00+00:00,108461.84,108538.0,108188.46,108439.37,151.13095
2025-07-08 17:00:00+00:00,108439.37,109100.0,108439.37,108887.71,686.80431
2025-07-08 17:30:00+00:00,108887.7,109100.0,108712.63,108991.0,419.68204
2025-07-08 18:00:00+00:00,108991.01,109119.24,108909.94,109044.96,342.28912
2025-07-08 18:30:00+00:00,109044.97,109147.56,108950.0,109147.56,357.86941
2025-07-08 19:00:00+00:00,109147.55,109147.56,108950.0,108950.0,148.95688
2025-07-08 19:30:00+00:00,108950.0,108956.0,108736.0,108771.88,130.91661
2025-07-08 20:00:00+00:00,108771.87,108939.0,108696.15,108901.01,79.84439
2025-07-08 20:30:00+00:00,108901.01,108901.01,108630.53,108630.54,80.11588
2025-07-08 21:00:00+00:00,108630.53,108768.0,108624.0,108736.41,79.00637
2025-07-08 21:30:00+00:00,108736.42,108970.4,108736.41,108889.9,90.95405
2025-07-08 22:00:00+00:00,108889.89,108973.58,108818.08,108871.99,73.587
2025-07-08 22:30:00+00:00,108871.99,108930.63,108871.99,108917.01,79.82234
2025-07-08 23:00:00+00:00,108917.01,108970.4,108823.07,108839.99,64.89589
2025-07-08 23:30:00+00:00,108840.0,108974.0,108840.0,108922.98,56.57327
2025-07-09 00:00:00+00:00,108922.99,108947.25,108777.97,108808.0,82.17683
2025-07-09 00:30:00+00:00,108808.0,108957.58,108788.0,108940.39,58.28898
2025-07-09 01:00:00+00:00,108940.38,109136.0,108769.23,108793.88,159.96176
2025-07-09 01:30:00+00:00,108793.87,108802.27,108722.09,108780.76,60.01039
2025-07-09 02:00:00+00:00,108780.77,108837.7,108700.0,108700.01,114.41738
2025-07-09 02:30:00+00:00,108700.01,108770.16,108600.0,108611.53,163.45695
2025-07-09 03:00:00+00:00,108611.53,108665.4,108402.67,108442.3,174.93971
2025-07-09 03:30:00+00:00,108442.31,108442.31,108348.0,108376.41,181.55026
2025-07-09 04:00:00+00:00,108376.41,108474.38,108324.53,108395.36,76.48404
2025-07-09 04:30:00+00:00,108395.37,108564.0,108395.36,108553.61,138.48452
2025-07-09 05:00:00+00:00,108553.6,108624.0,108489.2,108499.99,88.36062
2025-07-09 05:30:00+00:00,108499.99,108942.2,108499.99,108778.1,305.29546
2025-07-09 06:00:00+00:00,108778.1,108815.91,108667.01,108720.01,140.48727
2025-07-09 06:30:00+00:00,108720.01,108860.0,108678.39,108840.01,79.06489
2025-07-09 07:00:00+00:00,108840.01,108876.3,108749.23,108779.56,94.65032
2025-07-09 07:30:00+00:00,108779.56,108779.56,108675.15,108714.39,78.77203
2025-07-09 08:00:00+00:00,108714.39,108837.7,108683.27,108810.9,112.21739
2025-07-09 08:30:00+00:00,108810.9,108821.81,108654.15,108654.16,147.25072
2025-07-09 09:00:00+00:00,108654.15,108671.65,108553.18,108610.0,99.91662
2025-07-09 09:30:00+00:00,108610.0,108793.47,108589.99,108763.37,234.17272
2025-07-09 10:00:00+00:00,108763.37,108840.0,108708.0,108803.68,72.80061
2025-07-09 10:30:00+00:00,108803.69,108900.0,108803.66,108900.0,86.59718
2025-07-09 11:00:00+00:00,108900.0,109088.19,108899.99,109050.34,260.34711
2025-07-09 11:30:00+00:00,109050.33,109117.0,108929.71,109058.27,262.69381
2025-07-09 12:00:00+00:00,109058.27,109500.0,108992.87,109493.99,521.68174
2025-07-09 12:30:00+00:00,109493.98,109500.0,109273.39,109330.77,395.95176
2025-07-09 13:00:00+00:00,109330.76,109769.39,109330.76,109576.59,767.66075
2025-07-09 13:30:00+00:00,109576.59,109698.15,109128.72,109184.0,633.03797
2025-07-09 14:00:00+00:00,109183.99,109460.94,108907.0,108908.94,314.13604
2025-07-09 14:30:00+00:00,108908.94,109036.0,108503.0,108900.29,809.04255
2025-07-09 15:00:00+00:00,108900.29,109215.69,108821.75,108993.0,431.10027
2025-07-09 15:30:00+00:00,108993.0,109116.26,108816.52,109071.32,235.78023
2025-07-09 16:00:00+00:00,109071.32,109278.41,109047.49,109203.85,158.92148
2025-07-09 16:30:00+00:00,109203.84,109475.29,109203.84,109408.71,179.35201
2025-07-09 17:00:00+00:00,109408.72,109447.82,109052.74,109123.7,169.67201
2025-07-09 17:30:00+00:00,109123.7,109213.0,109047.49,109168.0,131.59717
2025-07-09 18:00:00+00:00,109168.01,109579.98,109137.42,109550.0,384.4598
2025-07-09 18:30:00+00:00,109549.99,109550.0,109376.0,109536.49,175.0348
2025-07-09 19:00:00+00:00,109536.5,110350.0,109500.0,110346.01,1255.36868
2025-07-09 19:30:00+00:00,110346.02,111999.79,110245.66,111750.0,3884.1686
2025-07-09 20:00:00+00:00,111749.99,111952.33,110934.25,111005.87,1125.82361
2025-07-09 20:30:00+00:00,111005.87,111101.11,110559.4,110714.97,551.86937
2025-07-09 21:00:00+00:00,110714.97,111280.0,110682.39,111220.87,466.55629
2025-07-09 21:30:00+00:00,111220.87,111220.88,110818.36,110818.36,222.766
2025-07-09 22:00:00+00:00,110818.36,111336.56,110818.36,111084.55,312.93433
2025-07-09 22:30:00+00:00,111084.54,111403.85,111084.54,111382.17,269.4775
2025-07-09 23:00:00+00:00,111382.17,111521.0,111255.65,111404.2,330.01138
2025-07-09 23:30:00+00:00,111404.2,111514.03,111229.92,111233.99,283.48459
2025-07-10 00:00:00+00:00,111234.0,111319.24,111147.33,111147.33,202.68166
2025-07-10 00:30:00+00:00,111147.33,111206.53,110916.66,110916.66,199.67999
2025-07-10 01:00:00+00:00,110916.66,111163.18,110880.0,111096.04,167.4044
2025-07-10 01:30:00+00:00,111096.04,111356.0,111096.04,111189.71,306.87755
2025-07-10 02:00:00+00:00,111189.7,111581.0,111189.7,111295.97,358.15611
2025-07-10 02:30:00+00:00,111295.97,111371.54,111150.0,111213.91,135.2029
2025-07-10 03:00:00+00:00,111213.91,111221.14,111054.27,111054.27,178.27698
2025-07-10 03:30:00+00:00,111054.28,111085.48,110986.33,111074.51,139.45507
2025-07-10 04:00:00+00:00,111074.52,111074.52,110951.59,111055.3,93.87272
2025-07-10 04:30:00+00:00,111055.29,111185.77,111055.29,111150.0,198.26111
2025-07-10 05:00:00+00:00,111150.0,111164.35,110898.0,110993.61,339.03882
2025-07-10 05:30:00+00:00,110993.62,111160.67,110944.0,111086.14,138.16246
2025-07-10 06:00:00+00:00,111086.14,111306.49,111086.14,111278.66,207.51061
2025-07-10 06:30:00+00:00,111278.66,111298.08,111141.92,111233.34,188.17247
2025-07-10 07:00:00+00:00,111233.33,111432.46,111220.88,111363.89,305.39104
2025-07-10 07:30:00+00:00,111363.89,111375.66,111144.08,111230.0,196.7049
2025-07-10 08:00:00+00:00,111229.99,111276.92,111102.78,111260.33,206.77638
2025-07-10 08:30:00+00:00,111260.32,111398.96,111222.74,111233.33,194.28811
2025-07-10 09:00:00+00:00,111233.34,111258.0,111111.45,111130.0,112.43769
2025-07-10 09:30:00+00:00,111130.0,111172.31,111021.57,111041.36,174.53235
2025-07-10 10:00:00+00:00,111041.37,111088.08,110991.16,111009.88,112.43448
2025-07-10 10:30:00+00:00,111009.87,111098.3,110870.33,111088.51,243.64076
2025-07-10 11:00:00+00:00,111088.51,111173.95,111020.0,111165.25,184.13022
2025-07-10 11:30:00+00:00,111165.26,111165.26,110967.0,111019.99,179.55298
2025-07-10 12:00:00+00:00,111019.99,111020.0,110752.35,110921.4,224.97228
2025-07-10 12:30:00+00:00,110921.41,110932.94,110780.0,110869.0,132.68631
2025-07-10 13:00:00+00:00,110869.0,111039.99,110823.24,111039.99,163.81644
2025-07-10 13:30:00+00:00,111039.99,111039.99,110500.0,110800.01,380.45274
2025-07-10 14:00:00+00:00,110801.78,111319.24,110642.3,110872.0,451.33363
2025-07-10 14:30:00+00:00,110871.99,111249.99,110844.0,111247.57,278.35014
2025-07-10 15:00:00+00:00,111247.56,111360.27,110969.51,111331.14,348.92435
2025-07-10 15:30:00+00:00,111331.14,111408.41,111092.0,111408.4,240.68148
2025-07-10 16:00:00+00:00,111408.4,112549.33,111322.32,112376.92,1334.54903
2025-07-10 16:30:00+00:00,112376.92,112725.38,112376.92,112643.48,1111.83637
2025-07-10 17:00:00+00:00,112643.47,113459.0,112545.95,113454.02,1767.40027
2025-07-10 17:30:00+00:00,113454.03,113788.23,113422.09,113722.82,989.975731
2025-07-10 18:00:00+00:00,113722.83,113760.97,113106.09,113182.35,748.08867
2025-07-10 18:30:00+00:00,113182.35,113450.0,112985.64,113420.0,562.69585
2025-07-10 19:00:00+00:00,113420.01,113680.0,113340.61,113340.61,501.04441
2025-07-10 19:30:00+00:00,113340.61,113411.34,113098.45,113301.81,445.44736
2025-07-10 20:00:00+00:00,113301.8,113500.0,113270.98,113447.54,260.56028
2025-07-10 20:30:00+00:00,113447.54,113580.0,113375.45,113493.16,294.25381
2025-07-10 21:00:00+00:00,113493.16,116868.0,113385.36,115727.5,4524.309614
2025-07-10 21:30:00+00:00,115727.51,116800.0,115708.47,116490.52,1789.76166
2025-07-10 22:00:00+00:00,116490.52,116499.95,115886.71,115925.52,1454.51783
2025-07-10 22:30:00+00:00,115925.51,116191.36,115800.0,116008.38,824.12206
2025-07-10 23:00:00+00:00,116008.38,116099.99,115782.0,115788.01,774.78448
2025-07-10 23:30:00+00:00,115788.0,116015.25,115645.88,116010.0,516.24411
2025-07-11 00:00:00+00:00,116010.01,116098.8,115222.22,115500.01,718.26662
2025-07-11 00:30:00+00:00,115500.01,115729.85,115310.03,115590.63,322.79417
2025-07-11 01:00:00+00:00,115590.64,115979.01,115514.57,115945.46,341.48048
2025-07-11 01:30:00+00:00,115945.47,116078.85,115852.61,115967.57,444.77606
2025-07-11 02:00:00+00:00,115967.57,116292.37,115702.86,116279.99,443.63457
2025-07-11 02:30:00+00:00,116279.99,116800.0,116245.37,116672.57,909.50779
2025-07-11 03:00:00+00:00,116672.57,116672.58,116390.25,116525.29,868.22734
2025-07-11 03:30:00+00:00,116525.29,116950.0,116420.0,116881.7,407.984271
2025-07-11 04:00:00+00:00,116881.69,116881.7,116532.18,116553.53,270.44358
2025-07-11 04:30:00+00:00,116553.54,116929.0,116500.0,116918.16,403.58181
2025-07-11 05:00:00+00:00,116918.16,117493.82,116918.16,117493.81,957.76937
2025-07-11 05:30:00+00:00,117493.82,118404.22,117420.0,117860.37,1679.104427
2025-07-11 06:00:00+00:00,117860.38,118400.0,117791.8,118140.91,670.51077
2025-07-11 06:30:00+00:00,118140.9,118181.7,117602.22,117648.33,829.32467
2025-07-11 07:00:00+00:00,117648.32,117895.57,117468.53,117876.9,1365.3004
2025-07-11 07:30:00+00:00,117876.91,118108.79,117500.0,117526.88,1764.13835
2025-07-11 08:00:00+00:00,117526.88,117999.98,117526.88,117985.31,638.74996
2025-07-11 08:30:00+00:00,117985.31,118133.0,117838.47,117964.76,362.07864
2025-07-11 09:00:00+00:00,117964.75,118232.32,117883.74,118170.45,442.37275
2025-07-11 09:30:00+00:00,118170.45,118869.98,118129.97,118470.34,1072.22905
2025-07-11 10:00:00+00:00,118470.35,118470.35,118039.66,118228.54,893.32908
2025-07-11 10:30:00+00:00,118228.54,118300.01,117946.72,117983.78,446.68036
2025-07-11 11:00:00+00:00,117983.78,118110.6,117583.16,117684.22,456.5593
2025-07-11 11:30:00+00:00,117684.22,117958.06,117684.22,117821.91,352.06247
2025-07-11 12:00:00+00:00,117821.91,118259.24,117751.03,117751.03,409.63944
2025-07-11 12:30:00+00:00,117751.04,117925.16,117741.94,117878.11,451.78705
2025-07-11 13:00:00+00:00,117878.1,118031.23,117621.73,117651.34,553.92578
2025-07-11 13:30:00+00:00,117651.35,118189.18,117273.45,117989.18,909.63564
2025-07-11 14:00:00+00:00,117989.17,118170.24,117666.66,117925.27,604.19048
2025-07-11 14:30:00+00:00,117925.27,118158.35,117388.0,117858.16,470.40519
2025-07-11 15:00:00+00:00,117858.15,117960.0,117568.41,117759.99,393.50117
2025-07-11 15:30:00+00:00,117759.99,117760.0,116724.66,116902.59,918.28933
2025-07-11 16:00:00+00:00,116902.58,117261.07,116604.87,117261.07,566.51645
2025-07-11 16:30:00+00:00,117261.07,117433.4,117100.0,117393.39,364.81458
2025-07-11 17:00:00+00:00,117393.38,117745.7,117340.07,117514.61,481.45743
2025-07-11 17:30:00+00:00,117514.6,117671.46,117250.0,117640.0,293.70281
2025-07-11 18:00:00+00:00,117640.01,117734.55,117310.0,117330.54,236.74407
2025-07-11 18:30:00+00:00,117330.55,117712.47,117300.0,117694.01,171.84517
2025-07-11 19:00:00+00:00,117694.02,118138.75,117426.58,117904.57,357.9869
2025-07-11 19:30:00+00:00,117904.56,118134.11,117774.2,118108.81,281.65906
2025-07-11 20:00:00+00:00,118108.81,118108.81,117847.65,117923.99,198.03852
2025-07-11 20:30:00+00:00,117924.0,117931.87,117659.19,117664.46,157.62139
2025-07-11 21:00:00+00:00,117664.46,117880.01,117548.58,117846.46,126.85859
2025-07-11 21:30:00+00:00,117846.46,117846.46,117471.09,117619.99,152.86277
2025-07-11 22:00:00+00:00,117619.99,117636.86,117185.86,117270.26,232.07516
2025-07-11 22:30:00+00:00,117270.26,117665.92,117146.8,117615.89,273.89982
2025-07-11 23:00:00+00:00,117615.88,117677.24,117563.75,117625.79,116.99291
2025-07-11 23:30:00+00:00,117625.8,117664.84,117436.59,117527.66,88.16515
2025-07-12 00:00:00+00:00,117527.66,117646.97,117462.68,117521.09,133.97806
2025-07-12 00:30:00+00:00,117521.09,117521.1,117141.13,117407.99,258.57222
2025-07-12 01:00:00+00:00,117407.99,117688.44,117407.99,117688.43,187.25192
2025-07-12 01:30:00+00:00,117688.43,117697.49,117564.56,117644.81,134.77296
2025-07-12 02:00:00+00:00,117644.8,117800.43,117615.16,117744.1,178.72205
2025-07-12 02:30:00+00:00,117744.1,117763.66,117556.0,117599.99,140.38487
2025-07-12 03:00:00+00:00,117599.98,117840.49,117599.97,117837.37,150.06086
2025-07-12 03:30:00+00:00,117837.38,117847.66,117651.99,117774.42,85.07688
2025-07-12 04:00:00+00:00,117774.42,117876.57,117711.14,117849.99,99.39286
2025-07-12 04:30:00+00:00,117850.0,117850.0,117587.0,117646.44,132.1923
2025-07-12 05:00:00+00:00,117646.43,117676.32,117506.37,117621.06,100.75171
2025-07-12 05:30:00+00:00,117621.06,117718.82,117560.0,117689.68,126.97979
2025-07-12 06:00:00+00:00,117689.68,117966.73,117660.0,117910.0,186.46883
2025-07-12 06:30:00+00:00,117910.0,117981.57,117830.07,117847.66,122.60708
2025-07-12 07:00:00+00:00,117847.66,118054.79,117828.75,117939.51,213.25899
2025-07-12 07:30:00+00:00,117939.51,117939.51,117625.63,117731.99,176.04419
2025-07-12 08:00:00+00:00,117731.99,117868.0,117731.99,117855.9,138.89836
2025-07-12 08:30:00+00:00,117855.9,118000.0,117724.47,117929.65,287.98111
2025-07-12 09:00:00+00:00,117929.66,118036.01,117881.15,117980.0,170.80081
2025-07-12 09:30:00+00:00,117980.01,118200.0,117902.3,118158.78,201.77756
2025-07-12 10:00:00+00:00,118158.79,118158.79,117870.31,118065.91,246.99314
2025-07-12 10:30:00+00:00,118065.91,118140.96,118000.56,118077.32,113.52852
2025-07-12 11:00:00+00:00,118077.32,118106.2,117920.24,118009.96,116.32783
2025-07-12 11:30:00+00:00,118009.96,118035.52,117625.0,117810.0,183.05733
2025-07-12 12:00:00+00:00,117810.0,117861.19,117664.84,117665.6,127.6912
2025-07-12 12:30:00+00:00,117665.59,117725.75,117309.61,117559.97,768.57433
2025-07-12 13:00:00+00:00,117559.98,117571.61,117299.86,117304.7,471.4199
2025-07-12 13:30:00+00:00,117304.7,117500.0,117238.88,117500.0,286.82506
2025-07-12 14:00:00+00:00,117500.0,117727.26,117405.55,117656.71,260.9291
2025-07-12 14:30:00+00:00,117656.7,117656.71,117315.68,117389.47,189.03772
2025-07-12 15:00:00+00:00,117389.47,117461.62,117170.34,117336.34,232.13473
2025-07-12 15:30:00+00:00,117336.35,117447.29,116900.05,117100.01,550.77823
2025-07-12 16:00:00+00:00,117100.0,117376.82,117045.86,117295.49,200.84763
2025-07-12 16:30:00+00:00,117295.5,117399.77,117139.0,117191.08,82.14142
2025-07-12 17:00:00+00:00,117191.08,117445.56,117186.81,117445.55,92.27672
2025-07-12 17:30:00+00:00,117445.56,117548.69,117394.53,117478.4,116.72983
2025-07-12 18:00:00+00:00,117478.4,117498.27,117396.0,117416.64,79.76741
2025-07-12 18:30:00+00:00,117416.64,117509.76,117378.91,117504.0,81.96257
2025-07-12 19:00:00+00:00,117504.01,117639.98,117440.43,117440.43,153.00211
2025-07-12 19:30:00+00:00,117440.43,117620.0,117439.72,117550.96,154.81559
2025-07-12 20:00:00+00:00,117550.96,117550.96,117419.79,117442.96,55.65586
2025-07-12 20:30:00+00:00,117442.96,117442.96,117023.35,117023.36,98.8644
2025-07-12 21:00:00+00:00,117023.36,117336.03,117000.01,117315.87,106.0396
2025-07-12 21:30:00+00:00,117315.87,117555.5,117290.0,117485.22,101.00773
2025-07-12 22:00:00+00:00,117485.21,117563.75,117312.04,117456.01,152.61669
2025-07-12 22:30:00+00:00,117456.01,117517.42,117344.0,117385.37,80.53342
2025-07-12 23:00:00+00:00,117385.38,117411.27,117219.53,117288.0,45.11123
2025-07-12 23:30:00+00:00,117288.0,117460.02,117258.96,117420.0,71.96166
2025-07-13 00:00:00+00:00,117420.0,117458.48,117248.21,117392.79,76.8353
2025-07-13 00:30:00+00:00,117392.79,117432.43,117264.14,117316.1,86.75199
2025-07-13 01:00:00+00:00,117316.1,117422.53,117224.79,117387.99,103.7902
2025-07-13 01:30:00+00:00,117387.99,117640.61,117378.9,117553.37,132.33981
2025-07-13 02:00:00+00:00,117553.37,117553.38,117417.1,117429.8,49.8192
2025-07-13 02:30:00+00:00,117429.81,117817.16,117407.94,117620.0,108.8421
2025-07-13 03:00:00+00:00,117620.0,117765.92,117600.81,117765.92,60.95899
2025-07-13 03:30:00+00:00,117765.91,117824.76,117680.0,117753.6,77.07389
2025-07-13 04:00:00+00:00,117753.59,117812.03,117684.22,117769.99,80.75317
2025-07-13 04:30:00+00:00,117769.99,117892.23,117769.98,117879.22,141.74795
2025-07-13 05:00:00+00:00,117879.22,117904.75,117780.0,117832.64,77.79807
2025-07-13 05:30:00+00:00,117832.65,117894.95,117700.65,117759.99,72.76097
2025-07-13 06:00:00+00:00,117759.99,117861.12,117742.31,117861.11,64.70009
2025-07-13 06:30:00+00:00,117861.12,117978.97,117861.11,117888.51,122.03551
2025-07-13 07:00:00+00:00,117888.51,117990.0,117852.0,117989.99,105.91509
2025-07-13 07:30:00+00:00,117990.0,118054.79,117902.12,117999.0,202.26897
2025-07-13 08:00:00+00:00,117998.99,118006.96,117816.36,117831.08,100.60136
2025-07-13 08:30:00+00:00,117831.08,117895.79,117756.39,117895.78,65.14246
2025-07-13 09:00:00+00:00,117895.78,117901.34,117789.68,117850.01,72.48262
2025-07-13 09:30:00+00:00,117850.01,117850.01,117689.63,117739.16,78.95045
2025-07-13 10:00:00+00:00,117739.16,117845.48,117739.16,117800.01,53.34943
2025-07-13 10:30:00+00:00,117800.01,117800.01,117746.81,117747.99,45.43568
2025-07-13 11:00:00+00:00,117748.0,118080.0,117747.99,118059.85,144.80018
2025-07-13 11:30:00+00:00,118059.86,118086.66,117947.33,118072.01,124.68675
2025-07-13 12:00:00+00:00,118072.01,118190.03,117989.53,118190.02,143.19837
2025-07-13 12:30:00+00:00,118190.03,118636.92,118060.91,118432.11,546.51203
2025-07-13 13:00:00+00:00,118432.11,118596.95,118154.81,118308.24,322.88314
2025-07-13 13:30:00+00:00,118308.23,118750.0,118308.23,118610.01,414.03959
2025-07-13 14:00:00+00:00,118610.0,119376.0,118450.97,119150.0,1241.171767
2025-07-13 14:30:00+00:00,119149.99,119167.3,118353.2,118766.94,656.76729
2025-07-13 15:00:00+00:00,118766.94,119124.0,118653.13,118908.03,343.98993
2025-07-13 15:30:00+00:00,118908.03,118908.03,118532.84,118672.24,222.5422
2025-07-13 16:00:00+00:00,118672.23,118982.89,118640.01,118823.07,189.50023
2025-07-13 16:30:00+00:00,118823.07,118873.3,118520.0,118528.01,294.17501
2025-07-13 17:00:00+00:00,118528.0,118721.42,118382.56,118670.34,174.78676
2025-07-13 17:30:00+00:00,118670.33,118844.83,118670.33,118699.6,174.01162
2025-07-13 18:00:00+00:00,118699.6,119070.24,118592.01,119027.91,176.12672
2025-07-13 18:30:00+00:00,119027.9,119027.91,118834.53,118992.73,139.26901
2025-07-13 19:00:00+00:00,118992.73,119310.0,118962.79,119253.19,231.89985
2025-07-13 19:30:00+00:00,119253.19,119488.0,118897.44,118961.08,369.63237
2025-07-13 20:00:00+00:00,118961.09,119280.0,118826.0,119280.0,148.80249
2025-07-13 20:30:00+00:00,119280.0,119367.37,119004.0,119083.6,141.46739
2025-07-13 21:00:00+00:00,119083.6,119083.6,118860.6,118935.27,129.77886
2025-07-13 21:30:00+00:00,118935.26,118941.42,118500.01,118648.87,291.29713
2025-07-13 22:00:00+00:00,118648.86,118648.86,118243.68,118424.5,414.65211
2025-07-13 22:30:00+00:00,118424.51,118774.64,118424.5,118520.01,170.0633
2025-07-13 23:00:00+00:00,118520.01,118757.26,118386.55,118648.45,149.77241
2025-07-13 23:30:00+00:00,118648.45,119198.0,118646.62,119086.64,214.61314
2025-07-14 00:00:00+00:00,119086.65,119470.54,118916.17,119174.82,291.72551
2025-07-14 00:30:00+00:00,119174.45,119422.85,119050.01,119061.4,246.8923
2025-07-14 01:00:00+00:00,119061.4,119172.0,118911.57,118930.8,176.75831
2025-07-14 01:30:00+00:00,118930.79,119238.1,118905.18,119100.58,172.59376
2025-07-14 02:00:00+00:00,119100.58,119900.0,118969.56,119834.51,612.18752
2025-07-14 02:30:00+00:00,119834.52,119999.0,119480.0,119647.88,698.90663
2025-07-14 03:00:00+00:00,119647.88,119964.02,119592.7,119925.49,315.86908
2025-07-14 03:30:00+00:00,119925.48,121492.48,119822.28,120750.24,2903.599776
2025-07-14 04:00:00+00:00,120750.25,121096.25,120557.63,120957.46,733.72033
2025-07-14 04:30:00+00:00,120957.46,121438.27,120851.95,121400.0,610.14298
2025-07-14 05:00:00+00:00,121400.0,122666.0,121129.0,122330.47,1592.615009
2025-07-14 05:30:00+00:00,122330.46,122499.99,121901.88,122461.99,1111.88368
2025-07-14 06:00:00+00:00,122461.99,122465.3,122017.81,122438.83,668.98877
2025-07-14 06:30:00+00:00,122438.83,122438.83,122058.4,122130.99,477.8704
2025-07-14 07:00:00+00:00,122130.99,122467.73,122100.0,122315.66,544.36026
2025-07-14 07:30:00+00:00,122315.66,123218.0,122315.66,122736.04,1242.218792
2025-07-14 08:00:00+00:00,122736.04,122769.19,122300.0,122431.99,508.40824
2025-07-14 08:30:00+00:00,122432.0,122703.86,122431.99,122578.0,342.6137
2025-07-14 09:00:00+00:00,122578.01,122582.97,121909.0,122013.34,412.8949
2025-07-14 09:30:00+00:00,122013.34,122200.0,121888.44,121973.74,516.52867
2025-07-14 10:00:00+00:00,121973.74,121984.0,121628.47,121927.74,445.94691
2025-07-14 10:30:00+00:00,121927.74,122130.65,121852.74,121905.48,296.95014
2025-07-14 11:00:00+00:00,121905.48,121905.48,121356.0,121530.53,419.62093
2025-07-14 11:30:00+00:00,121530.53,121694.64,121355.55,121467.24,336.37178
2025-07-14 12:00:00+00:00,121467.23,121881.45,121400.01,121787.33,426.56012
2025-07-14 12:30:00+00:00,121787.34,121945.63,121666.0,121918.0,504.16069
2025-07-14 13:00:00+00:00,121918.01,121965.41,121605.29,121720.01,430.86024
2025-07-14 13:30:00+00:00,121720.0,122120.0,121188.0,121710.64,720.99001
2025-07-14 14:00:00+00:00,121710.64,121990.42,121150.0,121476.0,434.48428
2025-07-14 14:30:00+00:00,121476.01,121502.21,120600.0,121158.89,1421.45699
2025-07-14 15:00:00+00:00,121158.88,121176.26,120337.75,120397.31,881.87841
2025-07-14 15:30:00+00:00,120397.31,120413.57,119611.7,119878.23,1227.32178
2025-07-14 16:00:00+00:00,119878.22,120055.11,119202.0,120033.09,986.54797
2025-07-14 16:30:00+00:00,120033.09,120299.58,119683.38,120268.87,456.49762
2025-07-14 17:00:00+00:00,120268.88,120526.03,120075.0,120163.68,492.83467
2025-07-14 17:30:00+00:00,120163.68,120265.55,119769.4,119896.42,680.52937
2025-07-14 18:00:00+00:00,119896.42,120186.78,119740.0,120131.49,283.09105
2025-07-14 18:30:00+00:00,120131.49,120192.73,119632.0,119644.94,529.29086
2025-07-14 19:00:00+00:00,119644.93,120103.31,119610.92,119780.0,261.78317
2025-07-14 19:30:00+00:00,119780.01,120089.39,119673.15,119939.41,436.67025
2025-07-14 20:00:00+00:00,119939.42,119990.5,119522.72,119981.53,252.33309
2025-07-14 20:30:00+00:00,119981.53,120447.0,119926.21,120167.07,300.04009
2025-07-14 21:00:00+00:00,120167.06,120192.63,119827.34,119983.69,161.56426
2025-07-14 21:30:00+00:00,119983.7,120244.5,119944.43,120034.98,128.76708
2025-07-14 22:00:00+00:00,120034.97,120300.0,119924.0,120288.35,138.10821
2025-07-14 22:30:00+00:00,120288.35,120296.79,120023.03,120057.01,159.44296
2025-07-14 23:00:00+00:00,120057.01,120057.01,119784.99,119806.65,133.70337
2025-07-14 23:30:00+00:00,119806.65,119973.92,119766.05,119841.18,140.76396
2025-07-15 00:00:00+00:00,119841.17,119940.83,119563.24,119880.75,252.26001
2025-07-15 00:30:00+00:00,119880.75,119880.75,119110.0,119497.92,394.48194
2025-07-15 01:00:00+00:00,119497.93,119537.22,118760.01,119040.0,702.01559
2025-07-15 01:30:00+00:00,119040.0,119462.37,118352.09,118431.71,1078.19635
2025-07-15 02:00:00+00:00,118431.71,118855.56,117827.46,117898.01,985.01377
2025-07-15 02:30:00+00:00,117898.01,118434.63,117868.12,118251.05,845.72604
2025-07-15 03:00:00+00:00,118251.04,118251.04,117100.0,117457.5,1467.46067
2025-07-15 03:30:00+00:00,117457.51,117539.44,116840.01,117148.47,898.24735
2025-07-15 04:00:00+00:00,117148.46,117393.5,116250.0,117268.79,1469.56043
2025-07-15 04:30:00+00:00,117268.8,117511.33,116947.98,117480.48,384.42949
2025-07-15 05:00:00+00:00,117480.48,117765.4,117362.65,117514.54,584.64371
2025-07-15 05:30:00+00:00,117514.54,117520.0,116962.97,117335.12,576.61148
2025-07-15 06:00:00+00:00,117335.12,117335.12,116809.19,117037.61,581.78333
2025-07-15 06:30:00+00:00,117037.62,117111.16,116766.0,117070.54,468.55361
2025-07-15 07:00:00+00:00,117070.54,117270.86,116881.2,116958.95,647.08221
2025-07-15 07:30:00+00:00,116958.95,116958.95,116400.0,116779.12,766.14149
2025-07-15 08:00:00+00:00,116779.13,116857.75,116300.0,116830.0,517.39766
2025-07-15 08:30:00+00:00,116830.01,116862.02,116711.66,116777.47,568.91029
2025-07-15 09:00:00+00:00,116777.47,117224.08,116777.46,116964.97,552.34415
2025-07-15 09:30:00+00:00,116964.97,117067.61,116711.67,116779.99,368.57839
2025-07-15 10:00:00+00:00,116780.0,117069.94,116744.48,117000.0,429.20445
2025-07-15 10:30:00+00:00,116999.99,117198.21,116907.36,117016.48,424.68614
2025-07-15 11:00:00+00:00,117016.49,117061.68,116338.3,116474.98,406.63204
2025-07-15 11:30:00+00:00,116474.99,117161.52,116440.72,117113.98,344.5898
2025-07-15 12:00:00+00:00,117113.98,117318.47,116859.19,116909.62,380.74154
2025-07-15 12:30:00+00:00,116909.62,117466.52,116417.0,117204.18,1084.12621
2025-07-15 13:00:00+00:00,117204.18,118132.6,117157.25,117688.39,1055.28049
2025-07-15 13:30:00+00:00,117688.39,118490.71,117528.58,118088.13,1154.78299
2025-07-15 14:00:00+00:00,118088.13,118458.31,117566.69,117566.7,810.4293
2025-07-15 14:30:00+00:00,117566.69,117632.82,115736.92,116008.19,1877.14344
2025-07-15 15:00:00+00:00,116008.2,116388.05,115800.0,116258.0,1129.94313
2025-07-15 15:30:00+00:00,116258.01,116750.0,116150.0,116391.43,1169.82995
2025-07-15 16:00:00+00:00,116391.43,117172.07,116362.97,116876.0,743.69922
2025-07-15 16:30:00+00:00,116876.01,117800.6,116876.0,117188.01,880.98245
2025-07-15 17:00:00+00:00,117188.0,117516.2,117140.0,117493.58,511.29296
2025-07-15 17:30:00+00:00,117493.59,117538.46,117213.82,117372.99,484.4356
2025-07-15 18:00:00+00:00,117373.0,117380.0,116777.77,116785.99,876.64967
2025-07-15 18:30:00+00:00,116785.99,116897.41,116019.05,116719.55,844.50972
2025-07-15 19:00:00+00:00,116719.55,117204.5,116632.79,116845.55,746.28799
2025-07-15 19:30:00+00:00,116845.55,116908.77,116282.38,116416.07,307.536
2025-07-15 20:00:00+00:00,116416.07,116725.02,116192.27,116536.41,427.89637
2025-07-15 20:30:00+00:00,116536.41,116639.7,116392.0,116419.02,176.33478
2025-07-15 21:00:00+00:00,116419.01,117149.73,116350.0,117141.05,261.86843
2025-07-15 21:30:00+00:00,117141.06,117600.0,117063.85,117553.92,351.33838
2025-07-15 22:00:00+00:00,117553.91,117596.48,117281.51,117527.72,350.66012
2025-07-15 22:30:00+00:00,117527.72,117868.52,117263.66,117827.74,283.53692
2025-07-15 23:00:00+00:00,117827.74,117972.86,117556.52,117576.54,243.78142
2025-07-15 23:30:00+00:00,117576.53,117794.02,117500.0,117758.09,150.82336
2025-07-16 00:00:00+00:00,117758.08,117789.06,117425.27,117584.27,232.92126
2025-07-16 00:30:00+00:00,117584.27,118178.0,117584.26,118112.89,389.94951
2025-07-16 01:00:00+00:00,118112.9,118195.0,117644.49,117663.57,242.67918
2025-07-16 01:30:00+00:00,117663.57,117791.78,117582.12,117724.29,228.08639
2025-07-16 02:00:00+00:00,117724.29,117752.87,117239.26,117350.0,354.51845
2025-07-16 02:30:00+00:00,117350.0,117362.0,117017.29,117317.27,223.85601
2025-07-16 03:00:00+00:00,117317.27,117519.49,117211.25,117370.58,200.25842
2025-07-16 03:30:00+00:00,117370.58,117508.77,117364.8,117482.67,188.4394
2025-07-16 04:00:00+00:00,117482.67,117519.77,117275.63,117519.77,159.37705
2025-07-16 04:30:00+00:00,117519.76,117700.7,117496.26,117600.92,175.63902
2025-07-16 05:00:00+00:00,117600.92,118000.0,117600.92,117847.48,237.00453
2025-07-16 05:30:00+00:00,117847.48,118000.0,117774.86,117869.82,242.80207
2025-07-16 06:00:00+00:00,117869.82,118086.11,117760.0,118060.0,185.47071
2025-07-16 06:30:00+00:00,118059.99,118285.15,118000.0,118276.3,186.92573
2025-07-16 07:00:00+00:00,118276.3,118289.91,118046.19,118245.93,181.38403
2025-07-16 07:30:00+00:00,118245.92,118300.0,118104.18,118189.25,285.12548
2025-07-16 08:00:00+00:00,118189.24,118259.11,118113.82,118230.87,369.67081
2025-07-16 08:30:00+00:00,118230.87,118794.64,118230.87,118699.99,488.74452
2025-07-16 09:00:00+00:00,118700.0,119200.0,118693.71,119141.43,352.50693
2025-07-16 09:30:00+00:00,119141.43,119193.44,118720.73,119193.37,413.74234
2025-07-16 10:00:00+00:00,119193.38,119310.75,119106.58,119168.14,327.27669
2025-07-16 10:30:00+00:00,119168.15,119186.76,118734.53,118736.25,287.13256
2025-07-16 11:00:00+00:00,118736.24,118911.9,118650.0,118911.89,228.43383
2025-07-16 11:30:00+00:00,118911.89,118912.36,118708.12,118769.06,190.86608
2025-07-16 12:00:00+00:00,118769.06,118899.0,118700.0,118891.42,152.42857
2025-07-16 12:30:00+00:00,118891.41,119082.94,118580.36,118613.43,397.97904
2025-07-16 13:00:00+00:00,118613.43,118813.7,118408.54,118798.99,297.70734
2025-07-16 13:30:00+00:00,118799.0,118920.0,118181.14,118700.01,630.04623
2025-07-16 14:00:00+00:00,118700.02,118783.88,118200.0,118478.91,450.11874
2025-07-16 14:30:00+00:00,118478.9,119260.0,118288.0,119056.8,689.24725
2025-07-16 15:00:00+00:00,119056.81,119794.8,118729.4,119498.28,1243.65336
2025-07-16 15:30:00+00:00,119498.28,119498.28,118328.48,119095.76,989.98589
2025-07-16 16:00:00+00:00,119095.76,119254.21,118471.38,119175.67,393.30795
2025-07-16 16:30:00+00:00,119175.66,119338.12,118980.0,119291.91,277.99455
2025-07-16 17:00:00+00:00,119291.91,119700.0,119198.15,119635.87,307.4205
2025-07-16 17:30:00+00:00,119635.88,119682.63,118963.96,119073.35,347.52694
2025-07-16 18:00:00+00:00,119073.35,119500.0,118880.27,119175.16,291.75161
2025-07-16 18:30:00+00:00,119175.16,119904.13,119175.16,119512.2,439.50433
2025-07-16 19:00:00+00:00,119512.2,119668.72,119138.0,119182.83,510.70869
2025-07-16 19:30:00+00:00,119182.83,119320.0,118822.72,119230.16,309.11967
2025-07-16 20:00:00+00:00,119230.16,119597.79,118943.91,119597.79,349.68694
2025-07-16 20:30:00+00:00,119597.79,119933.89,119500.0,119921.96,256.75703
2025-07-16 21:00:00+00:00,119921.97,120063.84,119724.0,119940.78,512.65223
2025-07-16 21:30:00+00:00,119940.78,119950.15,119200.0,119297.64,581.611
2025-07-16 22:00:00+00:00,119297.64,119500.0,119167.74,119183.28,522.7127
2025-07-16 22:30:00+00:00,119183.27,119247.49,118592.22,118639.34,371.2526
2025-07-16 23:00:00+00:00,118639.34,118667.57,118420.0,118650.44,223.34333
2025-07-16 23:30:00+00:00,118650.44,118823.5,118577.22,118630.43,120.58102
2025-07-17 00:00:00+00:00,118630.44,118970.18,118620.83,118863.01,181.13145
2025-07-17 00:30:00+00:00,118863.02,119158.28,118823.26,118894.33,138.20499
2025-07-17 01:00:00+00:00,118894.33,119082.88,118560.0,118684.56,215.17981
2025-07-17 01:30:00+00:00,118684.57,118716.64,117683.53,118149.7,639.15533
2025-07-17 02:00:00+00:00,118149.71,118523.25,118017.06,118399.99,335.03963
2025-07-17 02:30:00+00:00,118399.99,118466.2,118050.0,118330.57,272.80436
2025-07-17 03:00:00+00:00,118330.58,118356.32,117850.0,117874.42,228.47549
2025-07-17 03:30:00+00:00,117874.42,118140.0,117761.11,118128.8,224.07097
2025-07-17 04:00:00+00:00,118128.8,118320.0,117959.33,118281.64,210.49266
2025-07-17 04:30:00+00:00,118281.65,118485.4,118281.64,118485.4,178.8428
2025-07-17 05:00:00+00:00,118485.39,118485.4,118258.18,118407.03,154.06595
2025-07-17 05:30:00+00:00,118407.03,118643.59,118225.54,118587.03,210.72984
2025-07-17 06:00:00+00:00,118587.03,118772.0,118341.55,118660.67,321.09301
2025-07-17 06:30:00+00:00,118660.66,118678.94,118345.0,118452.51,271.83358
2025-07-17 07:00:00+00:00,118452.51,118452.51,117857.03,117932.73,401.26816
2025-07-17 07:30:00+00:00,117932.73,118556.45,117932.73,118311.75,332.30783
2025-07-17 08:00:00+00:00,118311.75,118345.42,118082.99,118262.99,189.48594
2025-07-17 08:30:00+00:00,118263.0,118424.28,118129.13,118330.93,227.36359
2025-07-17 09:00:00+00:00,118330.93,119160.18,118242.26,119135.92,461.73124
2025-07-17 09:30:00+00:00,119135.92,119192.0,118769.34,118769.34,272.27771
2025-07-17 10:00:00+00:00,118769.34,118869.73,118530.0,118563.3,218.80983
2025-07-17 10:30:00+00:00,118563.3,118563.3,118241.24,118340.01,183.88711
2025-07-17 11:00:00+00:00,118340.0,118398.82,118152.0,118173.29,221.33938
2025-07-17 11:30:00+00:00,118173.3,118213.66,117974.99,117995.0,266.98836
2025-07-17 12:00:00+00:00,117995.0,118092.0,117471.67,117472.17,544.43722
2025-07-17 12:30:00+00:00,117472.17,118183.74,117453.57,117867.08,497.49767
2025-07-17 13:00:00+00:00,117867.08,118018.4,117660.0,117904.0,302.93707
2025-07-17 13:30:00+00:00,117903.99,118446.19,117520.6,118281.99,543.13508
2025-07-17 14:00:00+00:00,118281.99,118700.0,118141.47,118693.09,451.5762
2025-07-17 14:30:00+00:00,118693.09,118834.2,118500.0,118770.94,243.71305
2025-07-17 15:00:00+00:00,118770.94,118879.0,118334.34,118513.83,266.06937
2025-07-17 15:30:00+00:00,118513.83,119073.46,118513.82,118881.99,326.42917
2025-07-17 16:00:00+00:00,118881.99,118954.66,118501.87,118559.99,242.21354
2025-07-17 16:30:00+00:00,118559.99,118610.0,118333.6,118558.61,308.47265
2025-07-17 17:00:00+00:00,118558.61,118947.55,118544.14,118706.4,203.2719
2025-07-17 17:30:00+00:00,118706.39,119328.89,118500.0,119261.5,352.35202
2025-07-17 18:00:00+00:00,119261.51,119735.67,119211.94,119685.5,437.91336
2025-07-17 18:30:00+00:00,119685.5,119780.67,119480.0,119580.0,251.23848
2025-07-17 19:00:00+00:00,119580.0,119880.13,119580.0,119656.09,321.89847
2025-07-17 19:30:00+00:00,119656.09,119688.51,118821.06,118959.66,316.58003
2025-07-17 20:00:00+00:00,118959.66,119142.75,118383.97,119039.46,399.50617
2025-07-17 20:30:00+00:00,119039.46,119436.87,119039.45,119436.86,183.89337
2025-07-17 21:00:00+00:00,119436.86,120998.71,119431.93,120899.36,1326.71309
2025-07-17 21:30:00+00:00,120899.36,120915.75,120058.18,120272.19,543.08041
2025-07-17 22:00:00+00:00,120272.19,120693.35,120050.0,120081.99,359.60986
2025-07-17 22:30:00+00:00,120081.99,120337.52,119485.71,119766.71,336.08885
2025-07-17 23:00:00+00:00,119766.7,119879.35,119446.66,119616.05,396.49234
2025-07-17 23:30:00+00:00,119616.05,119663.26,119170.52,119177.56,216.87812
2025-07-18 00:00:00+00:00,119177.56,119600.88,119020.48,119501.0,207.67938
2025-07-18 00:30:00+00:00,119501.01,119786.52,119501.0,119739.06,284.53587
2025-07-18 01:00:00+00:00,119739.06,120484.73,119644.21,120169.99,603.23827
2025-07-18 01:30:00+00:00,120169.99,120785.49,120036.24,120336.88,514.10838
2025-07-18 02:00:00+00:00,120336.88,120350.58,119869.97,120223.57,336.7561
2025-07-18 02:30:00+00:00,120223.53,120399.04,120079.14,120096.43,248.50698
2025-07-18 03:00:00+00:00,120096.42,120225.0,119949.28,120060.15,273.66565
2025-07-18 03:30:00+00:00,120060.16,120478.83,120010.06,120223.09,204.37872
2025-07-18 04:00:00+00:00,120223.08,120223.09,119750.0,120077.12,270.40954
2025-07-18 04:30:00+00:00,120077.12,120486.29,120077.12,120403.4,265.29957
2025-07-18 05:00:00+00:00,120403.4,120635.97,120210.02,120540.87,535.90195
2025-07-18 05:30:00+00:00,120540.88,120614.97,120280.0,120589.95,271.00739
2025-07-18 06:00:00+00:00,120589.94,120820.71,120151.96,120151.97,546.82188
2025-07-18 06:30:00+00:00,120151.97,120455.81,120075.04,120251.0,329.42371
2025-07-18 07:00:00+00:00,120251.0,120386.27,119625.0,119652.0,595.81363
2025-07-18 07:30:00+00:00,119652.0,119862.01,119287.72,119339.51,834.50167
2025-07-18 08:00:00+00:00,119339.51,119469.21,119072.39,119114.89,799.2384
2025-07-18 08:30:00+00:00,119114.88,119114.88,118395.0,118642.01,656.95564
2025-07-18 09:00:00+00:00,118642.02,118883.41,118442.84,118647.37,573.39512
2025-07-18 09:30:00+00:00,118647.38,118974.99,118647.38,118875.01,387.00045
2025-07-18 10:00:00+00:00,118875.01,118918.57,118502.7,118787.58,482.43059
2025-07-18 10:30:00+00:00,118787.59,119259.98,118754.12,119250.72,411.18026
2025-07-18 11:00:00+00:00,119250.72,119281.93,118772.4,118897.99,304.85666
2025-07-18 11:30:00+00:00,118898.0,119196.45,118776.74,119171.34,199.43771
2025-07-18 12:00:00+00:00,119171.35,119344.11,119145.84,119204.0,244.36802
2025-07-18 12:30:00+00:00,119204.01,119531.48,119204.01,119442.44,336.3868
2025-07-18 13:00:00+00:00,119442.43,119442.44,118651.14,118800.01,624.92288
2025-07-18 13:30:00+00:00,118800.0,118891.02,118500.0,118773.38,645.26165
2025-07-18 14:00:00+00:00,118773.38,119242.63,117751.0,117950.25,1083.65481
2025-07-18 14:30:00+00:00,117950.25,118390.72,117315.69,118139.99,1050.20977
2025-07-18 15:00:00+00:00,118139.99,118265.96,117501.91,117760.0,633.49802
2025-07-18 15:30:00+00:00,117760.0,118021.71,117480.0,117860.25,402.47649
2025-07-18 16:00:00+00:00,117860.24,118054.92,117530.68,117607.57,411.96789
2025-07-18 16:30:00+00:00,117607.57,118012.73,117479.92,117553.42,331.9416
2025-07-18 17:00:00+00:00,117553.41,117996.49,117377.0,117924.01,278.33861
2025-07-18 17:30:00+00:00,117924.0,117973.52,117494.41,117600.01,188.50486
2025-07-18 18:00:00+00:00,117600.01,117680.37,117357.7,117680.37,381.61187
2025-07-18 18:30:00+00:00,117680.37,117723.11,117235.0,117310.72,252.15588
2025-07-18 19:00:00+00:00,117310.72,117874.0,117120.53,117800.01,459.54005
2025-07-18 19:30:00+00:00,117800.0,117800.0,117299.12,117374.76,260.52487
2025-07-18 20:00:00+00:00,117374.75,117404.0,116936.71,116991.61,411.58816
2025-07-18 20:30:00+00:00,116991.61,117539.51,116812.76,117405.0,559.73041
2025-07-18 21:00:00+00:00,117404.99,117875.0,117368.01,117719.92,239.95664
2025-07-18 21:30:00+00:00,117719.93,117879.9,117587.19,117676.82,158.30882
2025-07-18 22:00:00+00:00,117676.81,117962.09,117402.25,117884.96,241.75313
2025-07-18 22:30:00+00:00,117884.95,117932.13,117606.66,117683.71,155.70457
2025-07-18 23:00:00+00:00,117683.71,117884.29,117455.94,117820.01,200.98665
2025-07-18 23:30:00+00:00,117820.01,118021.62,117800.0,117924.84,234.72669
2025-07-19 00:00:00+00:00,117924.84,117960.29,117838.09,117959.25,134.76495
2025-07-19 00:30:00+00:00,117959.26,118028.86,117714.85,117739.7,180.13645
2025-07-19 01:00:00+00:00,117739.7,118010.6,117613.35,117979.99,148.98141
2025-07-19 01:30:00+00:00,117979.99,118109.95,117926.23,118036.73,137.47619
2025-07-19 02:00:00+00:00,118036.74,118092.23,117935.0,117986.38,153.13611
2025-07-19 02:30:00+00:00,117986.37,118297.72,117986.37,118201.03,185.97053
2025-07-19 03:00:00+00:00,118201.04,118297.73,118123.6,118252.73,198.45882
2025-07-19 03:30:00+00:00,118252.74,118371.42,118200.0,118322.54,184.08006
2025-07-19 04:00:00+00:00,118322.53,118364.0,118206.55,118206.56,131.87488
2025-07-19 04:30:00+00:00,118206.55,118324.0,118096.89,118134.83,113.49106
2025-07-19 05:00:00+00:00,118134.83,118179.49,118044.19,118133.03,137.02528
2025-07-19 05:30:00+00:00,118133.03,118289.43,118120.79,118205.98,120.92305
2025-07-19 06:00:00+00:00,118205.98,118261.7,118065.8,118065.8,80.91385
2025-07-19 06:30:00+00:00,118065.8,118175.64,118065.8,118164.42,82.0742
2025-07-19 07:00:00+00:00,118164.42,118326.8,118164.42,118273.55,76.38437
2025-07-19 07:30:00+00:00,118273.55,118281.11,118156.32,118163.06,86.03874
2025-07-19 08:00:00+00:00,118163.07,118265.95,118052.6,118099.8,128.70127
2025-07-19 08:30:00+00:00,118099.8,118164.67,117943.25,118101.82,131.11262
2025-07-19 09:00:00+00:00,118101.83,118240.92,118069.22,118212.06,95.76676
2025-07-19 09:30:00+00:00,118212.07,118328.0,118197.3,118244.3,105.91618
2025-07-19 10:00:00+00:00,118244.3,118328.0,118180.36,118327.99,107.29882
2025-07-19 10:30:00+00:00,118328.0,118479.34,118319.85,118440.38,285.45796
2025-07-19 11:00:00+00:00,118440.39,118499.9,118166.39,118459.99,132.03894
2025-07-19 11:30:00+00:00,118460.0,118460.0,118297.72,118327.06,137.13477
2025-07-19 12:00:00+00:00,118327.05,118327.06,118112.85,118209.39,158.36112
2025-07-19 12:30:00+00:00,118209.4,118259.1,118099.46,118242.04,165.54269
2025-07-19 13:00:00+00:00,118242.04,118279.99,118150.0,118277.26,123.78317
2025-07-19 13:30:00+00:00,118277.26,118317.42,118086.0,118188.14,157.03195
2025-07-19 14:00:00+00:00,118188.15,118229.8,117833.54,117877.57,274.39917
2025-07-19 14:30:00+00:00,117877.58,117996.49,117627.71,117668.14,433.43053
2025-07-19 15:00:00+00:00,117668.14,118197.31,117661.04,118192.36,255.7959
2025-07-19 15:30:00+00:00,118192.36,118240.01,118032.41,118058.11,88.32277
2025-07-19 16:00:00+00:00,118058.1,118161.51,117850.0,118110.63,116.83358
2025-07-19 16:30:00+00:00,118110.62,118156.58,117952.98,117973.99,85.23068
2025-07-19 17:00:00+00:00,117974.0,117984.68,117810.58,117831.26,58.52779
2025-07-19 17:30:00+00:00,117831.26,117865.92,117741.93,117808.17,133.50549
2025-07-19 18:00:00+00:00,117808.17,117985.58,117761.58,117921.33,70.01499
2025-07-19 18:30:00+00:00,117921.33,118028.0,117844.73,117859.1,57.40283
2025-07-19 19:00:00+00:00,117859.1,117913.71,117605.26,117858.11,135.58222
2025-07-19 19:30:00+00:00,117858.11,118141.0,117858.1,118007.88,123.17875
2025-07-19 20:00:00+00:00,118007.88,118141.0,117911.43,118003.31,85.88512
2025-07-19 20:30:00+00:00,118003.32,118076.0,117708.55,117720.01,126.86814
2025-07-19 21:00:00+00:00,117720.0,117836.56,117277.34,117695.23,282.31725
2025-07-19 21:30:00+00:00,117695.22,117742.1,117420.0,117705.82,135.43844
2025-07-19 22:00:00+00:00,117705.81,117795.66,117529.44,117718.52,119.59279
2025-07-19 22:30:00+00:00,117718.52,117850.14,117702.93,117792.98,49.98563
2025-07-19 23:00:00+00:00,117792.98,117935.76,117738.63,117800.44,73.93767
2025-07-19 23:30:00+00:00,117800.44,117922.16,117795.65,117840.0,49.67712
2025-07-20 00:00:00+00:00,117840.01,117875.48,117658.21,117658.21,61.89206
2025-07-20 00:30:00+00:00,117658.22,117996.49,117650.0,117942.31,75.74912
2025-07-20 01:00:00+00:00,117942.31,118131.2,117900.72,117990.55,135.71515
2025-07-20 01:30:00+00:00,117990.55,118050.0,117912.76,117941.25,108.86375
2025-07-20 02:00:00+00:00,117941.25,117949.14,117803.28,117803.29,141.31962
2025-07-20 02:30:00+00:00,117803.28,118006.37,117766.42,117970.49,177.78449
2025-07-20 03:00:00+00:00,117970.5,118096.9,117706.9,117896.25,281.23825
2025-07-20 03:30:00+00:00,117896.25,118165.38,117894.95,117958.01,233.47373
2025-07-20 04:00:00+00:00,117958.0,118084.0,117900.0,118071.82,118.22119
2025-07-20 04:30:00+00:00,118071.83,118127.39,117930.2,117949.98,91.46796
2025-07-20 05:00:00+00:00,117949.99,117976.36,117800.0,117818.03,65.27335
2025-07-20 05:30:00+00:00,117818.02,117918.11,117818.02,117846.91,197.43676
2025-07-20 06:00:00+00:00,117846.92,117871.02,117760.67,117829.1,80.07322
2025-07-20 06:30:00+00:00,117829.1,117884.29,117805.03,117824.48,48.60564
2025-07-20 07:00:00+00:00,117824.49,118055.32,117824.48,118055.32,114.06302
2025-07-20 07:30:00+00:00,118055.32,118218.0,118000.0,118029.49,225.58609
2025-07-20 08:00:00+00:00,118029.49,118255.14,118029.49,118169.69,147.59168
2025-07-20 08:30:00+00:00,118169.69,118255.0,118000.0,118151.14,511.68062
2025-07-20 09:00:00+00:00,118151.15,118277.17,118000.93,118000.94,248.43278
2025-07-20 09:30:00+00:00,118000.94,118107.07,117886.51,117913.11,178.60803
2025-07-20 10:00:00+00:00,117913.12,117985.48,117878.44,117957.12,179.62646
2025-07-20 10:30:00+00:00,117957.12,117993.86,117876.42,117888.21,163.03862
2025-07-20 11:00:00+00:00,117888.21,117996.49,117838.01,117861.98,151.44527
2025-07-20 11:30:00+00:00,117861.98,118081.66,117819.88,117878.46,219.85884
2025-07-20 12:00:00+00:00,117878.46,118071.99,117723.23,117848.21,674.09832
2025-07-20 12:30:00+00:00,117848.21,118169.36,117801.88,118085.43,690.22566
2025-07-20 13:00:00+00:00,118085.43,118197.31,118085.42,118119.33,292.54012
2025-07-20 13:30:00+00:00,118119.34,118422.57,118087.66,118417.35,343.2391
2025-07-20 14:00:00+00:00,118417.35,118799.8,118277.77,118637.34,556.56213
2025-07-20 14:30:00+00:00,118637.34,118795.85,118391.53,118468.41,302.14734
2025-07-20 15:00:00+00:00,118468.41,118699.38,118347.38,118699.38,194.7159
2025-07-20 15:30:00+00:00,118699.37,118775.85,118570.76,118671.11,226.57612
2025-07-20 16:00:00+00:00,118671.12,118856.8,118465.0,118653.22,348.94628
2025-07-20 16:30:00+00:00,118653.22,118829.05,118512.58,118557.78,237.85059
2025-07-20 17:00:00+00:00,118557.77,118557.78,118160.0,118334.58,272.16894
2025-07-20 17:30:00+00:00,118334.58,118429.66,117960.0,118018.69,338.98866
2025-07-20 18:00:00+00:00,118018.7,118238.78,118018.7,118214.13,378.30516
2025-07-20 18:30:00+00:00,118214.13,118448.2,118096.89,118361.79,273.62757
2025-07-20 19:00:00+00:00,118361.8,118563.93,118361.79,118539.99,145.61264
2025-07-20 19:30:00+00:00,118539.98,118539.99,118155.0,118155.01,123.62822
2025-07-20 20:00:00+00:00,118155.0,118211.28,117852.72,118094.57,319.45808
2025-07-20 20:30:00+00:00,118094.56,118263.0,118064.06,118087.67,139.9883
2025-07-20 21:00:00+00:00,118087.67,118114.02,117830.2,118100.01,229.59999
2025-07-20 21:30:00+00:00,118100.02,118153.88,117912.0,117997.88,109.64008
2025-07-20 22:00:00+00:00,117997.87,118040.0,116467.02,117266.0,1682.27423
2025-07-20 22:30:00+00:00,117266.0,117658.07,117125.06,117479.93,516.20845
2025-07-20 23:00:00+00:00,117479.92,117556.93,117184.75,117215.99,377.75096
2025-07-20 23:30:00+00:00,117216.0,117378.61,116955.94,117265.12,231.73035
2025-07-21 00:00:00+00:00,117265.11,117277.35,116515.0,116914.5,470.12736
2025-07-21 00:30:00+00:00,116914.5,117352.06,116734.57,117352.06,387.32471
2025-07-21 01:00:00+00:00,117352.05,117441.62,117040.96,117130.91,304.52232
2025-07-21 01:30:00+00:00,117130.91,117316.2,116775.95,117305.86,191.68596
2025-07-21 02:00:00+00:00,117305.86,118083.41,117305.86,118039.99,431.76269
2025-07-21 02:30:00+00:00,118039.99,118183.93,117783.79,118183.92,255.76956
2025-07-21 03:00:00+00:00,118183.92,118539.63,118131.75,118488.18,441.02042
2025-07-21 03:30:00+00:00,118488.18,118614.7,118252.5,118404.0,312.40861
2025-07-21 04:00:00+00:00,118404.01,118634.57,118282.25,118451.52,257.63026
2025-07-21 04:30:00+00:00,118451.52,118633.01,118319.03,118331.61,148.05127
2025-07-21 05:00:00+00:00,118331.62,118385.4,118188.95,118216.29,344.32141
2025-07-21 05:30:00+00:00,118216.29,118430.24,118216.29,118430.22,127.24627
2025-07-21 06:00:00+00:00,118430.22,118856.8,118290.24,118850.8,385.76828
2025-07-21 06:30:00+00:00,118850.8,119241.57,118850.79,119169.25,713.46646
2025-07-21 07:00:00+00:00,119169.26,119600.0,119162.62,119599.99,482.92056
2025-07-21 07:30:00+00:00,119600.0,119676.73,119271.71,119362.67,324.26188
2025-07-21 08:00:00+00:00,119364.18,119500.0,119191.62,119259.99,261.11863
2025-07-21 08:30:00+00:00,119260.0,119344.04,118854.9,119016.83,439.4744
2025-07-21 09:00:00+00:00,119016.84,119086.05,118780.0,118789.99,167.23764
2025-07-21 09:30:00+00:00,118789.99,118830.01,118527.12,118690.05,206.22354
2025-07-21 10:00:00+00:00,118690.05,118820.0,118513.16,118533.49,195.64611
2025-07-21 10:30:00+00:00,118533.49,118605.91,118344.0,118578.14,481.65908
2025-07-21 11:00:00+00:00,118578.14,118798.2,118513.0,118629.98,456.80006
2025-07-21 11:30:00+00:00,118629.98,118646.66,118070.16,118070.17,303.73038
2025-07-21 12:00:00+00:00,118070.17,118590.0,117778.7,118441.53,453.81778
2025-07-21 12:30:00+00:00,118441.54,118532.66,118107.95,118172.82,288.73022
2025-07-21 13:00:00+00:00,118172.82,118317.83,117888.25,118302.36,305.02771
2025-07-21 13:30:00+00:00,118302.36,119100.0,118245.65,118834.0,775.11613
2025-07-21 14:00:00+00:00,118834.0,119100.0,118432.0,118920.54,567.71702
2025-07-21 14:30:00+00:00,118920.54,119233.71,118734.53,118828.99,445.2724
2025-07-21 15:00:00+00:00,118828.99,119119.59,118656.86,118697.29,328.33471
2025-07-21 15:30:00+00:00,118697.29,118732.0,118270.0,118313.16,341.36697
2025-07-21 16:00:00+00:00,118313.16,118399.1,117500.0,117902.73,882.2272
2025-07-21 16:30:00+00:00,117902.74,118106.96,117648.9,117738.44,425.56438
2025-07-21 17:00:00+00:00,117738.44,118093.13,117538.4,117581.44,332.54329
2025-07-21 17:30:00+00:00,117581.43,117895.18,117321.84,117847.82,360.1473
2025-07-21 18:00:00+00:00,117847.83,118213.24,117847.82,117972.99,263.51376
2025-07-21 18:30:00+00:00,117972.99,118002.93,117100.0,117162.28,403.34082
2025-07-21 19:00:00+00:00,117162.28,117521.01,117000.0,117072.15,375.88381
2025-07-21 19:30:00+00:00,117072.15,117072.15,116666.0,116767.67,773.76873
2025-07-21 20:00:00+00:00,116767.67,117221.32,116656.88,117070.04,434.31835
2025-07-21 20:30:00+00:00,117070.04,117252.0,116909.13,116939.4,263.41379
2025-07-21 21:00:00+00:00,116939.4,117241.55,116879.1,117222.21,200.63624
2025-07-21 21:30:00+00:00,117222.21,117371.99,117123.02,117215.25,203.31221
2025-07-21 22:00:00+00:00,117215.25,117412.76,117117.85,117409.64,153.05979
2025-07-21 22:30:00+00:00,117409.65,117633.66,117348.96,117348.96,154.7376
2025-07-21 23:00:00+00:00,117348.97,117371.51,117107.03,117348.62,159.67015
2025-07-21 23:30:00+00:00,117348.63,117508.25,117284.38,117380.36,125.63306
2025-07-22 00:00:00+00:00,117380.36,117511.51,117252.89,117511.51,162.74601
2025-07-22 00:30:00+00:00,117511.5,117524.07,117012.29,117123.69,350.02279
2025-07-22 01:00:00+00:00,117123.68,117240.22,116128.0,117240.21,1070.1626
2025-07-22 01:30:00+00:00,117240.22,117950.0,117094.15,117750.01,677.17445
2025-07-22 02:00:00+00:00,117750.01,117800.0,117412.33,117564.01,327.86355
2025-07-22 02:30:00+00:00,117564.0,117676.13,116969.67,117027.81,313.84632
2025-07-22 03:00:00+00:00,117027.81,117238.94,116683.93,117129.67,382.63111
2025-07-22 03:30:00+00:00,117129.67,117271.32,116800.0,117210.0,423.0173
2025-07-22 04:00:00+00:00,117210.0,117271.32,116865.91,116983.67,468.81657
2025-07-22 04:30:00+00:00,116984.0,117357.21,116555.0,116555.01,639.58628
2025-07-22 05:00:00+00:00,116555.01,117346.17,116552.18,117161.29,412.08237
2025-07-22 05:30:00+00:00,117161.29,117329.28,116930.43,117329.27,294.23013
2025-07-22 06:00:00+00:00,117329.28,117733.35,117275.47,117709.69,400.58906
2025-07-22 06:30:00+00:00,117709.7,117847.77,117493.01,117847.26,381.62355
2025-07-22 07:00:00+00:00,117847.26,118594.55,117780.0,118572.59,1088.01459
2025-07-22 07:30:00+00:00,118572.6,118582.75,117815.81,117983.68,594.8992
2025-07-22 08:00:00+00:00,117983.69,117983.69,117488.19,117707.51,620.74536
2025-07-22 08:30:00+00:00,117707.52,118345.0,117691.53,118289.99,310.90375
2025-07-22 09:00:00+00:00,118290.0,118290.0,117873.42,118217.9,401.9841
2025-07-22 09:30:00+00:00,118217.9,118656.0,118217.9,118399.09,465.85725
2025-07-22 10:00:00+00:00,118399.09,118529.23,118302.01,118523.06,264.13236
2025-07-22 10:30:00+00:00,118523.07,118956.0,118523.07,118955.99,343.97227
2025-07-22 11:00:00+00:00,118955.99,119110.01,118784.0,119055.81,560.61483
2025-07-22 11:30:00+00:00,119055.82,119188.3,118888.0,119154.99,408.58143
2025-07-22 12:00:00+00:00,119154.99,119300.0,119082.25,119233.89,356.90608
2025-07-22 12:30:00+00:00,119233.88,119419.74,119037.02,119293.7,539.41026
2025-07-22 13:00:00+00:00,119293.7,119454.76,119088.0,119196.0,446.51185
2025-07-22 13:30:00+00:00,119196.0,119573.53,118034.63,118147.82,1216.94427
2025-07-22 14:00:00+00:00,118147.83,118562.03,117550.0,118438.12,754.85326
2025-07-22 14:30:00+00:00,118438.13,119140.14,118312.34,119060.0,516.95496
2025-07-22 15:00:00+00:00,119060.01,119177.53,118794.85,118873.1,466.75286
2025-07-22 15:30:00+00:00,118873.1,119158.06,118690.38,118912.04,298.90577
2025-07-22 16:00:00+00:00,118912.04,119350.01,118735.56,119034.26,400.35586
2025-07-22 16:30:00+00:00,119034.25,119121.44,118626.35,118681.26,208.21074
2025-07-22 17:00:00+00:00,118681.25,118817.82,118368.19,118725.36,217.96128
2025-07-22 17:30:00+00:00,118725.36,119213.0,118680.32,119199.39,226.50933
2025-07-22 18:00:00+00:00,119199.39,119500.0,119044.06,119405.21,422.22784
2025-07-22 18:30:00+00:00,119405.21,120183.96,119179.86,119733.69,888.04376
2025-07-22 19:00:00+00:00,119733.7,119914.97,119363.74,119633.96,400.32649
2025-07-22 19:30:00+00:00,119633.95,119633.96,119097.6,119282.1,303.99324
2025-07-22 20:00:00+00:00,119282.11,119832.0,119203.2,119787.12,240.45492
2025-07-22 20:30:00+00:00,119787.12,119901.88,119570.41,119703.28,299.08424
2025-07-22 21:00:00+00:00,119703.29,119770.84,119514.11,119514.11,113.78255
2025-07-22 21:30:00+00:00,119514.11,119562.98,119400.0,119400.0,125.92919
2025-07-22 22:00:00+00:00,119400.0,119899.99,119385.21,119829.09,228.29641
2025-07-22 22:30:00+00:00,119829.1,120035.29,119800.0,119844.23,380.33424
2025-07-22 23:00:00+00:00,119844.23,120247.8,119835.56,120134.47,296.35844
2025-07-22 23:30:00+00:00,120134.47,120134.47,119840.0,119954.42,245.92466
2025-07-23 00:00:00+00:00,119954.43,120090.0,119613.62,119650.64,217.96454
2025-07-23 00:30:00+00:00,119650.64,119959.48,119500.29,119546.56,155.28993
2025-07-23 01:00:00+00:00,119546.56,119613.63,119379.63,119475.38,199.39552
2025-07-23 01:30:00+00:00,119475.37,119666.04,119440.11,119488.22,187.24279
2025-07-23 02:00:00+00:00,119488.21,119531.29,119119.86,119322.5,369.90166
2025-07-23 02:30:00+00:00,119322.5,119372.86,118983.34,119090.73,384.24025
2025-07-23 03:00:00+00:00,119090.73,119116.68,118845.49,118954.9,250.26157
2025-07-23 03:30:00+00:00,118954.9,118954.91,118532.96,118614.17,303.82301
2025-07-23 04:00:00+00:00,118614.16,118913.59,118576.38,118828.93,158.09304
2025-07-23 04:30:00+00:00,118828.92,118996.01,118740.0,118996.0,143.55808
2025-07-23 05:00:00+00:00,118996.01,119006.05,118734.22,118756.23,349.48349
2025-07-23 05:30:00+00:00,118756.24,118840.0,118615.97,118645.04,119.06345
2025-07-23 06:00:00+00:00,118645.04,118717.12,118424.42,118592.39,209.10063
2025-07-23 06:30:00+00:00,118592.38,118677.09,118329.04,118417.99,192.41249
2025-07-23 07:00:00+00:00,118417.99,118592.39,118342.25,118532.36,219.601
2025-07-23 07:30:00+00:00,118532.36,118582.21,118288.2,118350.35,172.92137
2025-07-23 08:00:00+00:00,118350.35,118552.0,118222.71,118365.75,255.44346
2025-07-23 08:30:00+00:00,118365.74,118440.0,118234.97,118423.21,160.49846
2025-07-23 09:00:00+00:00,118423.21,118457.86,118000.0,118000.0,256.61625
2025-07-23 09:30:00+00:00,118000.01,118179.69,117910.66,118040.0,244.76451
2025-07-23 10:00:00+00:00,118040.01,118290.81,117844.24,118265.81,401.45197
2025-07-23 10:30:00+00:00,118265.82,118379.74,118184.64,118372.12,109.01051
2025-07-23 11:00:00+00:00,118372.13,118619.79,118160.0,118597.12,197.45944
2025-07-23 11:30:00+00:00,118597.12,118603.31,118488.13,118538.46,175.85881
2025-07-23 12:00:00+00:00,118538.46,118655.0,118421.87,118553.63,202.9141
2025-07-23 12:30:00+00:00,118553.64,118622.44,117799.87,117980.7,527.63079
2025-07-23 13:00:00+00:00,117980.69,118199.89,117800.0,118071.0,456.80959
2025-07-23 13:30:00+00:00,118071.0,118071.01,117330.0,117381.44,1156.03811
2025-07-23 14:00:00+00:00,117381.44,118084.1,117301.0,118007.85,535.94075
2025-07-23 14:30:00+00:00,118007.85,118205.0,117783.28,118204.99,416.21787
2025-07-23 15:00:00+00:00,118204.99,118266.0,117823.21,118074.78,329.56461
2025-07-23 15:30:00+00:00,118074.78,118708.24,118045.67,118567.39,412.0726
2025-07-23 16:00:00+00:00,118567.39,118567.39,117652.29,117871.87,440.57177
2025-07-23 16:30:00+00:00,117871.88,117914.83,117561.23,117712.53,362.93174
2025-07-23 17:00:00+00:00,117712.53,117910.36,117331.63,117647.23,490.50354
2025-07-23 17:30:00+00:00,117647.23,118136.46,117426.91,118131.99,366.12527
2025-07-23 18:00:00+00:00,118131.99,118297.06,117998.9,118191.12,233.54658
2025-07-23 18:30:00+00:00,118191.13,118387.85,118120.15,118379.45,281.34136
2025-07-23 19:00:00+00:00,118379.44,118459.45,118229.95,118369.1,248.44725
2025-07-23 19:30:00+00:00,118369.1,118466.69,118218.12,118393.64,228.35616
2025-07-23 20:00:00+00:00,118393.64,118498.76,117987.01,118041.55,236.37217
2025-07-23 20:30:00+00:00,118041.56,118082.24,117559.91,117900.0,388.64784
2025-07-23 21:00:00+00:00,117900.0,118109.79,117405.53,117559.99,377.79926
2025-07-23 21:30:00+00:00,117560.0,118181.36,117381.8,118181.36,267.11804
2025-07-23 22:00:00+00:00,118181.75,118612.34,117937.47,118611.04,261.89531
2025-07-23 22:30:00+00:00,118611.04,118630.39,118497.77,118568.99,291.1786
2025-07-23 23:00:00+00:00,118568.99,118729.81,118508.09,118640.57,272.68713
2025-07-23 23:30:00+00:00,118640.57,118756.0,118421.86,118755.99,340.58416
2025-07-24 00:00:00+00:00,118756.0,119066.61,118571.17,119015.21,360.29577
2025-07-24 00:30:00+00:00,119015.2,119138.57,118890.2,119060.0,287.16306
2025-07-24 01:00:00+00:00,119060.01,119070.21,118836.0,118961.02,158.71976
2025-07-24 01:30:00+00:00,118961.03,119100.0,118787.32,119094.4,140.46413
2025-07-24 02:00:00+00:00,119094.4,119094.4,118808.44,118847.94,161.59502
2025-07-24 02:30:00+00:00,118847.94,119071.84,118847.93,118960.6,129.08587
2025-07-24 03:00:00+00:00,118960.6,119250.0,118894.59,119249.99,222.78113
2025-07-24 03:30:00+00:00,119249.99,119273.36,118466.71,118488.92,418.1786
2025-07-24 04:00:00+00:00,118488.92,118610.25,118184.88,118279.99,375.87797
2025-07-24 04:30:00+00:00,118279.99,118319.91,117830.0,117941.86,384.4528
2025-07-24 05:00:00+00:00,117941.86,117953.72,117500.0,117589.57,541.85043
2025-07-24 05:30:00+00:00,117589.57,117899.33,117500.0,117604.55,360.86073
2025-07-24 06:00:00+00:00,117604.54,117851.21,117500.0,117803.06,444.82909
2025-07-24 06:30:00+00:00,117803.06,117855.0,117380.03,117466.81,488.86645
2025-07-24 07:00:00+00:00,117466.81,118150.0,117103.1,118134.83,807.86401
2025-07-24 07:30:00+00:00,118134.84,118473.62,117917.17,118416.21,382.33097
2025-07-24 08:00:00+00:00,118416.21,118800.0,118224.76,118646.36,463.64446
2025-07-24 08:30:00+00:00,118646.36,118811.09,118565.57,118775.28,363.60189
2025-07-24 09:00:00+00:00,118775.29,118814.47,118486.17,118609.22,208.71321
2025-07-24 09:30:00+00:00,118609.23,118669.93,118300.53,118507.08,267.91591
2025-07-24 10:00:00+00:00,118507.07,118648.53,118115.13,118125.08,239.67424
2025-07-24 10:30:00+00:00,118125.08,118407.07,117955.59,118373.99,291.58076
2025-07-24 11:00:00+00:00,118374.0,118739.13,118297.56,118627.04,346.89348
2025-07-24 11:30:00+00:00,118627.04,118728.61,118576.29,118600.0,222.13414
2025-07-24 12:00:00+00:00,118600.0,118728.33,118321.83,118572.29,291.61475
2025-07-24 12:30:00+00:00,118572.28,118600.0,118281.12,118531.42,484.55934
2025-07-24 13:00:00+00:00,118531.43,118727.53,118470.84,118686.0,357.63014
2025-07-24 13:30:00+00:00,118686.0,118708.27,118220.0,118227.48,272.40035
2025-07-24 14:00:00+00:00,118227.48,118480.0,117832.32,118151.03,620.76645
2025-07-24 14:30:00+00:00,118151.02,119109.74,118151.02,119057.11,665.45742
2025-07-24 15:00:00+00:00,119057.12,119450.0,118880.0,119000.0,1019.40722
2025-07-24 15:30:00+00:00,119000.01,119100.0,118614.84,119092.65,427.45649
2025-07-24 16:00:00+00:00,119092.65,119190.41,118671.04,118684.52,458.92506
2025-07-24 16:30:00+00:00,118684.52,118812.64,118350.0,118529.97,411.669
2025-07-24 17:00:00+00:00,118529.97,119145.86,118481.7,119005.61,189.24426
2025-07-24 17:30:00+00:00,119005.6,119307.43,119005.6,119122.94,212.96441
2025-07-24 18:00:00+00:00,119122.95,119395.81,118995.5,119292.66,212.49247
2025-07-24 18:30:00+00:00,119292.67,119327.99,118960.27,119044.29,214.09372
2025-07-24 19:00:00+00:00,119044.29,119343.97,119036.07,119161.07,255.11884
2025-07-24 19:30:00+00:00,119161.07,119169.8,118900.02,118943.42,212.31886
2025-07-24 20:00:00+00:00,118943.42,119010.64,118800.0,118908.56,159.12388
2025-07-24 20:30:00+00:00,118908.56,118908.56,118722.02,118722.02,112.68729
2025-07-24 21:00:00+00:00,118722.03,118790.44,118546.69,118550.01,119.30616
2025-07-24 21:30:00+00:00,118550.01,118626.09,118487.2,118527.52,92.26488
2025-07-24 22:00:00+00:00,118527.51,118626.09,118373.37,118457.78,220.68845
2025-07-24 22:30:00+00:00,118457.78,118457.78,118186.57,118280.01,167.04858
2025-07-24 23:00:00+00:00,118280.0,118450.24,118183.44,118230.12,333.14841
2025-07-24 23:30:00+00:00,118230.12,118405.94,118166.94,118340.99,227.13012
2025-07-25 00:00:00+00:00,118340.98,118451.57,117960.05,117964.71,462.56749
2025-07-25 00:30:00+00:00,117964.71,117999.96,117652.85,117664.56,529.471
2025-07-25 01:00:00+00:00,117664.55,117802.04,117327.29,117428.37,1366.98784
2025-07-25 01:30:00+00:00,117428.38,117703.26,117231.0,117359.26,1012.33679
2025-07-25 02:00:00+00:00,117359.27,117396.96,117096.56,117100.0,1313.07491
2025-07-25 02:30:00+00:00,117100.0,117147.28,116353.66,116353.67,1961.33755
2025-07-25 03:00:00+00:00,116353.67,116428.55,115825.97,116024.05,2465.45209
2025-07-25 03:30:00+00:00,116024.05,116024.05,115330.86,115419.66,2015.97726
2025-07-25 04:00:00+00:00,115419.65,115580.0,115115.0,115335.2,1022.21497
2025-07-25 04:30:00+00:00,115335.2,116144.63,115335.19,116102.7,1006.53298
2025-07-25 05:00:00+00:00,116102.71,116102.71,115263.54,115611.37,826.86098
2025-07-25 05:30:00+00:00,115611.37,115659.87,115396.76,115500.0,1163.16551
2025-07-25 06:00:00+00:00,115500.0,115511.54,115230.0,115287.87,883.37097
2025-07-25 06:30:00+00:00,115287.86,115464.09,115200.0,115284.25,1147.39232
2025-07-25 07:00:00+00:00,115284.25,115946.26,114942.87,115564.08,1456.47325
2025-07-25 07:30:00+00:00,115564.08,115611.3,114723.16,115320.01,1329.24065
2025-07-25 08:00:00+00:00,115320.01,115980.82,115263.81,115722.2,1153.11263
2025-07-25 08:30:00+00:00,115722.2,115747.91,115008.85,115202.55,2493.34056
2025-07-25 09:00:00+00:00,115202.55,115800.0,115020.59,115793.59,987.73212
2025-07-25 09:30:00+00:00,115793.6,116033.46,115474.57,116033.44,513.5311
2025-07-25 10:00:00+00:00,116033.44,116333.33,115990.09,116112.13,496.20851
2025-07-25 10:30:00+00:00,116112.13,116487.5,116112.13,116308.48,430.96017
2025-07-25 11:00:00+00:00,116308.48,116765.83,116308.48,116700.73,445.13224
2025-07-25 11:30:00+00:00,116700.73,116782.13,116481.0,116543.58,696.19403
2025-07-25 12:00:00+00:00,116543.59,116656.99,116223.17,116259.39,477.42977
2025-07-25 12:30:00+00:00,116259.39,116472.27,115963.97,116105.96,810.60819
2025-07-25 13:00:00+00:00,116105.96,116149.25,115933.0,116103.8,467.54768
2025-07-25 13:30:00+00:00,116103.79,116600.0,115564.75,116216.27,1334.48362
2025-07-25 14:00:00+00:00,116216.27,116286.87,115336.73,115576.99,775.6447
2025-07-25 14:30:00+00:00,115576.99,115659.57,114908.0,114960.01,1249.4701
2025-07-25 15:00:00+00:00,114960.01,115665.0,114916.48,115503.23,838.02382
2025-07-25 15:30:00+00:00,115503.22,115846.39,115229.87,115727.08,408.58547
2025-07-25 16:00:00+00:00,115727.07,115925.46,115455.46,115783.07,430.09209
2025-07-25 16:30:00+00:00,115783.08,116214.88,115563.61,116185.32,510.97353
2025-07-25 17:00:00+00:00,116185.31,116345.74,115950.07,116111.19,442.01393
2025-07-25 17:30:00+00:00,116111.2,116234.34,115871.8,116042.5,237.49213
2025-07-25 18:00:00+00:00,116042.51,116475.98,116042.5,116399.97,309.91203
2025-07-25 18:30:00+00:00,116399.98,116568.73,116334.8,116491.53,319.34557
2025-07-25 19:00:00+00:00,116491.53,116774.19,116405.7,116621.69,353.62741
2025-07-25 19:30:00+00:00,116621.69,116997.21,116618.82,116688.6,485.95213
2025-07-25 20:00:00+00:00,116688.6,116837.03,116578.02,116737.24,161.92387
2025-07-25 20:30:00+00:00,116737.24,117306.0,116732.3,117040.01,575.72993
2025-07-25 21:00:00+00:00,117040.01,117377.59,117040.0,117261.26,227.04384
2025-07-25 21:30:00+00:00,117261.27,117261.27,116956.0,117214.23,191.38574
2025-07-25 22:00:00+00:00,117214.23,117263.04,117102.3,117238.83,130.85966
2025-07-25 22:30:00+00:00,117238.83,117343.89,117203.81,117279.97,118.02623
2025-07-25 23:00:00+00:00,117279.97,117357.01,117186.83,117312.0,127.43019
2025-07-25 23:30:00+00:00,117312.0,117630.0,117311.99,117614.31,244.07918
2025-07-26 00:00:00+00:00,117614.31,117614.32,117330.24,117547.07,248.98207
2025-07-26 00:30:00+00:00,117547.07,117611.13,117339.27,117496.0,139.42894
2025-07-26 01:00:00+00:00,117496.0,117550.9,117393.84,117397.37,106.08164
2025-07-26 01:30:00+00:00,117397.38,117438.24,117138.38,117153.73,160.58647
2025-07-26 02:00:00+00:00,117153.74,117578.57,117153.73,117578.56,184.44554
2025-07-26 02:30:00+00:00,117578.57,117750.0,117468.86,117469.0,207.3802
2025-07-26 03:00:00+00:00,117469.01,117603.0,117462.64,117462.65,100.56949
2025-07-26 03:30:00+00:00,117462.65,117579.92,117462.65,117489.62,74.76842
2025-07-26 04:00:00+00:00,117489.61,117547.92,117428.96,117495.35,115.85035
2025-07-26 04:30:00+00:00,117495.35,117525.35,117396.95,117496.81,66.87539
2025-07-26 05:00:00+00:00,117496.8,117540.18,117419.83,117540.17,81.62204
2025-07-26 05:30:00+00:00,117540.18,117541.19,117439.72,117444.99,74.18944
2025-07-26 06:00:00+00:00,117444.99,117458.0,117320.0,117346.49,78.99936
2025-07-26 06:30:00+00:00,117346.49,117436.61,117346.49,117350.71,134.86585
2025-07-26 07:00:00+00:00,117350.71,117382.76,117328.68,117365.55,91.79164
2025-07-26 07:30:00+00:00,117365.54,117365.55,117304.46,117304.47,362.28598
2025-07-26 08:00:00+00:00,117304.47,117492.49,117304.46,117492.48,115.43204
2025-07-26 08:30:00+00:00,117492.49,117615.12,117467.54,117557.14,144.52993
2025-07-26 09:00:00+00:00,117557.14,117617.65,117478.5,117478.5,100.97346
2025-07-26 09:30:00+00:00,117478.5,117570.6,117458.0,117570.6,89.41827
2025-07-26 10:00:00+00:00,117570.6,117790.09,117545.1,117769.99,134.87476
2025-07-26 10:30:00+00:00,117769.99,118217.45,117769.99,117971.93,614.29212
2025-07-26 11:00:00+00:00,117971.94,118072.41,117873.38,117929.18,191.69462
2025-07-26 11:30:00+00:00,117929.18,117994.78,117776.1,117776.11,158.09438
2025-07-26 12:00:00+00:00,117776.1,117990.0,117772.13,117950.0,111.08709
2025-07-26 12:30:00+00:00,117950.0,117966.17,117903.07,117914.17,60.68736
2025-07-26 13:00:00+00:00,117914.16,118201.43,117855.15,118078.19,226.3458
2025-07-26 13:30:00+00:00,118078.18,118220.0,118078.18,118125.24,115.49094
2025-07-26 14:00:00+00:00,118125.24,118210.85,118000.0,118004.18,172.71225
2025-07-26 14:30:00+00:00,118004.19,118151.14,117956.0,118064.99,182.50672
2025-07-26 15:00:00+00:00,118064.99,118124.72,117818.2,117875.88,289.00257
2025-07-26 15:30:00+00:00,117875.88,118142.87,117862.19,118130.1,145.76461
2025-07-26 16:00:00+00:00,118130.1,118188.97,118011.0,118168.98,145.18519
2025-07-26 16:30:00+00:00,118168.97,118180.0,118014.76,118081.18,206.08609
2025-07-26 17:00:00+00:00,118081.19,118090.0,118021.14,118052.92,58.04676
2025-07-26 17:30:00+00:00,118052.92,118060.0,117990.0,118039.98,81.62276
2025-07-26 18:00:00+00:00,118039.99,118070.8,117941.96,118046.35,73.94841
2025-07-26 18:30:00+00:00,118046.35,118099.99,118010.08,118095.15,121.60314
2025-07-26 19:00:00+00:00,118095.16,118095.16,118040.0,118088.85,93.32426
2025-07-26 19:30:00+00:00,118088.85,118297.35,118087.31,118232.11,271.57676
2025-07-26 20:00:00+00:00,118232.11,118232.12,117930.57,117940.76,123.96432
2025-07-26 20:30:00+00:00,117940.76,118042.42,117883.86,117956.32,125.19823
2025-07-26 21:00:00+00:00,117956.32,117992.3,117888.2,117951.06,57.73203
2025-07-26 21:30:00+00:00,117951.07,118068.0,117892.79,118028.56,92.14243
2025-07-26 22:00:00+00:00,118028.56,118276.66,117989.54,118060.68,202.2266
2025-07-26 22:30:00+00:00,118060.68,118113.0,117978.0,118007.02,87.06746
2025-07-26 23:00:00+00:00,118007.03,118048.19,117909.0,117925.45,86.04537
2025-07-26 23:30:00+00:00,117925.45,117961.95,117890.0,117919.99,84.27251
2025-07-27 00:00:00+00:00,117919.99,117961.89,117829.73,117844.56,65.08429
2025-07-27 00:30:00+00:00,117844.55,117952.0,117825.5,117952.0,66.08828
2025-07-27 01:00:00+00:00,117951.99,118150.0,117920.0,118134.75,165.978
2025-07-27 01:30:00+00:00,118134.75,118190.0,118072.0,118102.0,125.9837
2025-07-27 02:00:00+00:00,118102.0,118260.0,118021.85,118150.37,149.01102
2025-07-27 02:30:00+00:00,118150.38,118358.18,118113.0,118309.99,249.68475
2025-07-27 03:00:00+00:00,118309.99,118309.99,118080.92,118188.41,122.47763
2025-07-27 03:30:00+00:00,118188.42,118274.52,118182.52,118182.83,63.19929
2025-07-27 04:00:00+00:00,118182.83,118272.43,118149.19,118261.58,94.74494
2025-07-27 04:30:00+00:00,118261.58,118266.0,118172.77,118215.1,85.83005
2025-07-27 05:00:00+00:00,118215.09,118290.0,118160.84,118260.0,127.35279
2025-07-27 05:30:00+00:00,118260.0,118300.0,118192.62,118274.73,134.24683
2025-07-27 06:00:00+00:00,118274.73,118309.99,118197.71,118280.02,81.31099
2025-07-27 06:30:00+00:00,118280.02,118438.83,118236.58,118263.4,137.06883
2025-07-27 07:00:00+00:00,118263.4,118263.4,118113.0,118133.69,77.25437
2025-07-27 07:30:00+00:00,118133.69,118175.57,118066.74,118095.95,70.40333
2025-07-27 08:00:00+00:00,118095.95,118129.75,117981.02,118008.91,107.6026
2025-07-27 08:30:00+00:00,118008.91,118064.74,117950.47,117950.47,93.69413
2025-07-27 09:00:00+00:00,117950.47,117999.91,117865.2,117888.0,93.12397
2025-07-27 09:30:00+00:00,117887.99,117943.93,117859.98,117943.92,102.74042
2025-07-27 10:00:00+00:00,117943.92,118198.62,117943.92,118144.0,102.51046
2025-07-27 10:30:00+00:00,118144.01,118292.86,118117.7,118184.92,155.13354
2025-07-27 11:00:00+00:00,118184.92,118255.32,118184.92,118200.24,90.33868
2025-07-27 11:30:00+00:00,118200.25,118237.68,118050.0,118072.71,90.8258
2025-07-27 12:00:00+00:00,118072.71,118111.34,117955.51,117979.78,169.08356
2025-07-27 12:30:00+00:00,117979.77,118107.67,117890.0,118097.39,129.86069
2025-07-27 13:00:00+00:00,118097.39,118215.0,118085.87,118181.54,104.16556
2025-07-27 13:30:00+00:00,118181.55,118217.6,118097.9,118201.99,113.67755
2025-07-27 14:00:00+00:00,118201.99,118436.94,118149.96,118423.99,245.99169
2025-07-27 14:30:00+00:00,118424.0,118499.0,118182.51,118422.16,221.71754
2025-07-27 15:00:00+00:00,118422.16,118571.4,118236.84,118475.75,381.35296
2025-07-27 15:30:00+00:00,118475.74,118588.0,118271.0,118585.74,220.2021
2025-07-27 16:00:00+00:00,118585.75,119360.0,118585.75,119360.0,1320.97869
2025-07-27 16:30:00+00:00,119359.99,119540.01,118948.0,119090.45,949.0503
2025-07-27 17:00:00+00:00,119090.46,119218.32,118855.58,119202.45,321.06944
2025-07-27 17:30:00+00:00,119202.45,119334.88,118995.7,119196.69,331.14042
2025-07-27 18:00:00+00:00,119196.68,119372.87,119124.23,119247.43,203.7196
2025-07-27 18:30:00+00:00,119247.44,119247.44,118942.9,119021.33,136.27357
2025-07-27 19:00:00+00:00,119021.33,119021.34,118895.09,118941.17,81.37025
2025-07-27 19:30:00+00:00,118941.16,119073.91,118920.0,118960.0,74.77007
2025-07-27 20:00:00+00:00,118960.01,119169.97,118925.47,118991.47,149.41929
2025-07-27 20:30:00+00:00,118991.47,118991.48,118713.74,118754.13,135.17137
2025-07-27 21:00:00+00:00,118754.13,119043.74,118724.0,119043.73,125.24532
2025-07-27 21:30:00+00:00,119043.73,119270.15,118956.0,119265.76,113.28349
2025-07-27 22:00:00+00:00,119265.75,119742.67,119228.56,119682.68,550.19354
2025-07-27 22:30:00+00:00,119682.68,119766.65,119490.04,119495.17,222.99071
2025-07-27 23:00:00+00:00,119495.16,119528.47,119119.53,119434.66,246.51885
2025-07-27 23:30:00+00:00,119434.67,119457.67,119326.21,119415.55,129.37394
2025-07-28 00:00:00+00:00,119415.56,119690.32,119340.0,119645.44,260.35919
2025-07-28 00:30:00+00:00,119645.43,119645.43,119126.09,119236.72,205.67014
2025-07-28 01:00:00+00:00,119236.72,119480.0,119066.0,119390.0,222.27995
2025-07-28 01:30:00+00:00,119390.01,119390.01,118960.5,119037.77,253.49224
2025-07-28 02:00:00+00:00,119037.77,119530.4,119021.11,119459.96,203.6546
2025-07-28 02:30:00+00:00,119459.96,119800.0,119380.0,119434.14,374.48303
2025-07-28 03:00:00+00:00,119434.14,119521.03,119272.95,119280.87,143.51342
2025-07-28 03:30:00+00:00,119280.86,119351.1,119234.37,119287.99,161.07911
2025-07-28 04:00:00+00:00,119287.99,119423.58,119132.16,119152.26,159.6798
2025-07-28 04:30:00+00:00,119152.26,119343.74,119128.46,119218.05,181.42725
2025-07-28 05:00:00+00:00,119218.06,119463.85,119138.24,119383.67,338.74023
2025-07-28 05:30:00+00:00,119383.67,119701.07,119261.61,119526.13,448.82247
2025-07-28 06:00:00+00:00,119526.13,119600.0,119464.05,119490.0,239.59339
2025-07-28 06:30:00+00:00,119490.0,119490.01,119440.0,119448.02,109.98505
2025-07-28 07:00:00+00:00,119448.03,119448.03,118823.5,119067.88,520.61993
2025-07-28 07:30:00+00:00,119067.88,119067.88,118774.31,118900.0,361.19408
2025-07-28 08:00:00+00:00,118900.01,119085.0,118818.71,119016.71,209.76636
2025-07-28 08:30:00+00:00,119016.71,119102.69,118777.98,119072.45,349.00773
2025-07-28 09:00:00+00:00,119072.45,119072.45,118827.36,118835.99,188.10743
2025-07-28 09:30:00+00:00,118836.0,119019.83,118704.01,118930.87,179.28552
2025-07-28 10:00:00+00:00,118930.88,118953.52,118771.59,118934.7,77.37525
2025-07-28 10:30:00+00:00,118934.71,118934.71,118620.22,118764.53,283.33613
2025-07-28 11:00:00+00:00,118764.54,118873.78,118553.83,118562.5,330.08795
2025-07-28 11:30:00+00:00,118562.51,118833.76,118475.47,118827.49,443.21583
2025-07-28 12:00:00+00:00,118827.49,119093.68,118783.85,118930.13,331.19731
2025-07-28 12:30:00+00:00,118930.12,119021.4,118801.35,118845.24,447.83511
2025-07-28 13:00:00+00:00,118845.23,118871.14,118431.24,118609.31,266.51412
2025-07-28 13:30:00+00:00,118609.32,119085.79,118234.28,118434.78,832.40415
2025-07-28 14:00:00+00:00,118434.77,118685.02,118030.0,118094.33,642.53881
2025-07-28 14:30:00+00:00,118094.34,118274.59,117895.73,117985.93,658.44128
2025-07-28 15:00:00+00:00,117985.94,118432.0,117907.0,118431.99,338.6068
2025-07-28 15:30:00+00:00,118431.99,118500.0,118109.97,118174.9,275.0727
2025-07-28 16:00:00+00:00,118174.89,118310.34,118003.55,118293.68,248.51157
2025-07-28 16:30:00+00:00,118293.67,118376.61,118013.0,118028.88,223.80864
2025-07-28 17:00:00+00:00,118028.89,118048.84,117653.39,118019.65,487.86096
2025-07-28 17:30:00+00:00,118019.65,118112.24,117663.22,117667.86,301.99073
2025-07-28 18:00:00+00:00,117667.86,117812.57,117484.0,117552.02,427.08739
2025-07-28 18:30:00+00:00,117552.03,117856.37,117427.5,117776.56,243.38289
2025-07-28 19:00:00+00:00,117776.56,118244.46,117776.56,118092.85,363.17058
2025-07-28 19:30:00+00:00,118092.85,118096.66,117542.45,118068.73,279.74251
2025-07-28 20:00:00+00:00,118068.73,118162.17,117509.81,117509.82,241.19796
2025-07-28 20:30:00+00:00,117509.81,118080.0,117500.09,118044.93,158.73547
2025-07-28 21:00:00+00:00,118044.93,118180.0,117951.12,118098.07,138.36285
2025-07-28 21:30:00+00:00,118098.07,118350.01,117963.66,118106.9,196.02616
2025-07-28 22:00:00+00:00,118106.89,118266.06,118010.1,118135.67,152.70429
2025-07-28 22:30:00+00:00,118135.67,118183.4,117762.51,117854.35,217.49944
2025-07-28 23:00:00+00:00,117854.34,118172.37,117814.64,117980.6,140.88991
2025-07-28 23:30:00+00:00,117980.61,118146.19,117817.45,118062.32,103.38983
2025-07-29 00:00:00+00:00,118062.32,118450.0,117948.31,118242.22,196.88638
2025-07-29 00:30:00+00:00,118242.22,118280.0,117539.68,117979.8,351.47221
2025-07-29 01:00:00+00:00,117979.8,118240.0,117862.84,118210.84,100.48912
2025-07-29 01:30:00+00:00,118210.85,118247.62,117774.15,117774.16,164.16475
2025-07-29 02:00:00+00:00,117774.15,117953.34,117450.0,117905.05,349.23168
2025-07-29 02:30:00+00:00,117905.05,118102.79,117762.04,118095.6,201.60991
2025-07-29 03:00:00+00:00,118095.59,118443.53,118095.59,118340.15,371.931
2025-07-29 03:30:00+00:00,118340.14,118800.0,118256.23,118764.85,507.09263
2025-07-29 04:00:00+00:00,118764.85,118799.99,118554.36,118653.16,246.32265
2025-07-29 04:30:00+00:00,118653.16,118685.0,118416.66,118533.93,195.38541
2025-07-29 05:00:00+00:00,118533.93,118753.2,118527.77,118649.26,170.96091
2025-07-29 05:30:00+00:00,118649.27,118852.0,118597.78,118800.0,304.11648
2025-07-29 06:00:00+00:00,118799.99,119061.68,118731.74,118919.79,336.3778
2025-07-29 06:30:00+00:00,118919.8,119000.0,118764.85,118764.85,328.2327
2025-07-29 07:00:00+00:00,118764.86,118944.15,118764.85,118820.72,286.91832
2025-07-29 07:30:00+00:00,118820.71,119273.36,118750.87,118882.37,711.67844
2025-07-29 08:00:00+00:00,118882.37,119051.0,118764.86,118796.71,149.42481
2025-07-29 08:30:00+00:00,118796.71,119022.96,118795.85,118923.8,153.33797
2025-07-29 09:00:00+00:00,118923.81,118985.0,118758.98,118924.82,150.5161
2025-07-29 09:30:00+00:00,118924.82,118924.83,118761.22,118784.79,234.74698
2025-07-29 10:00:00+00:00,118784.8,118828.01,118543.11,118659.32,381.37576
2025-07-29 10:30:00+00:00,118659.33,118770.07,118300.0,118317.75,315.92562
2025-07-29 11:00:00+00:00,118317.74,118511.66,118160.87,118502.2,303.71819
2025-07-29 11:30:00+00:00,118502.21,118592.39,118350.63,118592.38,273.90808
2025-07-29 12:00:00+00:00,118592.38,119035.0,118450.0,118932.79,381.69034
2025-07-29 12:30:00+00:00,118932.78,119080.81,118785.75,118906.85,405.57395
2025-07-29 13:00:00+00:00,118906.85,118955.0,118770.06,118950.0,283.88202
2025-07-29 13:30:00+00:00,118949.99,119029.54,118527.01,118621.27,373.57025
2025-07-29 14:00:00+00:00,118621.27,118635.58,117963.4,118271.23,756.50058
2025-07-29 14:30:00+00:00,118271.22,118317.15,117701.0,117823.67,571.79002
2025-07-29 15:00:00+00:00,117823.66,117955.39,117519.79,117532.79,557.86782
2025-07-29 15:30:00+00:00,117532.79,117632.91,117272.0,117400.01,843.0814
2025-07-29 16:00:00+00:00,117400.02,117579.18,117300.0,117332.23,457.34298
2025-07-29 16:30:00+00:00,117332.22,117758.13,116950.75,117739.03,667.81352
2025-07-29 17:00:00+00:00,117739.03,117963.66,117629.99,117913.32,297.05462
2025-07-29 17:30:00+00:00,117913.32,118057.05,117675.0,117773.69,215.43797
2025-07-29 18:00:00+00:00,117773.69,117824.59,117482.4,117725.92,138.26836
2025-07-29 18:30:00+00:00,117725.92,117811.77,117500.74,117606.72,122.33796
2025-07-29 19:00:00+00:00,117606.74,118000.0,117420.0,117462.94,315.72178
2025-07-29 19:30:00+00:00,117462.94,117661.25,117440.0,117525.29,227.08615
2025-07-29 20:00:00+00:00,117525.28,117871.39,117105.26,117561.58,526.34514
2025-07-29 20:30:00+00:00,117561.31,117585.35,117094.96,117514.28,297.45533
2025-07-29 21:00:00+00:00,117514.49,117553.51,117190.83,117354.71,330.8307
2025-07-29 21:30:00+00:00,117354.71,117701.1,117260.01,117606.79,139.85607
2025-07-29 22:00:00+00:00,117606.79,117736.36,117459.04,117735.9,132.61274
2025-07-29 22:30:00+00:00,117735.91,117860.0,117702.63,117848.03,107.18765
2025-07-29 23:00:00+00:00,117848.03,117940.38,117800.0,117940.38,82.94733
2025-07-29 23:30:00+00:00,117940.37,118000.0,117729.8,117950.76,119.85587
2025-07-30 00:00:00+00:00,117950.75,117995.98,117716.03,117716.03,114.70324
2025-07-30 00:30:00+00:00,117716.03,117770.72,117538.15,117744.77,131.61175
2025-07-30 01:00:00+00:00,117744.78,117793.4,117412.53,117565.35,124.29509
2025-07-30 01:30:00+00:00,117565.36,118012.78,117538.67,117862.05,110.5567
2025-07-30 02:00:00+00:00,117862.05,118119.0,117796.14,117945.93,148.05859
2025-07-30 02:30:00+00:00,117945.93,118119.0,117871.77,118024.11,182.63435
2025-07-30 03:00:00+00:00,118024.1,118100.0,117905.61,118100.0,142.7609
2025-07-30 03:30:00+00:00,118099.99,118250.0,118046.33,118161.87,271.76444
2025-07-30 04:00:00+00:00,118161.86,118275.18,118152.46,118181.74,133.25816
2025-07-30 04:30:00+00:00,118181.73,118181.74,117963.65,117993.52,133.09186
2025-07-30 05:00:00+00:00,117993.52,118080.0,117667.33,117977.0,187.96378
2025-07-30 05:30:00+00:00,117977.01,118041.06,117862.84,117992.26,81.80646
2025-07-30 06:00:00+00:00,117992.26,118202.28,117992.25,118202.0,176.6774
2025-07-30 06:30:00+00:00,118201.99,118326.56,118103.8,118287.31,220.04581
2025-07-30 07:00:00+00:00,118287.31,118412.11,118200.0,118355.0,161.68291
2025-07-30 07:30:00+00:00,118354.99,118379.07,118118.0,118123.01,137.56325
2025-07-30 08:00:00+00:00,118123.0,118263.76,117939.99,118160.0,229.94843
2025-07-30 08:30:00+00:00,118160.0,118481.81,118075.49,118372.73,236.73555
2025-07-30 09:00:00+00:00,118372.73,118427.98,118145.52,118149.98,123.13984
2025-07-30 09:30:00+00:00,118149.99,118210.99,117985.98,118164.08,175.01054
2025-07-30 10:00:00+00:00,118164.08,118357.43,118164.08,118326.08,230.63774
2025-07-30 10:30:00+00:00,118326.08,118471.69,117928.13,118020.18,585.39728
2025-07-30 11:00:00+00:00,118020.17,118184.0,117800.44,117821.54,223.05022
2025-07-30 11:30:00+00:00,117821.54,117986.21,117358.84,117579.99,424.09835
2025-07-30 12:00:00+00:00,117579.99,117846.7,117358.84,117739.19,363.42212
2025-07-30 12:30:00+00:00,117739.18,117909.01,117560.44,117739.02,312.96729
2025-07-30 13:00:00+00:00,117739.02,117888.0,117415.62,117507.3,469.43608
2025-07-30 13:30:00+00:00,117507.31,117820.0,117437.0,117675.79,431.84388
2025-07-30 14:00:00+00:00,117675.78,118000.0,117610.93,117736.96,341.9363
2025-07-30 14:30:00+00:00,117736.96,118728.15,117736.96,118714.35,761.53179
2025-07-30 15:00:00+00:00,118714.35,118792.0,118100.0,118161.15,680.09169
2025-07-30 15:30:00+00:00,118161.16,118227.12,117834.24,118000.01,433.68697
2025-07-30 16:00:00+00:00,118000.01,118021.88,117635.3,117800.44,469.33798
2025-07-30 16:30:00+00:00,117800.44,117878.01,117675.0,117734.8,241.16445
2025-07-30 17:00:00+00:00,117734.8,117940.0,117704.0,117803.81,258.19631
2025-07-30 17:30:00+00:00,117803.81,117862.85,117650.0,117802.1,333.18224
2025-07-30 18:00:00+00:00,117802.11,118037.18,117403.88,117739.14,590.37254
2025-07-30 18:30:00+00:00,117739.14,117829.43,116509.47,116523.14,1256.24423
2025-07-30 19:00:00+00:00,116523.15,116561.91,115796.23,116459.84,1640.06626
2025-07-30 19:30:00+00:00,116459.83,117123.8,116253.6,116916.73,932.58651
2025-07-30 20:00:00+00:00,116916.73,117325.94,116880.64,117114.19,326.5451
2025-07-30 20:30:00+00:00,117114.19,117207.44,116935.03,117175.71,189.2177
2025-07-30 21:00:00+00:00,117175.72,117231.16,117000.0,117000.01,92.57159
2025-07-30 21:30:00+00:00,117000.0,117336.34,116955.64,117326.82,121.92039
2025-07-30 22:00:00+00:00,117326.82,117437.01,117253.73,117303.04,188.58154
2025-07-30 22:30:00+00:00,117303.05,117497.17,117280.0,117486.49,127.65934
2025-07-30 23:00:00+00:00,117486.48,117588.68,117460.0,117571.03,148.01138
2025-07-30 23:30:00+00:00,117571.03,117908.4,117571.02,117840.3,189.66999
2025-07-31 00:00:00+00:00,117840.29,118063.6,117781.87,118063.49,186.02998
2025-07-31 00:30:00+00:00,118063.5,118542.39,118040.01,118415.8,614.03862
2025-07-31 01:00:00+00:00,118415.8,118456.46,118165.25,118307.89,320.3325
2025-07-31 01:30:00+00:00,118307.9,118343.08,117992.71,118055.32,143.47891
2025-07-31 02:00:00+00:00,118055.32,118266.06,117981.02,118188.22,211.21869
2025-07-31 02:30:00+00:00,118188.22,118520.32,118188.22,118447.52,374.1539
2025-07-31 03:00:00+00:00,118447.52,118489.88,118385.0,118447.32,172.81275
2025-07-31 03:30:00+00:00,118447.32,118600.0,118386.34,118466.14,285.50797
2025-07-31 04:00:00+00:00,118466.15,118486.8,118364.13,118374.48,177.07966
2025-07-31 04:30:00+00:00,118374.49,118550.0,118374.48,118511.53,182.24111
2025-07-31 05:00:00+00:00,118511.52,118540.0,118343.07,118381.96,143.03606
2025-07-31 05:30:00+00:00,118381.96,118419.14,118331.63,118362.0,134.79689
2025-07-31 06:00:00+00:00,118362.01,118425.78,118287.63,118425.78,155.36025
2025-07-31 06:30:00+00:00,118425.78,118725.59,118401.71,118691.78,396.99628
2025-07-31 07:00:00+00:00,118691.79,118922.45,118604.22,118833.71,505.8433
2025-07-31 07:30:00+00:00,118833.72,118833.72,118626.86,118665.97,212.61379
2025-07-31 08:00:00+00:00,118665.98,118720.0,118591.73,118638.06,148.24525
2025-07-31 08:30:00+00:00,118638.05,118770.07,118568.46,118593.94,162.03912
2025-07-31 09:00:00+00:00,118593.95,118593.95,118467.65,118533.46,133.59248
2025-07-31 09:30:00+00:00,118533.46,118617.96,118508.28,118605.58,114.84853
2025-07-31 10:00:00+00:00,118605.58,118719.42,118441.11,118469.04,152.41165
2025-07-31 10:30:00+00:00,118469.05,118629.34,118435.72,118505.02,132.72831
2025-07-31 11:00:00+00:00,118505.02,118560.0,118413.96,118420.0,270.39208
2025-07-31 11:30:00+00:00,118420.0,118494.55,118278.91,118371.25,175.94889
2025-07-31 12:00:00+00:00,118371.25,118544.28,118342.44,118541.64,226.47492
2025-07-31 12:30:00+00:00,118541.64,118645.1,118285.14,118626.18,209.37993
2025-07-31 13:00:00+00:00,118626.19,118626.19,118108.28,118146.82,243.81849
2025-07-31 13:30:00+00:00,118146.82,118702.1,117807.35,118557.01,563.00902
2025-07-31 14:00:00+00:00,118557.01,118660.17,117924.54,117979.15,418.01858
2025-07-31 14:30:00+00:00,117979.14,118228.54,117901.68,117913.18,625.61304
2025-07-31 15:00:00+00:00,117913.19,118200.0,117894.99,118034.85,796.89575
2025-07-31 15:30:00+00:00,118034.84,118351.0,118034.84,118306.18,374.07122
2025-07-31 16:00:00+00:00,118306.18,118543.12,118242.39,118543.11,320.34169
2025-07-31 16:30:00+00:00,118543.12,118879.14,118405.0,118538.53,555.97834
2025-07-31 17:00:00+00:00,118538.53,118557.71,117764.0,117866.54,327.18453
2025-07-31 17:30:00+00:00,117866.53,118223.8,117702.42,117728.0,705.65046
2025-07-31 18:00:00+00:00,117728.0,117930.05,117400.0,117930.05,627.5346
2025-07-31 18:30:00+00:00,117930.04,117998.38,117605.36,117658.8,319.21881
2025-07-31 19:00:00+00:00,117658.81,117762.05,117123.43,117159.45,858.84624
2025-07-31 19:30:00+00:00,117159.46,117193.17,116763.43,116785.79,513.46551
2025-07-31 20:00:00+00:00,116785.78,116990.04,116450.8,116765.08,509.49135
2025-07-31 20:30:00+00:00,116765.09,116929.89,116450.0,116514.0,466.38622
2025-07-31 21:00:00+00:00,116514.0,116783.08,116485.31,116783.07,311.83585
2025-07-31 21:30:00+00:00,116783.08,116909.67,116228.77,116536.96,430.93094
2025-07-31 22:00:00+00:00,116536.96,116536.97,116116.0,116290.31,459.8623
2025-07-31 22:30:00+00:00,116290.32,116297.24,116010.0,116010.6,374.22625
2025-07-31 23:00:00+00:00,116010.6,116362.99,115940.02,116040.21,500.97883
2025-07-31 23:30:00+00:00,116040.21,116040.21,115500.0,115764.08,765.04746
2025-08-01 00:00:00+00:00,115764.07,115933.0,115308.55,115800.01,752.69756
2025-08-01 00:30:00+00:00,115800.0,115800.0,114313.13,115427.27,1774.19005
2025-08-01 01:00:00+00:00,115427.27,115609.99,114600.0,115190.38,1130.11853
2025-08-01 01:30:00+00:00,115190.37,115413.91,115000.0,115331.86,525.92168
2025-08-01 02:00:00+00:00,115328.67,115810.71,115221.07,115619.94,332.42331
2025-08-01 02:30:00+00:00,115619.95,116019.3,115572.53,115966.12,372.53231
2025-08-01 03:00:00+00:00,115966.11,116052.0,115794.14,116020.38,329.45832
2025-08-01 03:30:00+00:00,116020.39,116035.61,115613.21,115648.03,222.98395
2025-08-01 04:00:00+00:00,115648.03,115648.03,115266.64,115526.01,324.39747
2025-08-01 04:30:00+00:00,115526.01,115699.58,115459.35,115695.52,246.85044
2025-08-01 05:00:00+00:00,115695.53,115916.43,115481.14,115588.93,220.03546
2025-08-01 05:30:00+00:00,115588.93,115754.5,115385.92,115568.0,291.15653
2025-08-01 06:00:00+00:00,115568.0,115658.09,115242.37,115258.0,254.82867
2025-08-01 06:30:00+00:00,115258.0,115328.48,115065.55,115156.51,374.56851
2025-08-01 07:00:00+00:00,115156.52,115300.0,114810.43,114840.96,565.68083
2025-08-01 07:30:00+00:00,114840.96,115098.81,114633.18,115081.77,674.98943
2025-08-01 08:00:00+00:00,115081.76,115081.76,114349.9,114430.3,790.66033
2025-08-01 08:30:00+00:00,114430.31,114780.0,114116.0,114615.99,641.90032
2025-08-01 09:00:00+00:00,114615.98,115306.83,114555.41,115306.83,485.21721
2025-08-01 09:30:00+00:00,115306.83,115340.0,114931.68,114938.67,362.99204
2025-08-01 10:00:00+00:00,114938.66,115203.13,114878.61,115020.08,195.15449
2025-08-01 10:30:00+00:00,115020.08,115029.25,114710.02,114762.58,367.93351
2025-08-01 11:00:00+00:00,114762.58,115085.73,114602.4,115085.73,248.69462
2025-08-01 11:30:00+00:00,115085.72,115336.98,115056.95,115305.65,245.97665
2025-08-01 12:00:00+00:00,115305.64,115510.7,115219.68,115448.44,310.97549
2025-08-01 12:30:00+00:00,115448.44,115900.0,115142.62,115732.48,751.6599
2025-08-01 13:00:00+00:00,115732.48,116019.3,115525.47,115679.82,528.51825
2025-08-01 13:30:00+00:00,115679.82,115679.82,114172.0,114352.05,1055.5588
2025-08-01 14:00:00+00:00,114352.04,115748.9,113988.47,115746.46,1136.71548
2025-08-01 14:30:00+00:00,115746.45,115831.28,115367.71,115619.8,672.27452
2025-08-01 15:00:00+00:00,115619.8,115645.57,114676.03,114785.03,540.31929
2025-08-01 15:30:00+00:00,114786.06,115499.33,114690.51,115357.82,329.94113
2025-08-01 16:00:00+00:00,115357.82,115695.52,115305.64,115602.17,203.60521
2025-08-01 16:30:00+00:00,115602.17,115602.18,114817.81,115015.6,500.31942
2025-08-01 17:00:00+00:00,115015.6,115046.88,114501.0,114655.15,512.1858
2025-08-01 17:30:00+00:00,114655.14,115096.93,114345.0,114420.0,444.06307
2025-08-01 18:00:00+00:00,114420.0,114496.59,113669.01,114154.9,820.81215
2025-08-01 18:30:00+00:00,114154.9,114341.77,113738.63,113836.93,360.07608
2025-08-01 19:00:00+00:00,113836.92,113922.47,113251.0,113396.04,533.09853
2025-08-01 19:30:00+00:00,113396.04,113893.55,113221.93,113328.68,761.31476
2025-08-01 20:00:00+00:00,113328.67,113650.01,113168.22,113484.03,555.76816
2025-08-01 20:30:00+00:00,113484.02,113980.0,113408.47,113951.09,401.43562
2025-08-01 21:00:00+00:00,113951.1,114067.18,113700.0,114010.72,316.9525
2025-08-01 21:30:00+00:00,114010.73,114094.08,113886.18,113892.12,112.34525
2025-08-01 22:00:00+00:00,113892.11,114010.82,113180.0,113449.0,363.61508
2025-08-01 22:30:00+00:00,113449.01,113494.55,112722.58,113141.05,1005.27797
2025-08-01 23:00:00+00:00,113141.05,113560.46,112908.54,113549.44,284.89225
2025-08-01 23:30:00+00:00,113549.44,113549.44,113211.26,113297.93,254.01513
2025-08-02 00:00:00+00:00,113297.92,113608.72,113198.63,113565.05,321.22202
2025-08-02 00:30:00+00:00,113565.04,113844.16,113436.52,113822.97,243.06204
2025-08-02 01:00:00+00:00,113822.97,113909.3,113512.81,113560.0,187.72353
2025-08-02 01:30:00+00:00,113560.0,113679.16,113420.76,113674.24,165.48928
2025-08-02 02:00:00+00:00,113674.23,113766.43,113534.3,113639.02,111.47777
2025-08-02 02:30:00+00:00,113639.02,113727.63,113610.95,113702.24,119.79337
2025-08-02 03:00:00+00:00,113702.24,113921.94,113702.24,113809.85,164.45754
2025-08-02 03:30:00+00:00,113809.85,113909.87,113759.34,113909.86,109.74706
2025-08-02 04:00:00+00:00,113909.87,113993.57,113820.0,113993.56,150.55495
2025-08-02 04:30:00+00:00,113993.57,114057.27,113993.56,114025.75,125.74709
2025-08-02 05:00:00+00:00,114025.76,114063.49,113855.01,114049.98,164.55182
2025-08-02 05:30:00+00:00,114049.98,114049.99,113917.0,113981.06,151.46523
2025-08-02 06:00:00+00:00,113981.07,113981.07,113562.39,113562.4,404.45442
2025-08-02 06:30:00+00:00,113562.4,113741.09,113469.43,113697.85,334.19792
2025-08-02 07:00:00+00:00,113697.85,113937.9,113556.19,113932.45,194.79083
2025-08-02 07:30:00+00:00,113932.46,114021.0,113849.0,113982.49,148.62775
2025-08-02 08:00:00+00:00,113982.49,114040.29,113877.3,113877.31,124.7043
2025-08-02 08:30:00+00:00,113877.31,113880.0,113676.81,113682.01,215.81637
2025-08-02 09:00:00+00:00,113682.01,113852.0,113682.0,113718.84,125.54704
2025-08-02 09:30:00+00:00,113718.84,113718.84,113572.19,113690.7,132.42017
2025-08-02 10:00:00+00:00,113690.71,113704.0,113501.0,113649.13,123.71027
2025-08-02 10:30:00+00:00,113649.13,113649.13,113425.58,113550.89,174.45271
2025-08-02 11:00:00+00:00,113550.89,113867.96,113451.77,113860.0,121.3045
2025-08-02 11:30:00+00:00,113860.01,113914.25,113736.01,113787.12,117.40691
2025-08-02 12:00:00+00:00,113787.11,113787.12,113687.23,113714.88,107.37324
2025-08-02 12:30:00+00:00,113714.88,113745.57,113564.99,113620.01,236.17422
2025-08-02 13:00:00+00:00,113620.01,113630.0,113284.64,113284.65,210.71467
2025-08-02 13:30:00+00:00,113284.65,113526.45,113218.0,113457.85,240.7245
2025-08-02 14:00:00+00:00,113457.86,113530.0,113123.85,113262.69,209.3978
2025-08-02 14:30:00+00:00,113262.68,113262.68,112939.39,113099.89,383.2844
2025-08-02 15:00:00+00:00,113099.9,113420.0,113090.01,113246.92,182.96603
2025-08-02 15:30:00+00:00,113246.91,113246.92,112802.31,112840.71,352.09385
2025-08-02 16:00:00+00:00,112840.7,113000.0,112700.07,112915.98,399.31713
2025-08-02 16:30:00+00:00,112915.99,113261.16,112865.36,113200.25,235.86309
2025-08-02 17:00:00+00:00,113200.25,113420.0,113160.0,113360.0,216.01132
2025-08-02 17:30:00+00:00,113359.99,113369.99,112584.23,112724.03,333.01306
2025-08-02 18:00:00+00:00,112724.04,112920.0,112341.18,112386.19,649.50047
2025-08-02 18:30:00+00:00,112386.18,112584.3,112099.22,112327.65,573.329
2025-08-02 19:00:00+00:00,112327.65,112730.01,112003.0,112708.0,613.46087
2025-08-02 19:30:00+00:00,112708.01,112945.62,112222.28,112229.42,394.21165
2025-08-02 20:00:00+00:00,112229.42,112488.0,112069.86,112427.95,291.05521
2025-08-02 20:30:00+00:00,112427.96,112780.0,112300.0,112780.0,232.94806
2025-08-02 21:00:00+00:00,112780.0,112937.53,112562.02,112591.56,178.1083
2025-08-02 21:30:00+00:00,112591.56,113058.82,112591.55,112859.32,212.68026
2025-08-02 22:00:00+00:00,112859.32,113011.63,112555.0,112586.72,171.48766
2025-08-02 22:30:00+00:00,112586.72,112966.68,112586.71,112862.14,124.42854
2025-08-02 23:00:00+00:00,112862.14,112873.83,112306.9,112308.86,478.89978
2025-08-02 23:30:00+00:00,112308.86,112766.04,112280.86,112546.35,247.56628
2025-08-03 00:00:00+00:00,112546.35,112789.93,112293.05,112371.8,244.70648
2025-08-03 00:30:00+00:00,112371.79,112992.27,111920.0,112956.04,576.82917
2025-08-03 01:00:00+00:00,112956.04,113208.98,112841.46,113201.01,239.46124
2025-08-03 01:30:00+00:00,113201.01,113269.92,112980.28,113107.99,242.0432
2025-08-03 02:00:00+00:00,113107.99,113425.01,113100.0,113357.09,340.79379
2025-08-03 02:30:00+00:00,113357.09,113517.58,113350.0,113517.58,109.6439
2025-08-03 03:00:00+00:00,113517.58,113556.2,113419.45,113517.57,157.87532
2025-08-03 03:30:00+00:00,113517.58,113740.69,113517.57,113604.2,195.191
2025-08-03 04:00:00+00:00,113604.2,113604.2,113407.91,113528.14,119.88321
2025-08-03 04:30:00+00:00,113528.13,113528.14,113341.06,113468.41,117.73858
2025-08-03 05:00:00+00:00,113468.41,113599.49,113408.22,113595.31,96.57226
2025-08-03 05:30:00+00:00,113595.31,113659.0,113486.84,113618.52,107.22317
2025-08-03 06:00:00+00:00,113618.52,113636.5,113505.39,113541.97,83.68769
2025-08-03 06:30:00+00:00,113541.97,113586.3,113472.54,113559.34,63.85243
2025-08-03 07:00:00+00:00,113559.34,113712.88,113559.34,113712.87,81.92178
2025-08-03 07:30:00+00:00,113712.87,113720.16,113663.31,113700.0,93.39785
2025-08-03 08:00:00+00:00,113700.0,113790.0,113680.62,113680.62,131.31263
2025-08-03 08:30:00+00:00,113680.63,113697.02,113551.0,113692.0,151.07211
2025-08-03 09:00:00+00:00,113692.01,113710.51,113630.3,113659.99,136.22262
2025-08-03 09:30:00+00:00,113659.98,113692.47,113634.52,113654.95,97.87683
2025-08-03 10:00:00+00:00,113654.95,113780.0,113654.94,113764.34,64.59021
2025-08-03 10:30:00+00:00,113764.33,113900.0,113720.01,113899.99,117.01795
2025-08-03 11:00:00+00:00,113899.99,114260.31,113899.99,114004.23,411.19486
2025-08-03 11:30:00+00:00,114004.24,114051.74,113861.18,113862.18,150.92156
2025-08-03 12:00:00+00:00,113862.19,113883.75,113656.4,113788.0,183.25652
2025-08-03 12:30:00+00:00,113788.0,114098.45,113765.86,114009.99,154.08836
2025-08-03 13:00:00+00:00,114010.0,114095.35,113803.0,113846.06,181.50835
2025-08-03 13:30:00+00:00,113846.05,113985.42,113811.17,113939.0,76.03091
2025-08-03 14:00:00+00:00,113939.0,114065.54,113579.69,113642.0,198.47609
2025-08-03 14:30:00+00:00,113641.99,113852.6,113613.99,113792.28,121.69067
2025-08-03 15:00:00+00:00,113792.29,113873.72,113680.0,113844.7,79.97798
2025-08-03 15:30:00+00:00,113844.7,113966.0,113674.05,113959.06,136.53798
2025-08-03 16:00:00+00:00,113959.06,113959.06,113775.55,113877.4,155.25654
2025-08-03 16:30:00+00:00,113877.4,114026.82,113877.39,113995.16,91.40425
2025-08-03 17:00:00+00:00,113995.15,114165.09,113990.0,114020.09,123.66094
2025-08-03 17:30:00+00:00,114020.1,114117.42,113953.97,114117.42,75.29547
2025-08-03 18:00:00+00:00,114117.42,114460.15,114060.36,114302.3,228.14902
2025-08-03 18:30:00+00:00,114302.3,114429.3,114127.23,114380.4,133.49956
2025-08-03 19:00:00+00:00,114380.41,114635.0,114294.34,114522.0,170.23509
2025-08-03 19:30:00+00:00,114522.01,114799.97,114259.95,114313.19,277.46422
2025-08-03 20:00:00+00:00,114313.19,114313.19,114163.49,114202.46,118.67369
2025-08-03 20:30:00+00:00,114202.45,114467.0,114172.8,114423.77,82.1459
2025-08-03 21:00:00+00:00,114423.77,114521.68,114383.67,114482.45,108.08955
2025-08-03 21:30:00+00:00,114482.45,114506.5,114363.46,114435.47,115.35903
2025-08-03 22:00:00+00:00,114435.46,114612.24,114066.56,114113.99,165.54393
2025-08-03 22:30:00+00:00,114113.99,114369.55,114113.99,114324.83,72.26934
2025-08-03 23:00:00+00:00,114324.84,114500.0,114268.38,114270.72,137.39034
2025-08-03 23:30:00+00:00,114270.72,114298.6,114176.0,114208.8,80.72689
2025-08-04 00:00:00+00:00,114208.81,114400.0,114107.6,114350.47,279.73826
2025-08-04 00:30:00+00:00,114350.47,114914.29,114292.52,114899.87,228.57899
2025-08-04 01:00:00+00:00,114899.86,115000.0,114620.14,114825.26,279.69576
2025-08-04 01:30:00+00:00,114825.27,114934.79,114644.88,114671.96,143.74665
2025-08-04 02:00:00+00:00,114671.96,114745.02,114418.68,114712.32,211.98332
2025-08-04 02:30:00+00:00,114712.32,114877.98,114569.04,114797.9,139.24215
2025-08-04 03:00:00+00:00,114797.9,114799.0,114681.48,114691.74,154.22553
2025-08-04 03:30:00+00:00,114691.74,114691.74,114527.73,114570.61,87.7952
2025-08-04 04:00:00+00:00,114570.61,114653.51,114500.02,114598.18,92.24878
2025-08-04 04:30:00+00:00,114598.18,114598.19,114345.74,114383.55,177.13745
2025-08-04 05:00:00+00:00,114383.54,114410.57,114226.18,114226.19,139.58411
2025-08-04 05:30:00+00:00,114226.18,114418.75,114188.0,114391.26,125.99115
2025-08-04 06:00:00+00:00,114391.26,114442.27,114148.58,114250.25,206.49217
2025-08-04 06:30:00+00:00,114250.25,114482.49,114188.42,114423.76,124.67037
2025-08-04 07:00:00+00:00,114423.77,114546.02,114402.45,114502.0,132.92685
2025-08-04 07:30:00+00:00,114502.0,114778.5,114489.78,114652.97,222.22219
2025-08-04 08:00:00+00:00,114652.98,114750.0,114459.92,114459.93,220.28235
2025-08-04 08:30:00+00:00,114459.92,114618.61,114360.99,114546.25,190.87194
2025-08-04 09:00:00+00:00,114546.25,114744.2,114454.72,114630.41,137.26095
2025-08-04 09:30:00+00:00,114630.42,114698.86,114302.29,114325.92,141.41479
2025-08-04 10:00:00+00:00,114325.92,114506.16,114287.42,114349.05,153.13467
2025-08-04 10:30:00+00:00,114349.05,114448.19,114234.58,114251.83,111.42611
2025-08-04 11:00:00+00:00,114251.83,114367.37,114217.97,114367.37,72.95135
2025-08-04 11:30:00+00:00,114367.37,114517.55,114338.04,114493.09,161.30278
2025-08-04 12:00:00+00:00,114493.09,114535.48,114373.96,114427.0,126.6468
2025-08-04 12:30:00+00:00,114426.99,114450.0,114327.95,114444.36,95.1991
2025-08-04 13:00:00+00:00,114444.36,114500.42,114188.42,114203.23,177.49097
2025-08-04 13:30:00+00:00,114203.23,114913.89,114121.0,114913.88,662.17465
2025-08-04 14:00:00+00:00,114913.89,115466.0,114903.6,115419.0,946.79656
2025-08-04 14:30:00+00:00,115419.0,115465.16,114652.96,114736.78,439.52731
2025-08-04 15:00:00+00:00,114736.78,115022.97,114667.77,114779.58,228.11435
2025-08-04 15:30:00+00:00,114779.58,114913.89,114560.33,114826.0,209.51152
2025-08-04 16:00:00+00:00,114826.01,115200.0,114826.0,114901.0,277.39734
2025-08-04 16:30:00+00:00,114901.01,115405.22,114900.0,115301.0,335.28759
2025-08-04 17:00:00+00:00,115301.0,115720.0,115252.27,115519.86,375.53509
2025-08-04 17:30:00+00:00,115519.86,115535.84,115148.08,115193.41,170.94699
2025-08-04 18:00:00+00:00,115193.41,115312.76,115055.76,115274.14,119.8083
2025-08-04 18:30:00+00:00,115274.14,115274.14,114913.88,114957.64,178.86105
2025-08-04 19:00:00+00:00,114957.63,115134.46,114884.57,114913.82,228.25282
2025-08-04 19:30:00+00:00,114913.82,114946.89,114732.65,114777.62,157.027
2025-08-04 20:00:00+00:00,114777.62,114866.95,114616.33,114728.79,173.15216
2025-08-04 20:30:00+00:00,114728.79,115076.34,114728.78,114811.96,190.26472
2025-08-04 21:00:00+00:00,114811.95,115151.43,114810.75,114994.59,126.57147
2025-08-04 21:30:00+00:00,114994.58,115258.62,114972.08,115111.09,103.28026
2025-08-04 22:00:00+00:00,115111.09,115288.3,115086.72,115086.72,127.51834
2025-08-04 22:30:00+00:00,115086.73,115325.88,115086.73,115325.88,98.33417
2025-08-04 23:00:00+00:00,115325.88,115340.0,115255.66,115305.36,74.31698
2025-08-04 23:30:00+00:00,115305.36,115305.36,115046.67,115055.03,110.73975
2025-08-05 00:00:00+00:00,115055.03,115127.81,114869.84,114900.36,235.60938
2025-08-05 00:30:00+00:00,114900.36,115117.76,114840.0,114886.96,111.80213
2025-08-05 01:00:00+00:00,114886.97,115046.68,114800.0,114885.67,146.98777
2025-08-05 01:30:00+00:00,114885.67,114932.54,114695.18,114708.11,162.56515
2025-08-05 02:00:00+00:00,114708.11,114813.87,114614.94,114614.95,131.45562
2025-08-05 02:30:00+00:00,114614.95,114827.79,114614.94,114719.27,106.81541
2025-08-05 03:00:00+00:00,114719.27,114737.82,114288.99,114336.61,323.07555
2025-08-05 03:30:00+00:00,114336.61,114404.23,114256.85,114256.85,180.61294
2025-08-05 04:00:00+00:00,114256.85,114426.65,114196.83,114250.26,352.72745
2025-08-05 04:30:00+00:00,114250.26,114377.0,114149.95,114338.06,224.83832
2025-08-05 05:00:00+00:00,114338.07,114487.25,114307.0,114394.0,127.12184
2025-08-05 05:30:00+00:00,114394.0,114454.3,114239.87,114405.99,210.51158
2025-08-05 06:00:00+00:00,114406.0,114500.66,114369.34,114476.04,94.20012
2025-08-05 06:30:00+00:00,114476.04,114476.05,114105.71,114178.63,295.64201
2025-08-05 07:00:00+00:00,114178.64,114395.3,114133.59,114213.73,331.33504
2025-08-05 07:30:00+00:00,114213.74,114258.92,113725.72,113969.7,489.16687
2025-08-05 08:00:00+00:00,113969.7,114382.64,113928.87,114373.02,244.49046
2025-08-05 08:30:00+00:00,114373.02,114540.0,114220.91,114281.09,215.82831
2025-08-05 09:00:00+00:00,114281.09,114583.94,114281.08,114576.94,168.95582
2025-08-05 09:30:00+00:00,114576.94,114792.72,114512.65,114694.76,313.35017
2025-08-05 10:00:00+00:00,114694.76,115096.73,114586.73,114960.03,236.99904
2025-08-05 10:30:00+00:00,114960.03,115093.13,114827.07,114841.27,201.67669
2025-08-05 11:00:00+00:00,114841.28,114913.89,114750.0,114903.77,93.60205
2025-08-05 11:30:00+00:00,114903.77,114972.0,114760.0,114827.07,118.65978
2025-08-05 12:00:00+00:00,114827.07,114893.13,114369.46,114530.01,247.14762
2025-08-05 12:30:00+00:00,114530.01,114530.02,113500.01,113937.35,688.78107
2025-08-05 13:00:00+00:00,113937.35,114215.56,113868.0,114171.91,241.02968
2025-08-05 13:30:00+00:00,114171.9,114573.17,114048.62,114381.43,393.91004
2025-08-05 14:00:00+00:00,114380.75,114386.37,113148.0,113248.66,985.55845
2025-08-05 14:30:00+00:00,113248.67,113268.09,112650.0,113037.12,1139.87934
2025-08-05 15:00:00+00:00,113037.12,113249.11,112692.3,112976.72,534.98489
2025-08-05 15:30:00+00:00,112976.73,113093.61,112710.0,112934.0,359.17731
2025-08-05 16:00:00+00:00,112934.0,113225.82,112836.0,113205.24,237.96641
2025-08-05 16:30:00+00:00,113205.24,113367.31,112815.68,113175.73,267.60987
2025-08-05 17:00:00+00:00,113175.73,113476.1,113096.0,113387.18,168.30818
2025-08-05 17:30:00+00:00,113387.19,113661.96,113256.68,113640.01,190.89647
2025-08-05 18:00:00+00:00,113640.01,113653.93,113384.61,113439.99,150.42444
2025-08-05 18:30:00+00:00,113439.99,113644.72,113261.79,113644.71,163.20527
2025-08-05 19:00:00+00:00,113644.72,113763.27,113556.19,113611.61,134.3416
2025-08-05 19:30:00+00:00,113611.62,113702.63,113407.35,113616.52,121.7685
2025-08-05 20:00:00+00:00,113616.51,113989.97,113616.51,113989.91,106.38964
2025-08-05 20:30:00+00:00,113989.9,113989.91,113494.47,113690.71,136.07854
2025-08-05 21:00:00+00:00,113690.71,113862.45,113620.0,113848.3,111.55156
2025-08-05 21:30:00+00:00,113848.31,113848.31,113569.07,113606.53,71.86737
2025-08-05 22:00:00+00:00,113606.52,113873.07,113304.0,113873.07,165.48625
2025-08-05 22:30:00+00:00,113873.07,113989.4,113849.99,113961.25,102.75982
2025-08-05 23:00:00+00:00,113961.25,114140.71,113918.4,114044.63,118.7057
2025-08-05 23:30:00+00:00,114044.64,114228.88,114040.0,114129.75,86.93326
2025-08-06 00:00:00+00:00,114129.75,114139.38,113928.93,113948.54,119.27443
2025-08-06 00:30:00+00:00,113948.54,114027.17,113748.67,113879.7,176.07317
2025-08-06 01:00:00+00:00,113879.69,113945.14,113588.77,113594.1,143.82437
2025-08-06 01:30:00+00:00,113594.1,113880.0,113588.77,113821.21,148.68448
2025-08-06 02:00:00+00:00,113820.77,113833.88,113491.76,113678.3,106.77823
2025-08-06 02:30:00+00:00,113678.3,113729.72,113542.91,113623.22,100.00804
2025-08-06 03:00:00+00:00,113623.23,113658.13,113400.0,113432.01,123.49096
2025-08-06 03:30:00+00:00,113432.02,113611.3,113425.37,113509.97,143.40396
2025-08-06 04:00:00+00:00,113509.98,113582.71,113386.89,113464.2,139.61964
2025-08-06 04:30:00+00:00,113464.21,113479.54,113355.13,113429.21,109.36169
2025-08-06 05:00:00+00:00,113429.21,114138.78,113384.81,113927.19,273.73479
2025-08-06 05:30:00+00:00,113927.19,114417.02,113927.19,114148.01,328.97078
2025-08-06 06:00:00+00:00,114148.01,114180.0,113933.23,113988.01,135.94997
2025-08-06 06:30:00+00:00,113988.0,114200.0,113938.0,114084.93,129.70131
2025-08-06 07:00:00+00:00,114084.92,114300.0,114019.66,114287.78,176.85612
2025-08-06 07:30:00+00:00,114287.78,114287.79,114112.12,114227.91,142.83641
2025-08-06 08:00:00+00:00,114227.9,114250.0,114000.0,114069.35,205.29947
2025-08-06 08:30:00+00:00,114069.36,114069.36,113727.57,113948.22,177.05682
2025-08-06 09:00:00+00:00,113948.23,114368.31,113906.96,114100.69,193.36605
2025-08-06 09:30:00+00:00,114100.69,114151.43,113949.86,114093.15,147.60732
2025-08-06 10:00:00+00:00,114093.15,114226.69,113899.2,113974.39,239.63553
2025-08-06 10:30:00+00:00,113974.38,114143.79,113940.18,114067.2,96.3375
2025-08-06 11:00:00+00:00,114067.2,114242.67,114007.85,114240.7,111.26282
2025-08-06 11:30:00+00:00,114240.71,114404.23,114170.69,114226.69,109.73213
2025-08-06 12:00:00+00:00,114226.68,114333.59,113809.02,114067.2,183.37004
2025-08-06 12:30:00+00:00,114067.21,114255.0,113884.51,113914.31,122.69984
2025-08-06 13:00:00+00:00,113914.31,114026.06,113825.84,113904.0,128.58397
2025-08-06 13:30:00+00:00,113906.8,114390.88,113579.9,114270.09,542.61103
2025-08-06 14:00:00+00:00,114270.09,114500.0,113869.88,114094.39,367.36494
2025-08-06 14:30:00+00:00,114094.39,115200.0,114020.0,115187.96,674.30401
2025-08-06 15:00:00+00:00,115187.96,115300.0,114832.38,114947.89,725.05014
2025-08-06 15:30:00+00:00,114947.9,115515.09,114935.26,115413.87,765.69616
2025-08-06 16:00:00+00:00,115413.87,115477.06,115046.01,115128.91,469.2571
2025-08-06 16:30:00+00:00,115128.92,115200.0,114942.18,115132.49,173.13149
2025-08-06 17:00:00+00:00,115132.49,115360.38,115024.0,115360.0,223.41379
2025-08-06 17:30:00+00:00,115360.0,115514.28,115231.16,115500.0,169.5683
2025-08-06 18:00:00+00:00,115500.0,115716.0,115426.65,115426.66,333.37458
2025-08-06 18:30:00+00:00,115426.66,115573.2,115301.27,115423.22,145.96824
2025-08-06 19:00:00+00:00,115423.23,115525.48,115345.2,115406.08,86.44424
2025-08-06 19:30:00+00:00,115406.09,115406.09,115118.8,115259.99,126.80135
2025-08-06 20:00:00+00:00,115260.0,115260.0,115154.99,115188.49,79.04094
2025-08-06 20:30:00+00:00,115188.48,115188.49,114987.68,115045.64,131.46477
2025-08-06 21:00:00+00:00,115045.65,115221.14,115029.93,115136.32,93.32433
2025-08-06 21:30:00+00:00,115136.32,115136.33,114793.01,115048.78,92.33624
2025-08-06 22:00:00+00:00,115048.77,115210.95,115048.77,115100.16,95.65527
2025-08-06 22:30:00+00:00,115100.17,115171.67,115039.14,115106.67,69.60985
2025-08-06 23:00:00+00:00,115106.66,115122.34,114972.94,115002.47,61.46346
2025-08-06 23:30:00+00:00,115002.47,115035.27,114963.2,114992.27,121.75311
2025-08-07 00:00:00+00:00,114992.27,114992.27,114866.27,114938.8,85.99375
2025-08-07 00:30:00+00:00,114938.8,115015.82,114856.15,114890.65,77.38012
2025-08-07 01:00:00+00:00,114890.66,115181.68,114873.43,115153.41,102.34881
2025-08-07 01:30:00+00:00,115153.41,115185.58,114580.53,114763.46,302.2584
2025-08-07 02:00:00+00:00,114763.47,114859.0,114639.12,114796.1,250.83985
2025-08-07 02:30:00+00:00,114796.1,114796.11,114404.22,114565.28,201.35424
2025-08-07 03:00:00+00:00,114564.76,114564.76,114404.7,114505.3,83.19281
2025-08-07 03:30:00+00:00,114505.29,114624.3,114505.29,114546.03,89.54635
2025-08-07 04:00:00+00:00,114546.03,114648.0,114506.15,114549.65,102.99748
2025-08-07 04:30:00+00:00,114549.64,114549.65,114259.0,114349.58,167.06781
2025-08-07 05:00:00+00:00,114349.58,114520.55,114278.02,114463.91,203.3725
2025-08-07 05:30:00+00:00,114463.9,114568.74,114459.16,114568.73,200.90174
2025-08-07 06:00:00+00:00,114568.74,114714.37,114531.23,114570.0,189.08729
2025-08-07 06:30:00+00:00,114570.0,114784.0,114511.96,114650.01,198.16487
2025-08-07 07:00:00+00:00,114650.01,114876.79,114640.03,114835.24,139.17549
2025-08-07 07:30:00+00:00,114835.23,114835.24,114736.25,114787.99,90.19397
2025-08-07 08:00:00+00:00,114787.99,115179.99,114787.98,115146.03,219.40638
2025-08-07 08:30:00+00:00,115146.03,115146.03,114948.73,114948.74,83.21552
2025-08-07 09:00:00+00:00,114948.74,115040.8,114844.78,115023.67,117.48046
2025-08-07 09:30:00+00:00,115023.67,115077.37,114900.0,115062.19,99.46263
2025-08-07 10:00:00+00:00,115062.19,115872.77,115038.06,115867.99,969.6997
2025-08-07 10:30:00+00:00,115868.0,116430.01,115839.71,116347.22,942.98916
2025-08-07 11:00:00+00:00,116347.23,116828.93,116347.23,116828.29,711.96212
2025-08-07 11:30:00+00:00,116828.3,116828.3,116516.0,116519.53,553.89288
2025-08-07 12:00:00+00:00,116519.54,116588.02,116257.65,116392.03,500.46843
2025-08-07 12:30:00+00:00,116392.02,116468.0,116035.84,116390.0,296.59327
2025-08-07 13:00:00+00:00,116390.01,116442.87,116200.0,116400.0,161.06205
2025-08-07 13:30:00+00:00,116400.0,116741.05,116332.02,116640.0,507.92818
2025-08-07 14:00:00+00:00,116640.01,116680.0,116223.45,116350.0,286.45209
2025-08-07 14:30:00+00:00,116350.01,116656.0,116204.32,116363.16,507.03136
2025-08-07 15:00:00+00:00,116363.16,116601.16,116240.0,116535.79,216.72169
2025-08-07 15:30:00+00:00,116535.79,116791.11,116511.76,116689.81,270.4747
2025-08-07 16:00:00+00:00,116689.8,116748.66,116512.67,116679.87,327.69629
2025-08-07 16:30:00+00:00,116679.87,116715.99,115632.31,116259.24,440.18082
2025-08-07 17:00:00+00:00,116259.24,116560.0,116120.0,116398.83,326.24207
2025-08-07 17:30:00+00:00,116398.82,116544.8,116196.8,116511.54,178.82189
2025-08-07 18:00:00+00:00,116511.55,116543.83,116123.72,116346.78,273.38979
2025-08-07 18:30:00+00:00,116346.78,116573.36,116248.27,116561.05,148.67842
2025-08-07 19:00:00+00:00,116561.05,116700.0,116488.0,116695.99,153.7167
2025-08-07 19:30:00+00:00,116695.99,117520.0,116677.52,117461.98,886.89958
2025-08-07 20:00:00+00:00,117461.99,117496.05,117267.2,117424.86,284.81243
2025-08-07 20:30:00+00:00,117424.86,117454.26,117140.32,117182.19,226.01066
2025-08-07 21:00:00+00:00,117182.19,117354.21,117182.18,117314.0,99.89556
2025-08-07 21:30:00+00:00,117314.01,117324.85,117012.0,117105.78,237.89171
2025-08-07 22:00:00+00:00,117105.77,117511.92,117079.39,117494.75,218.52291
2025-08-07 22:30:00+00:00,117494.76,117621.0,117320.01,117554.23,458.29708
2025-08-07 23:00:00+00:00,117554.23,117579.98,117316.0,117319.62,136.29801
2025-08-07 23:30:00+00:00,117319.61,117473.8,117292.88,117472.01,142.49261
2025-08-08 00:00:00+00:00,117472.02,117489.53,116870.21,117132.17,431.12508
2025-08-08 00:30:00+00:00,117132.17,117630.0,117026.12,117264.12,375.23006
2025-08-08 01:00:00+00:00,117264.11,117264.12,116823.07,116911.86,382.57616
2025-08-08 01:30:00+00:00,116911.87,116996.19,116786.43,116888.02,276.76119
2025-08-08 02:00:00+00:00,116888.01,116923.21,116770.0,116779.23,141.85683
2025-08-08 02:30:00+00:00,116779.22,116899.46,116694.28,116700.0,178.61625
2025-08-08 03:00:00+00:00,116700.0,116980.0,116699.6,116921.99,302.99759
2025-08-08 03:30:00+00:00,116921.99,116922.0,116717.98,116737.35,304.75658
2025-08-08 04:00:00+00:00,116737.34,116869.49,116666.0,116774.03,193.16213
2025-08-08 04:30:00+00:00,116774.04,116826.02,116750.0,116750.01,132.6825
2025-08-08 05:00:00+00:00,116750.01,116750.01,116614.61,116658.1,147.55696
2025-08-08 05:30:00+00:00,116658.09,116658.09,116505.0,116530.63,198.80461
2025-08-08 06:00:00+00:00,116530.64,116664.99,116401.0,116637.98,225.8266
2025-08-08 06:30:00+00:00,116637.99,116763.44,116586.0,116740.01,110.6561
2025-08-08 07:00:00+00:00,116740.01,116973.3,116557.54,116973.29,201.31647
2025-08-08 07:30:00+00:00,116973.29,116973.3,116817.19,116817.19,246.26954
2025-08-08 08:00:00+00:00,116817.2,116914.6,116678.22,116678.22,120.78546
2025-08-08 08:30:00+00:00,116678.23,116678.23,116449.51,116620.63,214.69417
2025-08-08 09:00:00+00:00,116620.63,116646.73,116481.44,116531.72,110.71477
2025-08-08 09:30:00+00:00,116531.73,116726.88,116524.51,116685.17,120.43366
2025-08-08 10:00:00+00:00,116685.17,116714.46,116500.03,116500.03,93.59937
2025-08-08 10:30:00+00:00,116500.03,116569.53,116317.08,116544.39,238.26145
2025-08-08 11:00:00+00:00,116544.39,116829.0,116544.39,116761.23,107.24239
2025-08-08 11:30:00+00:00,116761.23,116899.78,116737.99,116891.51,103.24884
2025-08-08 12:00:00+00:00,116891.51,116891.52,116560.0,116618.0,191.54985
2025-08-08 12:30:00+00:00,116618.0,116666.64,116492.45,116500.48,101.47294
2025-08-08 13:00:00+00:00,116500.49,116742.81,116499.43,116742.81,137.51791
2025-08-08 13:30:00+00:00,116742.81,116945.63,116521.86,116917.97,475.42415
2025-08-08 14:00:00+00:00,116917.98,117271.73,116633.28,116746.32,473.15831
2025-08-08 14:30:00+00:00,116746.32,116746.32,116381.32,116491.53,252.59561
2025-08-08 15:00:00+00:00,116491.53,116538.94,116206.16,116288.4,373.98445
2025-08-08 15:30:00+00:00,116288.41,116289.59,115878.71,116207.69,535.11526
2025-08-08 16:00:00+00:00,116207.7,116364.82,116072.0,116096.43,208.57063
2025-08-08 16:30:00+00:00,116096.43,116270.78,116006.14,116193.63,135.45696
2025-08-08 17:00:00+00:00,116193.63,116490.19,116161.11,116353.77,228.41506
2025-08-08 17:30:00+00:00,116353.77,116708.86,116353.77,116708.86,222.39737
2025-08-08 18:00:00+00:00,116708.86,116900.0,116603.18,116603.18,277.08862
2025-08-08 18:30:00+00:00,116603.19,116683.38,116336.0,116497.99,294.57828
2025-08-08 19:00:00+00:00,116497.99,116716.26,116463.16,116486.76,167.97044
2025-08-08 19:30:00+00:00,116486.76,116524.36,116337.91,116453.41,156.31977
2025-08-08 20:00:00+00:00,116453.41,116511.55,116319.06,116506.66,89.62924
2025-08-08 20:30:00+00:00,116506.66,116900.0,116506.65,116888.52,159.02817
2025-08-08 21:00:00+00:00,116888.52,116888.53,116755.53,116800.0,118.39969
2025-08-08 21:30:00+00:00,116800.0,116979.95,116799.99,116931.44,139.50169
2025-08-08 22:00:00+00:00,116931.43,116980.0,116752.05,116959.47,129.6458
2025-08-08 22:30:00+00:00,116959.47,116960.0,116865.89,116888.9,80.7549
2025-08-08 23:00:00+00:00,116888.9,116917.74,116800.0,116800.0,71.44806
2025-08-08 23:30:00+00:00,116800.01,116800.01,116657.26,116674.74,66.11486
2025-08-09 00:00:00+00:00,116674.74,116750.0,116615.96,116728.6,98.46619
2025-08-09 00:30:00+00:00,116728.59,116728.6,116577.72,116586.0,55.15481
2025-08-09 01:00:00+00:00,116586.0,116650.01,116521.38,116547.21,66.28855
2025-08-09 01:30:00+00:00,116547.22,116650.01,116545.85,116563.26,96.82676
2025-08-09 02:00:00+00:00,116563.26,116563.26,116415.63,116448.13,109.09561
2025-08-09 02:30:00+00:00,116448.13,116468.12,116400.0,116404.0,64.01396
2025-08-09 03:00:00+00:00,116404.0,116482.28,116364.76,116462.61,82.96274
2025-08-09 03:30:00+00:00,116462.61,116462.61,116299.13,116384.01,399.08374
2025-08-09 04:00:00+00:00,116384.01,116548.66,116339.45,116472.4,179.71485
2025-08-09 04:30:00+00:00,116472.41,116675.99,116387.02,116434.76,197.71017
2025-08-09 05:00:00+00:00,116434.77,116980.0,116418.0,116966.68,678.30689
2025-08-09 05:30:00+00:00,116966.67,116966.68,116714.31,116739.23,334.27448
2025-08-09 06:00:00+00:00,116739.23,116756.24,116541.62,116616.26,243.2011
2025-08-09 06:30:00+00:00,116616.25,116697.28,116532.77,116650.75,145.10335
2025-08-09 07:00:00+00:00,116650.75,116880.0,116633.88,116879.99,159.45058
2025-08-09 07:30:00+00:00,116880.0,116902.22,116752.05,116756.01,83.25117
2025-08-09 08:00:00+00:00,116756.0,116868.51,116756.0,116868.5,99.40976
2025-08-09 08:30:00+00:00,116868.51,117181.0,116793.34,117106.65,273.78125
2025-08-09 09:00:00+00:00,117106.66,117436.92,117045.54,117286.34,324.84492
2025-08-09 09:30:00+00:00,117286.33,117510.88,117234.99,117510.87,450.07746
2025-08-09 10:00:00+00:00,117510.88,117944.05,117475.14,117776.43,510.54603
2025-08-09 10:30:00+00:00,117776.43,117776.43,117382.27,117424.16,357.09856
2025-08-09 11:00:00+00:00,117424.16,117471.73,117228.96,117268.13,138.8857
2025-08-09 11:30:00+00:00,117268.12,117280.0,117082.43,117110.0,198.72772
2025-08-09 12:00:00+00:00,117110.0,117238.04,117057.55,117172.03,171.18981
2025-08-09 12:30:00+00:00,117172.03,117184.13,117010.0,117116.64,130.4455
2025-08-09 13:00:00+00:00,117116.65,117154.15,116878.68,117010.05,168.3708
2025-08-09 13:30:00+00:00,117010.04,117058.53,116888.28,116968.32,137.66705
2025-08-09 14:00:00+00:00,116968.32,117000.0,116748.2,116936.71,204.13257
2025-08-09 14:30:00+00:00,116936.7,116979.06,116811.88,116972.87,152.96667
2025-08-09 15:00:00+00:00,116972.87,117132.75,116700.01,116833.04,279.37397
2025-08-09 15:30:00+00:00,116833.04,116892.48,116785.04,116892.47,138.518
2025-08-09 16:00:00+00:00,116892.48,116947.16,116724.01,116730.19,140.69433
2025-08-09 16:30:00+00:00,116730.19,116768.0,116642.67,116648.51,147.86905
2025-08-09 17:00:00+00:00,116648.51,116782.46,116635.05,116743.73,139.10803
2025-08-09 17:30:00+00:00,116743.73,116770.59,116619.77,116670.22,112.89332
2025-08-09 18:00:00+00:00,116670.22,116720.96,116652.44,116669.23,107.18893
2025-08-09 18:30:00+00:00,116669.23,116680.01,116555.02,116634.91,119.88466
2025-08-09 19:00:00+00:00,116634.91,116721.74,116500.0,116608.18,243.91625
2025-08-09 19:30:00+00:00,116608.19,116620.0,116508.84,116535.69,191.22582
2025-08-09 20:00:00+00:00,116535.68,116737.36,116504.53,116737.35,293.06118
2025-08-09 20:30:00+00:00,116737.36,117021.16,116708.31,116778.07,269.01723
2025-08-09 21:00:00+00:00,116778.07,116794.4,116359.89,116411.99,318.19961
2025-08-09 21:30:00+00:00,116412.0,116600.0,116402.8,116524.09,134.25542
2025-08-09 22:00:00+00:00,116524.09,116742.28,116500.0,116683.5,202.33696
2025-08-09 22:30:00+00:00,116683.5,116693.21,116504.01,116541.63,204.41619
2025-08-09 23:00:00+00:00,116541.62,116590.0,116450.0,116450.0,99.79285
2025-08-09 23:30:00+00:00,116450.01,116510.02,116436.15,116462.25,61.33089
2025-08-10 00:00:00+00:00,116462.25,116628.33,116460.63,116592.34,116.52356
2025-08-10 00:30:00+00:00,116592.35,116759.08,116547.14,116749.47,173.01272
2025-08-10 01:00:00+00:00,116749.46,116776.59,116611.67,116614.86,144.44387
2025-08-10 01:30:00+00:00,116614.87,116658.23,116539.99,116576.42,130.73782
2025-08-10 02:00:00+00:00,116576.42,116794.26,116576.41,116794.25,174.20696
2025-08-10 02:30:00+00:00,116794.25,117318.0,116762.01,117317.99,405.54261
2025-08-10 03:00:00+00:00,117317.99,118500.0,117250.41,118362.97,2054.42587
2025-08-10 03:30:00+00:00,118362.97,118500.0,118152.0,118500.0,693.78983
2025-08-10 04:00:00+00:00,118500.0,118741.77,118499.99,118648.1,620.04388
2025-08-10 04:30:00+00:00,118648.1,118648.1,118380.0,118485.45,360.81191
2025-08-10 05:00:00+00:00,118485.45,118511.0,117902.62,117908.85,345.21749
2025-08-10 05:30:00+00:00,117908.85,118277.37,117908.84,118045.0,221.60198
2025-08-10 06:00:00+00:00,118045.0,118161.05,117830.81,117857.18,156.39908
2025-08-10 06:30:00+00:00,117857.19,118143.99,117743.44,118074.24,163.06391
2025-08-10 07:00:00+00:00,118074.24,118238.87,118074.23,118085.59,174.97802
2025-08-10 07:30:00+00:00,118085.59,118113.3,117466.34,117808.3,401.96753
2025-08-10 08:00:00+00:00,117808.29,118162.44,117608.01,118125.48,205.19977
2025-08-10 08:30:00+00:00,118125.48,118400.0,118088.89,118308.85,170.75907
2025-08-10 09:00:00+00:00,118308.86,118400.0,118258.0,118270.0,184.61064
2025-08-10 09:30:00+00:00,118270.0,118441.48,118110.64,118293.08,187.90597
2025-08-10 10:00:00+00:00,118293.09,118293.45,118101.26,118185.69,171.30301
2025-08-10 10:30:00+00:00,118185.7,118250.0,117998.9,118020.0,157.07392
2025-08-10 11:00:00+00:00,118020.01,118287.53,117940.0,118287.53,149.75695
2025-08-10 11:30:00+00:00,118287.52,118500.0,118206.0,118330.58,279.7157
2025-08-10 12:00:00+00:00,118330.58,118668.0,118232.0,118570.17,360.81834
2025-08-10 12:30:00+00:00,118570.18,118737.26,118466.65,118514.0,268.71337
2025-08-10 13:00:00+00:00,118514.0,118683.87,118387.18,118579.37,145.86872
2025-08-10 13:30:00+00:00,118579.37,118677.73,118370.39,118452.0,246.77914
2025-08-10 14:00:00+00:00,118451.99,118818.0,118308.02,118802.0,378.27173
2025-08-10 14:30:00+00:00,118802.0,118850.0,118594.34,118779.0,361.97953
2025-08-10 15:00:00+00:00,118778.99,119113.94,118640.0,118683.86,651.03888
2025-08-10 15:30:00+00:00,118683.86,118889.65,118568.07,118815.0,395.75789
2025-08-10 16:00:00+00:00,118815.0,118944.24,118668.74,118719.99,197.73171
2025-08-10 16:30:00+00:00,118720.0,118834.11,118623.14,118671.74,205.14957
2025-08-10 17:00:00+00:00,118671.75,118693.02,118453.48,118453.49,129.71529
2025-08-10 17:30:00+00:00,118453.48,118602.1,118453.48,118520.32,100.44394
2025-08-10 18:00:00+00:00,118520.33,118554.14,118433.8,118434.36,67.45826
2025-08-10 18:30:00+00:00,118434.36,118611.91,118434.36,118554.01,75.57343
2025-08-10 19:00:00+00:00,118554.01,118683.87,118462.29,118568.28,97.13848
2025-08-10 19:30:00+00:00,118568.29,118714.28,118530.69,118663.08,122.64744
2025-08-10 20:00:00+00:00,118663.09,118688.0,118074.99,118284.14,508.38407
2025-08-10 20:30:00+00:00,118284.14,118765.71,118284.14,118323.16,251.16352
2025-08-10 21:00:00+00:00,118323.0,118471.54,118092.0,118224.23,344.70179
2025-08-10 21:30:00+00:00,118224.23,118716.91,118163.23,118716.9,253.84818
2025-08-10 22:00:00+00:00,118716.9,118966.92,118615.44,118837.0,340.04814
2025-08-10 22:30:00+00:00,118837.0,119084.93,118836.99,119084.92,223.46936
2025-08-10 23:00:00+00:00,119084.93,119240.0,118861.16,119020.0,427.58151
2025-08-10 23:30:00+00:00,119020.0,119311.11,119013.67,119294.01,325.39637
2025-08-11 00:00:00+00:00,119294.27,119500.0,119141.45,119415.3,427.7143
2025-08-11 00:30:00+00:00,119415.3,119450.0,119104.17,119126.35,358.01553
2025-08-11 01:00:00+00:00,119126.35,119249.35,118972.59,119174.53,298.50988
2025-08-11 01:30:00+00:00,119174.53,119999.0,119174.53,119988.0,918.8241
2025-08-11 02:00:00+00:00,119988.0,121743.55,119937.59,121488.83,3113.11507
2025-08-11 02:30:00+00:00,121488.84,121894.64,121357.1,121876.0,776.52388
2025-08-11 03:00:00+00:00,121875.99,122164.07,121563.16,121751.53,1029.48503
2025-08-11 03:30:00+00:00,121751.53,121949.53,121559.11,121728.99,704.00478
2025-08-11 04:00:00+00:00,121729.0,121904.82,121647.35,121708.54,468.55213
2025-08-11 04:30:00+00:00,121708.54,122175.88,121623.14,122080.0,849.49706
2025-08-11 05:00:00+00:00,122080.0,122335.16,121827.0,121980.63,540.79319
2025-08-11 05:30:00+00:00,121980.63,122129.09,121823.24,122059.34,419.74711
2025-08-11 06:00:00+00:00,122059.34,122150.0,121954.79,122103.35,374.07027
2025-08-11 06:30:00+00:00,122103.35,122332.98,122083.98,122300.63,468.86943
2025-08-11 07:00:00+00:00,122300.64,122313.0,121863.56,121900.91,377.26712
2025-08-11 07:30:00+00:00,121900.9,121958.01,121466.08,121537.15,781.09159
2025-08-11 08:00:00+00:00,121537.14,121734.1,121207.34,121730.0,641.72013
2025-08-11 08:30:00+00:00,121730.01,121823.0,121595.17,121679.13,247.40124
2025-08-11 09:00:00+00:00,121679.13,121704.78,121250.0,121294.79,358.8762
2025-08-11 09:30:00+00:00,121294.79,121474.96,121080.0,121439.75,435.09818
2025-08-11 10:00:00+00:00,121439.75,121455.02,121132.0,121277.98,330.00822
2025-08-11 10:30:00+00:00,121277.98,121298.0,120954.13,121184.84,494.80306
2025-08-11 11:00:00+00:00,121184.84,121283.29,120507.11,120507.11,687.38981
2025-08-11 11:30:00+00:00,120507.11,120837.73,120286.4,120561.54,1020.97048
2025-08-11 12:00:00+00:00,120561.53,120667.54,120006.0,120174.01,822.17565
2025-08-11 12:30:00+00:00,120174.02,120290.87,119536.75,119643.7,917.28129
2025-08-11 13:00:00+00:00,119643.7,119756.0,119382.91,119535.19,601.04828
2025-08-11 13:30:00+00:00,119535.19,120328.93,119496.0,120010.0,852.48931
2025-08-11 14:00:00+00:00,120009.99,120249.85,119809.06,119904.9,481.12759
2025-08-11 14:30:00+00:00,119904.9,120586.54,119865.81,120243.59,754.00056
2025-08-11 15:00:00+00:00,120243.6,120341.17,119843.18,120102.01,415.57963
2025-08-11 15:30:00+00:00,120102.0,120408.01,120090.14,120314.4,392.55992
2025-08-11 16:00:00+00:00,120314.4,120794.05,120232.0,120548.01,514.52375
2025-08-11 16:30:00+00:00,120548.01,120599.89,119920.0,119953.65,401.10395
2025-08-11 17:00:00+00:00,119953.65,120150.0,119646.03,119795.78,264.63207
2025-08-11 17:30:00+00:00,119795.77,119850.0,119461.97,119500.0,271.5994
2025-08-11 18:00:00+00:00,119500.01,119715.54,119261.57,119600.0,359.55228
2025-08-11 18:30:00+00:00,119600.0,119870.2,119493.91,119773.92,171.19042
2025-08-11 19:00:00+00:00,119773.92,119785.72,119481.48,119481.48,107.79973
2025-08-11 19:30:00+00:00,119481.45,119484.17,118604.17,119089.3,722.52112
2025-08-11 20:00:00+00:00,119089.3,119093.0,118565.69,118860.01,389.21944
2025-08-11 20:30:00+00:00,118860.01,119062.53,118800.0,118824.34,163.80229
2025-08-11 21:00:00+00:00,118824.33,119172.63,118777.0,119021.77,183.8649
2025-08-11 21:30:00+00:00,119021.77,119021.77,118050.11,118712.61,663.64489
2025-08-11 22:00:00+00:00,118712.61,118749.96,118280.71,118517.99,458.8166
2025-08-11 22:30:00+00:00,118518.0,118906.41,118338.24,118886.96,170.52996
2025-08-11 23:00:00+00:00,118886.97,118889.0,118662.85,118680.02,158.52841
2025-08-11 23:30:00+00:00,118680.02,118820.0,118588.78,118686.0,134.39506
2025-08-12 00:00:00+00:00,118686.0,118991.07,118593.39,118886.83,317.3899
2025-08-12 00:30:00+00:00,118886.82,119021.77,118653.99,118949.31,292.36479
2025-08-12 01:00:00+00:00,118949.31,119108.06,118767.54,119050.0,257.39518
2025-08-12 01:30:00+00:00,119050.0,119059.61,118923.29,118977.1,156.54443
2025-08-12 02:00:00+00:00,118977.09,119138.97,118834.51,119121.09,180.29677
2025-08-12 02:30:00+00:00,119121.08,119275.46,119049.5,119054.13,219.01049
2025-08-12 03:00:00+00:00,119054.14,119084.72,118850.37,118936.65,260.11787
2025-08-12 03:30:00+00:00,118936.65,119120.0,118749.06,118857.7,211.51585
2025-08-12 04:00:00+00:00,118857.7,119030.0,118804.75,119030.0,114.12615
2025-08-12 04:30:00+00:00,119030.0,119158.06,119000.0,119067.97,254.06166
2025-08-12 05:00:00+00:00,119067.97,119067.97,118615.98,118620.79,481.03307
2025-08-12 05:30:00+00:00,118620.79,118820.0,118424.86,118819.99,355.94708
2025-08-12 06:00:00+00:00,118820.0,119032.0,118607.85,118992.07,601.08563
2025-08-12 06:30:00+00:00,118992.07,119032.0,118839.96,118839.97,609.62402
2025-08-12 07:00:00+00:00,118839.97,119150.0,118839.97,119139.99,454.81273
2025-08-12 07:30:00+00:00,119139.99,119140.0,118958.86,118986.72,264.69363
2025-08-12 08:00:00+00:00,118986.73,119009.64,118800.0,118825.85,221.201
2025-08-12 08:30:00+00:00,118825.84,119058.43,118740.0,118814.7,494.07367
2025-08-12 09:00:00+00:00,118814.71,118893.29,118544.84,118690.89,526.51737
2025-08-12 09:30:00+00:00,118690.9,118690.9,118400.01,118408.38,211.43798
2025-08-12 10:00:00+00:00,118408.38,118595.21,118207.47,118530.59,289.0696
2025-08-12 10:30:00+00:00,118530.58,118662.9,118350.0,118449.99,280.72059
2025-08-12 11:00:00+00:00,118449.99,118521.04,118222.0,118500.3,193.84442
2025-08-12 11:30:00+00:00,118500.29,118662.9,118405.73,118522.22,129.51437
2025-08-12 12:00:00+00:00,118522.22,118600.0,118285.0,118490.94,384.47303
2025-08-12 12:30:00+00:00,118490.93,119264.66,118490.93,119264.66,1249.20523
2025-08-12 13:00:00+00:00,119264.66,119306.91,118806.69,119212.59,545.69007
2025-08-12 13:30:00+00:00,119212.59,119712.6,118631.69,118847.35,1226.33731
2025-08-12 14:00:00+00:00,118847.35,119274.58,118764.36,119193.78,335.29624
2025-08-12 14:30:00+00:00,119193.79,119437.12,118980.0,119437.12,272.20827
2025-08-12 15:00:00+00:00,119437.12,119769.05,119320.0,119769.05,368.46758
2025-08-12 15:30:00+00:00,119769.04,119960.0,119611.6,119933.0,532.37668
2025-08-12 16:00:00+00:00,119933.0,120192.1,119593.69,119718.98,482.07612
2025-08-12 16:30:00+00:00,119718.99,119730.18,119525.0,119647.7,281.51093
2025-08-12 17:00:00+00:00,119647.69,119857.04,119274.85,119412.45,365.55443
2025-08-12 17:30:00+00:00,119412.45,119576.13,119172.62,119269.99,283.70792
2025-08-12 18:00:00+00:00,119270.0,120073.01,119269.99,119776.01,341.36231
2025-08-12 18:30:00+00:00,119776.0,119820.0,119267.0,119344.9,195.76819
2025-08-12 19:00:00+00:00,119345.07,119873.63,119309.08,119820.39,178.7575
2025-08-12 19:30:00+00:00,119820.4,119958.05,119629.0,119665.27,180.33377
2025-08-12 20:00:00+00:00,119665.27,120036.23,119485.84,119818.3,375.29069
2025-08-12 20:30:00+00:00,119818.29,120324.43,119818.29,120192.1,462.86859
2025-08-12 21:00:00+00:00,120192.09,120202.21,119841.9,120095.79,211.25333
2025-08-12 21:30:00+00:00,120095.8,120095.8,119792.5,119903.36,182.68035
2025-08-12 22:00:00+00:00,119903.36,120004.01,119650.0,119800.0,237.36356
2025-08-12 22:30:00+00:00,119800.0,120100.0,119784.3,120099.99,191.06149
2025-08-12 23:00:00+00:00,120100.0,120230.41,119925.47,120196.04,200.70123
2025-08-12 23:30:00+00:00,120196.04,120299.99,120053.58,120134.08,259.36586
2025-08-13 00:00:00+00:00,120134.09,120192.1,119899.37,119959.27,249.33262
2025-08-13 00:30:00+00:00,119959.26,120036.0,119636.0,119713.19,266.29787
2025-08-13 01:00:00+00:00,119713.19,119716.24,119337.67,119505.38,356.61678
2025-08-13 01:30:00+00:00,119505.37,119561.51,119400.0,119478.47,194.04999
2025-08-13 02:00:00+00:00,119478.47,119478.47,119094.28,119279.98,368.11082
2025-08-13 02:30:00+00:00,119279.99,119729.99,119279.98,119549.37,270.39417
2025-08-13 03:00:00+00:00,119549.37,119630.57,119306.89,119420.37,312.15602
2025-08-13 03:30:00+00:00,119420.36,119607.42,119359.99,119482.01,344.04308
2025-08-13 04:00:00+00:00,119482.01,119820.18,119466.73,119592.45,390.28232
2025-08-13 04:30:00+00:00,119592.44,119686.8,119328.12,119335.01,303.97376
2025-08-13 05:00:00+00:00,119335.01,119673.28,119313.9,119600.01,188.78326
2025-08-13 05:30:00+00:00,119600.0,119600.01,118920.92,119070.69,539.04116
2025-08-13 06:00:00+00:00,119070.68,119291.38,118955.99,119165.44,200.54969
2025-08-13 06:30:00+00:00,119165.43,119416.22,119135.37,119410.01,172.50346
2025-08-13 07:00:00+00:00,119410.01,119478.47,119322.88,119400.0,191.49181
2025-08-13 07:30:00+00:00,119400.01,119638.55,119290.01,119580.4,337.47752
2025-08-13 08:00:00+00:00,119580.4,119870.41,119446.22,119820.39,508.37147
2025-08-13 08:30:00+00:00,119820.39,120044.5,119820.39,120044.49,366.37058
2025-08-13 09:00:00+00:00,120044.5,120169.76,119771.88,119854.11,364.37934
2025-08-13 09:30:00+00:00,119854.11,120161.15,119854.11,120116.02,310.6351
2025-08-13 10:00:00+00:00,120116.02,120495.0,120047.58,120389.97,671.61586
2025-08-13 10:30:00+00:00,120389.98,120496.0,120366.86,120496.0,259.72805
2025-08-13 11:00:00+00:00,120496.0,120729.8,120432.21,120667.02,501.35613
2025-08-13 11:30:00+00:00,120667.02,120732.94,120570.41,120570.41,230.72875
2025-08-13 12:00:00+00:00,120570.41,120686.0,120378.77,120544.59,350.19821
2025-08-13 12:30:00+00:00,120544.6,120616.0,120209.51,120273.72,560.98307
2025-08-13 13:00:00+00:00,120273.72,120768.45,120212.21,120644.0,524.04981
2025-08-13 13:30:00+00:00,120644.01,122051.99,120106.02,121767.97,1861.43017
2025-08-13 14:00:00+00:00,121767.97,122200.0,121429.36,121706.63,1624.75873
2025-08-13 14:30:00+00:00,121706.62,121918.06,120759.37,120890.73,855.24147
2025-08-13 15:00:00+00:00,120890.74,121240.84,120309.73,120571.61,864.00074
2025-08-13 15:30:00+00:00,120571.61,121343.06,120452.0,120920.62,588.00977
2025-08-13 16:00:00+00:00,120920.61,121721.3,120920.61,121538.15,444.61385
2025-08-13 16:30:00+00:00,121538.15,121700.0,121259.19,121421.77,260.10092
2025-08-13 17:00:00+00:00,121421.77,121850.31,121421.76,121792.0,451.37216
2025-08-13 17:30:00+00:00,121792.0,121887.53,121528.55,121823.24,483.53171
2025-08-13 18:00:00+00:00,121823.25,121954.51,121583.31,121627.74,406.76432
2025-08-13 18:30:00+00:00,121627.73,121877.31,121429.36,121639.2,484.47494
2025-08-13 19:00:00+00:00,121639.19,122547.54,121524.27,122358.0,996.36744
2025-08-13 19:30:00+00:00,122358.0,122839.47,122220.48,122744.21,640.67623
2025-08-13 20:00:00+00:00,122744.22,122842.72,122464.34,122613.39,413.73595
2025-08-13 20:30:00+00:00,122613.39,122973.0,122613.39,122904.01,425.76803
2025-08-13 21:00:00+00:00,122904.01,123000.0,122666.32,122689.19,569.76876
2025-08-13 21:30:00+00:00,122689.18,122830.0,122298.2,122561.16,496.65878
2025-08-13 22:00:00+00:00,122561.17,123046.61,122561.16,122941.92,514.34444
2025-08-13 22:30:00+00:00,122941.93,123637.68,122903.85,122954.03,876.3497
2025-08-13 23:00:00+00:00,122954.03,123310.63,122907.05,123310.62,292.16715
2025-08-13 23:30:00+00:00,123310.62,123667.79,123280.1,123306.43,326.41506
2025-08-14 00:00:00+00:00,123306.44,124250.0,123251.9,124243.32,892.862576
2025-08-14 00:30:00+00:00,124243.31,124474.0,123489.84,123847.83,771.1891
2025-08-14 01:00:00+00:00,123847.82,123946.46,123387.52,123571.14,399.22573
2025-08-14 01:30:00+00:00,123571.14,123785.0,123337.66,123337.67,261.84638
2025-08-14 02:00:00+00:00,123337.66,123590.9,123250.5,123316.55,354.47929
2025-08-14 02:30:00+00:00,123316.55,123689.98,123295.21,123662.53,317.41784
2025-08-14 03:00:00+00:00,123662.53,123849.98,123552.24,123572.0,230.83882
2025-08-14 03:30:00+00:00,123572.0,123582.83,123295.21,123337.14,253.81658
2025-08-14 04:00:00+00:00,123337.14,123428.6,123116.1,123314.18,299.11539
2025-08-14 04:30:00+00:00,123314.19,123326.97,123001.46,123003.17,272.18322
2025-08-14 05:00:00+00:00,123003.17,123123.6,122705.48,122705.49,292.79072
2025-08-14 05:30:00+00:00,122705.48,122800.0,122080.0,122134.76,539.3141
2025-08-14 06:00:00+00:00,122134.76,122134.76,121313.86,121583.0,902.02992
2025-08-14 06:30:00+00:00,121583.01,121929.34,121583.0,121771.27,563.1571
2025-08-14 07:00:00+00:00,121771.27,121929.62,121538.28,121617.64,475.34055
2025-08-14 07:30:00+00:00,121617.64,122047.79,121605.6,121725.31,411.72644
2025-08-14 08:00:00+00:00,121725.31,122045.9,121587.09,122014.79,577.68817
2025-08-14 08:30:00+00:00,122014.79,122014.79,121560.83,121637.78,379.24892
2025-08-14 09:00:00+00:00,121637.78,121918.8,121528.55,121813.45,222.76201
2025-08-14 09:30:00+00:00,121813.45,121813.45,121580.0,121649.84,390.54107
2025-08-14 10:00:00+00:00,121649.84,121772.9,121450.0,121511.97,381.25175
2025-08-14 10:30:00+00:00,121511.97,121659.3,120757.01,120933.0,752.06061
2025-08-14 11:00:00+00:00,120932.99,121031.31,120741.89,120893.5,498.0511
2025-08-14 11:30:00+00:00,120893.5,120958.67,120694.0,120949.67,254.68511
2025-08-14 12:00:00+00:00,120949.66,121183.06,120450.0,121143.67,857.71985
2025-08-14 12:30:00+00:00,121143.68,121143.68,117632.0,118866.37,4198.74625
2025-08-14 13:00:00+00:00,118866.37,119249.2,118006.44,118235.05,1900.79837
2025-08-14 13:30:00+00:00,118235.06,118865.57,117727.73,118428.85,1370.77483
2025-08-14 14:00:00+00:00,118428.86,118876.0,118008.32,118869.42,924.99767
2025-08-14 14:30:00+00:00,118869.41,119361.45,118730.47,118799.01,912.14908
2025-08-14 15:00:00+00:00,118799.02,118899.64,118040.67,118150.62,689.56299
2025-08-14 15:30:00+00:00,118150.62,118298.79,117879.87,118257.25,762.31857
2025-08-14 16:00:00+00:00,118257.26,118257.26,117414.09,117639.17,1049.22063
2025-08-14 16:30:00+00:00,117639.17,117999.05,117407.09,117866.42,456.97989
2025-08-14 17:00:00+00:00,117866.42,118146.48,117500.0,118110.11,331.47152
2025-08-14 17:30:00+00:00,118110.11,118126.79,117572.99,117920.13,305.24732
2025-08-14 18:00:00+00:00,117920.14,117930.81,117180.0,117855.0,476.73675
2025-08-14 18:30:00+00:00,117854.99,118214.78,117806.04,118089.75,236.97922
2025-08-14 19:00:00+00:00,118089.75,118411.93,117996.18,118293.17,209.1115
2025-08-14 19:30:00+00:00,118293.16,118535.0,117920.0,117945.92,479.65841
2025-08-14 20:00:00+00:00,117945.92,118140.0,117724.37,118140.0,401.15287
2025-08-14 20:30:00+00:00,118140.0,118146.55,117755.83,117866.16,194.41599
2025-08-14 21:00:00+00:00,117866.16,118199.99,117630.92,117643.69,208.52867
2025-08-14 21:30:00+00:00,117643.7,117927.08,117302.33,117899.16,514.95302
2025-08-14 22:00:00+00:00,117899.16,118216.57,117641.4,118216.57,206.45315
2025-08-14 22:30:00+00:00,118216.57,118349.01,118114.54,118285.46,156.61828
2025-08-14 23:00:00+00:00,118285.47,118511.72,118239.68,118511.71,262.28347
2025-08-14 23:30:00+00:00,118511.72,118516.81,118243.07,118295.09,180.44679
2025-08-15 00:00:00+00:00,118295.09,118473.18,118200.0,118229.3,178.97071
2025-08-15 00:30:00+00:00,118229.31,118463.56,118032.94,118181.97,208.67125
2025-08-15 01:00:00+00:00,118181.98,118427.74,118032.32,118405.13,160.92337
2025-08-15 01:30:00+00:00,118405.14,118736.0,118307.21,118681.64,312.92664
2025-08-15 02:00:00+00:00,118681.63,118790.0,118584.2,118770.31,283.72472
2025-08-15 02:30:00+00:00,118770.3,118888.0,118648.0,118698.0,265.69084
2025-08-15 03:00:00+00:00,118698.0,119000.0,118604.41,118999.99,192.16479
2025-08-15 03:30:00+00:00,118999.99,119077.71,118874.37,118968.91,280.48204
2025-08-15 04:00:00+00:00,118968.91,119172.77,118930.28,119172.77,290.07572
2025-08-15 04:30:00+00:00,119172.77,119199.2,118770.0,118833.03,207.43334
2025-08-15 05:00:00+00:00,118833.04,118959.99,118629.58,118750.0,150.207
2025-08-15 05:30:00+00:00,118750.01,119000.0,118657.55,118984.29,210.69175
2025-08-15 06:00:00+00:00,118984.29,119174.93,118866.01,119092.09,246.03481
2025-08-15 06:30:00+00:00,119092.09,119216.82,119066.75,119082.82,165.95933
2025-08-15 07:00:00+00:00,119082.83,119100.0,118809.69,118888.76,231.71404
2025-08-15 07:30:00+00:00,118888.76,118956.45,118758.8,118956.45,230.79092
2025-08-15 08:00:00+00:00,118956.45,119094.12,118888.0,119080.0,127.72469
2025-08-15 08:30:00+00:00,119080.0,119144.5,118878.71,118878.72,123.65599
2025-08-15 09:00:00+00:00,118878.72,119058.94,118694.43,118713.75,148.06671
2025-08-15 09:30:00+00:00,118713.74,118891.2,118600.0,118707.99,151.81443
2025-08-15 10:00:00+00:00,118708.0,119026.53,118708.0,118980.25,166.13584
2025-08-15 10:30:00+00:00,118980.25,119020.34,118872.0,118879.83,117.65122
2025-08-15 11:00:00+00:00,118879.82,119121.31,118879.82,119002.24,203.4396
2025-08-15 11:30:00+00:00,119002.25,119096.0,118991.41,119006.01,91.33759
2025-08-15 12:00:00+00:00,119006.01,119113.29,118671.03,118674.13,221.87594
2025-08-15 12:30:00+00:00,118674.13,119130.77,118510.0,118648.66,425.97524
2025-08-15 13:00:00+00:00,118648.66,118738.0,118340.57,118464.17,508.65647
2025-08-15 13:30:00+00:00,118464.17,118520.0,117743.21,117770.48,793.44842
2025-08-15 14:00:00+00:00,117770.47,118274.0,117644.41,117892.0,561.89415
2025-08-15 14:30:00+00:00,117892.01,118028.37,117260.0,117400.0,614.90987
2025-08-15 15:00:00+00:00,117400.0,117588.68,116935.44,117066.66,1260.09405
2025-08-15 15:30:00+00:00,117066.65,117405.05,116827.29,117275.22,742.03946
2025-08-15 16:00:00+00:00,117275.23,117360.0,116803.99,117039.5,487.86681
2025-08-15 16:30:00+00:00,117039.49,117418.49,117028.93,117353.36,268.41494
2025-08-15 17:00:00+00:00,117353.36,117674.58,117000.0,117547.44,355.58284
2025-08-15 17:30:00+00:00,117547.43,117882.35,117394.99,117586.92,507.33275
2025-08-15 18:00:00+00:00,117586.92,117662.41,117275.47,117323.46,163.86632
2025-08-15 18:30:00+00:00,117323.47,117456.78,117028.98,117159.66,169.54227
2025-08-15 19:00:00+00:00,117159.65,117412.82,117008.0,117128.01,170.61457
2025-08-15 19:30:00+00:00,117128.01,117188.0,116866.0,116936.27,270.24039
2025-08-15 20:00:00+00:00,116936.28,117203.49,116862.5,117193.56,152.93755
2025-08-15 20:30:00+00:00,117193.56,117323.47,117182.06,117280.0,95.4342
2025-08-15 21:00:00+00:00,117280.01,117350.0,117000.0,117252.01,173.74961
2025-08-15 21:30:00+00:00,117252.0,117320.02,117154.37,117320.02,95.24045
2025-08-15 22:00:00+00:00,117320.01,117376.93,117302.65,117376.92,152.51929
2025-08-15 22:30:00+00:00,117376.92,117738.57,117376.92,117702.0,222.14114
2025-08-15 23:00:00+00:00,117701.99,117761.88,117036.53,117178.57,312.60881
2025-08-15 23:30:00+00:00,117178.57,117342.05,117087.99,117342.05,150.06586
2025-08-16 00:00:00+00:00,117342.04,117563.44,117231.14,117479.98,347.25321
2025-08-16 00:30:00+00:00,117479.98,117781.99,117478.3,117735.21,198.96696
2025-08-16 01:00:00+00:00,117735.2,117803.64,117626.31,117716.91,236.80797
2025-08-16 01:30:00+00:00,117716.9,117898.99,117707.4,117821.6,112.817
2025-08-16 02:00:00+00:00,117821.61,117821.61,117580.78,117637.18,155.26696
2025-08-16 02:30:00+00:00,117637.18,117653.88,117440.74,117505.51,152.23911
2025-08-16 03:00:00+00:00,117505.52,117657.97,117412.26,117639.44,119.25383
2025-08-16 03:30:00+00:00,117639.44,117639.44,117389.56,117429.63,97.92046
2025-08-16 04:00:00+00:00,117429.63,117824.59,117419.44,117816.47,104.65376
2025-08-16 04:30:00+00:00,117816.46,117884.0,117707.4,117815.66,117.85839
2025-08-16 05:00:00+00:00,117815.66,117852.25,117532.03,117582.17,85.39957
2025-08-16 05:30:00+00:00,117582.17,117652.9,117522.7,117595.78,116.14935
2025-08-16 06:00:00+00:00,117595.78,117635.42,117383.59,117448.92,127.74255
2025-08-16 06:30:00+00:00,117448.91,117477.12,117278.0,117394.65,132.79334
2025-08-16 07:00:00+00:00,117394.64,117536.69,117344.69,117518.44,116.99471
2025-08-16 07:30:00+00:00,117518.45,117674.77,117504.68,117596.07,123.66429
2025-08-16 08:00:00+00:00,117596.07,117600.66,117501.16,117525.04,71.27018
2025-08-16 08:30:00+00:00,117525.05,117677.06,117525.04,117631.09,113.81752
2025-08-16 09:00:00+00:00,117631.09,117703.92,117550.34,117660.55,128.37394
2025-08-16 09:30:00+00:00,117660.55,117692.33,117306.0,117312.0,174.993
2025-08-16 10:00:00+00:00,117312.0,117447.05,117143.98,117342.0,377.18485
2025-08-16 10:30:00+00:00,117342.0,117395.95,117233.37,117388.0,147.6546
2025-08-16 11:00:00+00:00,117387.99,117540.0,117387.99,117500.18,67.19717
2025-08-16 11:30:00+00:00,117500.19,117500.19,117350.12,117378.52,125.55004
2025-08-16 12:00:00+00:00,117378.52,117512.02,117327.63,117512.02,186.62798
2025-08-16 12:30:00+00:00,117512.02,117747.36,117512.02,117747.36,161.47576
2025-08-16 13:00:00+00:00,117747.35,117799.99,117636.76,117747.5,192.77695
2025-08-16 13:30:00+00:00,117747.5,117789.33,117582.29,117623.52,172.59889
2025-08-16 14:00:00+00:00,117623.53,117765.81,117550.0,117754.03,136.2474
2025-08-16 14:30:00+00:00,117754.02,117771.4,117653.56,117771.39,116.81128
2025-08-16 15:00:00+00:00,117771.4,117825.0,117674.67,117771.39,131.9845
2025-08-16 15:30:00+00:00,117771.4,117771.4,117621.1,117676.7,92.97751
2025-08-16 16:00:00+00:00,117676.7,117800.0,117676.7,117799.86,202.7601
2025-08-16 16:30:00+00:00,117799.86,117817.65,117736.71,117747.65,187.05974
2025-08-16 17:00:00+00:00,117747.64,117747.65,117651.72,117724.0,120.4079
2025-08-16 17:30:00+00:00,117724.01,117724.01,117660.65,117693.0,61.05315
2025-08-16 18:00:00+00:00,117692.99,117757.06,117666.0,117695.49,51.24297
2025-08-16 18:30:00+00:00,117695.49,117700.0,117629.94,117685.79,61.12676
2025-08-16 19:00:00+00:00,117685.78,117698.19,117652.92,117698.19,48.17824
2025-08-16 19:30:00+00:00,117698.19,117771.4,117672.12,117672.12,85.59797
2025-08-16 20:00:00+00:00,117672.13,117713.51,117522.01,117659.42,77.84883
2025-08-16 20:30:00+00:00,117659.42,117711.0,117618.36,117655.41,78.08879
2025-08-16 21:00:00+00:00,117655.41,117655.42,117568.33,117599.42,82.70868
2025-08-16 21:30:00+00:00,117599.42,117599.42,117433.33,117452.21,70.28453
2025-08-16 22:00:00+00:00,117452.21,117463.87,117219.34,117436.38,221.15389
2025-08-16 22:30:00+00:00,117436.38,117552.0,117434.63,117460.56,104.05388
2025-08-16 23:00:00+00:00,117460.57,117475.07,117287.31,117287.32,87.71115
2025-08-16 23:30:00+00:00,117287.32,117461.58,117278.23,117380.66,111.08156
2025-08-17 00:00:00+00:00,117380.66,117380.67,117284.1,117357.67,89.16103
2025-08-17 00:30:00+00:00,117357.67,117419.45,117255.18,117255.19,70.50623
2025-08-17 01:00:00+00:00,117255.18,117335.2,117172.21,117300.9,110.54314
2025-08-17 01:30:00+00:00,117300.9,117491.44,117292.79,117439.97,133.58998
2025-08-17 02:00:00+00:00,117439.97,117547.44,117381.39,117547.43,59.22414
2025-08-17 02:30:00+00:00,117547.44,117624.55,117447.27,117606.0,98.1375
2025-08-17 03:00:00+00:00,117606.0,117621.99,117505.93,117573.68,98.9208
2025-08-17 03:30:00+00:00,117573.67,117771.37,117551.69,117684.95,110.44809
2025-08-17 04:00:00+00:00,117684.96,117771.4,117684.95,117771.37,111.76228
2025-08-17 04:30:00+00:00,117771.38,118187.28,117771.37,118076.11,261.12578
2025-08-17 05:00:00+00:00,118076.12,118230.82,118027.94,118131.56,225.25476
2025-08-17 05:30:00+00:00,118131.56,118147.75,118000.0,118000.01,71.35967
2025-08-17 06:00:00+00:00,118000.0,118118.0,118000.0,118087.94,79.42474
2025-08-17 06:30:00+00:00,118087.94,118087.94,117905.37,117923.99,152.86397
2025-08-17 07:00:00+00:00,117924.0,118030.15,117843.74,117956.78,137.0939
2025-08-17 07:30:00+00:00,117956.78,118005.98,117896.15,118005.98,70.79825
2025-08-17 08:00:00+00:00,118005.98,118034.85,117922.0,117991.8,74.15661
2025-08-17 08:30:00+00:00,117991.81,118399.99,117991.8,118366.06,263.65915
2025-08-17 09:00:00+00:00,118366.05,118484.0,118235.0,118344.63,229.17415
2025-08-17 09:30:00+00:00,118344.62,118388.71,118239.0,118345.99,101.12947
2025-08-17 10:00:00+00:00,118345.99,118345.99,118190.0,118220.02,98.97473
2025-08-17 10:30:00+00:00,118220.01,118393.35,118192.27,118393.34,71.28866
2025-08-17 11:00:00+00:00,118393.34,118393.35,118270.8,118346.1,100.22492
2025-08-17 11:30:00+00:00,118346.11,118371.83,118284.11,118308.01,69.0678
2025-08-17 12:00:00+00:00,118308.0,118356.62,118211.71,118250.0,104.26214
2025-08-17 12:30:00+00:00,118250.0,118296.11,118134.51,118162.6,79.30379
2025-08-17 13:00:00+00:00,118162.61,118182.0,118059.12,118176.02,187.10756
2025-08-17 13:30:00+00:00,118176.02,118575.0,118161.85,118429.99,209.15338
2025-08-17 14:00:00+00:00,118429.99,118473.66,118160.08,118256.76,113.15631
2025-08-17 14:30:00+00:00,118256.75,118313.51,118150.0,118150.01,76.46146
2025-08-17 15:00:00+00:00,118150.01,118256.15,118137.25,118150.34,113.93382
2025-08-17 15:30:00+00:00,118150.33,118263.9,118150.33,118246.16,90.89425
2025-08-17 16:00:00+00:00,118246.15,118316.01,117967.09,118071.92,232.94641
2025-08-17 16:30:00+00:00,118071.92,118116.0,117700.7,117834.56,255.43875
2025-08-17 17:00:00+00:00,117834.55,117883.39,117645.04,117810.7,130.97515
2025-08-17 17:30:00+00:00,117810.71,117934.82,117810.7,117900.0,82.01314
2025-08-17 18:00:00+00:00,117900.01,117947.98,117734.5,117806.49,74.43559
2025-08-17 18:30:00+00:00,117806.5,117841.81,117321.53,117542.01,285.89024
2025-08-17 19:00:00+00:00,117542.01,117749.12,117468.0,117749.11,128.94099
2025-08-17 19:30:00+00:00,117749.11,117749.12,117476.0,117570.07,135.53531
2025-08-17 20:00:00+00:00,117570.07,117700.0,117508.49,117636.73,81.65715
2025-08-17 20:30:00+00:00,117636.74,117749.32,117599.43,117599.44,59.54218
2025-08-17 21:00:00+00:00,117599.44,117704.36,117599.43,117649.28,50.88109
2025-08-17 21:30:00+00:00,117649.28,117781.38,117611.9,117700.0,53.58691
2025-08-17 22:00:00+00:00,117700.01,117883.39,117688.5,117767.26,146.31965
2025-08-17 22:30:00+00:00,117767.26,117995.37,117767.25,117954.99,85.87226
2025-08-17 23:00:00+00:00,117955.0,117978.42,117481.99,117560.0,112.94409
2025-08-17 23:30:00+00:00,117559.99,117603.13,117371.65,117405.01,119.50055
2025-08-18 00:00:00+00:00,117405.01,117543.75,117088.29,117142.44,372.97347
2025-08-18 00:30:00+00:00,117142.44,117364.0,117020.0,117290.19,267.11195
2025-08-18 01:00:00+00:00,117290.2,117409.87,116670.03,116670.05,514.04837
2025-08-18 01:30:00+00:00,116670.04,116935.12,116166.03,116269.54,1378.23754
2025-08-18 02:00:00+00:00,116269.53,116339.61,115730.03,115791.95,1182.87668
2025-08-18 02:30:00+00:00,115791.94,116070.75,115292.67,115453.24,832.19488
2025-08-18 03:00:00+00:00,115452.0,115636.89,115332.0,115359.34,470.07306
2025-08-18 03:30:00+00:00,115359.33,115417.13,115000.0,115319.0,783.90703
2025-08-18 04:00:00+00:00,115319.0,115452.44,115079.91,115440.0,354.27018
2025-08-18 04:30:00+00:00,115440.0,115533.89,115386.0,115469.51,243.56001
2025-08-18 05:00:00+00:00,115469.52,115687.44,115469.51,115575.01,250.74944
2025-08-18 05:30:00+00:00,115575.01,115688.0,115000.0,115687.99,512.42685
2025-08-18 06:00:00+00:00,115687.99,115712.49,115025.63,115189.74,594.85827
2025-08-18 06:30:00+00:00,115189.73,115351.1,114878.71,115245.56,679.42606
2025-08-18 07:00:00+00:00,115245.56,115470.81,115211.95,115352.0,419.37419
2025-08-18 07:30:00+00:00,115352.0,115477.2,115186.56,115205.98,378.75915
2025-08-18 08:00:00+00:00,115205.99,115372.0,115068.58,115344.29,303.38845
2025-08-18 08:30:00+00:00,115344.28,115402.51,115107.75,115135.43,278.81665
2025-08-18 09:00:00+00:00,115135.43,115135.44,114650.01,114677.79,689.06908
2025-08-18 09:30:00+00:00,114677.79,115135.29,114640.14,115038.46,556.90515
2025-08-18 10:00:00+00:00,115038.46,115261.69,114985.0,114990.01,395.06414
2025-08-18 10:30:00+00:00,114990.02,115260.0,114990.01,115058.58,172.75989
2025-08-18 11:00:00+00:00,115058.58,115127.54,114921.21,114989.45,177.5057
2025-08-18 11:30:00+00:00,114989.45,115024.5,114860.62,114947.27,220.48078
2025-08-18 12:00:00+00:00,114947.27,115182.78,114902.94,115133.41,206.16129
2025-08-18 12:30:00+00:00,115133.41,115520.0,115081.23,115519.99,271.30474
2025-08-18 13:00:00+00:00,115520.0,115692.19,115428.06,115658.23,382.66229
2025-08-18 13:30:00+00:00,115658.23,115736.54,114825.0,114839.13,442.19719
2025-08-18 14:00:00+00:00,114839.14,115509.99,114839.14,115375.3,375.78964
2025-08-18 14:30:00+00:00,115375.29,115633.73,114919.79,115633.73,297.82946
2025-08-18 15:00:00+00:00,115633.72,115716.58,115402.0,115634.27,198.36744
2025-08-18 15:30:00+00:00,115634.27,116186.97,115545.4,116145.34,597.8674
2025-08-18 16:00:00+00:00,116145.34,116350.0,115971.22,116028.49,280.12622
2025-08-18 16:30:00+00:00,116028.49,116244.02,115818.86,115962.24,216.4666
2025-08-18 17:00:00+00:00,115962.24,116688.0,115962.23,116516.11,375.69102
2025-08-18 17:30:00+00:00,116516.11,116800.0,116428.98,116428.99,337.3998
2025-08-18 18:00:00+00:00,116428.98,116458.35,116238.71,116360.98,139.94149
2025-08-18 18:30:00+00:00,116360.97,116579.16,116360.97,116481.81,99.99829
2025-08-18 19:00:00+00:00,116481.8,116639.35,116204.0,116347.02,167.64238
2025-08-18 19:30:00+00:00,116347.03,116395.0,116218.65,116313.99,114.10693
2025-08-18 20:00:00+00:00,116314.0,116500.0,116233.7,116500.0,111.71753
2025-08-18 20:30:00+00:00,116499.99,116529.5,115980.32,116407.99,237.40589
2025-08-18 21:00:00+00:00,116407.99,116675.67,116403.76,116649.09,136.20341
2025-08-18 21:30:00+00:00,116649.1,116663.9,116442.76,116648.99,94.20233
2025-08-18 22:00:00+00:00,116649.0,116980.0,116649.0,116926.19,197.13893
2025-08-18 22:30:00+00:00,116926.19,116941.21,116394.12,116399.99,119.07264
2025-08-18 23:00:00+00:00,116400.0,116564.38,116271.86,116285.74,162.56436
2025-08-18 23:30:00+00:00,116285.73,116336.28,116089.0,116227.05,155.2453
2025-08-19 00:00:00+00:00,116227.05,116304.28,115911.47,115913.1,248.99203
2025-08-19 00:30:00+00:00,115913.1,116563.55,115516.82,116563.13,348.53481
2025-08-19 01:00:00+00:00,116563.12,116725.69,116206.72,116206.72,164.44992
2025-08-19 01:30:00+00:00,116206.73,116206.73,115710.03,115798.0,296.61941
2025-08-19 02:00:00+00:00,115798.0,115935.36,115635.63,115823.95,179.2793
2025-08-19 02:30:00+00:00,115823.94,116051.0,115717.15,115747.08,165.48036
2025-08-19 03:00:00+00:00,115747.09,115771.98,115272.34,115371.85,344.21387
2025-08-19 03:30:00+00:00,115371.86,115371.86,114787.23,114810.0,643.32778
2025-08-19 04:00:00+00:00,114810.01,115033.18,114366.0,114892.0,714.18146
2025-08-19 04:30:00+00:00,114892.0,115372.55,114882.0,115305.99,258.91353
2025-08-19 05:00:00+00:00,115306.0,115483.24,115120.82,115380.0,224.60026
2025-08-19 05:30:00+00:00,115380.01,115412.72,114944.16,114972.9,182.29682
2025-08-19 06:00:00+00:00,114972.9,115219.99,114914.26,115136.82,195.08295
2025-08-19 06:30:00+00:00,115136.82,115142.8,114931.7,115019.99,199.54188
2025-08-19 07:00:00+00:00,115019.99,115056.0,114653.86,114698.61,346.84632
2025-08-19 07:30:00+00:00,114698.6,115000.0,114600.74,114978.14,377.65999
2025-08-19 08:00:00+00:00,114978.15,115105.42,114804.0,114967.29,323.65351
2025-08-19 08:30:00+00:00,114967.29,115300.0,114805.76,115186.48,166.12052
2025-08-19 09:00:00+00:00,115186.47,115430.0,115185.92,115430.0,229.71506
2025-08-19 09:30:00+00:00,115429.99,115488.27,115270.29,115322.7,213.89338
2025-08-19 10:00:00+00:00,115322.69,115577.6,115317.92,115510.85,139.26321
2025-08-19 10:30:00+00:00,115510.84,115543.12,115324.64,115400.0,102.35359
2025-08-19 11:00:00+00:00,115400.0,115650.0,115400.0,115569.86,151.1967
2025-08-19 11:30:00+00:00,115569.86,115586.67,115458.44,115508.71,144.8468
2025-08-19 12:00:00+00:00,115508.71,115617.84,115413.99,115503.16,195.41328
2025-08-19 12:30:00+00:00,115503.15,115600.0,115282.7,115599.99,143.51894
2025-08-19 13:00:00+00:00,115600.0,115782.39,115500.0,115747.44,256.32456
2025-08-19 13:30:00+00:00,115747.45,115875.84,114869.6,115192.0,672.25584
2025-08-19 14:00:00+00:00,115192.0,115378.82,114125.05,114139.16,670.72669
2025-08-19 14:30:00+00:00,114139.15,114472.0,113770.34,113882.66,1592.86082
2025-08-19 15:00:00+00:00,113882.66,114177.58,113587.68,114076.83,1285.41992
2025-08-19 15:30:00+00:00,114076.83,114148.0,113733.43,113786.38,477.94311
2025-08-19 16:00:00+00:00,113786.39,113897.58,113623.45,113646.17,393.27091
2025-08-19 16:30:00+00:00,113646.17,113831.65,113346.28,113388.3,566.36307
2025-08-19 17:00:00+00:00,113388.31,113495.97,113107.07,113422.24,673.27175
2025-08-19 17:30:00+00:00,113422.24,113596.07,113300.0,113520.11,411.39092
2025-08-19 18:00:00+00:00,113520.11,113520.11,113252.47,113252.48,284.72383
2025-08-19 18:30:00+00:00,113252.48,113262.15,112837.11,113069.61,604.66604
2025-08-19 19:00:00+00:00,113069.61,113430.14,112767.06,113393.82,498.83628
2025-08-19 19:30:00+00:00,113393.83,113552.03,113080.25,113132.48,351.82772
2025-08-19 20:00:00+00:00,113132.49,113304.29,112927.82,113298.08,262.87837
2025-08-19 20:30:00+00:00,113298.07,113570.44,113298.07,113570.44,233.64726
2025-08-19 21:00:00+00:00,113570.44,113589.48,113463.44,113517.54,165.0765
2025-08-19 21:30:00+00:00,113517.53,113557.65,113413.14,113419.11,151.92136
2025-08-19 22:00:00+00:00,113419.1,113440.43,113069.0,113294.28,903.55294
2025-08-19 22:30:00+00:00,113294.29,113334.34,113060.0,113174.42,186.52637
2025-08-19 23:00:00+00:00,113174.42,113201.26,112834.2,112931.99,335.28958
2025-08-19 23:30:00+00:00,112931.98,113137.99,112732.58,112872.94,386.70472
2025-08-20 00:00:00+00:00,112872.95,113256.03,112843.14,112993.9,281.01753
2025-08-20 00:30:00+00:00,112993.9,113320.0,112950.52,113215.5,324.56807
2025-08-20 01:00:00+00:00,113215.49,113413.23,112905.05,112944.8,210.25991
2025-08-20 01:30:00+00:00,112944.81,113132.95,112566.01,112996.93,793.78065
2025-08-20 02:00:00+00:00,112996.93,113328.97,112944.68,113308.4,714.11359
2025-08-20 02:30:00+00:00,113308.4,113500.0,113289.03,113438.29,201.16044
2025-08-20 03:00:00+00:00,113438.29,113609.71,113319.45,113609.71,411.34997
2025-08-20 03:30:00+00:00,113609.7,113636.13,113412.22,113525.91,180.4556
2025-08-20 04:00:00+00:00,113525.9,113666.66,113525.9,113617.94,194.31521
2025-08-20 04:30:00+00:00,113617.95,113700.0,113460.29,113633.47,156.69715
2025-08-20 05:00:00+00:00,113633.47,113633.47,113464.02,113615.74,109.94661
2025-08-20 05:30:00+00:00,113615.73,113767.44,113578.19,113708.0,195.48153
2025-08-20 06:00:00+00:00,113707.99,113734.23,113500.0,113648.75,163.20969
2025-08-20 06:30:00+00:00,113648.74,113734.0,113576.08,113653.28,121.35606
2025-08-20 07:00:00+00:00,113653.28,113837.93,113632.56,113720.87,174.73935
2025-08-20 07:30:00+00:00,113720.87,113720.87,113432.0,113490.13,251.66922
2025-08-20 08:00:00+00:00,113490.14,113866.06,113401.0,113846.0,347.52026
2025-08-20 08:30:00+00:00,113846.0,114016.77,113786.01,114010.0,674.00575
2025-08-20 09:00:00+00:00,114010.0,114010.01,113765.96,113799.99,280.61479
2025-08-20 09:30:00+00:00,113799.99,113960.91,113628.65,113699.98,183.91433
2025-08-20 10:00:00+00:00,113699.98,113815.39,113587.68,113587.69,155.57456
2025-08-20 10:30:00+00:00,113587.69,113869.5,113587.68,113792.2,155.24594
2025-08-20 11:00:00+00:00,113792.19,113859.26,113460.0,113460.01,161.39154
2025-08-20 11:30:00+00:00,113460.01,113666.69,113060.08,113666.68,394.23927
2025-08-20 12:00:00+00:00,113666.69,113944.0,113512.88,113720.0,326.54076
2025-08-20 12:30:00+00:00,113720.0,113870.0,113659.0,113659.01,316.90093
2025-08-20 13:00:00+00:00,113659.01,113659.01,113246.19,113429.24,265.65633
2025-08-20 13:30:00+00:00,113429.24,113646.67,112600.0,112693.15,833.71493
2025-08-20 14:00:00+00:00,112693.14,113231.15,112380.0,113153.29,1014.68425
2025-08-20 14:30:00+00:00,113153.3,113854.34,113153.29,113465.84,563.97192
2025-08-20 15:00:00+00:00,113465.84,114326.35,113388.0,114300.01,777.39739
2025-08-20 15:30:00+00:00,114300.0,114300.01,113229.43,113353.94,506.56547
2025-08-20 16:00:00+00:00,113353.94,114309.16,113278.49,114267.27,468.07695
2025-08-20 16:30:00+00:00,114267.28,114282.26,113771.76,113839.99,301.14579
2025-08-20 17:00:00+00:00,113839.99,114141.4,113790.0,113790.75,243.14204
2025-08-20 17:30:00+00:00,113790.76,114444.0,113781.16,114197.53,334.37674
2025-08-20 18:00:00+00:00,114197.54,114269.63,113300.24,113332.05,410.20027
2025-08-20 18:30:00+00:00,113332.05,113687.71,113264.01,113490.01,266.0585
2025-08-20 19:00:00+00:00,113490.0,114288.1,113472.38,114053.69,334.81585
2025-08-20 19:30:00+00:00,114053.68,114337.31,113901.06,114276.66,266.19
2025-08-20 20:00:00+00:00,114276.66,114276.66,114000.0,114132.0,165.84174
2025-08-20 20:30:00+00:00,114131.99,114375.27,114131.91,114370.0,218.84955
2025-08-20 21:00:00+00:00,114370.0,114470.0,114011.94,114034.43,218.08309
2025-08-20 21:30:00+00:00,114034.43,114476.13,114000.0,114356.24,154.28619
2025-08-20 22:00:00+00:00,114356.24,114468.86,114206.89,114391.0,251.71868
2025-08-20 22:30:00+00:00,114391.0,114615.38,114309.15,114595.19,246.28263
2025-08-20 23:00:00+00:00,114595.19,114608.77,114220.0,114235.7,220.02851
2025-08-20 23:30:00+00:00,114235.71,114370.32,114220.0,114271.24,95.18641
2025-08-21 00:00:00+00:00,114271.23,114277.56,114010.87,114072.39,208.93058
2025-08-21 00:30:00+00:00,114072.4,114493.1,114072.39,114292.14,220.69609
2025-08-21 01:00:00+00:00,114292.14,114337.81,113954.13,114121.84,202.02632
2025-08-21 01:30:00+00:00,114121.84,114736.0,114111.82,114729.94,230.95713
2025-08-21 02:00:00+00:00,114729.93,114821.76,113906.01,114013.96,282.27349
2025-08-21 02:30:00+00:00,114013.96,114055.23,113907.73,114038.0,165.6214
2025-08-21 03:00:00+00:00,114038.0,114531.29,114022.59,114217.82,221.60541
2025-08-21 03:30:00+00:00,114217.82,114263.28,113954.61,113954.62,94.61739
2025-08-21 04:00:00+00:00,113954.62,114012.16,113870.57,113918.6,125.54274
2025-08-21 04:30:00+00:00,113918.6,114033.84,113800.0,113800.0,167.88811
2025-08-21 05:00:00+00:00,113800.01,113846.67,113637.0,113744.45,188.96258
2025-08-21 05:30:00+00:00,113744.46,114010.83,113744.45,113995.12,155.67447
2025-08-21 06:00:00+00:00,113995.12,113995.12,113609.88,113609.89,194.28094
2025-08-21 06:30:00+00:00,113609.89,113886.05,113609.88,113807.2,249.60352
2025-08-21 07:00:00+00:00,113807.2,113888.18,113582.43,113719.32,316.94671
2025-08-21 07:30:00+00:00,113719.32,113944.74,113662.81,113896.03,213.46414
2025-08-21 08:00:00+00:00,113896.03,113990.0,113673.65,113760.01,204.29656
2025-08-21 08:30:00+00:00,113760.01,113821.84,113588.45,113588.45,132.46886
2025-08-21 09:00:00+00:00,113588.46,113616.58,113300.0,113432.01,292.11172
2025-08-21 09:30:00+00:00,113432.01,113615.38,113376.84,113376.85,121.2938
2025-08-21 10:00:00+00:00,113376.85,113479.97,113230.0,113445.84,194.12443
2025-08-21 10:30:00+00:00,113445.84,113464.9,113277.28,113329.74,137.22654
2025-08-21 11:00:00+00:00,113329.74,113522.85,113329.74,113467.03,112.81283
2025-08-21 11:30:00+00:00,113467.03,113542.47,113000.0,113148.66,315.31632
2025-08-21 12:00:00+00:00,113148.65,113353.62,113025.0,113232.56,140.30583
2025-08-21 12:30:00+00:00,113232.55,113416.69,112950.0,113095.29,245.90167
2025-08-21 13:00:00+00:00,113095.3,113355.14,113055.93,113324.51,133.81004
2025-08-21 13:30:00+00:00,113324.51,113713.56,113128.07,113486.98,490.8862
2025-08-21 14:00:00+00:00,113486.98,113995.11,113353.29,113742.84,284.02506
2025-08-21 14:30:00+00:00,113742.84,113742.84,112913.39,113281.99,296.13388
2025-08-21 15:00:00+00:00,113282.0,113386.31,112608.64,113032.8,578.81481
2025-08-21 15:30:00+00:00,113032.81,113147.81,112761.0,112792.08,351.23279
2025-08-21 16:00:00+00:00,112792.08,112969.47,112622.15,112737.99,294.51844
2025-08-21 16:30:00+00:00,112738.0,112880.0,112333.33,112379.58,485.70863
2025-08-21 17:00:00+00:00,112379.58,112456.43,112211.0,112250.47,505.12784
2025-08-21 17:30:00+00:00,112250.47,112596.9,112201.0,112410.91,231.98249
2025-08-21 18:00:00+00:00,112410.92,112615.34,112241.32,112503.13,190.50842
2025-08-21 18:30:00+00:00,112503.13,112682.2,112224.67,112602.62,191.87352
2025-08-21 19:00:00+00:00,112602.62,112724.74,112170.0,112258.59,220.6745
2025-08-21 19:30:00+00:00,112258.58,112278.1,112015.67,112193.71,348.41033
2025-08-21 20:00:00+00:00,112193.71,112460.3,112159.97,112457.05,127.48889
2025-08-21 20:30:00+00:00,112457.05,112870.94,112067.46,112450.3,208.96363
2025-08-21 21:00:00+00:00,112450.31,112633.84,112100.0,112542.92,210.5613
2025-08-21 21:30:00+00:00,112542.92,112734.51,112460.79,112628.76,126.81537
2025-08-21 22:00:00+00:00,112628.75,112712.7,112502.84,112625.84,122.78836
2025-08-21 22:30:00+00:00,112625.84,112639.84,112425.35,112511.2,77.9467
2025-08-21 23:00:00+00:00,112511.19,112511.2,112275.0,112460.0,108.26638
2025-08-21 23:30:00+00:00,112460.0,112500.0,112272.04,112500.0,118.20519
2025-08-22 00:00:00+00:00,112500.0,112790.0,112489.42,112654.93,146.09102
2025-08-22 00:30:00+00:00,112654.93,112840.0,112568.95,112630.87,121.70397
2025-08-22 01:00:00+00:00,112630.88,112780.73,112335.6,112772.02,119.13483
2025-08-22 01:30:00+00:00,112772.02,112924.37,112712.01,112840.08,212.41498
2025-08-22 02:00:00+00:00,112840.08,113525.0,112784.68,113497.45,410.63772
2025-08-22 02:30:00+00:00,113497.44,113505.65,113142.85,113153.96,306.25571
2025-08-22 03:00:00+00:00,113153.96,113441.45,113117.2,113205.02,113.93297
2025-08-22 03:30:00+00:00,113205.03,113308.02,112882.9,112929.24,180.02405
2025-08-22 04:00:00+00:00,112929.24,113256.03,112929.24,113047.77,123.55416
2025-08-22 04:30:00+00:00,113047.77,113214.58,112708.81,112847.63,146.78379
2025-08-22 05:00:00+00:00,112847.62,113070.33,112844.56,112950.0,152.58807
2025-08-22 05:30:00+00:00,112950.0,113285.59,112950.0,113241.99,181.24321
2025-08-22 06:00:00+00:00,113241.98,113394.76,113054.74,113243.91,230.61983
2025-08-22 06:30:00+00:00,113243.92,113283.69,112844.0,112998.3,195.97071
2025-08-22 07:00:00+00:00,112998.3,113250.0,112950.0,113162.33,198.30806
2025-08-22 07:30:00+00:00,113162.34,113228.17,113084.47,113094.83,427.18937
2025-08-22 08:00:00+00:00,113094.83,113319.3,113050.25,113245.69,281.17819
2025-08-22 08:30:00+00:00,113245.68,113265.01,112950.0,112980.34,167.60375
2025-08-22 09:00:00+00:00,112980.34,113015.93,112855.55,112976.99,240.98943
2025-08-22 09:30:00+00:00,112976.98,113128.0,112815.55,113049.67,276.14688
2025-08-22 10:00:00+00:00,113049.67,113060.0,112637.74,112714.87,219.53039
2025-08-22 10:30:00+00:00,112714.87,112714.87,112512.74,112534.54,235.95483
2025-08-22 11:00:00+00:00,112534.54,112629.4,112260.0,112278.06,310.55401
2025-08-22 11:30:00+00:00,112278.06,112385.33,112177.27,112320.0,200.47826
2025-08-22 12:00:00+00:00,112320.01,112363.89,112000.01,112045.12,420.31506
2025-08-22 12:30:00+00:00,112045.13,112713.93,111684.79,112341.5,1240.27424
2025-08-22 13:00:00+00:00,112341.5,112540.47,112058.38,112290.91,279.2684
2025-08-22 13:30:00+00:00,112290.92,112662.27,111932.28,112487.11,763.03213
2025-08-22 14:00:00+00:00,112487.1,115764.0,112468.35,115190.03,4606.73265
2025-08-22 14:30:00+00:00,115190.04,116116.11,115190.03,115808.23,1665.00958
2025-08-22 15:00:00+00:00,115808.24,116988.0,115808.23,116725.0,1638.61421
2025-08-22 15:30:00+00:00,116724.99,117296.12,116370.74,116370.75,892.015
2025-08-22 16:00:00+00:00,116370.75,116783.22,116142.58,116407.68,1103.10816
2025-08-22 16:30:00+00:00,116407.67,116539.02,116116.0,116146.47,653.57134
2025-08-22 17:00:00+00:00,116146.48,117018.5,116146.48,116937.55,784.31287
2025-08-22 17:30:00+00:00,116937.56,117032.84,116542.55,117024.0,515.82919
2025-08-22 18:00:00+00:00,117024.01,117429.05,116836.24,116885.28,502.05579
2025-08-22 18:30:00+00:00,116885.28,117137.46,116750.0,116805.27,219.54945
2025-08-22 19:00:00+00:00,116805.27,116914.3,116739.58,116739.59,187.52659
2025-08-22 19:30:00+00:00,116739.58,116787.58,116520.0,116655.79,341.99305
2025-08-22 20:00:00+00:00,116655.79,117127.44,116570.17,117100.0,285.36246
2025-08-22 20:30:00+00:00,117100.0,117106.78,116874.86,117052.65,260.33254
2025-08-22 21:00:00+00:00,117052.65,117065.15,116829.34,116976.0,376.27146
2025-08-22 21:30:00+00:00,116976.01,117174.43,116905.68,117028.27,301.81447
2025-08-22 22:00:00+00:00,117028.27,117057.14,116559.32,116625.6,371.92625
2025-08-22 22:30:00+00:00,116625.6,116776.08,116550.96,116757.18,213.80077
2025-08-22 23:00:00+00:00,116757.18,116822.0,116674.51,116743.52,132.72363
2025-08-22 23:30:00+00:00,116743.51,116937.56,116743.51,116935.99,173.76289
2025-08-23 00:00:00+00:00,116936.0,116998.2,116726.64,116951.34,199.871
2025-08-23 00:30:00+00:00,116951.35,117030.0,116840.0,116870.22,151.50945
2025-08-23 01:00:00+00:00,116870.22,116882.16,116573.94,116573.95,210.72974
2025-08-23 01:30:00+00:00,116573.94,116658.3,116300.0,116453.59,385.76321
2025-08-23 02:00:00+00:00,116453.59,116547.95,115866.31,115866.32,433.73242
2025-08-23 02:30:00+00:00,115866.32,116154.81,115500.0,115927.98,761.63554
2025-08-23 03:00:00+00:00,115927.98,116044.55,115628.69,115720.25,312.69481
2025-08-23 03:30:00+00:00,115720.25,115730.56,115458.2,115568.77,191.64802
2025-08-23 04:00:00+00:00,115568.77,115783.47,115551.2,115720.0,253.64732
2025-08-23 04:30:00+00:00,115720.0,115980.0,115719.99,115926.77,282.12034
2025-08-23 05:00:00+00:00,115926.77,115997.19,115800.01,115951.23,295.56718
2025-08-23 05:30:00+00:00,115951.23,116034.53,115899.91,115954.51,510.70478
2025-08-23 06:00:00+00:00,115954.51,116015.69,115751.54,115762.45,313.8128
2025-08-23 06:30:00+00:00,115762.44,115852.11,115690.83,115781.16,149.04789
2025-08-23 07:00:00+00:00,115781.16,115892.84,115675.54,115716.2,215.55695
2025-08-23 07:30:00+00:00,115716.2,115928.0,115669.76,115799.47,237.72636
2025-08-23 08:00:00+00:00,115799.46,115861.8,115622.05,115658.43,173.45869
2025-08-23 08:30:00+00:00,115658.42,115857.3,115607.46,115746.12,168.12517
2025-08-23 09:00:00+00:00,115746.12,115782.03,115605.27,115609.99,109.40193
2025-08-23 09:30:00+00:00,115610.0,115765.82,115609.99,115765.82,179.23906
2025-08-23 10:00:00+00:00,115765.81,115780.59,115601.96,115601.96,231.07534
2025-08-23 10:30:00+00:00,115601.97,115626.2,115575.72,115575.72,81.49768
2025-08-23 11:00:00+00:00,115575.73,115616.63,115515.68,115531.16,104.51432
2025-08-23 11:30:00+00:00,115531.17,115568.6,115223.43,115310.13,266.58172
2025-08-23 12:00:00+00:00,115310.13,115486.97,115200.0,115353.05,214.32018
2025-08-23 12:30:00+00:00,115353.06,115480.34,115175.48,115213.6,231.15832
2025-08-23 13:00:00+00:00,115213.6,115213.6,114992.04,115019.06,391.70802
2025-08-23 13:30:00+00:00,115019.06,115110.51,114735.57,114864.92,590.15863
2025-08-23 14:00:00+00:00,114864.92,115067.43,114799.7,115031.48,753.46541
2025-08-23 14:30:00+00:00,115031.48,115081.59,114620.0,114621.47,246.97126
2025-08-23 15:00:00+00:00,114621.48,114921.91,114560.0,114900.01,335.78015
2025-08-23 15:30:00+00:00,114900.0,114966.87,114810.38,114812.87,263.99969
2025-08-23 16:00:00+00:00,114812.88,114965.97,114684.11,114867.59,228.08113
2025-08-23 16:30:00+00:00,114867.6,115097.92,114766.76,115020.0,220.6842
2025-08-23 17:00:00+00:00,115020.0,115125.99,114947.46,114985.9,149.27873
2025-08-23 17:30:00+00:00,114985.91,115167.78,114964.21,115087.97,177.9875
2025-08-23 18:00:00+00:00,115087.97,115190.74,115051.22,115073.38,97.19928
2025-08-23 18:30:00+00:00,115073.38,115190.29,115035.11,115145.77,80.98584
2025-08-23 19:00:00+00:00,115145.77,115173.86,115051.32,115077.99,90.52309
2025-08-23 19:30:00+00:00,115078.0,115161.27,115077.99,115133.91,60.8109
2025-08-23 20:00:00+00:00,115133.92,115226.31,115108.23,115226.3,47.14046
2025-08-23 20:30:00+00:00,115226.3,115325.82,115138.55,115325.81,134.0593
2025-08-23 21:00:00+00:00,115325.81,115325.82,115077.27,115077.27,98.50137
2025-08-23 21:30:00+00:00,115077.28,115213.02,115001.88,115028.0,95.93177
2025-08-23 22:00:00+00:00,115028.01,115279.26,115028.0,115278.72,71.80287
2025-08-23 22:30:00+00:00,115278.73,115317.86,115243.44,115317.85,45.77278
2025-08-23 23:00:00+00:00,115317.86,115321.78,115246.24,115273.28,82.34457
2025-08-23 23:30:00+00:00,115273.29,115454.12,115244.7,115438.05,401.0348
2025-08-24 00:00:00+00:00,115438.06,115438.06,115315.33,115421.72,179.05054
2025-08-24 00:30:00+00:00,115421.71,115549.44,115342.94,115375.35,278.3495
2025-08-24 01:00:00+00:00,115375.36,115438.99,115196.0,115292.74,406.22913
2025-08-24 01:30:00+00:00,115292.74,115584.09,115264.5,115473.99,249.57827
2025-08-24 02:00:00+00:00,115473.99,115666.68,115419.54,115519.96,165.28544
2025-08-24 02:30:00+00:00,115519.96,115549.44,115000.0,115005.15,236.12458
2025-08-24 03:00:00+00:00,115005.15,115161.24,114939.52,114960.01,220.78591
2025-08-24 03:30:00+00:00,114960.01,115149.71,114934.21,115036.0,260.52096
2025-08-24 04:00:00+00:00,115036.01,115283.21,115036.0,115229.56,170.66325
2025-08-24 04:30:00+00:00,115229.55,115229.55,115089.5,115174.3,174.73338
2025-08-24 05:00:00+00:00,115174.3,115206.55,115075.64,115076.94,443.66655
2025-08-24 05:30:00+00:00,115076.94,115076.94,114930.65,114996.01,254.18346
2025-08-24 06:00:00+00:00,114996.01,115062.77,114862.19,115012.28,135.1256
2025-08-24 06:30:00+00:00,115012.29,115038.03,114846.14,114862.4,260.13733
2025-08-24 07:00:00+00:00,114862.4,115040.0,114855.64,115040.0,150.51163
2025-08-24 07:30:00+00:00,115040.0,115124.86,114888.19,114888.19,126.6661
2025-08-24 08:00:00+00:00,114888.19,114979.55,114756.68,114819.28,630.67682
2025-08-24 08:30:00+00:00,114819.28,114856.0,114750.01,114838.02,316.87542
2025-08-24 09:00:00+00:00,114838.02,114877.77,114668.0,114831.64,219.32344
2025-08-24 09:30:00+00:00,114831.64,115060.99,114831.64,114841.17,219.58512
2025-08-24 10:00:00+00:00,114841.16,114920.01,114687.04,114740.01,218.40715
2025-08-24 10:30:00+00:00,114740.01,114956.66,114600.0,114790.4,261.09247
2025-08-24 11:00:00+00:00,114790.4,114889.91,114620.13,114636.01,224.93973
2025-08-24 11:30:00+00:00,114636.02,114762.05,114625.16,114730.22,132.5791
2025-08-24 12:00:00+00:00,114730.22,114846.4,114661.47,114676.54,175.71564
2025-08-24 12:30:00+00:00,114676.53,114738.88,114597.55,114673.81,183.07189
2025-08-24 13:00:00+00:00,114673.8,114869.41,114629.56,114654.05,233.2471
2025-08-24 13:30:00+00:00,114654.05,114781.21,114555.0,114555.0,387.60123
2025-08-24 14:00:00+00:00,114555.0,114600.94,114350.57,114454.93,457.26703
2025-08-24 14:30:00+00:00,114454.93,114657.0,114402.65,114514.05,359.46631
2025-08-24 15:00:00+00:00,114514.05,114865.32,114449.91,114633.39,483.17572
2025-08-24 15:30:00+00:00,114633.4,114773.28,114400.0,114400.0,382.47413
2025-08-24 16:00:00+00:00,114400.01,114541.93,114359.03,114423.52,394.68115
2025-08-24 16:30:00+00:00,114423.52,114479.67,114255.32,114275.0,392.27151
2025-08-24 17:00:00+00:00,114275.0,114535.07,114236.0,114284.61,424.54383
2025-08-24 17:30:00+00:00,114284.61,114578.85,114276.98,114423.42,558.86672
2025-08-24 18:00:00+00:00,114423.43,114820.02,114301.22,114664.64,576.9494
2025-08-24 18:30:00+00:00,114664.64,114917.1,114535.52,114626.97,656.04851
2025-08-24 19:00:00+00:00,114626.96,114715.24,114501.75,114715.24,405.8066
2025-08-24 19:30:00+00:00,114715.24,114790.75,110680.0,112600.0,4912.85216
2025-08-24 20:00:00+00:00,112600.0,112962.35,111632.85,112855.29,1415.10642
2025-08-24 20:30:00+00:00,112855.3,112987.88,112534.69,112770.39,587.90703
2025-08-24 21:00:00+00:00,112770.39,112912.39,112369.16,112908.01,523.94267
2025-08-24 21:30:00+00:00,112908.01,113406.8,112894.1,112988.39,330.91
2025-08-24 22:00:00+00:00,112988.4,113141.58,112614.42,112656.11,411.0152
2025-08-24 22:30:00+00:00,112656.1,113500.0,112641.6,113451.02,344.26487
2025-08-24 23:00:00+00:00,113451.02,113648.26,113366.49,113648.25,331.11927
2025-08-24 23:30:00+00:00,113648.25,113692.97,113400.0,113493.59,312.58935
2025-08-25 00:00:00+00:00,113493.59,113516.16,113060.82,113062.95,301.79155
2025-08-25 00:30:00+00:00,113062.95,113086.63,112159.0,112645.1,595.79742
2025-08-25 01:00:00+00:00,112645.1,113140.06,112615.9,112984.97,368.56039
2025-08-25 01:30:00+00:00,112984.96,113096.8,112713.48,113066.94,172.97106
2025-08-25 02:00:00+00:00,113066.95,113640.01,113066.94,113429.81,239.26669
2025-08-25 02:30:00+00:00,113429.81,113525.61,113304.55,113412.36,156.98148
2025-08-25 03:00:00+00:00,113412.36,113667.28,113323.42,113371.82,233.62609
2025-08-25 03:30:00+00:00,113371.82,113481.05,112905.16,112916.84,315.97822
2025-08-25 04:00:00+00:00,112916.84,113059.52,112650.77,112707.62,355.4337
2025-08-25 04:30:00+00:00,112707.63,112843.59,112611.78,112764.0,267.53812
2025-08-25 05:00:00+00:00,112764.01,112863.24,112500.0,112538.39,322.82749
2025-08-25 05:30:00+00:00,112538.39,112621.27,112309.99,112310.0,485.2168
2025-08-25 06:00:00+00:00,112310.0,112459.18,112181.31,112249.74,364.11814
2025-08-25 06:30:00+00:00,112249.74,112329.41,111756.6,111929.87,569.07622
2025-08-25 07:00:00+00:00,111929.87,112165.19,111803.99,111902.66,428.62036
2025-08-25 07:30:00+00:00,111902.66,111949.7,111284.05,111511.55,1261.19438
2025-08-25 08:00:00+00:00,111511.56,111786.78,110991.28,111656.54,925.22417
2025-08-25 08:30:00+00:00,111656.54,111820.53,111410.13,111414.3,353.71708
2025-08-25 09:00:00+00:00,111414.3,111677.45,111259.76,111477.81,293.09725
2025-08-25 09:30:00+00:00,111477.8,111850.13,111391.99,111800.01,333.71249
2025-08-25 10:00:00+00:00,111800.0,111806.99,111080.0,111224.94,600.31074
2025-08-25 10:30:00+00:00,111224.94,111421.56,110939.4,110984.03,816.13525
2025-08-25 11:00:00+00:00,110984.04,111162.06,110929.48,111071.49,354.43954
2025-08-25 11:30:00+00:00,111071.49,111279.91,110960.0,111214.97,351.62136
2025-08-25 12:00:00+00:00,111214.97,111682.49,111072.0,111682.49,365.56719
2025-08-25 12:30:00+00:00,111682.49,111682.49,111336.1,111586.31,357.3601
2025-08-25 13:00:00+00:00,111586.3,111754.82,111316.88,111660.7,392.32067
2025-08-25 13:30:00+00:00,111660.7,111708.57,110588.0,111491.69,1163.01942
2025-08-25 14:00:00+00:00,111491.7,112200.0,111326.49,111910.32,1025.47799
2025-08-25 14:30:00+00:00,111910.32,112307.69,111860.0,112260.0,400.55252
2025-08-25 15:00:00+00:00,112260.01,112580.0,111828.24,112453.97,538.79038
2025-08-25 15:30:00+00:00,112453.97,112531.15,112126.87,112200.64,350.23233
2025-08-25 16:00:00+00:00,112200.65,112937.26,112022.0,112635.42,511.38365
2025-08-25 16:30:00+00:00,112635.41,112821.22,112502.43,112502.43,269.84921
2025-08-25 17:00:00+00:00,112502.43,112800.0,112159.0,112719.0,452.18156
2025-08-25 17:30:00+00:00,112719.0,112779.39,112264.51,112431.4,222.22364
2025-08-25 18:00:00+00:00,112431.4,112618.89,112275.78,112574.53,171.45634
2025-08-25 18:30:00+00:00,112574.53,112574.53,112250.13,112402.9,139.09107
2025-08-25 19:00:00+00:00,112402.9,112430.16,111727.1,111961.0,374.18777
2025-08-25 19:30:00+00:00,111960.99,111981.46,110655.01,110716.13,969.03087
2025-08-25 20:00:00+00:00,110716.13,111092.54,110000.0,110519.0,1989.93311
2025-08-25 20:30:00+00:00,110519.01,110557.87,109390.01,109561.96,2108.1397
2025-08-25 21:00:00+00:00,109561.96,109900.0,109415.39,109513.4,960.14035
2025-08-25 21:30:00+00:00,109513.41,110280.5,109274.1,109888.01,634.99626
2025-08-25 22:00:00+00:00,109888.01,110375.57,109888.0,110361.96,314.18204
2025-08-25 22:30:00+00:00,110361.97,110599.07,110117.3,110153.23,338.50449
2025-08-25 23:00:00+00:00,110153.23,110168.36,109781.61,109934.02,451.36187
2025-08-25 23:30:00+00:00,109934.02,110267.55,109903.63,110111.98,215.55527
2025-08-26 00:00:00+00:00,110111.98,110111.98,109406.99,109660.0,830.83266
2025-08-26 00:30:00+00:00,109659.99,109880.0,108854.19,109100.23,1301.69417
2025-08-26 01:00:00+00:00,109100.24,109816.36,108666.66,109749.99,780.24107
2025-08-26 01:30:00+00:00,109750.0,109910.68,109535.24,109897.2,310.61295
2025-08-26 02:00:00+00:00,109897.21,110026.14,109670.39,109839.99,306.13997
2025-08-26 02:30:00+00:00,109840.0,109880.0,109505.04,109710.96,225.745
2025-08-26 03:00:00+00:00,109710.96,109924.98,109432.0,109777.03,259.70237
2025-08-26 03:30:00+00:00,109777.04,109927.99,109777.03,109879.56,140.42387
2025-08-26 04:00:00+00:00,109879.57,110199.94,109879.57,110168.48,260.53241
2025-08-26 04:30:00+00:00,110168.48,110235.29,109926.94,110100.01,205.9789
2025-08-26 05:00:00+00:00,110100.01,110270.03,110088.0,110162.95,184.66781
2025-08-26 05:30:00+00:00,110162.95,110375.58,110084.41,110196.01,175.03048
2025-08-26 06:00:00+00:00,110196.0,110342.57,109900.0,110021.6,273.02442
2025-08-26 06:30:00+00:00,110021.59,110092.0,109906.39,109988.18,196.84367
2025-08-26 07:00:00+00:00,109988.17,110056.0,109765.93,109975.84,228.04415
2025-08-26 07:30:00+00:00,109975.83,110547.31,109944.42,110303.2,385.93048
2025-08-26 08:00:00+00:00,110303.2,110455.13,110000.0,110074.45,257.71322
2025-08-26 08:30:00+00:00,110074.44,110428.28,110014.43,110102.02,190.8859
2025-08-26 09:00:00+00:00,110102.02,110413.54,110102.02,110331.45,177.26118
2025-08-26 09:30:00+00:00,110331.45,110364.03,110037.51,110152.89,158.63029
2025-08-26 10:00:00+00:00,110152.9,110413.54,110064.12,110334.75,218.18408
2025-08-26 10:30:00+00:00,110334.75,110389.97,110137.08,110216.53,187.58143
2025-08-26 11:00:00+00:00,110216.52,110224.09,109816.85,109859.04,231.61999
2025-08-26 11:30:00+00:00,109859.04,109876.53,109570.34,109876.52,430.22557
2025-08-26 12:00:00+00:00,109876.53,109904.07,109612.0,109728.0,227.13055
2025-08-26 12:30:00+00:00,109728.01,110818.6,109728.0,110216.81,867.11816
2025-08-26 13:00:00+00:00,110216.81,110265.31,109793.14,109855.63,360.25651
2025-08-26 13:30:00+00:00,109855.63,110228.07,109393.93,110094.66,847.57468
2025-08-26 14:00:00+00:00,110094.66,110552.86,109800.0,110209.93,592.31777
2025-08-26 14:30:00+00:00,110209.92,110500.0,110140.0,110358.13,532.46519
2025-08-26 15:00:00+00:00,110358.13,110561.76,110046.47,110075.2,503.69125
2025-08-26 15:30:00+00:00,110075.2,110075.21,109550.0,109666.33,629.131
2025-08-26 16:00:00+00:00,109666.34,109779.21,109450.0,109744.88,482.8658
2025-08-26 16:30:00+00:00,109744.88,110153.84,109600.76,110153.84,453.17636
2025-08-26 17:00:00+00:00,110153.83,110205.68,109759.62,109850.16,470.52004
2025-08-26 17:30:00+00:00,109850.15,109988.08,109587.42,109988.07,317.51068
2025-08-26 18:00:00+00:00,109988.07,110493.98,109966.64,110486.83,296.19766
2025-08-26 18:30:00+00:00,110486.83,110990.05,110389.53,110695.58,425.47935
2025-08-26 19:00:00+00:00,110695.58,111147.5,110501.57,111118.5,574.47622
2025-08-26 19:30:00+00:00,111118.5,111162.59,110830.1,111116.03,528.28444
2025-08-26 20:00:00+00:00,111116.03,111378.35,110918.26,111332.85,316.85889
2025-08-26 20:30:00+00:00,111332.84,111380.03,111146.61,111321.58,388.54292
2025-08-26 21:00:00+00:00,111321.57,111335.79,111113.67,111278.19,168.16654
2025-08-26 21:30:00+00:00,111278.19,111584.61,111181.98,111584.6,207.82428
2025-08-26 22:00:00+00:00,111584.6,111945.69,111583.38,111642.29,412.24523
2025-08-26 22:30:00+00:00,111642.28,111925.48,111557.09,111910.01,198.54674
2025-08-26 23:00:00+00:00,111910.0,112371.0,111888.13,111946.0,537.15264
2025-08-26 23:30:00+00:00,111946.0,111964.07,111737.38,111763.22,197.35983
2025-08-27 00:00:00+00:00,111763.22,111777.26,111600.84,111645.95,301.86211
2025-08-27 00:30:00+00:00,111645.94,111825.16,111339.22,111356.37,298.25616
2025-08-27 01:00:00+00:00,111356.38,111469.07,111197.65,111253.56,264.63625
2025-08-27 01:30:00+00:00,111253.56,111360.0,111092.8,111299.48,223.87936
2025-08-27 02:00:00+00:00,111299.48,111480.0,111120.0,111311.04,208.38309
2025-08-27 02:30:00+00:00,111311.04,111457.75,111105.45,111135.37,266.56601
2025-08-27 03:00:00+00:00,111135.37,111226.0,110918.26,110966.0,242.38585
2025-08-27 03:30:00+00:00,110966.0,111723.92,110965.99,111418.15,366.3043
2025-08-27 04:00:00+00:00,111418.15,111737.26,111403.29,111465.25,292.9503
2025-08-27 04:30:00+00:00,111465.26,111682.03,111430.0,111570.81,129.80379
2025-08-27 05:00:00+00:00,111570.81,111685.57,111338.88,111372.15,203.85444
2025-08-27 05:30:00+00:00,111372.15,111479.46,111337.85,111372.18,119.27807
2025-08-27 06:00:00+00:00,111372.18,111372.19,111168.53,111268.32,161.06715
2025-08-27 06:30:00+00:00,111268.31,111306.34,111028.02,111040.09,165.47128
2025-08-27 07:00:00+00:00,111040.1,111129.94,110720.0,110840.69,212.40518
2025-08-27 07:30:00+00:00,110840.69,110918.28,110622.5,110725.18,524.97273
2025-08-27 08:00:00+00:00,110725.19,110837.77,110566.0,110591.71,215.14906
2025-08-27 08:30:00+00:00,110591.71,110772.45,110345.42,110756.01,392.47142
2025-08-27 09:00:00+00:00,110756.0,110996.51,110720.06,110971.96,215.2991
2025-08-27 09:30:00+00:00,110971.95,111125.32,110810.76,110810.78,147.67335
2025-08-27 10:00:00+00:00,110810.77,111267.7,110810.77,111038.0,216.83461
2025-08-27 10:30:00+00:00,111038.0,111131.9,110911.28,110975.12,119.77358
2025-08-27 11:00:00+00:00,110975.12,111270.08,110975.11,111175.6,144.76036
2025-08-27 11:30:00+00:00,111175.6,111374.45,111175.6,111322.07,142.30605
2025-08-27 12:00:00+00:00,111322.07,111397.74,111140.0,111140.01,189.84527
2025-08-27 12:30:00+00:00,111140.0,111366.7,111022.78,111344.42,207.26596
2025-08-27 13:00:00+00:00,111344.43,111344.43,111090.28,111325.02,185.67313
2025-08-27 13:30:00+00:00,111325.02,111895.25,111019.02,111487.24,666.0753
2025-08-27 14:00:00+00:00,111487.24,112226.24,111283.97,112192.66,470.63907
2025-08-27 14:30:00+00:00,112192.66,112625.0,111666.66,111815.94,805.61191
2025-08-27 15:00:00+00:00,111815.94,112084.43,111678.9,111770.81,401.34111
2025-08-27 15:30:00+00:00,111770.82,112000.0,111505.0,112000.0,383.64885
2025-08-27 16:00:00+00:00,111999.99,112128.99,111662.9,111816.77,329.78727
2025-08-27 16:30:00+00:00,111816.76,112250.0,111541.23,112121.46,283.6199
2025-08-27 17:00:00+00:00,112121.45,112400.0,111897.43,112309.16,232.8348
2025-08-27 17:30:00+00:00,112309.17,112444.1,112252.0,112345.29,153.56247
2025-08-27 18:00:00+00:00,112345.3,112600.0,112325.0,112471.32,218.69333
2025-08-27 18:30:00+00:00,112471.33,112480.15,111928.0,111947.21,192.06622
2025-08-27 19:00:00+00:00,111947.22,112152.59,111576.24,112010.68,308.16527
2025-08-27 19:30:00+00:00,112010.68,112212.06,111915.39,112080.69,183.69626
2025-08-27 20:00:00+00:00,112080.68,112357.66,110921.79,112083.8,1118.14602
2025-08-27 20:30:00+00:00,112083.8,112419.09,112004.8,112419.07,300.17324
2025-08-27 21:00:00+00:00,112419.08,112452.05,111650.55,111802.19,238.69467
2025-08-27 21:30:00+00:00,111802.18,111897.44,111368.15,111528.19,216.30045
2025-08-27 22:00:00+00:00,111528.19,111539.73,111051.0,111310.01,322.66823
2025-08-27 22:30:00+00:00,111310.01,111610.06,111296.2,111409.54,98.75905
2025-08-27 23:00:00+00:00,111409.54,111544.0,111231.51,111348.07,133.07551
2025-08-27 23:30:00+00:00,111348.07,111422.0,111102.28,111262.01,175.92186
2025-08-28 00:00:00+00:00,111262.01,111535.09,110948.25,111138.5,196.10799
2025-08-28 00:30:00+00:00,111138.5,111458.38,110862.42,111338.92,206.83674
2025-08-28 01:00:00+00:00,111338.93,111595.35,111334.89,111442.01,141.25839
2025-08-28 01:30:00+00:00,111442.01,111714.28,111424.91,111647.7,111.14782
2025-08-28 02:00:00+00:00,111647.71,111761.58,111468.77,111617.84,115.71132
2025-08-28 02:30:00+00:00,111617.84,111664.0,111446.07,111500.0,82.29445
2025-08-28 03:00:00+00:00,111499.99,111928.0,111408.0,111927.99,178.68068
2025-08-28 03:30:00+00:00,111927.99,112042.04,111861.41,112000.01,171.74043
2025-08-28 04:00:00+00:00,112000.0,112315.78,111945.07,112303.8,188.18916
2025-08-28 04:30:00+00:00,112303.79,113082.48,112284.13,112965.9,655.87204
2025-08-28 05:00:00+00:00,112965.89,113160.0,112819.41,112863.59,472.43036
2025-08-28 05:30:00+00:00,112863.59,112938.64,112702.13,112853.24,162.8699
2025-08-28 06:00:00+00:00,112853.24,112998.92,112716.0,112998.92,125.50398
2025-08-28 06:30:00+00:00,112998.92,113284.41,112950.47,113213.78,212.41637
2025-08-28 07:00:00+00:00,113213.79,113360.0,113120.64,113158.24,333.61183
2025-08-28 07:30:00+00:00,113158.23,113166.69,113005.92,113114.11,331.02498
2025-08-28 08:00:00+00:00,113114.11,113351.51,113049.52,113049.52,251.50778
2025-08-28 08:30:00+00:00,113049.53,113279.44,113006.66,113128.49,168.78447
2025-08-28 09:00:00+00:00,113128.49,113139.8,112909.17,112984.48,170.29383
2025-08-28 09:30:00+00:00,112984.48,112984.48,112850.4,112856.89,185.09106
2025-08-28 10:00:00+00:00,112856.89,113037.98,112826.22,112909.18,157.67225
2025-08-28 10:30:00+00:00,112909.17,113127.53,112909.17,113127.53,185.19652
2025-08-28 11:00:00+00:00,113127.53,113152.97,112933.03,112945.26,140.7729
2025-08-28 11:30:00+00:00,112945.27,113000.0,112850.0,112909.18,159.72455
2025-08-28 12:00:00+00:00,112909.18,112966.21,112821.95,112845.47,103.07244
2025-08-28 12:30:00+00:00,112845.46,113340.01,112781.68,113239.44,439.54073
2025-08-28 13:00:00+00:00,113239.44,113485.9,113030.0,113050.01,322.81123
2025-08-28 13:30:00+00:00,113050.01,113227.01,112575.43,112832.0,856.30593
2025-08-28 14:00:00+00:00,112832.75,113151.99,112632.43,112634.67,376.68447
2025-08-28 14:30:00+00:00,112634.66,113300.0,112528.15,113153.06,267.40788
2025-08-28 15:00:00+00:00,113153.07,113250.0,112443.95,112567.14,424.35336
2025-08-28 15:30:00+00:00,112567.14,112810.28,112391.56,112678.53,298.75746
2025-08-28 16:00:00+00:00,112678.53,113186.56,112636.5,113006.27,212.9284
2025-08-28 16:30:00+00:00,113006.27,113034.79,112329.44,112329.44,353.29544
2025-08-28 17:00:00+00:00,112329.44,112549.01,112215.32,112523.24,375.08692
2025-08-28 17:30:00+00:00,112523.23,112617.86,112355.0,112387.99,169.52114
2025-08-28 18:00:00+00:00,112388.0,112648.97,112230.76,112646.01,146.26601
2025-08-28 18:30:00+00:00,112646.01,112718.2,112307.28,112373.59,153.51778
2025-08-28 19:00:00+00:00,112373.58,112575.84,112180.0,112361.31,157.35506
2025-08-28 19:30:00+00:00,112361.31,112412.84,111901.35,111901.36,245.32624
2025-08-28 20:00:00+00:00,111901.36,112111.05,111872.06,112012.21,144.1379
2025-08-28 20:30:00+00:00,112012.22,112073.43,111902.49,111902.49,81.43381
2025-08-28 21:00:00+00:00,111902.5,112133.65,111900.0,111972.98,115.26887
2025-08-28 21:30:00+00:00,111972.98,112081.01,111908.0,112025.07,109.80793
2025-08-28 22:00:00+00:00,112025.07,112411.65,112025.06,112400.0,129.13625
2025-08-28 22:30:00+00:00,112399.99,112509.33,112337.16,112340.64,197.19879
2025-08-28 23:00:00+00:00,112340.64,112477.76,112305.15,112392.2,178.06944
2025-08-28 23:30:00+00:00,112392.21,112575.98,112336.78,112566.9,142.25416
2025-08-29 00:00:00+00:00,112566.9,112638.64,112328.7,112600.0,238.44529
2025-08-29 00:30:00+00:00,112600.0,112607.89,112129.13,112200.94,208.17656
2025-08-29 01:00:00+00:00,112200.94,112271.38,111425.28,111551.91,424.74418
2025-08-29 01:30:00+00:00,111551.92,111715.38,111444.06,111486.0,294.7198
2025-08-29 02:00:00+00:00,111486.0,111770.44,111407.48,111542.12,293.10596
2025-08-29 02:30:00+00:00,111542.13,111589.67,111361.35,111419.98,254.3936
2025-08-29 03:00:00+00:00,111419.98,111647.16,111302.27,111611.47,249.23162
2025-08-29 03:30:00+00:00,111611.46,111823.19,111568.01,111704.23,160.1892
2025-08-29 04:00:00+00:00,111704.24,111850.56,111605.82,111674.03,187.51792
2025-08-29 04:30:00+00:00,111674.02,111674.03,111420.87,111502.0,208.9817
2025-08-29 05:00:00+00:00,111502.01,111583.13,111252.82,111314.7,247.28733
2025-08-29 05:30:00+00:00,111314.7,111315.43,111133.64,111315.42,261.55048
2025-08-29 06:00:00+00:00,111315.42,111401.06,111000.0,111000.01,302.04618
2025-08-29 06:30:00+00:00,111000.01,111279.45,110955.41,111279.45,1126.64306
2025-08-29 07:00:00+00:00,111279.45,111279.45,110129.78,110141.14,1039.5892
2025-08-29 07:30:00+00:00,110141.13,110334.85,109899.99,110019.38,887.35593
2025-08-29 08:00:00+00:00,110019.38,110270.3,109933.0,110030.01,595.72763
2025-08-29 08:30:00+00:00,110030.01,110157.13,109610.0,109628.02,666.71075
2025-08-29 09:00:00+00:00,109628.02,109820.0,109414.18,109755.67,437.3966
2025-08-29 09:30:00+00:00,109755.67,109924.39,109650.0,109772.71,275.72185
2025-08-29 10:00:00+00:00,109772.71,110017.52,109750.0,109935.94,216.82008
2025-08-29 10:30:00+00:00,109935.93,110028.0,109852.63,110008.01,197.35581
2025-08-29 11:00:00+00:00,110008.0,110161.93,109915.0,110051.82,275.51688
2025-08-29 11:30:00+00:00,110051.82,110098.82,109835.29,110098.81,183.06066
2025-08-29 12:00:00+00:00,110098.81,110360.0,110070.73,110340.53,220.38087
2025-08-29 12:30:00+00:00,110340.52,111517.07,110340.52,110728.0,1333.40903
2025-08-29 13:00:00+00:00,110728.01,110780.57,110420.01,110503.36,244.36796
2025-08-29 13:30:00+00:00,110503.37,110568.52,108900.0,109106.14,1792.90777
2025-08-29 14:00:00+00:00,109106.14,109560.14,108300.0,108646.72,1612.01823
2025-08-29 14:30:00+00:00,108646.72,108855.0,108103.0,108198.67,759.44531
2025-08-29 15:00:00+00:00,108198.66,108727.38,108188.39,108357.99,1090.83091
2025-08-29 15:30:00+00:00,108358.0,108600.0,108210.76,108386.23,675.92032
2025-08-29 16:00:00+00:00,108386.23,108769.23,108140.0,108503.35,579.71832
2025-08-29 16:30:00+00:00,108503.34,108832.0,108500.02,108705.67,381.27429
2025-08-29 17:00:00+00:00,108705.68,108725.5,108155.73,108398.21,357.96461
2025-08-29 17:30:00+00:00,108398.21,108612.83,108332.0,108466.01,171.35952
2025-08-29 18:00:00+00:00,108466.01,108500.0,108101.07,108126.96,204.47989
2025-08-29 18:30:00+00:00,108126.96,108245.8,108102.68,108145.4,123.96212
2025-08-29 19:00:00+00:00,108145.4,108744.0,107934.24,108643.13,560.71234
2025-08-29 19:30:00+00:00,108643.14,108734.24,108172.53,108212.01,226.17429
2025-08-29 20:00:00+00:00,108212.01,108263.02,107710.0,107967.99,990.83639
2025-08-29 20:30:00+00:00,107968.0,107968.0,107506.0,107770.78,872.58195
2025-08-29 21:00:00+00:00,107770.78,107962.4,107463.9,107962.4,376.93673
2025-08-29 21:30:00+00:00,107962.39,108470.75,107962.39,108450.01,267.68694
2025-08-29 22:00:00+00:00,108450.0,108480.49,108275.13,108339.4,140.78751
2025-08-29 22:30:00+00:00,108339.39,108400.0,108207.79,108378.97,106.95325
2025-08-29 23:00:00+00:00,108378.98,108525.4,108341.89,108443.36,124.1405
2025-08-29 23:30:00+00:00,108443.36,108549.99,108322.79,108377.4,133.17313
2025-08-30 00:00:00+00:00,108377.4,108410.73,108223.26,108307.0,357.31175
2025-08-30 00:30:00+00:00,108307.0,108317.19,108139.49,108300.71,254.9018
2025-08-30 01:00:00+00:00,108300.7,108350.0,108022.57,108036.0,243.12614
2025-08-30 01:30:00+00:00,108035.99,108123.8,107350.1,107447.97,459.3564
2025-08-30 02:00:00+00:00,107447.97,107859.44,107384.0,107824.53,416.54792
2025-08-30 02:30:00+00:00,107824.53,107951.77,107782.0,107782.01,364.72544
2025-08-30 03:00:00+00:00,107782.01,108307.69,107769.48,108231.2,549.98943
2025-08-30 03:30:00+00:00,108231.2,108436.21,108231.19,108436.2,598.17848
2025-08-30 04:00:00+00:00,108436.21,108697.28,108372.95,108639.19,906.80285
2025-08-30 04:30:00+00:00,108639.18,108643.93,108417.65,108435.59,546.71926
2025-08-30 05:00:00+00:00,108435.58,108480.71,108213.63,108216.85,290.25647
2025-08-30 05:30:00+00:00,108216.84,108443.84,108129.3,108347.2,279.41616
2025-08-30 06:00:00+00:00,108347.2,108554.73,108257.4,108264.36,176.35007
2025-08-30 06:30:00+00:00,108264.36,108324.27,108209.35,108320.0,158.30638
2025-08-30 07:00:00+00:00,108320.0,108378.98,108120.0,108274.22,289.33027
2025-08-30 07:30:00+00:00,108274.22,108524.26,108274.21,108524.26,405.14377
2025-08-30 08:00:00+00:00,108524.26,108777.43,108488.0,108727.25,186.01068
2025-08-30 08:30:00+00:00,108727.25,108727.26,108533.57,108568.0,101.41379
2025-08-30 09:00:00+00:00,108568.0,108604.82,108499.99,108533.9,118.34407
2025-08-30 09:30:00+00:00,108533.9,108592.55,108470.84,108517.63,171.68233
2025-08-30 10:00:00+00:00,108517.63,108690.49,108486.0,108690.49,244.93474
2025-08-30 10:30:00+00:00,108690.48,108690.49,108400.0,108425.99,182.82486
2025-08-30 11:00:00+00:00,108425.98,108540.73,108422.36,108540.73,162.1349
2025-08-30 11:30:00+00:00,108540.72,108714.35,108508.05,108680.01,249.60853
2025-08-30 12:00:00+00:00,108680.01,108680.01,108458.71,108502.94,151.23482
2025-08-30 12:30:00+00:00,108502.95,108614.86,108333.0,108614.86,205.28151
2025-08-30 13:00:00+00:00,108614.85,108614.86,108190.52,108418.4,312.51283
2025-08-30 13:30:00+00:00,108418.41,108531.14,108350.0,108531.14,240.2738
2025-08-30 14:00:00+00:00,108531.14,108550.0,108408.84,108549.99,85.55861
2025-08-30 14:30:00+00:00,108550.0,108740.16,108531.13,108661.99,199.50713
2025-08-30 15:00:00+00:00,108662.0,108865.49,108551.08,108773.99,159.00252
2025-08-30 15:30:00+00:00,108773.99,108926.15,108647.1,108869.98,187.1685
2025-08-30 16:00:00+00:00,108869.98,108869.98,108665.63,108726.64,179.91114
2025-08-30 16:30:00+00:00,108726.64,108879.96,108692.63,108815.72,106.58038
2025-08-30 17:00:00+00:00,108815.72,108898.17,108800.53,108838.34,94.57358
2025-08-30 17:30:00+00:00,108838.34,108856.93,108625.46,108784.71,68.76578
2025-08-30 18:00:00+00:00,108784.71,108814.46,108651.37,108698.37,51.99261
2025-08-30 18:30:00+00:00,108698.37,108839.13,108629.28,108739.72,57.16738
2025-08-30 19:00:00+00:00,108739.72,108808.37,108650.0,108808.36,57.15775
2025-08-30 19:30:00+00:00,108808.36,108900.0,108778.58,108828.33,61.43767
2025-08-30 20:00:00+00:00,108828.32,108838.27,108676.19,108773.31,68.40127
2025-08-30 20:30:00+00:00,108773.31,108773.31,108580.93,108648.0,100.05515
2025-08-30 21:00:00+00:00,108648.0,108682.81,108500.0,108619.38,100.61335
2025-08-30 21:30:00+00:00,108619.38,108622.14,108534.96,108588.67,61.50659
2025-08-30 22:00:00+00:00,108588.67,108595.9,108468.77,108551.59,83.8646
2025-08-30 22:30:00+00:00,108551.59,108567.88,108509.88,108531.12,75.50861
2025-08-30 23:00:00+00:00,108531.13,108730.99,108530.15,108700.01,134.43295
2025-08-30 23:30:00+00:00,108700.01,108816.34,108656.97,108816.33,152.46657
2025-08-31 00:00:00+00:00,108816.33,108883.01,108801.35,108880.89,255.9215
2025-08-31 00:30:00+00:00,108880.9,109400.0,108876.96,109389.08,512.01881
2025-08-31 01:00:00+00:00,109389.09,109410.28,109141.6,109334.01,238.34796
2025-08-31 01:30:00+00:00,109334.0,109480.02,109289.82,109429.01,218.34496
2025-08-31 02:00:00+00:00,109429.02,109439.54,109282.45,109325.86,163.24349
2025-08-31 02:30:00+00:00,109325.86,109325.86,109171.97,109224.87,64.24324
2025-08-31 03:00:00+00:00,109224.88,109335.91,109203.04,109221.09,189.70354
2025-08-31 03:30:00+00:00,109221.09,109378.93,109160.05,109223.84,115.00796
2025-08-31 04:00:00+00:00,109223.84,109231.41,108827.92,108834.0,157.78284
2025-08-31 04:30:00+00:00,108834.01,108865.57,108666.93,108816.32,251.86888
2025-08-31 05:00:00+00:00,108816.33,108816.33,108572.0,108583.72,197.06133
2025-08-31 05:30:00+00:00,108583.72,108769.56,108583.71,108756.85,100.76368
2025-08-31 06:00:00+00:00,108756.85,108778.27,108574.49,108578.95,108.1309
2025-08-31 06:30:00+00:00,108578.95,108742.84,108523.49,108716.65,101.76595
2025-08-31 07:00:00+00:00,108716.65,108829.17,108670.0,108693.44,183.04098
2025-08-31 07:30:00+00:00,108693.45,108794.34,108688.34,108708.26,76.84473
2025-08-31 08:00:00+00:00,108708.25,108922.59,108708.25,108897.65,102.74951
2025-08-31 08:30:00+00:00,108897.65,109030.51,108812.81,109011.67,114.98693
2025-08-31 09:00:00+00:00,109011.67,109100.0,108900.0,108900.0,93.25481
2025-08-31 09:30:00+00:00,108900.0,108912.74,108447.6,108507.68,251.29468
2025-08-31 10:00:00+00:00,108507.68,108552.18,108355.0,108452.79,361.97588
2025-08-31 10:30:00+00:00,108452.79,108628.63,108303.21,108560.23,277.95841
2025-08-31 11:00:00+00:00,108560.23,108597.19,108323.73,108530.56,176.23664
2025-08-31 11:30:00+00:00,108530.55,108553.99,108370.35,108389.76,212.43776
2025-08-31 12:00:00+00:00,108389.77,108445.81,108310.43,108398.68,338.34919
2025-08-31 12:30:00+00:00,108398.68,108486.13,108307.69,108309.2,299.38745
2025-08-31 13:00:00+00:00,108309.21,108451.45,108191.29,108294.74,369.02544
2025-08-31 13:30:00+00:00,108294.74,108434.57,108214.14,108418.02,306.02038
2025-08-31 14:00:00+00:00,108418.02,108469.5,108255.43,108374.99,298.65388
2025-08-31 14:30:00+00:00,108375.0,108515.68,108374.99,108467.33,183.90827
2025-08-31 15:00:00+00:00,108467.32,108698.46,108462.6,108568.74,372.97265
2025-08-31 15:30:00+00:00,108568.75,108858.43,108484.09,108818.69,273.57179
2025-08-31 16:00:00+00:00,108818.69,108866.01,108555.0,108698.51,293.04688
2025-08-31 16:30:00+00:00,108698.5,108978.0,108620.0,108922.79,273.13386
2025-08-31 17:00:00+00:00,108922.79,108982.8,108852.89,108957.27,116.94344
2025-08-31 17:30:00+00:00,108957.28,108993.88,108861.3,108993.87,125.16846
2025-08-31 18:00:00+00:00,108993.88,109120.08,108927.5,109009.54,159.3696
2025-08-31 18:30:00+00:00,109009.54,109237.51,109000.0,109146.62,104.79469
2025-08-31 19:00:00+00:00,109146.62,109167.84,108934.39,108968.52,93.57129
2025-08-31 19:30:00+00:00,108968.53,109114.99,108916.28,108930.0,66.47493
2025-08-31 20:00:00+00:00,108930.0,109106.11,108880.0,109065.58,121.49879
2025-08-31 20:30:00+00:00,109065.59,109118.0,108970.32,109117.99,69.04065
2025-08-31 21:00:00+00:00,109118.0,109118.0,108957.12,109024.8,93.56443
2025-08-31 21:30:00+00:00,109024.8,109106.11,109007.36,109037.29,62.65641
2025-08-31 22:00:00+00:00,109037.3,109230.0,108876.0,109181.55,140.90059
2025-08-31 22:30:00+00:00,109181.56,109181.56,108758.37,108900.46,104.99519
2025-08-31 23:00:00+00:00,108900.45,108917.36,108355.0,108387.96,273.37579
2025-08-31 23:30:00+00:00,108387.96,108416.35,108076.93,108246.35,424.10654
2025-09-01 00:00:00+00:00,108246.36,108332.35,107631.68,107823.71,708.29458
2025-09-01 00:30:00+00:00,107823.71,108406.18,107676.76,108222.37,370.52752
2025-09-01 01:00:00+00:00,108222.37,108355.0,107968.09,108241.63,197.23972
2025-09-01 01:30:00+00:00,108241.63,108482.98,107980.0,108150.24,273.9759
2025-09-01 02:00:00+00:00,108150.24,108197.67,107565.99,107688.19,463.80109
2025-09-01 02:30:00+00:00,107688.19,107732.96,107425.42,107617.05,406.01573
2025-09-01 03:00:00+00:00,107617.05,107769.94,107447.44,107505.21,379.60505
2025-09-01 03:30:00+00:00,107505.21,107722.49,107393.0,107660.01,406.88138
2025-09-01 04:00:00+00:00,107660.0,107759.99,107300.4,107467.42,400.73311
2025-09-01 04:30:00+00:00,107467.41,107467.41,107279.51,107409.1,245.09527
2025-09-01 05:00:00+00:00,107409.09,107732.04,107255.0,107715.74,391.95044
2025-09-01 05:30:00+00:00,107715.74,107987.4,107653.38,107866.12,155.84241
2025-09-01 06:00:00+00:00,107866.13,108036.81,107594.42,107936.76,232.18522
2025-09-01 06:30:00+00:00,107936.76,108128.0,107924.5,108064.75,152.40527
2025-09-01 07:00:00+00:00,108064.76,108444.0,107984.79,108436.12,309.64828
2025-09-01 07:30:00+00:00,108436.12,109432.99,108433.35,109432.99,1016.3128
2025-09-01 08:00:00+00:00,109432.99,109820.02,109424.0,109439.48,898.40342
2025-09-01 08:30:00+00:00,109439.48,109693.37,109439.47,109590.0,205.35311
2025-09-01 09:00:00+00:00,109590.0,109811.22,109485.57,109699.99,216.73371
2025-09-01 09:30:00+00:00,109700.0,109912.4,109486.0,109524.12,296.76956
2025-09-01 10:00:00+00:00,109524.13,109535.32,108848.11,108859.99,410.42726
2025-09-01 10:30:00+00:00,108860.0,108883.99,108186.41,108571.41,538.40052
2025-09-01 11:00:00+00:00,108571.42,108722.92,108464.0,108681.82,301.72874
2025-09-01 11:30:00+00:00,108681.82,108857.35,108491.87,108782.88,243.47493
2025-09-01 12:00:00+00:00,108782.89,108999.98,108635.39,108951.0,296.11925
2025-09-01 12:30:00+00:00,108951.0,109165.47,108905.0,109108.27,340.22595
2025-09-01 13:00:00+00:00,109108.27,109520.0,109049.69,109450.63,358.11569
2025-09-01 13:30:00+00:00,109450.64,109474.16,108936.44,109023.61,367.00737
2025-09-01 14:00:00+00:00,109023.61,109332.28,108980.0,109065.68,293.24995
2025-09-01 14:30:00+00:00,109065.69,109222.0,108824.82,109146.6,197.60437
2025-09-01 15:00:00+00:00,109146.59,109373.1,108650.01,108703.16,243.11457
2025-09-01 15:30:00+00:00,108703.15,108866.95,108566.0,108784.33,170.90798
2025-09-01 16:00:00+00:00,108784.33,109096.0,108653.09,108943.99,190.23279
2025-09-01 16:30:00+00:00,108944.0,109035.8,108706.0,108774.23,184.17322
2025-09-01 17:00:00+00:00,108774.23,108860.13,108391.3,108624.46,327.0708
2025-09-01 17:30:00+00:00,108624.45,108953.82,108515.36,108927.61,243.81774
2025-09-01 18:00:00+00:00,108927.61,109200.0,108921.17,109173.88,178.76081
2025-09-01 18:30:00+00:00,109173.88,109267.22,109004.0,109240.0,167.34587
2025-09-01 19:00:00+00:00,109240.0,109326.22,109169.67,109174.53,157.51831
2025-09-01 19:30:00+00:00,109174.53,109329.65,109160.27,109217.64,104.23095
2025-09-01 20:00:00+00:00,109217.65,109217.65,109008.81,109082.01,107.83148
2025-09-01 20:30:00+00:00,109082.01,109088.33,108284.0,108877.38,765.69874
2025-09-01 21:00:00+00:00,108877.39,108939.42,108098.51,108112.74,400.56388
2025-09-01 21:30:00+00:00,108112.74,108112.74,107459.49,107800.8,517.34854
2025-09-01 22:00:00+00:00,107800.8,108214.4,107588.01,108043.99,326.98085
2025-09-01 22:30:00+00:00,108044.0,108500.04,107948.12,108444.96,190.78809
2025-09-01 23:00:00+00:00,108444.96,108800.0,108428.45,108800.0,248.68905
2025-09-01 23:30:00+00:00,108799.99,109442.95,108680.0,109237.42,454.40092
2025-09-02 00:00:00+00:00,109237.43,109337.64,109030.17,109030.17,288.99602
2025-09-02 00:30:00+00:00,109030.16,109118.18,108883.8,109040.36,263.11105
2025-09-02 01:00:00+00:00,109040.36,109267.09,109021.01,109208.0,194.99983
2025-09-02 01:30:00+00:00,109208.0,109611.11,108993.0,109313.0,421.57688
2025-09-02 02:00:00+00:00,109313.0,109606.0,109171.78,109523.64,341.51649
2025-09-02 02:30:00+00:00,109523.65,110272.06,109452.16,110246.01,739.62383
2025-09-02 03:00:00+00:00,110246.0,110623.97,110060.12,110160.05,598.15202
2025-09-02 03:30:00+00:00,110160.04,110500.0,110120.38,110322.18,318.04396
2025-09-02 04:00:00+00:00,110322.19,110420.0,110218.14,110314.0,230.8907
2025-09-02 04:30:00+00:00,110314.01,110365.8,110143.62,110310.56,261.59079
2025-09-02 05:00:00+00:00,110310.56,110337.06,110045.01,110145.14,193.59533
2025-09-02 05:30:00+00:00,110145.14,110311.03,110113.24,110209.32,165.7593
2025-09-02 06:00:00+00:00,110209.33,110488.61,110173.96,110446.02,291.40241
2025-09-02 06:30:00+00:00,110446.01,110610.5,110339.0,110376.63,304.99365
2025-09-02 07:00:00+00:00,110376.63,110380.0,110160.9,110246.01,202.61684
2025-09-02 07:30:00+00:00,110246.0,110400.0,110000.0,110233.92,301.86706
2025-09-02 08:00:00+00:00,110233.91,110359.99,110052.27,110306.95,235.07232
2025-09-02 08:30:00+00:00,110306.94,110711.1,110108.96,110360.0,321.96395
2025-09-02 09:00:00+00:00,110360.01,110699.58,110271.15,110322.29,244.72109
2025-09-02 09:30:00+00:00,110322.28,110450.56,110256.94,110450.56,231.83087
2025-09-02 10:00:00+00:00,110450.56,110477.85,110244.0,110244.01,189.52338
2025-09-02 10:30:00+00:00,110244.0,110345.51,110128.13,110246.0,221.35531
2025-09-02 11:00:00+00:00,110246.0,110255.17,109874.6,109886.54,741.69908
2025-09-02 11:30:00+00:00,109886.54,109986.62,109563.87,109733.34,275.84991
2025-09-02 12:00:00+00:00,109733.33,109836.34,109300.0,109432.11,385.34987
2025-09-02 12:30:00+00:00,109432.11,109470.0,108393.39,108795.99,911.9773
2025-09-02 13:00:00+00:00,108796.0,109585.98,108733.88,109365.77,588.46451
2025-09-02 13:30:00+00:00,109365.78,111275.93,109038.99,111149.99,1892.74419
2025-09-02 14:00:00+00:00,111149.99,111540.0,110780.61,111483.87,1255.49838
2025-09-02 14:30:00+00:00,111483.87,111771.52,111129.57,111360.01,669.80478
2025-09-02 15:00:00+00:00,111360.0,111540.3,110952.0,111260.77,603.35733
2025-09-02 15:30:00+00:00,111261.28,111278.0,110628.85,110829.17,461.69681
2025-09-02 16:00:00+00:00,110829.16,111119.58,110469.7,110490.6,547.80017
2025-09-02 16:30:00+00:00,110490.6,110809.03,110490.59,110785.85,380.88015
2025-09-02 17:00:00+00:00,110785.85,110934.46,110628.85,110866.68,301.48935
2025-09-02 17:30:00+00:00,110866.69,111050.0,110688.6,110914.0,400.52237
2025-09-02 18:00:00+00:00,110914.01,110945.3,110388.04,110466.42,267.70416
2025-09-02 18:30:00+00:00,110466.42,110829.15,110200.0,110646.47,238.97695
2025-09-02 19:00:00+00:00,110646.47,110840.0,110456.58,110513.51,278.4071
2025-09-02 19:30:00+00:00,110513.51,110817.58,110441.42,110806.0,169.45012
2025-09-02 20:00:00+00:00,110806.01,111350.0,110716.77,111252.0,332.16038
2025-09-02 20:30:00+00:00,111251.99,111419.18,111096.17,111418.49,253.26808
2025-09-02 21:00:00+00:00,111418.49,111538.17,111254.25,111303.31,209.19537
2025-09-02 21:30:00+00:00,111303.31,111480.0,111129.57,111129.57,147.06591
2025-09-02 22:00:00+00:00,111129.58,111173.52,110870.27,111048.0,242.83984
2025-09-02 22:30:00+00:00,111047.99,111260.0,110976.56,111259.99,132.03108
2025-09-02 23:00:00+00:00,111260.0,111271.13,111056.03,111078.81,136.02213
2025-09-02 23:30:00+00:00,111078.81,111240.02,111017.79,111240.01,122.82916
2025-09-03 00:00:00+00:00,111240.01,111782.21,111240.01,111647.99,690.30056
2025-09-03 00:30:00+00:00,111647.99,111678.0,111300.0,111339.98,301.90225
2025-09-03 01:00:00+00:00,111339.98,111404.77,110926.69,110978.5,255.44398
2025-09-03 01:30:00+00:00,110978.5,111200.0,110901.06,111176.94,199.37265
2025-09-03 02:00:00+00:00,111176.93,111411.02,111029.43,111374.54,221.15378
2025-09-03 02:30:00+00:00,111374.54,111484.05,111195.67,111372.0,203.74553
2025-09-03 03:00:00+00:00,111372.0,111411.24,110976.01,111059.27,216.37436
2025-09-03 03:30:00+00:00,111059.27,111129.58,110892.14,111054.01,175.32382
2025-09-03 04:00:00+00:00,111054.0,111151.99,110836.48,111022.01,187.60245
2025-09-03 04:30:00+00:00,111022.02,111095.64,110971.69,111020.68,81.66557
2025-09-03 05:00:00+00:00,111020.68,111069.48,110709.6,110778.55,157.62292
2025-09-03 05:30:00+00:00,110778.55,110846.65,110666.0,110685.57,169.52669
2025-09-03 06:00:00+00:00,110685.57,110829.15,110549.8,110806.97,392.62653
2025-09-03 06:30:00+00:00,110806.98,110879.89,110673.63,110724.0,113.33985
2025-09-03 07:00:00+00:00,110724.0,110845.34,110528.71,110779.99,234.60729
2025-09-03 07:30:00+00:00,110780.0,111111.11,110780.0,111099.88,202.70843
2025-09-03 08:00:00+00:00,111099.87,111279.48,111054.0,111115.12,260.35743
2025-09-03 08:30:00+00:00,111115.12,111138.37,110974.0,111019.99,104.76828
2025-09-03 09:00:00+00:00,111019.99,111266.11,110889.29,111134.53,157.61722
2025-09-03 09:30:00+00:00,111134.54,111324.0,111104.73,111312.28,157.36287
2025-09-03 10:00:00+00:00,111312.28,111491.74,111170.06,111484.72,226.83709
2025-09-03 10:30:00+00:00,111484.72,111488.35,111318.83,111449.99,150.28925
2025-09-03 11:00:00+00:00,111450.0,111708.0,111419.17,111500.78,288.27997
2025-09-03 11:30:00+00:00,111500.77,111596.0,111388.24,111437.77,169.32497
2025-09-03 12:00:00+00:00,111437.77,111619.87,111437.77,111513.94,107.21459
2025-09-03 12:30:00+00:00,111513.94,111858.57,111031.61,111112.0,332.90176
2025-09-03 13:00:00+00:00,111112.0,111477.15,111065.56,111344.56,196.4063
2025-09-03 13:30:00+00:00,111344.55,111920.7,111104.01,111475.07,666.1651
2025-09-03 14:00:00+00:00,111475.08,111847.98,111118.43,111443.87,617.39168
2025-09-03 14:30:00+00:00,111443.86,112500.0,111443.86,112261.37,863.25212
2025-09-03 15:00:00+00:00,112261.37,112376.7,111910.24,111958.0,452.10917
2025-09-03 15:30:00+00:00,111957.99,112357.06,111931.35,112222.74,314.56415
2025-09-03 16:00:00+00:00,112222.73,112336.0,111900.0,111965.99,314.77804
2025-09-03 16:30:00+00:00,111965.99,112112.0,111686.24,111858.66,289.41872
2025-09-03 17:00:00+00:00,111858.65,112485.28,111858.65,112448.7,242.84206
2025-09-03 17:30:00+00:00,112448.71,112575.27,112259.05,112312.64,331.85651
2025-09-03 18:00:00+00:00,112312.64,112516.35,112121.58,112136.54,301.20026
2025-09-03 18:30:00+00:00,112136.53,112136.54,111800.0,112000.0,164.60279
2025-09-03 19:00:00+00:00,112000.0,112000.0,111781.63,111917.7,135.12573
2025-09-03 19:30:00+00:00,111917.71,112252.33,111792.5,112193.74,177.48462
2025-09-03 20:00:00+00:00,112193.74,112250.0,112052.1,112127.16,105.90717
2025-09-03 20:30:00+00:00,112127.17,112211.31,112080.0,112211.31,123.25146
2025-09-03 21:00:00+00:00,112211.3,112250.0,112045.73,112092.95,82.64387
2025-09-03 21:30:00+00:00,112092.96,112107.02,111759.5,111989.67,99.64419
2025-09-03 22:00:00+00:00,111989.68,112150.0,111953.24,111955.62,111.27172
2025-09-03 22:30:00+00:00,111955.62,111979.99,111839.86,111947.48,66.46292
2025-09-03 23:00:00+00:00,111947.47,111980.0,111775.21,111808.84,135.39426
2025-09-03 23:30:00+00:00,111808.85,111845.05,111613.98,111705.71,223.67791
2025-09-04 00:00:00+00:00,111705.72,112094.64,111619.86,112005.0,236.04601
2025-09-04 00:30:00+00:00,112005.0,112180.0,111955.7,112065.61,107.38022
2025-09-04 01:00:00+00:00,112065.6,112080.0,111641.63,111795.9,139.72063
2025-09-04 01:30:00+00:00,111795.9,112013.99,111778.55,111947.48,112.05094
2025-09-04 02:00:00+00:00,111947.48,111980.01,111430.45,111430.46,189.64983
2025-09-04 02:30:00+00:00,111430.45,111713.66,111406.79,111450.15,170.04549
2025-09-04 03:00:00+00:00,111450.16,111728.57,111319.68,111378.66,268.46785
2025-09-04 03:30:00+00:00,111378.66,111398.24,111136.0,111148.97,261.39806
2025-09-04 04:00:00+00:00,111148.97,111318.84,111114.22,111141.99,170.80105
2025-09-04 04:30:00+00:00,111141.66,111229.73,110917.45,110917.45,161.92922
2025-09-04 05:00:00+00:00,110917.46,110922.4,110612.09,110801.99,533.83552
2025-09-04 05:30:00+00:00,110802.0,110872.0,110569.36,110653.07,629.84823
2025-09-04 06:00:00+00:00,110653.08,110729.0,110384.61,110527.02,263.47139
2025-09-04 06:30:00+00:00,110527.02,110527.02,110279.68,110393.95,176.28175
2025-09-04 07:00:00+00:00,110393.95,110642.19,110359.17,110441.24,222.91766
2025-09-04 07:30:00+00:00,110441.24,110528.72,110343.72,110463.36,134.64322
2025-09-04 08:00:00+00:00,110463.36,110798.99,110415.72,110796.7,217.64074
2025-09-04 08:30:00+00:00,110796.7,110858.6,110616.41,110640.97,118.26483
2025-09-04 09:00:00+00:00,110640.96,110856.63,110640.96,110808.36,127.60306
2025-09-04 09:30:00+00:00,110808.36,110853.26,110736.34,110815.04,87.63072
2025-09-04 10:00:00+00:00,110815.05,111154.93,110772.34,110880.86,181.7372
2025-09-04 10:30:00+00:00,110880.85,111017.8,110628.85,110628.86,136.83784
2025-09-04 11:00:00+00:00,110628.86,111054.69,110546.48,110912.25,241.94051
2025-09-04 11:30:00+00:00,110912.26,111011.1,110800.0,110810.0,139.34636
2025-09-04 12:00:00+00:00,110810.0,111123.99,110768.33,110899.99,169.02318
2025-09-04 12:30:00+00:00,110899.99,111029.44,110532.73,110933.94,263.16859
2025-09-04 13:00:00+00:00,110933.94,110970.0,110707.05,110775.18,184.21107
2025-09-04 13:30:00+00:00,110775.17,110884.92,110217.13,110464.0,418.14023
2025-09-04 14:00:00+00:00,110463.99,110523.98,109705.48,109946.28,769.42076
2025-09-04 14:30:00+00:00,109946.28,110219.99,109839.74,109842.01,337.80866
2025-09-04 15:00:00+00:00,109842.01,109862.94,109329.12,109514.04,662.26817
2025-09-04 15:30:00+00:00,109514.04,109649.5,109373.61,109510.31,253.90996
2025-09-04 16:00:00+00:00,109510.32,109688.0,109400.02,109409.85,304.44777
2025-09-04 16:30:00+00:00,109409.85,109591.73,109363.26,109438.34,336.29217
2025-09-04 17:00:00+00:00,109438.35,109892.5,109428.98,109806.01,366.91719
2025-09-04 17:30:00+00:00,109806.02,109914.01,109612.97,109786.48,128.58449
2025-09-04 18:00:00+00:00,109786.48,110218.39,109786.47,109907.82,418.96214
2025-09-04 18:30:00+00:00,109907.82,110157.36,109699.15,109977.0,201.60979
2025-09-04 19:00:00+00:00,109977.0,110113.19,109914.0,109999.98,119.80525
2025-09-04 19:30:00+00:00,109999.98,110042.1,109713.31,109799.99,248.01615
2025-09-04 20:00:00+00:00,109800.0,110409.46,109755.59,110358.12,217.38676
2025-09-04 20:30:00+00:00,110358.11,110408.02,110264.66,110408.02,179.24688
2025-09-04 21:00:00+00:00,110408.01,110475.41,110328.96,110419.99,111.67777
2025-09-04 21:30:00+00:00,110419.99,110545.44,110401.45,110500.0,65.02269
2025-09-04 22:00:00+00:00,110500.01,110896.9,110484.95,110823.61,189.09127
2025-09-04 22:30:00+00:00,110823.6,111588.66,110738.7,111490.73,480.74709
2025-09-04 23:00:00+00:00,111490.74,111765.31,111118.14,111118.15,552.74447
2025-09-04 23:30:00+00:00,111118.15,111131.52,110605.72,110730.87,195.14453
2025-09-05 00:00:00+00:00,110730.87,110806.02,110532.45,110695.71,275.21476
2025-09-05 00:30:00+00:00,110695.72,110929.3,110435.75,110451.62,182.00697
2025-09-05 01:00:00+00:00,110451.63,110883.95,110451.63,110800.77,185.04671
2025-09-05 01:30:00+00:00,110800.77,111136.0,110788.0,111121.51,151.69961
2025-09-05 02:00:00+00:00,111121.51,111458.09,111040.79,111302.68,336.28907
2025-09-05 02:30:00+00:00,111302.68,111482.09,111234.74,111340.65,270.56361
2025-09-05 03:00:00+00:00,111340.64,111340.65,111118.14,111131.15,137.05951
2025-09-05 03:30:00+00:00,111131.15,111318.84,111096.67,111311.77,127.69556
2025-09-05 04:00:00+00:00,111311.78,111351.44,111144.51,111257.98,109.40767
2025-09-05 04:30:00+00:00,111257.99,111468.2,111257.99,111445.0,676.25328
2025-09-05 05:00:00+00:00,111445.0,111578.89,111407.57,111528.94,146.78839
2025-09-05 05:30:00+00:00,111528.94,111710.49,111513.24,111574.5,219.13529
2025-09-05 06:00:00+00:00,111574.51,111650.72,111501.94,111543.68,195.03993
2025-09-05 06:30:00+00:00,111543.69,111914.53,111543.68,111911.99,240.95091
2025-09-05 07:00:00+00:00,111912.0,112888.0,111883.49,112708.55,1201.63629
2025-09-05 07:30:00+00:00,112708.55,112999.0,112629.99,112954.32,691.96355
2025-09-05 08:00:00+00:00,112954.32,112985.0,112651.05,112733.6,437.9608
2025-09-05 08:30:00+00:00,112733.6,112798.89,112605.37,112618.51,174.5853
2025-09-05 09:00:00+00:00,112618.51,112619.98,112190.48,112215.91,320.54832
2025-09-05 09:30:00+00:00,112215.91,112399.23,112131.02,112303.87,351.83489
2025-09-05 10:00:00+00:00,112303.87,112571.9,112191.4,112270.0,255.24849
2025-09-05 10:30:00+00:00,112269.99,112417.88,112256.36,112256.36,146.14796
2025-09-05 11:00:00+00:00,112256.36,112439.36,112138.15,112347.17,169.42257
2025-09-05 11:30:00+00:00,112347.17,112378.12,112280.75,112354.0,101.08051
2025-09-05 12:00:00+00:00,112354.0,112687.2,112254.66,112611.26,310.78555
2025-09-05 12:30:00+00:00,112611.27,113384.62,112040.0,113214.78,2591.26423
2025-09-05 13:00:00+00:00,113214.78,113278.81,112870.78,112942.01,624.61819
2025-09-05 13:30:00+00:00,112942.01,113310.01,112706.71,113084.16,1469.29113
2025-09-05 14:00:00+00:00,113084.16,113084.16,110917.45,110996.0,2191.96036
2025-09-05 14:30:00+00:00,110996.0,111118.15,110487.65,110569.99,1401.9183
2025-09-05 15:00:00+00:00,110569.99,110992.0,110286.91,110884.89,885.38493
2025-09-05 15:30:00+00:00,110884.88,111017.8,110666.0,110716.82,330.66718
2025-09-05 16:00:00+00:00,110716.82,110801.0,110537.99,110725.1,287.74446
2025-09-05 16:30:00+00:00,110725.1,110929.3,110689.75,110815.4,163.02446
2025-09-05 17:00:00+00:00,110815.4,110815.4,110535.35,110679.15,206.72717
2025-09-05 17:30:00+00:00,110679.14,110686.77,110206.96,110608.18,354.9143
2025-09-05 18:00:00+00:00,110608.19,111060.0,110569.43,111056.01,246.82156
2025-09-05 18:30:00+00:00,111056.02,111285.35,111027.1,111198.78,271.50552
2025-09-05 19:00:00+00:00,111198.77,111394.27,111125.8,111367.22,237.16333
2025-09-05 19:30:00+00:00,111367.22,111627.51,111155.19,111614.54,399.19339
2025-09-05 20:00:00+00:00,111614.54,111679.79,111299.98,111379.88,403.20184
2025-09-05 20:30:00+00:00,111379.88,111630.31,111302.29,111630.3,185.7761
2025-09-05 21:00:00+00:00,111630.31,111700.0,110375.6,110965.16,929.38414
2025-09-05 21:30:00+00:00,110965.16,111060.0,110605.0,110605.01,536.57172
2025-09-05 22:00:00+00:00,110605.01,110690.0,110500.0,110679.98,172.16235
2025-09-05 22:30:00+00:00,110679.98,110917.46,110679.97,110800.0,105.91323
2025-09-05 23:00:00+00:00,110800.01,110859.49,110712.81,110733.12,65.19699
2025-09-05 23:30:00+00:00,110733.12,110749.38,110594.79,110659.99,112.6385
2025-09-06 00:00:00+00:00,110660.0,110716.77,110552.56,110677.98,112.76307
2025-09-06 00:30:00+00:00,110677.98,110833.32,110676.07,110779.7,122.23794
2025-09-06 01:00:00+00:00,110779.7,110859.78,110744.08,110803.2,85.32313
2025-09-06 01:30:00+00:00,110803.21,110917.46,110782.52,110867.7,100.99141
2025-09-06 02:00:00+00:00,110867.71,110910.0,110733.11,110741.99,55.76719
2025-09-06 02:30:00+00:00,110742.0,111216.25,110741.99,111216.15,128.33448
2025-09-06 03:00:00+00:00,111216.14,111307.7,111109.39,111250.01,110.14395
2025-09-06 03:30:00+00:00,111250.01,111250.01,111000.12,111082.22,84.62101
2025-09-06 04:00:00+00:00,111082.23,111082.23,110783.7,110817.99,274.38198
2025-09-06 04:30:00+00:00,110817.99,110970.49,110783.7,110876.12,79.25022
2025-09-06 05:00:00+00:00,110876.12,110876.13,110704.62,110740.0,91.72887
2025-09-06 05:30:00+00:00,110740.0,110817.11,110687.69,110714.0,59.93999
2025-09-06 06:00:00+00:00,110714.0,110787.12,110714.0,110787.12,44.04371
2025-09-06 06:30:00+00:00,110787.11,110817.11,110752.83,110752.83,52.19716
2025-09-06 07:00:00+00:00,110752.84,110817.0,110750.64,110816.99,41.2448
2025-09-06 07:30:00+00:00,110817.0,110829.15,110800.0,110825.6,45.19733
2025-09-06 08:00:00+00:00,110825.59,110834.01,110774.46,110784.01,31.73844
2025-09-06 08:30:00+00:00,110784.01,110968.0,110784.0,110952.76,59.37111
2025-09-06 09:00:00+00:00,110952.77,110952.77,110698.94,110698.94,140.43493
2025-09-06 09:30:00+00:00,110698.94,110825.93,110693.86,110695.06,53.31181
2025-09-06 10:00:00+00:00,110695.06,110804.62,110677.3,110740.0,76.42168
2025-09-06 10:30:00+00:00,110740.0,110773.62,110715.99,110773.62,81.07581
2025-09-06 11:00:00+00:00,110773.62,110773.62,110675.58,110675.59,84.43866
2025-09-06 11:30:00+00:00,110675.58,110868.8,110675.58,110781.02,95.10967
2025-09-06 12:00:00+00:00,110781.03,110874.13,110753.97,110787.75,84.24437
2025-09-06 12:30:00+00:00,110787.76,110898.7,110757.83,110832.58,74.52554
2025-09-06 13:00:00+00:00,110832.59,110917.46,110822.0,110898.78,47.8417
2025-09-06 13:30:00+00:00,110898.78,110947.91,110828.28,110936.82,106.81649
2025-09-06 14:00:00+00:00,110936.82,110999.83,110880.7,110896.1,83.72599
2025-09-06 14:30:00+00:00,110896.09,110896.1,110781.96,110807.77,60.99031
2025-09-06 15:00:00+00:00,110807.78,110840.0,110694.56,110756.33,103.79444
2025-09-06 15:30:00+00:00,110756.34,110784.44,110358.11,110384.15,324.07058
2025-09-06 16:00:00+00:00,110384.16,110402.0,109977.0,110215.04,671.25477
2025-09-06 16:30:00+00:00,110215.04,110303.2,110040.0,110267.99,205.70467
2025-09-06 17:00:00+00:00,110267.99,110275.5,110145.0,110145.0,102.48028
2025-09-06 17:30:00+00:00,110145.0,110215.04,110000.0,110157.41,99.72842
2025-09-06 18:00:00+00:00,110157.41,110250.0,110110.81,110203.84,85.13309
2025-09-06 18:30:00+00:00,110203.85,110285.65,110056.29,110228.0,75.82936
2025-09-06 19:00:00+00:00,110228.01,110260.0,110128.2,110160.0,73.27709
2025-09-06 19:30:00+00:00,110160.01,110179.86,110000.0,110038.41,78.25291
2025-09-06 20:00:00+00:00,110038.42,110088.37,110034.44,110072.67,82.07151
2025-09-06 20:30:00+00:00,110072.67,110167.01,110059.25,110167.0,58.01869
2025-09-06 21:00:00+00:00,110167.01,110215.03,110149.15,110173.88,87.94632
2025-09-06 21:30:00+00:00,110173.88,110205.82,110093.14,110201.0,80.4888
2025-09-06 22:00:00+00:00,110200.99,110238.12,110173.38,110174.2,83.94229
2025-09-06 22:30:00+00:00,110174.2,110177.55,110074.95,110170.55,75.23036
2025-09-06 23:00:00+00:00,110170.54,110282.82,110113.96,110264.0,82.25265
2025-09-06 23:30:00+00:00,110263.99,110264.0,110184.0,110187.97,62.60999
2025-09-07 00:00:00+00:00,110187.98,110254.63,110180.0,110240.65,148.7683
2025-09-07 00:30:00+00:00,110240.65,110367.37,110207.24,110356.75,125.35248
2025-09-07 01:00:00+00:00,110356.74,110538.28,110332.81,110498.79,149.76584
2025-09-07 01:30:00+00:00,110498.79,110587.86,110462.01,110546.66,102.00099
2025-09-07 02:00:00+00:00,110546.66,110546.66,110444.43,110519.88,122.29112
2025-09-07 02:30:00+00:00,110519.87,110692.52,110500.74,110666.24,108.90966
2025-09-07 03:00:00+00:00,110666.24,110728.0,110596.71,110709.99,120.41745
2025-09-07 03:30:00+00:00,110710.0,110733.12,110603.99,110629.15,71.13208
2025-09-07 04:00:00+00:00,110629.15,110638.0,110510.66,110545.82,80.03234
2025-09-07 04:30:00+00:00,110545.82,110557.77,110489.96,110557.76,60.40164
2025-09-07 05:00:00+00:00,110557.77,110695.98,110557.76,110695.97,92.34018
2025-09-07 05:30:00+00:00,110695.98,110699.0,110634.52,110649.44,71.23384
2025-09-07 06:00:00+00:00,110649.45,110665.35,110571.71,110571.71,86.26928
2025-09-07 06:30:00+00:00,110571.72,110595.82,110472.33,110504.15,109.44734
2025-09-07 07:00:00+00:00,110504.14,110696.0,110463.1,110666.4,94.72532
2025-09-07 07:30:00+00:00,110666.41,110911.42,110666.41,110753.42,278.29717
2025-09-07 08:00:00+00:00,110753.41,111303.42,110720.01,111235.81,314.94111
2025-09-07 08:30:00+00:00,111235.8,111377.19,111056.56,111071.25,209.31773
2025-09-07 09:00:00+00:00,111071.25,111248.2,111028.37,111172.24,173.00471
2025-09-07 09:30:00+00:00,111172.25,111172.25,110876.88,111115.98,132.63304
2025-09-07 10:00:00+00:00,111115.99,111196.51,111041.87,111041.87,64.38539
2025-09-07 10:30:00+00:00,111041.88,111237.97,111041.87,111225.02,88.42845
2025-09-07 11:00:00+00:00,111225.03,111289.96,111207.6,111268.73,86.04899
2025-09-07 11:30:00+00:00,111268.73,111292.13,111189.75,111292.13,145.65364
2025-09-07 12:00:00+00:00,111292.12,111292.13,111073.17,111129.31,100.8238
2025-09-07 12:30:00+00:00,111129.31,111224.86,111084.0,111115.92,71.0749
2025-09-07 13:00:00+00:00,111115.92,111115.93,111042.6,111103.82,72.30622
2025-09-07 13:30:00+00:00,111103.82,111231.6,111103.82,111214.62,87.46483
2025-09-07 14:00:00+00:00,111214.63,111412.0,111059.57,111143.91,200.70755
2025-09-07 14:30:00+00:00,111143.9,111264.02,111106.08,111145.59,136.93522
2025-09-07 15:00:00+00:00,111145.59,111329.87,111120.56,111311.83,74.22872
2025-09-07 15:30:00+00:00,111311.83,111373.43,111260.02,111329.99,93.98261
2025-09-07 16:00:00+00:00,111329.99,111371.35,111205.0,111216.01,132.95836
2025-09-07 16:30:00+00:00,111216.01,111274.45,111152.15,111202.02,90.95061
2025-09-07 17:00:00+00:00,111202.02,111237.86,110917.45,110966.12,162.13552
2025-09-07 17:30:00+00:00,110966.12,111117.81,110888.07,110962.83,164.68651
2025-09-07 18:00:00+00:00,110962.84,111041.53,110944.99,110955.04,105.65263
2025-09-07 18:30:00+00:00,110955.04,111063.0,110861.2,111053.76,114.1486
2025-09-07 19:00:00+00:00,111053.77,111218.49,111049.05,111132.89,86.71116
2025-09-07 19:30:00+00:00,111132.89,111293.99,111125.38,111259.99,83.24187
2025-09-07 20:00:00+00:00,111259.99,111343.46,111162.45,111213.55,104.11414
2025-09-07 20:30:00+00:00,111213.56,111371.26,111147.25,111330.3,74.8799
2025-09-07 21:00:00+00:00,111330.31,111330.31,111180.73,111180.73,45.69513
2025-09-07 21:30:00+00:00,111180.74,111204.23,111050.14,111050.14,37.29609
2025-09-07 22:00:00+00:00,111050.14,111327.5,111001.45,111327.5,150.82911
2025-09-07 22:30:00+00:00,111327.5,111364.4,111083.17,111250.01,120.12286
2025-09-07 23:00:00+00:00,111250.01,111600.0,111250.0,111464.51,153.11797
2025-09-07 23:30:00+00:00,111464.5,111496.73,111076.92,111137.34,181.43704
2025-09-08 00:00:00+00:00,111137.35,111244.0,110978.42,111231.32,191.20566
2025-09-08 00:30:00+00:00,111231.32,111293.26,110733.71,110837.96,362.33982
2025-09-08 01:00:00+00:00,110837.95,110928.0,110731.71,110803.86,180.84286
2025-09-08 01:30:00+00:00,110803.86,110994.58,110777.0,110890.57,171.40852
2025-09-08 02:00:00+00:00,110890.58,110929.3,110621.78,110863.14,143.91364
2025-09-08 02:30:00+00:00,110863.13,111372.0,110837.25,111240.0,220.19516
2025-09-08 03:00:00+00:00,111239.99,111349.24,111029.43,111142.99,253.42476
2025-09-08 03:30:00+00:00,111143.0,111346.09,111026.91,111052.11,178.14043
2025-09-08 04:00:00+00:00,111052.11,111135.77,110950.0,111135.76,217.86822
2025-09-08 04:30:00+00:00,111135.76,111218.49,110929.3,110979.35,100.61539
2025-09-08 05:00:00+00:00,110979.35,111061.05,110929.29,110950.04,80.68178
2025-09-08 05:30:00+00:00,110950.04,111045.96,110899.69,111027.16,108.57487
2025-09-08 06:00:00+00:00,111027.15,111197.86,110917.45,111153.64,91.33942
2025-09-08 06:30:00+00:00,111153.65,111185.13,111109.63,111113.26,65.24225
2025-09-08 07:00:00+00:00,111113.26,111573.74,111113.25,111502.34,362.67481
2025-09-08 07:30:00+00:00,111502.34,111609.04,111229.72,111280.39,303.12839
2025-09-08 08:00:00+00:00,111280.4,111624.08,111252.9,111594.94,201.46412
2025-09-08 08:30:00+00:00,111594.94,111910.48,111543.18,111684.25,665.62788
2025-09-08 09:00:00+00:00,111684.26,112062.0,111591.06,111842.98,376.70152
2025-09-08 09:30:00+00:00,111842.97,112095.0,111763.44,112094.99,318.55215
2025-09-08 10:00:00+00:00,112094.99,112155.67,111920.89,112146.02,260.46151
2025-09-08 10:30:00+00:00,112146.02,112186.98,111963.18,112048.0,388.36334
2025-09-08 11:00:00+00:00,112048.0,112048.01,111811.11,111826.02,338.93759
2025-09-08 11:30:00+00:00,111826.01,112121.59,111754.31,112052.43,173.57975
2025-09-08 12:00:00+00:00,112052.43,112085.56,111934.24,111947.4,161.95423
2025-09-08 12:30:00+00:00,111947.4,112153.9,111942.1,112034.51,131.0577
2025-09-08 13:00:00+00:00,112034.5,112370.3,112034.5,112196.39,481.86576
2025-09-08 13:30:00+00:00,112196.39,112368.54,111877.64,111906.55,638.42175
2025-09-08 14:00:00+00:00,111906.56,112298.92,111888.0,112249.77,367.4218
2025-09-08 14:30:00+00:00,112249.77,112779.5,112248.07,112645.05,622.53394
2025-09-08 15:00:00+00:00,112645.06,112924.37,112600.0,112838.03,355.06053
2025-09-08 15:30:00+00:00,112838.02,112839.56,112526.61,112631.75,259.90777
2025-09-08 16:00:00+00:00,112631.74,112670.06,112293.18,112642.42,280.08803
2025-09-08 16:30:00+00:00,112642.42,112652.28,112294.97,112398.0,213.84521
2025-09-08 17:00:00+00:00,112398.01,112531.6,112209.17,112518.12,284.31512
2025-09-08 17:30:00+00:00,112518.11,112531.6,112075.2,112214.4,176.96383
2025-09-08 18:00:00+00:00,112214.41,112439.35,112184.97,112385.2,146.44648
2025-09-08 18:30:00+00:00,112385.19,112515.59,112257.46,112477.01,149.87795
2025-09-08 19:00:00+00:00,112477.01,112477.01,112150.0,112201.19,173.22887
2025-09-08 19:30:00+00:00,112201.18,112239.32,111978.67,112097.31,257.04909
2025-09-08 20:00:00+00:00,112097.31,112153.07,111969.76,112031.5,116.09164
2025-09-08 20:30:00+00:00,112031.51,112040.03,111896.0,111958.04,172.78462
2025-09-08 21:00:00+00:00,111958.04,112154.25,111930.73,112103.32,160.96564
2025-09-08 21:30:00+00:00,112103.31,112331.32,112103.31,112326.45,112.57806
2025-09-08 22:00:00+00:00,112326.45,112512.71,112315.84,112322.71,160.58584
2025-09-08 22:30:00+00:00,112322.71,112396.94,112210.91,112236.71,113.63239
2025-09-08 23:00:00+00:00,112236.71,112305.03,112131.02,112131.03,104.87528
2025-09-08 23:30:00+00:00,112131.04,112133.27,111989.0,112065.23,185.56674
2025-09-09 00:00:00+00:00,112065.23,112104.41,111621.0,111665.22,386.77556
2025-09-09 00:30:00+00:00,111665.21,111820.56,111459.87,111650.03,333.70643
2025-09-09 01:00:00+00:00,111650.03,111748.54,111258.3,111377.97,281.8949
2025-09-09 01:30:00+00:00,111377.97,111492.3,111295.54,111364.73,238.62667
2025-09-09 02:00:00+00:00,111364.73,111394.82,111111.0,111301.23,341.93141
2025-09-09 02:30:00+00:00,111301.23,111442.95,111218.48,111330.71,194.08904
2025-09-09 03:00:00+00:00,111330.72,111555.14,111234.16,111555.13,179.10488
2025-09-09 03:30:00+00:00,111555.14,111740.61,111483.44,111708.0,135.64149
2025-09-09 04:00:00+00:00,111708.01,112110.99,111624.12,111945.08,244.71763
2025-09-09 04:30:00+00:00,111945.08,112080.0,111784.36,112024.01,303.70656
2025-09-09 05:00:00+00:00,112024.01,112055.84,111851.52,111955.71,158.26464
2025-09-09 05:30:00+00:00,111955.72,112248.84,111942.24,112200.0,140.44098
2025-09-09 06:00:00+00:00,112200.01,112824.0,112151.16,112622.57,454.13124
2025-09-09 06:30:00+00:00,112622.58,113156.65,112622.57,113022.61,626.59027
2025-09-09 07:00:00+00:00,113022.62,113250.0,112966.82,113232.0,558.4826
2025-09-09 07:30:00+00:00,113232.0,113293.29,112753.61,112991.11,420.26048
2025-09-09 08:00:00+00:00,112991.11,113113.45,112900.0,113079.86,221.88516
2025-09-09 08:30:00+00:00,113079.87,113176.51,112886.93,112992.69,302.46652
2025-09-09 09:00:00+00:00,112992.69,113057.99,112920.87,113000.0,197.06643
2025-09-09 09:30:00+00:00,112999.99,113000.0,112900.0,112966.54,170.37041
2025-09-09 10:00:00+00:00,112966.54,113040.0,112645.59,112698.72,227.47395
2025-09-09 10:30:00+00:00,112698.73,112908.99,112635.38,112732.62,404.46026
2025-09-09 11:00:00+00:00,112732.62,112800.0,112637.56,112697.61,184.10761
2025-09-09 11:30:00+00:00,112697.62,112697.62,112403.91,112433.59,141.08988
2025-09-09 12:00:00+00:00,112433.59,112824.0,112393.4,112782.93,219.4711
2025-09-09 12:30:00+00:00,112782.93,112816.88,112572.52,112671.76,177.61235
2025-09-09 13:00:00+00:00,112671.76,112832.04,112470.18,112809.3,276.12565
2025-09-09 13:30:00+00:00,112809.06,112932.18,112658.5,112760.58,380.48774
2025-09-09 14:00:00+00:00,112760.58,112950.0,112010.0,112320.24,1106.04061
2025-09-09 14:30:00+00:00,112320.23,112320.23,111511.11,111767.45,852.46504
2025-09-09 15:00:00+00:00,111767.45,111847.23,111300.0,111303.84,646.94546
2025-09-09 15:30:00+00:00,111303.83,111303.84,110766.66,110880.76,1002.98446
2025-09-09 16:00:00+00:00,110880.76,111148.17,110788.0,110950.74,661.77677
2025-09-09 16:30:00+00:00,110950.74,111058.5,110929.29,110975.99,146.84815
2025-09-09 17:00:00+00:00,110975.99,111193.39,110898.28,110926.5,235.67792
2025-09-09 17:30:00+00:00,110926.51,111143.04,110902.08,111025.44,304.08025
2025-09-09 18:00:00+00:00,111025.43,111298.16,110900.02,111185.06,324.0344
2025-09-09 18:30:00+00:00,111185.07,111200.0,111049.51,111131.92,171.586
2025-09-09 19:00:00+00:00,111131.92,111277.26,111124.17,111257.8,124.82242
2025-09-09 19:30:00+00:00,111257.81,111388.04,111257.8,111301.53,152.66936
2025-09-09 20:00:00+00:00,111301.53,111352.47,111090.07,111145.71,434.86958
2025-09-09 20:30:00+00:00,111145.71,111530.16,111099.35,111530.16,326.16031
2025-09-09 21:00:00+00:00,111530.15,111745.69,111354.64,111404.41,362.57434
2025-09-09 21:30:00+00:00,111404.41,111507.54,111270.75,111299.61,101.28924
2025-09-09 22:00:00+00:00,111299.61,111530.16,111266.11,111418.12,89.69244
2025-09-09 22:30:00+00:00,111418.12,111630.31,111370.55,111556.16,117.88243
2025-09-09 23:00:00+00:00,111556.15,111583.81,111362.94,111445.59,130.55712
2025-09-09 23:30:00+00:00,111445.59,111568.59,111367.66,111546.39,185.34434
2025-09-10 00:00:00+00:00,111546.38,111572.57,111140.0,111194.01,255.73673
2025-09-10 00:30:00+00:00,111194.01,111306.33,110942.33,111010.46,235.14998
2025-09-10 01:00:00+00:00,111010.47,111224.53,110945.45,110946.66,221.57873
2025-09-10 01:30:00+00:00,110946.66,111103.18,110917.45,111005.64,198.15126
2025-09-10 02:00:00+00:00,111005.63,111472.48,111005.63,111356.65,252.79608
2025-09-10 02:30:00+00:00,111356.64,111551.04,111322.0,111411.13,239.71265
2025-09-10 03:00:00+00:00,111411.13,111586.26,111372.08,111419.56,146.7165
2025-09-10 03:30:00+00:00,111419.55,111545.89,111419.55,111545.88,117.20079
2025-09-10 04:00:00+00:00,111545.88,111647.38,111410.83,111592.81,111.48514
2025-09-10 04:30:00+00:00,111592.81,111620.0,111463.6,111520.43,192.64321
2025-09-10 05:00:00+00:00,111520.43,111629.23,111404.4,111611.85,229.76271
2025-09-10 05:30:00+00:00,111611.84,111729.65,111372.42,111577.31,207.23607
2025-09-10 06:00:00+00:00,111577.31,111800.0,111396.08,111755.59,207.22795
2025-09-10 06:30:00+00:00,111755.59,111969.57,111681.52,111792.33,296.57958
2025-09-10 07:00:00+00:00,111792.34,112295.96,111760.69,112232.17,458.69649
2025-09-10 07:30:00+00:00,112232.16,112602.35,112088.0,112553.65,773.62745
2025-09-10 08:00:00+00:00,112553.65,112859.8,112438.09,112679.61,698.33531
2025-09-10 08:30:00+00:00,112679.61,112679.62,112336.28,112370.08,307.0456
2025-09-10 09:00:00+00:00,112370.07,112428.29,112097.2,112319.32,399.70951
2025-09-10 09:30:00+00:00,112319.32,112413.71,112210.14,112274.29,219.92224
2025-09-10 10:00:00+00:00,112274.29,112408.17,112199.19,112399.22,338.89471
2025-09-10 10:30:00+00:00,112399.21,112422.63,112264.64,112270.01,193.21067
2025-09-10 11:00:00+00:00,112270.0,112409.49,112259.48,112319.76,226.45475
2025-09-10 11:30:00+00:00,112319.76,112319.77,112148.49,112299.99,196.02457
2025-09-10 12:00:00+00:00,112300.0,112718.04,112299.99,112580.0,467.40687
2025-09-10 12:30:00+00:00,112580.0,113550.14,112556.5,113413.51,2333.36062
2025-09-10 13:00:00+00:00,113413.5,113821.59,113392.37,113666.43,974.688
2025-09-10 13:30:00+00:00,113666.66,114313.13,113384.61,113952.0,1137.53855
2025-09-10 14:00:00+00:00,113951.99,114295.63,113894.82,114087.96,553.82867
2025-09-10 14:30:00+00:00,114087.96,114192.79,113802.14,113899.99,481.45588
2025-09-10 15:00:00+00:00,113900.0,114095.66,113755.2,113862.77,398.36169
2025-09-10 15:30:00+00:00,113862.78,113933.93,113723.21,113853.99,284.08046
2025-09-10 16:00:00+00:00,113853.99,113936.99,113625.93,113677.16,319.55172
2025-09-10 16:30:00+00:00,113677.16,113782.01,113553.74,113759.89,257.84154
2025-09-10 17:00:00+00:00,113759.88,114074.46,113427.66,113482.01,357.7514
2025-09-10 17:30:00+00:00,113482.01,113787.0,113415.2,113738.01,259.90227
2025-09-10 18:00:00+00:00,113738.01,113896.94,113347.39,113390.27,418.05455
2025-09-10 18:30:00+00:00,113390.27,113654.71,113356.97,113584.85,270.91357
2025-09-10 19:00:00+00:00,113584.84,113617.09,113155.03,113231.6,287.72069
2025-09-10 19:30:00+00:00,113231.59,113609.38,113180.74,113574.52,456.73297
2025-09-10 20:00:00+00:00,113574.53,113900.0,113566.02,113744.1,503.42421
2025-09-10 20:30:00+00:00,113744.1,113790.95,113553.26,113566.39,107.65236
2025-09-10 21:00:00+00:00,113566.4,113815.08,113528.01,113704.29,133.98257
2025-09-10 21:30:00+00:00,113704.28,113845.18,113666.29,113842.53,122.1899
2025-09-10 22:00:00+00:00,113842.54,113992.39,113842.53,113944.94,147.87079
2025-09-10 22:30:00+00:00,113944.94,113944.94,113713.63,113881.2,116.37505
2025-09-10 23:00:00+00:00,113881.21,114025.78,113818.83,113818.83,87.85781
2025-09-10 23:30:00+00:00,113818.84,114013.43,113788.0,113960.0,314.97741
2025-09-11 00:00:00+00:00,113960.0,114008.87,113795.66,113828.08,303.18058
2025-09-11 00:30:00+00:00,113828.08,113917.77,113669.82,113885.7,129.39292
2025-09-11 01:00:00+00:00,113885.7,114176.66,113835.78,113980.01,225.00444
2025-09-11 01:30:00+00:00,113980.01,114086.43,113831.33,113903.23,155.80576
2025-09-11 02:00:00+00:00,113903.23,113948.82,113729.85,113729.85,104.48062
2025-09-11 02:30:00+00:00,113729.85,113953.99,113716.0,113819.02,126.02911
2025-09-11 03:00:00+00:00,113819.02,114165.92,113819.01,114121.04,192.0205
2025-09-11 03:30:00+00:00,114121.03,114434.23,114035.48,114400.01,360.71486
2025-09-11 04:00:00+00:00,114400.01,114400.01,114139.23,114228.67,272.58108
2025-09-11 04:30:00+00:00,114228.68,114242.29,114071.81,114158.29,216.72522
2025-09-11 05:00:00+00:00,114158.29,114220.0,113966.46,114117.47,307.97709
2025-09-11 05:30:00+00:00,114117.47,114348.52,114117.46,114266.0,281.99783
2025-09-11 06:00:00+00:00,114266.0,114273.92,114076.92,114266.0,187.66254
2025-09-11 06:30:00+00:00,114265.99,114459.65,114261.29,114324.64,222.14662
2025-09-11 07:00:00+00:00,114324.65,114326.52,113957.2,114070.77,229.01722
2025-09-11 07:30:00+00:00,114070.76,114233.98,114025.78,114083.58,236.03525
2025-09-11 08:00:00+00:00,114083.58,114180.65,113972.0,114162.03,174.61066
2025-09-11 08:30:00+00:00,114162.03,114200.0,114025.77,114049.39,132.9421
2025-09-11 09:00:00+00:00,114049.39,114075.11,113857.52,113976.73,269.81412
2025-09-11 09:30:00+00:00,113976.72,113976.73,113776.0,113895.29,160.42007
2025-09-11 10:00:00+00:00,113895.3,114017.1,113891.45,113977.46,204.19476
2025-09-11 10:30:00+00:00,113977.46,114119.4,113955.4,114062.32,169.72952
2025-09-11 11:00:00+00:00,114062.31,114112.0,113923.75,113923.75,176.06823
2025-09-11 11:30:00+00:00,113923.75,114000.0,113887.98,113999.99,224.82387
2025-09-11 12:00:00+00:00,113999.99,114484.36,113999.99,114380.61,727.65659
2025-09-11 12:30:00+00:00,114380.61,114500.0,113500.0,113975.99,1644.49811
2025-09-11 13:00:00+00:00,113975.99,114011.43,113430.0,113719.28,730.92722
2025-09-11 13:30:00+00:00,113719.27,114715.02,113683.5,114628.08,727.92279
2025-09-11 14:00:00+00:00,114630.06,114667.45,113927.6,114154.7,397.01402
2025-09-11 14:30:00+00:00,114154.7,114600.85,114110.33,114463.73,362.28915
2025-09-11 15:00:00+00:00,114463.73,114699.25,114375.89,114395.24,291.59258
2025-09-11 15:30:00+00:00,114395.23,114514.0,113996.19,114180.31,261.79291
2025-09-11 16:00:00+00:00,114180.32,114459.65,114180.31,114364.31,150.04833
2025-09-11 16:30:00+00:00,114364.3,114588.98,114358.07,114487.53,150.29861
2025-09-11 17:00:00+00:00,114487.53,114564.18,114328.52,114459.64,229.86051
2025-09-11 17:30:00+00:00,114459.64,114593.29,114459.64,114589.84,142.71332
2025-09-11 18:00:00+00:00,114589.84,114605.54,114102.0,114215.75,280.79496
2025-09-11 18:30:00+00:00,114215.75,114238.42,114192.08,114192.09,7.76655
