timestamp,open,high,low,close,volume
2025-01-01 00:00:00+00:00,3337.78,3353.37,3335.84,3349.43,3468.8412
2025-01-01 00:30:00+00:00,3349.43,3365.71,3349.01,3363.7,5425.6032
2025-01-01 01:00:00+00:00,3363.69,3366.4,3351.11,3352.79,3194.7627
2025-01-01 01:30:00+00:00,3352.8,3358.28,3342.67,3346.54,2943.3749
2025-01-01 02:00:00+00:00,3346.54,3354.57,3346.35,3349.94,2427.4568
2025-01-01 02:30:00+00:00,3349.94,3368.42,3349.93,3362.61,6348.3532
2025-01-01 03:00:00+00:00,3362.61,3363.72,3351.64,3354.51,2400.9077
2025-01-01 03:30:00+00:00,3354.51,3357.15,3351.0,3355.2,1624.5569
2025-01-01 04:00:00+00:00,3355.2,3356.61,3346.03,3348.21,2310.6164
2025-01-01 04:30:00+00:00,3348.21,3350.36,3339.45,3341.14,2316.0342
2025-01-01 05:00:00+00:00,3341.14,3351.18,3340.02,3350.01,1479.0803
2025-01-01 05:30:00+00:00,3350.01,3351.57,3344.32,3345.41,1767.9818
2025-01-01 06:00:00+00:00,3345.41,3348.0,3339.01,3344.0,2045.602
2025-01-01 06:30:00+00:00,3344.0,3346.61,3336.88,3346.6,4279.5471
2025-01-01 07:00:00+00:00,3346.61,3346.61,3339.35,3341.59,3904.9375
2025-01-01 07:30:00+00:00,3341.58,3350.49,3341.03,3347.12,1964.4836
2025-01-01 08:00:00+00:00,3347.11,3348.84,3331.56,3337.85,3319.339
2025-01-01 08:30:00+00:00,3337.85,3342.66,3333.3,3337.01,5150.6361
2025-01-01 09:00:00+00:00,3337.0,3341.0,3313.88,3322.34,15263.6222
2025-01-01 09:30:00+00:00,3322.38,3335.0,3319.6,3334.64,3459.0702
2025-01-01 10:00:00+00:00,3334.83,3338.82,3328.55,3332.96,3725.4846
2025-01-01 10:30:00+00:00,3332.96,3337.29,3325.7,3326.69,1969.4656
2025-01-01 11:00:00+00:00,3326.69,3335.6,3323.71,3335.6,3349.8305
2025-01-01 11:30:00+00:00,3335.6,3348.35,3334.41,3341.0,3382.7522
2025-01-01 12:00:00+00:00,3341.01,3351.54,3338.58,3350.75,3024.7265
2025-01-01 12:30:00+00:00,3350.74,3352.31,3344.32,3347.46,2842.1688
2025-01-01 13:00:00+00:00,3347.46,3353.5,3332.51,3336.29,3963.3467
2025-01-01 13:30:00+00:00,3336.28,3343.77,3334.63,3343.37,2668.885
2025-01-01 14:00:00+00:00,3343.37,3359.37,3337.28,3337.58,5466.6804
2025-01-01 14:30:00+00:00,3337.47,3349.74,3328.2,3345.86,5262.3008
2025-01-01 15:00:00+00:00,3345.86,3351.0,3333.42,3338.8,3621.4539
2025-01-01 15:30:00+00:00,3338.8,3355.91,3337.5,3352.93,4050.1781
2025-01-01 16:00:00+00:00,3352.93,3357.19,3343.36,3345.07,5298.2453
2025-01-01 16:30:00+00:00,3345.07,3346.27,3332.26,3338.68,4599.5417
2025-01-01 17:00:00+00:00,3338.68,3340.0,3323.03,3334.01,3705.7051
2025-01-01 17:30:00+00:00,3334.01,3344.81,3332.26,3343.7,2539.9168
2025-01-01 18:00:00+00:00,3343.71,3345.0,3333.26,3338.82,2906.1906
2025-01-01 18:30:00+00:00,3338.81,3352.0,3338.52,3348.57,4665.7341
2025-01-01 19:00:00+00:00,3348.57,3354.38,3343.15,3345.0,4179.2298
2025-01-01 19:30:00+00:00,3345.0,3364.14,3337.92,3356.55,8070.2961
2025-01-01 20:00:00+00:00,3356.56,3362.07,3352.0,3354.25,5474.5487
2025-01-01 20:30:00+00:00,3354.26,3362.6,3352.08,3360.4,3573.9194
2025-01-01 21:00:00+00:00,3360.41,3371.39,3353.76,3367.82,5094.4262
2025-01-01 21:30:00+00:00,3367.81,3369.22,3359.64,3368.39,3188.8191
2025-01-01 22:00:00+00:00,3368.39,3374.85,3359.0,3368.78,5277.3747
2025-01-01 22:30:00+00:00,3368.77,3369.33,3359.3,3361.63,7117.7488
2025-01-01 23:00:00+00:00,3361.63,3366.79,3354.53,3356.5,3557.0073
2025-01-01 23:30:00+00:00,3356.5,3361.99,3352.66,3360.38,2567.8023
2025-01-02 00:00:00+00:00,3360.39,3394.98,3354.5,3385.04,11257.1741
2025-01-02 00:30:00+00:00,3385.03,3400.0,3376.04,3389.92,14096.2754
2025-01-02 01:00:00+00:00,3389.91,3405.6,3389.75,3392.57,7732.8665
2025-01-02 01:30:00+00:00,3392.57,3392.62,3377.72,3383.92,4309.5888
2025-01-02 02:00:00+00:00,3383.93,3393.57,3378.0,3389.16,3155.7039
2025-01-02 02:30:00+00:00,3389.15,3398.5,3381.63,3398.49,3493.8583
2025-01-02 03:00:00+00:00,3398.49,3401.99,3387.23,3394.39,3616.1313
2025-01-02 03:30:00+00:00,3394.38,3394.91,3387.32,3388.55,4536.8997
2025-01-02 04:00:00+00:00,3388.54,3395.13,3388.0,3389.28,7188.7734
2025-01-02 04:30:00+00:00,3389.28,3427.54,3388.01,3417.69,14074.8427
2025-01-02 05:00:00+00:00,3417.69,3419.14,3403.99,3416.04,4327.5985
2025-01-02 05:30:00+00:00,3416.04,3418.25,3406.27,3412.39,4754.6663
2025-01-02 06:00:00+00:00,3412.4,3415.68,3402.13,3403.3,3204.8003
2025-01-02 06:30:00+00:00,3403.3,3412.0,3402.27,3410.37,3559.4088
2025-01-02 07:00:00+00:00,3410.37,3420.0,3408.79,3418.05,4059.244
2025-01-02 07:30:00+00:00,3418.04,3422.0,3414.23,3420.05,4209.8607
2025-01-02 08:00:00+00:00,3420.06,3433.0,3416.75,3418.29,6523.4125
2025-01-02 08:30:00+00:00,3418.3,3442.62,3414.21,3437.93,6257.6508
2025-01-02 09:00:00+00:00,3437.92,3445.99,3434.4,3445.46,6755.4139
2025-01-02 09:30:00+00:00,3445.47,3470.0,3438.66,3467.95,10220.4855
2025-01-02 10:00:00+00:00,3467.94,3476.0,3457.99,3471.17,7235.4179
2025-01-02 10:30:00+00:00,3471.16,3475.51,3463.83,3468.81,5940.1294
2025-01-02 11:00:00+00:00,3468.81,3471.96,3456.87,3465.54,4798.5385
2025-01-02 11:30:00+00:00,3465.55,3475.0,3465.21,3471.18,3726.5836
2025-01-02 12:00:00+00:00,3471.18,3481.13,3469.84,3471.74,6860.707
2025-01-02 12:30:00+00:00,3471.74,3481.14,3465.93,3480.48,4853.2832
2025-01-02 13:00:00+00:00,3480.48,3484.4,3459.44,3468.53,11069.0589
2025-01-02 13:30:00+00:00,3468.53,3474.48,3461.0,3465.85,6427.3675
2025-01-02 14:00:00+00:00,3465.86,3467.49,3440.38,3462.58,14282.181
2025-01-02 14:30:00+00:00,3462.58,3509.99,3459.68,3495.19,34185.3726
2025-01-02 15:00:00+00:00,3495.15,3496.26,3457.88,3469.55,12871.6027
2025-01-02 15:30:00+00:00,3469.54,3472.0,3456.52,3463.51,9568.3851
2025-01-02 16:00:00+00:00,3463.52,3484.46,3448.6,3480.53,12192.885
2025-01-02 16:30:00+00:00,3480.53,3491.19,3468.18,3469.54,7878.8308
2025-01-02 17:00:00+00:00,3469.54,3478.95,3462.51,3463.39,5428.5642
2025-01-02 17:30:00+00:00,3463.38,3463.52,3428.99,3450.46,13895.6447
2025-01-02 18:00:00+00:00,3450.42,3463.0,3440.21,3458.69,5317.943
2025-01-02 18:30:00+00:00,3458.69,3465.53,3449.0,3465.24,5379.846
2025-01-02 19:00:00+00:00,3465.23,3474.69,3460.84,3470.65,5512.4795
2025-01-02 19:30:00+00:00,3470.65,3470.65,3459.13,3463.18,3518.8916
2025-01-02 20:00:00+00:00,3463.18,3475.28,3463.18,3468.78,3102.9607
2025-01-02 20:30:00+00:00,3468.78,3470.55,3452.04,3453.0,4127.9434
2025-01-02 21:00:00+00:00,3453.0,3455.93,3443.01,3452.96,4005.038
2025-01-02 21:30:00+00:00,3452.97,3455.14,3448.0,3454.2,2449.6958
2025-01-02 22:00:00+00:00,3454.2,3454.2,3421.79,3434.78,5882.9806
2025-01-02 22:30:00+00:00,3434.82,3444.19,3432.28,3440.61,3214.7322
2025-01-02 23:00:00+00:00,3440.6,3451.48,3437.49,3450.81,5180.0982
2025-01-02 23:30:00+00:00,3450.8,3456.99,3448.0,3455.67,2391.0709
2025-01-03 00:00:00+00:00,3455.68,3466.3,3446.75,3462.83,4491.8953
2025-01-03 00:30:00+00:00,3462.83,3466.54,3447.79,3449.22,2495.3074
2025-01-03 01:00:00+00:00,3449.22,3458.5,3442.62,3458.5,2897.594
2025-01-03 01:30:00+00:00,3458.5,3465.59,3449.4,3464.83,4187.2177
2025-01-03 02:00:00+00:00,3464.83,3477.03,3460.5,3474.95,5653.6179
2025-01-03 02:30:00+00:00,3474.95,3474.95,3457.04,3457.95,3837.8453
2025-01-03 03:00:00+00:00,3457.96,3463.52,3456.02,3460.01,2792.0957
2025-01-03 03:30:00+00:00,3460.01,3472.89,3458.6,3470.16,4021.7086
2025-01-03 04:00:00+00:00,3470.17,3470.94,3460.39,3461.79,2302.8441
2025-01-03 04:30:00+00:00,3461.78,3462.97,3456.0,3458.38,2418.6079
2025-01-03 05:00:00+00:00,3458.39,3460.51,3444.81,3449.08,3180.9556
2025-01-03 05:30:00+00:00,3449.09,3457.2,3446.72,3455.98,2098.0383
2025-01-03 06:00:00+00:00,3455.98,3461.51,3446.61,3449.01,3207.7106
2025-01-03 06:30:00+00:00,3449.01,3452.47,3442.0,3442.6,2859.6582
2025-01-03 07:00:00+00:00,3442.59,3444.4,3433.0,3435.73,5967.7513
2025-01-03 07:30:00+00:00,3435.72,3441.1,3432.44,3433.27,4399.1695
2025-01-03 08:00:00+00:00,3433.27,3442.51,3430.24,3431.53,5277.4216
2025-01-03 08:30:00+00:00,3431.54,3436.11,3423.44,3430.2,4586.4342
2025-01-03 09:00:00+00:00,3430.2,3446.42,3429.11,3444.57,4222.7081
2025-01-03 09:30:00+00:00,3444.58,3450.85,3441.12,3443.62,4196.7102
2025-01-03 10:00:00+00:00,3443.63,3447.4,3438.59,3446.05,3024.0617
2025-01-03 10:30:00+00:00,3446.05,3452.0,3444.12,3446.01,3019.1494
2025-01-03 11:00:00+00:00,3446.0,3457.43,3446.0,3457.01,3076.8623
2025-01-03 11:30:00+00:00,3457.02,3468.01,3455.03,3465.62,5833.972
2025-01-03 12:00:00+00:00,3465.61,3474.49,3461.26,3473.48,5391.6399
2025-01-03 12:30:00+00:00,3473.4,3476.53,3462.87,3463.83,3943.7442
2025-01-03 13:00:00+00:00,3463.83,3498.38,3463.51,3486.17,13228.7983
2025-01-03 13:30:00+00:00,3486.16,3492.94,3479.04,3481.85,7200.8275
2025-01-03 14:00:00+00:00,3481.86,3513.6,3481.61,3511.99,13315.1491
2025-01-03 14:30:00+00:00,3511.99,3536.64,3507.21,3527.19,27089.6157
2025-01-03 15:00:00+00:00,3527.19,3544.88,3520.09,3539.31,15470.3965
2025-01-03 15:30:00+00:00,3539.32,3576.0,3535.95,3565.13,27957.2631
2025-01-03 16:00:00+00:00,3565.14,3596.59,3565.14,3581.69,22987.7467
2025-01-03 16:30:00+00:00,3581.69,3598.8,3580.0,3584.28,13450.3109
2025-01-03 17:00:00+00:00,3584.28,3593.45,3573.6,3577.81,7050.9189
2025-01-03 17:30:00+00:00,3577.81,3586.01,3574.9,3575.47,10006.3581
2025-01-03 18:00:00+00:00,3575.47,3600.0,3574.08,3599.99,6297.9031
2025-01-03 18:30:00+00:00,3599.99,3617.5,3597.64,3605.59,15620.7961
2025-01-03 19:00:00+00:00,3605.59,3625.65,3602.24,3620.86,9945.8295
2025-01-03 19:30:00+00:00,3620.85,3630.0,3616.5,3622.83,6287.8889
2025-01-03 20:00:00+00:00,3622.82,3623.44,3600.0,3612.43,7668.9092
2025-01-03 20:30:00+00:00,3612.43,3614.13,3600.0,3600.57,5004.408
2025-01-03 21:00:00+00:00,3600.57,3615.27,3595.0,3613.69,5570.229
2025-01-03 21:30:00+00:00,3613.68,3616.69,3606.05,3614.39,3704.9177
2025-01-03 22:00:00+00:00,3614.38,3624.38,3610.21,3620.9,6584.0543
2025-01-03 22:30:00+00:00,3620.89,3622.7,3612.97,3616.18,2488.816
2025-01-03 23:00:00+00:00,3616.19,3617.72,3606.86,3607.36,3626.6099
2025-01-03 23:30:00+00:00,3607.35,3610.29,3604.63,3609.01,4098.5929
2025-01-04 00:00:00+00:00,3609.0,3620.86,3604.04,3616.5,4534.721
2025-01-04 00:30:00+00:00,3616.5,3616.5,3601.81,3602.41,4185.6253
2025-01-04 01:00:00+00:00,3602.42,3604.11,3579.92,3594.24,9578.8477
2025-01-04 01:30:00+00:00,3594.23,3598.59,3590.14,3596.27,3049.0598
2025-01-04 02:00:00+00:00,3596.28,3597.77,3583.68,3585.43,2954.3334
2025-01-04 02:30:00+00:00,3585.43,3600.0,3582.88,3596.4,2845.647
2025-01-04 03:00:00+00:00,3596.4,3600.42,3591.0,3594.1,2383.7171
2025-01-04 03:30:00+00:00,3594.1,3599.6,3591.71,3597.97,2527.6008
2025-01-04 04:00:00+00:00,3597.98,3597.98,3588.0,3588.01,3290.5652
2025-01-04 04:30:00+00:00,3588.0,3591.48,3584.16,3591.47,2855.1803
2025-01-04 05:00:00+00:00,3591.48,3594.99,3586.71,3594.69,2273.0899
2025-01-04 05:30:00+00:00,3594.69,3597.01,3589.04,3596.65,4486.0168
2025-01-04 06:00:00+00:00,3596.66,3607.13,3595.8,3601.71,6035.1519
2025-01-04 06:30:00+00:00,3601.7,3602.14,3595.2,3600.61,2020.4191
2025-01-04 07:00:00+00:00,3600.61,3609.81,3598.56,3604.49,3884.3226
2025-01-04 07:30:00+00:00,3604.5,3604.97,3593.2,3594.04,4542.7191
2025-01-04 08:00:00+00:00,3594.05,3603.62,3590.01,3595.69,4054.9648
2025-01-04 08:30:00+00:00,3595.69,3601.55,3585.0,3585.01,4359.7079
2025-01-04 09:00:00+00:00,3585.01,3595.58,3583.73,3593.84,3244.003
2025-01-04 09:30:00+00:00,3593.84,3594.17,3584.14,3589.55,2691.4372
2025-01-04 10:00:00+00:00,3589.55,3592.57,3572.42,3580.16,4379.3338
2025-01-04 10:30:00+00:00,3580.16,3588.17,3579.42,3588.09,1775.7793
2025-01-04 11:00:00+00:00,3588.08,3593.24,3585.0,3588.3,2396.4672
2025-01-04 11:30:00+00:00,3588.3,3605.57,3587.14,3602.01,3769.7068
2025-01-04 12:00:00+00:00,3602.01,3644.4,3600.62,3635.97,11812.6694
2025-01-04 12:30:00+00:00,3635.97,3643.71,3622.52,3635.52,7896.9038
2025-01-04 13:00:00+00:00,3635.53,3649.04,3626.32,3638.49,7995.8393
2025-01-04 13:30:00+00:00,3638.49,3649.66,3629.75,3644.0,7199.5572
2025-01-04 14:00:00+00:00,3644.0,3647.03,3634.2,3639.61,6534.098
2025-01-04 14:30:00+00:00,3639.6,3643.69,3633.1,3636.99,4062.8801
2025-01-04 15:00:00+00:00,3637.0,3663.25,3623.91,3636.41,10173.3266
2025-01-04 15:30:00+00:00,3636.41,3636.74,3592.06,3607.81,19271.8931
2025-01-04 16:00:00+00:00,3607.81,3628.23,3601.62,3621.23,7240.3434
2025-01-04 16:30:00+00:00,3621.23,3625.97,3610.0,3622.09,5978.7629
2025-01-04 17:00:00+00:00,3622.09,3632.2,3620.01,3623.21,3711.8854
2025-01-04 17:30:00+00:00,3623.2,3634.1,3620.78,3633.31,3731.1173
2025-01-04 18:00:00+00:00,3633.32,3644.54,3630.0,3635.65,3667.74
2025-01-04 18:30:00+00:00,3635.64,3636.98,3619.61,3626.73,2274.2722
2025-01-04 19:00:00+00:00,3626.73,3639.39,3624.24,3631.1,2658.2159
2025-01-04 19:30:00+00:00,3631.11,3636.1,3627.51,3631.14,2356.4146
2025-01-04 20:00:00+00:00,3631.13,3649.57,3631.13,3646.01,3598.5228
2025-01-04 20:30:00+00:00,3646.01,3668.0,3643.5,3660.47,8189.6415
2025-01-04 21:00:00+00:00,3660.47,3671.6,3656.0,3664.02,7639.3148
2025-01-04 21:30:00+00:00,3664.02,3667.6,3654.73,3658.11,2821.2788
2025-01-04 22:00:00+00:00,3658.12,3659.47,3646.0,3647.76,3227.206
2025-01-04 22:30:00+00:00,3647.77,3662.92,3647.76,3660.09,2610.4921
2025-01-04 23:00:00+00:00,3660.08,3665.75,3651.12,3658.92,3053.1752
2025-01-04 23:30:00+00:00,3658.91,3663.48,3655.58,3656.88,3442.3459
2025-01-05 00:00:00+00:00,3656.88,3675.25,3651.03,3661.3,4870.3737
2025-01-05 00:30:00+00:00,3661.3,3666.84,3648.32,3650.11,2850.8716
2025-01-05 01:00:00+00:00,3650.11,3651.35,3641.57,3643.28,3336.1277
2025-01-05 01:30:00+00:00,3643.28,3643.81,3631.28,3636.78,3915.7526
2025-01-05 02:00:00+00:00,3636.79,3645.37,3635.0,3641.54,1912.1968
2025-01-05 02:30:00+00:00,3641.54,3642.0,3635.81,3641.41,2027.892
2025-01-05 03:00:00+00:00,3641.42,3641.56,3632.92,3634.77,1844.7124
2025-01-05 03:30:00+00:00,3634.78,3637.79,3629.66,3637.79,2412.8626
2025-01-05 04:00:00+00:00,3637.79,3650.44,3637.17,3647.01,3567.2544
2025-01-05 04:30:00+00:00,3647.01,3649.4,3642.83,3644.3,1699.9872
2025-01-05 05:00:00+00:00,3644.31,3644.31,3632.41,3638.84,1639.6199
2025-01-05 05:30:00+00:00,3638.83,3641.49,3631.14,3632.65,1926.1542
2025-01-05 06:00:00+00:00,3632.65,3637.5,3629.0,3634.79,1288.5325
2025-01-05 06:30:00+00:00,3634.8,3641.83,3634.8,3639.08,1205.4212
2025-01-05 07:00:00+00:00,3639.09,3641.26,3631.98,3633.49,1679.4704
2025-01-05 07:30:00+00:00,3633.48,3635.33,3630.2,3631.56,1527.4153
2025-01-05 08:00:00+00:00,3631.55,3633.29,3607.35,3618.98,7515.7121
2025-01-05 08:30:00+00:00,3618.98,3624.15,3617.03,3620.01,2546.5054
2025-01-05 09:00:00+00:00,3620.0,3623.4,3614.74,3615.64,2406.0851
2025-01-05 09:30:00+00:00,3615.63,3621.61,3605.0,3609.46,4528.6788
2025-01-05 10:00:00+00:00,3609.49,3617.11,3603.33,3610.18,3787.0739
2025-01-05 10:30:00+00:00,3610.19,3618.12,3608.24,3615.62,2603.1485
2025-01-05 11:00:00+00:00,3615.61,3620.96,3610.71,3614.34,3502.9981
2025-01-05 11:30:00+00:00,3614.34,3615.3,3609.61,3613.47,2199.4354
2025-01-05 12:00:00+00:00,3613.46,3620.27,3605.0,3614.87,3994.9524
2025-01-05 12:30:00+00:00,3614.87,3622.82,3611.45,3614.08,2031.4855
2025-01-05 13:00:00+00:00,3614.13,3623.36,3613.5,3622.57,2331.8794
2025-01-05 13:30:00+00:00,3622.57,3627.5,3612.74,3614.65,2985.3121
2025-01-05 14:00:00+00:00,3614.67,3617.31,3593.7,3604.94,10461.9814
2025-01-05 14:30:00+00:00,3604.94,3628.15,3599.21,3623.11,5662.9199
2025-01-05 15:00:00+00:00,3623.12,3638.77,3619.43,3625.0,5634.0533
2025-01-05 15:30:00+00:00,3625.0,3636.69,3625.0,3629.6,4964.2717
2025-01-05 16:00:00+00:00,3629.6,3641.12,3626.81,3634.59,5794.5278
2025-01-05 16:30:00+00:00,3634.6,3635.42,3624.51,3628.01,2808.8557
2025-01-05 17:00:00+00:00,3628.02,3637.8,3626.52,3637.79,1899.8465
2025-01-05 17:30:00+00:00,3637.79,3648.11,3622.47,3627.81,5657.05
2025-01-05 18:00:00+00:00,3627.81,3629.51,3613.04,3622.11,4579.5888
2025-01-05 18:30:00+00:00,3622.11,3632.91,3621.0,3630.75,2009.0472
2025-01-05 19:00:00+00:00,3630.75,3639.67,3626.51,3634.35,3278.5645
2025-01-05 19:30:00+00:00,3634.35,3637.79,3631.75,3637.78,1704.8735
2025-01-05 20:00:00+00:00,3637.78,3656.88,3634.0,3645.94,4807.3558
2025-01-05 20:30:00+00:00,3645.94,3646.75,3629.5,3635.77,2811.3002
2025-01-05 21:00:00+00:00,3635.77,3643.7,3634.13,3639.71,2259.333
2025-01-05 21:30:00+00:00,3639.71,3648.4,3638.79,3645.66,1826.2067
2025-01-05 22:00:00+00:00,3645.65,3645.86,3634.78,3645.59,2465.3742
2025-01-05 22:30:00+00:00,3645.59,3649.49,3637.64,3645.32,2391.8356
2025-01-05 23:00:00+00:00,3645.32,3656.0,3633.0,3638.58,4103.6352
2025-01-05 23:30:00+00:00,3638.58,3644.76,3633.86,3635.99,2185.6419
2025-01-06 00:00:00+00:00,3636.0,3655.62,3628.42,3641.66,4342.9958
2025-01-06 00:30:00+00:00,3641.67,3646.48,3621.15,3621.74,4295.5434
2025-01-06 01:00:00+00:00,3621.74,3627.38,3610.63,3623.49,5251.467
2025-01-06 01:30:00+00:00,3623.49,3655.58,3622.8,3648.84,4831.9886
2025-01-06 02:00:00+00:00,3648.83,3682.28,3645.01,3663.77,14744.2563
2025-01-06 02:30:00+00:00,3663.77,3684.03,3657.77,3658.46,9740.3273
2025-01-06 03:00:00+00:00,3658.45,3671.65,3654.3,3670.02,3650.5909
2025-01-06 03:30:00+00:00,3670.02,3675.0,3662.25,3664.92,3458.3969
2025-01-06 04:00:00+00:00,3664.92,3678.79,3662.85,3664.27,3911.0064
2025-01-06 04:30:00+00:00,3664.21,3675.79,3660.01,3672.68,4148.5414
2025-01-06 05:00:00+00:00,3672.67,3689.49,3667.29,3688.11,4836.6236
2025-01-06 05:30:00+00:00,3688.11,3698.04,3677.0,3680.61,8601.5303
2025-01-06 06:00:00+00:00,3680.61,3684.98,3668.11,3669.21,4564.9872
2025-01-06 06:30:00+00:00,3669.22,3678.0,3665.61,3666.22,4995.6621
2025-01-06 07:00:00+00:00,3666.22,3668.45,3642.6,3650.04,8711.1027
2025-01-06 07:30:00+00:00,3650.04,3655.4,3644.76,3650.75,4235.9141
2025-01-06 08:00:00+00:00,3650.75,3662.73,3643.7,3650.04,5312.0927
2025-01-06 08:30:00+00:00,3650.05,3650.05,3636.41,3640.9,6516.091
2025-01-06 09:00:00+00:00,3640.89,3650.0,3640.89,3643.55,3461.843
2025-01-06 09:30:00+00:00,3643.54,3646.44,3640.38,3644.75,4070.9276
2025-01-06 10:00:00+00:00,3644.75,3646.48,3633.0,3641.07,6258.7257
2025-01-06 10:30:00+00:00,3641.07,3641.97,3635.0,3637.87,2972.5653
2025-01-06 11:00:00+00:00,3637.88,3654.75,3636.0,3653.3,3761.084
2025-01-06 11:30:00+00:00,3653.3,3659.58,3646.68,3654.52,3518.2793
2025-01-06 12:00:00+00:00,3654.51,3663.11,3648.36,3657.97,4302.8606
2025-01-06 12:30:00+00:00,3657.98,3657.98,3641.73,3642.52,3551.7551
2025-01-06 13:00:00+00:00,3642.52,3648.46,3625.27,3646.51,7381.6224
2025-01-06 13:30:00+00:00,3646.52,3653.17,3638.53,3651.03,4538.9702
2025-01-06 14:00:00+00:00,3651.03,3655.4,3622.1,3634.23,10114.2853
2025-01-06 14:30:00+00:00,3634.23,3702.8,3630.94,3685.47,29678.7179
2025-01-06 15:00:00+00:00,3685.48,3698.28,3671.11,3695.61,19850.8989
2025-01-06 15:30:00+00:00,3695.61,3714.49,3682.77,3714.45,18271.4141
2025-01-06 16:00:00+00:00,3714.45,3737.24,3708.19,3732.75,20144.7363
2025-01-06 16:30:00+00:00,3732.75,3744.83,3691.19,3710.18,15312.593
2025-01-06 17:00:00+00:00,3710.18,3710.19,3685.13,3688.7,8774.234
2025-01-06 17:30:00+00:00,3688.69,3694.07,3655.55,3673.87,13373.9974
2025-01-06 18:00:00+00:00,3673.86,3690.0,3662.14,3685.87,5232.8201
2025-01-06 18:30:00+00:00,3685.86,3692.3,3675.04,3682.22,3550.4946
2025-01-06 19:00:00+00:00,3682.23,3693.7,3675.36,3691.07,2990.8982
2025-01-06 19:30:00+00:00,3691.07,3695.51,3686.56,3687.44,2784.8975
2025-01-06 20:00:00+00:00,3687.44,3703.38,3686.09,3697.22,3749.7014
2025-01-06 20:30:00+00:00,3697.21,3697.22,3672.68,3683.49,6055.7581
2025-01-06 21:00:00+00:00,3683.41,3689.2,3666.72,3669.5,4846.9583
2025-01-06 21:30:00+00:00,3669.51,3678.73,3666.37,3667.16,3893.3654
2025-01-06 22:00:00+00:00,3667.17,3680.39,3667.0,3675.94,3818.1862
2025-01-06 22:30:00+00:00,3675.93,3683.67,3675.35,3678.52,1920.5734
2025-01-06 23:00:00+00:00,3678.52,3679.4,3668.69,3678.89,2717.0655
2025-01-06 23:30:00+00:00,3678.89,3687.74,3676.51,3687.45,2593.0183
2025-01-07 00:00:00+00:00,3687.44,3688.33,3673.04,3687.46,5109.8718
2025-01-07 00:30:00+00:00,3687.47,3693.67,3675.13,3675.14,4439.8852
2025-01-07 01:00:00+00:00,3675.14,3685.0,3663.0,3678.99,4361.9848
2025-01-07 01:30:00+00:00,3679.0,3696.27,3679.0,3694.55,2923.2682
2025-01-07 02:00:00+00:00,3694.55,3700.86,3686.0,3687.46,2553.4568
2025-01-07 02:30:00+00:00,3687.46,3692.92,3676.0,3678.07,2838.7949
2025-01-07 03:00:00+00:00,3678.07,3688.68,3674.24,3680.7,3303.1599
2025-01-07 03:30:00+00:00,3680.7,3686.55,3676.07,3682.25,2161.6578
2025-01-07 04:00:00+00:00,3682.25,3685.92,3679.19,3682.98,1681.4061
2025-01-07 04:30:00+00:00,3682.99,3684.0,3673.51,3673.52,1891.986
2025-01-07 05:00:00+00:00,3673.51,3676.91,3664.62,3667.37,3879.6164
2025-01-07 05:30:00+00:00,3667.37,3670.34,3659.0,3669.38,3458.996
2025-01-07 06:00:00+00:00,3669.37,3675.37,3664.43,3671.33,2176.3876
2025-01-07 06:30:00+00:00,3671.34,3675.52,3670.0,3672.6,2037.0367
2025-01-07 07:00:00+00:00,3672.61,3680.0,3670.93,3671.11,2202.8098
2025-01-07 07:30:00+00:00,3671.1,3672.35,3662.8,3667.77,3445.5821
2025-01-07 08:00:00+00:00,3667.78,3668.61,3660.33,3666.35,3356.6985
2025-01-07 08:30:00+00:00,3666.34,3679.27,3666.34,3674.63,3602.6113
2025-01-07 09:00:00+00:00,3674.63,3676.74,3662.92,3666.02,3436.0572
2025-01-07 09:30:00+00:00,3666.03,3666.31,3652.8,3661.09,5194.0158
2025-01-07 10:00:00+00:00,3661.08,3662.32,3651.54,3662.31,3988.6663
2025-01-07 10:30:00+00:00,3662.31,3665.31,3657.6,3657.61,2962.2852
2025-01-07 11:00:00+00:00,3657.6,3658.59,3651.32,3654.84,2379.1622
2025-01-07 11:30:00+00:00,3654.84,3654.9,3625.55,3639.27,13197.3644
2025-01-07 12:00:00+00:00,3639.28,3643.16,3626.07,3627.0,4874.0944
2025-01-07 12:30:00+00:00,3627.0,3639.13,3627.0,3633.42,4448.1911
2025-01-07 13:00:00+00:00,3633.42,3645.95,3631.0,3644.99,6765.6615
2025-01-07 13:30:00+00:00,3644.99,3645.89,3632.65,3636.0,5120.4351
2025-01-07 14:00:00+00:00,3636.0,3641.98,3629.62,3637.54,4519.456
2025-01-07 14:30:00+00:00,3637.53,3642.0,3532.41,3568.75,36071.5065
2025-01-07 15:00:00+00:00,3568.75,3582.4,3505.2,3525.86,79809.1026
2025-01-07 15:30:00+00:00,3525.86,3530.4,3413.81,3462.64,96148.9065
2025-01-07 16:00:00+00:00,3462.65,3485.59,3448.74,3480.01,26781.9836
2025-01-07 16:30:00+00:00,3480.01,3491.7,3457.5,3458.06,12543.1199
2025-01-07 17:00:00+00:00,3458.07,3470.28,3452.48,3454.51,9600.8213
2025-01-07 17:30:00+00:00,3454.51,3468.98,3420.0,3442.55,23021.2589
2025-01-07 18:00:00+00:00,3442.56,3458.96,3427.53,3429.54,9372.0512
2025-01-07 18:30:00+00:00,3429.54,3435.18,3413.11,3421.82,15352.2755
2025-01-07 19:00:00+00:00,3421.82,3438.01,3414.0,3423.8,11806.0437
2025-01-07 19:30:00+00:00,3423.78,3426.9,3372.71,3385.67,28772.2372
2025-01-07 20:00:00+00:00,3385.68,3400.9,3373.5,3380.88,11701.7883
2025-01-07 20:30:00+00:00,3380.87,3397.65,3364.85,3396.62,17983.8799
2025-01-07 21:00:00+00:00,3396.61,3414.04,3390.01,3400.55,9506.232
2025-01-07 21:30:00+00:00,3400.55,3407.06,3361.77,3363.32,13504.861
2025-01-07 22:00:00+00:00,3363.31,3388.04,3356.31,3378.41,10320.2916
2025-01-07 22:30:00+00:00,3378.41,3397.67,3372.53,3396.7,5654.7203
2025-01-07 23:00:00+00:00,3396.7,3396.7,3374.67,3384.69,6677.1224
2025-01-07 23:30:00+00:00,3384.69,3390.86,3376.03,3381.31,4604.4859
2025-01-08 00:00:00+00:00,3381.31,3410.89,3378.23,3402.28,9150.5277
2025-01-08 00:30:00+00:00,3402.28,3415.1,3394.51,3411.71,7150.2317
2025-01-08 01:00:00+00:00,3411.71,3411.72,3392.34,3394.09,5128.3955
2025-01-08 01:30:00+00:00,3394.09,3402.9,3375.01,3391.32,7431.3567
2025-01-08 02:00:00+00:00,3391.32,3404.78,3382.73,3395.39,5094.6932
2025-01-08 02:30:00+00:00,3395.39,3401.9,3382.9,3382.9,6084.7111
2025-01-08 03:00:00+00:00,3382.9,3387.94,3355.0,3375.55,17176.4278
2025-01-08 03:30:00+00:00,3375.55,3379.86,3343.22,3360.31,14815.9703
2025-01-08 04:00:00+00:00,3360.31,3373.14,3346.73,3363.23,9132.2962
2025-01-08 04:30:00+00:00,3363.24,3363.97,3342.76,3348.12,9897.4971
2025-01-08 05:00:00+00:00,3348.12,3373.0,3336.95,3371.3,8534.7732
2025-01-08 05:30:00+00:00,3371.32,3372.99,3344.47,3351.41,10408.5571
2025-01-08 06:00:00+00:00,3351.41,3362.37,3335.07,3337.78,9001.4542
2025-01-08 06:30:00+00:00,3337.77,3342.22,3307.1,3308.77,26108.4196
2025-01-08 07:00:00+00:00,3308.77,3340.18,3306.41,3337.51,12441.8224
2025-01-08 07:30:00+00:00,3337.51,3359.37,3334.52,3354.59,11346.6246
2025-01-08 08:00:00+00:00,3354.59,3376.85,3351.01,3364.14,12271.7068
2025-01-08 08:30:00+00:00,3364.14,3374.8,3362.48,3366.14,5714.7712
2025-01-08 09:00:00+00:00,3366.13,3374.28,3363.17,3366.62,4277.7401
2025-01-08 09:30:00+00:00,3366.62,3367.58,3346.2,3347.48,7286.4514
2025-01-08 10:00:00+00:00,3347.48,3373.32,3346.91,3372.93,5137.0908
2025-01-08 10:30:00+00:00,3372.93,3373.37,3354.28,3362.45,4247.1016
2025-01-08 11:00:00+00:00,3362.45,3367.81,3347.25,3350.37,3820.8839
2025-01-08 11:30:00+00:00,3350.36,3356.07,3323.0,3349.79,13351.6104
2025-01-08 12:00:00+00:00,3349.78,3360.91,3344.36,3352.39,5715.7803
2025-01-08 12:30:00+00:00,3352.4,3355.63,3338.83,3339.62,5303.3759
2025-01-08 13:00:00+00:00,3339.61,3366.54,3339.61,3361.63,10973.6965
2025-01-08 13:30:00+00:00,3361.62,3366.22,3352.6,3358.25,10478.9021
2025-01-08 14:00:00+00:00,3358.25,3368.98,3352.4,3361.64,16606.7859
2025-01-08 14:30:00+00:00,3361.64,3381.6,3347.66,3369.53,19686.3066
2025-01-08 15:00:00+00:00,3369.54,3386.36,3340.9,3346.87,16044.341
2025-01-08 15:30:00+00:00,3346.87,3353.83,3332.55,3346.73,25656.3647
2025-01-08 16:00:00+00:00,3346.72,3347.68,3326.46,3333.79,12430.8241
2025-01-08 16:30:00+00:00,3333.79,3342.76,3311.71,3314.03,14130.993
2025-01-08 17:00:00+00:00,3314.03,3320.1,3226.72,3232.99,73243.4624
2025-01-08 17:30:00+00:00,3232.99,3265.57,3208.2,3263.06,40948.682
2025-01-08 18:00:00+00:00,3263.06,3330.98,3260.0,3325.72,22565.1592
2025-01-08 18:30:00+00:00,3325.72,3325.99,3259.1,3282.83,16473.9393
2025-01-08 19:00:00+00:00,3282.84,3310.0,3272.05,3304.66,14277.2651
2025-01-08 19:30:00+00:00,3304.65,3304.65,3275.0,3280.68,8532.1346
2025-01-08 20:00:00+00:00,3280.68,3288.37,3266.08,3281.53,6353.7987
2025-01-08 20:30:00+00:00,3281.53,3292.14,3276.64,3285.68,5375.4788
2025-01-08 21:00:00+00:00,3285.68,3298.0,3270.0,3286.0,5667.9379
2025-01-08 21:30:00+00:00,3286.0,3305.31,3280.9,3299.35,9745.6626
2025-01-08 22:00:00+00:00,3299.35,3321.73,3299.01,3314.54,7539.1135
2025-01-08 22:30:00+00:00,3314.54,3334.15,3313.03,3333.14,5576.5717
2025-01-08 23:00:00+00:00,3333.13,3333.14,3319.15,3324.15,3264.8411
2025-01-08 23:30:00+00:00,3324.15,3334.8,3316.67,3327.29,3147.4311
2025-01-09 00:00:00+00:00,3327.29,3333.39,3320.99,3323.55,3473.317
2025-01-09 00:30:00+00:00,3323.55,3343.2,3318.21,3342.2,4108.0129
2025-01-09 01:00:00+00:00,3342.2,3356.26,3335.54,3353.0,5828.6478
2025-01-09 01:30:00+00:00,3353.01,3357.27,3345.2,3345.96,3891.5678
2025-01-09 02:00:00+00:00,3345.96,3351.22,3306.5,3336.22,20132.0959
2025-01-09 02:30:00+00:00,3336.22,3346.0,3324.97,3341.18,4910.4655
2025-01-09 03:00:00+00:00,3341.19,3342.49,3321.29,3323.51,4666.7228
2025-01-09 03:30:00+00:00,3323.5,3329.49,3317.19,3324.74,5217.6864
2025-01-09 04:00:00+00:00,3324.71,3327.5,3312.13,3320.71,5549.3785
2025-01-09 04:30:00+00:00,3320.71,3343.23,3320.0,3340.3,3742.1829
2025-01-09 05:00:00+00:00,3340.3,3343.36,3333.69,3338.5,5845.8614
2025-01-09 05:30:00+00:00,3338.5,3339.48,3325.06,3328.87,3108.0571
2025-01-09 06:00:00+00:00,3328.86,3334.99,3322.21,3326.75,4807.8762
2025-01-09 06:30:00+00:00,3326.74,3328.76,3315.26,3316.21,4404.2576
2025-01-09 07:00:00+00:00,3316.21,3324.43,3295.3,3295.7,7979.0102
2025-01-09 07:30:00+00:00,3295.71,3301.0,3281.96,3288.71,13441.9414
2025-01-09 08:00:00+00:00,3288.71,3295.72,3265.77,3285.32,15076.4151
2025-01-09 08:30:00+00:00,3285.33,3327.2,3278.11,3309.91,13921.5892
2025-01-09 09:00:00+00:00,3309.92,3327.75,3306.93,3317.34,8271.2434
2025-01-09 09:30:00+00:00,3317.35,3324.69,3314.21,3318.1,4914.6697
2025-01-09 10:00:00+00:00,3318.11,3322.11,3298.97,3302.09,6977.134
2025-01-09 10:30:00+00:00,3302.08,3313.71,3284.88,3311.56,9770.9678
2025-01-09 11:00:00+00:00,3311.57,3326.72,3305.21,3315.61,4417.1127
2025-01-09 11:30:00+00:00,3315.61,3317.72,3293.5,3301.41,5060.814
2025-01-09 12:00:00+00:00,3301.41,3310.31,3293.5,3305.52,4961.7914
2025-01-09 12:30:00+00:00,3305.53,3308.94,3280.86,3296.2,5248.7855
2025-01-09 13:00:00+00:00,3296.21,3298.99,3275.08,3287.67,7709.3652
2025-01-09 13:30:00+00:00,3287.63,3288.8,3213.0,3221.04,37318.0604
2025-01-09 14:00:00+00:00,3221.04,3253.2,3210.28,3238.57,26789.2858
2025-01-09 14:30:00+00:00,3238.57,3251.74,3231.04,3251.3,14923.2355
2025-01-09 15:00:00+00:00,3251.3,3291.42,3244.29,3290.53,13285.6071
2025-01-09 15:30:00+00:00,3290.53,3337.0,3286.62,3320.58,19259.7708
2025-01-09 16:00:00+00:00,3320.57,3327.91,3289.51,3298.5,15518.8151
2025-01-09 16:30:00+00:00,3298.49,3312.67,3288.01,3302.76,8871.8436
2025-01-09 17:00:00+00:00,3302.75,3304.4,3271.98,3287.3,9083.2551
2025-01-09 17:30:00+00:00,3287.31,3288.15,3235.8,3250.48,16306.8079
2025-01-09 18:00:00+00:00,3250.46,3263.5,3245.63,3255.41,8671.0127
2025-01-09 18:30:00+00:00,3255.41,3270.35,3251.0,3260.16,5916.1454
2025-01-09 19:00:00+00:00,3260.17,3268.79,3238.87,3244.69,6032.2786
2025-01-09 19:30:00+00:00,3244.7,3253.28,3190.82,3195.63,30921.0335
2025-01-09 20:00:00+00:00,3195.63,3214.4,3158.0,3179.66,38674.4147
2025-01-09 20:30:00+00:00,3179.74,3203.89,3170.73,3195.55,15942.3756
2025-01-09 21:00:00+00:00,3195.55,3226.29,3190.21,3218.12,10334.4406
2025-01-09 21:30:00+00:00,3218.11,3222.82,3203.4,3207.43,6516.1484
2025-01-09 22:00:00+00:00,3207.43,3215.19,3187.58,3215.19,13508.12
2025-01-09 22:30:00+00:00,3215.2,3239.59,3215.2,3224.24,7240.1353
2025-01-09 23:00:00+00:00,3224.23,3233.33,3209.99,3213.31,5161.0618
2025-01-09 23:30:00+00:00,3213.31,3224.5,3210.5,3219.2,4107.6074
2025-01-10 00:00:00+00:00,3219.2,3233.79,3214.11,3219.6,5022.6147
2025-01-10 00:30:00+00:00,3219.6,3231.19,3215.05,3222.98,3697.8793
2025-01-10 01:00:00+00:00,3222.98,3231.63,3213.74,3223.49,5126.4963
2025-01-10 01:30:00+00:00,3223.49,3240.24,3220.21,3237.29,5354.8885
2025-01-10 02:00:00+00:00,3237.29,3255.0,3230.89,3253.65,6687.706
2025-01-10 02:30:00+00:00,3253.65,3260.47,3238.61,3241.47,5078.0673
2025-01-10 03:00:00+00:00,3241.48,3250.25,3239.16,3247.98,3610.6968
2025-01-10 03:30:00+00:00,3247.97,3256.0,3242.9,3254.37,4147.9182
2025-01-10 04:00:00+00:00,3254.36,3265.08,3246.84,3249.0,5790.3316
2025-01-10 04:30:00+00:00,3249.0,3256.39,3248.0,3254.2,2547.0348
2025-01-10 05:00:00+00:00,3254.21,3256.8,3242.4,3249.54,4052.6913
2025-01-10 05:30:00+00:00,3249.54,3281.57,3249.54,3264.18,7550.9581
2025-01-10 06:00:00+00:00,3264.19,3273.33,3260.61,3266.71,4780.7875
2025-01-10 06:30:00+00:00,3266.7,3280.97,3260.0,3278.39,4843.6484
2025-01-10 07:00:00+00:00,3278.38,3286.44,3271.02,3282.21,7114.7239
2025-01-10 07:30:00+00:00,3282.22,3313.65,3280.37,3296.29,17586.5341
2025-01-10 08:00:00+00:00,3296.29,3302.0,3292.22,3296.98,7871.843
2025-01-10 08:30:00+00:00,3296.99,3297.87,3288.12,3296.31,6602.6362
2025-01-10 09:00:00+00:00,3296.31,3310.8,3290.5,3307.39,11321.612
2025-01-10 09:30:00+00:00,3307.4,3310.07,3297.12,3302.45,4658.0685
2025-01-10 10:00:00+00:00,3302.45,3309.0,3299.54,3299.67,4129.3721
2025-01-10 10:30:00+00:00,3299.67,3321.25,3297.84,3318.54,6392.8114
2025-01-10 11:00:00+00:00,3318.53,3320.8,3299.9,3301.8,9697.6341
2025-01-10 11:30:00+00:00,3301.81,3311.81,3295.74,3311.65,7665.9711
2025-01-10 12:00:00+00:00,3311.64,3312.52,3293.43,3295.52,6777.5047
2025-01-10 12:30:00+00:00,3295.53,3311.58,3293.1,3310.73,3844.1156
2025-01-10 13:00:00+00:00,3310.73,3317.03,3300.11,3301.42,6022.6926
2025-01-10 13:30:00+00:00,3301.41,3302.0,3215.76,3244.24,74380.6296
2025-01-10 14:00:00+00:00,3244.23,3279.39,3238.0,3270.5,16361.0526
2025-01-10 14:30:00+00:00,3270.5,3271.0,3235.75,3257.01,23687.873
2025-01-10 15:00:00+00:00,3257.0,3257.0,3193.97,3230.73,35211.4967
2025-01-10 15:30:00+00:00,3230.73,3276.34,3223.01,3245.14,22486.2255
2025-01-10 16:00:00+00:00,3245.15,3252.92,3232.2,3243.19,12252.6237
2025-01-10 16:30:00+00:00,3243.19,3261.84,3233.33,3247.48,10963.956
2025-01-10 17:00:00+00:00,3247.48,3285.28,3242.52,3281.12,10001.5985
2025-01-10 17:30:00+00:00,3281.11,3322.49,3265.3,3315.07,20342.7445
2025-01-10 18:00:00+00:00,3315.06,3315.06,3290.66,3294.08,16642.9911
2025-01-10 18:30:00+00:00,3294.09,3297.45,3281.43,3286.67,5973.7372
2025-01-10 19:00:00+00:00,3286.67,3297.13,3270.55,3290.9,6512.774
2025-01-10 19:30:00+00:00,3290.91,3299.27,3282.22,3295.66,5111.8434
2025-01-10 20:00:00+00:00,3295.65,3295.65,3270.04,3273.34,3947.4347
2025-01-10 20:30:00+00:00,3273.33,3275.14,3257.38,3259.59,6284.4754
2025-01-10 21:00:00+00:00,3259.57,3272.53,3256.9,3272.53,3634.172
2025-01-10 21:30:00+00:00,3272.53,3274.4,3264.8,3264.85,1992.4256
2025-01-10 22:00:00+00:00,3264.85,3269.32,3260.0,3269.32,3240.9505
2025-01-10 22:30:00+00:00,3269.31,3281.37,3268.97,3273.62,2956.3013
2025-01-10 23:00:00+00:00,3273.61,3273.61,3264.77,3272.6,2204.0849
2025-01-10 23:30:00+00:00,3272.6,3275.53,3266.53,3267.04,1975.505
2025-01-11 00:00:00+00:00,3267.05,3270.0,3257.6,3264.74,3519.3866
2025-01-11 00:30:00+00:00,3264.74,3268.0,3257.42,3265.55,2019.3956
2025-01-11 01:00:00+00:00,3265.55,3267.72,3249.09,3249.98,3360.8902
2025-01-11 01:30:00+00:00,3249.99,3252.53,3236.54,3245.64,4082.5976
2025-01-11 02:00:00+00:00,3245.65,3251.7,3237.6,3241.32,2879.8371
2025-01-11 02:30:00+00:00,3241.33,3252.24,3238.6,3247.96,2188.4042
2025-01-11 03:00:00+00:00,3247.96,3248.56,3231.83,3236.78,3851.1176
2025-01-11 03:30:00+00:00,3236.79,3243.43,3235.21,3236.8,1683.4448
2025-01-11 04:00:00+00:00,3236.8,3243.0,3234.85,3234.85,2108.117
2025-01-11 04:30:00+00:00,3234.85,3240.5,3230.0,3239.11,2372.8907
2025-01-11 05:00:00+00:00,3239.08,3242.66,3233.0,3238.4,1491.7917
2025-01-11 05:30:00+00:00,3238.4,3246.22,3235.71,3246.0,2189.9416
2025-01-11 06:00:00+00:00,3246.0,3251.13,3243.84,3249.22,2233.5855
2025-01-11 06:30:00+00:00,3249.23,3249.79,3237.95,3238.06,2530.4225
2025-01-11 07:00:00+00:00,3238.06,3244.58,3232.24,3234.67,2299.6257
2025-01-11 07:30:00+00:00,3234.67,3235.72,3222.73,3235.72,6817.5351
2025-01-11 08:00:00+00:00,3235.72,3240.3,3232.0,3236.59,4039.0077
2025-01-11 08:30:00+00:00,3236.58,3236.59,3217.56,3224.64,5461.0746
2025-01-11 09:00:00+00:00,3224.64,3236.57,3223.53,3234.75,2714.7542
2025-01-11 09:30:00+00:00,3234.75,3244.41,3233.32,3244.0,2680.4768
2025-01-11 10:00:00+00:00,3244.0,3253.12,3243.06,3248.0,4119.09
2025-01-11 10:30:00+00:00,3248.0,3256.1,3244.83,3256.1,2594.1199
2025-01-11 11:00:00+00:00,3256.09,3278.94,3254.04,3269.75,9142.6635
2025-01-11 11:30:00+00:00,3269.76,3280.5,3267.2,3273.81,3176.9799
2025-01-11 12:00:00+00:00,3273.81,3281.23,3267.45,3276.35,2906.6626
2025-01-11 12:30:00+00:00,3276.34,3279.37,3271.32,3272.6,1870.389
2025-01-11 13:00:00+00:00,3272.6,3275.62,3265.5,3270.1,2800.3489
2025-01-11 13:30:00+00:00,3270.1,3272.0,3258.3,3267.61,5557.0235
2025-01-11 14:00:00+00:00,3267.62,3270.9,3258.36,3262.31,2291.753
2025-01-11 14:30:00+00:00,3262.31,3280.0,3262.31,3278.52,3030.6271
2025-01-11 15:00:00+00:00,3278.52,3282.94,3266.5,3273.46,2442.9069
2025-01-11 15:30:00+00:00,3273.45,3275.0,3267.51,3271.33,1676.4548
2025-01-11 16:00:00+00:00,3271.33,3273.94,3262.0,3268.71,2775.4693
2025-01-11 16:30:00+00:00,3268.71,3277.9,3267.86,3274.99,2711.3866
2025-01-11 17:00:00+00:00,3275.0,3275.78,3259.06,3268.98,3778.3969
2025-01-11 17:30:00+00:00,3268.98,3275.57,3264.41,3271.79,2016.8294
2025-01-11 18:00:00+00:00,3271.78,3277.99,3268.42,3275.19,2840.5976
2025-01-11 18:30:00+00:00,3275.18,3280.94,3267.51,3278.37,2259.4296
2025-01-11 19:00:00+00:00,3278.37,3283.54,3273.33,3278.35,2113.8002
2025-01-11 19:30:00+00:00,3278.35,3279.18,3269.6,3278.45,2178.1091
2025-01-11 20:00:00+00:00,3278.46,3290.42,3275.84,3290.42,2536.7328
2025-01-11 20:30:00+00:00,3290.42,3300.69,3285.38,3299.54,3905.5323
2025-01-11 21:00:00+00:00,3299.54,3320.18,3299.22,3310.95,7062.6891
2025-01-11 21:30:00+00:00,3310.89,3315.0,3303.8,3307.1,5217.7687
2025-01-11 22:00:00+00:00,3307.1,3308.5,3291.5,3292.65,3226.8972
2025-01-11 22:30:00+00:00,3292.65,3296.92,3286.25,3288.67,2487.1757
2025-01-11 23:00:00+00:00,3288.68,3294.2,3284.67,3292.02,2648.4007
2025-01-11 23:30:00+00:00,3292.02,3294.43,3281.36,3282.83,1787.2176
2025-01-12 00:00:00+00:00,3282.83,3285.79,3278.7,3282.16,2456.2565
2025-01-12 00:30:00+00:00,3282.16,3286.98,3280.43,3283.37,2088.1928
2025-01-12 01:00:00+00:00,3283.38,3285.39,3274.12,3275.99,3102.1759
2025-01-12 01:30:00+00:00,3275.99,3289.41,3275.74,3289.08,1578.4261
2025-01-12 02:00:00+00:00,3289.08,3289.38,3279.64,3281.75,1603.1278
2025-01-12 02:30:00+00:00,3281.75,3289.94,3280.81,3289.79,2034.3535
2025-01-12 03:00:00+00:00,3289.78,3290.91,3278.92,3280.06,1827.1518
2025-01-12 03:30:00+00:00,3280.06,3286.0,3278.35,3286.0,1648.6994
2025-01-12 04:00:00+00:00,3286.0,3287.99,3282.0,3286.68,1357.3644
2025-01-12 04:30:00+00:00,3286.69,3289.41,3278.89,3283.49,4062.6678
2025-01-12 05:00:00+00:00,3283.5,3285.28,3279.03,3281.89,1408.2765
2025-01-12 05:30:00+00:00,3281.88,3281.89,3274.28,3279.8,1499.5698
2025-01-12 06:00:00+00:00,3279.81,3281.33,3271.33,3273.33,2142.9637
2025-01-12 06:30:00+00:00,3273.33,3274.76,3267.37,3270.33,2618.3859
2025-01-12 07:00:00+00:00,3270.33,3274.0,3263.49,3270.18,2247.0586
2025-01-12 07:30:00+00:00,3270.19,3273.14,3265.72,3266.87,1765.1069
2025-01-12 08:00:00+00:00,3266.87,3271.36,3264.52,3265.29,1921.486
2025-01-12 08:30:00+00:00,3265.3,3265.66,3235.47,3239.98,8380.9719
2025-01-12 09:00:00+00:00,3239.98,3244.95,3231.83,3231.84,3827.3612
2025-01-12 09:30:00+00:00,3231.84,3240.85,3224.49,3238.67,5563.5123
2025-01-12 10:00:00+00:00,3238.67,3246.0,3234.23,3238.81,2854.2868
2025-01-12 10:30:00+00:00,3238.82,3246.31,3234.21,3244.62,1751.7256
2025-01-12 11:00:00+00:00,3244.63,3252.0,3241.5,3250.46,3027.5086
2025-01-12 11:30:00+00:00,3250.46,3258.38,3248.44,3253.02,2800.4761
2025-01-12 12:00:00+00:00,3253.03,3265.52,3247.97,3257.34,2527.55
2025-01-12 12:30:00+00:00,3257.34,3259.81,3250.42,3250.61,3329.7376
2025-01-12 13:00:00+00:00,3250.6,3264.74,3247.89,3263.55,10115.5322
2025-01-12 13:30:00+00:00,3263.55,3271.38,3256.63,3267.09,3598.314
2025-01-12 14:00:00+00:00,3267.09,3280.78,3266.0,3273.88,8867.0915
2025-01-12 14:30:00+00:00,3273.88,3277.9,3267.6,3269.1,5732.6404
2025-01-12 15:00:00+00:00,3269.09,3296.01,3265.5,3292.42,7399.6185
2025-01-12 15:30:00+00:00,3292.42,3296.14,3277.99,3285.68,4333.5731
2025-01-12 16:00:00+00:00,3285.68,3288.0,3268.66,3277.25,3824.2604
2025-01-12 16:30:00+00:00,3277.26,3285.25,3276.34,3281.67,2650.0254
2025-01-12 17:00:00+00:00,3281.67,3292.01,3279.62,3283.73,5685.4663
2025-01-12 17:30:00+00:00,3283.72,3292.43,3278.37,3288.57,3105.9842
2025-01-12 18:00:00+00:00,3288.57,3300.0,3287.39,3292.8,3858.4375
2025-01-12 18:30:00+00:00,3292.81,3292.81,3280.74,3285.15,2257.5501
2025-01-12 19:00:00+00:00,3285.15,3288.97,3277.39,3278.42,2527.941
2025-01-12 19:30:00+00:00,3278.42,3282.93,3276.89,3280.12,1655.7712
2025-01-12 20:00:00+00:00,3280.11,3289.31,3280.01,3283.52,2084.3675
2025-01-12 20:30:00+00:00,3283.51,3283.51,3273.58,3281.67,2160.3877
2025-01-12 21:00:00+00:00,3281.66,3282.94,3263.52,3277.05,3939.5434
2025-01-12 21:30:00+00:00,3277.05,3279.35,3264.52,3266.28,2818.6911
2025-01-12 22:00:00+00:00,3266.27,3268.2,3234.38,3238.08,8982.6441
2025-01-12 22:30:00+00:00,3238.07,3251.07,3236.2,3240.62,4297.2817
2025-01-12 23:00:00+00:00,3240.62,3251.43,3239.23,3250.67,2671.3737
2025-01-12 23:30:00+00:00,3250.66,3269.22,3250.66,3267.3,2889.0824
2025-01-13 00:00:00+00:00,3267.3,3313.49,3265.51,3303.67,10134.5923
2025-01-13 00:30:00+00:00,3303.66,3339.0,3303.04,3308.56,17748.3161
2025-01-13 01:00:00+00:00,3308.55,3312.4,3285.14,3304.79,10114.2665
2025-01-13 01:30:00+00:00,3304.79,3306.73,3252.77,3261.48,11897.123
2025-01-13 02:00:00+00:00,3261.47,3270.95,3256.17,3263.0,5483.1365
2025-01-13 02:30:00+00:00,3263.0,3263.0,3237.0,3255.96,9518.5971
2025-01-13 03:00:00+00:00,3255.96,3267.33,3245.53,3255.52,4339.0731
2025-01-13 03:30:00+00:00,3255.52,3261.9,3235.69,3242.72,5658.41
2025-01-13 04:00:00+00:00,3242.73,3260.0,3241.04,3255.25,8291.4278
2025-01-13 04:30:00+00:00,3255.25,3260.49,3238.77,3239.01,3843.7641
2025-01-13 05:00:00+00:00,3239.01,3239.01,3217.56,3222.73,7565.152
2025-01-13 05:30:00+00:00,3222.74,3230.12,3213.0,3225.83,8178.1962
2025-01-13 06:00:00+00:00,3225.82,3233.53,3218.08,3221.41,3309.1345
2025-01-13 06:30:00+00:00,3221.42,3223.22,3181.3,3191.36,16103.127
2025-01-13 07:00:00+00:00,3191.37,3204.8,3183.5,3203.19,8162.5333
2025-01-13 07:30:00+00:00,3203.19,3209.74,3195.95,3201.66,4613.1112
2025-01-13 08:00:00+00:00,3201.66,3205.9,3161.7,3177.63,12119.7321
2025-01-13 08:30:00+00:00,3177.64,3183.04,3167.88,3169.36,7049.7216
2025-01-13 09:00:00+00:00,3169.36,3176.98,3152.36,3156.51,15631.1831
2025-01-13 09:30:00+00:00,3156.52,3168.72,3124.18,3155.8,23697.8607
2025-01-13 10:00:00+00:00,3155.81,3156.84,3115.0,3122.29,19539.1723
2025-01-13 10:30:00+00:00,3122.28,3134.5,3106.74,3118.61,24655.4924
2025-01-13 11:00:00+00:00,3118.61,3123.81,3103.68,3104.22,11827.7042
2025-01-13 11:30:00+00:00,3104.22,3107.13,3055.88,3057.16,53629.0067
2025-01-13 12:00:00+00:00,3057.15,3085.54,3044.57,3066.93,25176.7125
2025-01-13 12:30:00+00:00,3066.93,3066.93,3040.0,3046.96,18531.2713
2025-01-13 13:00:00+00:00,3046.97,3091.38,3033.05,3077.24,24904.1663
2025-01-13 13:30:00+00:00,3077.24,3079.71,3057.6,3060.05,10813.9961
2025-01-13 14:00:00+00:00,3060.05,3060.98,3036.26,3047.2,22638.2092
2025-01-13 14:30:00+00:00,3047.23,3053.36,2920.0,3034.41,137232.8718
2025-01-13 15:00:00+00:00,3034.4,3078.04,3026.01,3049.61,45652.5621
2025-01-13 15:30:00+00:00,3049.6,3072.46,3038.09,3049.0,22701.7791
2025-01-13 16:00:00+00:00,3049.01,3060.51,3021.25,3024.46,24798.1708
2025-01-13 16:30:00+00:00,3024.46,3041.5,3005.68,3009.91,16653.8234
2025-01-13 17:00:00+00:00,3009.91,3031.16,3004.2,3026.02,15852.0895
2025-01-13 17:30:00+00:00,3026.02,3037.08,3005.53,3020.79,15162.1456
2025-01-13 18:00:00+00:00,3020.79,3034.23,2986.4,2988.0,21388.1277
2025-01-13 18:30:00+00:00,2988.0,3017.5,2988.0,3007.6,13958.7374
2025-01-13 19:00:00+00:00,3007.61,3026.71,2993.0,3017.23,14111.6103
2025-01-13 19:30:00+00:00,3017.23,3037.91,3010.3,3025.07,11919.1358
2025-01-13 20:00:00+00:00,3025.06,3030.46,3011.71,3024.16,8607.1887
2025-01-13 20:30:00+00:00,3024.16,3104.85,3023.62,3091.36,24584.4957
2025-01-13 21:00:00+00:00,3091.36,3111.25,3083.13,3103.89,26503.9249
2025-01-13 21:30:00+00:00,3103.89,3120.01,3086.77,3114.39,14722.8547
2025-01-13 22:00:00+00:00,3114.39,3143.2,3112.71,3136.69,13380.1189
2025-01-13 22:30:00+00:00,3136.69,3139.56,3120.74,3131.96,5667.6831
2025-01-13 23:00:00+00:00,3131.97,3140.99,3126.0,3130.65,4282.3843
2025-01-13 23:30:00+00:00,3130.66,3138.86,3128.29,3137.51,3553.6739
2025-01-14 00:00:00+00:00,3137.51,3148.54,3126.8,3135.99,7322.6189
2025-01-14 00:30:00+00:00,3135.94,3139.65,3125.65,3134.3,5182.2881
2025-01-14 01:00:00+00:00,3134.31,3159.6,3133.69,3152.39,8869.9321
2025-01-14 01:30:00+00:00,3152.4,3155.48,3136.79,3139.52,5716.6626
2025-01-14 02:00:00+00:00,3139.51,3167.38,3132.11,3164.16,7197.9825
2025-01-14 02:30:00+00:00,3164.15,3166.35,3152.07,3157.36,4945.3778
2025-01-14 03:00:00+00:00,3157.36,3174.23,3155.0,3171.54,5681.0926
2025-01-14 03:30:00+00:00,3171.54,3175.51,3158.09,3158.87,4771.014
2025-01-14 04:00:00+00:00,3158.87,3170.86,3158.86,3162.62,4508.7912
2025-01-14 04:30:00+00:00,3162.62,3175.0,3159.6,3172.96,3394.6837
2025-01-14 05:00:00+00:00,3172.96,3182.69,3167.92,3170.11,6425.5994
2025-01-14 05:30:00+00:00,3170.12,3173.12,3159.6,3161.99,3620.7715
2025-01-14 06:00:00+00:00,3162.0,3181.98,3158.18,3177.08,4810.5411
2025-01-14 06:30:00+00:00,3177.06,3187.95,3173.73,3183.91,3750.0652
2025-01-14 07:00:00+00:00,3183.91,3190.07,3177.12,3180.63,4327.083
2025-01-14 07:30:00+00:00,3180.62,3183.78,3171.01,3171.53,3741.4
2025-01-14 08:00:00+00:00,3171.53,3192.6,3169.41,3179.24,8288.3778
2025-01-14 08:30:00+00:00,3179.25,3190.65,3175.1,3183.78,7024.4867
2025-01-14 09:00:00+00:00,3183.78,3237.96,3178.27,3235.0,18627.2774
2025-01-14 09:30:00+00:00,3235.0,3256.67,3230.49,3243.89,19388.036
2025-01-14 10:00:00+00:00,3243.9,3244.83,3219.97,3231.45,12692.5172
2025-01-14 10:30:00+00:00,3231.46,3237.76,3225.0,3235.31,5862.9931
2025-01-14 11:00:00+00:00,3235.31,3235.62,3216.5,3219.97,5230.8176
2025-01-14 11:30:00+00:00,3219.97,3223.9,3210.77,3217.62,4827.9847
2025-01-14 12:00:00+00:00,3217.61,3220.08,3180.59,3184.74,13400.2671
2025-01-14 12:30:00+00:00,3184.74,3196.89,3182.66,3183.32,7952.483
2025-01-14 13:00:00+00:00,3183.33,3190.03,3178.11,3180.61,8046.7386
2025-01-14 13:30:00+00:00,3180.61,3233.18,3180.61,3208.7,31530.4215
2025-01-14 14:00:00+00:00,3208.71,3218.48,3195.83,3214.59,11195.1755
2025-01-14 14:30:00+00:00,3214.59,3233.27,3187.1,3191.56,30663.4132
2025-01-14 15:00:00+00:00,3191.56,3216.11,3187.08,3202.77,10641.2668
2025-01-14 15:30:00+00:00,3202.77,3213.15,3196.03,3199.45,7454.7678
2025-01-14 16:00:00+00:00,3199.45,3203.88,3172.12,3192.51,12085.8475
2025-01-14 16:30:00+00:00,3192.52,3196.32,3180.17,3191.13,7636.6483
2025-01-14 17:00:00+00:00,3191.12,3212.69,3184.02,3205.11,9119.7045
2025-01-14 17:30:00+00:00,3205.11,3212.99,3193.22,3212.6,5494.3215
2025-01-14 18:00:00+00:00,3212.6,3224.16,3207.23,3220.18,7275.2825
2025-01-14 18:30:00+00:00,3220.1,3232.93,3217.72,3225.01,4776.723
2025-01-14 19:00:00+00:00,3225.0,3227.9,3217.67,3221.81,5289.3827
2025-01-14 19:30:00+00:00,3221.82,3235.99,3212.53,3214.38,5252.6299
2025-01-14 20:00:00+00:00,3214.37,3226.23,3194.86,3225.97,6942.2748
2025-01-14 20:30:00+00:00,3225.96,3226.29,3211.2,3222.44,4363.5835
2025-01-14 21:00:00+00:00,3222.45,3234.0,3215.81,3226.21,4771.4735
2025-01-14 21:30:00+00:00,3226.21,3226.96,3212.0,3216.04,2637.0093
2025-01-14 22:00:00+00:00,3216.04,3231.42,3213.83,3231.41,3578.3741
2025-01-14 22:30:00+00:00,3231.42,3240.69,3225.69,3235.41,2868.2495
2025-01-14 23:00:00+00:00,3235.41,3238.0,3228.0,3229.73,3033.0914
2025-01-14 23:30:00+00:00,3229.73,3234.0,3222.63,3225.63,2090.928
2025-01-15 00:00:00+00:00,3225.63,3242.65,3217.5,3232.85,6288.9965
2025-01-15 00:30:00+00:00,3232.86,3237.24,3218.29,3221.79,4597.1317
2025-01-15 01:00:00+00:00,3221.79,3235.83,3217.5,3234.86,5738.2653
2025-01-15 01:30:00+00:00,3234.86,3245.77,3224.06,3230.33,13101.2641
2025-01-15 02:00:00+00:00,3230.34,3240.0,3217.5,3218.7,5555.7669
2025-01-15 02:30:00+00:00,3218.69,3220.31,3205.17,3213.09,8357.5575
2025-01-15 03:00:00+00:00,3213.1,3224.72,3208.4,3216.19,5189.4649
2025-01-15 03:30:00+00:00,3216.19,3241.37,3215.75,3240.79,5018.5813
2025-01-15 04:00:00+00:00,3240.8,3252.35,3222.75,3229.73,7267.8629
2025-01-15 04:30:00+00:00,3229.72,3234.59,3222.31,3226.41,2793.5211
2025-01-15 05:00:00+00:00,3226.4,3231.42,3215.73,3229.56,5018.3923
2025-01-15 05:30:00+00:00,3229.57,3235.5,3227.29,3230.32,2563.1126
2025-01-15 06:00:00+00:00,3230.31,3233.18,3218.61,3218.75,3733.8429
2025-01-15 06:30:00+00:00,3218.76,3232.0,3216.62,3230.29,3455.1715
2025-01-15 07:00:00+00:00,3230.29,3250.33,3230.29,3249.47,5086.9286
2025-01-15 07:30:00+00:00,3249.47,3250.92,3230.46,3233.3,6103.1613
2025-01-15 08:00:00+00:00,3233.3,3247.72,3230.5,3247.72,4421.5788
2025-01-15 08:30:00+00:00,3247.72,3248.55,3230.73,3232.63,4060.592
2025-01-15 09:00:00+00:00,3232.64,3237.63,3220.55,3220.56,3845.162
2025-01-15 09:30:00+00:00,3220.56,3225.59,3196.71,3199.52,8480.5733
2025-01-15 10:00:00+00:00,3199.52,3217.47,3198.19,3216.11,5858.5573
2025-01-15 10:30:00+00:00,3216.11,3218.61,3206.36,3209.5,3421.3894
2025-01-15 11:00:00+00:00,3209.51,3210.23,3188.75,3192.65,7393.0415
2025-01-15 11:30:00+00:00,3192.66,3203.36,3186.36,3199.6,3658.1249
2025-01-15 12:00:00+00:00,3199.61,3201.02,3186.73,3188.36,5755.1523
2025-01-15 12:30:00+00:00,3188.37,3211.91,3187.15,3202.63,4969.4556
2025-01-15 13:00:00+00:00,3202.63,3227.6,3202.22,3218.37,6188.5843
2025-01-15 13:30:00+00:00,3218.47,3299.07,3218.47,3298.94,57028.3289
2025-01-15 14:00:00+00:00,3298.93,3313.83,3276.03,3288.68,28128.1737
2025-01-15 14:30:00+00:00,3288.67,3331.78,3278.84,3329.48,23134.4364
2025-01-15 15:00:00+00:00,3329.49,3352.94,3324.98,3349.12,26993.5374
2025-01-15 15:30:00+00:00,3349.11,3353.82,3334.01,3334.47,14888.8747
2025-01-15 16:00:00+00:00,3334.47,3366.54,3334.2,3359.34,15285.7071
2025-01-15 16:30:00+00:00,3359.34,3359.8,3338.45,3339.49,10380.3147
2025-01-15 17:00:00+00:00,3339.49,3352.31,3337.5,3352.02,6885.3342
2025-01-15 17:30:00+00:00,3352.02,3358.95,3323.91,3325.81,9551.3565
2025-01-15 18:00:00+00:00,3325.82,3349.56,3325.82,3348.15,5503.8547
2025-01-15 18:30:00+00:00,3348.15,3375.71,3348.05,3372.31,8223.2797
2025-01-15 19:00:00+00:00,3372.32,3394.6,3368.37,3393.09,8839.5689
2025-01-15 19:30:00+00:00,3393.09,3442.59,3392.97,3434.99,27572.4711
2025-01-15 20:00:00+00:00,3434.99,3473.75,3434.84,3452.99,18341.8835
2025-01-15 20:30:00+00:00,3452.99,3459.46,3432.54,3434.01,20634.4511
2025-01-15 21:00:00+00:00,3434.04,3447.0,3425.15,3439.8,9238.2998
2025-01-15 21:30:00+00:00,3439.81,3441.8,3428.8,3432.41,3919.1549
2025-01-15 22:00:00+00:00,3432.4,3435.9,3418.4,3420.41,4514.9425
2025-01-15 22:30:00+00:00,3420.4,3432.39,3420.4,3430.78,3720.4838
2025-01-15 23:00:00+00:00,3430.79,3440.4,3420.61,3440.16,6255.222
2025-01-15 23:30:00+00:00,3440.16,3454.11,3431.58,3451.52,7227.1256
2025-01-16 00:00:00+00:00,3451.51,3460.79,3420.2,3422.52,12766.6579
2025-01-16 00:30:00+00:00,3422.52,3425.84,3388.5,3398.82,20956.4582
2025-01-16 01:00:00+00:00,3398.82,3413.43,3392.62,3404.66,7346.7007
2025-01-16 01:30:00+00:00,3404.66,3407.5,3398.97,3403.37,6011.1017
2025-01-16 02:00:00+00:00,3403.37,3406.0,3388.0,3390.0,5516.7968
2025-01-16 02:30:00+00:00,3390.01,3396.39,3381.6,3384.83,7020.3614
2025-01-16 03:00:00+00:00,3384.83,3387.88,3361.0,3361.4,9260.3022
2025-01-16 03:30:00+00:00,3361.41,3368.46,3346.0,3363.38,11137.2475
2025-01-16 04:00:00+00:00,3363.38,3374.28,3362.0,3368.16,4201.3108
2025-01-16 04:30:00+00:00,3368.17,3375.8,3367.5,3375.04,4110.8104
2025-01-16 05:00:00+00:00,3375.04,3377.5,3368.77,3373.15,2637.77
2025-01-16 05:30:00+00:00,3373.15,3375.11,3366.0,3368.39,3394.0253
2025-01-16 06:00:00+00:00,3368.4,3382.8,3363.21,3382.0,3919.0013
2025-01-16 06:30:00+00:00,3382.0,3388.44,3373.5,3380.78,4456.8263
2025-01-16 07:00:00+00:00,3380.78,3391.5,3378.49,3385.2,3497.9764
2025-01-16 07:30:00+00:00,3385.2,3388.88,3378.0,3384.3,9394.7881
2025-01-16 08:00:00+00:00,3384.3,3385.84,3353.25,3359.55,9658.2578
2025-01-16 08:30:00+00:00,3359.55,3362.54,3303.2,3316.2,29478.5016
2025-01-16 09:00:00+00:00,3316.21,3320.91,3300.55,3307.39,10677.1135
2025-01-16 09:30:00+00:00,3307.38,3338.31,3300.21,3336.23,9384.657
2025-01-16 10:00:00+00:00,3336.22,3339.4,3331.09,3337.39,3772.8366
2025-01-16 10:30:00+00:00,3337.39,3342.63,3329.04,3334.05,3947.1195
2025-01-16 11:00:00+00:00,3334.06,3349.3,3321.51,3337.42,8095.5695
2025-01-16 11:30:00+00:00,3337.41,3356.0,3333.0,3351.27,6955.0161
2025-01-16 12:00:00+00:00,3351.26,3364.74,3341.65,3347.58,9494.8903
2025-01-16 12:30:00+00:00,3347.58,3365.16,3347.57,3357.5,11095.2705
2025-01-16 13:00:00+00:00,3357.5,3359.03,3308.05,3313.11,16527.0106
2025-01-16 13:30:00+00:00,3313.28,3342.98,3313.16,3328.61,16042.126
2025-01-16 14:00:00+00:00,3328.62,3343.0,3315.09,3341.44,7197.1557
2025-01-16 14:30:00+00:00,3341.43,3341.88,3265.44,3277.14,46002.7474
2025-01-16 15:00:00+00:00,3277.14,3318.2,3269.7,3317.78,23879.8691
2025-01-16 15:30:00+00:00,3317.78,3333.21,3299.27,3333.04,13180.2342
2025-01-16 16:00:00+00:00,3333.02,3361.72,3330.4,3350.49,16491.5329
2025-01-16 16:30:00+00:00,3350.49,3355.43,3333.87,3340.41,10689.8031
2025-01-16 17:00:00+00:00,3340.4,3348.89,3330.9,3345.5,6785.9186
2025-01-16 17:30:00+00:00,3345.51,3365.95,3338.76,3343.86,8951.599
2025-01-16 18:00:00+00:00,3343.86,3350.89,3319.1,3321.02,6973.674
2025-01-16 18:30:00+00:00,3321.02,3330.45,3310.47,3325.97,7368.5026
2025-01-16 19:00:00+00:00,3325.96,3335.8,3319.5,3329.25,4818.3217
2025-01-16 19:30:00+00:00,3329.25,3346.2,3325.23,3344.81,4528.6347
2025-01-16 20:00:00+00:00,3344.81,3354.01,3326.23,3332.74,7519.1387
2025-01-16 20:30:00+00:00,3332.74,3341.63,3330.25,3337.33,6058.8394
2025-01-16 21:00:00+00:00,3337.34,3337.94,3311.92,3320.07,5474.8564
2025-01-16 21:30:00+00:00,3320.08,3328.91,3315.28,3320.08,4785.1574
2025-01-16 22:00:00+00:00,3320.08,3320.09,3290.05,3291.27,7019.3929
2025-01-16 22:30:00+00:00,3291.28,3299.04,3269.0,3297.62,12197.9718
2025-01-16 23:00:00+00:00,3297.62,3308.89,3290.6,3295.43,5420.7999
2025-01-16 23:30:00+00:00,3295.43,3312.27,3295.08,3308.05,15182.0252
2025-01-17 00:00:00+00:00,3308.04,3317.86,3307.75,3314.39,4758.814
2025-01-17 00:30:00+00:00,3314.4,3317.78,3307.5,3313.68,2750.3003
2025-01-17 01:00:00+00:00,3313.68,3341.0,3313.68,3340.71,7473.238
2025-01-17 01:30:00+00:00,3340.71,3391.02,3339.6,3386.31,34996.5832
2025-01-17 02:00:00+00:00,3386.3,3397.66,3379.64,3390.23,18438.7744
2025-01-17 02:30:00+00:00,3390.23,3391.57,3355.0,3373.3,17352.9252
2025-01-17 03:00:00+00:00,3373.31,3377.49,3363.34,3365.3,6791.7709
2025-01-17 03:30:00+00:00,3365.35,3374.29,3358.66,3361.01,4637.0225
2025-01-17 04:00:00+00:00,3361.01,3364.94,3347.79,3357.32,5041.7054
2025-01-17 04:30:00+00:00,3357.32,3372.47,3355.04,3371.07,4230.1808
2025-01-17 05:00:00+00:00,3371.07,3376.51,3364.97,3366.37,12730.8625
2025-01-17 05:30:00+00:00,3366.37,3369.45,3359.28,3366.71,11247.2722
2025-01-17 06:00:00+00:00,3366.7,3375.71,3364.47,3372.13,4282.9796
2025-01-17 06:30:00+00:00,3372.12,3376.0,3365.23,3367.44,3777.2018
2025-01-17 07:00:00+00:00,3367.44,3373.0,3363.0,3368.79,3945.1245
2025-01-17 07:30:00+00:00,3368.8,3389.11,3365.01,3373.14,6702.625
2025-01-17 08:00:00+00:00,3373.14,3386.46,3372.52,3380.5,6524.7191
2025-01-17 08:30:00+00:00,3380.5,3413.86,3380.49,3407.33,13249.6592
2025-01-17 09:00:00+00:00,3407.33,3415.14,3400.64,3409.2,9889.5402
2025-01-17 09:30:00+00:00,3409.2,3412.99,3402.37,3404.12,6244.8298
2025-01-17 10:00:00+00:00,3404.12,3439.0,3403.01,3421.48,15090.4845
2025-01-17 10:30:00+00:00,3421.48,3427.74,3416.3,3427.47,5740.302
2025-01-17 11:00:00+00:00,3427.47,3430.0,3416.68,3425.09,7021.1066
2025-01-17 11:30:00+00:00,3425.09,3430.0,3419.79,3423.24,6725.6908
2025-01-17 12:00:00+00:00,3423.25,3426.2,3408.81,3411.02,10358.9305
2025-01-17 12:30:00+00:00,3411.04,3418.86,3400.69,3407.63,9140.7339
2025-01-17 13:00:00+00:00,3407.64,3424.0,3407.64,3418.67,5783.2685
2025-01-17 13:30:00+00:00,3418.68,3421.84,3395.14,3402.0,12002.0964
2025-01-17 14:00:00+00:00,3402.0,3427.84,3401.9,3424.21,11244.1549
2025-01-17 14:30:00+00:00,3424.2,3433.09,3402.01,3428.87,33466.2093
2025-01-17 15:00:00+00:00,3428.86,3450.53,3404.24,3417.4,25112.465
2025-01-17 15:30:00+00:00,3417.4,3426.92,3408.99,3421.8,12168.8333
2025-01-17 16:00:00+00:00,3421.8,3448.5,3411.83,3440.81,16092.1738
2025-01-17 16:30:00+00:00,3440.81,3446.0,3433.5,3437.74,9077.0573
2025-01-17 17:00:00+00:00,3437.74,3443.2,3423.71,3438.72,9071.7958
2025-01-17 17:30:00+00:00,3438.72,3440.0,3407.63,3414.41,10032.8247
2025-01-17 18:00:00+00:00,3414.41,3429.88,3410.48,3421.03,5362.7944
2025-01-17 18:30:00+00:00,3421.03,3426.22,3410.18,3411.54,4139.5436
2025-01-17 19:00:00+00:00,3411.53,3443.87,3410.78,3430.76,8353.8913
2025-01-17 19:30:00+00:00,3430.76,3434.2,3417.16,3432.11,7288.1162
2025-01-17 20:00:00+00:00,3432.1,3494.0,3425.9,3491.4,24760.0804
2025-01-17 20:30:00+00:00,3491.4,3525.0,3491.03,3514.81,39017.7876
2025-01-17 21:00:00+00:00,3514.8,3525.72,3497.43,3498.27,12721.198
2025-01-17 21:30:00+00:00,3498.27,3500.97,3466.84,3473.58,11735.5311
2025-01-17 22:00:00+00:00,3473.58,3487.51,3472.27,3478.5,6062.4304
2025-01-17 22:30:00+00:00,3478.5,3485.27,3467.8,3470.21,6781.3701
2025-01-17 23:00:00+00:00,3470.22,3485.52,3462.85,3483.47,5513.2498
2025-01-17 23:30:00+00:00,3483.46,3483.46,3472.29,3473.63,3619.9325
2025-01-18 00:00:00+00:00,3473.64,3479.45,3469.15,3475.67,4751.7649
2025-01-18 00:30:00+00:00,3475.67,3494.39,3474.59,3487.71,4791.3528
2025-01-18 01:00:00+00:00,3487.71,3487.71,3467.46,3470.71,7541.5683
2025-01-18 01:30:00+00:00,3470.72,3470.72,3455.44,3466.31,5256.4901
2025-01-18 02:00:00+00:00,3466.31,3475.0,3463.15,3469.77,3457.91
2025-01-18 02:30:00+00:00,3469.78,3469.94,3447.72,3451.36,7156.3565
2025-01-18 03:00:00+00:00,3451.39,3456.3,3416.96,3427.24,10714.8206
2025-01-18 03:30:00+00:00,3427.24,3428.73,3368.06,3384.07,28632.4657
2025-01-18 04:00:00+00:00,3384.08,3395.49,3350.9,3363.01,16937.2078
2025-01-18 04:30:00+00:00,3363.02,3378.29,3352.68,3365.69,13217.7314
2025-01-18 05:00:00+00:00,3365.69,3371.07,3328.8,3335.21,20501.9715
2025-01-18 05:30:00+00:00,3335.22,3335.37,3290.01,3294.0,28098.5433
2025-01-18 06:00:00+00:00,3294.0,3329.46,3292.54,3322.48,17120.9901
2025-01-18 06:30:00+00:00,3322.48,3340.39,3311.72,3313.52,15391.7968
2025-01-18 07:00:00+00:00,3313.52,3315.32,3283.77,3292.48,14604.2813
2025-01-18 07:30:00+00:00,3292.49,3305.14,3281.09,3287.63,10227.7896
2025-01-18 08:00:00+00:00,3287.64,3287.8,3251.65,3278.34,20922.744
2025-01-18 08:30:00+00:00,3278.33,3295.77,3272.48,3293.21,12195.7582
2025-01-18 09:00:00+00:00,3293.21,3301.2,3273.5,3281.63,12512.9445
2025-01-18 09:30:00+00:00,3281.64,3282.0,3252.8,3270.97,14000.3496
2025-01-18 10:00:00+00:00,3270.97,3276.95,3235.34,3256.5,23533.1173
2025-01-18 10:30:00+00:00,3256.51,3278.42,3227.0,3267.1,32107.1727
2025-01-18 11:00:00+00:00,3267.09,3275.09,3249.1,3273.0,10754.6072
2025-01-18 11:30:00+00:00,3273.0,3324.1,3266.4,3311.62,27475.942
2025-01-18 12:00:00+00:00,3311.63,3322.44,3287.91,3290.37,16203.4763
2025-01-18 12:30:00+00:00,3290.37,3295.45,3274.17,3289.9,14099.2109
2025-01-18 13:00:00+00:00,3289.9,3305.47,3280.04,3303.2,9054.3649
2025-01-18 13:30:00+00:00,3303.2,3323.53,3302.5,3323.38,13973.5466
2025-01-18 14:00:00+00:00,3323.38,3326.99,3307.86,3312.01,9518.6582
2025-01-18 14:30:00+00:00,3312.01,3313.03,3289.36,3297.5,10545.9873
2025-01-18 15:00:00+00:00,3297.5,3347.34,3285.16,3326.24,23367.8275
2025-01-18 15:30:00+00:00,3326.23,3343.25,3305.01,3307.07,24363.1875
2025-01-18 16:00:00+00:00,3307.07,3316.62,3263.08,3292.12,31438.1277
2025-01-18 16:30:00+00:00,3292.1,3301.75,3253.89,3253.89,21970.879
2025-01-18 17:00:00+00:00,3253.9,3285.93,3253.46,3271.62,11754.0997
2025-01-18 17:30:00+00:00,3271.63,3285.42,3257.7,3258.2,6600.9208
2025-01-18 18:00:00+00:00,3258.2,3278.89,3250.0,3274.51,8896.039
2025-01-18 18:30:00+00:00,3274.52,3284.27,3256.8,3264.78,7251.7017
2025-01-18 19:00:00+00:00,3264.77,3288.23,3261.5,3285.03,7097.1375
2025-01-18 19:30:00+00:00,3285.02,3293.23,3282.7,3290.2,7197.2418
2025-01-18 20:00:00+00:00,3290.21,3291.96,3258.99,3265.21,7822.2481
2025-01-18 20:30:00+00:00,3265.21,3274.5,3258.37,3266.02,4762.3132
2025-01-18 21:00:00+00:00,3266.02,3285.93,3263.59,3283.02,5585.6167
2025-01-18 21:30:00+00:00,3283.02,3283.02,3271.97,3274.72,3276.9294
2025-01-18 22:00:00+00:00,3274.72,3287.2,3271.62,3287.2,5021.3685
2025-01-18 22:30:00+00:00,3287.2,3288.39,3280.46,3280.46,4192.7033
2025-01-18 23:00:00+00:00,3280.47,3302.7,3279.45,3299.99,8432.5223
2025-01-18 23:30:00+00:00,3300.0,3321.11,3298.66,3307.71,9865.344
2025-01-19 00:00:00+00:00,3307.71,3318.99,3298.71,3315.99,8876.74
2025-01-19 00:30:00+00:00,3315.99,3322.85,3309.41,3316.3,6612.2775
2025-01-19 01:00:00+00:00,3316.3,3365.93,3314.07,3347.39,24352.8325
2025-01-19 01:30:00+00:00,3347.39,3360.0,3337.4,3353.3,6883.3581
2025-01-19 02:00:00+00:00,3353.3,3362.8,3347.94,3356.99,9038.0709
2025-01-19 02:30:00+00:00,3357.0,3378.11,3351.52,3353.41,11878.9471
2025-01-19 03:00:00+00:00,3353.4,3365.82,3333.0,3339.81,9602.6735
2025-01-19 03:30:00+00:00,3339.82,3350.36,3333.28,3335.47,8145.2552
2025-01-19 04:00:00+00:00,3335.47,3337.95,3276.99,3302.56,26423.5035
2025-01-19 04:30:00+00:00,3302.56,3306.18,3281.1,3283.51,19945.9559
2025-01-19 05:00:00+00:00,3283.51,3288.99,3259.9,3278.48,14490.596
2025-01-19 05:30:00+00:00,3278.48,3301.13,3270.0,3299.91,9764.2814
2025-01-19 06:00:00+00:00,3299.92,3301.0,3289.18,3297.39,8133.8085
2025-01-19 06:30:00+00:00,3297.4,3297.4,3282.49,3283.44,12293.3659
2025-01-19 07:00:00+00:00,3283.44,3293.29,3263.0,3271.66,16754.6283
2025-01-19 07:30:00+00:00,3271.65,3288.97,3270.0,3276.06,8375.0076
2025-01-19 08:00:00+00:00,3276.06,3277.53,3237.59,3238.5,21627.3429
2025-01-19 08:30:00+00:00,3238.49,3250.49,3215.81,3221.9,26302.2022
2025-01-19 09:00:00+00:00,3221.9,3222.38,3143.02,3173.94,78441.3647
2025-01-19 09:30:00+00:00,3173.95,3233.77,3167.35,3226.0,26703.147
2025-01-19 10:00:00+00:00,3226.01,3226.89,3176.62,3181.27,22505.6612
2025-01-19 10:30:00+00:00,3181.26,3203.94,3172.97,3174.7,28947.3456
2025-01-19 11:00:00+00:00,3174.7,3188.9,3158.69,3160.6,22990.1183
2025-01-19 11:30:00+00:00,3160.6,3168.1,3130.48,3149.97,27965.5093
2025-01-19 12:00:00+00:00,3149.98,3184.16,3145.0,3176.22,21999.7689
2025-01-19 12:30:00+00:00,3176.23,3211.55,3173.2,3205.9,16838.9214
2025-01-19 13:00:00+00:00,3205.9,3222.72,3197.38,3216.32,18722.7026
2025-01-19 13:30:00+00:00,3216.33,3279.0,3193.1,3276.99,33953.2746
2025-01-19 14:00:00+00:00,3276.99,3389.28,3259.35,3352.01,129752.8937
2025-01-19 14:30:00+00:00,3352.0,3397.7,3303.98,3381.16,61504.9806
2025-01-19 15:00:00+00:00,3381.15,3426.05,3353.17,3366.53,63376.7878
2025-01-19 15:30:00+00:00,3366.53,3392.83,3360.57,3383.68,20693.7544
2025-01-19 16:00:00+00:00,3383.68,3422.14,3378.11,3415.63,29554.8372
2025-01-19 16:30:00+00:00,3415.63,3424.43,3400.0,3410.74,20040.0486
2025-01-19 17:00:00+00:00,3410.74,3435.63,3385.52,3426.34,24627.376
2025-01-19 17:30:00+00:00,3426.33,3447.7,3402.84,3442.39,19317.2916
2025-01-19 18:00:00+00:00,3442.38,3448.99,3409.82,3410.5,15284.6021
2025-01-19 18:30:00+00:00,3410.49,3433.42,3406.62,3432.73,9791.0901
2025-01-19 19:00:00+00:00,3432.73,3432.76,3419.37,3427.84,7095.4067
2025-01-19 19:30:00+00:00,3427.82,3430.41,3407.05,3418.92,7529.6247
2025-01-19 20:00:00+00:00,3418.93,3431.82,3403.22,3418.28,10774.1164
2025-01-19 20:30:00+00:00,3418.28,3421.48,3361.4,3377.67,17569.3909
2025-01-19 21:00:00+00:00,3377.66,3378.96,3208.0,3247.48,48616.9178
2025-01-19 21:30:00+00:00,3250.31,3297.59,3213.78,3233.0,81604.3426
2025-01-19 22:00:00+00:00,3233.0,3312.81,3156.7,3293.9,71686.4452
2025-01-19 22:30:00+00:00,3293.91,3294.51,3171.1,3266.65,37396.286
2025-01-19 23:00:00+00:00,3266.66,3266.81,3160.76,3172.97,65002.2652
2025-01-19 23:30:00+00:00,3173.0,3240.27,3161.69,3215.12,52514.4035
2025-01-20 00:00:00+00:00,3215.2,3226.0,3182.05,3186.01,51205.2677
2025-01-20 00:30:00+00:00,3185.92,3202.49,3142.78,3170.9,69803.2736
2025-01-20 01:00:00+00:00,3170.91,3213.15,3166.22,3195.53,36376.519
2025-01-20 01:30:00+00:00,3195.55,3221.04,3173.0,3201.01,26881.7561
2025-01-20 02:00:00+00:00,3201.01,3269.82,3196.92,3268.2,28616.6387
2025-01-20 02:30:00+00:00,3268.21,3274.8,3233.7,3245.07,28780.5547
2025-01-20 03:00:00+00:00,3245.07,3277.7,3228.06,3249.0,18746.4054
2025-01-20 03:30:00+00:00,3248.99,3280.75,3243.9,3272.34,13719.5918
2025-01-20 04:00:00+00:00,3272.3,3272.3,3250.66,3258.9,9562.6559
2025-01-20 04:30:00+00:00,3258.89,3300.0,3255.1,3270.73,13989.9539
2025-01-20 05:00:00+00:00,3270.73,3320.0,3267.38,3287.0,15585.1828
2025-01-20 05:30:00+00:00,3287.0,3298.25,3269.01,3291.33,12472.0934
2025-01-20 06:00:00+00:00,3291.33,3308.23,3286.2,3303.69,17686.2455
2025-01-20 06:30:00+00:00,3303.69,3453.69,3301.8,3416.01,71913.7612
2025-01-20 07:00:00+00:00,3416.02,3441.82,3383.88,3397.39,62055.0903
2025-01-20 07:30:00+00:00,3397.33,3399.29,3351.09,3382.59,29201.8677
2025-01-20 08:00:00+00:00,3382.58,3410.0,3380.0,3398.59,14215.2396
2025-01-20 08:30:00+00:00,3398.6,3413.3,3383.42,3392.43,12558.3365
2025-01-20 09:00:00+00:00,3392.43,3412.28,3366.66,3378.31,20129.2122
2025-01-20 09:30:00+00:00,3378.32,3390.95,3352.5,3364.0,19955.6374
2025-01-20 10:00:00+00:00,3364.01,3391.16,3358.64,3388.86,12446.0679
2025-01-20 10:30:00+00:00,3388.86,3390.97,3340.33,3353.42,22338.2905
2025-01-20 11:00:00+00:00,3353.42,3388.63,3334.32,3365.69,19620.0799
2025-01-20 11:30:00+00:00,3365.69,3379.0,3358.4,3375.43,10205.9966
2025-01-20 12:00:00+00:00,3375.42,3379.34,3257.2,3302.27,44861.7709
2025-01-20 12:30:00+00:00,3302.27,3319.67,3272.32,3304.02,19454.1377
2025-01-20 13:00:00+00:00,3304.02,3334.09,3295.17,3317.32,17202.0415
2025-01-20 13:30:00+00:00,3317.33,3355.0,3312.66,3342.99,20124.2223
2025-01-20 14:00:00+00:00,3342.99,3358.84,3330.29,3338.96,15113.4078
2025-01-20 14:30:00+00:00,3338.89,3361.98,3331.76,3359.4,10802.8476
2025-01-20 15:00:00+00:00,3359.4,3379.94,3339.8,3374.1,17760.7431
2025-01-20 15:30:00+00:00,3374.11,3375.1,3315.77,3335.9,21775.7834
2025-01-20 16:00:00+00:00,3335.91,3355.96,3277.74,3349.01,33518.5502
2025-01-20 16:30:00+00:00,3349.01,3390.68,3340.0,3379.97,20428.4373
2025-01-20 17:00:00+00:00,3379.96,3383.85,3267.84,3318.72,66823.5085
2025-01-20 17:30:00+00:00,3318.72,3339.0,3205.42,3292.93,95107.8239
2025-01-20 18:00:00+00:00,3292.98,3324.76,3284.02,3312.3,21552.2124
2025-01-20 18:30:00+00:00,3312.32,3342.69,3301.09,3330.53,20801.1751
2025-01-20 19:00:00+00:00,3330.53,3354.84,3308.41,3345.36,15377.2307
2025-01-20 19:30:00+00:00,3345.36,3364.12,3329.24,3343.5,12728.7445
2025-01-20 20:00:00+00:00,3343.49,3344.5,3314.0,3324.6,7654.523
2025-01-20 20:30:00+00:00,3324.6,3342.5,3320.23,3320.24,4589.5409
2025-01-20 21:00:00+00:00,3320.23,3337.17,3311.6,3323.71,4490.9564
2025-01-20 21:30:00+00:00,3323.7,3331.49,3279.76,3284.96,11707.906
2025-01-20 22:00:00+00:00,3284.97,3307.25,3255.92,3305.05,12371.56
2025-01-20 22:30:00+00:00,3305.05,3324.46,3299.21,3318.49,5794.168
2025-01-20 23:00:00+00:00,3318.5,3320.84,3282.67,3304.34,8259.1035
2025-01-20 23:30:00+00:00,3304.34,3305.09,3260.93,3284.0,11988.6684
2025-01-21 00:00:00+00:00,3283.99,3289.85,3244.35,3247.7,17525.5581
2025-01-21 00:30:00+00:00,3247.7,3273.35,3221.02,3226.87,28750.941
2025-01-21 01:00:00+00:00,3226.88,3260.32,3210.0,3215.15,21387.2172
2025-01-21 01:30:00+00:00,3215.15,3260.96,3204.6,3250.63,21878.7596
2025-01-21 02:00:00+00:00,3250.62,3273.16,3242.57,3256.51,15878.5206
2025-01-21 02:30:00+00:00,3256.49,3259.0,3228.5,3257.94,8911.4224
2025-01-21 03:00:00+00:00,3257.94,3270.0,3249.06,3259.19,8710.7454
2025-01-21 03:30:00+00:00,3259.19,3268.5,3249.28,3262.6,10430.1904
2025-01-21 04:00:00+00:00,3262.6,3262.76,3233.0,3253.71,10546.5043
2025-01-21 04:30:00+00:00,3253.71,3253.71,3213.82,3247.15,10192.471
2025-01-21 05:00:00+00:00,3247.15,3254.13,3236.55,3239.8,7299.0058
2025-01-21 05:30:00+00:00,3239.8,3240.22,3217.07,3225.13,7544.0751
2025-01-21 06:00:00+00:00,3225.14,3254.2,3213.03,3239.45,10005.0024
2025-01-21 06:30:00+00:00,3239.46,3245.0,3217.43,3241.99,10217.0491
2025-01-21 07:00:00+00:00,3241.99,3261.7,3235.37,3258.24,6901.9395
2025-01-21 07:30:00+00:00,3258.25,3266.24,3245.45,3254.7,8656.1171
2025-01-21 08:00:00+00:00,3254.7,3263.28,3244.0,3258.22,7283.1416
2025-01-21 08:30:00+00:00,3258.23,3259.24,3234.48,3254.14,9697.1882
2025-01-21 09:00:00+00:00,3254.13,3274.9,3250.92,3264.44,11866.3395
2025-01-21 09:30:00+00:00,3264.46,3277.0,3259.75,3276.66,6716.3501
2025-01-21 10:00:00+00:00,3276.66,3295.26,3271.39,3294.02,9053.7918
2025-01-21 10:30:00+00:00,3294.03,3310.0,3284.08,3303.11,15157.3565
2025-01-21 11:00:00+00:00,3303.09,3314.0,3297.94,3310.16,7221.4467
2025-01-21 11:30:00+00:00,3310.15,3312.96,3292.71,3305.07,15515.9618
2025-01-21 12:00:00+00:00,3305.07,3326.74,3293.59,3315.6,15336.0401
2025-01-21 12:30:00+00:00,3315.6,3315.8,3298.3,3307.19,13815.6008
2025-01-21 13:00:00+00:00,3307.19,3314.99,3290.0,3300.09,8125.6679
2025-01-21 13:30:00+00:00,3300.08,3310.84,3293.2,3309.68,10121.8291
2025-01-21 14:00:00+00:00,3309.69,3333.99,3303.09,3333.49,15522.3634
2025-01-21 14:30:00+00:00,3333.49,3335.44,3279.09,3289.41,31250.1972
2025-01-21 15:00:00+00:00,3289.42,3302.09,3265.11,3298.9,15922.2335
2025-01-21 15:30:00+00:00,3298.89,3300.5,3278.93,3295.1,11141.1366
2025-01-21 16:00:00+00:00,3295.1,3349.17,3290.5,3316.51,26199.4079
2025-01-21 16:30:00+00:00,3316.5,3325.31,3303.22,3313.85,8389.9082
2025-01-21 17:00:00+00:00,3313.85,3326.72,3311.9,3320.36,8378.5958
2025-01-21 17:30:00+00:00,3320.35,3356.59,3307.81,3351.0,12087.7581
2025-01-21 18:00:00+00:00,3351.0,3351.22,3330.74,3333.43,8531.9943
2025-01-21 18:30:00+00:00,3333.44,3368.0,3332.0,3345.76,13441.6155
2025-01-21 19:00:00+00:00,3345.75,3346.63,3318.0,3328.28,10063.3678
2025-01-21 19:30:00+00:00,3328.28,3337.52,3318.2,3332.16,4932.0036
2025-01-21 20:00:00+00:00,3332.16,3339.49,3323.2,3323.5,3834.6604
2025-01-21 20:30:00+00:00,3323.52,3324.14,3304.01,3314.39,7296.8075
2025-01-21 21:00:00+00:00,3314.39,3315.41,3302.03,3312.3,6696.9829
2025-01-21 21:30:00+00:00,3312.3,3336.5,3311.31,3331.9,5518.396
2025-01-21 22:00:00+00:00,3331.9,3337.81,3326.7,3337.8,4506.2858
2025-01-21 22:30:00+00:00,3337.8,3347.12,3328.71,3333.74,4264.9489
2025-01-21 23:00:00+00:00,3333.75,3334.89,3308.11,3314.31,10671.794
2025-01-21 23:30:00+00:00,3314.3,3329.27,3313.74,3327.54,5309.3608
2025-01-22 00:00:00+00:00,3327.55,3339.4,3323.37,3329.97,6489.5336
2025-01-22 00:30:00+00:00,3329.98,3365.99,3323.68,3361.54,10889.9558
2025-01-22 01:00:00+00:00,3361.54,3361.55,3332.13,3338.77,8614.1113
2025-01-22 01:30:00+00:00,3338.78,3346.33,3321.31,3328.84,8114.3657
2025-01-22 02:00:00+00:00,3328.84,3336.76,3322.0,3334.15,5413.352
2025-01-22 02:30:00+00:00,3334.14,3347.0,3331.9,3343.77,9623.9196
2025-01-22 03:00:00+00:00,3343.76,3348.0,3334.13,3343.35,5585.9973
2025-01-22 03:30:00+00:00,3343.35,3345.0,3327.0,3330.98,5517.2144
2025-01-22 04:00:00+00:00,3330.98,3333.0,3323.82,3327.02,4027.1617
2025-01-22 04:30:00+00:00,3327.01,3333.1,3316.18,3331.96,4840.2615
2025-01-22 05:00:00+00:00,3331.96,3339.59,3324.59,3325.92,3750.3806
2025-01-22 05:30:00+00:00,3325.92,3325.92,3317.0,3318.5,5050.748
2025-01-22 06:00:00+00:00,3318.49,3324.27,3303.0,3306.26,6948.2162
2025-01-22 06:30:00+00:00,3306.28,3313.06,3305.0,3309.39,5251.7107
2025-01-22 07:00:00+00:00,3309.39,3311.0,3293.69,3301.0,11126.6569
2025-01-22 07:30:00+00:00,3301.0,3304.55,3287.0,3288.07,9593.343
2025-01-22 08:00:00+00:00,3288.08,3295.13,3274.61,3281.05,8855.3809
2025-01-22 08:30:00+00:00,3281.05,3301.56,3273.83,3299.56,11085.4862
2025-01-22 09:00:00+00:00,3299.56,3299.56,3290.37,3297.15,6649.0033
2025-01-22 09:30:00+00:00,3297.15,3304.25,3294.67,3298.55,3886.7517
2025-01-22 10:00:00+00:00,3298.55,3300.93,3289.14,3300.92,4825.6571
2025-01-22 10:30:00+00:00,3300.92,3308.17,3296.55,3308.09,6001.1452
2025-01-22 11:00:00+00:00,3308.09,3315.97,3304.51,3307.16,4731.1104
2025-01-22 11:30:00+00:00,3307.17,3329.99,3307.16,3326.55,6545.6522
2025-01-22 12:00:00+00:00,3326.55,3332.7,3313.87,3316.3,5339.7097
2025-01-22 12:30:00+00:00,3316.29,3319.67,3311.5,3316.97,2747.916
2025-01-22 13:00:00+00:00,3316.97,3319.29,3301.22,3305.06,5864.6776
2025-01-22 13:30:00+00:00,3305.07,3305.42,3280.19,3284.15,12095.0149
2025-01-22 14:00:00+00:00,3284.15,3307.25,3275.71,3307.19,10952.4557
2025-01-22 14:30:00+00:00,3307.19,3312.22,3267.17,3293.97,17118.5009
2025-01-22 15:00:00+00:00,3293.97,3305.68,3275.55,3275.95,10828.2777
2025-01-22 15:30:00+00:00,3275.95,3288.09,3270.0,3278.39,12866.2799
2025-01-22 16:00:00+00:00,3278.39,3280.64,3259.93,3279.8,13489.1747
2025-01-22 16:30:00+00:00,3279.81,3283.11,3269.1,3277.9,6371.0586
2025-01-22 17:00:00+00:00,3277.9,3285.62,3272.16,3282.06,4549.6397
2025-01-22 17:30:00+00:00,3282.06,3287.49,3275.75,3285.39,4126.5815
2025-01-22 18:00:00+00:00,3285.4,3291.3,3262.8,3268.66,5483.093
2025-01-22 18:30:00+00:00,3268.67,3278.0,3239.4,3249.93,11162.8767
2025-01-22 19:00:00+00:00,3249.94,3277.66,3248.3,3268.89,9045.8859
2025-01-22 19:30:00+00:00,3268.89,3280.65,3260.0,3261.99,7342.8464
2025-01-22 20:00:00+00:00,3262.0,3272.75,3260.33,3271.77,5837.8475
2025-01-22 20:30:00+00:00,3271.76,3276.6,3253.79,3256.61,5526.4314
2025-01-22 21:00:00+00:00,3256.6,3257.54,3241.37,3253.24,7719.8713
2025-01-22 21:30:00+00:00,3253.24,3264.87,3253.24,3259.32,4128.2017
2025-01-22 22:00:00+00:00,3259.32,3263.0,3241.38,3250.66,3909.7684
2025-01-22 22:30:00+00:00,3250.67,3266.36,3233.02,3238.89,5899.7322
2025-01-22 23:00:00+00:00,3238.89,3244.84,3222.85,3241.06,9800.3847
2025-01-22 23:30:00+00:00,3241.05,3246.87,3237.51,3242.6,3617.4084
2025-01-23 00:00:00+00:00,3242.61,3257.73,3238.21,3255.0,7521.2103
2025-01-23 00:30:00+00:00,3255.0,3261.34,3244.52,3253.62,5746.081
2025-01-23 01:00:00+00:00,3253.62,3258.38,3246.25,3254.94,4781.1489
2025-01-23 01:30:00+00:00,3254.94,3256.32,3220.43,3235.26,10505.4037
2025-01-23 02:00:00+00:00,3235.27,3237.38,3204.18,3224.79,16369.645
2025-01-23 02:30:00+00:00,3224.79,3226.92,3211.11,3223.13,8699.4226
2025-01-23 03:00:00+00:00,3223.13,3241.56,3220.48,3241.11,7315.0619
2025-01-23 03:30:00+00:00,3241.12,3243.22,3215.77,3226.92,5700.9084
2025-01-23 04:00:00+00:00,3227.0,3231.72,3206.32,3208.0,6533.285
2025-01-23 04:30:00+00:00,3208.0,3215.4,3185.0,3197.5,17517.343
2025-01-23 05:00:00+00:00,3197.51,3212.26,3196.61,3208.0,4725.7329
2025-01-23 05:30:00+00:00,3208.0,3221.32,3205.8,3215.0,4909.043
2025-01-23 06:00:00+00:00,3215.0,3225.1,3210.06,3224.32,3780.0658
2025-01-23 06:30:00+00:00,3224.31,3225.28,3204.81,3208.1,5173.3161
2025-01-23 07:00:00+00:00,3208.11,3217.99,3199.0,3214.99,5819.0695
2025-01-23 07:30:00+00:00,3214.99,3234.0,3207.88,3233.48,7416.6098
2025-01-23 08:00:00+00:00,3233.48,3233.65,3219.22,3222.09,5030.3372
2025-01-23 08:30:00+00:00,3222.08,3225.39,3208.63,3210.05,5765.5576
2025-01-23 09:00:00+00:00,3210.06,3221.76,3209.52,3216.36,4746.1761
2025-01-23 09:30:00+00:00,3216.37,3216.76,3192.09,3197.01,7806.875
2025-01-23 10:00:00+00:00,3197.01,3213.37,3193.8,3210.01,7052.5575
2025-01-23 10:30:00+00:00,3210.02,3212.5,3188.89,3203.99,8443.336
2025-01-23 11:00:00+00:00,3204.0,3210.5,3195.35,3207.76,9858.0855
2025-01-23 11:30:00+00:00,3207.75,3216.75,3207.7,3213.08,5611.779
2025-01-23 12:00:00+00:00,3213.08,3218.18,3189.69,3202.6,12663.4427
2025-01-23 12:30:00+00:00,3202.55,3214.86,3199.66,3203.75,9452.8259
2025-01-23 13:00:00+00:00,3203.75,3215.88,3202.01,3208.22,8333.0096
2025-01-23 13:30:00+00:00,3208.23,3243.0,3207.52,3233.99,17287.2128
2025-01-23 14:00:00+00:00,3233.99,3238.15,3222.66,3234.58,10607.9121
2025-01-23 14:30:00+00:00,3234.57,3286.72,3231.56,3275.55,42426.3996
2025-01-23 15:00:00+00:00,3275.55,3282.0,3225.68,3234.88,44893.6556
2025-01-23 15:30:00+00:00,3234.87,3266.09,3233.88,3259.33,16635.3035
2025-01-23 16:00:00+00:00,3259.33,3297.49,3256.42,3275.85,23009.9763
2025-01-23 16:30:00+00:00,3275.86,3283.44,3252.5,3254.72,10501.5045
2025-01-23 17:00:00+00:00,3254.72,3254.72,3230.74,3248.48,11400.4089
2025-01-23 17:30:00+00:00,3248.48,3272.0,3244.29,3265.85,7390.7934
2025-01-23 18:00:00+00:00,3265.85,3270.28,3243.61,3258.8,5288.3584
2025-01-23 18:30:00+00:00,3258.8,3261.95,3235.29,3241.09,5661.5215
2025-01-23 19:00:00+00:00,3241.09,3246.88,3206.66,3214.26,11554.8962
2025-01-23 19:30:00+00:00,3214.26,3227.27,3195.0,3204.98,11321.7186
2025-01-23 20:00:00+00:00,3204.98,3295.47,3196.25,3283.05,48931.8669
2025-01-23 20:30:00+00:00,3283.04,3293.24,3225.56,3247.18,38163.0748
2025-01-23 21:00:00+00:00,3247.17,3255.72,3213.93,3236.38,16447.7017
2025-01-23 21:30:00+00:00,3236.38,3255.86,3225.13,3248.56,10234.1694
2025-01-23 22:00:00+00:00,3248.56,3298.0,3246.25,3292.09,20265.5968
2025-01-23 22:30:00+00:00,3292.08,3323.49,3292.08,3322.36,19108.3885
2025-01-23 23:00:00+00:00,3322.36,3345.0,3312.0,3336.36,16859.0567
2025-01-23 23:30:00+00:00,3336.36,3347.97,3327.95,3338.21,10325.8773
2025-01-24 00:00:00+00:00,3338.22,3349.6,3313.61,3314.23,12022.1959
2025-01-24 00:30:00+00:00,3314.23,3316.29,3284.6,3285.42,11686.9875
2025-01-24 01:00:00+00:00,3285.42,3319.43,3284.27,3318.81,9633.8279
2025-01-24 01:30:00+00:00,3318.8,3325.97,3285.66,3298.49,11021.5715
2025-01-24 02:00:00+00:00,3298.49,3313.9,3289.06,3307.0,6076.942
2025-01-24 02:30:00+00:00,3306.99,3312.32,3280.24,3285.41,7382.0223
2025-01-24 03:00:00+00:00,3285.41,3307.33,3275.9,3298.51,10443.4414
2025-01-24 03:30:00+00:00,3298.51,3313.13,3296.44,3302.26,11553.4984
2025-01-24 04:00:00+00:00,3302.26,3310.5,3292.23,3303.51,4896.8513
2025-01-24 04:30:00+00:00,3303.5,3340.4,3300.3,3333.4,12417.4471
2025-01-24 05:00:00+00:00,3333.4,3375.59,3329.3,3367.5,21278.4055
2025-01-24 05:30:00+00:00,3367.5,3409.99,3364.14,3409.96,19774.1016
2025-01-24 06:00:00+00:00,3409.97,3421.0,3388.0,3396.8,22124.1243
2025-01-24 06:30:00+00:00,3396.8,3405.0,3378.0,3386.4,13275.0667
2025-01-24 07:00:00+00:00,3386.41,3401.0,3386.0,3388.32,8974.9199
2025-01-24 07:30:00+00:00,3388.31,3390.6,3372.33,3380.8,8294.1919
2025-01-24 08:00:00+00:00,3380.79,3408.48,3374.68,3408.0,9953.1069
2025-01-24 08:30:00+00:00,3408.0,3416.5,3396.0,3401.3,12767.8045
2025-01-24 09:00:00+00:00,3401.29,3413.0,3397.7,3401.71,5276.8705
2025-01-24 09:30:00+00:00,3401.7,3404.0,3391.68,3401.39,5700.4841
2025-01-24 10:00:00+00:00,3401.38,3405.99,3390.74,3395.64,5396.888
2025-01-24 10:30:00+00:00,3395.63,3415.0,3392.54,3413.4,8153.1525
2025-01-24 11:00:00+00:00,3413.39,3414.66,3401.5,3403.77,4548.5651
2025-01-24 11:30:00+00:00,3403.76,3404.84,3392.39,3399.22,5287.9482
2025-01-24 12:00:00+00:00,3399.21,3402.71,3386.67,3387.2,5802.169
2025-01-24 12:30:00+00:00,3387.2,3405.0,3387.02,3404.0,5588.6032
2025-01-24 13:00:00+00:00,3404.0,3428.0,3395.13,3402.36,14122.6755
2025-01-24 13:30:00+00:00,3402.35,3403.06,3391.16,3394.99,8153.485
2025-01-24 14:00:00+00:00,3395.0,3401.9,3383.34,3400.78,6386.3528
2025-01-24 14:30:00+00:00,3400.77,3422.7,3378.56,3399.66,17506.6383
2025-01-24 15:00:00+00:00,3399.67,3409.73,3382.15,3386.5,9573.6516
2025-01-24 15:30:00+00:00,3386.5,3390.36,3355.67,3383.69,15144.3687
2025-01-24 16:00:00+00:00,3383.64,3393.0,3377.39,3389.71,7509.5157
2025-01-24 16:30:00+00:00,3389.7,3397.87,3378.4,3380.2,5497.8238
2025-01-24 17:00:00+00:00,3380.2,3397.19,3373.1,3392.2,6785.6401
2025-01-24 17:30:00+00:00,3392.2,3406.24,3385.07,3397.9,5874.9653
2025-01-24 18:00:00+00:00,3397.88,3409.4,3388.8,3394.09,6267.2033
2025-01-24 18:30:00+00:00,3394.1,3397.09,3375.5,3381.49,6159.0483
2025-01-24 19:00:00+00:00,3381.49,3394.18,3372.34,3391.68,8540.5237
2025-01-24 19:30:00+00:00,3391.67,3395.0,3365.0,3368.7,8239.9426
2025-01-24 20:00:00+00:00,3368.7,3378.79,3338.12,3341.02,16349.2517
2025-01-24 20:30:00+00:00,3341.03,3346.66,3327.19,3329.28,11004.3705
2025-01-24 21:00:00+00:00,3329.29,3346.99,3328.29,3341.1,7008.7744
2025-01-24 21:30:00+00:00,3341.09,3342.84,3323.49,3329.84,7866.588
2025-01-24 22:00:00+00:00,3329.9,3335.57,3322.36,3325.91,7053.7625
2025-01-24 22:30:00+00:00,3325.91,3336.88,3322.7,3325.73,2838.8664
2025-01-24 23:00:00+00:00,3325.72,3325.99,3304.11,3310.06,8137.0451
2025-01-24 23:30:00+00:00,3310.07,3314.6,3305.01,3310.09,6172.5947
2025-01-25 00:00:00+00:00,3310.1,3313.98,3293.59,3304.43,8978.6478
2025-01-25 00:30:00+00:00,3304.43,3306.14,3270.46,3273.97,14129.9333
2025-01-25 01:00:00+00:00,3273.97,3303.81,3268.66,3298.4,9207.2334
2025-01-25 01:30:00+00:00,3298.4,3306.5,3292.14,3294.54,6382.9285
2025-01-25 02:00:00+00:00,3294.54,3304.1,3289.33,3298.59,4537.5619
2025-01-25 02:30:00+00:00,3298.58,3302.5,3293.58,3295.0,2912.3378
2025-01-25 03:00:00+00:00,3295.0,3308.23,3292.42,3307.8,4235.4241
2025-01-25 03:30:00+00:00,3307.8,3325.0,3307.8,3319.44,6195.4957
2025-01-25 04:00:00+00:00,3319.43,3319.7,3303.81,3305.94,3273.5209
2025-01-25 04:30:00+00:00,3305.94,3311.14,3298.02,3300.05,3091.2734
2025-01-25 05:00:00+00:00,3300.05,3300.94,3288.0,3298.65,5113.4002
2025-01-25 05:30:00+00:00,3298.66,3302.87,3293.23,3296.51,1673.3466
2025-01-25 06:00:00+00:00,3296.5,3303.31,3283.82,3291.86,7871.741
2025-01-25 06:30:00+00:00,3291.87,3293.6,3284.48,3292.51,4807.1067
2025-01-25 07:00:00+00:00,3292.51,3293.91,3283.57,3291.45,4042.6554
2025-01-25 07:30:00+00:00,3291.45,3295.45,3287.62,3291.53,2655.9741
2025-01-25 08:00:00+00:00,3291.52,3301.2,3287.27,3292.45,4485.2434
2025-01-25 08:30:00+00:00,3292.45,3292.61,3282.62,3291.06,1899.8516
2025-01-25 09:00:00+00:00,3291.06,3292.49,3285.15,3286.73,2222.0194
2025-01-25 09:30:00+00:00,3286.73,3292.03,3281.35,3283.69,1848.1694
2025-01-25 10:00:00+00:00,3283.69,3286.73,3272.09,3277.58,5031.6385
2025-01-25 10:30:00+00:00,3277.51,3298.24,3277.01,3295.53,2998.5145
2025-01-25 11:00:00+00:00,3295.53,3299.8,3291.13,3294.87,3464.7626
2025-01-25 11:30:00+00:00,3294.87,3311.5,3293.06,3306.91,4503.57
2025-01-25 12:00:00+00:00,3306.91,3307.24,3296.44,3297.01,2666.7424
2025-01-25 12:30:00+00:00,3297.01,3306.68,3294.24,3306.17,3080.4445
2025-01-25 13:00:00+00:00,3306.17,3308.81,3301.4,3302.96,2596.9611
2025-01-25 13:30:00+00:00,3302.96,3310.1,3300.68,3307.83,2576.3713
2025-01-25 14:00:00+00:00,3307.82,3309.28,3298.45,3305.4,2223.8217
2025-01-25 14:30:00+00:00,3305.4,3319.5,3299.62,3315.85,3156.1049
2025-01-25 15:00:00+00:00,3315.84,3341.81,3310.0,3332.92,13657.7105
2025-01-25 15:30:00+00:00,3332.94,3345.0,3328.33,3334.62,7247.5336
2025-01-25 16:00:00+00:00,3334.62,3349.58,3330.64,3343.43,6569.6767
2025-01-25 16:30:00+00:00,3343.44,3344.95,3332.0,3342.27,4562.6215
2025-01-25 17:00:00+00:00,3342.28,3346.19,3330.63,3341.09,5495.8859
2025-01-25 17:30:00+00:00,3341.1,3346.18,3330.76,3344.17,4202.5748
2025-01-25 18:00:00+00:00,3344.16,3348.67,3335.6,3339.75,3417.4415
2025-01-25 18:30:00+00:00,3339.76,3345.71,3336.6,3342.2,2379.3834
2025-01-25 19:00:00+00:00,3342.19,3344.45,3337.78,3339.56,2397.5954
2025-01-25 19:30:00+00:00,3339.56,3342.49,3334.71,3340.3,1662.5679
2025-01-25 20:00:00+00:00,3340.29,3350.68,3339.19,3347.32,2144.6188
2025-01-25 20:30:00+00:00,3347.32,3350.29,3335.8,3337.03,2315.3167
2025-01-25 21:00:00+00:00,3337.04,3341.2,3332.53,3339.54,3098.0976
2025-01-25 21:30:00+00:00,3339.54,3342.72,3334.27,3339.43,2354.309
2025-01-25 22:00:00+00:00,3339.43,3346.0,3338.2,3338.99,3003.765
2025-01-25 22:30:00+00:00,3339.0,3339.61,3332.1,3334.42,1854.7717
2025-01-25 23:00:00+00:00,3334.42,3337.0,3322.79,3330.05,4733.6345
2025-01-25 23:30:00+00:00,3330.06,3330.06,3314.87,3318.77,5598.7409
2025-01-26 00:00:00+00:00,3318.76,3322.79,3313.9,3318.2,9069.8602
2025-01-26 00:30:00+00:00,3318.2,3327.5,3315.25,3321.01,2611.4161
2025-01-26 01:00:00+00:00,3321.01,3332.47,3318.6,3328.61,2334.4103
2025-01-26 01:30:00+00:00,3328.62,3337.78,3325.68,3331.18,4619.3406
2025-01-26 02:00:00+00:00,3331.18,3331.19,3320.66,3326.23,2344.5744
2025-01-26 02:30:00+00:00,3326.24,3328.35,3318.14,3328.35,2008.9806
2025-01-26 03:00:00+00:00,3328.4,3333.57,3326.36,3329.25,3116.5191
2025-01-26 03:30:00+00:00,3329.25,3350.0,3329.25,3338.94,4515.7036
2025-01-26 04:00:00+00:00,3338.95,3362.0,3336.41,3359.29,5452.5174
2025-01-26 04:30:00+00:00,3359.3,3360.36,3348.34,3352.27,6117.9017
2025-01-26 05:00:00+00:00,3352.27,3353.6,3340.66,3340.9,3065.0388
2025-01-26 05:30:00+00:00,3340.9,3347.8,3338.0,3342.32,6116.0611
2025-01-26 06:00:00+00:00,3342.32,3348.01,3338.63,3344.93,3575.0634
2025-01-26 06:30:00+00:00,3344.93,3345.89,3341.31,3341.85,2153.2647
2025-01-26 07:00:00+00:00,3341.85,3345.33,3334.44,3336.2,2383.9837
2025-01-26 07:30:00+00:00,3336.21,3339.35,3330.3,3338.56,3111.91
2025-01-26 08:00:00+00:00,3338.57,3343.45,3331.0,3332.2,3730.3799
2025-01-26 08:30:00+00:00,3332.2,3334.2,3323.43,3332.08,2734.1939
2025-01-26 09:00:00+00:00,3332.08,3332.49,3306.21,3311.51,6873.5946
2025-01-26 09:30:00+00:00,3311.52,3311.52,3292.82,3298.5,10385.2915
2025-01-26 10:00:00+00:00,3298.5,3306.76,3295.81,3305.12,3803.833
2025-01-26 10:30:00+00:00,3305.13,3306.71,3296.53,3305.98,3421.6587
2025-01-26 11:00:00+00:00,3305.99,3316.55,3302.73,3308.8,4475.5813
2025-01-26 11:30:00+00:00,3308.8,3313.86,3307.03,3312.3,2314.7313
2025-01-26 12:00:00+00:00,3312.3,3312.3,3301.2,3304.8,3166.8224
2025-01-26 12:30:00+00:00,3304.79,3308.5,3300.14,3307.77,4055.3769
2025-01-26 13:00:00+00:00,3307.76,3308.7,3299.66,3301.55,10444.1893
2025-01-26 13:30:00+00:00,3301.55,3308.89,3301.02,3307.84,3274.8502
2025-01-26 14:00:00+00:00,3307.85,3307.85,3297.47,3300.71,4478.2743
2025-01-26 14:30:00+00:00,3300.71,3313.16,3300.7,3311.09,2672.6125
2025-01-26 15:00:00+00:00,3311.09,3320.68,3308.74,3315.17,4195.3139
2025-01-26 15:30:00+00:00,3315.17,3319.2,3312.21,3315.31,3108.2733
2025-01-26 16:00:00+00:00,3315.31,3318.17,3307.96,3312.59,4546.5697
2025-01-26 16:30:00+00:00,3312.6,3320.0,3312.59,3315.82,2331.8607
2025-01-26 17:00:00+00:00,3315.83,3323.06,3315.36,3320.1,2594.7114
2025-01-26 17:30:00+00:00,3320.1,3344.88,3318.14,3338.04,6870.3322
2025-01-26 18:00:00+00:00,3338.03,3342.92,3334.02,3340.2,5051.7761
2025-01-26 18:30:00+00:00,3340.21,3342.82,3336.08,3337.16,3679.2727
2025-01-26 19:00:00+00:00,3337.17,3340.3,3329.62,3333.2,3014.1106
2025-01-26 19:30:00+00:00,3333.21,3341.95,3330.25,3338.74,4549.6176
2025-01-26 20:00:00+00:00,3338.73,3342.34,3334.38,3340.33,3110.6246
2025-01-26 20:30:00+00:00,3340.33,3340.49,3327.23,3329.67,2878.4009
2025-01-26 21:00:00+00:00,3329.68,3330.0,3309.48,3315.06,6278.583
2025-01-26 21:30:00+00:00,3315.07,3318.53,3291.35,3296.45,9257.3888
2025-01-26 22:00:00+00:00,3296.45,3300.0,3281.56,3299.96,12651.5698
2025-01-26 22:30:00+00:00,3299.96,3309.87,3288.05,3288.16,6965.4483
2025-01-26 23:00:00+00:00,3288.16,3288.16,3237.04,3251.14,41137.1359
2025-01-26 23:30:00+00:00,3251.13,3251.13,3230.0,3232.61,21516.544
2025-01-27 00:00:00+00:00,3232.61,3253.91,3210.57,3231.93,24652.1985
2025-01-27 00:30:00+00:00,3231.94,3232.44,3210.0,3214.12,15778.0785
2025-01-27 01:00:00+00:00,3214.13,3224.5,3188.01,3204.2,27331.9313
2025-01-27 01:30:00+00:00,3204.2,3218.0,3195.4,3195.58,12756.3429
2025-01-27 02:00:00+00:00,3195.58,3195.58,3164.0,3178.29,31751.2684
2025-01-27 02:30:00+00:00,3178.3,3184.0,3165.18,3170.82,13196.3097
2025-01-27 03:00:00+00:00,3170.82,3199.96,3160.71,3191.59,11183.9286
2025-01-27 03:30:00+00:00,3191.59,3191.59,3177.67,3183.6,7102.3459
2025-01-27 04:00:00+00:00,3183.6,3183.6,3155.15,3165.87,9922.1619
2025-01-27 04:30:00+00:00,3165.88,3169.0,3156.02,3157.14,9047.4843
2025-01-27 05:00:00+00:00,3157.14,3164.3,3148.24,3155.61,14192.9473
2025-01-27 05:30:00+00:00,3155.61,3155.71,3115.0,3140.94,20417.655
2025-01-27 06:00:00+00:00,3140.94,3151.39,3103.0,3117.34,21710.1382
2025-01-27 06:30:00+00:00,3117.34,3120.0,3079.0,3084.05,32714.4737
2025-01-27 07:00:00+00:00,3084.06,3091.41,3020.01,3027.36,48217.7838
2025-01-27 07:30:00+00:00,3027.39,3083.8,3026.37,3070.8,34765.7555
2025-01-27 08:00:00+00:00,3070.8,3073.54,3052.0,3061.92,17073.1887
2025-01-27 08:30:00+00:00,3061.92,3066.32,3038.81,3066.01,15767.2043
2025-01-27 09:00:00+00:00,3066.01,3090.77,3060.0,3060.34,15713.0708
2025-01-27 09:30:00+00:00,3060.31,3085.0,3058.43,3080.5,12638.3395
2025-01-27 10:00:00+00:00,3080.49,3081.5,3060.06,3063.05,11456.243
2025-01-27 10:30:00+00:00,3063.05,3065.6,3034.48,3038.39,17259.5595
2025-01-27 11:00:00+00:00,3038.4,3071.7,3037.65,3067.37,14488.9265
2025-01-27 11:30:00+00:00,3067.36,3075.5,3058.5,3058.94,9022.978
2025-01-27 12:00:00+00:00,3058.94,3073.92,3053.67,3059.52,9317.3373
2025-01-27 12:30:00+00:00,3059.52,3122.87,3055.6,3103.13,23226.728
2025-01-27 13:00:00+00:00,3103.13,3134.74,3095.21,3118.56,23766.2228
2025-01-27 13:30:00+00:00,3118.6,3126.79,3088.85,3099.32,14315.299
2025-01-27 14:00:00+00:00,3099.33,3106.33,3083.21,3103.86,8153.5668
2025-01-27 14:30:00+00:00,3103.85,3146.61,3092.93,3137.51,25284.0951
2025-01-27 15:00:00+00:00,3137.51,3144.24,3112.0,3139.98,16689.3904
2025-01-27 15:30:00+00:00,3139.98,3152.0,3130.0,3133.4,9890.2437
2025-01-27 16:00:00+00:00,3133.39,3133.39,3114.5,3118.61,10978.1132
2025-01-27 16:30:00+00:00,3118.6,3118.6,3075.81,3084.0,21098.6518
2025-01-27 17:00:00+00:00,3084.01,3099.08,3067.38,3086.97,13059.305
2025-01-27 17:30:00+00:00,3086.96,3096.86,3066.68,3072.7,8743.3202
2025-01-27 18:00:00+00:00,3072.7,3088.95,3067.33,3069.01,8647.3857
2025-01-27 18:30:00+00:00,3069.0,3078.88,3046.68,3054.82,13545.3664
2025-01-27 19:00:00+00:00,3054.82,3076.61,3054.81,3074.77,7787.6822
2025-01-27 19:30:00+00:00,3074.77,3081.99,3065.68,3075.93,7957.1051
2025-01-27 20:00:00+00:00,3075.93,3106.99,3073.13,3100.11,6458.0116
2025-01-27 20:30:00+00:00,3100.12,3148.97,3100.12,3145.38,11007.5344
2025-01-27 21:00:00+00:00,3145.37,3239.0,3142.0,3180.29,31148.3276
2025-01-27 21:30:00+00:00,3180.29,3183.76,3146.71,3159.25,11314.8366
2025-01-27 22:00:00+00:00,3159.26,3173.43,3146.54,3156.01,6034.535
2025-01-27 22:30:00+00:00,3156.0,3181.5,3156.0,3170.95,5664.8788
2025-01-27 23:00:00+00:00,3170.95,3180.75,3160.0,3163.59,6375.0082
2025-01-27 23:30:00+00:00,3163.59,3183.04,3163.48,3182.44,4381.4942
2025-01-28 00:00:00+00:00,3182.44,3203.89,3177.81,3178.3,14275.3519
2025-01-28 00:30:00+00:00,3178.31,3182.31,3164.2,3167.28,7786.3136
2025-01-28 01:00:00+00:00,3167.29,3170.75,3152.25,3153.99,5152.0082
2025-01-28 01:30:00+00:00,3153.99,3176.88,3151.62,3166.68,4538.8335
2025-01-28 02:00:00+00:00,3166.61,3196.0,3165.21,3187.96,5082.8057
2025-01-28 02:30:00+00:00,3188.0,3199.77,3183.45,3192.83,5818.5527
2025-01-28 03:00:00+00:00,3192.83,3202.43,3175.73,3198.87,7543.1172
2025-01-28 03:30:00+00:00,3198.86,3218.39,3195.5,3203.15,9533.4136
2025-01-28 04:00:00+00:00,3203.15,3208.66,3197.78,3202.94,3791.3099
2025-01-28 04:30:00+00:00,3202.94,3223.01,3202.93,3212.37,6380.0659
2025-01-28 05:00:00+00:00,3212.38,3220.03,3209.0,3215.31,4012.9372
2025-01-28 05:30:00+00:00,3215.31,3221.97,3209.39,3212.95,4225.535
2025-01-28 06:00:00+00:00,3212.95,3215.41,3203.74,3207.7,4847.5427
2025-01-28 06:30:00+00:00,3207.7,3211.57,3191.97,3195.0,4978.3698
2025-01-28 07:00:00+00:00,3194.99,3216.11,3188.8,3209.56,3393.1632
2025-01-28 07:30:00+00:00,3209.54,3210.4,3193.3,3196.22,5247.5456
2025-01-28 08:00:00+00:00,3196.22,3205.45,3183.4,3197.63,4919.0313
2025-01-28 08:30:00+00:00,3197.63,3201.23,3188.15,3198.4,3819.3312
2025-01-28 09:00:00+00:00,3198.4,3201.62,3184.7,3185.57,4559.9304
2025-01-28 09:30:00+00:00,3185.57,3198.44,3184.22,3196.92,3065.6408
2025-01-28 10:00:00+00:00,3196.92,3208.0,3190.77,3202.2,3995.0254
2025-01-28 10:30:00+00:00,3202.2,3202.53,3189.26,3194.38,3504.1779
2025-01-28 11:00:00+00:00,3194.39,3200.89,3187.01,3189.18,2599.0298
2025-01-28 11:30:00+00:00,3189.19,3191.6,3177.1,3186.74,3465.6282
2025-01-28 12:00:00+00:00,3186.75,3196.01,3180.0,3183.19,3570.643
2025-01-28 12:30:00+00:00,3183.18,3183.18,3166.4,3174.99,4744.5307
2025-01-28 13:00:00+00:00,3174.99,3189.5,3171.21,3187.76,2987.8467
2025-01-28 13:30:00+00:00,3187.75,3187.75,3170.49,3175.36,2783.6068
2025-01-28 14:00:00+00:00,3175.36,3175.71,3156.86,3171.83,7276.2553
2025-01-28 14:30:00+00:00,3171.84,3180.5,3158.59,3172.31,10878.407
2025-01-28 15:00:00+00:00,3172.32,3199.22,3171.2,3195.57,11523.4202
2025-01-28 15:30:00+00:00,3195.58,3214.38,3173.36,3181.36,12343.8464
2025-01-28 16:00:00+00:00,3181.37,3182.98,3155.21,3160.8,7853.6063
2025-01-28 16:30:00+00:00,3160.8,3167.0,3136.74,3150.81,12811.2221
2025-01-28 17:00:00+00:00,3150.8,3182.77,3150.8,3174.71,10873.1252
2025-01-28 17:30:00+00:00,3174.71,3179.51,3157.0,3167.62,6698.9601
2025-01-28 18:00:00+00:00,3167.62,3177.56,3161.85,3164.02,4718.3892
2025-01-28 18:30:00+00:00,3164.02,3167.12,3141.0,3144.06,8067.5256
2025-01-28 19:00:00+00:00,3144.06,3146.32,3120.36,3141.94,10783.2984
2025-01-28 19:30:00+00:00,3141.94,3150.49,3134.11,3147.31,8801.7199
2025-01-28 20:00:00+00:00,3147.31,3155.37,3133.44,3133.85,9635.9285
2025-01-28 20:30:00+00:00,3133.84,3135.38,3093.03,3095.42,14308.3369
2025-01-28 21:00:00+00:00,3095.42,3115.27,3093.98,3099.85,12505.332
2025-01-28 21:30:00+00:00,3099.85,3100.39,3052.15,3053.51,19107.3755
2025-01-28 22:00:00+00:00,3053.5,3087.0,3040.03,3068.24,22311.6244
2025-01-28 22:30:00+00:00,3068.25,3091.06,3061.79,3084.16,6685.451
2025-01-28 23:00:00+00:00,3084.15,3097.0,3062.87,3066.4,7259.3651
2025-01-28 23:30:00+00:00,3066.4,3081.67,3053.84,3077.72,5895.2403
2025-01-29 00:00:00+00:00,3077.72,3105.65,3076.31,3094.34,7860.9109
2025-01-29 00:30:00+00:00,3094.37,3117.43,3089.69,3110.14,5669.231
2025-01-29 01:00:00+00:00,3110.15,3120.0,3102.64,3105.04,4128.0897
2025-01-29 01:30:00+00:00,3105.04,3116.5,3099.21,3110.78,3870.0809
2025-01-29 02:00:00+00:00,3110.78,3129.43,3110.1,3115.7,5972.7413
2025-01-29 02:30:00+00:00,3115.7,3120.86,3110.28,3114.1,2685.4286
2025-01-29 03:00:00+00:00,3114.1,3124.14,3108.15,3116.51,3504.4481
2025-01-29 03:30:00+00:00,3116.5,3132.69,3111.13,3130.43,4874.8271
2025-01-29 04:00:00+00:00,3130.43,3138.5,3124.6,3138.12,4558.8989
2025-01-29 04:30:00+00:00,3138.12,3140.0,3123.01,3124.33,4372.7831
2025-01-29 05:00:00+00:00,3124.32,3134.41,3122.13,3125.34,3233.1858
2025-01-29 05:30:00+00:00,3125.35,3131.0,3117.01,3131.0,3317.7147
2025-01-29 06:00:00+00:00,3131.0,3146.0,3128.65,3140.9,4972.9682
2025-01-29 06:30:00+00:00,3140.89,3150.27,3140.55,3147.32,3822.4931
2025-01-29 07:00:00+00:00,3147.32,3147.32,3139.01,3146.49,2277.9937
2025-01-29 07:30:00+00:00,3146.48,3160.0,3144.79,3156.89,5160.9519
2025-01-29 08:00:00+00:00,3156.88,3164.11,3149.17,3154.15,5240.0882
2025-01-29 08:30:00+00:00,3154.14,3156.6,3143.35,3147.51,4133.0362
2025-01-29 09:00:00+00:00,3147.5,3148.46,3123.14,3126.01,5938.3081
2025-01-29 09:30:00+00:00,3126.01,3136.48,3126.01,3130.32,2863.0527
2025-01-29 10:00:00+00:00,3130.32,3140.0,3119.8,3136.23,5062.8459
2025-01-29 10:30:00+00:00,3136.24,3143.53,3132.64,3137.7,2524.7575
2025-01-29 11:00:00+00:00,3137.7,3141.99,3133.68,3137.89,2499.2031
2025-01-29 11:30:00+00:00,3137.89,3144.0,3132.03,3135.13,3036.8556
2025-01-29 12:00:00+00:00,3135.13,3140.38,3123.62,3124.91,5383.9995
2025-01-29 12:30:00+00:00,3124.91,3128.04,3112.92,3118.7,6461.2887
2025-01-29 13:00:00+00:00,3118.71,3122.18,3089.26,3094.36,11306.9837
2025-01-29 13:30:00+00:00,3094.37,3108.31,3091.52,3102.5,8490.0509
2025-01-29 14:00:00+00:00,3102.5,3115.07,3097.25,3113.02,5584.6564
2025-01-29 14:30:00+00:00,3113.02,3116.9,3080.57,3096.62,13116.5404
2025-01-29 15:00:00+00:00,3096.62,3119.19,3094.16,3099.25,7189.0039
2025-01-29 15:30:00+00:00,3099.24,3110.14,3095.5,3101.12,5724.7318
2025-01-29 16:00:00+00:00,3101.11,3105.34,3072.57,3090.96,9048.5152
2025-01-29 16:30:00+00:00,3090.97,3099.9,3080.0,3086.09,4220.4958
2025-01-29 17:00:00+00:00,3086.09,3124.27,3084.66,3120.01,6523.4793
2025-01-29 17:30:00+00:00,3120.01,3132.08,3109.81,3111.59,6217.105
2025-01-29 18:00:00+00:00,3111.6,3115.35,3089.64,3111.6,7576.5301
2025-01-29 18:30:00+00:00,3111.57,3135.16,3110.0,3127.94,6814.2671
2025-01-29 19:00:00+00:00,3127.94,3128.12,3054.06,3058.72,39164.3205
2025-01-29 19:30:00+00:00,3058.72,3153.22,3056.51,3126.5,59257.842
2025-01-29 20:00:00+00:00,3126.49,3182.52,3091.0,3162.69,34025.3759
2025-01-29 20:30:00+00:00,3162.7,3173.57,3127.62,3136.56,20838.645
2025-01-29 21:00:00+00:00,3136.56,3150.42,3113.64,3150.0,17397.7584
2025-01-29 21:30:00+00:00,3149.99,3163.36,3138.07,3140.61,11038.1937
2025-01-29 22:00:00+00:00,3140.6,3144.43,3124.5,3141.74,7706.9531
2025-01-29 22:30:00+00:00,3141.74,3159.35,3131.87,3132.45,4078.3041
2025-01-29 23:00:00+00:00,3132.45,3149.0,3127.13,3135.48,4992.4528
2025-01-29 23:30:00+00:00,3135.48,3135.91,3109.5,3113.9,5998.87
2025-01-30 00:00:00+00:00,3113.9,3116.8,3098.04,3102.13,7565.2823
2025-01-30 00:30:00+00:00,3102.14,3127.18,3091.06,3124.42,6483.2882
2025-01-30 01:00:00+00:00,3124.42,3149.0,3121.0,3143.56,6547.8693
2025-01-30 01:30:00+00:00,3143.56,3155.51,3134.85,3138.39,6963.2672
2025-01-30 02:00:00+00:00,3138.39,3148.56,3128.07,3148.49,5792.5308
2025-01-30 02:30:00+00:00,3148.5,3155.37,3143.01,3155.37,7373.7524
2025-01-30 03:00:00+00:00,3155.36,3173.72,3153.64,3168.04,5530.6136
2025-01-30 03:30:00+00:00,3168.04,3202.58,3162.03,3201.5,13511.2729
2025-01-30 04:00:00+00:00,3201.5,3215.73,3192.48,3203.48,10206.5154
2025-01-30 04:30:00+00:00,3203.49,3204.91,3187.42,3196.81,6141.6121
2025-01-30 05:00:00+00:00,3196.83,3198.9,3183.63,3186.49,3919.7269
2025-01-30 05:30:00+00:00,3186.49,3195.43,3182.75,3194.99,3053.4178
2025-01-30 06:00:00+00:00,3194.99,3208.38,3191.68,3194.85,5310.1054
2025-01-30 06:30:00+00:00,3194.84,3197.3,3184.68,3186.1,3196.2924
2025-01-30 07:00:00+00:00,3186.11,3194.8,3180.5,3186.5,4406.1836
2025-01-30 07:30:00+00:00,3186.49,3191.7,3178.76,3191.04,5037.4248
2025-01-30 08:00:00+00:00,3191.04,3197.45,3181.1,3192.28,4555.8712
2025-01-30 08:30:00+00:00,3192.27,3211.35,3186.77,3205.01,6151.2729
2025-01-30 09:00:00+00:00,3205.01,3216.38,3200.59,3208.99,7265.7311
2025-01-30 09:30:00+00:00,3208.99,3229.82,3206.63,3221.54,8208.6466
2025-01-30 10:00:00+00:00,3221.55,3223.0,3208.47,3210.39,5087.2449
2025-01-30 10:30:00+00:00,3210.4,3219.69,3207.76,3219.69,2643.5752
2025-01-30 11:00:00+00:00,3219.69,3227.06,3214.74,3220.98,6108.6335
2025-01-30 11:30:00+00:00,3220.97,3227.8,3217.61,3222.71,3479.754
2025-01-30 12:00:00+00:00,3222.71,3224.28,3209.24,3215.99,4361.5914
2025-01-30 12:30:00+00:00,3215.99,3221.99,3213.21,3220.01,3834.0192
2025-01-30 13:00:00+00:00,3220.0,3262.03,3215.76,3261.51,17593.5872
2025-01-30 13:30:00+00:00,3261.5,3275.97,3243.97,3263.14,17718.7526
2025-01-30 14:00:00+00:00,3263.14,3269.93,3246.04,3253.91,19053.2737
2025-01-30 14:30:00+00:00,3253.92,3281.0,3241.05,3271.24,21773.5687
2025-01-30 15:00:00+00:00,3271.23,3280.0,3248.31,3252.14,19843.9431
2025-01-30 15:30:00+00:00,3252.14,3277.14,3250.55,3255.3,11010.1717
2025-01-30 16:00:00+00:00,3255.3,3273.0,3249.06,3267.48,9785.5681
2025-01-30 16:30:00+00:00,3267.48,3279.95,3260.0,3278.93,5172.5627
2025-01-30 17:00:00+00:00,3278.94,3283.43,3265.93,3267.8,6756.474
2025-01-30 17:30:00+00:00,3267.79,3274.23,3257.42,3272.6,7383.8886
2025-01-30 18:00:00+00:00,3272.6,3276.97,3255.22,3261.55,6745.9443
2025-01-30 18:30:00+00:00,3261.55,3275.68,3258.24,3270.34,4822.3687
2025-01-30 19:00:00+00:00,3270.34,3276.27,3263.59,3269.7,5061.6691
2025-01-30 19:30:00+00:00,3269.69,3273.0,3255.9,3271.61,3033.67
2025-01-30 20:00:00+00:00,3271.6,3273.2,3257.26,3258.31,4327.8401
2025-01-30 20:30:00+00:00,3258.3,3258.86,3228.68,3231.6,16487.3295
2025-01-30 21:00:00+00:00,3231.6,3244.19,3231.5,3240.65,4003.7562
2025-01-30 21:30:00+00:00,3240.65,3248.13,3234.39,3244.35,3685.7326
2025-01-30 22:00:00+00:00,3244.35,3249.92,3238.28,3248.33,2623.7375
2025-01-30 22:30:00+00:00,3248.32,3272.0,3248.32,3260.88,4561.3086
2025-01-30 23:00:00+00:00,3260.88,3270.0,3258.69,3262.01,3449.6494
2025-01-30 23:30:00+00:00,3262.01,3262.5,3245.52,3247.39,3009.1908
2025-01-31 00:00:00+00:00,3247.38,3261.47,3237.23,3259.33,5884.1066
2025-01-31 00:30:00+00:00,3259.32,3271.6,3252.92,3270.5,4707.917
2025-01-31 01:00:00+00:00,3270.5,3273.89,3254.09,3263.89,4512.9689
2025-01-31 01:30:00+00:00,3263.9,3271.95,3262.25,3270.63,3795.0473
2025-01-31 02:00:00+00:00,3270.63,3279.5,3255.0,3258.01,6565.9202
2025-01-31 02:30:00+00:00,3258.0,3258.82,3247.37,3247.61,4727.7274
2025-01-31 03:00:00+00:00,3247.6,3247.61,3226.26,3230.01,9348.1571
2025-01-31 03:30:00+00:00,3230.01,3235.36,3221.2,3230.65,5331.5144
2025-01-31 04:00:00+00:00,3230.65,3235.88,3220.45,3233.71,2797.7115
2025-01-31 04:30:00+00:00,3233.7,3234.48,3213.8,3216.61,6206.6658
2025-01-31 05:00:00+00:00,3216.61,3243.77,3216.0,3239.09,4683.1657
2025-01-31 05:30:00+00:00,3239.08,3248.93,3235.55,3245.32,3286.7914
2025-01-31 06:00:00+00:00,3245.32,3249.76,3241.62,3246.0,1996.9156
2025-01-31 06:30:00+00:00,3246.0,3271.5,3246.0,3262.93,11006.49
2025-01-31 07:00:00+00:00,3262.94,3276.93,3257.28,3265.01,10750.8028
2025-01-31 07:30:00+00:00,3265.01,3265.1,3239.2,3241.63,9761.7906
2025-01-31 08:00:00+00:00,3241.63,3249.08,3235.02,3238.85,5829.3363
2025-01-31 08:30:00+00:00,3238.86,3241.91,3234.05,3237.01,9592.9877
2025-01-31 09:00:00+00:00,3237.01,3251.0,3235.0,3250.38,4719.579
2025-01-31 09:30:00+00:00,3250.39,3271.33,3250.0,3266.4,9331.8841
2025-01-31 10:00:00+00:00,3266.4,3271.9,3258.72,3261.42,8309.7815
2025-01-31 10:30:00+00:00,3261.42,3272.0,3256.57,3269.68,5568.0293
2025-01-31 11:00:00+00:00,3269.67,3333.01,3269.67,3329.35,32623.8869
2025-01-31 11:30:00+00:00,3329.35,3338.55,3320.01,3335.16,17886.2798
2025-01-31 12:00:00+00:00,3335.16,3358.2,3325.3,3350.65,23800.9134
2025-01-31 12:30:00+00:00,3350.66,3359.72,3344.61,3350.69,16128.2113
2025-01-31 13:00:00+00:00,3350.7,3370.13,3350.0,3356.77,17246.1588
2025-01-31 13:30:00+00:00,3356.78,3360.23,3341.49,3354.68,13825.4919
2025-01-31 14:00:00+00:00,3354.67,3371.71,3348.49,3362.99,17027.0992
2025-01-31 14:30:00+00:00,3362.99,3374.02,3334.71,3351.11,26495.0949
2025-01-31 15:00:00+00:00,3351.11,3395.0,3351.11,3392.57,29537.9738
2025-01-31 15:30:00+00:00,3392.57,3436.34,3388.67,3427.66,42725.7455
2025-01-31 16:00:00+00:00,3427.65,3437.31,3394.98,3397.88,36346.4559
2025-01-31 16:30:00+00:00,3397.88,3407.73,3391.2,3403.09,15391.6455
2025-01-31 17:00:00+00:00,3403.1,3405.45,3385.27,3396.98,10364.3421
2025-01-31 17:30:00+00:00,3396.99,3398.63,3370.34,3375.88,10291.8087
2025-01-31 18:00:00+00:00,3375.87,3385.11,3345.25,3346.98,19771.9983
2025-01-31 18:30:00+00:00,3346.98,3347.64,3294.97,3314.76,53529.1549
2025-01-31 19:00:00+00:00,3314.76,3333.5,3308.13,3326.08,21434.6191
2025-01-31 19:30:00+00:00,3326.09,3345.84,3315.15,3339.08,16610.9624
2025-01-31 20:00:00+00:00,3339.07,3339.07,3285.68,3312.32,20595.2999
2025-01-31 20:30:00+00:00,3312.33,3332.79,3306.03,3315.99,15457.7955
2025-01-31 21:00:00+00:00,3315.91,3320.6,3280.0,3286.74,16434.3702
2025-01-31 21:30:00+00:00,3286.74,3319.28,3278.5,3319.12,9861.9301
2025-01-31 22:00:00+00:00,3319.12,3321.0,3294.37,3316.32,6304.5393
2025-01-31 22:30:00+00:00,3316.32,3318.94,3282.0,3296.39,8494.5759
2025-01-31 23:00:00+00:00,3296.38,3302.82,3285.0,3301.47,5012.9732
2025-01-31 23:30:00+00:00,3301.47,3301.94,3278.8,3300.99,6767.0394
2025-02-01 00:00:00+00:00,3300.99,3312.65,3288.35,3295.01,9363.0717
2025-02-01 00:30:00+00:00,3295.01,3321.11,3291.13,3317.0,5962.8166
2025-02-01 01:00:00+00:00,3317.0,3331.98,3315.47,3323.51,5889.93
2025-02-01 01:30:00+00:00,3323.52,3331.32,3312.7,3313.11,4522.8577
2025-02-01 02:00:00+00:00,3313.12,3325.53,3309.1,3316.04,3150.4311
2025-02-01 02:30:00+00:00,3316.04,3320.87,3302.67,3306.2,5526.3404
2025-02-01 03:00:00+00:00,3306.21,3309.9,3291.82,3291.82,6051.8295
2025-02-01 03:30:00+00:00,3291.82,3292.49,3283.01,3291.97,4919.0716
2025-02-01 04:00:00+00:00,3291.97,3298.38,3285.0,3297.38,6196.2248
2025-02-01 04:30:00+00:00,3297.38,3307.19,3291.5,3294.59,3775.7427
2025-02-01 05:00:00+00:00,3294.6,3303.44,3293.36,3299.4,2613.6204
2025-02-01 05:30:00+00:00,3299.39,3302.5,3292.88,3299.73,2906.8805
2025-02-01 06:00:00+00:00,3299.72,3306.5,3288.56,3290.62,4495.2598
2025-02-01 06:30:00+00:00,3290.63,3296.06,3273.44,3295.99,12370.9008
2025-02-01 07:00:00+00:00,3296.0,3301.04,3285.5,3290.44,2812.3656
2025-02-01 07:30:00+00:00,3290.44,3294.08,3277.67,3280.1,3029.5757
2025-02-01 08:00:00+00:00,3280.11,3286.31,3261.69,3265.6,8659.6562
2025-02-01 08:30:00+00:00,3265.6,3270.0,3246.1,3268.48,12627.2937
2025-02-01 09:00:00+00:00,3268.48,3268.8,3251.0,3255.38,7284.8285
2025-02-01 09:30:00+00:00,3255.39,3257.62,3224.01,3236.19,14105.4682
2025-02-01 10:00:00+00:00,3236.19,3248.66,3232.9,3247.22,5578.8665
2025-02-01 10:30:00+00:00,3247.22,3252.5,3228.14,3234.31,5673.2174
2025-02-01 11:00:00+00:00,3234.31,3247.6,3230.0,3243.62,3502.0327
2025-02-01 11:30:00+00:00,3243.61,3253.0,3242.11,3252.16,3794.7093
2025-02-01 12:00:00+00:00,3252.17,3261.17,3246.67,3259.5,4931.8681
2025-02-01 12:30:00+00:00,3259.5,3272.28,3257.85,3267.2,5092.7279
2025-02-01 13:00:00+00:00,3267.2,3273.15,3261.0,3269.02,3279.6532
2025-02-01 13:30:00+00:00,3269.02,3269.25,3242.15,3246.21,5069.853
2025-02-01 14:00:00+00:00,3246.21,3255.18,3234.53,3250.8,4916.6902
2025-02-01 14:30:00+00:00,3250.81,3256.46,3236.08,3238.8,5373.5774
2025-02-01 15:00:00+00:00,3238.8,3246.39,3228.93,3244.41,6929.9144
2025-02-01 15:30:00+00:00,3244.38,3258.59,3240.81,3250.99,6699.7119
2025-02-01 16:00:00+00:00,3251.0,3265.0,3247.2,3262.21,5594.4667
2025-02-01 16:30:00+00:00,3262.21,3266.46,3240.42,3243.01,4263.7456
2025-02-01 17:00:00+00:00,3243.01,3266.66,3243.0,3263.13,4254.194
2025-02-01 17:30:00+00:00,3263.13,3264.72,3252.0,3262.24,3879.6683
2025-02-01 18:00:00+00:00,3262.24,3267.24,3256.64,3262.22,3162.7151
2025-02-01 18:30:00+00:00,3262.22,3265.95,3240.1,3242.04,5056.8417
2025-02-01 19:00:00+00:00,3242.05,3244.46,3202.08,3207.85,13443.1652
2025-02-01 19:30:00+00:00,3207.85,3213.86,3178.07,3197.08,20883.6073
2025-02-01 20:00:00+00:00,3197.09,3197.09,3162.8,3164.69,17594.8321
2025-02-01 20:30:00+00:00,3164.69,3173.79,3151.71,3164.01,16310.6245
2025-02-01 21:00:00+00:00,3164.0,3179.49,3153.77,3171.16,8971.61
2025-02-01 21:30:00+00:00,3171.17,3171.88,3142.72,3149.8,12315.8556
2025-02-01 22:00:00+00:00,3149.79,3162.38,3133.22,3135.81,8719.744
2025-02-01 22:30:00+00:00,3135.8,3149.19,3125.0,3137.94,9509.6803
2025-02-01 23:00:00+00:00,3137.94,3139.33,3101.7,3117.41,18548.0887
2025-02-01 23:30:00+00:00,3117.4,3133.64,3114.45,3117.54,14449.4259
2025-02-02 00:00:00+00:00,3117.54,3146.87,3111.8,3146.72,8559.7706
2025-02-02 00:30:00+00:00,3146.72,3156.68,3144.38,3151.46,7177.69
2025-02-02 01:00:00+00:00,3151.47,3163.2,3143.47,3158.69,5800.7841
2025-02-02 01:30:00+00:00,3158.68,3158.82,3146.56,3152.49,4079.7867
2025-02-02 02:00:00+00:00,3152.5,3152.92,3128.55,3138.0,5444.9293
2025-02-02 02:30:00+00:00,3138.01,3138.01,3113.69,3115.81,8729.1019
2025-02-02 03:00:00+00:00,3115.82,3128.84,3071.05,3078.81,31845.1692
2025-02-02 03:30:00+00:00,3078.81,3095.67,3069.36,3077.97,18302.1573
2025-02-02 04:00:00+00:00,3077.98,3111.53,3075.0,3097.63,19989.6709
2025-02-02 04:30:00+00:00,3097.63,3109.0,3091.69,3096.56,7505.6634
2025-02-02 05:00:00+00:00,3096.56,3110.91,3093.64,3103.18,7404.4048
2025-02-02 05:30:00+00:00,3103.19,3123.53,3102.31,3119.72,5397.7658
2025-02-02 06:00:00+00:00,3119.72,3139.0,3114.13,3134.34,8475.0404
2025-02-02 06:30:00+00:00,3134.35,3135.37,3111.09,3114.99,8430.8223
2025-02-02 07:00:00+00:00,3114.99,3115.09,3088.0,3094.74,7880.1016
2025-02-02 07:30:00+00:00,3094.73,3103.5,3082.82,3101.51,14159.8683
2025-02-02 08:00:00+00:00,3101.5,3108.55,3090.25,3103.27,6955.1365
2025-02-02 08:30:00+00:00,3103.27,3124.13,3103.27,3110.01,6871.6934
2025-02-02 09:00:00+00:00,3110.0,3110.43,3096.33,3103.11,5592.69
2025-02-02 09:30:00+00:00,3103.1,3112.04,3099.33,3111.29,4068.7166
2025-02-02 10:00:00+00:00,3111.3,3111.43,3092.27,3098.31,5571.7967
2025-02-02 10:30:00+00:00,3098.32,3108.35,3091.1,3104.47,6403.3353
2025-02-02 11:00:00+00:00,3104.48,3112.89,3078.13,3079.69,11238.7023
2025-02-02 11:30:00+00:00,3079.69,3087.1,3052.19,3064.86,27536.7134
2025-02-02 12:00:00+00:00,3064.87,3080.39,3058.83,3064.65,17232.5209
2025-02-02 12:30:00+00:00,3064.64,3072.0,3050.64,3052.39,23899.5607
2025-02-02 13:00:00+00:00,3052.4,3076.45,3052.4,3070.27,10961.4215
2025-02-02 13:30:00+00:00,3070.26,3088.13,3061.67,3087.47,11412.424
2025-02-02 14:00:00+00:00,3087.47,3101.92,3082.23,3098.0,15200.3455
2025-02-02 14:30:00+00:00,3098.0,3101.15,3086.54,3087.07,10661.1569
2025-02-02 15:00:00+00:00,3087.08,3087.08,3063.58,3064.45,14059.3434
2025-02-02 15:30:00+00:00,3064.45,3086.0,3061.41,3081.19,6946.349
2025-02-02 16:00:00+00:00,3081.18,3082.02,3055.03,3055.16,12915.6358
2025-02-02 16:30:00+00:00,3055.17,3059.4,3003.53,3015.9,47214.7304
2025-02-02 17:00:00+00:00,3015.9,3037.0,2995.44,3009.74,39331.0376
2025-02-02 17:30:00+00:00,3009.76,3025.0,2951.58,2972.99,78161.0146
2025-02-02 18:00:00+00:00,2972.99,2990.5,2953.66,2980.77,39788.8782
2025-02-02 18:30:00+00:00,2980.78,2981.98,2916.66,2928.36,63740.7153
2025-02-02 19:00:00+00:00,2928.36,2935.11,2894.4,2923.03,54603.0253
2025-02-02 19:30:00+00:00,2923.02,2984.0,2922.21,2958.9,35408.196
2025-02-02 20:00:00+00:00,2958.91,2987.68,2952.5,2969.37,16497.5167
2025-02-02 20:30:00+00:00,2969.38,2973.23,2943.34,2950.64,11368.2505
2025-02-02 21:00:00+00:00,2950.64,2956.82,2909.34,2912.1,19892.0484
2025-02-02 21:30:00+00:00,2912.1,2930.45,2896.4,2907.9,28246.8632
2025-02-02 22:00:00+00:00,2907.9,2937.17,2899.45,2907.65,17288.5484
2025-02-02 22:30:00+00:00,2907.54,2907.54,2750.71,2875.46,102251.2684
2025-02-02 23:00:00+00:00,2875.46,2875.46,2778.49,2810.79,78186.7288
2025-02-02 23:30:00+00:00,2810.79,2871.5,2800.62,2869.68,52116.8397
2025-02-03 00:00:00+00:00,2869.68,2872.75,2801.0,2839.26,49065.7486
2025-02-03 00:30:00+00:00,2839.25,2845.91,2768.55,2823.49,87349.1731
2025-02-03 01:00:00+00:00,2823.5,2844.28,2780.08,2784.77,54671.1089
2025-02-03 01:30:00+00:00,2784.78,2802.89,2400.0,2491.99,234349.5926
2025-02-03 02:00:00+00:00,2493.89,2563.57,2125.01,2462.92,364933.4381
2025-02-03 02:30:00+00:00,2462.91,2514.96,2436.21,2486.64,143904.9668
2025-02-03 03:00:00+00:00,2486.66,2544.35,2479.2,2516.58,118920.5541
2025-02-03 03:30:00+00:00,2516.58,2543.08,2502.49,2527.12,60862.0651
2025-02-03 04:00:00+00:00,2527.2,2565.5,2487.44,2489.88,50861.0004
2025-02-03 04:30:00+00:00,2489.89,2497.33,2448.97,2452.65,58865.0177
2025-02-03 05:00:00+00:00,2452.65,2501.69,2447.25,2491.06,47801.0326
2025-02-03 05:30:00+00:00,2491.06,2521.88,2468.4,2515.01,36792.7893
2025-02-03 06:00:00+00:00,2515.0,2530.17,2483.91,2522.51,38866.7123
2025-02-03 06:30:00+00:00,2522.5,2537.62,2508.02,2525.63,31667.8944
2025-02-03 07:00:00+00:00,2525.62,2570.79,2520.99,2566.65,38985.2467
2025-02-03 07:30:00+00:00,2566.65,2632.8,2556.95,2622.35,56576.1399
2025-02-03 08:00:00+00:00,2622.35,2622.51,2558.12,2561.76,62056.9084
2025-02-03 08:30:00+00:00,2561.76,2573.76,2526.16,2572.8,48663.9618
2025-02-03 09:00:00+00:00,2572.81,2616.5,2563.55,2587.44,52649.5562
2025-02-03 09:30:00+00:00,2587.45,2601.31,2557.87,2570.9,41375.8641
2025-02-03 10:00:00+00:00,2570.91,2594.19,2562.31,2586.96,31707.4571
2025-02-03 10:30:00+00:00,2586.95,2614.8,2583.49,2610.43,27147.6211
2025-02-03 11:00:00+00:00,2610.43,2612.35,2585.28,2602.4,29813.1172
2025-02-03 11:30:00+00:00,2602.4,2604.69,2577.1,2581.41,20577.7479
2025-02-03 12:00:00+00:00,2581.41,2636.27,2581.41,2617.61,30284.3607
2025-02-03 12:30:00+00:00,2617.6,2624.58,2574.6,2580.52,30435.7048
2025-02-03 13:00:00+00:00,2580.52,2596.5,2548.14,2548.15,31187.2841
2025-02-03 13:30:00+00:00,2548.14,2581.78,2547.22,2576.77,23824.1724
2025-02-03 14:00:00+00:00,2576.77,2580.13,2529.39,2557.39,44612.3252
2025-02-03 14:30:00+00:00,2557.39,2647.11,2546.75,2620.58,131365.4277
2025-02-03 15:00:00+00:00,2620.57,2700.98,2600.0,2676.79,87528.9875
2025-02-03 15:30:00+00:00,2676.79,2728.0,2660.0,2700.72,100975.9006
2025-02-03 16:00:00+00:00,2700.73,2715.94,2678.39,2698.0,56952.8531
2025-02-03 16:30:00+00:00,2698.02,2733.9,2687.92,2706.33,35599.0856
2025-02-03 17:00:00+00:00,2706.32,2709.21,2684.42,2687.36,26100.2172
2025-02-03 17:30:00+00:00,2687.35,2718.14,2668.06,2707.7,35649.7645
2025-02-03 18:00:00+00:00,2707.69,2727.27,2697.12,2725.08,30509.5538
2025-02-03 18:30:00+00:00,2725.08,2735.0,2715.99,2732.7,21115.8848
2025-02-03 19:00:00+00:00,2732.7,2763.62,2728.3,2735.78,33181.8646
2025-02-03 19:30:00+00:00,2735.79,2770.26,2735.31,2764.23,25370.3858
2025-02-03 20:00:00+00:00,2764.21,2764.51,2708.71,2731.79,27869.1585
2025-02-03 20:30:00+00:00,2731.8,2738.31,2695.61,2704.12,21095.699
2025-02-03 21:00:00+00:00,2704.2,2727.8,2700.15,2720.53,13103.8575
2025-02-03 21:30:00+00:00,2720.52,2819.99,2718.8,2817.69,41540.649
2025-02-03 22:00:00+00:00,2817.62,2914.59,2810.8,2911.92,93922.9623
2025-02-03 22:30:00+00:00,2912.58,2921.0,2853.52,2870.0,35005.1257
2025-02-03 23:00:00+00:00,2870.0,2894.0,2861.18,2868.99,25154.5416
2025-02-03 23:30:00+00:00,2869.0,2883.0,2852.61,2879.9,17128.5406
2025-02-04 00:00:00+00:00,2879.89,2888.5,2856.72,2865.3,19885.1848
2025-02-04 00:30:00+00:00,2865.22,2870.5,2838.94,2840.95,18869.0335
2025-02-04 01:00:00+00:00,2840.95,2854.99,2834.14,2852.21,17668.3656
2025-02-04 01:30:00+00:00,2852.2,2861.04,2841.77,2853.79,14299.8886
2025-02-04 02:00:00+00:00,2853.79,2858.53,2831.72,2842.49,11567.4698
2025-02-04 02:30:00+00:00,2842.5,2846.44,2800.99,2801.8,17625.3994
2025-02-04 03:00:00+00:00,2801.73,2815.9,2793.31,2798.18,26107.1065
2025-02-04 03:30:00+00:00,2798.18,2811.86,2792.22,2811.0,11989.4236
2025-02-04 04:00:00+00:00,2810.99,2836.68,2810.53,2822.54,15810.4884
2025-02-04 04:30:00+00:00,2822.54,2830.76,2794.4,2800.59,13513.9358
2025-02-04 05:00:00+00:00,2800.59,2805.0,2663.21,2700.6,92136.1228
2025-02-04 05:30:00+00:00,2700.5,2712.65,2664.24,2691.07,48317.6276
2025-02-04 06:00:00+00:00,2691.07,2732.0,2691.07,2696.71,40563.5561
2025-02-04 06:30:00+00:00,2696.7,2729.26,2695.19,2727.61,16986.7405
2025-02-04 07:00:00+00:00,2727.6,2734.5,2706.66,2710.66,14396.4901
2025-02-04 07:30:00+00:00,2710.66,2719.81,2685.49,2703.53,22225.4958
2025-02-04 08:00:00+00:00,2703.54,2723.96,2688.4,2712.88,20002.0643
2025-02-04 08:30:00+00:00,2712.88,2717.58,2677.0,2698.31,21623.0373
2025-02-04 09:00:00+00:00,2698.31,2717.49,2696.18,2709.49,11478.7495
2025-02-04 09:30:00+00:00,2709.5,2717.0,2690.78,2694.97,10263.5606
2025-02-04 10:00:00+00:00,2694.97,2729.99,2693.88,2723.72,15111.984
2025-02-04 10:30:00+00:00,2723.72,2758.78,2720.08,2750.01,20834.108
2025-02-04 11:00:00+00:00,2750.0,2789.44,2748.4,2774.38,22032.6276
2025-02-04 11:30:00+00:00,2774.37,2777.0,2754.17,2757.99,14896.0737
2025-02-04 12:00:00+00:00,2757.99,2788.8,2757.65,2788.32,11969.2509
2025-02-04 12:30:00+00:00,2788.33,2821.0,2787.28,2804.99,24748.636
2025-02-04 13:00:00+00:00,2804.99,2834.0,2800.59,2830.73,23107.3628
2025-02-04 13:30:00+00:00,2830.74,2836.0,2790.63,2795.88,24022.6862
2025-02-04 14:00:00+00:00,2795.87,2810.31,2774.72,2800.92,18772.8047
2025-02-04 14:30:00+00:00,2800.93,2846.3,2790.5,2818.47,50654.1865
2025-02-04 15:00:00+00:00,2818.46,2827.17,2730.18,2774.48,66264.457
2025-02-04 15:30:00+00:00,2774.49,2809.74,2762.63,2777.18,29051.6498
2025-02-04 16:00:00+00:00,2777.18,2805.54,2765.26,2790.68,22280.5231
2025-02-04 16:30:00+00:00,2790.67,2794.99,2774.37,2790.57,18608.4389
2025-02-04 17:00:00+00:00,2790.55,2842.77,2784.11,2793.07,30398.2776
2025-02-04 17:30:00+00:00,2793.08,2819.55,2793.08,2815.1,16815.3956
2025-02-04 18:00:00+00:00,2815.1,2822.1,2794.71,2814.54,15435.7671
2025-02-04 18:30:00+00:00,2814.53,2835.23,2807.05,2829.6,13797.7695
2025-02-04 19:00:00+00:00,2829.59,2869.39,2826.14,2846.9,33034.8526
2025-02-04 19:30:00+00:00,2846.91,2854.71,2770.02,2770.6,47247.156
2025-02-04 20:00:00+00:00,2770.6,2794.05,2721.05,2738.84,68059.2218
2025-02-04 20:30:00+00:00,2738.83,2753.24,2728.11,2733.0,20373.722
2025-02-04 21:00:00+00:00,2733.0,2734.33,2687.5,2700.1,38233.2238
2025-02-04 21:30:00+00:00,2700.1,2703.82,2637.2,2639.59,55138.243
2025-02-04 22:00:00+00:00,2639.58,2677.13,2632.6,2667.2,40319.8714
2025-02-04 22:30:00+00:00,2667.19,2699.99,2657.21,2683.99,15297.7753
2025-02-04 23:00:00+00:00,2683.99,2734.6,2676.29,2706.54,23636.3105
2025-02-04 23:30:00+00:00,2706.53,2748.0,2703.0,2731.19,14122.2759
2025-02-05 00:00:00+00:00,2731.19,2742.17,2712.31,2732.94,15613.7987
2025-02-05 00:30:00+00:00,2732.95,2746.37,2715.5,2729.41,11647.3605
2025-02-05 01:00:00+00:00,2729.4,2767.78,2729.0,2744.86,16140.6086
2025-02-05 01:30:00+00:00,2744.86,2748.49,2714.49,2721.89,13318.7476
2025-02-05 02:00:00+00:00,2721.9,2732.11,2699.13,2715.18,18040.2979
2025-02-05 02:30:00+00:00,2715.18,2750.4,2711.09,2739.51,16669.4229
2025-02-05 03:00:00+00:00,2739.5,2745.4,2717.59,2727.41,9085.5404
2025-02-05 03:30:00+00:00,2727.41,2749.55,2719.59,2720.38,14954.5741
2025-02-05 04:00:00+00:00,2720.38,2726.32,2712.62,2716.91,6842.2941
2025-02-05 04:30:00+00:00,2716.92,2737.69,2716.55,2729.16,4835.8033
2025-02-05 05:00:00+00:00,2729.15,2735.3,2709.2,2723.89,7168.3511
2025-02-05 05:30:00+00:00,2723.9,2788.0,2711.55,2784.74,20903.5908
2025-02-05 06:00:00+00:00,2784.62,2785.5,2751.12,2760.2,11739.7716
2025-02-05 06:30:00+00:00,2760.21,2766.5,2738.1,2744.72,13309.4645
2025-02-05 07:00:00+00:00,2744.72,2761.49,2735.29,2758.29,8572.7962
2025-02-05 07:30:00+00:00,2758.28,2774.81,2749.22,2759.31,10291.8663
2025-02-05 08:00:00+00:00,2759.3,2775.65,2757.06,2764.46,12189.3324
2025-02-05 08:30:00+00:00,2764.46,2782.16,2753.8,2773.86,19551.6795
2025-02-05 09:00:00+00:00,2773.84,2793.08,2769.48,2773.39,10923.5941
2025-02-05 09:30:00+00:00,2773.4,2773.4,2746.85,2758.79,12110.5314
2025-02-05 10:00:00+00:00,2758.79,2777.33,2755.7,2773.7,6755.2797
2025-02-05 10:30:00+00:00,2773.71,2786.94,2770.35,2778.91,6164.6631
2025-02-05 11:00:00+00:00,2778.91,2817.89,2778.9,2790.82,17439.8973
2025-02-05 11:30:00+00:00,2790.82,2807.2,2784.03,2800.01,12694.6242
2025-02-05 12:00:00+00:00,2800.0,2811.5,2792.0,2795.3,15353.4655
2025-02-05 12:30:00+00:00,2795.18,2795.18,2783.01,2787.5,8029.5542
2025-02-05 13:00:00+00:00,2787.5,2806.46,2784.0,2796.33,10302.5567
2025-02-05 13:30:00+00:00,2796.34,2820.0,2796.34,2817.88,15171.5567
2025-02-05 14:00:00+00:00,2817.88,2826.95,2803.09,2818.12,18167.1339
2025-02-05 14:30:00+00:00,2818.12,2819.4,2771.42,2787.39,27830.6826
2025-02-05 15:00:00+00:00,2787.38,2796.19,2757.46,2794.0,29951.4492
2025-02-05 15:30:00+00:00,2793.99,2800.46,2760.4,2773.46,20415.2603
2025-02-05 16:00:00+00:00,2773.45,2777.41,2734.06,2751.81,32770.4288
2025-02-05 16:30:00+00:00,2751.81,2783.65,2736.51,2771.78,17069.5724
2025-02-05 17:00:00+00:00,2771.79,2781.02,2744.3,2753.99,17576.8244
2025-02-05 17:30:00+00:00,2754.0,2761.0,2730.4,2740.69,17114.2499
2025-02-05 18:00:00+00:00,2740.7,2751.18,2724.7,2741.17,17226.8132
2025-02-05 18:30:00+00:00,2741.18,2755.15,2715.27,2723.01,15852.2302
2025-02-05 19:00:00+00:00,2723.0,2754.72,2716.54,2753.4,13702.0398
2025-02-05 19:30:00+00:00,2753.4,2787.56,2751.25,2775.49,16143.0607
2025-02-05 20:00:00+00:00,2775.5,2783.58,2769.27,2773.19,10874.2722
2025-02-05 20:30:00+00:00,2773.2,2775.0,2743.51,2763.01,15026.0647
2025-02-05 21:00:00+00:00,2763.0,2782.41,2758.49,2774.01,7482.7727
2025-02-05 21:30:00+00:00,2774.01,2792.47,2772.82,2787.0,8512.9481
2025-02-05 22:00:00+00:00,2786.99,2803.0,2752.51,2763.51,19698.6875
2025-02-05 22:30:00+00:00,2763.51,2773.45,2739.49,2760.1,11672.6491
2025-02-05 23:00:00+00:00,2760.09,2785.82,2757.57,2766.12,11076.1365
2025-02-05 23:30:00+00:00,2766.12,2793.99,2755.47,2788.25,12608.7433
2025-02-06 00:00:00+00:00,2788.25,2798.75,2778.41,2781.2,14586.8824
2025-02-06 00:30:00+00:00,2781.2,2784.0,2760.96,2768.34,10449.9345
2025-02-06 01:00:00+00:00,2768.35,2812.83,2755.69,2794.54,15753.4826
2025-02-06 01:30:00+00:00,2794.53,2795.99,2775.5,2790.53,9817.9653
2025-02-06 02:00:00+00:00,2790.53,2817.27,2786.43,2807.49,15261.4349
2025-02-06 02:30:00+00:00,2807.49,2815.0,2802.92,2808.01,8475.9149
2025-02-06 03:00:00+00:00,2808.01,2809.63,2790.72,2808.0,8062.6301
2025-02-06 03:30:00+00:00,2808.0,2819.51,2803.04,2806.49,8082.7832
2025-02-06 04:00:00+00:00,2806.5,2831.97,2805.87,2830.49,10904.143
2025-02-06 04:30:00+00:00,2830.49,2831.09,2819.49,2820.61,7579.0343
2025-02-06 05:00:00+00:00,2820.61,2835.8,2820.25,2831.55,7966.4541
2025-02-06 05:30:00+00:00,2831.56,2849.5,2823.91,2832.16,11528.5845
2025-02-06 06:00:00+00:00,2832.16,2843.44,2822.93,2833.27,8361.4547
2025-02-06 06:30:00+00:00,2833.27,2856.21,2833.27,2853.18,10381.1053
2025-02-06 07:00:00+00:00,2853.18,2854.78,2836.25,2839.38,7499.7264
2025-02-06 07:30:00+00:00,2839.38,2843.3,2826.15,2831.32,8603.2798
2025-02-06 08:00:00+00:00,2831.33,2845.39,2823.01,2838.69,9208.8743
2025-02-06 08:30:00+00:00,2838.69,2841.0,2826.99,2829.39,7208.5788
2025-02-06 09:00:00+00:00,2829.4,2849.36,2826.09,2835.51,9936.5036
2025-02-06 09:30:00+00:00,2835.51,2857.64,2834.2,2851.76,8682.5342
2025-02-06 10:00:00+00:00,2851.75,2854.78,2840.21,2842.64,8704.4014
2025-02-06 10:30:00+00:00,2842.65,2846.5,2819.02,2828.9,12114.6956
2025-02-06 11:00:00+00:00,2828.89,2830.9,2801.3,2808.06,11647.7566
2025-02-06 11:30:00+00:00,2808.06,2818.16,2793.05,2803.92,11316.6261
2025-02-06 12:00:00+00:00,2803.92,2807.77,2787.88,2793.79,10658.1691
2025-02-06 12:30:00+00:00,2793.79,2796.03,2767.35,2770.88,22241.1543
2025-02-06 13:00:00+00:00,2770.89,2784.97,2768.35,2778.88,15309.2101
2025-02-06 13:30:00+00:00,2778.88,2799.0,2776.51,2791.66,14947.922
2025-02-06 14:00:00+00:00,2791.67,2796.16,2743.91,2766.16,24984.092
2025-02-06 14:30:00+00:00,2766.16,2777.52,2737.62,2748.48,28429.2375
2025-02-06 15:00:00+00:00,2748.49,2760.75,2733.77,2747.52,26970.1036
2025-02-06 15:30:00+00:00,2747.52,2748.25,2683.71,2705.57,58408.098
2025-02-06 16:00:00+00:00,2705.57,2724.31,2695.0,2707.1,28958.3767
2025-02-06 16:30:00+00:00,2707.11,2717.27,2696.01,2708.01,17759.4094
2025-02-06 17:00:00+00:00,2708.01,2719.0,2698.0,2705.16,17570.0236
2025-02-06 17:30:00+00:00,2705.17,2719.1,2696.06,2700.0,18080.7164
2025-02-06 18:00:00+00:00,2700.0,2707.0,2672.03,2700.24,33838.3916
2025-02-06 18:30:00+00:00,2700.23,2712.78,2685.0,2693.76,25642.0322
2025-02-06 19:00:00+00:00,2693.75,2726.75,2680.0,2703.7,22245.36
2025-02-06 19:30:00+00:00,2703.7,2704.34,2683.07,2689.57,14701.8213
2025-02-06 20:00:00+00:00,2689.56,2707.81,2685.64,2700.0,13357.0607
2025-02-06 20:30:00+00:00,2699.99,2725.6,2699.49,2722.96,16340.6651
2025-02-06 21:00:00+00:00,2722.96,2723.33,2687.38,2691.0,16460.2182
2025-02-06 21:30:00+00:00,2691.0,2711.09,2675.0,2709.49,10584.8892
2025-02-06 22:00:00+00:00,2709.5,2710.0,2655.28,2688.95,16810.5241
2025-02-06 22:30:00+00:00,2688.95,2702.3,2681.49,2700.5,6135.898
2025-02-06 23:00:00+00:00,2700.5,2702.48,2686.27,2686.28,8206.2233
2025-02-06 23:30:00+00:00,2686.27,2690.8,2666.8,2686.64,8685.5801
2025-02-07 00:00:00+00:00,2686.63,2716.21,2684.91,2708.02,10136.9568
2025-02-07 00:30:00+00:00,2708.03,2713.9,2679.79,2687.66,10388.8053
2025-02-07 01:00:00+00:00,2687.65,2706.79,2687.0,2703.0,7420.4679
2025-02-07 01:30:00+00:00,2702.99,2739.61,2691.05,2717.26,18011.6955
2025-02-07 02:00:00+00:00,2717.27,2734.09,2712.92,2723.58,12874.606
2025-02-07 02:30:00+00:00,2723.58,2730.0,2719.48,2724.9,9407.1299
2025-02-07 03:00:00+00:00,2724.9,2736.47,2718.27,2720.73,7347.8327
2025-02-07 03:30:00+00:00,2720.73,2720.73,2703.2,2715.58,9006.7968
2025-02-07 04:00:00+00:00,2715.58,2730.0,2713.56,2722.58,7031.0219
2025-02-07 04:30:00+00:00,2722.58,2731.0,2716.11,2720.6,4654.6924
2025-02-07 05:00:00+00:00,2720.61,2727.36,2704.26,2709.21,6650.0236
2025-02-07 05:30:00+00:00,2709.21,2718.69,2706.99,2713.98,5042.7832
2025-02-07 06:00:00+00:00,2713.98,2715.5,2679.26,2682.18,10936.2924
2025-02-07 06:30:00+00:00,2682.19,2697.6,2668.03,2696.39,16553.9357
2025-02-07 07:00:00+00:00,2696.38,2729.85,2695.71,2714.6,12894.3848
2025-02-07 07:30:00+00:00,2714.6,2722.13,2711.02,2713.07,9470.9599
2025-02-07 08:00:00+00:00,2713.06,2727.0,2705.56,2724.24,6906.7922
2025-02-07 08:30:00+00:00,2724.21,2743.77,2720.83,2729.6,11094.5571
2025-02-07 09:00:00+00:00,2729.6,2741.74,2725.81,2736.7,6203.9274
2025-02-07 09:30:00+00:00,2736.7,2740.0,2730.64,2738.92,3669.7081
2025-02-07 10:00:00+00:00,2738.91,2754.1,2736.2,2744.58,6547.9836
2025-02-07 10:30:00+00:00,2744.57,2751.49,2740.59,2743.01,5835.9149
2025-02-07 11:00:00+00:00,2743.0,2757.53,2739.23,2755.59,7802.6562
2025-02-07 11:30:00+00:00,2755.59,2764.78,2751.16,2762.69,6627.1239
2025-02-07 12:00:00+00:00,2762.69,2771.05,2745.85,2752.15,11009.3107
2025-02-07 12:30:00+00:00,2752.14,2766.29,2752.14,2757.31,8769.8526
2025-02-07 13:00:00+00:00,2757.31,2757.6,2733.46,2741.66,9732.8022
2025-02-07 13:30:00+00:00,2741.65,2780.0,2723.68,2776.01,37245.2388
2025-02-07 14:00:00+00:00,2776.0,2797.5,2764.23,2791.06,20975.8193
2025-02-07 14:30:00+00:00,2791.06,2796.5,2770.99,2782.86,23222.5644
2025-02-07 15:00:00+00:00,2782.87,2782.95,2716.83,2740.98,48473.5896
2025-02-07 15:30:00+00:00,2740.97,2751.8,2710.97,2721.73,27020.6316
2025-02-07 16:00:00+00:00,2721.74,2727.78,2695.97,2713.67,28428.6281
2025-02-07 16:30:00+00:00,2713.68,2721.74,2691.48,2693.86,16002.0526
2025-02-07 17:00:00+00:00,2693.86,2699.0,2662.02,2677.13,29586.5277
2025-02-07 17:30:00+00:00,2677.13,2687.64,2672.23,2680.09,18620.5986
2025-02-07 18:00:00+00:00,2680.09,2697.7,2677.5,2692.96,9152.828
2025-02-07 18:30:00+00:00,2692.96,2703.7,2676.33,2678.47,14339.0956
2025-02-07 19:00:00+00:00,2678.48,2679.92,2663.27,2671.23,10791.0479
2025-02-07 19:30:00+00:00,2671.22,2677.0,2655.8,2659.3,9643.0295
2025-02-07 20:00:00+00:00,2659.3,2661.85,2620.43,2621.5,27638.6877
2025-02-07 20:30:00+00:00,2621.5,2627.89,2579.53,2587.65,39595.8651
2025-02-07 21:00:00+00:00,2587.66,2610.3,2585.54,2594.34,17604.9045
2025-02-07 21:30:00+00:00,2594.33,2601.37,2576.34,2587.77,15148.2846
2025-02-07 22:00:00+00:00,2587.78,2592.0,2565.42,2574.55,21738.8778
2025-02-07 22:30:00+00:00,2574.54,2587.75,2562.51,2583.77,10660.9293
2025-02-07 23:00:00+00:00,2583.77,2608.77,2578.2,2602.99,17299.1278
2025-02-07 23:30:00+00:00,2603.0,2625.71,2600.0,2622.1,10250.019
2025-02-08 00:00:00+00:00,2622.11,2667.3,2615.88,2658.99,17103.8593
2025-02-08 00:30:00+00:00,2658.99,2665.33,2640.33,2646.68,16882.5551
2025-02-08 01:00:00+00:00,2646.68,2646.68,2627.49,2635.14,18701.3298
2025-02-08 01:30:00+00:00,2635.14,2643.22,2627.61,2630.39,9239.981
2025-02-08 02:00:00+00:00,2630.39,2640.9,2622.64,2639.1,8668.8267
2025-02-08 02:30:00+00:00,2639.1,2643.82,2628.0,2640.95,8399.5266
2025-02-08 03:00:00+00:00,2640.95,2656.99,2635.6,2640.21,8566.449
2025-02-08 03:30:00+00:00,2640.21,2646.0,2638.19,2641.66,5416.6845
2025-02-08 04:00:00+00:00,2641.67,2648.99,2639.47,2640.75,3899.5286
2025-02-08 04:30:00+00:00,2640.74,2641.5,2630.95,2634.18,6487.991
2025-02-08 05:00:00+00:00,2634.19,2636.28,2613.35,2625.5,14075.9263
2025-02-08 05:30:00+00:00,2625.49,2626.39,2615.21,2620.19,6237.3359
2025-02-08 06:00:00+00:00,2620.2,2632.0,2617.0,2629.17,7136.7618
2025-02-08 06:30:00+00:00,2629.17,2629.4,2608.3,2616.14,10140.1114
2025-02-08 07:00:00+00:00,2616.13,2619.4,2594.63,2611.96,17622.2027
2025-02-08 07:30:00+00:00,2611.96,2638.0,2611.75,2629.61,16932.6882
2025-02-08 08:00:00+00:00,2629.61,2632.5,2615.73,2617.81,5358.2213
2025-02-08 08:30:00+00:00,2617.8,2620.81,2605.98,2606.22,6443.6934
2025-02-08 09:00:00+00:00,2606.22,2619.33,2604.29,2619.0,8769.2696
2025-02-08 09:30:00+00:00,2619.01,2619.01,2610.5,2619.0,4625.0875
2025-02-08 10:00:00+00:00,2619.0,2630.5,2615.6,2624.23,6406.7328
2025-02-08 10:30:00+00:00,2624.23,2626.84,2613.23,2617.89,3135.6796
2025-02-08 11:00:00+00:00,2617.88,2621.0,2605.93,2606.99,5412.9408
2025-02-08 11:30:00+00:00,2607.0,2616.48,2601.4,2613.32,6040.2613
2025-02-08 12:00:00+00:00,2613.3,2620.48,2602.49,2607.04,5933.4807
2025-02-08 12:30:00+00:00,2607.04,2613.65,2599.0,2604.91,7451.0249
2025-02-08 13:00:00+00:00,2604.9,2617.99,2604.02,2617.4,5219.9592
2025-02-08 13:30:00+00:00,2617.48,2636.9,2614.08,2621.44,11043.559
2025-02-08 14:00:00+00:00,2621.44,2626.39,2603.2,2606.86,10968.2918
2025-02-08 14:30:00+00:00,2606.86,2617.5,2602.01,2616.23,6751.9629
2025-02-08 15:00:00+00:00,2616.23,2626.0,2605.8,2605.8,7127.2538
2025-02-08 15:30:00+00:00,2605.81,2606.49,2588.8,2605.24,10387.0137
2025-02-08 16:00:00+00:00,2605.24,2609.5,2589.97,2606.62,8607.0459
2025-02-08 16:30:00+00:00,2606.63,2613.82,2597.63,2609.48,6359.2459
2025-02-08 17:00:00+00:00,2609.48,2624.34,2609.27,2618.62,10874.9253
2025-02-08 17:30:00+00:00,2618.61,2633.79,2618.18,2629.89,8505.1316
2025-02-08 18:00:00+00:00,2629.89,2636.69,2618.66,2633.0,5605.4309
2025-02-08 18:30:00+00:00,2632.99,2640.81,2625.89,2631.63,8351.5893
2025-02-08 19:00:00+00:00,2631.63,2649.9,2627.3,2646.44,7716.2102
2025-02-08 19:30:00+00:00,2646.43,2646.94,2631.49,2637.89,8114.6418
2025-02-08 20:00:00+00:00,2637.89,2642.72,2628.1,2639.87,3730.8922
2025-02-08 20:30:00+00:00,2639.87,2642.72,2632.15,2635.83,4323.8054
2025-02-08 21:00:00+00:00,2635.82,2640.99,2628.99,2633.82,3123.8066
2025-02-08 21:30:00+00:00,2633.81,2642.49,2631.21,2638.76,2968.8938
2025-02-08 22:00:00+00:00,2638.75,2645.6,2633.67,2638.38,3017.898
2025-02-08 22:30:00+00:00,2638.37,2638.38,2623.78,2627.01,5315.4267
2025-02-08 23:00:00+00:00,2627.01,2640.61,2626.64,2639.21,3076.7291
2025-02-08 23:30:00+00:00,2639.21,2643.88,2631.0,2632.46,3407.288
2025-02-09 00:00:00+00:00,2632.46,2636.29,2627.5,2632.0,3036.2445
2025-02-09 00:30:00+00:00,2632.0,2640.81,2626.63,2637.16,3575.083
2025-02-09 01:00:00+00:00,2637.16,2657.11,2635.1,2650.08,7756.019
2025-02-09 01:30:00+00:00,2650.07,2654.3,2641.2,2649.42,5529.4424
2025-02-09 02:00:00+00:00,2649.41,2652.73,2636.44,2638.89,5481.9933
2025-02-09 02:30:00+00:00,2638.9,2645.84,2637.68,2639.62,2388.9133
2025-02-09 03:00:00+00:00,2639.62,2649.66,2634.0,2648.3,4744.6189
2025-02-09 03:30:00+00:00,2648.3,2698.9,2648.0,2678.54,24790.7957
2025-02-09 04:00:00+00:00,2678.53,2678.9,2660.83,2667.29,7209.3696
2025-02-09 04:30:00+00:00,2667.29,2674.51,2660.39,2672.83,3597.4571
2025-02-09 05:00:00+00:00,2672.84,2673.49,2659.09,2659.87,4125.135
2025-02-09 05:30:00+00:00,2659.87,2665.48,2656.46,2661.47,3771.0645
2025-02-09 06:00:00+00:00,2661.47,2661.81,2649.29,2656.24,4670.5765
2025-02-09 06:30:00+00:00,2656.24,2664.5,2651.0,2663.04,3230.7165
2025-02-09 07:00:00+00:00,2663.03,2668.37,2658.6,2662.59,3077.4226
2025-02-09 07:30:00+00:00,2662.59,2666.84,2660.8,2662.59,2934.9208
2025-02-09 08:00:00+00:00,2662.59,2673.38,2662.59,2671.8,6829.9361
2025-02-09 08:30:00+00:00,2671.79,2672.0,2661.52,2666.99,5047.3493
2025-02-09 09:00:00+00:00,2666.99,2667.37,2650.99,2659.9,4020.6035
2025-02-09 09:30:00+00:00,2659.89,2663.68,2654.01,2658.37,2765.9579
2025-02-09 10:00:00+00:00,2658.36,2666.84,2652.08,2665.72,5661.7368
2025-02-09 10:30:00+00:00,2665.71,2669.37,2659.49,2661.68,3704.0942
2025-02-09 11:00:00+00:00,2661.69,2667.0,2661.68,2666.41,3652.5331
2025-02-09 11:30:00+00:00,2666.4,2666.4,2652.53,2654.78,5152.5573
2025-02-09 12:00:00+00:00,2654.8,2661.81,2651.74,2655.91,6406.5064
2025-02-09 12:30:00+00:00,2655.92,2656.66,2644.3,2654.99,5655.852
2025-02-09 13:00:00+00:00,2655.0,2657.99,2642.49,2644.98,5382.7958
2025-02-09 13:30:00+00:00,2644.97,2645.42,2611.78,2618.38,18232.3938
2025-02-09 14:00:00+00:00,2618.38,2634.53,2615.24,2626.45,8459.2268
2025-02-09 14:30:00+00:00,2626.46,2630.3,2622.01,2627.63,4876.6901
2025-02-09 15:00:00+00:00,2627.63,2652.67,2626.99,2643.05,7007.2982
2025-02-09 15:30:00+00:00,2643.05,2658.95,2639.0,2653.21,6680.4297
2025-02-09 16:00:00+00:00,2653.22,2666.38,2649.59,2655.28,4425.6818
2025-02-09 16:30:00+00:00,2655.29,2662.0,2651.43,2659.32,4134.0039
2025-02-09 17:00:00+00:00,2659.32,2665.24,2644.8,2650.75,5099.1219
2025-02-09 17:30:00+00:00,2650.76,2651.0,2634.02,2641.74,4815.4233
2025-02-09 18:00:00+00:00,2641.75,2642.1,2624.33,2632.21,4504.8658
2025-02-09 18:30:00+00:00,2632.2,2641.39,2631.72,2636.69,5364.8338
2025-02-09 19:00:00+00:00,2636.68,2643.25,2624.18,2631.49,4167.0842
2025-02-09 19:30:00+00:00,2631.49,2635.17,2616.81,2623.89,5777.2217
2025-02-09 20:00:00+00:00,2623.89,2646.58,2622.14,2641.65,5644.2755
2025-02-09 20:30:00+00:00,2641.65,2649.55,2634.19,2637.19,4793.6389
2025-02-09 21:00:00+00:00,2637.2,2641.0,2618.69,2622.27,7081.2992
2025-02-09 21:30:00+00:00,2622.28,2624.0,2520.02,2552.38,64444.9054
2025-02-09 22:00:00+00:00,2552.38,2595.84,2527.2,2591.29,30054.445
2025-02-09 22:30:00+00:00,2591.3,2646.99,2580.02,2615.77,24357.825
2025-02-09 23:00:00+00:00,2615.77,2623.9,2606.72,2613.15,13644.6165
2025-02-09 23:30:00+00:00,2613.15,2635.64,2613.01,2627.18,9401.8155
2025-02-10 00:00:00+00:00,2627.18,2658.6,2626.83,2642.21,15449.201
2025-02-10 00:30:00+00:00,2642.22,2652.39,2637.01,2642.71,6435.892
2025-02-10 01:00:00+00:00,2642.72,2644.7,2609.32,2615.0,11059.3135
2025-02-10 01:30:00+00:00,2615.0,2620.07,2559.85,2574.69,27119.3483
2025-02-10 02:00:00+00:00,2574.69,2585.18,2569.44,2571.67,13858.3678
2025-02-10 02:30:00+00:00,2571.66,2595.63,2569.3,2589.54,14323.7217
2025-02-10 03:00:00+00:00,2589.54,2617.44,2584.65,2613.83,13077.26
2025-02-10 03:30:00+00:00,2613.83,2648.56,2613.59,2625.97,22762.0129
2025-02-10 04:00:00+00:00,2625.97,2636.52,2618.4,2634.0,7221.1693
2025-02-10 04:30:00+00:00,2634.0,2641.42,2622.23,2628.75,5577.7667
2025-02-10 05:00:00+00:00,2628.76,2639.3,2620.92,2635.68,4772.0589
2025-02-10 05:30:00+00:00,2635.68,2660.0,2631.6,2638.4,10458.2993
2025-02-10 06:00:00+00:00,2638.43,2642.87,2626.52,2630.45,6464.2184
2025-02-10 06:30:00+00:00,2630.46,2636.38,2627.66,2636.25,4586.6649
2025-02-10 07:00:00+00:00,2636.26,2644.67,2632.0,2632.93,6956.6955
2025-02-10 07:30:00+00:00,2632.94,2639.84,2629.0,2637.03,4622.3281
2025-02-10 08:00:00+00:00,2637.02,2652.5,2634.84,2643.12,10593.7706
2025-02-10 08:30:00+00:00,2643.13,2649.21,2637.2,2644.8,4710.4601
2025-02-10 09:00:00+00:00,2644.8,2652.44,2640.53,2644.7,4470.343
2025-02-10 09:30:00+00:00,2644.7,2654.55,2639.0,2650.4,4854.4483
2025-02-10 10:00:00+00:00,2650.4,2662.0,2646.78,2656.04,4461.4561
2025-02-10 10:30:00+00:00,2656.05,2657.49,2639.78,2647.47,4894.3512
2025-02-10 11:00:00+00:00,2647.47,2654.6,2639.7,2650.01,6301.0768
2025-02-10 11:30:00+00:00,2650.0,2659.5,2647.73,2653.16,4183.6283
2025-02-10 12:00:00+00:00,2653.16,2662.12,2644.2,2651.76,7393.7378
2025-02-10 12:30:00+00:00,2651.75,2651.75,2631.24,2639.33,6781.342
2025-02-10 13:00:00+00:00,2639.33,2654.0,2637.6,2646.73,4077.2915
2025-02-10 13:30:00+00:00,2646.73,2684.55,2643.54,2677.76,13917.4034
2025-02-10 14:00:00+00:00,2677.77,2680.99,2655.12,2659.79,11295.9176
2025-02-10 14:30:00+00:00,2659.8,2669.84,2638.99,2650.86,16225.1027
2025-02-10 15:00:00+00:00,2650.86,2662.27,2643.52,2651.75,10994.3159
2025-02-10 15:30:00+00:00,2651.76,2661.02,2648.04,2658.22,8989.7066
2025-02-10 16:00:00+00:00,2658.21,2676.31,2656.17,2659.44,11457.0253
2025-02-10 16:30:00+00:00,2659.43,2668.67,2650.0,2664.82,6342.3819
2025-02-10 17:00:00+00:00,2664.82,2685.45,2650.33,2675.95,9884.5382
2025-02-10 17:30:00+00:00,2675.95,2682.39,2668.47,2679.01,9844.254
2025-02-10 18:00:00+00:00,2679.0,2684.82,2670.11,2684.31,9789.2219
2025-02-10 18:30:00+00:00,2684.31,2689.41,2675.6,2683.22,4863.2038
2025-02-10 19:00:00+00:00,2683.21,2693.79,2678.1,2688.3,5055.4574
2025-02-10 19:30:00+00:00,2688.29,2691.96,2667.6,2672.28,7415.4394
2025-02-10 20:00:00+00:00,2672.28,2678.9,2668.17,2673.59,7368.5454
2025-02-10 20:30:00+00:00,2673.59,2686.61,2672.45,2684.28,5407.949
2025-02-10 21:00:00+00:00,2684.29,2684.96,2668.17,2670.49,3434.7311
2025-02-10 21:30:00+00:00,2670.49,2670.5,2657.29,2664.34,4148.2872
2025-02-10 22:00:00+00:00,2664.34,2671.35,2659.51,2669.14,3662.4584
2025-02-10 22:30:00+00:00,2669.14,2670.68,2652.49,2658.49,4238.0752
2025-02-10 23:00:00+00:00,2658.5,2662.99,2651.74,2654.79,4160.8244
2025-02-10 23:30:00+00:00,2654.8,2661.36,2652.39,2661.19,2212.2088
2025-02-11 00:00:00+00:00,2661.19,2680.68,2660.72,2677.85,6430.9977
2025-02-11 00:30:00+00:00,2677.85,2725.04,2673.58,2705.59,23727.7208
2025-02-11 01:00:00+00:00,2705.6,2720.38,2692.23,2699.62,11142.9311
2025-02-11 01:30:00+00:00,2699.62,2705.5,2694.99,2695.0,9517.3398
2025-02-11 02:00:00+00:00,2694.99,2699.9,2670.93,2673.61,10180.3446
2025-02-11 02:30:00+00:00,2673.6,2686.3,2666.7,2681.49,7094.9656
2025-02-11 03:00:00+00:00,2681.5,2681.57,2671.49,2672.5,3880.7641
2025-02-11 03:30:00+00:00,2672.5,2679.5,2668.41,2678.89,2942.7293
2025-02-11 04:00:00+00:00,2678.89,2685.3,2676.49,2681.5,3670.095
2025-02-11 04:30:00+00:00,2681.51,2695.8,2681.5,2693.21,5570.6356
2025-02-11 05:00:00+00:00,2693.22,2704.88,2690.22,2702.92,9013.5213
2025-02-11 05:30:00+00:00,2702.92,2722.0,2697.37,2717.01,10891.2626
2025-02-11 06:00:00+00:00,2717.04,2718.02,2702.36,2709.3,5554.736
2025-02-11 06:30:00+00:00,2709.29,2724.98,2706.64,2722.81,6943.2025
2025-02-11 07:00:00+00:00,2722.81,2724.32,2713.3,2716.66,8894.1557
2025-02-11 07:30:00+00:00,2716.66,2720.5,2709.47,2712.15,5728.2083
2025-02-11 08:00:00+00:00,2712.12,2716.0,2705.8,2712.01,5317.2971
2025-02-11 08:30:00+00:00,2712.01,2720.9,2712.0,2715.29,14818.0937
2025-02-11 09:00:00+00:00,2715.3,2717.88,2707.13,2713.44,4293.1104
2025-02-11 09:30:00+00:00,2713.44,2717.77,2701.28,2704.52,11853.2126
2025-02-11 10:00:00+00:00,2704.52,2706.5,2690.24,2693.68,9527.0968
2025-02-11 10:30:00+00:00,2693.68,2703.11,2692.01,2697.06,5641.3646
2025-02-11 11:00:00+00:00,2697.07,2703.51,2692.12,2701.5,4043.7864
2025-02-11 11:30:00+00:00,2701.5,2710.0,2698.0,2708.8,4455.4009
2025-02-11 12:00:00+00:00,2708.8,2710.29,2680.7,2684.83,8319.439
2025-02-11 12:30:00+00:00,2684.83,2692.86,2680.0,2686.03,3962.0343
2025-02-11 13:00:00+00:00,2686.02,2694.42,2672.32,2675.52,10453.7427
2025-02-11 13:30:00+00:00,2675.52,2678.4,2629.24,2634.47,21012.2648
2025-02-11 14:00:00+00:00,2634.41,2658.27,2626.13,2655.94,14302.5986
2025-02-11 14:30:00+00:00,2655.98,2670.0,2650.8,2663.81,10786.5182
2025-02-11 15:00:00+00:00,2663.81,2676.86,2648.0,2655.02,12683.1403
2025-02-11 15:30:00+00:00,2655.02,2667.23,2651.19,2662.36,6017.7608
2025-02-11 16:00:00+00:00,2662.35,2670.8,2647.76,2653.81,8318.9879
2025-02-11 16:30:00+00:00,2653.8,2654.86,2641.96,2645.43,15315.7321
2025-02-11 17:00:00+00:00,2645.43,2653.92,2634.66,2648.8,12741.1149
2025-02-11 17:30:00+00:00,2648.8,2649.6,2632.0,2640.79,5527.4394
2025-02-11 18:00:00+00:00,2640.8,2641.67,2615.31,2620.61,8947.5111
2025-02-11 18:30:00+00:00,2620.61,2637.73,2607.28,2610.77,10381.6768
2025-02-11 19:00:00+00:00,2610.78,2619.0,2588.46,2596.49,19992.9882
2025-02-11 19:30:00+00:00,2596.5,2600.5,2580.0,2589.7,22377.1387
2025-02-11 20:00:00+00:00,2589.69,2603.77,2585.75,2600.01,16976.1296
2025-02-11 20:30:00+00:00,2600.0,2612.25,2585.51,2598.44,18983.201
2025-02-11 21:00:00+00:00,2598.32,2617.83,2592.15,2609.38,13791.6764
2025-02-11 21:30:00+00:00,2609.38,2631.36,2608.04,2622.12,8856.3031
2025-02-11 22:00:00+00:00,2622.11,2631.29,2620.8,2629.15,5454.6914
2025-02-11 22:30:00+00:00,2629.14,2629.14,2558.24,2586.39,21608.2748
2025-02-11 23:00:00+00:00,2586.4,2609.81,2584.84,2608.72,9254.76
2025-02-11 23:30:00+00:00,2608.72,2611.77,2600.4,2602.59,6998.0469
2025-02-12 00:00:00+00:00,2602.59,2614.44,2596.0,2605.78,6540.5384
2025-02-12 00:30:00+00:00,2605.78,2617.03,2589.0,2610.4,6814.1807
2025-02-12 01:00:00+00:00,2610.33,2615.0,2600.19,2606.3,4402.5635
2025-02-12 01:30:00+00:00,2606.31,2624.36,2602.2,2616.8,4816.1705
2025-02-12 02:00:00+00:00,2616.8,2618.66,2604.49,2609.31,3972.3915
2025-02-12 02:30:00+00:00,2609.31,2615.99,2587.31,2596.65,7176.1817
2025-02-12 03:00:00+00:00,2596.65,2601.49,2569.31,2600.19,12623.5456
2025-02-12 03:30:00+00:00,2600.19,2601.0,2585.0,2587.24,4944.1424
2025-02-12 04:00:00+00:00,2587.23,2597.5,2582.24,2589.99,5035.6901
2025-02-12 04:30:00+00:00,2589.99,2596.5,2577.5,2590.07,7462.3642
2025-02-12 05:00:00+00:00,2590.07,2608.8,2585.17,2607.68,6537.9372
2025-02-12 05:30:00+00:00,2607.68,2611.0,2599.5,2609.0,3674.9064
2025-02-12 06:00:00+00:00,2609.01,2612.75,2604.48,2606.17,2740.4315
2025-02-12 06:30:00+00:00,2606.17,2607.6,2597.51,2601.81,5721.4779
2025-02-12 07:00:00+00:00,2601.81,2617.81,2599.09,2616.01,10795.1324
2025-02-12 07:30:00+00:00,2616.01,2624.07,2613.57,2618.63,5885.5551
2025-02-12 08:00:00+00:00,2618.62,2637.24,2618.2,2630.4,8502.491
2025-02-12 08:30:00+00:00,2630.4,2634.53,2624.02,2629.94,5658.1918
2025-02-12 09:00:00+00:00,2629.94,2630.59,2610.78,2616.63,7478.6681
2025-02-12 09:30:00+00:00,2616.64,2632.67,2612.8,2629.17,5793.0728
2025-02-12 10:00:00+00:00,2629.16,2631.19,2621.6,2625.71,4637.9852
2025-02-12 10:30:00+00:00,2625.71,2632.48,2611.01,2618.89,16910.9534
2025-02-12 11:00:00+00:00,2618.88,2630.45,2618.88,2628.22,4381.7424
2025-02-12 11:30:00+00:00,2628.22,2639.49,2624.29,2627.08,4956.5464
2025-02-12 12:00:00+00:00,2627.08,2642.9,2625.33,2630.77,5626.7084
2025-02-12 12:30:00+00:00,2630.76,2638.19,2625.7,2628.4,6349.2485
2025-02-12 13:00:00+00:00,2628.41,2665.16,2625.57,2659.9,18412.5924
2025-02-12 13:30:00+00:00,2659.91,2664.63,2558.0,2595.48,99914.704
2025-02-12 14:00:00+00:00,2595.48,2595.65,2567.08,2570.37,25905.1417
2025-02-12 14:30:00+00:00,2570.37,2600.9,2546.92,2599.43,29009.6202
2025-02-12 15:00:00+00:00,2599.42,2615.28,2569.29,2598.1,33606.8951
2025-02-12 15:30:00+00:00,2598.17,2615.69,2597.92,2606.9,12950.9293
2025-02-12 16:00:00+00:00,2606.9,2609.15,2583.18,2594.3,10567.1716
2025-02-12 16:30:00+00:00,2594.29,2652.78,2593.68,2648.36,26266.8513
2025-02-12 17:00:00+00:00,2648.35,2683.65,2648.01,2683.2,22767.3823
2025-02-12 17:30:00+00:00,2683.2,2683.47,2661.76,2672.99,16768.0038
2025-02-12 18:00:00+00:00,2673.0,2674.86,2647.61,2653.81,12718.8802
2025-02-12 18:30:00+00:00,2653.8,2666.84,2648.5,2663.81,6367.5333
2025-02-12 19:00:00+00:00,2663.82,2673.87,2647.8,2670.85,6915.9248
2025-02-12 19:30:00+00:00,2670.85,2681.23,2666.0,2677.95,14621.7417
2025-02-12 20:00:00+00:00,2677.95,2695.72,2669.49,2682.57,10970.4822
2025-02-12 20:30:00+00:00,2682.57,2683.5,2670.4,2677.8,8505.6906
2025-02-12 21:00:00+00:00,2677.8,2691.5,2672.01,2681.83,6177.0279
2025-02-12 21:30:00+00:00,2681.83,2693.97,2681.58,2682.31,4369.6266
2025-02-12 22:00:00+00:00,2682.32,2772.11,2678.33,2770.05,51052.801
2025-02-12 22:30:00+00:00,2770.04,2795.45,2738.86,2745.6,29467.235
2025-02-12 23:00:00+00:00,2745.6,2756.79,2727.42,2732.67,18377.5733
2025-02-12 23:30:00+00:00,2732.67,2754.92,2726.66,2738.27,11143.2705
2025-02-13 00:00:00+00:00,2738.27,2741.49,2719.54,2727.41,10180.371
2025-02-13 00:30:00+00:00,2727.4,2731.97,2716.0,2728.39,6690.4979
2025-02-13 01:00:00+00:00,2728.4,2746.0,2723.0,2737.41,7834.0729
2025-02-13 01:30:00+00:00,2737.41,2757.28,2732.92,2748.5,10199.6851
2025-02-13 02:00:00+00:00,2748.49,2749.46,2735.98,2737.17,7031.6862
2025-02-13 02:30:00+00:00,2737.17,2741.93,2731.55,2739.69,5767.2411
2025-02-13 03:00:00+00:00,2739.69,2746.95,2736.31,2739.78,6604.8251
2025-02-13 03:30:00+00:00,2739.79,2745.74,2737.29,2744.0,5670.1325
2025-02-13 04:00:00+00:00,2744.0,2745.73,2737.68,2740.0,5259.6105
2025-02-13 04:30:00+00:00,2740.01,2741.0,2713.7,2721.44,7981.8686
2025-02-13 05:00:00+00:00,2721.43,2722.75,2703.97,2720.13,8839.5335
2025-02-13 05:30:00+00:00,2720.13,2725.7,2717.7,2720.77,3704.8108
2025-02-13 06:00:00+00:00,2720.76,2723.62,2711.55,2713.45,3591.3517
2025-02-13 06:30:00+00:00,2713.45,2713.7,2680.62,2686.21,14147.7909
2025-02-13 07:00:00+00:00,2686.2,2690.05,2672.03,2679.92,13971.6983
2025-02-13 07:30:00+00:00,2679.91,2690.92,2677.0,2681.5,7940.5392
2025-02-13 08:00:00+00:00,2681.51,2685.43,2663.03,2676.15,14598.2816
2025-02-13 08:30:00+00:00,2676.15,2676.9,2658.1,2666.62,12469.784
2025-02-13 09:00:00+00:00,2666.62,2682.22,2659.29,2675.38,7112.1023
2025-02-13 09:30:00+00:00,2675.37,2686.8,2671.52,2683.5,6117.0968
2025-02-13 10:00:00+00:00,2683.5,2688.43,2675.39,2683.51,5195.3905
2025-02-13 10:30:00+00:00,2683.51,2684.0,2675.88,2677.3,4542.8054
2025-02-13 11:00:00+00:00,2677.3,2679.2,2666.43,2668.4,5054.9611
2025-02-13 11:30:00+00:00,2668.39,2668.45,2650.65,2656.19,11996.9713
2025-02-13 12:00:00+00:00,2656.18,2664.97,2645.6,2664.16,9780.5122
2025-02-13 12:30:00+00:00,2664.15,2669.29,2653.68,2655.8,5051.1714
2025-02-13 13:00:00+00:00,2655.82,2665.14,2651.7,2656.36,7264.7426
2025-02-13 13:30:00+00:00,2656.36,2677.77,2652.0,2659.0,21616.3434
2025-02-13 14:00:00+00:00,2658.99,2659.97,2627.66,2646.5,24259.9055
2025-02-13 14:30:00+00:00,2646.49,2656.15,2616.04,2636.53,22153.3984
2025-02-13 15:00:00+00:00,2636.53,2667.04,2621.78,2645.22,24611.1196
2025-02-13 15:30:00+00:00,2645.23,2665.2,2638.65,2647.95,15084.3818
2025-02-13 16:00:00+00:00,2647.96,2647.97,2621.96,2625.69,14553.0371
2025-02-13 16:30:00+00:00,2625.69,2634.33,2618.7,2626.66,7950.7473
2025-02-13 17:00:00+00:00,2626.76,2643.56,2625.22,2640.21,9685.7994
2025-02-13 17:30:00+00:00,2640.2,2647.98,2630.11,2631.39,6809.2116
2025-02-13 18:00:00+00:00,2631.4,2634.4,2612.76,2630.15,12488.2947
2025-02-13 18:30:00+00:00,2630.01,2639.7,2618.91,2639.6,11630.3339
2025-02-13 19:00:00+00:00,2639.59,2662.17,2635.88,2638.69,11994.7516
2025-02-13 19:30:00+00:00,2638.7,2645.89,2629.35,2640.94,6998.4528
2025-02-13 20:00:00+00:00,2640.94,2659.29,2640.5,2654.99,5257.4279
2025-02-13 20:30:00+00:00,2654.98,2655.78,2647.49,2653.61,4151.4858
2025-02-13 21:00:00+00:00,2653.6,2667.5,2651.49,2661.69,4615.4321
2025-02-13 21:30:00+00:00,2661.68,2675.72,2661.17,2666.99,9671.8595
2025-02-13 22:00:00+00:00,2667.0,2676.92,2662.94,2670.58,5163.7619
2025-02-13 22:30:00+00:00,2670.59,2672.55,2664.52,2668.78,4043.2351
2025-02-13 23:00:00+00:00,2668.79,2676.7,2664.1,2673.5,3960.6343
2025-02-13 23:30:00+00:00,2673.5,2679.99,2671.0,2675.87,2470.1371
2025-02-14 00:00:00+00:00,2675.87,2677.38,2664.46,2677.26,4264.295
2025-02-14 00:30:00+00:00,2677.27,2683.1,2665.23,2675.27,3823.9204
2025-02-14 01:00:00+00:00,2675.27,2683.33,2671.25,2678.39,3341.7981
2025-02-14 01:30:00+00:00,2678.39,2687.55,2669.0,2683.25,5558.226
2025-02-14 02:00:00+00:00,2683.25,2706.58,2680.0,2691.68,12248.7373
2025-02-14 02:30:00+00:00,2691.68,2702.9,2689.09,2690.5,5877.3647
2025-02-14 03:00:00+00:00,2690.51,2696.91,2689.11,2691.2,3130.2157
2025-02-14 03:30:00+00:00,2691.2,2721.4,2691.19,2715.39,8270.9605
2025-02-14 04:00:00+00:00,2715.39,2716.2,2703.0,2703.12,5308.1138
2025-02-14 04:30:00+00:00,2703.12,2709.0,2696.58,2699.5,4417.3324
2025-02-14 05:00:00+00:00,2699.5,2704.0,2695.56,2699.11,3699.5075
2025-02-14 05:30:00+00:00,2699.11,2700.4,2689.43,2698.64,4666.1689
2025-02-14 06:00:00+00:00,2698.64,2704.0,2695.82,2699.01,5934.8179
2025-02-14 06:30:00+00:00,2699.01,2701.3,2692.0,2700.79,4274.4191
2025-02-14 07:00:00+00:00,2700.8,2705.0,2699.85,2702.19,11881.5552
2025-02-14 07:30:00+00:00,2702.2,2703.5,2698.84,2699.42,5584.3842
2025-02-14 08:00:00+00:00,2699.41,2716.21,2695.68,2712.8,13875.6421
2025-02-14 08:30:00+00:00,2712.79,2713.0,2698.1,2705.75,7456.3563
2025-02-14 09:00:00+00:00,2705.74,2714.0,2703.97,2709.28,15806.712
2025-02-14 09:30:00+00:00,2709.27,2713.99,2704.0,2713.61,8150.1887
2025-02-14 10:00:00+00:00,2713.61,2716.48,2704.7,2706.0,6204.1639
2025-02-14 10:30:00+00:00,2706.0,2710.56,2702.28,2703.29,3556.9997
2025-02-14 11:00:00+00:00,2703.29,2705.4,2693.0,2693.0,6284.0762
2025-02-14 11:30:00+00:00,2693.0,2697.76,2682.42,2684.81,9156.8939
2025-02-14 12:00:00+00:00,2684.8,2689.05,2677.43,2687.3,7200.5073
2025-02-14 12:30:00+00:00,2687.3,2691.16,2680.0,2686.43,4256.8572
2025-02-14 13:00:00+00:00,2686.43,2692.95,2684.61,2685.06,4289.5587
2025-02-14 13:30:00+00:00,2685.07,2705.53,2685.07,2701.21,9974.1688
2025-02-14 14:00:00+00:00,2701.21,2712.4,2695.53,2697.18,6126.4297
2025-02-14 14:30:00+00:00,2697.19,2736.76,2693.81,2720.75,21008.3024
2025-02-14 15:00:00+00:00,2720.75,2723.41,2688.79,2697.21,15072.7603
2025-02-14 15:30:00+00:00,2697.22,2747.39,2694.5,2734.33,20803.3296
2025-02-14 16:00:00+00:00,2734.33,2742.47,2709.61,2725.11,14860.358
2025-02-14 16:30:00+00:00,2725.11,2743.46,2720.0,2742.8,7040.4896
2025-02-14 17:00:00+00:00,2742.8,2745.97,2731.61,2736.79,8224.0456
2025-02-14 17:30:00+00:00,2736.8,2791.0,2734.8,2773.97,36388.7016
2025-02-14 18:00:00+00:00,2773.96,2791.78,2766.99,2769.67,24096.5033
2025-02-14 18:30:00+00:00,2769.67,2774.5,2754.78,2755.98,10969.4911
2025-02-14 19:00:00+00:00,2755.97,2763.53,2747.01,2749.75,5691.6156
2025-02-14 19:30:00+00:00,2749.74,2749.8,2728.37,2738.0,9170.8812
2025-02-14 20:00:00+00:00,2738.0,2751.0,2732.53,2746.49,5034.0534
2025-02-14 20:30:00+00:00,2746.49,2748.54,2721.16,2728.2,6640.699
2025-02-14 21:00:00+00:00,2728.2,2732.94,2706.0,2723.75,8734.3049
2025-02-14 21:30:00+00:00,2723.76,2751.1,2723.51,2744.31,9751.0529
2025-02-14 22:00:00+00:00,2744.31,2748.8,2733.8,2739.29,5875.0751
2025-02-14 22:30:00+00:00,2739.29,2739.29,2707.4,2718.0,7579.7462
2025-02-14 23:00:00+00:00,2718.0,2730.9,2714.9,2725.65,4261.4468
2025-02-14 23:30:00+00:00,2725.63,2730.5,2717.55,2725.95,4072.5584
2025-02-15 00:00:00+00:00,2725.95,2727.95,2710.26,2711.94,7934.5103
2025-02-15 00:30:00+00:00,2711.93,2718.9,2703.99,2716.58,7741.5701
2025-02-15 01:00:00+00:00,2716.59,2723.19,2714.6,2719.36,3840.9673
2025-02-15 01:30:00+00:00,2719.38,2731.0,2718.0,2728.49,3966.4823
2025-02-15 02:00:00+00:00,2728.49,2734.76,2721.61,2722.83,4808.767
2025-02-15 02:30:00+00:00,2722.84,2733.2,2720.96,2731.4,3165.0224
2025-02-15 03:00:00+00:00,2731.4,2739.0,2730.06,2731.65,3056.2249
2025-02-15 03:30:00+00:00,2731.66,2732.0,2723.14,2724.4,3893.1061
2025-02-15 04:00:00+00:00,2724.41,2733.6,2722.94,2730.38,2539.0953
2025-02-15 04:30:00+00:00,2730.38,2732.0,2717.6,2720.47,4468.2634
2025-02-15 05:00:00+00:00,2720.47,2724.8,2715.69,2720.95,2154.4842
2025-02-15 05:30:00+00:00,2720.95,2724.96,2719.59,2722.46,1525.0029
2025-02-15 06:00:00+00:00,2722.47,2722.62,2715.72,2719.78,2170.2311
2025-02-15 06:30:00+00:00,2719.79,2719.79,2705.0,2709.38,2939.3968
2025-02-15 07:00:00+00:00,2709.38,2710.89,2694.0,2705.89,8383.3647
2025-02-15 07:30:00+00:00,2705.9,2708.28,2696.46,2697.66,4185.5588
2025-02-15 08:00:00+00:00,2697.65,2708.34,2697.13,2704.5,4085.464
2025-02-15 08:30:00+00:00,2704.49,2711.9,2702.91,2704.79,3325.8193
2025-02-15 09:00:00+00:00,2704.8,2712.4,2698.21,2700.38,3381.4728
2025-02-15 09:30:00+00:00,2700.38,2706.2,2696.04,2702.91,2184.9659
2025-02-15 10:00:00+00:00,2702.91,2703.99,2695.7,2701.48,2955.3411
2025-02-15 10:30:00+00:00,2701.48,2712.4,2700.0,2710.49,3368.104
2025-02-15 11:00:00+00:00,2710.49,2715.1,2700.01,2704.52,7574.9322
2025-02-15 11:30:00+00:00,2704.53,2711.2,2700.0,2708.37,4353.6067
2025-02-15 12:00:00+00:00,2708.37,2711.83,2704.12,2710.2,3044.2161
2025-02-15 12:30:00+00:00,2710.19,2713.53,2703.6,2710.23,4005.0255
2025-02-15 13:00:00+00:00,2710.23,2713.95,2706.49,2709.28,3362.3551
2025-02-15 13:30:00+00:00,2709.29,2713.99,2705.9,2707.02,2844.8568
2025-02-15 14:00:00+00:00,2707.02,2707.03,2696.3,2700.26,6249.8606
2025-02-15 14:30:00+00:00,2700.26,2700.26,2662.28,2688.68,23155.8603
2025-02-15 15:00:00+00:00,2688.69,2698.83,2688.0,2689.7,4763.2758
2025-02-15 15:30:00+00:00,2689.7,2694.3,2683.99,2691.05,4058.3372
2025-02-15 16:00:00+00:00,2691.05,2696.49,2684.38,2696.23,4766.4373
2025-02-15 16:30:00+00:00,2696.22,2696.48,2682.48,2689.06,3548.8313
2025-02-15 17:00:00+00:00,2689.06,2693.99,2683.01,2686.43,4767.4531
2025-02-15 17:30:00+00:00,2686.43,2686.44,2679.0,2686.12,3089.3634
2025-02-15 18:00:00+00:00,2686.12,2694.15,2685.01,2692.3,2312.3502
2025-02-15 18:30:00+00:00,2692.31,2707.93,2691.61,2702.83,6682.8644
2025-02-15 19:00:00+00:00,2702.84,2705.53,2699.3,2704.4,1966.4263
2025-02-15 19:30:00+00:00,2704.39,2704.4,2690.49,2691.59,2707.309
2025-02-15 20:00:00+00:00,2691.6,2697.0,2684.8,2687.4,3669.3599
2025-02-15 20:30:00+00:00,2687.4,2689.45,2679.16,2686.11,3812.4192
2025-02-15 21:00:00+00:00,2686.1,2693.93,2685.8,2692.89,2589.3379
2025-02-15 21:30:00+00:00,2692.9,2702.52,2690.12,2701.08,3600.8767
2025-02-15 22:00:00+00:00,2701.09,2704.0,2689.49,2689.5,3253.8162
2025-02-15 22:30:00+00:00,2689.49,2696.65,2687.61,2695.19,2432.5614
2025-02-15 23:00:00+00:00,2695.2,2697.7,2692.53,2697.29,2695.7631
2025-02-15 23:30:00+00:00,2697.29,2697.94,2690.0,2693.04,1590.7191
2025-02-16 00:00:00+00:00,2693.04,2703.54,2690.11,2700.5,2636.2694
2025-02-16 00:30:00+00:00,2700.5,2705.98,2698.49,2699.62,2071.6047
2025-02-16 01:00:00+00:00,2699.63,2700.39,2694.38,2698.3,1606.2372
2025-02-16 01:30:00+00:00,2698.3,2702.35,2692.46,2700.2,2264.7296
2025-02-16 02:00:00+00:00,2700.19,2700.39,2690.7,2698.49,2488.5183
2025-02-16 02:30:00+00:00,2698.49,2699.5,2687.71,2690.51,2276.5335
2025-02-16 03:00:00+00:00,2690.5,2694.4,2687.81,2690.15,2587.9654
2025-02-16 03:30:00+00:00,2690.15,2698.83,2688.28,2698.73,2201.6554
2025-02-16 04:00:00+00:00,2698.73,2701.99,2697.61,2699.86,2232.3076
2025-02-16 04:30:00+00:00,2699.87,2704.01,2698.09,2703.38,1346.9442
2025-02-16 05:00:00+00:00,2703.38,2704.0,2697.0,2702.1,1073.6263
2025-02-16 05:30:00+00:00,2702.09,2727.31,2699.6,2709.27,9193.6336
2025-02-16 06:00:00+00:00,2709.17,2716.93,2707.0,2716.92,2121.9728
2025-02-16 06:30:00+00:00,2716.92,2720.0,2709.78,2710.8,3883.2271
2025-02-16 07:00:00+00:00,2710.81,2710.81,2691.2,2694.62,7973.3979
2025-02-16 07:30:00+00:00,2694.63,2698.83,2690.56,2695.59,2253.1773
2025-02-16 08:00:00+00:00,2695.59,2702.47,2693.07,2701.45,2317.4467
2025-02-16 08:30:00+00:00,2701.48,2705.0,2691.99,2696.79,2500.3299
2025-02-16 09:00:00+00:00,2696.79,2698.58,2689.49,2698.09,2838.2641
2025-02-16 09:30:00+00:00,2698.1,2708.0,2696.16,2704.6,4309.4875
2025-02-16 10:00:00+00:00,2704.6,2707.54,2701.62,2703.8,2269.4843
2025-02-16 10:30:00+00:00,2703.79,2704.0,2693.33,2695.9,6328.551
2025-02-16 11:00:00+00:00,2695.9,2712.5,2693.86,2709.41,7487.6071
2025-02-16 11:30:00+00:00,2709.4,2713.0,2705.63,2710.99,3204.3192
2025-02-16 12:00:00+00:00,2710.99,2712.49,2707.49,2708.61,2296.6007
2025-02-16 12:30:00+00:00,2708.61,2709.5,2703.99,2705.87,2349.5751
2025-02-16 13:00:00+00:00,2705.87,2709.8,2700.3,2705.12,2946.2055
2025-02-16 13:30:00+00:00,2705.11,2709.5,2688.26,2692.47,6405.3571
2025-02-16 14:00:00+00:00,2692.47,2693.6,2676.73,2683.57,10890.2895
2025-02-16 14:30:00+00:00,2683.57,2698.5,2680.54,2691.93,4588.6632
2025-02-16 15:00:00+00:00,2691.92,2701.41,2687.0,2700.04,4778.0958
2025-02-16 15:30:00+00:00,2700.03,2700.35,2693.12,2694.2,2735.9298
2025-02-16 16:00:00+00:00,2694.21,2699.3,2689.73,2697.81,3753.3978
2025-02-16 16:30:00+00:00,2697.81,2700.9,2691.24,2697.0,2324.0276
2025-02-16 17:00:00+00:00,2696.99,2703.46,2695.0,2696.53,2619.2552
2025-02-16 17:30:00+00:00,2696.53,2696.53,2685.55,2688.24,4676.3378
2025-02-16 18:00:00+00:00,2688.25,2688.25,2667.45,2669.62,9411.7621
2025-02-16 18:30:00+00:00,2669.62,2682.0,2659.1,2679.49,8321.8586
2025-02-16 19:00:00+00:00,2679.5,2681.3,2668.0,2675.0,4051.6992
2025-02-16 19:30:00+00:00,2675.01,2688.0,2674.37,2683.47,3395.4453
2025-02-16 20:00:00+00:00,2683.46,2686.13,2679.03,2683.59,2218.5291
2025-02-16 20:30:00+00:00,2683.58,2683.58,2669.7,2670.57,2830.6736
2025-02-16 21:00:00+00:00,2670.58,2676.35,2663.64,2671.9,3715.0365
2025-02-16 21:30:00+00:00,2671.89,2689.13,2671.35,2686.89,3747.141
2025-02-16 22:00:00+00:00,2686.89,2687.5,2670.04,2677.31,2443.5422
2025-02-16 22:30:00+00:00,2677.3,2680.53,2663.99,2678.9,3877.9419
2025-02-16 23:00:00+00:00,2678.89,2679.27,2651.26,2664.69,11748.3702
2025-02-16 23:30:00+00:00,2664.69,2668.49,2656.69,2661.41,5638.5065
2025-02-17 00:00:00+00:00,2661.41,2670.52,2658.28,2668.79,4758.0615
2025-02-17 00:30:00+00:00,2668.8,2672.36,2663.5,2670.89,3380.8218
2025-02-17 01:00:00+00:00,2670.9,2675.21,2658.99,2666.72,5464.9788
2025-02-17 01:30:00+00:00,2666.72,2683.7,2664.6,2679.99,4134.7247
2025-02-17 02:00:00+00:00,2679.98,2684.0,2675.0,2679.82,2986.9443
2025-02-17 02:30:00+00:00,2679.82,2680.9,2667.26,2669.34,2932.8972
2025-02-17 03:00:00+00:00,2669.34,2671.0,2658.0,2670.2,8516.323
2025-02-17 03:30:00+00:00,2670.2,2674.19,2666.4,2671.88,2532.2392
2025-02-17 04:00:00+00:00,2671.89,2672.0,2658.89,2667.58,9724.6665
2025-02-17 04:30:00+00:00,2667.58,2669.33,2661.96,2662.16,5087.9359
2025-02-17 05:00:00+00:00,2662.16,2671.38,2637.71,2658.5,33708.1428
2025-02-17 05:30:00+00:00,2658.5,2673.3,2654.72,2670.91,13969.3827
2025-02-17 06:00:00+00:00,2670.91,2683.82,2668.22,2679.53,7078.335
2025-02-17 06:30:00+00:00,2679.53,2688.72,2678.62,2686.28,9173.7255
2025-02-17 07:00:00+00:00,2686.28,2695.27,2682.39,2690.75,7419.0097
2025-02-17 07:30:00+00:00,2690.74,2692.6,2675.6,2681.59,9747.0511
2025-02-17 08:00:00+00:00,2681.59,2700.0,2676.29,2686.8,11727.2657
2025-02-17 08:30:00+00:00,2686.79,2717.5,2686.2,2714.6,17946.64
2025-02-17 09:00:00+00:00,2714.59,2723.37,2712.2,2716.44,21319.5985
2025-02-17 09:30:00+00:00,2716.44,2741.87,2713.93,2733.12,19805.3945
2025-02-17 10:00:00+00:00,2733.12,2774.98,2731.33,2760.36,25674.3528
2025-02-17 10:30:00+00:00,2760.35,2770.71,2747.17,2749.95,17648.7647
2025-02-17 11:00:00+00:00,2749.92,2758.0,2741.65,2743.98,9829.972
2025-02-17 11:30:00+00:00,2743.99,2764.6,2742.35,2755.2,9191.9495
2025-02-17 12:00:00+00:00,2755.2,2769.42,2753.99,2766.84,9725.1123
2025-02-17 12:30:00+00:00,2766.84,2779.0,2762.0,2766.22,10843.1357
2025-02-17 13:00:00+00:00,2766.21,2780.76,2760.0,2770.0,10643.7363
2025-02-17 13:30:00+00:00,2769.99,2782.84,2766.0,2776.59,9797.8792
2025-02-17 14:00:00+00:00,2776.59,2818.59,2776.59,2802.5,46758.463
2025-02-17 14:30:00+00:00,2802.5,2828.7,2801.49,2826.6,24341.5585
2025-02-17 15:00:00+00:00,2826.59,2849.7,2813.49,2820.29,32395.6587
2025-02-17 15:30:00+00:00,2820.29,2821.5,2746.1,2755.72,56769.0884
2025-02-17 16:00:00+00:00,2755.71,2765.79,2726.37,2727.91,31813.8025
2025-02-17 16:30:00+00:00,2727.9,2740.94,2723.76,2726.0,17339.9729
2025-02-17 17:00:00+00:00,2726.01,2749.6,2726.0,2734.46,14431.2002
2025-02-17 17:30:00+00:00,2734.47,2746.68,2730.59,2732.6,8352.9966
2025-02-17 18:00:00+00:00,2732.6,2733.07,2709.42,2718.59,17654.1074
2025-02-17 18:30:00+00:00,2718.59,2718.7,2696.92,2700.99,16895.1768
2025-02-17 19:00:00+00:00,2700.98,2714.0,2686.91,2707.62,12330.5472
2025-02-17 19:30:00+00:00,2707.61,2722.0,2702.35,2717.72,5668.689
2025-02-17 20:00:00+00:00,2717.72,2739.49,2716.54,2736.82,8358.5888
2025-02-17 20:30:00+00:00,2736.81,2745.97,2728.99,2732.49,5643.7939
2025-02-17 21:00:00+00:00,2732.49,2761.31,2731.7,2761.31,7175.1633
2025-02-17 21:30:00+00:00,2761.31,2778.15,2752.3,2776.59,8896.2886
2025-02-17 22:00:00+00:00,2776.6,2777.3,2751.27,2752.58,7543.915
2025-02-17 22:30:00+00:00,2752.58,2758.5,2732.65,2737.6,5670.504
2025-02-17 23:00:00+00:00,2737.6,2750.8,2737.21,2746.5,3817.9321
2025-02-17 23:30:00+00:00,2746.49,2750.46,2734.41,2744.05,3113.3319
2025-02-18 00:00:00+00:00,2744.05,2756.93,2716.6,2719.77,9926.7534
2025-02-18 00:30:00+00:00,2719.78,2732.99,2718.31,2720.99,4980.504
2025-02-18 01:00:00+00:00,2720.99,2732.89,2715.6,2725.21,6082.5052
2025-02-18 01:30:00+00:00,2725.2,2740.41,2724.13,2736.47,5209.2242
2025-02-18 02:00:00+00:00,2736.48,2738.96,2724.61,2728.51,6565.5771
2025-02-18 02:30:00+00:00,2728.52,2730.0,2707.5,2713.49,10664.1113
2025-02-18 03:00:00+00:00,2713.49,2723.85,2709.23,2713.21,6019.8962
2025-02-18 03:30:00+00:00,2713.21,2719.8,2709.19,2712.08,4417.5114
2025-02-18 04:00:00+00:00,2712.07,2718.09,2695.22,2696.96,6264.1548
2025-02-18 04:30:00+00:00,2696.97,2706.6,2691.59,2701.89,7154.9511
2025-02-18 05:00:00+00:00,2701.89,2706.0,2684.21,2694.47,18183.3769
2025-02-18 05:30:00+00:00,2694.47,2696.19,2674.03,2677.63,26359.2752
2025-02-18 06:00:00+00:00,2677.62,2679.4,2653.5,2662.91,30237.5731
2025-02-18 06:30:00+00:00,2662.91,2676.17,2652.17,2663.24,20186.1075
2025-02-18 07:00:00+00:00,2663.24,2677.59,2657.39,2674.09,18109.5675
2025-02-18 07:30:00+00:00,2674.1,2678.94,2669.46,2672.51,18403.4254
2025-02-18 08:00:00+00:00,2672.51,2676.6,2661.01,2674.25,12511.0041
2025-02-18 08:30:00+00:00,2674.24,2677.69,2653.4,2667.8,18632.8025
2025-02-18 09:00:00+00:00,2667.8,2695.2,2663.65,2693.09,12289.5737
2025-02-18 09:30:00+00:00,2693.03,2697.27,2682.5,2697.27,7833.7898
2025-02-18 10:00:00+00:00,2697.26,2705.4,2691.78,2698.22,8959.6204
2025-02-18 10:30:00+00:00,2698.22,2706.12,2693.5,2695.24,8616.446
2025-02-18 11:00:00+00:00,2695.24,2695.6,2685.79,2692.09,7378.3502
2025-02-18 11:30:00+00:00,2692.09,2696.42,2676.38,2679.26,12458.6585
2025-02-18 12:00:00+00:00,2679.26,2700.0,2677.27,2699.53,11331.921
2025-02-18 12:30:00+00:00,2699.54,2710.76,2696.7,2703.5,15288.9364
2025-02-18 13:00:00+00:00,2703.49,2703.87,2692.6,2695.28,7004.218
2025-02-18 13:30:00+00:00,2695.29,2704.0,2690.0,2702.99,5661.2629
2025-02-18 14:00:00+00:00,2702.99,2732.8,2698.8,2719.3,15647.4121
2025-02-18 14:30:00+00:00,2719.31,2722.99,2672.6,2688.62,25778.131
2025-02-18 15:00:00+00:00,2688.61,2693.8,2668.75,2674.08,13828.8286
2025-02-18 15:30:00+00:00,2674.1,2690.59,2660.0,2673.7,19802.1665
2025-02-18 16:00:00+00:00,2673.7,2684.63,2658.3,2660.07,12471.8262
2025-02-18 16:30:00+00:00,2660.06,2663.97,2630.11,2635.41,33548.3504
2025-02-18 17:00:00+00:00,2635.5,2649.25,2617.9,2624.79,17237.2228
2025-02-18 17:30:00+00:00,2624.8,2629.0,2605.44,2619.76,19016.2509
2025-02-18 18:00:00+00:00,2619.76,2636.9,2608.74,2633.17,15737.4967
2025-02-18 18:30:00+00:00,2633.17,2644.62,2619.21,2631.72,15538.1419
2025-02-18 19:00:00+00:00,2631.72,2638.9,2623.13,2631.5,9688.0062
2025-02-18 19:30:00+00:00,2631.5,2646.69,2613.79,2630.37,16245.3691
2025-02-18 20:00:00+00:00,2630.38,2643.3,2623.5,2637.43,8653.6371
2025-02-18 20:30:00+00:00,2637.43,2637.99,2618.0,2630.9,13476.2581
2025-02-18 21:00:00+00:00,2630.9,2657.5,2629.13,2652.9,16354.361
2025-02-18 21:30:00+00:00,2652.9,2658.7,2643.7,2652.78,5703.3677
2025-02-18 22:00:00+00:00,2652.78,2664.8,2649.01,2663.71,4866.023
2025-02-18 22:30:00+00:00,2663.71,2667.49,2653.14,2655.85,3937.6314
2025-02-18 23:00:00+00:00,2655.84,2670.95,2653.49,2670.33,6816.1278
2025-02-18 23:30:00+00:00,2670.33,2672.4,2664.21,2671.99,3786.1674
2025-02-19 00:00:00+00:00,2672.0,2680.32,2668.5,2669.8,7942.1454
2025-02-19 00:30:00+00:00,2669.8,2676.9,2666.99,2669.89,3519.5243
2025-02-19 01:00:00+00:00,2669.89,2671.88,2656.03,2663.49,6182.9292
2025-02-19 01:30:00+00:00,2663.49,2670.35,2656.5,2669.88,3889.6532
2025-02-19 02:00:00+00:00,2669.89,2686.91,2669.49,2680.19,6251.9044
2025-02-19 02:30:00+00:00,2680.19,2700.0,2678.49,2691.3,6969.6825
2025-02-19 03:00:00+00:00,2691.31,2691.6,2676.28,2685.66,7188.7943
2025-02-19 03:30:00+00:00,2685.67,2696.89,2681.93,2694.02,6312.077
2025-02-19 04:00:00+00:00,2694.02,2695.0,2678.19,2681.36,5333.0406
2025-02-19 04:30:00+00:00,2681.35,2684.43,2666.18,2666.19,5422.8685
2025-02-19 05:00:00+00:00,2666.18,2681.8,2664.54,2679.9,11920.7659
2025-02-19 05:30:00+00:00,2679.89,2696.2,2679.68,2687.21,4444.1854
2025-02-19 06:00:00+00:00,2687.21,2692.9,2685.83,2689.79,3759.4292
2025-02-19 06:30:00+00:00,2689.79,2705.36,2686.43,2698.78,8595.4666
2025-02-19 07:00:00+00:00,2698.78,2714.21,2698.49,2705.52,10518.3475
2025-02-19 07:30:00+00:00,2705.52,2717.34,2697.95,2708.38,6196.9531
2025-02-19 08:00:00+00:00,2708.39,2723.43,2707.3,2718.11,9304.9024
2025-02-19 08:30:00+00:00,2718.1,2725.5,2706.8,2707.88,7505.3354
2025-02-19 09:00:00+00:00,2707.88,2723.0,2703.99,2720.75,9997.833
2025-02-19 09:30:00+00:00,2720.76,2729.62,2718.1,2724.22,8595.7751
2025-02-19 10:00:00+00:00,2724.22,2736.7,2724.22,2726.56,7349.8424
2025-02-19 10:30:00+00:00,2726.56,2728.0,2720.49,2726.19,5094.9695
2025-02-19 11:00:00+00:00,2726.18,2736.61,2724.06,2732.5,5256.3435
2025-02-19 11:30:00+00:00,2732.49,2733.67,2724.04,2726.93,8680.4326
2025-02-19 12:00:00+00:00,2726.93,2727.64,2717.68,2724.97,6203.9481
2025-02-19 12:30:00+00:00,2724.97,2724.98,2703.92,2704.06,6241.9683
2025-02-19 13:00:00+00:00,2704.06,2716.72,2704.06,2712.03,3593.769
2025-02-19 13:30:00+00:00,2712.02,2720.0,2709.12,2717.98,3636.3602
2025-02-19 14:00:00+00:00,2717.99,2719.5,2707.53,2719.49,4409.9422
2025-02-19 14:30:00+00:00,2719.49,2731.16,2687.68,2690.9,19881.327
2025-02-19 15:00:00+00:00,2690.9,2698.92,2677.51,2691.69,15385.7814
2025-02-19 15:30:00+00:00,2691.68,2712.6,2691.25,2696.99,12399.2175
2025-02-19 16:00:00+00:00,2696.99,2719.86,2696.99,2711.49,6908.7933
2025-02-19 16:30:00+00:00,2711.49,2712.0,2701.41,2711.55,4027.2524
2025-02-19 17:00:00+00:00,2711.56,2719.66,2700.82,2703.38,5345.5997
2025-02-19 17:30:00+00:00,2703.37,2715.77,2700.49,2710.95,7618.9184
2025-02-19 18:00:00+00:00,2710.95,2712.5,2696.71,2707.2,7641.2008
2025-02-19 18:30:00+00:00,2707.2,2711.97,2698.6,2699.78,5009.6027
2025-02-19 19:00:00+00:00,2699.78,2724.29,2694.78,2711.71,7617.4679
2025-02-19 19:30:00+00:00,2711.71,2714.57,2706.6,2712.03,3479.2643
2025-02-19 20:00:00+00:00,2712.03,2724.1,2709.01,2714.0,4424.0263
2025-02-19 20:30:00+00:00,2714.0,2725.6,2714.0,2721.04,6972.1462
2025-02-19 21:00:00+00:00,2721.03,2728.0,2715.7,2724.09,5687.8792
2025-02-19 21:30:00+00:00,2724.1,2729.87,2706.02,2710.01,5525.6079
2025-02-19 22:00:00+00:00,2710.01,2716.59,2708.65,2714.26,3967.4798
2025-02-19 22:30:00+00:00,2714.26,2730.91,2710.07,2721.41,4810.7412
2025-02-19 23:00:00+00:00,2721.41,2734.37,2717.0,2723.42,5995.1445
2025-02-19 23:30:00+00:00,2723.42,2724.96,2713.0,2715.5,3137.3809
2025-02-20 00:00:00+00:00,2715.51,2719.39,2709.69,2718.13,5138.2913
2025-02-20 00:30:00+00:00,2718.12,2733.0,2712.18,2729.0,9265.3131
2025-02-20 01:00:00+00:00,2728.99,2733.3,2718.35,2718.91,4625.0815
2025-02-20 01:30:00+00:00,2718.9,2719.84,2712.7,2719.49,3086.727
2025-02-20 02:00:00+00:00,2719.49,2732.67,2719.49,2728.2,7677.221
2025-02-20 02:30:00+00:00,2728.2,2751.5,2722.8,2741.74,10907.4761
2025-02-20 03:00:00+00:00,2741.74,2748.2,2732.79,2739.12,5595.3091
2025-02-20 03:30:00+00:00,2739.11,2746.5,2739.11,2741.77,4657.6495
2025-02-20 04:00:00+00:00,2741.77,2758.68,2739.29,2752.97,5705.7176
2025-02-20 04:30:00+00:00,2752.97,2752.97,2736.52,2739.14,4851.6787
2025-02-20 05:00:00+00:00,2739.14,2742.72,2734.6,2736.64,4536.1732
2025-02-20 05:30:00+00:00,2736.64,2739.7,2729.03,2732.06,5728.2068
2025-02-20 06:00:00+00:00,2732.06,2737.31,2724.05,2729.75,17547.0628
2025-02-20 06:30:00+00:00,2729.75,2732.33,2725.73,2730.61,3345.4987
2025-02-20 07:00:00+00:00,2730.6,2733.7,2722.23,2728.17,5336.4088
2025-02-20 07:30:00+00:00,2728.16,2737.6,2728.16,2730.22,3460.6472
2025-02-20 08:00:00+00:00,2730.23,2736.24,2726.76,2733.59,6008.6218
2025-02-20 08:30:00+00:00,2733.59,2735.93,2727.17,2733.04,3356.1592
2025-02-20 09:00:00+00:00,2733.05,2734.07,2726.99,2729.84,2712.0245
2025-02-20 09:30:00+00:00,2729.84,2732.68,2725.28,2725.86,4623.3588
2025-02-20 10:00:00+00:00,2725.86,2738.7,2725.67,2738.13,3050.994
2025-02-20 10:30:00+00:00,2738.12,2745.85,2736.66,2745.51,5085.5934
2025-02-20 11:00:00+00:00,2745.5,2746.99,2737.74,2741.19,4789.0142
2025-02-20 11:30:00+00:00,2741.2,2742.72,2735.81,2740.71,3701.8395
2025-02-20 12:00:00+00:00,2740.7,2746.43,2739.15,2741.19,5777.6092
2025-02-20 12:30:00+00:00,2741.19,2746.0,2738.08,2742.1,3393.9422
2025-02-20 13:00:00+00:00,2742.1,2743.12,2733.49,2739.49,4131.308
2025-02-20 13:30:00+00:00,2739.49,2754.19,2735.18,2745.91,13784.5005
2025-02-20 14:00:00+00:00,2745.9,2770.59,2745.9,2762.15,19570.1601
2025-02-20 14:30:00+00:00,2762.11,2769.79,2726.0,2729.19,19616.6522
2025-02-20 15:00:00+00:00,2729.2,2738.36,2719.03,2730.5,16892.8502
2025-02-20 15:30:00+00:00,2730.49,2735.98,2707.33,2712.6,13092.5075
2025-02-20 16:00:00+00:00,2712.6,2730.99,2707.18,2725.86,15533.6174
2025-02-20 16:30:00+00:00,2725.86,2727.64,2711.99,2713.36,11353.7497
2025-02-20 17:00:00+00:00,2713.36,2729.9,2711.35,2728.45,5847.0443
2025-02-20 17:30:00+00:00,2728.45,2737.69,2726.36,2735.37,5365.2435
2025-02-20 18:00:00+00:00,2735.37,2750.94,2731.59,2741.26,12485.2686
2025-02-20 18:30:00+00:00,2741.28,2746.07,2732.66,2737.7,5097.4604
2025-02-20 19:00:00+00:00,2737.7,2767.93,2735.75,2764.58,10148.007
2025-02-20 19:30:00+00:00,2764.57,2765.69,2745.26,2747.77,6969.8976
2025-02-20 20:00:00+00:00,2747.77,2761.06,2746.74,2753.2,4412.64
2025-02-20 20:30:00+00:00,2753.19,2755.2,2744.92,2749.69,5235.6813
2025-02-20 21:00:00+00:00,2749.7,2751.69,2736.5,2738.19,4344.3435
2025-02-20 21:30:00+00:00,2738.2,2741.0,2722.2,2726.0,5190.0188
2025-02-20 22:00:00+00:00,2726.0,2731.01,2725.0,2728.99,3266.4444
2025-02-20 22:30:00+00:00,2729.0,2737.96,2727.66,2728.55,2696.8408
2025-02-20 23:00:00+00:00,2728.54,2740.5,2727.66,2739.5,4856.3222
2025-02-20 23:30:00+00:00,2739.5,2746.8,2737.86,2738.04,2881.0772
2025-02-21 00:00:00+00:00,2738.04,2745.87,2736.73,2739.31,3818.9794
2025-02-21 00:30:00+00:00,2739.31,2743.72,2730.0,2735.33,3467.9725
2025-02-21 01:00:00+00:00,2735.33,2736.3,2726.0,2733.29,2980.9093
2025-02-21 01:30:00+00:00,2733.3,2745.5,2731.8,2741.21,3052.7166
2025-02-21 02:00:00+00:00,2741.22,2745.73,2738.14,2740.0,4349.7384
2025-02-21 02:30:00+00:00,2739.99,2740.71,2733.73,2736.57,4374.3842
2025-02-21 03:00:00+00:00,2736.57,2749.49,2733.83,2747.78,5809.0313
2025-02-21 03:30:00+00:00,2747.78,2748.39,2739.8,2744.2,4401.8924
2025-02-21 04:00:00+00:00,2744.2,2751.49,2744.19,2746.22,5317.7547
2025-02-21 04:30:00+00:00,2746.22,2754.24,2744.72,2751.27,3253.3398
2025-02-21 05:00:00+00:00,2751.27,2751.75,2745.78,2748.76,2752.3731
2025-02-21 05:30:00+00:00,2748.77,2758.5,2748.76,2755.99,4557.412
2025-02-21 06:00:00+00:00,2755.99,2760.99,2753.2,2755.0,4895.9421
2025-02-21 06:30:00+00:00,2755.01,2762.5,2752.4,2761.21,8533.8463
2025-02-21 07:00:00+00:00,2761.2,2769.56,2759.73,2765.26,7161.9644
2025-02-21 07:30:00+00:00,2765.26,2768.0,2754.18,2756.32,7612.3774
2025-02-21 08:00:00+00:00,2756.31,2761.1,2747.74,2753.76,5512.9517
2025-02-21 08:30:00+00:00,2753.77,2755.77,2749.49,2751.0,4019.1631
2025-02-21 09:00:00+00:00,2751.01,2831.71,2749.9,2793.81,39979.423
2025-02-21 09:30:00+00:00,2793.81,2803.79,2765.16,2782.31,19990.2942
2025-02-21 10:00:00+00:00,2782.3,2802.28,2781.24,2799.03,11387.7542
2025-02-21 10:30:00+00:00,2799.02,2808.0,2797.94,2801.02,8051.8511
2025-02-21 11:00:00+00:00,2801.01,2805.99,2786.0,2799.81,8903.9358
2025-02-21 11:30:00+00:00,2799.82,2801.51,2788.5,2788.73,3981.1626
2025-02-21 12:00:00+00:00,2788.73,2800.89,2788.44,2798.5,6796.596
2025-02-21 12:30:00+00:00,2798.49,2806.97,2796.5,2806.57,6311.8471
2025-02-21 13:00:00+00:00,2806.57,2844.17,2802.1,2831.8,29195.8627
2025-02-21 13:30:00+00:00,2831.81,2845.32,2829.12,2836.32,12976.4251
2025-02-21 14:00:00+00:00,2836.32,2838.4,2815.57,2821.6,12709.258
2025-02-21 14:30:00+00:00,2821.59,2821.59,2778.0,2807.0,31496.5093
2025-02-21 15:00:00+00:00,2806.99,2831.8,2761.38,2788.99,51043.9415
2025-02-21 15:30:00+00:00,2788.98,2788.98,2675.02,2723.31,123216.1576
2025-02-21 16:00:00+00:00,2723.3,2769.88,2691.2,2741.39,72874.5873
2025-02-21 16:30:00+00:00,2741.4,2756.21,2725.25,2736.78,31465.4826
2025-02-21 17:00:00+00:00,2736.72,2742.2,2702.0,2705.81,24610.4063
2025-02-21 17:30:00+00:00,2705.81,2707.21,2653.57,2672.65,80269.025
2025-02-21 18:00:00+00:00,2672.65,2691.72,2662.01,2683.0,33607.4965
2025-02-21 18:30:00+00:00,2683.01,2690.3,2670.22,2679.22,22024.4743
2025-02-21 19:00:00+00:00,2679.23,2686.28,2641.0,2646.09,38200.9342
2025-02-21 19:30:00+00:00,2646.1,2659.48,2625.94,2640.19,25602.8292
2025-02-21 20:00:00+00:00,2640.2,2660.09,2637.01,2654.09,17874.9186
2025-02-21 20:30:00+00:00,2654.13,2661.69,2628.01,2633.6,18074.7022
2025-02-21 21:00:00+00:00,2633.61,2646.8,2621.27,2621.5,14630.8834
2025-02-21 21:30:00+00:00,2621.51,2645.71,2616.72,2642.6,16303.8503
2025-02-21 22:00:00+00:00,2642.6,2663.57,2634.11,2657.32,11959.855
2025-02-21 22:30:00+00:00,2657.33,2659.89,2634.07,2643.54,10467.0778
2025-02-21 23:00:00+00:00,2643.54,2657.33,2635.0,2656.47,10117.7017
2025-02-21 23:30:00+00:00,2656.48,2664.0,2655.3,2663.0,10442.0691
2025-02-22 00:00:00+00:00,2663.0,2669.56,2653.33,2661.4,14843.1957
2025-02-22 00:30:00+00:00,2661.41,2683.08,2660.83,2678.76,14695.149
2025-02-22 01:00:00+00:00,2678.75,2688.97,2676.2,2681.75,18697.1053
2025-02-22 01:30:00+00:00,2681.75,2686.44,2676.99,2684.05,11246.8743
2025-02-22 02:00:00+00:00,2684.05,2684.8,2667.46,2667.79,9293.2773
2025-02-22 02:30:00+00:00,2667.79,2685.43,2666.0,2682.74,7837.4357
2025-02-22 03:00:00+00:00,2682.75,2683.2,2672.94,2679.51,6632.9305
2025-02-22 03:30:00+00:00,2679.5,2679.51,2666.87,2675.37,5380.4254
2025-02-22 04:00:00+00:00,2675.37,2685.6,2673.0,2681.49,4262.1949
2025-02-22 04:30:00+00:00,2681.5,2684.8,2678.88,2681.23,4476.3424
2025-02-22 05:00:00+00:00,2681.24,2683.3,2675.66,2682.98,3789.5076
2025-02-22 05:30:00+00:00,2682.99,2695.43,2682.01,2690.68,5497.2
2025-02-22 06:00:00+00:00,2690.69,2695.73,2686.0,2688.45,4636.8606
2025-02-22 06:30:00+00:00,2688.44,2691.0,2684.3,2684.79,3535.0538
2025-02-22 07:00:00+00:00,2684.8,2697.1,2684.42,2690.23,5017.3487
2025-02-22 07:30:00+00:00,2690.22,2694.87,2684.31,2684.56,4043.4516
2025-02-22 08:00:00+00:00,2684.55,2686.71,2676.8,2680.19,4139.8765
2025-02-22 08:30:00+00:00,2680.19,2694.22,2679.95,2691.0,6811.3035
2025-02-22 09:00:00+00:00,2691.01,2715.87,2691.01,2706.21,24192.4382
2025-02-22 09:30:00+00:00,2706.2,2718.0,2706.2,2715.02,27723.8207
2025-02-22 10:00:00+00:00,2715.02,2753.59,2712.5,2745.63,43717.1278
2025-02-22 10:30:00+00:00,2745.61,2747.28,2727.77,2733.5,15441.7344
2025-02-22 11:00:00+00:00,2733.5,2738.9,2730.13,2738.88,9590.9157
2025-02-22 11:30:00+00:00,2738.89,2743.44,2732.44,2732.99,5280.7604
2025-02-22 12:00:00+00:00,2733.0,2737.48,2725.71,2731.63,5424.2838
2025-02-22 12:30:00+00:00,2731.63,2742.81,2731.62,2739.13,7125.0757
2025-02-22 13:00:00+00:00,2739.14,2744.58,2728.52,2728.74,4696.2711
2025-02-22 13:30:00+00:00,2728.73,2731.06,2722.15,2722.71,6217.7922
2025-02-22 14:00:00+00:00,2722.71,2741.3,2722.71,2738.91,6957.9174
2025-02-22 14:30:00+00:00,2738.91,2742.19,2734.1,2737.23,6769.3056
2025-02-22 15:00:00+00:00,2737.23,2749.54,2737.22,2745.05,6150.8025
2025-02-22 15:30:00+00:00,2745.04,2785.91,2744.08,2775.68,21642.0887
2025-02-22 16:00:00+00:00,2775.67,2797.48,2773.73,2776.69,28594.1156
2025-02-22 16:30:00+00:00,2776.7,2783.43,2771.57,2774.5,11975.5941
2025-02-22 17:00:00+00:00,2774.51,2793.0,2772.86,2786.85,7261.1997
2025-02-22 17:30:00+00:00,2786.84,2798.07,2782.0,2785.08,9992.7609
2025-02-22 18:00:00+00:00,2785.09,2789.8,2769.31,2776.5,9864.3921
2025-02-22 18:30:00+00:00,2776.5,2780.6,2756.37,2762.99,10988.1576
2025-02-22 19:00:00+00:00,2762.99,2768.85,2761.59,2765.72,5607.1623
2025-02-22 19:30:00+00:00,2765.71,2771.48,2762.72,2770.09,4757.5852
2025-02-22 20:00:00+00:00,2770.1,2770.86,2759.39,2767.53,6352.3965
2025-02-22 20:30:00+00:00,2767.53,2775.72,2766.71,2770.68,4997.5801
2025-02-22 21:00:00+00:00,2770.69,2778.14,2766.0,2766.53,3750.2634
2025-02-22 21:30:00+00:00,2766.52,2769.83,2761.05,2765.97,4111.6646
2025-02-22 22:00:00+00:00,2765.97,2774.88,2764.99,2773.99,2774.3399
2025-02-22 22:30:00+00:00,2773.99,2773.99,2766.09,2767.59,2385.0812
2025-02-22 23:00:00+00:00,2767.59,2771.1,2761.06,2770.18,3596.693
2025-02-22 23:30:00+00:00,2770.18,2770.85,2762.49,2763.22,2214.8137
2025-02-23 00:00:00+00:00,2763.23,2765.35,2753.77,2759.79,5726.8605
2025-02-23 00:30:00+00:00,2759.8,2773.0,2756.18,2771.51,5608.4687
2025-02-23 01:00:00+00:00,2771.52,2775.88,2762.99,2764.21,3905.2805
2025-02-23 01:30:00+00:00,2764.21,2767.0,2758.06,2764.49,3848.7977
2025-02-23 02:00:00+00:00,2764.5,2766.4,2759.2,2760.95,2914.8164
2025-02-23 02:30:00+00:00,2760.95,2760.95,2748.2,2750.22,6079.9927
2025-02-23 03:00:00+00:00,2750.22,2759.15,2745.41,2755.61,7813.003
2025-02-23 03:30:00+00:00,2755.61,2758.8,2748.8,2752.77,3885.5947
2025-02-23 04:00:00+00:00,2752.76,2754.97,2746.17,2750.41,3519.2096
2025-02-23 04:30:00+00:00,2750.41,2765.1,2747.87,2763.15,6427.1907
2025-02-23 05:00:00+00:00,2763.15,2777.55,2760.85,2776.0,13490.4011
2025-02-23 05:30:00+00:00,2775.99,2789.51,2773.81,2781.96,16762.2888
2025-02-23 06:00:00+00:00,2781.96,2796.83,2777.11,2794.27,10793.7596
2025-02-23 06:30:00+00:00,2794.27,2797.65,2783.64,2794.5,8067.3282
2025-02-23 07:00:00+00:00,2794.5,2818.94,2790.43,2809.72,22857.0592
2025-02-23 07:30:00+00:00,2809.72,2829.98,2808.8,2825.2,26711.8164
2025-02-23 08:00:00+00:00,2825.2,2831.58,2811.55,2811.91,20365.6616
2025-02-23 08:30:00+00:00,2811.91,2815.79,2800.57,2806.39,18730.479
2025-02-23 09:00:00+00:00,2806.39,2811.46,2794.29,2800.01,8109.7886
2025-02-23 09:30:00+00:00,2800.01,2811.9,2794.27,2807.7,6022.5742
2025-02-23 10:00:00+00:00,2807.7,2812.93,2806.56,2811.83,4933.4419
2025-02-23 10:30:00+00:00,2811.83,2812.0,2797.0,2806.3,14094.5676
2025-02-23 11:00:00+00:00,2806.3,2809.4,2796.64,2797.69,15020.7203
2025-02-23 11:30:00+00:00,2797.69,2800.91,2783.2,2797.48,11582.8709
2025-02-23 12:00:00+00:00,2797.48,2805.36,2783.16,2784.98,14992.8104
2025-02-23 12:30:00+00:00,2784.93,2796.2,2782.3,2789.99,14825.2932
2025-02-23 13:00:00+00:00,2789.99,2827.0,2789.49,2804.55,39823.9903
2025-02-23 13:30:00+00:00,2804.55,2819.66,2802.13,2812.56,15259.6335
2025-02-23 14:00:00+00:00,2812.57,2816.3,2802.55,2809.38,8012.2164
2025-02-23 14:30:00+00:00,2809.38,2809.55,2785.42,2791.04,29686.4018
2025-02-23 15:00:00+00:00,2791.05,2805.78,2790.71,2799.49,12719.3424
2025-02-23 15:30:00+00:00,2799.49,2799.49,2773.48,2783.0,20440.1522
2025-02-23 16:00:00+00:00,2783.0,2813.29,2782.38,2808.8,20460.8889
2025-02-23 16:30:00+00:00,2808.79,2816.67,2801.75,2806.18,17038.3412
2025-02-23 17:00:00+00:00,2806.18,2814.68,2800.94,2810.83,19137.8196
2025-02-23 17:30:00+00:00,2810.83,2823.85,2810.25,2814.5,24141.2297
2025-02-23 18:00:00+00:00,2814.5,2824.0,2813.3,2819.7,14001.9031
2025-02-23 18:30:00+00:00,2819.69,2821.61,2804.54,2808.89,8869.4282
2025-02-23 19:00:00+00:00,2808.89,2815.56,2807.0,2812.49,10760.4316
2025-02-23 19:30:00+00:00,2812.49,2812.57,2805.55,2807.97,3215.9966
2025-02-23 20:00:00+00:00,2807.97,2807.97,2795.45,2799.0,5075.7175
2025-02-23 20:30:00+00:00,2799.01,2807.26,2794.0,2806.56,6549.2915
2025-02-23 21:00:00+00:00,2806.56,2806.56,2798.04,2804.99,3004.6
2025-02-23 21:30:00+00:00,2804.99,2810.95,2801.51,2807.8,2920.1386
2025-02-23 22:00:00+00:00,2807.79,2808.0,2792.22,2792.86,6337.9294
2025-02-23 22:30:00+00:00,2792.85,2811.52,2784.01,2803.53,14295.0736
2025-02-23 23:00:00+00:00,2803.53,2857.34,2802.53,2817.49,42330.471
2025-02-23 23:30:00+00:00,2817.5,2830.37,2813.69,2819.69,9831.0496
2025-02-24 00:00:00+00:00,2819.7,2839.95,2818.68,2832.39,12573.6905
2025-02-24 00:30:00+00:00,2832.4,2832.5,2804.13,2805.49,11899.4182
2025-02-24 01:00:00+00:00,2805.49,2811.99,2791.41,2792.92,15635.9485
2025-02-24 01:30:00+00:00,2792.91,2797.9,2783.82,2790.99,16205.3128
2025-02-24 02:00:00+00:00,2790.99,2796.57,2774.15,2785.17,8276.8435
2025-02-24 02:30:00+00:00,2785.17,2791.6,2776.01,2777.38,16161.2097
2025-02-24 03:00:00+00:00,2777.39,2777.39,2733.52,2738.54,27984.3538
2025-02-24 03:30:00+00:00,2738.53,2739.79,2711.8,2718.08,23652.7872
2025-02-24 04:00:00+00:00,2718.08,2725.3,2704.68,2707.5,23253.2523
2025-02-24 04:30:00+00:00,2707.49,2713.33,2691.49,2700.48,33637.3757
2025-02-24 05:00:00+00:00,2700.48,2718.01,2694.4,2714.4,11840.8059
2025-02-24 05:30:00+00:00,2714.4,2732.93,2713.55,2731.64,11919.1914
2025-02-24 06:00:00+00:00,2731.64,2732.75,2715.23,2724.41,9195.1294
2025-02-24 06:30:00+00:00,2724.42,2735.2,2724.41,2731.0,9882.9878
2025-02-24 07:00:00+00:00,2731.0,2735.78,2720.75,2721.58,11263.036
2025-02-24 07:30:00+00:00,2721.59,2727.95,2717.15,2722.01,10970.2441
2025-02-24 08:00:00+00:00,2722.02,2722.4,2678.78,2681.98,22393.9386
2025-02-24 08:30:00+00:00,2681.98,2695.0,2678.26,2681.6,15649.351
2025-02-24 09:00:00+00:00,2681.6,2712.5,2680.41,2709.71,10394.3771
2025-02-24 09:30:00+00:00,2709.71,2712.29,2695.32,2696.75,8049.9309
2025-02-24 10:00:00+00:00,2696.75,2697.7,2671.6,2676.26,12684.7963
2025-02-24 10:30:00+00:00,2676.25,2684.49,2663.03,2684.41,17350.5568
2025-02-24 11:00:00+00:00,2684.41,2689.14,2672.0,2688.69,8061.3657
2025-02-24 11:30:00+00:00,2688.7,2691.13,2678.9,2689.99,9752.5343
2025-02-24 12:00:00+00:00,2690.0,2690.21,2680.83,2687.98,7511.9772
2025-02-24 12:30:00+00:00,2687.99,2691.61,2675.62,2679.21,11232.653
2025-02-24 13:00:00+00:00,2679.2,2690.87,2664.5,2689.05,15191.3634
2025-02-24 13:30:00+00:00,2689.01,2696.63,2674.0,2674.46,8762.6015
2025-02-24 14:00:00+00:00,2674.47,2681.9,2668.5,2670.19,10033.9415
2025-02-24 14:30:00+00:00,2670.2,2688.0,2650.0,2656.71,35606.5045
2025-02-24 15:00:00+00:00,2656.72,2678.91,2641.49,2658.1,34599.5485
2025-02-24 15:30:00+00:00,2658.1,2663.89,2636.33,2658.77,23952.8656
2025-02-24 16:00:00+00:00,2658.77,2675.9,2652.5,2670.1,20800.4866
2025-02-24 16:30:00+00:00,2670.09,2675.3,2657.3,2661.49,7375.6797
2025-02-24 17:00:00+00:00,2661.49,2682.42,2655.2,2674.71,18407.9808
2025-02-24 17:30:00+00:00,2674.71,2681.0,2662.74,2664.41,13068.4229
2025-02-24 18:00:00+00:00,2664.42,2670.8,2651.77,2652.12,8298.5523
2025-02-24 18:30:00+00:00,2652.13,2657.5,2647.49,2650.49,9056.3489
2025-02-24 19:00:00+00:00,2650.49,2661.06,2645.49,2651.23,9675.7106
2025-02-24 19:30:00+00:00,2651.22,2655.23,2623.12,2641.26,26244.255
2025-02-24 20:00:00+00:00,2641.3,2662.5,2637.6,2649.72,10830.7967
2025-02-24 20:30:00+00:00,2649.73,2663.9,2640.0,2643.0,8254.7723
2025-02-24 21:00:00+00:00,2643.0,2655.5,2627.13,2654.56,10404.8262
2025-02-24 21:30:00+00:00,2654.57,2658.66,2636.2,2636.79,6811.0695
2025-02-24 22:00:00+00:00,2636.8,2638.18,2534.25,2582.5,99713.7928
2025-02-24 22:30:00+00:00,2582.49,2595.38,2500.0,2508.2,42606.9754
2025-02-24 23:00:00+00:00,2508.21,2547.57,2470.33,2515.63,52236.7112
2025-02-24 23:30:00+00:00,2515.63,2533.33,2495.3,2513.52,27510.0971
2025-02-25 00:00:00+00:00,2513.52,2530.6,2458.27,2504.37,47127.5545
2025-02-25 00:30:00+00:00,2504.37,2518.66,2479.99,2499.1,48635.1925
2025-02-25 01:00:00+00:00,2499.1,2510.0,2470.5,2495.22,32546.5814
2025-02-25 01:30:00+00:00,2495.22,2513.2,2485.85,2494.91,19909.2504
2025-02-25 02:00:00+00:00,2494.91,2509.68,2475.0,2495.4,20584.9097
2025-02-25 02:30:00+00:00,2495.4,2524.34,2490.0,2513.54,16388.3702
2025-02-25 03:00:00+00:00,2513.55,2517.59,2490.2,2494.1,12020.2667
2025-02-25 03:30:00+00:00,2494.1,2513.8,2486.67,2495.21,13953.2447
2025-02-25 04:00:00+00:00,2495.22,2505.1,2479.4,2500.83,19949.7205
2025-02-25 04:30:00+00:00,2500.84,2501.49,2480.2,2491.79,16278.9775
2025-02-25 05:00:00+00:00,2491.8,2512.9,2483.3,2503.09,16638.1501
2025-02-25 05:30:00+00:00,2503.1,2510.89,2501.24,2506.05,10386.2441
2025-02-25 06:00:00+00:00,2506.06,2509.29,2490.4,2493.21,11147.6177
2025-02-25 06:30:00+00:00,2493.21,2497.38,2479.4,2480.71,12165.0784
2025-02-25 07:00:00+00:00,2480.72,2485.0,2313.49,2366.16,158436.4242
2025-02-25 07:30:00+00:00,2366.19,2391.69,2327.9,2368.11,131089.4077
2025-02-25 08:00:00+00:00,2368.12,2413.44,2357.9,2403.0,49394.8499
2025-02-25 08:30:00+00:00,2403.0,2417.33,2396.0,2396.99,29767.0478
2025-02-25 09:00:00+00:00,2397.0,2409.66,2378.01,2383.68,27511.7594
2025-02-25 09:30:00+00:00,2383.67,2400.54,2381.17,2383.54,21791.1122
2025-02-25 10:00:00+00:00,2383.53,2406.96,2357.05,2385.61,42851.7264
2025-02-25 10:30:00+00:00,2385.61,2411.8,2381.71,2394.99,33047.2789
2025-02-25 11:00:00+00:00,2395.0,2396.5,2368.88,2378.21,24962.3461
2025-02-25 11:30:00+00:00,2378.21,2439.5,2377.61,2433.69,25997.6991
2025-02-25 12:00:00+00:00,2433.7,2448.95,2423.4,2434.9,22395.0227
2025-02-25 12:30:00+00:00,2434.9,2438.3,2419.56,2437.39,15966.9178
2025-02-25 13:00:00+00:00,2437.4,2443.51,2414.59,2416.29,17628.8337
2025-02-25 13:30:00+00:00,2416.28,2426.3,2412.03,2412.76,15190.1155
2025-02-25 14:00:00+00:00,2412.77,2429.3,2395.36,2412.7,17539.2296
2025-02-25 14:30:00+00:00,2412.7,2424.46,2365.0,2379.02,46545.9497
2025-02-25 15:00:00+00:00,2379.02,2395.4,2361.89,2374.7,63513.0858
2025-02-25 15:30:00+00:00,2374.7,2427.67,2365.15,2409.8,51292.2044
2025-02-25 16:00:00+00:00,2409.8,2414.9,2386.41,2389.21,21102.0309
2025-02-25 16:30:00+00:00,2389.2,2435.39,2383.4,2417.57,27668.0443
2025-02-25 17:00:00+00:00,2417.57,2435.66,2411.23,2435.66,14696.8133
2025-02-25 17:30:00+00:00,2435.65,2443.0,2413.28,2421.19,14578.6246
2025-02-25 18:00:00+00:00,2421.2,2435.9,2405.4,2406.27,11776.1981
2025-02-25 18:30:00+00:00,2406.27,2428.1,2404.04,2424.35,9964.1787
2025-02-25 19:00:00+00:00,2424.35,2435.19,2411.78,2421.92,11326.4446
2025-02-25 19:30:00+00:00,2421.91,2473.59,2421.51,2471.91,24633.1954
2025-02-25 20:00:00+00:00,2471.9,2508.23,2457.59,2501.24,23614.5988
2025-02-25 20:30:00+00:00,2501.23,2516.87,2486.86,2493.37,19146.3799
2025-02-25 21:00:00+00:00,2493.36,2500.2,2481.65,2493.01,8501.4756
2025-02-25 21:30:00+00:00,2493.0,2514.91,2485.64,2513.83,10266.8173
2025-02-25 22:00:00+00:00,2513.78,2533.49,2504.31,2507.0,12821.8476
2025-02-25 22:30:00+00:00,2506.99,2515.1,2499.09,2510.95,6607.7581
2025-02-25 23:00:00+00:00,2510.92,2522.24,2504.2,2508.48,6910.5518
2025-02-25 23:30:00+00:00,2508.49,2508.7,2494.17,2495.7,5749.7435
2025-02-26 00:00:00+00:00,2495.69,2499.67,2480.57,2484.21,7684.7173
2025-02-26 00:30:00+00:00,2484.21,2486.0,2471.8,2475.1,7528.7921
2025-02-26 01:00:00+00:00,2475.1,2486.05,2475.0,2482.82,6959.2883
2025-02-26 01:30:00+00:00,2482.81,2492.06,2480.0,2486.34,7726.8634
2025-02-26 02:00:00+00:00,2486.34,2491.66,2476.85,2488.2,6910.9557
2025-02-26 02:30:00+00:00,2488.21,2504.68,2482.63,2498.51,8787.2865
2025-02-26 03:00:00+00:00,2498.5,2507.5,2496.47,2498.31,10991.3531
2025-02-26 03:30:00+00:00,2498.31,2499.59,2488.4,2490.6,6380.2165
2025-02-26 04:00:00+00:00,2490.61,2498.89,2486.8,2498.31,6252.1878
2025-02-26 04:30:00+00:00,2498.31,2501.5,2489.0,2489.7,6539.8965
2025-02-26 05:00:00+00:00,2489.73,2495.6,2484.4,2488.11,5642.0562
2025-02-26 05:30:00+00:00,2488.1,2488.89,2475.37,2475.48,7383.0736
2025-02-26 06:00:00+00:00,2475.49,2494.45,2475.2,2492.49,9457.4229
2025-02-26 06:30:00+00:00,2492.48,2501.66,2486.11,2500.89,7396.1437
2025-02-26 07:00:00+00:00,2500.9,2506.4,2492.9,2497.75,10439.3575
2025-02-26 07:30:00+00:00,2497.74,2497.75,2476.85,2483.81,11041.8358
2025-02-26 08:00:00+00:00,2483.81,2487.99,2457.77,2466.59,14830.1852
2025-02-26 08:30:00+00:00,2466.6,2469.72,2460.87,2464.39,10283.5142
2025-02-26 09:00:00+00:00,2464.39,2476.6,2463.0,2472.78,10285.5279
2025-02-26 09:30:00+00:00,2472.77,2494.61,2472.0,2490.25,11132.8893
2025-02-26 10:00:00+00:00,2490.25,2490.35,2478.61,2489.31,17462.8113
2025-02-26 10:30:00+00:00,2489.31,2495.79,2487.51,2494.02,10964.5323
2025-02-26 11:00:00+00:00,2494.02,2496.25,2480.98,2481.97,7199.9392
2025-02-26 11:30:00+00:00,2481.97,2483.0,2463.14,2464.79,11606.9361
2025-02-26 12:00:00+00:00,2464.8,2466.81,2448.23,2456.52,11482.201
2025-02-26 12:30:00+00:00,2456.52,2460.99,2423.48,2433.11,19160.0418
2025-02-26 13:00:00+00:00,2433.1,2437.78,2425.92,2435.7,10927.8094
2025-02-26 13:30:00+00:00,2435.7,2440.4,2410.28,2416.8,12259.6777
2025-02-26 14:00:00+00:00,2416.79,2416.85,2370.0,2383.51,39833.5688
2025-02-26 14:30:00+00:00,2383.47,2436.8,2375.81,2435.88,32634.1245
2025-02-26 15:00:00+00:00,2435.89,2461.95,2427.77,2431.72,27347.6707
2025-02-26 15:30:00+00:00,2431.71,2448.19,2424.5,2428.47,12711.8435
2025-02-26 16:00:00+00:00,2428.5,2434.2,2385.16,2404.25,25218.1812
2025-02-26 16:30:00+00:00,2404.25,2413.33,2392.11,2398.69,13347.5937
2025-02-26 17:00:00+00:00,2398.69,2407.62,2383.41,2398.01,12584.2364
2025-02-26 17:30:00+00:00,2398.0,2402.3,2355.5,2367.01,24999.3933
2025-02-26 18:00:00+00:00,2367.01,2383.2,2307.16,2309.14,34673.0452
2025-02-26 18:30:00+00:00,2309.19,2336.17,2266.1,2293.23,98680.8341
2025-02-26 19:00:00+00:00,2293.21,2318.7,2277.93,2279.81,37311.6754
2025-02-26 19:30:00+00:00,2279.8,2306.89,2276.78,2296.29,31537.2323
2025-02-26 20:00:00+00:00,2296.3,2322.17,2253.77,2303.69,63965.1507
2025-02-26 20:30:00+00:00,2303.49,2340.33,2298.1,2339.77,25501.4147
2025-02-26 21:00:00+00:00,2339.76,2354.96,2318.72,2330.01,31866.957
2025-02-26 21:30:00+00:00,2330.0,2344.35,2301.62,2343.92,20140.5579
2025-02-26 22:00:00+00:00,2343.93,2383.37,2341.76,2349.77,27155.0557
2025-02-26 22:30:00+00:00,2349.77,2364.7,2344.64,2349.0,8392.416
2025-02-26 23:00:00+00:00,2348.99,2360.97,2327.61,2336.49,10480.6979
2025-02-26 23:30:00+00:00,2336.5,2339.6,2324.97,2336.37,9988.052
2025-02-27 00:00:00+00:00,2336.38,2348.19,2327.39,2334.99,12258.3177
2025-02-27 00:30:00+00:00,2334.99,2349.3,2319.99,2337.88,10754.7743
2025-02-27 01:00:00+00:00,2337.89,2365.08,2315.85,2357.89,16512.8504
2025-02-27 01:30:00+00:00,2357.9,2360.71,2342.9,2344.51,9840.9715
2025-02-27 02:00:00+00:00,2344.51,2370.9,2338.39,2359.99,9191.5275
2025-02-27 02:30:00+00:00,2360.0,2360.09,2328.34,2334.79,12428.5097
2025-02-27 03:00:00+00:00,2334.79,2347.43,2328.87,2332.17,10422.6358
2025-02-27 03:30:00+00:00,2332.17,2343.69,2323.47,2332.11,9581.9937
2025-02-27 04:00:00+00:00,2332.11,2342.17,2310.39,2319.6,13611.5947
2025-02-27 04:30:00+00:00,2319.61,2320.72,2303.22,2311.5,21149.5413
2025-02-27 05:00:00+00:00,2311.49,2333.91,2307.71,2319.91,16936.9176
2025-02-27 05:30:00+00:00,2319.91,2345.47,2319.61,2341.57,8771.0562
2025-02-27 06:00:00+00:00,2341.57,2352.41,2333.79,2347.69,9842.9166
2025-02-27 06:30:00+00:00,2347.69,2366.77,2346.51,2348.83,19094.404
2025-02-27 07:00:00+00:00,2348.84,2361.0,2346.71,2360.09,10266.1793
2025-02-27 07:30:00+00:00,2360.08,2373.2,2355.74,2356.13,12150.8133
2025-02-27 08:00:00+00:00,2356.13,2361.27,2344.66,2347.32,8662.6376
2025-02-27 08:30:00+00:00,2347.32,2357.33,2343.41,2352.26,6155.1702
2025-02-27 09:00:00+00:00,2352.26,2362.45,2346.43,2357.6,8700.2451
2025-02-27 09:30:00+00:00,2357.6,2366.79,2355.16,2359.23,8981.0071
2025-02-27 10:00:00+00:00,2359.23,2373.28,2356.0,2369.02,11429.1453
2025-02-27 10:30:00+00:00,2369.02,2378.85,2365.19,2378.17,10375.9141
2025-02-27 11:00:00+00:00,2378.17,2381.6,2364.19,2365.01,11519.8799
2025-02-27 11:30:00+00:00,2365.01,2366.45,2347.12,2353.82,12018.7425
2025-02-27 12:00:00+00:00,2353.83,2356.89,2341.03,2352.31,9852.3521
2025-02-27 12:30:00+00:00,2352.31,2361.5,2343.42,2347.09,7753.8419
2025-02-27 13:00:00+00:00,2347.08,2359.4,2345.22,2350.79,6008.2009
2025-02-27 13:30:00+00:00,2350.8,2362.35,2327.37,2336.89,22960.5694
2025-02-27 14:00:00+00:00,2336.88,2346.33,2322.73,2345.2,14513.5118
2025-02-27 14:30:00+00:00,2345.2,2356.0,2305.11,2308.6,25429.9024
2025-02-27 15:00:00+00:00,2308.54,2333.0,2290.78,2327.62,27844.9471
2025-02-27 15:30:00+00:00,2327.51,2336.41,2315.96,2323.31,15606.7392
2025-02-27 16:00:00+00:00,2323.31,2337.5,2310.84,2315.27,15801.0795
2025-02-27 16:30:00+00:00,2315.26,2318.3,2292.16,2295.89,14924.2462
2025-02-27 17:00:00+00:00,2295.9,2324.0,2293.2,2314.89,14463.6937
2025-02-27 17:30:00+00:00,2314.9,2326.7,2308.8,2322.18,11964.8239
2025-02-27 18:00:00+00:00,2322.19,2333.7,2319.68,2324.89,9128.5198
2025-02-27 18:30:00+00:00,2324.9,2332.9,2320.71,2326.99,9668.5395
2025-02-27 19:00:00+00:00,2327.0,2327.69,2303.01,2303.76,9531.1636
2025-02-27 19:30:00+00:00,2303.76,2303.76,2278.79,2292.41,20045.0132
2025-02-27 20:00:00+00:00,2292.41,2294.48,2262.57,2269.0,18071.9131
2025-02-27 20:30:00+00:00,2269.0,2275.19,2240.94,2256.45,31561.3261
2025-02-27 21:00:00+00:00,2256.44,2270.58,2230.57,2260.25,25506.9863
2025-02-27 21:30:00+00:00,2260.25,2284.52,2257.6,2282.77,11028.2075
2025-02-27 22:00:00+00:00,2282.77,2283.0,2267.52,2270.71,9060.7654
2025-02-27 22:30:00+00:00,2270.71,2293.48,2265.33,2291.9,5301.2308
2025-02-27 23:00:00+00:00,2291.89,2300.36,2282.71,2290.38,10242.3674
2025-02-27 23:30:00+00:00,2290.38,2311.52,2286.91,2307.72,10656.2244
2025-02-28 00:00:00+00:00,2307.72,2314.18,2301.95,2302.21,8134.0826
2025-02-28 00:30:00+00:00,2302.21,2312.25,2294.61,2294.8,10820.3081
2025-02-28 01:00:00+00:00,2294.8,2300.5,2254.16,2262.0,18305.8229
2025-02-28 01:30:00+00:00,2262.0,2263.75,2182.39,2193.56,136688.9579
2025-02-28 02:00:00+00:00,2193.6,2226.21,2175.37,2205.49,48075.282
2025-02-28 02:30:00+00:00,2205.5,2207.08,2123.63,2167.86,129634.4245
2025-02-28 03:00:00+00:00,2167.86,2195.26,2164.51,2165.68,29411.6625
2025-02-28 03:30:00+00:00,2165.68,2170.2,2137.28,2147.49,29658.4961
2025-02-28 04:00:00+00:00,2147.49,2151.5,2094.94,2131.76,80620.5278
2025-02-28 04:30:00+00:00,2131.77,2156.0,2099.36,2136.71,32050.4503
2025-02-28 05:00:00+00:00,2136.7,2140.73,2107.24,2115.29,29884.8554
2025-02-28 05:30:00+00:00,2115.29,2131.69,2100.0,2131.5,29789.6977
2025-02-28 06:00:00+00:00,2131.5,2142.95,2100.33,2115.72,28240.169
2025-02-28 06:30:00+00:00,2115.73,2128.33,2076.26,2109.15,45171.9935
2025-02-28 07:00:00+00:00,2109.14,2135.6,2107.34,2114.5,21229.5878
2025-02-28 07:30:00+00:00,2114.49,2121.79,2088.86,2106.2,37585.4848
2025-02-28 08:00:00+00:00,2106.21,2122.39,2076.26,2103.19,38908.3877
2025-02-28 08:30:00+00:00,2103.2,2124.56,2089.94,2120.21,30566.6938
2025-02-28 09:00:00+00:00,2120.2,2148.69,2115.09,2144.49,24103.7432
2025-02-28 09:30:00+00:00,2144.49,2151.94,2134.8,2143.63,21822.6697
2025-02-28 10:00:00+00:00,2143.63,2146.5,2120.75,2131.77,14815.3184
2025-02-28 10:30:00+00:00,2131.71,2134.99,2112.35,2117.09,10351.7168
2025-02-28 11:00:00+00:00,2117.08,2141.7,2116.8,2139.91,11827.3416
2025-02-28 11:30:00+00:00,2139.91,2142.7,2123.0,2125.8,11827.1432
2025-02-28 12:00:00+00:00,2125.8,2139.72,2121.1,2121.65,13936.3436
2025-02-28 12:30:00+00:00,2121.65,2125.7,2105.38,2120.44,32604.5466
2025-02-28 13:00:00+00:00,2120.44,2149.93,2116.69,2124.67,21232.6312
2025-02-28 13:30:00+00:00,2124.65,2164.99,2123.78,2151.71,49215.1992
2025-02-28 14:00:00+00:00,2151.71,2190.1,2151.32,2166.24,30120.1965
2025-02-28 14:30:00+00:00,2166.24,2183.2,2138.7,2166.41,30426.1842
2025-02-28 15:00:00+00:00,2166.41,2224.98,2164.0,2223.89,36317.0885
2025-02-28 15:30:00+00:00,2223.89,2228.64,2207.21,2223.01,20469.1121
2025-02-28 16:00:00+00:00,2223.0,2229.24,2206.53,2212.31,15718.5927
2025-02-28 16:30:00+00:00,2212.3,2246.3,2208.92,2222.51,22265.0395
2025-02-28 17:00:00+00:00,2222.51,2241.39,2218.59,2234.41,12525.9592
2025-02-28 17:30:00+00:00,2234.4,2238.05,2208.64,2209.3,12630.1257
2025-02-28 18:00:00+00:00,2209.36,2225.59,2193.4,2210.08,17702.2731
2025-02-28 18:30:00+00:00,2209.92,2255.13,2206.01,2228.11,22803.3421
2025-02-28 19:00:00+00:00,2228.12,2236.6,2221.3,2230.99,9282.4673
2025-02-28 19:30:00+00:00,2230.99,2238.69,2225.2,2230.15,7789.1079
2025-02-28 20:00:00+00:00,2230.14,2238.28,2198.51,2206.81,12934.7371
2025-02-28 20:30:00+00:00,2206.81,2221.09,2199.49,2216.13,10351.516
2025-02-28 21:00:00+00:00,2216.12,2234.6,2212.56,2218.91,6854.9215
2025-02-28 21:30:00+00:00,2219.0,2229.16,2210.35,2225.3,6282.5415
2025-02-28 22:00:00+00:00,2225.31,2231.96,2216.25,2217.99,5559.2321
2025-02-28 22:30:00+00:00,2217.99,2223.62,2209.76,2216.58,5563.3511
2025-02-28 23:00:00+00:00,2216.59,2227.42,2213.57,2225.81,4512.2987
2025-02-28 23:30:00+00:00,2225.8,2239.69,2225.3,2237.59,4917.431
2025-03-01 00:00:00+00:00,2237.59,2246.58,2231.42,2233.59,5762.0136
2025-03-01 00:30:00+00:00,2233.6,2236.09,2215.51,2216.16,7912.1679
2025-03-01 01:00:00+00:00,2216.17,2227.0,2213.33,2221.42,5603.4228
2025-03-01 01:30:00+00:00,2221.42,2263.7,2219.5,2253.2,12275.1662
2025-03-01 02:00:00+00:00,2253.2,2262.8,2240.0,2260.09,10225.5567
2025-03-01 02:30:00+00:00,2260.09,2275.61,2254.52,2256.19,21202.8566
2025-03-01 03:00:00+00:00,2256.2,2259.5,2249.0,2255.99,6391.5104
2025-03-01 03:30:00+00:00,2255.99,2270.31,2253.77,2262.98,6799.0353
2025-03-01 04:00:00+00:00,2262.98,2277.49,2258.4,2270.16,14494.0554
2025-03-01 04:30:00+00:00,2270.17,2281.14,2263.58,2270.48,11679.374
2025-03-01 05:00:00+00:00,2270.48,2270.63,2254.55,2261.02,11384.7711
2025-03-01 05:30:00+00:00,2261.02,2261.1,2252.4,2255.9,5574.7045
2025-03-01 06:00:00+00:00,2255.91,2259.96,2237.4,2238.19,11863.4195
2025-03-01 06:30:00+00:00,2238.19,2241.0,2230.36,2236.49,8282.2675
2025-03-01 07:00:00+00:00,2236.5,2236.5,2225.0,2225.6,7977.4199
2025-03-01 07:30:00+00:00,2225.59,2234.37,2224.2,2229.24,7712.169
2025-03-01 08:00:00+00:00,2229.25,2239.77,2229.24,2235.0,9671.5501
2025-03-01 08:30:00+00:00,2235.01,2238.6,2227.1,2234.78,5018.0191
2025-03-01 09:00:00+00:00,2234.78,2239.49,2233.02,2237.0,4893.1867
2025-03-01 09:30:00+00:00,2237.0,2237.38,2228.38,2233.4,4611.7258
2025-03-01 10:00:00+00:00,2233.4,2233.67,2205.64,2219.29,12450.8804
2025-03-01 10:30:00+00:00,2219.29,2220.19,2200.0,2204.8,13334.265
2025-03-01 11:00:00+00:00,2204.8,2207.0,2171.41,2182.71,19260.6271
2025-03-01 11:30:00+00:00,2182.71,2188.6,2181.4,2184.42,7562.8567
2025-03-01 12:00:00+00:00,2184.43,2187.7,2171.4,2177.64,10163.2067
2025-03-01 12:30:00+00:00,2177.66,2185.86,2175.01,2181.3,7267.5471
2025-03-01 13:00:00+00:00,2181.31,2184.6,2142.73,2151.26,20451.8743
2025-03-01 13:30:00+00:00,2151.26,2157.6,2143.4,2152.69,11336.4843
2025-03-01 14:00:00+00:00,2152.7,2164.48,2149.3,2158.29,10407.6373
2025-03-01 14:30:00+00:00,2158.3,2167.42,2152.81,2163.31,8909.7294
2025-03-01 15:00:00+00:00,2163.32,2184.0,2158.7,2174.29,12499.5592
2025-03-01 15:30:00+00:00,2174.3,2178.7,2170.3,2173.29,6598.5396
2025-03-01 16:00:00+00:00,2173.3,2186.01,2169.4,2179.29,8505.5634
2025-03-01 16:30:00+00:00,2179.28,2211.95,2172.37,2209.94,12740.6468
2025-03-01 17:00:00+00:00,2209.94,2210.07,2190.44,2196.21,10553.293
2025-03-01 17:30:00+00:00,2196.21,2201.75,2192.46,2197.02,8007.0166
2025-03-01 18:00:00+00:00,2197.01,2211.13,2193.31,2207.53,7376.1677
2025-03-01 18:30:00+00:00,2207.54,2219.0,2207.15,2212.11,7089.1625
2025-03-01 19:00:00+00:00,2212.11,2226.53,2211.23,2223.71,6277.2551
2025-03-01 19:30:00+00:00,2223.7,2234.6,2219.49,2223.31,6459.2298
2025-03-01 20:00:00+00:00,2223.31,2224.98,2215.32,2220.31,6976.6789
2025-03-01 20:30:00+00:00,2220.3,2226.1,2218.3,2225.3,3977.7653
2025-03-01 21:00:00+00:00,2225.29,2226.0,2208.29,2217.07,9377.8645
2025-03-01 21:30:00+00:00,2217.06,2233.67,2212.47,2229.53,9220.7209
2025-03-01 22:00:00+00:00,2229.5,2235.99,2216.58,2219.91,8032.6597
2025-03-01 22:30:00+00:00,2219.91,2221.4,2211.09,2214.99,5770.6597
2025-03-01 23:00:00+00:00,2214.99,2217.72,2191.1,2206.79,9802.374
2025-03-01 23:30:00+00:00,2206.8,2219.95,2205.15,2217.39,6686.07
2025-03-02 00:00:00+00:00,2217.4,2221.3,2203.51,2210.3,8069.3926
2025-03-02 00:30:00+00:00,2210.31,2225.07,2208.89,2215.49,6907.8487
2025-03-02 01:00:00+00:00,2215.5,2226.53,2215.0,2218.71,6877.2181
2025-03-02 01:30:00+00:00,2218.7,2221.61,2209.13,2220.53,8131.8086
2025-03-02 02:00:00+00:00,2220.53,2228.16,2212.1,2213.31,10535.0356
2025-03-02 02:30:00+00:00,2213.31,2213.31,2201.1,2209.81,9892.115
2025-03-02 03:00:00+00:00,2209.8,2226.5,2209.8,2219.53,8815.7049
2025-03-02 03:30:00+00:00,2219.57,2230.82,2215.91,2220.18,5555.5321
2025-03-02 04:00:00+00:00,2220.19,2234.48,2219.1,2233.62,6453.0313
2025-03-02 04:30:00+00:00,2233.62,2235.6,2223.48,2227.11,5460.3322
2025-03-02 05:00:00+00:00,2227.11,2229.8,2224.0,2228.64,4110.3517
2025-03-02 05:30:00+00:00,2228.65,2234.51,2226.7,2229.5,4259.1935
2025-03-02 06:00:00+00:00,2229.5,2233.0,2218.2,2230.88,5172.0023
2025-03-02 06:30:00+00:00,2230.88,2233.67,2222.11,2222.96,6733.7923
2025-03-02 07:00:00+00:00,2222.95,2226.9,2218.59,2223.49,6634.6768
2025-03-02 07:30:00+00:00,2223.49,2225.98,2220.4,2221.4,4505.2584
2025-03-02 08:00:00+00:00,2221.4,2223.07,2210.8,2212.7,16399.4473
2025-03-02 08:30:00+00:00,2212.7,2215.8,2208.06,2212.59,9912.6639
2025-03-02 09:00:00+00:00,2212.58,2226.36,2211.93,2224.72,7883.8771
2025-03-02 09:30:00+00:00,2224.71,2255.1,2224.71,2242.2,24251.9381
2025-03-02 10:00:00+00:00,2242.21,2249.6,2240.0,2245.41,7197.8798
2025-03-02 10:30:00+00:00,2245.41,2260.84,2245.4,2246.01,12912.0678
2025-03-02 11:00:00+00:00,2246.01,2247.9,2236.52,2240.85,7336.0346
2025-03-02 11:30:00+00:00,2240.84,2245.0,2237.62,2238.88,5543.5004
2025-03-02 12:00:00+00:00,2238.88,2240.2,2223.0,2229.09,6500.0986
2025-03-02 12:30:00+00:00,2229.1,2233.36,2227.22,2232.9,4115.1502
2025-03-02 13:00:00+00:00,2232.89,2232.89,2211.34,2216.84,12072.8253
2025-03-02 13:30:00+00:00,2216.84,2216.84,2206.31,2212.31,9823.9263
2025-03-02 14:00:00+00:00,2212.3,2214.53,2172.04,2193.46,25103.4173
2025-03-02 14:30:00+00:00,2193.47,2200.03,2181.23,2196.23,19356.6545
2025-03-02 15:00:00+00:00,2196.24,2259.97,2196.06,2239.16,42328.8542
2025-03-02 15:30:00+00:00,2239.17,2291.76,2224.03,2229.51,119608.1374
2025-03-02 16:00:00+00:00,2229.51,2271.0,2212.35,2267.1,77038.2098
2025-03-02 16:30:00+00:00,2267.11,2500.0,2262.31,2442.55,254389.1358
2025-03-02 17:00:00+00:00,2442.54,2490.57,2395.36,2462.65,111050.6899
2025-03-02 17:30:00+00:00,2462.66,2510.82,2452.71,2480.49,103770.4893
2025-03-02 18:00:00+00:00,2480.5,2518.0,2461.47,2488.1,59219.8782
2025-03-02 18:30:00+00:00,2488.09,2497.3,2454.02,2474.69,34366.3565
2025-03-02 19:00:00+00:00,2474.69,2485.28,2465.9,2479.63,18369.2579
2025-03-02 19:30:00+00:00,2479.64,2499.97,2477.58,2486.42,15506.467
2025-03-02 20:00:00+00:00,2486.42,2520.92,2480.19,2510.51,21878.117
2025-03-02 20:30:00+00:00,2510.51,2515.29,2484.47,2510.8,18218.8713
2025-03-02 21:00:00+00:00,2510.8,2523.96,2498.73,2501.85,23349.821
2025-03-02 21:30:00+00:00,2501.86,2540.86,2499.0,2525.01,22528.1496
2025-03-02 22:00:00+00:00,2525.01,2525.82,2507.18,2520.07,13849.6042
2025-03-02 22:30:00+00:00,2520.08,2549.88,2511.36,2538.62,15554.3898
2025-03-02 23:00:00+00:00,2538.62,2550.58,2513.46,2516.5,25396.2208
2025-03-02 23:30:00+00:00,2516.5,2527.43,2508.39,2518.11,13739.3498
2025-03-03 00:00:00+00:00,2518.12,2523.56,2477.22,2488.23,26731.0752
2025-03-03 00:30:00+00:00,2488.29,2493.26,2464.27,2465.52,16025.7183
2025-03-03 01:00:00+00:00,2465.52,2476.13,2451.56,2460.54,14730.9881
2025-03-03 01:30:00+00:00,2460.55,2470.0,2450.52,2458.8,12292.4831
2025-03-03 02:00:00+00:00,2458.8,2461.5,2418.67,2420.7,23009.4376
2025-03-03 02:30:00+00:00,2420.7,2451.0,2420.62,2447.48,13319.6327
2025-03-03 03:00:00+00:00,2447.49,2455.7,2425.17,2432.52,10534.2078
2025-03-03 03:30:00+00:00,2432.53,2442.22,2426.67,2441.15,9415.7071
2025-03-03 04:00:00+00:00,2441.16,2449.34,2432.68,2443.22,10817.919
2025-03-03 04:30:00+00:00,2443.21,2452.9,2438.83,2450.32,7582.8799
2025-03-03 05:00:00+00:00,2450.32,2457.25,2440.67,2442.03,6308.3014
2025-03-03 05:30:00+00:00,2442.03,2451.0,2440.68,2449.94,6155.3678
2025-03-03 06:00:00+00:00,2449.94,2450.0,2422.23,2425.89,13212.2215
2025-03-03 06:30:00+00:00,2425.89,2425.89,2360.37,2372.68,43399.8772
2025-03-03 07:00:00+00:00,2372.68,2384.6,2352.79,2376.39,19932.9285
2025-03-03 07:30:00+00:00,2376.39,2391.46,2371.31,2387.01,9258.8641
2025-03-03 08:00:00+00:00,2387.01,2388.11,2357.64,2366.69,9791.4753
2025-03-03 08:30:00+00:00,2366.69,2375.29,2332.08,2345.41,21294.6135
2025-03-03 09:00:00+00:00,2345.41,2355.33,2322.01,2351.0,18759.0127
2025-03-03 09:30:00+00:00,2351.0,2356.69,2338.85,2347.51,17079.1461
2025-03-03 10:00:00+00:00,2347.5,2366.29,2340.79,2358.08,12174.1299
2025-03-03 10:30:00+00:00,2358.09,2364.22,2349.71,2359.19,9910.1979
2025-03-03 11:00:00+00:00,2359.18,2363.89,2344.4,2353.9,11541.0061
2025-03-03 11:30:00+00:00,2353.89,2358.61,2351.0,2356.16,6112.0131
2025-03-03 12:00:00+00:00,2356.15,2376.78,2352.26,2358.82,16589.4692
2025-03-03 12:30:00+00:00,2358.82,2374.16,2354.16,2367.69,10432.2715
2025-03-03 13:00:00+00:00,2367.69,2376.54,2361.3,2366.5,9327.8002
2025-03-03 13:30:00+00:00,2366.51,2389.0,2365.56,2376.88,17375.7091
2025-03-03 14:00:00+00:00,2376.87,2380.85,2347.36,2360.71,17928.725
2025-03-03 14:30:00+00:00,2360.72,2371.7,2266.97,2274.81,85783.732
2025-03-03 15:00:00+00:00,2274.82,2309.48,2269.61,2304.85,56695.2074
2025-03-03 15:30:00+00:00,2304.84,2308.6,2285.01,2287.24,19528.9227
2025-03-03 16:00:00+00:00,2287.3,2296.63,2258.0,2286.68,28563.3341
2025-03-03 16:30:00+00:00,2286.69,2288.35,2272.36,2276.93,16535.7719
2025-03-03 17:00:00+00:00,2276.92,2287.34,2265.33,2278.12,12405.2503
2025-03-03 17:30:00+00:00,2278.13,2297.0,2273.38,2277.21,11929.8353
2025-03-03 18:00:00+00:00,2277.22,2280.35,2203.58,2212.09,40842.6142
2025-03-03 18:30:00+00:00,2212.09,2229.54,2178.32,2193.33,75290.9783
2025-03-03 19:00:00+00:00,2193.33,2207.69,2150.0,2177.15,51412.2702
2025-03-03 19:30:00+00:00,2177.15,2194.08,2100.0,2109.88,84227.9929
2025-03-03 20:00:00+00:00,2109.87,2140.4,2103.59,2122.8,57265.1395
2025-03-03 20:30:00+00:00,2122.79,2132.47,2097.91,2129.16,49126.314
2025-03-03 21:00:00+00:00,2129.16,2144.08,2123.36,2131.32,20933.0112
2025-03-03 21:30:00+00:00,2131.31,2146.92,2103.76,2111.82,20046.7772
2025-03-03 22:00:00+00:00,2111.82,2142.9,2110.94,2138.48,18583.3023
2025-03-03 22:30:00+00:00,2138.47,2173.29,2138.14,2166.41,16027.0244
2025-03-03 23:00:00+00:00,2166.41,2166.41,2145.96,2156.31,14206.7369
2025-03-03 23:30:00+00:00,2156.3,2164.7,2142.7,2149.01,9117.8066
2025-03-04 00:00:00+00:00,2149.02,2167.18,2140.1,2147.71,15279.4417
2025-03-04 00:30:00+00:00,2147.72,2151.07,2123.75,2125.21,35573.5005
2025-03-04 01:00:00+00:00,2125.21,2134.0,2101.62,2121.11,44124.4706
2025-03-04 01:30:00+00:00,2121.1,2126.02,2025.65,2056.46,139794.3096
2025-03-04 02:00:00+00:00,2056.49,2070.13,2002.81,2055.55,87281.2713
2025-03-04 02:30:00+00:00,2055.56,2082.0,2054.84,2067.61,25407.8055
2025-03-04 03:00:00+00:00,2067.61,2079.39,2054.64,2070.21,19780.3495
2025-03-04 03:30:00+00:00,2070.22,2092.64,2060.0,2074.89,14138.2985
2025-03-04 04:00:00+00:00,2074.89,2093.69,2070.5,2085.53,12128.8095
2025-03-04 04:30:00+00:00,2085.54,2092.7,2076.21,2082.04,11037.1124
2025-03-04 05:00:00+00:00,2082.04,2122.12,2078.49,2104.4,25666.7322
2025-03-04 05:30:00+00:00,2104.41,2111.0,2098.01,2106.94,10104.0852
2025-03-04 06:00:00+00:00,2106.94,2111.87,2093.25,2106.83,9972.8751
2025-03-04 06:30:00+00:00,2106.82,2109.13,2090.11,2097.66,7766.1141
2025-03-04 07:00:00+00:00,2097.66,2102.96,2068.34,2079.07,14946.4621
2025-03-04 07:30:00+00:00,2079.08,2087.45,2074.58,2080.41,8483.5803
2025-03-04 08:00:00+00:00,2080.42,2106.05,2071.03,2093.83,15970.0071
2025-03-04 08:30:00+00:00,2093.83,2104.52,2084.17,2099.03,9607.3527
2025-03-04 09:00:00+00:00,2099.03,2111.83,2085.0,2092.39,13605.5487
2025-03-04 09:30:00+00:00,2092.39,2104.71,2087.43,2087.77,7738.9885
2025-03-04 10:00:00+00:00,2087.78,2096.66,2078.73,2089.45,8941.0508
2025-03-04 10:30:00+00:00,2089.44,2107.48,2087.5,2100.34,9776.9658
2025-03-04 11:00:00+00:00,2100.35,2118.0,2095.67,2108.54,9314.1378
2025-03-04 11:30:00+00:00,2108.54,2114.34,2099.18,2101.36,8471.9253
2025-03-04 12:00:00+00:00,2101.38,2101.83,2082.42,2087.0,14838.5246
2025-03-04 12:30:00+00:00,2087.0,2113.08,2085.28,2103.8,12190.142
2025-03-04 13:00:00+00:00,2103.79,2103.79,2054.9,2059.96,26729.1429
2025-03-04 13:30:00+00:00,2059.96,2085.45,2053.37,2064.21,23736.533
2025-03-04 14:00:00+00:00,2064.21,2083.24,2057.78,2065.58,16163.4186
2025-03-04 14:30:00+00:00,2065.58,2158.32,2041.0,2078.81,111182.7165
2025-03-04 15:00:00+00:00,2078.47,2086.96,2025.62,2053.82,53408.1535
2025-03-04 15:30:00+00:00,2053.81,2084.67,2048.37,2074.49,24371.5674
2025-03-04 16:00:00+00:00,2074.49,2077.07,2016.49,2025.32,29372.8338
2025-03-04 16:30:00+00:00,2025.32,2070.0,1993.2,2062.25,79842.4977
2025-03-04 17:00:00+00:00,2062.26,2124.49,2058.97,2121.11,38463.8673
2025-03-04 17:30:00+00:00,2120.99,2134.68,2110.3,2118.91,28896.9885
2025-03-04 18:00:00+00:00,2118.9,2145.16,2109.75,2124.22,23455.3593
2025-03-04 18:30:00+00:00,2124.21,2153.64,2117.9,2148.06,15396.0575
2025-03-04 19:00:00+00:00,2148.06,2167.7,2140.12,2151.67,28610.2099
2025-03-04 19:30:00+00:00,2151.67,2174.72,2141.5,2172.65,19334.6631
2025-03-04 20:00:00+00:00,2172.63,2193.15,2165.28,2186.02,29580.3257
2025-03-04 20:30:00+00:00,2185.99,2186.83,2135.94,2139.05,25147.1597
2025-03-04 21:00:00+00:00,2139.06,2221.88,2126.06,2216.52,39589.2194
2025-03-04 21:30:00+00:00,2216.51,2216.77,2171.5,2177.89,17643.1712
2025-03-04 22:00:00+00:00,2177.89,2187.71,2170.0,2182.06,11554.747
2025-03-04 22:30:00+00:00,2182.06,2186.46,2166.27,2166.5,10833.0893
2025-03-04 23:00:00+00:00,2166.49,2180.0,2159.21,2167.5,9312.0711
2025-03-04 23:30:00+00:00,2167.49,2175.8,2166.22,2171.51,3258.6834
2025-03-05 00:00:00+00:00,2171.5,2176.14,2160.25,2167.19,9144.0625
2025-03-05 00:30:00+00:00,2167.11,2171.7,2155.6,2165.1,12288.6376
2025-03-05 01:00:00+00:00,2165.09,2179.27,2155.03,2171.85,8683.9014
2025-03-05 01:30:00+00:00,2171.86,2192.75,2165.82,2189.76,12470.8432
2025-03-05 02:00:00+00:00,2189.77,2190.75,2170.12,2175.49,9296.9948
2025-03-05 02:30:00+00:00,2175.49,2190.6,2167.0,2179.3,7533.6757
2025-03-05 03:00:00+00:00,2179.29,2189.26,2174.81,2181.3,5465.3399
2025-03-05 03:30:00+00:00,2181.3,2184.77,2159.59,2160.89,10895.8074
2025-03-05 04:00:00+00:00,2160.9,2172.39,2156.15,2163.85,20309.8296
2025-03-05 04:30:00+00:00,2163.85,2175.2,2162.05,2173.19,5444.0911
2025-03-05 05:00:00+00:00,2173.2,2179.34,2170.31,2171.91,5865.0129
2025-03-05 05:30:00+00:00,2171.91,2182.81,2171.21,2179.87,3952.3037
2025-03-05 06:00:00+00:00,2179.88,2183.92,2174.2,2176.86,5378.2252
2025-03-05 06:30:00+00:00,2176.86,2195.0,2175.46,2190.37,12648.6651
2025-03-05 07:00:00+00:00,2190.37,2206.78,2188.12,2199.28,11795.551
2025-03-05 07:30:00+00:00,2199.28,2213.13,2195.21,2207.0,8671.8077
2025-03-05 08:00:00+00:00,2207.0,2226.5,2204.61,2212.56,11612.153
2025-03-05 08:30:00+00:00,2212.57,2220.8,2210.51,2213.57,7898.5168
2025-03-05 09:00:00+00:00,2213.56,2251.7,2212.0,2247.01,36888.875
2025-03-05 09:30:00+00:00,2247.02,2262.99,2234.54,2238.99,28401.5082
2025-03-05 10:00:00+00:00,2239.0,2257.4,2232.7,2255.73,17816.4495
2025-03-05 10:30:00+00:00,2255.74,2273.51,2231.03,2237.98,28837.6405
2025-03-05 11:00:00+00:00,2237.99,2239.47,2214.57,2221.52,13982.51
2025-03-05 11:30:00+00:00,2221.51,2232.45,2209.35,2217.72,12504.4813
2025-03-05 12:00:00+00:00,2217.72,2232.66,2213.6,2225.1,11516.2061
2025-03-05 12:30:00+00:00,2225.11,2232.81,2210.56,2217.99,11143.0706
2025-03-05 13:00:00+00:00,2217.99,2224.0,2201.31,2212.59,21014.8664
2025-03-05 13:30:00+00:00,2212.6,2216.59,2193.2,2202.53,16425.3449
2025-03-05 14:00:00+00:00,2202.54,2206.49,2188.6,2198.78,11482.821
2025-03-05 14:30:00+00:00,2198.78,2204.9,2166.48,2171.17,39065.8484
2025-03-05 15:00:00+00:00,2171.18,2204.4,2171.18,2176.71,56562.8118
2025-03-05 15:30:00+00:00,2176.71,2196.27,2173.85,2186.82,30326.576
2025-03-05 16:00:00+00:00,2186.81,2192.8,2162.28,2170.1,25196.7806
2025-03-05 16:30:00+00:00,2170.09,2197.86,2161.78,2190.42,17347.9029
2025-03-05 17:00:00+00:00,2190.41,2214.9,2189.3,2212.91,15960.5731
2025-03-05 17:30:00+00:00,2212.91,2220.5,2182.51,2194.84,22003.6782
2025-03-05 18:00:00+00:00,2194.85,2200.88,2175.77,2193.21,14698.109
2025-03-05 18:30:00+00:00,2193.21,2208.32,2184.43,2205.15,7556.9378
2025-03-05 19:00:00+00:00,2205.16,2222.99,2201.5,2213.38,9523.6735
2025-03-05 19:30:00+00:00,2213.38,2222.0,2207.44,2218.3,6736.8377
2025-03-05 20:00:00+00:00,2218.3,2228.94,2214.12,2223.66,9865.5476
2025-03-05 20:30:00+00:00,2223.65,2235.24,2219.51,2231.39,8566.664
2025-03-05 21:00:00+00:00,2231.4,2241.47,2223.01,2229.59,7862.8967
2025-03-05 21:30:00+00:00,2229.59,2240.17,2218.83,2235.21,8303.9301
2025-03-05 22:00:00+00:00,2235.2,2238.34,2227.0,2227.63,6853.2667
2025-03-05 22:30:00+00:00,2227.63,2241.88,2227.63,2237.38,5580.5136
2025-03-05 23:00:00+00:00,2237.39,2240.69,2230.3,2237.09,5909.8811
2025-03-05 23:30:00+00:00,2237.09,2252.86,2236.9,2241.59,9839.1688
2025-03-06 00:00:00+00:00,2241.59,2257.65,2236.9,2253.29,13777.4836
2025-03-06 00:30:00+00:00,2253.29,2254.78,2234.07,2238.49,14900.8687
2025-03-06 01:00:00+00:00,2238.49,2252.35,2234.97,2244.22,6067.45
2025-03-06 01:30:00+00:00,2244.21,2288.6,2238.31,2263.49,24668.4784
2025-03-06 02:00:00+00:00,2263.49,2282.0,2261.3,2270.3,11827.659
2025-03-06 02:30:00+00:00,2270.29,2290.6,2262.55,2284.63,12719.2926
2025-03-06 03:00:00+00:00,2284.64,2296.31,2274.93,2280.8,12475.5389
2025-03-06 03:30:00+00:00,2280.79,2294.93,2275.9,2289.79,8573.9697
2025-03-06 04:00:00+00:00,2289.79,2290.91,2275.91,2278.61,4579.3155
2025-03-06 04:30:00+00:00,2278.61,2307.19,2278.31,2299.3,10787.5638
2025-03-06 05:00:00+00:00,2299.3,2316.75,2293.32,2309.98,12196.3108
2025-03-06 05:30:00+00:00,2309.98,2319.99,2307.4,2313.71,9488.9551
2025-03-06 06:00:00+00:00,2313.71,2314.79,2294.1,2303.42,10251.9004
2025-03-06 06:30:00+00:00,2303.43,2304.2,2290.23,2292.0,9789.8313
2025-03-06 07:00:00+00:00,2292.0,2300.6,2285.65,2297.0,5960.8833
2025-03-06 07:30:00+00:00,2296.99,2300.86,2279.25,2286.0,7317.0825
2025-03-06 08:00:00+00:00,2285.99,2294.2,2279.3,2293.42,5284.6556
2025-03-06 08:30:00+00:00,2293.4,2301.6,2288.6,2293.55,6855.7593
2025-03-06 09:00:00+00:00,2293.51,2294.38,2276.77,2281.81,7427.8858
2025-03-06 09:30:00+00:00,2281.8,2289.9,2278.94,2284.27,5675.3336
2025-03-06 10:00:00+00:00,2284.27,2305.68,2279.8,2304.09,8215.6183
2025-03-06 10:30:00+00:00,2304.1,2304.53,2293.46,2294.16,5185.0953
2025-03-06 11:00:00+00:00,2294.15,2299.99,2283.77,2299.62,7411.3712
2025-03-06 11:30:00+00:00,2299.62,2301.1,2292.47,2297.59,6086.2367
2025-03-06 12:00:00+00:00,2297.59,2298.9,2277.3,2285.51,10623.7682
2025-03-06 12:30:00+00:00,2285.5,2287.1,2259.5,2267.61,12317.5684
2025-03-06 13:00:00+00:00,2267.61,2275.0,2249.67,2257.61,31406.6274
2025-03-06 13:30:00+00:00,2257.61,2268.09,2243.58,2246.29,43955.7046
2025-03-06 14:00:00+00:00,2246.3,2257.0,2241.53,2251.48,12860.7416
2025-03-06 14:30:00+00:00,2251.47,2257.31,2208.6,2225.0,44609.3206
2025-03-06 15:00:00+00:00,2225.0,2269.83,2222.12,2258.52,24299.1665
2025-03-06 15:30:00+00:00,2258.52,2275.5,2251.5,2257.49,11088.5308
2025-03-06 16:00:00+00:00,2257.5,2265.7,2235.83,2244.15,11914.6007
2025-03-06 16:30:00+00:00,2244.12,2251.72,2220.17,2222.26,14935.1166
2025-03-06 17:00:00+00:00,2222.26,2224.39,2203.14,2215.74,25089.6019
2025-03-06 17:30:00+00:00,2215.74,2220.73,2176.9,2191.2,25456.6381
2025-03-06 18:00:00+00:00,2191.19,2203.73,2188.79,2199.5,9546.0291
2025-03-06 18:30:00+00:00,2199.51,2206.43,2190.0,2201.61,8452.1885
2025-03-06 19:00:00+00:00,2201.6,2202.9,2189.44,2190.99,6530.4711
2025-03-06 19:30:00+00:00,2190.98,2218.95,2181.66,2198.34,10563.7914
2025-03-06 20:00:00+00:00,2198.35,2213.2,2193.91,2206.66,6924.5198
2025-03-06 20:30:00+00:00,2206.61,2212.56,2192.3,2200.38,7084.7603
2025-03-06 21:00:00+00:00,2200.38,2219.36,2198.4,2209.98,5586.7052
2025-03-06 21:30:00+00:00,2209.99,2213.71,2197.9,2213.71,10595.5749
2025-03-06 22:00:00+00:00,2213.74,2229.4,2200.71,2207.49,18262.5845
2025-03-06 22:30:00+00:00,2207.49,2222.99,2195.62,2211.39,6085.7081
2025-03-06 23:00:00+00:00,2211.38,2217.56,2203.58,2206.74,7451.0323
2025-03-06 23:30:00+00:00,2206.74,2213.39,2201.0,2202.2,3743.1035
2025-03-07 00:00:00+00:00,2202.21,2227.39,2114.79,2127.71,100612.8733
2025-03-07 00:30:00+00:00,2127.7,2139.37,2101.82,2117.71,44844.2363
2025-03-07 01:00:00+00:00,2117.71,2182.1,2109.35,2163.94,33566.3761
2025-03-07 01:30:00+00:00,2163.93,2192.4,2154.53,2175.0,21711.1659
2025-03-07 02:00:00+00:00,2175.0,2185.96,2161.81,2163.49,11911.3382
2025-03-07 02:30:00+00:00,2163.5,2181.59,2155.49,2155.63,13053.5896
2025-03-07 03:00:00+00:00,2155.67,2163.33,2152.33,2159.86,6941.1679
2025-03-07 03:30:00+00:00,2159.86,2160.51,2146.51,2147.89,8921.6501
2025-03-07 04:00:00+00:00,2147.9,2160.9,2144.59,2159.33,6860.886
2025-03-07 04:30:00+00:00,2159.33,2164.93,2154.46,2155.5,6504.0676
2025-03-07 05:00:00+00:00,2155.5,2176.14,2155.0,2170.2,6587.3792
2025-03-07 05:30:00+00:00,2170.14,2184.0,2167.0,2174.79,6059.3308
2025-03-07 06:00:00+00:00,2174.79,2175.59,2165.5,2170.42,3824.9167
2025-03-07 06:30:00+00:00,2170.41,2186.7,2170.41,2182.31,5698.4924
2025-03-07 07:00:00+00:00,2182.3,2192.86,2178.0,2186.95,6638.8922
2025-03-07 07:30:00+00:00,2186.96,2193.39,2182.59,2192.41,4837.252
2025-03-07 08:00:00+00:00,2192.41,2196.17,2180.71,2183.2,5846.632
2025-03-07 08:30:00+00:00,2183.21,2188.6,2177.15,2185.43,5072.9161
2025-03-07 09:00:00+00:00,2185.42,2210.5,2184.95,2209.69,8137.0343
2025-03-07 09:30:00+00:00,2209.69,2210.8,2193.18,2193.46,8224.3661
2025-03-07 10:00:00+00:00,2193.47,2196.49,2189.19,2193.0,4978.8499
2025-03-07 10:30:00+00:00,2193.0,2198.4,2185.67,2196.9,5182.4507
2025-03-07 11:00:00+00:00,2196.91,2207.73,2194.1,2200.51,6768.2512
2025-03-07 11:30:00+00:00,2200.5,2200.67,2190.22,2197.49,4334.3205
2025-03-07 12:00:00+00:00,2197.49,2199.0,2185.72,2190.1,5978.3729
2025-03-07 12:30:00+00:00,2190.09,2190.5,2165.79,2178.42,15845.5343
2025-03-07 13:00:00+00:00,2178.42,2196.2,2177.88,2192.19,9866.3733
2025-03-07 13:30:00+00:00,2192.19,2224.86,2180.73,2188.53,41823.085
2025-03-07 14:00:00+00:00,2188.53,2198.76,2177.07,2184.93,9843.6358
2025-03-07 14:30:00+00:00,2184.93,2258.47,2177.0,2221.65,46605.4437
2025-03-07 15:00:00+00:00,2221.66,2239.4,2205.96,2210.5,22085.7617
2025-03-07 15:30:00+00:00,2210.49,2224.22,2180.95,2209.68,32155.1617
2025-03-07 16:00:00+00:00,2209.67,2215.49,2156.31,2163.62,41052.593
2025-03-07 16:30:00+00:00,2163.62,2170.63,2144.31,2158.41,19661.9278
2025-03-07 17:00:00+00:00,2158.42,2165.32,2141.53,2158.41,16292.0604
2025-03-07 17:30:00+00:00,2158.42,2184.8,2149.39,2162.31,17875.9603
2025-03-07 18:00:00+00:00,2162.32,2178.86,2157.1,2176.49,13235.1587
2025-03-07 18:30:00+00:00,2176.5,2200.82,2173.67,2194.84,10049.9107
2025-03-07 19:00:00+00:00,2194.85,2202.56,2181.57,2186.46,9361.4142
2025-03-07 19:30:00+00:00,2186.47,2190.81,2161.71,2178.34,9920.4636
2025-03-07 20:00:00+00:00,2178.33,2186.96,2167.0,2168.35,8477.2518
2025-03-07 20:30:00+00:00,2168.35,2186.72,2145.65,2157.51,26404.4444
2025-03-07 21:00:00+00:00,2157.41,2163.99,2115.0,2153.81,43184.318
2025-03-07 21:30:00+00:00,2153.82,2154.21,2127.2,2139.49,11929.8003
2025-03-07 22:00:00+00:00,2139.46,2142.88,2116.73,2128.9,11839.7413
2025-03-07 22:30:00+00:00,2128.9,2151.99,2128.7,2144.59,6813.0048
2025-03-07 23:00:00+00:00,2144.6,2144.69,2115.64,2134.99,10155.6981
2025-03-07 23:30:00+00:00,2134.99,2142.18,2127.3,2141.6,4811.7097
2025-03-08 00:00:00+00:00,2141.6,2141.6,2130.54,2136.79,5243.664
2025-03-08 00:30:00+00:00,2136.8,2153.27,2134.82,2152.19,4068.0512
2025-03-08 01:00:00+00:00,2152.2,2156.0,2133.5,2136.19,5656.6792
2025-03-08 01:30:00+00:00,2136.19,2136.65,2105.06,2133.08,17634.3858
2025-03-08 02:00:00+00:00,2133.07,2141.0,2131.81,2134.21,4178.583
2025-03-08 02:30:00+00:00,2134.2,2145.69,2131.32,2143.79,4696.3277
2025-03-08 03:00:00+00:00,2143.79,2143.79,2124.61,2131.72,5315.3336
2025-03-08 03:30:00+00:00,2131.72,2142.4,2131.37,2137.8,3094.2524
2025-03-08 04:00:00+00:00,2137.8,2150.25,2131.4,2147.69,6487.0618
2025-03-08 04:30:00+00:00,2147.69,2152.69,2146.0,2150.01,3098.483
2025-03-08 05:00:00+00:00,2150.01,2150.27,2142.7,2143.81,2552.9806
2025-03-08 05:30:00+00:00,2143.8,2143.81,2133.4,2140.21,2550.9094
2025-03-08 06:00:00+00:00,2140.21,2145.69,2139.19,2144.01,2786.9235
2025-03-08 06:30:00+00:00,2144.01,2144.23,2133.16,2139.48,2663.4067
2025-03-08 07:00:00+00:00,2139.47,2148.0,2139.0,2143.16,3652.3464
2025-03-08 07:30:00+00:00,2143.16,2143.16,2134.36,2137.88,2261.2332
2025-03-08 08:00:00+00:00,2137.89,2141.11,2127.0,2134.15,4371.5011
2025-03-08 08:30:00+00:00,2134.15,2135.89,2126.78,2128.52,3097.7103
2025-03-08 09:00:00+00:00,2128.52,2143.18,2128.14,2141.21,3422.7149
2025-03-08 09:30:00+00:00,2141.2,2143.5,2126.66,2129.82,4066.6941
2025-03-08 10:00:00+00:00,2129.83,2137.89,2127.71,2137.89,4246.2313
2025-03-08 10:30:00+00:00,2137.89,2140.99,2135.3,2139.61,2703.8892
2025-03-08 11:00:00+00:00,2139.6,2139.62,2127.61,2134.29,3748.1314
2025-03-08 11:30:00+00:00,2134.3,2142.4,2127.31,2141.95,6463.8433
2025-03-08 12:00:00+00:00,2141.95,2166.65,2138.1,2161.1,15672.7027
2025-03-08 12:30:00+00:00,2161.09,2173.69,2156.5,2168.59,12548.6289
2025-03-08 13:00:00+00:00,2168.6,2189.23,2166.41,2184.78,12084.1108
2025-03-08 13:30:00+00:00,2184.78,2198.86,2180.36,2190.21,16579.1978
2025-03-08 14:00:00+00:00,2190.21,2195.5,2177.88,2182.41,11855.8262
2025-03-08 14:30:00+00:00,2182.42,2189.0,2174.92,2178.81,8196.5583
2025-03-08 15:00:00+00:00,2178.8,2185.29,2167.69,2185.2,7384.1633
2025-03-08 15:30:00+00:00,2185.19,2191.71,2180.4,2181.4,5279.9902
2025-03-08 16:00:00+00:00,2181.4,2183.6,2161.14,2167.12,10332.3211
2025-03-08 16:30:00+00:00,2167.11,2198.32,2164.6,2189.99,9433.0798
2025-03-08 17:00:00+00:00,2189.99,2219.67,2179.73,2206.71,24192.4205
2025-03-08 17:30:00+00:00,2206.7,2217.87,2198.6,2198.93,14441.0302
2025-03-08 18:00:00+00:00,2198.92,2206.16,2194.44,2200.6,5837.744
2025-03-08 18:30:00+00:00,2200.61,2213.87,2200.61,2208.69,6404.5384
2025-03-08 19:00:00+00:00,2208.68,2221.85,2200.8,2219.06,7776.5415
2025-03-08 19:30:00+00:00,2219.05,2234.93,2216.16,2224.6,17882.1743
2025-03-08 20:00:00+00:00,2224.61,2225.99,2216.8,2217.89,4273.9456
2025-03-08 20:30:00+00:00,2217.89,2221.6,2211.07,2212.99,3789.2485
2025-03-08 21:00:00+00:00,2212.99,2225.03,2212.89,2222.82,2687.8231
2025-03-08 21:30:00+00:00,2222.82,2224.63,2212.97,2216.31,3833.3517
2025-03-08 22:00:00+00:00,2216.31,2217.7,2197.75,2206.67,6633.6036
2025-03-08 22:30:00+00:00,2206.67,2210.61,2202.83,2207.51,2865.7155
2025-03-08 23:00:00+00:00,2207.51,2210.75,2200.5,2201.5,3398.5496
2025-03-08 23:30:00+00:00,2201.5,2203.58,2193.2,2203.58,7348.4952
2025-03-09 00:00:00+00:00,2203.57,2208.9,2199.73,2206.91,3262.5476
2025-03-09 00:30:00+00:00,2206.91,2209.69,2202.91,2206.22,3079.8115
2025-03-09 01:00:00+00:00,2206.21,2212.0,2202.85,2203.09,2958.1937
2025-03-09 01:30:00+00:00,2203.09,2203.87,2187.49,2191.21,5659.0335
2025-03-09 02:00:00+00:00,2191.2,2194.3,2187.22,2192.8,5182.2017
2025-03-09 02:30:00+00:00,2192.79,2193.09,2180.5,2182.0,3669.4004
2025-03-09 03:00:00+00:00,2182.01,2184.38,2176.14,2180.69,4370.9637
2025-03-09 03:30:00+00:00,2180.7,2189.79,2180.69,2186.01,3498.1246
2025-03-09 04:00:00+00:00,2186.0,2191.6,2184.05,2187.1,3176.9626
2025-03-09 04:30:00+00:00,2187.11,2191.61,2184.05,2189.49,2877.6918
2025-03-09 05:00:00+00:00,2189.49,2197.1,2184.01,2192.84,4466.0325
2025-03-09 05:30:00+00:00,2192.84,2194.28,2180.4,2182.89,2948.0297
2025-03-09 06:00:00+00:00,2182.89,2182.89,2171.84,2179.4,4445.1301
2025-03-09 06:30:00+00:00,2179.41,2184.9,2176.47,2179.9,3032.5912
2025-03-09 07:00:00+00:00,2179.89,2187.43,2178.39,2187.43,4383.5354
2025-03-09 07:30:00+00:00,2187.43,2189.44,2182.41,2185.07,3174.2526
2025-03-09 08:00:00+00:00,2185.07,2187.68,2179.43,2183.99,2726.0225
2025-03-09 08:30:00+00:00,2184.0,2186.44,2175.71,2176.1,3059.8835
2025-03-09 09:00:00+00:00,2176.11,2180.01,2172.48,2177.61,8177.0916
2025-03-09 09:30:00+00:00,2177.61,2180.79,2160.92,2165.79,7613.6833
2025-03-09 10:00:00+00:00,2165.8,2170.3,2147.64,2149.39,8758.6736
2025-03-09 10:30:00+00:00,2149.39,2152.2,2128.43,2134.1,11960.8638
2025-03-09 11:00:00+00:00,2134.1,2144.92,2132.41,2142.04,7841.5713
2025-03-09 11:30:00+00:00,2142.03,2148.6,2140.4,2146.7,5414.1734
2025-03-09 12:00:00+00:00,2146.7,2146.9,2131.67,2142.01,12504.6543
2025-03-09 12:30:00+00:00,2142.0,2146.52,2137.63,2141.81,6128.0722
2025-03-09 13:00:00+00:00,2141.81,2143.65,2133.51,2143.1,4225.8946
2025-03-09 13:30:00+00:00,2143.1,2143.1,2102.61,2104.48,22217.12
2025-03-09 14:00:00+00:00,2104.48,2117.1,2098.33,2115.01,28254.2945
2025-03-09 14:30:00+00:00,2115.0,2124.65,2107.38,2117.5,11482.4428
2025-03-09 15:00:00+00:00,2117.49,2122.6,2107.03,2114.39,9540.2454
2025-03-09 15:30:00+00:00,2114.39,2116.08,2084.67,2097.03,27398.3376
2025-03-09 16:00:00+00:00,2097.01,2109.32,2077.22,2091.29,20973.6367
2025-03-09 16:30:00+00:00,2091.27,2092.99,2041.99,2049.41,51326.9064
2025-03-09 17:00:00+00:00,2049.41,2057.13,2021.89,2033.91,40702.5862
2025-03-09 17:30:00+00:00,2033.91,2041.7,2013.6,2023.93,25591.3864
2025-03-09 18:00:00+00:00,2023.93,2036.04,2007.15,2027.64,33578.0424
2025-03-09 18:30:00+00:00,2027.63,2039.2,1998.0,2021.21,50394.7994
2025-03-09 19:00:00+00:00,2021.21,2035.5,2016.96,2032.8,14659.0675
2025-03-09 19:30:00+00:00,2032.79,2049.27,2030.75,2040.47,12285.5742
2025-03-09 20:00:00+00:00,2040.47,2056.59,2036.61,2043.9,9121.955
2025-03-09 20:30:00+00:00,2043.89,2055.5,2040.79,2047.03,10792.7288
2025-03-09 21:00:00+00:00,2047.04,2050.4,2014.18,2024.31,11320.9297
2025-03-09 21:30:00+00:00,2024.31,2031.81,2013.46,2024.51,9388.4178
2025-03-09 22:00:00+00:00,2024.5,2029.95,2009.0,2015.6,12660.1559
2025-03-09 22:30:00+00:00,2015.59,2028.92,2006.2,2010.05,12935.7641
2025-03-09 23:00:00+00:00,2010.05,2032.1,1989.66,2019.08,36768.0212
2025-03-09 23:30:00+00:00,2019.08,2024.57,2004.26,2020.41,11684.0895
2025-03-10 00:00:00+00:00,2020.43,2035.0,2007.82,2010.0,13755.4649
2025-03-10 00:30:00+00:00,2010.0,2043.4,1995.08,2036.48,22408.1506
2025-03-10 01:00:00+00:00,2036.47,2053.8,2027.41,2039.78,16143.4862
2025-03-10 01:30:00+00:00,2039.78,2049.8,2039.13,2043.42,9754.5323
2025-03-10 02:00:00+00:00,2043.42,2065.74,2036.71,2053.69,10736.635
2025-03-10 02:30:00+00:00,2053.69,2071.0,2050.9,2057.91,16302.0243
2025-03-10 03:00:00+00:00,2057.9,2059.3,2044.29,2047.47,8218.2543
2025-03-10 03:30:00+00:00,2047.46,2065.3,2046.24,2057.89,5276.9491
2025-03-10 04:00:00+00:00,2057.88,2076.6,2056.01,2070.21,7297.4112
2025-03-10 04:30:00+00:00,2070.2,2073.67,2064.5,2072.7,4250.8707
2025-03-10 05:00:00+00:00,2072.71,2075.9,2063.53,2068.6,5314.3681
2025-03-10 05:30:00+00:00,2068.61,2071.31,2059.3,2064.18,4009.7391
2025-03-10 06:00:00+00:00,2064.18,2066.0,2058.01,2061.1,6035.5784
2025-03-10 06:30:00+00:00,2061.1,2068.0,2054.19,2067.1,5234.9631
2025-03-10 07:00:00+00:00,2067.1,2079.33,2063.31,2064.41,5720.4459
2025-03-10 07:30:00+00:00,2064.41,2076.0,2063.0,2075.29,3971.568
2025-03-10 08:00:00+00:00,2075.3,2077.3,2062.17,2066.33,7172.1108
2025-03-10 08:30:00+00:00,2066.34,2071.18,2047.83,2062.1,11658.2588
2025-03-10 09:00:00+00:00,2062.1,2152.4,2061.62,2128.67,66761.6868
2025-03-10 09:30:00+00:00,2128.66,2131.7,2088.47,2102.02,30813.3812
2025-03-10 10:00:00+00:00,2102.02,2106.54,2076.5,2083.42,11570.534
2025-03-10 10:30:00+00:00,2083.42,2104.37,2081.7,2099.73,9523.0886
2025-03-10 11:00:00+00:00,2099.73,2115.6,2098.6,2112.67,8102.9016
2025-03-10 11:30:00+00:00,2112.69,2139.0,2108.4,2128.12,14579.8135
2025-03-10 12:00:00+00:00,2128.11,2135.98,2108.55,2110.31,14161.8643
2025-03-10 12:30:00+00:00,2110.31,2127.79,2105.44,2125.76,9509.0301
2025-03-10 13:00:00+00:00,2125.77,2129.8,2110.55,2113.29,9128.5036
2025-03-10 13:30:00+00:00,2113.28,2116.4,2078.26,2083.63,26172.5062
2025-03-10 14:00:00+00:00,2083.62,2084.1,2002.76,2021.12,74605.3186
2025-03-10 14:30:00+00:00,2021.11,2029.22,1997.0,2018.96,51367.1597
2025-03-10 15:00:00+00:00,2018.95,2034.63,2010.63,2018.32,30118.7225
2025-03-10 15:30:00+00:00,2018.32,2043.79,2017.67,2017.83,24600.4921
2025-03-10 16:00:00+00:00,2017.83,2025.3,2000.0,2011.72,21172.0139
2025-03-10 16:30:00+00:00,2011.62,2020.64,2001.78,2005.29,17078.3887
2025-03-10 17:00:00+00:00,2005.29,2008.72,1930.0,1954.11,108957.2087
2025-03-10 17:30:00+00:00,1954.11,1956.84,1906.41,1917.49,54663.2791
2025-03-10 18:00:00+00:00,1917.48,1939.12,1902.0,1911.83,43377.1426
2025-03-10 18:30:00+00:00,1911.8,1918.28,1812.76,1825.43,181274.309
2025-03-10 19:00:00+00:00,1825.43,1871.75,1810.01,1851.93,97874.412
2025-03-10 19:30:00+00:00,1851.93,1883.44,1851.78,1869.3,42105.7913
2025-03-10 20:00:00+00:00,1869.43,1880.8,1859.47,1871.25,17621.7185
2025-03-10 20:30:00+00:00,1871.25,1881.97,1843.23,1869.18,24625.3521
2025-03-10 21:00:00+00:00,1869.17,1897.02,1861.32,1891.25,21229.4238
2025-03-10 21:30:00+00:00,1891.26,1903.99,1881.04,1887.3,18616.1423
2025-03-10 22:00:00+00:00,1887.3,1890.08,1868.88,1870.01,11323.1643
2025-03-10 22:30:00+00:00,1870.0,1886.64,1865.88,1880.02,10696.7064
2025-03-10 23:00:00+00:00,1880.03,1895.49,1867.72,1876.39,10655.846
2025-03-10 23:30:00+00:00,1876.39,1894.94,1857.63,1865.1,23198.6391
2025-03-11 00:00:00+00:00,1865.11,1890.46,1830.13,1831.81,29188.3192
2025-03-11 00:30:00+00:00,1831.82,1845.91,1754.28,1813.96,142351.443
2025-03-11 01:00:00+00:00,1813.96,1818.62,1774.13,1809.72,65529.9694
2025-03-11 01:30:00+00:00,1809.72,1858.77,1809.19,1858.66,39994.5596
2025-03-11 02:00:00+00:00,1858.65,1877.96,1851.55,1867.07,33748.6665
2025-03-11 02:30:00+00:00,1867.06,1867.93,1853.86,1859.69,17406.6351
2025-03-11 03:00:00+00:00,1859.68,1881.52,1858.79,1861.09,19446.2514
2025-03-11 03:30:00+00:00,1861.09,1866.96,1847.27,1849.78,16025.3581
2025-03-11 04:00:00+00:00,1849.78,1876.73,1845.46,1874.63,18463.5819
2025-03-11 04:30:00+00:00,1874.63,1879.19,1864.64,1869.06,10194.3799
2025-03-11 05:00:00+00:00,1869.06,1914.25,1866.62,1893.27,35617.284
2025-03-11 05:30:00+00:00,1893.27,1898.02,1883.39,1893.6,10187.4544
2025-03-11 06:00:00+00:00,1893.6,1905.6,1888.04,1896.97,10268.023
2025-03-11 06:30:00+00:00,1896.97,1897.97,1881.74,1884.83,11053.6781
2025-03-11 07:00:00+00:00,1884.82,1908.99,1882.98,1896.63,9401.2767
2025-03-11 07:30:00+00:00,1896.62,1908.9,1890.53,1904.1,19951.1823
2025-03-11 08:00:00+00:00,1904.1,1919.16,1899.57,1912.28,17369.4391
2025-03-11 08:30:00+00:00,1912.28,1920.0,1900.54,1907.5,13625.595
2025-03-11 09:00:00+00:00,1907.5,1927.05,1906.18,1926.41,19813.2277
2025-03-11 09:30:00+00:00,1926.4,1929.68,1916.43,1917.29,21171.4688
2025-03-11 10:00:00+00:00,1917.29,1925.56,1910.69,1923.13,9519.6745
2025-03-11 10:30:00+00:00,1923.13,1928.84,1916.73,1921.72,10793.5865
2025-03-11 11:00:00+00:00,1921.71,1923.68,1906.05,1914.56,16801.3404
2025-03-11 11:30:00+00:00,1914.56,1926.0,1912.2,1914.12,12773.39
2025-03-11 12:00:00+00:00,1914.12,1915.58,1887.01,1901.43,22615.5611
2025-03-11 12:30:00+00:00,1901.33,1907.06,1891.44,1894.9,23891.1251
2025-03-11 13:00:00+00:00,1894.91,1962.98,1867.0,1920.14,77274.3981
2025-03-11 13:30:00+00:00,1920.15,1936.5,1892.39,1903.31,54795.9888
2025-03-11 14:00:00+00:00,1903.31,1912.63,1868.38,1872.08,62370.8504
2025-03-11 14:30:00+00:00,1872.08,1887.0,1840.53,1866.89,62985.91
2025-03-11 15:00:00+00:00,1866.88,1918.43,1864.27,1900.87,41038.384
2025-03-11 15:30:00+00:00,1900.86,1925.99,1898.57,1914.49,18585.003
2025-03-11 16:00:00+00:00,1914.49,1927.5,1898.77,1922.82,16676.1242
2025-03-11 16:30:00+00:00,1922.82,1936.57,1914.73,1918.2,20874.8725
2025-03-11 17:00:00+00:00,1918.2,1918.57,1888.21,1891.69,14610.4641
2025-03-11 17:30:00+00:00,1891.69,1912.63,1886.55,1904.91,17706.2964
2025-03-11 18:00:00+00:00,1904.91,1959.0,1904.19,1943.15,34872.3188
2025-03-11 18:30:00+00:00,1943.14,1963.2,1933.57,1953.13,18894.0813
2025-03-11 19:00:00+00:00,1953.13,1963.0,1942.88,1952.07,13965.8188
2025-03-11 19:30:00+00:00,1952.07,1959.59,1948.21,1951.91,10186.8099
2025-03-11 20:00:00+00:00,1951.9,1955.42,1938.44,1939.43,10133.9309
2025-03-11 20:30:00+00:00,1939.44,1944.6,1936.09,1936.7,5075.9209
2025-03-11 21:00:00+00:00,1936.71,1950.61,1936.7,1948.05,4568.9965
2025-03-11 21:30:00+00:00,1948.05,1949.46,1936.5,1940.4,4537.8818
2025-03-11 22:00:00+00:00,1940.4,1952.54,1939.52,1944.49,6624.8139
2025-03-11 22:30:00+00:00,1944.5,1947.77,1936.99,1943.7,3698.9763
2025-03-11 23:00:00+00:00,1943.69,1944.45,1922.74,1925.99,9032.033
2025-03-11 23:30:00+00:00,1925.99,1928.28,1917.17,1923.43,5715.6551
2025-03-12 00:00:00+00:00,1923.42,1925.26,1910.65,1916.56,8522.3627
2025-03-12 00:30:00+00:00,1916.57,1923.17,1905.67,1911.9,9063.0931
2025-03-12 01:00:00+00:00,1911.9,1923.2,1910.11,1919.01,7470.565
2025-03-12 01:30:00+00:00,1919.02,1932.86,1914.6,1920.6,12328.7616
2025-03-12 02:00:00+00:00,1920.61,1921.41,1902.2,1905.24,10536.3287
2025-03-12 02:30:00+00:00,1905.25,1908.32,1887.42,1895.89,13777.0646
2025-03-12 03:00:00+00:00,1895.9,1898.6,1881.07,1885.19,9657.5502
2025-03-12 03:30:00+00:00,1885.2,1885.56,1867.09,1868.9,17831.6691
2025-03-12 04:00:00+00:00,1868.89,1868.9,1854.36,1856.3,12786.4614
2025-03-12 04:30:00+00:00,1856.29,1868.67,1852.3,1866.8,11034.5242
2025-03-12 05:00:00+00:00,1866.79,1874.8,1861.87,1869.83,7429.9483
2025-03-12 05:30:00+00:00,1869.83,1880.82,1869.8,1878.53,8410.7698
2025-03-12 06:00:00+00:00,1878.53,1879.08,1865.65,1870.79,6595.0486
2025-03-12 06:30:00+00:00,1870.79,1876.12,1853.12,1873.11,11886.1808
2025-03-12 07:00:00+00:00,1873.11,1914.01,1872.07,1908.01,38276.3097
2025-03-12 07:30:00+00:00,1908.01,1916.66,1902.65,1911.26,14146.1691
2025-03-12 08:00:00+00:00,1911.26,1927.8,1871.11,1914.93,48577.8504
2025-03-12 08:30:00+00:00,1914.94,1935.9,1909.78,1928.1,19008.0557
2025-03-12 09:00:00+00:00,1928.1,1960.0,1877.67,1879.36,76053.9227
2025-03-12 09:30:00+00:00,1879.36,1901.37,1878.76,1894.1,21301.2317
2025-03-12 10:00:00+00:00,1894.09,1900.46,1883.7,1893.84,23641.2935
2025-03-12 10:30:00+00:00,1893.84,1902.0,1885.15,1900.33,6135.7723
2025-03-12 11:00:00+00:00,1900.34,1915.52,1900.34,1911.51,10227.8662
2025-03-12 11:30:00+00:00,1911.52,1919.39,1906.39,1916.84,10174.8747
2025-03-12 12:00:00+00:00,1916.85,1931.05,1908.19,1924.82,15036.1984
2025-03-12 12:30:00+00:00,1924.9,1947.0,1911.69,1929.58,57635.6474
2025-03-12 13:00:00+00:00,1929.58,1932.46,1902.12,1908.58,21776.4423
2025-03-12 13:30:00+00:00,1908.58,1912.99,1878.56,1887.53,37864.9687
2025-03-12 14:00:00+00:00,1887.53,1896.15,1875.63,1877.79,24952.012
2025-03-12 14:30:00+00:00,1877.8,1882.65,1856.05,1860.8,28816.2333
2025-03-12 15:00:00+00:00,1860.81,1864.71,1829.72,1851.4,38919.9419
2025-03-12 15:30:00+00:00,1851.4,1871.14,1850.56,1869.85,23951.9639
2025-03-12 16:00:00+00:00,1869.86,1884.08,1862.45,1865.76,15776.0087
2025-03-12 16:30:00+00:00,1865.78,1880.4,1863.5,1871.64,9147.4409
2025-03-12 17:00:00+00:00,1871.65,1894.72,1869.9,1887.83,10655.9078
2025-03-12 17:30:00+00:00,1887.84,1890.45,1865.6,1867.81,8632.6679
2025-03-12 18:00:00+00:00,1867.82,1880.87,1865.19,1879.35,10387.5809
2025-03-12 18:30:00+00:00,1879.38,1888.19,1873.08,1878.65,5682.6157
2025-03-12 19:00:00+00:00,1878.64,1882.7,1869.46,1876.77,6029.595
2025-03-12 19:30:00+00:00,1876.76,1886.0,1867.5,1878.25,7342.3596
2025-03-12 20:00:00+00:00,1878.26,1886.48,1873.7,1879.73,4392.2238
2025-03-12 20:30:00+00:00,1879.73,1893.56,1879.71,1891.76,9590.5588
2025-03-12 21:00:00+00:00,1891.77,1906.34,1891.62,1899.5,15544.5404
2025-03-12 21:30:00+00:00,1899.51,1903.0,1890.29,1894.64,4792.8517
2025-03-12 22:00:00+00:00,1894.64,1907.75,1894.49,1905.94,5354.5457
2025-03-12 22:30:00+00:00,1905.95,1915.95,1904.81,1910.61,4132.5624
2025-03-12 23:00:00+00:00,1910.62,1911.06,1901.5,1904.09,4072.7444
2025-03-12 23:30:00+00:00,1904.08,1910.39,1901.67,1908.2,3378.3906
2025-03-13 00:00:00+00:00,1908.2,1917.12,1901.46,1905.75,6964.5224
2025-03-13 00:30:00+00:00,1905.76,1906.66,1897.08,1899.96,5403.2273
2025-03-13 01:00:00+00:00,1899.98,1908.95,1893.85,1901.12,6266.8369
2025-03-13 01:30:00+00:00,1901.13,1913.67,1896.78,1907.01,5507.5139
2025-03-13 02:00:00+00:00,1907.02,1916.26,1899.0,1900.71,5529.6752
2025-03-13 02:30:00+00:00,1900.67,1901.67,1888.73,1889.9,5781.3944
2025-03-13 03:00:00+00:00,1889.89,1900.93,1883.56,1893.61,8352.3587
2025-03-13 03:30:00+00:00,1893.61,1893.83,1882.01,1886.87,8474.0934
2025-03-13 04:00:00+00:00,1886.87,1891.5,1876.85,1877.52,8211.3699
2025-03-13 04:30:00+00:00,1877.51,1881.55,1869.0,1873.79,7213.3628
2025-03-13 05:00:00+00:00,1873.8,1882.05,1871.22,1878.65,4420.7414
2025-03-13 05:30:00+00:00,1878.66,1879.1,1862.3,1867.83,8173.8108
2025-03-13 06:00:00+00:00,1867.84,1870.83,1858.32,1863.79,11738.3696
2025-03-13 06:30:00+00:00,1863.79,1871.68,1862.0,1869.63,11037.4851
2025-03-13 07:00:00+00:00,1869.63,1879.79,1868.69,1877.66,14066.4775
2025-03-13 07:30:00+00:00,1877.66,1881.19,1871.01,1872.23,6137.4894
2025-03-13 08:00:00+00:00,1872.23,1880.51,1854.39,1859.06,12321.8735
2025-03-13 08:30:00+00:00,1859.07,1878.19,1853.9,1875.51,9183.1746
2025-03-13 09:00:00+00:00,1875.5,1895.63,1875.36,1882.46,23320.4507
2025-03-13 09:30:00+00:00,1882.45,1894.97,1879.53,1891.04,12949.5347
2025-03-13 10:00:00+00:00,1891.05,1898.2,1867.53,1886.76,28438.9689
2025-03-13 10:30:00+00:00,1886.76,1905.38,1886.76,1900.2,17250.2878
2025-03-13 11:00:00+00:00,1900.2,1903.35,1887.89,1891.28,12587.6469
2025-03-13 11:30:00+00:00,1891.27,1900.53,1890.62,1900.24,6706.6568
2025-03-13 12:00:00+00:00,1900.24,1911.95,1889.99,1908.0,18217.224
2025-03-13 12:30:00+00:00,1908.01,1923.09,1890.31,1897.02,44106.3443
2025-03-13 13:00:00+00:00,1897.06,1909.6,1895.89,1900.01,17825.7857
2025-03-13 13:30:00+00:00,1900.01,1900.17,1866.5,1871.47,19942.8443
2025-03-13 14:00:00+00:00,1871.47,1897.66,1864.21,1884.38,29485.7879
2025-03-13 14:30:00+00:00,1884.39,1892.0,1877.7,1884.55,12414.543
2025-03-13 15:00:00+00:00,1884.56,1889.55,1870.31,1880.59,11758.1617
2025-03-13 15:30:00+00:00,1880.59,1882.25,1867.18,1875.41,21724.1537
2025-03-13 16:00:00+00:00,1875.41,1878.1,1856.13,1858.04,11792.3751
2025-03-13 16:30:00+00:00,1858.05,1868.41,1851.03,1857.67,14833.1152
2025-03-13 17:00:00+00:00,1857.68,1861.13,1840.32,1844.3,19236.1021
2025-03-13 17:30:00+00:00,1844.29,1846.0,1821.81,1826.95,20677.2568
2025-03-13 18:00:00+00:00,1826.95,1853.59,1826.29,1852.57,14442.0231
2025-03-13 18:30:00+00:00,1852.58,1854.53,1845.11,1851.89,6856.2537
2025-03-13 19:00:00+00:00,1851.89,1858.44,1842.74,1847.01,8180.0977
2025-03-13 19:30:00+00:00,1847.02,1857.36,1838.47,1851.82,7252.3413
2025-03-13 20:00:00+00:00,1851.73,1859.48,1849.63,1857.59,3633.3217
2025-03-13 20:30:00+00:00,1857.59,1859.85,1839.4,1842.72,8849.7607
2025-03-13 21:00:00+00:00,1842.72,1849.55,1840.16,1849.54,3887.545
2025-03-13 21:30:00+00:00,1849.54,1862.3,1844.34,1862.29,4429.3121
2025-03-13 22:00:00+00:00,1862.29,1874.96,1857.76,1874.51,4892.8798
2025-03-13 22:30:00+00:00,1874.51,1881.45,1872.08,1879.2,4557.8152
2025-03-13 23:00:00+00:00,1879.14,1883.56,1861.82,1862.86,8695.203
2025-03-13 23:30:00+00:00,1862.85,1866.79,1861.25,1864.59,5809.6925
2025-03-14 00:00:00+00:00,1864.59,1871.59,1861.31,1869.47,3530.0195
2025-03-14 00:30:00+00:00,1869.47,1879.64,1869.33,1874.6,6447.9534
2025-03-14 01:00:00+00:00,1874.6,1877.52,1868.93,1877.34,2963.8108
2025-03-14 01:30:00+00:00,1877.34,1889.6,1877.06,1881.6,5550.5101
2025-03-14 02:00:00+00:00,1881.59,1894.15,1880.2,1890.97,4197.6307
2025-03-14 02:30:00+00:00,1890.97,1894.63,1887.0,1892.64,6795.9543
2025-03-14 03:00:00+00:00,1892.64,1893.27,1884.76,1887.0,4670.5612
2025-03-14 03:30:00+00:00,1887.0,1889.51,1884.12,1889.29,3277.2001
2025-03-14 04:00:00+00:00,1889.28,1896.94,1888.9,1893.33,5694.5113
2025-03-14 04:30:00+00:00,1893.33,1894.64,1890.68,1890.81,3072.5545
2025-03-14 05:00:00+00:00,1890.8,1894.94,1887.73,1893.65,3871.2986
2025-03-14 05:30:00+00:00,1893.64,1899.58,1893.12,1895.33,3496.0598
2025-03-14 06:00:00+00:00,1895.33,1896.4,1888.83,1889.61,6170.1959
2025-03-14 06:30:00+00:00,1889.62,1895.84,1888.39,1895.16,5575.5097
2025-03-14 07:00:00+00:00,1895.15,1895.15,1888.25,1893.01,5266.4856
2025-03-14 07:30:00+00:00,1893.01,1905.42,1890.8,1893.07,10459.0113
2025-03-14 08:00:00+00:00,1893.08,1903.0,1891.39,1899.24,9527.3116
2025-03-14 08:30:00+00:00,1899.23,1902.49,1891.45,1895.01,8759.4626
2025-03-14 09:00:00+00:00,1895.01,1899.0,1892.0,1897.92,3494.2225
2025-03-14 09:30:00+00:00,1897.92,1898.48,1892.0,1894.56,3247.6062
2025-03-14 10:00:00+00:00,1894.57,1897.24,1889.5,1896.81,4554.283
2025-03-14 10:30:00+00:00,1896.81,1908.93,1893.8,1898.15,9449.0712
2025-03-14 11:00:00+00:00,1898.16,1904.7,1897.84,1904.7,4073.8922
2025-03-14 11:30:00+00:00,1904.69,1906.72,1900.79,1902.4,3687.5038
2025-03-14 12:00:00+00:00,1902.41,1908.59,1898.2,1904.56,6028.4297
2025-03-14 12:30:00+00:00,1904.56,1905.26,1894.8,1902.79,5172.0228
2025-03-14 13:00:00+00:00,1902.79,1905.64,1897.25,1898.93,5286.9032
2025-03-14 13:30:00+00:00,1898.94,1914.6,1892.37,1904.87,16670.2377
2025-03-14 14:00:00+00:00,1904.87,1911.95,1877.69,1907.92,32152.6397
2025-03-14 14:30:00+00:00,1907.92,1924.22,1907.18,1919.49,23699.8791
2025-03-14 15:00:00+00:00,1919.5,1942.48,1918.83,1937.16,28246.7673
2025-03-14 15:30:00+00:00,1937.18,1941.58,1914.4,1922.2,25759.2406
2025-03-14 16:00:00+00:00,1922.2,1929.37,1914.19,1923.71,9127.6966
2025-03-14 16:30:00+00:00,1923.7,1937.56,1920.16,1936.44,10877.9718
2025-03-14 17:00:00+00:00,1936.43,1939.99,1927.19,1930.66,10756.7368
2025-03-14 17:30:00+00:00,1930.67,1935.37,1927.81,1934.8,6417.4944
2025-03-14 18:00:00+00:00,1934.81,1940.44,1927.6,1931.67,7572.4203
2025-03-14 18:30:00+00:00,1931.69,1945.64,1931.18,1935.02,9211.6329
2025-03-14 19:00:00+00:00,1935.02,1945.25,1931.88,1936.15,8351.2941
2025-03-14 19:30:00+00:00,1936.15,1939.32,1930.8,1934.16,5299.4281
2025-03-14 20:00:00+00:00,1934.16,1934.94,1916.08,1923.52,10014.0538
2025-03-14 20:30:00+00:00,1923.51,1927.43,1919.95,1924.89,4940.818
2025-03-14 21:00:00+00:00,1924.9,1925.77,1917.55,1918.46,3974.81
2025-03-14 21:30:00+00:00,1918.45,1924.38,1915.45,1922.49,3243.1551
2025-03-14 22:00:00+00:00,1922.49,1927.43,1920.01,1924.49,2990.965
2025-03-14 22:30:00+00:00,1924.5,1930.5,1923.64,1926.85,4147.8922
2025-03-14 23:00:00+00:00,1926.85,1926.93,1918.0,1919.15,3591.6472
2025-03-14 23:30:00+00:00,1919.16,1919.59,1908.38,1911.65,4438.9792
2025-03-15 00:00:00+00:00,1911.64,1917.02,1909.39,1916.22,2392.0634
2025-03-15 00:30:00+00:00,1916.23,1918.12,1911.75,1915.44,2756.8116
2025-03-15 01:00:00+00:00,1915.44,1920.35,1913.81,1916.67,2769.4551
2025-03-15 01:30:00+00:00,1916.67,1916.76,1903.75,1911.4,5833.9548
2025-03-15 02:00:00+00:00,1911.4,1912.3,1905.48,1908.0,2415.8874
2025-03-15 02:30:00+00:00,1907.99,1916.61,1904.36,1914.01,5895.12
2025-03-15 03:00:00+00:00,1914.02,1923.02,1913.06,1921.52,5090.2981
2025-03-15 03:30:00+00:00,1921.53,1923.37,1918.9,1920.44,3839.4938
2025-03-15 04:00:00+00:00,1920.43,1924.29,1915.99,1920.47,3797.1692
2025-03-15 04:30:00+00:00,1920.46,1935.21,1919.75,1931.7,8076.5209
2025-03-15 05:00:00+00:00,1931.7,1932.99,1925.5,1926.99,3152.6929
2025-03-15 05:30:00+00:00,1927.0,1931.55,1925.12,1928.6,3410.4106
2025-03-15 06:00:00+00:00,1928.61,1930.54,1923.2,1929.55,2826.8572
2025-03-15 06:30:00+00:00,1929.54,1930.0,1926.51,1928.92,2462.7823
2025-03-15 07:00:00+00:00,1928.92,1929.52,1917.79,1919.68,3947.6737
2025-03-15 07:30:00+00:00,1919.68,1921.44,1914.65,1917.66,5659.5735
2025-03-15 08:00:00+00:00,1917.68,1920.0,1912.7,1916.71,4188.602
2025-03-15 08:30:00+00:00,1916.71,1921.84,1916.39,1921.79,2850.9465
2025-03-15 09:00:00+00:00,1921.8,1921.99,1914.33,1916.11,2641.6335
2025-03-15 09:30:00+00:00,1916.1,1926.52,1915.65,1925.84,2969.3479
2025-03-15 10:00:00+00:00,1925.83,1926.62,1919.88,1920.56,4215.0831
2025-03-15 10:30:00+00:00,1920.57,1929.39,1920.57,1927.4,3896.5514
2025-03-15 11:00:00+00:00,1927.39,1929.61,1925.75,1929.01,4262.3655
2025-03-15 11:30:00+00:00,1929.0,1931.87,1928.02,1929.0,4478.5971
2025-03-15 12:00:00+00:00,1929.0,1931.33,1926.76,1928.79,3604.9854
2025-03-15 12:30:00+00:00,1928.79,1930.35,1923.0,1923.0,3635.2618
2025-03-15 13:00:00+00:00,1923.01,1930.44,1922.55,1927.86,2865.8236
2025-03-15 13:30:00+00:00,1927.85,1933.34,1925.89,1931.16,4469.0314
2025-03-15 14:00:00+00:00,1931.15,1931.15,1923.59,1925.24,3737.1172
2025-03-15 14:30:00+00:00,1925.23,1929.4,1923.19,1926.75,2695.7319
2025-03-15 15:00:00+00:00,1926.74,1937.55,1926.52,1934.58,6069.1138
2025-03-15 15:30:00+00:00,1934.57,1939.6,1931.88,1937.83,8441.0421
2025-03-15 16:00:00+00:00,1937.84,1938.86,1933.33,1935.85,5011.4435
2025-03-15 16:30:00+00:00,1935.85,1945.27,1933.89,1937.78,5225.335
2025-03-15 17:00:00+00:00,1937.79,1948.22,1935.27,1945.75,4701.0563
2025-03-15 17:30:00+00:00,1945.76,1946.53,1936.86,1940.55,5708.5444
2025-03-15 18:00:00+00:00,1940.55,1945.49,1936.28,1938.9,6809.0398
2025-03-15 18:30:00+00:00,1938.91,1940.0,1930.29,1932.9,5917.2373
2025-03-15 19:00:00+00:00,1932.9,1933.84,1928.76,1932.92,3575.4794
2025-03-15 19:30:00+00:00,1932.91,1937.88,1929.21,1937.31,3144.415
2025-03-15 20:00:00+00:00,1937.32,1949.47,1937.31,1944.69,8770.5745
2025-03-15 20:30:00+00:00,1944.69,1945.39,1941.61,1943.86,2077.4612
2025-03-15 21:00:00+00:00,1943.86,1946.61,1940.0,1943.24,4202.6924
2025-03-15 21:30:00+00:00,1943.24,1957.19,1943.24,1950.84,12142.2591
2025-03-15 22:00:00+00:00,1950.85,1954.93,1943.93,1945.91,5695.5613
2025-03-15 22:30:00+00:00,1945.91,1946.54,1939.53,1943.8,2824.0514
2025-03-15 23:00:00+00:00,1943.79,1944.94,1938.0,1939.41,2644.298
2025-03-15 23:30:00+00:00,1939.4,1941.88,1936.37,1937.17,1748.4202
2025-03-16 00:00:00+00:00,1937.18,1940.44,1934.07,1939.41,3153.2926
2025-03-16 00:30:00+00:00,1939.41,1940.87,1931.34,1932.18,4063.5371
2025-03-16 01:00:00+00:00,1932.19,1934.54,1927.09,1929.8,3257.3168
2025-03-16 01:30:00+00:00,1929.79,1929.79,1920.36,1922.49,7418.3305
2025-03-16 02:00:00+00:00,1922.48,1924.45,1916.56,1923.92,4717.6139
2025-03-16 02:30:00+00:00,1923.91,1927.8,1920.13,1922.21,3776.59
2025-03-16 03:00:00+00:00,1922.21,1928.5,1921.48,1928.21,2660.4977
2025-03-16 03:30:00+00:00,1928.2,1930.36,1925.87,1927.52,2165.1311
2025-03-16 04:00:00+00:00,1927.52,1929.3,1925.93,1926.51,1852.8484
2025-03-16 04:30:00+00:00,1926.51,1927.62,1923.55,1926.74,1722.7722
2025-03-16 05:00:00+00:00,1926.73,1932.82,1925.71,1932.28,2779.8639
2025-03-16 05:30:00+00:00,1932.28,1933.56,1928.8,1932.12,2749.8122
2025-03-16 06:00:00+00:00,1932.12,1932.45,1929.26,1930.66,1614.2105
2025-03-16 06:30:00+00:00,1930.65,1934.0,1927.64,1927.91,2121.9749
2025-03-16 07:00:00+00:00,1927.91,1929.01,1921.53,1923.95,4735.541
2025-03-16 07:30:00+00:00,1923.95,1928.32,1923.81,1925.89,5084.6949
2025-03-16 08:00:00+00:00,1925.89,1926.92,1918.45,1920.13,4245.7802
2025-03-16 08:30:00+00:00,1920.13,1923.49,1919.0,1922.68,3269.1967
2025-03-16 09:00:00+00:00,1922.68,1923.15,1911.99,1916.47,5635.6877
2025-03-16 09:30:00+00:00,1916.46,1917.34,1905.23,1907.76,13067.4558
2025-03-16 10:00:00+00:00,1907.75,1913.68,1903.8,1906.82,8344.9365
2025-03-16 10:30:00+00:00,1906.83,1909.4,1904.49,1905.37,6982.6755
2025-03-16 11:00:00+00:00,1905.37,1905.37,1870.2,1881.17,32141.1031
2025-03-16 11:30:00+00:00,1881.17,1881.17,1866.9,1874.0,16373.7375
2025-03-16 12:00:00+00:00,1874.01,1889.46,1873.42,1889.27,11361.4924
2025-03-16 12:30:00+00:00,1889.27,1889.27,1879.59,1881.01,5418.2616
2025-03-16 13:00:00+00:00,1881.0,1894.69,1879.61,1888.14,7785.4741
2025-03-16 13:30:00+00:00,1888.14,1892.29,1874.36,1879.47,8906.3555
2025-03-16 14:00:00+00:00,1879.46,1888.26,1878.77,1887.25,5126.2115
2025-03-16 14:30:00+00:00,1887.25,1897.13,1881.3,1896.83,5970.9899
2025-03-16 15:00:00+00:00,1896.82,1898.33,1888.88,1890.13,4692.2363
2025-03-16 15:30:00+00:00,1890.14,1897.32,1887.94,1895.01,4242.7503
2025-03-16 16:00:00+00:00,1895.01,1924.11,1893.43,1913.41,26315.1968
2025-03-16 16:30:00+00:00,1913.41,1915.95,1902.73,1906.38,7657.9815
2025-03-16 17:00:00+00:00,1906.38,1916.47,1905.8,1907.57,5815.0572
2025-03-16 17:30:00+00:00,1907.57,1910.84,1903.9,1910.15,4520.5674
2025-03-16 18:00:00+00:00,1910.16,1910.61,1898.09,1903.38,7420.8629
2025-03-16 18:30:00+00:00,1903.37,1904.27,1891.41,1896.11,6287.7787
2025-03-16 19:00:00+00:00,1896.1,1896.67,1860.38,1878.63,21548.7397
2025-03-16 19:30:00+00:00,1878.62,1882.74,1872.41,1882.74,6976.8843
2025-03-16 20:00:00+00:00,1882.73,1894.77,1881.9,1886.19,9596.1506
2025-03-16 20:30:00+00:00,1886.19,1895.43,1885.35,1894.86,2880.5348
2025-03-16 21:00:00+00:00,1894.87,1898.63,1887.74,1896.67,4750.868
2025-03-16 21:30:00+00:00,1896.67,1896.68,1884.75,1889.57,5148.9423
2025-03-16 22:00:00+00:00,1889.56,1891.28,1876.22,1886.95,6293.7083
2025-03-16 22:30:00+00:00,1886.95,1887.01,1874.24,1874.69,3991.2561
2025-03-16 23:00:00+00:00,1874.68,1883.34,1870.1,1882.22,4384.6082
2025-03-16 23:30:00+00:00,1882.22,1888.88,1881.49,1887.0,3739.1473
2025-03-17 00:00:00+00:00,1887.01,1893.57,1886.36,1893.07,4500.7514
2025-03-17 00:30:00+00:00,1893.06,1906.41,1892.35,1901.65,5305.1187
2025-03-17 01:00:00+00:00,1901.65,1910.69,1896.67,1897.98,6842.4229
2025-03-17 01:30:00+00:00,1897.98,1909.53,1897.85,1903.05,4045.5917
2025-03-17 02:00:00+00:00,1903.04,1913.6,1901.36,1910.87,5178.5882
2025-03-17 02:30:00+00:00,1910.87,1911.42,1904.1,1907.66,4272.2915
2025-03-17 03:00:00+00:00,1907.66,1915.44,1907.49,1908.92,5597.7066
2025-03-17 03:30:00+00:00,1908.92,1911.91,1906.54,1908.85,5580.5218
2025-03-17 04:00:00+00:00,1908.85,1912.99,1903.0,1905.95,5069.9243
2025-03-17 04:30:00+00:00,1905.95,1908.57,1902.61,1904.91,3638.1393
2025-03-17 05:00:00+00:00,1904.91,1905.12,1897.37,1902.99,4591.2857
2025-03-17 05:30:00+00:00,1902.99,1903.91,1893.76,1894.19,4816.5921
2025-03-17 06:00:00+00:00,1894.18,1899.21,1885.0,1886.12,4485.8332
2025-03-17 06:30:00+00:00,1886.12,1895.49,1879.98,1893.46,8449.3459
2025-03-17 07:00:00+00:00,1893.5,1901.35,1891.65,1899.7,4652.8351
2025-03-17 07:30:00+00:00,1899.7,1903.2,1896.6,1900.74,3177.3679
2025-03-17 08:00:00+00:00,1900.75,1901.1,1893.0,1900.53,2970.2298
2025-03-17 08:30:00+00:00,1900.54,1905.35,1897.07,1903.73,4500.1075
2025-03-17 09:00:00+00:00,1903.74,1909.03,1900.56,1906.26,5557.202
2025-03-17 09:30:00+00:00,1906.27,1913.22,1904.0,1912.77,6082.6765
2025-03-17 10:00:00+00:00,1912.76,1918.42,1908.11,1911.55,7316.2054
2025-03-17 10:30:00+00:00,1911.55,1915.94,1909.85,1912.95,4040.0716
2025-03-17 11:00:00+00:00,1912.94,1916.91,1908.0,1914.8,3972.0832
2025-03-17 11:30:00+00:00,1914.79,1916.0,1910.46,1910.59,3061.3228
2025-03-17 12:00:00+00:00,1910.58,1920.75,1902.8,1909.47,11971.5696
2025-03-17 12:30:00+00:00,1909.47,1939.03,1905.97,1908.28,23799.3561
2025-03-17 13:00:00+00:00,1908.27,1909.92,1896.42,1898.08,7073.64
2025-03-17 13:30:00+00:00,1898.09,1914.26,1894.0,1898.66,11050.2837
2025-03-17 14:00:00+00:00,1898.66,1905.47,1888.01,1897.13,13778.5584
2025-03-17 14:30:00+00:00,1897.14,1912.85,1895.57,1899.84,12799.8047
2025-03-17 15:00:00+00:00,1899.85,1917.16,1894.14,1912.29,13803.1676
2025-03-17 15:30:00+00:00,1912.31,1922.9,1908.27,1919.47,13471.5269
2025-03-17 16:00:00+00:00,1919.47,1925.51,1914.4,1916.67,8089.1247
2025-03-17 16:30:00+00:00,1916.67,1920.88,1907.74,1914.64,5990.6695
2025-03-17 17:00:00+00:00,1914.64,1925.85,1912.39,1923.59,5490.2321
2025-03-17 17:30:00+00:00,1923.59,1935.46,1922.41,1930.65,8838.8812
2025-03-17 18:00:00+00:00,1930.65,1942.2,1929.99,1938.89,11004.2755
2025-03-17 18:30:00+00:00,1938.88,1951.68,1938.44,1948.56,15386.8541
2025-03-17 19:00:00+00:00,1948.56,1952.4,1942.68,1944.96,11630.3886
2025-03-17 19:30:00+00:00,1944.95,1949.11,1940.48,1942.23,4885.0587
2025-03-17 20:00:00+00:00,1942.22,1942.92,1933.86,1935.4,5412.8619
2025-03-17 20:30:00+00:00,1935.4,1941.52,1931.47,1935.25,6594.2198
2025-03-17 21:00:00+00:00,1935.26,1949.5,1933.62,1938.65,7651.8333
2025-03-17 21:30:00+00:00,1938.65,1944.95,1936.93,1941.26,3392.036
2025-03-17 22:00:00+00:00,1941.26,1942.85,1936.29,1937.84,2634.6534
2025-03-17 22:30:00+00:00,1937.85,1939.6,1932.05,1932.21,4970.5888
2025-03-17 23:00:00+00:00,1932.2,1932.49,1923.93,1924.16,4403.5963
2025-03-17 23:30:00+00:00,1924.17,1931.44,1922.2,1926.31,3013.0917
2025-03-18 00:00:00+00:00,1926.3,1930.25,1924.07,1924.07,3234.6748
2025-03-18 00:30:00+00:00,1924.07,1927.23,1919.16,1922.17,3751.1472
2025-03-18 01:00:00+00:00,1922.17,1924.75,1908.79,1912.46,6316.7579
2025-03-18 01:30:00+00:00,1912.46,1912.46,1900.04,1903.55,8238.773
2025-03-18 02:00:00+00:00,1903.55,1914.1,1902.96,1912.28,5982.4777
2025-03-18 02:30:00+00:00,1912.29,1917.68,1909.79,1911.28,6055.441
2025-03-18 03:00:00+00:00,1911.28,1911.44,1901.0,1902.43,10717.0541
2025-03-18 03:30:00+00:00,1902.44,1906.37,1897.47,1901.17,7770.3988
2025-03-18 04:00:00+00:00,1901.17,1908.31,1900.0,1906.38,3539.3604
2025-03-18 04:30:00+00:00,1906.37,1906.38,1901.0,1904.17,3697.7755
2025-03-18 05:00:00+00:00,1904.17,1909.04,1904.17,1907.0,2700.5068
2025-03-18 05:30:00+00:00,1906.99,1910.41,1905.09,1907.49,2531.1752
2025-03-18 06:00:00+00:00,1907.49,1907.68,1893.86,1899.08,6386.8052
2025-03-18 06:30:00+00:00,1899.07,1901.81,1894.13,1898.33,8397.449
2025-03-18 07:00:00+00:00,1898.33,1910.08,1897.15,1908.06,7231.5813
2025-03-18 07:30:00+00:00,1908.06,1909.17,1901.8,1905.06,3235.3894
2025-03-18 08:00:00+00:00,1905.05,1908.39,1901.07,1908.39,7144.4382
2025-03-18 08:30:00+00:00,1908.39,1913.09,1906.4,1908.6,6919.136
2025-03-18 09:00:00+00:00,1908.61,1911.18,1903.74,1905.56,3576.5537
2025-03-18 09:30:00+00:00,1905.56,1912.0,1900.0,1901.26,8505.7882
2025-03-18 10:00:00+00:00,1901.26,1902.98,1885.58,1891.8,13147.5562
2025-03-18 10:30:00+00:00,1891.8,1897.5,1889.09,1895.36,7775.1848
2025-03-18 11:00:00+00:00,1895.36,1898.73,1890.96,1893.44,4522.2613
2025-03-18 11:30:00+00:00,1893.45,1895.2,1889.09,1892.43,4011.1525
2025-03-18 12:00:00+00:00,1892.42,1901.0,1889.38,1896.77,7045.752
2025-03-18 12:30:00+00:00,1896.78,1899.96,1892.46,1895.98,5916.1762
2025-03-18 13:00:00+00:00,1895.98,1901.07,1893.43,1900.33,4912.475
2025-03-18 13:30:00+00:00,1900.34,1903.2,1872.31,1879.81,26147.6855
2025-03-18 14:00:00+00:00,1879.82,1889.27,1875.0,1888.39,11460.6193
2025-03-18 14:30:00+00:00,1888.39,1897.2,1885.71,1894.87,11374.6075
2025-03-18 15:00:00+00:00,1894.86,1896.0,1886.36,1893.29,7084.4182
2025-03-18 15:30:00+00:00,1893.29,1898.01,1877.59,1881.02,13336.3353
2025-03-18 16:00:00+00:00,1881.03,1889.93,1879.5,1889.5,7698.3101
2025-03-18 16:30:00+00:00,1889.49,1892.08,1876.02,1887.79,16295.6962
2025-03-18 17:00:00+00:00,1887.79,1889.56,1877.54,1879.98,6485.344
2025-03-18 17:30:00+00:00,1879.98,1885.24,1874.79,1876.78,4842.0317
2025-03-18 18:00:00+00:00,1876.78,1884.72,1873.6,1876.88,4029.6704
2025-03-18 18:30:00+00:00,1876.88,1892.25,1873.64,1890.38,4852.792
2025-03-18 19:00:00+00:00,1890.38,1895.5,1888.17,1892.44,3780.4329
2025-03-18 19:30:00+00:00,1892.44,1908.39,1892.44,1904.57,8543.4485
2025-03-18 20:00:00+00:00,1904.57,1910.89,1900.5,1900.5,3806.3628
2025-03-18 20:30:00+00:00,1900.5,1906.57,1898.65,1906.56,2566.7234
2025-03-18 21:00:00+00:00,1906.56,1915.0,1905.72,1912.19,6065.9657
2025-03-18 21:30:00+00:00,1912.19,1912.2,1908.24,1911.94,2774.1992
2025-03-18 22:00:00+00:00,1911.94,1917.91,1908.58,1911.7,5337.1413
2025-03-18 22:30:00+00:00,1911.7,1920.22,1911.4,1917.93,3583.2322
2025-03-18 23:00:00+00:00,1917.92,1934.2,1917.92,1933.76,11021.2878
2025-03-18 23:30:00+00:00,1933.77,1936.2,1927.5,1931.54,8546.4701
2025-03-19 00:00:00+00:00,1931.54,1940.32,1928.95,1938.21,20810.9834
2025-03-19 00:30:00+00:00,1938.21,1949.03,1938.21,1945.36,22942.5157
2025-03-19 01:00:00+00:00,1945.36,1947.0,1936.3,1938.16,7874.1155
2025-03-19 01:30:00+00:00,1938.15,1943.0,1931.4,1931.4,5911.057
2025-03-19 02:00:00+00:00,1931.4,1935.0,1927.58,1929.92,6754.6542
2025-03-19 02:30:00+00:00,1929.92,1934.42,1927.69,1933.55,4650.7228
2025-03-19 03:00:00+00:00,1933.56,1937.38,1930.35,1931.54,3645.9204
2025-03-19 03:30:00+00:00,1931.54,1938.94,1931.54,1938.33,5707.4
2025-03-19 04:00:00+00:00,1938.33,1940.18,1930.84,1930.85,11449.5251
2025-03-19 04:30:00+00:00,1930.85,1934.35,1930.3,1933.19,9121.3087
2025-03-19 05:00:00+00:00,1933.19,1937.31,1931.83,1935.78,6254.9726
2025-03-19 05:30:00+00:00,1935.78,1940.35,1934.5,1939.04,4121.5404
2025-03-19 06:00:00+00:00,1939.05,1943.14,1935.4,1935.4,3912.61
2025-03-19 06:30:00+00:00,1935.41,1939.97,1934.29,1938.88,4396.8475
2025-03-19 07:00:00+00:00,1938.88,1939.74,1934.41,1938.89,6268.5024
2025-03-19 07:30:00+00:00,1938.89,1939.4,1930.99,1932.0,6239.6645
2025-03-19 08:00:00+00:00,1932.0,1939.21,1931.7,1938.88,3570.7633
2025-03-19 08:30:00+00:00,1938.89,1944.44,1937.94,1940.4,5187.4821
2025-03-19 09:00:00+00:00,1940.4,1943.35,1938.14,1942.58,3511.2311
2025-03-19 09:30:00+00:00,1942.57,1946.65,1939.39,1943.69,3905.7082
2025-03-19 10:00:00+00:00,1943.69,1947.99,1942.61,1947.0,3693.3256
2025-03-19 10:30:00+00:00,1947.0,1990.29,1946.64,1973.51,71278.6262
2025-03-19 11:00:00+00:00,1973.51,2027.46,1973.41,2016.05,55013.5717
2025-03-19 11:30:00+00:00,2016.0,2033.79,2011.08,2027.99,31497.638
2025-03-19 12:00:00+00:00,2028.0,2029.94,2008.7,2009.71,21348.4291
2025-03-19 12:30:00+00:00,2009.71,2012.76,1994.65,2004.01,19599.3676
2025-03-19 13:00:00+00:00,2004.0,2022.4,1998.13,2011.12,23159.6237
2025-03-19 13:30:00+00:00,2011.12,2022.92,2005.33,2016.59,15906.0532
2025-03-19 14:00:00+00:00,2016.6,2041.68,2016.25,2023.4,25875.8517
2025-03-19 14:30:00+00:00,2023.41,2033.45,2018.4,2030.87,11094.4978
2025-03-19 15:00:00+00:00,2030.88,2041.97,2026.01,2034.23,14833.0945
2025-03-19 15:30:00+00:00,2034.23,2056.99,2031.83,2048.99,21267.4879
2025-03-19 16:00:00+00:00,2049.0,2049.9,2036.29,2041.6,10043.2902
2025-03-19 16:30:00+00:00,2041.59,2051.01,2036.79,2048.34,21819.6406
2025-03-19 17:00:00+00:00,2048.34,2049.28,2038.38,2038.96,6894.6536
2025-03-19 17:30:00+00:00,2038.95,2039.4,2015.33,2027.69,28156.1492
2025-03-19 18:00:00+00:00,2027.7,2064.91,1997.33,2017.84,61278.1453
2025-03-19 18:30:00+00:00,2017.84,2051.1,2017.23,2045.88,21950.8968
2025-03-19 19:00:00+00:00,2045.87,2053.04,2021.0,2024.24,21047.1064
2025-03-19 19:30:00+00:00,2024.24,2035.25,2022.85,2031.06,7887.486
2025-03-19 20:00:00+00:00,2031.07,2045.24,2030.3,2042.7,6512.6183
2025-03-19 20:30:00+00:00,2042.71,2043.2,2028.58,2034.2,4452.217
2025-03-19 21:00:00+00:00,2034.19,2046.88,2033.48,2041.1,5003.561
2025-03-19 21:30:00+00:00,2041.09,2044.97,2036.21,2040.46,3647.5396
2025-03-19 22:00:00+00:00,2040.45,2043.76,2036.21,2037.38,6115.3239
2025-03-19 22:30:00+00:00,2037.37,2057.91,2036.64,2049.21,8587.2582
2025-03-19 23:00:00+00:00,2049.22,2053.2,2042.42,2051.09,6034.9535
2025-03-19 23:30:00+00:00,2051.08,2069.9,2048.7,2056.06,11573.5719
2025-03-20 00:00:00+00:00,2056.05,2067.9,2046.24,2047.82,11722.5938
2025-03-20 00:30:00+00:00,2047.81,2048.25,2028.68,2033.0,10300.3393
2025-03-20 01:00:00+00:00,2033.0,2041.98,2029.54,2033.0,6915.2588
2025-03-20 01:30:00+00:00,2033.0,2033.0,2022.5,2026.92,5591.1982
2025-03-20 02:00:00+00:00,2026.92,2032.8,2023.23,2026.12,5747.2108
2025-03-20 02:30:00+00:00,2026.12,2034.35,2024.71,2033.25,5591.0071
2025-03-20 03:00:00+00:00,2033.26,2034.8,2027.27,2027.27,4866.5627
2025-03-20 03:30:00+00:00,2027.27,2029.62,2020.41,2022.75,4774.3881
2025-03-20 04:00:00+00:00,2022.75,2025.6,2018.88,2024.36,7512.3996
2025-03-20 04:30:00+00:00,2024.36,2025.52,2018.2,2021.4,4309.606
2025-03-20 05:00:00+00:00,2021.39,2021.86,2012.23,2013.0,4430.6647
2025-03-20 05:30:00+00:00,2013.0,2018.19,2012.21,2017.18,6923.8505
2025-03-20 06:00:00+00:00,2017.17,2022.23,2015.67,2015.84,6715.7432
2025-03-20 06:30:00+00:00,2015.83,2016.77,2007.18,2012.97,9551.877
2025-03-20 07:00:00+00:00,2012.98,2015.78,2008.41,2009.13,10090.089
2025-03-20 07:30:00+00:00,2009.13,2011.45,2005.2,2007.54,6779.4244
2025-03-20 08:00:00+00:00,2007.55,2013.08,2003.03,2012.17,8180.267
2025-03-20 08:30:00+00:00,2012.17,2021.27,2010.53,2019.48,6444.051
2025-03-20 09:00:00+00:00,2019.47,2019.47,2006.79,2006.8,6371.614
2025-03-20 09:30:00+00:00,2006.8,2011.62,2003.12,2005.78,7603.8769
2025-03-20 10:00:00+00:00,2005.77,2006.07,1972.4,1980.58,29695.4473
2025-03-20 10:30:00+00:00,1980.58,1988.13,1977.68,1982.53,9591.2748
2025-03-20 11:00:00+00:00,1982.54,1991.74,1982.32,1991.09,6889.6253
2025-03-20 11:30:00+00:00,1991.09,1994.0,1987.89,1989.08,8271.1466
2025-03-20 12:00:00+00:00,1989.09,1996.83,1985.35,1990.69,5431.5986
2025-03-20 12:30:00+00:00,1990.7,1999.0,1989.6,1996.6,4381.8034
2025-03-20 13:00:00+00:00,1996.61,1996.61,1985.35,1986.15,5018.5119
2025-03-20 13:30:00+00:00,1986.15,1998.49,1979.11,1985.98,12957.1018
2025-03-20 14:00:00+00:00,1985.98,2010.66,1984.84,2006.92,14439.4139
2025-03-20 14:30:00+00:00,2006.92,2007.0,1997.01,2003.78,6930.7691
2025-03-20 15:00:00+00:00,2003.78,2004.2,1978.3,1984.79,17978.3781
2025-03-20 15:30:00+00:00,1984.8,1985.05,1965.85,1972.17,19050.6211
2025-03-20 16:00:00+00:00,1972.01,1980.26,1957.99,1958.66,17042.5898
2025-03-20 16:30:00+00:00,1958.66,1965.49,1952.17,1958.67,14286.9194
2025-03-20 17:00:00+00:00,1958.67,1971.57,1957.95,1962.13,24546.6463
2025-03-20 17:30:00+00:00,1962.13,1973.5,1961.78,1970.88,13991.6876
2025-03-20 18:00:00+00:00,1970.89,1979.03,1968.18,1970.67,9122.0091
2025-03-20 18:30:00+00:00,1970.69,1976.22,1967.38,1967.81,4103.5972
2025-03-20 19:00:00+00:00,1967.81,1976.19,1967.21,1970.5,3707.8957
2025-03-20 19:30:00+00:00,1970.5,1979.45,1969.64,1974.75,5697.5653
2025-03-20 20:00:00+00:00,1974.76,1981.92,1971.33,1979.55,2921.1013
2025-03-20 20:30:00+00:00,1979.54,1982.53,1977.13,1979.43,4276.2139
2025-03-20 21:00:00+00:00,1979.44,1984.88,1975.54,1979.22,3143.8936
2025-03-20 21:30:00+00:00,1979.23,1981.78,1975.25,1977.27,2927.7471
2025-03-20 22:00:00+00:00,1977.27,1979.76,1973.34,1973.9,2765.2139
2025-03-20 22:30:00+00:00,1973.91,1982.78,1972.83,1976.69,2824.1518
2025-03-20 23:00:00+00:00,1976.69,1980.31,1971.99,1976.05,5888.2465
2025-03-20 23:30:00+00:00,1976.06,1984.22,1974.58,1983.79,3215.7357
2025-03-21 00:00:00+00:00,1983.79,1994.0,1981.7,1983.19,6706.9811
2025-03-21 00:30:00+00:00,1983.2,1994.0,1981.83,1991.42,4031.7613
2025-03-21 01:00:00+00:00,1991.42,1996.73,1986.16,1986.35,4924.7378
2025-03-21 01:30:00+00:00,1986.36,1994.99,1984.51,1994.28,3933.3512
2025-03-21 02:00:00+00:00,1994.29,1995.25,1985.18,1988.09,4586.6695
2025-03-21 02:30:00+00:00,1988.09,1990.76,1984.91,1987.79,2803.443
2025-03-21 03:00:00+00:00,1987.79,1988.22,1973.0,1981.19,6233.4109
2025-03-21 03:30:00+00:00,1981.2,1982.06,1976.78,1978.17,2966.6648
2025-03-21 04:00:00+00:00,1978.16,1986.88,1977.97,1986.87,2612.0214
2025-03-21 04:30:00+00:00,1986.88,1989.95,1982.08,1983.34,2617.3085
2025-03-21 05:00:00+00:00,1983.33,1983.58,1972.77,1972.77,4309.4938
2025-03-21 05:30:00+00:00,1972.76,1976.27,1968.12,1974.43,3836.3791
2025-03-21 06:00:00+00:00,1974.44,1976.25,1967.38,1975.89,3761.8547
2025-03-21 06:30:00+00:00,1975.89,1978.79,1968.37,1973.47,4499.7838
2025-03-21 07:00:00+00:00,1973.47,1974.46,1966.52,1972.65,5670.2217
2025-03-21 07:30:00+00:00,1972.64,1977.7,1968.18,1976.78,5540.8772
2025-03-21 08:00:00+00:00,1976.79,1982.33,1968.45,1971.61,6216.1232
2025-03-21 08:30:00+00:00,1971.6,1975.26,1964.51,1974.91,4455.6869
2025-03-21 09:00:00+00:00,1974.92,1979.66,1967.46,1976.95,6381.4741
2025-03-21 09:30:00+00:00,1976.95,1979.3,1968.0,1969.2,5544.0267
2025-03-21 10:00:00+00:00,1969.19,1973.04,1958.04,1962.11,7389.8166
2025-03-21 10:30:00+00:00,1962.1,1970.0,1956.6,1967.79,5678.1922
2025-03-21 11:00:00+00:00,1967.79,1968.23,1962.0,1962.19,4353.9911
2025-03-21 11:30:00+00:00,1962.19,1968.89,1962.12,1966.81,3266.3968
2025-03-21 12:00:00+00:00,1966.81,1973.99,1965.52,1971.35,3910.273
2025-03-21 12:30:00+00:00,1971.35,1971.89,1938.33,1946.16,22462.8932
2025-03-21 13:00:00+00:00,1946.16,1951.96,1943.78,1948.71,6892.5829
2025-03-21 13:30:00+00:00,1948.72,1956.05,1937.1,1952.53,13409.2111
2025-03-21 14:00:00+00:00,1952.53,1954.39,1938.64,1951.01,8680.3605
2025-03-21 14:30:00+00:00,1951.01,1955.2,1943.96,1954.49,5299.0557
2025-03-21 15:00:00+00:00,1954.44,1955.74,1946.16,1952.15,5376.7795
2025-03-21 15:30:00+00:00,1952.14,1958.49,1948.24,1950.69,4899.8614
2025-03-21 16:00:00+00:00,1950.69,1962.54,1946.07,1959.39,9570.8551
2025-03-21 16:30:00+00:00,1959.39,1969.0,1957.16,1966.78,9265.49
2025-03-21 17:00:00+00:00,1966.77,1967.45,1961.49,1962.81,4107.4227
2025-03-21 17:30:00+00:00,1962.81,1972.67,1961.31,1968.81,5087.1857
2025-03-21 18:00:00+00:00,1968.81,1969.54,1963.09,1967.94,3778.0305
2025-03-21 18:30:00+00:00,1967.94,1976.69,1967.94,1970.17,11166.7856
2025-03-21 19:00:00+00:00,1970.17,1977.9,1967.63,1974.93,5330.5871
2025-03-21 19:30:00+00:00,1974.93,1975.75,1969.02,1973.93,3572.9389
2025-03-21 20:00:00+00:00,1973.92,1978.49,1972.85,1975.93,3211.8819
2025-03-21 20:30:00+00:00,1975.93,1978.47,1974.0,1974.69,3469.9507
2025-03-21 21:00:00+00:00,1974.68,1977.4,1974.67,1976.21,3080.25
2025-03-21 21:30:00+00:00,1976.2,1983.4,1971.48,1973.99,5032.433
2025-03-21 22:00:00+00:00,1974.0,1974.45,1965.31,1968.04,3335.5279
2025-03-21 22:30:00+00:00,1968.04,1968.12,1962.62,1966.4,3335.0959
2025-03-21 23:00:00+00:00,1966.39,1970.78,1964.81,1968.49,2190.2625
2025-03-21 23:30:00+00:00,1968.48,1969.19,1964.35,1965.75,3855.2768
2025-03-22 00:00:00+00:00,1965.74,1977.29,1964.34,1975.31,4118.303
2025-03-22 00:30:00+00:00,1975.3,1983.34,1973.05,1980.74,5924.4417
2025-03-22 01:00:00+00:00,1980.75,1987.23,1980.26,1980.67,3931.8584
2025-03-22 01:30:00+00:00,1980.68,1980.68,1973.09,1974.7,3678.8686
2025-03-22 02:00:00+00:00,1974.7,1982.53,1973.55,1982.17,2207.2148
2025-03-22 02:30:00+00:00,1982.16,1985.86,1981.7,1982.66,2412.7644
2025-03-22 03:00:00+00:00,1982.67,1985.99,1976.17,1985.0,5297.9879
2025-03-22 03:30:00+00:00,1985.01,1986.87,1983.87,1986.04,2671.0469
2025-03-22 04:00:00+00:00,1986.07,1990.26,1985.63,1986.1,4113.2519
2025-03-22 04:30:00+00:00,1986.1,1990.89,1986.1,1989.03,2818.2786
2025-03-22 05:00:00+00:00,1989.02,1989.42,1985.28,1985.77,3220.9886
2025-03-22 05:30:00+00:00,1985.78,1988.59,1983.92,1987.71,2403.8596
2025-03-22 06:00:00+00:00,1987.7,1993.1,1987.41,1987.41,3103.1696
2025-03-22 06:30:00+00:00,1987.42,1990.58,1985.61,1988.03,1789.682
2025-03-22 07:00:00+00:00,1988.02,1990.61,1985.59,1986.41,2105.2824
2025-03-22 07:30:00+00:00,1986.42,1989.88,1983.23,1984.23,2478.0161
2025-03-22 08:00:00+00:00,1984.22,1985.83,1981.81,1983.84,2802.495
2025-03-22 08:30:00+00:00,1983.84,1990.28,1981.68,1988.26,2621.6432
2025-03-22 09:00:00+00:00,1988.25,2002.49,1988.25,1997.16,10606.389
2025-03-22 09:30:00+00:00,1997.17,2006.61,1993.65,1993.78,8404.364
2025-03-22 10:00:00+00:00,1993.78,2000.2,1993.2,1994.41,7703.7015
2025-03-22 10:30:00+00:00,1994.41,1999.3,1994.11,1996.12,2663.3553
2025-03-22 11:00:00+00:00,1996.12,1997.1,1989.86,1994.14,4529.9813
2025-03-22 11:30:00+00:00,1994.15,1994.32,1987.52,1990.41,3296.3032
2025-03-22 12:00:00+00:00,1990.41,1995.92,1988.03,1992.89,4022.9512
2025-03-22 12:30:00+00:00,1992.89,1996.36,1990.6,1995.32,2434.4115
2025-03-22 13:00:00+00:00,1995.32,1997.75,1988.65,1988.94,3916.1866
2025-03-22 13:30:00+00:00,1988.93,1991.39,1985.08,1990.23,5314.5636
2025-03-22 14:00:00+00:00,1990.22,1992.86,1988.0,1989.26,2210.9589
2025-03-22 14:30:00+00:00,1989.26,1989.27,1983.52,1984.54,4534.8956
2025-03-22 15:00:00+00:00,1984.54,1986.14,1981.12,1982.8,5321.7774
2025-03-22 15:30:00+00:00,1982.79,1988.4,1981.23,1986.29,2109.9186
2025-03-22 16:00:00+00:00,1986.29,1989.79,1983.63,1988.7,2868.0379
2025-03-22 16:30:00+00:00,1988.7,1989.32,1982.52,1985.38,2099.7277
2025-03-22 17:00:00+00:00,1985.38,1993.28,1985.38,1991.58,3618.1589
2025-03-22 17:30:00+00:00,1991.59,1994.39,1990.79,1992.66,2688.1487
2025-03-22 18:00:00+00:00,1992.65,2000.0,1991.0,1993.65,3634.5589
2025-03-22 18:30:00+00:00,1993.64,1998.34,1992.5,1995.32,2254.8371
2025-03-22 19:00:00+00:00,1995.33,1998.1,1993.61,1996.43,2060.1149
2025-03-22 19:30:00+00:00,1996.44,1998.3,1993.26,1995.94,2058.4843
2025-03-22 20:00:00+00:00,1995.95,2004.3,1995.52,1998.89,3749.3317
2025-03-22 20:30:00+00:00,1998.9,2002.47,1993.12,1993.5,2501.5738
2025-03-22 21:00:00+00:00,1993.5,1995.16,1988.28,1992.29,3693.7817
2025-03-22 21:30:00+00:00,1992.28,1994.16,1984.0,1986.23,2673.2695
2025-03-22 22:00:00+00:00,1986.23,1990.13,1985.19,1985.89,2276.9048
2025-03-22 22:30:00+00:00,1985.89,1987.24,1983.8,1985.01,1134.6694
2025-03-22 23:00:00+00:00,1985.01,1985.76,1976.32,1979.22,4944.3862
2025-03-22 23:30:00+00:00,1979.21,1980.94,1974.78,1980.69,3758.0615
2025-03-23 00:00:00+00:00,1980.68,1985.76,1976.81,1984.23,3968.5965
2025-03-23 00:30:00+00:00,1984.24,1986.57,1982.5,1985.52,2270.5922
2025-03-23 01:00:00+00:00,1985.53,1994.84,1984.74,1991.26,4058.4349
2025-03-23 01:30:00+00:00,1991.26,1998.75,1989.86,1998.04,3902.292
2025-03-23 02:00:00+00:00,1998.04,1998.93,1993.07,1996.97,2768.2158
2025-03-23 02:30:00+00:00,1996.97,2003.54,1996.66,2001.72,5729.755
2025-03-23 03:00:00+00:00,2001.71,2003.44,1996.66,2002.74,3241.8636
2025-03-23 03:30:00+00:00,2002.74,2008.73,2001.25,2008.31,4712.872
2025-03-23 04:00:00+00:00,2008.32,2008.62,2000.84,2001.29,3424.7135
2025-03-23 04:30:00+00:00,2001.29,2005.7,1998.91,2000.24,5725.5847
2025-03-23 05:00:00+00:00,2000.25,2000.71,1992.08,1994.19,31575.614
2025-03-23 05:30:00+00:00,1994.19,2001.03,1992.29,1999.67,22333.6712
2025-03-23 06:00:00+00:00,1999.67,2002.66,1997.17,2000.57,6095.9758
2025-03-23 06:30:00+00:00,2000.56,2005.25,2000.27,2002.72,2841.3416
2025-03-23 07:00:00+00:00,2002.72,2005.75,2001.42,2005.75,1960.9763
2025-03-23 07:30:00+00:00,2005.75,2019.8,2002.72,2008.04,10764.9395
2025-03-23 08:00:00+00:00,2008.04,2016.25,2005.72,2010.8,6241.0872
2025-03-23 08:30:00+00:00,2010.8,2014.44,2008.89,2009.73,3943.9453
2025-03-23 09:00:00+00:00,2009.73,2013.8,2009.73,2012.35,2831.863
2025-03-23 09:30:00+00:00,2012.35,2016.0,2011.29,2014.25,3659.7458
2025-03-23 10:00:00+00:00,2014.26,2020.74,2014.25,2015.17,5456.155
2025-03-23 10:30:00+00:00,2015.17,2016.55,2011.92,2013.24,4240.3453
2025-03-23 11:00:00+00:00,2013.25,2020.19,2012.82,2017.68,7136.0598
2025-03-23 11:30:00+00:00,2017.67,2017.68,2002.9,2008.01,6937.0415
2025-03-23 12:00:00+00:00,2008.01,2013.64,2008.0,2011.15,4040.5636
2025-03-23 12:30:00+00:00,2011.15,2012.46,2006.56,2009.17,3806.979
2025-03-23 13:00:00+00:00,2009.18,2019.0,2004.81,2015.86,4580.9055
2025-03-23 13:30:00+00:00,2015.85,2020.0,2013.61,2018.49,5520.562
2025-03-23 14:00:00+00:00,2018.5,2020.2,2005.95,2008.9,7277.4867
2025-03-23 14:30:00+00:00,2008.9,2012.92,2002.52,2004.35,6455.8882
2025-03-23 15:00:00+00:00,2004.34,2012.0,2003.53,2005.96,5552.9543
2025-03-23 15:30:00+00:00,2005.96,2010.29,2004.08,2007.06,4528.7177
2025-03-23 16:00:00+00:00,2007.06,2008.23,2002.17,2005.56,5235.9959
2025-03-23 16:30:00+00:00,2005.56,2006.0,1996.23,1997.27,7010.6221
2025-03-23 17:00:00+00:00,1997.28,2002.73,1996.28,1998.4,4728.7537
2025-03-23 17:30:00+00:00,1998.39,1998.4,1987.5,1992.95,7439.4718
2025-03-23 18:00:00+00:00,1992.96,1994.66,1989.99,1992.42,5543.4578
2025-03-23 18:30:00+00:00,1992.43,1999.5,1992.43,1997.32,2887.7875
2025-03-23 19:00:00+00:00,1997.32,1998.2,1994.55,1996.4,2118.2241
2025-03-23 19:30:00+00:00,1996.39,1998.0,1992.94,1996.3,2313.757
2025-03-23 20:00:00+00:00,1996.3,1999.5,1995.12,1999.49,2336.2493
2025-03-23 20:30:00+00:00,1999.5,2000.71,1992.1,1992.42,2819.2599
2025-03-23 21:00:00+00:00,1992.42,1993.44,1986.07,1990.83,5087.2889
2025-03-23 21:30:00+00:00,1990.83,1996.47,1988.69,1995.06,3161.013
2025-03-23 22:00:00+00:00,1995.07,1998.69,1989.41,1991.86,7641.5674
2025-03-23 22:30:00+00:00,1991.85,1995.99,1980.77,1987.38,5739.0729
2025-03-23 23:00:00+00:00,1987.39,1997.36,1987.19,1997.36,2952.5752
2025-03-23 23:30:00+00:00,1997.36,2006.68,1993.91,2005.99,4106.6883
2025-03-24 00:00:00+00:00,2005.99,2011.17,1997.47,2009.75,6105.9448
2025-03-24 00:30:00+00:00,2009.78,2021.39,1996.75,1998.79,13483.8326
2025-03-24 01:00:00+00:00,1998.78,1998.84,1986.94,1987.37,8335.6447
2025-03-24 01:30:00+00:00,1987.38,1990.61,1977.67,1980.7,7389.8464
2025-03-24 02:00:00+00:00,1980.71,1987.19,1978.49,1986.37,5354.8936
2025-03-24 02:30:00+00:00,1986.37,1993.64,1984.46,1992.11,10629.464
2025-03-24 03:00:00+00:00,1992.11,2017.28,1990.26,2012.39,17849.1799
2025-03-24 03:30:00+00:00,2012.4,2015.0,2006.1,2014.48,10243.9315
2025-03-24 04:00:00+00:00,2014.49,2022.45,2014.49,2016.66,12421.7358
2025-03-24 04:30:00+00:00,2016.67,2043.76,2015.3,2040.27,19053.7616
2025-03-24 05:00:00+00:00,2040.28,2050.52,2038.96,2044.1,18478.0903
2025-03-24 05:30:00+00:00,2044.1,2054.19,2043.91,2048.88,12373.6483
2025-03-24 06:00:00+00:00,2048.89,2075.94,2048.89,2066.98,27966.8625
2025-03-24 06:30:00+00:00,2066.98,2070.19,2063.97,2066.64,7603.5483
2025-03-24 07:00:00+00:00,2066.63,2074.44,2066.5,2071.84,7031.3921
2025-03-24 07:30:00+00:00,2071.83,2079.58,2065.93,2069.16,18496.6851
2025-03-24 08:00:00+00:00,2069.18,2089.32,2068.77,2088.66,18039.3152
2025-03-24 08:30:00+00:00,2088.66,2096.32,2081.03,2090.46,15047.2927
2025-03-24 09:00:00+00:00,2090.46,2094.4,2085.52,2088.41,7960.029
2025-03-24 09:30:00+00:00,2088.41,2095.0,2084.74,2094.3,7475.5241
2025-03-24 10:00:00+00:00,2094.3,2098.29,2088.17,2092.93,9105.6135
2025-03-24 10:30:00+00:00,2092.92,2099.0,2091.91,2094.23,6229.8832
2025-03-24 11:00:00+00:00,2094.24,2104.11,2087.48,2090.01,12608.38
2025-03-24 11:30:00+00:00,2090.0,2096.97,2088.71,2092.77,6240.5749
2025-03-24 12:00:00+00:00,2092.77,2094.7,2078.6,2079.1,12570.3758
2025-03-24 12:30:00+00:00,2079.11,2085.34,2079.03,2083.72,5913.0242
2025-03-24 13:00:00+00:00,2083.71,2084.67,2073.47,2077.43,9461.7942
2025-03-24 13:30:00+00:00,2077.42,2087.69,2075.27,2082.33,11827.0095
2025-03-24 14:00:00+00:00,2082.33,2102.49,2081.53,2086.87,21260.8668
2025-03-24 14:30:00+00:00,2086.86,2088.87,2077.7,2080.81,10873.8072
2025-03-24 15:00:00+00:00,2080.8,2086.77,2075.27,2083.26,7576.6737
2025-03-24 15:30:00+00:00,2083.27,2090.77,2080.0,2089.77,5664.3466
2025-03-24 16:00:00+00:00,2089.76,2093.71,2072.63,2073.3,8758.2596
2025-03-24 16:30:00+00:00,2073.29,2079.41,2067.67,2079.15,8717.6494
2025-03-24 17:00:00+00:00,2079.14,2092.93,2077.1,2092.42,9142.5993
2025-03-24 17:30:00+00:00,2092.42,2092.44,2079.48,2088.28,7934.5183
2025-03-24 18:00:00+00:00,2088.28,2090.77,2082.48,2084.89,7184.9165
2025-03-24 18:30:00+00:00,2084.89,2101.3,2081.35,2097.25,13287.11
2025-03-24 19:00:00+00:00,2097.25,2097.82,2090.1,2092.92,9626.0821
2025-03-24 19:30:00+00:00,2092.92,2092.92,2085.35,2088.71,5049.1422
2025-03-24 20:00:00+00:00,2088.71,2095.41,2086.89,2093.16,2948.7198
2025-03-24 20:30:00+00:00,2093.15,2093.15,2082.38,2085.38,4890.5629
2025-03-24 21:00:00+00:00,2085.37,2090.61,2080.51,2090.27,3926.5219
2025-03-24 21:30:00+00:00,2090.27,2092.26,2082.08,2083.59,2819.2842
2025-03-24 22:00:00+00:00,2083.59,2086.99,2075.8,2080.01,7190.3176
2025-03-24 22:30:00+00:00,2080.02,2082.57,2076.0,2077.15,3883.1813
2025-03-24 23:00:00+00:00,2077.15,2080.05,2068.33,2072.21,5865.4987
2025-03-24 23:30:00+00:00,2072.21,2084.14,2070.41,2081.2,6015.4795
2025-03-25 00:00:00+00:00,2081.2,2097.7,2077.2,2087.15,8806.8134
2025-03-25 00:30:00+00:00,2087.14,2092.6,2085.35,2086.33,3657.6408
2025-03-25 01:00:00+00:00,2086.32,2086.32,2068.99,2069.81,5129.4688
2025-03-25 01:30:00+00:00,2069.8,2069.8,2056.09,2065.18,11918.3759
2025-03-25 02:00:00+00:00,2065.19,2069.96,2062.05,2069.6,5354.1149
2025-03-25 02:30:00+00:00,2069.61,2069.61,2062.24,2063.07,7772.3063
2025-03-25 03:00:00+00:00,2063.08,2065.57,2047.47,2053.18,10793.3215
2025-03-25 03:30:00+00:00,2053.18,2055.12,2041.83,2043.26,10344.8637
2025-03-25 04:00:00+00:00,2043.25,2050.4,2037.08,2043.61,7120.591
2025-03-25 04:30:00+00:00,2043.61,2047.15,2041.81,2046.08,4071.7645
2025-03-25 05:00:00+00:00,2046.08,2047.48,2040.83,2047.2,3371.6226
2025-03-25 05:30:00+00:00,2047.19,2051.91,2043.27,2048.48,3579.9154
2025-03-25 06:00:00+00:00,2048.49,2057.01,2047.05,2056.48,5401.1348
2025-03-25 06:30:00+00:00,2056.48,2060.33,2051.8,2055.77,7237.4436
2025-03-25 07:00:00+00:00,2055.77,2066.98,2055.15,2059.55,9020.1887
2025-03-25 07:30:00+00:00,2059.55,2059.97,2050.5,2055.55,5912.242
2025-03-25 08:00:00+00:00,2055.56,2061.62,2052.44,2057.58,11203.4295
2025-03-25 08:30:00+00:00,2057.58,2063.5,2057.06,2060.84,11157.4738
2025-03-25 09:00:00+00:00,2060.84,2065.0,2056.85,2064.97,6192.4396
2025-03-25 09:30:00+00:00,2064.97,2074.1,2063.63,2070.1,8414.0374
2025-03-25 10:00:00+00:00,2070.1,2071.2,2062.62,2068.86,4340.2864
2025-03-25 10:30:00+00:00,2068.87,2075.36,2068.69,2070.71,3635.416
2025-03-25 11:00:00+00:00,2070.71,2073.48,2065.71,2070.35,5493.4072
2025-03-25 11:30:00+00:00,2070.35,2073.12,2068.11,2068.68,8128.3708
2025-03-25 12:00:00+00:00,2068.68,2070.18,2059.4,2064.34,9863.2153
2025-03-25 12:30:00+00:00,2064.34,2066.4,2056.89,2059.6,4463.8359
2025-03-25 13:00:00+00:00,2059.59,2073.1,2058.59,2072.28,7442.9593
2025-03-25 13:30:00+00:00,2072.28,2080.4,2051.88,2061.58,17348.098
2025-03-25 14:00:00+00:00,2061.58,2068.34,2053.83,2068.22,8133.2525
2025-03-25 14:30:00+00:00,2068.22,2080.0,2067.5,2076.39,13098.0027
2025-03-25 15:00:00+00:00,2076.39,2079.6,2070.82,2074.98,8985.0426
2025-03-25 15:30:00+00:00,2074.99,2076.13,2065.18,2067.67,6179.0256
2025-03-25 16:00:00+00:00,2067.67,2075.19,2066.0,2068.44,5288.2834
2025-03-25 16:30:00+00:00,2068.45,2069.67,2059.73,2068.55,7680.1448
2025-03-25 17:00:00+00:00,2068.55,2079.42,2068.55,2072.3,4475.2624
2025-03-25 17:30:00+00:00,2072.3,2083.52,2071.14,2076.35,7784.4068
2025-03-25 18:00:00+00:00,2076.34,2076.77,2064.8,2066.66,4834.7553
2025-03-25 18:30:00+00:00,2066.67,2068.0,2056.51,2062.62,5876.7576
2025-03-25 19:00:00+00:00,2062.62,2072.15,2062.44,2067.91,5600.662
2025-03-25 19:30:00+00:00,2067.91,2078.9,2067.9,2075.64,8015.892
2025-03-25 20:00:00+00:00,2075.64,2082.99,2071.86,2075.88,6820.3805
2025-03-25 20:30:00+00:00,2075.88,2076.32,2063.33,2064.5,4656.2294
2025-03-25 21:00:00+00:00,2064.51,2077.09,2064.25,2072.73,3863.6446
2025-03-25 21:30:00+00:00,2072.73,2074.18,2062.63,2063.65,3428.0321
2025-03-25 22:00:00+00:00,2063.65,2067.38,2057.2,2058.59,5292.9328
2025-03-25 22:30:00+00:00,2058.59,2067.81,2053.85,2062.63,5021.8422
2025-03-25 23:00:00+00:00,2062.63,2064.43,2057.2,2064.12,3218.6228
2025-03-25 23:30:00+00:00,2064.12,2069.7,2060.6,2066.15,3337.38
2025-03-26 00:00:00+00:00,2066.16,2071.5,2061.2,2070.81,4113.1781
2025-03-26 00:30:00+00:00,2070.82,2076.74,2066.66,2071.72,5195.9282
2025-03-26 01:00:00+00:00,2071.71,2076.45,2066.5,2075.93,4825.6057
2025-03-26 01:30:00+00:00,2075.93,2079.21,2073.1,2074.01,5655.2902
2025-03-26 02:00:00+00:00,2074.02,2074.74,2056.21,2061.34,7398.4331
2025-03-26 02:30:00+00:00,2061.34,2062.94,2047.0,2048.5,9133.0868
2025-03-26 03:00:00+00:00,2048.5,2055.19,2047.02,2054.61,4914.1957
2025-03-26 03:30:00+00:00,2054.61,2054.61,2042.6,2049.07,6550.1799
2025-03-26 04:00:00+00:00,2049.06,2054.1,2047.55,2052.69,6505.8168
2025-03-26 04:30:00+00:00,2052.68,2056.92,2050.88,2052.6,4706.7241
2025-03-26 05:00:00+00:00,2052.59,2053.16,2049.61,2052.08,3180.4035
2025-03-26 05:30:00+00:00,2052.09,2068.0,2051.99,2059.12,8590.4084
2025-03-26 06:00:00+00:00,2059.12,2062.34,2056.84,2059.16,4395.6939
2025-03-26 06:30:00+00:00,2059.17,2069.0,2058.61,2067.0,5352.2417
2025-03-26 07:00:00+00:00,2067.01,2069.61,2063.03,2069.2,7276.3126
2025-03-26 07:30:00+00:00,2069.2,2071.4,2067.68,2069.25,9505.3503
2025-03-26 08:00:00+00:00,2069.26,2073.35,2064.08,2068.29,8710.0443
2025-03-26 08:30:00+00:00,2068.29,2070.91,2061.8,2063.58,7227.6743
2025-03-26 09:00:00+00:00,2063.58,2065.49,2057.6,2059.31,8834.2163
2025-03-26 09:30:00+00:00,2059.31,2064.65,2058.58,2062.63,7772.2257
2025-03-26 10:00:00+00:00,2062.62,2070.4,2062.36,2068.42,7019.0339
2025-03-26 10:30:00+00:00,2068.41,2075.76,2068.04,2073.11,7338.9396
2025-03-26 11:00:00+00:00,2073.1,2075.0,2069.45,2074.28,10002.5813
2025-03-26 11:30:00+00:00,2074.28,2074.37,2066.66,2068.51,4736.2412
2025-03-26 12:00:00+00:00,2068.52,2070.52,2059.0,2062.62,5868.6821
2025-03-26 12:30:00+00:00,2062.62,2066.25,2059.28,2064.64,4999.5912
2025-03-26 13:00:00+00:00,2064.64,2064.65,2051.36,2053.89,8911.7205
2025-03-26 13:30:00+00:00,2053.88,2057.58,2026.98,2028.35,31475.971
2025-03-26 14:00:00+00:00,2028.35,2037.82,2006.66,2015.61,34021.2478
2025-03-26 14:30:00+00:00,2015.63,2022.76,2008.21,2018.1,20677.736
2025-03-26 15:00:00+00:00,2018.1,2020.56,2010.0,2013.85,14440.755
2025-03-26 15:30:00+00:00,2013.85,2021.19,2008.3,2012.27,12064.7963
2025-03-26 16:00:00+00:00,2012.27,2019.22,2007.24,2018.92,9120.0993
2025-03-26 16:30:00+00:00,2018.93,2022.13,2012.12,2014.24,9003.2578
2025-03-26 17:00:00+00:00,2014.23,2017.0,2003.46,2009.84,19329.0071
2025-03-26 17:30:00+00:00,2009.85,2011.87,2003.26,2006.32,11979.875
2025-03-26 18:00:00+00:00,2006.32,2011.62,2002.25,2010.91,7993.2325
2025-03-26 18:30:00+00:00,2010.9,2013.8,1991.15,1994.68,13879.7575
2025-03-26 19:00:00+00:00,1994.68,1998.35,1981.6,1990.04,16069.6869
2025-03-26 19:30:00+00:00,1990.04,2005.13,1990.04,1999.92,12755.4769
2025-03-26 20:00:00+00:00,1999.91,2012.08,1999.17,2008.76,6548.342
2025-03-26 20:30:00+00:00,2008.77,2017.92,2008.4,2010.5,6012.0727
2025-03-26 21:00:00+00:00,2010.5,2011.41,2004.29,2006.91,3579.1589
2025-03-26 21:30:00+00:00,2006.91,2012.13,1991.85,2008.25,5715.5399
2025-03-26 22:00:00+00:00,2008.25,2009.39,1995.0,1998.33,5564.8408
2025-03-26 22:30:00+00:00,1998.33,2005.66,1997.98,2000.09,2705.1546
2025-03-26 23:00:00+00:00,2000.08,2003.37,1996.64,2001.78,3404.9572
2025-03-26 23:30:00+00:00,2001.78,2010.4,2001.78,2009.52,3914.564
2025-03-27 00:00:00+00:00,2009.52,2015.79,2006.78,2015.64,4536.4092
2025-03-27 00:30:00+00:00,2015.63,2018.3,2012.81,2017.82,3974.9118
2025-03-27 01:00:00+00:00,2017.82,2025.59,2017.42,2023.23,6266.4968
2025-03-27 01:30:00+00:00,2023.24,2024.68,2017.51,2020.34,3697.0588
2025-03-27 02:00:00+00:00,2020.34,2026.05,2019.59,2023.28,4152.1137
2025-03-27 02:30:00+00:00,2023.29,2037.38,2021.35,2030.51,6943.1891
2025-03-27 03:00:00+00:00,2030.5,2033.56,2027.99,2031.2,5790.537
2025-03-27 03:30:00+00:00,2031.19,2036.77,2029.7,2031.32,5659.6146
2025-03-27 04:00:00+00:00,2031.32,2032.87,2025.04,2029.88,4039.0469
2025-03-27 04:30:00+00:00,2029.88,2031.32,2027.51,2031.01,2685.4359
2025-03-27 05:00:00+00:00,2031.01,2031.01,2024.25,2026.27,3284.376
2025-03-27 05:30:00+00:00,2026.27,2027.27,2020.95,2022.67,4109.0015
2025-03-27 06:00:00+00:00,2022.67,2030.0,2022.15,2028.93,4608.514
2025-03-27 06:30:00+00:00,2028.93,2030.18,2022.17,2024.58,2940.0943
2025-03-27 07:00:00+00:00,2024.57,2028.4,2022.16,2025.74,3521.8693
2025-03-27 07:30:00+00:00,2025.74,2028.29,2023.78,2026.43,2807.7813
2025-03-27 08:00:00+00:00,2026.42,2029.3,2018.0,2026.45,6967.2562
2025-03-27 08:30:00+00:00,2026.46,2029.3,2020.97,2025.7,3762.4064
2025-03-27 09:00:00+00:00,2025.71,2027.28,2019.81,2024.35,7504.7308
2025-03-27 09:30:00+00:00,2024.35,2032.33,2023.96,2028.78,9449.0163
2025-03-27 10:00:00+00:00,2028.79,2035.92,2028.28,2032.32,6297.1783
2025-03-27 10:30:00+00:00,2032.33,2033.34,2021.4,2024.87,5002.0461
2025-03-27 11:00:00+00:00,2024.86,2030.31,2014.87,2017.44,5961.126
2025-03-27 11:30:00+00:00,2017.45,2021.13,2012.21,2016.21,9661.1203
2025-03-27 12:00:00+00:00,2016.21,2020.21,2013.23,2019.44,6612.9357
2025-03-27 12:30:00+00:00,2019.44,2025.18,2016.25,2018.02,5579.3704
2025-03-27 13:00:00+00:00,2018.01,2022.03,2002.24,2007.72,12947.7996
2025-03-27 13:30:00+00:00,2007.72,2010.0,1987.06,2003.34,28618.544
2025-03-27 14:00:00+00:00,2003.33,2011.22,1996.49,2005.96,18656.2753
2025-03-27 14:30:00+00:00,2005.96,2026.04,2005.52,2025.75,25251.0301
2025-03-27 15:00:00+00:00,2025.76,2026.32,2019.73,2019.79,9929.3684
2025-03-27 15:30:00+00:00,2019.79,2021.22,2000.19,2005.49,16561.9625
2025-03-27 16:00:00+00:00,2005.48,2015.16,2004.26,2008.08,10006.7639
2025-03-27 16:30:00+00:00,2008.08,2012.91,2000.46,2000.94,9266.1785
2025-03-27 17:00:00+00:00,2000.94,2008.39,2000.77,2002.92,6369.7874
2025-03-27 17:30:00+00:00,2002.93,2007.67,1993.65,2000.08,13278.3239
2025-03-27 18:00:00+00:00,2000.08,2007.21,1999.4,2002.75,4850.5447
2025-03-27 18:30:00+00:00,2002.75,2014.84,2002.47,2009.2,5881.5724
2025-03-27 19:00:00+00:00,2009.21,2014.28,2005.54,2012.36,8649.4092
2025-03-27 19:30:00+00:00,2012.35,2013.44,2002.76,2004.08,9421.3646
2025-03-27 20:00:00+00:00,2004.13,2009.5,2000.4,2007.94,8496.6068
2025-03-27 20:30:00+00:00,2007.94,2011.37,2005.83,2007.37,7652.0226
2025-03-27 21:00:00+00:00,2007.37,2012.85,2003.0,2009.95,6014.8202
2025-03-27 21:30:00+00:00,2009.95,2020.0,2008.41,2018.0,8690.6412
2025-03-27 22:00:00+00:00,2018.01,2018.82,2011.22,2011.6,2869.2425
2025-03-27 22:30:00+00:00,2011.6,2012.68,2006.52,2007.81,2827.8867
2025-03-27 23:00:00+00:00,2007.82,2007.82,1999.68,2006.57,5276.3547
2025-03-27 23:30:00+00:00,2006.58,2008.7,2001.01,2003.66,3304.7024
2025-03-28 00:00:00+00:00,2003.67,2004.0,1995.02,1995.47,4975.4549
2025-03-28 00:30:00+00:00,1995.47,2007.15,1991.63,2004.88,5922.952
2025-03-28 01:00:00+00:00,2004.88,2005.49,1995.0,2001.51,4012.2478
2025-03-28 01:30:00+00:00,2001.51,2015.46,2000.71,2008.98,9183.3208
2025-03-28 02:00:00+00:00,2008.99,2015.93,2006.2,2012.42,4375.0015
2025-03-28 02:30:00+00:00,2012.43,2012.57,2005.04,2007.74,4595.337
2025-03-28 03:00:00+00:00,2007.74,2009.0,1995.36,1995.61,8707.5854
2025-03-28 03:30:00+00:00,1995.6,2001.94,1995.6,1999.84,4187.475
2025-03-28 04:00:00+00:00,1999.84,2004.7,1997.66,1998.5,4154.0185
2025-03-28 04:30:00+00:00,1998.49,1998.49,1900.0,1937.62,83014.1666
2025-03-28 05:00:00+00:00,1937.62,1937.64,1910.34,1914.82,21961.7361
2025-03-28 05:30:00+00:00,1914.82,1922.66,1910.65,1915.63,18461.6799
2025-03-28 06:00:00+00:00,1915.62,1928.48,1912.1,1925.66,9878.5217
2025-03-28 06:30:00+00:00,1925.66,1925.98,1911.88,1915.48,16338.3984
2025-03-28 07:00:00+00:00,1915.49,1921.9,1912.0,1917.75,16798.0597
2025-03-28 07:30:00+00:00,1917.75,1919.05,1903.66,1910.21,33954.3614
2025-03-28 08:00:00+00:00,1910.21,1918.15,1907.84,1907.85,19786.3157
2025-03-28 08:30:00+00:00,1907.84,1913.75,1904.51,1907.13,14159.759
2025-03-28 09:00:00+00:00,1907.14,1912.66,1902.38,1912.08,14619.8351
2025-03-28 09:30:00+00:00,1912.07,1916.0,1907.43,1908.92,5866.5716
2025-03-28 10:00:00+00:00,1908.93,1915.21,1905.51,1915.13,8415.5336
2025-03-28 10:30:00+00:00,1915.14,1915.79,1907.19,1909.7,6128.1075
2025-03-28 11:00:00+00:00,1909.7,1925.0,1860.0,1898.28,44562.2044
2025-03-28 11:30:00+00:00,1898.28,1904.79,1887.13,1900.48,17545.8948
2025-03-28 12:00:00+00:00,1900.47,1903.32,1886.35,1896.66,14992.3434
2025-03-28 12:30:00+00:00,1896.66,1903.87,1880.66,1884.32,25364.3845
2025-03-28 13:00:00+00:00,1884.33,1900.83,1880.45,1896.35,13281.7497
2025-03-28 13:30:00+00:00,1896.35,1902.26,1885.3,1886.82,14135.8479
2025-03-28 14:00:00+00:00,1886.82,1891.73,1876.34,1888.67,24597.5777
2025-03-28 14:30:00+00:00,1888.67,1894.45,1883.49,1887.94,12453.8716
2025-03-28 15:00:00+00:00,1887.94,1888.67,1878.19,1881.53,13364.5807
2025-03-28 15:30:00+00:00,1881.54,1887.17,1871.58,1872.13,17745.7809
2025-03-28 16:00:00+00:00,1872.13,1878.68,1862.14,1872.53,17251.1804
2025-03-28 16:30:00+00:00,1872.54,1878.86,1863.54,1869.94,9706.7805
2025-03-28 17:00:00+00:00,1869.88,1879.2,1865.76,1873.02,9120.1341
2025-03-28 17:30:00+00:00,1873.02,1884.7,1870.55,1884.02,7116.6454
2025-03-28 18:00:00+00:00,1884.01,1887.28,1873.52,1873.97,8065.8481
2025-03-28 18:30:00+00:00,1873.98,1879.79,1872.64,1879.4,4318.7675
2025-03-28 19:00:00+00:00,1879.39,1883.85,1877.17,1883.24,5235.9034
2025-03-28 19:30:00+00:00,1883.24,1883.24,1870.28,1874.16,6603.1281
2025-03-28 20:00:00+00:00,1874.17,1886.59,1873.75,1883.59,6215.0926
2025-03-28 20:30:00+00:00,1883.59,1891.49,1874.97,1877.29,8541.8766
2025-03-28 21:00:00+00:00,1877.29,1887.89,1873.88,1886.68,5321.4168
2025-03-28 21:30:00+00:00,1886.69,1888.88,1881.53,1886.05,3264.6297
2025-03-28 22:00:00+00:00,1886.04,1894.14,1885.57,1893.33,5097.9967
2025-03-28 22:30:00+00:00,1893.33,1901.6,1891.27,1901.42,4323.411
2025-03-28 23:00:00+00:00,1901.41,1902.0,1892.57,1895.62,5635.7855
2025-03-28 23:30:00+00:00,1895.62,1898.88,1894.12,1896.9,2808.312
2025-03-29 00:00:00+00:00,1896.9,1907.3,1894.46,1905.9,4888.6808
2025-03-29 00:30:00+00:00,1905.89,1912.58,1901.76,1903.43,5317.9105
2025-03-29 01:00:00+00:00,1903.44,1909.89,1901.65,1902.84,4816.168
2025-03-29 01:30:00+00:00,1902.83,1913.6,1902.82,1910.01,8399.2248
2025-03-29 02:00:00+00:00,1910.01,1912.81,1903.47,1906.4,4087.9405
2025-03-29 02:30:00+00:00,1906.4,1909.15,1893.79,1895.27,6674.6651
2025-03-29 03:00:00+00:00,1895.27,1899.28,1886.27,1896.77,8720.6153
2025-03-29 03:30:00+00:00,1896.77,1905.95,1896.77,1899.83,7006.2863
2025-03-29 04:00:00+00:00,1899.84,1904.96,1893.11,1896.23,5234.4606
2025-03-29 04:30:00+00:00,1896.24,1897.47,1891.0,1894.73,4082.5681
2025-03-29 05:00:00+00:00,1894.72,1895.78,1886.31,1886.95,7413.1381
2025-03-29 05:30:00+00:00,1886.94,1889.9,1884.12,1888.41,4161.7344
2025-03-29 06:00:00+00:00,1888.41,1888.42,1876.53,1881.24,6936.3938
2025-03-29 06:30:00+00:00,1881.25,1886.2,1880.2,1882.3,4554.8087
2025-03-29 07:00:00+00:00,1882.3,1885.22,1877.22,1883.39,8029.4491
2025-03-29 07:30:00+00:00,1883.39,1884.97,1875.41,1880.14,8770.6473
2025-03-29 08:00:00+00:00,1880.14,1884.66,1876.77,1881.38,9424.2697
2025-03-29 08:30:00+00:00,1881.37,1885.84,1881.21,1884.57,3425.1556
2025-03-29 09:00:00+00:00,1884.57,1887.28,1878.84,1878.85,3980.0626
2025-03-29 09:30:00+00:00,1878.85,1880.56,1860.39,1877.04,15292.9424
2025-03-29 10:00:00+00:00,1877.04,1880.21,1868.7,1877.9,4870.111
2025-03-29 10:30:00+00:00,1877.9,1877.9,1863.73,1868.79,5484.6261
2025-03-29 11:00:00+00:00,1868.79,1874.87,1834.34,1851.23,37118.1768
2025-03-29 11:30:00+00:00,1851.23,1851.7,1833.5,1844.55,24698.5484
2025-03-29 12:00:00+00:00,1844.55,1857.41,1841.85,1853.06,10557.7538
2025-03-29 12:30:00+00:00,1853.06,1855.41,1848.5,1851.78,3807.4527
2025-03-29 13:00:00+00:00,1851.78,1863.75,1851.46,1857.5,6795.8708
2025-03-29 13:30:00+00:00,1857.5,1859.58,1853.23,1859.1,4341.201
2025-03-29 14:00:00+00:00,1859.1,1859.45,1846.38,1849.54,5679.0357
2025-03-29 14:30:00+00:00,1849.54,1854.6,1844.6,1845.43,4534.0869
2025-03-29 15:00:00+00:00,1845.43,1849.17,1841.0,1841.98,5715.1464
2025-03-29 15:30:00+00:00,1841.98,1842.47,1833.84,1840.24,8077.0269
2025-03-29 16:00:00+00:00,1840.24,1848.12,1836.23,1836.9,8684.0178
2025-03-29 16:30:00+00:00,1836.89,1842.87,1812.02,1822.02,27940.4766
2025-03-29 17:00:00+00:00,1822.01,1826.29,1797.2,1818.3,34806.8578
2025-03-29 17:30:00+00:00,1818.31,1831.19,1805.74,1818.14,17940.9395
2025-03-29 18:00:00+00:00,1818.15,1821.61,1808.87,1820.05,9503.8673
2025-03-29 18:30:00+00:00,1820.04,1828.3,1817.36,1818.18,10254.6475
2025-03-29 19:00:00+00:00,1818.19,1823.83,1811.97,1816.24,6244.9435
2025-03-29 19:30:00+00:00,1816.24,1828.62,1812.21,1827.5,6357.1398
2025-03-29 20:00:00+00:00,1827.5,1828.15,1816.0,1821.66,8328.0828
2025-03-29 20:30:00+00:00,1821.65,1826.76,1812.62,1817.76,6179.3121
2025-03-29 21:00:00+00:00,1817.75,1825.16,1814.23,1820.71,5761.6938
2025-03-29 21:30:00+00:00,1820.72,1822.41,1814.14,1817.69,3693.8073
2025-03-29 22:00:00+00:00,1817.7,1819.59,1815.0,1818.99,2172.2054
2025-03-29 22:30:00+00:00,1819.0,1820.21,1811.6,1817.49,2866.0297
2025-03-29 23:00:00+00:00,1817.49,1822.85,1814.35,1821.51,2768.6014
2025-03-29 23:30:00+00:00,1821.51,1830.31,1819.19,1828.08,3370.975
2025-03-30 00:00:00+00:00,1828.09,1831.08,1821.97,1822.5,4493.2051
2025-03-30 00:30:00+00:00,1822.5,1830.59,1812.69,1826.92,8135.1683
2025-03-30 01:00:00+00:00,1826.92,1838.54,1825.73,1836.43,7657.6924
2025-03-30 01:30:00+00:00,1836.43,1842.81,1833.4,1835.01,5789.5117
2025-03-30 02:00:00+00:00,1835.01,1841.36,1834.18,1837.17,4316.0893
2025-03-30 02:30:00+00:00,1837.17,1844.14,1834.43,1838.94,5135.5592
2025-03-30 03:00:00+00:00,1838.95,1844.59,1838.38,1840.56,4586.2971
2025-03-30 03:30:00+00:00,1840.56,1841.77,1832.12,1834.39,5513.7518
2025-03-30 04:00:00+00:00,1834.39,1840.21,1834.11,1838.38,2716.0681
2025-03-30 04:30:00+00:00,1838.39,1846.85,1838.38,1842.86,4221.1574
2025-03-30 05:00:00+00:00,1842.86,1845.21,1840.64,1843.97,4234.6187
2025-03-30 05:30:00+00:00,1843.97,1844.83,1835.26,1838.07,4129.0765
2025-03-30 06:00:00+00:00,1838.07,1839.62,1832.56,1833.84,2793.3025
2025-03-30 06:30:00+00:00,1833.84,1843.07,1833.82,1839.34,2444.0396
2025-03-30 07:00:00+00:00,1839.35,1844.25,1839.34,1841.53,2525.8854
2025-03-30 07:30:00+00:00,1841.54,1841.73,1836.43,1837.74,2418.7755
2025-03-30 08:00:00+00:00,1837.74,1843.1,1837.73,1841.35,1742.7408
2025-03-30 08:30:00+00:00,1841.35,1849.01,1841.21,1846.99,5038.9471
2025-03-30 09:00:00+00:00,1847.0,1847.39,1841.24,1845.19,3101.8911
2025-03-30 09:30:00+00:00,1845.2,1846.97,1842.42,1843.63,1916.3173
2025-03-30 10:00:00+00:00,1843.64,1846.04,1834.5,1835.98,4343.3049
2025-03-30 10:30:00+00:00,1835.99,1835.99,1826.49,1829.94,6887.1969
2025-03-30 11:00:00+00:00,1829.94,1841.69,1829.46,1834.57,6121.9463
2025-03-30 11:30:00+00:00,1834.57,1837.89,1830.19,1833.27,5252.2111
2025-03-30 12:00:00+00:00,1833.28,1839.71,1829.59,1837.9,3807.9261
2025-03-30 12:30:00+00:00,1837.89,1839.4,1831.38,1833.75,3806.0702
2025-03-30 13:00:00+00:00,1833.76,1835.75,1826.88,1827.87,3203.1249
2025-03-30 13:30:00+00:00,1827.87,1828.66,1790.06,1806.68,44072.4307
2025-03-30 14:00:00+00:00,1806.67,1818.55,1803.68,1813.22,9696.9924
2025-03-30 14:30:00+00:00,1813.21,1819.46,1811.11,1813.67,5609.1392
2025-03-30 15:00:00+00:00,1813.68,1826.65,1812.5,1817.97,6129.5212
2025-03-30 15:30:00+00:00,1817.97,1819.38,1812.3,1813.75,3763.6231
2025-03-30 16:00:00+00:00,1813.76,1817.37,1812.21,1813.56,3774.8049
2025-03-30 16:30:00+00:00,1813.56,1813.92,1785.41,1795.5,17258.854
2025-03-30 17:00:00+00:00,1795.42,1806.18,1787.02,1802.17,11604.9517
2025-03-30 17:30:00+00:00,1802.17,1808.98,1798.59,1804.94,4940.0206
2025-03-30 18:00:00+00:00,1804.94,1825.86,1804.94,1823.01,10674.1698
2025-03-30 18:30:00+00:00,1823.02,1825.26,1817.78,1824.89,5547.2603
2025-03-30 19:00:00+00:00,1824.89,1834.33,1817.38,1818.63,12135.0333
2025-03-30 19:30:00+00:00,1818.63,1821.76,1812.56,1814.22,4728.5907
2025-03-30 20:00:00+00:00,1814.22,1817.75,1809.26,1813.25,3991.7974
2025-03-30 20:30:00+00:00,1813.26,1818.05,1813.21,1814.96,3149.8555
2025-03-30 21:00:00+00:00,1814.95,1821.68,1814.95,1817.21,4058.3724
2025-03-30 21:30:00+00:00,1817.2,1817.64,1801.38,1805.89,5159.074
2025-03-30 22:00:00+00:00,1805.9,1806.19,1767.69,1791.81,28383.6318
2025-03-30 22:30:00+00:00,1791.81,1816.87,1790.82,1805.17,13261.241
2025-03-30 23:00:00+00:00,1805.17,1807.65,1793.96,1793.96,8116.8786
2025-03-30 23:30:00+00:00,1793.92,1807.74,1792.85,1807.74,5455.3297
2025-03-31 00:00:00+00:00,1807.74,1813.14,1800.61,1803.4,8348.4403
2025-03-31 00:30:00+00:00,1803.43,1803.66,1776.75,1786.42,15604.9664
2025-03-31 01:00:00+00:00,1786.43,1820.21,1783.51,1816.8,17475.5382
2025-03-31 01:30:00+00:00,1816.8,1817.66,1807.99,1813.87,7857.7447
2025-03-31 02:00:00+00:00,1813.87,1815.23,1804.3,1810.06,7199.9588
2025-03-31 02:30:00+00:00,1810.06,1823.5,1807.31,1811.86,11219.4934
2025-03-31 03:00:00+00:00,1811.87,1817.55,1802.16,1811.47,7360.9677
2025-03-31 03:30:00+00:00,1811.47,1814.65,1795.41,1798.32,8699.3188
2025-03-31 04:00:00+00:00,1798.32,1805.18,1792.9,1798.85,6564.116
2025-03-31 04:30:00+00:00,1798.86,1809.1,1797.41,1804.94,5678.3033
2025-03-31 05:00:00+00:00,1804.94,1813.68,1802.49,1809.7,7588.1722
2025-03-31 05:30:00+00:00,1809.7,1811.59,1806.07,1809.15,3776.121
2025-03-31 06:00:00+00:00,1809.16,1811.84,1801.52,1802.24,7050.4067
2025-03-31 06:30:00+00:00,1802.24,1807.19,1799.44,1804.09,4409.9015
2025-03-31 07:00:00+00:00,1804.08,1810.7,1793.5,1799.67,7898.9534
2025-03-31 07:30:00+00:00,1799.68,1800.16,1789.1,1798.92,10177.2618
2025-03-31 08:00:00+00:00,1798.91,1808.09,1797.52,1804.05,11416.8944
2025-03-31 08:30:00+00:00,1804.04,1807.18,1794.24,1795.54,7361.9794
2025-03-31 09:00:00+00:00,1795.54,1800.72,1784.33,1791.84,14860.5927
2025-03-31 09:30:00+00:00,1791.84,1792.29,1781.25,1786.31,11604.4844
2025-03-31 10:00:00+00:00,1786.32,1790.9,1777.79,1789.84,11788.9934
2025-03-31 10:30:00+00:00,1789.83,1810.48,1787.53,1803.57,13198.4615
2025-03-31 11:00:00+00:00,1803.58,1809.31,1799.1,1802.9,7957.3934
2025-03-31 11:30:00+00:00,1802.9,1819.74,1802.02,1813.43,12382.6847
2025-03-31 12:00:00+00:00,1813.43,1819.56,1809.2,1817.21,7851.7847
2025-03-31 12:30:00+00:00,1817.22,1846.72,1814.08,1834.16,29165.649
2025-03-31 13:00:00+00:00,1834.22,1837.37,1822.29,1823.72,11067.9501
2025-03-31 13:30:00+00:00,1823.72,1826.17,1794.94,1818.53,34238.3417
2025-03-31 14:00:00+00:00,1818.53,1836.51,1818.28,1824.39,24563.4993
2025-03-31 14:30:00+00:00,1824.4,1846.75,1824.4,1839.81,20873.3045
2025-03-31 15:00:00+00:00,1839.81,1854.22,1838.59,1840.91,22082.4683
2025-03-31 15:30:00+00:00,1840.92,1848.49,1837.82,1842.23,8980.8444
2025-03-31 16:00:00+00:00,1842.22,1847.09,1834.62,1846.22,7432.0895
2025-03-31 16:30:00+00:00,1846.22,1847.23,1840.04,1840.18,7013.5907
2025-03-31 17:00:00+00:00,1840.16,1846.84,1837.1,1839.42,7267.5683
2025-03-31 17:30:00+00:00,1839.42,1841.87,1817.23,1825.47,16239.8764
2025-03-31 18:00:00+00:00,1825.46,1841.31,1825.46,1840.66,6443.4696
2025-03-31 18:30:00+00:00,1840.67,1847.34,1838.97,1839.86,6196.1795
2025-03-31 19:00:00+00:00,1839.85,1845.64,1833.83,1835.4,6419.0521
2025-03-31 19:30:00+00:00,1835.4,1837.8,1824.37,1827.71,11954.8674
2025-03-31 20:00:00+00:00,1827.71,1834.74,1826.0,1832.32,6750.8208
2025-03-31 20:30:00+00:00,1832.32,1832.74,1818.64,1819.61,7988.1482
2025-03-31 21:00:00+00:00,1819.6,1829.5,1819.19,1825.92,5620.8887
2025-03-31 21:30:00+00:00,1825.93,1827.56,1822.09,1824.72,3034.5805
2025-03-31 22:00:00+00:00,1824.72,1824.72,1816.4,1821.34,5876.7837
2025-03-31 22:30:00+00:00,1821.34,1825.16,1821.21,1824.68,2406.1316
2025-03-31 23:00:00+00:00,1824.68,1831.9,1820.31,1823.79,6788.7377
2025-03-31 23:30:00+00:00,1823.79,1826.79,1820.97,1822.43,4117.1304
2025-04-01 00:00:00+00:00,1822.43,1830.07,1820.0,1827.34,4140.6682
2025-04-01 00:30:00+00:00,1827.33,1843.0,1817.88,1831.94,18488.1973
2025-04-01 01:00:00+00:00,1831.93,1833.33,1821.03,1828.11,7518.789
2025-04-01 01:30:00+00:00,1828.11,1829.12,1821.71,1826.38,3894.7525
2025-04-01 02:00:00+00:00,1826.38,1835.0,1824.39,1831.69,4608.7133
2025-04-01 02:30:00+00:00,1831.69,1839.39,1829.5,1839.38,5828.473
2025-04-01 03:00:00+00:00,1839.38,1841.1,1834.4,1834.54,6583.467
2025-04-01 03:30:00+00:00,1834.54,1838.52,1833.06,1835.0,4029.7652
2025-04-01 04:00:00+00:00,1835.0,1837.91,1831.95,1836.5,4491.5958
2025-04-01 04:30:00+00:00,1836.5,1840.53,1835.35,1838.13,3263.1168
2025-04-01 05:00:00+00:00,1838.13,1850.32,1836.81,1847.7,7490.2665
2025-04-01 05:30:00+00:00,1847.7,1849.34,1840.69,1841.49,3253.8118
2025-04-01 06:00:00+00:00,1841.49,1848.44,1839.42,1847.9,6743.4086
2025-04-01 06:30:00+00:00,1847.91,1867.91,1847.42,1857.66,14393.7738
2025-04-01 07:00:00+00:00,1857.67,1862.63,1854.37,1857.04,7480.2215
2025-04-01 07:30:00+00:00,1857.04,1858.06,1852.64,1854.26,3482.0894
2025-04-01 08:00:00+00:00,1854.26,1885.0,1853.93,1884.39,24067.4207
2025-04-01 08:30:00+00:00,1884.39,1892.55,1876.76,1884.33,22040.5769
2025-04-01 09:00:00+00:00,1884.33,1889.81,1878.01,1881.22,10655.038
2025-04-01 09:30:00+00:00,1881.22,1886.95,1880.16,1885.39,8748.1944
2025-04-01 10:00:00+00:00,1885.39,1886.0,1878.88,1880.2,8035.9418
2025-04-01 10:30:00+00:00,1880.19,1880.45,1872.63,1873.39,7484.8
2025-04-01 11:00:00+00:00,1873.39,1873.74,1865.52,1868.92,7369.6957
2025-04-01 11:30:00+00:00,1868.92,1869.3,1856.45,1862.36,7524.1166
2025-04-01 12:00:00+00:00,1862.37,1870.89,1862.37,1869.31,6740.519
2025-04-01 12:30:00+00:00,1869.31,1869.93,1859.66,1865.56,6735.434
2025-04-01 13:00:00+00:00,1865.57,1874.53,1863.71,1874.09,6054.7714
2025-04-01 13:30:00+00:00,1874.09,1881.72,1864.24,1871.84,14345.9224
2025-04-01 14:00:00+00:00,1871.94,1875.47,1842.42,1857.27,29694.5931
2025-04-01 14:30:00+00:00,1857.26,1889.0,1856.15,1882.53,23171.3035
2025-04-01 15:00:00+00:00,1882.53,1927.8,1882.53,1910.93,50666.8405
2025-04-01 15:30:00+00:00,1910.93,1927.9,1908.92,1918.58,19583.4812
2025-04-01 16:00:00+00:00,1918.59,1924.17,1911.52,1913.71,11688.2067
2025-04-01 16:30:00+00:00,1913.72,1918.47,1907.53,1915.8,8188.2549
2025-04-01 17:00:00+00:00,1915.79,1921.15,1913.93,1916.55,5972.8934
2025-04-01 17:30:00+00:00,1916.54,1923.0,1914.95,1915.33,6001.1994
2025-04-01 18:00:00+00:00,1915.34,1915.81,1901.5,1909.69,7087.3423
2025-04-01 18:30:00+00:00,1909.69,1911.71,1902.32,1908.32,4212.1892
2025-04-01 19:00:00+00:00,1908.31,1909.45,1903.2,1904.75,4480.1211
2025-04-01 19:30:00+00:00,1904.74,1911.55,1903.07,1910.09,5497.2639
2025-04-01 20:00:00+00:00,1910.1,1913.0,1901.15,1902.65,4893.3588
2025-04-01 20:30:00+00:00,1902.65,1915.73,1897.13,1912.84,8280.998
2025-04-01 21:00:00+00:00,1912.84,1917.31,1908.82,1914.93,4842.4808
2025-04-01 21:30:00+00:00,1914.92,1922.75,1911.81,1915.01,5646.6605
2025-04-01 22:00:00+00:00,1915.02,1918.0,1911.89,1916.91,6019.0711
2025-04-01 22:30:00+00:00,1916.92,1920.0,1911.0,1911.9,3607.2351
2025-04-01 23:00:00+00:00,1911.91,1913.03,1904.79,1910.84,4084.17
2025-04-01 23:30:00+00:00,1910.83,1915.18,1904.7,1904.98,3877.8933
2025-04-02 00:00:00+00:00,1904.98,1908.41,1897.1,1897.7,6433.3758
2025-04-02 00:30:00+00:00,1897.7,1900.37,1887.0,1889.59,6285.8834
2025-04-02 01:00:00+00:00,1889.59,1892.66,1883.01,1885.71,6372.1987
2025-04-02 01:30:00+00:00,1885.72,1896.32,1884.84,1892.41,7060.7069
2025-04-02 02:00:00+00:00,1892.41,1893.3,1872.39,1881.61,13648.2917
2025-04-02 02:30:00+00:00,1881.6,1884.42,1878.06,1878.25,5128.904
2025-04-02 03:00:00+00:00,1878.24,1887.2,1877.61,1883.57,5193.6888
2025-04-02 03:30:00+00:00,1883.57,1883.92,1875.52,1876.39,4076.0658
2025-04-02 04:00:00+00:00,1876.4,1883.3,1875.75,1881.77,3183.2202
2025-04-02 04:30:00+00:00,1881.77,1881.77,1875.55,1879.13,3392.8492
2025-04-02 05:00:00+00:00,1879.14,1879.25,1854.75,1856.7,17908.1931
2025-04-02 05:30:00+00:00,1856.73,1864.52,1855.1,1855.88,8913.3443
2025-04-02 06:00:00+00:00,1855.88,1862.2,1852.0,1856.64,7114.6726
2025-04-02 06:30:00+00:00,1856.64,1862.89,1852.67,1854.01,6071.667
2025-04-02 07:00:00+00:00,1854.0,1862.41,1852.6,1857.03,5420.8768
2025-04-02 07:30:00+00:00,1857.03,1866.7,1856.28,1865.06,10464.4971
2025-04-02 08:00:00+00:00,1865.07,1870.37,1862.62,1869.0,4881.0189
2025-04-02 08:30:00+00:00,1869.0,1876.62,1866.88,1867.82,5180.0317
2025-04-02 09:00:00+00:00,1867.81,1888.05,1866.48,1879.56,13904.4789
2025-04-02 09:30:00+00:00,1879.57,1882.57,1876.0,1879.35,2959.1604
2025-04-02 10:00:00+00:00,1879.34,1887.63,1877.17,1879.7,6407.5826
2025-04-02 10:30:00+00:00,1879.7,1879.88,1870.77,1872.68,4775.4856
2025-04-02 11:00:00+00:00,1872.69,1878.26,1871.79,1873.52,3434.3565
2025-04-02 11:30:00+00:00,1873.51,1875.0,1868.18,1868.72,5023.5472
2025-04-02 12:00:00+00:00,1868.73,1870.68,1858.15,1858.74,6789.6576
2025-04-02 12:30:00+00:00,1858.75,1873.3,1858.65,1871.91,5181.0909
2025-04-02 13:00:00+00:00,1871.92,1872.11,1858.22,1859.21,5356.5774
2025-04-02 13:30:00+00:00,1859.22,1893.42,1854.27,1871.27,23606.1918
2025-04-02 14:00:00+00:00,1871.27,1881.56,1857.57,1871.81,15010.0883
2025-04-02 14:30:00+00:00,1871.81,1878.02,1864.66,1875.75,7794.5023
2025-04-02 15:00:00+00:00,1875.74,1895.29,1874.19,1890.58,18366.2422
2025-04-02 15:30:00+00:00,1890.58,1919.0,1890.36,1901.21,123538.6794
2025-04-02 16:00:00+00:00,1901.21,1907.94,1895.06,1907.7,16074.5957
2025-04-02 16:30:00+00:00,1907.7,1910.54,1898.19,1902.93,10919.4145
2025-04-02 17:00:00+00:00,1902.94,1914.09,1898.01,1898.01,23742.6111
2025-04-02 17:30:00+00:00,1898.0,1898.86,1882.22,1892.68,13691.4049
2025-04-02 18:00:00+00:00,1892.68,1897.88,1888.45,1889.48,6329.2333
2025-04-02 18:30:00+00:00,1889.47,1904.68,1888.98,1898.12,5987.486
2025-04-02 19:00:00+00:00,1898.12,1902.26,1893.34,1900.66,7931.9886
2025-04-02 19:30:00+00:00,1900.65,1916.1,1897.63,1911.45,7194.1547
2025-04-02 20:00:00+00:00,1911.45,1957.0,1876.21,1898.68,100868.206
2025-04-02 20:30:00+00:00,1898.67,1904.93,1866.05,1881.25,45856.1136
2025-04-02 21:00:00+00:00,1881.16,1884.62,1855.0,1863.65,22414.1844
2025-04-02 21:30:00+00:00,1863.66,1871.35,1859.6,1867.12,8764.4282
2025-04-02 22:00:00+00:00,1867.13,1867.32,1816.74,1824.79,42189.7468
2025-04-02 22:30:00+00:00,1824.79,1825.55,1789.05,1798.05,32586.754
2025-04-02 23:00:00+00:00,1798.05,1798.16,1781.53,1797.95,25291.6963
2025-04-02 23:30:00+00:00,1797.94,1802.9,1792.53,1795.22,12121.6371
2025-04-03 00:00:00+00:00,1795.21,1820.3,1788.97,1811.75,19858.8507
2025-04-03 00:30:00+00:00,1811.76,1827.89,1811.34,1820.46,12270.9509
2025-04-03 01:00:00+00:00,1820.47,1826.66,1814.37,1825.81,10867.7119
2025-04-03 01:30:00+00:00,1825.82,1834.88,1821.31,1826.28,12512.7416
2025-04-03 02:00:00+00:00,1826.29,1831.53,1818.18,1824.27,10604.0315
2025-04-03 02:30:00+00:00,1824.28,1832.64,1819.29,1830.25,7710.3346
2025-04-03 03:00:00+00:00,1830.26,1830.7,1822.26,1826.05,5891.3929
2025-04-03 03:30:00+00:00,1826.05,1829.03,1819.56,1824.46,6593.6575
2025-04-03 04:00:00+00:00,1824.47,1830.48,1822.78,1824.89,5107.1603
2025-04-03 04:30:00+00:00,1824.9,1845.26,1823.99,1835.38,13000.1257
2025-04-03 05:00:00+00:00,1835.38,1840.4,1831.2,1833.54,4674.9754
2025-04-03 05:30:00+00:00,1833.54,1833.75,1821.14,1821.7,7165.9356
2025-04-03 06:00:00+00:00,1821.71,1827.77,1820.47,1826.54,6144.9807
2025-04-03 06:30:00+00:00,1826.54,1827.7,1814.1,1817.28,8051.3203
2025-04-03 07:00:00+00:00,1817.28,1822.18,1807.13,1819.95,11185.2254
2025-04-03 07:30:00+00:00,1819.96,1820.54,1808.63,1815.31,7843.7548
2025-04-03 08:00:00+00:00,1815.31,1823.83,1814.85,1818.01,7033.6173
2025-04-03 08:30:00+00:00,1818.01,1824.18,1817.36,1821.63,5592.4807
2025-04-03 09:00:00+00:00,1821.64,1823.27,1816.16,1817.18,6286.1582
2025-04-03 09:30:00+00:00,1817.19,1821.65,1809.37,1811.34,6703.5807
2025-04-03 10:00:00+00:00,1811.34,1817.61,1798.81,1800.46,11158.8029
2025-04-03 10:30:00+00:00,1800.44,1803.7,1790.05,1793.42,14730.1526
2025-04-03 11:00:00+00:00,1793.42,1802.83,1787.23,1796.59,10947.0642
2025-04-03 11:30:00+00:00,1796.6,1799.93,1792.49,1795.13,5548.5984
2025-04-03 12:00:00+00:00,1795.13,1800.52,1786.26,1788.5,9074.0632
2025-04-03 12:30:00+00:00,1788.5,1795.64,1750.0,1759.65,64560.0417
2025-04-03 13:00:00+00:00,1759.65,1773.34,1756.09,1772.61,18939.9158
2025-04-03 13:30:00+00:00,1772.61,1791.84,1771.22,1784.18,27191.4134
2025-04-03 14:00:00+00:00,1784.18,1785.02,1761.33,1779.04,24248.586
2025-04-03 14:30:00+00:00,1779.04,1780.74,1751.39,1757.97,14248.0693
2025-04-03 15:00:00+00:00,1757.92,1778.0,1755.22,1772.25,17369.75
2025-04-03 15:30:00+00:00,1772.25,1782.66,1771.93,1782.27,8062.5492
2025-04-03 16:00:00+00:00,1782.26,1791.04,1780.37,1788.2,9735.1742
2025-04-03 16:30:00+00:00,1788.21,1790.42,1770.94,1773.41,7783.7119
2025-04-03 17:00:00+00:00,1773.42,1779.31,1767.23,1771.0,6910.3836
2025-04-03 17:30:00+00:00,1771.0,1782.72,1768.39,1776.45,5843.5053
2025-04-03 18:00:00+00:00,1776.44,1778.59,1770.18,1774.03,4795.1943
2025-04-03 18:30:00+00:00,1774.02,1799.15,1771.43,1788.48,11887.4247
2025-04-03 19:00:00+00:00,1788.48,1795.04,1782.85,1783.31,7251.7463
2025-04-03 19:30:00+00:00,1783.3,1791.1,1782.53,1787.12,7591.6633
2025-04-03 20:00:00+00:00,1787.11,1788.88,1780.56,1781.32,5065.1713
2025-04-03 20:30:00+00:00,1781.33,1803.31,1779.78,1799.01,6973.7357
2025-04-03 21:00:00+00:00,1799.01,1807.72,1796.2,1801.08,6832.5484
2025-04-03 21:30:00+00:00,1801.09,1818.61,1799.24,1812.46,6642.6978
2025-04-03 22:00:00+00:00,1812.47,1815.4,1805.66,1808.58,5322.299
2025-04-03 22:30:00+00:00,1808.58,1816.34,1808.58,1811.07,3527.3944
2025-04-03 23:00:00+00:00,1811.07,1816.0,1803.26,1811.44,4944.8386
2025-04-03 23:30:00+00:00,1811.44,1821.84,1811.44,1817.23,5789.5358
2025-04-04 00:00:00+00:00,1817.23,1823.12,1814.33,1821.83,7468.2965
2025-04-04 00:30:00+00:00,1821.82,1822.85,1808.76,1810.42,4810.4466
2025-04-04 01:00:00+00:00,1810.43,1818.17,1808.67,1813.08,5100.0398
2025-04-04 01:30:00+00:00,1813.07,1813.15,1771.11,1782.4,29442.8727
2025-04-04 02:00:00+00:00,1782.4,1803.32,1782.4,1794.12,8018.1588
2025-04-04 02:30:00+00:00,1794.13,1798.84,1786.2,1788.88,6178.229
2025-04-04 03:00:00+00:00,1788.88,1796.75,1782.55,1795.46,5340.6587
2025-04-04 03:30:00+00:00,1795.49,1796.14,1786.94,1792.91,5175.1045
2025-04-04 04:00:00+00:00,1792.91,1793.94,1784.17,1790.19,3821.4639
2025-04-04 04:30:00+00:00,1790.2,1792.91,1785.42,1788.09,3849.0978
2025-04-04 05:00:00+00:00,1788.09,1800.17,1784.41,1798.46,4109.4011
2025-04-04 05:30:00+00:00,1798.47,1806.61,1797.25,1806.08,5011.288
2025-04-04 06:00:00+00:00,1806.07,1808.59,1803.03,1807.5,4600.2297
2025-04-04 06:30:00+00:00,1807.51,1807.51,1799.41,1800.15,5147.2423
2025-04-04 07:00:00+00:00,1800.15,1817.67,1800.0,1814.15,8756.6195
2025-04-04 07:30:00+00:00,1814.15,1821.82,1810.71,1817.93,9054.9212
2025-04-04 08:00:00+00:00,1817.94,1835.68,1814.82,1827.93,17232.7706
2025-04-04 08:30:00+00:00,1827.93,1831.72,1825.41,1828.29,8297.6724
2025-04-04 09:00:00+00:00,1828.3,1830.24,1823.22,1825.01,6595.0878
2025-04-04 09:30:00+00:00,1825.01,1833.19,1822.68,1829.41,5109.7369
2025-04-04 10:00:00+00:00,1829.43,1832.23,1791.55,1793.9,25995.1971
2025-04-04 10:30:00+00:00,1793.89,1801.42,1780.75,1783.89,19490.7959
2025-04-04 11:00:00+00:00,1783.88,1788.0,1764.38,1767.44,18885.4296
2025-04-04 11:30:00+00:00,1767.45,1784.8,1758.72,1783.88,24484.8988
2025-04-04 12:00:00+00:00,1783.88,1784.63,1773.43,1777.68,13694.867
2025-04-04 12:30:00+00:00,1777.68,1800.73,1769.45,1788.76,38586.7938
2025-04-04 13:00:00+00:00,1788.77,1799.88,1779.77,1779.88,15180.7348
2025-04-04 13:30:00+00:00,1779.88,1808.98,1772.11,1802.06,28023.7868
2025-04-04 14:00:00+00:00,1802.06,1805.48,1783.51,1787.09,18653.2826
2025-04-04 14:30:00+00:00,1787.08,1793.69,1775.67,1790.13,16971.3257
2025-04-04 15:00:00+00:00,1790.13,1821.0,1789.15,1803.01,38216.7224
2025-04-04 15:30:00+00:00,1803.01,1807.31,1787.28,1795.24,20954.4138
2025-04-04 16:00:00+00:00,1795.24,1805.4,1783.25,1790.41,17982.8122
2025-04-04 16:30:00+00:00,1790.4,1801.25,1787.08,1797.57,13982.0756
2025-04-04 17:00:00+00:00,1797.57,1803.37,1788.0,1800.67,9900.5212
2025-04-04 17:30:00+00:00,1800.66,1828.9,1797.23,1821.35,25672.524
2025-04-04 18:00:00+00:00,1821.34,1823.27,1808.55,1811.19,9201.8915
2025-04-04 18:30:00+00:00,1811.19,1813.65,1804.76,1806.47,6149.98
2025-04-04 19:00:00+00:00,1806.46,1815.78,1802.16,1810.96,8328.6488
2025-04-04 19:30:00+00:00,1810.95,1815.06,1808.37,1810.21,8565.679
2025-04-04 20:00:00+00:00,1810.21,1813.6,1807.52,1810.31,8639.7642
2025-04-04 20:30:00+00:00,1810.31,1822.99,1809.83,1818.94,6332.3072
2025-04-04 21:00:00+00:00,1818.93,1823.27,1815.8,1819.06,8680.4295
2025-04-04 21:30:00+00:00,1819.06,1827.99,1812.82,1818.2,5449.9917
2025-04-04 22:00:00+00:00,1818.18,1826.43,1815.82,1824.31,3270.4254
2025-04-04 22:30:00+00:00,1824.31,1824.35,1818.4,1819.24,2483.4181
2025-04-04 23:00:00+00:00,1819.24,1820.15,1809.56,1810.21,3288.2792
2025-04-04 23:30:00+00:00,1810.21,1817.19,1810.0,1816.87,2548.1365
2025-04-05 00:00:00+00:00,1816.88,1819.73,1812.55,1817.7,2622.4457
2025-04-05 00:30:00+00:00,1817.7,1825.0,1813.6,1822.85,4363.0947
2025-04-05 01:00:00+00:00,1822.86,1827.29,1820.07,1825.37,5989.172
2025-04-05 01:30:00+00:00,1825.38,1826.26,1819.26,1819.49,2268.5953
2025-04-05 02:00:00+00:00,1819.5,1821.38,1814.25,1814.51,2655.1258
2025-04-05 02:30:00+00:00,1814.52,1820.26,1812.89,1815.6,2312.3736
2025-04-05 03:00:00+00:00,1815.61,1816.24,1809.39,1809.99,2646.3375
2025-04-05 03:30:00+00:00,1809.99,1813.32,1809.58,1810.01,2103.3333
2025-04-05 04:00:00+00:00,1810.01,1815.75,1810.01,1815.53,2196.7416
2025-04-05 04:30:00+00:00,1815.54,1815.73,1807.45,1808.5,2348.1971
2025-04-05 05:00:00+00:00,1808.5,1815.23,1807.13,1814.71,1532.5915
2025-04-05 05:30:00+00:00,1814.71,1815.41,1810.0,1810.01,1527.3791
2025-04-05 06:00:00+00:00,1810.01,1813.7,1809.52,1811.62,1393.1169
2025-04-05 06:30:00+00:00,1811.62,1811.63,1803.99,1809.56,5903.5687
2025-04-05 07:00:00+00:00,1809.55,1811.33,1807.05,1811.33,2263.3415
2025-04-05 07:30:00+00:00,1811.34,1814.53,1809.42,1813.22,2356.8215
2025-04-05 08:00:00+00:00,1813.22,1814.86,1810.0,1811.31,2319.6852
2025-04-05 08:30:00+00:00,1811.3,1815.23,1810.2,1813.83,2156.8072
2025-04-05 09:00:00+00:00,1813.82,1819.08,1813.82,1818.38,4121.6226
2025-04-05 09:30:00+00:00,1818.38,1822.04,1815.99,1820.78,2981.5965
2025-04-05 10:00:00+00:00,1820.79,1821.57,1816.69,1818.15,2108.2595
2025-04-05 10:30:00+00:00,1818.14,1820.0,1816.33,1818.12,1902.754
2025-04-05 11:00:00+00:00,1818.13,1819.39,1808.67,1810.75,8107.1535
2025-04-05 11:30:00+00:00,1810.75,1811.72,1806.56,1807.34,3996.0531
2025-04-05 12:00:00+00:00,1807.34,1808.3,1801.44,1803.48,3893.3326
2025-04-05 12:30:00+00:00,1803.49,1805.0,1792.63,1797.88,7738.0952
2025-04-05 13:00:00+00:00,1797.88,1798.62,1785.22,1788.88,8690.1086
2025-04-05 13:30:00+00:00,1788.83,1791.29,1783.24,1787.04,6096.5275
2025-04-05 14:00:00+00:00,1787.03,1795.23,1786.39,1789.04,5939.1777
2025-04-05 14:30:00+00:00,1789.04,1794.13,1787.58,1790.8,4748.2623
2025-04-05 15:00:00+00:00,1790.79,1790.8,1784.24,1785.82,10187.493
2025-04-05 15:30:00+00:00,1785.83,1786.38,1777.93,1782.01,10046.1227
2025-04-05 16:00:00+00:00,1782.01,1787.7,1780.23,1784.85,3469.608
2025-04-05 16:30:00+00:00,1784.86,1788.41,1782.53,1784.6,5930.7716
2025-04-05 17:00:00+00:00,1784.6,1788.0,1782.44,1788.0,1713.8907
2025-04-05 17:30:00+00:00,1788.0,1790.11,1786.84,1787.46,1833.9433
2025-04-05 18:00:00+00:00,1787.45,1794.51,1787.08,1790.3,2269.4649
2025-04-05 18:30:00+00:00,1790.31,1794.13,1789.47,1793.21,1174.1094
2025-04-05 19:00:00+00:00,1793.21,1795.38,1790.64,1790.79,1738.1257
2025-04-05 19:30:00+00:00,1790.8,1791.9,1780.0,1782.17,2759.7231
2025-04-05 20:00:00+00:00,1782.17,1789.51,1782.16,1788.77,1974.5178
2025-04-05 20:30:00+00:00,1788.77,1805.06,1764.39,1790.6,30625.8595
2025-04-05 21:00:00+00:00,1790.61,1795.23,1784.76,1795.11,4274.705
2025-04-05 21:30:00+00:00,1795.11,1795.11,1788.19,1790.3,2730.6489
2025-04-05 22:00:00+00:00,1790.3,1796.86,1790.3,1792.31,3007.6528
2025-04-05 22:30:00+00:00,1792.31,1797.81,1792.31,1797.31,2733.2765
2025-04-05 23:00:00+00:00,1797.31,1801.93,1796.8,1801.15,2331.3241
2025-04-05 23:30:00+00:00,1801.15,1810.04,1801.15,1806.01,3633.3613
2025-04-06 00:00:00+00:00,1806.02,1811.0,1803.06,1809.55,3949.5136
2025-04-06 00:30:00+00:00,1809.54,1813.91,1807.83,1810.45,3942.0398
2025-04-06 01:00:00+00:00,1810.45,1815.33,1807.79,1813.32,3700.0974
2025-04-06 01:30:00+00:00,1813.32,1817.0,1807.29,1810.5,3284.7385
2025-04-06 02:00:00+00:00,1810.5,1813.53,1806.36,1806.41,2625.8226
2025-04-06 02:30:00+00:00,1806.41,1810.0,1804.3,1804.3,2186.6298
2025-04-06 03:00:00+00:00,1804.3,1807.38,1801.85,1803.46,2604.8582
2025-04-06 03:30:00+00:00,1803.46,1809.81,1801.78,1809.81,2550.2305
2025-04-06 04:00:00+00:00,1809.81,1811.21,1806.06,1808.49,2353.3489
2025-04-06 04:30:00+00:00,1808.48,1810.16,1806.47,1809.72,2099.136
2025-04-06 05:00:00+00:00,1809.73,1812.3,1807.0,1809.86,2220.5424
2025-04-06 05:30:00+00:00,1809.87,1813.55,1807.6,1811.18,4620.3758
2025-04-06 06:00:00+00:00,1811.19,1812.6,1808.3,1809.36,2031.4899
2025-04-06 06:30:00+00:00,1809.36,1809.77,1798.54,1798.55,5723.7054
2025-04-06 07:00:00+00:00,1798.55,1801.49,1791.49,1798.02,5607.216
2025-04-06 07:30:00+00:00,1798.02,1801.59,1796.56,1797.69,3450.7511
2025-04-06 08:00:00+00:00,1797.7,1798.2,1783.0,1786.31,7135.3409
2025-04-06 08:30:00+00:00,1786.3,1795.75,1786.22,1795.39,5745.0287
2025-04-06 09:00:00+00:00,1795.38,1797.01,1791.87,1794.8,3722.3616
2025-04-06 09:30:00+00:00,1794.78,1795.92,1789.49,1791.08,3931.0187
2025-04-06 10:00:00+00:00,1791.08,1791.21,1785.1,1786.09,4464.2656
2025-04-06 10:30:00+00:00,1786.08,1792.28,1785.17,1790.1,4836.9338
2025-04-06 11:00:00+00:00,1790.1,1791.38,1783.75,1787.76,4344.7059
2025-04-06 11:30:00+00:00,1787.75,1790.68,1785.33,1789.19,2776.4198
2025-04-06 12:00:00+00:00,1789.19,1792.09,1786.24,1788.25,2377.7852
2025-04-06 12:30:00+00:00,1788.21,1788.36,1777.04,1777.98,8426.058
2025-04-06 13:00:00+00:00,1777.98,1781.0,1768.01,1770.16,15309.1752
2025-04-06 13:30:00+00:00,1770.17,1772.81,1735.0,1748.54,49337.8713
2025-04-06 14:00:00+00:00,1748.54,1761.02,1744.85,1752.47,20876.6772
2025-04-06 14:30:00+00:00,1752.48,1771.0,1751.84,1770.02,9867.4952
2025-04-06 15:00:00+00:00,1770.02,1773.78,1758.61,1760.13,8302.7549
2025-04-06 15:30:00+00:00,1760.14,1765.65,1758.88,1759.55,11686.8981
2025-04-06 16:00:00+00:00,1759.56,1760.06,1748.0,1754.91,8801.2429
2025-04-06 16:30:00+00:00,1754.91,1756.53,1717.11,1731.28,25092.6284
2025-04-06 17:00:00+00:00,1731.28,1734.0,1684.24,1699.61,47839.9988
2025-04-06 17:30:00+00:00,1699.6,1700.37,1669.4,1684.77,51157.644
2025-04-06 18:00:00+00:00,1684.77,1684.96,1621.09,1625.2,88086.2604
2025-04-06 18:30:00+00:00,1625.19,1644.29,1602.0,1618.28,80549.2409
2025-04-06 19:00:00+00:00,1618.29,1635.96,1608.75,1620.4,69002.37
2025-04-06 19:30:00+00:00,1620.41,1629.95,1612.14,1626.24,24218.1808
2025-04-06 20:00:00+00:00,1626.24,1631.18,1616.33,1616.59,14825.1529
2025-04-06 20:30:00+00:00,1616.6,1618.5,1555.0,1574.65,103863.7492
2025-04-06 21:00:00+00:00,1574.66,1597.96,1571.04,1589.0,26842.3876
2025-04-06 21:30:00+00:00,1589.0,1597.24,1585.35,1587.57,14502.2394
2025-04-06 22:00:00+00:00,1587.57,1608.33,1567.99,1594.72,58655.9522
2025-04-06 22:30:00+00:00,1594.72,1594.72,1563.86,1576.99,33732.1239
2025-04-06 23:00:00+00:00,1576.98,1580.92,1537.5,1552.44,80870.3206
2025-04-06 23:30:00+00:00,1552.44,1584.64,1551.5,1580.76,35716.3178
2025-04-07 00:00:00+00:00,1580.77,1586.41,1566.81,1579.9,32178.6903
2025-04-07 00:30:00+00:00,1579.91,1581.41,1552.88,1572.9,26599.1154
2025-04-07 01:00:00+00:00,1572.97,1614.2,1570.7,1609.25,29615.9769
2025-04-07 01:30:00+00:00,1609.24,1612.94,1588.0,1598.6,25834.4185
2025-04-07 02:00:00+00:00,1598.59,1601.52,1582.42,1585.45,15643.6639
2025-04-07 02:30:00+00:00,1585.45,1588.61,1573.04,1579.29,13504.8587
2025-04-07 03:00:00+00:00,1579.28,1582.69,1562.88,1572.99,17466.0831
2025-04-07 03:30:00+00:00,1572.99,1574.85,1520.78,1543.69,70627.5806
2025-04-07 04:00:00+00:00,1543.69,1559.13,1534.0,1553.41,27725.8151
2025-04-07 04:30:00+00:00,1553.42,1556.0,1536.18,1548.39,29102.7674
2025-04-07 05:00:00+00:00,1548.4,1561.41,1538.95,1550.45,25939.293
2025-04-07 05:30:00+00:00,1550.46,1555.13,1536.62,1540.37,29325.0995
2025-04-07 06:00:00+00:00,1540.37,1552.67,1504.4,1507.93,68173.3989
2025-04-07 06:30:00+00:00,1507.94,1510.6,1411.01,1431.29,266960.3742
2025-04-07 07:00:00+00:00,1431.45,1466.36,1431.23,1451.38,97549.7044
2025-04-07 07:30:00+00:00,1451.38,1477.64,1443.83,1460.15,61935.3579
2025-04-07 08:00:00+00:00,1460.15,1498.7,1455.63,1490.2,50491.9744
2025-04-07 08:30:00+00:00,1490.2,1511.32,1483.6,1495.94,61231.8364
2025-04-07 09:00:00+00:00,1495.95,1502.62,1476.75,1494.22,25266.6657
2025-04-07 09:30:00+00:00,1494.22,1505.93,1481.5,1484.46,31118.0409
2025-04-07 10:00:00+00:00,1484.45,1520.83,1481.95,1506.51,43877.6226
2025-04-07 10:30:00+00:00,1506.5,1514.33,1488.61,1491.35,35530.9556
2025-04-07 11:00:00+00:00,1491.36,1503.95,1490.2,1494.68,16729.6541
2025-04-07 11:30:00+00:00,1494.68,1495.6,1474.61,1483.11,24921.1358
2025-04-07 12:00:00+00:00,1483.11,1519.89,1478.12,1517.53,31695.4669
2025-04-07 12:30:00+00:00,1517.5,1526.98,1498.0,1521.03,59602.5863
2025-04-07 13:00:00+00:00,1521.02,1524.53,1501.95,1503.3,30367.7656
2025-04-07 13:30:00+00:00,1503.3,1558.34,1487.19,1550.47,109943.9661
2025-04-07 14:00:00+00:00,1550.46,1639.0,1539.19,1558.3,275316.9146
2025-04-07 14:30:00+00:00,1558.29,1595.0,1545.53,1569.62,127891.2268
2025-04-07 15:00:00+00:00,1569.64,1577.5,1533.94,1542.48,80714.488
2025-04-07 15:30:00+00:00,1542.51,1570.17,1542.19,1556.56,30368.599
2025-04-07 16:00:00+00:00,1556.56,1556.85,1533.32,1549.59,31474.1555
2025-04-07 16:30:00+00:00,1549.59,1557.61,1526.0,1529.18,20385.3353
2025-04-07 17:00:00+00:00,1529.18,1560.0,1529.17,1558.77,41362.569
2025-04-07 17:30:00+00:00,1558.79,1572.7,1551.02,1566.15,31719.5547
2025-04-07 18:00:00+00:00,1566.15,1572.0,1550.54,1551.79,24387.9048
2025-04-07 18:30:00+00:00,1551.8,1568.52,1546.93,1549.41,21635.8774
2025-04-07 19:00:00+00:00,1549.42,1561.59,1542.25,1546.33,21457.7002
2025-04-07 19:30:00+00:00,1546.32,1562.78,1543.25,1545.41,19081.725
2025-04-07 20:00:00+00:00,1545.47,1568.3,1545.06,1567.95,15035.2723
2025-04-07 20:30:00+00:00,1567.95,1579.95,1567.38,1570.94,16640.0722
2025-04-07 21:00:00+00:00,1570.94,1571.02,1558.03,1561.04,9018.2609
2025-04-07 21:30:00+00:00,1561.05,1576.93,1555.0,1568.64,7047.1368
2025-04-07 22:00:00+00:00,1568.67,1581.94,1565.58,1581.0,8440.5722
2025-04-07 22:30:00+00:00,1580.99,1585.5,1575.3,1578.78,8375.6919
2025-04-07 23:00:00+00:00,1578.78,1582.48,1563.88,1566.3,9031.1216
2025-04-07 23:30:00+00:00,1566.3,1568.03,1551.52,1553.04,10451.9603
2025-04-08 00:00:00+00:00,1553.04,1563.3,1549.69,1554.63,7605.7752
2025-04-08 00:30:00+00:00,1554.63,1559.33,1544.43,1544.73,10336.9977
2025-04-08 01:00:00+00:00,1544.73,1569.55,1541.04,1567.03,15290.4488
2025-04-08 01:30:00+00:00,1567.02,1594.0,1564.09,1591.32,22297.9921
2025-04-08 02:00:00+00:00,1591.31,1618.67,1588.46,1601.05,26027.1664
2025-04-08 02:30:00+00:00,1601.04,1601.05,1586.78,1589.69,11872.0106
2025-04-08 03:00:00+00:00,1589.7,1593.0,1581.66,1590.12,7830.358
2025-04-08 03:30:00+00:00,1590.12,1590.31,1579.36,1584.71,7009.7881
2025-04-08 04:00:00+00:00,1584.71,1598.85,1583.84,1598.03,7365.7082
2025-04-08 04:30:00+00:00,1598.02,1602.27,1590.7,1598.79,11575.465
2025-04-08 05:00:00+00:00,1598.78,1602.22,1582.08,1583.44,10175.784
2025-04-08 05:30:00+00:00,1583.45,1592.47,1582.09,1591.83,7094.2586
2025-04-08 06:00:00+00:00,1591.82,1591.82,1574.34,1578.75,8990.1463
2025-04-08 06:30:00+00:00,1578.75,1582.51,1574.56,1576.25,8115.1899
2025-04-08 07:00:00+00:00,1576.28,1578.55,1567.0,1571.38,14507.6138
2025-04-08 07:30:00+00:00,1571.38,1572.27,1561.89,1570.83,22217.4492
2025-04-08 08:00:00+00:00,1570.83,1571.49,1554.37,1557.71,10783.1594
2025-04-08 08:30:00+00:00,1557.72,1567.22,1557.72,1566.95,8154.7087
2025-04-08 09:00:00+00:00,1566.95,1575.42,1564.48,1565.01,9007.5285
2025-04-08 09:30:00+00:00,1565.01,1575.93,1564.64,1568.23,7312.1648
2025-04-08 10:00:00+00:00,1568.24,1572.13,1565.74,1569.6,8066.9993
2025-04-08 10:30:00+00:00,1569.59,1574.51,1565.23,1566.08,6173.1509
2025-04-08 11:00:00+00:00,1566.09,1575.46,1564.8,1572.04,11996.7292
2025-04-08 11:30:00+00:00,1572.03,1590.08,1571.71,1588.32,18097.8447
2025-04-08 12:00:00+00:00,1588.32,1593.47,1574.47,1578.37,17628.6748
2025-04-08 12:30:00+00:00,1578.37,1580.66,1567.69,1571.5,15883.0901
2025-04-08 13:00:00+00:00,1571.49,1583.86,1568.02,1581.82,19570.6972
2025-04-08 13:30:00+00:00,1581.82,1586.76,1550.82,1568.59,42015.4542
2025-04-08 14:00:00+00:00,1568.6,1583.22,1557.25,1557.64,26036.861
2025-04-08 14:30:00+00:00,1557.64,1562.6,1530.55,1531.16,29521.1432
2025-04-08 15:00:00+00:00,1531.17,1539.23,1518.29,1527.68,27843.9308
2025-04-08 15:30:00+00:00,1527.68,1538.72,1525.8,1531.77,16881.3505
2025-04-08 16:00:00+00:00,1531.76,1533.08,1512.26,1521.1,20019.1471
2025-04-08 16:30:00+00:00,1521.1,1524.12,1482.27,1486.79,50400.6998
2025-04-08 17:00:00+00:00,1486.84,1489.85,1454.63,1459.3,62071.3776
2025-04-08 17:30:00+00:00,1459.29,1485.7,1457.39,1481.04,53416.3225
2025-04-08 18:00:00+00:00,1481.05,1491.22,1471.81,1482.55,25340.3027
2025-04-08 18:30:00+00:00,1482.56,1500.58,1473.72,1475.79,33533.221
2025-04-08 19:00:00+00:00,1475.8,1478.82,1459.21,1468.53,22189.655
2025-04-08 19:30:00+00:00,1468.52,1474.84,1455.17,1466.67,29036.8576
2025-04-08 20:00:00+00:00,1466.67,1473.84,1460.25,1467.48,12796.0136
2025-04-08 20:30:00+00:00,1467.48,1482.63,1467.33,1482.1,11109.1714
2025-04-08 21:00:00+00:00,1482.12,1486.2,1465.9,1468.51,11293.3411
2025-04-08 21:30:00+00:00,1468.52,1478.46,1464.01,1477.23,6454.2617
2025-04-08 22:00:00+00:00,1477.24,1478.48,1441.3,1460.25,32216.5737
2025-04-08 22:30:00+00:00,1460.26,1471.42,1447.46,1467.19,16009.9576
2025-04-08 23:00:00+00:00,1467.18,1475.67,1462.72,1470.3,18080.1818
2025-04-08 23:30:00+00:00,1470.29,1476.8,1470.22,1473.41,14593.4093
2025-04-09 00:00:00+00:00,1473.41,1482.28,1463.79,1474.13,24737.0874
2025-04-09 00:30:00+00:00,1474.13,1480.47,1464.18,1467.65,16169.1995
2025-04-09 01:00:00+00:00,1467.66,1469.15,1385.05,1397.85,133293.5316
2025-04-09 01:30:00+00:00,1397.85,1439.24,1397.06,1435.3,54877.6819
2025-04-09 02:00:00+00:00,1435.31,1454.69,1432.6,1435.15,34799.8517
2025-04-09 02:30:00+00:00,1435.15,1442.73,1415.17,1419.04,28077.8227
2025-04-09 03:00:00+00:00,1419.04,1426.63,1412.06,1418.09,34911.7273
2025-04-09 03:30:00+00:00,1418.1,1424.84,1407.81,1418.8,22034.748
2025-04-09 04:00:00+00:00,1418.79,1442.81,1414.77,1428.95,46407.5061
2025-04-09 04:30:00+00:00,1428.95,1450.6,1428.36,1440.72,28545.3532
2025-04-09 05:00:00+00:00,1440.71,1464.8,1439.47,1460.17,31746.3614
2025-04-09 05:30:00+00:00,1460.16,1462.1,1452.86,1459.15,17189.0044
2025-04-09 06:00:00+00:00,1459.15,1476.83,1457.99,1465.15,22462.0946
2025-04-09 06:30:00+00:00,1465.11,1470.48,1458.14,1459.99,14622.1371
2025-04-09 07:00:00+00:00,1459.99,1481.2,1458.36,1478.82,46203.0056
2025-04-09 07:30:00+00:00,1478.83,1492.02,1476.11,1483.43,24306.2442
2025-04-09 08:00:00+00:00,1483.45,1488.48,1472.48,1478.49,21696.2362
2025-04-09 08:30:00+00:00,1478.49,1483.95,1471.0,1482.49,13648.9192
2025-04-09 09:00:00+00:00,1482.48,1486.0,1474.01,1474.79,11759.7312
2025-04-09 09:30:00+00:00,1474.79,1482.4,1471.2,1479.55,8096.9379
2025-04-09 10:00:00+00:00,1479.56,1487.86,1473.51,1483.06,11769.7953
2025-04-09 10:30:00+00:00,1483.06,1496.55,1472.9,1486.45,25154.169
2025-04-09 11:00:00+00:00,1486.45,1486.84,1445.95,1461.41,93293.91
2025-04-09 11:30:00+00:00,1461.41,1465.65,1445.07,1455.33,39722.7463
2025-04-09 12:00:00+00:00,1455.33,1460.06,1447.08,1448.95,21575.616
2025-04-09 12:30:00+00:00,1448.95,1469.43,1440.2,1461.81,26922.0947
2025-04-09 13:00:00+00:00,1461.8,1469.67,1455.42,1458.32,25122.1412
2025-04-09 13:30:00+00:00,1458.33,1499.24,1458.33,1487.53,70573.1641
2025-04-09 14:00:00+00:00,1487.52,1501.27,1474.24,1487.07,48191.4442
2025-04-09 14:30:00+00:00,1487.07,1497.87,1469.73,1470.96,31475.7712
2025-04-09 15:00:00+00:00,1470.95,1492.48,1469.36,1488.93,25904.7278
2025-04-09 15:30:00+00:00,1488.93,1496.8,1479.78,1485.26,24495.14
2025-04-09 16:00:00+00:00,1485.26,1498.73,1481.97,1490.52,24655.5901
2025-04-09 16:30:00+00:00,1490.61,1509.3,1489.17,1502.62,34216.2147
2025-04-09 17:00:00+00:00,1502.63,1595.73,1485.74,1572.02,237232.0548
2025-04-09 17:30:00+00:00,1572.19,1640.0,1570.34,1632.94,183056.9126
2025-04-09 18:00:00+00:00,1632.83,1673.29,1613.33,1656.98,123584.4967
2025-04-09 18:30:00+00:00,1657.03,1670.75,1627.5,1628.11,77192.3077
2025-04-09 19:00:00+00:00,1628.11,1645.52,1623.56,1641.78,28396.4255
2025-04-09 19:30:00+00:00,1641.79,1647.15,1635.69,1640.92,20071.2361
2025-04-09 20:00:00+00:00,1640.93,1656.36,1640.56,1649.74,26874.8341
2025-04-09 20:30:00+00:00,1649.75,1678.9,1649.44,1673.63,28926.6155
2025-04-09 21:00:00+00:00,1673.63,1689.0,1664.04,1682.1,38541.506
2025-04-09 21:30:00+00:00,1682.1,1682.76,1661.17,1671.64,15341.4045
2025-04-09 22:00:00+00:00,1671.64,1684.35,1666.27,1680.91,14042.8927
2025-04-09 22:30:00+00:00,1680.91,1683.6,1668.03,1671.17,11668.587
2025-04-09 23:00:00+00:00,1671.16,1674.58,1655.72,1658.49,12544.4671
2025-04-09 23:30:00+00:00,1658.49,1671.09,1656.78,1669.51,12399.4677
2025-04-10 00:00:00+00:00,1669.51,1669.85,1652.16,1652.62,16287.0444
2025-04-10 00:30:00+00:00,1652.62,1654.4,1634.16,1646.48,21730.9392
2025-04-10 01:00:00+00:00,1646.47,1651.61,1637.32,1637.32,10928.3952
2025-04-10 01:30:00+00:00,1637.31,1640.41,1628.79,1637.95,11918.2897
2025-04-10 02:00:00+00:00,1637.96,1646.25,1634.14,1645.02,8779.9063
2025-04-10 02:30:00+00:00,1645.02,1645.34,1629.44,1632.99,11434.4704
2025-04-10 03:00:00+00:00,1632.99,1636.14,1603.26,1608.15,31339.7288
2025-04-10 03:30:00+00:00,1608.15,1617.12,1601.76,1617.01,13978.6279
2025-04-10 04:00:00+00:00,1617.0,1619.7,1608.44,1609.01,11493.391
2025-04-10 04:30:00+00:00,1609.01,1620.78,1605.79,1619.63,9039.9178
2025-04-10 05:00:00+00:00,1619.63,1626.14,1616.82,1624.38,11905.4218
2025-04-10 05:30:00+00:00,1624.37,1625.58,1614.32,1617.08,13538.9182
2025-04-10 06:00:00+00:00,1617.09,1622.95,1610.84,1612.2,8731.8739
2025-04-10 06:30:00+00:00,1612.2,1617.2,1606.41,1616.34,8337.6292
2025-04-10 07:00:00+00:00,1616.34,1620.61,1608.44,1608.67,8479.7871
2025-04-10 07:30:00+00:00,1608.67,1608.72,1583.31,1595.81,33070.0849
2025-04-10 08:00:00+00:00,1595.81,1598.87,1590.26,1595.33,10581.2605
2025-04-10 08:30:00+00:00,1595.33,1595.33,1583.4,1592.71,15170.8665
2025-04-10 09:00:00+00:00,1592.71,1598.99,1586.28,1596.15,8863.1204
2025-04-10 09:30:00+00:00,1596.14,1606.86,1595.3,1604.0,18572.0444
2025-04-10 10:00:00+00:00,1604.0,1605.99,1595.85,1597.34,7444.2961
2025-04-10 10:30:00+00:00,1597.33,1598.43,1588.0,1594.87,9354.5937
2025-04-10 11:00:00+00:00,1594.88,1596.96,1581.36,1586.72,8847.7348
2025-04-10 11:30:00+00:00,1586.72,1596.12,1586.21,1594.81,8300.2092
2025-04-10 12:00:00+00:00,1594.8,1640.0,1587.14,1613.49,41115.3921
2025-04-10 12:30:00+00:00,1613.6,1626.95,1582.05,1593.31,44897.7368
2025-04-10 13:00:00+00:00,1593.31,1596.49,1582.15,1588.96,12687.3537
2025-04-10 13:30:00+00:00,1588.94,1592.42,1560.52,1568.77,47872.201
2025-04-10 14:00:00+00:00,1568.77,1576.43,1556.53,1569.98,30462.6152
2025-04-10 14:30:00+00:00,1569.99,1584.53,1563.65,1565.48,15481.7296
2025-04-10 15:00:00+00:00,1565.47,1567.7,1526.25,1527.27,42675.1032
2025-04-10 15:30:00+00:00,1527.27,1529.71,1483.6,1495.98,90631.7713
2025-04-10 16:00:00+00:00,1495.97,1508.71,1471.02,1488.3,59844.5832
2025-04-10 16:30:00+00:00,1488.32,1513.8,1487.48,1510.73,32751.9414
2025-04-10 17:00:00+00:00,1510.73,1520.18,1487.78,1500.16,36336.2751
2025-04-10 17:30:00+00:00,1500.16,1515.31,1497.84,1511.56,19651.7197
2025-04-10 18:00:00+00:00,1511.57,1522.28,1507.42,1518.56,15541.0472
2025-04-10 18:30:00+00:00,1518.56,1523.0,1512.74,1518.72,12007.0826
2025-04-10 19:00:00+00:00,1518.72,1524.92,1512.07,1512.37,13697.5001
2025-04-10 19:30:00+00:00,1512.37,1532.2,1510.73,1514.67,16781.4052
2025-04-10 20:00:00+00:00,1514.6,1523.71,1514.16,1519.69,9854.7646
2025-04-10 20:30:00+00:00,1519.69,1533.7,1519.14,1531.28,9151.1867
2025-04-10 21:00:00+00:00,1531.28,1533.33,1519.34,1524.0,9567.7548
2025-04-10 21:30:00+00:00,1524.01,1528.39,1522.36,1524.9,5055.7638
2025-04-10 22:00:00+00:00,1524.9,1532.81,1520.89,1526.81,7101.3844
2025-04-10 22:30:00+00:00,1526.81,1532.66,1524.14,1524.85,4650.8584
2025-04-10 23:00:00+00:00,1524.84,1526.64,1514.48,1517.44,7857.2956
2025-04-10 23:30:00+00:00,1517.44,1528.54,1516.34,1522.25,8052.3763
2025-04-11 00:00:00+00:00,1522.24,1529.29,1518.65,1520.94,8742.9031
2025-04-11 00:30:00+00:00,1520.93,1524.38,1504.63,1508.4,17324.6727
2025-04-11 01:00:00+00:00,1508.4,1529.42,1507.05,1527.85,8776.3688
2025-04-11 01:30:00+00:00,1527.85,1548.05,1527.84,1543.13,21991.505
2025-04-11 02:00:00+00:00,1543.14,1550.6,1533.8,1546.33,10649.5699
2025-04-11 02:30:00+00:00,1546.32,1549.17,1533.48,1534.57,8442.493
2025-04-11 03:00:00+00:00,1534.57,1543.28,1534.57,1542.21,7659.0709
2025-04-11 03:30:00+00:00,1542.22,1546.23,1536.2,1544.61,10471.7835
2025-04-11 04:00:00+00:00,1544.61,1558.42,1542.73,1550.55,12691.2742
2025-04-11 04:30:00+00:00,1550.56,1551.93,1545.05,1547.49,6538.443
2025-04-11 05:00:00+00:00,1547.49,1551.51,1541.04,1550.53,8766.2553
2025-04-11 05:30:00+00:00,1550.52,1553.18,1545.21,1549.19,5846.8068
2025-04-11 06:00:00+00:00,1549.19,1562.8,1549.19,1552.39,9006.6946
2025-04-11 06:30:00+00:00,1552.37,1560.0,1551.1,1552.64,8261.2818
2025-04-11 07:00:00+00:00,1552.65,1554.8,1546.88,1547.65,8228.876
2025-04-11 07:30:00+00:00,1547.66,1558.47,1547.65,1553.04,9844.4102
2025-04-11 08:00:00+00:00,1553.05,1572.42,1538.14,1553.53,36126.198
2025-04-11 08:30:00+00:00,1553.53,1564.49,1545.69,1551.55,14075.7501
2025-04-11 09:00:00+00:00,1551.55,1562.71,1544.68,1560.0,13551.6207
2025-04-11 09:30:00+00:00,1559.99,1570.93,1558.66,1564.0,13687.0749
2025-04-11 10:00:00+00:00,1563.99,1569.61,1554.29,1567.88,15714.1515
2025-04-11 10:30:00+00:00,1567.88,1585.0,1563.04,1568.39,22779.1736
2025-04-11 11:00:00+00:00,1568.39,1575.35,1558.45,1559.84,15010.387
2025-04-11 11:30:00+00:00,1559.85,1564.85,1555.68,1558.79,8237.9937
2025-04-11 12:00:00+00:00,1558.8,1562.11,1553.81,1559.66,9245.7827
2025-04-11 12:30:00+00:00,1559.65,1575.26,1554.5,1558.2,20997.2325
2025-04-11 13:00:00+00:00,1558.15,1560.0,1549.85,1558.59,16000.6009
2025-04-11 13:30:00+00:00,1558.59,1581.44,1554.5,1570.61,31292.7862
2025-04-11 14:00:00+00:00,1570.61,1570.61,1541.48,1545.84,32003.7969
2025-04-11 14:30:00+00:00,1545.85,1564.73,1544.55,1556.47,14337.1848
2025-04-11 15:00:00+00:00,1556.47,1563.12,1553.87,1561.33,14280.5643
2025-04-11 15:30:00+00:00,1561.33,1570.62,1560.36,1565.44,10597.5862
2025-04-11 16:00:00+00:00,1565.44,1566.51,1555.87,1560.67,6152.7166
2025-04-11 16:30:00+00:00,1560.68,1573.52,1560.67,1565.78,9415.3922
2025-04-11 17:00:00+00:00,1565.78,1570.41,1563.34,1566.4,6845.9253
2025-04-11 17:30:00+00:00,1566.41,1591.47,1565.68,1580.11,27107.3985
2025-04-11 18:00:00+00:00,1580.11,1582.43,1566.94,1573.64,15203.9398
2025-04-11 18:30:00+00:00,1573.64,1574.62,1561.75,1562.27,7819.2348
2025-04-11 19:00:00+00:00,1562.27,1572.62,1562.04,1568.26,5650.26
2025-04-11 19:30:00+00:00,1568.25,1568.25,1562.05,1565.79,5649.257
2025-04-11 20:00:00+00:00,1565.79,1572.85,1563.02,1572.5,4307.3237
2025-04-11 20:30:00+00:00,1572.49,1574.91,1568.76,1571.36,3894.4408
2025-04-11 21:00:00+00:00,1571.36,1586.97,1571.36,1576.29,10890.6171
2025-04-11 21:30:00+00:00,1576.28,1577.25,1565.49,1573.06,6802.5374
2025-04-11 22:00:00+00:00,1573.06,1575.6,1567.82,1572.76,4906.4582
2025-04-11 22:30:00+00:00,1572.76,1572.76,1565.69,1566.38,3115.8314
2025-04-11 23:00:00+00:00,1566.38,1566.38,1558.7,1561.26,5243.0441
2025-04-11 23:30:00+00:00,1561.26,1571.08,1560.7,1566.85,4299.6486
2025-04-12 00:00:00+00:00,1566.85,1569.79,1561.67,1564.45,6384.2542
2025-04-12 00:30:00+00:00,1564.44,1568.01,1560.89,1562.25,4106.3192
2025-04-12 01:00:00+00:00,1562.25,1564.77,1555.82,1557.95,5960.4131
2025-04-12 01:30:00+00:00,1557.94,1561.35,1552.48,1554.68,5786.4924
2025-04-12 02:00:00+00:00,1554.67,1557.29,1546.06,1554.45,8870.6888
2025-04-12 02:30:00+00:00,1554.45,1557.1,1547.75,1547.76,5074.2404
2025-04-12 03:00:00+00:00,1547.76,1552.85,1546.85,1551.91,5215.2875
2025-04-12 03:30:00+00:00,1551.91,1559.6,1550.72,1554.4,7151.7834
2025-04-12 04:00:00+00:00,1554.4,1558.76,1550.5,1558.76,5707.1325
2025-04-12 04:30:00+00:00,1558.76,1570.51,1555.7,1567.52,12124.6361
2025-04-12 05:00:00+00:00,1567.52,1571.0,1564.72,1568.59,4813.6727
2025-04-12 05:30:00+00:00,1568.6,1572.54,1567.34,1568.56,3675.5818
2025-04-12 06:00:00+00:00,1568.57,1578.82,1568.57,1573.81,7294.0318
2025-04-12 06:30:00+00:00,1573.81,1575.45,1571.21,1573.85,3944.9231
2025-04-12 07:00:00+00:00,1573.86,1578.67,1571.44,1576.5,4194.7498
2025-04-12 07:30:00+00:00,1576.5,1585.23,1576.5,1582.05,6970.837
2025-04-12 08:00:00+00:00,1582.04,1606.41,1581.0,1593.93,25878.3896
2025-04-12 08:30:00+00:00,1593.92,1595.85,1588.37,1591.76,6311.4328
2025-04-12 09:00:00+00:00,1591.76,1599.85,1588.69,1593.28,11219.0175
2025-04-12 09:30:00+00:00,1593.27,1602.53,1593.13,1597.5,6987.086
2025-04-12 10:00:00+00:00,1597.51,1597.74,1591.7,1594.18,4519.4652
2025-04-12 10:30:00+00:00,1594.19,1594.73,1587.8,1592.02,6360.1833
2025-04-12 11:00:00+00:00,1592.02,1598.52,1592.02,1598.03,4186.7762
2025-04-12 11:30:00+00:00,1598.02,1598.02,1593.37,1594.06,2727.2543
2025-04-12 12:00:00+00:00,1594.06,1599.2,1590.7,1597.5,4500.3715
2025-04-12 12:30:00+00:00,1597.51,1616.9,1593.71,1607.22,22347.1234
2025-04-12 13:00:00+00:00,1607.23,1625.5,1606.07,1620.75,23502.8631
2025-04-12 13:30:00+00:00,1620.74,1646.99,1612.96,1638.76,31852.7624
2025-04-12 14:00:00+00:00,1638.75,1669.59,1635.48,1657.0,49376.14
2025-04-12 14:30:00+00:00,1657.0,1667.31,1647.68,1653.85,21460.5739
2025-04-12 15:00:00+00:00,1653.84,1667.26,1648.19,1660.24,17658.0929
2025-04-12 15:30:00+00:00,1660.24,1667.23,1654.56,1655.87,14200.6093
2025-04-12 16:00:00+00:00,1655.88,1662.33,1650.6,1657.7,13461.0092
2025-04-12 16:30:00+00:00,1657.7,1658.69,1637.4,1643.72,19527.5128
2025-04-12 17:00:00+00:00,1643.72,1647.15,1628.24,1637.44,20574.3536
2025-04-12 17:30:00+00:00,1637.44,1641.91,1632.12,1633.82,10702.2418
2025-04-12 18:00:00+00:00,1633.82,1646.19,1633.34,1645.53,8580.3146
2025-04-12 18:30:00+00:00,1645.52,1654.89,1642.12,1650.66,10367.0097
2025-04-12 19:00:00+00:00,1650.67,1651.46,1636.68,1640.04,8089.595
2025-04-12 19:30:00+00:00,1640.04,1643.43,1634.85,1642.63,5343.4353
2025-04-12 20:00:00+00:00,1642.64,1649.21,1641.24,1648.64,7470.7003
2025-04-12 20:30:00+00:00,1648.64,1659.93,1647.0,1649.24,15221.3802
2025-04-12 21:00:00+00:00,1649.24,1653.55,1646.38,1649.67,5932.7571
2025-04-12 21:30:00+00:00,1649.67,1654.94,1645.57,1647.35,7155.8871
2025-04-12 22:00:00+00:00,1647.35,1656.34,1647.34,1649.36,5670.4416
2025-04-12 22:30:00+00:00,1649.36,1652.81,1647.67,1649.85,4143.9951
2025-04-12 23:00:00+00:00,1649.85,1652.0,1645.01,1648.45,4818.7199
2025-04-12 23:30:00+00:00,1648.46,1649.67,1642.95,1644.18,4445.3648
2025-04-13 00:00:00+00:00,1644.19,1649.49,1637.15,1639.2,6833.4851
2025-04-13 00:30:00+00:00,1639.2,1646.47,1634.77,1642.1,6898.2638
2025-04-13 01:00:00+00:00,1642.09,1647.99,1638.73,1645.42,6068.8011
2025-04-13 01:30:00+00:00,1645.43,1649.75,1609.09,1617.11,18925.0292
2025-04-13 02:00:00+00:00,1617.11,1622.18,1606.55,1610.02,14943.7034
2025-04-13 02:30:00+00:00,1610.02,1628.44,1608.29,1625.4,9660.9783
2025-04-13 03:00:00+00:00,1625.41,1629.23,1621.61,1622.74,7003.0019
2025-04-13 03:30:00+00:00,1622.74,1629.0,1622.74,1624.53,5044.0154
2025-04-13 04:00:00+00:00,1624.52,1624.66,1609.88,1618.36,9442.88
2025-04-13 04:30:00+00:00,1618.36,1618.91,1602.71,1609.0,12054.9309
2025-04-13 05:00:00+00:00,1608.99,1611.93,1597.47,1607.88,13174.9751
2025-04-13 05:30:00+00:00,1607.87,1613.52,1606.22,1609.28,4948.4472
2025-04-13 06:00:00+00:00,1609.29,1617.43,1607.89,1615.1,5040.3985
2025-04-13 06:30:00+00:00,1615.1,1623.32,1615.09,1616.99,4913.8769
2025-04-13 07:00:00+00:00,1616.99,1621.41,1615.4,1616.46,3631.9876
2025-04-13 07:30:00+00:00,1616.47,1616.79,1610.96,1613.5,4032.7964
2025-04-13 08:00:00+00:00,1613.51,1618.53,1608.8,1617.09,5546.9412
2025-04-13 08:30:00+00:00,1617.08,1621.94,1616.0,1620.6,4190.6699
2025-04-13 09:00:00+00:00,1620.6,1626.71,1617.04,1624.87,4654.9443
2025-04-13 09:30:00+00:00,1624.87,1627.81,1621.91,1627.14,5974.2507
2025-04-13 10:00:00+00:00,1627.15,1628.2,1613.31,1613.88,5548.8927
2025-04-13 10:30:00+00:00,1613.88,1619.12,1612.06,1617.92,10002.5843
2025-04-13 11:00:00+00:00,1617.92,1618.86,1592.58,1603.4,27369.9811
2025-04-13 11:30:00+00:00,1603.39,1604.87,1596.26,1604.28,9248.7423
2025-04-13 12:00:00+00:00,1604.29,1609.3,1600.0,1602.72,8482.6494
2025-04-13 12:30:00+00:00,1602.72,1606.18,1599.93,1603.04,10149.2055
2025-04-13 13:00:00+00:00,1603.04,1607.8,1591.34,1593.47,13134.2225
2025-04-13 13:30:00+00:00,1593.48,1597.6,1566.11,1574.26,27913.9348
2025-04-13 14:00:00+00:00,1574.27,1581.63,1568.37,1580.0,15042.1433
2025-04-13 14:30:00+00:00,1580.01,1589.4,1578.14,1586.01,17056.5257
2025-04-13 15:00:00+00:00,1586.01,1588.12,1579.73,1583.2,8493.8408
2025-04-13 15:30:00+00:00,1583.2,1588.61,1580.53,1586.62,7036.0777
2025-04-13 16:00:00+00:00,1586.61,1602.45,1586.38,1597.54,16504.1771
2025-04-13 16:30:00+00:00,1597.55,1598.92,1591.47,1595.69,7056.5235
2025-04-13 17:00:00+00:00,1595.7,1638.0,1594.25,1615.82,33790.3335
2025-04-13 17:30:00+00:00,1615.83,1649.04,1611.11,1636.77,26230.3102
2025-04-13 18:00:00+00:00,1636.77,1647.18,1626.22,1627.49,15382.4758
2025-04-13 18:30:00+00:00,1627.49,1635.3,1626.39,1629.96,9249.2856
2025-04-13 19:00:00+00:00,1629.97,1630.16,1617.84,1620.63,11297.0125
2025-04-13 19:30:00+00:00,1620.63,1624.6,1562.01,1590.25,53992.8296
2025-04-13 20:00:00+00:00,1590.25,1617.08,1584.14,1607.19,17929.7692
2025-04-13 20:30:00+00:00,1607.19,1609.79,1584.94,1590.76,19064.9949
2025-04-13 21:00:00+00:00,1590.76,1594.17,1574.1,1591.5,15757.3858
2025-04-13 21:30:00+00:00,1591.49,1603.0,1572.24,1593.84,14525.1758
2025-04-13 22:00:00+00:00,1593.83,1599.9,1586.67,1592.6,10300.9219
2025-04-13 22:30:00+00:00,1592.6,1594.52,1583.68,1586.17,5539.4068
2025-04-13 23:00:00+00:00,1586.18,1597.27,1581.78,1595.94,5638.0301
2025-04-13 23:30:00+00:00,1595.94,1600.26,1587.18,1597.76,5414.8052
2025-04-14 00:00:00+00:00,1597.76,1633.98,1595.56,1623.03,24440.6842
2025-04-14 00:30:00+00:00,1623.04,1624.55,1607.68,1611.85,13303.961
2025-04-14 01:00:00+00:00,1611.85,1619.6,1609.09,1619.47,7050.1254
2025-04-14 01:30:00+00:00,1619.48,1622.58,1611.64,1617.34,6330.1459
2025-04-14 02:00:00+00:00,1617.34,1640.96,1614.43,1639.99,12428.0878
2025-04-14 02:30:00+00:00,1639.99,1660.32,1634.41,1635.44,42568.6448
2025-04-14 03:00:00+00:00,1635.44,1636.77,1626.81,1632.97,11777.2972
2025-04-14 03:30:00+00:00,1632.96,1637.68,1625.85,1629.59,8934.4125
2025-04-14 04:00:00+00:00,1629.6,1636.91,1627.67,1636.54,9727.7117
2025-04-14 04:30:00+00:00,1636.55,1642.19,1633.41,1636.52,7090.1966
2025-04-14 05:00:00+00:00,1636.53,1640.16,1633.17,1636.29,9482.2979
2025-04-14 05:30:00+00:00,1636.28,1636.98,1620.65,1624.38,9321.7526
2025-04-14 06:00:00+00:00,1624.38,1624.38,1614.56,1620.71,9111.0946
2025-04-14 06:30:00+00:00,1620.72,1628.04,1620.23,1623.77,6148.5008
2025-04-14 07:00:00+00:00,1623.76,1628.18,1612.63,1625.37,9977.3463
2025-04-14 07:30:00+00:00,1625.37,1636.4,1623.77,1635.57,8033.5744
2025-04-14 08:00:00+00:00,1635.58,1638.77,1629.34,1635.94,7553.8901
2025-04-14 08:30:00+00:00,1635.94,1642.12,1632.9,1638.28,6363.2509
2025-04-14 09:00:00+00:00,1638.27,1645.24,1632.6,1633.74,7918.3326
2025-04-14 09:30:00+00:00,1633.74,1642.78,1631.24,1641.34,7258.3811
2025-04-14 10:00:00+00:00,1641.34,1668.81,1639.09,1662.71,31357.3685
2025-04-14 10:30:00+00:00,1662.72,1684.9,1662.71,1678.83,28413.1169
2025-04-14 11:00:00+00:00,1678.84,1691.5,1672.62,1675.87,38311.2913
2025-04-14 11:30:00+00:00,1675.88,1680.4,1671.57,1675.32,13305.9506
2025-04-14 12:00:00+00:00,1675.32,1678.23,1666.0,1673.13,12399.809
2025-04-14 12:30:00+00:00,1673.14,1677.73,1670.66,1677.73,7902.9471
2025-04-14 13:00:00+00:00,1677.73,1680.61,1670.6,1673.57,9972.6568
2025-04-14 13:30:00+00:00,1673.58,1675.44,1648.17,1658.38,26648.0044
2025-04-14 14:00:00+00:00,1658.39,1668.6,1655.06,1667.92,10715.0416
2025-04-14 14:30:00+00:00,1667.93,1689.59,1666.73,1673.4,21883.6801
2025-04-14 15:00:00+00:00,1673.4,1675.0,1650.0,1651.08,22450.695
2025-04-14 15:30:00+00:00,1651.19,1656.39,1619.34,1627.93,45324.9119
2025-04-14 16:00:00+00:00,1627.94,1636.79,1615.0,1623.73,20887.9151
2025-04-14 16:30:00+00:00,1623.73,1635.38,1621.4,1627.96,16537.6079
2025-04-14 17:00:00+00:00,1627.95,1647.14,1627.08,1641.58,22021.4354
2025-04-14 17:30:00+00:00,1641.54,1649.52,1637.07,1648.11,12329.8322
2025-04-14 18:00:00+00:00,1648.12,1651.51,1639.21,1641.17,10872.7257
2025-04-14 18:30:00+00:00,1641.17,1643.39,1635.21,1640.45,7125.8489
2025-04-14 19:00:00+00:00,1640.45,1647.37,1638.0,1638.64,6206.6831
2025-04-14 19:30:00+00:00,1638.64,1642.42,1631.49,1636.58,9057.2946
2025-04-14 20:00:00+00:00,1636.58,1637.39,1626.72,1629.05,5565.0568
2025-04-14 20:30:00+00:00,1629.04,1638.18,1627.0,1635.18,4260.8761
2025-04-14 21:00:00+00:00,1635.19,1635.62,1629.46,1630.93,3234.8996
2025-04-14 21:30:00+00:00,1630.94,1631.36,1606.01,1624.63,13799.9353
2025-04-14 22:00:00+00:00,1624.64,1625.12,1614.33,1616.59,5746.5508
2025-04-14 22:30:00+00:00,1616.59,1624.26,1615.85,1621.05,4343.6646
2025-04-14 23:00:00+00:00,1621.06,1629.35,1619.01,1624.59,5123.9361
2025-04-14 23:30:00+00:00,1624.58,1629.29,1618.3,1623.77,5310.7181
2025-04-15 00:00:00+00:00,1623.78,1628.34,1614.8,1626.72,8703.5131
2025-04-15 00:30:00+00:00,1626.72,1634.38,1625.93,1631.09,8185.682
2025-04-15 01:00:00+00:00,1631.09,1631.82,1615.65,1631.05,7821.0829
2025-04-15 01:30:00+00:00,1631.05,1637.88,1628.74,1634.3,10115.7974
2025-04-15 02:00:00+00:00,1634.3,1637.99,1622.45,1623.67,7726.7945
2025-04-15 02:30:00+00:00,1623.67,1633.11,1617.1,1631.72,7918.6405
2025-04-15 03:00:00+00:00,1631.72,1636.19,1627.51,1634.62,6578.6988
2025-04-15 03:30:00+00:00,1634.62,1643.7,1634.52,1637.89,9543.2332
2025-04-15 04:00:00+00:00,1637.9,1641.18,1632.06,1632.64,5427.9956
2025-04-15 04:30:00+00:00,1632.64,1641.39,1632.22,1639.25,5093.3213
2025-04-15 05:00:00+00:00,1639.24,1646.46,1639.2,1641.96,11647.2672
2025-04-15 05:30:00+00:00,1641.95,1648.47,1639.0,1639.03,7195.6991
2025-04-15 06:00:00+00:00,1639.02,1641.67,1633.94,1638.83,6494.5421
2025-04-15 06:30:00+00:00,1638.83,1643.09,1635.6,1636.75,4287.2745
2025-04-15 07:00:00+00:00,1636.74,1646.47,1636.4,1643.81,5035.6963
2025-04-15 07:30:00+00:00,1643.8,1647.03,1643.0,1644.84,4591.0055
2025-04-15 08:00:00+00:00,1644.83,1647.45,1640.48,1642.21,8052.26
2025-04-15 08:30:00+00:00,1642.21,1643.48,1638.8,1641.07,4913.2615
2025-04-15 09:00:00+00:00,1641.06,1651.96,1638.8,1644.19,9113.4887
2025-04-15 09:30:00+00:00,1644.18,1648.69,1634.91,1648.59,8905.679
2025-04-15 10:00:00+00:00,1648.59,1651.46,1632.7,1635.35,12484.1738
2025-04-15 10:30:00+00:00,1635.39,1636.67,1626.29,1633.11,11521.6701
2025-04-15 11:00:00+00:00,1633.11,1633.36,1622.47,1629.0,8460.7438
2025-04-15 11:30:00+00:00,1629.01,1632.86,1626.57,1632.05,8522.8788
2025-04-15 12:00:00+00:00,1632.06,1638.3,1629.6,1631.38,7159.3599
2025-04-15 12:30:00+00:00,1631.37,1642.9,1629.06,1641.94,8189.048
2025-04-15 13:00:00+00:00,1641.94,1645.48,1635.09,1640.03,10641.2998
2025-04-15 13:30:00+00:00,1640.03,1661.21,1620.5,1629.0,52205.8536
2025-04-15 14:00:00+00:00,1629.01,1637.2,1601.36,1612.56,48367.151
2025-04-15 14:30:00+00:00,1612.57,1629.55,1610.3,1620.57,19819.1402
2025-04-15 15:00:00+00:00,1620.57,1631.4,1619.15,1623.8,8276.2135
2025-04-15 15:30:00+00:00,1623.79,1624.19,1612.01,1621.02,13145.7525
2025-04-15 16:00:00+00:00,1621.01,1627.27,1619.0,1625.32,7344.683
2025-04-15 16:30:00+00:00,1625.33,1627.99,1620.25,1622.56,4592.0608
2025-04-15 17:00:00+00:00,1622.57,1626.92,1615.1,1616.38,5791.3388
2025-04-15 17:30:00+00:00,1616.38,1623.4,1612.96,1616.03,9565.4034
2025-04-15 18:00:00+00:00,1616.04,1619.04,1604.34,1609.01,12592.7406
2025-04-15 18:30:00+00:00,1609.01,1616.34,1608.29,1610.49,6429.0182
2025-04-15 19:00:00+00:00,1610.48,1613.12,1597.17,1602.6,11631.8237
2025-04-15 19:30:00+00:00,1602.61,1608.5,1602.27,1606.96,6929.4915
2025-04-15 20:00:00+00:00,1606.95,1614.78,1606.51,1609.52,4381.4544
2025-04-15 20:30:00+00:00,1609.52,1611.77,1586.35,1594.94,15346.7827
2025-04-15 21:00:00+00:00,1594.94,1599.51,1589.8,1598.64,5407.724
2025-04-15 21:30:00+00:00,1598.64,1605.91,1597.8,1603.65,5192.3713
2025-04-15 22:00:00+00:00,1603.64,1603.8,1590.63,1594.17,5694.5845
2025-04-15 22:30:00+00:00,1594.18,1597.56,1583.12,1590.89,7075.3582
2025-04-15 23:00:00+00:00,1590.88,1596.35,1588.01,1596.35,5319.4507
2025-04-15 23:30:00+00:00,1596.36,1597.68,1585.42,1588.78,6740.3875
2025-04-16 00:00:00+00:00,1588.77,1593.85,1576.5,1592.82,12583.9062
2025-04-16 00:30:00+00:00,1592.81,1595.08,1579.43,1581.1,7811.7137
2025-04-16 01:00:00+00:00,1581.1,1597.83,1578.83,1595.86,6818.8448
2025-04-16 01:30:00+00:00,1595.85,1600.8,1590.21,1596.69,7438.5668
2025-04-16 02:00:00+00:00,1596.69,1604.4,1595.72,1599.25,6954.8435
2025-04-16 02:30:00+00:00,1599.24,1600.47,1593.0,1598.59,4089.1615
2025-04-16 03:00:00+00:00,1598.6,1601.0,1595.52,1595.79,3536.5055
2025-04-16 03:30:00+00:00,1595.79,1596.7,1589.04,1591.04,4491.7188
2025-04-16 04:00:00+00:00,1591.04,1593.66,1577.0,1581.68,8968.0511
2025-04-16 04:30:00+00:00,1581.68,1588.08,1578.5,1587.25,8250.8378
2025-04-16 05:00:00+00:00,1587.25,1592.93,1551.18,1566.34,37660.5623
2025-04-16 05:30:00+00:00,1566.34,1575.3,1559.03,1569.36,13902.3322
2025-04-16 06:00:00+00:00,1569.35,1576.0,1566.6,1572.59,8349.0501
2025-04-16 06:30:00+00:00,1572.58,1579.99,1572.44,1576.48,7979.5472
2025-04-16 07:00:00+00:00,1576.48,1579.15,1566.66,1568.73,6331.5722
2025-04-16 07:30:00+00:00,1568.72,1571.67,1563.0,1564.28,6570.8706
2025-04-16 08:00:00+00:00,1564.28,1575.5,1556.7,1571.19,14309.1919
2025-04-16 08:30:00+00:00,1571.19,1583.48,1571.19,1575.49,11053.5829
2025-04-16 09:00:00+00:00,1575.49,1579.64,1574.24,1575.0,5306.1351
2025-04-16 09:30:00+00:00,1575.01,1577.14,1567.54,1568.28,7148.3888
2025-04-16 10:00:00+00:00,1568.28,1581.64,1567.7,1580.0,6336.675
2025-04-16 10:30:00+00:00,1580.0,1584.26,1578.3,1581.62,5878.8252
2025-04-16 11:00:00+00:00,1581.63,1586.1,1578.48,1579.1,6922.3545
2025-04-16 11:30:00+00:00,1579.1,1585.85,1576.24,1584.17,4180.8057
2025-04-16 12:00:00+00:00,1584.18,1588.6,1582.56,1586.38,8007.3215
2025-04-16 12:30:00+00:00,1586.39,1587.49,1575.18,1577.34,7195.5795
2025-04-16 13:00:00+00:00,1577.35,1578.98,1572.11,1573.0,11016.0007
2025-04-16 13:30:00+00:00,1573.0,1582.06,1566.28,1567.62,17503.538
2025-04-16 14:00:00+00:00,1567.61,1585.91,1567.17,1584.28,14631.7784
2025-04-16 14:30:00+00:00,1584.28,1599.32,1584.28,1591.0,29982.2174
2025-04-16 15:00:00+00:00,1591.0,1613.66,1585.26,1605.44,25493.1359
2025-04-16 15:30:00+00:00,1605.45,1607.23,1588.91,1590.69,14108.8635
2025-04-16 16:00:00+00:00,1590.7,1597.19,1581.41,1584.74,10781.9408
2025-04-16 16:30:00+00:00,1584.75,1595.23,1576.13,1592.66,10449.1803
2025-04-16 17:00:00+00:00,1592.66,1612.83,1591.0,1604.48,17522.0214
2025-04-16 17:30:00+00:00,1604.48,1607.87,1538.07,1545.7,74851.2457
2025-04-16 18:00:00+00:00,1545.71,1579.35,1543.19,1577.48,34726.5736
2025-04-16 18:30:00+00:00,1577.47,1580.25,1557.07,1566.5,18526.8554
2025-04-16 19:00:00+00:00,1566.49,1570.44,1553.54,1554.73,11219.9419
2025-04-16 19:30:00+00:00,1554.73,1595.45,1552.36,1588.6,30453.0727
2025-04-16 20:00:00+00:00,1588.61,1594.18,1583.61,1589.14,9399.7126
2025-04-16 20:30:00+00:00,1589.15,1590.58,1570.0,1573.63,7800.049
2025-04-16 21:00:00+00:00,1573.62,1597.98,1571.54,1589.79,14651.9182
2025-04-16 21:30:00+00:00,1589.79,1598.15,1586.11,1592.03,6253.8363
2025-04-16 22:00:00+00:00,1592.04,1592.9,1584.77,1586.14,5666.9824
2025-04-16 22:30:00+00:00,1586.14,1591.45,1583.8,1587.72,5722.333
2025-04-16 23:00:00+00:00,1587.72,1588.53,1576.66,1578.03,5989.363
2025-04-16 23:30:00+00:00,1578.03,1579.52,1572.67,1577.14,6560.364
2025-04-17 00:00:00+00:00,1577.15,1585.46,1574.69,1582.89,8780.9968
2025-04-17 00:30:00+00:00,1582.9,1586.82,1580.41,1585.2,6573.1437
2025-04-17 01:00:00+00:00,1585.19,1590.0,1582.86,1589.4,6319.8063
2025-04-17 01:30:00+00:00,1589.39,1593.84,1582.76,1589.3,8076.9407
2025-04-17 02:00:00+00:00,1589.31,1590.18,1582.0,1588.65,4766.5721
2025-04-17 02:30:00+00:00,1588.66,1593.24,1584.92,1591.93,9519.0637
2025-04-17 03:00:00+00:00,1591.93,1595.57,1578.06,1578.99,9498.5536
2025-04-17 03:30:00+00:00,1579.0,1585.7,1577.47,1584.91,6376.4578
2025-04-17 04:00:00+00:00,1584.91,1586.14,1581.83,1583.72,4649.1772
2025-04-17 04:30:00+00:00,1583.71,1592.56,1580.99,1591.29,6629.4066
2025-04-17 05:00:00+00:00,1591.29,1598.98,1589.84,1596.04,8886.3544
2025-04-17 05:30:00+00:00,1596.04,1603.69,1595.52,1598.99,10763.4697
2025-04-17 06:00:00+00:00,1598.98,1609.45,1597.38,1606.78,10758.5022
2025-04-17 06:30:00+00:00,1606.78,1608.03,1601.07,1602.1,7185.7256
2025-04-17 07:00:00+00:00,1602.11,1608.25,1599.58,1608.18,7678.0781
2025-04-17 07:30:00+00:00,1608.19,1610.53,1600.35,1601.6,9093.0506
2025-04-17 08:00:00+00:00,1601.6,1604.23,1598.75,1599.6,5952.0934
2025-04-17 08:30:00+00:00,1599.6,1603.9,1594.1,1595.38,6624.1297
2025-04-17 09:00:00+00:00,1595.37,1596.5,1591.43,1593.17,8582.3
2025-04-17 09:30:00+00:00,1593.17,1597.56,1592.6,1595.43,4785.5032
2025-04-17 10:00:00+00:00,1595.43,1597.19,1588.65,1594.11,7419.45
2025-04-17 10:30:00+00:00,1594.11,1595.18,1591.2,1593.56,2215.0836
2025-04-17 11:00:00+00:00,1593.59,1597.19,1589.08,1593.56,3886.8125
2025-04-17 11:30:00+00:00,1593.57,1598.74,1590.86,1593.27,4775.5827
2025-04-17 12:00:00+00:00,1593.27,1603.19,1593.05,1600.93,9107.5641
2025-04-17 12:30:00+00:00,1600.93,1602.09,1597.23,1601.7,5386.5209
2025-04-17 13:00:00+00:00,1601.71,1601.77,1591.7,1596.23,8133.214
2025-04-17 13:30:00+00:00,1596.23,1597.71,1589.25,1593.78,10272.474
2025-04-17 14:00:00+00:00,1593.77,1594.55,1575.12,1576.52,16736.959
2025-04-17 14:30:00+00:00,1576.53,1578.5,1563.2,1569.91,19177.7559
2025-04-17 15:00:00+00:00,1569.91,1587.68,1569.9,1579.15,17465.842
2025-04-17 15:30:00+00:00,1579.15,1587.51,1579.14,1583.17,6930.6974
2025-04-17 16:00:00+00:00,1583.17,1610.74,1577.68,1604.91,36343.8071
2025-04-17 16:30:00+00:00,1604.91,1616.96,1598.54,1605.38,30092.4766
2025-04-17 17:00:00+00:00,1605.38,1612.5,1600.54,1604.62,12271.2341
2025-04-17 17:30:00+00:00,1604.62,1616.45,1604.62,1610.04,12130.1449
2025-04-17 18:00:00+00:00,1610.04,1615.7,1607.63,1609.38,9226.0468
2025-04-17 18:30:00+00:00,1609.39,1613.61,1600.7,1600.82,13699.1873
2025-04-17 19:00:00+00:00,1600.82,1603.8,1577.02,1582.39,22797.9886
2025-04-17 19:30:00+00:00,1582.39,1585.84,1577.89,1581.45,10781.677
2025-04-17 20:00:00+00:00,1581.44,1588.91,1581.15,1588.14,6441.5376
2025-04-17 20:30:00+00:00,1588.14,1590.77,1580.32,1584.51,7969.9603
2025-04-17 21:00:00+00:00,1584.5,1590.02,1582.66,1584.81,4249.4247
2025-04-17 21:30:00+00:00,1584.81,1591.84,1584.81,1587.64,3223.434
2025-04-17 22:00:00+00:00,1587.64,1591.75,1586.89,1589.26,3977.295
2025-04-17 22:30:00+00:00,1589.26,1590.83,1579.0,1579.2,4678.9506
2025-04-17 23:00:00+00:00,1579.2,1588.59,1579.2,1588.0,5210.6608
2025-04-17 23:30:00+00:00,1588.01,1588.5,1581.5,1583.62,3769.2559
2025-04-18 00:00:00+00:00,1583.63,1585.13,1577.68,1582.99,5262.8481
2025-04-18 00:30:00+00:00,1583.0,1583.97,1577.23,1579.8,5505.8502
2025-04-18 01:00:00+00:00,1579.8,1589.19,1578.09,1588.1,6276.9664
2025-04-18 01:30:00+00:00,1588.09,1588.09,1581.3,1582.99,3896.9147
2025-04-18 02:00:00+00:00,1583.0,1584.99,1578.97,1584.72,4407.6801
2025-04-18 02:30:00+00:00,1584.72,1587.42,1583.16,1584.57,7171.6777
2025-04-18 03:00:00+00:00,1584.57,1585.02,1579.31,1579.6,3184.3372
2025-04-18 03:30:00+00:00,1579.6,1585.39,1579.09,1584.15,3086.093
2025-04-18 04:00:00+00:00,1584.14,1585.1,1578.75,1583.44,3812.4375
2025-04-18 04:30:00+00:00,1583.44,1584.0,1579.94,1580.88,4603.5494
2025-04-18 05:00:00+00:00,1580.87,1580.88,1573.54,1574.69,8789.54
2025-04-18 05:30:00+00:00,1574.7,1581.5,1573.71,1581.4,5404.9393
2025-04-18 06:00:00+00:00,1581.4,1581.9,1577.38,1579.1,3992.2966
2025-04-18 06:30:00+00:00,1579.1,1581.4,1575.86,1581.04,4496.8965
2025-04-18 07:00:00+00:00,1581.05,1583.12,1577.01,1581.83,5091.8946
2025-04-18 07:30:00+00:00,1581.84,1585.19,1580.8,1584.09,4895.0368
2025-04-18 08:00:00+00:00,1584.1,1589.12,1583.56,1589.11,4586.7335
2025-04-18 08:30:00+00:00,1589.11,1592.82,1584.8,1586.97,5467.5507
2025-04-18 09:00:00+00:00,1586.97,1588.2,1584.25,1587.56,3678.0006
2025-04-18 09:30:00+00:00,1587.56,1592.0,1586.24,1588.44,3822.5166
2025-04-18 10:00:00+00:00,1588.45,1590.0,1587.0,1587.3,2922.5562
2025-04-18 10:30:00+00:00,1587.3,1587.76,1583.05,1584.08,3623.6163
2025-04-18 11:00:00+00:00,1584.08,1588.7,1582.3,1586.45,3854.8559
2025-04-18 11:30:00+00:00,1586.45,1591.0,1585.92,1590.67,2538.3022
2025-04-18 12:00:00+00:00,1590.67,1592.17,1587.18,1590.89,4582.7971
2025-04-18 12:30:00+00:00,1590.89,1597.2,1590.89,1593.24,6968.4316
2025-04-18 13:00:00+00:00,1593.24,1593.24,1587.19,1590.13,3527.2401
2025-04-18 13:30:00+00:00,1590.14,1593.73,1588.82,1593.04,3723.3269
2025-04-18 14:00:00+00:00,1593.04,1596.19,1587.23,1588.8,6040.7163
2025-04-18 14:30:00+00:00,1588.81,1591.06,1586.18,1589.21,3574.954
2025-04-18 15:00:00+00:00,1589.2,1589.98,1579.09,1581.57,8711.483
2025-04-18 15:30:00+00:00,1581.57,1583.27,1579.67,1583.17,3562.5545
2025-04-18 16:00:00+00:00,1583.17,1587.5,1581.8,1584.51,3377.7356
2025-04-18 16:30:00+00:00,1584.5,1587.96,1584.4,1587.4,2674.7433
2025-04-18 17:00:00+00:00,1587.4,1589.15,1585.17,1586.86,3007.2718
2025-04-18 17:30:00+00:00,1586.86,1593.0,1586.73,1591.86,3626.6964
2025-04-18 18:00:00+00:00,1591.85,1593.63,1589.8,1593.63,3603.0948
2025-04-18 18:30:00+00:00,1593.62,1595.0,1591.56,1593.56,3116.8191
2025-04-18 19:00:00+00:00,1593.56,1595.18,1591.2,1594.09,2770.1242
2025-04-18 19:30:00+00:00,1594.09,1594.09,1590.78,1593.31,2997.6571
2025-04-18 20:00:00+00:00,1593.31,1594.8,1590.49,1592.22,2816.8182
2025-04-18 20:30:00+00:00,1592.22,1593.73,1591.24,1593.47,2054.4449
2025-04-18 21:00:00+00:00,1593.46,1595.52,1592.7,1594.7,2319.3067
2025-04-18 21:30:00+00:00,1594.71,1600.64,1594.42,1599.75,5830.5003
2025-04-18 22:00:00+00:00,1599.75,1600.0,1593.4,1595.22,3029.7287
2025-04-18 22:30:00+00:00,1595.22,1596.4,1592.17,1592.97,1960.0881
2025-04-18 23:00:00+00:00,1592.97,1593.15,1587.01,1588.85,4052.7535
2025-04-18 23:30:00+00:00,1588.85,1591.72,1588.25,1588.6,2106.6596
2025-04-19 00:00:00+00:00,1588.6,1590.25,1585.01,1585.87,3250.5
2025-04-19 00:30:00+00:00,1585.87,1590.21,1585.87,1586.21,2218.6297
2025-04-19 01:00:00+00:00,1586.21,1590.59,1585.8,1589.72,2736.4506
2025-04-19 01:30:00+00:00,1589.73,1590.86,1586.7,1590.05,2729.4968
2025-04-19 02:00:00+00:00,1590.04,1596.34,1587.7,1594.71,6427.4766
2025-04-19 02:30:00+00:00,1594.71,1595.01,1591.11,1592.34,3363.375
2025-04-19 03:00:00+00:00,1592.35,1599.44,1592.21,1597.6,6066.3172
2025-04-19 03:30:00+00:00,1597.59,1600.26,1596.32,1597.76,4280.1522
2025-04-19 04:00:00+00:00,1597.75,1612.96,1597.0,1611.27,12145.6272
2025-04-19 04:30:00+00:00,1611.27,1613.48,1602.5,1603.47,7196.6477
2025-04-19 05:00:00+00:00,1603.47,1605.75,1601.08,1605.27,3760.0843
2025-04-19 05:30:00+00:00,1605.27,1605.4,1602.0,1602.24,2394.489
2025-04-19 06:00:00+00:00,1602.24,1603.26,1598.8,1599.99,4489.4602
2025-04-19 06:30:00+00:00,1600.0,1600.0,1595.33,1596.55,4916.8256
2025-04-19 07:00:00+00:00,1596.55,1603.3,1596.54,1602.14,4445.6167
2025-04-19 07:30:00+00:00,1602.13,1604.2,1600.28,1600.94,3735.9324
2025-04-19 08:00:00+00:00,1600.94,1602.48,1598.5,1602.48,3085.0095
2025-04-19 08:30:00+00:00,1602.48,1605.23,1599.81,1602.95,3922.6782
2025-04-19 09:00:00+00:00,1602.96,1606.4,1601.7,1603.16,4144.7034
2025-04-19 09:30:00+00:00,1603.15,1603.22,1597.66,1598.16,4204.7286
2025-04-19 10:00:00+00:00,1598.16,1600.83,1596.47,1598.7,5178.0286
2025-04-19 10:30:00+00:00,1598.7,1599.1,1594.07,1596.39,3363.8347
2025-04-19 11:00:00+00:00,1596.39,1598.9,1595.63,1596.79,3530.4874
2025-04-19 11:30:00+00:00,1596.8,1598.05,1594.86,1596.79,2740.7919
2025-04-19 12:00:00+00:00,1596.8,1599.2,1595.28,1598.93,2694.0837
2025-04-19 12:30:00+00:00,1598.93,1599.19,1595.05,1597.19,2290.8354
2025-04-19 13:00:00+00:00,1597.2,1601.6,1595.2,1600.88,4349.3032
2025-04-19 13:30:00+00:00,1600.89,1606.4,1599.42,1604.48,7525.5788
2025-04-19 14:00:00+00:00,1604.47,1608.11,1603.0,1606.36,5468.9853
2025-04-19 14:30:00+00:00,1606.37,1607.66,1604.4,1606.18,3900.6461
2025-04-19 15:00:00+00:00,1606.17,1612.29,1604.0,1610.8,7533.1354
2025-04-19 15:30:00+00:00,1610.8,1611.6,1603.26,1607.28,5279.0553
2025-04-19 16:00:00+00:00,1607.28,1611.1,1605.7,1605.87,4739.358
2025-04-19 16:30:00+00:00,1605.88,1605.88,1598.5,1599.78,6570.9548
2025-04-19 17:00:00+00:00,1599.78,1606.8,1599.25,1606.38,3737.7999
2025-04-19 17:30:00+00:00,1606.39,1631.81,1606.27,1618.84,26326.0218
2025-04-19 18:00:00+00:00,1618.83,1623.13,1615.91,1617.3,7110.1299
2025-04-19 18:30:00+00:00,1617.3,1621.18,1614.6,1615.19,3906.9173
2025-04-19 19:00:00+00:00,1615.19,1618.43,1613.36,1615.43,3811.055
2025-04-19 19:30:00+00:00,1615.43,1617.5,1613.81,1614.79,2535.5511
2025-04-19 20:00:00+00:00,1614.8,1615.7,1611.06,1614.11,3878.1043
2025-04-19 20:30:00+00:00,1614.1,1617.0,1613.63,1614.01,2365.1316
2025-04-19 21:00:00+00:00,1614.01,1622.37,1614.0,1617.78,3666.1222
2025-04-19 21:30:00+00:00,1617.77,1621.09,1615.64,1620.77,2466.4231
2025-04-19 22:00:00+00:00,1620.76,1621.36,1616.0,1617.0,1706.0865
2025-04-19 22:30:00+00:00,1617.0,1619.5,1616.6,1619.41,1769.6062
2025-04-19 23:00:00+00:00,1619.42,1620.56,1614.4,1614.91,2556.9317
2025-04-19 23:30:00+00:00,1614.91,1616.34,1612.01,1613.27,2581.2298
2025-04-20 00:00:00+00:00,1613.26,1615.11,1608.0,1611.69,4637.4627
2025-04-20 00:30:00+00:00,1611.7,1612.2,1608.91,1610.11,3027.2985
2025-04-20 01:00:00+00:00,1610.11,1617.58,1609.61,1615.79,5054.3763
2025-04-20 01:30:00+00:00,1615.8,1619.13,1614.32,1617.91,3104.9557
2025-04-20 02:00:00+00:00,1617.9,1619.19,1613.5,1613.75,2770.8984
2025-04-20 02:30:00+00:00,1613.75,1618.8,1613.74,1615.93,1952.1126
2025-04-20 03:00:00+00:00,1615.92,1616.88,1612.19,1614.81,3024.2733
2025-04-20 03:30:00+00:00,1614.81,1615.25,1609.45,1611.87,3853.7665
2025-04-20 04:00:00+00:00,1611.87,1615.98,1611.18,1615.86,2762.1867
2025-04-20 04:30:00+00:00,1615.85,1617.65,1613.7,1614.62,2427.3304
2025-04-20 05:00:00+00:00,1614.58,1616.2,1612.64,1614.97,2622.543
2025-04-20 05:30:00+00:00,1614.97,1614.97,1609.5,1609.86,3462.8644
2025-04-20 06:00:00+00:00,1609.87,1613.17,1607.02,1608.24,3884.65
2025-04-20 06:30:00+00:00,1608.25,1609.53,1602.66,1605.44,5720.2793
2025-04-20 07:00:00+00:00,1605.44,1605.44,1586.6,1593.69,19967.9337
2025-04-20 07:30:00+00:00,1593.69,1597.5,1591.65,1597.46,6482.7176
2025-04-20 08:00:00+00:00,1597.46,1597.61,1592.41,1594.07,7502.664
2025-04-20 08:30:00+00:00,1594.08,1594.2,1586.45,1590.04,5443.6734
2025-04-20 09:00:00+00:00,1590.03,1593.22,1588.35,1591.33,5882.9304
2025-04-20 09:30:00+00:00,1591.33,1592.52,1588.99,1591.77,6866.1562
2025-04-20 10:00:00+00:00,1591.76,1592.69,1589.37,1591.0,2650.8399
2025-04-20 10:30:00+00:00,1591.0,1591.9,1569.0,1574.53,36111.5946
2025-04-20 11:00:00+00:00,1574.53,1579.99,1571.6,1572.98,10094.5478
2025-04-20 11:30:00+00:00,1572.99,1574.7,1565.59,1572.62,12427.0534
2025-04-20 12:00:00+00:00,1572.61,1578.71,1571.3,1577.32,6526.3123
2025-04-20 12:30:00+00:00,1577.31,1579.79,1575.2,1576.12,3279.5502
2025-04-20 13:00:00+00:00,1576.13,1576.91,1571.12,1576.3,7443.1811
2025-04-20 13:30:00+00:00,1576.3,1581.4,1575.3,1577.51,6375.6259
2025-04-20 14:00:00+00:00,1577.5,1584.04,1576.6,1578.69,5258.6254
2025-04-20 14:30:00+00:00,1578.69,1582.4,1578.69,1580.23,3824.0749
2025-04-20 15:00:00+00:00,1580.22,1580.86,1572.83,1573.14,5194.091
2025-04-20 15:30:00+00:00,1573.13,1577.0,1571.1,1573.5,3903.1477
2025-04-20 16:00:00+00:00,1573.51,1582.5,1571.49,1579.11,7346.8797
2025-04-20 16:30:00+00:00,1579.12,1581.5,1577.69,1581.5,2542.9519
2025-04-20 17:00:00+00:00,1581.49,1581.85,1576.5,1577.59,2925.1784
2025-04-20 17:30:00+00:00,1577.59,1580.0,1575.74,1579.72,2777.9843
2025-04-20 18:00:00+00:00,1579.72,1582.03,1578.48,1580.3,2899.0364
2025-04-20 18:30:00+00:00,1580.31,1581.65,1578.24,1581.42,3178.2623
2025-04-20 19:00:00+00:00,1581.41,1582.53,1579.04,1581.72,2413.816
2025-04-20 19:30:00+00:00,1581.72,1587.97,1581.46,1586.17,4105.2046
2025-04-20 20:00:00+00:00,1586.19,1600.75,1585.12,1593.52,12333.4788
2025-04-20 20:30:00+00:00,1593.52,1593.87,1586.91,1589.88,4915.1645
2025-04-20 21:00:00+00:00,1589.88,1590.5,1583.62,1586.16,4577.832
2025-04-20 21:30:00+00:00,1586.17,1591.08,1586.17,1589.0,3761.6893
2025-04-20 22:00:00+00:00,1588.99,1589.2,1574.68,1577.4,7565.9518
2025-04-20 22:30:00+00:00,1577.39,1582.17,1576.53,1582.16,3279.0422
2025-04-20 23:00:00+00:00,1582.16,1587.96,1582.16,1584.08,4977.5614
2025-04-20 23:30:00+00:00,1584.07,1587.77,1582.87,1587.36,2912.4797
2025-04-21 00:00:00+00:00,1587.36,1614.3,1586.18,1609.59,19234.9145
2025-04-21 00:30:00+00:00,1609.6,1620.49,1606.8,1610.09,24934.1584
2025-04-21 01:00:00+00:00,1610.1,1618.69,1608.01,1614.71,12458.8209
2025-04-21 01:30:00+00:00,1614.71,1629.85,1613.5,1628.64,22669.655
2025-04-21 02:00:00+00:00,1628.64,1642.18,1625.01,1634.41,29347.4149
2025-04-21 02:30:00+00:00,1634.41,1645.45,1625.07,1632.66,19765.6355
2025-04-21 03:00:00+00:00,1632.66,1641.83,1632.01,1635.52,13424.5055
2025-04-21 03:30:00+00:00,1635.53,1642.92,1633.6,1634.54,18773.767
2025-04-21 04:00:00+00:00,1634.55,1641.2,1632.41,1632.76,11031.8477
2025-04-21 04:30:00+00:00,1632.76,1641.3,1631.3,1640.08,10192.469
2025-04-21 05:00:00+00:00,1640.09,1641.82,1637.6,1640.45,7408.2702
2025-04-21 05:30:00+00:00,1640.46,1656.79,1637.43,1648.21,37861.6694
2025-04-21 06:00:00+00:00,1648.21,1658.75,1644.56,1650.92,23716.8932
2025-04-21 06:30:00+00:00,1650.93,1651.69,1646.35,1647.91,7863.4097
2025-04-21 07:00:00+00:00,1647.9,1650.38,1641.5,1643.7,9051.6434
2025-04-21 07:30:00+00:00,1643.7,1648.96,1642.81,1645.92,7549.6846
2025-04-21 08:00:00+00:00,1645.92,1649.31,1643.76,1646.71,4917.2132
2025-04-21 08:30:00+00:00,1646.71,1649.45,1645.2,1649.16,5363.8096
2025-04-21 09:00:00+00:00,1649.15,1655.0,1642.6,1643.36,12520.7463
2025-04-21 09:30:00+00:00,1643.35,1644.75,1639.47,1642.58,7187.3924
2025-04-21 10:00:00+00:00,1642.58,1643.42,1631.4,1632.75,15999.4179
2025-04-21 10:30:00+00:00,1632.75,1636.0,1628.29,1635.7,10561.9542
2025-04-21 11:00:00+00:00,1635.7,1636.17,1617.85,1624.58,13027.1535
2025-04-21 11:30:00+00:00,1624.58,1626.68,1622.0,1626.34,8017.7506
2025-04-21 12:00:00+00:00,1626.34,1631.69,1626.0,1628.12,6957.7682
2025-04-21 12:30:00+00:00,1628.11,1630.22,1623.58,1623.71,5344.4517
2025-04-21 13:00:00+00:00,1623.7,1627.27,1618.34,1627.27,8003.1206
2025-04-21 13:30:00+00:00,1627.27,1630.5,1611.51,1611.88,16592.5031
2025-04-21 14:00:00+00:00,1611.87,1637.89,1608.6,1637.34,27864.4233
2025-04-21 14:30:00+00:00,1637.35,1641.82,1621.25,1634.16,22272.6614
2025-04-21 15:00:00+00:00,1634.15,1635.16,1622.65,1629.52,11658.8201
2025-04-21 15:30:00+00:00,1629.51,1631.36,1618.65,1623.3,11725.8804
2025-04-21 16:00:00+00:00,1623.3,1626.09,1611.51,1613.66,11403.5161
2025-04-21 16:30:00+00:00,1613.65,1617.02,1587.18,1589.6,25501.5715
2025-04-21 17:00:00+00:00,1589.6,1590.25,1571.37,1584.44,50707.0414
2025-04-21 17:30:00+00:00,1584.44,1587.1,1573.49,1578.42,13938.9939
2025-04-21 18:00:00+00:00,1578.43,1579.22,1572.2,1574.39,13133.2348
2025-04-21 18:30:00+00:00,1574.4,1578.3,1567.28,1567.73,13344.6729
2025-04-21 19:00:00+00:00,1567.73,1580.98,1564.07,1579.15,30438.3808
2025-04-21 19:30:00+00:00,1579.15,1581.1,1573.04,1573.7,17368.1483
2025-04-21 20:00:00+00:00,1573.7,1577.31,1572.55,1573.1,8617.8288
2025-04-21 20:30:00+00:00,1573.11,1578.06,1571.35,1577.77,8129.0576
2025-04-21 21:00:00+00:00,1577.77,1578.89,1574.0,1575.56,5072.8444
2025-04-21 21:30:00+00:00,1575.55,1580.16,1572.33,1578.52,4337.2745
2025-04-21 22:00:00+00:00,1578.51,1578.51,1571.51,1574.7,6862.0726
2025-04-21 22:30:00+00:00,1574.7,1578.9,1574.69,1577.85,5497.4637
2025-04-21 23:00:00+00:00,1577.85,1577.85,1572.11,1577.47,5744.7197
2025-04-21 23:30:00+00:00,1577.46,1580.75,1573.84,1579.57,8090.0203
2025-04-22 00:00:00+00:00,1579.57,1580.8,1573.87,1575.89,8029.3556
2025-04-22 00:30:00+00:00,1575.89,1575.89,1537.26,1568.93,53091.184
2025-04-22 01:00:00+00:00,1568.92,1589.03,1565.0,1578.06,25432.2977
2025-04-22 01:30:00+00:00,1578.05,1588.68,1577.62,1587.53,10751.5005
2025-04-22 02:00:00+00:00,1587.52,1593.73,1568.0,1572.59,18037.6881
2025-04-22 02:30:00+00:00,1572.59,1579.26,1567.04,1577.09,12350.2687
2025-04-22 03:00:00+00:00,1577.08,1580.67,1571.21,1577.46,10662.1879
2025-04-22 03:30:00+00:00,1577.46,1580.79,1575.24,1579.22,6294.6787
2025-04-22 04:00:00+00:00,1579.22,1586.9,1579.08,1583.9,8047.5402
2025-04-22 04:30:00+00:00,1583.9,1584.71,1577.62,1577.97,6152.4671
2025-04-22 05:00:00+00:00,1577.96,1579.67,1574.0,1576.73,9214.3946
2025-04-22 05:30:00+00:00,1576.74,1584.28,1576.2,1583.71,7342.1838
2025-04-22 06:00:00+00:00,1583.72,1585.56,1576.9,1577.11,7462.1317
2025-04-22 06:30:00+00:00,1577.11,1583.75,1574.9,1583.74,6245.6213
2025-04-22 07:00:00+00:00,1583.75,1591.1,1582.64,1590.81,6819.2371
2025-04-22 07:30:00+00:00,1590.8,1624.0,1590.67,1619.21,67848.3106
2025-04-22 08:00:00+00:00,1619.2,1634.49,1618.7,1622.82,33627.4823
2025-04-22 08:30:00+00:00,1622.82,1628.0,1620.36,1627.75,13278.7956
2025-04-22 09:00:00+00:00,1627.75,1633.37,1621.74,1630.4,13894.2241
2025-04-22 09:30:00+00:00,1630.41,1630.41,1623.3,1625.36,10115.8467
2025-04-22 10:00:00+00:00,1625.36,1625.56,1613.01,1616.58,12477.301
2025-04-22 10:30:00+00:00,1616.59,1630.0,1616.22,1628.46,11863.4505
2025-04-22 11:00:00+00:00,1628.46,1633.49,1625.78,1629.85,9048.1786
2025-04-22 11:30:00+00:00,1629.85,1638.16,1627.61,1631.03,13875.6483
2025-04-22 12:00:00+00:00,1631.03,1635.65,1629.2,1634.54,9199.6352
2025-04-22 12:30:00+00:00,1634.55,1640.0,1627.48,1634.92,14577.1805
2025-04-22 13:00:00+00:00,1634.92,1643.67,1629.68,1630.06,22326.5441
2025-04-22 13:30:00+00:00,1630.07,1653.79,1626.85,1642.98,45806.0314
2025-04-22 14:00:00+00:00,1642.98,1652.5,1638.02,1643.18,28681.7297
2025-04-22 14:30:00+00:00,1643.18,1680.0,1640.23,1675.0,91689.0557
2025-04-22 15:00:00+00:00,1674.99,1725.81,1674.11,1709.91,131885.8176
2025-04-22 15:30:00+00:00,1709.91,1712.66,1687.5,1703.01,45994.8741
2025-04-22 16:00:00+00:00,1703.0,1710.66,1689.02,1699.17,23906.6453
2025-04-22 16:30:00+00:00,1699.16,1701.14,1686.4,1691.72,13013.417
2025-04-22 17:00:00+00:00,1691.71,1701.0,1683.08,1692.67,31631.3639
2025-04-22 17:30:00+00:00,1692.67,1702.99,1690.71,1700.42,12220.963
2025-04-22 18:00:00+00:00,1700.43,1707.4,1695.71,1699.02,10622.0122
2025-04-22 18:30:00+00:00,1699.03,1705.38,1697.78,1703.79,5364.5991
2025-04-22 19:00:00+00:00,1703.78,1705.39,1695.72,1697.11,7950.7901
2025-04-22 19:30:00+00:00,1697.1,1699.0,1683.66,1698.22,12307.5916
2025-04-22 20:00:00+00:00,1698.22,1701.99,1691.68,1699.08,14160.7451
2025-04-22 20:30:00+00:00,1699.08,1700.81,1693.71,1695.32,5501.0118
2025-04-22 21:00:00+00:00,1695.31,1735.59,1694.17,1714.18,40150.5231
2025-04-22 21:30:00+00:00,1714.18,1778.0,1714.18,1754.25,60660.6816
2025-04-22 22:00:00+00:00,1754.2,1761.53,1743.88,1750.1,33235.376
2025-04-22 22:30:00+00:00,1750.1,1752.36,1738.5,1745.7,14201.6879
2025-04-22 23:00:00+00:00,1745.7,1763.17,1745.0,1758.33,22233.1498
2025-04-22 23:30:00+00:00,1758.34,1764.35,1753.0,1756.26,23753.5581
2025-04-23 00:00:00+00:00,1756.25,1763.45,1749.24,1753.48,15358.9105
2025-04-23 00:30:00+00:00,1753.49,1755.3,1744.95,1751.27,13560.8704
2025-04-23 01:00:00+00:00,1751.28,1788.0,1747.3,1782.61,37695.7148
2025-04-23 01:30:00+00:00,1782.6,1783.43,1760.22,1762.28,29017.3366
2025-04-23 02:00:00+00:00,1762.28,1805.16,1761.41,1791.27,45488.3421
2025-04-23 02:30:00+00:00,1791.28,1807.56,1787.0,1792.21,26044.7657
2025-04-23 03:00:00+00:00,1792.21,1793.78,1780.0,1787.85,13516.7064
2025-04-23 03:30:00+00:00,1787.85,1797.41,1782.01,1795.49,12580.9717
2025-04-23 04:00:00+00:00,1795.49,1798.3,1782.7,1786.27,12073.417
2025-04-23 04:30:00+00:00,1786.27,1818.18,1782.0,1817.01,23283.7679
2025-04-23 05:00:00+00:00,1817.0,1817.0,1794.4,1799.69,25028.0657
2025-04-23 05:30:00+00:00,1799.7,1809.19,1794.49,1797.41,27667.3302
2025-04-23 06:00:00+00:00,1797.4,1799.7,1790.98,1798.53,22932.4165
2025-04-23 06:30:00+00:00,1798.54,1802.22,1786.18,1788.84,26249.9625
2025-04-23 07:00:00+00:00,1788.84,1793.3,1773.93,1782.0,29346.5084
2025-04-23 07:30:00+00:00,1782.0,1795.5,1780.53,1792.11,13902.9344
2025-04-23 08:00:00+00:00,1792.1,1801.47,1785.93,1793.21,22615.2288
2025-04-23 08:30:00+00:00,1793.21,1797.29,1788.66,1791.32,16640.3462
2025-04-23 09:00:00+00:00,1791.33,1801.78,1791.33,1793.35,15718.3833
2025-04-23 09:30:00+00:00,1793.35,1796.0,1785.54,1785.55,8446.5338
2025-04-23 10:00:00+00:00,1785.54,1798.92,1779.2,1795.79,15186.9545
2025-04-23 10:30:00+00:00,1795.79,1809.14,1793.03,1803.71,13265.4331
2025-04-23 11:00:00+00:00,1803.7,1812.2,1799.68,1803.92,15505.9792
2025-04-23 11:30:00+00:00,1803.92,1807.41,1792.35,1797.23,12296.6254
2025-04-23 12:00:00+00:00,1797.22,1830.0,1795.1,1815.53,35005.3342
2025-04-23 12:30:00+00:00,1815.53,1818.63,1808.4,1815.09,13100.5963
2025-04-23 13:00:00+00:00,1815.09,1821.84,1809.12,1813.99,14060.1111
2025-04-23 13:30:00+00:00,1814.0,1834.86,1782.83,1786.87,85836.5997
2025-04-23 14:00:00+00:00,1786.86,1803.3,1781.41,1798.0,36804.5016
2025-04-23 14:30:00+00:00,1798.0,1798.82,1785.78,1788.12,10795.1648
2025-04-23 15:00:00+00:00,1788.12,1791.52,1761.62,1766.3,55228.8287
2025-04-23 15:30:00+00:00,1766.3,1798.15,1762.93,1794.6,21175.694
2025-04-23 16:00:00+00:00,1794.6,1798.21,1781.87,1792.47,19011.8402
2025-04-23 16:30:00+00:00,1792.48,1797.46,1787.3,1792.6,10101.6523
2025-04-23 17:00:00+00:00,1792.59,1804.13,1787.89,1791.78,14326.1849
2025-04-23 17:30:00+00:00,1791.79,1800.83,1788.83,1800.72,6747.2916
2025-04-23 18:00:00+00:00,1800.72,1810.0,1796.3,1801.61,11167.3336
2025-04-23 18:30:00+00:00,1801.62,1802.0,1794.0,1798.21,5105.9147
2025-04-23 19:00:00+00:00,1798.21,1799.09,1774.47,1777.15,12840.46
2025-04-23 19:30:00+00:00,1777.14,1787.84,1776.4,1786.03,9039.756
2025-04-23 20:00:00+00:00,1786.03,1797.59,1785.73,1795.53,6000.689
2025-04-23 20:30:00+00:00,1795.53,1799.81,1792.36,1795.59,3460.3352
2025-04-23 21:00:00+00:00,1795.59,1798.8,1793.3,1795.47,2807.6557
2025-04-23 21:30:00+00:00,1795.47,1797.1,1786.76,1791.58,3440.4207
2025-04-23 22:00:00+00:00,1791.59,1796.58,1789.6,1795.51,4258.8824
2025-04-23 22:30:00+00:00,1795.51,1805.9,1795.2,1803.42,5228.3065
2025-04-23 23:00:00+00:00,1803.42,1806.91,1799.47,1800.07,4438.9619
2025-04-23 23:30:00+00:00,1800.07,1801.2,1791.5,1795.07,4139.6114
2025-04-24 00:00:00+00:00,1795.08,1798.42,1784.66,1786.87,7701.5324
2025-04-24 00:30:00+00:00,1786.88,1794.1,1783.48,1789.89,5181.953
2025-04-24 01:00:00+00:00,1789.9,1794.86,1781.53,1786.02,6162.4099
2025-04-24 01:30:00+00:00,1786.03,1797.82,1786.03,1793.99,4999.0741
2025-04-24 02:00:00+00:00,1794.0,1802.82,1792.27,1797.81,5666.7359
2025-04-24 02:30:00+00:00,1797.82,1798.29,1775.5,1779.36,13439.5501
2025-04-24 03:00:00+00:00,1779.36,1791.0,1777.1,1789.9,9421.8369
2025-04-24 03:30:00+00:00,1789.89,1789.89,1766.52,1768.18,16193.1496
2025-04-24 04:00:00+00:00,1768.16,1773.26,1758.0,1764.0,19244.7094
2025-04-24 04:30:00+00:00,1764.0,1773.47,1762.81,1772.32,6700.17
2025-04-24 05:00:00+00:00,1772.32,1776.34,1766.43,1768.53,6290.5259
2025-04-24 05:30:00+00:00,1768.53,1774.4,1768.29,1769.59,4332.5116
2025-04-24 06:00:00+00:00,1769.58,1776.0,1762.01,1774.86,7502.7767
2025-04-24 06:30:00+00:00,1774.86,1775.92,1766.76,1768.19,4812.8995
2025-04-24 07:00:00+00:00,1768.19,1774.62,1760.21,1762.87,13013.7392
2025-04-24 07:30:00+00:00,1762.88,1765.0,1751.27,1756.25,14341.9161
2025-04-24 08:00:00+00:00,1756.25,1760.7,1735.19,1737.0,25206.8832
2025-04-24 08:30:00+00:00,1737.0,1739.5,1722.9,1734.91,38986.1374
2025-04-24 09:00:00+00:00,1734.91,1747.0,1734.5,1743.41,10773.612
2025-04-24 09:30:00+00:00,1743.41,1747.2,1738.33,1743.5,8518.635
2025-04-24 10:00:00+00:00,1743.5,1748.5,1739.93,1747.31,6183.5943
2025-04-24 10:30:00+00:00,1747.31,1751.47,1744.0,1750.17,7043.3563
2025-04-24 11:00:00+00:00,1750.17,1750.52,1743.0,1745.97,5867.5555
2025-04-24 11:30:00+00:00,1745.97,1757.4,1741.47,1755.1,9384.8695
2025-04-24 12:00:00+00:00,1755.1,1756.0,1747.4,1752.07,8509.201
2025-04-24 12:30:00+00:00,1752.06,1757.95,1750.33,1757.86,6653.2494
2025-04-24 13:00:00+00:00,1757.86,1758.35,1753.05,1755.33,6149.3514
2025-04-24 13:30:00+00:00,1755.32,1760.88,1744.4,1753.55,15114.8483
2025-04-24 14:00:00+00:00,1753.55,1771.62,1752.85,1757.62,26199.9127
2025-04-24 14:30:00+00:00,1757.62,1776.35,1756.62,1765.37,14774.3273
2025-04-24 15:00:00+00:00,1765.37,1777.77,1762.2,1766.43,18808.5204
2025-04-24 15:30:00+00:00,1766.43,1773.5,1763.06,1764.62,10645.8693
2025-04-24 16:00:00+00:00,1764.62,1775.61,1763.28,1775.21,12439.5578
2025-04-24 16:30:00+00:00,1775.21,1777.5,1770.39,1770.4,11477.761
2025-04-24 17:00:00+00:00,1770.4,1773.78,1746.04,1759.51,19791.4218
2025-04-24 17:30:00+00:00,1759.51,1761.19,1746.39,1755.41,11443.105
2025-04-24 18:00:00+00:00,1755.4,1769.2,1755.0,1758.72,7854.3694
2025-04-24 18:30:00+00:00,1758.72,1766.46,1758.3,1763.24,4539.3865
2025-04-24 19:00:00+00:00,1763.25,1765.32,1756.01,1763.1,4739.0242
2025-04-24 19:30:00+00:00,1763.11,1766.79,1760.71,1763.1,4075.9705
2025-04-24 20:00:00+00:00,1763.1,1770.0,1761.13,1766.29,5419.6568
2025-04-24 20:30:00+00:00,1766.3,1767.22,1761.14,1762.01,4246.1773
2025-04-24 21:00:00+00:00,1762.01,1764.19,1749.04,1752.55,7013.7875
2025-04-24 21:30:00+00:00,1752.55,1761.34,1752.54,1760.8,3935.2701
2025-04-24 22:00:00+00:00,1760.8,1765.0,1757.57,1762.81,8026.5819
2025-04-24 22:30:00+00:00,1762.81,1764.84,1755.94,1760.0,3423.8375
2025-04-24 23:00:00+00:00,1759.99,1769.99,1758.75,1769.54,4461.5627
2025-04-24 23:30:00+00:00,1769.54,1774.84,1767.26,1769.65,6752.1552
2025-04-25 00:00:00+00:00,1769.64,1773.6,1763.2,1771.95,6877.9032
2025-04-25 00:30:00+00:00,1771.94,1775.44,1770.0,1774.15,5048.1344
2025-04-25 01:00:00+00:00,1774.15,1790.5,1767.42,1768.64,22047.0039
2025-04-25 01:30:00+00:00,1768.63,1773.5,1765.01,1765.93,5490.8359
2025-04-25 02:00:00+00:00,1765.93,1770.87,1752.56,1756.53,9305.3458
2025-04-25 02:30:00+00:00,1756.53,1756.98,1738.6,1744.61,25452.6218
2025-04-25 03:00:00+00:00,1744.61,1751.68,1740.15,1748.82,8771.2413
2025-04-25 03:30:00+00:00,1748.82,1762.14,1748.82,1760.89,8453.7502
2025-04-25 04:00:00+00:00,1760.89,1768.76,1758.14,1762.99,6239.5289
2025-04-25 04:30:00+00:00,1762.99,1771.8,1759.68,1766.0,5245.6752
2025-04-25 05:00:00+00:00,1766.0,1770.99,1764.58,1768.6,4369.1057
2025-04-25 05:30:00+00:00,1768.6,1769.1,1763.07,1767.26,3811.3707
2025-04-25 06:00:00+00:00,1767.26,1775.3,1765.62,1774.69,6344.9953
2025-04-25 06:30:00+00:00,1774.7,1780.46,1772.66,1776.96,8223.7185
2025-04-25 07:00:00+00:00,1776.96,1781.88,1770.29,1772.11,9051.1431
2025-04-25 07:30:00+00:00,1772.11,1777.49,1770.63,1777.18,13369.979
2025-04-25 08:00:00+00:00,1777.17,1778.8,1772.5,1777.39,9649.7694
2025-04-25 08:30:00+00:00,1777.39,1778.38,1773.14,1775.19,6238.6945
2025-04-25 09:00:00+00:00,1775.18,1775.25,1764.29,1773.46,15575.3499
2025-04-25 09:30:00+00:00,1773.46,1793.29,1773.03,1788.11,14732.935
2025-04-25 10:00:00+00:00,1788.1,1791.79,1778.0,1781.18,16100.8103
2025-04-25 10:30:00+00:00,1781.19,1782.66,1769.07,1771.6,11744.9793
2025-04-25 11:00:00+00:00,1771.61,1788.0,1771.61,1785.64,8479.4785
2025-04-25 11:30:00+00:00,1785.64,1790.49,1780.31,1790.49,11540.5313
2025-04-25 12:00:00+00:00,1790.49,1802.7,1783.33,1786.55,22685.0896
2025-04-25 12:30:00+00:00,1786.55,1791.83,1770.92,1773.1,20639.757
2025-04-25 13:00:00+00:00,1773.11,1779.43,1764.65,1766.29,14565.8844
2025-04-25 13:30:00+00:00,1766.29,1776.59,1757.25,1769.11,21530.0766
2025-04-25 14:00:00+00:00,1769.1,1790.21,1768.47,1774.98,30570.5936
2025-04-25 14:30:00+00:00,1774.99,1813.7,1771.28,1808.34,40933.534
2025-04-25 15:00:00+00:00,1808.34,1827.32,1801.2,1814.59,46070.5536
2025-04-25 15:30:00+00:00,1814.58,1825.0,1804.14,1806.48,28516.3574
2025-04-25 16:00:00+00:00,1806.48,1809.23,1788.11,1798.93,17049.1809
2025-04-25 16:30:00+00:00,1798.93,1803.89,1795.79,1801.75,7214.491
2025-04-25 17:00:00+00:00,1801.75,1810.89,1800.9,1806.74,7881.635
2025-04-25 17:30:00+00:00,1806.74,1806.74,1782.4,1785.82,22003.2099
2025-04-25 18:00:00+00:00,1785.83,1796.4,1785.83,1796.03,5034.4738
2025-04-25 18:30:00+00:00,1796.04,1803.0,1795.0,1796.4,5145.862
2025-04-25 19:00:00+00:00,1796.4,1800.79,1791.5,1799.26,7852.8284
2025-04-25 19:30:00+00:00,1799.25,1802.85,1792.31,1802.16,9756.8117
2025-04-25 20:00:00+00:00,1802.16,1806.3,1798.05,1798.1,6985.8265
2025-04-25 20:30:00+00:00,1798.11,1801.71,1792.16,1798.33,5494.3613
2025-04-25 21:00:00+00:00,1798.32,1809.4,1794.8,1794.81,9564.9834
2025-04-25 21:30:00+00:00,1794.81,1800.62,1785.4,1789.81,6008.5746
2025-04-25 22:00:00+00:00,1789.82,1795.32,1788.76,1793.91,2660.6727
2025-04-25 22:30:00+00:00,1793.91,1799.54,1793.91,1795.65,2462.1722
2025-04-25 23:00:00+00:00,1795.65,1798.8,1788.89,1790.61,6777.7575
2025-04-25 23:30:00+00:00,1790.6,1790.6,1783.85,1784.6,6041.3012
2025-04-26 00:00:00+00:00,1784.6,1795.0,1784.6,1790.89,10897.6427
2025-04-26 00:30:00+00:00,1790.9,1798.68,1786.03,1796.42,12501.828
2025-04-26 01:00:00+00:00,1796.41,1807.08,1791.51,1802.85,7240.7829
2025-04-26 01:30:00+00:00,1802.86,1815.81,1802.85,1807.3,8430.0554
2025-04-26 02:00:00+00:00,1807.29,1808.8,1801.41,1806.03,9876.5038
2025-04-26 02:30:00+00:00,1806.03,1815.53,1804.31,1807.99,15188.271
2025-04-26 03:00:00+00:00,1807.99,1810.11,1792.88,1795.04,9981.2375
2025-04-26 03:30:00+00:00,1795.03,1799.79,1793.92,1797.48,5019.3898
2025-04-26 04:00:00+00:00,1797.48,1800.59,1794.08,1794.8,3903.4735
2025-04-26 04:30:00+00:00,1794.8,1795.41,1790.21,1791.84,4186.6992
2025-04-26 05:00:00+00:00,1791.84,1795.3,1789.0,1794.85,3530.0436
2025-04-26 05:30:00+00:00,1794.86,1797.88,1792.85,1794.45,2792.5098
2025-04-26 06:00:00+00:00,1794.45,1797.53,1794.0,1796.51,2935.0128
2025-04-26 06:30:00+00:00,1796.51,1807.07,1795.79,1803.05,5644.6904
2025-04-26 07:00:00+00:00,1803.06,1810.88,1802.75,1806.39,7832.4555
2025-04-26 07:30:00+00:00,1806.39,1807.8,1800.0,1800.49,5008.1642
2025-04-26 08:00:00+00:00,1800.49,1841.16,1798.23,1828.4,25203.6775
2025-04-26 08:30:00+00:00,1828.39,1830.19,1800.82,1806.35,27950.2447
2025-04-26 09:00:00+00:00,1806.35,1815.67,1799.48,1807.5,12867.9386
2025-04-26 09:30:00+00:00,1807.5,1807.51,1792.96,1803.47,11876.8352
2025-04-26 10:00:00+00:00,1803.48,1811.07,1801.44,1806.54,5829.4072
2025-04-26 10:30:00+00:00,1806.54,1810.67,1803.89,1803.89,4500.6732
2025-04-26 11:00:00+00:00,1803.9,1806.39,1792.34,1793.15,11447.6253
2025-04-26 11:30:00+00:00,1793.15,1797.05,1778.94,1785.85,16253.355
2025-04-26 12:00:00+00:00,1785.86,1799.28,1784.2,1797.32,10462.7202
2025-04-26 12:30:00+00:00,1797.32,1797.9,1791.69,1791.7,4455.7456
2025-04-26 13:00:00+00:00,1791.71,1795.5,1788.01,1788.5,8258.8331
2025-04-26 13:30:00+00:00,1788.49,1791.58,1780.1,1790.42,6725.8395
2025-04-26 14:00:00+00:00,1790.41,1793.17,1785.06,1792.49,5089.3124
2025-04-26 14:30:00+00:00,1792.49,1796.7,1790.84,1792.2,5140.6356
2025-04-26 15:00:00+00:00,1792.2,1803.94,1792.19,1802.41,7810.246
2025-04-26 15:30:00+00:00,1802.4,1804.0,1797.89,1800.2,5228.2426
2025-04-26 16:00:00+00:00,1800.2,1803.4,1796.0,1803.11,3427.2186
2025-04-26 16:30:00+00:00,1803.11,1804.87,1795.86,1802.94,3741.7174
2025-04-26 17:00:00+00:00,1802.94,1807.04,1799.3,1805.75,4084.9919
2025-04-26 17:30:00+00:00,1805.75,1807.26,1803.32,1804.5,2540.7506
2025-04-26 18:00:00+00:00,1804.49,1808.25,1800.82,1806.59,2989.0157
2025-04-26 18:30:00+00:00,1806.6,1807.87,1802.22,1802.79,3203.0074
2025-04-26 19:00:00+00:00,1802.8,1807.43,1800.92,1807.04,2813.4039
2025-04-26 19:30:00+00:00,1807.04,1814.89,1804.53,1813.08,5321.9987
2025-04-26 20:00:00+00:00,1813.08,1818.52,1807.5,1809.05,7470.6342
2025-04-26 20:30:00+00:00,1809.05,1811.38,1805.51,1805.7,2798.9995
2025-04-26 21:00:00+00:00,1805.69,1815.8,1805.69,1813.37,4674.849
2025-04-26 21:30:00+00:00,1813.37,1815.81,1810.22,1812.05,2402.974
2025-04-26 22:00:00+00:00,1812.05,1831.09,1812.05,1821.94,12081.2242
2025-04-26 22:30:00+00:00,1821.94,1825.62,1814.7,1816.28,5875.4189
2025-04-26 23:00:00+00:00,1816.27,1820.19,1814.05,1819.08,3940.5885
2025-04-26 23:30:00+00:00,1819.08,1822.98,1816.17,1820.88,3631.1599
2025-04-27 00:00:00+00:00,1820.87,1849.1,1820.0,1845.95,22405.7104
2025-04-27 00:30:00+00:00,1845.95,1849.5,1839.26,1842.03,11505.3209
2025-04-27 01:00:00+00:00,1842.04,1857.47,1823.47,1829.12,39439.6508
2025-04-27 01:30:00+00:00,1829.12,1830.7,1801.02,1804.6,23869.7886
2025-04-27 02:00:00+00:00,1804.61,1818.1,1801.07,1816.0,8006.9808
2025-04-27 02:30:00+00:00,1816.0,1816.49,1806.92,1813.24,6106.3416
2025-04-27 03:00:00+00:00,1813.23,1817.5,1807.29,1809.41,7418.6813
2025-04-27 03:30:00+00:00,1809.42,1813.11,1805.55,1809.75,7024.1664
2025-04-27 04:00:00+00:00,1809.75,1811.6,1806.52,1807.86,4518.2886
2025-04-27 04:30:00+00:00,1807.86,1808.2,1797.02,1798.2,10830.5758
2025-04-27 05:00:00+00:00,1798.2,1806.67,1790.27,1794.12,11479.4723
2025-04-27 05:30:00+00:00,1794.11,1799.0,1791.5,1798.69,4162.9788
2025-04-27 06:00:00+00:00,1798.69,1804.28,1798.11,1803.5,5616.3712
2025-04-27 06:30:00+00:00,1803.49,1803.5,1797.81,1800.62,3484.0145
2025-04-27 07:00:00+00:00,1800.62,1804.37,1797.22,1802.83,3020.9628
2025-04-27 07:30:00+00:00,1802.83,1805.4,1802.0,1803.76,2823.1957
2025-04-27 08:00:00+00:00,1803.75,1815.52,1801.56,1808.69,7220.8312
2025-04-27 08:30:00+00:00,1808.68,1813.94,1807.22,1810.09,5268.8233
2025-04-27 09:00:00+00:00,1810.1,1811.0,1806.2,1806.24,2954.7461
2025-04-27 09:30:00+00:00,1806.25,1813.34,1805.31,1810.65,3583.9092
2025-04-27 10:00:00+00:00,1810.66,1812.94,1806.9,1807.21,3279.2064
2025-04-27 10:30:00+00:00,1807.2,1811.35,1806.0,1809.19,2607.8253
2025-04-27 11:00:00+00:00,1809.19,1809.7,1803.35,1806.19,3927.9646
2025-04-27 11:30:00+00:00,1806.2,1809.91,1803.91,1805.94,3200.0495
2025-04-27 12:00:00+00:00,1805.94,1807.16,1800.2,1800.73,5524.9084
2025-04-27 12:30:00+00:00,1800.73,1807.49,1794.23,1796.19,9438.0962
2025-04-27 13:00:00+00:00,1796.19,1798.41,1781.9,1792.77,15144.8338
2025-04-27 13:30:00+00:00,1792.77,1800.38,1792.17,1797.96,7858.7449
2025-04-27 14:00:00+00:00,1797.95,1808.1,1793.09,1799.2,13143.9939
2025-04-27 14:30:00+00:00,1799.2,1802.0,1796.15,1796.63,4027.9946
2025-04-27 15:00:00+00:00,1796.63,1797.82,1790.29,1790.75,6289.9406
2025-04-27 15:30:00+00:00,1790.75,1796.12,1789.11,1793.86,4567.1
2025-04-27 16:00:00+00:00,1793.85,1795.73,1790.37,1792.21,5727.9627
2025-04-27 16:30:00+00:00,1792.21,1798.19,1787.31,1795.29,6303.9556
2025-04-27 17:00:00+00:00,1795.29,1801.89,1792.86,1797.5,4477.789
2025-04-27 17:30:00+00:00,1797.5,1800.55,1795.32,1798.12,2574.051
2025-04-27 18:00:00+00:00,1798.12,1805.0,1797.08,1801.83,4319.099
2025-04-27 18:30:00+00:00,1801.84,1808.47,1801.84,1803.39,3615.3761
2025-04-27 19:00:00+00:00,1803.4,1805.27,1800.79,1804.9,2735.4701
2025-04-27 19:30:00+00:00,1804.91,1808.4,1803.03,1808.01,3108.6753
2025-04-27 20:00:00+00:00,1808.01,1808.26,1798.51,1799.49,4374.628
2025-04-27 20:30:00+00:00,1799.49,1804.86,1799.49,1802.5,2257.3709
2025-04-27 21:00:00+00:00,1802.51,1803.85,1796.14,1803.85,2222.0386
2025-04-27 21:30:00+00:00,1803.85,1807.3,1802.17,1803.0,2924.7438
2025-04-27 22:00:00+00:00,1803.0,1803.2,1788.52,1789.55,11522.6043
2025-04-27 22:30:00+00:00,1789.55,1795.13,1784.59,1794.6,6989.289
2025-04-27 23:00:00+00:00,1794.59,1794.6,1788.41,1792.38,4630.4764
2025-04-27 23:30:00+00:00,1792.37,1796.4,1791.09,1791.29,2797.6452
2025-04-28 00:00:00+00:00,1791.29,1793.83,1768.0,1780.08,32140.6248
2025-04-28 00:30:00+00:00,1780.08,1785.22,1772.15,1773.59,12034.6655
2025-04-28 01:00:00+00:00,1773.59,1778.69,1766.08,1770.78,14362.1812
2025-04-28 01:30:00+00:00,1770.77,1772.26,1752.18,1763.89,23587.7683
2025-04-28 02:00:00+00:00,1763.89,1771.97,1761.81,1769.6,12193.6367
2025-04-28 02:30:00+00:00,1769.61,1774.13,1768.41,1772.99,4608.9032
2025-04-28 03:00:00+00:00,1772.99,1780.13,1769.81,1778.6,4477.055
2025-04-28 03:30:00+00:00,1778.59,1787.1,1778.59,1784.23,6936.8261
2025-04-28 04:00:00+00:00,1784.23,1793.6,1784.23,1793.6,6362.7031
2025-04-28 04:30:00+00:00,1793.59,1794.14,1786.61,1787.76,4697.5702
2025-04-28 05:00:00+00:00,1787.75,1802.88,1786.2,1795.71,12723.7902
2025-04-28 05:30:00+00:00,1795.71,1798.7,1792.36,1795.8,6194.7323
2025-04-28 06:00:00+00:00,1795.8,1802.7,1795.62,1798.01,7666.531
2025-04-28 06:30:00+00:00,1798.01,1806.31,1798.01,1804.69,7901.856
2025-04-28 07:00:00+00:00,1804.68,1808.3,1800.4,1807.31,8169.8572
2025-04-28 07:30:00+00:00,1807.3,1812.08,1804.03,1804.79,9354.9181
2025-04-28 08:00:00+00:00,1804.8,1808.8,1801.48,1807.45,7547.0238
2025-04-28 08:30:00+00:00,1807.45,1810.4,1805.44,1809.39,4939.9443
2025-04-28 09:00:00+00:00,1809.4,1815.88,1806.2,1811.1,7378.4777
2025-04-28 09:30:00+00:00,1811.09,1813.3,1804.48,1805.76,6412.0911
2025-04-28 10:00:00+00:00,1805.76,1808.88,1788.3,1796.11,22474.1486
2025-04-28 10:30:00+00:00,1796.12,1824.0,1795.96,1815.39,24153.2409
2025-04-28 11:00:00+00:00,1815.4,1820.91,1810.41,1820.75,11126.2098
2025-04-28 11:30:00+00:00,1820.76,1827.98,1814.7,1816.2,11713.4204
2025-04-28 12:00:00+00:00,1816.2,1816.97,1807.16,1812.46,16392.0457
2025-04-28 12:30:00+00:00,1812.46,1814.92,1804.87,1806.87,12325.5783
2025-04-28 13:00:00+00:00,1806.87,1810.6,1797.3,1797.75,11091.3972
2025-04-28 13:30:00+00:00,1797.76,1801.39,1782.19,1784.22,28950.6492
2025-04-28 14:00:00+00:00,1784.21,1799.0,1780.0,1791.73,15093.2051
2025-04-28 14:30:00+00:00,1791.73,1792.28,1780.2,1781.92,10775.4248
2025-04-28 15:00:00+00:00,1781.93,1785.4,1757.16,1760.5,26355.2692
2025-04-28 15:30:00+00:00,1760.5,1763.99,1753.0,1763.28,22553.165
2025-04-28 16:00:00+00:00,1763.27,1765.53,1744.71,1758.83,24754.3827
2025-04-28 16:30:00+00:00,1758.81,1768.64,1755.71,1757.99,14523.9953
2025-04-28 17:00:00+00:00,1757.99,1762.84,1754.7,1756.95,8772.2999
2025-04-28 17:30:00+00:00,1756.95,1774.74,1756.0,1770.86,10431.8764
2025-04-28 18:00:00+00:00,1770.86,1776.69,1764.61,1767.01,7817.5954
2025-04-28 18:30:00+00:00,1767.02,1781.69,1765.79,1778.2,9161.3946
2025-04-28 19:00:00+00:00,1778.21,1804.79,1777.63,1795.87,33296.9899
2025-04-28 19:30:00+00:00,1795.87,1803.02,1793.82,1797.17,10314.7845
2025-04-28 20:00:00+00:00,1797.17,1798.95,1783.4,1787.65,10463.7421
2025-04-28 20:30:00+00:00,1787.65,1790.61,1783.78,1785.83,4344.6468
2025-04-28 21:00:00+00:00,1785.83,1788.2,1781.16,1785.22,2940.9356
2025-04-28 21:30:00+00:00,1785.21,1794.47,1783.86,1793.45,5318.7102
2025-04-28 22:00:00+00:00,1793.46,1805.8,1792.17,1793.46,9400.9827
2025-04-28 22:30:00+00:00,1793.45,1804.45,1791.6,1801.88,7716.1228
2025-04-28 23:00:00+00:00,1801.88,1802.6,1795.11,1798.1,5328.9193
2025-04-28 23:30:00+00:00,1798.1,1807.0,1796.8,1799.88,9987.4548
2025-04-29 00:00:00+00:00,1799.88,1802.7,1793.71,1802.19,6367.2893
2025-04-29 00:30:00+00:00,1802.2,1805.88,1796.61,1802.08,6920.7323
2025-04-29 01:00:00+00:00,1802.09,1806.6,1792.63,1800.01,10977.5539
2025-04-29 01:30:00+00:00,1800.05,1811.56,1796.1,1796.5,10229.2955
2025-04-29 02:00:00+00:00,1796.51,1798.39,1791.29,1797.42,6847.2214
2025-04-29 02:30:00+00:00,1797.42,1801.85,1787.89,1794.63,8428.1794
2025-04-29 03:00:00+00:00,1794.66,1799.88,1792.27,1798.88,4174.6199
2025-04-29 03:30:00+00:00,1798.88,1805.24,1797.6,1802.08,6588.2846
2025-04-29 04:00:00+00:00,1802.07,1804.86,1800.0,1802.94,3659.8926
2025-04-29 04:30:00+00:00,1802.94,1803.36,1789.19,1792.38,7758.5785
2025-04-29 05:00:00+00:00,1792.39,1794.15,1788.16,1793.32,5663.7384
2025-04-29 05:30:00+00:00,1793.32,1796.6,1792.32,1794.89,4584.3535
2025-04-29 06:00:00+00:00,1794.89,1819.56,1794.2,1813.33,21044.6115
2025-04-29 06:30:00+00:00,1813.33,1822.21,1813.1,1821.13,14499.1612
2025-04-29 07:00:00+00:00,1821.14,1824.37,1816.47,1822.2,12408.2083
2025-04-29 07:30:00+00:00,1822.2,1824.94,1818.8,1821.71,7729.8966
2025-04-29 08:00:00+00:00,1821.71,1828.89,1818.52,1821.86,15088.5351
2025-04-29 08:30:00+00:00,1821.87,1835.95,1816.92,1832.5,16177.4662
2025-04-29 09:00:00+00:00,1832.51,1835.2,1824.47,1829.91,13562.8873
2025-04-29 09:30:00+00:00,1829.91,1834.26,1826.8,1831.85,8794.4923
2025-04-29 10:00:00+00:00,1831.85,1842.99,1830.91,1833.38,19170.0147
2025-04-29 10:30:00+00:00,1833.38,1833.93,1823.04,1825.71,11898.4376
2025-04-29 11:00:00+00:00,1825.7,1838.57,1824.97,1832.74,12086.4989
2025-04-29 11:30:00+00:00,1832.76,1834.8,1827.41,1829.77,7455.8989
2025-04-29 12:00:00+00:00,1829.76,1833.42,1826.61,1828.83,6731.4523
2025-04-29 12:30:00+00:00,1828.83,1831.15,1821.03,1821.8,8714.9703
2025-04-29 13:00:00+00:00,1821.8,1824.98,1802.02,1813.77,28596.3521
2025-04-29 13:30:00+00:00,1813.76,1819.63,1808.7,1814.64,12866.1117
2025-04-29 14:00:00+00:00,1814.64,1826.32,1809.57,1814.17,20430.5629
2025-04-29 14:30:00+00:00,1814.18,1825.6,1813.4,1823.51,10152.3508
2025-04-29 15:00:00+00:00,1823.51,1825.4,1812.19,1817.6,7494.4996
2025-04-29 15:30:00+00:00,1817.6,1821.53,1812.43,1814.99,5605.6973
2025-04-29 16:00:00+00:00,1814.99,1824.7,1814.3,1823.85,8212.3472
2025-04-29 16:30:00+00:00,1823.85,1832.49,1813.74,1816.23,13381.4001
2025-04-29 17:00:00+00:00,1816.23,1822.5,1807.48,1820.51,11965.491
2025-04-29 17:30:00+00:00,1820.51,1829.84,1816.7,1825.19,7399.3956
2025-04-29 18:00:00+00:00,1825.19,1827.68,1820.9,1827.25,7240.0504
2025-04-29 18:30:00+00:00,1827.24,1828.9,1824.12,1825.58,5456.6546
2025-04-29 19:00:00+00:00,1825.57,1828.68,1821.6,1824.22,5973.1629
2025-04-29 19:30:00+00:00,1824.23,1825.4,1819.0,1821.65,4470.6121
2025-04-29 20:00:00+00:00,1821.66,1825.69,1812.61,1814.06,5499.3776
2025-04-29 20:30:00+00:00,1814.07,1814.37,1807.23,1808.68,6768.531
2025-04-29 21:00:00+00:00,1808.68,1811.44,1789.85,1796.31,16293.8536
2025-04-29 21:30:00+00:00,1796.32,1801.61,1792.19,1800.57,8306.9642
2025-04-29 22:00:00+00:00,1800.56,1800.56,1790.2,1793.49,8099.9744
2025-04-29 22:30:00+00:00,1793.5,1797.57,1791.96,1792.69,4050.5559
2025-04-29 23:00:00+00:00,1792.69,1794.8,1780.47,1786.63,15833.9639
2025-04-29 23:30:00+00:00,1786.63,1799.91,1785.62,1797.81,8796.209
2025-04-30 00:00:00+00:00,1797.81,1806.47,1794.7,1800.49,8487.0629
2025-04-30 00:30:00+00:00,1800.49,1813.09,1798.81,1805.61,6959.2939
2025-04-30 01:00:00+00:00,1805.6,1806.65,1798.1,1803.06,4770.5303
2025-04-30 01:30:00+00:00,1803.06,1803.06,1788.9,1797.62,6266.969
2025-04-30 02:00:00+00:00,1797.62,1804.39,1793.6,1798.76,4636.8549
2025-04-30 02:30:00+00:00,1798.75,1806.14,1796.42,1802.99,4000.9349
2025-04-30 03:00:00+00:00,1802.99,1803.88,1798.45,1800.48,5124.364
2025-04-30 03:30:00+00:00,1800.48,1812.6,1800.1,1808.91,7277.1519
2025-04-30 04:00:00+00:00,1808.92,1811.17,1805.28,1810.53,6576.3421
2025-04-30 04:30:00+00:00,1810.53,1813.0,1807.88,1811.91,4255.745
2025-04-30 05:00:00+00:00,1811.9,1812.34,1803.69,1803.92,5774.6119
2025-04-30 05:30:00+00:00,1803.91,1806.29,1801.4,1806.11,3967.9385
2025-04-30 06:00:00+00:00,1806.12,1808.83,1803.1,1807.8,3055.2882
2025-04-30 06:30:00+00:00,1807.79,1808.67,1802.83,1803.24,3062.583
2025-04-30 07:00:00+00:00,1803.24,1807.68,1802.51,1804.4,3028.2419
2025-04-30 07:30:00+00:00,1804.4,1804.7,1791.1,1796.37,9087.1844
2025-04-30 08:00:00+00:00,1796.37,1802.13,1792.8,1796.23,6822.741
2025-04-30 08:30:00+00:00,1796.23,1800.58,1795.1,1795.24,4984.8968
2025-04-30 09:00:00+00:00,1795.24,1801.3,1795.0,1801.19,3864.5412
2025-04-30 09:30:00+00:00,1801.18,1808.3,1801.18,1806.56,6550.6959
2025-04-30 10:00:00+00:00,1806.57,1809.05,1803.84,1806.16,4456.0728
2025-04-30 10:30:00+00:00,1806.16,1810.8,1803.85,1807.53,4957.6881
2025-04-30 11:00:00+00:00,1807.54,1812.78,1807.54,1810.31,4679.6238
2025-04-30 11:30:00+00:00,1810.31,1816.8,1808.93,1815.7,7056.8275
2025-04-30 12:00:00+00:00,1815.69,1816.4,1794.93,1796.94,12836.5059
2025-04-30 12:30:00+00:00,1796.94,1800.63,1767.32,1775.46,40417.1199
2025-04-30 13:00:00+00:00,1775.46,1776.33,1758.73,1772.49,21660.2948
2025-04-30 13:30:00+00:00,1772.49,1772.49,1735.2,1740.85,52462.8349
2025-04-30 14:00:00+00:00,1740.84,1765.7,1731.7,1764.46,37377.5374
2025-04-30 14:30:00+00:00,1764.46,1773.0,1753.01,1759.27,26394.8922
2025-04-30 15:00:00+00:00,1759.27,1766.5,1757.57,1764.09,13951.2183
2025-04-30 15:30:00+00:00,1764.1,1771.92,1761.19,1764.74,9911.1803
2025-04-30 16:00:00+00:00,1764.73,1766.55,1756.07,1762.04,8989.1419
2025-04-30 16:30:00+00:00,1762.04,1771.15,1758.57,1767.99,6758.5755
2025-04-30 17:00:00+00:00,1767.99,1772.5,1761.8,1771.02,6263.8727
2025-04-30 17:30:00+00:00,1771.01,1779.59,1768.31,1775.53,7898.6424
2025-04-30 18:00:00+00:00,1775.53,1789.6,1773.01,1780.38,18125.0367
2025-04-30 18:30:00+00:00,1780.38,1785.7,1777.08,1782.48,6439.6695
2025-04-30 19:00:00+00:00,1782.49,1787.5,1776.57,1778.2,4794.0842
2025-04-30 19:30:00+00:00,1778.21,1792.97,1775.92,1786.69,8509.2415
2025-04-30 20:00:00+00:00,1786.7,1809.72,1784.61,1804.34,24622.0468
2025-04-30 20:30:00+00:00,1804.35,1804.65,1792.79,1794.01,7124.2682
2025-04-30 21:00:00+00:00,1794.0,1800.7,1793.91,1797.81,4278.4651
2025-04-30 21:30:00+00:00,1797.82,1799.24,1790.67,1792.52,6408.1273
2025-04-30 22:00:00+00:00,1792.52,1799.52,1792.06,1792.66,6470.6677
2025-04-30 22:30:00+00:00,1792.67,1796.15,1789.24,1795.39,4950.5321
2025-04-30 23:00:00+00:00,1795.4,1799.5,1794.13,1796.6,4419.7687
2025-04-30 23:30:00+00:00,1796.6,1797.88,1792.21,1793.61,2756.0798
2025-05-01 00:00:00+00:00,1793.62,1799.0,1792.52,1794.42,4048.588
2025-05-01 00:30:00+00:00,1794.42,1798.2,1793.21,1797.75,3107.2167
2025-05-01 01:00:00+00:00,1797.76,1806.73,1797.76,1802.0,6956.8828
2025-05-01 01:30:00+00:00,1801.99,1810.55,1800.3,1809.91,7573.044
2025-05-01 02:00:00+00:00,1809.92,1816.22,1807.12,1815.08,11169.4449
2025-05-01 02:30:00+00:00,1815.08,1819.0,1805.3,1807.56,11383.5803
2025-05-01 03:00:00+00:00,1807.57,1813.11,1806.5,1811.89,4480.9173
2025-05-01 03:30:00+00:00,1811.9,1814.19,1805.37,1807.99,5636.9959
2025-05-01 04:00:00+00:00,1807.99,1810.38,1804.0,1806.6,3954.4795
2025-05-01 04:30:00+00:00,1806.61,1809.9,1805.55,1809.0,3128.7718
2025-05-01 05:00:00+00:00,1809.0,1810.67,1805.61,1808.55,4209.1146
2025-05-01 05:30:00+00:00,1808.55,1816.9,1807.0,1813.65,6914.3323
2025-05-01 06:00:00+00:00,1813.64,1815.19,1808.18,1809.29,4094.7318
2025-05-01 06:30:00+00:00,1809.29,1810.89,1805.14,1806.54,3071.1934
2025-05-01 07:00:00+00:00,1806.54,1810.25,1802.14,1808.77,4073.6227
2025-05-01 07:30:00+00:00,1808.77,1814.77,1808.4,1810.6,5329.5141
2025-05-01 08:00:00+00:00,1810.59,1816.43,1808.8,1813.25,6633.7814
2025-05-01 08:30:00+00:00,1813.25,1820.09,1813.01,1817.83,9119.3236
2025-05-01 09:00:00+00:00,1817.83,1820.0,1814.93,1818.96,5134.5422
2025-05-01 09:30:00+00:00,1818.95,1824.52,1817.4,1817.53,12975.3848
2025-05-01 10:00:00+00:00,1817.53,1844.14,1817.52,1841.69,32482.5644
2025-05-01 10:30:00+00:00,1841.7,1851.0,1833.81,1847.61,28198.9993
2025-05-01 11:00:00+00:00,1847.6,1859.23,1838.2,1840.77,32469.6075
2025-05-01 11:30:00+00:00,1840.77,1848.44,1840.77,1845.58,9537.0729
2025-05-01 12:00:00+00:00,1845.58,1855.07,1841.92,1845.99,15795.9912
2025-05-01 12:30:00+00:00,1845.99,1852.8,1843.2,1849.29,11804.0725
2025-05-01 13:00:00+00:00,1849.28,1851.49,1844.93,1851.48,10724.9595
2025-05-01 13:30:00+00:00,1851.48,1851.69,1825.2,1826.83,44176.2569
2025-05-01 14:00:00+00:00,1826.84,1841.85,1826.84,1840.14,28256.8016
2025-05-01 14:30:00+00:00,1840.14,1850.0,1834.53,1848.59,10671.8098
2025-05-01 15:00:00+00:00,1848.59,1873.17,1844.65,1863.56,66159.0543
2025-05-01 15:30:00+00:00,1863.57,1870.63,1850.02,1852.99,19220.8304
2025-05-01 16:00:00+00:00,1853.0,1863.61,1852.22,1862.0,11779.3257
2025-05-01 16:30:00+00:00,1861.99,1870.25,1858.58,1859.7,10242.3048
2025-05-01 17:00:00+00:00,1859.7,1864.88,1855.94,1856.89,8608.5364
2025-05-01 17:30:00+00:00,1856.89,1858.84,1846.41,1856.11,9663.6164
2025-05-01 18:00:00+00:00,1856.11,1856.35,1847.75,1850.31,5442.8262
2025-05-01 18:30:00+00:00,1850.3,1858.4,1848.8,1856.0,10392.615
2025-05-01 19:00:00+00:00,1855.99,1856.09,1847.07,1849.98,6748.7145
2025-05-01 19:30:00+00:00,1849.98,1853.41,1838.49,1842.82,8425.5788
2025-05-01 20:00:00+00:00,1842.89,1851.01,1838.44,1846.74,7072.1659
2025-05-01 20:30:00+00:00,1846.74,1848.76,1836.94,1839.41,7025.1991
2025-05-01 21:00:00+00:00,1839.4,1847.59,1839.4,1844.9,3120.0563
2025-05-01 21:30:00+00:00,1844.9,1849.31,1840.89,1843.79,3719.4031
2025-05-01 22:00:00+00:00,1843.8,1846.05,1841.38,1842.65,2901.4064
2025-05-01 22:30:00+00:00,1842.65,1842.97,1837.6,1838.71,3002.7627
2025-05-01 23:00:00+00:00,1838.71,1840.94,1833.5,1838.69,4289.0219
2025-05-01 23:30:00+00:00,1838.69,1839.9,1834.14,1838.11,2271.7135
2025-05-02 00:00:00+00:00,1838.1,1847.4,1835.1,1847.09,6585.2934
2025-05-02 00:30:00+00:00,1847.1,1850.61,1840.76,1847.75,4390.6335
2025-05-02 01:00:00+00:00,1847.75,1851.3,1845.16,1845.4,6001.2537
2025-05-02 01:30:00+00:00,1845.4,1845.59,1839.0,1842.72,4980.778
2025-05-02 02:00:00+00:00,1842.71,1849.34,1839.2,1848.06,3816.8248
2025-05-02 02:30:00+00:00,1848.07,1849.75,1846.11,1846.8,3520.5525
2025-05-02 03:00:00+00:00,1846.81,1850.4,1843.8,1845.62,3941.7639
2025-05-02 03:30:00+00:00,1845.63,1850.77,1845.62,1847.74,3201.4548
2025-05-02 04:00:00+00:00,1847.74,1851.79,1845.46,1845.86,5976.636
2025-05-02 04:30:00+00:00,1845.85,1845.86,1839.4,1841.49,5606.8438
2025-05-02 05:00:00+00:00,1841.5,1844.2,1835.41,1837.81,9347.1402
2025-05-02 05:30:00+00:00,1837.81,1839.4,1828.96,1832.1,10803.5218
2025-05-02 06:00:00+00:00,1832.1,1836.06,1828.48,1835.78,8475.2726
2025-05-02 06:30:00+00:00,1835.78,1837.4,1829.3,1832.23,8448.419
2025-05-02 07:00:00+00:00,1832.24,1832.24,1818.8,1823.0,18200.3182
2025-05-02 07:30:00+00:00,1823.0,1824.35,1816.22,1816.32,10341.9021
2025-05-02 08:00:00+00:00,1816.33,1823.3,1813.0,1821.89,16717.0287
2025-05-02 08:30:00+00:00,1821.88,1826.59,1820.74,1823.69,5659.3325
2025-05-02 09:00:00+00:00,1823.7,1827.3,1821.55,1824.57,5236.491
2025-05-02 09:30:00+00:00,1824.58,1826.0,1820.44,1820.68,5534.4851
2025-05-02 10:00:00+00:00,1820.68,1825.24,1820.68,1824.61,4127.0568
2025-05-02 10:30:00+00:00,1824.6,1835.18,1824.6,1829.28,15340.4448
2025-05-02 11:00:00+00:00,1829.29,1835.53,1829.28,1832.53,7284.4371
2025-05-02 11:30:00+00:00,1832.53,1834.29,1830.44,1833.39,4306.6275
2025-05-02 12:00:00+00:00,1833.39,1836.48,1828.9,1833.33,8043.6279
2025-05-02 12:30:00+00:00,1833.34,1844.73,1823.34,1841.23,26994.9296
2025-05-02 13:00:00+00:00,1841.22,1842.53,1833.01,1835.35,8239.9303
2025-05-02 13:30:00+00:00,1835.36,1840.0,1829.25,1833.82,13815.8084
2025-05-02 14:00:00+00:00,1833.82,1845.83,1833.82,1844.58,14437.2678
2025-05-02 14:30:00+00:00,1844.59,1851.87,1841.55,1848.9,21631.6239
2025-05-02 15:00:00+00:00,1848.91,1854.5,1832.27,1836.1,15831.8677
2025-05-02 15:30:00+00:00,1836.1,1842.49,1834.13,1841.12,6725.7921
2025-05-02 16:00:00+00:00,1841.11,1871.0,1841.11,1858.07,37038.4329
2025-05-02 16:30:00+00:00,1858.06,1860.31,1850.63,1852.51,10009.552
2025-05-02 17:00:00+00:00,1852.51,1852.6,1841.7,1850.2,11558.437
2025-05-02 17:30:00+00:00,1850.21,1853.5,1846.11,1852.35,3690.2924
2025-05-02 18:00:00+00:00,1852.36,1855.63,1850.27,1850.7,4850.704
2025-05-02 18:30:00+00:00,1850.7,1854.08,1845.1,1849.02,4545.4097
2025-05-02 19:00:00+00:00,1849.01,1850.85,1844.43,1848.9,5955.7426
2025-05-02 19:30:00+00:00,1848.9,1848.9,1831.7,1839.68,8751.8689
2025-05-02 20:00:00+00:00,1839.68,1845.06,1835.65,1844.38,4315.671
2025-05-02 20:30:00+00:00,1844.39,1848.5,1844.0,1846.81,3851.4422
2025-05-02 21:00:00+00:00,1846.81,1846.81,1840.08,1843.57,3438.2289
2025-05-02 21:30:00+00:00,1843.56,1845.95,1833.1,1837.54,4959.0815
2025-05-02 22:00:00+00:00,1837.54,1839.97,1832.49,1836.41,5017.2889
2025-05-02 22:30:00+00:00,1836.41,1838.0,1834.2,1835.2,2720.1887
2025-05-02 23:00:00+00:00,1835.2,1841.7,1834.48,1838.81,4324.8957
2025-05-02 23:30:00+00:00,1838.8,1842.72,1838.54,1842.2,2075.2791
2025-05-03 00:00:00+00:00,1842.2,1843.05,1838.21,1839.09,2410.2365
2025-05-03 00:30:00+00:00,1839.08,1842.51,1836.2,1838.7,2950.1084
2025-05-03 01:00:00+00:00,1838.69,1840.5,1833.1,1833.51,4825.0183
2025-05-03 01:30:00+00:00,1833.52,1833.7,1826.58,1829.0,5790.5397
2025-05-03 02:00:00+00:00,1829.0,1835.0,1828.73,1834.65,2231.5192
2025-05-03 02:30:00+00:00,1834.66,1835.74,1831.13,1833.89,5615.2404
2025-05-03 03:00:00+00:00,1833.9,1836.0,1831.2,1834.28,2034.7391
2025-05-03 03:30:00+00:00,1834.27,1837.99,1833.12,1834.8,2748.3442
2025-05-03 04:00:00+00:00,1834.8,1837.88,1833.8,1837.03,3029.6614
2025-05-03 04:30:00+00:00,1837.03,1839.3,1836.53,1838.0,1971.0166
2025-05-03 05:00:00+00:00,1838.0,1838.5,1835.1,1836.29,1815.1873
2025-05-03 05:30:00+00:00,1836.28,1836.39,1833.0,1833.19,1739.6932
2025-05-03 06:00:00+00:00,1833.18,1833.42,1824.6,1825.74,7165.4582
2025-05-03 06:30:00+00:00,1825.74,1831.0,1824.69,1827.28,3877.5133
2025-05-03 07:00:00+00:00,1827.28,1829.89,1825.0,1825.88,3558.9033
2025-05-03 07:30:00+00:00,1825.88,1828.82,1825.88,1826.41,3042.7832
2025-05-03 08:00:00+00:00,1826.41,1827.2,1822.32,1827.17,5041.1901
2025-05-03 08:30:00+00:00,1827.18,1830.0,1824.58,1825.3,4083.7117
2025-05-03 09:00:00+00:00,1825.31,1828.41,1822.2,1826.45,4671.8945
2025-05-03 09:30:00+00:00,1826.44,1827.66,1819.26,1827.4,6209.3448
2025-05-03 10:00:00+00:00,1827.4,1830.51,1822.6,1826.49,5143.3334
2025-05-03 10:30:00+00:00,1826.48,1828.09,1817.63,1819.45,5573.1336
2025-05-03 11:00:00+00:00,1819.44,1825.0,1818.74,1823.91,4909.1959
2025-05-03 11:30:00+00:00,1823.9,1826.37,1822.0,1824.1,3248.557
2025-05-03 12:00:00+00:00,1824.1,1832.0,1823.74,1830.2,4994.185
2025-05-03 12:30:00+00:00,1830.21,1832.78,1828.64,1829.59,3998.6403
2025-05-03 13:00:00+00:00,1829.59,1835.73,1829.08,1835.71,5041.1663
2025-05-03 13:30:00+00:00,1835.7,1836.9,1833.3,1835.2,4173.1179
2025-05-03 14:00:00+00:00,1835.19,1837.41,1832.68,1832.73,4589.2411
2025-05-03 14:30:00+00:00,1832.72,1836.18,1831.59,1835.2,4315.4783
2025-05-03 15:00:00+00:00,1835.2,1840.12,1835.2,1836.11,6087.8754
2025-05-03 15:30:00+00:00,1836.1,1838.55,1833.14,1834.53,2207.1338
2025-05-03 16:00:00+00:00,1834.53,1835.29,1829.7,1832.22,4527.3951
2025-05-03 16:30:00+00:00,1832.22,1832.23,1823.42,1827.11,4530.3418
2025-05-03 17:00:00+00:00,1827.11,1827.56,1810.0,1820.7,16403.6401
2025-05-03 17:30:00+00:00,1820.7,1825.2,1814.42,1824.0,5750.4725
2025-05-03 18:00:00+00:00,1824.0,1830.95,1822.61,1828.42,5540.3539
2025-05-03 18:30:00+00:00,1828.41,1828.5,1824.31,1825.93,2807.2162
2025-05-03 19:00:00+00:00,1825.92,1834.12,1824.61,1834.11,2608.8694
2025-05-03 19:30:00+00:00,1834.11,1839.2,1832.44,1838.21,5482.1691
2025-05-03 20:00:00+00:00,1838.21,1839.4,1834.65,1838.51,3050.7893
2025-05-03 20:30:00+00:00,1838.5,1839.67,1835.6,1838.68,2412.3668
2025-05-03 21:00:00+00:00,1838.68,1846.59,1836.23,1846.01,6245.4633
2025-05-03 21:30:00+00:00,1846.01,1848.6,1838.45,1841.1,5582.2409
2025-05-03 22:00:00+00:00,1841.1,1842.3,1835.78,1839.54,5415.7311
2025-05-03 22:30:00+00:00,1839.55,1845.54,1839.55,1842.84,2555.0451
2025-05-03 23:00:00+00:00,1842.84,1843.37,1829.06,1831.23,6528.5823
2025-05-03 23:30:00+00:00,1831.24,1835.93,1828.4,1833.52,5217.7596
2025-05-04 00:00:00+00:00,1833.52,1842.0,1830.0,1836.71,5602.636
2025-05-04 00:30:00+00:00,1836.72,1839.69,1830.62,1836.6,4435.2364
2025-05-04 01:00:00+00:00,1836.59,1841.08,1834.65,1839.6,3384.9763
2025-05-04 01:30:00+00:00,1839.61,1840.43,1829.31,1837.54,6217.1941
2025-05-04 02:00:00+00:00,1837.53,1849.6,1837.53,1841.86,6560.3227
2025-05-04 02:30:00+00:00,1841.86,1842.21,1830.22,1834.15,4601.0343
2025-05-04 03:00:00+00:00,1834.15,1834.61,1826.44,1834.45,4675.669
2025-05-04 03:30:00+00:00,1834.45,1836.45,1831.71,1831.89,1932.3206
2025-05-04 04:00:00+00:00,1831.89,1837.29,1831.33,1835.09,2809.6668
2025-05-04 04:30:00+00:00,1835.09,1835.17,1829.66,1830.63,1902.9896
2025-05-04 05:00:00+00:00,1830.63,1847.0,1830.2,1842.31,8603.7008
2025-05-04 05:30:00+00:00,1842.32,1849.95,1841.9,1845.74,6930.3529
2025-05-04 06:00:00+00:00,1845.73,1849.2,1840.29,1841.6,6984.7997
2025-05-04 06:30:00+00:00,1841.59,1848.54,1839.5,1845.49,4030.3697
2025-05-04 07:00:00+00:00,1845.5,1846.59,1841.1,1842.19,3531.6123
2025-05-04 07:30:00+00:00,1842.19,1842.39,1836.31,1840.98,4499.7986
2025-05-04 08:00:00+00:00,1840.98,1841.34,1831.0,1835.15,4913.5297
2025-05-04 08:30:00+00:00,1835.15,1836.26,1829.74,1831.05,5564.528
2025-05-04 09:00:00+00:00,1831.05,1832.5,1823.46,1825.06,7899.05
2025-05-04 09:30:00+00:00,1825.05,1829.2,1823.26,1827.59,5935.6031
2025-05-04 10:00:00+00:00,1827.6,1828.08,1822.0,1826.48,4894.5333
2025-05-04 10:30:00+00:00,1826.48,1829.4,1825.74,1827.36,3092.0851
2025-05-04 11:00:00+00:00,1827.36,1836.23,1826.0,1832.31,4815.4354
2025-05-04 11:30:00+00:00,1832.3,1833.47,1825.64,1827.6,4534.7769
2025-05-04 12:00:00+00:00,1827.61,1832.9,1827.04,1830.57,3459.9993
2025-05-04 12:30:00+00:00,1830.57,1833.99,1829.29,1830.18,3849.3978
2025-05-04 13:00:00+00:00,1830.19,1833.12,1825.85,1828.76,4889.6776
2025-05-04 13:30:00+00:00,1828.75,1829.2,1818.57,1825.12,6634.6575
2025-05-04 14:00:00+00:00,1825.11,1829.3,1824.47,1829.0,2606.7431
2025-05-04 14:30:00+00:00,1828.99,1832.4,1826.41,1831.21,4062.878
2025-05-04 15:00:00+00:00,1831.21,1833.65,1828.0,1830.08,4075.9202
2025-05-04 15:30:00+00:00,1830.08,1831.34,1825.7,1830.8,4564.4472
2025-05-04 16:00:00+00:00,1830.81,1833.49,1826.06,1830.84,6501.966
2025-05-04 16:30:00+00:00,1830.83,1831.36,1822.93,1827.93,4775.0758
2025-05-04 17:00:00+00:00,1827.93,1831.5,1824.57,1825.39,3224.6
2025-05-04 17:30:00+00:00,1825.39,1830.78,1822.08,1827.85,3522.4071
2025-05-04 18:00:00+00:00,1827.85,1830.92,1826.58,1829.11,2352.3385
2025-05-04 18:30:00+00:00,1829.12,1830.51,1825.58,1825.85,2102.5821
2025-05-04 19:00:00+00:00,1825.85,1828.61,1824.71,1827.84,2279.7722
2025-05-04 19:30:00+00:00,1827.85,1831.0,1827.67,1828.4,1974.3215
2025-05-04 20:00:00+00:00,1828.4,1842.15,1828.06,1840.7,6257.4237
2025-05-04 20:30:00+00:00,1840.69,1841.42,1834.47,1836.17,4100.4171
2025-05-04 21:00:00+00:00,1836.16,1837.22,1831.91,1834.96,2298.009
2025-05-04 21:30:00+00:00,1834.95,1836.5,1833.94,1835.41,1847.5396
2025-05-04 22:00:00+00:00,1835.4,1835.4,1821.33,1825.5,8228.2381
2025-05-04 22:30:00+00:00,1825.49,1825.49,1811.7,1818.02,10877.8551
2025-05-04 23:00:00+00:00,1818.01,1819.03,1809.4,1809.71,8664.5641
2025-05-04 23:30:00+00:00,1809.71,1812.82,1803.0,1808.86,16751.3045
2025-05-05 00:00:00+00:00,1808.86,1817.76,1806.5,1816.58,7974.4912
2025-05-05 00:30:00+00:00,1816.58,1818.49,1813.49,1816.07,3902.4982
2025-05-05 01:00:00+00:00,1816.07,1817.26,1803.96,1803.99,7935.5599
2025-05-05 01:30:00+00:00,1803.98,1804.63,1781.85,1791.82,28819.9253
2025-05-05 02:00:00+00:00,1791.81,1798.9,1781.9,1794.55,20233.0143
2025-05-05 02:30:00+00:00,1794.55,1802.69,1794.54,1799.41,7834.3625
2025-05-05 03:00:00+00:00,1799.4,1800.99,1793.35,1794.14,5864.1051
2025-05-05 03:30:00+00:00,1794.15,1798.19,1793.91,1794.51,3451.2477
2025-05-05 04:00:00+00:00,1794.5,1799.97,1792.82,1799.41,4804.0143
2025-05-05 04:30:00+00:00,1799.41,1805.38,1799.01,1804.91,5849.2719
2025-05-05 05:00:00+00:00,1804.9,1806.96,1801.27,1805.1,3316.5635
2025-05-05 05:30:00+00:00,1805.11,1818.53,1803.62,1816.51,7733.8155
2025-05-05 06:00:00+00:00,1816.51,1821.64,1811.97,1815.8,8705.8294
2025-05-05 06:30:00+00:00,1815.8,1821.62,1814.8,1820.36,6271.1095
2025-05-05 07:00:00+00:00,1820.37,1824.39,1816.74,1820.62,6119.2312
2025-05-05 07:30:00+00:00,1820.62,1829.84,1820.62,1826.59,6641.601
2025-05-05 08:00:00+00:00,1826.58,1828.39,1823.6,1826.65,5000.0309
2025-05-05 08:30:00+00:00,1826.65,1831.55,1825.27,1828.4,5469.1265
2025-05-05 09:00:00+00:00,1828.39,1830.51,1824.9,1827.71,5710.8042
2025-05-05 09:30:00+00:00,1827.7,1829.5,1822.57,1823.33,4185.5208
2025-05-05 10:00:00+00:00,1823.33,1824.0,1813.12,1813.4,9287.4422
2025-05-05 10:30:00+00:00,1813.4,1816.17,1798.3,1804.76,14864.5367
2025-05-05 11:00:00+00:00,1804.77,1810.84,1801.7,1802.51,7851.7912
2025-05-05 11:30:00+00:00,1802.51,1806.88,1799.0,1804.63,5538.3705
2025-05-05 12:00:00+00:00,1804.64,1809.4,1799.81,1807.91,7995.7381
2025-05-05 12:30:00+00:00,1807.91,1808.74,1801.95,1805.65,4350.7512
2025-05-05 13:00:00+00:00,1805.64,1808.29,1800.38,1802.5,4547.9459
2025-05-05 13:30:00+00:00,1802.51,1809.27,1794.47,1808.8,15287.4454
2025-05-05 14:00:00+00:00,1808.81,1815.63,1801.15,1803.69,11530.6536
2025-05-05 14:30:00+00:00,1803.7,1809.3,1799.34,1804.48,6903.6442
2025-05-05 15:00:00+00:00,1804.49,1808.3,1802.04,1804.6,5512.4815
2025-05-05 15:30:00+00:00,1804.61,1806.6,1795.41,1800.99,7113.9232
2025-05-05 16:00:00+00:00,1801.0,1812.2,1800.78,1808.69,6341.252
2025-05-05 16:30:00+00:00,1808.7,1812.13,1806.55,1808.09,4854.8093
2025-05-05 17:00:00+00:00,1808.1,1814.4,1805.35,1812.1,5164.9453
2025-05-05 17:30:00+00:00,1812.1,1817.66,1812.0,1814.51,4167.9794
2025-05-05 18:00:00+00:00,1814.51,1817.58,1812.0,1817.29,3093.2112
2025-05-05 18:30:00+00:00,1817.29,1828.5,1816.52,1822.61,8892.7688
2025-05-05 19:00:00+00:00,1822.6,1826.44,1818.99,1820.99,6532.3042
2025-05-05 19:30:00+00:00,1820.98,1821.8,1813.45,1816.44,4495.83
2025-05-05 20:00:00+00:00,1816.44,1816.52,1811.0,1813.48,2683.2097
2025-05-05 20:30:00+00:00,1813.48,1813.48,1799.52,1808.97,5861.4198
2025-05-05 21:00:00+00:00,1808.97,1817.03,1808.44,1816.37,2919.0351
2025-05-05 21:30:00+00:00,1816.38,1819.73,1809.28,1816.75,4187.6493
2025-05-05 22:00:00+00:00,1816.75,1823.11,1816.24,1821.08,4601.9428
2025-05-05 22:30:00+00:00,1821.08,1833.55,1821.08,1826.09,12561.1018
2025-05-05 23:00:00+00:00,1826.09,1830.78,1824.16,1825.03,5165.4959
2025-05-05 23:30:00+00:00,1825.03,1825.43,1817.1,1820.19,4211.2066
2025-05-06 00:00:00+00:00,1820.19,1820.8,1812.68,1818.52,4827.3678
2025-05-06 00:30:00+00:00,1818.52,1818.85,1810.85,1814.19,2604.0192
2025-05-06 01:00:00+00:00,1814.2,1820.9,1810.05,1817.21,3138.7095
2025-05-06 01:30:00+00:00,1817.2,1817.65,1803.36,1804.49,8325.429
2025-05-06 02:00:00+00:00,1804.49,1807.38,1792.49,1796.62,13879.7026
2025-05-06 02:30:00+00:00,1796.62,1804.99,1794.0,1803.63,6192.0156
2025-05-06 03:00:00+00:00,1803.63,1804.42,1798.0,1803.79,5571.6032
2025-05-06 03:30:00+00:00,1803.79,1807.41,1803.0,1806.35,4226.3718
2025-05-06 04:00:00+00:00,1806.35,1808.82,1803.68,1807.42,2893.138
2025-05-06 04:30:00+00:00,1807.43,1808.4,1805.0,1806.97,2852.3628
2025-05-06 05:00:00+00:00,1806.97,1808.01,1801.2,1801.94,2833.8439
2025-05-06 05:30:00+00:00,1801.93,1803.37,1797.78,1798.91,3825.9325
2025-05-06 06:00:00+00:00,1798.9,1805.38,1798.73,1803.65,2773.7834
2025-05-06 06:30:00+00:00,1803.65,1806.39,1802.14,1806.38,1852.6717
2025-05-06 07:00:00+00:00,1806.39,1809.26,1803.58,1804.01,3498.1038
2025-05-06 07:30:00+00:00,1804.01,1807.39,1801.6,1806.03,3572.7051
2025-05-06 08:00:00+00:00,1806.03,1806.1,1788.35,1794.43,10956.8508
2025-05-06 08:30:00+00:00,1794.43,1801.9,1794.43,1801.68,4331.147
2025-05-06 09:00:00+00:00,1801.69,1801.8,1795.32,1797.72,3612.905
2025-05-06 09:30:00+00:00,1797.73,1799.35,1792.2,1798.0,5296.1719
2025-05-06 10:00:00+00:00,1798.0,1798.0,1792.74,1793.81,4489.9191
2025-05-06 10:30:00+00:00,1793.8,1797.9,1782.55,1785.19,10483.2847
2025-05-06 11:00:00+00:00,1785.19,1790.6,1782.18,1782.73,7386.8602
2025-05-06 11:30:00+00:00,1782.74,1783.69,1757.34,1769.92,33304.4903
2025-05-06 12:00:00+00:00,1769.92,1775.37,1766.96,1772.75,13853.38
2025-05-06 12:30:00+00:00,1772.76,1776.91,1771.0,1775.22,6885.8629
2025-05-06 13:00:00+00:00,1775.23,1775.89,1759.96,1760.1,11424.6618
2025-05-06 13:30:00+00:00,1760.1,1770.6,1752.0,1759.15,18522.2987
2025-05-06 14:00:00+00:00,1759.15,1779.68,1759.15,1774.22,13297.619
2025-05-06 14:30:00+00:00,1774.23,1777.61,1767.29,1768.7,6138.6724
2025-05-06 15:00:00+00:00,1768.7,1775.23,1760.49,1774.81,8797.5984
2025-05-06 15:30:00+00:00,1774.81,1778.85,1767.52,1770.09,6795.7484
2025-05-06 16:00:00+00:00,1770.09,1775.2,1762.16,1768.53,8728.9319
2025-05-06 16:30:00+00:00,1768.53,1774.59,1762.23,1763.02,5132.8913
2025-05-06 17:00:00+00:00,1763.01,1774.86,1762.97,1772.51,5717.5436
2025-05-06 17:30:00+00:00,1772.51,1776.45,1765.17,1768.02,7536.2968
2025-05-06 18:00:00+00:00,1768.02,1777.77,1766.8,1777.34,3882.6218
2025-05-06 18:30:00+00:00,1777.34,1791.24,1774.82,1790.12,8381.1241
2025-05-06 19:00:00+00:00,1790.12,1798.8,1784.47,1788.83,15418.5228
2025-05-06 19:30:00+00:00,1788.83,1792.32,1784.42,1784.79,4857.7125
2025-05-06 20:00:00+00:00,1784.8,1789.1,1778.92,1779.55,6521.2951
2025-05-06 20:30:00+00:00,1779.56,1779.99,1768.49,1775.44,6530.7021
2025-05-06 21:00:00+00:00,1775.45,1781.0,1765.5,1767.3,4738.2901
2025-05-06 21:30:00+00:00,1767.3,1776.91,1766.12,1775.81,4249.1046
2025-05-06 22:00:00+00:00,1775.8,1801.36,1775.65,1800.75,23560.6441
2025-05-06 22:30:00+00:00,1800.76,1813.23,1797.47,1811.11,14377.3796
2025-05-06 23:00:00+00:00,1811.1,1818.56,1802.1,1814.9,16077.7541
2025-05-06 23:30:00+00:00,1814.9,1819.41,1809.75,1817.0,10428.2001
2025-05-07 00:00:00+00:00,1817.0,1847.77,1814.59,1836.93,35383.7194
2025-05-07 00:30:00+00:00,1836.93,1842.47,1832.25,1842.23,18659.7252
2025-05-07 01:00:00+00:00,1842.23,1850.0,1840.58,1846.7,18364.5388
2025-05-07 01:30:00+00:00,1846.7,1847.44,1828.82,1832.71,16220.8327
2025-05-07 02:00:00+00:00,1832.71,1835.17,1822.21,1827.51,16179.107
2025-05-07 02:30:00+00:00,1827.5,1829.3,1821.9,1824.94,6403.4938
2025-05-07 03:00:00+00:00,1824.95,1825.93,1817.2,1824.09,9917.7023
2025-05-07 03:30:00+00:00,1824.09,1828.49,1823.04,1826.48,4848.2271
2025-05-07 04:00:00+00:00,1826.48,1833.41,1826.47,1828.3,5375.3139
2025-05-07 04:30:00+00:00,1828.3,1828.99,1824.57,1828.63,6471.9372
2025-05-07 05:00:00+00:00,1828.62,1830.0,1825.6,1828.53,3319.1106
2025-05-07 05:30:00+00:00,1828.53,1830.55,1825.8,1828.21,3376.3013
2025-05-07 06:00:00+00:00,1828.21,1834.38,1827.7,1828.79,5492.4716
2025-05-07 06:30:00+00:00,1828.8,1830.78,1826.16,1830.61,4361.8879
2025-05-07 07:00:00+00:00,1830.62,1836.09,1830.1,1835.15,4664.7848
2025-05-07 07:30:00+00:00,1835.14,1838.43,1832.53,1838.24,4949.2395
2025-05-07 08:00:00+00:00,1838.23,1841.72,1834.53,1837.21,7277.3641
2025-05-07 08:30:00+00:00,1837.2,1844.2,1836.1,1840.69,8694.6745
2025-05-07 09:00:00+00:00,1840.69,1843.8,1837.94,1840.02,6270.9059
2025-05-07 09:30:00+00:00,1840.02,1845.33,1839.1,1844.04,4468.1699
2025-05-07 10:00:00+00:00,1844.03,1847.05,1833.91,1835.09,11961.9371
2025-05-07 10:30:00+00:00,1835.09,1839.55,1830.51,1833.71,10258.2386
2025-05-07 11:00:00+00:00,1833.72,1836.0,1831.0,1833.47,4451.2223
2025-05-07 11:30:00+00:00,1833.47,1837.11,1833.07,1836.35,3306.2173
2025-05-07 12:00:00+00:00,1836.35,1837.1,1828.61,1829.69,6231.3021
2025-05-07 12:30:00+00:00,1829.69,1831.95,1826.88,1830.7,7066.7073
2025-05-07 13:00:00+00:00,1830.69,1830.69,1821.92,1823.79,11189.0792
2025-05-07 13:30:00+00:00,1823.78,1835.81,1822.55,1828.9,18987.7593
2025-05-07 14:00:00+00:00,1828.9,1833.32,1827.01,1831.93,8950.4287
2025-05-07 14:30:00+00:00,1831.93,1832.99,1816.79,1822.21,10444.6196
2025-05-07 15:00:00+00:00,1822.21,1825.6,1817.03,1821.07,8650.3057
2025-05-07 15:30:00+00:00,1821.07,1823.5,1814.29,1817.31,7013.9813
2025-05-07 16:00:00+00:00,1817.32,1818.01,1804.35,1804.58,9129.2913
2025-05-07 16:30:00+00:00,1804.59,1813.62,1800.05,1811.77,8155.1831
2025-05-07 17:00:00+00:00,1811.77,1813.2,1805.62,1805.85,4994.21
2025-05-07 17:30:00+00:00,1805.82,1808.9,1788.84,1796.25,20504.2848
2025-05-07 18:00:00+00:00,1796.25,1808.55,1788.78,1802.28,23437.3741
2025-05-07 18:30:00+00:00,1802.28,1816.98,1792.33,1806.43,17377.5982
2025-05-07 19:00:00+00:00,1806.44,1808.0,1789.14,1791.65,9562.6009
2025-05-07 19:30:00+00:00,1791.65,1807.62,1787.01,1795.82,12150.6857
2025-05-07 20:00:00+00:00,1795.83,1801.1,1793.2,1795.33,4596.8762
2025-05-07 20:30:00+00:00,1795.33,1798.19,1789.12,1798.18,4874.0646
2025-05-07 21:00:00+00:00,1798.18,1806.5,1796.33,1806.39,3614.4452
2025-05-07 21:30:00+00:00,1806.4,1809.4,1799.09,1802.73,6041.386
2025-05-07 22:00:00+00:00,1802.73,1814.79,1800.79,1810.41,13377.3327
2025-05-07 22:30:00+00:00,1810.4,1821.56,1809.7,1817.12,8881.8308
2025-05-07 23:00:00+00:00,1817.11,1825.44,1816.0,1818.34,5366.0018
2025-05-07 23:30:00+00:00,1818.33,1820.0,1808.29,1811.11,4895.5991
2025-05-08 00:00:00+00:00,1811.11,1816.67,1809.93,1816.16,5507.1815
2025-05-08 00:30:00+00:00,1816.15,1828.29,1808.71,1827.13,9296.2818
2025-05-08 01:00:00+00:00,1827.12,1837.2,1820.5,1828.61,23726.3077
2025-05-08 01:30:00+00:00,1828.6,1830.99,1820.0,1822.9,7913.9119
2025-05-08 02:00:00+00:00,1822.91,1841.0,1822.91,1840.09,12730.1999
2025-05-08 02:30:00+00:00,1840.08,1847.75,1838.3,1841.56,24180.1798
2025-05-08 03:00:00+00:00,1841.56,1870.0,1839.0,1864.18,40450.4994
2025-05-08 03:30:00+00:00,1864.18,1906.77,1860.75,1901.1,58500.269
2025-05-08 04:00:00+00:00,1901.09,1916.59,1900.59,1905.89,48167.5012
2025-05-08 04:30:00+00:00,1905.9,1907.6,1892.91,1893.81,20173.3927
2025-05-08 05:00:00+00:00,1893.81,1905.4,1892.2,1897.8,14581.7907
2025-05-08 05:30:00+00:00,1897.81,1903.53,1896.3,1896.77,10470.3644
2025-05-08 06:00:00+00:00,1896.77,1906.13,1896.0,1904.21,10572.542
2025-05-08 06:30:00+00:00,1904.21,1912.35,1902.31,1911.29,8988.0658
2025-05-08 07:00:00+00:00,1911.29,1915.91,1908.37,1914.93,12220.5931
2025-05-08 07:30:00+00:00,1914.92,1943.83,1912.81,1928.4,48903.428
2025-05-08 08:00:00+00:00,1928.4,1934.8,1925.9,1930.97,29903.5012
2025-05-08 08:30:00+00:00,1930.97,1947.0,1929.7,1934.98,21545.5659
2025-05-08 09:00:00+00:00,1934.98,1942.0,1929.81,1941.19,14098.5276
2025-05-08 09:30:00+00:00,1941.2,1942.34,1932.08,1941.1,11435.8457
2025-05-08 10:00:00+00:00,1941.1,1950.6,1939.22,1948.39,18465.0109
2025-05-08 10:30:00+00:00,1948.39,1968.72,1943.6,1961.01,33110.6608
2025-05-08 11:00:00+00:00,1961.0,1961.4,1946.91,1948.0,17685.9147
2025-05-08 11:30:00+00:00,1948.0,1958.87,1945.21,1957.63,9034.6089
2025-05-08 12:00:00+00:00,1957.64,1977.26,1956.51,1967.54,36436.6875
2025-05-08 12:30:00+00:00,1967.55,1973.21,1954.27,1959.7,21687.1108
2025-05-08 13:00:00+00:00,1959.7,1971.52,1959.5,1967.69,21385.6553
2025-05-08 13:30:00+00:00,1967.69,1984.75,1962.5,1976.3,30515.8184
2025-05-08 14:00:00+00:00,1976.3,1983.2,1969.16,1979.47,21916.7941
2025-05-08 14:30:00+00:00,1979.48,2010.68,1979.48,1989.51,58703.366
2025-05-08 15:00:00+00:00,1989.51,2032.0,1987.81,2020.99,76688.5256
2025-05-08 15:30:00+00:00,2021.0,2075.65,2013.37,2051.3,102575.7545
2025-05-08 16:00:00+00:00,2051.3,2066.67,2041.63,2042.79,36439.8457
2025-05-08 16:30:00+00:00,2042.79,2054.87,2036.64,2050.59,19420.3499
2025-05-08 17:00:00+00:00,2050.59,2057.39,2043.1,2048.91,17390.5758
2025-05-08 17:30:00+00:00,2048.91,2052.0,2036.71,2046.2,19893.962
2025-05-08 18:00:00+00:00,2046.21,2066.66,2043.96,2053.86,16829.8111
2025-05-08 18:30:00+00:00,2053.85,2074.2,2051.42,2067.74,20277.0784
2025-05-08 19:00:00+00:00,2067.73,2088.69,2061.28,2075.15,32923.9381
2025-05-08 19:30:00+00:00,2075.16,2140.0,2069.24,2117.83,75040.0417
2025-05-08 20:00:00+00:00,2117.83,2129.0,2111.6,2125.4,37623.8016
2025-05-08 20:30:00+00:00,2125.41,2199.65,2125.01,2185.0,80210.1428
2025-05-08 21:00:00+00:00,2185.01,2226.0,2157.75,2198.8,73242.8038
2025-05-08 21:30:00+00:00,2198.8,2209.83,2160.24,2179.85,46921.0345
2025-05-08 22:00:00+00:00,2179.86,2189.66,2167.15,2180.11,26807.8997
2025-05-08 22:30:00+00:00,2180.1,2196.77,2172.3,2179.47,35047.1175
2025-05-08 23:00:00+00:00,2179.46,2187.01,2166.29,2184.59,30790.4586
2025-05-08 23:30:00+00:00,2184.58,2208.56,2183.91,2207.39,22721.968
2025-05-09 00:00:00+00:00,2207.39,2208.39,2184.33,2190.95,16193.8432
2025-05-09 00:30:00+00:00,2190.96,2215.0,2185.69,2200.91,24706.7157
2025-05-09 01:00:00+00:00,2200.91,2244.22,2192.92,2205.84,44300.0803
2025-05-09 01:30:00+00:00,2205.83,2208.97,2190.14,2206.8,14319.2003
2025-05-09 02:00:00+00:00,2206.79,2208.0,2194.35,2198.14,14413.9175
2025-05-09 02:30:00+00:00,2198.13,2217.36,2197.5,2216.59,24572.7886
2025-05-09 03:00:00+00:00,2216.59,2245.03,2212.56,2227.82,31199.5009
2025-05-09 03:30:00+00:00,2227.82,2228.0,2197.07,2205.06,27385.8058
2025-05-09 04:00:00+00:00,2205.06,2222.62,2202.8,2220.35,12629.5563
2025-05-09 04:30:00+00:00,2220.36,2221.99,2212.01,2213.9,11826.9028
2025-05-09 05:00:00+00:00,2213.9,2219.88,2205.71,2209.94,11769.6218
2025-05-09 05:30:00+00:00,2209.94,2215.5,2205.95,2215.05,15061.2662
2025-05-09 06:00:00+00:00,2215.05,2255.13,2214.41,2251.35,34340.2228
2025-05-09 06:30:00+00:00,2251.35,2259.85,2241.16,2256.91,28344.3745
2025-05-09 07:00:00+00:00,2256.92,2310.0,2256.07,2309.53,67405.2679
2025-05-09 07:30:00+00:00,2309.52,2393.0,2294.23,2364.09,141377.2168
2025-05-09 08:00:00+00:00,2364.09,2442.78,2357.59,2427.61,86621.8733
2025-05-09 08:30:00+00:00,2427.62,2490.77,2366.36,2412.88,224614.3563
2025-05-09 09:00:00+00:00,2412.88,2423.7,2292.12,2310.88,157483.6935
2025-05-09 09:30:00+00:00,2310.88,2346.85,2309.27,2341.6,59048.3458
2025-05-09 10:00:00+00:00,2341.6,2359.6,2329.02,2336.21,39131.4425
2025-05-09 10:30:00+00:00,2336.21,2354.09,2330.02,2348.8,30952.9448
2025-05-09 11:00:00+00:00,2348.8,2376.17,2314.84,2343.44,64187.2654
2025-05-09 11:30:00+00:00,2343.44,2360.95,2333.69,2351.29,26843.979
2025-05-09 12:00:00+00:00,2351.29,2353.27,2325.75,2340.65,30798.7298
2025-05-09 12:30:00+00:00,2340.65,2347.23,2335.64,2339.99,19010.2636
2025-05-09 13:00:00+00:00,2339.99,2352.5,2338.8,2346.14,16920.2195
2025-05-09 13:30:00+00:00,2346.14,2388.23,2329.04,2370.12,43727.6142
2025-05-09 14:00:00+00:00,2370.12,2370.12,2312.57,2316.28,42346.8711
2025-05-09 14:30:00+00:00,2316.29,2333.78,2271.5,2305.96,62235.0348
2025-05-09 15:00:00+00:00,2305.97,2321.6,2287.57,2302.01,30917.2375
2025-05-09 15:30:00+00:00,2302.0,2309.27,2282.24,2301.3,25228.1106
2025-05-09 16:00:00+00:00,2301.28,2311.53,2274.33,2303.07,29775.0225
2025-05-09 16:30:00+00:00,2303.08,2316.07,2293.33,2298.16,16266.4571
2025-05-09 17:00:00+00:00,2298.16,2333.01,2294.84,2330.78,24441.4701
2025-05-09 17:30:00+00:00,2330.78,2355.2,2325.19,2350.03,19152.6177
2025-05-09 18:00:00+00:00,2350.02,2352.65,2328.27,2334.83,11192.1536
2025-05-09 18:30:00+00:00,2334.83,2346.32,2334.03,2340.03,6986.1892
2025-05-09 19:00:00+00:00,2340.03,2344.41,2308.78,2321.78,14410.3722
2025-05-09 19:30:00+00:00,2321.79,2333.11,2317.38,2331.57,7768.8177
2025-05-09 20:00:00+00:00,2331.58,2352.0,2329.9,2346.23,10674.3117
2025-05-09 20:30:00+00:00,2346.24,2346.4,2326.5,2340.0,11478.0656
2025-05-09 21:00:00+00:00,2339.99,2342.19,2322.65,2335.49,7712.5681
2025-05-09 21:30:00+00:00,2335.49,2343.22,2331.72,2337.82,6581.1822
2025-05-09 22:00:00+00:00,2337.83,2341.15,2329.02,2340.99,6915.6024
2025-05-09 22:30:00+00:00,2340.99,2346.0,2333.36,2334.47,4713.2629
2025-05-09 23:00:00+00:00,2334.47,2347.56,2332.8,2343.23,5205.4306
2025-05-09 23:30:00+00:00,2343.23,2346.66,2338.06,2345.04,3853.2515
2025-05-10 00:00:00+00:00,2345.04,2380.66,2340.77,2361.22,20959.5668
2025-05-10 00:30:00+00:00,2361.21,2361.21,2317.0,2326.44,19274.8248
2025-05-10 01:00:00+00:00,2326.45,2349.13,2326.0,2347.84,5601.1124
2025-05-10 01:30:00+00:00,2347.84,2354.39,2332.72,2335.28,7647.3431
2025-05-10 02:00:00+00:00,2335.28,2343.22,2333.0,2339.2,3690.3102
2025-05-10 02:30:00+00:00,2339.19,2349.36,2335.38,2342.09,5936.6937
2025-05-10 03:00:00+00:00,2342.09,2342.87,2331.71,2338.51,5146.8889
2025-05-10 03:30:00+00:00,2338.51,2341.61,2332.79,2339.89,3988.4913
2025-05-10 04:00:00+00:00,2339.89,2339.89,2326.66,2330.55,5931.4159
2025-05-10 04:30:00+00:00,2330.54,2337.12,2327.65,2337.0,3553.3785
2025-05-10 05:00:00+00:00,2337.0,2346.79,2337.0,2343.3,8171.0881
2025-05-10 05:30:00+00:00,2343.3,2355.36,2339.0,2353.08,7928.827
2025-05-10 06:00:00+00:00,2353.08,2378.08,2352.36,2373.26,20352.1967
2025-05-10 06:30:00+00:00,2373.27,2376.14,2351.15,2367.69,17501.5166
2025-05-10 07:00:00+00:00,2367.68,2372.87,2355.01,2359.79,12568.0516
2025-05-10 07:30:00+00:00,2359.79,2417.13,2357.31,2400.0,45386.0162
2025-05-10 08:00:00+00:00,2400.01,2435.72,2394.61,2414.54,45087.4902
2025-05-10 08:30:00+00:00,2414.55,2422.3,2360.0,2382.6,37914.2901
2025-05-10 09:00:00+00:00,2382.62,2399.9,2365.58,2391.8,33512.0048
2025-05-10 09:30:00+00:00,2391.79,2422.47,2384.32,2401.32,25867.2978
2025-05-10 10:00:00+00:00,2401.31,2415.73,2385.0,2406.35,18592.2278
2025-05-10 10:30:00+00:00,2406.35,2429.1,2395.35,2396.96,28560.6259
2025-05-10 11:00:00+00:00,2396.93,2404.22,2386.7,2391.2,16308.1475
2025-05-10 11:30:00+00:00,2391.19,2392.99,2375.24,2384.75,15424.3671
2025-05-10 12:00:00+00:00,2384.76,2415.93,2384.76,2410.9,16967.4701
2025-05-10 12:30:00+00:00,2410.9,2421.25,2399.55,2408.28,15106.4841
2025-05-10 13:00:00+00:00,2408.28,2421.4,2408.28,2418.07,12640.2711
2025-05-10 13:30:00+00:00,2418.06,2448.88,2412.99,2437.84,28674.4943
2025-05-10 14:00:00+00:00,2437.84,2444.73,2407.0,2415.27,22035.5365
2025-05-10 14:30:00+00:00,2415.27,2444.76,2413.75,2435.87,14591.6439
2025-05-10 15:00:00+00:00,2435.88,2439.4,2422.63,2436.61,11514.6629
2025-05-10 15:30:00+00:00,2436.62,2446.06,2424.55,2433.46,16642.5967
2025-05-10 16:00:00+00:00,2433.46,2467.18,2428.93,2448.03,30169.863
2025-05-10 16:30:00+00:00,2448.04,2475.25,2444.25,2461.26,21747.7823
2025-05-10 17:00:00+00:00,2461.26,2490.5,2455.4,2479.77,26465.8748
2025-05-10 17:30:00+00:00,2479.81,2512.42,2450.01,2461.23,72508.3908
2025-05-10 18:00:00+00:00,2461.22,2487.5,2457.29,2468.95,20120.8108
2025-05-10 18:30:00+00:00,2468.96,2506.94,2463.48,2495.26,25503.5219
2025-05-10 19:00:00+00:00,2495.26,2499.74,2478.7,2481.97,11168.9125
2025-05-10 19:30:00+00:00,2481.96,2507.13,2476.67,2499.48,14484.7048
2025-05-10 20:00:00+00:00,2499.49,2505.0,2469.1,2487.17,17462.7395
2025-05-10 20:30:00+00:00,2487.16,2501.27,2487.16,2491.02,8575.7592
2025-05-10 21:00:00+00:00,2491.03,2518.52,2491.03,2506.55,20307.9365
2025-05-10 21:30:00+00:00,2506.55,2545.67,2506.54,2533.83,19887.7679
2025-05-10 22:00:00+00:00,2533.82,2552.09,2521.05,2539.6,21784.0089
2025-05-10 22:30:00+00:00,2539.55,2586.17,2538.01,2577.22,37042.5623
2025-05-10 23:00:00+00:00,2577.21,2600.0,2563.68,2582.22,45002.0146
2025-05-10 23:30:00+00:00,2582.22,2598.56,2567.0,2583.23,34040.1782
2025-05-11 00:00:00+00:00,2583.22,2608.13,2504.27,2513.55,63402.6802
2025-05-11 00:30:00+00:00,2513.54,2552.01,2513.54,2544.12,30174.5422
2025-05-11 01:00:00+00:00,2544.12,2557.99,2530.65,2549.21,14004.3718
2025-05-11 01:30:00+00:00,2549.21,2554.35,2512.5,2532.87,23607.796
2025-05-11 02:00:00+00:00,2532.87,2565.74,2522.88,2555.78,19093.6382
2025-05-11 02:30:00+00:00,2555.77,2565.48,2524.29,2543.58,22403.2097
2025-05-11 03:00:00+00:00,2543.57,2551.15,2530.46,2549.28,10875.1843
2025-05-11 03:30:00+00:00,2549.28,2554.6,2534.07,2537.63,7733.29
2025-05-11 04:00:00+00:00,2537.62,2550.75,2531.2,2541.86,12988.4732
2025-05-11 04:30:00+00:00,2541.86,2545.54,2530.52,2545.02,6458.4317
2025-05-11 05:00:00+00:00,2545.01,2551.99,2536.74,2551.12,13492.0148
2025-05-11 05:30:00+00:00,2551.13,2562.47,2549.4,2554.83,15873.7135
2025-05-11 06:00:00+00:00,2554.83,2556.02,2523.82,2543.05,21488.5537
2025-05-11 06:30:00+00:00,2543.05,2543.05,2504.41,2521.26,20074.5216
2025-05-11 07:00:00+00:00,2521.27,2521.27,2480.49,2490.2,46813.9451
2025-05-11 07:30:00+00:00,2490.21,2501.41,2453.92,2473.22,50572.3696
2025-05-11 08:00:00+00:00,2473.22,2504.91,2473.21,2487.41,26307.8281
2025-05-11 08:30:00+00:00,2487.4,2492.72,2472.2,2481.0,13764.6888
2025-05-11 09:00:00+00:00,2481.0,2516.69,2481.0,2515.29,17616.6651
2025-05-11 09:30:00+00:00,2515.29,2522.07,2507.53,2515.24,7788.7216
2025-05-11 10:00:00+00:00,2515.24,2520.96,2495.45,2508.16,11054.144
2025-05-11 10:30:00+00:00,2508.17,2511.36,2496.64,2510.79,8884.2423
2025-05-11 11:00:00+00:00,2510.78,2519.6,2506.53,2515.43,7546.4294
2025-05-11 11:30:00+00:00,2515.42,2535.46,2511.13,2530.67,15548.4066
2025-05-11 12:00:00+00:00,2530.67,2532.09,2514.65,2520.38,10020.0753
2025-05-11 12:30:00+00:00,2520.39,2524.63,2510.9,2515.63,9082.6894
2025-05-11 13:00:00+00:00,2515.63,2530.0,2495.47,2501.57,17854.6681
2025-05-11 13:30:00+00:00,2501.58,2501.58,2465.82,2469.42,38293.7126
2025-05-11 14:00:00+00:00,2469.42,2489.64,2468.59,2482.87,19276.9996
2025-05-11 14:30:00+00:00,2482.86,2494.15,2479.67,2486.05,7837.2791
2025-05-11 15:00:00+00:00,2486.05,2504.7,2484.01,2486.35,12722.6105
2025-05-11 15:30:00+00:00,2486.35,2490.36,2435.51,2462.51,37747.3416
2025-05-11 16:00:00+00:00,2462.55,2478.74,2440.25,2474.83,29720.1921
2025-05-11 16:30:00+00:00,2474.82,2480.75,2456.48,2470.79,10573.8698
2025-05-11 17:00:00+00:00,2470.79,2491.31,2466.33,2479.4,12235.5953
2025-05-11 17:30:00+00:00,2479.39,2495.75,2478.39,2491.45,11879.2499
2025-05-11 18:00:00+00:00,2491.46,2494.1,2478.87,2479.59,8054.4393
2025-05-11 18:30:00+00:00,2479.59,2515.0,2472.34,2504.7,26527.8838
2025-05-11 19:00:00+00:00,2504.69,2519.83,2502.0,2516.03,13689.9072
2025-05-11 19:30:00+00:00,2516.03,2525.4,2507.0,2508.02,11069.3273
2025-05-11 20:00:00+00:00,2508.02,2510.0,2492.57,2504.53,9576.8307
2025-05-11 20:30:00+00:00,2504.54,2512.61,2499.61,2509.91,7144.5488
2025-05-11 21:00:00+00:00,2509.9,2515.58,2497.64,2501.69,8846.6344
2025-05-11 21:30:00+00:00,2501.68,2520.0,2501.06,2517.02,6641.2373
2025-05-11 22:00:00+00:00,2517.03,2528.52,2496.25,2502.76,13270.9099
2025-05-11 22:30:00+00:00,2502.75,2507.87,2483.33,2503.51,9686.9579
2025-05-11 23:00:00+00:00,2503.52,2512.81,2502.79,2507.54,6263.9357
2025-05-11 23:30:00+00:00,2507.54,2515.56,2498.02,2514.57,5999.6317
2025-05-12 00:00:00+00:00,2514.58,2534.58,2510.95,2531.91,16678.9528
2025-05-12 00:30:00+00:00,2531.9,2545.73,2522.61,2531.66,16355.2997
2025-05-12 01:00:00+00:00,2531.65,2548.85,2512.61,2518.27,17505.3769
2025-05-12 01:30:00+00:00,2518.27,2518.72,2490.75,2505.45,17234.1077
2025-05-12 02:00:00+00:00,2505.46,2524.51,2502.46,2517.13,11145.4735
2025-05-12 02:30:00+00:00,2517.14,2535.53,2512.0,2522.85,12787.0872
2025-05-12 03:00:00+00:00,2522.85,2527.19,2510.0,2516.63,8536.0206
2025-05-12 03:30:00+00:00,2516.63,2520.78,2511.32,2520.0,7546.7175
2025-05-12 04:00:00+00:00,2520.01,2527.5,2508.97,2511.07,7775.0157
2025-05-12 04:30:00+00:00,2511.07,2523.91,2507.68,2518.49,7857.8907
2025-05-12 05:00:00+00:00,2518.49,2521.4,2497.24,2499.59,9892.309
2025-05-12 05:30:00+00:00,2499.59,2504.74,2492.0,2497.69,8614.9838
2025-05-12 06:00:00+00:00,2497.69,2508.93,2486.8,2508.08,10357.0512
2025-05-12 06:30:00+00:00,2508.09,2521.61,2504.82,2517.69,10262.1809
2025-05-12 07:00:00+00:00,2517.7,2604.0,2517.7,2598.74,92521.1482
2025-05-12 07:30:00+00:00,2598.73,2624.0,2529.05,2554.77,97121.6433
2025-05-12 08:00:00+00:00,2554.78,2555.78,2531.53,2546.15,31503.9993
2025-05-12 08:30:00+00:00,2546.15,2585.83,2542.04,2577.55,30758.9714
2025-05-12 09:00:00+00:00,2577.55,2582.64,2562.65,2569.67,20547.0248
2025-05-12 09:30:00+00:00,2569.66,2570.12,2547.73,2550.77,13514.8114
2025-05-12 10:00:00+00:00,2550.78,2559.04,2540.19,2550.07,15792.6008
2025-05-12 10:30:00+00:00,2550.06,2563.86,2547.83,2560.52,11393.5573
2025-05-12 11:00:00+00:00,2560.53,2567.5,2549.07,2554.49,11210.7914
2025-05-12 11:30:00+00:00,2554.49,2556.78,2522.0,2530.59,18797.6994
2025-05-12 12:00:00+00:00,2530.58,2555.65,2529.39,2547.02,18389.8409
2025-05-12 12:30:00+00:00,2547.02,2560.25,2540.3,2549.68,15405.4584
2025-05-12 13:00:00+00:00,2549.69,2576.29,2543.77,2557.8,23226.576
2025-05-12 13:30:00+00:00,2557.81,2575.98,2545.56,2558.2,35745.1653
2025-05-12 14:00:00+00:00,2558.2,2570.14,2500.01,2510.43,52363.2815
2025-05-12 14:30:00+00:00,2510.43,2535.97,2488.81,2505.94,58297.6084
2025-05-12 15:00:00+00:00,2505.94,2515.38,2478.0,2502.38,42925.8563
2025-05-12 15:30:00+00:00,2502.39,2510.3,2481.49,2486.92,32140.9698
2025-05-12 16:00:00+00:00,2486.91,2502.5,2470.66,2498.06,34190.7589
2025-05-12 16:30:00+00:00,2498.06,2508.55,2491.84,2500.58,10952.7279
2025-05-12 17:00:00+00:00,2500.58,2512.36,2485.71,2493.65,11865.4828
2025-05-12 17:30:00+00:00,2493.65,2495.48,2465.01,2476.38,17978.7817
2025-05-12 18:00:00+00:00,2476.39,2485.16,2439.61,2445.59,34126.2011
2025-05-12 18:30:00+00:00,2445.6,2454.42,2406.63,2435.05,65143.935
2025-05-12 19:00:00+00:00,2435.05,2467.39,2428.89,2454.64,24864.4893
2025-05-12 19:30:00+00:00,2454.65,2463.57,2445.79,2460.36,11964.6955
2025-05-12 20:00:00+00:00,2460.35,2472.37,2452.26,2469.75,11620.6453
2025-05-12 20:30:00+00:00,2469.75,2496.0,2468.77,2485.65,18423.6852
2025-05-12 21:00:00+00:00,2485.65,2491.89,2468.88,2468.96,11627.7305
2025-05-12 21:30:00+00:00,2468.95,2484.45,2467.32,2479.82,6253.2592
2025-05-12 22:00:00+00:00,2479.81,2487.62,2474.0,2483.62,5707.3533
2025-05-12 22:30:00+00:00,2483.63,2497.52,2482.8,2485.85,6569.0273
2025-05-12 23:00:00+00:00,2485.85,2500.36,2485.43,2496.49,5764.2416
2025-05-12 23:30:00+00:00,2496.49,2497.58,2488.24,2495.47,7422.4576
2025-05-13 00:00:00+00:00,2495.48,2495.79,2466.76,2472.2,13281.447
2025-05-13 00:30:00+00:00,2472.21,2472.37,2458.1,2463.15,9065.6411
2025-05-13 01:00:00+00:00,2463.16,2476.18,2455.15,2461.62,8968.4989
2025-05-13 01:30:00+00:00,2461.62,2465.73,2440.01,2453.11,15571.7784
2025-05-13 02:00:00+00:00,2453.11,2460.54,2415.3,2446.45,26787.2313
2025-05-13 02:30:00+00:00,2446.45,2447.1,2430.0,2439.2,12306.6352
2025-05-13 03:00:00+00:00,2439.2,2444.66,2418.23,2425.49,11894.0941
2025-05-13 03:30:00+00:00,2425.49,2433.1,2418.94,2424.8,12463.8424
2025-05-13 04:00:00+00:00,2424.8,2441.6,2420.0,2439.0,12260.1318
2025-05-13 04:30:00+00:00,2438.99,2458.72,2438.81,2455.59,12389.3929
2025-05-13 05:00:00+00:00,2455.59,2463.32,2450.25,2453.92,8716.9586
2025-05-13 05:30:00+00:00,2453.91,2454.06,2439.44,2449.75,6749.8432
2025-05-13 06:00:00+00:00,2449.75,2460.9,2447.23,2450.43,12254.586
2025-05-13 06:30:00+00:00,2450.45,2459.68,2449.25,2453.51,5847.7657
2025-05-13 07:00:00+00:00,2453.52,2480.0,2452.41,2470.5,15243.4781
2025-05-13 07:30:00+00:00,2470.5,2473.76,2459.52,2460.72,8755.9614
2025-05-13 08:00:00+00:00,2460.73,2471.19,2453.47,2453.48,8697.5704
2025-05-13 08:30:00+00:00,2453.48,2463.02,2451.25,2457.29,8117.5889
2025-05-13 09:00:00+00:00,2457.29,2484.01,2456.68,2480.7,19709.6258
2025-05-13 09:30:00+00:00,2480.7,2488.45,2476.92,2484.86,12972.0263
2025-05-13 10:00:00+00:00,2484.88,2487.44,2471.7,2481.79,12797.1858
2025-05-13 10:30:00+00:00,2481.78,2486.2,2473.55,2482.41,11427.2519
2025-05-13 11:00:00+00:00,2482.41,2509.3,2478.61,2499.01,21189.9485
2025-05-13 11:30:00+00:00,2499.0,2525.5,2496.12,2513.39,20684.7469
2025-05-13 12:00:00+00:00,2513.39,2514.22,2491.81,2503.48,13636.2375
2025-05-13 12:30:00+00:00,2503.44,2542.72,2500.8,2524.69,48528.3815
2025-05-13 13:00:00+00:00,2524.7,2550.55,2519.26,2544.01,22178.8459
2025-05-13 13:30:00+00:00,2544.01,2562.0,2533.7,2549.65,30122.6414
2025-05-13 14:00:00+00:00,2549.66,2557.0,2526.74,2552.01,33858.4228
2025-05-13 14:30:00+00:00,2552.0,2552.22,2532.01,2544.74,19562.3885
2025-05-13 15:00:00+00:00,2544.74,2565.0,2539.66,2558.25,25922.6538
2025-05-13 15:30:00+00:00,2558.24,2573.87,2552.57,2566.21,22047.1761
2025-05-13 16:00:00+00:00,2566.21,2597.78,2560.01,2589.39,37593.5552
2025-05-13 16:30:00+00:00,2589.39,2600.46,2577.99,2597.5,30118.5322
2025-05-13 17:00:00+00:00,2597.5,2619.0,2595.16,2602.71,40148.4496
2025-05-13 17:30:00+00:00,2602.7,2622.0,2589.87,2610.55,30527.0603
2025-05-13 18:00:00+00:00,2610.54,2630.32,2605.8,2622.43,25661.2534
2025-05-13 18:30:00+00:00,2622.44,2672.0,2619.49,2669.95,49851.9713
2025-05-13 19:00:00+00:00,2669.95,2699.31,2653.76,2696.05,54372.4495
2025-05-13 19:30:00+00:00,2696.05,2738.5,2671.62,2690.94,79037.0661
2025-05-13 20:00:00+00:00,2690.93,2696.5,2654.21,2677.95,43785.909
2025-05-13 20:30:00+00:00,2677.91,2697.63,2671.29,2689.66,20561.4916
2025-05-13 21:00:00+00:00,2689.66,2690.89,2669.52,2684.53,17552.4816
2025-05-13 21:30:00+00:00,2684.53,2692.96,2679.03,2690.82,9388.8295
2025-05-13 22:00:00+00:00,2690.83,2707.62,2677.69,2697.48,17384.5626
2025-05-13 22:30:00+00:00,2697.48,2703.91,2676.17,2679.62,13810.2961
2025-05-13 23:00:00+00:00,2679.63,2683.26,2656.5,2668.09,23603.6312
2025-05-13 23:30:00+00:00,2668.09,2686.49,2665.37,2679.71,13948.1292
2025-05-14 00:00:00+00:00,2679.71,2699.53,2672.15,2689.28,23716.1167
2025-05-14 00:30:00+00:00,2689.27,2702.0,2678.73,2696.47,36991.1947
2025-05-14 01:00:00+00:00,2696.48,2719.23,2691.0,2701.5,48044.6537
2025-05-14 01:30:00+00:00,2701.51,2725.99,2666.0,2671.7,50384.7398
2025-05-14 02:00:00+00:00,2671.71,2672.3,2622.99,2639.05,58321.1229
2025-05-14 02:30:00+00:00,2639.13,2654.92,2629.47,2638.29,15154.0824
2025-05-14 03:00:00+00:00,2638.29,2646.61,2624.32,2636.57,13984.2843
2025-05-14 03:30:00+00:00,2636.57,2648.13,2631.19,2646.82,10683.2096
2025-05-14 04:00:00+00:00,2646.82,2653.76,2636.59,2650.51,8127.5865
2025-05-14 04:30:00+00:00,2650.5,2674.98,2647.93,2674.69,16192.053
2025-05-14 05:00:00+00:00,2674.69,2687.75,2665.32,2667.21,11159.8356
2025-05-14 05:30:00+00:00,2667.2,2680.91,2662.89,2673.36,10984.7783
2025-05-14 06:00:00+00:00,2673.37,2676.83,2660.01,2666.88,7924.5478
2025-05-14 06:30:00+00:00,2666.88,2677.89,2662.04,2673.98,7565.2211
2025-05-14 07:00:00+00:00,2673.98,2674.47,2642.44,2649.54,26782.6284
2025-05-14 07:30:00+00:00,2649.55,2656.83,2639.12,2640.76,18363.896
2025-05-14 08:00:00+00:00,2640.75,2645.95,2609.72,2628.3,28932.5905
2025-05-14 08:30:00+00:00,2628.3,2637.5,2587.67,2597.3,31750.0432
2025-05-14 09:00:00+00:00,2597.31,2608.3,2577.48,2608.01,29234.4124
2025-05-14 09:30:00+00:00,2608.01,2610.73,2599.38,2607.73,10657.5654
2025-05-14 10:00:00+00:00,2607.73,2617.0,2589.24,2609.07,26048.2225
2025-05-14 10:30:00+00:00,2609.07,2610.67,2593.16,2595.83,16048.5012
2025-05-14 11:00:00+00:00,2595.83,2615.62,2595.78,2613.06,19815.7434
2025-05-14 11:30:00+00:00,2613.06,2635.5,2612.06,2624.94,23652.3871
2025-05-14 12:00:00+00:00,2624.93,2636.15,2618.3,2625.56,10551.4259
2025-05-14 12:30:00+00:00,2625.57,2628.8,2605.02,2613.18,12327.4379
2025-05-14 13:00:00+00:00,2613.17,2619.09,2602.62,2612.0,9564.9323
2025-05-14 13:30:00+00:00,2612.0,2627.23,2578.33,2606.34,25370.712
2025-05-14 14:00:00+00:00,2606.35,2606.56,2559.19,2569.21,33012.4646
2025-05-14 14:30:00+00:00,2569.22,2591.01,2563.28,2583.86,17361.1798
2025-05-14 15:00:00+00:00,2583.87,2586.0,2560.87,2584.33,23350.581
2025-05-14 15:30:00+00:00,2584.33,2601.83,2576.72,2597.49,11497.3533
2025-05-14 16:00:00+00:00,2597.49,2599.83,2580.66,2587.44,10390.5922
2025-05-14 16:30:00+00:00,2587.43,2594.46,2578.58,2589.83,10972.2294
2025-05-14 17:00:00+00:00,2589.83,2592.29,2547.26,2567.0,21197.055
2025-05-14 17:30:00+00:00,2567.0,2591.46,2565.32,2590.46,10380.8293
2025-05-14 18:00:00+00:00,2590.46,2610.0,2579.94,2592.27,15281.0148
2025-05-14 18:30:00+00:00,2592.27,2614.33,2592.09,2613.49,8625.8685
2025-05-14 19:00:00+00:00,2613.49,2617.5,2602.63,2603.36,8733.6034
2025-05-14 19:30:00+00:00,2603.35,2611.35,2598.58,2605.1,6269.3034
2025-05-14 20:00:00+00:00,2605.03,2610.9,2601.01,2604.74,4099.0271
2025-05-14 20:30:00+00:00,2604.73,2607.87,2597.63,2600.26,4750.2103
2025-05-14 21:00:00+00:00,2600.26,2601.45,2583.99,2594.36,6798.5013
2025-05-14 21:30:00+00:00,2594.36,2610.35,2591.73,2606.59,5323.4469
2025-05-14 22:00:00+00:00,2606.6,2607.83,2601.0,2603.74,4250.5814
2025-05-14 22:30:00+00:00,2603.74,2604.5,2587.09,2595.97,4133.228
2025-05-14 23:00:00+00:00,2595.98,2600.51,2584.0,2594.99,7198.0491
2025-05-14 23:30:00+00:00,2594.98,2614.05,2593.16,2609.74,8088.0688
2025-05-15 00:00:00+00:00,2609.75,2647.03,2607.14,2632.7,16111.4645
2025-05-15 00:30:00+00:00,2632.7,2642.74,2625.6,2632.3,10151.5475
2025-05-15 01:00:00+00:00,2632.29,2637.0,2613.89,2616.08,11219.8506
2025-05-15 01:30:00+00:00,2616.09,2618.96,2566.91,2577.62,36976.4039
2025-05-15 02:00:00+00:00,2577.63,2595.6,2570.61,2590.74,19831.2076
2025-05-15 02:30:00+00:00,2590.74,2598.02,2582.71,2591.13,6357.8522
2025-05-15 03:00:00+00:00,2591.13,2594.65,2578.95,2591.43,7953.6989
2025-05-15 03:30:00+00:00,2591.42,2592.0,2570.85,2574.93,9724.5947
2025-05-15 04:00:00+00:00,2574.93,2588.08,2572.03,2586.31,7583.5667
2025-05-15 04:30:00+00:00,2586.31,2595.28,2584.0,2593.2,7374.7067
2025-05-15 05:00:00+00:00,2593.2,2596.49,2576.03,2584.53,7809.0227
2025-05-15 05:30:00+00:00,2584.53,2589.78,2563.86,2567.71,11952.6449
2025-05-15 06:00:00+00:00,2567.71,2583.58,2564.94,2579.21,9575.6043
2025-05-15 06:30:00+00:00,2579.21,2581.99,2555.83,2573.64,16836.413
2025-05-15 07:00:00+00:00,2573.65,2577.6,2538.0,2541.21,23069.7251
2025-05-15 07:30:00+00:00,2541.21,2545.39,2515.69,2531.0,33620.7696
2025-05-15 08:00:00+00:00,2530.99,2550.38,2528.67,2548.51,15382.7416
2025-05-15 08:30:00+00:00,2548.51,2567.65,2546.52,2564.44,12793.95
2025-05-15 09:00:00+00:00,2564.44,2566.64,2540.03,2550.61,12810.2448
2025-05-15 09:30:00+00:00,2550.6,2552.15,2522.35,2539.3,17258.8195
2025-05-15 10:00:00+00:00,2539.31,2545.0,2522.81,2540.55,14877.9854
2025-05-15 10:30:00+00:00,2540.54,2545.99,2517.53,2543.57,17144.5858
2025-05-15 11:00:00+00:00,2543.57,2559.8,2542.75,2556.38,10817.4464
2025-05-15 11:30:00+00:00,2556.37,2565.62,2548.37,2554.71,9438.0902
2025-05-15 12:00:00+00:00,2554.71,2559.22,2543.14,2550.86,9238.051
2025-05-15 12:30:00+00:00,2550.86,2579.61,2544.65,2553.0,25417.935
2025-05-15 13:00:00+00:00,2553.0,2567.0,2547.0,2561.31,6887.2545
2025-05-15 13:30:00+00:00,2561.31,2568.5,2503.0,2531.3,35750.5142
2025-05-15 14:00:00+00:00,2531.36,2541.24,2508.01,2516.28,26012.3775
2025-05-15 14:30:00+00:00,2516.29,2520.18,2476.03,2500.12,45774.9942
2025-05-15 15:00:00+00:00,2500.11,2535.49,2498.0,2533.45,24816.6072
2025-05-15 15:30:00+00:00,2533.45,2569.0,2531.49,2563.76,29692.5844
2025-05-15 16:00:00+00:00,2563.77,2572.7,2555.2,2559.14,18734.7341
2025-05-15 16:30:00+00:00,2559.14,2599.98,2554.23,2599.02,22316.6392
2025-05-15 17:00:00+00:00,2599.06,2603.59,2580.78,2595.32,21991.4449
2025-05-15 17:30:00+00:00,2595.32,2595.32,2566.54,2571.54,15184.2164
2025-05-15 18:00:00+00:00,2571.54,2578.52,2537.82,2542.21,19243.4689
2025-05-15 18:30:00+00:00,2542.21,2550.7,2521.0,2525.0,16816.597
2025-05-15 19:00:00+00:00,2525.01,2548.0,2511.77,2525.11,17186.8481
2025-05-15 19:30:00+00:00,2525.11,2536.93,2521.35,2530.98,11675.8233
2025-05-15 20:00:00+00:00,2531.0,2544.5,2515.91,2536.32,16920.0725
2025-05-15 20:30:00+00:00,2536.33,2539.42,2526.53,2537.19,7264.8881
2025-05-15 21:00:00+00:00,2537.19,2539.58,2512.06,2526.56,5272.7048
2025-05-15 21:30:00+00:00,2526.57,2541.5,2517.07,2535.01,7808.6856
2025-05-15 22:00:00+00:00,2535.01,2564.33,2532.16,2552.49,10633.9579
2025-05-15 22:30:00+00:00,2552.48,2563.59,2541.5,2541.5,7420.0593
2025-05-15 23:00:00+00:00,2541.51,2544.95,2516.25,2530.6,11008.782
2025-05-15 23:30:00+00:00,2530.61,2550.21,2530.61,2548.69,9211.8565
2025-05-16 00:00:00+00:00,2548.7,2559.6,2543.7,2549.91,9174.2947
2025-05-16 00:30:00+00:00,2549.91,2565.29,2539.32,2544.24,10284.7101
2025-05-16 01:00:00+00:00,2544.24,2555.09,2534.2,2554.63,9423.1074
2025-05-16 01:30:00+00:00,2554.62,2569.14,2553.46,2566.8,8964.8799
2025-05-16 02:00:00+00:00,2566.81,2583.33,2555.25,2571.8,17342.427
2025-05-16 02:30:00+00:00,2571.79,2576.99,2566.12,2573.8,6414.0211
2025-05-16 03:00:00+00:00,2573.81,2581.61,2568.38,2575.62,7232.8014
2025-05-16 03:30:00+00:00,2575.63,2584.62,2572.8,2581.35,10137.4999
2025-05-16 04:00:00+00:00,2581.4,2589.45,2571.96,2573.91,10268.4918
2025-05-16 04:30:00+00:00,2573.91,2575.2,2564.0,2573.99,6404.0274
2025-05-16 05:00:00+00:00,2574.0,2592.57,2574.0,2588.53,10037.9848
2025-05-16 05:30:00+00:00,2588.53,2597.0,2583.49,2594.6,11872.2081
2025-05-16 06:00:00+00:00,2594.61,2599.98,2586.94,2594.85,10984.2234
2025-05-16 06:30:00+00:00,2594.86,2600.84,2591.59,2597.58,7390.0037
2025-05-16 07:00:00+00:00,2597.59,2619.99,2583.99,2609.3,24079.5975
2025-05-16 07:30:00+00:00,2609.29,2612.0,2595.2,2601.5,21453.3379
2025-05-16 08:00:00+00:00,2601.5,2605.33,2558.88,2568.56,26962.3095
2025-05-16 08:30:00+00:00,2568.55,2576.02,2558.12,2573.11,15657.1938
2025-05-16 09:00:00+00:00,2573.13,2614.24,2571.54,2609.41,26064.961
2025-05-16 09:30:00+00:00,2609.41,2617.17,2603.6,2611.29,14329.1442
2025-05-16 10:00:00+00:00,2611.3,2624.99,2605.89,2612.09,16905.691
2025-05-16 10:30:00+00:00,2612.1,2628.78,2611.44,2625.05,12463.9285
2025-05-16 11:00:00+00:00,2625.06,2649.31,2622.02,2625.43,19594.6287
2025-05-16 11:30:00+00:00,2625.43,2628.3,2616.82,2620.83,13053.6058
2025-05-16 12:00:00+00:00,2620.82,2623.25,2592.7,2599.22,15528.0714
2025-05-16 12:30:00+00:00,2599.23,2608.5,2596.11,2598.5,9602.3117
2025-05-16 13:00:00+00:00,2598.5,2614.84,2594.5,2599.81,15379.5065
2025-05-16 13:30:00+00:00,2599.8,2616.28,2594.0,2606.7,23335.9966
2025-05-16 14:00:00+00:00,2606.7,2607.27,2581.56,2597.58,32235.7232
2025-05-16 14:30:00+00:00,2597.58,2597.59,2573.8,2585.1,22415.6707
2025-05-16 15:00:00+00:00,2585.1,2604.86,2585.0,2586.53,18128.7732
2025-05-16 15:30:00+00:00,2586.53,2595.84,2585.1,2594.93,12095.2189
2025-05-16 16:00:00+00:00,2594.93,2602.01,2579.0,2581.22,13926.8651
2025-05-16 16:30:00+00:00,2581.23,2587.95,2570.0,2586.51,11300.1542
2025-05-16 17:00:00+00:00,2586.51,2595.25,2580.02,2589.63,7820.1094
2025-05-16 17:30:00+00:00,2589.63,2591.99,2572.0,2578.05,6531.8071
2025-05-16 18:00:00+00:00,2578.05,2586.44,2576.0,2578.4,8471.4428
2025-05-16 18:30:00+00:00,2578.39,2592.35,2575.89,2586.5,6253.2409
2025-05-16 19:00:00+00:00,2586.5,2593.47,2577.38,2584.37,5776.3225
2025-05-16 19:30:00+00:00,2584.37,2593.46,2581.99,2591.8,3790.5005
2025-05-16 20:00:00+00:00,2591.89,2592.74,2581.17,2583.49,3498.7468
2025-05-16 20:30:00+00:00,2583.49,2583.49,2562.1,2570.9,9391.1305
2025-05-16 21:00:00+00:00,2570.91,2583.26,2567.38,2568.31,4141.739
2025-05-16 21:30:00+00:00,2568.3,2578.0,2550.0,2567.25,8841.7253
2025-05-16 22:00:00+00:00,2567.26,2570.11,2546.23,2548.94,8014.8791
2025-05-16 22:30:00+00:00,2548.93,2556.8,2529.4,2545.69,15433.4896
2025-05-16 23:00:00+00:00,2545.69,2554.86,2545.31,2553.18,5495.4276
2025-05-16 23:30:00+00:00,2553.19,2557.93,2530.2,2537.12,12049.7607
2025-05-17 00:00:00+00:00,2537.13,2538.16,2497.2,2500.69,37892.1439
2025-05-17 00:30:00+00:00,2500.69,2510.58,2483.08,2501.01,26380.5138
2025-05-17 01:00:00+00:00,2501.01,2501.01,2478.99,2496.45,28626.0503
2025-05-17 01:30:00+00:00,2496.45,2496.45,2458.91,2475.9,31182.0483
2025-05-17 02:00:00+00:00,2475.91,2484.0,2452.6,2483.3,23949.4055
2025-05-17 02:30:00+00:00,2483.29,2502.53,2483.2,2490.67,17880.0396
2025-05-17 03:00:00+00:00,2490.67,2495.91,2475.28,2486.43,7494.1701
2025-05-17 03:30:00+00:00,2486.42,2497.61,2483.0,2496.98,6413.3442
2025-05-17 04:00:00+00:00,2497.0,2507.86,2491.84,2505.91,7407.4755
2025-05-17 04:30:00+00:00,2505.91,2513.51,2501.85,2506.4,10021.2684
2025-05-17 05:00:00+00:00,2506.39,2509.55,2487.54,2495.62,8116.3883
2025-05-17 05:30:00+00:00,2495.62,2497.69,2474.93,2479.96,11018.6803
2025-05-17 06:00:00+00:00,2479.97,2496.85,2479.74,2485.5,14376.4845
2025-05-17 06:30:00+00:00,2485.5,2494.84,2482.2,2493.31,3510.105
2025-05-17 07:00:00+00:00,2493.31,2506.29,2492.21,2505.0,5602.7606
2025-05-17 07:30:00+00:00,2504.99,2505.5,2481.62,2492.89,9772.9758
2025-05-17 08:00:00+00:00,2492.9,2493.93,2477.22,2491.62,10170.5442
2025-05-17 08:30:00+00:00,2491.62,2496.2,2480.0,2481.49,6400.8357
2025-05-17 09:00:00+00:00,2481.5,2485.43,2466.59,2475.19,17724.1144
2025-05-17 09:30:00+00:00,2475.2,2486.3,2474.41,2478.4,6601.9707
2025-05-17 10:00:00+00:00,2478.4,2491.6,2474.7,2489.2,5037.308
2025-05-17 10:30:00+00:00,2489.19,2489.69,2478.01,2485.94,4221.7941
2025-05-17 11:00:00+00:00,2485.94,2488.99,2474.51,2476.48,5038.6863
2025-05-17 11:30:00+00:00,2476.47,2486.84,2476.38,2481.67,3507.9882
2025-05-17 12:00:00+00:00,2481.67,2486.64,2479.47,2482.06,5144.0824
2025-05-17 12:30:00+00:00,2482.07,2484.0,2470.21,2472.33,6048.1062
2025-05-17 13:00:00+00:00,2472.34,2480.16,2461.2,2469.63,9796.8035
2025-05-17 13:30:00+00:00,2469.63,2469.68,2446.42,2461.5,16173.8334
2025-05-17 14:00:00+00:00,2461.5,2481.92,2461.05,2480.16,7572.4504
2025-05-17 14:30:00+00:00,2480.15,2486.0,2472.71,2482.68,11961.4581
2025-05-17 15:00:00+00:00,2482.68,2484.7,2473.02,2480.63,6263.4009
2025-05-17 15:30:00+00:00,2480.64,2483.86,2473.11,2474.48,5574.0412
2025-05-17 16:00:00+00:00,2474.48,2480.6,2463.75,2468.09,8040.7006
2025-05-17 16:30:00+00:00,2468.1,2468.17,2448.27,2467.69,13415.1272
2025-05-17 17:00:00+00:00,2467.7,2475.38,2463.85,2474.79,5924.6775
2025-05-17 17:30:00+00:00,2474.8,2480.3,2470.0,2470.35,4739.5284
2025-05-17 18:00:00+00:00,2470.35,2488.69,2469.25,2483.2,13637.0737
2025-05-17 18:30:00+00:00,2483.2,2483.78,2463.2,2467.09,6117.4019
2025-05-17 19:00:00+00:00,2467.1,2480.68,2462.06,2474.6,5758.9046
2025-05-17 19:30:00+00:00,2474.61,2476.8,2468.0,2470.19,4615.5119
2025-05-17 20:00:00+00:00,2470.18,2475.7,2464.58,2473.99,5861.5711
2025-05-17 20:30:00+00:00,2473.99,2495.45,2473.61,2488.77,13147.7902
2025-05-17 21:00:00+00:00,2488.78,2493.82,2481.64,2483.4,4828.9486
2025-05-17 21:30:00+00:00,2483.4,2491.21,2480.0,2485.99,3346.9027
2025-05-17 22:00:00+00:00,2485.99,2486.19,2457.55,2458.99,9325.81
2025-05-17 22:30:00+00:00,2459.0,2466.51,2453.26,2460.01,7500.1078
2025-05-17 23:00:00+00:00,2460.02,2475.38,2457.07,2475.13,7597.6811
2025-05-17 23:30:00+00:00,2475.12,2478.4,2471.81,2475.08,3594.2691
2025-05-18 00:00:00+00:00,2475.09,2483.17,2473.3,2477.38,4141.5837
2025-05-18 00:30:00+00:00,2477.39,2486.0,2471.98,2482.78,4290.4412
2025-05-18 01:00:00+00:00,2482.78,2484.18,2475.21,2476.17,3361.9817
2025-05-18 01:30:00+00:00,2476.17,2487.19,2472.93,2485.11,3392.0835
2025-05-18 02:00:00+00:00,2485.11,2487.44,2481.15,2483.91,3622.7921
2025-05-18 02:30:00+00:00,2483.91,2485.61,2476.1,2481.2,3612.7511
2025-05-18 03:00:00+00:00,2481.19,2486.87,2467.75,2468.77,7096.0584
2025-05-18 03:30:00+00:00,2468.78,2481.8,2468.4,2477.2,4386.1204
2025-05-18 04:00:00+00:00,2477.2,2484.18,2477.2,2481.89,2452.4704
2025-05-18 04:30:00+00:00,2481.89,2489.2,2481.08,2485.91,2966.5555
2025-05-18 05:00:00+00:00,2485.91,2507.01,2485.71,2502.51,9176.861
2025-05-18 05:30:00+00:00,2502.51,2515.44,2496.3,2512.6,9236.765
2025-05-18 06:00:00+00:00,2512.6,2513.9,2501.5,2504.87,5995.3064
2025-05-18 06:30:00+00:00,2504.86,2504.86,2492.7,2497.28,6391.173
2025-05-18 07:00:00+00:00,2497.25,2507.49,2494.56,2506.11,5882.6076
2025-05-18 07:30:00+00:00,2506.11,2511.34,2501.55,2509.3,4334.8111
2025-05-18 08:00:00+00:00,2509.29,2528.55,2509.29,2525.72,22192.1253
2025-05-18 08:30:00+00:00,2525.71,2528.35,2515.22,2517.59,8343.075
2025-05-18 09:00:00+00:00,2517.6,2523.62,2515.92,2517.5,5964.3277
2025-05-18 09:30:00+00:00,2517.5,2517.53,2503.99,2507.99,6663.3915
2025-05-18 10:00:00+00:00,2508.0,2513.32,2501.23,2501.23,4519.6888
2025-05-18 10:30:00+00:00,2501.24,2505.28,2498.11,2505.28,4811.1431
2025-05-18 11:00:00+00:00,2505.28,2513.44,2503.99,2508.3,4107.7502
2025-05-18 11:30:00+00:00,2508.3,2511.81,2501.0,2501.75,4345.4293
2025-05-18 12:00:00+00:00,2501.74,2502.47,2488.02,2501.6,8153.8872
2025-05-18 12:30:00+00:00,2501.6,2508.63,2500.7,2508.26,4028.4988
2025-05-18 13:00:00+00:00,2508.25,2514.87,2504.49,2511.77,4417.4728
2025-05-18 13:30:00+00:00,2511.77,2545.0,2510.55,2542.18,15383.7322
2025-05-18 14:00:00+00:00,2542.19,2550.32,2529.56,2536.74,18894.9993
2025-05-18 14:30:00+00:00,2536.74,2569.81,2535.67,2557.93,29346.5764
2025-05-18 15:00:00+00:00,2557.94,2568.0,2548.2,2561.81,15431.8362
2025-05-18 15:30:00+00:00,2561.81,2587.61,2557.99,2578.99,23856.8088
2025-05-18 16:00:00+00:00,2579.0,2584.0,2554.54,2564.25,19336.0924
2025-05-18 16:30:00+00:00,2564.25,2583.14,2558.14,2573.8,16481.0563
2025-05-18 17:00:00+00:00,2573.79,2575.5,2512.69,2541.41,31051.7046
2025-05-18 17:30:00+00:00,2541.42,2547.32,2482.46,2489.92,43478.3322
2025-05-18 18:00:00+00:00,2489.9,2496.35,2450.94,2478.0,60976.2484
2025-05-18 18:30:00+00:00,2478.0,2478.0,2456.0,2463.01,21222.8763
2025-05-18 19:00:00+00:00,2463.0,2471.52,2457.88,2467.28,16314.2358
2025-05-18 19:30:00+00:00,2467.28,2467.28,2403.33,2408.2,61633.828
2025-05-18 20:00:00+00:00,2408.2,2408.2,2323.21,2379.51,100577.9524
2025-05-18 20:30:00+00:00,2379.5,2406.74,2371.42,2393.81,26191.3475
2025-05-18 21:00:00+00:00,2393.82,2422.83,2393.0,2421.71,18122.2945
2025-05-18 21:30:00+00:00,2421.71,2433.82,2397.01,2407.16,21906.1749
2025-05-18 22:00:00+00:00,2407.1,2418.05,2375.83,2416.01,33197.1061
2025-05-18 22:30:00+00:00,2416.0,2456.32,2414.78,2454.91,25785.6624
2025-05-18 23:00:00+00:00,2454.9,2454.99,2435.64,2452.1,20346.4308
2025-05-18 23:30:00+00:00,2452.1,2511.27,2447.8,2497.78,32680.7378
2025-05-19 00:00:00+00:00,2497.78,2513.67,2451.83,2451.85,47336.5112
2025-05-19 00:30:00+00:00,2451.84,2456.65,2427.64,2443.11,25666.9668
2025-05-19 01:00:00+00:00,2443.11,2450.55,2414.21,2433.4,21123.9634
2025-05-19 01:30:00+00:00,2433.41,2441.83,2422.1,2428.7,10257.2278
2025-05-19 02:00:00+00:00,2428.7,2435.48,2392.44,2409.15,20833.6808
2025-05-19 02:30:00+00:00,2409.15,2417.59,2397.85,2401.19,10676.3965
2025-05-19 03:00:00+00:00,2401.19,2404.53,2383.41,2392.32,16287.8097
2025-05-19 03:30:00+00:00,2392.32,2395.99,2379.8,2385.31,12164.5824
2025-05-19 04:00:00+00:00,2385.32,2405.1,2380.63,2394.48,16721.9673
2025-05-19 04:30:00+00:00,2394.47,2398.57,2352.0,2365.81,25950.3174
2025-05-19 05:00:00+00:00,2365.82,2380.0,2357.65,2377.47,16180.1638
2025-05-19 05:30:00+00:00,2377.5,2386.27,2364.21,2378.71,17063.17
2025-05-19 06:00:00+00:00,2378.7,2398.2,2373.71,2387.29,13864.5117
2025-05-19 06:30:00+00:00,2387.3,2387.43,2348.38,2353.69,17766.4478
2025-05-19 07:00:00+00:00,2353.68,2413.11,2351.82,2398.5,29464.7628
2025-05-19 07:30:00+00:00,2398.5,2410.0,2397.65,2403.74,11396.6819
2025-05-19 08:00:00+00:00,2403.74,2422.69,2390.12,2406.1,21127.3781
2025-05-19 08:30:00+00:00,2406.11,2409.14,2394.69,2405.02,12638.3624
2025-05-19 09:00:00+00:00,2405.02,2412.82,2390.32,2407.85,16251.4237
2025-05-19 09:30:00+00:00,2407.85,2415.7,2405.24,2405.24,6710.4704
2025-05-19 10:00:00+00:00,2405.23,2409.55,2392.8,2408.53,8123.2858
2025-05-19 10:30:00+00:00,2408.54,2419.17,2401.69,2409.83,8662.634
2025-05-19 11:00:00+00:00,2409.83,2418.2,2407.3,2413.95,7462.4065
2025-05-19 11:30:00+00:00,2413.94,2422.23,2409.3,2417.58,5596.2492
2025-05-19 12:00:00+00:00,2417.58,2421.2,2392.2,2404.56,14138.932
2025-05-19 12:30:00+00:00,2404.57,2404.6,2383.8,2401.2,15614.0202
2025-05-19 13:00:00+00:00,2401.19,2407.98,2394.74,2403.51,12319.4382
2025-05-19 13:30:00+00:00,2403.52,2442.5,2396.21,2427.29,37369.5232
2025-05-19 14:00:00+00:00,2427.29,2448.86,2417.9,2434.21,27066.741
2025-05-19 14:30:00+00:00,2434.21,2454.48,2433.1,2447.3,16003.1635
2025-05-19 15:00:00+00:00,2447.29,2460.4,2443.3,2449.63,16914.1404
2025-05-19 15:30:00+00:00,2449.63,2473.7,2448.42,2466.63,14223.8438
2025-05-19 16:00:00+00:00,2466.63,2473.75,2450.86,2472.19,15701.6781
2025-05-19 16:30:00+00:00,2472.19,2510.2,2464.2,2510.12,30418.3261
2025-05-19 17:00:00+00:00,2509.99,2547.36,2507.5,2528.24,54837.9941
2025-05-19 17:30:00+00:00,2528.24,2531.0,2502.44,2505.0,25257.6313
2025-05-19 18:00:00+00:00,2505.0,2519.13,2495.39,2498.91,23477.3999
2025-05-19 18:30:00+00:00,2498.9,2501.54,2472.2,2489.7,22326.8683
2025-05-19 19:00:00+00:00,2489.71,2509.49,2479.69,2498.5,12709.4069
2025-05-19 19:30:00+00:00,2498.51,2525.0,2498.33,2518.82,17020.6952
2025-05-19 20:00:00+00:00,2518.81,2529.15,2506.75,2525.8,13536.8639
2025-05-19 20:30:00+00:00,2525.8,2534.52,2518.75,2520.54,13152.2695
2025-05-19 21:00:00+00:00,2520.53,2521.41,2502.49,2504.21,13619.0045
2025-05-19 21:30:00+00:00,2504.22,2525.21,2504.21,2523.05,12976.47
2025-05-19 22:00:00+00:00,2523.04,2523.04,2492.43,2492.74,18078.4984
2025-05-19 22:30:00+00:00,2492.74,2504.39,2492.7,2504.15,13788.2914
2025-05-19 23:00:00+00:00,2504.15,2521.87,2500.85,2518.1,10113.4657
2025-05-19 23:30:00+00:00,2518.1,2533.78,2516.63,2528.14,11755.486
2025-05-20 00:00:00+00:00,2528.14,2563.96,2522.92,2531.91,27479.3571
2025-05-20 00:30:00+00:00,2531.9,2538.5,2511.25,2515.33,17509.3942
2025-05-20 01:00:00+00:00,2515.33,2532.0,2510.72,2530.41,8574.1161
2025-05-20 01:30:00+00:00,2530.42,2550.2,2529.14,2540.66,9437.6058
2025-05-20 02:00:00+00:00,2540.66,2583.1,2540.2,2566.11,22179.6567
2025-05-20 02:30:00+00:00,2566.11,2588.63,2558.68,2567.0,28791.303
2025-05-20 03:00:00+00:00,2567.0,2580.28,2560.01,2561.47,25301.7422
2025-05-20 03:30:00+00:00,2561.48,2562.0,2544.18,2553.3,13927.6105
2025-05-20 04:00:00+00:00,2553.29,2555.87,2544.33,2548.01,7822.9336
2025-05-20 04:30:00+00:00,2548.0,2578.0,2547.51,2571.06,14739.7126
2025-05-20 05:00:00+00:00,2571.06,2576.37,2567.11,2570.89,8929.9369
2025-05-20 05:30:00+00:00,2570.89,2572.79,2556.02,2559.29,13335.091
2025-05-20 06:00:00+00:00,2559.29,2561.68,2535.01,2539.21,13145.6631
2025-05-20 06:30:00+00:00,2539.2,2550.7,2535.0,2544.07,11629.5628
2025-05-20 07:00:00+00:00,2544.07,2547.0,2522.04,2540.06,17265.0009
2025-05-20 07:30:00+00:00,2540.06,2543.44,2521.9,2532.3,12499.9049
2025-05-20 08:00:00+00:00,2532.3,2539.6,2522.0,2523.9,10338.9659
2025-05-20 08:30:00+00:00,2523.91,2540.0,2522.7,2534.69,7680.9644
2025-05-20 09:00:00+00:00,2534.69,2539.8,2526.01,2529.14,5825.6523
2025-05-20 09:30:00+00:00,2529.15,2537.19,2524.77,2526.51,5178.7651
2025-05-20 10:00:00+00:00,2526.51,2533.91,2513.43,2516.67,10984.5716
2025-05-20 10:30:00+00:00,2516.67,2518.1,2507.75,2515.75,10040.9364
2025-05-20 11:00:00+00:00,2515.76,2516.98,2492.58,2508.39,15343.3883
2025-05-20 11:30:00+00:00,2508.4,2519.54,2508.4,2514.2,9241.1131
2025-05-20 12:00:00+00:00,2514.2,2515.38,2495.14,2497.06,11264.7355
2025-05-20 12:30:00+00:00,2497.07,2500.25,2478.68,2484.39,20717.7883
2025-05-20 13:00:00+00:00,2484.4,2492.4,2479.9,2483.31,9356.9051
2025-05-20 13:30:00+00:00,2483.31,2487.5,2464.56,2475.71,22884.2719
2025-05-20 14:00:00+00:00,2475.7,2489.99,2466.82,2473.47,17930.2646
2025-05-20 14:30:00+00:00,2473.47,2484.33,2466.58,2469.2,13137.2417
2025-05-20 15:00:00+00:00,2469.2,2486.09,2468.0,2486.09,9666.8027
2025-05-20 15:30:00+00:00,2486.1,2493.28,2476.76,2482.79,12362.6904
2025-05-20 16:00:00+00:00,2482.78,2490.39,2469.04,2473.41,12801.6265
2025-05-20 16:30:00+00:00,2473.41,2483.9,2472.62,2475.31,6535.0435
2025-05-20 17:00:00+00:00,2475.31,2498.19,2474.62,2494.5,14780.8457
2025-05-20 17:30:00+00:00,2494.5,2508.64,2483.3,2497.47,16058.9297
2025-05-20 18:00:00+00:00,2497.47,2504.4,2470.0,2472.29,16928.9592
2025-05-20 18:30:00+00:00,2472.29,2484.68,2442.4,2452.79,32014.2187
2025-05-20 19:00:00+00:00,2452.79,2482.21,2448.03,2480.59,18034.6176
2025-05-20 19:30:00+00:00,2480.6,2511.46,2480.21,2501.28,15240.9094
2025-05-20 20:00:00+00:00,2501.29,2510.01,2485.1,2502.61,20138.2551
2025-05-20 20:30:00+00:00,2502.6,2523.52,2502.6,2513.57,13493.7295
2025-05-20 21:00:00+00:00,2513.58,2526.65,2495.82,2497.43,14102.6088
2025-05-20 21:30:00+00:00,2497.44,2517.0,2490.0,2510.09,8117.9638
2025-05-20 22:00:00+00:00,2510.08,2515.72,2488.3,2501.45,11929.0238
2025-05-20 22:30:00+00:00,2501.45,2518.36,2495.21,2516.55,8398.4135
2025-05-20 23:00:00+00:00,2516.56,2541.03,2513.81,2528.89,15093.6495
2025-05-20 23:30:00+00:00,2528.89,2530.8,2514.0,2524.19,8796.7317
2025-05-21 00:00:00+00:00,2524.19,2534.55,2518.71,2530.5,11081.7404
2025-05-21 00:30:00+00:00,2530.5,2537.77,2521.68,2529.9,8375.8992
2025-05-21 01:00:00+00:00,2529.89,2545.6,2526.13,2535.13,9686.9465
2025-05-21 01:30:00+00:00,2535.13,2549.0,2532.62,2534.14,18841.2545
2025-05-21 02:00:00+00:00,2534.13,2535.61,2509.0,2522.5,15169.2344
2025-05-21 02:30:00+00:00,2522.5,2540.79,2521.6,2539.55,9172.1996
2025-05-21 03:00:00+00:00,2539.54,2547.24,2535.19,2545.81,7990.5461
2025-05-21 03:30:00+00:00,2545.8,2554.5,2541.54,2544.98,14220.8102
2025-05-21 04:00:00+00:00,2544.98,2551.41,2538.77,2541.16,6367.2324
2025-05-21 04:30:00+00:00,2541.16,2561.31,2534.52,2550.6,16736.4434
2025-05-21 05:00:00+00:00,2550.61,2594.82,2550.37,2580.62,33951.8108
2025-05-21 05:30:00+00:00,2580.61,2599.93,2580.61,2593.61,18740.6746
2025-05-21 06:00:00+00:00,2593.62,2606.01,2581.99,2601.3,25885.0642
2025-05-21 06:30:00+00:00,2601.3,2615.95,2593.68,2597.68,22722.7007
2025-05-21 07:00:00+00:00,2597.69,2600.8,2543.49,2558.03,38446.63
2025-05-21 07:30:00+00:00,2558.01,2564.71,2547.07,2551.87,21320.0824
2025-05-21 08:00:00+00:00,2551.87,2562.15,2547.05,2552.51,11169.1399
2025-05-21 08:30:00+00:00,2552.51,2553.09,2536.0,2538.11,12729.8984
2025-05-21 09:00:00+00:00,2538.1,2545.2,2524.0,2527.14,22047.4587
2025-05-21 09:30:00+00:00,2527.13,2532.14,2517.72,2524.0,11117.0455
2025-05-21 10:00:00+00:00,2524.0,2532.42,2515.38,2519.4,11563.5873
2025-05-21 10:30:00+00:00,2519.41,2530.66,2518.74,2528.8,7080.7159
2025-05-21 11:00:00+00:00,2528.81,2555.91,2528.26,2551.77,14827.1465
2025-05-21 11:30:00+00:00,2551.77,2553.01,2534.63,2536.65,11438.1961
2025-05-21 12:00:00+00:00,2536.64,2550.0,2526.36,2548.23,8687.8229
2025-05-21 12:30:00+00:00,2548.14,2548.14,2535.43,2539.2,8394.0625
2025-05-21 13:00:00+00:00,2539.2,2541.27,2522.22,2529.54,12268.5142
2025-05-21 13:30:00+00:00,2529.54,2559.0,2529.14,2546.66,28465.9909
2025-05-21 14:00:00+00:00,2546.66,2562.48,2542.6,2547.69,28409.5003
2025-05-21 14:30:00+00:00,2547.68,2581.04,2531.85,2580.5,36852.8758
2025-05-21 15:00:00+00:00,2580.5,2582.18,2557.28,2571.0,38535.7284
2025-05-21 15:30:00+00:00,2570.99,2576.9,2543.0,2567.01,34765.075
2025-05-21 16:00:00+00:00,2567.02,2585.32,2555.14,2579.61,22211.1997
2025-05-21 16:30:00+00:00,2579.61,2615.34,2579.2,2586.08,39585.4028
2025-05-21 17:00:00+00:00,2586.09,2595.89,2474.26,2478.43,89861.9335
2025-05-21 17:30:00+00:00,2478.45,2517.59,2452.2,2472.79,126230.9603
2025-05-21 18:00:00+00:00,2472.8,2495.9,2459.35,2473.8,41488.4433
2025-05-21 18:30:00+00:00,2473.79,2497.1,2472.76,2475.05,25990.2924
2025-05-21 19:00:00+00:00,2475.04,2488.52,2463.46,2482.61,21762.3023
2025-05-21 19:30:00+00:00,2482.6,2517.65,2482.2,2512.79,27007.3845
2025-05-21 20:00:00+00:00,2512.75,2512.82,2498.01,2508.29,10642.9402
2025-05-21 20:30:00+00:00,2508.29,2509.79,2486.25,2508.83,11712.4933
2025-05-21 21:00:00+00:00,2508.83,2520.82,2499.0,2501.42,7792.8767
2025-05-21 21:30:00+00:00,2501.41,2512.18,2498.07,2504.7,6094.6069
2025-05-21 22:00:00+00:00,2504.71,2520.5,2500.46,2520.31,7238.0139
2025-05-21 22:30:00+00:00,2520.31,2543.37,2516.8,2536.11,14449.8503
2025-05-21 23:00:00+00:00,2536.11,2597.92,2525.5,2556.8,42805.9178
2025-05-21 23:30:00+00:00,2556.81,2575.0,2541.04,2550.99,23953.6446
2025-05-22 00:00:00+00:00,2551.0,2581.68,2544.83,2570.52,21636.6461
2025-05-22 00:30:00+00:00,2570.52,2588.18,2555.2,2586.1,16057.3004
2025-05-22 01:00:00+00:00,2586.1,2603.1,2579.1,2592.29,26996.2513
2025-05-22 01:30:00+00:00,2592.3,2599.3,2561.84,2574.81,24345.3818
2025-05-22 02:00:00+00:00,2574.8,2598.73,2574.51,2591.15,14705.131
2025-05-22 02:30:00+00:00,2591.16,2603.12,2586.41,2594.49,17295.746
2025-05-22 03:00:00+00:00,2594.49,2609.2,2585.7,2609.11,18027.5816
2025-05-22 03:30:00+00:00,2609.11,2647.8,2601.14,2629.24,54334.7327
2025-05-22 04:00:00+00:00,2629.24,2634.84,2613.24,2622.2,32133.0887
2025-05-22 04:30:00+00:00,2622.15,2638.5,2614.11,2628.11,21500.8393
2025-05-22 05:00:00+00:00,2628.1,2647.5,2620.5,2644.1,25087.8133
2025-05-22 05:30:00+00:00,2644.11,2644.3,2606.49,2609.41,25043.5551
2025-05-22 06:00:00+00:00,2609.42,2618.61,2602.78,2610.51,20667.1689
2025-05-22 06:30:00+00:00,2610.5,2623.45,2605.28,2609.3,16310.1734
2025-05-22 07:00:00+00:00,2609.3,2638.54,2604.25,2615.99,28487.7359
2025-05-22 07:30:00+00:00,2615.99,2637.7,2613.01,2635.19,17161.1303
2025-05-22 08:00:00+00:00,2635.19,2681.27,2627.32,2664.93,43090.5512
2025-05-22 08:30:00+00:00,2664.93,2669.5,2653.07,2663.48,24693.5151
2025-05-22 09:00:00+00:00,2663.49,2692.99,2661.67,2692.07,26937.9348
2025-05-22 09:30:00+00:00,2692.07,2692.2,2659.88,2664.99,23663.8079
2025-05-22 10:00:00+00:00,2665.0,2679.33,2651.81,2669.11,14311.1599
2025-05-22 10:30:00+00:00,2669.11,2674.19,2652.56,2656.82,13176.6439
2025-05-22 11:00:00+00:00,2656.81,2660.24,2634.45,2639.6,25634.9937
2025-05-22 11:30:00+00:00,2639.6,2663.95,2638.69,2650.75,16303.0846
2025-05-22 12:00:00+00:00,2650.75,2663.16,2641.7,2646.27,17479.357
2025-05-22 12:30:00+00:00,2646.27,2661.58,2638.69,2657.7,18168.7948
2025-05-22 13:00:00+00:00,2657.7,2659.2,2639.69,2651.76,14153.4806
2025-05-22 13:30:00+00:00,2651.76,2660.45,2623.14,2643.9,28398.925
2025-05-22 14:00:00+00:00,2643.91,2668.04,2643.91,2663.3,19657.4793
2025-05-22 14:30:00+00:00,2663.31,2676.0,2654.12,2666.05,21728.7524
2025-05-22 15:00:00+00:00,2666.06,2675.27,2658.99,2669.84,9862.635
2025-05-22 15:30:00+00:00,2669.84,2679.99,2660.8,2664.48,13664.3968
2025-05-22 16:00:00+00:00,2664.48,2676.3,2651.49,2651.49,10242.1876
2025-05-22 16:30:00+00:00,2651.49,2660.0,2635.28,2645.89,15760.7735
2025-05-22 17:00:00+00:00,2645.9,2674.1,2642.88,2662.66,10721.7973
2025-05-22 17:30:00+00:00,2662.66,2666.49,2651.78,2659.3,6632.0114
2025-05-22 18:00:00+00:00,2659.3,2665.1,2647.88,2664.74,7703.9208
2025-05-22 18:30:00+00:00,2664.75,2670.39,2658.04,2658.8,7714.4481
2025-05-22 19:00:00+00:00,2658.8,2661.5,2649.5,2653.42,6846.2348
2025-05-22 19:30:00+00:00,2653.43,2655.0,2626.37,2634.51,16160.7082
2025-05-22 20:00:00+00:00,2634.68,2649.08,2632.0,2637.2,12729.8731
2025-05-22 20:30:00+00:00,2637.2,2648.12,2630.01,2640.9,8015.3769
2025-05-22 21:00:00+00:00,2640.89,2643.19,2629.0,2631.21,4696.5403
2025-05-22 21:30:00+00:00,2631.21,2638.6,2627.85,2635.9,4705.2196
2025-05-22 22:00:00+00:00,2635.9,2652.3,2635.59,2644.62,7157.0441
2025-05-22 22:30:00+00:00,2644.62,2651.31,2633.23,2635.76,7238.2621
2025-05-22 23:00:00+00:00,2635.76,2652.0,2635.76,2650.16,6565.6936
2025-05-22 23:30:00+00:00,2650.16,2665.9,2649.74,2664.82,8949.7877
2025-05-23 00:00:00+00:00,2664.83,2666.29,2653.18,2655.4,11616.4493
2025-05-23 00:30:00+00:00,2655.39,2679.0,2645.16,2662.65,18776.6308
2025-05-23 01:00:00+00:00,2662.65,2671.0,2651.1,2669.19,12202.385
2025-05-23 01:30:00+00:00,2669.2,2694.0,2669.16,2675.62,24034.0439
2025-05-23 02:00:00+00:00,2675.63,2734.23,2672.11,2722.25,55298.8817
2025-05-23 02:30:00+00:00,2722.26,2732.76,2697.26,2705.32,35495.3545
2025-05-23 03:00:00+00:00,2705.3,2716.77,2700.34,2710.99,13905.514
2025-05-23 03:30:00+00:00,2710.98,2730.85,2710.15,2722.0,15737.8949
2025-05-23 04:00:00+00:00,2722.0,2725.96,2701.99,2707.69,15154.6303
2025-05-23 04:30:00+00:00,2707.7,2710.0,2678.0,2697.62,23870.0906
2025-05-23 05:00:00+00:00,2697.61,2706.5,2683.16,2687.21,12862.2003
2025-05-23 05:30:00+00:00,2687.21,2697.0,2679.6,2696.75,10838.4653
2025-05-23 06:00:00+00:00,2696.74,2697.24,2656.76,2664.37,26142.7183
2025-05-23 06:30:00+00:00,2664.39,2669.57,2651.45,2657.11,22328.2063
2025-05-23 07:00:00+00:00,2657.1,2672.81,2657.1,2669.7,11045.6082
2025-05-23 07:30:00+00:00,2669.71,2671.66,2651.35,2655.2,14174.6048
2025-05-23 08:00:00+00:00,2655.2,2667.01,2653.61,2666.99,8510.2362
2025-05-23 08:30:00+00:00,2667.0,2676.0,2662.41,2669.39,9353.4694
2025-05-23 09:00:00+00:00,2669.39,2684.39,2665.4,2677.88,11656.3408
2025-05-23 09:30:00+00:00,2677.88,2689.21,2677.88,2682.95,9571.9841
2025-05-23 10:00:00+00:00,2682.95,2683.59,2657.75,2664.39,14722.8459
2025-05-23 10:30:00+00:00,2664.4,2672.55,2658.4,2671.55,7763.9177
2025-05-23 11:00:00+00:00,2671.54,2671.99,2637.6,2649.53,17388.5548
2025-05-23 11:30:00+00:00,2649.52,2653.01,2551.0,2566.79,95307.8307
2025-05-23 12:00:00+00:00,2566.78,2568.41,2498.3,2545.63,98149.8268
2025-05-23 12:30:00+00:00,2545.62,2557.5,2535.79,2548.5,45789.9501
2025-05-23 13:00:00+00:00,2548.5,2564.4,2537.08,2559.74,25919.095
2025-05-23 13:30:00+00:00,2559.75,2584.35,2557.12,2582.28,43136.8932
2025-05-23 14:00:00+00:00,2582.27,2591.95,2571.99,2574.43,27194.191
2025-05-23 14:30:00+00:00,2574.43,2588.36,2573.11,2574.37,14631.5644
2025-05-23 15:00:00+00:00,2574.38,2581.16,2565.63,2576.35,18711.1328
2025-05-23 15:30:00+00:00,2576.37,2582.2,2566.2,2568.53,14382.3658
2025-05-23 16:00:00+00:00,2568.53,2575.95,2545.91,2568.96,29448.1047
2025-05-23 16:30:00+00:00,2568.95,2570.3,2555.5,2567.12,9984.9043
2025-05-23 17:00:00+00:00,2567.11,2587.18,2566.07,2585.35,12076.6742
2025-05-23 17:30:00+00:00,2585.35,2585.36,2568.6,2577.2,8208.7151
2025-05-23 18:00:00+00:00,2577.2,2581.64,2555.59,2567.09,10987.0493
2025-05-23 18:30:00+00:00,2567.09,2569.89,2553.02,2559.86,12511.3173
2025-05-23 19:00:00+00:00,2559.87,2575.47,2556.59,2568.41,6276.8143
2025-05-23 19:30:00+00:00,2568.4,2573.11,2557.48,2560.98,5882.6036
2025-05-23 20:00:00+00:00,2560.97,2562.36,2549.43,2562.0,7215.4232
2025-05-23 20:30:00+00:00,2562.0,2562.4,2527.01,2543.23,12867.7954
2025-05-23 21:00:00+00:00,2543.24,2553.81,2530.0,2545.35,9203.4952
2025-05-23 21:30:00+00:00,2545.35,2546.95,2527.2,2534.3,6609.6497
2025-05-23 22:00:00+00:00,2534.3,2559.0,2532.33,2549.21,12177.2528
2025-05-23 22:30:00+00:00,2549.2,2553.03,2530.1,2538.49,8869.7921
2025-05-23 23:00:00+00:00,2538.5,2542.64,2520.55,2529.58,10172.1718
2025-05-23 23:30:00+00:00,2529.58,2536.5,2503.66,2526.5,23276.8133
2025-05-24 00:00:00+00:00,2526.49,2544.27,2516.79,2525.89,14939.0273
2025-05-24 00:30:00+00:00,2525.9,2538.21,2515.33,2515.69,8304.1299
2025-05-24 01:00:00+00:00,2515.7,2535.26,2515.08,2528.68,7306.1665
2025-05-24 01:30:00+00:00,2528.69,2535.6,2523.13,2524.53,5282.5621
2025-05-24 02:00:00+00:00,2524.53,2539.64,2518.62,2537.89,4679.3081
2025-05-24 02:30:00+00:00,2537.9,2545.0,2535.76,2540.85,4207.7406
2025-05-24 03:00:00+00:00,2540.86,2556.73,2538.12,2553.09,9722.4236
2025-05-24 03:30:00+00:00,2553.1,2554.09,2544.82,2549.99,3363.1169
2025-05-24 04:00:00+00:00,2550.0,2554.56,2545.8,2552.71,2822.5258
2025-05-24 04:30:00+00:00,2552.71,2563.5,2550.8,2559.4,4637.9122
2025-05-24 05:00:00+00:00,2559.39,2560.5,2545.15,2551.01,5056.2821
2025-05-24 05:30:00+00:00,2551.0,2553.19,2543.48,2551.18,3362.3302
2025-05-24 06:00:00+00:00,2551.18,2555.81,2545.22,2550.86,3245.1426
2025-05-24 06:30:00+00:00,2550.87,2550.87,2535.08,2547.23,6688.7076
2025-05-24 07:00:00+00:00,2547.23,2560.6,2547.23,2559.69,5352.3054
2025-05-24 07:30:00+00:00,2559.7,2559.7,2545.0,2546.99,4498.0547
2025-05-24 08:00:00+00:00,2546.99,2557.6,2545.22,2548.66,6448.4513
2025-05-24 08:30:00+00:00,2548.66,2558.55,2546.31,2556.99,2933.169
2025-05-24 09:00:00+00:00,2557.0,2560.5,2553.38,2558.37,4750.0183
2025-05-24 09:30:00+00:00,2558.36,2560.31,2551.24,2552.8,3660.4033
2025-05-24 10:00:00+00:00,2552.81,2559.99,2552.36,2559.99,3641.7715
2025-05-24 10:30:00+00:00,2559.98,2575.85,2559.89,2570.1,11855.1038
2025-05-24 11:00:00+00:00,2570.11,2575.69,2562.99,2568.17,6241.551
2025-05-24 11:30:00+00:00,2568.16,2571.74,2562.31,2563.31,4246.765
2025-05-24 12:00:00+00:00,2563.32,2565.41,2549.43,2556.87,8236.6448
2025-05-24 12:30:00+00:00,2556.88,2560.0,2553.5,2559.19,4711.2503
2025-05-24 13:00:00+00:00,2559.2,2562.27,2549.24,2557.13,6984.3001
2025-05-24 13:30:00+00:00,2557.13,2557.8,2543.73,2546.45,7499.9062
2025-05-24 14:00:00+00:00,2546.45,2557.51,2543.51,2549.79,4508.4442
2025-05-24 14:30:00+00:00,2549.79,2561.4,2547.3,2558.52,4046.3075
2025-05-24 15:00:00+00:00,2558.52,2564.5,2553.63,2556.05,4220.8242
2025-05-24 15:30:00+00:00,2556.05,2557.7,2549.59,2555.64,3408.0616
2025-05-24 16:00:00+00:00,2555.64,2556.0,2543.86,2550.31,5276.0153
2025-05-24 16:30:00+00:00,2550.31,2562.1,2549.0,2557.46,3664.6347
2025-05-24 17:00:00+00:00,2557.46,2564.59,2555.57,2559.0,4480.3878
2025-05-24 17:30:00+00:00,2558.99,2563.5,2555.45,2557.8,2984.4705
2025-05-24 18:00:00+00:00,2557.8,2567.38,2557.0,2561.29,3226.5075
2025-05-24 18:30:00+00:00,2561.29,2561.3,2544.99,2549.41,5060.3541
2025-05-24 19:00:00+00:00,2549.41,2553.9,2546.57,2551.47,2792.3605
2025-05-24 19:30:00+00:00,2551.46,2555.49,2549.0,2554.47,2155.6445
2025-05-24 20:00:00+00:00,2554.48,2555.28,2549.7,2553.0,1688.1116
2025-05-24 20:30:00+00:00,2553.01,2556.57,2550.41,2552.26,1807.5475
2025-05-24 21:00:00+00:00,2552.26,2552.8,2519.5,2536.18,12513.8802
2025-05-24 21:30:00+00:00,2536.18,2543.13,2530.56,2540.09,5014.3296
2025-05-24 22:00:00+00:00,2540.1,2540.2,2526.66,2531.84,5599.323
2025-05-24 22:30:00+00:00,2531.85,2537.24,2521.5,2525.39,5228.9858
2025-05-24 23:00:00+00:00,2525.4,2535.0,2517.65,2529.27,7864.9255
2025-05-24 23:30:00+00:00,2529.29,2533.49,2522.0,2530.4,7326.0486
2025-05-25 00:00:00+00:00,2530.41,2539.5,2527.3,2535.3,5533.8406
2025-05-25 00:30:00+00:00,2535.31,2538.66,2476.0,2486.89,39323.3672
2025-05-25 01:00:00+00:00,2486.89,2501.84,2479.4,2497.49,14311.832
2025-05-25 01:30:00+00:00,2497.5,2504.03,2492.75,2495.71,7230.8727
2025-05-25 02:00:00+00:00,2495.71,2503.0,2486.2,2499.4,8462.9477
2025-05-25 02:30:00+00:00,2499.4,2510.7,2499.01,2508.24,6364.7486
2025-05-25 03:00:00+00:00,2508.23,2515.02,2507.1,2513.33,5454.5746
2025-05-25 03:30:00+00:00,2513.32,2520.22,2512.5,2512.78,7942.8292
2025-05-25 04:00:00+00:00,2512.79,2513.02,2505.61,2510.9,3652.4896
2025-05-25 04:30:00+00:00,2510.9,2518.59,2510.3,2517.5,2680.8287
2025-05-25 05:00:00+00:00,2517.49,2518.75,2510.8,2511.66,2713.4956
2025-05-25 05:30:00+00:00,2511.66,2514.33,2507.28,2512.51,2107.48
2025-05-25 06:00:00+00:00,2512.52,2513.32,2502.08,2504.99,3226.4883
2025-05-25 06:30:00+00:00,2504.99,2509.4,2502.18,2507.42,3256.2912
2025-05-25 07:00:00+00:00,2507.42,2507.42,2489.58,2492.32,9864.6946
2025-05-25 07:30:00+00:00,2492.31,2496.24,2487.22,2494.39,7072.6248
2025-05-25 08:00:00+00:00,2494.4,2494.5,2480.0,2484.96,11457.2298
2025-05-25 08:30:00+00:00,2484.95,2490.32,2463.0,2477.81,16802.3597
2025-05-25 09:00:00+00:00,2477.81,2487.13,2471.03,2484.17,11374.0827
2025-05-25 09:30:00+00:00,2484.17,2495.71,2475.93,2495.5,9788.9995
2025-05-25 10:00:00+00:00,2495.5,2502.19,2491.81,2493.36,7738.3392
2025-05-25 10:30:00+00:00,2493.36,2501.0,2488.49,2492.31,6519.9488
2025-05-25 11:00:00+00:00,2492.3,2500.0,2488.71,2497.05,5723.3068
2025-05-25 11:30:00+00:00,2497.04,2499.0,2491.91,2497.91,4128.4326
2025-05-25 12:00:00+00:00,2497.91,2516.45,2495.17,2514.7,8901.331
2025-05-25 12:30:00+00:00,2514.7,2518.1,2511.99,2517.09,6382.2611
2025-05-25 13:00:00+00:00,2517.09,2520.48,2511.23,2519.9,4676.7055
2025-05-25 13:30:00+00:00,2519.89,2524.9,2513.5,2513.61,6141.6045
2025-05-25 14:00:00+00:00,2513.61,2518.0,2508.42,2515.72,3865.8052
2025-05-25 14:30:00+00:00,2515.71,2517.0,2497.82,2505.99,7879.5321
2025-05-25 15:00:00+00:00,2506.0,2508.32,2479.24,2489.2,11841.356
2025-05-25 15:30:00+00:00,2489.2,2515.75,2486.69,2511.7,13144.7551
2025-05-25 16:00:00+00:00,2511.69,2513.32,2496.4,2498.6,6546.0449
2025-05-25 16:30:00+00:00,2498.59,2513.5,2496.1,2511.57,4887.3355
2025-05-25 17:00:00+00:00,2511.57,2516.8,2509.13,2516.79,4297.4307
2025-05-25 17:30:00+00:00,2516.79,2516.98,2509.0,2513.95,2776.3652
2025-05-25 18:00:00+00:00,2513.82,2523.37,2511.3,2521.19,4636.7487
2025-05-25 18:30:00+00:00,2521.19,2521.7,2515.11,2516.6,2878.2561
2025-05-25 19:00:00+00:00,2516.59,2521.36,2515.0,2521.28,2390.9646
2025-05-25 19:30:00+00:00,2521.28,2535.66,2520.5,2526.6,7420.7137
2025-05-25 20:00:00+00:00,2526.6,2529.0,2511.15,2521.34,3956.4516
2025-05-25 20:30:00+00:00,2521.34,2526.3,2520.6,2523.88,2159.7469
2025-05-25 21:00:00+00:00,2523.88,2531.4,2519.49,2521.35,3373.5434
2025-05-25 21:30:00+00:00,2521.35,2521.36,2507.65,2515.19,3321.341
2025-05-25 22:00:00+00:00,2515.2,2548.78,2512.52,2535.99,17410.4686
2025-05-25 22:30:00+00:00,2536.0,2554.26,2534.6,2549.16,9017.6165
2025-05-25 23:00:00+00:00,2549.16,2552.05,2535.0,2538.7,8779.9577
2025-05-25 23:30:00+00:00,2538.7,2554.02,2537.52,2551.22,10471.5898
2025-05-26 00:00:00+00:00,2551.22,2558.62,2536.84,2544.99,16857.3991
2025-05-26 00:30:00+00:00,2545.0,2574.6,2542.8,2571.7,14300.1056
2025-05-26 01:00:00+00:00,2571.71,2577.0,2556.11,2558.64,16447.1504
2025-05-26 01:30:00+00:00,2558.64,2567.24,2555.0,2558.51,9118.512
2025-05-26 02:00:00+00:00,2558.5,2563.86,2551.7,2560.77,6644.3315
2025-05-26 02:30:00+00:00,2560.77,2560.79,2547.21,2552.71,6350.5177
2025-05-26 03:00:00+00:00,2552.72,2560.8,2548.49,2559.85,4432.499
2025-05-26 03:30:00+00:00,2559.85,2567.01,2555.8,2560.3,4884.8859
2025-05-26 04:00:00+00:00,2560.29,2566.9,2557.3,2564.39,6032.5738
2025-05-26 04:30:00+00:00,2564.39,2570.15,2563.0,2564.2,5304.7923
2025-05-26 05:00:00+00:00,2564.19,2571.98,2561.49,2570.21,4705.8146
2025-05-26 05:30:00+00:00,2570.22,2575.31,2567.58,2568.4,6039.8645
2025-05-26 06:00:00+00:00,2568.4,2572.62,2565.2,2571.99,5524.9457
2025-05-26 06:30:00+00:00,2572.0,2585.9,2567.23,2582.81,8439.877
2025-05-26 07:00:00+00:00,2582.8,2599.0,2579.4,2581.89,17218.1759
2025-05-26 07:30:00+00:00,2581.89,2586.77,2577.3,2580.8,8782.7343
2025-05-26 08:00:00+00:00,2580.79,2582.7,2572.91,2574.59,7651.4452
2025-05-26 08:30:00+00:00,2574.59,2576.6,2564.57,2568.0,7681.9663
2025-05-26 09:00:00+00:00,2567.99,2574.48,2564.35,2571.2,5574.6401
2025-05-26 09:30:00+00:00,2571.21,2571.5,2553.24,2563.11,8907.6265
2025-05-26 10:00:00+00:00,2563.11,2569.2,2559.7,2566.99,4722.617
2025-05-26 10:30:00+00:00,2567.0,2567.69,2554.57,2559.34,5902.3862
2025-05-26 11:00:00+00:00,2559.35,2564.1,2555.7,2562.81,4199.5798
2025-05-26 11:30:00+00:00,2562.81,2568.31,2556.8,2568.08,5565.4977
2025-05-26 12:00:00+00:00,2568.08,2570.9,2561.1,2563.21,5498.8176
2025-05-26 12:30:00+00:00,2563.2,2574.43,2562.21,2568.6,6019.258
2025-05-26 13:00:00+00:00,2568.59,2571.8,2556.71,2564.51,11972.42
2025-05-26 13:30:00+00:00,2564.51,2571.0,2539.23,2551.27,16190.7737
2025-05-26 14:00:00+00:00,2551.28,2556.52,2546.0,2550.19,7700.8856
2025-05-26 14:30:00+00:00,2550.18,2550.8,2542.1,2550.51,8149.9623
2025-05-26 15:00:00+00:00,2550.51,2557.39,2545.13,2556.3,7418.94
2025-05-26 15:30:00+00:00,2556.31,2570.94,2556.3,2565.99,12031.9768
2025-05-26 16:00:00+00:00,2566.0,2573.3,2535.47,2544.21,15423.3114
2025-05-26 16:30:00+00:00,2544.2,2550.0,2537.66,2542.71,7752.9299
2025-05-26 17:00:00+00:00,2542.71,2549.2,2538.0,2542.1,4581.2135
2025-05-26 17:30:00+00:00,2542.09,2543.68,2525.86,2533.69,11518.1398
2025-05-26 18:00:00+00:00,2533.7,2543.62,2528.0,2543.29,5599.2355
2025-05-26 18:30:00+00:00,2543.29,2546.32,2532.7,2534.89,3254.1165
2025-05-26 19:00:00+00:00,2534.89,2543.47,2532.42,2540.5,3408.2733
2025-05-26 19:30:00+00:00,2540.51,2544.4,2536.0,2541.22,2543.092
2025-05-26 20:00:00+00:00,2541.21,2548.79,2536.57,2546.35,3519.5614
2025-05-26 20:30:00+00:00,2546.36,2567.95,2545.21,2566.52,9218.6499
2025-05-26 21:00:00+00:00,2566.52,2568.2,2554.66,2561.62,5032.6332
2025-05-26 21:30:00+00:00,2561.62,2567.51,2557.69,2562.57,4128.5121
2025-05-26 22:00:00+00:00,2562.58,2584.65,2558.4,2564.57,10421.5506
2025-05-26 22:30:00+00:00,2564.58,2568.99,2557.28,2559.54,3304.9425
2025-05-26 23:00:00+00:00,2559.55,2560.49,2553.4,2557.32,3951.1397
2025-05-26 23:30:00+00:00,2557.31,2564.58,2555.99,2563.7,3040.8448
2025-05-27 00:00:00+00:00,2563.7,2573.5,2558.99,2559.8,8212.1641
2025-05-27 00:30:00+00:00,2559.81,2559.82,2549.04,2550.86,5091.9263
2025-05-27 01:00:00+00:00,2550.85,2550.86,2509.46,2527.31,20822.4799
2025-05-27 01:30:00+00:00,2527.3,2531.76,2522.0,2529.6,8606.3043
2025-05-27 02:00:00+00:00,2529.6,2541.4,2528.1,2540.46,6469.2101
2025-05-27 02:30:00+00:00,2540.46,2544.49,2532.41,2535.61,6317.3277
2025-05-27 03:00:00+00:00,2535.6,2565.26,2535.6,2552.82,8697.227
2025-05-27 03:30:00+00:00,2552.82,2555.36,2548.22,2549.25,5496.397
2025-05-27 04:00:00+00:00,2549.26,2562.12,2548.99,2559.29,4588.0993
2025-05-27 04:30:00+00:00,2559.28,2569.0,2556.63,2559.0,5930.6121
2025-05-27 05:00:00+00:00,2559.0,2559.92,2550.34,2555.59,3862.5923
2025-05-27 05:30:00+00:00,2555.59,2573.04,2553.99,2569.51,6748.6729
2025-05-27 06:00:00+00:00,2569.51,2610.92,2569.51,2597.12,72949.9267
2025-05-27 06:30:00+00:00,2597.13,2602.4,2564.63,2569.59,71607.2158
2025-05-27 07:00:00+00:00,2569.6,2591.0,2569.6,2590.77,12035.4809
2025-05-27 07:30:00+00:00,2590.77,2619.48,2590.4,2607.59,19958.8542
2025-05-27 08:00:00+00:00,2607.6,2643.19,2607.59,2638.28,41456.184
2025-05-27 08:30:00+00:00,2638.29,2642.0,2630.59,2635.2,22250.4419
2025-05-27 09:00:00+00:00,2635.19,2640.29,2622.2,2623.79,14027.8366
2025-05-27 09:30:00+00:00,2623.78,2647.68,2623.4,2638.19,16895.3636
2025-05-27 10:00:00+00:00,2638.19,2641.47,2631.0,2640.82,10581.6477
2025-05-27 10:30:00+00:00,2640.81,2642.28,2633.18,2638.42,10517.1554
2025-05-27 11:00:00+00:00,2638.42,2641.41,2626.99,2637.98,8717.3161
2025-05-27 11:30:00+00:00,2637.98,2655.0,2637.98,2652.64,17897.8616
2025-05-27 12:00:00+00:00,2652.64,2654.5,2634.8,2648.76,17655.1758
2025-05-27 12:30:00+00:00,2648.76,2650.0,2637.54,2648.33,11835.8451
2025-05-27 13:00:00+00:00,2648.34,2683.87,2645.99,2667.17,44562.6064
2025-05-27 13:30:00+00:00,2667.17,2675.66,2642.75,2655.58,36047.1893
2025-05-27 14:00:00+00:00,2655.58,2668.42,2649.09,2651.24,16838.2511
2025-05-27 14:30:00+00:00,2651.25,2671.56,2633.36,2661.1,30139.9408
2025-05-27 15:00:00+00:00,2661.11,2669.05,2653.5,2662.99,19194.4703
2025-05-27 15:30:00+00:00,2662.99,2670.5,2659.89,2668.2,11048.344
2025-05-27 16:00:00+00:00,2668.2,2680.41,2658.36,2662.71,15839.2751
2025-05-27 16:30:00+00:00,2662.71,2683.89,2661.7,2670.36,14091.1022
2025-05-27 17:00:00+00:00,2670.37,2694.42,2670.11,2679.5,26212.6562
2025-05-27 17:30:00+00:00,2679.49,2712.36,2676.4,2695.74,30846.4484
2025-05-27 18:00:00+00:00,2695.75,2708.55,2683.88,2684.15,17308.5529
2025-05-27 18:30:00+00:00,2684.15,2690.61,2675.29,2680.0,11219.8776
2025-05-27 19:00:00+00:00,2680.0,2686.5,2674.21,2681.0,10456.4609
2025-05-27 19:30:00+00:00,2681.0,2688.43,2671.16,2687.53,8866.3609
2025-05-27 20:00:00+00:00,2687.53,2694.12,2680.25,2683.3,5904.2646
2025-05-27 20:30:00+00:00,2683.29,2683.67,2664.22,2668.2,11087.7233
2025-05-27 21:00:00+00:00,2668.21,2677.5,2657.7,2665.72,9304.2513
2025-05-27 21:30:00+00:00,2665.72,2671.84,2658.8,2662.89,7711.096
2025-05-27 22:00:00+00:00,2662.9,2669.5,2652.98,2662.7,13700.8413
2025-05-27 22:30:00+00:00,2662.7,2668.29,2658.01,2659.82,6870.9137
2025-05-27 23:00:00+00:00,2659.81,2663.73,2652.4,2652.49,6402.9543
2025-05-27 23:30:00+00:00,2652.49,2664.7,2652.26,2660.81,5547.9872
2025-05-28 00:00:00+00:00,2660.81,2661.79,2640.82,2652.52,11148.9692
2025-05-28 00:30:00+00:00,2652.53,2660.17,2643.69,2658.28,8667.7674
2025-05-28 01:00:00+00:00,2658.28,2659.39,2638.08,2640.19,9403.747
2025-05-28 01:30:00+00:00,2640.19,2645.64,2631.02,2634.47,10547.5001
2025-05-28 02:00:00+00:00,2634.47,2637.49,2618.34,2622.01,17324.3165
2025-05-28 02:30:00+00:00,2622.01,2642.19,2620.31,2638.45,17326.6606
2025-05-28 03:00:00+00:00,2638.45,2641.32,2633.4,2636.1,7033.4555
2025-05-28 03:30:00+00:00,2636.11,2650.0,2635.1,2645.37,8665.0524
2025-05-28 04:00:00+00:00,2645.38,2648.61,2634.02,2636.83,6939.5313
2025-05-28 04:30:00+00:00,2636.83,2652.57,2636.51,2646.41,7332.1086
2025-05-28 05:00:00+00:00,2646.42,2647.0,2636.99,2640.14,7689.6616
2025-05-28 05:30:00+00:00,2640.14,2644.79,2634.95,2639.85,7679.98
2025-05-28 06:00:00+00:00,2639.86,2639.86,2623.85,2633.8,9035.7181
2025-05-28 06:30:00+00:00,2633.79,2633.79,2625.01,2627.7,4870.4103
2025-05-28 07:00:00+00:00,2627.69,2638.2,2625.0,2634.1,5040.4312
2025-05-28 07:30:00+00:00,2634.1,2643.0,2633.89,2636.39,4854.3594
2025-05-28 08:00:00+00:00,2636.39,2641.37,2628.83,2639.6,8191.3827
2025-05-28 08:30:00+00:00,2639.61,2645.76,2633.54,2642.9,5968.0719
2025-05-28 09:00:00+00:00,2642.89,2643.6,2630.59,2631.38,9237.8659
2025-05-28 09:30:00+00:00,2631.38,2633.38,2622.2,2626.72,14621.2826
2025-05-28 10:00:00+00:00,2626.72,2634.0,2608.5,2634.0,17200.7059
2025-05-28 10:30:00+00:00,2634.0,2642.92,2633.85,2640.41,9797.5181
2025-05-28 11:00:00+00:00,2640.4,2649.01,2640.1,2642.86,5989.4846
2025-05-28 11:30:00+00:00,2642.86,2659.01,2642.86,2656.99,8908.9609
2025-05-28 12:00:00+00:00,2656.99,2681.33,2652.88,2671.59,15427.3781
2025-05-28 12:30:00+00:00,2671.6,2676.9,2664.03,2666.93,11423.6535
2025-05-28 13:00:00+00:00,2666.93,2677.11,2660.0,2673.61,11617.7616
2025-05-28 13:30:00+00:00,2673.61,2689.14,2654.48,2657.41,33922.6609
2025-05-28 14:00:00+00:00,2657.4,2660.39,2621.26,2642.29,35883.2662
2025-05-28 14:30:00+00:00,2642.29,2642.9,2626.75,2628.4,16264.3813
2025-05-28 15:00:00+00:00,2628.4,2637.35,2613.2,2631.27,25629.5771
2025-05-28 15:30:00+00:00,2631.28,2640.0,2624.86,2626.9,13756.9302
2025-05-28 16:00:00+00:00,2626.9,2643.59,2626.71,2641.9,12213.9848
2025-05-28 16:30:00+00:00,2641.9,2641.9,2633.48,2640.56,8734.652
2025-05-28 17:00:00+00:00,2640.57,2664.35,2640.56,2652.81,19583.5069
2025-05-28 17:30:00+00:00,2652.81,2655.24,2642.59,2652.8,9283.2838
2025-05-28 18:00:00+00:00,2652.8,2657.8,2645.3,2645.4,7162.8007
2025-05-28 18:30:00+00:00,2645.4,2652.99,2633.62,2636.17,9840.8694
2025-05-28 19:00:00+00:00,2636.17,2655.78,2634.9,2639.71,10904.7595
2025-05-28 19:30:00+00:00,2639.7,2641.3,2615.32,2617.79,19809.3828
2025-05-28 20:00:00+00:00,2617.8,2631.3,2612.04,2629.8,15659.9383
2025-05-28 20:30:00+00:00,2629.81,2635.38,2623.11,2634.43,4757.0749
2025-05-28 21:00:00+00:00,2634.43,2648.5,2631.0,2640.61,5418.8546
2025-05-28 21:30:00+00:00,2640.6,2659.36,2640.49,2652.25,5433.6156
2025-05-28 22:00:00+00:00,2652.25,2653.09,2638.96,2639.75,7187.2108
2025-05-28 22:30:00+00:00,2639.76,2650.37,2638.0,2648.61,5151.5122
2025-05-28 23:00:00+00:00,2648.61,2679.9,2648.49,2677.8,17641.7311
2025-05-28 23:30:00+00:00,2677.8,2686.4,2670.75,2681.6,13911.9552
2025-05-29 00:00:00+00:00,2681.61,2705.0,2669.01,2702.6,30902.83
2025-05-29 00:30:00+00:00,2702.6,2721.5,2696.0,2721.5,23664.4344
2025-05-29 01:00:00+00:00,2721.5,2722.5,2704.72,2708.0,20461.1887
2025-05-29 01:30:00+00:00,2708.0,2720.5,2697.62,2711.76,20569.7849
2025-05-29 02:00:00+00:00,2711.76,2749.99,2705.9,2745.49,39168.8151
2025-05-29 02:30:00+00:00,2745.49,2788.0,2745.49,2770.7,56230.7747
2025-05-29 03:00:00+00:00,2770.7,2773.75,2754.1,2761.99,20158.4086
2025-05-29 03:30:00+00:00,2762.0,2770.0,2746.42,2762.5,18103.0203
2025-05-29 04:00:00+00:00,2762.5,2766.8,2739.09,2754.72,15715.9626
2025-05-29 04:30:00+00:00,2754.72,2757.14,2701.28,2727.5,42034.9878
2025-05-29 05:00:00+00:00,2727.5,2736.7,2719.51,2724.31,15306.8473
2025-05-29 05:30:00+00:00,2724.3,2735.33,2716.21,2722.8,12226.4122
2025-05-29 06:00:00+00:00,2722.8,2730.28,2716.65,2730.28,7856.208
2025-05-29 06:30:00+00:00,2730.27,2732.0,2721.45,2727.75,10001.0594
2025-05-29 07:00:00+00:00,2727.75,2736.82,2716.89,2733.96,17362.9393
2025-05-29 07:30:00+00:00,2733.97,2734.97,2726.63,2731.28,6158.353
2025-05-29 08:00:00+00:00,2731.29,2732.3,2711.6,2721.19,17602.2867
2025-05-29 08:30:00+00:00,2721.18,2727.09,2715.2,2723.21,11582.7721
2025-05-29 09:00:00+00:00,2723.2,2725.0,2716.49,2719.99,6252.6328
2025-05-29 09:30:00+00:00,2719.99,2739.37,2719.3,2736.3,10030.3913
2025-05-29 10:00:00+00:00,2736.3,2744.42,2724.38,2724.99,9483.0037
2025-05-29 10:30:00+00:00,2724.99,2735.85,2724.82,2730.6,6310.6304
2025-05-29 11:00:00+00:00,2730.59,2731.66,2723.36,2725.31,6788.1833
2025-05-29 11:30:00+00:00,2725.3,2727.36,2707.1,2715.83,19759.1756
2025-05-29 12:00:00+00:00,2715.82,2718.6,2702.13,2708.32,12690.8808
2025-05-29 12:30:00+00:00,2708.32,2718.34,2676.16,2693.26,36571.4829
2025-05-29 13:00:00+00:00,2693.26,2699.9,2680.0,2686.64,14399.08
2025-05-29 13:30:00+00:00,2686.65,2688.0,2653.88,2660.19,36305.914
2025-05-29 14:00:00+00:00,2660.19,2667.19,2621.92,2637.62,43865.0657
2025-05-29 14:30:00+00:00,2637.63,2675.9,2630.42,2672.02,28691.3208
2025-05-29 15:00:00+00:00,2672.02,2674.51,2657.28,2661.43,12393.3392
2025-05-29 15:30:00+00:00,2661.43,2663.0,2639.02,2643.68,15024.3251
2025-05-29 16:00:00+00:00,2643.68,2660.0,2640.44,2649.22,15507.6083
2025-05-29 16:30:00+00:00,2649.22,2651.31,2630.67,2640.19,13979.4941
2025-05-29 17:00:00+00:00,2640.18,2652.88,2638.19,2649.05,10791.807
2025-05-29 17:30:00+00:00,2649.05,2670.27,2648.32,2659.42,15803.9194
2025-05-29 18:00:00+00:00,2659.43,2673.48,2655.27,2656.22,9975.2911
2025-05-29 18:30:00+00:00,2656.22,2661.0,2645.52,2649.9,9421.1758
2025-05-29 19:00:00+00:00,2649.91,2657.28,2628.99,2643.67,17726.1539
2025-05-29 19:30:00+00:00,2643.67,2655.5,2639.19,2650.12,9414.8684
2025-05-29 20:00:00+00:00,2650.12,2662.0,2649.57,2653.1,12824.7051
2025-05-29 20:30:00+00:00,2653.11,2656.6,2640.29,2643.98,6939.7054
2025-05-29 21:00:00+00:00,2643.99,2652.46,2643.94,2649.66,3421.8288
2025-05-29 21:30:00+00:00,2649.67,2662.45,2649.43,2660.9,5468.919
2025-05-29 22:00:00+00:00,2660.91,2668.95,2658.05,2659.46,7553.0371
2025-05-29 22:30:00+00:00,2659.45,2660.8,2644.72,2644.99,5484.077
2025-05-29 23:00:00+00:00,2644.99,2649.0,2628.17,2634.83,10478.4261
2025-05-29 23:30:00+00:00,2634.83,2638.7,2619.05,2631.39,13103.7273
2025-05-30 00:00:00+00:00,2631.39,2645.23,2630.99,2637.4,9715.8641
2025-05-30 00:30:00+00:00,2637.39,2637.8,2557.07,2573.5,58946.6919
2025-05-30 01:00:00+00:00,2573.5,2608.56,2568.59,2606.01,26576.083
2025-05-30 01:30:00+00:00,2606.01,2608.99,2595.15,2598.31,9796.8471
2025-05-30 02:00:00+00:00,2598.31,2622.94,2597.9,2619.6,14794.9492
2025-05-30 02:30:00+00:00,2619.61,2634.18,2619.09,2629.79,14835.8925
2025-05-30 03:00:00+00:00,2629.79,2642.4,2626.21,2638.6,12031.2799
2025-05-30 03:30:00+00:00,2638.6,2640.59,2629.07,2631.19,8308.4321
2025-05-30 04:00:00+00:00,2631.19,2631.6,2621.61,2623.72,9129.2353
2025-05-30 04:30:00+00:00,2623.72,2638.2,2621.1,2635.0,6746.0654
2025-05-30 05:00:00+00:00,2635.0,2640.0,2630.43,2636.7,6381.1077
2025-05-30 05:30:00+00:00,2636.7,2649.23,2636.0,2643.71,13294.1365
2025-05-30 06:00:00+00:00,2643.7,2644.82,2625.59,2627.71,7030.5634
2025-05-30 06:30:00+00:00,2627.7,2630.7,2606.8,2620.3,21802.527
2025-05-30 07:00:00+00:00,2620.3,2643.1,2615.3,2631.89,14394.5775
2025-05-30 07:30:00+00:00,2631.88,2631.88,2613.68,2618.26,19843.4669
2025-05-30 08:00:00+00:00,2618.27,2624.4,2607.75,2622.01,12625.285
2025-05-30 08:30:00+00:00,2622.01,2626.78,2611.42,2617.31,10848.5551
2025-05-30 09:00:00+00:00,2617.3,2623.7,2610.5,2614.61,8384.0776
2025-05-30 09:30:00+00:00,2614.61,2617.79,2588.16,2615.08,25091.9323
2025-05-30 10:00:00+00:00,2615.07,2618.0,2602.97,2617.24,13698.9095
2025-05-30 10:30:00+00:00,2617.24,2623.45,2610.47,2622.05,8897.0405
2025-05-30 11:00:00+00:00,2622.06,2628.1,2615.07,2617.74,9350.0409
2025-05-30 11:30:00+00:00,2617.74,2624.35,2616.0,2622.04,5451.9102
2025-05-30 12:00:00+00:00,2622.04,2626.3,2578.2,2594.6,24082.4145
2025-05-30 12:30:00+00:00,2594.6,2622.29,2593.2,2610.2,13750.877
2025-05-30 13:00:00+00:00,2610.2,2618.18,2588.87,2593.31,13702.0295
2025-05-30 13:30:00+00:00,2593.3,2599.74,2572.56,2576.69,21380.4917
2025-05-30 14:00:00+00:00,2576.7,2590.2,2576.7,2587.59,26311.6593
2025-05-30 14:30:00+00:00,2587.59,2604.27,2585.8,2595.5,20552.3125
2025-05-30 15:00:00+00:00,2595.5,2616.8,2595.0,2613.58,22223.0422
2025-05-30 15:30:00+00:00,2613.58,2614.65,2597.5,2598.21,16086.4358
2025-05-30 16:00:00+00:00,2598.21,2604.28,2570.0,2572.78,16697.0375
2025-05-30 16:30:00+00:00,2572.79,2574.02,2533.2,2540.82,63812.0057
2025-05-30 17:00:00+00:00,2540.82,2560.0,2539.99,2547.49,14698.3503
2025-05-30 17:30:00+00:00,2547.49,2554.25,2539.4,2549.31,11704.3512
2025-05-30 18:00:00+00:00,2549.32,2576.9,2547.5,2573.88,16110.8219
2025-05-30 18:30:00+00:00,2573.89,2579.23,2567.3,2578.21,12251.1005
2025-05-30 19:00:00+00:00,2578.2,2585.29,2574.41,2580.8,8881.0897
2025-05-30 19:30:00+00:00,2580.81,2581.8,2572.49,2574.41,6247.4229
2025-05-30 20:00:00+00:00,2574.41,2578.17,2565.65,2572.62,4727.3975
2025-05-30 20:30:00+00:00,2572.61,2589.85,2569.17,2577.3,7452.4645
2025-05-30 21:00:00+00:00,2577.31,2586.08,2576.49,2581.51,3059.8026
2025-05-30 21:30:00+00:00,2581.51,2584.85,2562.82,2569.2,6131.4044
2025-05-30 22:00:00+00:00,2569.2,2573.09,2546.48,2548.59,11998.5082
2025-05-30 22:30:00+00:00,2548.59,2554.44,2523.42,2526.71,21040.2474
2025-05-30 23:00:00+00:00,2526.71,2536.2,2507.35,2519.35,28034.9384
2025-05-30 23:30:00+00:00,2519.35,2534.16,2509.0,2531.34,24133.5806
2025-05-31 00:00:00+00:00,2531.35,2539.98,2503.09,2515.5,30112.1248
2025-05-31 00:30:00+00:00,2515.49,2535.11,2515.49,2519.9,12632.455
2025-05-31 01:00:00+00:00,2519.9,2527.87,2503.16,2509.13,22211.9526
2025-05-31 01:30:00+00:00,2509.13,2514.21,2475.33,2493.07,44256.4538
2025-05-31 02:00:00+00:00,2493.06,2516.72,2485.5,2504.95,20581.2601
2025-05-31 02:30:00+00:00,2504.91,2505.0,2485.4,2490.22,15524.4337
2025-05-31 03:00:00+00:00,2490.21,2505.28,2485.23,2504.21,13394.8986
2025-05-31 03:30:00+00:00,2504.21,2517.04,2500.25,2513.98,9574.3898
2025-05-31 04:00:00+00:00,2513.98,2526.37,2504.63,2519.5,8571.7592
2025-05-31 04:30:00+00:00,2519.5,2524.49,2517.68,2522.5,6600.3284
2025-05-31 05:00:00+00:00,2522.5,2526.43,2514.07,2518.19,5488.1397
2025-05-31 05:30:00+00:00,2518.19,2522.29,2511.77,2512.29,6087.8491
2025-05-31 06:00:00+00:00,2512.3,2523.58,2512.22,2519.78,5672.4325
2025-05-31 06:30:00+00:00,2519.79,2526.5,2516.8,2521.7,4553.788
2025-05-31 07:00:00+00:00,2521.69,2523.69,2514.6,2519.6,4083.0187
2025-05-31 07:30:00+00:00,2519.6,2525.73,2518.77,2521.11,3310.0306
2025-05-31 08:00:00+00:00,2521.11,2525.99,2517.08,2520.71,7325.2734
2025-05-31 08:30:00+00:00,2520.7,2530.61,2515.91,2524.49,7747.8346
2025-05-31 09:00:00+00:00,2524.49,2529.29,2517.4,2519.5,3867.3997
2025-05-31 09:30:00+00:00,2519.5,2524.21,2518.44,2523.25,3129.8014
2025-05-31 10:00:00+00:00,2523.24,2538.45,2520.2,2522.5,10593.0983
2025-05-31 10:30:00+00:00,2522.5,2523.98,2508.04,2520.21,7134.732
2025-05-31 11:00:00+00:00,2520.2,2521.85,2509.74,2517.34,5749.9946
2025-05-31 11:30:00+00:00,2517.33,2520.7,2513.0,2519.61,4131.7034
2025-05-31 12:00:00+00:00,2519.61,2533.75,2515.95,2525.84,7216.9595
2025-05-31 12:30:00+00:00,2525.84,2538.0,2525.57,2537.61,8133.0669
2025-05-31 13:00:00+00:00,2537.6,2547.7,2530.33,2535.43,14193.6084
2025-05-31 13:30:00+00:00,2535.42,2539.73,2526.5,2533.02,6403.8994
2025-05-31 14:00:00+00:00,2533.0,2544.38,2531.31,2538.69,7827.3989
2025-05-31 14:30:00+00:00,2538.69,2543.62,2536.61,2542.5,5470.3988
2025-05-31 15:00:00+00:00,2542.51,2550.14,2534.0,2547.19,9223.9307
2025-05-31 15:30:00+00:00,2547.19,2548.46,2532.41,2536.3,8450.8789
2025-05-31 16:00:00+00:00,2536.29,2546.6,2533.0,2543.71,4593.7398
2025-05-31 16:30:00+00:00,2543.7,2547.99,2536.45,2540.59,5358.2066
2025-05-31 17:00:00+00:00,2540.59,2541.14,2534.66,2535.09,3105.7007
2025-05-31 17:30:00+00:00,2535.1,2538.0,2523.36,2527.39,6707.2649
2025-05-31 18:00:00+00:00,2527.38,2542.4,2525.99,2537.43,2386.9298
2025-05-31 18:30:00+00:00,2537.43,2540.95,2535.42,2539.73,1941.4115
2025-05-31 19:00:00+00:00,2539.74,2543.0,2537.59,2541.32,2199.9309
2025-05-31 19:30:00+00:00,2541.33,2542.43,2536.36,2537.4,2870.4506
2025-05-31 20:00:00+00:00,2537.39,2541.0,2531.67,2540.0,3484.1928
2025-05-31 20:30:00+00:00,2540.0,2542.43,2538.8,2542.19,2797.1035
2025-05-31 21:00:00+00:00,2542.2,2550.34,2539.32,2544.16,5700.9858
2025-05-31 21:30:00+00:00,2544.16,2546.55,2539.99,2543.21,3730.1129
2025-05-31 22:00:00+00:00,2543.21,2545.0,2536.36,2536.7,5025.2095
2025-05-31 22:30:00+00:00,2536.7,2539.13,2530.69,2530.76,3452.1485
2025-05-31 23:00:00+00:00,2530.76,2548.31,2524.41,2534.34,8192.6514
2025-05-31 23:30:00+00:00,2534.35,2536.0,2526.55,2528.06,3735.9194
2025-06-01 00:00:00+00:00,2528.06,2528.8,2515.34,2517.85,11144.9216
2025-06-01 00:30:00+00:00,2517.86,2526.07,2515.63,2525.76,8251.0434
2025-06-01 01:00:00+00:00,2525.77,2530.38,2518.1,2522.98,8424.1726
2025-06-01 01:30:00+00:00,2522.99,2525.8,2492.0,2507.29,14938.7546
2025-06-01 02:00:00+00:00,2507.29,2509.45,2493.8,2507.28,7722.1298
2025-06-01 02:30:00+00:00,2507.29,2513.73,2505.93,2507.07,6285.8913
2025-06-01 03:00:00+00:00,2507.08,2508.7,2492.4,2501.88,6419.1536
2025-06-01 03:30:00+00:00,2501.88,2518.58,2501.88,2513.3,7347.9211
2025-06-01 04:00:00+00:00,2513.3,2516.5,2511.5,2515.87,2724.6406
2025-06-01 04:30:00+00:00,2515.88,2527.1,2515.87,2522.2,4286.2528
2025-06-01 05:00:00+00:00,2522.19,2527.28,2517.9,2519.99,4316.7885
2025-06-01 05:30:00+00:00,2519.99,2522.37,2516.12,2518.58,2421.7888
2025-06-01 06:00:00+00:00,2518.58,2519.19,2509.29,2513.6,4915.6923
2025-06-01 06:30:00+00:00,2513.6,2519.19,2511.31,2512.7,3110.2308
2025-06-01 07:00:00+00:00,2512.69,2515.67,2507.67,2512.77,3168.7488
2025-06-01 07:30:00+00:00,2512.76,2513.11,2505.87,2509.0,2933.973
2025-06-01 08:00:00+00:00,2509.0,2510.75,2499.0,2502.73,5766.2659
2025-06-01 08:30:00+00:00,2502.74,2508.72,2501.17,2505.86,3733.4538
2025-06-01 09:00:00+00:00,2505.87,2510.69,2491.66,2494.23,11899.85
2025-06-01 09:30:00+00:00,2494.23,2494.57,2477.77,2492.26,15680.4734
2025-06-01 10:00:00+00:00,2492.27,2496.8,2486.7,2494.46,6465.1599
2025-06-01 10:30:00+00:00,2494.46,2495.23,2487.18,2493.6,3466.7772
2025-06-01 11:00:00+00:00,2493.6,2501.77,2491.2,2499.69,4157.698
2025-06-01 11:30:00+00:00,2499.69,2502.84,2495.86,2497.35,3233.5458
2025-06-01 12:00:00+00:00,2497.35,2501.47,2489.73,2493.17,4624.9705
2025-06-01 12:30:00+00:00,2493.17,2494.0,2468.56,2484.17,13339.5424
2025-06-01 13:00:00+00:00,2484.18,2496.8,2480.44,2491.12,6252.7253
2025-06-01 13:30:00+00:00,2491.12,2498.42,2490.44,2493.84,5638.3045
2025-06-01 14:00:00+00:00,2493.84,2514.59,2493.84,2512.29,9899.2852
2025-06-01 14:30:00+00:00,2512.3,2518.73,2508.51,2509.68,7647.3976
2025-06-01 15:00:00+00:00,2509.68,2519.88,2503.95,2517.79,6264.3251
2025-06-01 15:30:00+00:00,2517.79,2524.99,2515.6,2523.23,6213.0508
2025-06-01 16:00:00+00:00,2523.23,2542.43,2521.0,2536.83,21928.864
2025-06-01 16:30:00+00:00,2536.82,2547.79,2532.33,2538.76,9470.3635
2025-06-01 17:00:00+00:00,2538.77,2543.9,2532.7,2543.89,6193.391
2025-06-01 17:30:00+00:00,2543.89,2546.96,2537.43,2538.99,5197.4614
2025-06-01 18:00:00+00:00,2538.99,2539.0,2512.57,2515.99,12015.2433
2025-06-01 18:30:00+00:00,2516.0,2524.02,2493.49,2520.2,12126.7775
2025-06-01 19:00:00+00:00,2520.21,2526.69,2511.82,2518.79,6187.8561
2025-06-01 19:30:00+00:00,2518.8,2527.1,2517.33,2526.38,4127.3444
2025-06-01 20:00:00+00:00,2526.38,2528.29,2519.42,2527.09,3875.5641
2025-06-01 20:30:00+00:00,2527.1,2537.0,2524.11,2525.7,4614.1868
2025-06-01 21:00:00+00:00,2525.7,2536.37,2524.34,2533.34,3564.315
2025-06-01 21:30:00+00:00,2533.34,2540.91,2531.96,2539.4,6116.2471
2025-06-01 22:00:00+00:00,2539.39,2547.59,2535.35,2536.79,8687.9092
2025-06-01 22:30:00+00:00,2536.8,2539.99,2532.76,2535.28,4847.8239
2025-06-01 23:00:00+00:00,2535.28,2545.25,2534.49,2538.0,5702.2004
2025-06-01 23:30:00+00:00,2538.0,2542.45,2533.2,2539.21,4671.2321
2025-06-02 00:00:00+00:00,2539.2,2540.66,2528.39,2530.41,8185.5958
2025-06-02 00:30:00+00:00,2530.41,2534.72,2526.51,2534.32,6334.6514
2025-06-02 01:00:00+00:00,2534.32,2541.71,2529.49,2530.99,5339.5136
2025-06-02 01:30:00+00:00,2530.99,2532.3,2525.05,2526.23,4407.5898
2025-06-02 02:00:00+00:00,2526.23,2527.5,2513.64,2519.77,7174.5275
2025-06-02 02:30:00+00:00,2519.77,2522.8,2507.6,2508.53,6927.2717
2025-06-02 03:00:00+00:00,2508.54,2510.24,2485.65,2494.16,14965.6788
2025-06-02 03:30:00+00:00,2494.15,2503.26,2490.29,2496.31,8729.8515
2025-06-02 04:00:00+00:00,2496.3,2501.41,2492.83,2496.72,4119.4302
2025-06-02 04:30:00+00:00,2496.71,2501.6,2487.7,2492.59,5695.9983
2025-06-02 05:00:00+00:00,2492.59,2497.24,2486.68,2494.63,4688.5208
2025-06-02 05:30:00+00:00,2494.62,2494.91,2483.37,2492.91,4995.3229
2025-06-02 06:00:00+00:00,2492.9,2499.77,2485.0,2494.41,8033.8266
2025-06-02 06:30:00+00:00,2494.42,2500.0,2488.1,2494.79,5859.2876
2025-06-02 07:00:00+00:00,2494.8,2513.97,2494.8,2502.99,7676.8234
2025-06-02 07:30:00+00:00,2502.99,2509.0,2500.0,2506.94,5686.6232
2025-06-02 08:00:00+00:00,2506.94,2514.84,2503.4,2513.2,7111.1751
2025-06-02 08:30:00+00:00,2513.21,2515.92,2490.1,2494.58,8731.0028
2025-06-02 09:00:00+00:00,2494.57,2494.94,2478.0,2483.8,17909.7236
2025-06-02 09:30:00+00:00,2483.79,2490.0,2475.0,2481.52,10978.0161
2025-06-02 10:00:00+00:00,2481.52,2489.78,2476.4,2482.4,11151.0812
2025-06-02 10:30:00+00:00,2482.4,2485.77,2477.39,2482.1,5198.2837
2025-06-02 11:00:00+00:00,2482.1,2488.7,2478.0,2483.0,6022.5019
2025-06-02 11:30:00+00:00,2483.0,2486.39,2475.72,2480.94,5268.1533
2025-06-02 12:00:00+00:00,2480.93,2485.6,2477.88,2484.0,5608.3411
2025-06-02 12:30:00+00:00,2484.0,2498.39,2482.74,2497.69,9817.7093
2025-06-02 13:00:00+00:00,2497.69,2502.7,2487.35,2500.22,7032.4087
2025-06-02 13:30:00+00:00,2500.22,2519.99,2496.07,2504.67,18105.8183
2025-06-02 14:00:00+00:00,2504.67,2540.79,2495.82,2530.99,26791.3956
2025-06-02 14:30:00+00:00,2530.99,2537.34,2516.9,2531.4,17420.3336
2025-06-02 15:00:00+00:00,2531.4,2556.74,2523.36,2539.44,21417.1313
2025-06-02 15:30:00+00:00,2539.45,2547.75,2533.93,2544.39,11441.4344
2025-06-02 16:00:00+00:00,2544.39,2545.92,2529.7,2534.0,10154.6276
2025-06-02 16:30:00+00:00,2533.99,2553.9,2532.07,2546.78,9207.6286
2025-06-02 17:00:00+00:00,2546.78,2552.99,2538.8,2544.34,10845.5831
2025-06-02 17:30:00+00:00,2544.33,2552.5,2538.56,2549.74,7586.4869
2025-06-02 18:00:00+00:00,2549.74,2565.56,2544.06,2557.15,15695.8089
2025-06-02 18:30:00+00:00,2557.15,2557.86,2538.0,2544.47,11267.1736
2025-06-02 19:00:00+00:00,2544.48,2549.4,2534.08,2538.27,11556.3483
2025-06-02 19:30:00+00:00,2538.27,2538.85,2524.8,2532.44,7797.9736
2025-06-02 20:00:00+00:00,2532.45,2547.9,2532.2,2541.99,7638.3975
2025-06-02 20:30:00+00:00,2541.99,2543.75,2535.78,2539.74,3683.4936
2025-06-02 21:00:00+00:00,2539.74,2547.99,2539.74,2546.44,4034.2736
2025-06-02 21:30:00+00:00,2546.43,2561.34,2544.01,2560.55,8429.2445
2025-06-02 22:00:00+00:00,2560.55,2584.42,2560.22,2580.82,16852.3544
2025-06-02 22:30:00+00:00,2580.83,2585.0,2574.63,2584.57,10007.4533
2025-06-02 23:00:00+00:00,2584.58,2609.53,2582.7,2607.01,21939.9126
2025-06-02 23:30:00+00:00,2607.0,2615.0,2601.24,2607.41,13368.1905
2025-06-03 00:00:00+00:00,2607.42,2623.13,2601.63,2615.21,25167.1123
2025-06-03 00:30:00+00:00,2615.22,2626.5,2615.21,2621.91,10999.2229
2025-06-03 01:00:00+00:00,2621.91,2628.71,2616.1,2625.77,10569.6428
2025-06-03 01:30:00+00:00,2625.78,2649.91,2625.49,2646.1,22582.1872
2025-06-03 02:00:00+00:00,2646.11,2648.0,2630.59,2630.92,15282.8078
2025-06-03 02:30:00+00:00,2630.92,2634.83,2613.0,2616.21,16562.4662
2025-06-03 03:00:00+00:00,2616.21,2619.75,2594.31,2595.5,19577.364
2025-06-03 03:30:00+00:00,2595.49,2606.25,2589.3,2603.39,10289.8289
2025-06-03 04:00:00+00:00,2603.38,2605.0,2593.19,2598.6,7582.065
2025-06-03 04:30:00+00:00,2598.59,2600.5,2589.91,2591.99,6973.1419
2025-06-03 05:00:00+00:00,2591.99,2605.01,2591.66,2603.66,7744.3407
2025-06-03 05:30:00+00:00,2603.66,2617.72,2601.81,2614.76,7772.9219
2025-06-03 06:00:00+00:00,2614.75,2614.77,2604.46,2606.4,4114.7336
2025-06-03 06:30:00+00:00,2606.4,2618.93,2605.0,2618.54,5477.7586
2025-06-03 07:00:00+00:00,2618.55,2620.75,2608.09,2610.31,6608.907
2025-06-03 07:30:00+00:00,2610.3,2616.38,2607.76,2609.99,4894.0966
2025-06-03 08:00:00+00:00,2610.0,2611.24,2594.79,2605.21,9554.4009
2025-06-03 08:30:00+00:00,2605.21,2609.25,2595.92,2607.29,8581.5109
2025-06-03 09:00:00+00:00,2607.29,2609.0,2601.45,2602.19,6415.302
2025-06-03 09:30:00+00:00,2602.2,2619.14,2601.46,2614.49,6648.3054
2025-06-03 10:00:00+00:00,2614.5,2618.75,2612.0,2616.73,4846.4825
2025-06-03 10:30:00+00:00,2616.73,2620.34,2610.0,2611.46,7350.8383
2025-06-03 11:00:00+00:00,2611.46,2616.93,2605.67,2608.41,6162.0227
2025-06-03 11:30:00+00:00,2608.42,2610.37,2600.72,2601.78,3290.6772
2025-06-03 12:00:00+00:00,2601.78,2608.7,2598.02,2607.11,7408.3809
2025-06-03 12:30:00+00:00,2607.11,2613.43,2602.99,2609.76,5933.7806
2025-06-03 13:00:00+00:00,2609.76,2627.79,2609.76,2621.5,11722.6024
2025-06-03 13:30:00+00:00,2621.5,2632.82,2607.09,2626.81,14553.1546
2025-06-03 14:00:00+00:00,2626.81,2637.37,2613.8,2633.02,12307.0323
2025-06-03 14:30:00+00:00,2633.02,2655.38,2627.0,2648.6,19808.1706
2025-06-03 15:00:00+00:00,2648.59,2651.51,2634.79,2642.58,15408.2719
2025-06-03 15:30:00+00:00,2642.59,2644.08,2616.66,2623.58,15070.5423
2025-06-03 16:00:00+00:00,2623.58,2625.24,2608.61,2610.44,10339.5682
2025-06-03 16:30:00+00:00,2610.44,2618.6,2602.56,2605.41,12071.5525
2025-06-03 17:00:00+00:00,2605.42,2627.39,2603.3,2623.77,11350.5094
2025-06-03 17:30:00+00:00,2623.77,2624.5,2614.61,2619.11,5831.2312
2025-06-03 18:00:00+00:00,2619.12,2619.5,2607.2,2614.0,6173.2851
2025-06-03 18:30:00+00:00,2614.01,2620.67,2610.5,2618.41,3616.2284
2025-06-03 19:00:00+00:00,2618.42,2628.57,2618.41,2626.31,4112.2741
2025-06-03 19:30:00+00:00,2626.3,2626.3,2615.11,2625.16,6179.4606
2025-06-03 20:00:00+00:00,2625.19,2625.61,2603.91,2604.32,7767.707
2025-06-03 20:30:00+00:00,2604.33,2619.46,2594.4,2614.99,8635.2567
2025-06-03 21:00:00+00:00,2615.0,2616.74,2601.05,2611.7,6418.7665
2025-06-03 21:30:00+00:00,2611.71,2615.47,2575.0,2589.22,13639.3045
2025-06-03 22:00:00+00:00,2589.23,2600.95,2586.53,2600.68,6023.2092
2025-06-03 22:30:00+00:00,2600.67,2610.17,2598.98,2604.5,4681.7581
2025-06-03 23:00:00+00:00,2604.5,2604.9,2590.79,2593.99,4765.6009
2025-06-03 23:30:00+00:00,2593.99,2597.64,2586.56,2593.36,5517.2586
2025-06-04 00:00:00+00:00,2593.35,2603.0,2591.27,2594.9,6298.2369
2025-06-04 00:30:00+00:00,2594.89,2599.65,2583.5,2598.99,7077.3056
2025-06-04 01:00:00+00:00,2599.0,2622.77,2598.64,2615.89,9270.3402
2025-06-04 01:30:00+00:00,2615.89,2616.3,2604.37,2612.29,6092.4652
2025-06-04 02:00:00+00:00,2612.3,2620.99,2611.2,2614.72,4959.9546
2025-06-04 02:30:00+00:00,2614.73,2616.07,2610.01,2612.24,3905.9775
2025-06-04 03:00:00+00:00,2612.25,2640.83,2610.0,2634.16,14305.7927
2025-06-04 03:30:00+00:00,2634.16,2640.57,2625.99,2627.9,9888.8475
2025-06-04 04:00:00+00:00,2627.89,2633.29,2623.15,2628.99,7121.4555
2025-06-04 04:30:00+00:00,2628.99,2638.15,2622.79,2637.26,6674.8083
2025-06-04 05:00:00+00:00,2637.26,2644.77,2620.07,2622.41,20384.9168
2025-06-04 05:30:00+00:00,2622.41,2629.14,2619.3,2624.7,10904.469
2025-06-04 06:00:00+00:00,2624.71,2630.8,2621.38,2625.69,4666.1758
2025-06-04 06:30:00+00:00,2625.69,2634.45,2622.63,2629.32,4611.3226
2025-06-04 07:00:00+00:00,2629.32,2634.0,2622.45,2627.1,5542.8401
2025-06-04 07:30:00+00:00,2627.1,2629.29,2623.76,2627.74,3032.1633
2025-06-04 08:00:00+00:00,2627.75,2646.05,2627.74,2639.25,11189.2104
2025-06-04 08:30:00+00:00,2639.25,2643.0,2639.0,2640.99,4730.0334
2025-06-04 09:00:00+00:00,2641.0,2644.0,2630.2,2636.02,8186.1286
2025-06-04 09:30:00+00:00,2636.03,2647.77,2631.36,2643.43,7489.1841
2025-06-04 10:00:00+00:00,2643.43,2650.0,2638.04,2638.95,9914.2708
2025-06-04 10:30:00+00:00,2638.94,2640.85,2635.2,2638.45,4914.0738
2025-06-04 11:00:00+00:00,2638.44,2644.88,2629.24,2632.81,7086.6942
2025-06-04 11:30:00+00:00,2632.82,2632.82,2624.0,2624.4,9959.3248
2025-06-04 12:00:00+00:00,2624.41,2638.68,2615.84,2619.65,25533.0165
2025-06-04 12:30:00+00:00,2619.64,2626.9,2614.51,2616.73,11571.8653
2025-06-04 13:00:00+00:00,2616.74,2621.35,2607.8,2614.24,13621.0261
2025-06-04 13:30:00+00:00,2614.25,2628.72,2613.49,2614.78,10222.943
2025-06-04 14:00:00+00:00,2614.77,2618.75,2594.49,2612.72,29954.7568
2025-06-04 14:30:00+00:00,2612.72,2641.7,2610.98,2640.38,16005.9293
2025-06-04 15:00:00+00:00,2640.38,2661.01,2633.76,2649.63,31179.7527
2025-06-04 15:30:00+00:00,2649.62,2679.88,2643.1,2667.93,34611.9959
2025-06-04 16:00:00+00:00,2667.92,2669.59,2650.02,2650.45,21624.6406
2025-06-04 16:30:00+00:00,2650.45,2661.17,2648.47,2660.0,9294.2357
2025-06-04 17:00:00+00:00,2660.0,2660.01,2641.22,2642.42,9056.553
2025-06-04 17:30:00+00:00,2642.41,2642.42,2631.26,2635.07,13481.0047
2025-06-04 18:00:00+00:00,2635.07,2642.24,2633.24,2636.5,6589.7212
2025-06-04 18:30:00+00:00,2636.5,2639.5,2625.55,2629.11,6078.8694
2025-06-04 19:00:00+00:00,2629.11,2631.59,2622.97,2624.37,5992.9927
2025-06-04 19:30:00+00:00,2624.36,2633.21,2622.22,2623.72,5189.5785
2025-06-04 20:00:00+00:00,2623.72,2625.1,2601.03,2613.38,15125.2593
2025-06-04 20:30:00+00:00,2613.39,2614.5,2599.11,2605.67,10190.2652
2025-06-04 21:00:00+00:00,2605.67,2614.3,2599.6,2610.0,6337.4576
2025-06-04 21:30:00+00:00,2610.01,2623.59,2608.5,2618.75,7805.9081
2025-06-04 22:00:00+00:00,2618.75,2621.46,2605.6,2607.37,7381.3041
2025-06-04 22:30:00+00:00,2607.37,2613.77,2604.0,2605.6,6961.7828
2025-06-04 23:00:00+00:00,2605.6,2616.67,2599.54,2606.6,6803.8352
2025-06-04 23:30:00+00:00,2606.6,2612.5,2603.7,2607.68,3674.136
2025-06-05 00:00:00+00:00,2607.68,2612.72,2601.25,2608.49,4973.0799
2025-06-05 00:30:00+00:00,2608.5,2614.58,2604.0,2611.7,5641.3189
2025-06-05 01:00:00+00:00,2611.71,2615.91,2606.99,2608.98,3791.9353
2025-06-05 01:30:00+00:00,2608.98,2609.8,2604.57,2608.47,3468.269
2025-06-05 02:00:00+00:00,2608.49,2619.75,2608.49,2613.27,4773.08
2025-06-05 02:30:00+00:00,2613.27,2628.64,2613.26,2620.07,9021.0334
2025-06-05 03:00:00+00:00,2620.07,2628.0,2617.31,2623.96,3778.2808
2025-06-05 03:30:00+00:00,2623.95,2632.47,2621.39,2624.99,5229.0669
2025-06-05 04:00:00+00:00,2625.0,2632.76,2620.99,2628.6,7485.262
2025-06-05 04:30:00+00:00,2628.6,2634.46,2627.31,2630.37,5087.8273
2025-06-05 05:00:00+00:00,2630.37,2631.54,2619.49,2621.49,5623.4471
2025-06-05 05:30:00+00:00,2621.49,2621.49,2608.47,2613.11,9098.9
2025-06-05 06:00:00+00:00,2613.11,2617.84,2606.49,2617.23,6098.7439
2025-06-05 06:30:00+00:00,2617.23,2618.02,2602.5,2604.33,11542.6972
2025-06-05 07:00:00+00:00,2604.33,2615.09,2604.33,2612.71,7057.7373
2025-06-05 07:30:00+00:00,2612.71,2613.04,2601.08,2604.08,9530.266
2025-06-05 08:00:00+00:00,2604.09,2610.5,2597.91,2608.61,7265.2481
2025-06-05 08:30:00+00:00,2608.61,2610.01,2601.58,2605.42,5458.6268
2025-06-05 09:00:00+00:00,2605.42,2610.13,2602.08,2605.13,6640.1399
2025-06-05 09:30:00+00:00,2605.13,2610.41,2603.4,2609.69,4030.3035
2025-06-05 10:00:00+00:00,2609.68,2613.72,2601.89,2602.76,4747.9588
2025-06-05 10:30:00+00:00,2602.76,2605.5,2580.88,2596.69,20594.6537
2025-06-05 11:00:00+00:00,2596.69,2605.1,2593.5,2603.73,5854.7035
2025-06-05 11:30:00+00:00,2603.74,2609.5,2603.71,2608.01,5247.2063
2025-06-05 12:00:00+00:00,2608.01,2628.7,2605.59,2626.06,18045.2894
2025-06-05 12:30:00+00:00,2626.05,2640.86,2620.0,2631.66,17267.2672
2025-06-05 13:00:00+00:00,2631.65,2635.69,2621.15,2629.33,19057.8946
2025-06-05 13:30:00+00:00,2629.34,2630.8,2580.0,2589.87,33220.0536
2025-06-05 14:00:00+00:00,2589.87,2595.28,2562.85,2582.5,41652.1578
2025-06-05 14:30:00+00:00,2582.5,2615.7,2571.61,2587.78,32666.3928
2025-06-05 15:00:00+00:00,2587.78,2602.49,2582.0,2600.4,13643.1364
2025-06-05 15:30:00+00:00,2600.39,2601.76,2588.3,2589.43,6560.2459
2025-06-05 16:00:00+00:00,2589.44,2591.59,2557.36,2564.89,26070.1866
2025-06-05 16:30:00+00:00,2564.89,2572.27,2552.91,2559.38,25391.6828
2025-06-05 17:00:00+00:00,2559.39,2577.47,2558.61,2572.12,13286.2956
2025-06-05 17:30:00+00:00,2572.11,2574.87,2563.08,2570.2,5343.9113
2025-06-05 18:00:00+00:00,2570.19,2578.57,2554.32,2577.56,11881.2656
2025-06-05 18:30:00+00:00,2577.57,2583.99,2572.75,2576.3,10347.3394
2025-06-05 19:00:00+00:00,2576.3,2578.3,2506.4,2540.21,45450.9226
2025-06-05 19:30:00+00:00,2540.2,2550.7,2526.3,2528.96,19364.4981
2025-06-05 20:00:00+00:00,2528.96,2535.7,2439.1,2473.72,66851.7216
2025-06-05 20:30:00+00:00,2473.73,2475.09,2393.47,2398.9,87827.1572
2025-06-05 21:00:00+00:00,2398.91,2429.98,2391.66,2419.51,50102.7441
2025-06-05 21:30:00+00:00,2419.51,2449.16,2414.66,2437.29,29229.0409
2025-06-05 22:00:00+00:00,2437.29,2437.3,2409.64,2418.1,24624.5323
2025-06-05 22:30:00+00:00,2418.09,2436.0,2416.9,2430.15,16271.3375
2025-06-05 23:00:00+00:00,2430.16,2436.09,2418.84,2422.12,17437.345
2025-06-05 23:30:00+00:00,2422.11,2426.39,2411.3,2414.01,15305.8305
2025-06-06 00:00:00+00:00,2414.02,2417.34,2381.49,2409.89,38612.6947
2025-06-06 00:30:00+00:00,2409.89,2428.38,2409.2,2426.41,23871.3638
2025-06-06 01:00:00+00:00,2426.42,2429.05,2417.25,2422.9,9597.5372
2025-06-06 01:30:00+00:00,2422.91,2428.96,2416.68,2421.7,12947.7066
2025-06-06 02:00:00+00:00,2421.7,2424.8,2402.99,2406.5,18952.8394
2025-06-06 02:30:00+00:00,2406.5,2436.48,2402.7,2435.4,20233.4599
2025-06-06 03:00:00+00:00,2435.4,2445.2,2428.0,2443.19,13640.0016
2025-06-06 03:30:00+00:00,2443.19,2457.12,2441.26,2455.71,15143.9678
2025-06-06 04:00:00+00:00,2455.7,2458.4,2447.23,2450.91,13170.0859
2025-06-06 04:30:00+00:00,2450.9,2463.8,2448.5,2458.92,10999.2443
2025-06-06 05:00:00+00:00,2458.93,2465.6,2448.0,2450.69,13719.398
2025-06-06 05:30:00+00:00,2450.69,2462.06,2446.68,2459.88,6354.2766
2025-06-06 06:00:00+00:00,2459.89,2468.55,2450.0,2457.22,12649.1169
2025-06-06 06:30:00+00:00,2457.22,2463.5,2456.88,2457.95,7627.7485
2025-06-06 07:00:00+00:00,2457.96,2466.9,2457.28,2463.19,10693.4625
2025-06-06 07:30:00+00:00,2463.18,2463.18,2451.0,2455.64,14595.1497
2025-06-06 08:00:00+00:00,2455.64,2466.09,2454.01,2463.25,7092.2247
2025-06-06 08:30:00+00:00,2463.25,2465.97,2457.28,2461.3,6956.7358
2025-06-06 09:00:00+00:00,2461.29,2482.27,2459.82,2473.66,12046.7624
2025-06-06 09:30:00+00:00,2473.66,2476.33,2467.79,2468.53,9104.2764
2025-06-06 10:00:00+00:00,2468.53,2487.0,2468.5,2481.01,9934.2797
2025-06-06 10:30:00+00:00,2481.0,2485.9,2477.37,2481.8,8861.3309
2025-06-06 11:00:00+00:00,2481.8,2493.82,2479.8,2484.23,9407.9263
2025-06-06 11:30:00+00:00,2484.24,2484.93,2472.4,2476.15,10669.5894
2025-06-06 12:00:00+00:00,2476.15,2480.39,2473.41,2478.52,8174.9101
2025-06-06 12:30:00+00:00,2478.52,2500.0,2466.45,2475.48,31849.8765
2025-06-06 13:00:00+00:00,2475.48,2489.11,2475.48,2482.7,11571.7658
2025-06-06 13:30:00+00:00,2482.7,2519.9,2480.75,2503.11,27699.4632
2025-06-06 14:00:00+00:00,2503.11,2514.81,2494.98,2507.49,14488.409
2025-06-06 14:30:00+00:00,2507.49,2524.21,2501.2,2518.85,14905.0954
2025-06-06 15:00:00+00:00,2518.84,2531.36,2506.46,2508.51,21219.7434
2025-06-06 15:30:00+00:00,2508.5,2512.66,2496.2,2509.63,18572.9619
2025-06-06 16:00:00+00:00,2509.62,2518.38,2504.47,2507.96,13003.0878
2025-06-06 16:30:00+00:00,2507.96,2513.62,2492.49,2497.5,12438.6343
2025-06-06 17:00:00+00:00,2497.5,2498.57,2484.43,2489.58,12516.1235
2025-06-06 17:30:00+00:00,2489.58,2501.51,2483.22,2499.5,9966.7642
2025-06-06 18:00:00+00:00,2499.51,2503.9,2488.65,2490.17,5238.8712
2025-06-06 18:30:00+00:00,2490.17,2497.13,2488.92,2495.08,5275.0285
2025-06-06 19:00:00+00:00,2495.08,2502.2,2489.27,2489.94,5504.0594
2025-06-06 19:30:00+00:00,2489.93,2495.55,2483.98,2484.02,6743.6776
2025-06-06 20:00:00+00:00,2484.02,2496.49,2482.2,2494.47,5470.0537
2025-06-06 20:30:00+00:00,2494.48,2507.06,2493.12,2499.71,5043.424
2025-06-06 21:00:00+00:00,2499.71,2499.94,2487.43,2490.99,4729.9959
2025-06-06 21:30:00+00:00,2490.99,2499.12,2490.6,2491.52,5507.6867
2025-06-06 22:00:00+00:00,2491.52,2493.47,2482.3,2488.81,4951.4658
2025-06-06 22:30:00+00:00,2488.8,2488.8,2477.26,2482.62,8021.6741
2025-06-06 23:00:00+00:00,2482.61,2483.13,2472.71,2478.8,4969.1118
2025-06-06 23:30:00+00:00,2478.81,2482.08,2474.8,2476.1,4100.4346
2025-06-07 00:00:00+00:00,2476.1,2477.94,2457.0,2467.11,13794.5697
2025-06-07 00:30:00+00:00,2467.12,2482.59,2466.6,2480.81,7678.5004
2025-06-07 01:00:00+00:00,2480.8,2481.18,2471.01,2471.06,5294.9407
2025-06-07 01:30:00+00:00,2471.06,2474.67,2466.5,2471.3,4011.4803
2025-06-07 02:00:00+00:00,2471.3,2475.6,2468.35,2473.2,3043.9975
2025-06-07 02:30:00+00:00,2473.21,2482.0,2470.78,2479.99,5102.1559
2025-06-07 03:00:00+00:00,2479.98,2492.68,2477.51,2490.21,8021.5514
2025-06-07 03:30:00+00:00,2490.2,2493.47,2486.42,2488.98,6121.0598
2025-06-07 04:00:00+00:00,2488.99,2489.5,2482.6,2483.79,3771.7233
2025-06-07 04:30:00+00:00,2483.8,2490.95,2480.0,2490.04,5000.3732
2025-06-07 05:00:00+00:00,2490.04,2490.42,2485.5,2489.01,2603.3871
2025-06-07 05:30:00+00:00,2489.01,2497.0,2486.9,2494.0,11158.8106
2025-06-07 06:00:00+00:00,2494.0,2494.56,2484.42,2484.64,7313.6213
2025-06-07 06:30:00+00:00,2484.64,2501.47,2484.64,2501.34,7163.5442
2025-06-07 07:00:00+00:00,2501.34,2502.0,2487.5,2492.23,6675.305
2025-06-07 07:30:00+00:00,2492.22,2495.9,2489.3,2491.28,2609.993
2025-06-07 08:00:00+00:00,2491.27,2492.23,2484.86,2488.69,2758.5386
2025-06-07 08:30:00+00:00,2488.68,2489.1,2482.11,2483.87,2882.4264
2025-06-07 09:00:00+00:00,2483.88,2490.41,2483.2,2488.9,2773.2042
2025-06-07 09:30:00+00:00,2488.91,2489.4,2484.6,2485.8,1402.4856
2025-06-07 10:00:00+00:00,2485.8,2495.46,2484.61,2494.68,5726.6778
2025-06-07 10:30:00+00:00,2494.69,2496.94,2488.5,2495.01,4526.3827
2025-06-07 11:00:00+00:00,2495.01,2500.7,2492.82,2497.2,4855.5196
2025-06-07 11:30:00+00:00,2497.21,2501.4,2493.43,2495.75,4243.7743
2025-06-07 12:00:00+00:00,2495.76,2498.9,2493.57,2498.31,3452.4948
2025-06-07 12:30:00+00:00,2498.31,2507.28,2496.61,2497.85,9409.3502
2025-06-07 13:00:00+00:00,2497.85,2510.16,2492.81,2505.26,8886.9134
2025-06-07 13:30:00+00:00,2505.26,2514.48,2503.0,2507.4,6911.174
2025-06-07 14:00:00+00:00,2507.4,2513.24,2505.0,2508.35,6559.6619
2025-06-07 14:30:00+00:00,2508.34,2518.31,2508.34,2515.65,6842.0888
2025-06-07 15:00:00+00:00,2515.66,2523.61,2515.57,2517.67,9235.0642
2025-06-07 15:30:00+00:00,2517.67,2520.0,2513.0,2519.75,5065.9011
2025-06-07 16:00:00+00:00,2519.75,2525.79,2516.11,2517.11,8486.5277
2025-06-07 16:30:00+00:00,2517.11,2517.3,2508.54,2510.18,8456.1604
2025-06-07 17:00:00+00:00,2510.17,2513.64,2508.26,2512.07,3661.4713
2025-06-07 17:30:00+00:00,2512.07,2513.44,2506.69,2508.01,4754.0256
2025-06-07 18:00:00+00:00,2508.0,2523.45,2507.41,2520.9,4365.6314
2025-06-07 18:30:00+00:00,2520.9,2522.8,2511.63,2516.98,4610.5176
2025-06-07 19:00:00+00:00,2516.99,2523.8,2516.65,2522.73,3268.0367
2025-06-07 19:30:00+00:00,2522.73,2523.67,2516.58,2517.31,3422.1644
2025-06-07 20:00:00+00:00,2517.3,2525.56,2517.3,2523.61,4057.7349
2025-06-07 20:30:00+00:00,2523.61,2523.61,2518.68,2521.97,2570.5475
2025-06-07 21:00:00+00:00,2521.97,2522.53,2518.26,2520.51,2029.4953
2025-06-07 21:30:00+00:00,2520.51,2523.58,2519.71,2522.13,1778.0873
2025-06-07 22:00:00+00:00,2522.13,2523.9,2519.59,2523.69,3520.3322
2025-06-07 22:30:00+00:00,2523.69,2544.36,2522.2,2535.4,16454.826
2025-06-07 23:00:00+00:00,2535.4,2536.06,2524.6,2526.21,4996.8789
2025-06-07 23:30:00+00:00,2526.21,2529.0,2522.03,2524.63,3458.5661
2025-06-08 00:00:00+00:00,2524.64,2525.08,2517.08,2520.71,5574.5972
2025-06-08 00:30:00+00:00,2520.7,2525.92,2514.4,2517.51,5530.0355
2025-06-08 01:00:00+00:00,2517.5,2517.5,2511.1,2512.98,6361.9395
2025-06-08 01:30:00+00:00,2512.98,2521.52,2511.8,2518.87,3726.7853
2025-06-08 02:00:00+00:00,2518.87,2518.88,2512.28,2513.5,3898.2855
2025-06-08 02:30:00+00:00,2513.49,2516.33,2511.61,2511.68,4725.3356
2025-06-08 03:00:00+00:00,2511.68,2512.3,2508.08,2510.48,4946.9398
2025-06-08 03:30:00+00:00,2510.49,2514.68,2510.43,2511.72,2455.9896
2025-06-08 04:00:00+00:00,2511.72,2512.31,2508.32,2511.93,2268.3971
2025-06-08 04:30:00+00:00,2511.92,2519.9,2511.92,2516.22,3952.6469
2025-06-08 05:00:00+00:00,2516.22,2516.41,2511.19,2515.33,2114.6444
2025-06-08 05:30:00+00:00,2515.32,2515.92,2508.38,2511.41,3374.874
2025-06-08 06:00:00+00:00,2511.41,2516.47,2511.01,2513.93,2172.7451
2025-06-08 06:30:00+00:00,2513.94,2517.49,2512.64,2512.81,2991.7127
2025-06-08 07:00:00+00:00,2512.81,2515.8,2512.31,2514.56,2223.4566
2025-06-08 07:30:00+00:00,2514.57,2516.4,2511.22,2514.45,1659.131
2025-06-08 08:00:00+00:00,2514.45,2521.13,2514.45,2515.44,4308.3281
2025-06-08 08:30:00+00:00,2515.44,2519.28,2515.2,2516.36,3100.0027
2025-06-08 09:00:00+00:00,2516.37,2517.3,2490.58,2499.4,16281.9387
2025-06-08 09:30:00+00:00,2499.4,2501.97,2495.63,2497.48,8454.24
2025-06-08 10:00:00+00:00,2497.48,2498.9,2492.0,2493.5,6989.9637
2025-06-08 10:30:00+00:00,2493.5,2504.2,2493.5,2503.04,6598.4128
2025-06-08 11:00:00+00:00,2503.04,2515.2,2503.0,2511.2,6488.5274
2025-06-08 11:30:00+00:00,2511.2,2517.0,2510.11,2513.51,4390.0575
2025-06-08 12:00:00+00:00,2513.5,2514.45,2506.86,2508.5,4641.9255
2025-06-08 12:30:00+00:00,2508.49,2510.61,2500.21,2507.69,5050.8507
2025-06-08 13:00:00+00:00,2507.7,2509.78,2505.8,2509.78,2764.2787
2025-06-08 13:30:00+00:00,2509.77,2527.35,2507.05,2508.78,11639.1171
2025-06-08 14:00:00+00:00,2508.78,2516.47,2503.53,2509.99,5500.8314
2025-06-08 14:30:00+00:00,2509.99,2515.0,2506.27,2514.45,3540.6828
2025-06-08 15:00:00+00:00,2514.45,2521.61,2513.09,2516.32,5026.487
2025-06-08 15:30:00+00:00,2516.31,2516.67,2511.68,2514.44,2599.7538
2025-06-08 16:00:00+00:00,2514.44,2526.25,2512.62,2522.0,6826.9168
2025-06-08 16:30:00+00:00,2522.01,2529.93,2521.26,2527.91,7099.9258
2025-06-08 17:00:00+00:00,2527.9,2534.56,2524.74,2527.69,8281.1045
2025-06-08 17:30:00+00:00,2527.69,2531.1,2522.35,2523.2,4761.714
2025-06-08 18:00:00+00:00,2523.2,2533.17,2518.85,2530.5,7978.4609
2025-06-08 18:30:00+00:00,2530.5,2532.74,2527.1,2532.23,6339.5275
2025-06-08 19:00:00+00:00,2532.23,2540.5,2532.22,2535.9,8415.8011
2025-06-08 19:30:00+00:00,2535.9,2536.01,2529.17,2532.56,4492.7777
2025-06-08 20:00:00+00:00,2532.56,2537.68,2529.61,2535.06,3857.585
2025-06-08 20:30:00+00:00,2535.06,2535.49,2529.6,2531.19,3854.1774
2025-06-08 21:00:00+00:00,2531.18,2536.75,2531.18,2534.23,2556.4624
2025-06-08 21:30:00+00:00,2534.23,2548.63,2532.06,2538.19,5393.2252
2025-06-08 22:00:00+00:00,2538.2,2540.19,2515.32,2518.21,13022.2844
2025-06-08 22:30:00+00:00,2518.21,2520.47,2500.0,2507.99,17052.9057
2025-06-08 23:00:00+00:00,2507.99,2513.51,2500.83,2508.89,7603.5125
2025-06-08 23:30:00+00:00,2508.89,2512.0,2506.0,2509.83,3585.4193
2025-06-09 00:00:00+00:00,2509.84,2511.79,2500.0,2506.36,7673.1025
2025-06-09 00:30:00+00:00,2506.36,2511.17,2495.0,2505.2,10103.5377
2025-06-09 01:00:00+00:00,2505.2,2505.3,2495.68,2504.0,7636.6014
2025-06-09 01:30:00+00:00,2504.0,2504.94,2491.53,2494.9,5357.0101
2025-06-09 02:00:00+00:00,2494.9,2504.31,2491.56,2500.17,5490.3956
2025-06-09 02:30:00+00:00,2500.17,2500.17,2489.68,2492.63,7281.5213
2025-06-09 03:00:00+00:00,2492.64,2493.9,2482.15,2489.79,11937.7891
2025-06-09 03:30:00+00:00,2489.78,2498.02,2486.77,2496.86,8588.9283
2025-06-09 04:00:00+00:00,2496.85,2496.85,2489.44,2490.79,4791.5427
2025-06-09 04:30:00+00:00,2490.79,2492.0,2484.2,2485.2,5643.5884
2025-06-09 05:00:00+00:00,2485.21,2491.68,2482.14,2486.5,5209.4003
2025-06-09 05:30:00+00:00,2486.51,2486.51,2477.76,2480.88,6741.7713
2025-06-09 06:00:00+00:00,2480.88,2487.7,2477.73,2486.36,5317.687
2025-06-09 06:30:00+00:00,2486.37,2493.7,2486.37,2493.5,3268.6566
2025-06-09 07:00:00+00:00,2493.5,2493.5,2483.45,2485.65,4502.3279
2025-06-09 07:30:00+00:00,2485.66,2492.36,2485.65,2491.77,3090.8639
2025-06-09 08:00:00+00:00,2491.77,2496.45,2484.47,2487.17,4139.0379
2025-06-09 08:30:00+00:00,2487.18,2497.16,2485.01,2495.38,4689.2476
2025-06-09 09:00:00+00:00,2495.38,2498.64,2491.04,2498.55,5569.1907
2025-06-09 09:30:00+00:00,2498.54,2522.49,2497.6,2509.29,20937.0743
2025-06-09 10:00:00+00:00,2509.3,2535.63,2508.0,2532.2,24334.3878
2025-06-09 10:30:00+00:00,2532.2,2540.63,2528.78,2534.86,17972.5836
2025-06-09 11:00:00+00:00,2534.86,2540.71,2529.59,2539.43,13373.0085
2025-06-09 11:30:00+00:00,2539.43,2547.17,2534.67,2541.79,14656.1293
2025-06-09 12:00:00+00:00,2541.78,2542.33,2534.51,2537.28,8336.8257
2025-06-09 12:30:00+00:00,2537.29,2548.9,2537.28,2545.41,10121.821
2025-06-09 13:00:00+00:00,2545.41,2546.17,2535.77,2536.5,9989.8243
2025-06-09 13:30:00+00:00,2536.51,2542.34,2509.94,2517.36,22155.2505
2025-06-09 14:00:00+00:00,2517.3,2534.67,2514.46,2530.54,11742.913
2025-06-09 14:30:00+00:00,2530.54,2539.7,2527.05,2530.79,8759.0663
2025-06-09 15:00:00+00:00,2530.8,2542.67,2529.8,2541.72,9401.2918
2025-06-09 15:30:00+00:00,2541.72,2543.27,2533.99,2534.11,4770.0354
2025-06-09 16:00:00+00:00,2534.11,2570.76,2534.1,2567.34,23338.4414
2025-06-09 16:30:00+00:00,2567.34,2573.0,2557.2,2558.1,14569.6481
2025-06-09 17:00:00+00:00,2558.09,2575.0,2555.88,2567.79,11593.3668
2025-06-09 17:30:00+00:00,2567.78,2577.0,2561.31,2571.69,14914.8711
2025-06-09 18:00:00+00:00,2571.69,2578.81,2568.2,2577.52,8755.6257
2025-06-09 18:30:00+00:00,2577.51,2585.87,2572.32,2584.19,11368.6168
2025-06-09 19:00:00+00:00,2584.19,2588.44,2578.11,2586.3,9201.2166
2025-06-09 19:30:00+00:00,2586.3,2590.0,2573.23,2580.59,9190.0995
2025-06-09 20:00:00+00:00,2580.58,2584.1,2575.72,2580.84,5359.7607
2025-06-09 20:30:00+00:00,2580.85,2593.27,2580.33,2589.48,7729.2457
2025-06-09 21:00:00+00:00,2589.47,2640.1,2589.47,2639.12,36970.4466
2025-06-09 21:30:00+00:00,2639.12,2650.0,2627.01,2643.41,26379.6785
2025-06-09 22:00:00+00:00,2643.42,2666.65,2641.82,2661.07,25424.1219
2025-06-09 22:30:00+00:00,2661.07,2669.42,2652.0,2665.94,20702.8684
2025-06-09 23:00:00+00:00,2665.93,2667.89,2657.85,2662.54,16307.461
2025-06-09 23:30:00+00:00,2662.54,2693.99,2661.87,2680.13,33338.4219
2025-06-10 00:00:00+00:00,2680.13,2720.0,2677.53,2717.67,46172.4737
2025-06-10 00:30:00+00:00,2717.67,2726.78,2694.44,2699.08,37572.4084
2025-06-10 01:00:00+00:00,2699.09,2714.61,2696.77,2711.61,24294.4636
2025-06-10 01:30:00+00:00,2711.6,2715.0,2703.27,2708.37,17076.5874
2025-06-10 02:00:00+00:00,2708.37,2709.5,2677.82,2686.43,24750.4611
2025-06-10 02:30:00+00:00,2686.42,2698.9,2683.6,2692.3,11213.0188
2025-06-10 03:00:00+00:00,2692.31,2694.0,2675.16,2681.46,24668.9683
2025-06-10 03:30:00+00:00,2681.46,2692.84,2676.28,2688.88,9458.2454
2025-06-10 04:00:00+00:00,2688.89,2692.0,2685.44,2687.17,7375.1249
2025-06-10 04:30:00+00:00,2687.16,2691.85,2685.66,2689.24,6075.377
2025-06-10 05:00:00+00:00,2689.25,2699.27,2673.45,2676.28,14782.5529
2025-06-10 05:30:00+00:00,2676.28,2682.59,2664.74,2670.6,19306.7058
2025-06-10 06:00:00+00:00,2670.6,2670.6,2655.61,2668.4,17380.5862
2025-06-10 06:30:00+00:00,2668.4,2680.78,2664.19,2675.99,12433.2112
2025-06-10 07:00:00+00:00,2676.0,2684.47,2666.75,2682.99,14664.6338
2025-06-10 07:30:00+00:00,2682.99,2685.46,2668.76,2677.35,13436.5815
2025-06-10 08:00:00+00:00,2677.36,2684.0,2670.0,2674.25,9512.0602
2025-06-10 08:30:00+00:00,2674.25,2683.08,2672.9,2673.71,10061.2791
2025-06-10 09:00:00+00:00,2673.7,2685.74,2672.76,2682.58,17847.8938
2025-06-10 09:30:00+00:00,2682.59,2693.52,2682.46,2692.48,13086.4522
2025-06-10 10:00:00+00:00,2692.47,2697.86,2689.0,2690.76,11435.6199
2025-06-10 10:30:00+00:00,2690.76,2695.11,2681.2,2695.11,7802.6551
2025-06-10 11:00:00+00:00,2695.1,2763.0,2688.14,2759.99,74632.625
2025-06-10 11:30:00+00:00,2760.0,2798.76,2754.66,2773.64,81362.1143
2025-06-10 12:00:00+00:00,2773.64,2778.7,2746.23,2754.98,39864.7692
2025-06-10 12:30:00+00:00,2754.97,2774.38,2750.75,2765.18,24199.7155
2025-06-10 13:00:00+00:00,2765.19,2778.32,2756.3,2756.31,23874.8428
2025-06-10 13:30:00+00:00,2756.31,2761.77,2717.6,2743.68,63056.8372
2025-06-10 14:00:00+00:00,2743.68,2753.81,2727.41,2741.73,22191.3191
2025-06-10 14:30:00+00:00,2741.74,2744.73,2729.8,2736.2,37765.5188
2025-06-10 15:00:00+00:00,2736.19,2754.38,2730.86,2733.31,19407.6434
2025-06-10 15:30:00+00:00,2733.31,2735.99,2690.0,2732.95,38126.4659
2025-06-10 16:00:00+00:00,2732.96,2748.79,2728.75,2743.23,21525.9269
2025-06-10 16:30:00+00:00,2743.24,2743.74,2729.29,2730.81,17441.755
2025-06-10 17:00:00+00:00,2730.82,2752.5,2730.81,2739.24,11241.2292
2025-06-10 17:30:00+00:00,2739.24,2747.44,2734.88,2740.68,9703.07
2025-06-10 18:00:00+00:00,2740.68,2751.05,2731.43,2749.01,9946.2622
2025-06-10 18:30:00+00:00,2749.0,2765.27,2735.39,2754.6,23001.6371
2025-06-10 19:00:00+00:00,2754.61,2779.47,2754.6,2778.4,16642.0495
2025-06-10 19:30:00+00:00,2778.39,2806.0,2756.79,2773.68,55464.5991
2025-06-10 20:00:00+00:00,2773.69,2775.14,2753.91,2759.81,20105.0136
2025-06-10 20:30:00+00:00,2759.81,2775.8,2756.99,2774.11,13925.776
2025-06-10 21:00:00+00:00,2774.1,2780.0,2734.93,2765.3,22943.4284
2025-06-10 21:30:00+00:00,2765.3,2779.94,2754.06,2772.91,17488.4263
2025-06-10 22:00:00+00:00,2772.92,2818.62,2772.8,2814.49,47493.2161
2025-06-10 22:30:00+00:00,2814.49,2827.0,2792.97,2803.62,24821.86
2025-06-10 23:00:00+00:00,2803.62,2805.83,2788.09,2798.89,18924.9234
2025-06-10 23:30:00+00:00,2798.9,2816.83,2798.04,2816.4,12847.0932
2025-06-11 00:00:00+00:00,2816.41,2834.86,2803.81,2805.78,25366.7637
2025-06-11 00:30:00+00:00,2805.77,2813.39,2792.28,2795.3,14733.619
2025-06-11 01:00:00+00:00,2795.3,2799.17,2782.96,2788.61,13782.4771
2025-06-11 01:30:00+00:00,2788.6,2789.45,2778.28,2784.7,12421.4497
2025-06-11 02:00:00+00:00,2784.7,2803.3,2779.69,2782.8,11559.8861
2025-06-11 02:30:00+00:00,2782.8,2785.5,2771.8,2781.26,10107.3646
2025-06-11 03:00:00+00:00,2781.27,2795.2,2780.51,2790.31,6832.2346
2025-06-11 03:30:00+00:00,2790.32,2797.42,2789.2,2791.06,6953.6636
2025-06-11 04:00:00+00:00,2791.07,2797.44,2786.0,2792.71,8251.5336
2025-06-11 04:30:00+00:00,2792.71,2804.03,2791.12,2797.1,7973.2129
2025-06-11 05:00:00+00:00,2797.1,2802.5,2786.9,2801.5,8822.9415
2025-06-11 05:30:00+00:00,2801.5,2801.51,2790.83,2793.69,5278.1408
2025-06-11 06:00:00+00:00,2793.7,2797.95,2784.0,2786.01,9122.4424
2025-06-11 06:30:00+00:00,2786.01,2795.0,2780.15,2792.09,6743.9851
2025-06-11 07:00:00+00:00,2792.1,2799.88,2787.98,2795.69,8899.2292
2025-06-11 07:30:00+00:00,2795.7,2801.9,2791.45,2791.59,8549.6341
2025-06-11 08:00:00+00:00,2791.6,2793.57,2774.01,2778.9,13268.8193
2025-06-11 08:30:00+00:00,2778.9,2781.69,2765.12,2769.23,12607.2119
2025-06-11 09:00:00+00:00,2769.22,2772.99,2761.49,2771.01,11655.9619
2025-06-11 09:30:00+00:00,2771.0,2773.61,2754.0,2759.29,11900.8525
2025-06-11 10:00:00+00:00,2759.29,2769.0,2757.18,2768.29,11063.7248
2025-06-11 10:30:00+00:00,2768.29,2773.25,2763.96,2771.75,5229.9794
2025-06-11 11:00:00+00:00,2771.76,2771.9,2762.33,2766.25,5738.2097
2025-06-11 11:30:00+00:00,2766.25,2775.19,2761.81,2772.25,6200.8732
2025-06-11 12:00:00+00:00,2772.26,2783.79,2764.1,2772.91,29361.4249
2025-06-11 12:30:00+00:00,2772.91,2822.5,2772.91,2805.08,71564.9874
2025-06-11 13:00:00+00:00,2805.09,2818.6,2794.0,2816.71,18416.5825
2025-06-11 13:30:00+00:00,2816.7,2817.0,2783.83,2796.39,33979.3678
2025-06-11 14:00:00+00:00,2796.4,2844.38,2791.2,2843.01,40322.499
2025-06-11 14:30:00+00:00,2843.01,2856.68,2828.53,2840.59,38678.9346
2025-06-11 15:00:00+00:00,2840.59,2855.66,2828.99,2851.3,29216.5521
2025-06-11 15:30:00+00:00,2851.31,2879.22,2851.05,2865.21,41586.1258
2025-06-11 16:00:00+00:00,2865.2,2866.0,2845.23,2863.1,24869.496
2025-06-11 16:30:00+00:00,2863.1,2875.72,2854.8,2867.45,12227.1723
2025-06-11 17:00:00+00:00,2867.44,2868.96,2833.63,2867.62,23741.7079
2025-06-11 17:30:00+00:00,2867.61,2872.71,2825.69,2829.2,35612.4786
2025-06-11 18:00:00+00:00,2829.2,2833.02,2801.5,2817.81,31274.3367
2025-06-11 18:30:00+00:00,2817.81,2833.43,2805.53,2821.6,24970.3117
2025-06-11 19:00:00+00:00,2821.6,2826.0,2805.89,2821.31,17111.0799
2025-06-11 19:30:00+00:00,2821.3,2821.89,2801.89,2813.35,17222.216
2025-06-11 20:00:00+00:00,2813.32,2820.88,2788.85,2819.31,20076.5114
2025-06-11 20:30:00+00:00,2819.31,2826.74,2813.12,2815.25,7378.0716
2025-06-11 21:00:00+00:00,2815.25,2831.21,2815.25,2818.71,7902.3111
2025-06-11 21:30:00+00:00,2818.71,2819.38,2775.0,2782.09,18605.5784
2025-06-11 22:00:00+00:00,2782.1,2786.26,2743.75,2759.29,33596.8661
2025-06-11 22:30:00+00:00,2759.29,2767.89,2752.12,2759.09,12936.9312
2025-06-11 23:00:00+00:00,2759.09,2774.44,2754.59,2771.8,10372.5835
2025-06-11 23:30:00+00:00,2771.8,2778.28,2769.0,2771.61,6122.5952
2025-06-12 00:00:00+00:00,2771.6,2784.83,2764.38,2764.38,14341.6596
2025-06-12 00:30:00+00:00,2764.38,2777.99,2758.9,2775.64,13014.3861
2025-06-12 01:00:00+00:00,2775.63,2778.5,2761.71,2765.74,7245.986
2025-06-12 01:30:00+00:00,2765.75,2776.5,2752.01,2776.1,12156.1054
2025-06-12 02:00:00+00:00,2776.1,2784.64,2767.99,2773.01,9682.9608
2025-06-12 02:30:00+00:00,2773.01,2774.87,2757.01,2757.99,8106.393
2025-06-12 03:00:00+00:00,2758.0,2761.96,2746.49,2752.1,14415.6907
2025-06-12 03:30:00+00:00,2752.11,2776.59,2751.88,2765.08,11593.8046
2025-06-12 04:00:00+00:00,2765.08,2769.35,2750.9,2758.48,10007.8109
2025-06-12 04:30:00+00:00,2758.48,2763.0,2749.07,2762.5,8688.1433
2025-06-12 05:00:00+00:00,2762.51,2767.98,2751.59,2766.0,6716.2301
2025-06-12 05:30:00+00:00,2766.01,2770.3,2758.3,2764.78,5025.4164
2025-06-12 06:00:00+00:00,2764.77,2766.63,2755.15,2763.32,5480.4473
2025-06-12 06:30:00+00:00,2763.31,2777.21,2762.84,2768.12,9499.9839
2025-06-12 07:00:00+00:00,2768.13,2773.83,2757.4,2758.36,9703.3073
2025-06-12 07:30:00+00:00,2758.37,2760.73,2733.68,2741.0,28092.5788
2025-06-12 08:00:00+00:00,2740.99,2756.45,2732.46,2754.11,15483.3563
2025-06-12 08:30:00+00:00,2754.12,2760.89,2747.7,2757.32,6487.2554
2025-06-12 09:00:00+00:00,2757.32,2762.11,2748.93,2755.07,6444.7942
2025-06-12 09:30:00+00:00,2755.07,2761.65,2752.49,2752.6,7007.1362
2025-06-12 10:00:00+00:00,2752.6,2753.56,2734.6,2740.21,11890.3519
2025-06-12 10:30:00+00:00,2740.2,2752.69,2733.64,2750.3,11296.1837
2025-06-12 11:00:00+00:00,2750.29,2753.54,2720.38,2727.49,14066.406
2025-06-12 11:30:00+00:00,2727.5,2739.5,2723.77,2729.8,16535.1207
2025-06-12 12:00:00+00:00,2729.8,2735.74,2711.94,2724.61,17978.7867
2025-06-12 12:30:00+00:00,2724.61,2746.0,2722.63,2736.9,22149.8903
2025-06-12 13:00:00+00:00,2736.91,2748.79,2733.7,2738.71,12605.3708
2025-06-12 13:30:00+00:00,2738.71,2754.81,2732.25,2749.52,14449.5153
2025-06-12 14:00:00+00:00,2749.53,2765.63,2747.3,2759.69,17030.0368
2025-06-12 14:30:00+00:00,2759.7,2770.32,2757.43,2764.79,14330.7182
2025-06-12 15:00:00+00:00,2764.8,2773.21,2742.85,2748.61,18443.9094
2025-06-12 15:30:00+00:00,2748.6,2756.8,2713.41,2719.79,29474.0947
2025-06-12 16:00:00+00:00,2719.79,2745.44,2715.02,2743.39,23728.1515
2025-06-12 16:30:00+00:00,2743.4,2744.52,2733.16,2743.29,7933.5911
2025-06-12 17:00:00+00:00,2743.3,2765.0,2741.0,2760.65,11008.4501
2025-06-12 17:30:00+00:00,2760.65,2771.0,2758.62,2762.12,10248.3642
2025-06-12 18:00:00+00:00,2762.11,2763.99,2727.77,2733.84,14984.4445
2025-06-12 18:30:00+00:00,2733.84,2744.24,2718.15,2735.29,13365.3552
2025-06-12 19:00:00+00:00,2735.3,2743.79,2730.0,2738.11,7254.369
2025-06-12 19:30:00+00:00,2738.1,2738.7,2690.93,2695.0,27528.2769
2025-06-12 20:00:00+00:00,2695.0,2703.6,2678.06,2690.41,22732.733
2025-06-12 20:30:00+00:00,2690.41,2693.29,2616.24,2639.5,62977.6678
2025-06-12 21:00:00+00:00,2639.49,2659.56,2631.76,2659.55,28395.3544
2025-06-12 21:30:00+00:00,2659.55,2660.0,2631.29,2633.6,17614.4247
2025-06-12 22:00:00+00:00,2633.59,2649.34,2632.76,2639.11,11708.8548
2025-06-12 22:30:00+00:00,2639.11,2645.27,2632.73,2639.79,10183.7893
2025-06-12 23:00:00+00:00,2639.8,2658.81,2638.5,2657.72,10642.1946
2025-06-12 23:30:00+00:00,2657.71,2657.83,2642.6,2642.65,9843.5238
2025-06-13 00:00:00+00:00,2642.66,2645.45,2534.04,2551.11,120823.0907
2025-06-13 00:30:00+00:00,2551.11,2558.48,2496.63,2529.96,97948.9375
2025-06-13 01:00:00+00:00,2529.96,2529.96,2455.03,2493.36,120229.3031
2025-06-13 01:30:00+00:00,2493.36,2507.35,2475.48,2498.06,64940.0963
2025-06-13 02:00:00+00:00,2498.06,2498.85,2467.95,2482.92,45926.2634
2025-06-13 02:30:00+00:00,2482.92,2490.43,2436.98,2476.21,52739.9493
2025-06-13 03:00:00+00:00,2476.22,2506.43,2474.4,2497.01,34619.3119
2025-06-13 03:30:00+00:00,2497.01,2525.12,2492.85,2514.33,45921.6808
2025-06-13 04:00:00+00:00,2514.32,2516.83,2495.22,2512.2,20250.8417
2025-06-13 04:30:00+00:00,2512.19,2518.77,2505.53,2508.08,12582.1024
2025-06-13 05:00:00+00:00,2508.07,2518.0,2503.32,2513.23,11074.5201
2025-06-13 05:30:00+00:00,2513.24,2519.78,2506.53,2506.63,11674.3401
2025-06-13 06:00:00+00:00,2506.63,2511.35,2492.0,2492.32,15600.7491
2025-06-13 06:30:00+00:00,2492.31,2534.43,2492.31,2532.91,25079.7643
2025-06-13 07:00:00+00:00,2532.91,2535.61,2515.99,2534.41,21244.878
2025-06-13 07:30:00+00:00,2534.4,2542.26,2525.1,2526.45,44012.292
2025-06-13 08:00:00+00:00,2526.46,2540.63,2523.67,2530.87,22949.783
2025-06-13 08:30:00+00:00,2530.86,2534.48,2510.67,2517.82,15441.8305
2025-06-13 09:00:00+00:00,2517.82,2523.3,2506.84,2512.83,12848.9823
2025-06-13 09:30:00+00:00,2512.82,2528.0,2506.94,2521.16,12208.3132
2025-06-13 10:00:00+00:00,2521.16,2522.59,2509.28,2518.74,9225.8991
2025-06-13 10:30:00+00:00,2518.74,2534.09,2515.48,2532.8,12083.7809
2025-06-13 11:00:00+00:00,2532.8,2540.02,2522.0,2524.46,16161.9116
2025-06-13 11:30:00+00:00,2524.46,2545.55,2523.11,2545.4,14162.1181
2025-06-13 12:00:00+00:00,2545.41,2559.0,2540.0,2553.6,23399.3957
2025-06-13 12:30:00+00:00,2553.6,2563.24,2536.56,2542.09,17583.5023
2025-06-13 13:00:00+00:00,2542.09,2548.57,2534.89,2544.72,10306.0911
2025-06-13 13:30:00+00:00,2544.72,2562.0,2541.84,2543.0,17076.428
2025-06-13 14:00:00+00:00,2543.0,2554.93,2505.63,2508.95,35068.7056
2025-06-13 14:30:00+00:00,2508.96,2540.16,2502.9,2538.06,24065.4968
2025-06-13 15:00:00+00:00,2538.06,2557.89,2530.41,2551.81,23154.9944
2025-06-13 15:30:00+00:00,2551.81,2560.15,2544.16,2551.27,17075.9198
2025-06-13 16:00:00+00:00,2551.28,2585.2,2546.21,2567.51,21916.8792
2025-06-13 16:30:00+00:00,2567.5,2569.9,2544.39,2561.91,14968.3924
2025-06-13 17:00:00+00:00,2561.9,2561.9,2535.22,2535.22,13746.4701
2025-06-13 17:30:00+00:00,2535.22,2545.81,2522.0,2543.19,13111.0695
2025-06-13 18:00:00+00:00,2543.19,2545.89,2517.8,2521.81,16431.3809
2025-06-13 18:30:00+00:00,2521.8,2538.16,2510.0,2529.7,20150.5697
2025-06-13 19:00:00+00:00,2529.69,2541.5,2521.12,2528.6,9675.7732
2025-06-13 19:30:00+00:00,2528.6,2535.56,2523.43,2527.72,8497.2306
2025-06-13 20:00:00+00:00,2527.72,2540.89,2524.19,2537.3,8474.0781
2025-06-13 20:30:00+00:00,2537.29,2553.0,2534.65,2546.83,6930.6171
2025-06-13 21:00:00+00:00,2546.83,2555.86,2542.49,2554.3,4760.9348
2025-06-13 21:30:00+00:00,2554.31,2559.63,2547.48,2553.99,4204.6923
2025-06-13 22:00:00+00:00,2554.0,2570.33,2554.0,2561.8,8213.2851
2025-06-13 22:30:00+00:00,2561.79,2574.19,2559.51,2571.9,4724.2133
2025-06-13 23:00:00+00:00,2571.9,2579.69,2565.99,2574.63,9776.3081
2025-06-13 23:30:00+00:00,2574.64,2583.24,2572.64,2579.19,9113.1297
2025-06-14 00:00:00+00:00,2579.19,2579.43,2558.45,2564.59,17366.5797
2025-06-14 00:30:00+00:00,2564.6,2573.01,2560.0,2562.63,8590.9296
2025-06-14 01:00:00+00:00,2562.63,2562.63,2550.27,2559.49,7546.612
2025-06-14 01:30:00+00:00,2559.49,2566.5,2555.1,2557.72,6168.596
2025-06-14 02:00:00+00:00,2557.72,2567.07,2555.29,2558.14,7497.9788
2025-06-14 02:30:00+00:00,2558.14,2558.77,2552.33,2554.84,6007.7381
2025-06-14 03:00:00+00:00,2554.83,2558.07,2550.0,2557.34,5851.8171
2025-06-14 03:30:00+00:00,2557.34,2560.0,2547.03,2548.76,5252.1288
2025-06-14 04:00:00+00:00,2548.76,2554.94,2548.27,2554.09,4084.6864
2025-06-14 04:30:00+00:00,2554.09,2556.36,2549.67,2551.85,2562.4624
2025-06-14 05:00:00+00:00,2551.85,2553.05,2547.61,2550.0,3435.2027
2025-06-14 05:30:00+00:00,2549.99,2556.62,2547.41,2552.28,2538.2411
2025-06-14 06:00:00+00:00,2552.29,2556.48,2542.15,2545.22,6950.8851
2025-06-14 06:30:00+00:00,2545.23,2547.5,2542.2,2543.53,3671.6424
2025-06-14 07:00:00+00:00,2543.53,2543.61,2525.72,2535.49,9821.6394
2025-06-14 07:30:00+00:00,2535.49,2542.0,2534.78,2537.5,3748.5362
2025-06-14 08:00:00+00:00,2537.5,2537.74,2526.76,2533.7,6917.5947
2025-06-14 08:30:00+00:00,2533.71,2537.73,2526.86,2535.69,3913.989
2025-06-14 09:00:00+00:00,2535.7,2535.7,2528.78,2530.52,4840.7128
2025-06-14 09:30:00+00:00,2530.52,2531.48,2522.0,2523.0,5587.3944
2025-06-14 10:00:00+00:00,2523.0,2531.08,2518.51,2530.48,6182.9427
2025-06-14 10:30:00+00:00,2530.47,2535.34,2527.59,2531.1,4210.7801
2025-06-14 11:00:00+00:00,2531.11,2539.37,2531.1,2535.5,5889.8668
2025-06-14 11:30:00+00:00,2535.5,2539.79,2530.58,2538.52,3145.7973
2025-06-14 12:00:00+00:00,2538.51,2539.01,2528.7,2532.32,6419.8952
2025-06-14 12:30:00+00:00,2532.32,2539.0,2529.2,2536.64,5514.1106
2025-06-14 13:00:00+00:00,2536.65,2546.19,2534.89,2538.1,5539.0707
2025-06-14 13:30:00+00:00,2538.1,2538.49,2526.21,2534.69,4544.9704
2025-06-14 14:00:00+00:00,2534.7,2537.0,2530.8,2533.6,2250.8951
2025-06-14 14:30:00+00:00,2533.59,2534.5,2524.05,2529.3,7126.7524
2025-06-14 15:00:00+00:00,2529.31,2532.95,2519.35,2522.83,9119.4304
2025-06-14 15:30:00+00:00,2522.83,2522.83,2504.95,2519.42,16380.3425
2025-06-14 16:00:00+00:00,2519.41,2526.11,2509.33,2511.62,7303.6764
2025-06-14 16:30:00+00:00,2511.62,2514.35,2492.32,2497.55,19346.9608
2025-06-14 17:00:00+00:00,2497.55,2518.23,2489.4,2515.08,20692.1056
2025-06-14 17:30:00+00:00,2515.08,2516.56,2502.97,2511.49,10921.9382
2025-06-14 18:00:00+00:00,2511.49,2523.36,2503.36,2503.98,5736.749
2025-06-14 18:30:00+00:00,2503.99,2509.6,2488.72,2508.48,11835.791
2025-06-14 19:00:00+00:00,2508.49,2518.15,2505.2,2514.2,5857.163
2025-06-14 19:30:00+00:00,2514.2,2521.75,2506.99,2507.5,6712.9262
2025-06-14 20:00:00+00:00,2507.5,2513.38,2496.58,2506.81,6253.5785
2025-06-14 20:30:00+00:00,2506.81,2513.77,2502.54,2509.37,3706.5014
2025-06-14 21:00:00+00:00,2509.37,2520.9,2506.42,2520.19,7406.4682
2025-06-14 21:30:00+00:00,2520.19,2535.29,2513.68,2527.94,6675.0715
2025-06-14 22:00:00+00:00,2527.95,2533.6,2524.31,2529.13,4411.9479
2025-06-14 22:30:00+00:00,2529.13,2529.13,2517.99,2526.49,5035.019
2025-06-14 23:00:00+00:00,2526.48,2532.87,2526.08,2530.47,4926.8481
2025-06-14 23:30:00+00:00,2530.47,2540.19,2528.5,2530.76,5935.9621
2025-06-15 00:00:00+00:00,2530.77,2538.52,2528.8,2534.61,4697.475
2025-06-15 00:30:00+00:00,2534.61,2540.99,2531.21,2537.6,4628.3225
2025-06-15 01:00:00+00:00,2537.61,2539.2,2526.01,2528.11,5097.7912
2025-06-15 01:30:00+00:00,2528.1,2533.25,2524.77,2528.99,2402.6276
2025-06-15 02:00:00+00:00,2529.0,2537.84,2529.0,2534.79,2999.0885
2025-06-15 02:30:00+00:00,2534.79,2536.0,2528.12,2529.19,2463.9148
2025-06-15 03:00:00+00:00,2529.2,2533.49,2527.73,2531.67,2091.7326
2025-06-15 03:30:00+00:00,2531.66,2534.9,2529.6,2530.1,1730.5488
2025-06-15 04:00:00+00:00,2530.11,2534.76,2529.6,2532.49,2945.1392
2025-06-15 04:30:00+00:00,2532.49,2546.23,2532.48,2543.49,8582.2668
2025-06-15 05:00:00+00:00,2543.5,2543.5,2535.16,2541.04,3235.2936
2025-06-15 05:30:00+00:00,2541.04,2553.08,2540.07,2551.11,7635.0512
2025-06-15 06:00:00+00:00,2551.11,2553.03,2533.29,2536.35,8237.6937
2025-06-15 06:30:00+00:00,2536.35,2538.17,2533.35,2535.6,3730.9797
2025-06-15 07:00:00+00:00,2535.61,2536.0,2526.0,2528.29,5656.9103
2025-06-15 07:30:00+00:00,2528.29,2531.5,2522.54,2528.61,6080.0928
2025-06-15 08:00:00+00:00,2528.61,2529.97,2519.42,2523.89,4783.8114
2025-06-15 08:30:00+00:00,2523.89,2525.6,2518.61,2520.6,3240.3546
2025-06-15 09:00:00+00:00,2520.6,2520.6,2510.36,2513.25,6838.3136
2025-06-15 09:30:00+00:00,2513.25,2516.45,2508.45,2510.37,5813.3877
2025-06-15 10:00:00+00:00,2510.36,2523.74,2509.93,2516.79,8555.6452
2025-06-15 10:30:00+00:00,2516.8,2521.75,2513.72,2520.19,3909.2616
2025-06-15 11:00:00+00:00,2520.19,2523.37,2514.8,2515.21,3115.3345
2025-06-15 11:30:00+00:00,2515.21,2521.2,2511.65,2516.1,4642.6855
2025-06-15 12:00:00+00:00,2516.1,2524.91,2516.0,2518.88,4049.9554
2025-06-15 12:30:00+00:00,2518.87,2526.81,2517.49,2525.82,6023.9793
2025-06-15 13:00:00+00:00,2525.81,2538.47,2522.61,2533.39,10837.5047
2025-06-15 13:30:00+00:00,2533.39,2545.12,2527.99,2543.03,7974.6951
2025-06-15 14:00:00+00:00,2543.04,2548.9,2537.19,2539.1,10316.1669
2025-06-15 14:30:00+00:00,2539.11,2554.96,2535.73,2548.76,9410.4585
2025-06-15 15:00:00+00:00,2548.76,2551.58,2544.23,2551.58,8042.8567
2025-06-15 15:30:00+00:00,2551.57,2553.2,2538.69,2541.81,6667.5004
2025-06-15 16:00:00+00:00,2541.81,2548.45,2536.0,2543.23,6808.4557
2025-06-15 16:30:00+00:00,2543.22,2555.42,2539.8,2551.57,10655.4874
2025-06-15 17:00:00+00:00,2551.57,2552.78,2544.54,2548.99,3731.5626
2025-06-15 17:30:00+00:00,2548.99,2559.51,2545.3,2553.75,5971.5756
2025-06-15 18:00:00+00:00,2553.75,2554.59,2541.0,2545.39,4922.5839
2025-06-15 18:30:00+00:00,2545.39,2549.69,2542.7,2548.65,1953.1612
2025-06-15 19:00:00+00:00,2548.65,2553.45,2545.36,2547.0,2219.6964
2025-06-15 19:30:00+00:00,2546.99,2549.03,2531.09,2536.79,8567.4465
2025-06-15 20:00:00+00:00,2536.79,2536.98,2512.0,2513.51,9701.7213
2025-06-15 20:30:00+00:00,2513.51,2519.7,2492.0,2503.34,20732.0609
2025-06-15 21:00:00+00:00,2503.33,2513.93,2497.69,2513.67,7690.0405
2025-06-15 21:30:00+00:00,2513.67,2518.96,2504.56,2517.4,7371.1442
2025-06-15 22:00:00+00:00,2517.41,2546.97,2513.52,2539.91,16357.8951
2025-06-15 22:30:00+00:00,2539.9,2549.8,2534.49,2544.66,6827.7158
2025-06-15 23:00:00+00:00,2544.67,2548.31,2539.8,2544.49,4684.1067
2025-06-15 23:30:00+00:00,2544.48,2549.96,2543.56,2547.61,5070.1692
2025-06-16 00:00:00+00:00,2547.62,2552.92,2538.51,2542.76,7904.5001
2025-06-16 00:30:00+00:00,2542.77,2548.4,2539.49,2544.87,5927.8014
2025-06-16 01:00:00+00:00,2544.88,2546.12,2520.01,2522.69,12293.5209
2025-06-16 01:30:00+00:00,2522.69,2559.3,2514.85,2554.6,20426.3126
2025-06-16 02:00:00+00:00,2554.59,2579.0,2554.55,2569.67,21096.2409
2025-06-16 02:30:00+00:00,2569.66,2578.15,2566.5,2574.3,7917.9817
2025-06-16 03:00:00+00:00,2574.3,2575.47,2564.28,2572.18,8441.6011
2025-06-16 03:30:00+00:00,2572.17,2573.68,2567.9,2568.25,3891.7599
2025-06-16 04:00:00+00:00,2568.25,2578.24,2566.61,2572.87,7987.9641
2025-06-16 04:30:00+00:00,2572.87,2578.0,2570.41,2575.7,5873.2395
2025-06-16 05:00:00+00:00,2575.7,2598.0,2573.22,2596.8,20605.156
2025-06-16 05:30:00+00:00,2596.8,2620.7,2595.0,2607.42,28223.1183
2025-06-16 06:00:00+00:00,2607.42,2616.7,2603.38,2611.47,11746.9831
2025-06-16 06:30:00+00:00,2611.47,2620.32,2606.0,2607.89,12039.5626
2025-06-16 07:00:00+00:00,2607.89,2638.5,2607.89,2624.31,25134.3876
2025-06-16 07:30:00+00:00,2624.31,2632.99,2622.58,2628.68,14145.5658
2025-06-16 08:00:00+00:00,2628.69,2631.65,2621.71,2623.35,9594.9736
2025-06-16 08:30:00+00:00,2623.34,2630.5,2622.49,2630.29,8552.1836
2025-06-16 09:00:00+00:00,2630.29,2630.97,2622.6,2624.6,8512.1278
2025-06-16 09:30:00+00:00,2624.61,2625.5,2618.36,2621.54,10008.1872
2025-06-16 10:00:00+00:00,2621.54,2633.8,2621.21,2625.88,8626.8715
2025-06-16 10:30:00+00:00,2625.88,2626.5,2610.63,2617.32,11614.6045
2025-06-16 11:00:00+00:00,2617.32,2617.43,2592.6,2597.88,16942.7528
2025-06-16 11:30:00+00:00,2597.87,2620.41,2596.92,2617.01,11367.2966
2025-06-16 12:00:00+00:00,2617.01,2617.24,2604.7,2609.93,12059.8898
2025-06-16 12:30:00+00:00,2609.94,2619.33,2606.45,2615.51,7504.5697
2025-06-16 13:00:00+00:00,2615.51,2618.88,2608.11,2612.47,9761.8613
2025-06-16 13:30:00+00:00,2612.48,2646.14,2610.48,2640.03,24268.5029
2025-06-16 14:00:00+00:00,2640.02,2645.5,2627.2,2639.91,20407.7542
2025-06-16 14:30:00+00:00,2639.91,2657.9,2637.98,2639.91,19611.3466
2025-06-16 15:00:00+00:00,2639.91,2645.9,2634.8,2637.54,8925.8645
2025-06-16 15:30:00+00:00,2637.54,2646.99,2628.17,2632.25,10476.7805
2025-06-16 16:00:00+00:00,2632.24,2645.76,2628.64,2636.58,7509.1056
2025-06-16 16:30:00+00:00,2636.58,2642.89,2627.62,2635.99,6160.7817
2025-06-16 17:00:00+00:00,2636.0,2641.25,2631.27,2638.0,7031.7562
2025-06-16 17:30:00+00:00,2638.0,2642.3,2629.43,2633.89,7058.2052
2025-06-16 18:00:00+00:00,2633.89,2645.56,2631.98,2643.19,6670.1676
2025-06-16 18:30:00+00:00,2643.2,2654.99,2638.0,2654.19,8525.121
2025-06-16 19:00:00+00:00,2654.19,2670.56,2644.91,2665.89,22239.5134
2025-06-16 19:30:00+00:00,2665.89,2666.15,2648.97,2660.53,14017.0828
2025-06-16 20:00:00+00:00,2660.54,2661.0,2644.1,2658.71,13006.1012
2025-06-16 20:30:00+00:00,2658.7,2680.34,2655.9,2669.8,13193.051
2025-06-16 21:00:00+00:00,2669.79,2671.57,2652.0,2658.1,10456.3367
2025-06-16 21:30:00+00:00,2658.1,2658.11,2645.0,2648.97,7176.5609
2025-06-16 22:00:00+00:00,2648.97,2657.68,2648.25,2655.84,4481.3361
2025-06-16 22:30:00+00:00,2655.85,2656.16,2544.21,2570.3,80025.7622
2025-06-16 23:00:00+00:00,2570.29,2596.39,2560.0,2575.0,32799.9894
2025-06-16 23:30:00+00:00,2575.0,2579.68,2535.0,2544.17,28187.8543
2025-06-17 00:00:00+00:00,2544.17,2572.1,2524.54,2570.9,40698.1157
2025-06-17 00:30:00+00:00,2570.9,2588.6,2557.48,2587.7,17991.9473
2025-06-17 01:00:00+00:00,2587.7,2592.34,2573.53,2579.01,9231.0413
2025-06-17 01:30:00+00:00,2579.01,2590.33,2577.61,2580.91,7344.965
2025-06-17 02:00:00+00:00,2580.91,2581.49,2561.8,2564.21,10925.341
2025-06-17 02:30:00+00:00,2564.21,2617.27,2558.6,2609.01,24036.6722
2025-06-17 03:00:00+00:00,2609.01,2618.6,2601.1,2607.2,14831.7589
2025-06-17 03:30:00+00:00,2607.21,2613.66,2603.71,2607.4,9707.0752
2025-06-17 04:00:00+00:00,2607.4,2610.49,2593.37,2595.79,10262.0075
2025-06-17 04:30:00+00:00,2595.78,2598.78,2587.3,2591.89,7887.8965
2025-06-17 05:00:00+00:00,2591.85,2598.28,2576.92,2586.29,9738.136
2025-06-17 05:30:00+00:00,2586.3,2589.0,2575.85,2580.0,7119.9469
2025-06-17 06:00:00+00:00,2580.0,2588.5,2574.57,2582.8,8776.1536
2025-06-17 06:30:00+00:00,2582.81,2584.97,2576.8,2582.26,8526.5981
2025-06-17 07:00:00+00:00,2582.26,2586.73,2570.24,2570.31,8043.6769
2025-06-17 07:30:00+00:00,2570.32,2586.5,2570.32,2582.26,11125.9504
2025-06-17 08:00:00+00:00,2582.25,2585.47,2573.85,2580.79,6868.2607
2025-06-17 08:30:00+00:00,2580.78,2580.79,2566.23,2571.53,9836.8599
2025-06-17 09:00:00+00:00,2571.54,2576.22,2563.46,2569.82,10088.0531
2025-06-17 09:30:00+00:00,2569.83,2573.77,2561.47,2566.61,8687.1565
2025-06-17 10:00:00+00:00,2566.61,2569.67,2554.76,2562.61,15844.4478
2025-06-17 10:30:00+00:00,2562.6,2563.8,2544.62,2556.79,16134.8619
2025-06-17 11:00:00+00:00,2556.8,2557.29,2541.6,2544.47,19129.663
2025-06-17 11:30:00+00:00,2544.46,2553.76,2543.24,2552.19,7595.0759
2025-06-17 12:00:00+00:00,2552.18,2558.23,2549.0,2549.7,8836.5985
2025-06-17 12:30:00+00:00,2549.71,2559.53,2545.33,2547.75,10409.1296
2025-06-17 13:00:00+00:00,2547.74,2557.91,2546.1,2556.79,6667.3885
2025-06-17 13:30:00+00:00,2556.79,2563.86,2547.46,2553.04,13189.1491
2025-06-17 14:00:00+00:00,2553.05,2567.97,2547.45,2559.21,14236.9682
2025-06-17 14:30:00+00:00,2559.2,2562.01,2528.3,2533.19,19992.8911
2025-06-17 15:00:00+00:00,2533.18,2540.83,2491.07,2496.26,57000.5835
2025-06-17 15:30:00+00:00,2496.27,2505.98,2482.53,2499.0,33250.3437
2025-06-17 16:00:00+00:00,2499.01,2502.6,2485.0,2486.61,22458.007
2025-06-17 16:30:00+00:00,2486.6,2497.22,2459.21,2461.69,38306.5616
2025-06-17 17:00:00+00:00,2461.69,2478.14,2453.8,2476.58,27167.9091
2025-06-17 17:30:00+00:00,2476.57,2487.3,2464.52,2467.01,21124.8208
2025-06-17 18:00:00+00:00,2467.0,2478.25,2464.47,2465.01,9574.5986
2025-06-17 18:30:00+00:00,2465.06,2497.93,2465.06,2497.27,14870.6828
2025-06-17 19:00:00+00:00,2497.26,2541.3,2497.15,2533.61,27902.9678
2025-06-17 19:30:00+00:00,2533.6,2543.75,2525.49,2528.36,16769.1817
2025-06-17 20:00:00+00:00,2528.36,2534.36,2511.05,2523.7,15934.3836
2025-06-17 20:30:00+00:00,2523.71,2527.0,2506.49,2510.69,11265.9781
2025-06-17 21:00:00+00:00,2510.69,2517.62,2502.22,2516.14,10446.9244
2025-06-17 21:30:00+00:00,2516.14,2525.69,2511.54,2519.7,8889.5516
2025-06-17 22:00:00+00:00,2519.71,2521.07,2510.8,2515.44,4973.2871
2025-06-17 22:30:00+00:00,2515.44,2515.79,2492.07,2494.34,10358.6438
2025-06-17 23:00:00+00:00,2494.35,2513.79,2493.63,2512.94,6640.5012
2025-06-17 23:30:00+00:00,2512.95,2519.48,2509.5,2509.95,5231.6954
2025-06-18 00:00:00+00:00,2509.95,2521.35,2507.77,2508.92,7283.9917
2025-06-18 00:30:00+00:00,2508.92,2529.93,2504.55,2526.18,11677.7728
2025-06-18 01:00:00+00:00,2526.18,2536.82,2521.49,2522.2,7842.4991
2025-06-18 01:30:00+00:00,2522.21,2529.01,2517.62,2519.48,8076.0431
2025-06-18 02:00:00+00:00,2519.48,2528.99,2514.32,2526.8,5131.7773
2025-06-18 02:30:00+00:00,2526.81,2529.62,2514.94,2514.95,4084.9919
2025-06-18 03:00:00+00:00,2514.95,2524.09,2512.5,2522.37,3873.9552
2025-06-18 03:30:00+00:00,2522.38,2532.0,2522.38,2527.95,5280.4267
2025-06-18 04:00:00+00:00,2527.96,2534.8,2525.5,2529.52,4559.1383
2025-06-18 04:30:00+00:00,2529.53,2546.91,2528.51,2536.97,6914.8394
2025-06-18 05:00:00+00:00,2536.97,2539.9,2533.56,2538.01,4328.602
2025-06-18 05:30:00+00:00,2538.01,2543.41,2536.65,2537.1,3111.2514
2025-06-18 06:00:00+00:00,2537.09,2540.9,2530.32,2532.97,7283.9048
2025-06-18 06:30:00+00:00,2532.97,2536.78,2519.42,2524.03,5890.0321
2025-06-18 07:00:00+00:00,2524.03,2527.36,2517.82,2525.45,6265.6286
2025-06-18 07:30:00+00:00,2525.45,2533.69,2523.55,2533.55,5044.0981
2025-06-18 08:00:00+00:00,2533.54,2548.42,2533.0,2537.53,7283.0499
2025-06-18 08:30:00+00:00,2537.53,2537.6,2526.92,2533.28,7120.3214
2025-06-18 09:00:00+00:00,2533.28,2540.59,2531.44,2535.2,4905.8366
2025-06-18 09:30:00+00:00,2535.19,2535.37,2520.99,2527.08,7180.4285
2025-06-18 10:00:00+00:00,2527.07,2528.8,2512.01,2515.48,8981.6933
2025-06-18 10:30:00+00:00,2515.49,2517.73,2488.27,2494.79,20908.5593
2025-06-18 11:00:00+00:00,2494.79,2506.79,2490.82,2506.02,8867.7607
2025-06-18 11:30:00+00:00,2506.02,2516.88,2501.68,2513.86,8996.2332
2025-06-18 12:00:00+00:00,2513.86,2515.94,2501.49,2504.06,6790.7938
2025-06-18 12:30:00+00:00,2504.06,2507.4,2492.42,2493.97,10295.2306
2025-06-18 13:00:00+00:00,2493.97,2494.99,2468.0,2471.08,24073.2924
2025-06-18 13:30:00+00:00,2471.08,2505.04,2465.78,2501.99,25281.6063
2025-06-18 14:00:00+00:00,2502.0,2538.7,2494.13,2533.3,29887.65
2025-06-18 14:30:00+00:00,2533.3,2536.8,2495.06,2505.39,21291.4806
2025-06-18 15:00:00+00:00,2505.4,2515.45,2490.25,2510.71,16336.5849
2025-06-18 15:30:00+00:00,2510.71,2520.55,2504.71,2508.96,9348.2373
2025-06-18 16:00:00+00:00,2508.96,2514.67,2495.12,2497.5,10616.89
2025-06-18 16:30:00+00:00,2497.45,2507.82,2495.5,2499.99,6184.9687
2025-06-18 17:00:00+00:00,2499.99,2500.6,2480.11,2482.21,9759.7187
2025-06-18 17:30:00+00:00,2482.21,2504.8,2467.12,2496.7,28433.0798
2025-06-18 18:00:00+00:00,2496.7,2519.37,2480.57,2494.48,29757.803
2025-06-18 18:30:00+00:00,2494.48,2510.61,2472.94,2475.56,16141.5969
2025-06-18 19:00:00+00:00,2475.56,2510.28,2470.5,2488.86,18103.7837
2025-06-18 19:30:00+00:00,2488.85,2503.67,2487.05,2492.42,6866.5611
2025-06-18 20:00:00+00:00,2492.42,2504.86,2482.7,2503.69,8836.577
2025-06-18 20:30:00+00:00,2503.69,2537.23,2502.3,2528.75,20453.1305
2025-06-18 21:00:00+00:00,2528.75,2531.67,2510.32,2523.16,12066.3149
2025-06-18 21:30:00+00:00,2523.17,2537.48,2519.99,2528.36,7220.8822
2025-06-18 22:00:00+00:00,2528.35,2533.9,2519.57,2528.4,4733.7179
2025-06-18 22:30:00+00:00,2528.39,2528.99,2522.11,2525.15,4123.997
2025-06-18 23:00:00+00:00,2525.14,2533.18,2521.61,2521.69,3808.237
2025-06-18 23:30:00+00:00,2521.68,2525.58,2514.49,2525.0,3227.2121
2025-06-19 00:00:00+00:00,2525.0,2536.0,2513.16,2535.59,8493.8404
2025-06-19 00:30:00+00:00,2535.58,2546.91,2528.08,2529.27,10899.0781
2025-06-19 01:00:00+00:00,2529.26,2530.19,2506.2,2521.78,9826.8926
2025-06-19 01:30:00+00:00,2521.77,2521.77,2510.58,2514.76,3006.6979
2025-06-19 02:00:00+00:00,2514.75,2520.49,2507.81,2514.19,5304.8912
2025-06-19 02:30:00+00:00,2514.19,2526.65,2512.9,2514.49,4501.2537
2025-06-19 03:00:00+00:00,2514.49,2524.24,2514.25,2523.28,4312.4625
2025-06-19 03:30:00+00:00,2523.29,2526.0,2518.1,2525.43,4321.8528
2025-06-19 04:00:00+00:00,2525.44,2525.8,2515.86,2516.35,2736.4076
2025-06-19 04:30:00+00:00,2516.36,2524.5,2514.44,2524.4,2271.0609
2025-06-19 05:00:00+00:00,2524.4,2531.23,2522.18,2529.28,5401.3584
2025-06-19 05:30:00+00:00,2529.27,2531.19,2520.38,2522.11,4026.4312
2025-06-19 06:00:00+00:00,2522.1,2527.3,2516.75,2516.75,3639.4536
2025-06-19 06:30:00+00:00,2516.76,2520.99,2516.75,2519.04,2012.8405
2025-06-19 07:00:00+00:00,2519.05,2525.51,2517.81,2519.81,3547.0918
2025-06-19 07:30:00+00:00,2519.81,2523.77,2517.93,2518.99,1691.0247
2025-06-19 08:00:00+00:00,2518.99,2527.9,2518.99,2526.89,2407.0018
2025-06-19 08:30:00+00:00,2526.88,2530.31,2522.63,2523.59,4416.206
2025-06-19 09:00:00+00:00,2523.58,2530.07,2522.34,2530.07,3664.8884
2025-06-19 09:30:00+00:00,2530.08,2542.43,2528.99,2538.32,10543.7957
2025-06-19 10:00:00+00:00,2538.32,2544.81,2533.83,2543.58,6161.6957
2025-06-19 10:30:00+00:00,2543.52,2544.61,2534.46,2538.56,5863.1101
2025-06-19 11:00:00+00:00,2538.55,2538.55,2530.01,2531.71,4361.5622
2025-06-19 11:30:00+00:00,2531.7,2533.4,2524.52,2531.83,4969.0461
2025-06-19 12:00:00+00:00,2531.82,2536.83,2525.22,2533.7,4087.2968
2025-06-19 12:30:00+00:00,2533.7,2535.0,2519.32,2525.5,4879.6331
2025-06-19 13:00:00+00:00,2525.5,2525.76,2517.13,2524.25,3914.9321
2025-06-19 13:30:00+00:00,2524.24,2524.25,2507.21,2509.82,8142.3552
2025-06-19 14:00:00+00:00,2509.82,2522.27,2509.53,2518.85,5684.7718
2025-06-19 14:30:00+00:00,2518.86,2519.48,2495.05,2496.92,12290.9704
2025-06-19 15:00:00+00:00,2496.93,2505.17,2495.94,2500.36,7495.2217
2025-06-19 15:30:00+00:00,2500.36,2502.5,2490.0,2492.97,8905.2205
2025-06-19 16:00:00+00:00,2492.97,2503.69,2492.96,2500.56,4760.1125
2025-06-19 16:30:00+00:00,2500.55,2502.37,2485.03,2487.77,5513.2845
2025-06-19 17:00:00+00:00,2487.78,2496.66,2486.6,2495.9,3843.6337
2025-06-19 17:30:00+00:00,2495.89,2523.0,2494.44,2508.33,12253.1232
2025-06-19 18:00:00+00:00,2508.32,2517.53,2507.01,2509.87,4286.0638
2025-06-19 18:30:00+00:00,2509.88,2512.97,2499.28,2504.79,3586.0584
2025-06-19 19:00:00+00:00,2504.78,2510.79,2497.32,2509.02,2820.3032
2025-06-19 19:30:00+00:00,2509.02,2509.9,2502.5,2504.87,2449.6669
2025-06-19 20:00:00+00:00,2504.87,2518.02,2504.87,2510.79,5348.7804
2025-06-19 20:30:00+00:00,2510.8,2512.81,2502.99,2507.27,1865.8537
2025-06-19 21:00:00+00:00,2507.27,2514.3,2505.05,2508.4,3480.6831
2025-06-19 21:30:00+00:00,2508.41,2514.96,2504.62,2510.12,5091.4389
2025-06-19 22:00:00+00:00,2510.12,2520.59,2510.12,2517.78,5298.1773
2025-06-19 22:30:00+00:00,2517.78,2532.0,2517.5,2523.59,8889.0315
2025-06-19 23:00:00+00:00,2523.59,2529.99,2519.09,2522.36,6379.7578
2025-06-19 23:30:00+00:00,2522.36,2525.56,2519.72,2521.12,2999.7446
2025-06-20 00:00:00+00:00,2521.13,2531.49,2520.21,2522.86,6336.9305
2025-06-20 00:30:00+00:00,2522.85,2530.7,2522.49,2525.57,2923.5526
2025-06-20 01:00:00+00:00,2525.56,2527.22,2516.45,2517.27,4257.2389
2025-06-20 01:30:00+00:00,2517.28,2530.76,2517.22,2527.29,4330.6345
2025-06-20 02:00:00+00:00,2527.29,2528.1,2522.16,2522.41,3108.1528
2025-06-20 02:30:00+00:00,2522.41,2522.41,2514.02,2518.0,5161.3061
2025-06-20 03:00:00+00:00,2517.99,2523.0,2512.45,2521.51,3190.2676
2025-06-20 03:30:00+00:00,2521.52,2521.52,2516.79,2517.19,2085.6188
2025-06-20 04:00:00+00:00,2517.2,2520.47,2508.68,2511.43,3450.8123
2025-06-20 04:30:00+00:00,2511.42,2512.5,2503.76,2504.17,3778.2327
2025-06-20 05:00:00+00:00,2504.18,2509.73,2503.64,2507.28,4712.9704
2025-06-20 05:30:00+00:00,2507.28,2516.23,2506.61,2515.88,2421.7336
2025-06-20 06:00:00+00:00,2515.89,2524.27,2515.89,2521.79,4593.5275
2025-06-20 06:30:00+00:00,2521.79,2522.74,2518.49,2521.47,2267.2895
2025-06-20 07:00:00+00:00,2521.47,2540.7,2519.49,2534.06,11663.2084
2025-06-20 07:30:00+00:00,2534.06,2550.44,2533.98,2549.64,18700.0301
2025-06-20 08:00:00+00:00,2549.64,2569.0,2547.06,2561.34,21672.7066
2025-06-20 08:30:00+00:00,2561.33,2564.0,2543.45,2553.5,15586.2583
2025-06-20 09:00:00+00:00,2553.49,2556.01,2545.43,2547.63,8034.586
2025-06-20 09:30:00+00:00,2547.63,2555.07,2546.74,2553.34,4853.0197
2025-06-20 10:00:00+00:00,2553.33,2557.68,2547.62,2554.31,4282.1182
2025-06-20 10:30:00+00:00,2554.3,2556.9,2551.64,2552.84,3632.6855
2025-06-20 11:00:00+00:00,2552.84,2553.46,2541.03,2544.89,4292.2232
2025-06-20 11:30:00+00:00,2544.88,2556.01,2541.71,2549.65,5241.1529
2025-06-20 12:00:00+00:00,2549.64,2555.03,2547.2,2551.14,3249.2469
2025-06-20 12:30:00+00:00,2551.13,2558.25,2550.04,2551.92,4918.6141
2025-06-20 13:00:00+00:00,2551.92,2559.55,2551.92,2554.89,4883.8922
2025-06-20 13:30:00+00:00,2554.89,2558.59,2528.21,2536.29,14880.7352
2025-06-20 14:00:00+00:00,2536.29,2540.83,2512.43,2520.06,15021.0311
2025-06-20 14:30:00+00:00,2520.05,2524.11,2489.75,2490.01,30195.7879
2025-06-20 15:00:00+00:00,2490.01,2504.8,2488.4,2496.6,24627.9363
2025-06-20 15:30:00+00:00,2496.6,2508.76,2487.56,2493.78,23533.4189
2025-06-20 16:00:00+00:00,2493.78,2496.2,2476.0,2485.51,22553.0801
2025-06-20 16:30:00+00:00,2485.5,2490.5,2478.88,2482.51,11976.1945
2025-06-20 17:00:00+00:00,2482.5,2487.21,2406.29,2417.81,78223.4637
2025-06-20 17:30:00+00:00,2417.8,2425.76,2367.36,2419.41,99565.9986
2025-06-20 18:00:00+00:00,2419.41,2433.98,2412.88,2418.99,32248.9405
2025-06-20 18:30:00+00:00,2419.0,2430.86,2417.25,2419.81,11182.7301
2025-06-20 19:00:00+00:00,2419.8,2420.83,2393.52,2407.26,19159.8045
2025-06-20 19:30:00+00:00,2407.26,2424.65,2406.5,2414.85,13015.7808
2025-06-20 20:00:00+00:00,2414.84,2437.6,2414.18,2431.29,12085.4282
2025-06-20 20:30:00+00:00,2431.28,2435.65,2425.2,2426.89,6917.6433
2025-06-20 21:00:00+00:00,2426.88,2427.17,2409.95,2416.73,6381.9657
2025-06-20 21:30:00+00:00,2416.72,2427.26,2414.9,2416.62,6031.2277
2025-06-20 22:00:00+00:00,2416.64,2418.15,2400.27,2403.79,9729.3199
2025-06-20 22:30:00+00:00,2403.79,2408.93,2381.96,2391.0,16143.7372
2025-06-20 23:00:00+00:00,2391.0,2400.47,2383.6,2400.47,8547.2457
2025-06-20 23:30:00+00:00,2400.47,2407.6,2399.21,2406.49,6378.3437
2025-06-21 00:00:00+00:00,2406.49,2413.43,2395.99,2413.41,5414.7968
2025-06-21 00:30:00+00:00,2413.41,2419.67,2409.08,2411.07,6193.1916
2025-06-21 01:00:00+00:00,2411.07,2419.59,2410.2,2419.1,3169.2558
2025-06-21 01:30:00+00:00,2419.09,2432.0,2416.36,2431.12,8326.1063
2025-06-21 02:00:00+00:00,2431.11,2432.11,2418.23,2418.39,4716.7541
2025-06-21 02:30:00+00:00,2418.39,2424.29,2418.38,2422.87,3831.8516
2025-06-21 03:00:00+00:00,2422.86,2429.61,2422.86,2429.2,6416.4058
2025-06-21 03:30:00+00:00,2429.2,2430.9,2425.59,2425.59,2722.2439
2025-06-21 04:00:00+00:00,2425.59,2426.9,2420.81,2421.56,3788.0035
2025-06-21 04:30:00+00:00,2421.56,2424.42,2419.0,2422.85,3440.9915
2025-06-21 05:00:00+00:00,2422.85,2426.9,2419.5,2426.61,1831.9306
2025-06-21 05:30:00+00:00,2426.6,2427.0,2421.18,2423.83,1636.7778
2025-06-21 06:00:00+00:00,2423.83,2426.02,2420.93,2425.17,1669.7935
2025-06-21 06:30:00+00:00,2425.16,2428.41,2423.22,2424.87,1611.3599
2025-06-21 07:00:00+00:00,2424.87,2425.4,2419.9,2425.12,3087.2547
2025-06-21 07:30:00+00:00,2425.11,2427.91,2424.12,2426.85,3302.9967
2025-06-21 08:00:00+00:00,2426.85,2431.5,2423.51,2426.29,5533.4095
2025-06-21 08:30:00+00:00,2426.29,2444.57,2424.99,2441.56,9698.3861
2025-06-21 09:00:00+00:00,2441.55,2441.98,2432.37,2437.54,8638.3179
2025-06-21 09:30:00+00:00,2437.55,2448.31,2435.34,2445.14,7495.1213
2025-06-21 10:00:00+00:00,2445.14,2447.35,2437.54,2442.68,5083.9329
2025-06-21 10:30:00+00:00,2442.67,2443.36,2430.12,2438.88,6217.8163
2025-06-21 11:00:00+00:00,2438.87,2444.04,2435.95,2442.91,4895.0338
2025-06-21 11:30:00+00:00,2442.92,2448.8,2437.62,2442.75,4212.2242
2025-06-21 12:00:00+00:00,2442.75,2445.2,2439.4,2443.56,2800.1038
2025-06-21 12:30:00+00:00,2443.55,2443.55,2434.4,2435.89,3849.8098
2025-06-21 13:00:00+00:00,2435.89,2443.3,2435.89,2442.2,3496.5238
2025-06-21 13:30:00+00:00,2442.2,2442.53,2412.77,2420.5,12133.1548
2025-06-21 14:00:00+00:00,2420.51,2425.0,2414.1,2418.0,6767.581
2025-06-21 14:30:00+00:00,2418.01,2435.0,2416.5,2419.68,9616.1473
2025-06-21 15:00:00+00:00,2419.68,2427.55,2413.21,2416.1,5704.9507
2025-06-21 15:30:00+00:00,2416.1,2425.75,2412.29,2423.59,5333.2668
2025-06-21 16:00:00+00:00,2423.59,2428.23,2417.99,2427.4,2582.4548
2025-06-21 16:30:00+00:00,2427.39,2427.4,2413.86,2416.37,3970.8939
2025-06-21 17:00:00+00:00,2416.36,2424.22,2413.91,2414.89,4147.397
2025-06-21 17:30:00+00:00,2414.89,2414.89,2396.27,2399.2,10441.4333
2025-06-21 18:00:00+00:00,2399.2,2407.94,2398.63,2405.18,6286.8549
2025-06-21 18:30:00+00:00,2405.18,2411.76,2384.27,2387.32,11996.1379
2025-06-21 19:00:00+00:00,2387.29,2400.0,2383.98,2394.9,11949.0178
2025-06-21 19:30:00+00:00,2394.9,2396.95,2382.25,2384.76,8231.7264
2025-06-21 20:00:00+00:00,2384.76,2395.75,2377.92,2393.23,8669.6856
2025-06-21 20:30:00+00:00,2393.22,2409.42,2392.99,2403.64,7860.8049
2025-06-21 21:00:00+00:00,2403.64,2405.79,2300.5,2340.17,43675.3815
2025-06-21 21:30:00+00:00,2340.16,2340.16,2245.0,2281.8,71247.0054
2025-06-21 22:00:00+00:00,2281.8,2308.0,2279.5,2303.0,22271.0378
2025-06-21 22:30:00+00:00,2303.01,2303.81,2278.75,2286.59,17912.9878
2025-06-21 23:00:00+00:00,2286.59,2291.73,2259.48,2261.72,23484.285
2025-06-21 23:30:00+00:00,2261.72,2313.91,2216.0,2295.73,79421.2659
2025-06-22 00:00:00+00:00,2295.72,2313.43,2255.0,2284.12,41753.863
2025-06-22 00:30:00+00:00,2284.13,2314.48,2278.2,2294.6,26683.8465
2025-06-22 01:00:00+00:00,2294.59,2301.2,2278.59,2286.93,18479.8114
2025-06-22 01:30:00+00:00,2286.93,2288.19,2265.03,2266.5,16769.6208
2025-06-22 02:00:00+00:00,2266.51,2285.45,2254.2,2265.83,19760.835
2025-06-22 02:30:00+00:00,2265.84,2271.86,2246.25,2265.5,22357.6331
2025-06-22 03:00:00+00:00,2265.49,2275.73,2251.3,2255.06,10596.2622
2025-06-22 03:30:00+00:00,2255.07,2265.56,2254.78,2264.58,10176.1766
2025-06-22 04:00:00+00:00,2264.58,2284.93,2261.93,2278.85,10177.4034
2025-06-22 04:30:00+00:00,2278.85,2288.45,2275.53,2281.9,7315.5728
2025-06-22 05:00:00+00:00,2281.89,2294.16,2281.69,2288.76,8871.7654
2025-06-22 05:30:00+00:00,2288.75,2291.2,2278.98,2288.76,6848.2434
2025-06-22 06:00:00+00:00,2288.77,2298.22,2283.82,2290.5,6430.32
2025-06-22 06:30:00+00:00,2290.5,2293.4,2283.93,2286.81,4836.2075
2025-06-22 07:00:00+00:00,2286.81,2288.67,2279.78,2284.41,4225.5556
2025-06-22 07:30:00+00:00,2284.4,2284.4,2267.56,2270.68,8304.0391
2025-06-22 08:00:00+00:00,2270.69,2278.11,2263.97,2273.97,5580.8977
2025-06-22 08:30:00+00:00,2273.99,2276.71,2268.3,2274.44,3636.8648
2025-06-22 09:00:00+00:00,2274.45,2280.0,2253.1,2256.5,10025.9114
2025-06-22 09:30:00+00:00,2256.49,2264.17,2236.05,2241.95,23374.154
2025-06-22 10:00:00+00:00,2241.95,2261.59,2239.19,2254.6,10784.0813
2025-06-22 10:30:00+00:00,2254.6,2264.84,2253.75,2259.37,4842.9814
2025-06-22 11:00:00+00:00,2259.37,2279.16,2258.36,2276.72,8478.3431
2025-06-22 11:30:00+00:00,2276.72,2278.56,2269.27,2273.0,5883.7663
2025-06-22 12:00:00+00:00,2273.0,2287.0,2270.44,2275.75,8740.5915
2025-06-22 12:30:00+00:00,2275.75,2280.68,2265.25,2280.1,7735.8485
2025-06-22 13:00:00+00:00,2280.11,2284.8,2161.36,2195.78,70316.9119
2025-06-22 13:30:00+00:00,2195.75,2207.72,2177.3,2199.93,64960.9686
2025-06-22 14:00:00+00:00,2199.93,2212.21,2156.21,2170.34,52098.9066
2025-06-22 14:30:00+00:00,2170.34,2208.57,2167.17,2201.34,41538.973
2025-06-22 15:00:00+00:00,2201.28,2207.8,2182.5,2182.7,29072.8414
2025-06-22 15:30:00+00:00,2182.7,2193.74,2168.68,2174.91,17569.3218
2025-06-22 16:00:00+00:00,2174.9,2190.04,2173.45,2180.5,22704.9935
2025-06-22 16:30:00+00:00,2180.5,2198.43,2179.61,2197.0,13381.7698
2025-06-22 17:00:00+00:00,2197.0,2219.95,2186.32,2190.34,16443.0314
2025-06-22 17:30:00+00:00,2190.35,2204.4,2188.98,2192.28,7145.6533
2025-06-22 18:00:00+00:00,2192.27,2198.67,2179.2,2188.1,7216.9573
2025-06-22 18:30:00+00:00,2188.11,2193.34,2180.0,2182.7,5532.8459
2025-06-22 19:00:00+00:00,2182.69,2189.05,2170.8,2187.87,11242.8892
2025-06-22 19:30:00+00:00,2187.86,2190.35,2177.64,2183.78,5346.6043
2025-06-22 20:00:00+00:00,2183.79,2187.44,2111.89,2130.3,62929.4441
2025-06-22 20:30:00+00:00,2130.3,2197.29,2125.01,2187.6,29116.2159
2025-06-22 21:00:00+00:00,2187.6,2196.51,2178.67,2179.64,10116.5257
2025-06-22 21:30:00+00:00,2179.64,2190.2,2173.61,2179.11,7979.5846
2025-06-22 22:00:00+00:00,2179.1,2227.28,2176.83,2208.89,26303.4755
2025-06-22 22:30:00+00:00,2208.88,2235.74,2208.21,2233.81,13016.9742
2025-06-22 23:00:00+00:00,2233.81,2237.23,2219.7,2231.64,8617.6346
2025-06-22 23:30:00+00:00,2231.63,2232.23,2221.77,2227.7,4832.7111
2025-06-23 00:00:00+00:00,2227.7,2239.28,2222.3,2233.62,9004.3797
2025-06-23 00:30:00+00:00,2233.66,2260.42,2225.52,2240.93,18176.4644
2025-06-23 01:00:00+00:00,2240.94,2241.74,2228.1,2229.91,8095.2528
2025-06-23 01:30:00+00:00,2229.9,2248.37,2225.0,2246.12,9338.1083
2025-06-23 02:00:00+00:00,2246.11,2247.81,2233.71,2242.02,6092.1014
2025-06-23 02:30:00+00:00,2242.02,2244.2,2235.99,2239.07,5730.9769
2025-06-23 03:00:00+00:00,2239.06,2243.78,2233.58,2237.19,6652.4858
2025-06-23 03:30:00+00:00,2237.19,2240.3,2230.64,2234.68,5705.5862
2025-06-23 04:00:00+00:00,2234.67,2243.82,2227.89,2238.91,5377.0934
2025-06-23 04:30:00+00:00,2238.91,2239.42,2231.43,2233.71,5048.2155
2025-06-23 05:00:00+00:00,2233.73,2245.65,2233.73,2241.46,5445.9176
2025-06-23 05:30:00+00:00,2241.47,2250.7,2238.04,2246.38,6080.2908
2025-06-23 06:00:00+00:00,2246.38,2255.07,2239.07,2240.99,11203.5586
2025-06-23 06:30:00+00:00,2240.99,2251.76,2233.62,2250.88,14637.8913
2025-06-23 07:00:00+00:00,2250.88,2275.67,2250.73,2256.35,14946.5484
2025-06-23 07:30:00+00:00,2256.35,2259.59,2252.66,2258.88,8255.1817
2025-06-23 08:00:00+00:00,2258.87,2274.7,2257.66,2262.74,10199.2977
2025-06-23 08:30:00+00:00,2262.73,2263.45,2256.36,2261.99,7596.4355
2025-06-23 09:00:00+00:00,2261.99,2262.2,2245.06,2245.5,7317.6246
2025-06-23 09:30:00+00:00,2245.51,2254.07,2243.6,2252.01,4860.676
2025-06-23 10:00:00+00:00,2252.01,2253.12,2244.03,2245.0,3986.493
2025-06-23 10:30:00+00:00,2245.0,2249.2,2238.68,2247.01,6512.1658
2025-06-23 11:00:00+00:00,2247.01,2250.77,2241.29,2245.3,4755.3544
2025-06-23 11:30:00+00:00,2245.31,2258.19,2244.56,2253.37,4417.3146
2025-06-23 12:00:00+00:00,2253.38,2254.63,2245.64,2247.42,4882.4235
2025-06-23 12:30:00+00:00,2247.42,2267.47,2245.95,2266.5,8704.585
2025-06-23 13:00:00+00:00,2266.49,2266.5,2246.84,2248.18,7558.2457
2025-06-23 13:30:00+00:00,2248.18,2301.45,2232.45,2295.3,41369.271
2025-06-23 14:00:00+00:00,2295.29,2313.53,2275.33,2280.1,34279.7121
2025-06-23 14:30:00+00:00,2280.11,2289.38,2271.8,2274.01,15634.813
2025-06-23 15:00:00+00:00,2274.01,2288.27,2264.39,2265.74,11197.7538
2025-06-23 15:30:00+00:00,2265.74,2275.65,2247.62,2248.54,12704.8867
2025-06-23 16:00:00+00:00,2248.53,2252.0,2207.03,2210.67,25361.0926
2025-06-23 16:30:00+00:00,2210.67,2235.77,2188.0,2221.79,40834.0195
2025-06-23 17:00:00+00:00,2221.8,2284.15,2217.2,2275.1,37272.9276
2025-06-23 17:30:00+00:00,2275.1,2287.09,2262.74,2274.68,37369.8258
2025-06-23 18:00:00+00:00,2274.68,2303.86,2272.93,2283.84,28041.2991
2025-06-23 18:30:00+00:00,2283.84,2312.88,2282.84,2305.48,22098.0056
2025-06-23 19:00:00+00:00,2305.48,2311.86,2295.5,2300.29,12277.5016
2025-06-23 19:30:00+00:00,2300.29,2325.16,2295.5,2312.77,17648.6198
2025-06-23 20:00:00+00:00,2312.77,2379.79,2303.79,2361.2,39029.1284
2025-06-23 20:30:00+00:00,2361.19,2366.78,2342.09,2347.13,17247.2398
2025-06-23 21:00:00+00:00,2347.13,2363.7,2342.59,2344.45,11538.2538
2025-06-23 21:30:00+00:00,2344.46,2348.8,2333.89,2341.16,10083.1808
2025-06-23 22:00:00+00:00,2341.16,2438.68,2340.72,2426.23,52604.9501
2025-06-23 22:30:00+00:00,2426.23,2432.0,2385.0,2407.36,35921.8446
2025-06-23 23:00:00+00:00,2407.36,2431.0,2405.91,2420.6,17628.9213
2025-06-23 23:30:00+00:00,2420.59,2429.79,2409.28,2411.66,13859.8847
2025-06-24 00:00:00+00:00,2411.66,2418.09,2400.0,2403.84,15486.1898
2025-06-24 00:30:00+00:00,2403.84,2409.24,2392.39,2402.86,10824.4784
2025-06-24 01:00:00+00:00,2402.86,2417.29,2396.09,2410.51,7867.0217
2025-06-24 01:30:00+00:00,2410.52,2415.28,2404.08,2413.92,7543.7235
2025-06-24 02:00:00+00:00,2413.91,2413.91,2389.31,2398.18,13349.6349
2025-06-24 02:30:00+00:00,2398.17,2400.27,2390.48,2391.91,8881.8663
2025-06-24 03:00:00+00:00,2391.91,2411.14,2391.09,2402.7,8177.5629
2025-06-24 03:30:00+00:00,2402.7,2405.4,2396.65,2398.51,5182.0607
2025-06-24 04:00:00+00:00,2398.51,2402.1,2392.4,2397.16,4508.1789
2025-06-24 04:30:00+00:00,2397.17,2406.7,2394.77,2403.9,6326.1598
2025-06-24 05:00:00+00:00,2403.91,2414.22,2401.59,2412.8,7104.3752
2025-06-24 05:30:00+00:00,2412.8,2424.44,2410.6,2420.01,10614.0207
2025-06-24 06:00:00+00:00,2420.02,2422.49,2410.93,2421.54,9950.4102
2025-06-24 06:30:00+00:00,2421.54,2434.82,2420.6,2425.76,11834.8303
2025-06-24 07:00:00+00:00,2425.76,2428.7,2415.83,2416.06,10732.1078
2025-06-24 07:30:00+00:00,2416.07,2417.0,2391.2,2393.31,21426.8192
2025-06-24 08:00:00+00:00,2393.31,2405.9,2376.11,2402.04,25787.0631
2025-06-24 08:30:00+00:00,2402.04,2412.43,2396.8,2403.24,10014.3728
2025-06-24 09:00:00+00:00,2403.24,2449.14,2398.99,2431.37,24325.3891
2025-06-24 09:30:00+00:00,2431.37,2434.55,2414.14,2415.84,13948.1447
2025-06-24 10:00:00+00:00,2415.84,2423.57,2412.41,2414.52,8132.47
2025-06-24 10:30:00+00:00,2414.52,2419.5,2406.41,2413.96,8228.8564
2025-06-24 11:00:00+00:00,2413.96,2418.3,2397.72,2417.7,11004.6595
2025-06-24 11:30:00+00:00,2417.69,2421.2,2404.18,2409.44,9935.7153
2025-06-24 12:00:00+00:00,2409.44,2416.65,2402.89,2408.05,6716.1557
2025-06-24 12:30:00+00:00,2408.05,2418.7,2404.47,2414.29,7205.2687
2025-06-24 13:00:00+00:00,2414.29,2428.35,2406.49,2413.9,11834.4641
2025-06-24 13:30:00+00:00,2413.9,2431.81,2404.75,2421.55,19822.1104
2025-06-24 14:00:00+00:00,2421.55,2441.19,2420.31,2431.63,19056.6534
2025-06-24 14:30:00+00:00,2431.63,2438.72,2426.07,2431.13,9108.5141
2025-06-24 15:00:00+00:00,2431.14,2448.0,2427.85,2436.72,14479.6687
2025-06-24 15:30:00+00:00,2436.72,2454.73,2425.01,2438.1,16894.8441
2025-06-24 16:00:00+00:00,2438.11,2450.55,2434.09,2446.19,10220.1842
2025-06-24 16:30:00+00:00,2446.18,2482.04,2439.78,2478.91,28987.3422
2025-06-24 17:00:00+00:00,2478.91,2481.4,2443.4,2448.69,23270.4957
2025-06-24 17:30:00+00:00,2448.7,2465.71,2445.6,2457.65,12068.94
2025-06-24 18:00:00+00:00,2457.65,2463.37,2433.88,2444.76,10630.2881
2025-06-24 18:30:00+00:00,2444.77,2448.77,2435.38,2435.57,4766.0362
2025-06-24 19:00:00+00:00,2435.56,2441.64,2428.1,2431.15,7705.2109
2025-06-24 19:30:00+00:00,2431.15,2439.64,2417.22,2434.24,7984.0382
2025-06-24 20:00:00+00:00,2434.23,2443.91,2430.7,2442.07,4772.455
2025-06-24 20:30:00+00:00,2442.08,2450.41,2440.25,2449.4,4244.4723
2025-06-24 21:00:00+00:00,2449.39,2449.8,2436.0,2440.71,4339.7269
2025-06-24 21:30:00+00:00,2440.71,2446.31,2437.33,2445.24,4487.98
2025-06-24 22:00:00+00:00,2445.23,2445.23,2434.02,2439.7,3963.1079
2025-06-24 22:30:00+00:00,2439.71,2442.6,2435.31,2441.61,1892.7034
2025-06-24 23:00:00+00:00,2441.61,2442.63,2430.7,2436.99,4315.5178
2025-06-24 23:30:00+00:00,2437.0,2449.01,2434.3,2448.45,6808.3729
2025-06-25 00:00:00+00:00,2448.46,2457.51,2443.86,2449.17,6436.941
2025-06-25 00:30:00+00:00,2449.17,2462.0,2436.62,2458.51,5666.6324
2025-06-25 01:00:00+00:00,2458.51,2462.82,2445.18,2449.89,5411.0368
2025-06-25 01:30:00+00:00,2449.89,2465.43,2445.77,2460.92,4779.1212
2025-06-25 02:00:00+00:00,2460.92,2468.69,2455.52,2455.53,7736.3074
2025-06-25 02:30:00+00:00,2455.53,2460.2,2450.6,2451.73,3780.3589
2025-06-25 03:00:00+00:00,2451.74,2460.3,2446.71,2455.97,3711.2971
2025-06-25 03:30:00+00:00,2455.97,2458.3,2443.76,2444.38,5118.0038
2025-06-25 04:00:00+00:00,2444.38,2447.49,2435.79,2444.61,6049.3945
2025-06-25 04:30:00+00:00,2444.61,2444.61,2428.89,2435.25,5821.6438
2025-06-25 05:00:00+00:00,2435.24,2440.1,2424.21,2430.06,6939.9241
2025-06-25 05:30:00+00:00,2430.05,2436.5,2426.96,2429.38,5346.478
2025-06-25 06:00:00+00:00,2429.38,2443.93,2426.23,2441.3,7123.6939
2025-06-25 06:30:00+00:00,2441.3,2445.28,2438.15,2444.68,3439.78
2025-06-25 07:00:00+00:00,2444.68,2450.66,2440.0,2448.73,5326.0403
2025-06-25 07:30:00+00:00,2448.74,2450.66,2443.17,2444.54,4487.9223
2025-06-25 08:00:00+00:00,2444.55,2445.77,2434.0,2434.23,5893.9123
2025-06-25 08:30:00+00:00,2434.22,2439.49,2424.64,2439.49,9983.3848
2025-06-25 09:00:00+00:00,2439.49,2448.47,2437.33,2440.84,9885.5905
2025-06-25 09:30:00+00:00,2440.85,2444.08,2407.63,2420.56,24830.9865
2025-06-25 10:00:00+00:00,2420.56,2432.46,2414.25,2431.33,11067.0649
2025-06-25 10:30:00+00:00,2431.34,2431.34,2422.54,2426.49,5948.2222
2025-06-25 11:00:00+00:00,2426.5,2428.77,2413.15,2420.35,7354.6051
2025-06-25 11:30:00+00:00,2420.34,2430.0,2419.2,2428.95,8120.8494
2025-06-25 12:00:00+00:00,2428.96,2429.54,2416.49,2418.13,6434.7821
2025-06-25 12:30:00+00:00,2418.14,2429.48,2415.51,2428.89,11255.4071
2025-06-25 13:00:00+00:00,2428.9,2446.59,2424.09,2440.99,13199.312
2025-06-25 13:30:00+00:00,2440.99,2445.47,2424.51,2435.01,15947.2335
2025-06-25 14:00:00+00:00,2435.01,2442.0,2389.69,2404.75,35893.8936
2025-06-25 14:30:00+00:00,2404.76,2443.8,2401.26,2432.12,26645.8398
2025-06-25 15:00:00+00:00,2432.12,2432.7,2401.67,2412.99,18057.1814
2025-06-25 15:30:00+00:00,2412.99,2415.69,2397.05,2405.68,14450.0512
2025-06-25 16:00:00+00:00,2405.69,2420.0,2405.51,2418.68,9662.1308
2025-06-25 16:30:00+00:00,2418.68,2420.64,2401.37,2410.53,7061.4019
2025-06-25 17:00:00+00:00,2410.54,2431.7,2408.3,2423.41,9275.1663
2025-06-25 17:30:00+00:00,2423.42,2425.9,2407.06,2422.83,6790.7281
2025-06-25 18:00:00+00:00,2422.82,2424.28,2415.55,2415.89,3787.8472
2025-06-25 18:30:00+00:00,2415.89,2421.07,2411.73,2418.4,3797.5433
2025-06-25 19:00:00+00:00,2418.39,2440.0,2418.34,2435.81,14124.1571
2025-06-25 19:30:00+00:00,2435.81,2436.57,2426.54,2432.79,6608.3746
2025-06-25 20:00:00+00:00,2432.79,2435.99,2428.12,2429.2,3838.849
2025-06-25 20:30:00+00:00,2429.19,2441.8,2426.08,2438.2,7797.4366
2025-06-25 21:00:00+00:00,2438.19,2454.98,2428.78,2430.29,10903.1598
2025-06-25 21:30:00+00:00,2430.29,2437.75,2427.2,2430.6,4280.9689
2025-06-25 22:00:00+00:00,2430.6,2430.66,2417.33,2418.76,5788.2225
2025-06-25 22:30:00+00:00,2418.77,2419.31,2410.02,2416.24,3532.887
2025-06-25 23:00:00+00:00,2416.23,2418.16,2408.02,2415.05,3202.52
2025-06-25 23:30:00+00:00,2415.06,2419.49,2413.22,2418.49,2300.4537
2025-06-26 00:00:00+00:00,2418.5,2428.0,2417.91,2420.82,5015.27
2025-06-26 00:30:00+00:00,2420.83,2428.48,2416.99,2426.9,10393.2052
2025-06-26 01:00:00+00:00,2426.91,2444.4,2420.0,2441.48,8466.9032
2025-06-26 01:30:00+00:00,2441.47,2474.87,2436.98,2459.22,20387.4575
2025-06-26 02:00:00+00:00,2459.22,2474.49,2459.22,2468.75,11221.4391
2025-06-26 02:30:00+00:00,2468.73,2502.0,2460.0,2493.3,28054.2078
2025-06-26 03:00:00+00:00,2493.3,2520.92,2490.49,2491.9,44077.7055
2025-06-26 03:30:00+00:00,2491.9,2494.56,2482.45,2488.78,8419.2064
2025-06-26 04:00:00+00:00,2488.79,2491.58,2474.3,2475.99,7997.6781
2025-06-26 04:30:00+00:00,2476.0,2486.27,2469.83,2480.61,6361.5936
2025-06-26 05:00:00+00:00,2480.62,2483.8,2471.74,2474.48,4291.4713
2025-06-26 05:30:00+00:00,2474.49,2477.26,2467.14,2475.59,5330.5697
2025-06-26 06:00:00+00:00,2475.59,2486.75,2473.55,2479.85,6154.8512
2025-06-26 06:30:00+00:00,2479.86,2489.46,2479.2,2487.21,5100.0869
2025-06-26 07:00:00+00:00,2487.2,2498.33,2480.28,2493.7,8978.2713
2025-06-26 07:30:00+00:00,2493.69,2500.56,2488.04,2489.89,8082.0614
2025-06-26 08:00:00+00:00,2489.88,2500.4,2489.49,2490.13,8357.888
2025-06-26 08:30:00+00:00,2490.13,2494.67,2484.59,2486.8,6155.3312
2025-06-26 09:00:00+00:00,2486.81,2489.01,2466.72,2471.99,14971.9811
2025-06-26 09:30:00+00:00,2472.0,2475.0,2462.5,2463.39,6854.5588
2025-06-26 10:00:00+00:00,2463.39,2467.06,2453.33,2459.8,8092.532
2025-06-26 10:30:00+00:00,2459.8,2461.92,2446.24,2451.13,6601.7223
2025-06-26 11:00:00+00:00,2451.14,2453.99,2440.0,2447.17,7860.9637
2025-06-26 11:30:00+00:00,2447.17,2452.78,2443.06,2450.36,6224.1365
2025-06-26 12:00:00+00:00,2450.35,2454.77,2433.88,2443.32,10858.841
2025-06-26 12:30:00+00:00,2443.31,2452.15,2434.82,2440.02,8016.105
2025-06-26 13:00:00+00:00,2440.03,2443.95,2427.77,2439.91,8516.7379
2025-06-26 13:30:00+00:00,2439.91,2446.35,2424.31,2433.68,14547.1704
2025-06-26 14:00:00+00:00,2433.67,2438.71,2420.0,2435.73,20159.6761
2025-06-26 14:30:00+00:00,2435.74,2459.49,2435.45,2446.48,17000.3279
2025-06-26 15:00:00+00:00,2446.49,2449.0,2414.0,2417.4,12602.6036
2025-06-26 15:30:00+00:00,2417.4,2436.82,2409.51,2433.03,19468.8158
2025-06-26 16:00:00+00:00,2433.04,2437.2,2423.5,2429.7,5465.9354
2025-06-26 16:30:00+00:00,2429.7,2430.47,2418.23,2427.65,3505.5088
2025-06-26 17:00:00+00:00,2427.66,2435.97,2421.5,2426.47,3958.0881
2025-06-26 17:30:00+00:00,2426.48,2430.38,2420.0,2420.7,4570.3837
2025-06-26 18:00:00+00:00,2420.71,2438.08,2418.2,2425.79,10027.9739
2025-06-26 18:30:00+00:00,2425.79,2428.67,2418.91,2425.25,4687.6221
2025-06-26 19:00:00+00:00,2425.25,2435.0,2422.73,2429.8,3413.5013
2025-06-26 19:30:00+00:00,2429.8,2442.91,2429.57,2435.87,4759.9924
2025-06-26 20:00:00+00:00,2435.86,2444.77,2430.4,2443.49,4491.8605
2025-06-26 20:30:00+00:00,2443.5,2457.32,2442.59,2445.27,7540.1866
2025-06-26 21:00:00+00:00,2445.27,2445.51,2418.2,2426.89,9494.7761
2025-06-26 21:30:00+00:00,2426.88,2430.7,2394.32,2414.13,17433.331
2025-06-26 22:00:00+00:00,2414.12,2424.62,2411.84,2419.59,6361.4372
2025-06-26 22:30:00+00:00,2419.6,2421.39,2412.33,2413.33,4028.0877
2025-06-26 23:00:00+00:00,2413.34,2417.45,2405.91,2415.2,5344.8622
2025-06-26 23:30:00+00:00,2415.2,2417.16,2412.3,2415.96,3999.1096
2025-06-27 00:00:00+00:00,2415.96,2421.2,2414.75,2419.17,3025.0371
2025-06-27 00:30:00+00:00,2419.17,2419.54,2400.0,2400.36,7486.396
2025-06-27 01:00:00+00:00,2400.37,2427.45,2382.53,2422.7,35911.6643
2025-06-27 01:30:00+00:00,2422.7,2431.98,2421.59,2426.17,4722.9538
2025-06-27 02:00:00+00:00,2426.17,2433.83,2423.68,2431.33,3234.3647
2025-06-27 02:30:00+00:00,2431.34,2440.11,2430.8,2437.82,4903.3904
2025-06-27 03:00:00+00:00,2437.82,2445.21,2432.88,2441.96,13478.9395
2025-06-27 03:30:00+00:00,2441.96,2448.84,2440.84,2446.97,5023.6091
2025-06-27 04:00:00+00:00,2446.98,2450.86,2440.0,2449.03,8695.8536
2025-06-27 04:30:00+00:00,2449.03,2453.12,2448.77,2449.79,3715.8017
2025-06-27 05:00:00+00:00,2449.78,2452.99,2435.15,2436.61,12415.0769
2025-06-27 05:30:00+00:00,2436.6,2441.06,2434.63,2440.0,9711.0701
2025-06-27 06:00:00+00:00,2440.0,2447.65,2436.4,2441.37,8235.1267
2025-06-27 06:30:00+00:00,2441.37,2450.54,2440.0,2448.74,5519.8029
2025-06-27 07:00:00+00:00,2448.75,2459.53,2444.15,2445.72,8087.7259
2025-06-27 07:30:00+00:00,2445.72,2445.91,2438.0,2442.31,16717.358
2025-06-27 08:00:00+00:00,2442.3,2445.15,2435.25,2438.14,9586.2175
2025-06-27 08:30:00+00:00,2438.14,2463.54,2437.5,2448.61,13238.7723
2025-06-27 09:00:00+00:00,2448.62,2454.25,2442.67,2448.19,13896.0444
2025-06-27 09:30:00+00:00,2448.2,2463.3,2448.2,2460.88,9631.0239
2025-06-27 10:00:00+00:00,2460.88,2461.7,2447.48,2451.45,5123.1039
2025-06-27 10:30:00+00:00,2451.46,2453.68,2445.95,2446.19,6332.7479
2025-06-27 11:00:00+00:00,2446.2,2455.01,2443.84,2443.94,5944.6935
2025-06-27 11:30:00+00:00,2443.94,2447.26,2442.74,2447.25,2185.5918
2025-06-27 12:00:00+00:00,2447.25,2456.92,2444.09,2452.75,4288.404
2025-06-27 12:30:00+00:00,2452.76,2452.98,2427.25,2429.97,11920.5917
2025-06-27 13:00:00+00:00,2429.97,2436.77,2422.56,2425.91,6106.3545
2025-06-27 13:30:00+00:00,2425.9,2435.92,2417.1,2428.02,10690.6821
2025-06-27 14:00:00+00:00,2428.02,2438.0,2417.07,2420.63,12366.1904
2025-06-27 14:30:00+00:00,2420.62,2427.92,2414.15,2423.25,9250.1351
2025-06-27 15:00:00+00:00,2423.24,2431.0,2419.57,2430.37,4932.6302
2025-06-27 15:30:00+00:00,2430.36,2442.63,2428.82,2438.25,7718.6014
2025-06-27 16:00:00+00:00,2438.26,2440.51,2431.7,2435.61,3161.4182
2025-06-27 16:30:00+00:00,2435.6,2449.44,2432.24,2433.43,9332.5926
2025-06-27 17:00:00+00:00,2433.42,2433.43,2415.0,2416.66,6796.4228
2025-06-27 17:30:00+00:00,2416.66,2418.94,2395.75,2404.88,14017.3697
2025-06-27 18:00:00+00:00,2404.87,2408.72,2395.48,2397.79,6212.9014
2025-06-27 18:30:00+00:00,2397.78,2400.96,2388.29,2394.98,8143.5521
2025-06-27 19:00:00+00:00,2394.97,2411.11,2392.42,2406.46,6175.4047
2025-06-27 19:30:00+00:00,2406.46,2418.18,2404.16,2412.67,4861.941
2025-06-27 20:00:00+00:00,2412.67,2426.23,2411.54,2422.64,5673.635
2025-06-27 20:30:00+00:00,2422.63,2427.54,2420.67,2426.2,4105.6498
2025-06-27 21:00:00+00:00,2426.2,2428.38,2417.15,2427.99,7479.3414
2025-06-27 21:30:00+00:00,2427.99,2429.47,2418.82,2419.85,3951.6777
2025-06-27 22:00:00+00:00,2419.85,2424.42,2419.73,2421.62,2904.6977
2025-06-27 22:30:00+00:00,2421.62,2425.03,2419.7,2422.32,3218.8224
2025-06-27 23:00:00+00:00,2422.32,2424.42,2416.68,2416.69,6408.5688
2025-06-27 23:30:00+00:00,2416.69,2423.86,2415.01,2423.17,4934.8154
2025-06-28 00:00:00+00:00,2423.17,2423.91,2416.94,2420.36,3752.327
2025-06-28 00:30:00+00:00,2420.36,2423.18,2417.29,2418.3,3432.3704
2025-06-28 01:00:00+00:00,2418.3,2419.7,2409.53,2412.2,4934.8275
2025-06-28 01:30:00+00:00,2412.2,2418.54,2405.81,2417.58,3765.9458
2025-06-28 02:00:00+00:00,2417.59,2421.51,2415.01,2421.39,2100.6965
2025-06-28 02:30:00+00:00,2421.39,2422.6,2418.85,2418.88,1310.1477
2025-06-28 03:00:00+00:00,2418.89,2422.46,2416.84,2420.66,1505.0131
2025-06-28 03:30:00+00:00,2420.67,2422.48,2418.7,2420.93,1771.7799
2025-06-28 04:00:00+00:00,2420.93,2422.41,2417.96,2421.24,2222.7485
2025-06-28 04:30:00+00:00,2421.24,2421.51,2418.79,2421.19,1867.7776
2025-06-28 05:00:00+00:00,2421.18,2428.75,2421.18,2424.09,3285.8087
2025-06-28 05:30:00+00:00,2424.09,2426.0,2417.86,2422.2,5888.27
2025-06-28 06:00:00+00:00,2422.2,2426.81,2422.04,2426.51,1992.4551
2025-06-28 06:30:00+00:00,2426.5,2427.56,2423.86,2427.47,1499.3465
2025-06-28 07:00:00+00:00,2427.48,2429.87,2424.37,2427.16,3817.8011
2025-06-28 07:30:00+00:00,2427.16,2433.86,2426.68,2431.76,5288.8092
2025-06-28 08:00:00+00:00,2431.77,2432.44,2419.87,2424.13,15277.2817
2025-06-28 08:30:00+00:00,2424.13,2425.38,2421.39,2424.49,2628.1572
2025-06-28 09:00:00+00:00,2424.49,2424.78,2419.65,2423.88,3704.6056
2025-06-28 09:30:00+00:00,2423.88,2428.55,2423.87,2427.12,2985.9843
2025-06-28 10:00:00+00:00,2427.12,2429.7,2425.69,2429.45,2883.3592
2025-06-28 10:30:00+00:00,2429.45,2430.26,2423.8,2426.14,2642.9246
2025-06-28 11:00:00+00:00,2426.14,2428.86,2426.14,2428.09,2677.5164
2025-06-28 11:30:00+00:00,2428.09,2428.79,2426.66,2427.42,2920.8963
2025-06-28 12:00:00+00:00,2427.42,2428.19,2422.78,2424.35,3204.1356
2025-06-28 12:30:00+00:00,2424.35,2428.11,2424.35,2426.09,2718.5843
2025-06-28 13:00:00+00:00,2426.09,2429.38,2422.78,2424.14,2675.8063
2025-06-28 13:30:00+00:00,2424.15,2424.52,2420.0,2422.95,2251.1304
2025-06-28 14:00:00+00:00,2422.94,2427.69,2422.65,2426.46,2245.8508
2025-06-28 14:30:00+00:00,2426.47,2427.45,2424.75,2425.57,1557.984
2025-06-28 15:00:00+00:00,2425.58,2427.61,2423.2,2424.91,2167.5239
2025-06-28 15:30:00+00:00,2424.91,2443.0,2424.91,2436.09,7139.8257
2025-06-28 16:00:00+00:00,2436.1,2443.72,2431.74,2436.91,9923.752
2025-06-28 16:30:00+00:00,2436.91,2440.46,2431.64,2434.85,2582.8795
2025-06-28 17:00:00+00:00,2434.84,2439.28,2433.31,2436.16,2270.8206
2025-06-28 17:30:00+00:00,2436.15,2447.8,2434.96,2444.06,5442.28
2025-06-28 18:00:00+00:00,2444.06,2444.69,2436.6,2438.26,4236.5363
2025-06-28 18:30:00+00:00,2438.26,2440.0,2432.84,2437.02,4336.4581
2025-06-28 19:00:00+00:00,2437.01,2440.0,2434.19,2436.64,2364.3916
2025-06-28 19:30:00+00:00,2436.65,2436.67,2432.31,2433.22,2177.1112
2025-06-28 20:00:00+00:00,2433.21,2435.08,2427.44,2431.49,2355.8382
2025-06-28 20:30:00+00:00,2431.49,2434.14,2428.44,2429.62,2243.1843
2025-06-28 21:00:00+00:00,2429.62,2432.47,2429.27,2431.7,1187.8455
2025-06-28 21:30:00+00:00,2431.71,2438.34,2430.7,2436.63,1580.8182
2025-06-28 22:00:00+00:00,2436.63,2440.46,2434.14,2438.16,2417.4105
2025-06-28 22:30:00+00:00,2438.2,2441.45,2436.18,2440.22,1590.6878
2025-06-28 23:00:00+00:00,2440.22,2442.21,2437.27,2437.81,1664.722
2025-06-28 23:30:00+00:00,2437.81,2438.0,2435.15,2435.62,1322.5592
2025-06-29 00:00:00+00:00,2435.62,2440.32,2432.0,2437.64,2623.1701
2025-06-29 00:30:00+00:00,2437.64,2442.77,2436.52,2438.57,3639.6678
2025-06-29 01:00:00+00:00,2438.57,2438.59,2433.47,2433.96,2461.6694
2025-06-29 01:30:00+00:00,2433.95,2435.26,2428.18,2429.59,3810.9359
2025-06-29 02:00:00+00:00,2429.59,2430.4,2424.65,2428.65,3128.4561
2025-06-29 02:30:00+00:00,2428.65,2433.48,2428.37,2431.77,2800.3289
2025-06-29 03:00:00+00:00,2431.78,2432.92,2430.28,2431.62,1061.281
2025-06-29 03:30:00+00:00,2431.63,2431.86,2426.65,2427.86,1696.7211
2025-06-29 04:00:00+00:00,2427.87,2431.4,2426.64,2428.88,1213.0616
2025-06-29 04:30:00+00:00,2428.89,2430.8,2428.07,2429.83,928.0705
2025-06-29 05:00:00+00:00,2429.84,2430.85,2427.61,2429.0,919.0844
2025-06-29 05:30:00+00:00,2428.99,2434.8,2428.0,2433.77,2367.2644
2025-06-29 06:00:00+00:00,2433.77,2435.42,2432.62,2433.3,1389.0158
2025-06-29 06:30:00+00:00,2433.3,2437.75,2432.67,2436.82,1159.418
2025-06-29 07:00:00+00:00,2436.82,2440.46,2436.12,2438.77,3368.7897
2025-06-29 07:30:00+00:00,2438.77,2440.5,2435.0,2440.5,3270.7767
2025-06-29 08:00:00+00:00,2440.51,2443.85,2438.33,2439.72,3424.6858
2025-06-29 08:30:00+00:00,2439.72,2447.59,2439.07,2443.74,4974.8249
2025-06-29 09:00:00+00:00,2443.74,2450.0,2439.11,2448.73,5040.5556
2025-06-29 09:30:00+00:00,2448.74,2457.96,2445.68,2448.29,15308.0128
2025-06-29 10:00:00+00:00,2448.29,2459.2,2448.14,2454.71,7415.1313
2025-06-29 10:30:00+00:00,2454.7,2458.31,2447.68,2456.45,5652.4909
2025-06-29 11:00:00+00:00,2456.46,2457.5,2453.24,2454.88,4203.282
2025-06-29 11:30:00+00:00,2454.89,2463.88,2454.89,2462.25,8978.0813
2025-06-29 12:00:00+00:00,2462.24,2463.48,2451.61,2453.99,6763.5486
2025-06-29 12:30:00+00:00,2453.99,2456.28,2449.69,2454.84,4850.6383
2025-06-29 13:00:00+00:00,2454.83,2456.59,2451.55,2452.73,3214.8807
2025-06-29 13:30:00+00:00,2452.73,2452.93,2446.27,2446.91,5390.7765
2025-06-29 14:00:00+00:00,2446.92,2451.7,2445.14,2446.3,3739.7545
2025-06-29 14:30:00+00:00,2446.29,2446.42,2435.78,2440.18,7211.7752
2025-06-29 15:00:00+00:00,2440.18,2443.08,2437.02,2440.47,3020.3869
2025-06-29 15:30:00+00:00,2440.48,2444.4,2432.88,2436.68,3946.8703
2025-06-29 16:00:00+00:00,2436.69,2440.18,2429.62,2432.92,5969.1955
2025-06-29 16:30:00+00:00,2432.93,2440.06,2429.58,2439.06,3610.0752
2025-06-29 17:00:00+00:00,2439.07,2440.44,2435.94,2436.5,2009.2914
2025-06-29 17:30:00+00:00,2436.5,2439.59,2432.63,2439.14,1735.3026
2025-06-29 18:00:00+00:00,2439.14,2442.45,2434.16,2441.41,1667.5317
2025-06-29 18:30:00+00:00,2441.42,2442.55,2437.55,2437.84,3056.6855
2025-06-29 19:00:00+00:00,2437.85,2438.76,2433.58,2438.76,1705.7165
2025-06-29 19:30:00+00:00,2438.78,2439.59,2435.31,2437.96,1281.8226
2025-06-29 20:00:00+00:00,2437.97,2439.0,2433.2,2434.72,1634.1981
2025-06-29 20:30:00+00:00,2434.73,2435.87,2432.3,2432.3,1273.2122
2025-06-29 21:00:00+00:00,2432.31,2436.13,2412.0,2432.2,12770.289
2025-06-29 21:30:00+00:00,2432.2,2438.67,2430.34,2431.15,4680.3119
2025-06-29 22:00:00+00:00,2431.15,2480.17,2430.65,2478.91,19176.078
2025-06-29 22:30:00+00:00,2478.92,2510.47,2471.21,2501.72,40201.1961
2025-06-29 23:00:00+00:00,2501.72,2525.0,2495.05,2505.82,33680.5816
2025-06-29 23:30:00+00:00,2505.81,2510.14,2497.34,2500.09,20866.9108
2025-06-30 00:00:00+00:00,2500.09,2519.6,2499.83,2515.61,21588.5043
2025-06-30 00:30:00+00:00,2515.61,2524.3,2510.53,2518.68,13412.8974
2025-06-30 01:00:00+00:00,2518.68,2519.86,2504.3,2509.55,11775.7066
2025-06-30 01:30:00+00:00,2509.56,2519.51,2507.49,2510.6,7503.4744
2025-06-30 02:00:00+00:00,2510.61,2511.3,2505.42,2506.29,6758.2753
2025-06-30 02:30:00+00:00,2506.29,2508.63,2499.33,2501.22,6823.4569
2025-06-30 03:00:00+00:00,2501.22,2505.0,2495.17,2495.92,6808.8121
2025-06-30 03:30:00+00:00,2495.91,2503.42,2495.76,2499.21,4983.2475
2025-06-30 04:00:00+00:00,2499.2,2505.31,2498.14,2501.36,5870.6717
2025-06-30 04:30:00+00:00,2501.36,2502.62,2493.48,2495.77,4477.7372
2025-06-30 05:00:00+00:00,2495.77,2501.21,2491.78,2497.13,4282.9397
2025-06-30 05:30:00+00:00,2497.13,2503.43,2495.19,2503.06,4182.5323
2025-06-30 06:00:00+00:00,2503.07,2503.91,2497.97,2498.02,3649.399
2025-06-30 06:30:00+00:00,2498.02,2499.85,2456.37,2464.17,23729.0066
2025-06-30 07:00:00+00:00,2464.18,2478.25,2460.53,2476.17,13981.0307
2025-06-30 07:30:00+00:00,2476.18,2483.73,2472.25,2480.59,6098.1123
2025-06-30 08:00:00+00:00,2480.6,2486.64,2473.33,2476.03,5466.1681
2025-06-30 08:30:00+00:00,2476.04,2476.79,2466.24,2468.6,5413.3891
2025-06-30 09:00:00+00:00,2468.6,2477.0,2467.83,2472.19,4015.7009
2025-06-30 09:30:00+00:00,2472.2,2473.88,2451.48,2451.76,11420.2194
2025-06-30 10:00:00+00:00,2451.77,2454.72,2446.68,2452.7,11199.8437
2025-06-30 10:30:00+00:00,2452.7,2457.97,2449.98,2456.2,6722.4046
2025-06-30 11:00:00+00:00,2456.21,2468.04,2453.17,2463.85,11708.9401
2025-06-30 11:30:00+00:00,2463.85,2466.59,2457.11,2458.52,3716.7292
2025-06-30 12:00:00+00:00,2458.51,2465.16,2458.22,2463.2,2920.4812
2025-06-30 12:30:00+00:00,2463.19,2465.4,2457.25,2460.03,4254.2785
2025-06-30 13:00:00+00:00,2460.04,2474.48,2460.03,2473.24,5977.2774
2025-06-30 13:30:00+00:00,2473.24,2474.66,2458.77,2462.41,8587.0571
2025-06-30 14:00:00+00:00,2462.41,2469.42,2450.01,2458.54,16202.7402
2025-06-30 14:30:00+00:00,2458.55,2463.75,2431.0,2438.61,16002.0345
2025-06-30 15:00:00+00:00,2438.61,2466.21,2436.01,2462.84,16963.1089
2025-06-30 15:30:00+00:00,2462.83,2488.0,2458.0,2474.78,24294.2523
2025-06-30 16:00:00+00:00,2474.77,2481.92,2461.88,2463.73,16005.8466
2025-06-30 16:30:00+00:00,2463.72,2477.55,2462.91,2475.43,7842.6939
2025-06-30 17:00:00+00:00,2475.43,2486.34,2473.8,2481.01,8858.0421
2025-06-30 17:30:00+00:00,2481.0,2498.98,2476.78,2487.63,12564.7667
2025-06-30 18:00:00+00:00,2487.63,2499.0,2482.84,2491.92,8204.5926
2025-06-30 18:30:00+00:00,2491.93,2492.41,2479.56,2485.82,6010.0606
2025-06-30 19:00:00+00:00,2485.82,2518.0,2484.81,2509.7,14736.7101
2025-06-30 19:30:00+00:00,2509.7,2518.49,2505.17,2515.71,11626.6635
2025-06-30 20:00:00+00:00,2515.71,2522.17,2505.17,2513.33,12579.5274
2025-06-30 20:30:00+00:00,2513.33,2515.74,2501.99,2502.96,7145.2904
2025-06-30 21:00:00+00:00,2502.96,2504.48,2494.13,2495.11,9402.6519
2025-06-30 21:30:00+00:00,2495.1,2499.78,2482.54,2487.72,6985.2774
2025-06-30 22:00:00+00:00,2487.73,2494.19,2484.63,2490.67,5864.8117
2025-06-30 22:30:00+00:00,2490.67,2496.0,2488.29,2490.44,5968.3223
2025-06-30 23:00:00+00:00,2490.44,2494.71,2488.01,2490.59,1769.8077
2025-06-30 23:30:00+00:00,2490.6,2491.14,2484.03,2485.47,4100.2199
2025-07-01 00:00:00+00:00,2485.47,2496.65,2484.28,2484.47,6907.4496
2025-07-01 00:30:00+00:00,2484.48,2494.65,2477.44,2493.35,6685.5873
2025-07-01 01:00:00+00:00,2493.35,2498.76,2490.55,2493.16,4625.2497
2025-07-01 01:30:00+00:00,2493.16,2500.8,2486.83,2488.78,3215.9494
2025-07-01 02:00:00+00:00,2488.79,2494.7,2485.82,2494.63,2475.7987
2025-07-01 02:30:00+00:00,2494.64,2495.84,2482.39,2483.54,5273.2294
2025-07-01 03:00:00+00:00,2483.55,2488.0,2478.91,2487.75,2734.3885
2025-07-01 03:30:00+00:00,2487.75,2487.77,2481.96,2485.42,3146.5699
2025-07-01 04:00:00+00:00,2485.43,2485.91,2476.1,2477.25,3497.9599
2025-07-01 04:30:00+00:00,2477.26,2479.81,2459.92,2460.9,10290.5413
2025-07-01 05:00:00+00:00,2460.9,2466.43,2452.97,2455.01,5563.4954
2025-07-01 05:30:00+00:00,2455.0,2461.95,2451.25,2461.54,10418.5308
2025-07-01 06:00:00+00:00,2461.54,2461.71,2456.57,2457.93,6298.6796
2025-07-01 06:30:00+00:00,2457.94,2462.85,2457.51,2459.67,3271.3755
2025-07-01 07:00:00+00:00,2459.67,2463.69,2445.45,2461.96,10286.5315
2025-07-01 07:30:00+00:00,2461.95,2468.81,2460.87,2465.03,7624.3403
2025-07-01 08:00:00+00:00,2465.03,2465.04,2456.44,2459.62,4256.4705
2025-07-01 08:30:00+00:00,2459.62,2460.63,2451.38,2453.22,3901.042
2025-07-01 09:00:00+00:00,2453.22,2458.67,2452.27,2456.23,3718.433
2025-07-01 09:30:00+00:00,2456.23,2458.44,2450.0,2456.86,5913.0661
2025-07-01 10:00:00+00:00,2456.85,2461.65,2453.74,2453.75,4442.6962
2025-07-01 10:30:00+00:00,2453.74,2464.26,2440.0,2455.94,19013.8361
2025-07-01 11:00:00+00:00,2455.95,2458.86,2447.36,2451.01,9547.7735
2025-07-01 11:30:00+00:00,2451.01,2454.95,2442.33,2449.06,8900.3924
2025-07-01 12:00:00+00:00,2449.05,2453.16,2437.0,2441.41,7316.917
2025-07-01 12:30:00+00:00,2441.41,2445.53,2434.16,2437.35,7999.7587
2025-07-01 13:00:00+00:00,2437.36,2443.04,2435.64,2442.62,6425.9113
2025-07-01 13:30:00+00:00,2442.62,2447.2,2423.5,2443.47,13576.7353
2025-07-01 14:00:00+00:00,2443.47,2456.55,2423.03,2427.35,16948.3888
2025-07-01 14:30:00+00:00,2427.35,2433.01,2406.7,2419.94,27368.1959
2025-07-01 15:00:00+00:00,2419.94,2428.71,2416.0,2425.05,10467.5516
2025-07-01 15:30:00+00:00,2425.05,2431.8,2418.58,2423.54,6078.5632
2025-07-01 16:00:00+00:00,2423.54,2431.14,2419.45,2429.02,5074.9654
2025-07-01 16:30:00+00:00,2429.02,2431.23,2421.71,2424.58,2993.6544
2025-07-01 17:00:00+00:00,2424.58,2431.67,2418.01,2426.74,4945.0815
2025-07-01 17:30:00+00:00,2426.74,2434.0,2424.41,2432.26,3391.3653
2025-07-01 18:00:00+00:00,2432.26,2433.3,2420.58,2421.59,3589.4118
2025-07-01 18:30:00+00:00,2421.58,2424.57,2400.0,2410.14,12204.8348
2025-07-01 19:00:00+00:00,2410.14,2422.3,2404.58,2420.69,6256.3439
2025-07-01 19:30:00+00:00,2420.69,2421.06,2402.34,2402.87,6565.4913
2025-07-01 20:00:00+00:00,2402.87,2410.0,2393.95,2409.46,14756.1794
2025-07-01 20:30:00+00:00,2409.47,2418.57,2409.22,2415.08,5022.2548
2025-07-01 21:00:00+00:00,2415.08,2418.35,2404.22,2413.56,5005.1409
2025-07-01 21:30:00+00:00,2413.56,2413.57,2404.62,2407.08,5642.4666
2025-07-01 22:00:00+00:00,2407.07,2410.26,2399.14,2407.12,5068.7056
2025-07-01 22:30:00+00:00,2407.11,2413.29,2399.53,2400.66,5788.0643
2025-07-01 23:00:00+00:00,2400.66,2401.6,2386.52,2396.64,13003.8583
2025-07-01 23:30:00+00:00,2396.65,2406.06,2396.43,2405.01,4451.8601
2025-07-02 00:00:00+00:00,2405.01,2409.99,2403.02,2407.61,3973.8416
2025-07-02 00:30:00+00:00,2407.62,2410.0,2397.89,2398.44,3881.3741
2025-07-02 01:00:00+00:00,2398.44,2406.12,2373.0,2405.72,19144.2314
2025-07-02 01:30:00+00:00,2405.72,2412.59,2402.32,2411.3,4416.3583
2025-07-02 02:00:00+00:00,2411.31,2418.33,2407.12,2414.6,4823.2479
2025-07-02 02:30:00+00:00,2414.6,2418.87,2411.55,2418.1,2844.4465
2025-07-02 03:00:00+00:00,2418.1,2432.41,2416.57,2428.71,7409.0975
2025-07-02 03:30:00+00:00,2428.7,2431.6,2425.72,2430.55,4922.8423
2025-07-02 04:00:00+00:00,2430.55,2433.99,2425.47,2431.47,4133.1853
2025-07-02 04:30:00+00:00,2431.48,2441.78,2429.1,2439.56,5374.9479
2025-07-02 05:00:00+00:00,2439.55,2447.17,2433.97,2439.17,8401.2013
2025-07-02 05:30:00+00:00,2439.17,2445.55,2437.86,2444.22,5630.7612
2025-07-02 06:00:00+00:00,2444.22,2448.99,2438.38,2440.18,7500.8346
2025-07-02 06:30:00+00:00,2440.18,2453.71,2440.18,2451.51,6552.3983
2025-07-02 07:00:00+00:00,2451.52,2454.7,2441.98,2443.4,10835.1438
2025-07-02 07:30:00+00:00,2443.4,2450.44,2442.9,2447.03,5488.8696
2025-07-02 08:00:00+00:00,2447.03,2455.88,2447.03,2451.5,8815.4238
2025-07-02 08:30:00+00:00,2451.51,2452.28,2444.56,2449.15,6341.9623
2025-07-02 09:00:00+00:00,2449.16,2453.15,2445.86,2448.85,5375.6401
2025-07-02 09:30:00+00:00,2448.85,2452.0,2446.2,2448.61,5518.09
2025-07-02 10:00:00+00:00,2448.61,2449.97,2443.83,2448.34,4628.2157
2025-07-02 10:30:00+00:00,2448.34,2453.77,2448.15,2453.45,5007.6032
2025-07-02 11:00:00+00:00,2453.44,2459.99,2451.73,2454.99,7944.6674
2025-07-02 11:30:00+00:00,2454.99,2455.0,2441.7,2445.7,7701.6809
2025-07-02 12:00:00+00:00,2445.69,2447.69,2438.72,2442.8,6976.8411
2025-07-02 12:30:00+00:00,2442.8,2443.27,2431.56,2438.5,5777.5486
2025-07-02 13:00:00+00:00,2438.5,2449.7,2436.7,2447.51,6885.9429
2025-07-02 13:30:00+00:00,2447.52,2458.38,2442.83,2449.63,11130.0301
2025-07-02 14:00:00+00:00,2449.63,2472.56,2448.68,2464.05,15811.7233
2025-07-02 14:30:00+00:00,2464.05,2471.87,2459.74,2469.66,10049.6386
2025-07-02 15:00:00+00:00,2469.65,2502.85,2469.0,2489.01,30840.9963
2025-07-02 15:30:00+00:00,2489.0,2502.19,2486.3,2498.81,13063.2494
2025-07-02 16:00:00+00:00,2498.82,2550.01,2495.03,2538.54,74883.9857
2025-07-02 16:30:00+00:00,2538.54,2563.81,2534.88,2560.69,36659.9535
2025-07-02 17:00:00+00:00,2560.7,2589.28,2559.09,2581.09,39501.0224
2025-07-02 17:30:00+00:00,2581.09,2583.44,2552.28,2566.87,38267.1541
2025-07-02 18:00:00+00:00,2566.87,2573.28,2563.76,2571.58,13944.0383
2025-07-02 18:30:00+00:00,2571.59,2583.9,2568.01,2582.38,16378.1391
2025-07-02 19:00:00+00:00,2582.38,2585.45,2567.38,2582.61,15319.4353
2025-07-02 19:30:00+00:00,2582.62,2607.71,2579.0,2604.73,24538.965
2025-07-02 20:00:00+00:00,2604.73,2604.73,2586.17,2599.6,19101.8147
2025-07-02 20:30:00+00:00,2599.6,2604.5,2589.99,2590.06,11894.5734
2025-07-02 21:00:00+00:00,2590.06,2596.47,2583.33,2587.13,16490.4619
2025-07-02 21:30:00+00:00,2587.13,2600.5,2586.71,2596.89,10046.1976
2025-07-02 22:00:00+00:00,2596.9,2601.0,2592.49,2596.99,7436.9155
2025-07-02 22:30:00+00:00,2596.98,2619.28,2593.16,2594.87,19728.4339
2025-07-02 23:00:00+00:00,2594.86,2595.86,2581.9,2587.71,16017.6962
2025-07-02 23:30:00+00:00,2587.71,2589.58,2569.14,2570.41,17556.2118
2025-07-03 00:00:00+00:00,2570.41,2578.5,2562.25,2567.78,22355.2712
2025-07-03 00:30:00+00:00,2567.78,2579.7,2564.54,2573.6,8069.008
2025-07-03 01:00:00+00:00,2573.6,2587.54,2565.74,2580.5,8338.0638
2025-07-03 01:30:00+00:00,2580.5,2584.09,2577.62,2580.13,4545.08
2025-07-03 02:00:00+00:00,2580.13,2580.76,2562.98,2563.77,6592.7745
2025-07-03 02:30:00+00:00,2563.73,2568.52,2556.12,2567.37,8025.1273
2025-07-03 03:00:00+00:00,2567.37,2572.1,2561.07,2568.03,4108.4951
2025-07-03 03:30:00+00:00,2568.03,2570.9,2560.0,2561.23,4706.0918
2025-07-03 04:00:00+00:00,2561.22,2569.45,2559.34,2567.81,3042.3968
2025-07-03 04:30:00+00:00,2567.81,2572.57,2565.05,2566.68,6314.9998
2025-07-03 05:00:00+00:00,2566.68,2585.5,2565.92,2583.77,10071.0804
2025-07-03 05:30:00+00:00,2583.77,2601.67,2581.64,2589.62,16925.154
2025-07-03 06:00:00+00:00,2589.63,2600.94,2585.49,2598.79,5664.6899
2025-07-03 06:30:00+00:00,2598.8,2603.47,2592.73,2599.59,8283.4948
2025-07-03 07:00:00+00:00,2599.59,2599.59,2589.67,2596.23,8681.3675
2025-07-03 07:30:00+00:00,2596.23,2605.74,2594.0,2600.18,6813.4726
2025-07-03 08:00:00+00:00,2600.19,2607.95,2597.01,2599.67,7453.2814
2025-07-03 08:30:00+00:00,2599.68,2600.35,2587.64,2588.37,8192.5959
2025-07-03 09:00:00+00:00,2588.37,2605.96,2586.73,2603.82,11344.9163
2025-07-03 09:30:00+00:00,2603.82,2616.96,2593.32,2599.35,27653.5088
2025-07-03 10:00:00+00:00,2599.36,2601.86,2584.01,2592.17,10420.8058
2025-07-03 10:30:00+00:00,2592.17,2600.92,2588.47,2598.21,6274.4208
2025-07-03 11:00:00+00:00,2598.21,2598.95,2590.9,2591.18,5033.8394
2025-07-03 11:30:00+00:00,2591.18,2598.26,2581.58,2597.59,6797.5348
2025-07-03 12:00:00+00:00,2597.58,2602.92,2594.42,2600.76,8779.4131
2025-07-03 12:30:00+00:00,2600.77,2614.0,2565.46,2589.07,45209.8829
2025-07-03 13:00:00+00:00,2589.06,2598.38,2586.56,2591.32,10602.742
2025-07-03 13:30:00+00:00,2591.33,2635.5,2591.33,2624.68,52179.4682
2025-07-03 14:00:00+00:00,2624.69,2632.81,2601.93,2604.2,21476.4145
2025-07-03 14:30:00+00:00,2604.19,2606.38,2584.33,2595.17,23277.2567
2025-07-03 15:00:00+00:00,2595.17,2598.0,2578.22,2584.26,12859.9926
2025-07-03 15:30:00+00:00,2584.27,2586.46,2565.65,2570.52,17039.2606
2025-07-03 16:00:00+00:00,2570.52,2581.69,2565.31,2572.3,17534.7596
2025-07-03 16:30:00+00:00,2572.29,2581.18,2567.75,2572.12,10277.8609
2025-07-03 17:00:00+00:00,2572.05,2581.0,2572.0,2572.76,7716.2618
2025-07-03 17:30:00+00:00,2572.77,2579.3,2572.55,2577.41,5346.2631
2025-07-03 18:00:00+00:00,2577.41,2587.58,2574.29,2586.16,6425.0558
2025-07-03 18:30:00+00:00,2586.16,2586.38,2579.99,2585.49,5860.8653
2025-07-03 19:00:00+00:00,2585.5,2592.43,2584.92,2588.66,5458.7586
2025-07-03 19:30:00+00:00,2588.66,2588.74,2582.21,2586.02,3746.0433
2025-07-03 20:00:00+00:00,2586.02,2596.84,2585.69,2594.86,4098.7294
2025-07-03 20:30:00+00:00,2594.85,2599.2,2592.5,2599.19,3612.3789
2025-07-03 21:00:00+00:00,2599.2,2603.6,2591.54,2594.51,7993.5903
2025-07-03 21:30:00+00:00,2594.51,2596.71,2589.53,2595.52,3170.5215
2025-07-03 22:00:00+00:00,2595.52,2601.66,2590.37,2591.31,7275.0004
2025-07-03 22:30:00+00:00,2591.31,2595.81,2590.87,2593.68,2240.8543
2025-07-03 23:00:00+00:00,2593.69,2598.18,2586.66,2588.5,4435.9456
2025-07-03 23:30:00+00:00,2588.49,2591.48,2585.72,2591.25,2618.8691
2025-07-04 00:00:00+00:00,2591.26,2595.36,2588.43,2590.67,3791.161
2025-07-04 00:30:00+00:00,2590.68,2598.56,2581.51,2588.53,6623.3762
2025-07-04 01:00:00+00:00,2588.53,2603.17,2588.0,2596.25,4752.7034
2025-07-04 01:30:00+00:00,2596.26,2597.62,2587.43,2590.09,3083.9519
2025-07-04 02:00:00+00:00,2590.09,2592.0,2584.02,2588.55,4407.5419
2025-07-04 02:30:00+00:00,2588.56,2588.78,2571.56,2575.18,8241.8372
2025-07-04 03:00:00+00:00,2575.18,2585.14,2571.91,2584.84,5338.2163
2025-07-04 03:30:00+00:00,2584.84,2585.05,2577.08,2577.93,2812.6959
2025-07-04 04:00:00+00:00,2577.93,2584.64,2577.87,2579.63,3748.5346
2025-07-04 04:30:00+00:00,2579.63,2579.63,2569.3,2570.31,6667.7297
2025-07-04 05:00:00+00:00,2570.31,2578.6,2569.87,2576.0,4984.6335
2025-07-04 05:30:00+00:00,2575.99,2581.28,2564.0,2568.86,6619.9326
2025-07-04 06:00:00+00:00,2568.85,2570.18,2548.13,2554.59,19519.9379
2025-07-04 06:30:00+00:00,2554.59,2562.92,2554.16,2558.75,6754.1718
2025-07-04 07:00:00+00:00,2558.75,2564.93,2543.83,2546.67,10976.3572
2025-07-04 07:30:00+00:00,2546.67,2549.93,2530.3,2534.9,19424.1384
2025-07-04 08:00:00+00:00,2534.9,2546.37,2527.37,2544.97,14246.7505
2025-07-04 08:30:00+00:00,2544.98,2554.08,2541.79,2547.0,8887.2577
2025-07-04 09:00:00+00:00,2547.0,2558.66,2546.49,2556.73,5959.0905
2025-07-04 09:30:00+00:00,2556.73,2557.23,2549.72,2551.47,5803.251
2025-07-04 10:00:00+00:00,2551.47,2555.59,2547.82,2549.98,3337.0374
2025-07-04 10:30:00+00:00,2549.97,2553.8,2545.15,2548.12,3549.5814
2025-07-04 11:00:00+00:00,2548.12,2556.59,2547.49,2555.01,3468.9619
2025-07-04 11:30:00+00:00,2555.02,2555.67,2547.76,2549.21,2854.9335
2025-07-04 12:00:00+00:00,2549.2,2554.0,2545.86,2552.9,2370.8749
2025-07-04 12:30:00+00:00,2552.9,2552.9,2543.1,2548.12,3478.8246
2025-07-04 13:00:00+00:00,2548.11,2555.96,2534.18,2536.25,15209.0978
2025-07-04 13:30:00+00:00,2536.25,2539.36,2522.14,2525.85,17737.8624
2025-07-04 14:00:00+00:00,2525.85,2528.8,2498.36,2517.8,31337.7377
2025-07-04 14:30:00+00:00,2517.77,2522.9,2510.19,2516.85,12463.0971
2025-07-04 15:00:00+00:00,2516.84,2518.47,2499.0,2508.5,17779.9079
2025-07-04 15:30:00+00:00,2508.49,2509.13,2498.98,2500.52,16381.0945
2025-07-04 16:00:00+00:00,2500.52,2503.5,2474.56,2483.82,38274.0344
2025-07-04 16:30:00+00:00,2483.82,2490.71,2477.18,2487.51,16885.8939
2025-07-04 17:00:00+00:00,2487.51,2497.3,2486.42,2490.95,14344.8247
2025-07-04 17:30:00+00:00,2490.96,2497.65,2488.92,2496.56,11709.5292
2025-07-04 18:00:00+00:00,2496.56,2496.56,2480.0,2482.59,12751.4997
2025-07-04 18:30:00+00:00,2482.6,2491.03,2482.6,2484.28,10450.7403
2025-07-04 19:00:00+00:00,2484.28,2490.0,2474.24,2474.67,20083.5528
2025-07-04 19:30:00+00:00,2474.67,2484.87,2474.67,2482.58,6296.4468
2025-07-04 20:00:00+00:00,2482.57,2494.04,2481.21,2492.03,4360.6226
2025-07-04 20:30:00+00:00,2492.03,2496.23,2489.79,2490.29,3903.2072
2025-07-04 21:00:00+00:00,2490.29,2494.09,2489.72,2492.83,2868.659
2025-07-04 21:30:00+00:00,2492.83,2497.12,2487.16,2496.9,3928.3234
2025-07-04 22:00:00+00:00,2496.9,2516.0,2495.04,2511.46,9178.7486
2025-07-04 22:30:00+00:00,2511.46,2520.85,2511.0,2520.39,6240.03
2025-07-04 23:00:00+00:00,2520.39,2520.51,2510.6,2511.95,5185.1072
2025-07-04 23:30:00+00:00,2511.94,2512.99,2504.23,2508.04,3519.5199
2025-07-05 00:00:00+00:00,2508.04,2517.07,2506.95,2515.01,3063.3771
2025-07-05 00:30:00+00:00,2515.01,2518.79,2512.51,2516.76,2533.6709
2025-07-05 01:00:00+00:00,2516.77,2516.77,2506.78,2509.81,2970.4798
2025-07-05 01:30:00+00:00,2509.81,2515.88,2508.51,2514.18,2622.5956
2025-07-05 02:00:00+00:00,2514.19,2514.5,2507.15,2507.54,1784.76
2025-07-05 02:30:00+00:00,2507.55,2519.05,2498.63,2518.79,4852.9112
2025-07-05 03:00:00+00:00,2518.8,2524.92,2518.37,2521.27,3695.1355
2025-07-05 03:30:00+00:00,2521.27,2523.96,2515.84,2518.24,4011.4942
2025-07-05 04:00:00+00:00,2518.24,2524.89,2512.63,2524.89,2971.1121
2025-07-05 04:30:00+00:00,2524.88,2525.6,2516.25,2516.25,1935.6106
2025-07-05 05:00:00+00:00,2516.26,2520.19,2513.19,2520.19,1629.9126
2025-07-05 05:30:00+00:00,2520.18,2521.0,2515.83,2519.57,1303.3349
2025-07-05 06:00:00+00:00,2519.58,2527.42,2517.01,2525.1,3210.622
2025-07-05 06:30:00+00:00,2525.11,2528.6,2521.89,2527.33,2900.5679
2025-07-05 07:00:00+00:00,2527.33,2529.81,2523.99,2525.95,2398.1536
2025-07-05 07:30:00+00:00,2525.95,2525.95,2519.3,2521.31,2310.1627
2025-07-05 08:00:00+00:00,2521.32,2525.0,2519.85,2519.87,2270.2075
2025-07-05 08:30:00+00:00,2519.88,2520.64,2509.84,2516.09,3879.0759
2025-07-05 09:00:00+00:00,2516.1,2516.47,2508.83,2512.15,2308.11
2025-07-05 09:30:00+00:00,2512.15,2522.64,2510.6,2521.63,3301.0068
2025-07-05 10:00:00+00:00,2521.63,2523.1,2517.97,2520.37,3432.6363
2025-07-05 10:30:00+00:00,2520.37,2522.95,2518.0,2518.34,2507.4433
2025-07-05 11:00:00+00:00,2518.34,2524.65,2518.34,2523.49,1907.9669
2025-07-05 11:30:00+00:00,2523.49,2526.45,2517.85,2518.11,3351.2263
2025-07-05 12:00:00+00:00,2518.11,2519.13,2512.0,2513.47,2845.8406
2025-07-05 12:30:00+00:00,2513.46,2518.28,2510.72,2518.27,1930.1579
2025-07-05 13:00:00+00:00,2518.28,2521.98,2516.62,2519.87,2370.5027
2025-07-05 13:30:00+00:00,2519.87,2519.88,2512.97,2514.42,1536.5049
2025-07-05 14:00:00+00:00,2514.42,2520.44,2511.81,2516.5,4013.5774
2025-07-05 14:30:00+00:00,2516.5,2520.0,2512.82,2518.45,7727.7703
2025-07-05 15:00:00+00:00,2518.46,2518.74,2513.51,2513.64,4696.2161
2025-07-05 15:30:00+00:00,2513.64,2515.73,2505.35,2507.67,5512.6961
2025-07-05 16:00:00+00:00,2507.67,2512.95,2503.44,2504.34,4999.9283
2025-07-05 16:30:00+00:00,2504.34,2505.84,2491.54,2505.65,13299.4482
2025-07-05 17:00:00+00:00,2505.66,2511.66,2496.15,2500.78,6959.6413
2025-07-05 17:30:00+00:00,2500.77,2504.29,2498.21,2503.6,2094.7376
2025-07-05 18:00:00+00:00,2503.6,2505.18,2493.72,2496.06,4193.2043
2025-07-05 18:30:00+00:00,2496.05,2496.88,2492.23,2492.85,3617.6468
2025-07-05 19:00:00+00:00,2492.85,2499.44,2487.95,2499.43,3946.9943
2025-07-05 19:30:00+00:00,2499.44,2508.44,2498.02,2505.74,2797.0313
2025-07-05 20:00:00+00:00,2505.73,2508.57,2498.28,2498.54,1954.0915
2025-07-05 20:30:00+00:00,2498.55,2507.86,2498.45,2506.23,1165.1995
2025-07-05 21:00:00+00:00,2506.22,2519.26,2506.08,2513.77,3687.0432
2025-07-05 21:30:00+00:00,2513.77,2518.25,2513.77,2516.65,3070.2454
2025-07-05 22:00:00+00:00,2516.65,2518.0,2512.99,2517.16,1962.2762
2025-07-05 22:30:00+00:00,2517.17,2521.94,2515.19,2519.01,2327.5238
2025-07-05 23:00:00+00:00,2519.0,2522.52,2517.85,2518.75,1835.6275
2025-07-05 23:30:00+00:00,2518.76,2520.04,2515.45,2516.41,1502.6169
2025-07-06 00:00:00+00:00,2516.42,2517.17,2512.39,2516.7,2137.918
2025-07-06 00:30:00+00:00,2516.7,2520.84,2513.09,2520.12,1857.373
2025-07-06 01:00:00+00:00,2520.12,2520.17,2514.2,2514.26,2155.7052
2025-07-06 01:30:00+00:00,2514.26,2518.5,2514.21,2517.85,1196.4802
2025-07-06 02:00:00+00:00,2517.86,2520.74,2513.99,2515.5,2756.2903
2025-07-06 02:30:00+00:00,2515.49,2516.33,2513.35,2513.35,1168.4309
2025-07-06 03:00:00+00:00,2513.36,2514.98,2509.79,2509.8,2933.8735
2025-07-06 03:30:00+00:00,2509.79,2515.12,2509.47,2514.77,2483.2906
2025-07-06 04:00:00+00:00,2514.78,2518.0,2511.65,2511.9,2195.1036
2025-07-06 04:30:00+00:00,2511.9,2513.5,2510.69,2512.38,1468.246
2025-07-06 05:00:00+00:00,2512.39,2513.17,2510.52,2512.41,1266.274
2025-07-06 05:30:00+00:00,2512.41,2513.16,2508.66,2510.68,1940.9344
2025-07-06 06:00:00+00:00,2510.68,2526.66,2509.19,2520.57,6795.5617
2025-07-06 06:30:00+00:00,2520.57,2523.41,2517.28,2521.39,3788.9831
2025-07-06 07:00:00+00:00,2521.38,2525.78,2520.0,2521.51,3361.9156
2025-07-06 07:30:00+00:00,2521.51,2521.76,2517.59,2517.85,2090.8758
2025-07-06 08:00:00+00:00,2517.85,2518.44,2509.18,2509.83,6169.2669
2025-07-06 08:30:00+00:00,2509.83,2516.24,2509.41,2513.21,2557.7162
2025-07-06 09:00:00+00:00,2513.21,2515.6,2511.99,2514.91,1482.1978
2025-07-06 09:30:00+00:00,2514.91,2517.85,2506.75,2507.29,4255.1082
2025-07-06 10:00:00+00:00,2507.3,2510.29,2503.5,2510.29,4176.9771
2025-07-06 10:30:00+00:00,2510.28,2513.95,2508.32,2508.32,1614.7602
2025-07-06 11:00:00+00:00,2508.33,2512.43,2507.55,2512.25,1468.2747
2025-07-06 11:30:00+00:00,2512.26,2516.47,2511.58,2516.14,3211.1255
2025-07-06 12:00:00+00:00,2516.14,2516.15,2511.94,2513.01,1899.8748
2025-07-06 12:30:00+00:00,2513.0,2521.53,2513.0,2520.26,4552.2209
2025-07-06 13:00:00+00:00,2520.26,2538.8,2517.35,2534.9,8205.177
2025-07-06 13:30:00+00:00,2534.89,2570.0,2533.88,2558.32,28927.9008
2025-07-06 14:00:00+00:00,2558.32,2563.61,2553.53,2558.05,11708.5041
2025-07-06 14:30:00+00:00,2558.06,2567.5,2547.11,2559.4,15746.7169
2025-07-06 15:00:00+00:00,2559.41,2561.62,2554.78,2558.94,5086.3115
2025-07-06 15:30:00+00:00,2558.94,2561.62,2548.71,2558.72,4611.7117
2025-07-06 16:00:00+00:00,2558.71,2560.81,2550.0,2551.62,5637.8831
2025-07-06 16:30:00+00:00,2551.61,2554.78,2542.68,2552.14,6435.5084
2025-07-06 17:00:00+00:00,2552.13,2552.5,2543.78,2551.61,6441.3359
2025-07-06 17:30:00+00:00,2551.61,2552.5,2546.62,2547.4,4290.616
2025-07-06 18:00:00+00:00,2547.39,2547.48,2535.0,2536.42,6696.9346
2025-07-06 18:30:00+00:00,2536.42,2538.18,2523.33,2532.02,8632.8105
2025-07-06 19:00:00+00:00,2532.03,2538.58,2531.14,2536.7,5464.4127
2025-07-06 19:30:00+00:00,2536.71,2541.9,2531.9,2541.06,2846.7327
2025-07-06 20:00:00+00:00,2541.05,2548.92,2540.06,2545.87,4697.741
2025-07-06 20:30:00+00:00,2545.88,2551.25,2544.73,2545.49,1495.5829
2025-07-06 21:00:00+00:00,2545.49,2569.99,2545.24,2565.31,5333.4774
2025-07-06 21:30:00+00:00,2565.3,2602.38,2565.3,2587.69,35388.2781
2025-07-06 22:00:00+00:00,2587.7,2605.0,2587.7,2598.81,15804.8356
2025-07-06 22:30:00+00:00,2598.83,2598.99,2580.19,2582.31,8072.7148
2025-07-06 23:00:00+00:00,2582.32,2582.92,2563.84,2564.87,9966.3387
2025-07-06 23:30:00+00:00,2564.87,2572.99,2562.27,2570.35,5117.3293
2025-07-07 00:00:00+00:00,2570.35,2574.79,2561.21,2564.28,6827.3567
2025-07-07 00:30:00+00:00,2564.28,2566.08,2555.2,2561.42,5482.2033
2025-07-07 01:00:00+00:00,2561.42,2563.08,2550.46,2560.82,5349.045
2025-07-07 01:30:00+00:00,2560.81,2565.7,2560.69,2563.31,2965.3066
2025-07-07 02:00:00+00:00,2563.3,2584.0,2563.3,2579.04,8998.4658
2025-07-07 02:30:00+00:00,2579.04,2581.84,2572.4,2576.34,5648.6315
2025-07-07 03:00:00+00:00,2576.34,2590.57,2574.46,2586.48,4579.1247
2025-07-07 03:30:00+00:00,2586.47,2586.94,2575.61,2577.42,3600.5465
2025-07-07 04:00:00+00:00,2577.41,2580.64,2572.97,2575.35,6329.8496
2025-07-07 04:30:00+00:00,2575.35,2575.74,2570.16,2573.43,2321.6484
2025-07-07 05:00:00+00:00,2573.44,2577.9,2572.2,2572.7,3020.8202
2025-07-07 05:30:00+00:00,2572.7,2574.83,2566.36,2569.49,3620.641
2025-07-07 06:00:00+00:00,2569.49,2576.79,2563.57,2574.86,4306.4039
2025-07-07 06:30:00+00:00,2574.87,2575.56,2563.9,2565.56,4163.3929
2025-07-07 07:00:00+00:00,2565.57,2573.47,2560.0,2570.0,4544.2447
2025-07-07 07:30:00+00:00,2570.0,2579.63,2567.03,2578.34,3632.7367
2025-07-07 08:00:00+00:00,2578.33,2579.22,2570.68,2574.83,4783.2912
2025-07-07 08:30:00+00:00,2574.84,2588.42,2574.34,2585.13,7030.3855
2025-07-07 09:00:00+00:00,2585.13,2585.4,2574.57,2578.25,4989.814
2025-07-07 09:30:00+00:00,2578.25,2578.73,2566.68,2572.27,6013.4158
2025-07-07 10:00:00+00:00,2572.28,2572.28,2559.5,2560.23,7453.7658
2025-07-07 10:30:00+00:00,2560.22,2564.12,2558.51,2558.66,3107.4023
2025-07-07 11:00:00+00:00,2558.67,2562.63,2552.57,2559.69,5217.4168
2025-07-07 11:30:00+00:00,2559.69,2566.19,2558.65,2562.99,4275.0717
2025-07-07 12:00:00+00:00,2562.99,2564.71,2543.97,2549.83,7905.9328
2025-07-07 12:30:00+00:00,2549.83,2555.46,2545.49,2548.92,7207.0445
2025-07-07 13:00:00+00:00,2548.93,2558.38,2535.77,2557.81,13821.3831
2025-07-07 13:30:00+00:00,2557.88,2569.12,2548.9,2566.01,12169.6881
2025-07-07 14:00:00+00:00,2566.02,2568.38,2536.59,2542.73,16688.6583
2025-07-07 14:30:00+00:00,2542.72,2542.72,2529.67,2531.65,13268.8722
2025-07-07 15:00:00+00:00,2531.65,2544.0,2527.5,2541.02,10547.0926
2025-07-07 15:30:00+00:00,2541.02,2543.64,2532.65,2533.81,6316.8557
2025-07-07 16:00:00+00:00,2533.81,2542.54,2512.0,2531.26,24701.7061
2025-07-07 16:30:00+00:00,2531.27,2536.6,2522.49,2524.21,11924.0619
2025-07-07 17:00:00+00:00,2524.2,2536.61,2517.0,2535.89,10132.5549
2025-07-07 17:30:00+00:00,2535.89,2548.0,2530.06,2533.15,7603.4251
2025-07-07 18:00:00+00:00,2533.15,2538.46,2520.53,2521.76,6806.2735
2025-07-07 18:30:00+00:00,2521.76,2546.45,2521.27,2544.24,7600.4315
2025-07-07 19:00:00+00:00,2544.23,2557.49,2539.71,2550.5,8402.6037
2025-07-07 19:30:00+00:00,2550.5,2555.03,2541.46,2543.97,5388.9153
2025-07-07 20:00:00+00:00,2543.97,2543.97,2530.97,2539.39,5122.5526
2025-07-07 20:30:00+00:00,2539.39,2544.49,2530.0,2534.17,4285.8385
2025-07-07 21:00:00+00:00,2534.17,2536.86,2523.33,2525.19,3741.7966
2025-07-07 21:30:00+00:00,2525.2,2542.13,2523.66,2539.68,4555.0505
2025-07-07 22:00:00+00:00,2539.68,2542.0,2529.66,2530.11,2842.6752
2025-07-07 22:30:00+00:00,2530.11,2537.59,2529.85,2536.33,1792.1252
2025-07-07 23:00:00+00:00,2536.34,2543.12,2536.33,2539.91,2046.3693
2025-07-07 23:30:00+00:00,2539.91,2545.45,2539.77,2542.29,2574.6394
2025-07-08 00:00:00+00:00,2542.3,2553.04,2540.12,2553.04,5527.1196
2025-07-08 00:30:00+00:00,2553.03,2554.56,2537.6,2540.58,8174.0768
2025-07-08 01:00:00+00:00,2540.58,2540.58,2532.0,2532.35,5484.3588
2025-07-08 01:30:00+00:00,2532.34,2536.94,2526.82,2526.96,4521.6172
2025-07-08 02:00:00+00:00,2526.95,2537.71,2523.59,2537.27,7819.0939
2025-07-08 02:30:00+00:00,2537.28,2538.48,2524.61,2528.01,6347.7737
2025-07-08 03:00:00+00:00,2528.0,2536.4,2527.4,2535.19,3897.7189
2025-07-08 03:30:00+00:00,2535.18,2540.05,2534.0,2538.34,3608.1668
2025-07-08 04:00:00+00:00,2538.33,2538.34,2532.0,2535.98,3653.8384
2025-07-08 04:30:00+00:00,2535.99,2544.47,2535.99,2543.63,4266.8396
2025-07-08 05:00:00+00:00,2543.64,2548.56,2542.06,2548.41,4604.0847
2025-07-08 05:30:00+00:00,2548.42,2552.17,2546.11,2552.15,5752.3318
2025-07-08 06:00:00+00:00,2552.15,2556.62,2550.21,2551.79,6619.9041
2025-07-08 06:30:00+00:00,2551.79,2563.8,2551.78,2559.07,6069.3917
2025-07-08 07:00:00+00:00,2559.07,2559.36,2547.49,2550.04,5419.7212
2025-07-08 07:30:00+00:00,2550.04,2555.42,2548.17,2553.42,5032.46
2025-07-08 08:00:00+00:00,2553.42,2560.99,2550.5,2552.26,4765.8728
2025-07-08 08:30:00+00:00,2552.26,2553.72,2546.01,2546.18,4290.0021
2025-07-08 09:00:00+00:00,2546.19,2550.6,2543.33,2549.88,3844.4051
2025-07-08 09:30:00+00:00,2549.88,2555.33,2549.58,2552.01,4033.0448
2025-07-08 10:00:00+00:00,2552.01,2561.82,2550.5,2558.99,3900.2104
2025-07-08 10:30:00+00:00,2558.99,2566.64,2558.64,2565.97,9011.245
2025-07-08 11:00:00+00:00,2565.98,2585.38,2562.99,2575.6,13861.4705
2025-07-08 11:30:00+00:00,2575.61,2578.18,2574.26,2575.15,4191.1211
2025-07-08 12:00:00+00:00,2575.16,2580.0,2571.47,2573.92,5662.4753
2025-07-08 12:30:00+00:00,2573.91,2584.92,2573.28,2583.07,6391.3592
2025-07-08 13:00:00+00:00,2583.06,2586.42,2576.86,2578.86,5568.3788
2025-07-08 13:30:00+00:00,2578.86,2600.62,2571.05,2588.11,23009.8757
2025-07-08 14:00:00+00:00,2588.1,2588.91,2566.35,2570.34,12192.7038
2025-07-08 14:30:00+00:00,2570.34,2580.0,2557.86,2563.99,9651.2571
2025-07-08 15:00:00+00:00,2564.0,2569.65,2559.36,2559.88,8101.9901
2025-07-08 15:30:00+00:00,2559.89,2567.4,2558.71,2564.68,6451.3618
2025-07-08 16:00:00+00:00,2564.68,2580.97,2559.68,2576.37,8799.7754
2025-07-08 16:30:00+00:00,2576.37,2581.67,2566.89,2576.17,6987.7852
2025-07-08 17:00:00+00:00,2576.18,2620.0,2575.28,2610.04,37838.4305
2025-07-08 17:30:00+00:00,2610.03,2628.21,2606.79,2616.65,22017.9942
2025-07-08 18:00:00+00:00,2616.64,2621.72,2611.57,2614.89,13625.4801
2025-07-08 18:30:00+00:00,2614.88,2625.89,2612.4,2625.06,12311.7546
2025-07-08 19:00:00+00:00,2625.07,2625.54,2609.99,2611.99,16466.5029
2025-07-08 19:30:00+00:00,2612.0,2612.64,2601.57,2610.61,6622.4504
2025-07-08 20:00:00+00:00,2610.61,2614.58,2602.8,2612.49,3840.4663
2025-07-08 20:30:00+00:00,2612.49,2612.75,2598.41,2598.42,3460.2796
2025-07-08 21:00:00+00:00,2598.42,2607.65,2596.85,2607.64,5708.7957
2025-07-08 21:30:00+00:00,2607.65,2612.66,2603.25,2609.27,6036.3241
2025-07-08 22:00:00+00:00,2609.28,2612.65,2602.29,2606.33,3214.5008
2025-07-08 22:30:00+00:00,2606.32,2611.1,2605.25,2610.56,2537.3927
2025-07-08 23:00:00+00:00,2610.56,2615.62,2607.08,2610.25,5288.376
2025-07-08 23:30:00+00:00,2610.26,2617.7,2610.16,2615.25,4434.1528
2025-07-09 00:00:00+00:00,2615.25,2616.16,2604.13,2604.14,3542.7042
2025-07-09 00:30:00+00:00,2604.13,2614.54,2603.25,2613.27,2416.1226
2025-07-09 01:00:00+00:00,2613.26,2626.72,2607.11,2607.13,6691.5597
2025-07-09 01:30:00+00:00,2607.14,2608.5,2599.74,2605.0,5551.278
2025-07-09 02:00:00+00:00,2605.0,2610.0,2602.0,2604.5,3686.5844
2025-07-09 02:30:00+00:00,2604.5,2607.91,2601.42,2602.81,4434.8295
2025-07-09 03:00:00+00:00,2602.82,2607.07,2592.01,2598.4,4981.2489
2025-07-09 03:30:00+00:00,2598.39,2599.8,2589.78,2591.75,4755.5672
2025-07-09 04:00:00+00:00,2591.74,2595.74,2590.98,2595.29,3100.0793
2025-07-09 04:30:00+00:00,2595.28,2603.38,2595.2,2603.06,4277.6187
2025-07-09 05:00:00+00:00,2603.05,2613.0,2601.99,2605.65,5999.3517
2025-07-09 05:30:00+00:00,2605.65,2647.0,2605.16,2628.21,26453.6793
2025-07-09 06:00:00+00:00,2628.2,2629.93,2618.05,2626.78,8440.1764
2025-07-09 06:30:00+00:00,2626.79,2633.4,2623.8,2631.22,5303.0029
2025-07-09 07:00:00+00:00,2631.22,2634.5,2625.31,2628.64,5620.4402
2025-07-09 07:30:00+00:00,2628.63,2630.0,2621.53,2624.86,6532.0056
2025-07-09 08:00:00+00:00,2624.86,2626.17,2617.03,2622.58,6456.6522
2025-07-09 08:30:00+00:00,2622.58,2624.21,2610.85,2611.8,6494.6217
2025-07-09 09:00:00+00:00,2611.8,2614.95,2604.37,2611.0,8101.5297
2025-07-09 09:30:00+00:00,2611.0,2613.64,2607.96,2611.16,4033.6772
2025-07-09 10:00:00+00:00,2611.16,2615.16,2606.49,2613.24,4515.8868
2025-07-09 10:30:00+00:00,2613.25,2621.5,2613.15,2618.08,5248.2673
2025-07-09 11:00:00+00:00,2618.09,2625.32,2618.02,2623.36,4874.3459
2025-07-09 11:30:00+00:00,2623.36,2630.31,2616.64,2626.43,8668.0703
2025-07-09 12:00:00+00:00,2626.43,2664.5,2623.95,2662.55,34657.8676
2025-07-09 12:30:00+00:00,2662.56,2667.01,2656.14,2660.01,22824.2401
2025-07-09 13:00:00+00:00,2660.0,2669.0,2659.1,2662.99,21569.2692
2025-07-09 13:30:00+00:00,2662.99,2674.81,2652.91,2654.7,26028.1152
2025-07-09 14:00:00+00:00,2654.71,2669.73,2647.65,2649.85,23927.1422
2025-07-09 14:30:00+00:00,2649.86,2650.22,2629.51,2642.23,25104.5019
2025-07-09 15:00:00+00:00,2642.22,2654.38,2641.21,2651.08,12182.4025
2025-07-09 15:30:00+00:00,2651.08,2658.03,2646.2,2656.83,8275.3226
2025-07-09 16:00:00+00:00,2656.84,2663.86,2652.41,2661.21,8241.5695
2025-07-09 16:30:00+00:00,2661.22,2668.89,2658.83,2666.29,9389.6362
2025-07-09 17:00:00+00:00,2666.29,2668.4,2656.6,2661.57,10846.4329
2025-07-09 17:30:00+00:00,2661.56,2663.06,2653.06,2662.13,7977.3948
2025-07-09 18:00:00+00:00,2662.14,2723.98,2661.51,2719.12,63143.7989
2025-07-09 18:30:00+00:00,2719.12,2721.19,2708.78,2718.33,22494.7882
2025-07-09 19:00:00+00:00,2718.34,2744.99,2717.02,2742.74,26892.6246
2025-07-09 19:30:00+00:00,2742.74,2795.74,2736.49,2765.01,69883.6081
2025-07-09 20:00:00+00:00,2765.01,2766.91,2738.84,2745.56,29701.187
2025-07-09 20:30:00+00:00,2745.56,2745.57,2731.72,2738.03,33839.1399
2025-07-09 21:00:00+00:00,2738.02,2753.71,2735.44,2751.38,16519.569
2025-07-09 21:30:00+00:00,2751.38,2758.66,2742.36,2753.26,10240.5401
2025-07-09 22:00:00+00:00,2753.27,2780.44,2753.27,2765.14,17915.7575
2025-07-09 22:30:00+00:00,2765.14,2782.9,2762.95,2780.0,16368.5984
2025-07-09 23:00:00+00:00,2780.01,2783.16,2771.81,2777.16,9219.0267
2025-07-09 23:30:00+00:00,2777.17,2779.96,2766.5,2768.74,8697.5444
2025-07-10 00:00:00+00:00,2768.74,2773.3,2764.19,2766.66,11571.5983
2025-07-10 00:30:00+00:00,2766.66,2770.41,2756.67,2756.67,10847.3146
2025-07-10 01:00:00+00:00,2756.66,2774.43,2755.5,2770.27,9255.7807
2025-07-10 01:30:00+00:00,2770.27,2778.22,2767.73,2774.38,7310.3168
2025-07-10 02:00:00+00:00,2774.38,2798.0,2773.74,2785.0,20364.0063
2025-07-10 02:30:00+00:00,2785.0,2789.26,2776.32,2783.43,10950.4335
2025-07-10 03:00:00+00:00,2783.42,2790.73,2776.47,2777.93,7124.3993
2025-07-10 03:30:00+00:00,2777.93,2779.2,2770.87,2776.13,6277.1436
2025-07-10 04:00:00+00:00,2776.13,2776.13,2765.53,2771.23,8346.3979
2025-07-10 04:30:00+00:00,2771.24,2779.93,2771.23,2779.1,13127.2352
2025-07-10 05:00:00+00:00,2779.09,2782.22,2772.96,2779.6,9842.5196
2025-07-10 05:30:00+00:00,2779.6,2785.28,2774.28,2781.8,7754.0947
2025-07-10 06:00:00+00:00,2781.8,2791.94,2780.0,2789.76,14267.7153
2025-07-10 06:30:00+00:00,2789.76,2799.91,2786.99,2795.7,19802.4362
2025-07-10 07:00:00+00:00,2795.7,2823.18,2793.12,2808.99,54462.5587
2025-07-10 07:30:00+00:00,2808.99,2815.07,2787.12,2791.09,25778.5523
2025-07-10 08:00:00+00:00,2791.08,2794.54,2783.04,2789.38,30098.2288
2025-07-10 08:30:00+00:00,2789.38,2797.0,2784.99,2788.5,8810.3694
2025-07-10 09:00:00+00:00,2788.5,2790.0,2779.76,2783.59,7865.3611
2025-07-10 09:30:00+00:00,2783.59,2784.39,2774.78,2778.23,6740.4429
2025-07-10 10:00:00+00:00,2778.24,2781.23,2772.0,2775.6,8149.7134
2025-07-10 10:30:00+00:00,2775.61,2787.0,2775.49,2784.93,7005.3411
2025-07-10 11:00:00+00:00,2784.93,2784.93,2778.04,2780.2,5313.4709
2025-07-10 11:30:00+00:00,2780.2,2780.21,2773.12,2778.69,6551.4897
2025-07-10 12:00:00+00:00,2778.69,2778.69,2767.67,2775.74,13035.3631
2025-07-10 12:30:00+00:00,2775.73,2780.25,2772.0,2778.74,9428.603
2025-07-10 13:00:00+00:00,2778.73,2790.37,2777.21,2789.01,10776.452
2025-07-10 13:30:00+00:00,2789.01,2795.0,2772.57,2784.81,19708.777
2025-07-10 14:00:00+00:00,2784.81,2792.62,2758.78,2764.79,22831.7991
2025-07-10 14:30:00+00:00,2764.79,2778.55,2763.5,2776.51,9727.9873
2025-07-10 15:00:00+00:00,2776.51,2777.17,2761.9,2773.53,10303.4562
2025-07-10 15:30:00+00:00,2773.54,2775.18,2759.27,2769.32,8771.1316
2025-07-10 16:00:00+00:00,2769.32,2811.0,2769.03,2806.07,27703.0007
2025-07-10 16:30:00+00:00,2806.07,2813.01,2794.6,2808.3,28879.8497
2025-07-10 17:00:00+00:00,2808.3,2830.2,2802.0,2815.66,39460.6175
2025-07-10 17:30:00+00:00,2815.66,2834.96,2810.59,2830.37,19739.2907
2025-07-10 18:00:00+00:00,2830.38,2840.69,2806.87,2810.28,22517.1632
2025-07-10 18:30:00+00:00,2810.27,2813.5,2795.78,2811.39,16376.9926
2025-07-10 19:00:00+00:00,2811.39,2821.88,2810.29,2813.84,12655.7995
2025-07-10 19:30:00+00:00,2813.83,2820.21,2806.75,2816.21,7539.3131
2025-07-10 20:00:00+00:00,2816.21,2824.34,2813.13,2823.9,8327.7124
2025-07-10 20:30:00+00:00,2823.9,2826.49,2816.38,2818.56,7122.3003
2025-07-10 21:00:00+00:00,2818.56,2927.0,2817.16,2905.76,92402.4751
2025-07-10 21:30:00+00:00,2905.75,3000.0,2894.23,2972.17,136778.8497
2025-07-10 22:00:00+00:00,2972.17,2978.8,2952.44,2955.72,50754.4751
2025-07-10 22:30:00+00:00,2955.72,2976.99,2952.62,2973.88,21948.8868
2025-07-10 23:00:00+00:00,2973.88,2974.63,2946.63,2948.77,16748.3284
2025-07-10 23:30:00+00:00,2948.78,2956.4,2935.46,2951.29,20740.5256
2025-07-11 00:00:00+00:00,2951.29,2958.0,2913.75,2922.94,30359.9404
2025-07-11 00:30:00+00:00,2922.95,2943.09,2917.74,2937.17,15365.328
2025-07-11 01:00:00+00:00,2937.17,2951.66,2933.55,2949.45,12568.8475
2025-07-11 01:30:00+00:00,2949.45,2957.24,2945.55,2955.09,17760.3887
2025-07-11 02:00:00+00:00,2955.08,2966.66,2952.0,2958.33,19158.8062
2025-07-11 02:30:00+00:00,2958.33,2968.88,2955.37,2965.15,12851.0624
2025-07-11 03:00:00+00:00,2965.15,2975.0,2962.15,2972.38,10929.2434
2025-07-11 03:30:00+00:00,2972.37,2974.24,2957.36,2969.74,10992.6466
2025-07-11 04:00:00+00:00,2969.75,2970.18,2961.38,2963.99,8207.005
2025-07-11 04:30:00+00:00,2963.98,2971.21,2946.02,2970.23,11961.6807
2025-07-11 05:00:00+00:00,2970.24,2998.56,2967.7,2994.49,25605.1877
2025-07-11 05:30:00+00:00,2994.49,3029.55,2987.16,3004.87,60087.019
2025-07-11 06:00:00+00:00,3004.88,3026.75,3003.36,3017.0,22914.4511
2025-07-11 06:30:00+00:00,3017.0,3018.37,2985.75,2989.2,27267.9547
2025-07-11 07:00:00+00:00,2989.2,3002.54,2979.28,2999.45,19679.4419
2025-07-11 07:30:00+00:00,2999.45,3002.78,2966.77,2968.49,29706.2752
2025-07-11 08:00:00+00:00,2968.81,2984.87,2963.51,2984.26,14211.8095
2025-07-11 08:30:00+00:00,2984.26,3008.52,2979.52,3003.33,21066.7235
2025-07-11 09:00:00+00:00,3003.32,3019.38,2996.45,3016.53,19151.9671
2025-07-11 09:30:00+00:00,3016.53,3040.15,3008.78,3014.99,34352.5232
2025-07-11 10:00:00+00:00,3015.0,3015.05,2992.03,3011.3,35452.5553
2025-07-11 10:30:00+00:00,3011.3,3011.9,2996.7,3002.99,10409.4867
2025-07-11 11:00:00+00:00,3003.0,3006.0,2979.66,2985.9,23864.1337
2025-07-11 11:30:00+00:00,2985.89,2990.81,2968.6,2984.0,17969.7346
2025-07-11 12:00:00+00:00,2984.01,2993.25,2971.99,2972.75,18037.5537
2025-07-11 12:30:00+00:00,2972.75,2988.99,2970.11,2986.39,12769.6034
2025-07-11 13:00:00+00:00,2986.39,3002.0,2984.0,2996.62,18142.305
2025-07-11 13:30:00+00:00,2996.63,3009.64,2975.26,3002.85,28527.7845
2025-07-11 14:00:00+00:00,3002.86,3006.49,2986.5,2996.2,16558.1532
2025-07-11 14:30:00+00:00,2996.19,3006.6,2980.73,2988.73,19070.0518
2025-07-11 15:00:00+00:00,2988.73,2993.55,2967.11,2984.44,24192.7246
2025-07-11 15:30:00+00:00,2984.44,2996.5,2939.36,2951.09,45771.1232
2025-07-11 16:00:00+00:00,2951.09,2968.94,2936.46,2967.29,30088.486
2025-07-11 16:30:00+00:00,2967.29,2972.19,2939.74,2967.54,20593.8779
2025-07-11 17:00:00+00:00,2967.54,2999.57,2964.0,2990.0,20288.7993
2025-07-11 17:30:00+00:00,2989.99,2994.0,2976.78,2993.31,7532.3196
2025-07-11 18:00:00+00:00,2993.31,2998.92,2983.52,2985.22,9178.0772
2025-07-11 18:30:00+00:00,2985.23,2995.84,2983.51,2995.57,6568.0032
2025-07-11 19:00:00+00:00,2995.58,3010.39,2978.44,2991.61,16596.1864
2025-07-11 19:30:00+00:00,2991.62,3008.21,2987.06,3007.6,10332.308
2025-07-11 20:00:00+00:00,3007.6,3010.0,2995.83,2997.79,10116.2148
2025-07-11 20:30:00+00:00,2997.8,2998.15,2973.61,2974.8,10488.7753
2025-07-11 21:00:00+00:00,2974.8,2996.4,2968.78,2996.39,10609.9604
2025-07-11 21:30:00+00:00,2996.4,2996.5,2957.27,2966.44,14639.2264
2025-07-11 22:00:00+00:00,2966.43,2971.3,2923.32,2931.58,18778.5386
2025-07-11 22:30:00+00:00,2931.57,2955.88,2926.0,2950.49,16025.0638
2025-07-11 23:00:00+00:00,2950.49,2961.06,2949.0,2958.57,6123.2585
2025-07-11 23:30:00+00:00,2958.54,2959.69,2951.8,2958.22,3916.562
2025-07-12 00:00:00+00:00,2958.21,2966.9,2945.68,2954.21,6675.1591
2025-07-12 00:30:00+00:00,2954.22,2954.23,2932.0,2952.49,11356.4787
2025-07-12 01:00:00+00:00,2952.5,2966.0,2952.49,2964.75,9055.0911
2025-07-12 01:30:00+00:00,2964.75,2966.5,2957.51,2958.58,3800.1401
2025-07-12 02:00:00+00:00,2958.58,2968.0,2957.39,2967.29,3838.411
2025-07-12 02:30:00+00:00,2967.3,2970.85,2954.03,2956.64,5715.1387
2025-07-12 03:00:00+00:00,2956.64,2968.73,2955.09,2967.23,3773.9456
2025-07-12 03:30:00+00:00,2967.24,2968.0,2959.19,2966.09,3555.2446
2025-07-12 04:00:00+00:00,2966.1,2968.6,2960.46,2967.38,5729.9802
2025-07-12 04:30:00+00:00,2967.38,2967.79,2937.7,2951.47,11884.0647
2025-07-12 05:00:00+00:00,2951.46,2954.49,2943.62,2952.34,5941.6386
2025-07-12 05:30:00+00:00,2952.33,2957.69,2950.54,2952.81,4663.4992
2025-07-12 06:00:00+00:00,2952.8,2956.56,2945.1,2955.3,5524.3193
2025-07-12 06:30:00+00:00,2955.3,2963.0,2953.09,2959.87,5359.5327
2025-07-12 07:00:00+00:00,2959.87,2977.94,2959.06,2971.19,10872.3743
2025-07-12 07:30:00+00:00,2971.2,2971.2,2961.5,2962.85,4763.6316
2025-07-12 08:00:00+00:00,2962.84,2970.0,2962.84,2968.01,4551.7141
2025-07-12 08:30:00+00:00,2968.0,2968.19,2957.51,2966.74,10320.5198
2025-07-12 09:00:00+00:00,2966.74,2970.98,2962.11,2969.18,5383.0214
2025-07-12 09:30:00+00:00,2969.19,2976.67,2968.0,2974.08,5282.6201
2025-07-12 10:00:00+00:00,2974.08,2977.16,2967.28,2975.91,4084.2539
2025-07-12 10:30:00+00:00,2975.92,2979.62,2972.63,2975.82,4974.1837
2025-07-12 11:00:00+00:00,2975.82,2977.24,2968.62,2974.98,5270.7357
2025-07-12 11:30:00+00:00,2974.99,2979.78,2961.21,2963.39,8450.1307
2025-07-12 12:00:00+00:00,2963.39,2967.59,2947.77,2949.24,7268.0271
2025-07-12 12:30:00+00:00,2949.23,2953.42,2917.42,2943.31,26932.9259
2025-07-12 13:00:00+00:00,2943.3,2943.3,2925.67,2927.8,12912.0872
2025-07-12 13:30:00+00:00,2927.79,2940.0,2917.98,2939.79,14117.8697
2025-07-12 14:00:00+00:00,2939.8,2949.46,2932.84,2946.71,8836.5537
2025-07-12 14:30:00+00:00,2946.71,2946.71,2923.78,2928.3,8175.0903
2025-07-12 15:00:00+00:00,2928.31,2931.2,2916.51,2926.09,13801.7498
2025-07-12 15:30:00+00:00,2926.1,2930.39,2903.85,2916.05,21719.5335
2025-07-12 16:00:00+00:00,2916.05,2933.58,2910.49,2928.78,9850.8611
2025-07-12 16:30:00+00:00,2928.79,2935.28,2923.08,2924.49,7441.0096
2025-07-12 17:00:00+00:00,2924.49,2942.0,2921.5,2940.68,5972.8077
2025-07-12 17:30:00+00:00,2940.67,2943.29,2936.09,2941.27,4487.1956
2025-07-12 18:00:00+00:00,2941.27,2942.01,2935.75,2938.4,3414.0929
2025-07-12 18:30:00+00:00,2938.4,2944.69,2937.93,2942.37,3931.1409
2025-07-12 19:00:00+00:00,2942.36,2945.83,2934.29,2935.85,4201.138
2025-07-12 19:30:00+00:00,2935.85,2943.0,2935.69,2941.18,3576.4655
2025-07-12 20:00:00+00:00,2941.18,2943.05,2929.05,2934.4,7510.8697
2025-07-12 20:30:00+00:00,2934.4,2934.41,2917.02,2917.02,6430.5196
2025-07-12 21:00:00+00:00,2917.02,2936.1,2915.0,2933.49,6453.0606
2025-07-12 21:30:00+00:00,2933.5,2939.92,2929.73,2939.19,4175.2868
2025-07-12 22:00:00+00:00,2939.2,2940.99,2925.65,2936.74,4597.0924
2025-07-12 22:30:00+00:00,2936.75,2939.5,2930.86,2938.05,3604.5399
2025-07-12 23:00:00+00:00,2938.05,2940.0,2930.74,2937.64,3685.835
2025-07-12 23:30:00+00:00,2937.64,2948.0,2933.92,2943.28,4963.3063
2025-07-13 00:00:00+00:00,2943.29,2947.88,2936.49,2946.56,4640.0435
2025-07-13 00:30:00+00:00,2946.56,2950.0,2940.49,2944.89,4100.1266
2025-07-13 01:00:00+00:00,2944.9,2948.42,2939.3,2945.39,4116.5261
2025-07-13 01:30:00+00:00,2945.4,2953.0,2941.61,2949.57,5860.2668
2025-07-13 02:00:00+00:00,2949.57,2949.57,2940.09,2941.34,2744.1786
2025-07-13 02:30:00+00:00,2941.33,2960.7,2938.5,2954.01,5035.7635
2025-07-13 03:00:00+00:00,2954.01,2956.9,2948.62,2955.55,2659.0912
2025-07-13 03:30:00+00:00,2955.55,2958.88,2952.78,2955.1,3255.5923
2025-07-13 04:00:00+00:00,2955.11,2957.04,2951.39,2952.67,2333.404
2025-07-13 04:30:00+00:00,2952.67,2959.52,2951.99,2958.67,3641.5171
2025-07-13 05:00:00+00:00,2958.67,2963.4,2954.37,2955.68,4359.5372
2025-07-13 05:30:00+00:00,2955.68,2959.29,2949.89,2950.66,3638.0349
2025-07-13 06:00:00+00:00,2950.66,2957.4,2949.64,2954.87,2173.2031
2025-07-13 06:30:00+00:00,2954.87,2967.97,2954.87,2959.82,6183.1904
2025-07-13 07:00:00+00:00,2959.83,2961.66,2956.49,2960.07,3274.4747
2025-07-13 07:30:00+00:00,2960.07,2965.66,2960.0,2962.94,3718.0203
2025-07-13 08:00:00+00:00,2962.95,2964.45,2955.99,2958.73,7657.7609
2025-07-13 08:30:00+00:00,2958.73,2959.29,2951.8,2955.88,3080.6412
2025-07-13 09:00:00+00:00,2955.89,2957.42,2950.01,2951.44,3344.7341
2025-07-13 09:30:00+00:00,2951.44,2951.44,2944.49,2949.29,3992.6037
2025-07-13 10:00:00+00:00,2949.29,2957.21,2949.29,2954.26,2572.1447
2025-07-13 10:30:00+00:00,2954.27,2954.42,2945.63,2948.45,2560.6491
2025-07-13 11:00:00+00:00,2948.46,2965.66,2948.46,2963.57,5060.078
2025-07-13 11:30:00+00:00,2963.56,2965.2,2959.75,2964.58,5508.8573
2025-07-13 12:00:00+00:00,2964.57,2967.6,2958.92,2965.2,5131.5215
2025-07-13 12:30:00+00:00,2965.2,2993.76,2963.51,2986.06,21718.6185
2025-07-13 13:00:00+00:00,2986.07,2990.89,2973.54,2979.33,11084.1761
2025-07-13 13:30:00+00:00,2979.33,2995.0,2979.32,2989.64,13837.3368
2025-07-13 14:00:00+00:00,2989.65,3020.31,2984.0,3006.87,34374.8216
2025-07-13 14:30:00+00:00,3006.88,3006.88,2976.66,2987.85,21685.2497
2025-07-13 15:00:00+00:00,2987.86,3005.28,2985.0,2999.01,12077.5968
2025-07-13 15:30:00+00:00,2999.0,2999.0,2984.13,2992.43,9705.3673
2025-07-13 16:00:00+00:00,2992.43,3000.0,2987.02,2991.45,8155.8422
2025-07-13 16:30:00+00:00,2991.44,2992.79,2972.78,2974.58,11449.9543
2025-07-13 17:00:00+00:00,2974.58,2988.76,2962.65,2987.87,9841.524
2025-07-13 17:30:00+00:00,2987.87,2996.7,2987.87,2991.82,5604.1511
2025-07-13 18:00:00+00:00,2991.83,3001.87,2987.27,2998.17,6185.2186
2025-07-13 18:30:00+00:00,2998.18,3000.29,2990.82,2994.0,3763.8829
2025-07-13 19:00:00+00:00,2994.0,3005.0,2992.5,3002.43,5266.1148
2025-07-13 19:30:00+00:00,3002.43,3010.65,2988.1,2989.45,9182.6717
2025-07-13 20:00:00+00:00,2989.46,2993.49,2980.12,2992.36,6108.8051
2025-07-13 20:30:00+00:00,2992.35,2998.92,2986.34,2991.91,4134.6964
2025-07-13 21:00:00+00:00,2991.9,2991.91,2982.21,2983.39,5101.6024
2025-07-13 21:30:00+00:00,2983.38,2984.64,2940.24,2964.99,25890.2342
2025-07-13 22:00:00+00:00,2964.99,2965.07,2946.31,2956.3,14885.6106
2025-07-13 22:30:00+00:00,2956.3,2969.68,2955.74,2959.2,5546.2529
2025-07-13 23:00:00+00:00,2959.19,2966.73,2953.96,2962.51,5045.4498
2025-07-13 23:30:00+00:00,2962.52,2979.47,2961.23,2972.03,6046.363
2025-07-14 00:00:00+00:00,2972.03,2988.0,2967.66,2979.5,9041.2216
2025-07-14 00:30:00+00:00,2979.5,2987.48,2974.82,2975.41,6700.008
2025-07-14 01:00:00+00:00,2975.4,2978.61,2965.52,2966.54,5491.6016
2025-07-14 01:30:00+00:00,2966.53,2977.83,2962.81,2974.31,6142.7911
2025-07-14 02:00:00+00:00,2974.3,3009.62,2972.49,3003.6,13723.3818
2025-07-14 02:30:00+00:00,3003.6,3016.29,2992.31,3000.59,19931.2087
2025-07-14 03:00:00+00:00,3000.6,3018.0,2997.0,3016.61,16105.3948
2025-07-14 03:30:00+00:00,3016.61,3051.26,3011.66,3037.36,48195.6272
2025-07-14 04:00:00+00:00,3037.35,3051.89,3029.4,3048.36,21432.1116
2025-07-14 04:30:00+00:00,3048.35,3058.6,3041.31,3053.01,18189.2648
2025-07-14 05:00:00+00:00,3053.01,3065.57,3039.08,3049.8,31151.9372
2025-07-14 05:30:00+00:00,3049.79,3051.74,3016.91,3040.23,31271.2755
2025-07-14 06:00:00+00:00,3040.22,3045.01,3024.7,3035.27,22855.5135
2025-07-14 06:30:00+00:00,3035.26,3035.26,3020.0,3023.66,15706.2286
2025-07-14 07:00:00+00:00,3023.65,3034.89,3022.07,3028.87,11466.7115
2025-07-14 07:30:00+00:00,3028.82,3051.26,3028.82,3045.02,23994.31
2025-07-14 08:00:00+00:00,3045.02,3045.59,3023.08,3026.12,15787.6875
2025-07-14 08:30:00+00:00,3026.12,3041.34,3024.03,3039.77,9590.8306
2025-07-14 09:00:00+00:00,3039.77,3049.97,3035.21,3041.5,15816.351
2025-07-14 09:30:00+00:00,3041.49,3074.18,3035.96,3044.71,31518.6803
2025-07-14 10:00:00+00:00,3044.71,3061.34,3029.6,3059.47,17827.315
2025-07-14 10:30:00+00:00,3059.46,3079.39,3056.57,3066.78,27273.583
2025-07-14 11:00:00+00:00,3066.78,3083.0,3055.48,3063.15,19863.0813
2025-07-14 11:30:00+00:00,3063.16,3074.64,3050.18,3051.72,16005.1591
2025-07-14 12:00:00+00:00,3051.71,3057.37,3038.13,3045.31,17597.8386
2025-07-14 12:30:00+00:00,3045.4,3051.25,3034.4,3050.94,14823.9337
2025-07-14 13:00:00+00:00,3050.93,3056.99,3039.88,3046.36,12552.1622
2025-07-14 13:30:00+00:00,3046.37,3065.76,3031.48,3056.26,21420.9992
2025-07-14 14:00:00+00:00,3056.26,3068.33,3035.4,3045.29,16576.5337
2025-07-14 14:30:00+00:00,3045.29,3045.7,3019.51,3029.49,31268.0793
2025-07-14 15:00:00+00:00,3029.49,3032.99,3013.54,3031.61,24375.7084
2025-07-14 15:30:00+00:00,3031.61,3033.03,2993.2,3012.49,34641.0359
2025-07-14 16:00:00+00:00,3012.48,3025.45,2999.91,3023.71,23301.4494
2025-07-14 16:30:00+00:00,3023.7,3029.96,3014.84,3025.54,13001.7138
2025-07-14 17:00:00+00:00,3025.54,3025.55,3008.0,3012.18,13613.7954
2025-07-14 17:30:00+00:00,3012.18,3018.13,3003.66,3008.86,9609.946
2025-07-14 18:00:00+00:00,3008.87,3012.96,2992.3,3008.52,13377.4916
2025-07-14 18:30:00+00:00,3008.52,3012.95,2983.0,2989.5,18961.9461
2025-07-14 19:00:00+00:00,2989.5,3000.35,2985.88,2996.28,14014.1779
2025-07-14 19:30:00+00:00,2996.29,3003.51,2992.12,3000.33,15892.7169
2025-07-14 20:00:00+00:00,3000.35,3002.05,2980.97,3001.7,14008.6333
2025-07-14 20:30:00+00:00,3001.71,3011.5,2998.85,3003.98,10763.734
2025-07-14 21:00:00+00:00,3003.97,3009.41,3000.08,3006.31,7985.1431
2025-07-14 21:30:00+00:00,3006.32,3017.15,3004.25,3010.99,10981.6003
2025-07-14 22:00:00+00:00,3010.99,3013.72,3003.11,3012.54,5805.6584
2025-07-14 22:30:00+00:00,3012.53,3018.88,3011.0,3013.61,7841.6514
2025-07-14 23:00:00+00:00,3013.6,3014.54,3004.59,3007.25,3767.8117
2025-07-14 23:30:00+00:00,3007.24,3015.22,3005.99,3013.62,4287.614
2025-07-15 00:00:00+00:00,3013.61,3023.2,3004.6,3018.65,5392.7447
2025-07-15 00:30:00+00:00,3018.65,3018.66,2988.26,2992.96,11518.3454
2025-07-15 01:00:00+00:00,2992.96,2993.08,2962.87,2977.43,24128.4077
2025-07-15 01:30:00+00:00,2977.42,3000.75,2970.71,2976.7,15305.7903
2025-07-15 02:00:00+00:00,2976.69,2986.57,2954.24,2962.53,23828.9004
2025-07-15 02:30:00+00:00,2962.54,2979.21,2961.56,2974.2,11489.1267
2025-07-15 03:00:00+00:00,2974.18,2974.18,2932.46,2949.46,31236.3243
2025-07-15 03:30:00+00:00,2949.46,2956.17,2935.31,2951.8,14132.9452
2025-07-15 04:00:00+00:00,2951.79,2967.42,2934.83,2965.86,16879.7829
2025-07-15 04:30:00+00:00,2965.86,2972.38,2952.52,2968.32,10445.3732
2025-07-15 05:00:00+00:00,2968.32,2973.19,2963.99,2972.5,7171.7483
2025-07-15 05:30:00+00:00,2972.5,2974.69,2962.9,2974.49,7498.8162
2025-07-15 06:00:00+00:00,2974.49,2992.96,2972.56,2978.21,23627.8272
2025-07-15 06:30:00+00:00,2978.21,2988.26,2970.01,2985.5,7574.4745
2025-07-15 07:00:00+00:00,2985.5,2995.89,2981.85,2988.7,14696.1105
2025-07-15 07:30:00+00:00,2988.71,2988.85,2972.9,2977.49,10332.5673
2025-07-15 08:00:00+00:00,2977.5,2978.5,2958.84,2974.89,12913.8132
2025-07-15 08:30:00+00:00,2974.88,2983.52,2970.67,2973.99,7530.215
2025-07-15 09:00:00+00:00,2973.99,2989.25,2973.69,2981.05,9331.1811
2025-07-15 09:30:00+00:00,2981.06,2983.5,2970.0,2972.88,4081.8301
2025-07-15 10:00:00+00:00,2972.87,2980.0,2970.92,2976.23,4764.378
2025-07-15 10:30:00+00:00,2976.23,2976.5,2967.19,2974.31,6477.8826
2025-07-15 11:00:00+00:00,2974.31,2981.35,2961.74,2966.12,9085.0591
2025-07-15 11:30:00+00:00,2966.12,2983.39,2962.3,2981.11,5908.1921
2025-07-15 12:00:00+00:00,2981.12,2985.12,2972.87,2980.99,8592.8829
2025-07-15 12:30:00+00:00,2981.0,3013.66,2967.72,3000.29,40270.5584
2025-07-15 13:00:00+00:00,3000.3,3034.95,3000.14,3031.01,26276.3854
2025-07-15 13:30:00+00:00,3031.0,3067.43,3020.55,3051.71,39752.6736
2025-07-15 14:00:00+00:00,3051.7,3064.41,3043.1,3047.85,26212.1911
2025-07-15 14:30:00+00:00,3047.84,3050.44,2967.0,2977.93,43483.2138
2025-07-15 15:00:00+00:00,2977.94,3002.41,2968.0,2998.68,28693.9694
2025-07-15 15:30:00+00:00,2998.68,3047.51,2998.68,3039.93,30831.5708
2025-07-15 16:00:00+00:00,3039.94,3056.93,3034.35,3043.63,23735.2812
2025-07-15 16:30:00+00:00,3043.63,3066.83,3043.11,3048.21,21778.974
2025-07-15 17:00:00+00:00,3048.21,3077.8,3036.09,3074.62,23118.1733
2025-07-15 17:30:00+00:00,3074.61,3097.32,3063.75,3096.29,29725.592
2025-07-15 18:00:00+00:00,3096.3,3096.96,3071.95,3078.22,22739.8789
2025-07-15 18:30:00+00:00,3078.22,3080.37,3040.84,3065.41,40514.9641
2025-07-15 19:00:00+00:00,3065.41,3085.7,3062.3,3071.05,24212.56
2025-07-15 19:30:00+00:00,3071.04,3074.5,3032.35,3040.88,37937.7872
2025-07-15 20:00:00+00:00,3040.87,3051.26,3029.63,3046.78,13081.9253
2025-07-15 20:30:00+00:00,3046.77,3051.52,3039.12,3040.89,5022.6039
2025-07-15 21:00:00+00:00,3040.9,3066.78,3040.34,3061.95,6224.1442
2025-07-15 21:30:00+00:00,3061.96,3085.19,3059.1,3080.82,9515.8222
2025-07-15 22:00:00+00:00,3080.81,3083.44,3067.72,3078.5,6668.7488
2025-07-15 22:30:00+00:00,3078.5,3094.5,3071.44,3094.06,11560.5242
2025-07-15 23:00:00+00:00,3094.06,3140.31,3094.05,3128.89,32374.7589
2025-07-15 23:30:00+00:00,3128.9,3144.14,3120.74,3137.89,15906.7181
2025-07-16 00:00:00+00:00,3137.9,3140.2,3117.29,3127.18,17210.5455
2025-07-16 00:30:00+00:00,3127.18,3152.53,3126.65,3142.7,21742.2664
2025-07-16 01:00:00+00:00,3142.7,3149.0,3130.89,3141.3,12612.3595
2025-07-16 01:30:00+00:00,3141.31,3147.03,3132.8,3139.78,14879.233
2025-07-16 02:00:00+00:00,3139.77,3142.06,3112.5,3119.55,14106.3561
2025-07-16 02:30:00+00:00,3119.55,3121.99,3106.75,3115.51,10808.5431
2025-07-16 03:00:00+00:00,3115.52,3120.85,3103.17,3109.71,9497.9152
2025-07-16 03:30:00+00:00,3109.7,3119.7,3109.24,3115.99,6203.5681
2025-07-16 04:00:00+00:00,3116.0,3118.7,3101.0,3113.26,7862.519
2025-07-16 04:30:00+00:00,3113.26,3131.0,3110.4,3128.65,9308.8994
2025-07-16 05:00:00+00:00,3128.65,3147.0,3128.65,3137.22,12084.9719
2025-07-16 05:30:00+00:00,3137.22,3151.93,3136.9,3142.55,15223.0154
2025-07-16 06:00:00+00:00,3142.56,3158.61,3132.0,3152.21,13577.5985
2025-07-16 06:30:00+00:00,3152.21,3166.25,3146.01,3165.23,26634.7157
2025-07-16 07:00:00+00:00,3165.22,3169.0,3154.58,3162.86,11576.1864
2025-07-16 07:30:00+00:00,3162.85,3175.0,3160.13,3162.45,13786.02
2025-07-16 08:00:00+00:00,3162.44,3167.06,3158.58,3162.08,13612.7285
2025-07-16 08:30:00+00:00,3162.07,3173.47,3159.83,3164.49,9513.8012
2025-07-16 09:00:00+00:00,3164.49,3171.72,3161.2,3163.57,9846.375
2025-07-16 09:30:00+00:00,3163.57,3167.32,3147.49,3162.24,14725.7083
2025-07-16 10:00:00+00:00,3162.25,3162.9,3151.95,3153.2,12516.2544
2025-07-16 10:30:00+00:00,3153.19,3156.53,3143.82,3144.08,20260.4211
2025-07-16 11:00:00+00:00,3144.07,3157.9,3143.81,3156.25,9801.4266
2025-07-16 11:30:00+00:00,3156.25,3158.43,3146.72,3150.5,7104.6023
2025-07-16 12:00:00+00:00,3150.49,3163.56,3147.46,3163.14,7129.4332
2025-07-16 12:30:00+00:00,3163.13,3180.0,3153.85,3164.93,20488.4036
2025-07-16 13:00:00+00:00,3164.94,3188.62,3159.2,3172.44,29760.9795
2025-07-16 13:30:00+00:00,3172.45,3197.99,3165.48,3195.81,27757.0681
2025-07-16 14:00:00+00:00,3195.81,3204.71,3179.41,3196.83,36080.1858
2025-07-16 14:30:00+00:00,3196.83,3265.44,3194.72,3251.66,77355.1288
2025-07-16 15:00:00+00:00,3251.65,3262.05,3218.09,3247.01,43648.5488
2025-07-16 15:30:00+00:00,3247.01,3249.2,3207.44,3244.49,36362.6768
2025-07-16 16:00:00+00:00,3244.48,3273.75,3235.0,3263.5,24812.0137
2025-07-16 16:30:00+00:00,3263.5,3293.5,3255.25,3285.24,46246.794
2025-07-16 17:00:00+00:00,3285.24,3296.42,3277.91,3285.69,43963.0518
2025-07-16 17:30:00+00:00,3285.69,3322.51,3273.74,3317.09,45177.7117
2025-07-16 18:00:00+00:00,3317.09,3359.11,3314.06,3343.37,55305.3514
2025-07-16 18:30:00+00:00,3343.38,3369.99,3328.64,3335.98,48449.8773
2025-07-16 19:00:00+00:00,3335.98,3367.76,3335.48,3360.34,32889.1121
2025-07-16 19:30:00+00:00,3360.34,3384.23,3346.6,3384.23,32335.7756
2025-07-16 20:00:00+00:00,3384.22,3425.0,3375.63,3414.91,81479.7553
2025-07-16 20:30:00+00:00,3414.91,3417.7,3367.53,3380.3,37214.5723
2025-07-16 21:00:00+00:00,3380.3,3399.39,3371.85,3393.99,18887.5019
2025-07-16 21:30:00+00:00,3394.0,3394.0,3344.0,3374.01,20229.5723
2025-07-16 22:00:00+00:00,3374.01,3390.83,3372.69,3374.63,13709.1683
2025-07-16 22:30:00+00:00,3374.63,3375.9,3349.8,3362.54,19017.0461
2025-07-16 23:00:00+00:00,3362.54,3372.8,3345.57,3366.47,14506.5917
2025-07-16 23:30:00+00:00,3366.47,3374.89,3353.33,3371.35,8648.2324
2025-07-17 00:00:00+00:00,3371.35,3398.18,3367.6,3383.17,14768.4861
2025-07-17 00:30:00+00:00,3383.18,3397.97,3376.03,3376.8,11357.2144
2025-07-17 01:00:00+00:00,3376.8,3396.03,3366.82,3374.18,15214.9919
2025-07-17 01:30:00+00:00,3374.19,3374.25,3310.77,3338.21,37095.6263
2025-07-17 02:00:00+00:00,3338.21,3361.62,3333.1,3357.06,14492.5201
2025-07-17 02:30:00+00:00,3357.07,3361.9,3335.0,3348.55,13408.6989
2025-07-17 03:00:00+00:00,3348.56,3349.88,3317.72,3321.59,16832.673
2025-07-17 03:30:00+00:00,3321.59,3337.28,3314.05,3330.14,13396.0458
2025-07-17 04:00:00+00:00,3330.13,3342.66,3320.0,3338.4,10561.5754
2025-07-17 04:30:00+00:00,3338.4,3351.9,3338.4,3351.0,10027.4464
2025-07-17 05:00:00+00:00,3351.0,3355.3,3337.8,3354.47,7082.6253
2025-07-17 05:30:00+00:00,3354.47,3377.28,3349.73,3374.08,12190.7358
2025-07-17 06:00:00+00:00,3374.08,3432.94,3363.7,3424.8,34566.3143
2025-07-17 06:30:00+00:00,3424.79,3444.79,3422.76,3441.29,26494.6767
2025-07-17 07:00:00+00:00,3441.29,3441.5,3408.45,3422.16,22894.0776
2025-07-17 07:30:00+00:00,3422.16,3468.0,3422.16,3447.9,35979.5505
2025-07-17 08:00:00+00:00,3447.9,3450.23,3428.92,3433.42,15569.9382
2025-07-17 08:30:00+00:00,3433.42,3449.96,3425.49,3448.68,15512.568
2025-07-17 09:00:00+00:00,3448.68,3477.64,3439.92,3473.19,23827.3113
2025-07-17 09:30:00+00:00,3473.2,3478.99,3462.47,3466.02,25589.7021
2025-07-17 10:00:00+00:00,3466.01,3472.6,3448.81,3468.85,23795.373
2025-07-17 10:30:00+00:00,3468.86,3480.19,3452.38,3458.19,20534.7977
2025-07-17 11:00:00+00:00,3458.18,3459.99,3437.14,3442.36,15848.6415
2025-07-17 11:30:00+00:00,3442.36,3443.79,3430.0,3433.29,15603.4358
2025-07-17 12:00:00+00:00,3433.3,3439.64,3406.38,3415.52,27683.7357
2025-07-17 12:30:00+00:00,3415.53,3439.0,3413.0,3425.61,20715.8328
2025-07-17 13:00:00+00:00,3425.6,3431.86,3411.01,3423.09,15520.7732
2025-07-17 13:30:00+00:00,3423.12,3424.7,3361.2,3400.3,51828.5836
2025-07-17 14:00:00+00:00,3400.29,3421.21,3400.29,3417.49,21063.0229
2025-07-17 14:30:00+00:00,3417.5,3433.56,3414.83,3426.5,14377.9951
2025-07-17 15:00:00+00:00,3426.51,3432.76,3388.0,3413.94,22353.5451
2025-07-17 15:30:00+00:00,3413.95,3430.31,3410.55,3420.49,14416.7957
2025-07-17 16:00:00+00:00,3420.49,3427.6,3380.0,3387.56,20643.9191
2025-07-17 16:30:00+00:00,3387.6,3412.62,3364.43,3394.59,32905.5998
2025-07-17 17:00:00+00:00,3394.6,3411.76,3389.08,3400.4,15720.609
2025-07-17 17:30:00+00:00,3400.4,3428.8,3391.43,3424.05,18407.2051
2025-07-17 18:00:00+00:00,3424.04,3436.89,3418.4,3431.11,12542.5079
2025-07-17 18:30:00+00:00,3431.11,3442.63,3420.45,3427.04,10678.2253
2025-07-17 19:00:00+00:00,3427.04,3449.23,3427.04,3442.4,14287.4513
2025-07-17 19:30:00+00:00,3442.4,3455.54,3403.69,3412.33,18017.9643
2025-07-17 20:00:00+00:00,3412.32,3414.5,3372.51,3401.79,23766.968
2025-07-17 20:30:00+00:00,3401.78,3420.77,3398.57,3420.76,9904.1613
2025-07-17 21:00:00+00:00,3420.76,3500.0,3417.38,3480.5,47125.2933
2025-07-17 21:30:00+00:00,3480.51,3482.58,3442.05,3468.0,23608.956
2025-07-17 22:00:00+00:00,3468.0,3493.34,3462.53,3478.24,14623.1748
2025-07-17 22:30:00+00:00,3478.24,3492.0,3451.42,3466.63,16469.7727
2025-07-17 23:00:00+00:00,3466.58,3523.44,3461.9,3511.85,32791.968
2025-07-17 23:30:00+00:00,3511.85,3511.9,3472.56,3476.87,21966.7403
2025-07-18 00:00:00+00:00,3476.88,3483.1,3458.68,3478.73,14062.6135
2025-07-18 00:30:00+00:00,3478.73,3540.52,3478.73,3538.17,33089.7655
2025-07-18 01:00:00+00:00,3538.18,3587.99,3525.59,3577.12,56292.5859
2025-07-18 01:30:00+00:00,3577.12,3625.6,3568.42,3614.89,55737.8472
2025-07-18 02:00:00+00:00,3614.89,3617.96,3588.25,3610.54,31544.9521
2025-07-18 02:30:00+00:00,3610.55,3626.57,3589.15,3602.11,28139.6397
2025-07-18 03:00:00+00:00,3602.11,3604.49,3584.48,3592.77,18781.2781
2025-07-18 03:30:00+00:00,3592.77,3607.35,3591.21,3596.4,12629.0568
2025-07-18 04:00:00+00:00,3596.4,3597.0,3576.0,3593.74,18176.5259
2025-07-18 04:30:00+00:00,3593.75,3621.0,3591.17,3619.41,20050.6163
2025-07-18 05:00:00+00:00,3619.41,3647.03,3616.08,3641.79,44343.3696
2025-07-18 05:30:00+00:00,3641.79,3673.84,3632.97,3669.9,33075.9862
2025-07-18 06:00:00+00:00,3669.91,3669.91,3640.0,3645.3,28768.7167
2025-07-18 06:30:00+00:00,3645.3,3663.35,3643.06,3650.73,15452.5241
2025-07-18 07:00:00+00:00,3650.73,3669.74,3627.83,3646.8,33026.5681
2025-07-18 07:30:00+00:00,3646.8,3648.69,3600.0,3604.1,46706.0607
2025-07-18 08:00:00+00:00,3604.1,3628.12,3601.94,3623.9,27523.8911
2025-07-18 08:30:00+00:00,3623.9,3623.9,3582.41,3603.88,35495.4785
2025-07-18 09:00:00+00:00,3603.89,3615.01,3595.08,3600.36,29824.0426
2025-07-18 09:30:00+00:00,3600.37,3623.91,3591.0,3620.91,16334.9326
2025-07-18 10:00:00+00:00,3620.92,3622.68,3601.01,3613.69,13088.7562
2025-07-18 10:30:00+00:00,3613.69,3621.23,3604.34,3617.61,7331.4464
2025-07-18 11:00:00+00:00,3617.62,3624.13,3588.01,3597.06,11868.4953
2025-07-18 11:30:00+00:00,3597.06,3619.26,3594.96,3610.24,8852.7505
2025-07-18 12:00:00+00:00,3610.23,3618.14,3591.39,3595.04,17554.0362
2025-07-18 12:30:00+00:00,3595.06,3638.86,3594.66,3637.57,21834.7662
2025-07-18 13:00:00+00:00,3637.54,3651.62,3608.45,3621.8,29636.3205
2025-07-18 13:30:00+00:00,3621.8,3657.5,3612.41,3639.02,26420.2628
2025-07-18 14:00:00+00:00,3639.01,3671.5,3584.46,3596.67,59215.4759
2025-07-18 14:30:00+00:00,3596.66,3605.02,3554.48,3585.23,55305.4767
2025-07-18 15:00:00+00:00,3585.23,3588.57,3530.0,3542.99,43132.3283
2025-07-18 15:30:00+00:00,3543.0,3570.0,3530.0,3563.68,25283.2201
2025-07-18 16:00:00+00:00,3563.68,3580.0,3547.96,3572.46,17991.9463
2025-07-18 16:30:00+00:00,3572.47,3588.79,3560.69,3573.19,17741.226
2025-07-18 17:00:00+00:00,3573.2,3615.57,3567.09,3612.0,15160.7298
2025-07-18 17:30:00+00:00,3612.0,3624.8,3586.5,3600.2,15012.2232
2025-07-18 18:00:00+00:00,3600.2,3606.89,3566.34,3606.76,10628.7766
2025-07-18 18:30:00+00:00,3606.75,3606.78,3568.47,3572.54,7992.8341
2025-07-18 19:00:00+00:00,3572.54,3583.21,3538.0,3575.9,20229.8767
2025-07-18 19:30:00+00:00,3575.89,3583.0,3542.4,3551.59,16565.8025
2025-07-18 20:00:00+00:00,3551.59,3555.19,3486.31,3492.58,33474.5836
2025-07-18 20:30:00+00:00,3492.58,3527.9,3477.58,3517.3,24676.5729
2025-07-18 21:00:00+00:00,3517.3,3557.91,3515.12,3552.12,11920.1185
2025-07-18 21:30:00+00:00,3552.12,3571.93,3549.63,3553.9,11604.8216
2025-07-18 22:00:00+00:00,3553.9,3576.76,3531.31,3571.36,15032.2592
2025-07-18 22:30:00+00:00,3571.36,3574.53,3534.0,3538.48,9162.1612
2025-07-18 23:00:00+00:00,3538.49,3544.42,3506.83,3529.34,11659.127
2025-07-18 23:30:00+00:00,3529.39,3551.22,3529.0,3546.92,6390.5522
2025-07-19 00:00:00+00:00,3546.92,3557.98,3543.63,3554.96,6785.6901
2025-07-19 00:30:00+00:00,3554.96,3565.0,3521.34,3522.21,11307.4669
2025-07-19 01:00:00+00:00,3522.21,3538.51,3506.79,3537.59,11136.9871
2025-07-19 01:30:00+00:00,3537.56,3552.18,3532.7,3545.0,6144.32
2025-07-19 02:00:00+00:00,3545.0,3559.87,3534.04,3551.0,9979.0843
2025-07-19 02:30:00+00:00,3551.0,3576.61,3550.58,3569.5,10052.7743
2025-07-19 03:00:00+00:00,3569.5,3589.05,3566.41,3587.43,10872.2618
2025-07-19 03:30:00+00:00,3587.44,3599.0,3580.58,3592.98,12914.4504
2025-07-19 04:00:00+00:00,3592.97,3608.3,3588.07,3591.29,10518.8024
2025-07-19 04:30:00+00:00,3591.29,3596.67,3580.54,3589.68,5925.7923
2025-07-19 05:00:00+00:00,3589.67,3592.5,3575.0,3582.75,6232.5692
2025-07-19 05:30:00+00:00,3582.75,3595.0,3578.4,3586.31,4631.582
2025-07-19 06:00:00+00:00,3586.31,3586.95,3567.73,3567.73,6416.3049
2025-07-19 06:30:00+00:00,3567.73,3578.0,3567.05,3570.99,4324.2018
2025-07-19 07:00:00+00:00,3571.0,3590.12,3569.04,3576.72,11211.8374
2025-07-19 07:30:00+00:00,3576.71,3576.72,3567.71,3571.47,3924.8892
2025-07-19 08:00:00+00:00,3571.46,3578.38,3554.0,3560.9,9261.2211
2025-07-19 08:30:00+00:00,3560.9,3561.55,3546.61,3554.34,9664.6144
2025-07-19 09:00:00+00:00,3554.35,3562.27,3549.27,3558.5,5237.494
2025-07-19 09:30:00+00:00,3558.52,3569.41,3555.91,3558.1,5722.8608
2025-07-19 10:00:00+00:00,3558.1,3560.69,3550.62,3558.59,6760.7321
2025-07-19 10:30:00+00:00,3558.59,3568.18,3555.5,3557.84,5559.8183
2025-07-19 11:00:00+00:00,3557.83,3577.87,3538.07,3572.99,13838.1512
2025-07-19 11:30:00+00:00,3572.99,3573.98,3547.38,3552.75,7325.0992
2025-07-19 12:00:00+00:00,3552.75,3558.2,3539.02,3549.09,11791.6746
2025-07-19 12:30:00+00:00,3549.1,3564.99,3543.44,3561.8,6053.4564
2025-07-19 13:00:00+00:00,3561.79,3567.23,3552.14,3564.09,6585.336
2025-07-19 13:30:00+00:00,3564.09,3572.31,3549.41,3558.76,7737.5235
2025-07-19 14:00:00+00:00,3558.75,3561.22,3542.33,3544.51,8911.7398
2025-07-19 14:30:00+00:00,3544.5,3551.14,3526.44,3531.57,12521.687
2025-07-19 15:00:00+00:00,3531.58,3556.99,3530.1,3555.9,9625.6158
2025-07-19 15:30:00+00:00,3555.9,3562.92,3547.33,3552.0,7720.3783
2025-07-19 16:00:00+00:00,3552.0,3568.31,3535.69,3563.5,11851.5573
2025-07-19 16:30:00+00:00,3563.49,3569.99,3554.97,3559.88,8982.7799
2025-07-19 17:00:00+00:00,3559.88,3561.1,3542.33,3547.28,6171.5566
2025-07-19 17:30:00+00:00,3547.28,3549.4,3532.78,3543.0,6444.1625
2025-07-19 18:00:00+00:00,3543.0,3558.99,3540.03,3554.6,6905.9215
2025-07-19 18:30:00+00:00,3554.6,3562.0,3551.06,3552.8,5548.4407
2025-07-19 19:00:00+00:00,3552.8,3563.62,3541.63,3562.83,6689.5923
2025-07-19 19:30:00+00:00,3562.82,3581.92,3561.63,3577.61,10649.4153
2025-07-19 20:00:00+00:00,3577.61,3593.0,3573.63,3583.01,9739.6459
2025-07-19 20:30:00+00:00,3583.01,3583.5,3563.29,3563.64,7366.8341
2025-07-19 21:00:00+00:00,3563.63,3571.1,3539.0,3559.1,11190.1144
2025-07-19 21:30:00+00:00,3559.06,3574.21,3548.21,3571.44,4761.3111
2025-07-19 22:00:00+00:00,3571.44,3590.69,3562.67,3584.61,6242.3045
2025-07-19 22:30:00+00:00,3584.6,3584.7,3573.94,3576.7,3952.5393
2025-07-19 23:00:00+00:00,3576.71,3583.5,3574.23,3580.08,2354.5081
2025-07-19 23:30:00+00:00,3580.08,3598.31,3580.08,3592.01,6244.8212
2025-07-20 00:00:00+00:00,3592.0,3597.4,3579.13,3580.64,5345.4785
2025-07-20 00:30:00+00:00,3580.64,3596.0,3580.0,3591.11,5575.2573
2025-07-20 01:00:00+00:00,3591.11,3626.0,3588.9,3608.36,25316.3544
2025-07-20 01:30:00+00:00,3608.36,3619.24,3602.18,3604.81,7959.8021
2025-07-20 02:00:00+00:00,3604.81,3612.74,3596.09,3607.06,6081.0198
2025-07-20 02:30:00+00:00,3607.05,3624.05,3603.51,3616.3,5410.0471
2025-07-20 03:00:00+00:00,3616.3,3644.01,3608.2,3638.11,18612.7474
2025-07-20 03:30:00+00:00,3638.09,3694.99,3637.8,3658.01,45879.7869
2025-07-20 04:00:00+00:00,3658.01,3663.05,3633.18,3656.15,14667.6524
2025-07-20 04:30:00+00:00,3656.16,3666.22,3643.63,3654.01,10441.0465
2025-07-20 05:00:00+00:00,3654.01,3662.54,3638.38,3639.19,8735.5088
2025-07-20 05:30:00+00:00,3639.2,3653.43,3636.06,3647.21,12407.471
2025-07-20 06:00:00+00:00,3647.21,3655.8,3639.22,3652.65,7785.1783
2025-07-20 06:30:00+00:00,3652.66,3660.0,3650.51,3652.54,4519.2535
2025-07-20 07:00:00+00:00,3652.53,3676.81,3652.53,3673.51,7251.3684
2025-07-20 07:30:00+00:00,3673.51,3689.97,3664.11,3668.49,17835.5219
2025-07-20 08:00:00+00:00,3668.5,3690.81,3668.5,3681.5,11293.2098
2025-07-20 08:30:00+00:00,3681.49,3717.99,3681.49,3711.51,42053.3339
2025-07-20 09:00:00+00:00,3711.5,3727.34,3694.93,3699.04,27012.6652
2025-07-20 09:30:00+00:00,3698.99,3719.88,3698.99,3707.12,28510.0775
2025-07-20 10:00:00+00:00,3707.13,3713.62,3697.47,3702.03,15116.5243
2025-07-20 10:30:00+00:00,3702.03,3705.0,3697.2,3699.63,7647.6983
2025-07-20 11:00:00+00:00,3699.64,3730.6,3696.0,3720.71,21373.8518
2025-07-20 11:30:00+00:00,3720.72,3766.45,3718.88,3756.71,43965.9881
2025-07-20 12:00:00+00:00,3756.7,3756.7,3724.94,3729.84,22128.0577
2025-07-20 12:30:00+00:00,3729.83,3749.43,3726.37,3747.58,16323.433
2025-07-20 13:00:00+00:00,3747.58,3758.04,3740.91,3742.56,11463.3685
2025-07-20 13:30:00+00:00,3742.57,3753.4,3736.0,3748.85,15034.9188
2025-07-20 14:00:00+00:00,3748.84,3755.84,3729.13,3747.0,17218.3082
2025-07-20 14:30:00+00:00,3746.99,3768.0,3741.22,3767.06,10453.6288
2025-07-20 15:00:00+00:00,3767.07,3768.06,3748.5,3756.56,10930.9907
2025-07-20 15:30:00+00:00,3756.55,3790.0,3755.43,3786.05,29069.3124
2025-07-20 16:00:00+00:00,3786.06,3794.7,3762.66,3791.49,25627.093
2025-07-20 16:30:00+00:00,3791.49,3824.56,3786.53,3809.19,39168.693
2025-07-20 17:00:00+00:00,3809.2,3809.2,3765.0,3773.8,32940.944
2025-07-20 17:30:00+00:00,3773.8,3782.68,3730.72,3738.84,31921.48
2025-07-20 18:00:00+00:00,3738.85,3757.68,3731.07,3749.75,18726.9527
2025-07-20 18:30:00+00:00,3749.74,3756.21,3739.57,3750.11,8961.533
2025-07-20 19:00:00+00:00,3750.11,3765.0,3744.83,3762.13,14835.9772
2025-07-20 19:30:00+00:00,3762.14,3773.53,3748.51,3749.93,12732.1097
2025-07-20 20:00:00+00:00,3749.93,3753.07,3716.54,3738.99,23331.0344
2025-07-20 20:30:00+00:00,3738.98,3754.5,3737.56,3740.19,8245.5991
2025-07-20 21:00:00+00:00,3740.19,3765.97,3727.49,3760.06,15381.4218
2025-07-20 21:30:00+00:00,3760.07,3772.97,3751.59,3770.3,8700.1465
2025-07-20 22:00:00+00:00,3770.29,3771.55,3681.6,3727.23,37124.024
2025-07-20 22:30:00+00:00,3727.23,3760.33,3712.13,3747.07,19482.1461
2025-07-20 23:00:00+00:00,3747.07,3756.41,3734.2,3743.8,11190.8894
2025-07-20 23:30:00+00:00,3743.81,3767.85,3733.27,3756.69,10567.6481
2025-07-21 00:00:00+00:00,3756.69,3756.87,3709.46,3729.88,18401.6044
2025-07-21 00:30:00+00:00,3729.88,3747.2,3713.0,3746.7,11653.5212
2025-07-21 01:00:00+00:00,3746.71,3753.54,3721.76,3728.79,8276.2501
2025-07-21 01:30:00+00:00,3728.79,3733.0,3701.01,3723.67,16134.144
2025-07-21 02:00:00+00:00,3723.67,3746.15,3722.17,3741.02,13318.1665
2025-07-21 02:30:00+00:00,3741.01,3749.0,3733.75,3743.31,10456.9102
2025-07-21 03:00:00+00:00,3743.3,3766.28,3743.3,3759.21,14872.9427
2025-07-21 03:30:00+00:00,3759.22,3760.0,3748.99,3757.37,8681.6587
2025-07-21 04:00:00+00:00,3757.38,3779.64,3753.11,3769.4,19055.5706
2025-07-21 04:30:00+00:00,3769.41,3778.29,3760.7,3761.76,8108.9241
2025-07-21 05:00:00+00:00,3761.76,3764.59,3747.38,3754.94,7943.4637
2025-07-21 05:30:00+00:00,3754.94,3784.32,3754.52,3782.81,15163.7238
2025-07-21 06:00:00+00:00,3782.82,3812.49,3776.5,3803.56,22143.0053
2025-07-21 06:30:00+00:00,3803.56,3804.01,3781.91,3787.37,14251.0668
2025-07-21 07:00:00+00:00,3787.36,3805.0,3787.36,3800.43,13175.9185
2025-07-21 07:30:00+00:00,3800.43,3800.78,3780.23,3787.69,13031.0599
2025-07-21 08:00:00+00:00,3787.7,3804.44,3784.61,3800.21,9441.7978
2025-07-21 08:30:00+00:00,3800.21,3811.0,3762.48,3777.55,28088.154
2025-07-21 09:00:00+00:00,3777.55,3785.5,3771.1,3772.88,10159.0629
2025-07-21 09:30:00+00:00,3772.88,3778.24,3755.32,3772.13,14007.0648
2025-07-21 10:00:00+00:00,3772.13,3785.71,3768.36,3773.05,8013.2171
2025-07-21 10:30:00+00:00,3773.05,3820.0,3769.04,3810.85,24554.4812
2025-07-21 11:00:00+00:00,3810.84,3830.0,3791.27,3819.51,20805.3732
2025-07-21 11:30:00+00:00,3819.51,3837.0,3806.55,3808.69,23281.25
2025-07-21 12:00:00+00:00,3808.69,3818.22,3792.95,3814.85,16533.7423
2025-07-21 12:30:00+00:00,3814.85,3825.0,3804.34,3810.72,11171.0815
2025-07-21 13:00:00+00:00,3810.73,3815.86,3775.39,3789.27,22321.9018
2025-07-21 13:30:00+00:00,3789.28,3823.71,3788.0,3819.87,25417.719
2025-07-21 14:00:00+00:00,3819.87,3844.95,3795.07,3835.42,34656.6041
2025-07-21 14:30:00+00:00,3835.42,3860.0,3831.88,3841.02,29657.9394
2025-07-21 15:00:00+00:00,3841.03,3851.56,3830.27,3832.76,15375.2199
2025-07-21 15:30:00+00:00,3832.76,3839.51,3808.25,3810.37,24327.6396
2025-07-21 16:00:00+00:00,3810.37,3817.28,3749.19,3774.7,54258.3126
2025-07-21 16:30:00+00:00,3774.7,3797.24,3751.15,3768.27,34772.4908
2025-07-21 17:00:00+00:00,3768.27,3790.0,3764.74,3770.13,12583.8155
2025-07-21 17:30:00+00:00,3770.11,3782.0,3738.0,3769.9,35355.0667
2025-07-21 18:00:00+00:00,3769.9,3799.99,3769.55,3787.68,14136.1592
2025-07-21 18:30:00+00:00,3787.68,3787.72,3731.09,3736.74,20305.912
2025-07-21 19:00:00+00:00,3736.75,3769.8,3730.02,3735.61,18468.7229
2025-07-21 19:30:00+00:00,3735.62,3742.15,3719.0,3736.46,24396.6715
2025-07-21 20:00:00+00:00,3736.47,3755.56,3719.7,3753.04,14396.9496
2025-07-21 20:30:00+00:00,3753.05,3765.29,3743.79,3755.86,9685.5347
2025-07-21 21:00:00+00:00,3755.85,3762.26,3744.7,3759.63,6380.9607
2025-07-21 21:30:00+00:00,3759.63,3764.76,3744.3,3750.67,7674.8095
2025-07-21 22:00:00+00:00,3750.68,3764.31,3746.51,3764.07,5507.8403
2025-07-21 22:30:00+00:00,3764.07,3779.48,3761.05,3761.44,6843.6807
2025-07-21 23:00:00+00:00,3761.44,3769.36,3748.16,3767.99,8537.3671
2025-07-21 23:30:00+00:00,3768.0,3775.6,3759.7,3762.33,6289.5805
2025-07-22 00:00:00+00:00,3762.32,3775.64,3753.1,3774.94,7471.4976
2025-07-22 00:30:00+00:00,3774.94,3774.94,3741.07,3742.95,10635.2353
2025-07-22 01:00:00+00:00,3742.95,3746.04,3696.18,3743.01,36186.5816
2025-07-22 01:30:00+00:00,3743.0,3798.65,3740.45,3794.43,24088.8591
2025-07-22 02:00:00+00:00,3794.43,3795.0,3770.37,3778.51,12528.1026
2025-07-22 02:30:00+00:00,3778.51,3787.19,3730.78,3736.98,15769.5523
2025-07-22 03:00:00+00:00,3736.98,3744.32,3714.91,3725.7,19359.0578
2025-07-22 03:30:00+00:00,3725.7,3734.48,3707.58,3731.14,16076.5164
2025-07-22 04:00:00+00:00,3731.13,3734.01,3700.9,3705.75,12280.9662
2025-07-22 04:30:00+00:00,3705.75,3714.31,3646.0,3655.36,44252.676
2025-07-22 05:00:00+00:00,3655.36,3697.24,3653.94,3683.02,29715.2692
2025-07-22 05:30:00+00:00,3683.01,3692.26,3671.41,3689.68,16529.8322
2025-07-22 06:00:00+00:00,3689.68,3716.66,3676.5,3706.33,21439.083
2025-07-22 06:30:00+00:00,3706.36,3714.0,3682.16,3691.6,15499.1239
2025-07-22 07:00:00+00:00,3691.59,3714.18,3688.27,3712.87,16392.6175
2025-07-22 07:30:00+00:00,3712.87,3713.75,3666.14,3676.91,13893.8103
2025-07-22 08:00:00+00:00,3676.91,3676.91,3620.65,3629.29,37233.941
2025-07-22 08:30:00+00:00,3629.29,3657.27,3624.24,3649.99,15590.1062
2025-07-22 09:00:00+00:00,3649.99,3652.11,3616.54,3644.64,33523.0832
2025-07-22 09:30:00+00:00,3644.65,3667.45,3644.12,3660.58,16863.2218
2025-07-22 10:00:00+00:00,3660.57,3675.0,3659.39,3672.76,9057.2902
2025-07-22 10:30:00+00:00,3672.76,3698.43,3672.76,3698.4,14335.0943
2025-07-22 11:00:00+00:00,3698.41,3703.71,3688.7,3698.24,14557.3599
2025-07-22 11:30:00+00:00,3698.24,3719.99,3684.0,3705.3,20604.6849
2025-07-22 12:00:00+00:00,3705.3,3710.88,3694.33,3700.77,15943.8444
2025-07-22 12:30:00+00:00,3700.76,3707.88,3690.72,3701.55,16616.1816
2025-07-22 13:00:00+00:00,3701.54,3706.58,3691.96,3695.63,16854.4689
2025-07-22 13:30:00+00:00,3695.62,3702.71,3633.47,3647.93,50960.1258
2025-07-22 14:00:00+00:00,3647.94,3675.0,3625.42,3661.03,32484.8297
2025-07-22 14:30:00+00:00,3661.04,3707.0,3658.82,3706.33,26448.4471
2025-07-22 15:00:00+00:00,3706.32,3728.31,3693.14,3715.96,26992.5997
2025-07-22 15:30:00+00:00,3715.96,3728.53,3705.66,3718.11,17842.376
2025-07-22 16:00:00+00:00,3718.11,3748.9,3709.35,3730.72,24065.3269
2025-07-22 16:30:00+00:00,3730.71,3739.37,3716.18,3716.98,11020.54
2025-07-22 17:00:00+00:00,3716.97,3721.45,3676.58,3690.48,21878.3725
2025-07-22 17:30:00+00:00,3690.48,3707.43,3681.29,3699.37,12056.1902
2025-07-22 18:00:00+00:00,3699.37,3705.0,3680.52,3699.41,11997.609
2025-07-22 18:30:00+00:00,3699.4,3723.84,3691.57,3710.65,14633.8699
2025-07-22 19:00:00+00:00,3710.65,3720.0,3698.5,3707.73,8868.5135
2025-07-22 19:30:00+00:00,3707.72,3707.73,3655.19,3670.14,17521.9823
2025-07-22 20:00:00+00:00,3670.13,3703.58,3662.14,3692.18,16215.7933
2025-07-22 20:30:00+00:00,3692.17,3710.63,3684.74,3706.73,6424.527
2025-07-22 21:00:00+00:00,3706.73,3711.0,3695.47,3705.91,4800.3695
2025-07-22 21:30:00+00:00,3705.92,3710.0,3695.03,3705.77,6289.9612
2025-07-22 22:00:00+00:00,3705.78,3719.55,3705.78,3718.1,5758.0256
2025-07-22 22:30:00+00:00,3718.09,3730.8,3716.78,3719.82,8431.1765
2025-07-22 23:00:00+00:00,3719.83,3744.12,3717.99,3741.82,8726.1737
2025-07-22 23:30:00+00:00,3741.82,3751.0,3737.87,3746.21,13412.5196
2025-07-23 00:00:00+00:00,3746.21,3761.22,3729.94,3733.59,18530.5661
2025-07-23 00:30:00+00:00,3733.58,3747.56,3724.73,3725.52,8980.1436
2025-07-23 01:00:00+00:00,3725.52,3735.93,3712.45,3723.67,10322.9849
2025-07-23 01:30:00+00:00,3723.67,3742.42,3719.75,3738.53,7988.3653
2025-07-23 02:00:00+00:00,3738.51,3750.0,3730.71,3749.51,11060.6072
2025-07-23 02:30:00+00:00,3749.51,3764.2,3724.15,3745.56,18368.4373
2025-07-23 03:00:00+00:00,3745.56,3755.0,3731.0,3753.99,7225.0275
2025-07-23 03:30:00+00:00,3753.99,3758.88,3725.24,3728.63,11692.5021
2025-07-23 04:00:00+00:00,3728.63,3734.62,3719.62,3733.0,7387.1077
2025-07-23 04:30:00+00:00,3732.99,3735.71,3727.14,3734.88,5052.9366
2025-07-23 05:00:00+00:00,3734.88,3737.6,3710.0,3713.5,9528.1627
2025-07-23 05:30:00+00:00,3713.49,3720.36,3702.13,3713.52,8301.0889
2025-07-23 06:00:00+00:00,3713.52,3715.58,3690.01,3700.0,10842.3175
2025-07-23 06:30:00+00:00,3699.99,3704.61,3686.37,3694.5,7627.5406
2025-07-23 07:00:00+00:00,3694.49,3699.71,3684.0,3692.69,9440.741
2025-07-23 07:30:00+00:00,3692.69,3698.12,3663.91,3673.33,17482.5354
2025-07-23 08:00:00+00:00,3673.33,3686.72,3667.03,3683.25,11133.6532
2025-07-23 08:30:00+00:00,3683.24,3692.22,3670.74,3691.94,8597.2255
2025-07-23 09:00:00+00:00,3691.93,3698.0,3656.08,3656.24,13702.6543
2025-07-23 09:30:00+00:00,3656.24,3667.15,3650.0,3658.78,12930.9549
2025-07-23 10:00:00+00:00,3658.78,3662.26,3639.96,3657.79,16805.5748
2025-07-23 10:30:00+00:00,3657.78,3669.4,3655.23,3665.79,6490.2093
2025-07-23 11:00:00+00:00,3665.78,3674.44,3648.31,3671.43,7889.0655
2025-07-23 11:30:00+00:00,3671.44,3676.51,3668.22,3671.99,8271.5825
2025-07-23 12:00:00+00:00,3671.99,3680.68,3661.33,3674.35,7196.779
2025-07-23 12:30:00+00:00,3674.34,3678.0,3634.0,3640.25,17324.0377
2025-07-23 13:00:00+00:00,3640.24,3663.06,3630.0,3661.17,32440.84
2025-07-23 13:30:00+00:00,3661.17,3663.09,3573.47,3587.42,92169.6521
2025-07-23 14:00:00+00:00,3587.42,3624.84,3580.42,3620.26,39173.3094
2025-07-23 14:30:00+00:00,3620.26,3624.59,3593.07,3616.44,32205.0589
2025-07-23 15:00:00+00:00,3616.43,3624.0,3596.86,3606.97,22672.9617
2025-07-23 15:30:00+00:00,3606.84,3646.0,3603.98,3644.22,24273.9689
2025-07-23 16:00:00+00:00,3644.21,3644.21,3594.4,3604.91,24396.715
2025-07-23 16:30:00+00:00,3604.91,3605.95,3566.09,3571.0,30423.0619
2025-07-23 17:00:00+00:00,3571.0,3584.96,3552.0,3567.73,39309.8317
2025-07-23 17:30:00+00:00,3567.74,3594.49,3558.42,3587.0,18481.6365
2025-07-23 18:00:00+00:00,3587.0,3607.0,3585.95,3594.67,11147.7978
2025-07-23 18:30:00+00:00,3594.66,3606.46,3590.91,3604.24,7159.7959
2025-07-23 19:00:00+00:00,3604.24,3613.0,3591.24,3594.66,14193.2473
2025-07-23 19:30:00+00:00,3594.65,3608.96,3582.67,3587.75,17276.9542
2025-07-23 20:00:00+00:00,3587.74,3605.07,3559.22,3566.62,18139.855
2025-07-23 20:30:00+00:00,3566.63,3579.16,3543.01,3568.0,25570.4299
2025-07-23 21:00:00+00:00,3568.0,3580.0,3528.02,3543.31,20606.0144
2025-07-23 21:30:00+00:00,3543.32,3594.35,3527.0,3591.39,18890.3931
2025-07-23 22:00:00+00:00,3591.47,3612.0,3578.01,3611.46,9388.8233
2025-07-23 22:30:00+00:00,3611.46,3620.0,3604.74,3610.43,7680.7036
2025-07-23 23:00:00+00:00,3610.42,3634.93,3609.19,3630.26,9695.6438
2025-07-23 23:30:00+00:00,3630.26,3632.5,3623.89,3628.29,4789.907
2025-07-24 00:00:00+00:00,3628.29,3639.69,3612.57,3634.75,11608.6121
2025-07-24 00:30:00+00:00,3634.75,3646.04,3628.93,3646.03,6591.7219
2025-07-24 01:00:00+00:00,3646.04,3648.4,3635.0,3637.54,6309.225
2025-07-24 01:30:00+00:00,3637.54,3648.0,3626.17,3647.86,4303.7606
2025-07-24 02:00:00+00:00,3647.87,3650.34,3637.52,3639.26,5688.2088
2025-07-24 02:30:00+00:00,3639.26,3652.34,3638.24,3649.79,6050.4094
2025-07-24 03:00:00+00:00,3649.79,3664.0,3644.41,3662.51,7463.7211
2025-07-24 03:30:00+00:00,3662.51,3665.31,3639.03,3641.19,7231.57
2025-07-24 04:00:00+00:00,3641.19,3657.57,3631.09,3632.4,8900.8006
2025-07-24 04:30:00+00:00,3632.4,3635.68,3602.22,3609.75,15594.5507
2025-07-24 05:00:00+00:00,3609.75,3610.21,3575.68,3578.98,22196.6679
2025-07-24 05:30:00+00:00,3578.97,3594.78,3556.32,3556.33,25527.8312
2025-07-24 06:00:00+00:00,3556.33,3578.71,3555.07,3575.24,12542.9777
2025-07-24 06:30:00+00:00,3575.23,3579.37,3526.28,3544.94,25012.5681
2025-07-24 07:00:00+00:00,3544.93,3577.65,3502.85,3571.51,38205.9841
2025-07-24 07:30:00+00:00,3571.5,3595.92,3558.0,3591.9,12475.7736
2025-07-24 08:00:00+00:00,3591.9,3638.0,3580.79,3623.0,22040.2183
2025-07-24 08:30:00+00:00,3623.0,3644.77,3623.0,3633.48,12233.3091
2025-07-24 09:00:00+00:00,3633.48,3640.62,3617.32,3626.48,10806.0059
2025-07-24 09:30:00+00:00,3626.49,3644.12,3621.06,3636.11,11304.6126
2025-07-24 10:00:00+00:00,3636.11,3658.0,3600.0,3600.97,23313.5472
2025-07-24 10:30:00+00:00,3600.98,3625.13,3591.27,3620.98,14079.3009
2025-07-24 11:00:00+00:00,3620.97,3654.39,3619.23,3644.98,16149.9785
2025-07-24 11:30:00+00:00,3644.97,3660.36,3641.98,3655.12,10885.1457
2025-07-24 12:00:00+00:00,3655.12,3659.89,3631.44,3644.5,13612.8815
2025-07-24 12:30:00+00:00,3644.49,3645.99,3619.4,3642.65,12653.9464
2025-07-24 13:00:00+00:00,3642.64,3650.18,3635.52,3646.2,7878.3796
2025-07-24 13:30:00+00:00,3646.17,3656.0,3627.01,3629.93,15754.4767
2025-07-24 14:00:00+00:00,3629.93,3651.27,3612.96,3646.23,19878.5762
2025-07-24 14:30:00+00:00,3646.24,3737.5,3645.01,3734.44,52168.7989
2025-07-24 15:00:00+00:00,3734.45,3771.0,3727.35,3737.69,58085.3558
2025-07-24 15:30:00+00:00,3737.69,3745.32,3708.5,3730.76,26675.2415
2025-07-24 16:00:00+00:00,3730.77,3732.39,3691.47,3692.14,22150.1351
2025-07-24 16:30:00+00:00,3692.15,3699.48,3666.74,3686.69,22706.0031
2025-07-24 17:00:00+00:00,3686.69,3719.0,3682.5,3708.44,19803.7948
2025-07-24 17:30:00+00:00,3708.44,3734.27,3708.44,3724.7,11709.4506
2025-07-24 18:00:00+00:00,3724.69,3737.76,3711.83,3733.88,11886.5991
2025-07-24 18:30:00+00:00,3733.88,3750.0,3728.18,3740.8,14873.9234
2025-07-24 19:00:00+00:00,3740.81,3754.17,3726.05,3735.98,18591.366
2025-07-24 19:30:00+00:00,3735.99,3744.69,3720.0,3732.79,13345.3843
2025-07-24 20:00:00+00:00,3732.77,3740.66,3722.28,3738.05,7662.1556
2025-07-24 20:30:00+00:00,3738.05,3743.44,3729.44,3735.44,7491.5242
2025-07-24 21:00:00+00:00,3735.44,3742.92,3717.92,3719.01,9521.844
2025-07-24 21:30:00+00:00,3719.05,3730.98,3710.01,3725.78,6349.8541
2025-07-24 22:00:00+00:00,3725.78,3730.78,3701.21,3718.6,10457.1807
2025-07-24 22:30:00+00:00,3718.61,3735.07,3712.63,3724.27,9457.7818
2025-07-24 23:00:00+00:00,3724.28,3724.28,3695.32,3704.34,13975.837
2025-07-24 23:30:00+00:00,3704.34,3719.62,3700.26,3706.94,6252.5036
2025-07-25 00:00:00+00:00,3706.95,3708.21,3678.66,3685.81,11732.5487
2025-07-25 00:30:00+00:00,3685.81,3685.96,3646.5,3659.4,16548.8124
2025-07-25 01:00:00+00:00,3659.4,3675.28,3641.98,3659.83,35776.2579
2025-07-25 01:30:00+00:00,3659.82,3691.21,3653.44,3683.27,11498.3225
2025-07-25 02:00:00+00:00,3683.28,3691.3,3672.0,3683.34,14106.5346
2025-07-25 02:30:00+00:00,3683.28,3689.54,3615.97,3615.97,29340.8537
2025-07-25 03:00:00+00:00,3615.98,3633.57,3602.52,3620.23,21343.5361
2025-07-25 03:30:00+00:00,3620.24,3620.24,3573.76,3596.0,34266.462
2025-07-25 04:00:00+00:00,3596.01,3606.67,3580.0,3597.11,19121.6367
2025-07-25 04:30:00+00:00,3597.11,3651.55,3596.78,3648.6,18577.8539
2025-07-25 05:00:00+00:00,3648.59,3650.01,3610.81,3633.28,17767.6305
2025-07-25 05:30:00+00:00,3633.28,3637.0,3620.08,3633.41,9560.9336
2025-07-25 06:00:00+00:00,3633.41,3635.06,3611.35,3623.91,15613.048
2025-07-25 06:30:00+00:00,3623.9,3643.78,3616.63,3631.61,11002.1247
2025-07-25 07:00:00+00:00,3631.61,3667.59,3615.66,3633.36,19257.9284
2025-07-25 07:30:00+00:00,3633.36,3640.66,3599.44,3631.67,27911.4756
2025-07-25 08:00:00+00:00,3631.67,3670.58,3629.1,3665.7,19163.7482
2025-07-25 08:30:00+00:00,3665.7,3678.0,3639.38,3664.82,17287.5128
2025-07-25 09:00:00+00:00,3664.83,3705.54,3650.0,3705.54,17804.6846
2025-07-25 09:30:00+00:00,3705.53,3732.69,3689.99,3726.08,35926.3603
2025-07-25 10:00:00+00:00,3726.09,3747.0,3705.34,3707.7,28032.4192
2025-07-25 10:30:00+00:00,3707.69,3725.37,3707.46,3718.89,9603.461
2025-07-25 11:00:00+00:00,3718.89,3744.0,3717.82,3738.76,11768.9689
2025-07-25 11:30:00+00:00,3738.77,3740.96,3715.45,3721.37,10744.1089
2025-07-25 12:00:00+00:00,3721.37,3735.0,3710.16,3714.83,9935.2596
2025-07-25 12:30:00+00:00,3714.84,3733.3,3694.03,3704.45,16950.4998
2025-07-25 13:00:00+00:00,3704.45,3711.58,3694.32,3705.26,13412.751
2025-07-25 13:30:00+00:00,3705.26,3719.94,3676.33,3706.03,24620.5783
2025-07-25 14:00:00+00:00,3706.03,3708.83,3673.15,3681.5,17336.0074
2025-07-25 14:30:00+00:00,3681.5,3687.12,3620.93,3629.23,27155.265
2025-07-25 15:00:00+00:00,3629.23,3647.66,3617.0,3639.68,25630.11
2025-07-25 15:30:00+00:00,3639.68,3644.07,3601.56,3634.2,20304.0238
2025-07-25 16:00:00+00:00,3634.21,3645.0,3617.04,3630.72,13062.6242
2025-07-25 16:30:00+00:00,3630.71,3645.69,3615.0,3640.78,14804.2044
2025-07-25 17:00:00+00:00,3640.77,3652.86,3621.39,3634.31,14792.3833
2025-07-25 17:30:00+00:00,3634.32,3642.87,3624.31,3636.48,9824.5663
2025-07-25 18:00:00+00:00,3636.47,3654.71,3635.53,3649.89,10047.2607
2025-07-25 18:30:00+00:00,3649.89,3658.52,3644.89,3650.25,5176.4345
2025-07-25 19:00:00+00:00,3650.25,3658.04,3643.37,3643.97,4645.386
2025-07-25 19:30:00+00:00,3643.98,3659.75,3641.04,3641.14,5916.0771
2025-07-25 20:00:00+00:00,3641.15,3662.66,3639.5,3662.65,3346.6991
2025-07-25 20:30:00+00:00,3662.65,3697.4,3659.68,3685.12,11260.8165
2025-07-25 21:00:00+00:00,3685.13,3726.7,3685.13,3720.94,17128.7658
2025-07-25 21:30:00+00:00,3720.94,3726.62,3707.72,3719.81,9475.1789
2025-07-25 22:00:00+00:00,3719.81,3726.42,3715.2,3719.44,8866.8892
2025-07-25 22:30:00+00:00,3719.43,3730.0,3717.52,3720.07,6666.1427
2025-07-25 23:00:00+00:00,3720.06,3724.3,3708.85,3715.99,6099.603
2025-07-25 23:30:00+00:00,3715.99,3729.92,3713.76,3724.96,4391.9763
2025-07-26 00:00:00+00:00,3724.97,3728.06,3711.27,3727.62,4625.19
2025-07-26 00:30:00+00:00,3727.62,3728.0,3713.63,3725.51,4534.3645
2025-07-26 01:00:00+00:00,3725.52,3726.0,3708.43,3719.55,5690.8766
2025-07-26 01:30:00+00:00,3719.53,3721.92,3697.66,3702.13,8168.6505
2025-07-26 02:00:00+00:00,3702.12,3746.93,3702.12,3745.95,15616.943
2025-07-26 02:30:00+00:00,3745.94,3767.13,3731.05,3742.67,25472.1869
2025-07-26 03:00:00+00:00,3742.67,3743.49,3728.21,3729.13,5947.8585
2025-07-26 03:30:00+00:00,3729.14,3746.77,3728.77,3739.51,3863.5427
2025-07-26 04:00:00+00:00,3739.5,3750.2,3737.32,3745.69,8029.3492
2025-07-26 04:30:00+00:00,3745.69,3753.54,3743.84,3748.34,7396.8044
2025-07-26 05:00:00+00:00,3748.35,3750.05,3734.15,3749.83,5511.6031
2025-07-26 05:30:00+00:00,3749.84,3756.62,3745.22,3748.02,8658.2661
2025-07-26 06:00:00+00:00,3748.02,3750.54,3731.53,3738.81,4714.778
2025-07-26 06:30:00+00:00,3738.81,3744.8,3735.26,3739.78,4208.9676
2025-07-26 07:00:00+00:00,3739.77,3748.46,3738.09,3743.18,2810.6116
2025-07-26 07:30:00+00:00,3743.17,3746.8,3740.52,3742.21,3226.4973
2025-07-26 08:00:00+00:00,3742.2,3764.0,3742.2,3761.8,10575.3842
2025-07-26 08:30:00+00:00,3761.81,3779.0,3754.92,3762.73,17806.1219
2025-07-26 09:00:00+00:00,3762.73,3765.65,3750.11,3752.33,8129.0177
2025-07-26 09:30:00+00:00,3752.33,3759.76,3749.39,3759.1,4878.7448
2025-07-26 10:00:00+00:00,3759.11,3766.87,3752.56,3763.77,7782.8385
2025-07-26 10:30:00+00:00,3763.76,3782.83,3758.37,3759.93,16904.3866
2025-07-26 11:00:00+00:00,3759.94,3770.0,3743.42,3748.81,30643.7898
2025-07-26 11:30:00+00:00,3748.82,3749.22,3730.25,3739.36,13974.1623
2025-07-26 12:00:00+00:00,3739.37,3749.56,3725.0,3742.45,9425.8366
2025-07-26 12:30:00+00:00,3742.46,3751.14,3739.55,3741.98,9485.4262
2025-07-26 13:00:00+00:00,3741.98,3751.01,3736.18,3744.97,7038.5037
2025-07-26 13:30:00+00:00,3744.96,3754.2,3740.83,3743.62,7942.3882
2025-07-26 14:00:00+00:00,3743.63,3748.2,3724.57,3730.0,10927.206
2025-07-26 14:30:00+00:00,3730.0,3738.12,3725.72,3727.97,6296.0629
2025-07-26 15:00:00+00:00,3727.98,3736.35,3715.58,3724.86,7524.4812
2025-07-26 15:30:00+00:00,3724.86,3740.05,3722.82,3735.72,5800.9061
2025-07-26 16:00:00+00:00,3735.72,3741.99,3719.75,3730.77,7158.0081
2025-07-26 16:30:00+00:00,3730.77,3735.45,3723.52,3727.96,7267.3143
2025-07-26 17:00:00+00:00,3727.96,3734.85,3721.63,3731.06,3396.9906
2025-07-26 17:30:00+00:00,3731.06,3731.07,3721.6,3723.72,3252.2997
2025-07-26 18:00:00+00:00,3723.73,3733.0,3709.39,3731.59,7196.624
2025-07-26 18:30:00+00:00,3731.59,3756.0,3731.58,3740.14,15565.6082
2025-07-26 19:00:00+00:00,3740.14,3750.31,3740.1,3743.6,4346.067
2025-07-26 19:30:00+00:00,3743.6,3756.06,3739.35,3750.5,5318.922
2025-07-26 20:00:00+00:00,3750.5,3751.93,3737.37,3737.4,4657.0614
2025-07-26 20:30:00+00:00,3737.4,3749.17,3733.49,3745.36,3834.5844
2025-07-26 21:00:00+00:00,3745.35,3745.35,3738.08,3743.65,3815.2358
2025-07-26 21:30:00+00:00,3743.65,3763.65,3743.64,3758.77,5670.0396
2025-07-26 22:00:00+00:00,3758.77,3793.0,3747.32,3747.32,25743.6725
2025-07-26 22:30:00+00:00,3747.33,3757.22,3742.41,3750.16,9059.509
2025-07-26 23:00:00+00:00,3750.17,3755.48,3740.02,3744.65,4534.904
2025-07-26 23:30:00+00:00,3744.65,3745.14,3736.84,3741.1,2831.1151
2025-07-27 00:00:00+00:00,3741.11,3744.77,3731.0,3741.61,4877.0263
2025-07-27 00:30:00+00:00,3741.61,3756.27,3740.0,3756.26,4257.5639
2025-07-27 01:00:00+00:00,3756.26,3772.58,3750.71,3765.43,6409.6536
2025-07-27 01:30:00+00:00,3765.44,3769.99,3753.41,3756.43,4380.7365
2025-07-27 02:00:00+00:00,3756.43,3770.52,3752.08,3762.62,3967.329
2025-07-27 02:30:00+00:00,3762.61,3787.8,3762.44,3784.72,6363.2226
2025-07-27 03:00:00+00:00,3784.73,3786.02,3770.71,3776.33,5414.3862
2025-07-27 03:30:00+00:00,3776.33,3780.5,3771.37,3774.03,5375.3165
2025-07-27 04:00:00+00:00,3774.03,3778.92,3768.66,3774.84,2905.2423
2025-07-27 04:30:00+00:00,3774.83,3791.65,3774.5,3791.01,6332.0151
2025-07-27 05:00:00+00:00,3791.01,3811.0,3785.8,3799.64,20512.4843
2025-07-27 05:30:00+00:00,3799.63,3801.06,3781.84,3790.94,11071.5683
2025-07-27 06:00:00+00:00,3790.93,3791.29,3773.78,3775.87,5973.3448
2025-07-27 06:30:00+00:00,3775.87,3779.45,3764.84,3772.2,5623.2108
2025-07-27 07:00:00+00:00,3772.21,3782.91,3766.72,3776.76,4187.6917
2025-07-27 07:30:00+00:00,3776.76,3776.97,3763.0,3768.01,3823.4713
2025-07-27 08:00:00+00:00,3768.0,3776.34,3764.5,3768.84,4055.7336
2025-07-27 08:30:00+00:00,3768.85,3774.96,3764.52,3770.96,3309.5415
2025-07-27 09:00:00+00:00,3770.96,3774.01,3766.67,3768.2,3222.1581
2025-07-27 09:30:00+00:00,3768.2,3772.19,3751.0,3763.5,9648.4199
2025-07-27 10:00:00+00:00,3763.5,3792.46,3763.48,3785.4,9230.8463
2025-07-27 10:30:00+00:00,3785.41,3842.95,3782.73,3817.06,37672.4647
2025-07-27 11:00:00+00:00,3817.06,3835.83,3808.85,3824.23,13482.3996
2025-07-27 11:30:00+00:00,3824.23,3831.86,3804.77,3815.26,10209.4905
2025-07-27 12:00:00+00:00,3815.26,3836.54,3813.27,3814.97,15869.7277
2025-07-27 12:30:00+00:00,3814.98,3829.72,3806.04,3825.99,14880.6329
2025-07-27 13:00:00+00:00,3825.99,3830.72,3814.0,3819.75,10902.0318
2025-07-27 13:30:00+00:00,3819.76,3820.0,3806.5,3810.07,10583.9905
2025-07-27 14:00:00+00:00,3810.07,3822.8,3803.51,3812.3,10459.3234
2025-07-27 14:30:00+00:00,3812.3,3817.99,3791.48,3809.44,10542.8605
2025-07-27 15:00:00+00:00,3809.44,3812.4,3793.48,3805.32,9622.4129
2025-07-27 15:30:00+00:00,3805.32,3821.47,3803.86,3818.53,7515.2685
2025-07-27 16:00:00+00:00,3818.53,3838.7,3818.28,3836.01,14819.9724
2025-07-27 16:30:00+00:00,3836.01,3850.47,3811.0,3816.02,24388.5592
2025-07-27 17:00:00+00:00,3816.03,3826.41,3809.01,3824.8,9265.132
2025-07-27 17:30:00+00:00,3824.8,3841.78,3816.01,3838.25,11029.8143
2025-07-27 18:00:00+00:00,3838.24,3868.08,3833.27,3860.84,21319.9661
2025-07-27 18:30:00+00:00,3860.84,3865.65,3844.11,3846.26,15943.4186
2025-07-27 19:00:00+00:00,3846.26,3851.81,3836.53,3838.05,7456.1738
2025-07-27 19:30:00+00:00,3838.04,3843.88,3826.59,3828.32,5272.5472
2025-07-27 20:00:00+00:00,3828.33,3843.2,3827.87,3834.16,5463.1742
2025-07-27 20:30:00+00:00,3834.17,3834.17,3819.86,3822.4,5820.3294
2025-07-27 21:00:00+00:00,3822.41,3829.84,3818.9,3827.97,3952.89
2025-07-27 21:30:00+00:00,3827.98,3840.75,3816.01,3837.12,5336.4191
2025-07-27 22:00:00+00:00,3837.12,3860.01,3835.77,3855.67,11780.5594
2025-07-27 22:30:00+00:00,3855.68,3879.82,3849.74,3864.13,15523.482
2025-07-27 23:00:00+00:00,3864.13,3864.49,3839.49,3859.89,10123.4822
2025-07-27 23:30:00+00:00,3859.89,3875.85,3850.46,3872.1,7174.975
2025-07-28 00:00:00+00:00,3872.11,3887.0,3859.6,3885.87,14554.1534
2025-07-28 00:30:00+00:00,3885.87,3886.35,3855.03,3862.01,11238.21
2025-07-28 01:00:00+00:00,3862.01,3865.0,3848.74,3860.38,10448.4959
2025-07-28 01:30:00+00:00,3860.37,3860.37,3844.11,3849.67,6037.7628
2025-07-28 02:00:00+00:00,3849.67,3874.98,3843.0,3874.34,8235.1091
2025-07-28 02:30:00+00:00,3874.34,3907.4,3872.31,3885.88,39032.9954
2025-07-28 03:00:00+00:00,3885.87,3893.77,3871.16,3871.72,7230.0958
2025-07-28 03:30:00+00:00,3871.72,3879.82,3868.03,3879.81,4347.097
2025-07-28 04:00:00+00:00,3879.81,3890.0,3868.34,3880.32,5830.817
2025-07-28 04:30:00+00:00,3880.31,3904.51,3874.89,3902.16,12960.5358
2025-07-28 05:00:00+00:00,3902.17,3939.77,3900.63,3938.99,26115.7389
2025-07-28 05:30:00+00:00,3938.98,3941.0,3923.05,3929.8,19125.0693
2025-07-28 06:00:00+00:00,3929.79,3933.96,3916.6,3921.07,11594.1555
2025-07-28 06:30:00+00:00,3921.08,3927.5,3909.72,3912.81,12737.9709
2025-07-28 07:00:00+00:00,3912.82,3914.25,3875.94,3895.63,20747.0572
2025-07-28 07:30:00+00:00,3895.62,3896.73,3883.78,3893.0,7581.2903
2025-07-28 08:00:00+00:00,3893.01,3901.94,3884.62,3897.92,8412.6668
2025-07-28 08:30:00+00:00,3897.92,3898.38,3883.03,3891.92,6128.2269
2025-07-28 09:00:00+00:00,3891.91,3893.49,3879.62,3881.13,7140.486
2025-07-28 09:30:00+00:00,3881.13,3895.94,3871.88,3894.24,9521.9888
2025-07-28 10:00:00+00:00,3894.24,3897.26,3882.0,3890.01,3801.0869
2025-07-28 10:30:00+00:00,3890.0,3892.52,3876.1,3887.8,8290.5709
2025-07-28 11:00:00+00:00,3887.81,3893.8,3870.0,3870.05,9310.8232
2025-07-28 11:30:00+00:00,3870.05,3880.0,3860.01,3879.79,8701.8929
2025-07-28 12:00:00+00:00,3879.8,3889.99,3872.76,3884.09,6100.4863
2025-07-28 12:30:00+00:00,3884.08,3889.4,3869.27,3871.02,8395.1622
2025-07-28 13:00:00+00:00,3871.02,3874.75,3835.0,3844.24,24447.6958
2025-07-28 13:30:00+00:00,3844.25,3868.78,3826.27,3843.56,19651.8737
2025-07-28 14:00:00+00:00,3843.57,3852.23,3776.26,3784.97,53373.1343
2025-07-28 14:30:00+00:00,3784.98,3798.44,3773.33,3785.04,27390.6086
2025-07-28 15:00:00+00:00,3785.03,3824.3,3781.28,3815.47,25508.8377
2025-07-28 15:30:00+00:00,3815.46,3822.33,3790.0,3808.11,11117.3272
2025-07-28 16:00:00+00:00,3808.11,3816.2,3793.04,3813.62,8883.723
2025-07-28 16:30:00+00:00,3813.62,3822.8,3804.61,3806.51,13215.3987
2025-07-28 17:00:00+00:00,3806.51,3809.99,3778.79,3802.88,14881.011
2025-07-28 17:30:00+00:00,3802.89,3808.89,3782.56,3784.48,8105.1425
2025-07-28 18:00:00+00:00,3784.48,3788.55,3754.0,3771.36,21057.7653
2025-07-28 18:30:00+00:00,3771.37,3784.7,3754.14,3782.69,11896.8839
2025-07-28 19:00:00+00:00,3782.69,3806.8,3781.91,3799.5,11065.4444
2025-07-28 19:30:00+00:00,3799.5,3799.51,3764.7,3797.36,11283.7636
2025-07-28 20:00:00+00:00,3797.37,3803.98,3766.0,3767.01,8844.0513
2025-07-28 20:30:00+00:00,3767.01,3791.21,3765.88,3788.05,5304.1989
2025-07-28 21:00:00+00:00,3788.04,3795.95,3775.32,3784.26,4996.5747
2025-07-28 21:30:00+00:00,3784.25,3803.56,3780.0,3789.17,6013.3814
2025-07-28 22:00:00+00:00,3789.17,3803.22,3787.48,3794.59,5864.1402
2025-07-28 22:30:00+00:00,3794.59,3796.85,3766.01,3787.04,8147.3454
2025-07-28 23:00:00+00:00,3787.05,3800.18,3775.0,3786.01,8233.2119
2025-07-28 23:30:00+00:00,3786.01,3800.36,3775.02,3799.0,18093.2876
2025-07-29 00:00:00+00:00,3799.0,3821.48,3788.56,3809.99,15446.5693
2025-07-29 00:30:00+00:00,3810.0,3816.98,3744.3,3780.34,26350.987
2025-07-29 01:00:00+00:00,3780.35,3798.0,3768.95,3795.21,7372.3383
2025-07-29 01:30:00+00:00,3795.22,3798.76,3758.0,3758.88,6614.9397
2025-07-29 02:00:00+00:00,3758.89,3773.59,3731.21,3758.89,17293.6663
2025-07-29 02:30:00+00:00,3758.9,3765.52,3742.43,3759.13,7794.0388
2025-07-29 03:00:00+00:00,3759.13,3786.7,3758.77,3783.56,8114.6337
2025-07-29 03:30:00+00:00,3783.55,3797.98,3775.07,3791.9,9323.2713
2025-07-29 04:00:00+00:00,3791.91,3801.88,3787.38,3789.4,5797.71
2025-07-29 04:30:00+00:00,3789.4,3794.78,3775.77,3778.48,5490.5528
2025-07-29 05:00:00+00:00,3778.48,3794.11,3778.47,3791.15,3979.6868
2025-07-29 05:30:00+00:00,3791.16,3807.98,3788.54,3807.26,6981.1236
2025-07-29 06:00:00+00:00,3807.26,3821.87,3801.87,3816.73,9058.0803
2025-07-29 06:30:00+00:00,3816.73,3834.29,3812.21,3828.8,13170.6167
2025-07-29 07:00:00+00:00,3828.81,3846.35,3828.81,3833.55,13351.9918
2025-07-29 07:30:00+00:00,3833.54,3880.0,3833.54,3877.36,27655.4642
2025-07-29 08:00:00+00:00,3877.36,3886.44,3860.29,3863.81,13412.2017
2025-07-29 08:30:00+00:00,3863.81,3884.83,3863.81,3872.52,8031.6192
2025-07-29 09:00:00+00:00,3872.53,3879.94,3864.64,3875.24,6920.2945
2025-07-29 09:30:00+00:00,3875.25,3877.64,3868.31,3872.62,4574.6962
2025-07-29 10:00:00+00:00,3872.61,3874.72,3841.89,3853.38,13370.283
2025-07-29 10:30:00+00:00,3853.39,3866.48,3824.0,3829.59,13548.9246
2025-07-29 11:00:00+00:00,3829.59,3835.98,3820.7,3832.01,10417.7465
2025-07-29 11:30:00+00:00,3832.01,3839.98,3811.78,3825.9,12717.9958
2025-07-29 12:00:00+00:00,3825.89,3856.85,3822.78,3850.93,17870.7617
2025-07-29 12:30:00+00:00,3850.92,3860.22,3843.4,3852.81,6224.6585
2025-07-29 13:00:00+00:00,3852.82,3874.54,3841.5,3865.21,13401.5872
2025-07-29 13:30:00+00:00,3865.22,3868.2,3827.49,3838.94,13755.2489
2025-07-29 14:00:00+00:00,3838.95,3840.26,3794.0,3820.55,24214.0205
2025-07-29 14:30:00+00:00,3820.56,3820.76,3770.0,3782.26,22591.1593
2025-07-29 15:00:00+00:00,3782.25,3783.5,3758.0,3760.73,18857.1581
2025-07-29 15:30:00+00:00,3760.73,3771.35,3747.0,3761.57,23962.9349
2025-07-29 16:00:00+00:00,3761.56,3769.16,3739.0,3747.84,18982.487
2025-07-29 16:30:00+00:00,3747.85,3759.3,3716.04,3751.45,34270.1715
2025-07-29 17:00:00+00:00,3751.45,3785.6,3744.52,3784.16,17983.6727
2025-07-29 17:30:00+00:00,3784.16,3793.59,3758.9,3769.74,11869.0588
2025-07-29 18:00:00+00:00,3769.73,3776.42,3752.48,3768.15,6023.7583
2025-07-29 18:30:00+00:00,3768.16,3776.57,3762.93,3770.99,4948.5461
2025-07-29 19:00:00+00:00,3771.0,3797.0,3758.77,3762.58,14559.7513
2025-07-29 19:30:00+00:00,3762.58,3775.86,3761.99,3765.89,8634.0669
2025-07-29 20:00:00+00:00,3765.89,3784.12,3739.14,3765.15,16963.7406
2025-07-29 20:30:00+00:00,3765.15,3766.65,3745.11,3765.5,8918.2582
2025-07-29 21:00:00+00:00,3765.5,3772.9,3753.44,3763.86,7116.425
2025-07-29 21:30:00+00:00,3763.86,3785.49,3760.83,3781.14,4994.0565
2025-07-29 22:00:00+00:00,3781.14,3787.71,3759.49,3781.78,7114.0202
2025-07-29 22:30:00+00:00,3781.77,3795.25,3778.71,3792.59,4622.1746
2025-07-29 23:00:00+00:00,3792.6,3795.42,3783.88,3791.19,4667.0533
2025-07-29 23:30:00+00:00,3791.19,3801.77,3783.68,3793.79,4876.2371
2025-07-30 00:00:00+00:00,3793.79,3794.64,3770.65,3771.56,5911.6128
2025-07-30 00:30:00+00:00,3771.56,3776.6,3756.0,3775.0,7071.7557
2025-07-30 01:00:00+00:00,3775.0,3785.39,3761.56,3770.3,4737.5645
2025-07-30 01:30:00+00:00,3770.31,3812.16,3768.76,3791.73,14938.2038
2025-07-30 02:00:00+00:00,3791.73,3816.26,3784.68,3806.81,7081.3229
2025-07-30 02:30:00+00:00,3806.81,3822.0,3800.01,3812.83,10381.9245
2025-07-30 03:00:00+00:00,3812.84,3820.76,3805.49,3820.76,8231.6508
2025-07-30 03:30:00+00:00,3820.76,3828.71,3812.26,3817.47,6975.103
2025-07-30 04:00:00+00:00,3817.46,3825.38,3816.79,3817.01,3057.3236
2025-07-30 04:30:00+00:00,3817.0,3817.0,3799.56,3808.57,6079.1379
2025-07-30 05:00:00+00:00,3808.56,3814.35,3786.87,3809.42,8182.1141
2025-07-30 05:30:00+00:00,3809.42,3815.38,3795.38,3810.23,5203.4968
2025-07-30 06:00:00+00:00,3810.24,3822.09,3809.26,3821.99,7835.6596
2025-07-30 06:30:00+00:00,3821.99,3830.21,3817.11,3824.95,6817.1948
2025-07-30 07:00:00+00:00,3824.95,3834.03,3815.64,3829.13,7663.8833
2025-07-30 07:30:00+00:00,3829.13,3832.17,3803.93,3811.44,7356.9135
2025-07-30 08:00:00+00:00,3811.44,3823.39,3797.54,3818.43,9042.4906
2025-07-30 08:30:00+00:00,3818.43,3825.73,3808.5,3815.65,5353.239
2025-07-30 09:00:00+00:00,3815.65,3819.95,3795.91,3796.53,6980.5458
2025-07-30 09:30:00+00:00,3796.54,3797.15,3775.0,3786.51,14862.2248
2025-07-30 10:00:00+00:00,3786.51,3802.62,3786.5,3798.95,4716.1001
2025-07-30 10:30:00+00:00,3798.94,3807.22,3768.23,3773.99,8829.3263
2025-07-30 11:00:00+00:00,3774.0,3786.0,3753.63,3755.01,12160.6496
2025-07-30 11:30:00+00:00,3755.01,3766.92,3744.16,3758.18,12339.9034
2025-07-30 12:00:00+00:00,3758.18,3781.74,3749.74,3775.05,11917.4279
2025-07-30 12:30:00+00:00,3775.09,3785.06,3764.0,3774.24,9659.7097
2025-07-30 13:00:00+00:00,3774.23,3785.93,3755.35,3756.09,10700.4679
2025-07-30 13:30:00+00:00,3756.1,3775.54,3750.39,3766.68,11206.0123
2025-07-30 14:00:00+00:00,3766.67,3786.62,3764.05,3775.07,6195.2326
2025-07-30 14:30:00+00:00,3775.08,3832.0,3775.08,3819.52,18830.3421
2025-07-30 15:00:00+00:00,3819.52,3822.6,3780.6,3785.55,15371.4015
2025-07-30 15:30:00+00:00,3785.54,3800.88,3777.33,3797.25,6580.2497
2025-07-30 16:00:00+00:00,3797.25,3817.0,3780.88,3799.7,10530.5927
2025-07-30 16:30:00+00:00,3799.67,3803.6,3785.54,3795.92,7870.9762
2025-07-30 17:00:00+00:00,3795.92,3811.61,3791.91,3803.64,5611.4508
2025-07-30 17:30:00+00:00,3803.63,3815.0,3798.69,3805.14,5310.4237
2025-07-30 18:00:00+00:00,3805.15,3822.0,3779.87,3807.56,18107.2263
2025-07-30 18:30:00+00:00,3807.56,3813.84,3737.0,3738.37,42131.7094
2025-07-30 19:00:00+00:00,3738.37,3738.37,3677.65,3722.22,62194.0536
2025-07-30 19:30:00+00:00,3722.22,3772.94,3713.61,3760.68,23623.5422
2025-07-30 20:00:00+00:00,3760.67,3787.63,3757.25,3768.84,12916.6645
2025-07-30 20:30:00+00:00,3768.83,3779.2,3758.44,3770.64,7780.5568
2025-07-30 21:00:00+00:00,3770.64,3775.16,3751.79,3751.79,5203.8967
2025-07-30 21:30:00+00:00,3751.79,3767.7,3742.79,3763.1,7972.4804
2025-07-30 22:00:00+00:00,3763.09,3771.42,3756.25,3761.39,5313.3442
2025-07-30 22:30:00+00:00,3761.38,3766.27,3756.06,3764.02,3942.9721
2025-07-30 23:00:00+00:00,3764.01,3789.0,3763.04,3789.0,9036.0005
2025-07-30 23:30:00+00:00,3788.99,3811.93,3788.5,3810.0,15608.8253
2025-07-31 00:00:00+00:00,3810.0,3825.52,3801.53,3825.2,13010.6077
2025-07-31 00:30:00+00:00,3825.2,3849.99,3820.0,3843.92,21206.6947
2025-07-31 01:00:00+00:00,3843.93,3846.63,3829.37,3846.63,12208.2009
2025-07-31 01:30:00+00:00,3846.63,3850.62,3832.48,3838.0,11662.8332
2025-07-31 02:00:00+00:00,3837.99,3846.09,3831.96,3844.01,8646.6556
2025-07-31 02:30:00+00:00,3844.01,3864.49,3844.01,3862.92,14908.6745
2025-07-31 03:00:00+00:00,3862.93,3866.11,3855.99,3861.49,11231.4515
2025-07-31 03:30:00+00:00,3861.48,3868.0,3856.28,3863.31,7372.7554
2025-07-31 04:00:00+00:00,3863.31,3865.34,3854.77,3855.86,6342.0535
2025-07-31 04:30:00+00:00,3855.86,3871.15,3855.86,3871.04,7471.751
2025-07-31 05:00:00+00:00,3871.05,3871.05,3856.81,3859.97,7574.6215
2025-07-31 05:30:00+00:00,3859.97,3865.45,3855.61,3859.15,6183.1607
2025-07-31 06:00:00+00:00,3859.14,3865.91,3855.12,3862.09,6507.9161
2025-07-31 06:30:00+00:00,3862.09,3878.67,3858.58,3874.08,9856.6584
2025-07-31 07:00:00+00:00,3874.08,3877.16,3866.11,3866.97,7309.8154
2025-07-31 07:30:00+00:00,3866.97,3868.34,3861.24,3863.81,5977.3802
2025-07-31 08:00:00+00:00,3863.81,3870.08,3858.02,3868.08,6623.4306
2025-07-31 08:30:00+00:00,3868.08,3873.28,3863.15,3863.7,4003.0025
2025-07-31 09:00:00+00:00,3863.7,3863.87,3858.7,3862.7,4406.9207
2025-07-31 09:30:00+00:00,3862.71,3866.97,3855.16,3863.08,5484.4338
2025-07-31 10:00:00+00:00,3863.08,3866.87,3856.33,3857.05,5668.8501
2025-07-31 10:30:00+00:00,3857.06,3864.58,3853.3,3855.48,6110.8197
2025-07-31 11:00:00+00:00,3855.48,3858.21,3832.14,3837.12,12076.4513
2025-07-31 11:30:00+00:00,3837.14,3846.03,3826.3,3838.46,10959.3837
2025-07-31 12:00:00+00:00,3838.45,3845.09,3827.0,3843.03,6736.0472
2025-07-31 12:30:00+00:00,3843.04,3843.8,3822.95,3835.0,9055.6274
2025-07-31 13:00:00+00:00,3835.0,3835.18,3791.97,3801.55,20236.7464
2025-07-31 13:30:00+00:00,3801.55,3814.39,3786.44,3807.57,16500.2924
2025-07-31 14:00:00+00:00,3807.57,3815.84,3766.66,3774.88,22028.0125
2025-07-31 14:30:00+00:00,3774.89,3788.57,3768.3,3768.97,12250.9108
2025-07-31 15:00:00+00:00,3768.97,3788.63,3762.27,3783.72,11235.0552
2025-07-31 15:30:00+00:00,3783.71,3797.93,3778.0,3788.38,11554.0928
2025-07-31 16:00:00+00:00,3788.39,3804.53,3781.5,3794.41,7574.2987
2025-07-31 16:30:00+00:00,3794.41,3819.0,3792.96,3804.17,15978.136
2025-07-31 17:00:00+00:00,3804.17,3804.91,3773.74,3779.75,11610.0972
2025-07-31 17:30:00+00:00,3779.76,3793.04,3768.05,3775.83,9242.4172
2025-07-31 18:00:00+00:00,3775.89,3781.51,3749.0,3776.78,20441.9872
2025-07-31 18:30:00+00:00,3776.77,3788.5,3770.58,3775.58,7602.8567
2025-07-31 19:00:00+00:00,3775.58,3781.18,3747.11,3754.27,12292.6971
2025-07-31 19:30:00+00:00,3754.28,3760.8,3735.0,3737.72,14855.2701
2025-07-31 20:00:00+00:00,3737.71,3748.89,3718.0,3739.58,17821.5898
2025-07-31 20:30:00+00:00,3739.59,3745.0,3724.02,3735.03,7631.2751
2025-07-31 21:00:00+00:00,3735.03,3755.15,3732.57,3749.49,8625.8818
2025-07-31 21:30:00+00:00,3749.49,3758.56,3710.0,3731.26,10739.8098
2025-07-31 22:00:00+00:00,3731.25,3731.25,3710.0,3720.31,9733.8425
2025-07-31 22:30:00+00:00,3720.32,3721.33,3702.36,3709.33,10620.1719
2025-07-31 23:00:00+00:00,3709.34,3729.62,3708.19,3708.86,8381.3932
2025-07-31 23:30:00+00:00,3708.86,3709.48,3684.33,3698.39,20535.4186
2025-08-01 00:00:00+00:00,3698.39,3699.28,3658.18,3690.52,26627.6995
2025-08-01 00:30:00+00:00,3690.51,3692.25,3616.66,3682.1,38056.1515
2025-08-01 01:00:00+00:00,3682.1,3695.86,3652.97,3683.74,25102.906
2025-08-01 01:30:00+00:00,3683.74,3697.38,3672.8,3689.42,14638.2187
2025-08-01 02:00:00+00:00,3689.41,3719.63,3680.43,3708.45,17857.6129
2025-08-01 02:30:00+00:00,3708.45,3723.97,3703.69,3716.4,12093.4833
2025-08-01 03:00:00+00:00,3716.39,3724.02,3704.99,3720.37,8104.551
2025-08-01 03:30:00+00:00,3720.38,3721.87,3700.81,3704.98,6664.3372
2025-08-01 04:00:00+00:00,3704.98,3704.98,3677.48,3688.49,12510.311
2025-08-01 04:30:00+00:00,3688.48,3695.31,3680.0,3682.07,7415.6514
2025-08-01 05:00:00+00:00,3682.08,3693.31,3671.64,3678.91,8523.9967
2025-08-01 05:30:00+00:00,3678.92,3690.74,3664.8,3675.1,8737.6853
2025-08-01 06:00:00+00:00,3675.09,3682.48,3654.62,3657.52,10146.766
2025-08-01 06:30:00+00:00,3657.53,3667.67,3641.17,3662.69,14559.2171
2025-08-01 07:00:00+00:00,3662.69,3669.0,3629.41,3632.93,16438.8873
2025-08-01 07:30:00+00:00,3632.93,3652.26,3624.11,3650.74,21998.4948
2025-08-01 08:00:00+00:00,3650.73,3650.73,3595.28,3605.9,38580.2351
2025-08-01 08:30:00+00:00,3605.91,3624.67,3585.69,3609.43,17232.403
2025-08-01 09:00:00+00:00,3609.43,3640.77,3606.0,3637.06,14603.0036
2025-08-01 09:30:00+00:00,3637.07,3639.34,3617.45,3618.31,7065.3592
2025-08-01 10:00:00+00:00,3618.32,3633.48,3613.55,3623.73,8395.9035
2025-08-01 10:30:00+00:00,3623.73,3630.98,3609.33,3615.11,8058.3766
2025-08-01 11:00:00+00:00,3615.12,3627.5,3606.08,3622.38,5840.8966
2025-08-01 11:30:00+00:00,3622.37,3643.48,3620.81,3642.72,6707.6657
2025-08-01 12:00:00+00:00,3642.72,3661.8,3634.43,3644.29,12160.4757
2025-08-01 12:30:00+00:00,3644.29,3674.4,3630.5,3663.28,20638.2836
2025-08-01 13:00:00+00:00,3663.3,3675.85,3650.35,3653.76,9634.339
2025-08-01 13:30:00+00:00,3653.75,3655.0,3577.79,3599.69,36712.4031
2025-08-01 14:00:00+00:00,3599.69,3652.32,3565.0,3651.5,32773.5463
2025-08-01 14:30:00+00:00,3651.5,3656.29,3626.51,3633.05,13994.9366
2025-08-01 15:00:00+00:00,3633.05,3636.67,3583.04,3591.76,17099.4636
2025-08-01 15:30:00+00:00,3591.77,3620.25,3588.0,3616.1,9968.6522
2025-08-01 16:00:00+00:00,3616.1,3634.0,3609.18,3626.53,7059.0674
2025-08-01 16:30:00+00:00,3626.53,3626.53,3575.61,3587.92,17655.9959
2025-08-01 17:00:00+00:00,3587.9,3589.05,3562.76,3580.12,19131.2985
2025-08-01 17:30:00+00:00,3580.12,3601.99,3565.45,3572.26,10228.3729
2025-08-01 18:00:00+00:00,3572.25,3581.04,3537.5,3568.99,29535.7102
2025-08-01 18:30:00+00:00,3568.99,3585.35,3546.59,3550.16,12604.21
2025-08-01 19:00:00+00:00,3550.16,3561.26,3526.4,3533.69,16673.8691
2025-08-01 19:30:00+00:00,3533.7,3553.0,3515.13,3518.4,20564.188
2025-08-01 20:00:00+00:00,3518.42,3532.67,3491.0,3524.19,31253.2658
2025-08-01 20:30:00+00:00,3524.19,3543.0,3510.0,3541.82,11900.8892
2025-08-01 21:00:00+00:00,3541.81,3553.21,3535.0,3545.75,9102.7178
2025-08-01 21:30:00+00:00,3545.75,3550.17,3533.33,3536.97,4629.4929
2025-08-01 22:00:00+00:00,3536.98,3544.5,3472.0,3484.39,21154.1888
2025-08-01 22:30:00+00:00,3484.38,3490.42,3431.75,3463.81,39799.4026
2025-08-01 23:00:00+00:00,3463.82,3488.4,3449.31,3482.42,14803.6047
2025-08-01 23:30:00+00:00,3482.43,3493.19,3472.37,3488.2,8830.9648
2025-08-02 00:00:00+00:00,3488.21,3497.47,3478.42,3489.48,12235.145
2025-08-02 00:30:00+00:00,3489.49,3515.18,3481.12,3515.17,26256.0205
2025-08-02 01:00:00+00:00,3515.17,3522.79,3500.0,3503.63,8151.9582
2025-08-02 01:30:00+00:00,3503.63,3519.94,3496.74,3516.86,7927.1694
2025-08-02 02:00:00+00:00,3516.87,3523.5,3514.65,3523.5,6513.8603
2025-08-02 02:30:00+00:00,3523.5,3527.5,3516.83,3523.88,5039.6072
2025-08-02 03:00:00+00:00,3523.88,3532.3,3522.4,3527.85,4726.1235
2025-08-02 03:30:00+00:00,3527.84,3528.88,3519.0,3528.79,5761.7518
2025-08-02 04:00:00+00:00,3528.79,3529.89,3513.34,3527.3,6379.8241
2025-08-02 04:30:00+00:00,3527.29,3535.0,3527.09,3533.69,5160.3482
2025-08-02 05:00:00+00:00,3533.69,3537.69,3518.89,3528.72,5292.0344
2025-08-02 05:30:00+00:00,3528.73,3529.3,3516.4,3519.37,3902.7194
2025-08-02 06:00:00+00:00,3519.36,3520.07,3465.62,3467.08,21249.9661
2025-08-02 06:30:00+00:00,3467.09,3484.84,3455.0,3480.01,16299.9278
2025-08-02 07:00:00+00:00,3480.0,3502.36,3469.04,3499.11,8949.2089
2025-08-02 07:30:00+00:00,3499.11,3521.42,3493.42,3519.16,11432.7918
2025-08-02 08:00:00+00:00,3519.17,3524.25,3508.05,3508.37,7313.6923
2025-08-02 08:30:00+00:00,3508.38,3509.37,3487.45,3491.43,10628.8411
2025-08-02 09:00:00+00:00,3491.42,3504.01,3487.04,3492.85,5018.0075
2025-08-02 09:30:00+00:00,3492.86,3495.7,3481.77,3492.22,6662.2005
2025-08-02 10:00:00+00:00,3492.22,3493.87,3474.23,3488.09,7029.0959
2025-08-02 10:30:00+00:00,3488.1,3495.58,3476.9,3491.01,3792.8739
2025-08-02 11:00:00+00:00,3491.01,3516.76,3482.48,3513.94,6242.58
2025-08-02 11:30:00+00:00,3513.94,3518.0,3502.71,3508.67,6255.6559
2025-08-02 12:00:00+00:00,3508.67,3510.08,3496.63,3508.6,4379.3191
2025-08-02 12:30:00+00:00,3508.6,3515.0,3499.0,3509.02,3900.9437
2025-08-02 13:00:00+00:00,3509.03,3511.74,3501.73,3502.88,3137.1521
2025-08-02 13:30:00+00:00,3502.88,3516.77,3492.47,3509.37,7837.5603
2025-08-02 14:00:00+00:00,3509.37,3517.56,3483.36,3492.02,7906.7339
2025-08-02 14:30:00+00:00,3492.02,3492.02,3467.16,3479.5,14311.2412
2025-08-02 15:00:00+00:00,3479.5,3492.16,3477.71,3485.14,5928.0616
2025-08-02 15:30:00+00:00,3485.14,3485.93,3451.43,3459.33,13656.5426
2025-08-02 16:00:00+00:00,3459.33,3465.75,3444.12,3448.77,12654.708
2025-08-02 16:30:00+00:00,3448.77,3477.28,3429.05,3471.9,17092.0777
2025-08-02 17:00:00+00:00,3471.91,3481.64,3464.86,3477.83,7099.6564
2025-08-02 17:30:00+00:00,3477.83,3477.83,3414.92,3424.22,19443.6429
2025-08-02 18:00:00+00:00,3424.23,3433.25,3391.15,3395.12,35541.6165
2025-08-02 18:30:00+00:00,3395.12,3401.36,3372.47,3383.7,30493.1694
2025-08-02 19:00:00+00:00,3383.7,3420.5,3376.22,3419.89,20767.5794
2025-08-02 19:30:00+00:00,3419.89,3425.34,3382.88,3383.2,12815.5462
2025-08-02 20:00:00+00:00,3383.2,3419.15,3382.0,3411.46,10623.2581
2025-08-02 20:30:00+00:00,3411.45,3424.0,3402.73,3423.83,6573.9908
2025-08-02 21:00:00+00:00,3423.84,3441.69,3403.15,3412.11,11003.5228
2025-08-02 21:30:00+00:00,3412.11,3431.23,3407.01,3412.43,6557.3591
2025-08-02 22:00:00+00:00,3412.43,3427.97,3388.73,3390.98,8576.7331
2025-08-02 22:30:00+00:00,3390.98,3420.44,3390.76,3410.78,5411.188
2025-08-02 23:00:00+00:00,3410.79,3413.3,3368.29,3375.09,11267.8818
2025-08-02 23:30:00+00:00,3375.1,3418.81,3373.11,3393.94,8994.821
2025-08-03 00:00:00+00:00,3393.94,3412.59,3370.09,3378.22,13220.7322
2025-08-03 00:30:00+00:00,3378.22,3411.2,3354.28,3409.72,18669.9109
2025-08-03 01:00:00+00:00,3409.71,3422.0,3401.77,3421.1,8272.2613
2025-08-03 01:30:00+00:00,3421.11,3423.25,3409.0,3413.59,6679.2577
2025-08-03 02:00:00+00:00,3413.58,3439.0,3413.08,3428.62,7922.0181
2025-08-03 02:30:00+00:00,3428.63,3446.01,3428.63,3444.14,6061.4152
2025-08-03 03:00:00+00:00,3444.14,3451.53,3439.56,3445.86,5223.9259
2025-08-03 03:30:00+00:00,3445.87,3452.29,3442.4,3444.12,4165.2739
2025-08-03 04:00:00+00:00,3444.13,3448.13,3434.85,3442.75,4723.8401
2025-08-03 04:30:00+00:00,3442.74,3444.31,3433.98,3444.31,2807.7945
2025-08-03 05:00:00+00:00,3444.3,3454.95,3442.15,3452.69,4466.4386
2025-08-03 05:30:00+00:00,3452.69,3456.0,3441.04,3444.74,3976.9398
2025-08-03 06:00:00+00:00,3444.74,3448.09,3437.12,3442.35,3192.9007
2025-08-03 06:30:00+00:00,3442.35,3446.88,3437.8,3440.37,2938.0967
2025-08-03 07:00:00+00:00,3440.38,3451.95,3440.38,3451.2,5406.3074
2025-08-03 07:30:00+00:00,3451.2,3459.62,3450.72,3456.25,5613.4558
2025-08-03 08:00:00+00:00,3456.24,3469.23,3456.24,3458.59,7226.03
2025-08-03 08:30:00+00:00,3458.6,3465.11,3454.11,3462.64,4770.656
2025-08-03 09:00:00+00:00,3462.65,3465.2,3455.09,3461.5,4476.6576
2025-08-03 09:30:00+00:00,3461.49,3467.16,3459.8,3466.26,2586.419
2025-08-03 10:00:00+00:00,3466.26,3476.59,3465.21,3470.49,5617.1795
2025-08-03 10:30:00+00:00,3470.49,3488.0,3467.73,3484.94,9163.0154
2025-08-03 11:00:00+00:00,3484.94,3516.31,3484.93,3498.29,16864.4356
2025-08-03 11:30:00+00:00,3498.3,3498.93,3484.5,3485.46,7320.9831
2025-08-03 12:00:00+00:00,3485.45,3489.41,3475.63,3482.43,6755.8109
2025-08-03 12:30:00+00:00,3482.42,3504.27,3481.54,3489.66,6566.6779
2025-08-03 13:00:00+00:00,3489.67,3498.15,3484.59,3489.19,3675.7494
2025-08-03 13:30:00+00:00,3489.19,3499.16,3483.98,3492.15,4581.2938
2025-08-03 14:00:00+00:00,3492.15,3494.44,3467.38,3471.25,10104.1657
2025-08-03 14:30:00+00:00,3471.25,3480.15,3463.91,3472.08,5800.7676
2025-08-03 15:00:00+00:00,3472.08,3472.08,3457.43,3466.82,6997.1962
2025-08-03 15:30:00+00:00,3466.83,3479.02,3454.34,3476.49,6778.1377
2025-08-03 16:00:00+00:00,3476.49,3476.49,3467.85,3475.18,4975.3914
2025-08-03 16:30:00+00:00,3475.19,3496.68,3474.19,3495.03,8040.8193
2025-08-03 17:00:00+00:00,3495.03,3499.66,3484.82,3486.51,5876.7277
2025-08-03 17:30:00+00:00,3486.51,3492.96,3480.1,3489.81,2817.0231
2025-08-03 18:00:00+00:00,3489.82,3494.97,3481.54,3490.17,2614.5046
2025-08-03 18:30:00+00:00,3490.16,3498.0,3482.63,3496.47,4729.3921
2025-08-03 19:00:00+00:00,3496.48,3511.48,3488.73,3504.21,7009.813
2025-08-03 19:30:00+00:00,3504.21,3515.0,3493.07,3496.74,10751.6143
2025-08-03 20:00:00+00:00,3496.75,3496.78,3484.51,3489.08,4459.9834
2025-08-03 20:30:00+00:00,3489.07,3497.93,3484.0,3492.63,3119.8874
2025-08-03 21:00:00+00:00,3492.64,3508.71,3489.14,3503.73,4794.7416
2025-08-03 21:30:00+00:00,3503.74,3506.22,3496.29,3502.44,3235.4222
2025-08-03 22:00:00+00:00,3502.44,3515.49,3483.5,3486.77,5875.5393
2025-08-03 22:30:00+00:00,3486.77,3506.79,3486.63,3503.41,2685.2209
2025-08-03 23:00:00+00:00,3503.41,3521.79,3497.75,3509.45,7890.7209
2025-08-03 23:30:00+00:00,3509.45,3512.35,3495.19,3496.74,4845.1304
2025-08-04 00:00:00+00:00,3496.75,3518.21,3490.73,3515.08,5798.1735
2025-08-04 00:30:00+00:00,3515.09,3551.98,3510.33,3546.17,14496.2858
2025-08-04 01:00:00+00:00,3546.16,3568.32,3534.19,3545.99,14042.2593
2025-08-04 01:30:00+00:00,3546.0,3556.77,3533.84,3537.84,7829.0921
2025-08-04 02:00:00+00:00,3537.85,3553.33,3523.66,3548.39,13925.1296
2025-08-04 02:30:00+00:00,3548.4,3571.88,3544.39,3571.66,9375.2954
2025-08-04 03:00:00+00:00,3571.66,3576.07,3559.25,3562.91,6544.1732
2025-08-04 03:30:00+00:00,3562.91,3564.01,3555.16,3556.8,3530.9189
2025-08-04 04:00:00+00:00,3556.79,3565.67,3548.75,3558.48,5869.1866
2025-08-04 04:30:00+00:00,3558.49,3558.49,3536.08,3539.56,8947.4302
2025-08-04 05:00:00+00:00,3539.56,3541.3,3529.16,3529.83,5267.5819
2025-08-04 05:30:00+00:00,3529.82,3536.95,3524.14,3533.46,5181.2076
2025-08-04 06:00:00+00:00,3533.46,3540.15,3523.71,3530.68,4766.2634
2025-08-04 06:30:00+00:00,3530.67,3541.49,3520.69,3538.95,6674.6209
2025-08-04 07:00:00+00:00,3538.94,3546.81,3536.58,3539.15,4480.8167
2025-08-04 07:30:00+00:00,3539.15,3554.21,3536.78,3551.99,6511.1006
2025-08-04 08:00:00+00:00,3552.0,3564.7,3550.0,3551.22,9977.9487
2025-08-04 08:30:00+00:00,3551.23,3557.28,3542.25,3550.5,6888.3765
2025-08-04 09:00:00+00:00,3550.5,3563.6,3550.0,3557.8,4380.6771
2025-08-04 09:30:00+00:00,3557.81,3561.67,3545.24,3547.19,4745.6455
2025-08-04 10:00:00+00:00,3547.2,3574.47,3545.0,3563.98,6222.9389
2025-08-04 10:30:00+00:00,3563.99,3569.15,3554.28,3554.9,4940.6769
2025-08-04 11:00:00+00:00,3554.9,3566.12,3549.6,3555.66,5574.184
2025-08-04 11:30:00+00:00,3555.66,3561.15,3550.53,3555.7,2968.8279
2025-08-04 12:00:00+00:00,3555.71,3563.48,3551.1,3557.21,3995.2087
2025-08-04 12:30:00+00:00,3557.2,3573.0,3552.86,3570.17,4763.7897
2025-08-04 13:00:00+00:00,3570.18,3580.33,3560.48,3565.85,7871.8969
2025-08-04 13:30:00+00:00,3565.85,3621.2,3561.57,3621.18,32101.1133
2025-08-04 14:00:00+00:00,3621.19,3665.6,3618.51,3656.33,43135.3113
2025-08-04 14:30:00+00:00,3656.33,3661.09,3630.19,3639.04,19391.7226
2025-08-04 15:00:00+00:00,3639.05,3651.89,3634.56,3648.01,11517.0265
2025-08-04 15:30:00+00:00,3648.0,3657.46,3635.0,3648.89,12554.5111
2025-08-04 16:00:00+00:00,3648.89,3675.06,3648.85,3664.99,14043.4124
2025-08-04 16:30:00+00:00,3665.0,3698.86,3665.0,3685.61,17747.3785
2025-08-04 17:00:00+00:00,3685.62,3718.54,3681.38,3694.99,21890.4787
2025-08-04 17:30:00+00:00,3695.0,3695.3,3678.44,3681.5,7602.1789
2025-08-04 18:00:00+00:00,3681.5,3693.4,3675.99,3688.22,5628.8207
2025-08-04 18:30:00+00:00,3688.23,3688.23,3671.26,3676.28,5855.6211
2025-08-04 19:00:00+00:00,3676.28,3688.46,3674.03,3682.76,5631.8472
2025-08-04 19:30:00+00:00,3682.76,3684.43,3666.22,3669.73,6823.7619
2025-08-04 20:00:00+00:00,3669.73,3688.22,3661.21,3686.66,7966.0132
2025-08-04 20:30:00+00:00,3686.66,3713.04,3686.66,3700.47,9135.3799
2025-08-04 21:00:00+00:00,3700.46,3732.0,3699.1,3713.45,10989.7159
2025-08-04 21:30:00+00:00,3713.45,3726.45,3705.5,3710.02,7814.4894
2025-08-04 22:00:00+00:00,3710.02,3733.62,3710.02,3724.02,9402.5687
2025-08-04 22:30:00+00:00,3724.03,3736.73,3718.3,3732.52,14174.653
2025-08-04 23:00:00+00:00,3732.51,3733.74,3721.7,3722.18,5820.1335
2025-08-04 23:30:00+00:00,3722.17,3723.61,3709.31,3720.99,8554.1418
2025-08-05 00:00:00+00:00,3720.99,3722.24,3694.58,3697.94,10948.3521
2025-08-05 00:30:00+00:00,3697.94,3711.4,3693.66,3697.52,7218.4062
2025-08-05 01:00:00+00:00,3697.53,3707.43,3688.3,3697.75,6577.6746
2025-08-05 01:30:00+00:00,3697.75,3697.75,3678.56,3680.38,6883.9031
2025-08-05 02:00:00+00:00,3680.38,3688.07,3674.15,3674.53,5476.2688
2025-08-05 02:30:00+00:00,3674.53,3683.69,3672.5,3680.09,15075.2325
2025-08-05 03:00:00+00:00,3680.1,3681.16,3648.24,3657.6,17402.7181
2025-08-05 03:30:00+00:00,3657.61,3659.8,3649.23,3651.94,5536.8645
2025-08-05 04:00:00+00:00,3651.94,3667.84,3635.0,3656.0,9997.4571
2025-08-05 04:30:00+00:00,3655.99,3656.2,3645.04,3649.02,4187.6771
2025-08-05 05:00:00+00:00,3649.03,3663.0,3646.91,3658.49,4357.171
2025-08-05 05:30:00+00:00,3658.48,3668.37,3656.0,3664.4,7315.1805
2025-08-05 06:00:00+00:00,3664.4,3679.69,3662.83,3677.3,6876.9003
2025-08-05 06:30:00+00:00,3677.29,3677.3,3635.04,3650.85,10232.6978
2025-08-05 07:00:00+00:00,3650.85,3656.5,3637.04,3639.16,6270.4207
2025-08-05 07:30:00+00:00,3639.17,3639.54,3601.53,3613.49,21616.2541
2025-08-05 08:00:00+00:00,3613.49,3633.66,3608.1,3629.4,10438.5845
2025-08-05 08:30:00+00:00,3629.41,3637.5,3621.98,3634.81,8020.8285
2025-08-05 09:00:00+00:00,3634.81,3648.96,3633.58,3646.86,6899.7967
2025-08-05 09:30:00+00:00,3646.86,3666.55,3645.45,3660.56,7670.3312
2025-08-05 10:00:00+00:00,3660.56,3679.74,3654.0,3674.44,7137.307
2025-08-05 10:30:00+00:00,3674.43,3694.06,3673.27,3682.55,10291.8404
2025-08-05 11:00:00+00:00,3682.56,3686.3,3668.49,3683.51,8529.1026
2025-08-05 11:30:00+00:00,3683.5,3684.1,3662.03,3673.79,8440.1118
2025-08-05 12:00:00+00:00,3673.8,3680.58,3642.76,3656.76,10301.2388
2025-08-05 12:30:00+00:00,3656.75,3656.75,3609.73,3628.43,19319.4708
2025-08-05 13:00:00+00:00,3628.43,3637.49,3618.63,3636.51,11534.5413
2025-08-05 13:30:00+00:00,3636.51,3659.4,3627.53,3646.86,11117.3063
2025-08-05 14:00:00+00:00,3646.85,3647.63,3569.82,3580.81,43279.9935
2025-08-05 14:30:00+00:00,3580.81,3586.82,3559.82,3577.85,33136.0098
2025-08-05 15:00:00+00:00,3577.85,3598.21,3564.3,3571.38,20024.8403
2025-08-05 15:30:00+00:00,3571.38,3577.31,3555.0,3570.43,16932.5527
2025-08-05 16:00:00+00:00,3570.43,3589.43,3565.51,3586.24,9928.8161
2025-08-05 16:30:00+00:00,3586.23,3594.4,3563.07,3577.67,12139.1956
2025-08-05 17:00:00+00:00,3577.67,3604.44,3576.53,3597.38,9774.9346
2025-08-05 17:30:00+00:00,3597.38,3609.08,3593.01,3605.53,5964.6905
2025-08-05 18:00:00+00:00,3605.53,3612.26,3582.9,3589.07,5875.712
2025-08-05 18:30:00+00:00,3589.19,3592.07,3567.81,3587.69,9701.3073
2025-08-05 19:00:00+00:00,3587.7,3594.9,3572.79,3579.57,5150.356
2025-08-05 19:30:00+00:00,3579.58,3582.48,3559.71,3571.66,6121.7089
2025-08-05 20:00:00+00:00,3571.65,3597.7,3571.65,3596.75,4735.6063
2025-08-05 20:30:00+00:00,3596.75,3596.76,3574.55,3576.5,4210.5997
2025-08-05 21:00:00+00:00,3576.49,3589.88,3575.43,3586.66,3373.1044
2025-08-05 21:30:00+00:00,3586.66,3590.91,3570.0,3575.62,4914.627
2025-08-05 22:00:00+00:00,3575.61,3590.32,3546.0,3585.89,12520.0643
2025-08-05 22:30:00+00:00,3585.89,3598.96,3584.38,3597.01,3068.5465
2025-08-05 23:00:00+00:00,3597.02,3619.58,3593.82,3614.47,6778.9415
2025-08-05 23:30:00+00:00,3614.47,3624.56,3608.52,3612.0,5765.7135
2025-08-06 00:00:00+00:00,3612.01,3614.0,3591.58,3592.5,7322.826
2025-08-06 00:30:00+00:00,3592.5,3600.05,3570.97,3576.17,7378.5661
2025-08-06 01:00:00+00:00,3576.29,3587.58,3566.32,3568.24,4712.861
2025-08-06 01:30:00+00:00,3568.25,3593.93,3564.19,3592.31,8598.3553
2025-08-06 02:00:00+00:00,3592.3,3592.3,3573.91,3585.86,3165.6095
2025-08-06 02:30:00+00:00,3585.87,3596.05,3577.36,3592.34,3781.7578
2025-08-06 03:00:00+00:00,3592.35,3594.46,3572.05,3577.54,4140.7851
2025-08-06 03:30:00+00:00,3577.54,3586.33,3576.65,3583.66,2302.8511
2025-08-06 04:00:00+00:00,3583.67,3584.89,3570.2,3579.25,3622.5673
2025-08-06 04:30:00+00:00,3579.25,3582.57,3570.99,3573.51,3377.3381
2025-08-06 05:00:00+00:00,3573.5,3644.12,3569.28,3627.15,18718.4093
2025-08-06 05:30:00+00:00,3627.14,3662.0,3626.69,3638.51,18073.153
2025-08-06 06:00:00+00:00,3638.52,3640.32,3617.04,3621.52,7981.6342
2025-08-06 06:30:00+00:00,3621.51,3643.94,3616.95,3632.23,6154.0541
2025-08-06 07:00:00+00:00,3632.23,3649.17,3625.0,3646.66,6574.2368
2025-08-06 07:30:00+00:00,3646.65,3646.65,3633.3,3639.82,6487.8796
2025-08-06 08:00:00+00:00,3639.81,3643.04,3620.67,3623.76,7196.4652
2025-08-06 08:30:00+00:00,3623.77,3625.57,3607.54,3622.15,9967.1067
2025-08-06 09:00:00+00:00,3622.14,3644.6,3616.54,3628.87,7309.7046
2025-08-06 09:30:00+00:00,3628.87,3632.0,3619.19,3627.05,4228.853
2025-08-06 10:00:00+00:00,3627.06,3634.91,3611.64,3622.27,5661.7616
2025-08-06 10:30:00+00:00,3622.28,3629.0,3611.54,3616.3,6465.0769
2025-08-06 11:00:00+00:00,3616.3,3626.54,3609.93,3626.09,3988.1711
2025-08-06 11:30:00+00:00,3626.1,3630.55,3616.77,3619.64,3418.7742
2025-08-06 12:00:00+00:00,3619.63,3623.31,3583.85,3597.0,11645.5802
2025-08-06 12:30:00+00:00,3597.01,3605.72,3579.38,3584.01,9606.8525
2025-08-06 13:00:00+00:00,3584.02,3594.57,3580.25,3590.7,7045.1698
2025-08-06 13:30:00+00:00,3590.73,3604.7,3574.05,3602.75,16880.2815
2025-08-06 14:00:00+00:00,3602.76,3625.0,3587.97,3600.35,15902.65
2025-08-06 14:30:00+00:00,3600.36,3637.17,3595.06,3637.17,11466.9003
2025-08-06 15:00:00+00:00,3637.16,3641.48,3620.31,3628.53,12198.2809
2025-08-06 15:30:00+00:00,3628.53,3669.38,3627.71,3664.69,17793.8718
2025-08-06 16:00:00+00:00,3664.7,3674.78,3645.15,3650.88,13923.6363
2025-08-06 16:30:00+00:00,3650.87,3656.89,3640.16,3645.42,7349.5283
2025-08-06 17:00:00+00:00,3645.42,3656.35,3638.56,3655.69,4574.6261
2025-08-06 17:30:00+00:00,3655.68,3684.26,3649.16,3682.32,9561.7145
2025-08-06 18:00:00+00:00,3682.31,3698.6,3676.8,3680.43,12609.409
2025-08-06 18:30:00+00:00,3680.43,3687.82,3672.44,3677.09,5070.308
2025-08-06 19:00:00+00:00,3677.08,3686.15,3675.78,3676.73,4622.2158
2025-08-06 19:30:00+00:00,3676.73,3684.13,3669.11,3683.65,6184.1497
2025-08-06 20:00:00+00:00,3683.66,3683.66,3673.76,3675.9,3180.7072
2025-08-06 20:30:00+00:00,3675.89,3678.0,3666.89,3674.54,6512.2217
2025-08-06 21:00:00+00:00,3674.53,3684.97,3673.58,3676.5,2976.3166
2025-08-06 21:30:00+00:00,3676.5,3677.11,3652.38,3669.9,9561.2042
2025-08-06 22:00:00+00:00,3669.91,3680.86,3666.03,3679.8,5167.9418
2025-08-06 22:30:00+00:00,3679.8,3682.82,3674.58,3682.15,2293.4037
2025-08-06 23:00:00+00:00,3682.15,3684.33,3674.0,3676.83,2223.2096
2025-08-06 23:30:00+00:00,3676.83,3686.17,3676.01,3683.31,6330.9434
2025-08-07 00:00:00+00:00,3683.31,3683.31,3663.76,3677.42,5502.5226
2025-08-07 00:30:00+00:00,3677.41,3682.16,3669.43,3673.93,3318.9
2025-08-07 01:00:00+00:00,3673.93,3712.13,3671.76,3706.59,14021.0428
2025-08-07 01:30:00+00:00,3706.59,3716.61,3666.68,3667.55,15174.1321
2025-08-07 02:00:00+00:00,3667.55,3677.84,3659.18,3671.26,5201.8852
2025-08-07 02:30:00+00:00,3671.27,3672.43,3650.4,3659.03,5591.7686
2025-08-07 03:00:00+00:00,3659.02,3663.52,3647.63,3655.46,4122.0537
2025-08-07 03:30:00+00:00,3655.46,3664.7,3654.36,3656.78,3190.4196
2025-08-07 04:00:00+00:00,3656.78,3670.91,3655.09,3667.9,4408.3753
2025-08-07 04:30:00+00:00,3667.89,3667.89,3657.21,3662.27,3544.0509
2025-08-07 05:00:00+00:00,3662.27,3679.48,3659.33,3677.45,4229.2055
2025-08-07 05:30:00+00:00,3677.45,3688.66,3673.65,3688.0,3401.4851
2025-08-07 06:00:00+00:00,3688.0,3704.99,3686.58,3688.04,10948.4495
2025-08-07 06:30:00+00:00,3688.04,3711.0,3687.33,3695.14,8846.9686
2025-08-07 07:00:00+00:00,3695.15,3710.0,3694.22,3703.84,5936.8244
2025-08-07 07:30:00+00:00,3703.85,3705.81,3694.86,3702.4,5040.9277
2025-08-07 08:00:00+00:00,3702.41,3727.88,3702.41,3726.96,13536.0585
2025-08-07 08:30:00+00:00,3726.97,3727.39,3712.42,3721.25,8310.6299
2025-08-07 09:00:00+00:00,3721.26,3728.6,3715.03,3724.99,5995.4666
2025-08-07 09:30:00+00:00,3725.0,3737.0,3719.88,3732.41,13912.3229
2025-08-07 10:00:00+00:00,3732.4,3801.05,3730.63,3799.43,58663.0449
2025-08-07 10:30:00+00:00,3799.44,3826.5,3796.5,3821.48,39700.4464
2025-08-07 11:00:00+00:00,3821.47,3824.0,3806.82,3821.2,18172.9368
2025-08-07 11:30:00+00:00,3821.19,3843.66,3813.6,3827.0,25426.3909
2025-08-07 12:00:00+00:00,3827.01,3846.0,3823.64,3836.85,19823.929
2025-08-07 12:30:00+00:00,3836.85,3851.0,3832.0,3849.68,23504.7352
2025-08-07 13:00:00+00:00,3849.68,3854.0,3826.3,3832.11,16811.3998
2025-08-07 13:30:00+00:00,3832.11,3865.64,3827.71,3857.69,23378.5862
2025-08-07 14:00:00+00:00,3857.69,3858.24,3827.74,3831.12,13971.6195
2025-08-07 14:30:00+00:00,3831.13,3832.12,3804.27,3820.33,28377.2506
2025-08-07 15:00:00+00:00,3820.33,3836.47,3815.13,3828.96,14917.113
2025-08-07 15:30:00+00:00,3828.97,3841.0,3827.1,3837.01,10421.3744
2025-08-07 16:00:00+00:00,3837.01,3843.79,3823.6,3831.56,12196.9443
2025-08-07 16:30:00+00:00,3831.55,3836.31,3780.54,3815.29,24791.8956
2025-08-07 17:00:00+00:00,3815.29,3828.08,3805.04,3820.44,9105.7243
2025-08-07 17:30:00+00:00,3820.44,3834.33,3814.76,3830.2,5939.2101
2025-08-07 18:00:00+00:00,3830.19,3830.37,3808.34,3821.66,7416.0057
2025-08-07 18:30:00+00:00,3821.65,3831.39,3814.13,3827.7,5323.613
2025-08-07 19:00:00+00:00,3827.7,3843.13,3822.08,3841.03,6144.9054
2025-08-07 19:30:00+00:00,3841.03,3876.44,3838.5,3867.6,22858.3802
2025-08-07 20:00:00+00:00,3867.6,3869.5,3851.22,3864.22,9234.3737
2025-08-07 20:30:00+00:00,3864.23,3880.0,3857.91,3874.14,11498.3376
2025-08-07 21:00:00+00:00,3874.15,3876.94,3864.2,3871.26,5759.9368
2025-08-07 21:30:00+00:00,3871.26,3885.95,3858.72,3871.53,10760.2893
2025-08-07 22:00:00+00:00,3871.53,3888.45,3868.64,3884.08,10290.6524
2025-08-07 22:30:00+00:00,3884.08,3927.77,3878.12,3916.8,32885.1834
2025-08-07 23:00:00+00:00,3916.8,3917.5,3891.74,3893.14,10574.2721
2025-08-07 23:30:00+00:00,3893.12,3917.5,3889.51,3910.31,9496.9471
2025-08-08 00:00:00+00:00,3910.3,3913.2,3882.29,3898.77,16393.3726
2025-08-08 00:30:00+00:00,3898.77,3937.0,3891.8,3900.16,23963.2754
2025-08-08 01:00:00+00:00,3900.15,3918.0,3886.91,3897.76,16487.5581
2025-08-08 01:30:00+00:00,3897.77,3899.6,3880.0,3887.36,7647.2907
2025-08-08 02:00:00+00:00,3887.35,3894.0,3880.0,3888.54,5944.3059
2025-08-08 02:30:00+00:00,3888.53,3906.58,3884.86,3893.68,7431.6909
2025-08-08 03:00:00+00:00,3893.67,3969.06,3892.6,3951.99,39570.9768
2025-08-08 03:30:00+00:00,3952.0,3952.99,3924.48,3939.18,13108.7373
2025-08-08 04:00:00+00:00,3939.19,3939.34,3916.0,3925.88,8549.5605
2025-08-08 04:30:00+00:00,3925.87,3934.95,3919.12,3920.5,5125.4256
2025-08-08 05:00:00+00:00,3920.51,3920.87,3894.56,3899.52,10214.3883
2025-08-08 05:30:00+00:00,3899.52,3905.98,3896.95,3901.5,5595.2351
2025-08-08 06:00:00+00:00,3901.5,3919.9,3892.47,3916.83,9818.0432
2025-08-08 06:30:00+00:00,3916.83,3920.32,3906.42,3915.01,5000.3525
2025-08-08 07:00:00+00:00,3915.01,3928.29,3900.4,3921.91,7297.613
2025-08-08 07:30:00+00:00,3921.91,3921.97,3913.5,3915.97,15292.5921
2025-08-08 08:00:00+00:00,3915.98,3927.54,3903.0,3905.06,9510.8612
2025-08-08 08:30:00+00:00,3905.06,3905.23,3885.29,3898.46,13824.9292
2025-08-08 09:00:00+00:00,3898.46,3899.72,3884.44,3889.5,7080.6259
2025-08-08 09:30:00+00:00,3889.49,3902.0,3888.35,3900.03,4826.7017
2025-08-08 10:00:00+00:00,3900.03,3908.37,3895.47,3896.6,4793.5327
2025-08-08 10:30:00+00:00,3896.6,3901.92,3886.59,3897.41,5055.986
2025-08-08 11:00:00+00:00,3897.41,3913.42,3897.4,3905.57,6137.3599
2025-08-08 11:30:00+00:00,3905.57,3920.43,3905.33,3917.97,4785.1472
2025-08-08 12:00:00+00:00,3917.97,3917.97,3899.08,3908.2,9343.2981
2025-08-08 12:30:00+00:00,3908.2,3909.35,3892.37,3892.37,5183.8901
2025-08-08 13:00:00+00:00,3892.37,3913.82,3891.52,3912.79,8429.9735
2025-08-08 13:30:00+00:00,3912.8,4012.0,3904.11,3999.76,108212.7172
2025-08-08 14:00:00+00:00,3999.76,4005.55,3943.29,3962.97,46113.3482
2025-08-08 14:30:00+00:00,3962.96,3984.5,3944.0,3984.5,21950.3225
2025-08-08 15:00:00+00:00,3984.49,3988.9,3948.0,3954.28,23456.7524
2025-08-08 15:30:00+00:00,3954.26,3964.78,3925.2,3954.56,26943.806
2025-08-08 16:00:00+00:00,3954.56,3977.12,3950.0,3966.4,13124.3996
2025-08-08 16:30:00+00:00,3966.4,3972.01,3957.6,3970.97,7234.021
2025-08-08 17:00:00+00:00,3970.98,4002.8,3967.9,3996.21,22535.7137
2025-08-08 17:30:00+00:00,3996.2,4035.0,3994.4,4032.69,41428.3429
2025-08-08 18:00:00+00:00,4032.7,4057.85,4030.36,4047.31,27832.5034
2025-08-08 18:30:00+00:00,4047.31,4056.73,4034.3,4056.72,18976.4017
2025-08-08 19:00:00+00:00,4056.73,4065.86,4037.46,4041.98,14630.7625
2025-08-08 19:30:00+00:00,4041.98,4063.38,4031.25,4060.99,15395.0287
2025-08-08 20:00:00+00:00,4060.98,4071.0,4045.51,4049.23,13471.6853
2025-08-08 20:30:00+00:00,4049.23,4061.16,4047.14,4057.94,6847.8361
2025-08-08 21:00:00+00:00,4057.95,4059.06,4038.67,4040.01,6370.5629
2025-08-08 21:30:00+00:00,4040.0,4047.82,4038.46,4038.46,5077.2949
2025-08-08 22:00:00+00:00,4038.46,4039.33,4024.1,4030.59,8566.9338
2025-08-08 22:30:00+00:00,4030.59,4035.8,4019.11,4024.86,7275.3483
2025-08-08 23:00:00+00:00,4024.86,4032.59,4021.39,4022.67,3456.9415
2025-08-08 23:30:00+00:00,4022.67,4022.68,4006.9,4009.5,7986.5648
2025-08-09 00:00:00+00:00,4009.51,4025.91,4006.63,4019.06,7044.5083
2025-08-09 00:30:00+00:00,4019.06,4023.71,4011.63,4016.99,5081.6768
2025-08-09 01:00:00+00:00,4017.0,4024.96,4010.75,4020.61,3862.2198
2025-08-09 01:30:00+00:00,4020.6,4036.99,4018.82,4033.19,5563.1897
2025-08-09 02:00:00+00:00,4033.18,4034.77,4023.2,4032.66,5298.6219
2025-08-09 02:30:00+00:00,4032.67,4038.83,4027.81,4032.44,3831.7606
2025-08-09 03:00:00+00:00,4032.44,4043.65,4025.14,4039.46,9046.9929
2025-08-09 03:30:00+00:00,4039.45,4053.01,4034.38,4051.01,15193.1313
2025-08-09 04:00:00+00:00,4051.02,4064.16,4045.0,4063.1,8897.283
2025-08-09 04:30:00+00:00,4063.1,4100.0,4061.21,4080.92,33426.4302
2025-08-09 05:00:00+00:00,4080.91,4200.0,4075.31,4179.99,85146.2589
2025-08-09 05:30:00+00:00,4179.99,4197.52,4163.75,4181.94,26481.6131
2025-08-09 06:00:00+00:00,4181.95,4183.79,4142.62,4175.81,23175.8933
2025-08-09 06:30:00+00:00,4175.81,4175.92,4148.52,4162.23,14367.4706
2025-08-09 07:00:00+00:00,4162.23,4176.47,4158.6,4165.01,8928.6025
2025-08-09 07:30:00+00:00,4165.01,4171.91,4156.77,4170.64,8977.4242
2025-08-09 08:00:00+00:00,4170.64,4188.0,4169.03,4188.0,10827.1806
2025-08-09 08:30:00+00:00,4188.0,4202.19,4166.22,4189.89,16705.5025
2025-08-09 09:00:00+00:00,4189.9,4200.88,4174.04,4189.87,20198.9484
2025-08-09 09:30:00+00:00,4189.86,4238.77,4186.14,4219.62,27039.4307
2025-08-09 10:00:00+00:00,4219.62,4246.65,4212.28,4225.84,20255.3472
2025-08-09 10:30:00+00:00,4225.85,4231.47,4212.31,4217.33,12352.5347
2025-08-09 11:00:00+00:00,4217.32,4218.13,4196.92,4208.35,13394.2006
2025-08-09 11:30:00+00:00,4208.36,4208.36,4184.62,4190.0,11628.4069
2025-08-09 12:00:00+00:00,4190.0,4207.77,4181.19,4205.01,14879.4556
2025-08-09 12:30:00+00:00,4205.0,4205.01,4190.0,4196.24,5814.1274
2025-08-09 13:00:00+00:00,4196.24,4199.63,4171.23,4191.83,11594.1904
2025-08-09 13:30:00+00:00,4191.84,4191.84,4165.0,4165.56,11131.6991
2025-08-09 14:00:00+00:00,4165.55,4197.33,4153.17,4193.81,15386.8158
2025-08-09 14:30:00+00:00,4193.81,4198.6,4183.75,4197.16,8034.9665
2025-08-09 15:00:00+00:00,4197.16,4226.23,4171.7,4200.02,23739.419
2025-08-09 15:30:00+00:00,4200.01,4214.73,4193.25,4209.57,8937.2628
2025-08-09 16:00:00+00:00,4209.57,4226.0,4206.61,4217.35,11328.6242
2025-08-09 16:30:00+00:00,4217.36,4220.37,4192.8,4207.77,9661.6978
2025-08-09 17:00:00+00:00,4207.76,4224.7,4200.3,4222.27,7452.9501
2025-08-09 17:30:00+00:00,4222.28,4239.57,4214.58,4235.0,9665.2916
2025-08-09 18:00:00+00:00,4234.99,4240.0,4220.01,4236.22,7308.9169
2025-08-09 18:30:00+00:00,4236.23,4254.86,4228.51,4241.96,13034.7017
2025-08-09 19:00:00+00:00,4241.97,4252.51,4237.08,4250.0,11777.5381
2025-08-09 19:30:00+00:00,4250.0,4271.45,4243.83,4258.57,10901.163
2025-08-09 20:00:00+00:00,4258.57,4293.97,4256.43,4271.28,19907.6865
2025-08-09 20:30:00+00:00,4271.27,4290.29,4262.93,4290.29,10554.924
2025-08-09 21:00:00+00:00,4290.29,4299.0,4265.34,4269.11,14354.1878
2025-08-09 21:30:00+00:00,4269.11,4293.67,4262.2,4278.16,10788.0585
2025-08-09 22:00:00+00:00,4278.15,4326.2,4273.76,4301.75,20613.8046
2025-08-09 22:30:00+00:00,4301.74,4304.02,4242.87,4264.28,21963.101
2025-08-09 23:00:00+00:00,4264.28,4274.57,4251.89,4253.21,8521.2547
2025-08-09 23:30:00+00:00,4253.2,4273.38,4248.0,4260.62,7855.639
2025-08-10 00:00:00+00:00,4260.63,4273.43,4248.3,4263.82,7980.0906
2025-08-10 00:30:00+00:00,4263.82,4332.6,4260.93,4311.09,18812.5974
2025-08-10 01:00:00+00:00,4311.09,4322.77,4287.97,4295.52,15137.7118
2025-08-10 01:30:00+00:00,4295.52,4321.23,4294.8,4300.75,10960.5396
2025-08-10 02:00:00+00:00,4300.75,4304.71,4250.35,4262.68,17389.8556
2025-08-10 02:30:00+00:00,4262.69,4267.07,4246.95,4247.0,13082.3483
2025-08-10 03:00:00+00:00,4246.99,4257.75,4206.55,4233.17,37759.6255
2025-08-10 03:30:00+00:00,4233.17,4249.01,4218.18,4242.74,11909.3387
2025-08-10 04:00:00+00:00,4242.73,4255.94,4226.55,4250.46,9147.8632
2025-08-10 04:30:00+00:00,4250.46,4264.98,4246.83,4251.52,7609.6506
2025-08-10 05:00:00+00:00,4251.52,4251.59,4212.43,4216.3,11428.5577
2025-08-10 05:30:00+00:00,4216.31,4236.96,4215.7,4220.54,8965.3578
2025-08-10 06:00:00+00:00,4220.55,4226.91,4203.0,4215.36,12025.6482
2025-08-10 06:30:00+00:00,4215.37,4236.26,4212.63,4225.21,8839.9614
2025-08-10 07:00:00+00:00,4225.21,4233.83,4210.29,4210.76,7147.7554
2025-08-10 07:30:00+00:00,4210.76,4216.41,4176.0,4185.12,28090.7617
2025-08-10 08:00:00+00:00,4185.12,4206.43,4160.0,4205.04,21933.5298
2025-08-10 08:30:00+00:00,4205.03,4218.7,4202.54,4210.0,11054.4659
2025-08-10 09:00:00+00:00,4210.0,4222.36,4210.0,4218.41,9156.3012
2025-08-10 09:30:00+00:00,4218.41,4230.63,4216.5,4225.37,7211.1153
2025-08-10 10:00:00+00:00,4225.37,4232.73,4212.0,4214.92,6320.7961
2025-08-10 10:30:00+00:00,4214.91,4218.0,4192.87,4198.31,12163.4892
2025-08-10 11:00:00+00:00,4198.31,4211.77,4183.71,4209.06,8648.3451
2025-08-10 11:30:00+00:00,4209.05,4221.42,4177.69,4180.57,10792.3994
2025-08-10 12:00:00+00:00,4180.58,4194.83,4173.67,4188.99,8342.1823
2025-08-10 12:30:00+00:00,4188.99,4201.7,4183.11,4201.1,6939.3982
2025-08-10 13:00:00+00:00,4201.1,4205.68,4188.72,4191.01,5760.4357
2025-08-10 13:30:00+00:00,4191.02,4191.44,4166.01,4167.45,8988.1932
2025-08-10 14:00:00+00:00,4167.45,4216.0,4153.07,4212.53,18936.4213
2025-08-10 14:30:00+00:00,4212.54,4226.7,4205.88,4219.37,12264.5497
2025-08-10 15:00:00+00:00,4219.37,4237.43,4211.19,4218.17,9947.3305
2025-08-10 15:30:00+00:00,4218.17,4228.88,4211.54,4217.94,6099.0721
2025-08-10 16:00:00+00:00,4217.94,4233.9,4214.45,4228.16,6299.0836
2025-08-10 16:30:00+00:00,4228.17,4240.91,4226.89,4233.6,6554.6537
2025-08-10 17:00:00+00:00,4233.59,4246.99,4227.74,4228.32,5285.2752
2025-08-10 17:30:00+00:00,4228.32,4234.44,4223.7,4224.01,2671.5723
2025-08-10 18:00:00+00:00,4224.01,4235.0,4217.3,4224.48,3315.6485
2025-08-10 18:30:00+00:00,4224.47,4236.55,4223.12,4235.67,2169.415
2025-08-10 19:00:00+00:00,4235.67,4249.16,4230.56,4242.77,7024.6854
2025-08-10 19:30:00+00:00,4242.78,4259.36,4242.77,4248.83,7167.2915
2025-08-10 20:00:00+00:00,4248.8,4250.51,4207.4,4213.98,12000.6454
2025-08-10 20:30:00+00:00,4213.98,4234.0,4213.46,4217.0,4368.8185
2025-08-10 21:00:00+00:00,4217.0,4217.52,4186.16,4196.71,13843.7097
2025-08-10 21:30:00+00:00,4196.72,4223.33,4191.33,4223.33,8218.8394
2025-08-10 22:00:00+00:00,4223.33,4230.74,4205.0,4226.34,6679.4088
2025-08-10 22:30:00+00:00,4226.34,4250.63,4226.16,4250.63,5958.9085
2025-08-10 23:00:00+00:00,4250.63,4253.0,4228.14,4242.15,5387.9691
2025-08-10 23:30:00+00:00,4242.15,4254.54,4242.15,4250.57,7052.1974
2025-08-11 00:00:00+00:00,4250.58,4278.49,4238.52,4276.61,12142.6735
2025-08-11 00:30:00+00:00,4276.61,4284.99,4258.51,4262.94,13504.9438
2025-08-11 01:00:00+00:00,4262.94,4302.52,4261.0,4292.68,18018.7057
2025-08-11 01:30:00+00:00,4292.69,4322.2,4292.68,4303.81,21731.7819
2025-08-11 02:00:00+00:00,4303.81,4343.0,4297.9,4311.41,32356.8629
2025-08-11 02:30:00+00:00,4311.4,4321.53,4294.42,4309.05,11831.7309
2025-08-11 03:00:00+00:00,4309.05,4309.87,4287.03,4291.9,12220.214
2025-08-11 03:30:00+00:00,4291.9,4312.04,4284.39,4309.64,13384.6494
2025-08-11 04:00:00+00:00,4309.65,4349.81,4305.43,4325.87,20879.3213
2025-08-11 04:30:00+00:00,4325.88,4331.9,4319.1,4319.4,10423.0981
2025-08-11 05:00:00+00:00,4319.4,4331.51,4307.79,4310.78,9025.8664
2025-08-11 05:30:00+00:00,4310.77,4315.99,4292.46,4306.47,12939.276
2025-08-11 06:00:00+00:00,4306.47,4312.5,4295.44,4304.44,5976.2697
2025-08-11 06:30:00+00:00,4304.43,4307.99,4295.5,4298.95,6927.7313
2025-08-11 07:00:00+00:00,4298.96,4304.0,4286.38,4291.25,6931.0039
2025-08-11 07:30:00+00:00,4291.26,4292.6,4266.66,4273.69,18827.1262
2025-08-11 08:00:00+00:00,4273.69,4282.4,4253.91,4276.78,13157.4276
2025-08-11 08:30:00+00:00,4276.78,4287.17,4268.79,4281.76,6690.6847
2025-08-11 09:00:00+00:00,4281.77,4284.31,4270.0,4275.62,8144.502
2025-08-11 09:30:00+00:00,4275.61,4281.67,4261.1,4266.1,6350.1399
2025-08-11 10:00:00+00:00,4266.13,4269.04,4220.54,4260.11,17072.2392
2025-08-11 10:30:00+00:00,4260.12,4262.5,4229.42,4236.58,11880.727
2025-08-11 11:00:00+00:00,4236.59,4239.83,4194.37,4194.38,18832.0645
2025-08-11 11:30:00+00:00,4194.37,4215.0,4170.02,4185.1,27148.6463
2025-08-11 12:00:00+00:00,4185.1,4199.19,4176.34,4183.61,14370.2661
2025-08-11 12:30:00+00:00,4183.61,4192.69,4166.77,4184.1,14919.2916
2025-08-11 13:00:00+00:00,4184.09,4189.65,4170.59,4185.99,10426.9419
2025-08-11 13:30:00+00:00,4185.99,4303.34,4183.73,4279.72,49876.3466
2025-08-11 14:00:00+00:00,4279.72,4300.87,4263.23,4289.47,24969.7975
2025-08-11 14:30:00+00:00,4289.47,4320.38,4270.0,4277.64,27095.3734
2025-08-11 15:00:00+00:00,4277.64,4308.7,4259.45,4289.2,15095.8096
2025-08-11 15:30:00+00:00,4289.2,4332.17,4286.22,4329.74,20034.4423
2025-08-11 16:00:00+00:00,4329.74,4366.46,4328.39,4351.59,43905.0888
2025-08-11 16:30:00+00:00,4351.6,4356.82,4312.13,4312.13,14544.3626
2025-08-11 17:00:00+00:00,4312.13,4322.42,4283.45,4302.09,15707.0183
2025-08-11 17:30:00+00:00,4302.09,4312.57,4290.21,4293.68,8665.9072
2025-08-11 18:00:00+00:00,4293.69,4304.79,4266.97,4292.29,11013.3349
2025-08-11 18:30:00+00:00,4292.28,4308.24,4275.01,4295.2,8029.3782
2025-08-11 19:00:00+00:00,4295.2,4309.22,4290.0,4302.98,7178.2179
2025-08-11 19:30:00+00:00,4302.97,4304.71,4233.99,4259.39,18411.3192
2025-08-11 20:00:00+00:00,4259.38,4259.38,4217.51,4242.97,17228.6285
2025-08-11 20:30:00+00:00,4242.97,4255.98,4240.03,4243.14,5207.7794
2025-08-11 21:00:00+00:00,4243.13,4256.16,4236.66,4237.14,5934.4136
2025-08-11 21:30:00+00:00,4237.14,4239.0,4190.0,4219.94,22745.7444
2025-08-11 22:00:00+00:00,4219.94,4225.49,4190.14,4203.9,11549.9905
2025-08-11 22:30:00+00:00,4203.91,4223.73,4197.09,4220.62,7524.979
2025-08-11 23:00:00+00:00,4220.63,4235.41,4214.7,4221.9,6943.8249
2025-08-11 23:30:00+00:00,4221.91,4232.55,4221.39,4223.22,4888.0974
2025-08-12 00:00:00+00:00,4223.22,4253.96,4219.04,4243.1,9004.869
2025-08-12 00:30:00+00:00,4243.09,4283.32,4233.02,4274.33,9839.589
2025-08-12 01:00:00+00:00,4274.34,4290.78,4258.68,4282.75,13394.0739
2025-08-12 01:30:00+00:00,4282.74,4284.96,4265.61,4269.99,5269.3258
2025-08-12 02:00:00+00:00,4270.0,4296.29,4262.29,4293.91,7726.3737
2025-08-12 02:30:00+00:00,4293.9,4311.12,4291.69,4291.69,9672.1264
2025-08-12 03:00:00+00:00,4291.69,4293.53,4275.1,4287.38,7373.5072
2025-08-12 03:30:00+00:00,4287.38,4304.88,4282.55,4286.09,6823.7076
2025-08-12 04:00:00+00:00,4286.09,4308.86,4280.49,4307.75,5303.1856
2025-08-12 04:30:00+00:00,4307.76,4321.67,4303.83,4310.94,10070.1734
2025-08-12 05:00:00+00:00,4310.94,4311.0,4285.0,4291.95,17884.9194
2025-08-12 05:30:00+00:00,4291.98,4292.66,4267.41,4285.5,10297.1353
2025-08-12 06:00:00+00:00,4285.49,4304.0,4273.17,4299.56,10922.9203
2025-08-12 06:30:00+00:00,4299.55,4311.0,4287.39,4290.84,7469.3377
2025-08-12 07:00:00+00:00,4290.84,4316.44,4290.84,4312.87,7911.4687
2025-08-12 07:30:00+00:00,4312.87,4319.13,4309.19,4315.57,10734.3535
2025-08-12 08:00:00+00:00,4315.57,4315.98,4293.48,4299.69,10283.0038
2025-08-12 08:30:00+00:00,4299.69,4332.32,4295.61,4310.65,13810.0745
2025-08-12 09:00:00+00:00,4310.65,4317.45,4293.0,4303.33,9253.9972
2025-08-12 09:30:00+00:00,4303.32,4303.33,4286.01,4288.01,6925.5533
2025-08-12 10:00:00+00:00,4288.02,4298.7,4273.93,4294.5,10445.6343
2025-08-12 10:30:00+00:00,4294.5,4298.82,4276.0,4277.39,5482.2849
2025-08-12 11:00:00+00:00,4277.39,4283.62,4256.92,4276.77,10679.3975
2025-08-12 11:30:00+00:00,4276.77,4297.29,4271.16,4290.94,7696.1427
2025-08-12 12:00:00+00:00,4290.94,4314.79,4278.01,4306.05,12243.7916
2025-08-12 12:30:00+00:00,4306.05,4428.67,4306.04,4407.27,113518.7284
2025-08-12 13:00:00+00:00,4407.26,4428.36,4371.01,4420.89,45110.104
2025-08-12 13:30:00+00:00,4420.9,4434.25,4352.82,4383.49,51432.0767
2025-08-12 14:00:00+00:00,4383.49,4411.57,4376.68,4407.24,19328.0258
2025-08-12 14:30:00+00:00,4407.24,4424.0,4388.0,4415.71,18395.0344
2025-08-12 15:00:00+00:00,4415.69,4440.99,4414.66,4433.25,20216.9518
2025-08-12 15:30:00+00:00,4433.25,4480.66,4423.33,4472.62,39311.1332
2025-08-12 16:00:00+00:00,4472.62,4487.1,4447.11,4456.33,29280.1521
2025-08-12 16:30:00+00:00,4456.33,4465.92,4440.38,4465.75,13216.0701
2025-08-12 17:00:00+00:00,4465.75,4506.58,4463.42,4476.77,41327.7338
2025-08-12 17:30:00+00:00,4476.77,4503.92,4468.94,4500.25,15697.8756
2025-08-12 18:00:00+00:00,4500.26,4518.73,4488.94,4501.11,20971.6279
2025-08-12 18:30:00+00:00,4501.11,4509.54,4477.67,4490.28,12857.3102
2025-08-12 19:00:00+00:00,4490.28,4511.8,4482.78,4502.26,11948.6886
2025-08-12 19:30:00+00:00,4502.25,4518.89,4494.45,4516.97,10471.1348
2025-08-12 20:00:00+00:00,4516.97,4628.31,4504.54,4603.99,68372.7074
2025-08-12 20:30:00+00:00,4603.99,4639.7,4587.0,4621.84,26852.4134
2025-08-12 21:00:00+00:00,4621.83,4621.83,4596.77,4598.45,20534.9301
2025-08-12 21:30:00+00:00,4598.45,4615.63,4578.51,4586.48,21469.9657
2025-08-12 22:00:00+00:00,4586.49,4591.48,4563.32,4579.08,15468.1008
2025-08-12 22:30:00+00:00,4579.07,4585.3,4566.28,4576.4,9498.7462
2025-08-12 23:00:00+00:00,4576.4,4604.71,4573.73,4599.94,10693.7755
2025-08-12 23:30:00+00:00,4599.94,4616.45,4584.18,4590.52,12797.8324
2025-08-13 00:00:00+00:00,4590.52,4616.38,4584.01,4610.45,11537.4415
2025-08-13 00:30:00+00:00,4610.44,4639.0,4610.26,4614.11,17810.7171
2025-08-13 01:00:00+00:00,4614.11,4618.09,4568.46,4584.06,19364.0495
2025-08-13 01:30:00+00:00,4584.06,4587.0,4564.33,4585.23,10223.8041
2025-08-13 02:00:00+00:00,4585.23,4606.35,4570.23,4602.68,11698.6124
2025-08-13 02:30:00+00:00,4602.67,4627.69,4594.94,4623.52,12408.5863
2025-08-13 03:00:00+00:00,4623.52,4647.16,4608.21,4620.41,14819.5829
2025-08-13 03:30:00+00:00,4620.41,4656.24,4616.59,4647.0,20844.057
2025-08-13 04:00:00+00:00,4646.99,4676.0,4645.53,4660.72,25252.2294
2025-08-13 04:30:00+00:00,4660.73,4683.0,4658.8,4673.8,20225.8876
2025-08-13 05:00:00+00:00,4673.8,4674.58,4645.49,4648.39,11353.7183
2025-08-13 05:30:00+00:00,4648.39,4659.03,4621.5,4632.21,14055.0536
2025-08-13 06:00:00+00:00,4632.21,4649.62,4609.82,4617.88,16419.2588
2025-08-13 06:30:00+00:00,4617.88,4632.5,4608.21,4623.01,10279.4277
2025-08-13 07:00:00+00:00,4623.0,4630.82,4611.39,4626.93,10826.8124
2025-08-13 07:30:00+00:00,4626.93,4632.44,4618.11,4625.59,13117.7946
2025-08-13 08:00:00+00:00,4625.6,4638.71,4619.25,4623.99,11992.9336
2025-08-13 08:30:00+00:00,4624.0,4632.26,4609.04,4625.32,11727.1756
2025-08-13 09:00:00+00:00,4625.32,4646.1,4622.93,4641.17,14332.5061
2025-08-13 09:30:00+00:00,4641.17,4712.73,4635.36,4706.82,40200.1086
2025-08-13 10:00:00+00:00,4706.82,4715.75,4688.11,4694.99,26403.9434
2025-08-13 10:30:00+00:00,4694.99,4705.42,4690.0,4694.58,11453.7651
2025-08-13 11:00:00+00:00,4694.59,4707.53,4676.57,4677.72,16491.5336
2025-08-13 11:30:00+00:00,4677.72,4694.09,4669.21,4690.33,10803.6829
2025-08-13 12:00:00+00:00,4690.28,4710.0,4674.72,4707.4,13372.4416
2025-08-13 12:30:00+00:00,4707.4,4720.81,4680.0,4685.91,26703.649
2025-08-13 13:00:00+00:00,4685.91,4725.0,4679.65,4708.83,20620.6081
2025-08-13 13:30:00+00:00,4708.84,4736.82,4646.03,4671.0,53707.9029
2025-08-13 14:00:00+00:00,4671.0,4689.22,4634.25,4676.89,37324.9359
2025-08-13 14:30:00+00:00,4676.9,4704.41,4645.96,4648.35,27337.103
2025-08-13 15:00:00+00:00,4648.36,4660.54,4616.0,4640.79,28112.5834
2025-08-13 15:30:00+00:00,4640.79,4673.52,4632.55,4664.38,16268.2934
2025-08-13 16:00:00+00:00,4664.38,4734.63,4661.09,4717.98,36143.8103
2025-08-13 16:30:00+00:00,4717.98,4726.46,4683.82,4700.53,19812.0409
2025-08-13 17:00:00+00:00,4700.54,4735.0,4697.13,4721.94,19999.841
2025-08-13 17:30:00+00:00,4721.93,4732.32,4705.31,4726.35,20415.655
2025-08-13 18:00:00+00:00,4726.35,4750.0,4706.46,4710.09,26424.6317
2025-08-13 18:30:00+00:00,4710.1,4727.07,4688.51,4716.43,17061.9129
2025-08-13 19:00:00+00:00,4716.44,4749.73,4713.05,4740.5,23082.4401
2025-08-13 19:30:00+00:00,4740.5,4743.64,4708.83,4738.99,15248.1729
2025-08-13 20:00:00+00:00,4738.98,4742.0,4697.34,4712.29,19218.6895
2025-08-13 20:30:00+00:00,4712.28,4732.13,4712.28,4717.58,8527.043
2025-08-13 21:00:00+00:00,4717.59,4775.0,4717.59,4753.55,30555.3536
2025-08-13 21:30:00+00:00,4753.56,4770.25,4713.59,4721.16,14531.4217
2025-08-13 22:00:00+00:00,4721.16,4751.54,4705.69,4740.34,15167.8266
2025-08-13 22:30:00+00:00,4740.34,4783.1,4725.0,4734.31,26569.3634
2025-08-13 23:00:00+00:00,4734.31,4762.56,4733.03,4757.51,14470.6083
2025-08-13 23:30:00+00:00,4757.52,4783.85,4747.06,4749.3,11612.4885
2025-08-14 00:00:00+00:00,4749.31,4750.74,4727.34,4748.69,15598.0941
2025-08-14 00:30:00+00:00,4748.66,4764.62,4711.81,4716.47,24023.6394
2025-08-14 01:00:00+00:00,4716.46,4737.59,4708.35,4733.7,12472.6369
2025-08-14 01:30:00+00:00,4733.69,4749.36,4718.32,4721.1,9218.2691
2025-08-14 02:00:00+00:00,4721.1,4738.98,4718.81,4736.78,8479.1225
2025-08-14 02:30:00+00:00,4736.77,4769.76,4734.73,4750.31,18154.5539
2025-08-14 03:00:00+00:00,4750.31,4767.89,4740.59,4760.86,9889.9596
2025-08-14 03:30:00+00:00,4760.86,4779.0,4753.27,4774.08,12519.2223
2025-08-14 04:00:00+00:00,4774.09,4786.54,4770.0,4775.08,11877.674
2025-08-14 04:30:00+00:00,4775.07,4775.07,4751.28,4758.82,8882.9431
2025-08-14 05:00:00+00:00,4758.82,4771.2,4734.14,4734.5,13618.1306
2025-08-14 05:30:00+00:00,4734.5,4746.26,4724.48,4731.74,12949.5452
2025-08-14 06:00:00+00:00,4731.73,4742.35,4716.0,4739.59,17116.6913
2025-08-14 06:30:00+00:00,4739.59,4788.0,4739.35,4774.47,20737.9616
2025-08-14 07:00:00+00:00,4774.47,4774.47,4729.54,4745.23,28573.9804
2025-08-14 07:30:00+00:00,4745.23,4761.4,4735.0,4748.37,12975.1531
2025-08-14 08:00:00+00:00,4748.37,4749.56,4729.0,4735.22,16936.4923
2025-08-14 08:30:00+00:00,4735.22,4742.26,4721.0,4726.72,13586.2696
2025-08-14 09:00:00+00:00,4726.72,4751.26,4720.0,4745.33,12694.4272
2025-08-14 09:30:00+00:00,4745.32,4762.94,4741.24,4760.0,19704.6836
2025-08-14 10:00:00+00:00,4760.0,4766.66,4741.47,4748.28,19969.692
2025-08-14 10:30:00+00:00,4748.28,4753.45,4675.81,4707.54,46198.8348
2025-08-14 11:00:00+00:00,4707.53,4721.5,4691.97,4707.53,14770.0227
2025-08-14 11:30:00+00:00,4707.52,4718.26,4692.29,4718.17,8469.457
2025-08-14 12:00:00+00:00,4718.18,4736.0,4706.61,4714.13,16939.9791
2025-08-14 12:30:00+00:00,4714.13,4714.13,4513.13,4567.33,191856.7014
2025-08-14 13:00:00+00:00,4567.33,4582.97,4451.33,4533.78,108398.645
2025-08-14 13:30:00+00:00,4533.79,4638.81,4506.37,4612.7,69943.2133
2025-08-14 14:00:00+00:00,4612.71,4663.24,4580.27,4655.85,45075.0957
2025-08-14 14:30:00+00:00,4655.85,4703.71,4650.34,4670.58,47051.6528
2025-08-14 15:00:00+00:00,4670.58,4686.49,4588.4,4613.82,47830.5517
2025-08-14 15:30:00+00:00,4613.82,4635.0,4591.45,4618.87,27313.3176
2025-08-14 16:00:00+00:00,4618.87,4623.62,4515.38,4525.56,53387.3347
2025-08-14 16:30:00+00:00,4525.57,4565.88,4517.09,4546.48,28148.7774
2025-08-14 17:00:00+00:00,4546.48,4563.45,4506.63,4561.07,25274.7809
2025-08-14 17:30:00+00:00,4561.07,4563.95,4521.35,4548.78,15843.2827
2025-08-14 18:00:00+00:00,4548.78,4551.7,4480.63,4529.99,40985.5292
2025-08-14 18:30:00+00:00,4530.0,4558.36,4527.61,4537.97,16964.917
2025-08-14 19:00:00+00:00,4537.97,4573.41,4533.8,4567.87,9847.3178
2025-08-14 19:30:00+00:00,4567.87,4568.21,4536.57,4537.63,15537.9537
2025-08-14 20:00:00+00:00,4537.64,4546.48,4507.23,4538.02,16893.4222
2025-08-14 20:30:00+00:00,4538.03,4546.04,4507.09,4534.01,14082.2669
2025-08-14 21:00:00+00:00,4534.0,4544.06,4486.0,4494.21,13408.123
2025-08-14 21:30:00+00:00,4494.59,4505.07,4453.13,4477.9,25132.1801
2025-08-14 22:00:00+00:00,4477.89,4520.0,4457.25,4519.83,12636.0209
2025-08-14 22:30:00+00:00,4519.83,4532.68,4511.76,4531.62,8021.6964
2025-08-14 23:00:00+00:00,4531.62,4565.0,4529.71,4564.31,13031.2318
2025-08-14 23:30:00+00:00,4564.31,4572.0,4538.31,4546.84,12427.5977
2025-08-15 00:00:00+00:00,4546.84,4566.87,4538.6,4552.3,10635.7871
2025-08-15 00:30:00+00:00,4552.3,4591.0,4537.32,4562.98,14529.5742
2025-08-15 01:00:00+00:00,4562.98,4590.36,4556.0,4589.66,9275.367
2025-08-15 01:30:00+00:00,4589.65,4611.74,4578.0,4604.02,21086.6009
2025-08-15 02:00:00+00:00,4604.02,4631.81,4595.94,4630.14,14009.2233
2025-08-15 02:30:00+00:00,4630.13,4642.7,4620.12,4621.72,10601.0915
2025-08-15 03:00:00+00:00,4621.72,4642.01,4613.66,4640.49,13292.6517
2025-08-15 03:30:00+00:00,4640.48,4650.0,4626.3,4634.46,14193.5886
2025-08-15 04:00:00+00:00,4634.47,4647.13,4623.25,4629.65,8708.9562
2025-08-15 04:30:00+00:00,4629.64,4639.78,4614.4,4624.86,6873.2461
2025-08-15 05:00:00+00:00,4624.86,4632.34,4599.01,4617.13,10362.2432
2025-08-15 05:30:00+00:00,4617.13,4619.84,4605.43,4618.8,7180.8613
2025-08-15 06:00:00+00:00,4618.79,4644.46,4618.04,4644.05,11570.0118
2025-08-15 06:30:00+00:00,4644.05,4662.6,4643.89,4647.62,11849.053
2025-08-15 07:00:00+00:00,4647.63,4653.94,4633.52,4646.04,8232.1038
2025-08-15 07:30:00+00:00,4646.05,4651.14,4626.0,4640.16,26345.098
2025-08-15 08:00:00+00:00,4640.15,4657.69,4632.88,4655.88,11597.5909
2025-08-15 08:30:00+00:00,4655.87,4666.66,4635.44,4641.44,9716.7577
2025-08-15 09:00:00+00:00,4641.44,4653.01,4619.09,4621.01,7093.2806
2025-08-15 09:30:00+00:00,4621.0,4636.66,4612.31,4624.28,10977.2256
2025-08-15 10:00:00+00:00,4624.28,4648.18,4624.05,4641.39,11736.1897
2025-08-15 10:30:00+00:00,4641.4,4649.54,4635.84,4636.21,6247.1763
2025-08-15 11:00:00+00:00,4636.21,4647.5,4625.15,4625.99,6504.5198
2025-08-15 11:30:00+00:00,4626.0,4645.13,4623.18,4634.16,5959.5343
2025-08-15 12:00:00+00:00,4634.17,4643.41,4609.04,4613.92,18094.9017
2025-08-15 12:30:00+00:00,4613.92,4672.67,4592.42,4628.37,40487.5897
2025-08-15 13:00:00+00:00,4628.38,4631.22,4603.82,4612.52,19866.456
2025-08-15 13:30:00+00:00,4612.51,4619.29,4534.43,4540.23,38820.6459
2025-08-15 14:00:00+00:00,4540.24,4578.23,4521.51,4546.56,36800.7277
2025-08-15 14:30:00+00:00,4546.57,4559.16,4471.64,4493.22,45119.1139
2025-08-15 15:00:00+00:00,4493.22,4500.0,4430.0,4436.09,51866.0052
2025-08-15 15:30:00+00:00,4436.09,4469.69,4395.47,4430.86,50201.6092
2025-08-15 16:00:00+00:00,4430.87,4434.31,4369.46,4395.52,44175.7113
2025-08-15 16:30:00+00:00,4395.51,4428.05,4394.55,4415.63,21337.7728
2025-08-15 17:00:00+00:00,4415.63,4437.91,4373.58,4430.61,24327.0808
2025-08-15 17:30:00+00:00,4430.61,4462.26,4417.65,4438.98,25446.3188
2025-08-15 18:00:00+00:00,4438.98,4454.75,4414.5,4416.88,11187.8203
2025-08-15 18:30:00+00:00,4416.87,4431.82,4380.16,4396.54,14002.782
2025-08-15 19:00:00+00:00,4396.55,4425.7,4375.74,4401.14,13245.0282
2025-08-15 19:30:00+00:00,4401.14,4410.04,4378.5,4383.45,14756.8784
2025-08-15 20:00:00+00:00,4383.45,4420.0,4368.0,4418.05,13076.0969
2025-08-15 20:30:00+00:00,4418.05,4433.0,4402.46,4425.99,9307.9322
2025-08-15 21:00:00+00:00,4425.99,4430.53,4391.95,4412.04,22660.4054
2025-08-15 21:30:00+00:00,4412.03,4429.0,4405.51,4428.83,14567.3996
2025-08-15 22:00:00+00:00,4428.82,4436.25,4410.59,4419.99,16332.354
2025-08-15 22:30:00+00:00,4420.0,4478.33,4419.14,4474.86,31901.8876
2025-08-15 23:00:00+00:00,4474.86,4490.73,4406.78,4425.24,23806.4173
2025-08-15 23:30:00+00:00,4425.24,4443.54,4412.29,4439.47,10442.5916
2025-08-16 00:00:00+00:00,4439.47,4467.5,4431.34,4452.6,13076.4686
2025-08-16 00:30:00+00:00,4452.6,4484.01,4452.0,4476.45,8965.971
2025-08-16 01:00:00+00:00,4476.46,4488.34,4452.0,4468.22,10859.0409
2025-08-16 01:30:00+00:00,4468.21,4490.42,4466.55,4487.59,7132.0872
2025-08-16 02:00:00+00:00,4487.58,4487.59,4463.44,4465.58,7117.1336
2025-08-16 02:30:00+00:00,4465.58,4471.16,4433.27,4444.48,26415.4052
2025-08-16 03:00:00+00:00,4444.49,4456.76,4430.73,4449.37,8595.8904
2025-08-16 03:30:00+00:00,4449.37,4449.45,4423.53,4432.24,6698.8646
2025-08-16 04:00:00+00:00,4432.25,4448.03,4429.12,4447.82,4637.2622
2025-08-16 04:30:00+00:00,4447.81,4456.73,4440.09,4453.7,4155.8436
2025-08-16 05:00:00+00:00,4453.7,4454.55,4429.45,4430.21,5154.1999
2025-08-16 05:30:00+00:00,4430.2,4435.98,4417.91,4421.26,6758.136
2025-08-16 06:00:00+00:00,4421.26,4432.97,4413.1,4427.51,5941.0184
2025-08-16 06:30:00+00:00,4427.5,4431.01,4407.69,4419.15,5107.7902
2025-08-16 07:00:00+00:00,4419.14,4444.96,4418.6,4443.98,5679.4256
2025-08-16 07:30:00+00:00,4443.98,4465.22,4438.0,4451.83,12372.7338
2025-08-16 08:00:00+00:00,4451.84,4459.12,4439.54,4442.0,5013.9542
2025-08-16 08:30:00+00:00,4442.01,4454.97,4439.47,4442.61,4758.4575
2025-08-16 09:00:00+00:00,4442.6,4458.97,4436.45,4455.03,3858.5591
2025-08-16 09:30:00+00:00,4455.03,4458.59,4390.32,4398.16,14238.4477
2025-08-16 10:00:00+00:00,4398.16,4414.53,4372.54,4397.7,24360.3116
2025-08-16 10:30:00+00:00,4397.69,4409.72,4387.81,4404.06,8773.0315
2025-08-16 11:00:00+00:00,4404.07,4425.0,4402.88,4406.73,10856.2361
2025-08-16 11:30:00+00:00,4406.73,4412.79,4385.64,4387.87,9754.3009
2025-08-16 12:00:00+00:00,4387.88,4398.52,4375.63,4391.74,13727.0197
2025-08-16 12:30:00+00:00,4391.74,4412.0,4385.01,4410.1,12337.2294
2025-08-16 13:00:00+00:00,4410.11,4427.47,4407.57,4420.01,9432.5039
2025-08-16 13:30:00+00:00,4420.0,4427.92,4384.39,4393.98,10762.1953
2025-08-16 14:00:00+00:00,4393.99,4414.52,4388.0,4409.62,6107.6781
2025-08-16 14:30:00+00:00,4409.63,4419.09,4393.33,4413.48,6336.8406
2025-08-16 15:00:00+00:00,4413.48,4419.04,4398.51,4413.67,4873.9397
2025-08-16 15:30:00+00:00,4413.66,4414.88,4387.15,4400.42,6738.872
2025-08-16 16:00:00+00:00,4400.41,4416.95,4399.23,4408.18,5577.2493
2025-08-16 16:30:00+00:00,4408.19,4410.52,4396.49,4408.15,3623.3403
2025-08-16 17:00:00+00:00,4408.16,4409.34,4390.58,4402.04,5061.3702
2025-08-16 17:30:00+00:00,4402.04,4405.84,4393.98,4404.35,3583.9091
2025-08-16 18:00:00+00:00,4404.4,4421.86,4399.2,4410.26,4324.7275
2025-08-16 18:30:00+00:00,4410.27,4416.0,4404.59,4409.06,2374.8903
2025-08-16 19:00:00+00:00,4409.06,4424.44,4408.04,4420.43,5795.5276
2025-08-16 19:30:00+00:00,4420.44,4440.51,4418.0,4418.53,8003.5089
2025-08-16 20:00:00+00:00,4418.53,4435.48,4410.0,4429.52,3726.6728
2025-08-16 20:30:00+00:00,4429.53,4437.88,4425.09,4431.73,5288.655
2025-08-16 21:00:00+00:00,4431.72,4431.72,4420.52,4426.53,1958.8561
2025-08-16 21:30:00+00:00,4426.53,4426.53,4406.09,4408.37,5215.1347
2025-08-16 22:00:00+00:00,4408.37,4423.22,4402.82,4421.33,4476.6102
2025-08-16 22:30:00+00:00,4421.33,4434.54,4420.51,4426.53,3220.0252
2025-08-16 23:00:00+00:00,4426.53,4430.53,4412.12,4412.27,2303.029
2025-08-16 23:30:00+00:00,4412.28,4425.15,4410.81,4421.99,3546.2337
2025-08-17 00:00:00+00:00,4422.0,4425.8,4409.7,4413.16,3265.2184
2025-08-17 00:30:00+00:00,4413.16,4427.28,4410.03,4412.76,3855.5155
2025-08-17 01:00:00+00:00,4412.76,4414.01,4398.1,4405.62,6949.927
2025-08-17 01:30:00+00:00,4405.61,4420.81,4393.98,4406.09,6945.1365
2025-08-17 02:00:00+00:00,4406.1,4414.65,4398.2,4413.93,2439.1581
2025-08-17 02:30:00+00:00,4413.94,4434.2,4407.0,4434.08,8372.7609
2025-08-17 03:00:00+00:00,4434.08,4445.0,4428.35,4430.2,7717.6208
2025-08-17 03:30:00+00:00,4430.2,4459.3,4428.39,4452.77,9335.5601
2025-08-17 04:00:00+00:00,4452.78,4476.78,4451.98,4472.49,11531.4642
2025-08-17 04:30:00+00:00,4472.49,4490.25,4464.0,4483.29,29331.2081
2025-08-17 05:00:00+00:00,4483.3,4491.0,4471.49,4477.37,11655.763
2025-08-17 05:30:00+00:00,4477.37,4479.49,4467.61,4470.55,4848.6252
2025-08-17 06:00:00+00:00,4470.55,4483.79,4470.55,4475.71,3632.2123
2025-08-17 06:30:00+00:00,4475.71,4475.72,4455.43,4457.12,6203.5094
2025-08-17 07:00:00+00:00,4457.13,4472.19,4444.44,4465.79,8347.5406
2025-08-17 07:30:00+00:00,4465.78,4472.43,4455.29,4467.12,4087.4819
2025-08-17 08:00:00+00:00,4467.12,4473.8,4458.64,4472.86,5199.6311
2025-08-17 08:30:00+00:00,4472.87,4538.39,4472.63,4535.51,28014.8196
2025-08-17 09:00:00+00:00,4535.5,4559.0,4534.58,4546.6,25309.6928
2025-08-17 09:30:00+00:00,4546.61,4551.94,4527.66,4543.14,11504.4693
2025-08-17 10:00:00+00:00,4543.14,4544.52,4529.24,4535.6,7722.2393
2025-08-17 10:30:00+00:00,4535.6,4576.0,4534.27,4568.63,10599.5521
2025-08-17 11:00:00+00:00,4568.63,4568.86,4554.1,4555.23,6895.0939
2025-08-17 11:30:00+00:00,4555.23,4561.34,4547.69,4551.68,7423.8273
2025-08-17 12:00:00+00:00,4551.69,4553.86,4537.67,4542.0,8752.7902
2025-08-17 12:30:00+00:00,4542.0,4549.0,4534.78,4541.68,4863.1932
2025-08-17 13:00:00+00:00,4541.68,4544.29,4519.13,4529.99,8651.1911
2025-08-17 13:30:00+00:00,4530.0,4549.78,4525.98,4536.01,9111.7663
2025-08-17 14:00:00+00:00,4536.01,4546.6,4532.16,4543.9,5340.2787
2025-08-17 14:30:00+00:00,4543.9,4558.79,4541.09,4553.29,5953.9631
2025-08-17 15:00:00+00:00,4553.28,4558.33,4544.89,4554.6,4416.9491
2025-08-17 15:30:00+00:00,4554.61,4565.49,4553.79,4561.99,5142.1188
2025-08-17 16:00:00+00:00,4561.99,4566.17,4534.22,4539.32,11245.4159
2025-08-17 16:30:00+00:00,4539.32,4539.32,4503.68,4517.56,13054.9608
2025-08-17 17:00:00+00:00,4517.56,4526.48,4504.68,4520.72,7554.3128
2025-08-17 17:30:00+00:00,4520.72,4533.9,4519.78,4523.92,3696.9313
2025-08-17 18:00:00+00:00,4523.91,4532.29,4510.57,4514.73,3550.069
2025-08-17 18:30:00+00:00,4514.73,4519.23,4427.44,4469.0,28005.585
2025-08-17 19:00:00+00:00,4469.0,4483.87,4450.56,4479.68,12805.3362
2025-08-17 19:30:00+00:00,4479.68,4481.09,4443.55,4459.56,12810.9148
2025-08-17 20:00:00+00:00,4459.55,4477.2,4457.02,4474.55,4985.1805
2025-08-17 20:30:00+00:00,4474.55,4478.47,4463.56,4467.43,2398.7323
2025-08-17 21:00:00+00:00,4467.43,4475.0,4462.47,4467.2,2378.4251
2025-08-17 21:30:00+00:00,4467.2,4485.99,4462.72,4474.84,4508.6313
2025-08-17 22:00:00+00:00,4474.83,4524.84,4472.5,4513.4,15907.8071
2025-08-17 22:30:00+00:00,4513.4,4533.95,4512.3,4521.55,12271.8594
2025-08-17 23:00:00+00:00,4521.56,4522.9,4481.02,4485.13,10079.9776
2025-08-17 23:30:00+00:00,4485.12,4500.76,4466.66,4472.33,13786.9659
2025-08-18 00:00:00+00:00,4472.34,4481.88,4442.26,4448.33,14537.8848
2025-08-18 00:30:00+00:00,4448.33,4465.41,4437.64,4463.2,18831.3068
2025-08-18 01:00:00+00:00,4463.2,4468.93,4412.9,4413.3,15513.0601
2025-08-18 01:30:00+00:00,4413.29,4430.68,4382.14,4396.36,40293.8801
2025-08-18 02:00:00+00:00,4396.36,4402.52,4341.0,4366.01,46106.6408
2025-08-18 02:30:00+00:00,4366.01,4381.77,4307.9,4320.39,51001.2424
2025-08-18 03:00:00+00:00,4320.36,4336.61,4306.9,4307.19,20533.19
2025-08-18 03:30:00+00:00,4307.2,4325.74,4278.13,4320.22,34555.3278
2025-08-18 04:00:00+00:00,4320.22,4329.63,4301.44,4328.03,12805.7974
2025-08-18 04:30:00+00:00,4328.02,4343.79,4325.0,4337.17,11930.4943
2025-08-18 05:00:00+00:00,4337.17,4348.44,4319.39,4321.0,8367.1097
2025-08-18 05:30:00+00:00,4321.0,4322.89,4260.1,4313.09,24055.4955
2025-08-18 06:00:00+00:00,4313.09,4313.24,4250.69,4263.27,22359.9472
2025-08-18 06:30:00+00:00,4263.27,4278.48,4230.74,4253.15,30510.491
2025-08-18 07:00:00+00:00,4253.14,4274.18,4237.32,4248.35,12971.6914
2025-08-18 07:30:00+00:00,4248.34,4270.37,4240.0,4257.47,16717.9193
2025-08-18 08:00:00+00:00,4257.47,4285.35,4257.18,4282.93,11646.4258
2025-08-18 08:30:00+00:00,4282.94,4287.0,4251.0,4259.11,9755.5891
2025-08-18 09:00:00+00:00,4259.1,4259.6,4225.86,4236.06,18152.7038
2025-08-18 09:30:00+00:00,4236.06,4319.77,4226.72,4292.72,39129.1965
2025-08-18 10:00:00+00:00,4292.72,4307.98,4270.76,4272.73,13919.0145
2025-08-18 10:30:00+00:00,4272.74,4290.85,4258.6,4264.29,16359.1787
2025-08-18 11:00:00+00:00,4264.29,4277.77,4260.84,4269.61,5641.4665
2025-08-18 11:30:00+00:00,4269.61,4277.55,4252.89,4274.37,8234.0313
2025-08-18 12:00:00+00:00,4274.36,4306.97,4270.77,4290.83,10923.4763
2025-08-18 12:30:00+00:00,4290.84,4344.5,4288.0,4343.3,22876.0829
2025-08-18 13:00:00+00:00,4343.3,4366.95,4328.42,4353.88,24166.2731
2025-08-18 13:30:00+00:00,4353.88,4370.26,4282.79,4286.13,33499.6527
2025-08-18 14:00:00+00:00,4286.13,4321.22,4272.82,4312.83,24520.2886
2025-08-18 14:30:00+00:00,4312.83,4334.61,4281.25,4333.54,15024.7849
2025-08-18 15:00:00+00:00,4333.54,4338.35,4298.23,4313.43,8822.8303
2025-08-18 15:30:00+00:00,4313.43,4346.13,4305.08,4345.52,15688.4794
2025-08-18 16:00:00+00:00,4345.52,4360.95,4316.31,4324.19,22419.4512
2025-08-18 16:30:00+00:00,4324.2,4333.96,4299.44,4320.36,13120.0452
2025-08-18 17:00:00+00:00,4320.36,4360.96,4313.17,4353.62,8510.3968
2025-08-18 17:30:00+00:00,4353.63,4380.92,4343.2,4343.21,14971.9703
2025-08-18 18:00:00+00:00,4343.2,4347.91,4327.12,4346.62,8594.5339
2025-08-18 18:30:00+00:00,4346.62,4373.0,4342.5,4366.71,5787.4048
2025-08-18 19:00:00+00:00,4366.73,4384.53,4347.55,4370.67,10531.9645
2025-08-18 19:30:00+00:00,4370.66,4371.32,4344.74,4355.09,8565.4671
2025-08-18 20:00:00+00:00,4355.08,4367.82,4344.0,4356.97,5550.3134
2025-08-18 20:30:00+00:00,4356.97,4358.57,4316.7,4332.19,8408.7852
2025-08-18 21:00:00+00:00,4332.18,4358.57,4329.66,4352.7,4902.0435
2025-08-18 21:30:00+00:00,4352.71,4362.61,4325.68,4353.14,6335.5158
2025-08-18 22:00:00+00:00,4353.14,4388.65,4353.14,4382.66,12516.8599
2025-08-18 22:30:00+00:00,4382.66,4385.11,4339.22,4340.82,7299.2062
2025-08-18 23:00:00+00:00,4340.83,4351.08,4322.31,4329.71,8519.4721
2025-08-18 23:30:00+00:00,4329.72,4335.31,4303.67,4312.99,17703.744
2025-08-19 00:00:00+00:00,4312.99,4323.26,4286.02,4286.37,15403.1426
2025-08-19 00:30:00+00:00,4286.36,4342.58,4265.25,4342.26,20319.476
2025-08-19 01:00:00+00:00,4342.26,4355.0,4317.21,4317.21,12187.5748
2025-08-19 01:30:00+00:00,4317.21,4317.94,4286.66,4295.71,9480.1896
2025-08-19 02:00:00+00:00,4295.71,4300.0,4281.41,4293.0,10358.3483
2025-08-19 02:30:00+00:00,4292.99,4300.0,4283.0,4285.91,5950.5772
2025-08-19 03:00:00+00:00,4285.92,4291.82,4250.01,4255.85,15156.7127
2025-08-19 03:30:00+00:00,4255.85,4259.24,4213.21,4218.66,29891.7538
2025-08-19 04:00:00+00:00,4218.65,4223.07,4193.77,4205.03,28999.5973
2025-08-19 04:30:00+00:00,4205.04,4234.9,4203.83,4234.77,12944.8846
2025-08-19 05:00:00+00:00,4234.77,4246.02,4219.32,4244.73,9426.1226
2025-08-19 05:30:00+00:00,4244.72,4250.41,4228.2,4230.47,7275.5966
2025-08-19 06:00:00+00:00,4230.47,4248.0,4224.82,4245.39,9334.1093
2025-08-19 06:30:00+00:00,4245.39,4250.0,4232.48,4241.78,9153.293
2025-08-19 07:00:00+00:00,4241.79,4245.57,4204.16,4219.5,15474.7982
2025-08-19 07:30:00+00:00,4219.47,4237.0,4214.06,4234.36,11371.5412
2025-08-19 08:00:00+00:00,4234.35,4244.35,4218.46,4232.55,7264.667
2025-08-19 08:30:00+00:00,4232.55,4268.63,4222.39,4255.9,10775.3479
2025-08-19 09:00:00+00:00,4255.9,4284.0,4254.38,4279.8,13427.5919
2025-08-19 09:30:00+00:00,4279.8,4306.06,4275.71,4280.78,15134.6163
2025-08-19 10:00:00+00:00,4280.77,4298.99,4275.51,4294.28,6391.9365
2025-08-19 10:30:00+00:00,4294.28,4302.0,4279.02,4286.01,5720.5322
2025-08-19 11:00:00+00:00,4286.0,4312.92,4286.0,4305.9,5760.1207
2025-08-19 11:30:00+00:00,4305.89,4317.41,4293.51,4308.93,8267.9027
2025-08-19 12:00:00+00:00,4308.94,4315.0,4299.66,4307.05,5543.9343
2025-08-19 12:30:00+00:00,4307.06,4309.34,4284.23,4305.68,10362.9494
2025-08-19 13:00:00+00:00,4305.68,4316.55,4294.95,4313.98,8274.2886
2025-08-19 13:30:00+00:00,4313.99,4340.15,4264.31,4292.03,36859.7663
2025-08-19 14:00:00+00:00,4292.02,4306.51,4207.5,4210.96,31975.5719
2025-08-19 14:30:00+00:00,4210.96,4224.82,4180.82,4191.6,74226.4174
2025-08-19 15:00:00+00:00,4191.61,4228.2,4169.42,4226.26,54261.2742
2025-08-19 15:30:00+00:00,4226.25,4232.93,4188.17,4192.14,15683.8197
2025-08-19 16:00:00+00:00,4192.14,4206.33,4176.55,4177.54,15096.6266
2025-08-19 16:30:00+00:00,4177.54,4186.1,4138.45,4142.45,46767.5232
2025-08-19 17:00:00+00:00,4142.45,4172.65,4133.56,4169.03,26071.7431
2025-08-19 17:30:00+00:00,4169.02,4188.84,4162.9,4186.01,15525.4254
2025-08-19 18:00:00+00:00,4186.01,4187.35,4166.06,4166.91,9510.8254
2025-08-19 18:30:00+00:00,4166.91,4173.83,4121.47,4145.78,27034.4061
2025-08-19 19:00:00+00:00,4145.77,4166.61,4113.63,4163.16,32867.5955
2025-08-19 19:30:00+00:00,4163.16,4168.0,4136.25,4142.0,18849.1065
2025-08-19 20:00:00+00:00,4142.0,4154.44,4114.23,4144.77,19549.9851
2025-08-19 20:30:00+00:00,4144.77,4163.93,4144.65,4158.94,8815.0338
2025-08-19 21:00:00+00:00,4158.94,4164.97,4137.0,4151.48,7915.176
2025-08-19 21:30:00+00:00,4151.48,4153.86,4140.61,4153.15,4406.3182
2025-08-19 22:00:00+00:00,4153.15,4154.49,4119.78,4142.73,10765.1975
2025-08-19 22:30:00+00:00,4142.73,4149.02,4130.0,4131.78,5113.923
2025-08-19 23:00:00+00:00,4131.78,4135.69,4107.12,4108.5,12034.4835
2025-08-19 23:30:00+00:00,4108.5,4118.16,4067.34,4075.59,38240.9714
2025-08-20 00:00:00+00:00,4075.58,4102.76,4075.0,4091.72,17456.6576
2025-08-20 00:30:00+00:00,4091.74,4115.51,4080.7,4104.95,13339.097
2025-08-20 01:00:00+00:00,4104.96,4123.02,4090.34,4093.0,12377.3989
2025-08-20 01:30:00+00:00,4093.0,4121.33,4060.0,4109.94,25462.835
2025-08-20 02:00:00+00:00,4109.94,4139.83,4105.62,4136.8,14306.2295
2025-08-20 02:30:00+00:00,4136.79,4142.73,4123.28,4137.7,10821.7109
2025-08-20 03:00:00+00:00,4137.71,4153.2,4128.27,4151.45,10593.6829
2025-08-20 03:30:00+00:00,4151.46,4158.32,4137.07,4140.92,9999.2772
2025-08-20 04:00:00+00:00,4140.92,4169.99,4139.51,4165.32,12579.0533
2025-08-20 04:30:00+00:00,4165.32,4180.65,4157.08,4169.96,10379.5336
2025-08-20 05:00:00+00:00,4169.96,4172.77,4154.54,4162.46,5127.4241
2025-08-20 05:30:00+00:00,4162.45,4184.35,4159.0,4183.26,7003.2508
2025-08-20 06:00:00+00:00,4183.26,4188.05,4169.1,4175.15,9167.3988
2025-08-20 06:30:00+00:00,4175.14,4188.84,4173.09,4182.21,10154.1013
2025-08-20 07:00:00+00:00,4182.22,4211.74,4182.22,4204.44,12929.1993
2025-08-20 07:30:00+00:00,4204.44,4204.45,4183.0,4185.22,8507.7498
2025-08-20 08:00:00+00:00,4185.22,4228.91,4179.6,4227.3,15518.3028
2025-08-20 08:30:00+00:00,4227.29,4242.0,4220.61,4239.03,12538.9369
2025-08-20 09:00:00+00:00,4239.03,4239.47,4220.07,4222.7,10465.0724
2025-08-20 09:30:00+00:00,4222.7,4234.0,4217.78,4222.74,7329.6653
2025-08-20 10:00:00+00:00,4222.74,4229.0,4210.37,4211.49,6530.0707
2025-08-20 10:30:00+00:00,4211.5,4232.97,4211.5,4226.62,5059.809
2025-08-20 11:00:00+00:00,4226.62,4231.96,4195.0,4199.15,11231.2855
2025-08-20 11:30:00+00:00,4199.15,4200.85,4150.26,4195.3,26635.2248
2025-08-20 12:00:00+00:00,4195.29,4222.15,4175.85,4188.84,15309.1647
2025-08-20 12:30:00+00:00,4188.84,4210.0,4178.22,4204.64,9837.2019
2025-08-20 13:00:00+00:00,4204.64,4205.06,4164.0,4187.88,10267.8113
2025-08-20 13:30:00+00:00,4187.89,4215.25,4127.65,4135.78,37921.2954
2025-08-20 14:00:00+00:00,4135.77,4160.74,4106.37,4159.69,31879.4229
2025-08-20 14:30:00+00:00,4159.69,4235.81,4159.3,4213.4,36872.3975
2025-08-20 15:00:00+00:00,4213.39,4308.49,4206.02,4298.91,49175.6527
2025-08-20 15:30:00+00:00,4298.9,4302.91,4250.22,4255.9,24362.0342
2025-08-20 16:00:00+00:00,4255.68,4329.87,4254.72,4326.85,25392.1902
2025-08-20 16:30:00+00:00,4326.85,4329.65,4294.14,4301.88,20212.1327
2025-08-20 17:00:00+00:00,4301.87,4330.7,4298.4,4308.56,12108.7298
2025-08-20 17:30:00+00:00,4308.56,4364.77,4300.42,4343.91,24758.4357
2025-08-20 18:00:00+00:00,4343.92,4345.37,4272.14,4278.49,31775.1422
2025-08-20 18:30:00+00:00,4278.49,4308.88,4263.08,4291.67,21727.7357
2025-08-20 19:00:00+00:00,4291.67,4348.15,4286.71,4332.07,13816.3052
2025-08-20 19:30:00+00:00,4332.06,4351.73,4320.09,4346.65,10050.7507
2025-08-20 20:00:00+00:00,4346.64,4352.87,4331.71,4348.43,9197.4403
2025-08-20 20:30:00+00:00,4348.44,4371.68,4336.17,4355.4,9196.8818
2025-08-20 21:00:00+00:00,4355.39,4362.84,4323.71,4329.34,11973.7634
2025-08-20 21:30:00+00:00,4329.36,4366.66,4320.53,4342.1,9088.5071
2025-08-20 22:00:00+00:00,4342.11,4358.54,4337.27,4353.0,6718.9309
2025-08-20 22:30:00+00:00,4352.99,4378.0,4344.34,4366.0,9029.2277
2025-08-20 23:00:00+00:00,4365.99,4367.59,4334.86,4337.04,6378.6202
2025-08-20 23:30:00+00:00,4337.04,4345.38,4325.85,4336.16,5762.1517
2025-08-21 00:00:00+00:00,4336.16,4336.16,4306.63,4315.51,11682.0009
2025-08-21 00:30:00+00:00,4315.51,4332.93,4311.16,4324.1,8141.0701
2025-08-21 01:00:00+00:00,4324.1,4328.51,4297.0,4309.94,8392.9748
2025-08-21 01:30:00+00:00,4309.95,4336.97,4306.79,4331.75,9062.7592
2025-08-21 02:00:00+00:00,4331.74,4340.26,4282.61,4292.73,11359.1588
2025-08-21 02:30:00+00:00,4292.72,4294.93,4278.03,4292.91,11451.297
2025-08-21 03:00:00+00:00,4292.91,4333.23,4292.9,4309.47,14504.8843
2025-08-21 03:30:00+00:00,4309.47,4317.18,4292.6,4295.23,9908.6533
2025-08-21 04:00:00+00:00,4295.24,4302.53,4284.84,4291.6,6454.1034
2025-08-21 04:30:00+00:00,4291.59,4308.07,4286.66,4295.52,6443.8823
2025-08-21 05:00:00+00:00,4295.52,4303.42,4283.17,4300.69,4811.8248
2025-08-21 05:30:00+00:00,4300.7,4321.36,4300.0,4317.97,4849.848
2025-08-21 06:00:00+00:00,4317.98,4318.27,4284.18,4293.04,6717.8796
2025-08-21 06:30:00+00:00,4293.05,4309.0,4293.05,4307.4,3391.2007
2025-08-21 07:00:00+00:00,4307.39,4311.95,4270.89,4289.03,6627.5117
2025-08-21 07:30:00+00:00,4289.03,4312.84,4283.3,4310.76,4926.9051
2025-08-21 08:00:00+00:00,4310.79,4315.01,4288.71,4298.87,5883.3931
2025-08-21 08:30:00+00:00,4298.87,4303.42,4285.33,4285.89,5134.1749
2025-08-21 09:00:00+00:00,4285.88,4286.3,4256.34,4272.91,16354.4871
2025-08-21 09:30:00+00:00,4272.91,4291.74,4270.68,4277.0,5703.1521
2025-08-21 10:00:00+00:00,4277.0,4290.42,4264.01,4287.22,5716.8274
2025-08-21 10:30:00+00:00,4287.23,4305.79,4278.07,4291.52,12404.0877
2025-08-21 11:00:00+00:00,4291.52,4306.42,4289.55,4301.78,6296.4918
2025-08-21 11:30:00+00:00,4301.78,4310.0,4267.06,4278.52,9459.1117
2025-08-21 12:00:00+00:00,4278.53,4284.53,4251.42,4261.55,8572.7542
2025-08-21 12:30:00+00:00,4261.55,4286.34,4236.87,4249.57,15129.8365
2025-08-21 13:00:00+00:00,4249.57,4273.32,4241.24,4273.32,9619.0126
2025-08-21 13:30:00+00:00,4273.31,4294.66,4253.0,4261.79,17329.3568
2025-08-21 14:00:00+00:00,4261.8,4328.37,4254.12,4316.12,21815.0133
2025-08-21 14:30:00+00:00,4316.13,4318.51,4254.09,4273.85,21007.7968
2025-08-21 15:00:00+00:00,4273.85,4276.77,4226.98,4253.33,20764.6556
2025-08-21 15:30:00+00:00,4253.33,4270.27,4237.57,4242.66,9714.0054
2025-08-21 16:00:00+00:00,4242.66,4260.0,4231.31,4242.36,8842.8564
2025-08-21 16:30:00+00:00,4242.37,4253.0,4215.5,4221.97,11687.2211
2025-08-21 17:00:00+00:00,4221.98,4227.68,4208.0,4224.35,9693.2519
2025-08-21 17:30:00+00:00,4224.36,4246.13,4222.73,4242.19,8022.7655
2025-08-21 18:00:00+00:00,4242.18,4255.76,4236.0,4247.9,6146.3085
2025-08-21 18:30:00+00:00,4247.91,4269.02,4233.84,4261.37,6622.7904
2025-08-21 19:00:00+00:00,4261.37,4274.38,4235.48,4238.0,7890.2951
2025-08-21 19:30:00+00:00,4238.01,4239.69,4217.6,4224.1,7436.8707
2025-08-21 20:00:00+00:00,4224.1,4237.87,4224.09,4232.51,3204.9774
2025-08-21 20:30:00+00:00,4232.51,4260.86,4204.2,4242.56,9682.8797
2025-08-21 21:00:00+00:00,4242.56,4249.58,4211.33,4244.91,7217.4683
2025-08-21 21:30:00+00:00,4244.91,4257.86,4235.03,4243.52,3781.1951
2025-08-21 22:00:00+00:00,4243.52,4260.31,4236.8,4254.95,3267.7929
2025-08-21 22:30:00+00:00,4254.94,4257.83,4243.06,4253.18,3124.9024
2025-08-21 23:00:00+00:00,4253.18,4253.67,4224.62,4238.8,4767.6678
2025-08-21 23:30:00+00:00,4238.79,4238.79,4210.13,4225.3,12817.045
2025-08-22 00:00:00+00:00,4225.3,4245.0,4223.62,4243.22,9605.2176
2025-08-22 00:30:00+00:00,4243.22,4256.3,4235.4,4245.61,7985.2245
2025-08-22 01:00:00+00:00,4245.6,4251.17,4222.25,4247.7,4355.7203
2025-08-22 01:30:00+00:00,4247.69,4266.12,4237.28,4257.29,7437.1989
2025-08-22 02:00:00+00:00,4257.29,4314.89,4251.19,4308.67,23043.4444
2025-08-22 02:30:00+00:00,4308.67,4309.55,4285.79,4290.84,10502.9357
2025-08-22 03:00:00+00:00,4290.84,4300.74,4276.5,4276.74,5443.3011
2025-08-22 03:30:00+00:00,4276.73,4284.64,4265.06,4278.93,9017.8089
2025-08-22 04:00:00+00:00,4278.93,4307.83,4277.72,4293.27,8427.2416
2025-08-22 04:30:00+00:00,4293.28,4298.57,4274.12,4281.28,6003.0275
2025-08-22 05:00:00+00:00,4281.27,4287.59,4275.57,4281.23,3894.0665
2025-08-22 05:30:00+00:00,4281.23,4294.92,4272.55,4291.19,6296.1653
2025-08-22 06:00:00+00:00,4291.19,4319.2,4284.58,4311.07,16022.2776
2025-08-22 06:30:00+00:00,4311.07,4314.18,4280.14,4294.72,8524.4706
2025-08-22 07:00:00+00:00,4294.73,4339.3,4291.89,4338.11,21600.7
2025-08-22 07:30:00+00:00,4338.1,4345.38,4325.48,4328.14,13845.4099
2025-08-22 08:00:00+00:00,4328.13,4352.3,4327.0,4349.85,10893.3999
2025-08-22 08:30:00+00:00,4349.86,4354.19,4326.95,4328.93,11159.9285
2025-08-22 09:00:00+00:00,4328.93,4332.06,4305.82,4315.36,14386.6191
2025-08-22 09:30:00+00:00,4315.36,4332.0,4307.42,4328.6,10444.8404
2025-08-22 10:00:00+00:00,4328.6,4329.74,4307.72,4315.08,11143.6499
2025-08-22 10:30:00+00:00,4315.07,4315.66,4288.56,4296.43,13077.6516
2025-08-22 11:00:00+00:00,4296.43,4300.0,4276.47,4280.91,14334.4027
2025-08-22 11:30:00+00:00,4280.9,4290.37,4273.75,4274.56,11224.6017
2025-08-22 12:00:00+00:00,4274.57,4278.04,4223.31,4229.92,32538.7079
2025-08-22 12:30:00+00:00,4229.91,4263.99,4207.39,4244.92,29454.925
2025-08-22 13:00:00+00:00,4244.91,4261.16,4233.88,4260.53,17267.9859
2025-08-22 13:30:00+00:00,4260.52,4320.79,4245.46,4290.47,30723.4475
2025-08-22 14:00:00+00:00,4290.47,4647.7,4289.94,4576.32,233353.8638
2025-08-22 14:30:00+00:00,4576.32,4645.0,4572.09,4613.93,78442.5852
2025-08-22 15:00:00+00:00,4613.93,4668.18,4613.24,4636.28,51010.4612
2025-08-22 15:30:00+00:00,4636.29,4659.31,4615.29,4616.08,38007.604
2025-08-22 16:00:00+00:00,4616.09,4768.88,4616.09,4745.23,84974.3163
2025-08-22 16:30:00+00:00,4745.24,4779.12,4737.51,4745.96,34869.3248
2025-08-22 17:00:00+00:00,4745.95,4849.82,4745.95,4845.15,71864.2107
2025-08-22 17:30:00+00:00,4845.15,4849.74,4785.93,4799.5,44408.7148
2025-08-22 18:00:00+00:00,4799.51,4805.28,4753.23,4771.75,34060.692
2025-08-22 18:30:00+00:00,4771.75,4804.22,4770.36,4789.63,25600.9145
2025-08-22 19:00:00+00:00,4789.63,4823.03,4783.59,4821.99,16411.9288
2025-08-22 19:30:00+00:00,4821.99,4859.1,4804.39,4833.0,34984.0804
2025-08-22 20:00:00+00:00,4833.0,4845.68,4812.7,4833.01,17582.5701
2025-08-22 20:30:00+00:00,4833.0,4868.0,4822.03,4849.58,18835.0014
2025-08-22 21:00:00+00:00,4849.34,4887.58,4838.24,4879.61,35530.25626
2025-08-22 21:30:00+00:00,4879.6,4887.59,4841.64,4851.55,16413.4026
2025-08-22 22:00:00+00:00,4851.55,4855.73,4812.28,4821.92,19894.7246
2025-08-22 22:30:00+00:00,4821.93,4828.01,4796.48,4811.86,23575.4717
2025-08-22 23:00:00+00:00,4811.85,4837.75,4808.62,4834.34,19099.1264
2025-08-22 23:30:00+00:00,4834.33,4847.63,4826.31,4832.07,10403.0152
2025-08-23 00:00:00+00:00,4832.07,4832.07,4802.59,4821.21,12293.5056
2025-08-23 00:30:00+00:00,4821.21,4826.47,4803.69,4807.69,10727.4487
2025-08-23 01:00:00+00:00,4807.69,4817.43,4771.2,4771.55,20258.8938
2025-08-23 01:30:00+00:00,4771.55,4790.0,4756.79,4780.59,21246.9479
2025-08-23 02:00:00+00:00,4780.58,4791.81,4704.02,4708.21,44386.9138
2025-08-23 02:30:00+00:00,4708.22,4725.66,4659.7,4714.68,42804.337
2025-08-23 03:00:00+00:00,4714.67,4723.45,4691.82,4714.6,14967.7983
2025-08-23 03:30:00+00:00,4714.6,4715.28,4675.06,4694.64,16809.9161
2025-08-23 04:00:00+00:00,4694.63,4716.41,4694.33,4714.56,10180.9176
2025-08-23 04:30:00+00:00,4714.55,4748.24,4711.09,4746.99,21952.52
2025-08-23 05:00:00+00:00,4746.99,4749.69,4728.04,4740.29,13512.2824
2025-08-23 05:30:00+00:00,4740.29,4765.54,4740.0,4751.63,14873.8507
2025-08-23 06:00:00+00:00,4751.63,4762.93,4735.01,4750.9,13512.2611
2025-08-23 06:30:00+00:00,4750.94,4756.57,4737.0,4745.93,8547.1227
2025-08-23 07:00:00+00:00,4745.94,4751.04,4722.22,4724.3,7699.6931
2025-08-23 07:30:00+00:00,4724.3,4735.69,4708.26,4713.88,12268.1377
2025-08-23 08:00:00+00:00,4713.89,4727.72,4698.19,4703.31,10657.6985
2025-08-23 08:30:00+00:00,4703.31,4730.02,4701.48,4718.89,6184.8254
2025-08-23 09:00:00+00:00,4718.88,4726.77,4707.29,4719.82,7037.2903
2025-08-23 09:30:00+00:00,4719.82,4742.72,4718.0,4738.79,7125.5388
2025-08-23 10:00:00+00:00,4738.8,4746.09,4714.68,4722.69,8733.2793
2025-08-23 10:30:00+00:00,4722.68,4725.93,4711.41,4712.67,4103.7357
2025-08-23 11:00:00+00:00,4712.67,4730.0,4708.67,4714.93,4017.0994
2025-08-23 11:30:00+00:00,4714.94,4722.45,4690.72,4704.93,7630.1571
2025-08-23 12:00:00+00:00,4704.95,4729.32,4692.81,4719.74,8102.3316
2025-08-23 12:30:00+00:00,4719.75,4735.0,4708.54,4715.04,12171.431
2025-08-23 13:00:00+00:00,4715.04,4726.47,4707.96,4720.24,9289.7772
2025-08-23 13:30:00+00:00,4720.24,4734.52,4710.9,4718.45,14689.4212
2025-08-23 14:00:00+00:00,4718.45,4754.85,4716.21,4749.17,12707.4247
2025-08-23 14:30:00+00:00,4749.18,4757.76,4717.0,4726.56,15880.1601
2025-08-23 15:00:00+00:00,4726.55,4751.51,4720.83,4744.64,8946.8635
2025-08-23 15:30:00+00:00,4744.64,4768.9,4738.33,4751.0,11854.0621
2025-08-23 16:00:00+00:00,4750.99,4761.97,4745.12,4754.82,9297.7389
2025-08-23 16:30:00+00:00,4754.82,4755.52,4742.86,4742.86,5666.6263
2025-08-23 17:00:00+00:00,4742.87,4751.79,4727.8,4731.11,7243.3356
2025-08-23 17:30:00+00:00,4731.12,4750.28,4731.12,4749.79,3174.6393
2025-08-23 18:00:00+00:00,4749.79,4759.57,4744.04,4747.06,4112.743
2025-08-23 18:30:00+00:00,4747.05,4754.32,4745.97,4753.21,2485.236
2025-08-23 19:00:00+00:00,4753.29,4760.64,4748.16,4749.08,2932.5633
2025-08-23 19:30:00+00:00,4749.08,4760.54,4748.68,4758.66,2989.5442
2025-08-23 20:00:00+00:00,4758.66,4759.15,4748.72,4756.44,2315.5041
2025-08-23 20:30:00+00:00,4756.44,4757.4,4742.57,4752.14,2796.1211
2025-08-23 21:00:00+00:00,4752.14,4753.11,4738.42,4738.71,5181.0165
2025-08-23 21:30:00+00:00,4738.7,4752.72,4738.0,4749.96,5271.4993
2025-08-23 22:00:00+00:00,4749.97,4765.13,4749.96,4762.24,4377.8063
2025-08-23 22:30:00+00:00,4762.24,4786.25,4757.05,4781.86,5621.0687
2025-08-23 23:00:00+00:00,4781.87,4797.34,4781.01,4786.51,10282.448
2025-08-23 23:30:00+00:00,4786.51,4786.51,4767.17,4778.4,3520.5558
2025-08-24 00:00:00+00:00,4778.4,4795.48,4774.95,4792.69,7550.7139
2025-08-24 00:30:00+00:00,4792.69,4817.4,4790.6,4798.25,13261.1989
2025-08-24 01:00:00+00:00,4798.26,4799.16,4758.88,4771.22,15392.8276
2025-08-24 01:30:00+00:00,4771.21,4798.0,4768.89,4776.71,7942.3054
2025-08-24 02:00:00+00:00,4776.71,4789.11,4772.12,4788.91,3904.6094
2025-08-24 02:30:00+00:00,4788.9,4791.27,4773.07,4776.2,6869.7609
2025-08-24 03:00:00+00:00,4776.2,4777.57,4753.42,4763.04,9459.5073
2025-08-24 03:30:00+00:00,4763.04,4796.54,4763.03,4788.59,9609.7874
2025-08-24 04:00:00+00:00,4788.59,4800.01,4778.4,4778.5,7953.2098
2025-08-24 04:30:00+00:00,4778.51,4793.5,4777.0,4793.5,5558.6873
2025-08-24 05:00:00+00:00,4793.49,4794.0,4784.5,4791.58,4902.2515
2025-08-24 05:30:00+00:00,4791.58,4791.64,4780.21,4783.86,5527.0753
2025-08-24 06:00:00+00:00,4783.86,4787.28,4768.38,4778.02,5109.343
2025-08-24 06:30:00+00:00,4778.02,4778.48,4757.3,4760.72,4654.1439
2025-08-24 07:00:00+00:00,4760.71,4783.26,4758.55,4779.84,7248.3545
2025-08-24 07:30:00+00:00,4779.85,4784.42,4758.66,4758.7,4017.7121
2025-08-24 08:00:00+00:00,4758.7,4776.96,4745.0,4773.11,8954.7063
2025-08-24 08:30:00+00:00,4773.11,4779.5,4768.89,4777.26,4418.3893
2025-08-24 09:00:00+00:00,4777.26,4780.16,4762.22,4775.69,5004.5137
2025-08-24 09:30:00+00:00,4775.68,4786.5,4772.57,4772.64,4586.4512
2025-08-24 10:00:00+00:00,4772.64,4775.55,4747.06,4750.05,6938.6194
2025-08-24 10:30:00+00:00,4750.05,4754.93,4733.88,4740.01,10091.9185
2025-08-24 11:00:00+00:00,4740.01,4747.01,4720.0,4738.14,14001.2531
2025-08-24 11:30:00+00:00,4738.15,4750.67,4733.04,4747.73,5264.0429
2025-08-24 12:00:00+00:00,4747.73,4757.19,4741.5,4745.89,6561.8932
2025-08-24 12:30:00+00:00,4745.88,4756.47,4738.67,4755.0,7140.7461
2025-08-24 13:00:00+00:00,4754.99,4786.19,4753.57,4773.3,24222.7074
2025-08-24 13:30:00+00:00,4773.31,4780.0,4759.98,4769.04,18518.2073
2025-08-24 14:00:00+00:00,4769.04,4791.41,4760.0,4780.49,15559.1801
2025-08-24 14:30:00+00:00,4780.48,4799.48,4774.88,4795.0,12624.0859
2025-08-24 15:00:00+00:00,4795.0,4829.74,4785.31,4816.5,23206.15
2025-08-24 15:30:00+00:00,4816.5,4826.5,4795.59,4798.32,15164.0099
2025-08-24 16:00:00+00:00,4798.31,4828.96,4795.42,4818.29,19656.5211
2025-08-24 16:30:00+00:00,4818.29,4837.77,4810.01,4821.81,14846.796
2025-08-24 17:00:00+00:00,4821.8,4878.0,4821.42,4859.18,32118.0384
2025-08-24 17:30:00+00:00,4859.17,4937.04,4854.08,4905.57,48054.98434
2025-08-24 18:00:00+00:00,4905.56,4956.63,4897.31,4942.98,29930.21738
2025-08-24 18:30:00+00:00,4942.98,4956.63,4919.68,4935.0,25030.0935
2025-08-24 19:00:00+00:00,4935.01,4956.78,4933.35,4937.95,18493.1228
2025-08-24 19:30:00+00:00,4937.94,4939.33,4744.2,4813.04,117120.9669
2025-08-24 20:00:00+00:00,4813.01,4816.65,4711.0,4795.25,71359.1847
2025-08-24 20:30:00+00:00,4795.25,4811.82,4781.01,4786.72,19459.2257
2025-08-24 21:00:00+00:00,4786.72,4799.61,4753.92,4793.01,17198.5112
2025-08-24 21:30:00+00:00,4793.02,4824.31,4772.73,4785.0,14394.0332
2025-08-24 22:00:00+00:00,4785.0,4792.76,4729.24,4729.45,18477.5432
2025-08-24 22:30:00+00:00,4729.44,4782.03,4723.71,4781.32,10610.3396
2025-08-24 23:00:00+00:00,4781.33,4803.94,4773.02,4795.96,15833.2564
2025-08-24 23:30:00+00:00,4795.96,4804.93,4771.82,4780.15,6867.5815
2025-08-25 00:00:00+00:00,4780.15,4797.97,4760.0,4761.95,9231.1299
2025-08-25 00:30:00+00:00,4761.96,4762.38,4670.0,4701.04,40840.591
2025-08-25 01:00:00+00:00,4701.04,4746.42,4700.18,4739.18,13707.8325
2025-08-25 01:30:00+00:00,4739.19,4739.42,4715.28,4732.08,6426.6842
2025-08-25 02:00:00+00:00,4732.07,4775.44,4727.82,4763.09,11943.3017
2025-08-25 02:30:00+00:00,4763.09,4776.28,4754.43,4764.33,10138.2867
2025-08-25 03:00:00+00:00,4764.33,4774.4,4737.64,4741.09,9422.4326
2025-08-25 03:30:00+00:00,4741.1,4757.3,4720.62,4727.41,10165.5544
2025-08-25 04:00:00+00:00,4727.41,4740.01,4709.04,4712.83,15057.4207
2025-08-25 04:30:00+00:00,4712.84,4723.79,4693.3,4718.23,16810.5323
2025-08-25 05:00:00+00:00,4718.23,4727.83,4701.21,4726.02,11900.1699
2025-08-25 05:30:00+00:00,4726.07,4730.5,4705.0,4705.22,9581.9849
2025-08-25 06:00:00+00:00,4705.22,4708.9,4656.48,4677.45,23653.3973
2025-08-25 06:30:00+00:00,4677.46,4680.41,4616.75,4630.88,34868.2906
2025-08-25 07:00:00+00:00,4630.89,4654.59,4623.0,4623.01,15135.4802
2025-08-25 07:30:00+00:00,4623.01,4633.94,4581.55,4591.36,34717.8417
2025-08-25 08:00:00+00:00,4591.37,4611.34,4555.01,4602.54,39143.4176
2025-08-25 08:30:00+00:00,4602.54,4615.05,4591.08,4599.82,12825.8585
2025-08-25 09:00:00+00:00,4599.81,4608.0,4571.0,4585.38,14057.5677
2025-08-25 09:30:00+00:00,4585.38,4614.3,4581.58,4613.31,9175.73
2025-08-25 10:00:00+00:00,4613.3,4613.3,4531.6,4553.13,28127.8073
2025-08-25 10:30:00+00:00,4553.14,4561.01,4519.96,4544.21,28413.7928
2025-08-25 11:00:00+00:00,4544.21,4577.0,4543.74,4568.51,18253.344
2025-08-25 11:30:00+00:00,4568.52,4600.93,4568.52,4600.08,18100.1707
2025-08-25 12:00:00+00:00,4600.08,4623.97,4585.56,4622.35,24469.219
2025-08-25 12:30:00+00:00,4622.35,4650.0,4602.98,4647.49,22578.8728
2025-08-25 13:00:00+00:00,4647.48,4663.16,4622.22,4654.23,28912.3219
2025-08-25 13:30:00+00:00,4654.24,4658.88,4592.1,4630.29,34608.5388
2025-08-25 14:00:00+00:00,4630.28,4690.02,4620.18,4649.04,38781.7299
2025-08-25 14:30:00+00:00,4649.05,4670.0,4635.0,4659.82,18277.6115
2025-08-25 15:00:00+00:00,4659.81,4668.91,4625.73,4631.67,23615.4715
2025-08-25 15:30:00+00:00,4631.68,4639.08,4606.06,4612.57,14511.6321
2025-08-25 16:00:00+00:00,4612.58,4645.54,4590.68,4619.53,27926.1396
2025-08-25 16:30:00+00:00,4619.52,4633.93,4596.25,4596.26,12546.3226
2025-08-25 17:00:00+00:00,4596.26,4600.74,4565.44,4592.35,16526.253
2025-08-25 17:30:00+00:00,4592.35,4599.4,4572.42,4586.81,7686.7968
2025-08-25 18:00:00+00:00,4586.81,4597.0,4574.17,4584.96,5576.7071
2025-08-25 18:30:00+00:00,4584.97,4587.42,4569.49,4574.59,7120.0527
2025-08-25 19:00:00+00:00,4574.6,4578.18,4507.0,4524.16,30234.1086
2025-08-25 19:30:00+00:00,4524.17,4524.17,4416.0,4420.34,38612.3417
2025-08-25 20:00:00+00:00,4420.34,4446.19,4379.8,4407.72,44361.6805
2025-08-25 20:30:00+00:00,4407.73,4409.96,4334.13,4352.13,50445.1703
2025-08-25 21:00:00+00:00,4352.13,4381.2,4338.87,4357.07,36560.4528
2025-08-25 21:30:00+00:00,4357.06,4386.85,4343.54,4350.81,29997.5029
2025-08-25 22:00:00+00:00,4350.81,4392.74,4350.81,4391.17,22555.7245
2025-08-25 22:30:00+00:00,4391.17,4416.94,4384.61,4392.28,24050.6612
2025-08-25 23:00:00+00:00,4392.28,4392.29,4353.56,4365.02,24677.7154
2025-08-25 23:30:00+00:00,4365.01,4390.73,4361.0,4376.18,17585.5195
2025-08-26 00:00:00+00:00,4376.17,4386.11,4345.28,4380.74,25841.7162
2025-08-26 00:30:00+00:00,4380.73,4394.69,4320.46,4331.63,32608.2612
2025-08-26 01:00:00+00:00,4331.62,4387.82,4311.04,4387.27,25673.1846
2025-08-26 01:30:00+00:00,4387.27,4422.9,4373.34,4421.52,21239.1349
2025-08-26 02:00:00+00:00,4421.52,4451.72,4409.48,4422.58,23385.9854
2025-08-26 02:30:00+00:00,4422.57,4426.27,4388.83,4396.53,26463.9428
2025-08-26 03:00:00+00:00,4396.52,4406.58,4373.19,4391.58,10785.8328
2025-08-26 03:30:00+00:00,4391.58,4409.29,4390.71,4402.58,6419.3288
2025-08-26 04:00:00+00:00,4402.58,4445.07,4402.58,4425.34,14286.0673
2025-08-26 04:30:00+00:00,4425.37,4442.7,4423.61,4434.36,10485.5752
2025-08-26 05:00:00+00:00,4434.37,4448.3,4425.01,4428.36,10412.7733
2025-08-26 05:30:00+00:00,4428.37,4445.93,4421.48,4430.5,8275.6398
2025-08-26 06:00:00+00:00,4430.49,4441.7,4406.67,4421.32,12293.1325
2025-08-26 06:30:00+00:00,4421.33,4433.44,4406.09,4414.71,8416.115
2025-08-26 07:00:00+00:00,4414.7,4425.91,4393.86,4406.6,11850.7477
2025-08-26 07:30:00+00:00,4406.6,4454.0,4403.08,4429.7,17590.0639
2025-08-26 08:00:00+00:00,4429.7,4447.18,4408.94,4411.95,12545.7342
2025-08-26 08:30:00+00:00,4411.93,4430.53,4405.09,4419.87,9067.3576
2025-08-26 09:00:00+00:00,4419.87,4442.02,4413.88,4437.41,8363.5269
2025-08-26 09:30:00+00:00,4437.42,4437.91,4408.33,4419.93,8844.466
2025-08-26 10:00:00+00:00,4419.93,4434.2,4418.49,4422.41,6924.2214
2025-08-26 10:30:00+00:00,4422.4,4450.56,4422.4,4441.22,12973.1937
2025-08-26 11:00:00+00:00,4441.22,4465.86,4415.42,4421.25,15073.1257
2025-08-26 11:30:00+00:00,4421.26,4427.25,4408.02,4427.24,7252.774
2025-08-26 12:00:00+00:00,4427.24,4428.1,4405.84,4418.97,12492.4164
2025-08-26 12:30:00+00:00,4418.96,4555.0,4418.93,4497.24,61073.6867
2025-08-26 13:00:00+00:00,4497.25,4497.85,4472.51,4481.97,16134.0322
2025-08-26 13:30:00+00:00,4481.97,4519.93,4435.95,4480.28,34932.0188
2025-08-26 14:00:00+00:00,4480.27,4512.48,4452.6,4501.05,23326.1937
2025-08-26 14:30:00+00:00,4501.05,4560.53,4500.29,4553.12,28006.5975
2025-08-26 15:00:00+00:00,4553.12,4579.0,4536.13,4537.57,29142.7649
2025-08-26 15:30:00+00:00,4537.57,4537.57,4505.91,4519.02,22707.7216
2025-08-26 16:00:00+00:00,4519.03,4532.64,4498.58,4518.92,20204.7507
2025-08-26 16:30:00+00:00,4518.92,4556.29,4510.5,4554.48,23932.4038
2025-08-26 17:00:00+00:00,4554.47,4558.87,4523.85,4542.96,26401.9342
2025-08-26 17:30:00+00:00,4543.14,4549.94,4505.15,4522.51,29006.4466
2025-08-26 18:00:00+00:00,4522.51,4552.64,4521.25,4548.82,13163.701
2025-08-26 18:30:00+00:00,4548.82,4564.84,4538.84,4548.02,10508.5432
2025-08-26 19:00:00+00:00,4548.03,4574.65,4527.08,4568.67,16115.5101
2025-08-26 19:30:00+00:00,4568.66,4598.28,4553.79,4596.7,30698.1641
2025-08-26 20:00:00+00:00,4596.69,4611.61,4581.92,4602.46,21290.2633
2025-08-26 20:30:00+00:00,4602.47,4602.47,4570.0,4585.4,13601.1594
2025-08-26 21:00:00+00:00,4585.39,4588.58,4563.21,4572.5,10420.2929
2025-08-26 21:30:00+00:00,4572.5,4607.66,4572.49,4605.07,8689.5514
2025-08-26 22:00:00+00:00,4605.07,4609.7,4577.71,4584.0,6930.1467
2025-08-26 22:30:00+00:00,4583.99,4602.0,4577.52,4601.38,6731.1554
2025-08-26 23:00:00+00:00,4601.37,4633.46,4596.51,4602.0,14241.3925
2025-08-26 23:30:00+00:00,4601.99,4608.58,4589.8,4600.63,7927.5287
2025-08-27 00:00:00+00:00,4600.63,4601.52,4584.31,4590.36,10155.7942
2025-08-27 00:30:00+00:00,4590.37,4600.0,4564.1,4570.17,11363.295
2025-08-27 01:00:00+00:00,4570.14,4574.05,4548.02,4549.66,10401.4014
2025-08-27 01:30:00+00:00,4549.67,4565.22,4538.69,4562.82,20438.9361
2025-08-27 02:00:00+00:00,4562.83,4587.65,4546.31,4572.28,8643.5399
2025-08-27 02:30:00+00:00,4572.29,4588.4,4571.01,4577.35,6108.6183
2025-08-27 03:00:00+00:00,4577.35,4584.68,4546.74,4554.9,6332.0093
2025-08-27 03:30:00+00:00,4554.9,4626.82,4554.89,4603.55,30198.1033
2025-08-27 04:00:00+00:00,4603.56,4643.0,4598.02,4611.55,17981.5117
2025-08-27 04:30:00+00:00,4611.55,4636.2,4608.01,4628.97,8257.463
2025-08-27 05:00:00+00:00,4628.98,4645.93,4616.0,4624.29,21224.636
2025-08-27 05:30:00+00:00,4624.28,4629.0,4610.52,4614.48,9778.4649
2025-08-27 06:00:00+00:00,4614.49,4614.65,4590.0,4601.21,9989.7578
2025-08-27 06:30:00+00:00,4601.2,4608.99,4583.73,4586.91,5810.0336
2025-08-27 07:00:00+00:00,4586.92,4592.64,4566.35,4571.92,9276.11
2025-08-27 07:30:00+00:00,4571.92,4585.32,4560.22,4580.45,18649.825
2025-08-27 08:00:00+00:00,4580.46,4589.22,4550.01,4562.27,16938.6603
2025-08-27 08:30:00+00:00,4562.24,4597.93,4560.16,4595.23,10030.7248
2025-08-27 09:00:00+00:00,4595.22,4619.68,4589.74,4611.68,10558.2772
2025-08-27 09:30:00+00:00,4611.68,4618.05,4587.29,4588.31,8696.486
2025-08-27 10:00:00+00:00,4588.32,4613.28,4584.76,4595.16,7850.4145
2025-08-27 10:30:00+00:00,4595.16,4600.8,4570.67,4581.37,7259.7105
2025-08-27 11:00:00+00:00,4581.37,4602.45,4581.37,4591.48,4074.5841
2025-08-27 11:30:00+00:00,4591.48,4615.29,4591.48,4608.87,6635.3548
2025-08-27 12:00:00+00:00,4608.87,4625.11,4590.0,4590.2,12219.2555
2025-08-27 12:30:00+00:00,4590.21,4618.24,4578.11,4614.66,8522.8663
2025-08-27 13:00:00+00:00,4614.66,4615.55,4589.0,4606.68,8869.4729
2025-08-27 13:30:00+00:00,4606.68,4658.5,4575.17,4595.41,41705.8647
2025-08-27 14:00:00+00:00,4595.43,4634.03,4583.89,4632.63,12335.9841
2025-08-27 14:30:00+00:00,4632.63,4663.93,4605.46,4613.38,24212.7523
2025-08-27 15:00:00+00:00,4613.38,4648.72,4608.81,4637.91,12806.8719
2025-08-27 15:30:00+00:00,4637.9,4659.94,4627.7,4657.57,11810.2836
2025-08-27 16:00:00+00:00,4657.58,4658.0,4616.91,4627.9,13004.864
2025-08-27 16:30:00+00:00,4627.9,4638.44,4605.92,4630.91,9187.6202
2025-08-27 17:00:00+00:00,4630.91,4634.82,4610.09,4629.78,7965.2713
2025-08-27 17:30:00+00:00,4629.78,4645.4,4623.86,4631.83,5739.832
2025-08-27 18:00:00+00:00,4631.83,4643.53,4619.0,4621.91,6564.003
2025-08-27 18:30:00+00:00,4621.91,4627.11,4589.09,4591.73,8307.9371
2025-08-27 19:00:00+00:00,4591.73,4599.78,4535.01,4557.29,21617.0289
2025-08-27 19:30:00+00:00,4557.29,4580.0,4555.86,4565.7,8610.3308
2025-08-27 20:00:00+00:00,4565.7,4614.0,4511.42,4587.5,37620.7327
2025-08-27 20:30:00+00:00,4587.5,4604.79,4574.0,4594.7,12154.7706
2025-08-27 21:00:00+00:00,4594.7,4596.59,4547.26,4558.92,12014.4637
2025-08-27 21:30:00+00:00,4558.91,4570.38,4514.15,4527.72,13193.7055
2025-08-27 22:00:00+00:00,4527.7,4527.7,4481.53,4506.83,19114.8738
2025-08-27 22:30:00+00:00,4506.82,4537.18,4503.78,4523.86,7934.1148
2025-08-27 23:00:00+00:00,4523.86,4539.36,4504.25,4518.34,6653.0845
2025-08-27 23:30:00+00:00,4518.35,4523.64,4490.58,4506.71,7849.6652
2025-08-28 00:00:00+00:00,4506.71,4521.96,4476.43,4497.71,12514.9474
2025-08-28 00:30:00+00:00,4497.71,4507.45,4467.63,4493.67,12161.6112
2025-08-28 01:00:00+00:00,4493.67,4513.38,4493.67,4500.19,8673.0464
2025-08-28 01:30:00+00:00,4500.19,4523.46,4500.19,4516.46,6322.6182
2025-08-28 02:00:00+00:00,4516.46,4527.82,4506.89,4521.34,6617.8454
2025-08-28 02:30:00+00:00,4521.33,4527.0,4509.87,4512.24,5355.8475
2025-08-28 03:00:00+00:00,4512.25,4540.0,4506.59,4538.34,9207.761
2025-08-28 03:30:00+00:00,4538.34,4549.0,4534.14,4541.63,8720.315
2025-08-28 04:00:00+00:00,4541.62,4556.83,4534.99,4553.46,5333.7967
2025-08-28 04:30:00+00:00,4553.47,4580.47,4550.84,4571.1,10823.4246
2025-08-28 05:00:00+00:00,4571.1,4588.22,4564.06,4566.07,9846.5387
2025-08-28 05:30:00+00:00,4566.07,4573.88,4553.4,4570.84,5979.2682
2025-08-28 06:00:00+00:00,4570.84,4575.65,4555.01,4571.47,5380.6426
2025-08-28 06:30:00+00:00,4571.48,4586.66,4565.9,4583.99,5691.1874
2025-08-28 07:00:00+00:00,4584.0,4587.09,4566.25,4574.97,8138.3007
2025-08-28 07:30:00+00:00,4574.98,4600.85,4566.7,4596.82,6471.5915
2025-08-28 08:00:00+00:00,4596.82,4633.97,4595.0,4600.64,22792.3716
2025-08-28 08:30:00+00:00,4600.64,4613.43,4595.22,4604.34,7855.6202
2025-08-28 09:00:00+00:00,4604.33,4605.0,4588.34,4598.59,9106.6544
2025-08-28 09:30:00+00:00,4598.58,4598.59,4581.28,4586.5,8204.5227
2025-08-28 10:00:00+00:00,4586.49,4603.99,4581.98,4603.9,6641.0726
2025-08-28 10:30:00+00:00,4603.91,4612.79,4598.82,4610.0,7108.293
2025-08-28 11:00:00+00:00,4610.0,4610.5,4587.57,4598.71,5325.9276
2025-08-28 11:30:00+00:00,4598.7,4602.87,4583.95,4594.8,4807.3587
2025-08-28 12:00:00+00:00,4594.79,4597.21,4575.38,4584.67,5546.9405
2025-08-28 12:30:00+00:00,4584.68,4614.44,4581.25,4599.87,18075.9568
2025-08-28 13:00:00+00:00,4599.87,4616.02,4593.9,4598.57,15719.5061
2025-08-28 13:30:00+00:00,4598.56,4611.14,4563.07,4575.17,25098.0085
2025-08-28 14:00:00+00:00,4575.21,4592.69,4552.81,4555.14,19771.3728
2025-08-28 14:30:00+00:00,4555.15,4583.0,4544.48,4567.63,13524.4046
2025-08-28 15:00:00+00:00,4567.63,4573.81,4513.4,4516.46,21369.3064
2025-08-28 15:30:00+00:00,4516.5,4532.19,4485.0,4504.01,21912.6789
2025-08-28 16:00:00+00:00,4504.01,4530.5,4499.78,4522.78,11614.6377
2025-08-28 16:30:00+00:00,4522.78,4523.73,4459.02,4465.11,16032.5662
2025-08-28 17:00:00+00:00,4465.12,4491.3,4463.98,4489.37,16751.4112
2025-08-28 17:30:00+00:00,4489.37,4497.71,4472.04,4489.77,9220.0161
2025-08-28 18:00:00+00:00,4489.77,4505.56,4473.88,4504.19,7999.7376
2025-08-28 18:30:00+00:00,4504.19,4508.27,4480.32,4481.3,6511.6501
2025-08-28 19:00:00+00:00,4481.3,4492.82,4465.35,4480.28,6949.6933
2025-08-28 19:30:00+00:00,4480.29,4483.16,4436.34,4438.46,17494.6255
2025-08-28 20:00:00+00:00,4438.49,4469.57,4430.0,4461.59,10794.6119
2025-08-28 20:30:00+00:00,4461.59,4470.46,4454.12,4458.69,11118.1602
2025-08-28 21:00:00+00:00,4458.69,4482.49,4457.18,4479.7,5656.4308
2025-08-28 21:30:00+00:00,4479.7,4492.02,4475.5,4488.4,6405.199
2025-08-28 22:00:00+00:00,4488.4,4513.35,4488.39,4506.32,7041.4899
2025-08-28 22:30:00+00:00,4506.32,4515.78,4502.85,4506.47,3496.14
2025-08-28 23:00:00+00:00,4506.47,4512.73,4496.04,4501.11,3564.6321
2025-08-28 23:30:00+00:00,4501.12,4514.84,4493.61,4511.21,4493.6632
2025-08-29 00:00:00+00:00,4511.2,4516.75,4490.26,4509.91,5915.9725
2025-08-29 00:30:00+00:00,4509.9,4510.96,4469.43,4481.62,10487.2813
2025-08-29 01:00:00+00:00,4481.62,4490.7,4434.79,4450.05,15043.4784
2025-08-29 01:30:00+00:00,4450.06,4470.0,4448.8,4456.5,7485.9796
2025-08-29 02:00:00+00:00,4456.51,4494.29,4450.44,4477.73,8949.3425
2025-08-29 02:30:00+00:00,4477.73,4483.65,4465.0,4480.32,5938.5548
2025-08-29 03:00:00+00:00,4480.31,4487.95,4465.68,4485.3,7638.9151
2025-08-29 03:30:00+00:00,4485.31,4504.79,4481.06,4489.75,8177.9839
2025-08-29 04:00:00+00:00,4489.75,4497.0,4482.8,4493.88,3690.2937
2025-08-29 04:30:00+00:00,4493.87,4493.88,4470.0,4476.99,5151.5091
2025-08-29 05:00:00+00:00,4477.0,4479.92,4462.82,4471.4,7430.9664
2025-08-29 05:30:00+00:00,4471.4,4483.83,4465.0,4479.49,4129.2076
2025-08-29 06:00:00+00:00,4479.49,4487.23,4449.46,4453.9,12843.2337
2025-08-29 06:30:00+00:00,4453.89,4473.17,4443.37,4456.15,22324.3659
2025-08-29 07:00:00+00:00,4456.16,4456.16,4375.4,4384.42,44412.1944
2025-08-29 07:30:00+00:00,4384.41,4399.42,4367.5,4381.03,18806.7598
2025-08-29 08:00:00+00:00,4381.03,4398.43,4355.98,4358.6,28197.5241
2025-08-29 08:30:00+00:00,4358.6,4372.72,4329.0,4334.51,22463.7567
2025-08-29 09:00:00+00:00,4334.5,4345.02,4318.57,4341.19,15890.1153
2025-08-29 09:30:00+00:00,4341.2,4341.96,4325.78,4337.61,10705.0326
2025-08-29 10:00:00+00:00,4337.61,4363.31,4333.64,4359.01,26095.9515
2025-08-29 10:30:00+00:00,4359.0,4359.0,4336.0,4346.46,14165.2827
2025-08-29 11:00:00+00:00,4346.46,4358.74,4333.8,4342.09,10921.9493
2025-08-29 11:30:00+00:00,4342.09,4349.18,4335.72,4346.48,7026.6022
2025-08-29 12:00:00+00:00,4346.48,4371.85,4346.48,4367.56,11480.8272
2025-08-29 12:30:00+00:00,4367.55,4454.4,4367.55,4407.38,50124.2537
2025-08-29 13:00:00+00:00,4407.37,4413.13,4387.26,4392.05,9970.0617
2025-08-29 13:30:00+00:00,4392.05,4395.1,4315.0,4331.27,31955.8794
2025-08-29 14:00:00+00:00,4331.27,4356.11,4265.0,4296.49,50257.7981
2025-08-29 14:30:00+00:00,4296.5,4323.07,4274.27,4282.49,19690.3331
2025-08-29 15:00:00+00:00,4282.48,4348.32,4281.84,4319.16,24934.9519
2025-08-29 15:30:00+00:00,4319.16,4342.99,4308.71,4316.09,17367.2701
2025-08-29 16:00:00+00:00,4316.1,4354.32,4296.13,4333.74,17943.2624
2025-08-29 16:30:00+00:00,4333.73,4344.07,4315.77,4336.23,7620.9728
2025-08-29 17:00:00+00:00,4336.23,4352.99,4314.62,4343.09,15792.3692
2025-08-29 17:30:00+00:00,4343.1,4358.81,4330.81,4332.92,10855.6251
2025-08-29 18:00:00+00:00,4332.93,4341.47,4306.64,4314.84,9827.557
2025-08-29 18:30:00+00:00,4314.84,4322.22,4307.91,4315.79,7280.2631
2025-08-29 19:00:00+00:00,4315.79,4360.6,4306.37,4352.99,10008.375
2025-08-29 19:30:00+00:00,4352.99,4366.66,4338.46,4340.78,9517.6536
2025-08-29 20:00:00+00:00,4340.79,4348.1,4322.82,4340.19,8196.8549
2025-08-29 20:30:00+00:00,4340.2,4344.3,4312.68,4321.25,13705.4322
2025-08-29 21:00:00+00:00,4321.25,4340.77,4305.57,4339.09,6657.9988
2025-08-29 21:30:00+00:00,4339.1,4379.55,4339.1,4364.79,10406.2872
2025-08-29 22:00:00+00:00,4364.79,4367.35,4345.14,4362.14,3510.8833
2025-08-29 22:30:00+00:00,4362.15,4367.39,4348.68,4366.39,2596.5433
2025-08-29 23:00:00+00:00,4366.39,4372.9,4358.0,4364.67,3082.328
2025-08-29 23:30:00+00:00,4364.66,4374.41,4357.98,4360.18,2387.8435
2025-08-30 00:00:00+00:00,4360.18,4362.61,4345.2,4349.39,4926.3448
2025-08-30 00:30:00+00:00,4349.4,4349.77,4328.68,4342.65,25456.3595
2025-08-30 01:00:00+00:00,4342.64,4348.32,4322.53,4325.58,4339.0817
2025-08-30 01:30:00+00:00,4325.58,4331.96,4258.01,4265.09,24301.2831
2025-08-30 02:00:00+00:00,4265.1,4312.73,4257.2,4309.29,14754.0942
2025-08-30 02:30:00+00:00,4309.3,4316.57,4303.37,4304.44,7760.7772
2025-08-30 03:00:00+00:00,4304.45,4381.61,4303.42,4359.15,14300.3493
2025-08-30 03:30:00+00:00,4359.14,4372.92,4352.11,4352.45,6298.2623
2025-08-30 04:00:00+00:00,4352.46,4368.0,4350.07,4367.99,4533.588
2025-08-30 04:30:00+00:00,4367.99,4368.27,4351.69,4352.59,3405.9643
2025-08-30 05:00:00+00:00,4352.59,4378.42,4347.58,4375.58,17036.0562
2025-08-30 05:30:00+00:00,4375.58,4402.62,4373.51,4379.87,31462.2122
2025-08-30 06:00:00+00:00,4379.87,4391.85,4373.93,4390.84,8737.3508
2025-08-30 06:30:00+00:00,4390.85,4403.98,4385.76,4397.04,11902.539
2025-08-30 07:00:00+00:00,4397.04,4404.88,4389.77,4395.86,9624.6355
2025-08-30 07:30:00+00:00,4395.86,4415.61,4390.54,4402.39,10893.9552
2025-08-30 08:00:00+00:00,4402.39,4407.06,4391.0,4394.55,5800.104
2025-08-30 08:30:00+00:00,4394.54,4402.63,4385.45,4395.79,8277.1849
2025-08-30 09:00:00+00:00,4395.79,4395.79,4384.49,4384.5,4351.9185
2025-08-30 09:30:00+00:00,4384.49,4397.26,4378.41,4391.01,6744.7391
2025-08-30 10:00:00+00:00,4391.01,4408.07,4387.62,4400.13,6301.4079
2025-08-30 10:30:00+00:00,4400.12,4401.14,4383.77,4392.07,3147.0794
2025-08-30 11:00:00+00:00,4392.07,4402.11,4387.08,4393.86,3446.0386
2025-08-30 11:30:00+00:00,4393.85,4396.6,4383.53,4392.08,3075.8541
2025-08-30 12:00:00+00:00,4392.07,4393.48,4366.8,4373.17,5598.0845
2025-08-30 12:30:00+00:00,4373.17,4373.5,4348.45,4367.82,9954.9409
2025-08-30 13:00:00+00:00,4367.83,4367.83,4338.03,4349.77,10061.9799
2025-08-30 13:30:00+00:00,4349.77,4363.95,4332.15,4359.25,7606.0274
2025-08-30 14:00:00+00:00,4359.24,4362.83,4338.37,4355.15,3468.8751
2025-08-30 14:30:00+00:00,4355.15,4369.6,4348.78,4363.78,5844.8629
2025-08-30 15:00:00+00:00,4363.78,4377.55,4357.0,4371.5,5238.4304
2025-08-30 15:30:00+00:00,4371.49,4383.46,4365.34,4376.35,5313.1105
2025-08-30 16:00:00+00:00,4376.24,4376.24,4359.56,4362.7,4123.2272
2025-08-30 16:30:00+00:00,4362.7,4373.0,4360.0,4362.09,3066.6147
2025-08-30 17:00:00+00:00,4362.09,4373.44,4359.5,4365.03,2467.195
2025-08-30 17:30:00+00:00,4365.03,4368.44,4348.48,4362.45,3141.1895
2025-08-30 18:00:00+00:00,4362.45,4366.62,4347.82,4352.78,2533.6922
2025-08-30 18:30:00+00:00,4352.77,4358.39,4346.23,4350.0,2205.1452
2025-08-30 19:00:00+00:00,4349.99,4353.85,4335.82,4347.99,2127.1932
2025-08-30 19:30:00+00:00,4348.0,4354.91,4342.48,4354.63,2100.7196
2025-08-30 20:00:00+00:00,4354.63,4354.91,4338.67,4349.67,2161.6137
2025-08-30 20:30:00+00:00,4349.68,4349.68,4334.4,4343.9,2804.6823
2025-08-30 21:00:00+00:00,4343.9,4355.83,4340.3,4346.48,2262.7968
2025-08-30 21:30:00+00:00,4346.48,4351.33,4339.5,4346.91,1617.8659
2025-08-30 22:00:00+00:00,4346.92,4353.38,4340.87,4353.14,3667.3016
2025-08-30 22:30:00+00:00,4353.15,4360.43,4350.0,4358.69,2731.5118
2025-08-30 23:00:00+00:00,4358.69,4378.66,4357.83,4374.33,5070.9656
2025-08-30 23:30:00+00:00,4374.33,4376.67,4369.35,4373.7,4273.9769
2025-08-31 00:00:00+00:00,4373.7,4386.0,4372.63,4384.87,3519.9648
2025-08-31 00:30:00+00:00,4384.86,4470.0,4382.22,4467.37,34448.0898
2025-08-31 01:00:00+00:00,4467.38,4469.73,4435.86,4442.62,15907.2596
2025-08-31 01:30:00+00:00,4442.62,4460.03,4439.0,4456.5,6723.2992
2025-08-31 02:00:00+00:00,4456.5,4462.3,4445.94,4455.6,5469.8678
2025-08-31 02:30:00+00:00,4455.59,4455.59,4447.3,4449.49,3611.6102
2025-08-31 03:00:00+00:00,4449.49,4463.87,4448.83,4454.38,4501.8444
2025-08-31 03:30:00+00:00,4454.37,4488.58,4450.0,4488.12,12688.623
2025-08-31 04:00:00+00:00,4488.12,4491.46,4459.83,4462.04,12555.2233
2025-08-31 04:30:00+00:00,4462.04,4473.8,4458.4,4465.3,6974.8857
2025-08-31 05:00:00+00:00,4465.3,4465.31,4449.52,4450.15,5147.6549
2025-08-31 05:30:00+00:00,4450.15,4460.96,4449.78,4459.76,4810.6586
2025-08-31 06:00:00+00:00,4459.76,4461.33,4442.61,4443.71,3989.849
2025-08-31 06:30:00+00:00,4443.7,4448.86,4433.48,4434.6,6486.1142
2025-08-31 07:00:00+00:00,4434.6,4450.0,4433.04,4449.71,3148.6302
2025-08-31 07:30:00+00:00,4449.7,4458.35,4448.65,4450.84,2992.6206
2025-08-31 08:00:00+00:00,4450.84,4469.0,4450.84,4461.98,4867.538
2025-08-31 08:30:00+00:00,4461.97,4473.4,4456.75,4471.85,6694.119
2025-08-31 09:00:00+00:00,4471.86,4480.18,4466.0,4471.85,4168.4048
2025-08-31 09:30:00+00:00,4471.85,4478.5,4459.82,4464.59,10975.0824
2025-08-31 10:00:00+00:00,4464.6,4470.95,4450.0,4459.17,11276.2818
2025-08-31 10:30:00+00:00,4459.17,4464.56,4449.0,4454.97,10166.4329
2025-08-31 11:00:00+00:00,4454.97,4474.8,4440.47,4473.9,7839.4495
2025-08-31 11:30:00+00:00,4473.9,4483.8,4463.75,4476.98,8292.8602
2025-08-31 12:00:00+00:00,4476.98,4481.5,4468.66,4479.17,8402.6051
2025-08-31 12:30:00+00:00,4479.17,4498.0,4461.96,4489.58,12316.1036
2025-08-31 13:00:00+00:00,4489.59,4498.47,4474.34,4474.34,13610.3337
2025-08-31 13:30:00+00:00,4474.34,4479.68,4465.54,4471.25,8650.5867
2025-08-31 14:00:00+00:00,4471.24,4474.93,4451.03,4464.2,10622.1441
2025-08-31 14:30:00+00:00,4464.2,4470.44,4454.64,4459.81,6524.9827
2025-08-31 15:00:00+00:00,4459.81,4482.61,4458.05,4473.0,7393.3287
2025-08-31 15:30:00+00:00,4472.99,4490.71,4464.19,4485.27,7112.0512
2025-08-31 16:00:00+00:00,4485.28,4487.36,4463.63,4468.91,5761.9451
2025-08-31 16:30:00+00:00,4468.9,4476.7,4460.8,4471.49,5434.3489
2025-08-31 17:00:00+00:00,4471.49,4488.05,4469.11,4483.6,3799.7669
2025-08-31 17:30:00+00:00,4483.61,4488.1,4477.0,4477.3,2661.6336
2025-08-31 18:00:00+00:00,4477.29,4489.01,4473.52,4478.84,4348.1832
2025-08-31 18:30:00+00:00,4478.84,4490.87,4478.08,4489.71,4649.939
2025-08-31 19:00:00+00:00,4489.71,4490.0,4469.72,4469.73,3833.2344
2025-08-31 19:30:00+00:00,4469.73,4479.23,4454.89,4456.01,3382.4361
2025-08-31 20:00:00+00:00,4456.0,4462.23,4445.42,4458.9,4938.1816
2025-08-31 20:30:00+00:00,4458.89,4462.09,4450.01,4455.03,2403.5705
2025-08-31 21:00:00+00:00,4455.03,4465.52,4450.02,4461.7,2235.2745
2025-08-31 21:30:00+00:00,4461.67,4477.1,4460.11,4470.01,3623.7119
2025-08-31 22:00:00+00:00,4470.01,4473.8,4452.65,4468.53,3164.8655
2025-08-31 22:30:00+00:00,4468.53,4468.53,4434.25,4445.4,7024.0335
2025-08-31 23:00:00+00:00,4445.39,4445.39,4403.47,4407.99,11021.3498
2025-08-31 23:30:00+00:00,4407.99,4407.99,4378.43,4391.83,16415.2119
2025-09-01 00:00:00+00:00,4391.83,4395.86,4364.37,4374.83,13128.1865
2025-09-01 00:30:00+00:00,4374.83,4410.8,4360.0,4396.49,9638.9226
2025-09-01 01:00:00+00:00,4396.49,4410.0,4383.96,4408.25,8672.1705
2025-09-01 01:30:00+00:00,4408.24,4432.25,4402.39,4417.82,12148.5026
2025-09-01 02:00:00+00:00,4417.83,4420.1,4376.91,4392.28,14591.451
2025-09-01 02:30:00+00:00,4392.29,4394.07,4366.54,4387.59,15085.0549
2025-09-01 03:00:00+00:00,4387.59,4398.19,4371.92,4384.32,12812.0794
2025-09-01 03:30:00+00:00,4384.32,4408.65,4372.5,4404.16,11408.1521
2025-09-01 04:00:00+00:00,4404.15,4412.38,4382.93,4389.02,8911.685
2025-09-01 04:30:00+00:00,4389.02,4389.97,4373.12,4385.65,5422.0764
2025-09-01 05:00:00+00:00,4385.65,4394.33,4358.67,4393.07,8615.0678
2025-09-01 05:30:00+00:00,4393.07,4406.71,4385.87,4395.01,5604.3766
2025-09-01 06:00:00+00:00,4395.0,4403.28,4375.0,4396.88,5030.8316
2025-09-01 06:30:00+00:00,4396.89,4408.68,4394.25,4397.59,7474.6138
2025-09-01 07:00:00+00:00,4397.58,4424.77,4380.0,4421.13,12714.5193
2025-09-01 07:30:00+00:00,4421.13,4464.0,4414.32,4463.29,28894.8174
2025-09-01 08:00:00+00:00,4463.29,4491.84,4463.11,4468.0,22037.3638
2025-09-01 08:30:00+00:00,4468.0,4483.78,4466.65,4476.25,7525.8762
2025-09-01 09:00:00+00:00,4476.25,4482.81,4471.2,4476.36,5707.5631
2025-09-01 09:30:00+00:00,4476.36,4482.0,4438.35,4441.36,9652.5357
2025-09-01 10:00:00+00:00,4441.36,4445.49,4426.0,4431.23,5587.6248
2025-09-01 10:30:00+00:00,4431.23,4431.24,4390.14,4408.5,12597.6502
2025-09-01 11:00:00+00:00,4408.49,4415.83,4395.19,4401.4,6134.228
2025-09-01 11:30:00+00:00,4401.4,4401.64,4381.99,4392.83,12311.0876
2025-09-01 12:00:00+00:00,4392.83,4412.48,4384.65,4404.94,7012.1398
2025-09-01 12:30:00+00:00,4404.94,4409.36,4394.5,4403.2,7654.1594
2025-09-01 13:00:00+00:00,4403.21,4423.78,4397.31,4416.01,9473.3256
2025-09-01 13:30:00+00:00,4416.0,4416.38,4373.2,4385.71,9327.7727
2025-09-01 14:00:00+00:00,4385.7,4402.58,4383.99,4398.29,5497.842
2025-09-01 14:30:00+00:00,4398.29,4402.4,4380.2,4396.26,4257.2425
2025-09-01 15:00:00+00:00,4396.26,4405.22,4368.57,4371.38,8895.037
2025-09-01 15:30:00+00:00,4371.37,4375.19,4346.19,4362.01,12966.9457
2025-09-01 16:00:00+00:00,4362.01,4371.54,4348.69,4361.01,8114.0208
2025-09-01 16:30:00+00:00,4361.01,4367.94,4347.06,4355.22,4147.3487
2025-09-01 17:00:00+00:00,4355.22,4358.51,4311.01,4319.01,15756.5138
2025-09-01 17:30:00+00:00,4319.0,4329.81,4309.69,4323.16,6020.2901
2025-09-01 18:00:00+00:00,4323.15,4346.8,4322.69,4343.36,6601.455
2025-09-01 18:30:00+00:00,4343.36,4349.79,4335.29,4346.94,4046.1179
2025-09-01 19:00:00+00:00,4346.93,4362.81,4342.19,4350.0,8790.3928
2025-09-01 19:30:00+00:00,4350.0,4369.25,4349.24,4368.06,5346.5231
2025-09-01 20:00:00+00:00,4368.05,4368.15,4344.0,4349.97,4476.279
2025-09-01 20:30:00+00:00,4349.98,4349.98,4262.0,4288.99,35443.7293
2025-09-01 21:00:00+00:00,4288.98,4290.5,4251.59,4272.29,19652.6133
2025-09-01 21:30:00+00:00,4272.3,4274.52,4210.61,4261.62,26238.8276
2025-09-01 22:00:00+00:00,4261.61,4300.0,4252.31,4272.73,14169.8433
2025-09-01 22:30:00+00:00,4272.73,4291.0,4259.62,4284.56,9157.7646
2025-09-01 23:00:00+00:00,4284.56,4308.63,4283.41,4298.04,10943.4573
2025-09-01 23:30:00+00:00,4298.04,4319.07,4282.68,4314.5,8133.9613
2025-09-02 00:00:00+00:00,4314.5,4319.13,4300.87,4303.3,8507.2589
2025-09-02 00:30:00+00:00,4303.3,4314.2,4290.98,4303.86,6423.158
2025-09-02 01:00:00+00:00,4303.85,4315.48,4292.98,4310.63,7336.8391
2025-09-02 01:30:00+00:00,4310.62,4340.93,4297.04,4323.24,10719.6154
2025-09-02 02:00:00+00:00,4323.23,4341.72,4315.48,4335.84,4518.0445
2025-09-02 02:30:00+00:00,4335.84,4363.78,4324.0,4360.95,17277.9975
2025-09-02 03:00:00+00:00,4360.95,4394.97,4353.11,4370.49,18530.8064
2025-09-02 03:30:00+00:00,4370.48,4378.0,4363.89,4367.11,6982.3679
2025-09-02 04:00:00+00:00,4367.11,4382.86,4360.84,4379.33,6256.509
2025-09-02 04:30:00+00:00,4379.32,4388.67,4376.26,4388.09,6297.3577
2025-09-02 05:00:00+00:00,4388.09,4389.62,4368.98,4380.92,9982.7071
2025-09-02 05:30:00+00:00,4380.91,4389.62,4379.32,4385.06,3742.3437
2025-09-02 06:00:00+00:00,4385.06,4401.31,4381.69,4392.96,6665.929
2025-09-02 06:30:00+00:00,4392.95,4416.78,4390.0,4412.46,11090.1321
2025-09-02 07:00:00+00:00,4412.46,4414.0,4383.97,4396.57,9351.4547
2025-09-02 07:30:00+00:00,4396.57,4402.4,4368.37,4377.53,10579.1545
2025-09-02 08:00:00+00:00,4377.53,4397.05,4369.24,4396.37,13782.1247
2025-09-02 08:30:00+00:00,4396.37,4407.88,4388.02,4392.31,6540.1454
2025-09-02 09:00:00+00:00,4392.3,4408.0,4386.12,4393.15,8913.3557
2025-09-02 09:30:00+00:00,4393.15,4402.0,4388.89,4400.16,4996.9273
2025-09-02 10:00:00+00:00,4400.16,4401.48,4382.99,4384.69,5205.4858
2025-09-02 10:30:00+00:00,4384.69,4392.45,4377.67,4391.5,7065.803
2025-09-02 11:00:00+00:00,4391.51,4392.52,4369.02,4369.68,4884.4471
2025-09-02 11:30:00+00:00,4369.67,4376.16,4340.98,4347.98,10862.3919
2025-09-02 12:00:00+00:00,4347.98,4352.88,4321.5,4337.04,14442.1155
2025-09-02 12:30:00+00:00,4337.05,4339.52,4271.31,4277.07,28099.0518
2025-09-02 13:00:00+00:00,4277.07,4320.0,4274.64,4306.31,18664.0225
2025-09-02 13:30:00+00:00,4306.31,4392.91,4279.35,4378.54,36138.0661
2025-09-02 14:00:00+00:00,4378.53,4397.44,4333.97,4372.11,28857.4661
2025-09-02 14:30:00+00:00,4372.11,4378.06,4336.41,4348.51,17778.6804
2025-09-02 15:00:00+00:00,4348.5,4353.42,4318.51,4336.04,16176.6189
2025-09-02 15:30:00+00:00,4336.03,4336.03,4285.0,4295.66,18945.1031
2025-09-02 16:00:00+00:00,4295.65,4311.22,4278.0,4283.09,15803.7728
2025-09-02 16:30:00+00:00,4283.1,4301.87,4282.0,4296.26,8657.0362
2025-09-02 17:00:00+00:00,4296.3,4314.75,4288.21,4309.99,6851.002
2025-09-02 17:30:00+00:00,4310.0,4331.57,4301.03,4319.36,7882.8226
2025-09-02 18:00:00+00:00,4319.35,4322.8,4280.84,4290.86,9164.1967
2025-09-02 18:30:00+00:00,4290.86,4317.24,4267.18,4296.73,14976.7911
2025-09-02 19:00:00+00:00,4296.74,4314.28,4264.61,4269.59,13151.2975
2025-09-02 19:30:00+00:00,4269.59,4284.9,4257.85,4274.41,6658.0186
2025-09-02 20:00:00+00:00,4274.41,4317.51,4266.31,4305.51,10806.7645
2025-09-02 20:30:00+00:00,4305.51,4327.93,4295.09,4313.12,7776.6172
2025-09-02 21:00:00+00:00,4313.12,4324.11,4305.18,4310.35,5407.7487
2025-09-02 21:30:00+00:00,4310.35,4335.66,4310.13,4328.69,6237.6025
2025-09-02 22:00:00+00:00,4328.69,4329.99,4310.6,4316.21,7034.3542
2025-09-02 22:30:00+00:00,4316.2,4333.42,4309.11,4329.2,7026.475
2025-09-02 23:00:00+00:00,4329.21,4337.4,4319.65,4319.91,6419.8863
2025-09-02 23:30:00+00:00,4319.91,4328.24,4314.15,4326.5,5137.1845
2025-09-03 00:00:00+00:00,4326.49,4332.2,4312.68,4327.45,8536.8314
2025-09-03 00:30:00+00:00,4327.44,4330.0,4304.34,4310.26,6500.7335
2025-09-03 01:00:00+00:00,4310.26,4312.63,4286.11,4286.62,7345.1642
2025-09-03 01:30:00+00:00,4286.63,4325.46,4283.23,4325.05,7306.3812
2025-09-03 02:00:00+00:00,4325.04,4355.37,4312.6,4353.65,13613.2884
2025-09-03 02:30:00+00:00,4353.65,4353.65,4337.36,4338.3,6183.4381
2025-09-03 03:00:00+00:00,4338.31,4343.46,4323.17,4330.58,5662.4368
2025-09-03 03:30:00+00:00,4330.58,4337.07,4320.54,4335.02,4822.6963
2025-09-03 04:00:00+00:00,4335.02,4339.08,4313.0,4329.29,5703.9101
2025-09-03 04:30:00+00:00,4329.29,4342.59,4329.29,4339.9,5120.2698
2025-09-03 05:00:00+00:00,4339.91,4340.75,4317.19,4324.67,4589.0583
2025-09-03 05:30:00+00:00,4324.67,4327.73,4313.59,4315.01,3713.1671
2025-09-03 06:00:00+00:00,4315.01,4317.26,4291.19,4317.25,9827.4108
2025-09-03 06:30:00+00:00,4317.24,4320.93,4301.12,4307.92,4013.7598
2025-09-03 07:00:00+00:00,4307.93,4315.44,4285.71,4301.89,6342.2707
2025-09-03 07:30:00+00:00,4301.89,4317.15,4299.13,4310.21,5886.8531
2025-09-03 08:00:00+00:00,4310.2,4333.24,4307.93,4322.26,6790.8808
2025-09-03 08:30:00+00:00,4322.26,4327.48,4310.9,4318.2,4670.6962
2025-09-03 09:00:00+00:00,4318.21,4325.09,4300.01,4320.55,4159.1037
2025-09-03 09:30:00+00:00,4320.54,4353.0,4316.65,4351.68,8206.9543
2025-09-03 10:00:00+00:00,4351.69,4377.37,4344.72,4368.82,14858.2698
2025-09-03 10:30:00+00:00,4368.82,4372.96,4357.33,4371.72,8300.2182
2025-09-03 11:00:00+00:00,4371.71,4380.43,4367.44,4373.91,10371.5637
2025-09-03 11:30:00+00:00,4373.91,4385.88,4366.34,4371.51,12890.5045
2025-09-03 12:00:00+00:00,4371.51,4379.67,4358.25,4365.94,10292.5297
2025-09-03 12:30:00+00:00,4365.94,4373.29,4339.99,4353.96,13440.7426
2025-09-03 13:00:00+00:00,4353.97,4395.0,4350.9,4375.72,15477.346
2025-09-03 13:30:00+00:00,4375.73,4440.0,4371.41,4419.29,34829.3085
2025-09-03 14:00:00+00:00,4419.29,4454.4,4415.38,4439.76,23155.4574
2025-09-03 14:30:00+00:00,4439.76,4481.22,4439.76,4467.11,27079.5757
2025-09-03 15:00:00+00:00,4467.11,4474.23,4452.7,4456.01,14390.8077
2025-09-03 15:30:00+00:00,4456.01,4486.98,4455.71,4480.03,24695.1553
2025-09-03 16:00:00+00:00,4480.02,4484.74,4456.1,4457.12,28923.4483
2025-09-03 16:30:00+00:00,4457.13,4467.85,4455.42,4467.4,26123.4878
2025-09-03 17:00:00+00:00,4467.4,4486.5,4467.17,4480.0,19927.7203
2025-09-03 17:30:00+00:00,4479.99,4490.64,4465.87,4472.23,8695.7425
2025-09-03 18:00:00+00:00,4472.24,4479.47,4460.07,4469.6,7354.3226
2025-09-03 18:30:00+00:00,4469.6,4474.72,4457.92,4469.09,7069.8957
2025-09-03 19:00:00+00:00,4469.09,4469.67,4458.9,4461.17,5701.0787
2025-09-03 19:30:00+00:00,4461.18,4477.99,4460.44,4475.32,8310.7941
2025-09-03 20:00:00+00:00,4475.32,4479.42,4467.39,4468.18,4474.8981
2025-09-03 20:30:00+00:00,4468.17,4473.73,4463.32,4464.5,2639.0637
2025-09-03 21:00:00+00:00,4464.5,4472.9,4460.96,4471.5,3136.1938
2025-09-03 21:30:00+00:00,4471.49,4472.92,4436.6,4460.75,6311.4175
2025-09-03 22:00:00+00:00,4460.75,4480.79,4459.8,4461.95,5807.0116
2025-09-03 22:30:00+00:00,4461.95,4470.84,4459.0,4469.63,3448.8959
2025-09-03 23:00:00+00:00,4469.63,4472.0,4458.08,4462.75,4254.0355
2025-09-03 23:30:00+00:00,4462.76,4464.61,4444.24,4450.46,6136.8963
2025-09-04 00:00:00+00:00,4450.46,4480.0,4446.0,4472.92,9240.1072
2025-09-04 00:30:00+00:00,4472.92,4482.05,4465.6,4467.72,11000.066
2025-09-04 01:00:00+00:00,4467.72,4468.66,4449.53,4460.0,5689.0269
2025-09-04 01:30:00+00:00,4459.99,4478.58,4458.01,4468.18,7027.0078
2025-09-04 02:00:00+00:00,4468.17,4470.91,4441.03,4441.03,6049.9065
2025-09-04 02:30:00+00:00,4441.03,4443.42,4419.13,4421.06,15710.3565
2025-09-04 03:00:00+00:00,4421.06,4429.32,4402.47,4410.97,30412.085
2025-09-04 03:30:00+00:00,4410.98,4412.63,4388.9,4398.03,16571.9045
2025-09-04 04:00:00+00:00,4398.03,4411.02,4387.87,4400.25,11410.7336
2025-09-04 04:30:00+00:00,4400.25,4414.9,4389.87,4392.0,4922.6968
2025-09-04 05:00:00+00:00,4391.99,4391.99,4368.64,4373.96,11793.2147
2025-09-04 05:30:00+00:00,4373.95,4379.18,4362.22,4375.29,8537.0301
2025-09-04 06:00:00+00:00,4375.28,4382.76,4358.61,4368.14,16703.6995
2025-09-04 06:30:00+00:00,4368.15,4369.15,4355.29,4365.01,6261.7278
2025-09-04 07:00:00+00:00,4365.01,4383.18,4363.02,4368.36,5998.2007
2025-09-04 07:30:00+00:00,4368.36,4376.02,4365.65,4371.04,2979.8935
2025-09-04 08:00:00+00:00,4371.05,4392.02,4370.0,4389.99,16094.5254
2025-09-04 08:30:00+00:00,4389.99,4391.54,4365.4,4369.82,4387.8686
2025-09-04 09:00:00+00:00,4369.83,4386.25,4369.82,4381.3,3564.6684
2025-09-04 09:30:00+00:00,4381.31,4395.71,4379.13,4395.71,4573.0528
2025-09-04 10:00:00+00:00,4395.71,4419.48,4393.0,4409.99,9491.309
2025-09-04 10:30:00+00:00,4409.99,4433.85,4407.01,4408.17,11044.9907
2025-09-04 11:00:00+00:00,4408.17,4432.93,4392.8,4415.0,11729.8059
2025-09-04 11:30:00+00:00,4415.0,4423.59,4406.42,4407.03,5465.1629
2025-09-04 12:00:00+00:00,4407.04,4428.39,4398.08,4414.72,10935.1837
2025-09-04 12:30:00+00:00,4414.71,4426.85,4383.33,4416.62,12820.7208
2025-09-04 13:00:00+00:00,4416.62,4418.88,4395.5,4401.32,7124.2137
2025-09-04 13:30:00+00:00,4401.32,4406.41,4366.66,4377.56,19766.1661
2025-09-04 14:00:00+00:00,4377.56,4382.55,4328.22,4351.93,30673.7762
2025-09-04 14:30:00+00:00,4351.97,4365.44,4340.76,4341.68,9632.2355
2025-09-04 15:00:00+00:00,4341.68,4346.49,4293.06,4306.71,25509.6282
2025-09-04 15:30:00+00:00,4306.7,4316.26,4298.0,4305.33,13156.5395
2025-09-04 16:00:00+00:00,4305.32,4319.81,4285.15,4289.42,13137.0674
2025-09-04 16:30:00+00:00,4289.41,4311.51,4285.0,4296.3,7734.2898
2025-09-04 17:00:00+00:00,4296.3,4323.79,4295.69,4318.57,5430.7643
2025-09-04 17:30:00+00:00,4318.56,4319.13,4301.4,4305.83,3655.0929
2025-09-04 18:00:00+00:00,4305.84,4318.28,4277.96,4280.6,10899.0549
2025-09-04 18:30:00+00:00,4280.61,4307.2,4271.0,4274.03,9400.7017
2025-09-04 19:00:00+00:00,4274.03,4287.61,4269.18,4281.69,6967.2851
2025-09-04 19:30:00+00:00,4281.69,4285.12,4265.33,4275.92,5962.4825
2025-09-04 20:00:00+00:00,4275.92,4308.58,4272.3,4305.85,8854.0055
2025-09-04 20:30:00+00:00,4305.86,4310.06,4298.89,4306.04,3528.9551
2025-09-04 21:00:00+00:00,4306.05,4315.35,4302.82,4312.7,2799.865
2025-09-04 21:30:00+00:00,4312.7,4326.2,4309.33,4319.27,3471.5069
2025-09-04 22:00:00+00:00,4319.27,4329.8,4316.42,4327.81,4426.3543
2025-09-04 22:30:00+00:00,4327.81,4353.33,4317.64,4341.68,6407.3601
2025-09-04 23:00:00+00:00,4341.68,4349.96,4331.11,4332.81,4853.809
2025-09-04 23:30:00+00:00,4332.8,4333.43,4295.93,4297.55,7989.6106
2025-09-05 00:00:00+00:00,4297.56,4305.62,4291.02,4303.58,8940.1601
2025-09-05 00:30:00+00:00,4303.59,4314.23,4293.5,4301.31,5093.1408
2025-09-05 01:00:00+00:00,4301.32,4323.33,4298.32,4321.32,5378.4047
2025-09-05 01:30:00+00:00,4321.32,4333.0,4316.68,4326.19,4097.516
2025-09-05 02:00:00+00:00,4326.2,4335.69,4299.18,4323.8,8516.5683
2025-09-05 02:30:00+00:00,4323.8,4328.82,4308.0,4324.4,4737.2608
2025-09-05 03:00:00+00:00,4324.4,4324.4,4297.79,4301.55,4226.7597
2025-09-05 03:30:00+00:00,4301.55,4332.33,4300.62,4328.88,4826.9117
2025-09-05 04:00:00+00:00,4328.89,4331.27,4316.57,4320.96,2435.7075
2025-09-05 04:30:00+00:00,4320.96,4335.23,4318.54,4330.53,4973.0351
2025-09-05 05:00:00+00:00,4330.54,4342.48,4327.33,4334.01,4871.0855
2025-09-05 05:30:00+00:00,4334.01,4341.86,4330.42,4338.14,3064.3634
2025-09-05 06:00:00+00:00,4338.15,4341.71,4322.61,4326.76,4411.6719
2025-09-05 06:30:00+00:00,4326.76,4334.88,4324.31,4332.66,2991.1126
2025-09-05 07:00:00+00:00,4332.66,4378.26,4332.16,4373.89,17921.4941
2025-09-05 07:30:00+00:00,4373.89,4428.67,4370.92,4417.29,32192.3187
2025-09-05 08:00:00+00:00,4417.29,4420.97,4386.6,4395.23,20399.5014
2025-09-05 08:30:00+00:00,4395.22,4406.84,4392.85,4406.33,7213.2431
2025-09-05 09:00:00+00:00,4406.34,4409.3,4374.3,4377.87,10872.66
2025-09-05 09:30:00+00:00,4377.86,4400.0,4373.2,4397.4,6436.4434
2025-09-05 10:00:00+00:00,4397.39,4415.72,4395.49,4409.06,10090.9386
2025-09-05 10:30:00+00:00,4409.05,4423.0,4409.05,4409.99,7100.0619
2025-09-05 11:00:00+00:00,4409.99,4426.31,4406.8,4418.99,12801.6874
2025-09-05 11:30:00+00:00,4419.0,4424.66,4413.37,4417.39,6639.4706
2025-09-05 12:00:00+00:00,4417.38,4449.98,4411.82,4449.61,15712.1723
2025-09-05 12:30:00+00:00,4449.62,4490.0,4406.46,4471.12,76413.466
2025-09-05 13:00:00+00:00,4471.12,4479.95,4449.48,4464.28,17956.7738
2025-09-05 13:30:00+00:00,4464.29,4477.75,4434.61,4442.8,27882.5924
2025-09-05 14:00:00+00:00,4442.79,4442.79,4317.19,4322.82,60360.5966
2025-09-05 14:30:00+00:00,4322.81,4327.84,4263.37,4273.62,71428.7886
2025-09-05 15:00:00+00:00,4273.61,4302.74,4256.03,4296.52,35661.6147
2025-09-05 15:30:00+00:00,4296.52,4304.95,4278.1,4283.39,13569.2416
2025-09-05 16:00:00+00:00,4283.4,4295.55,4274.56,4287.98,9751.0282
2025-09-05 16:30:00+00:00,4287.99,4303.75,4286.05,4297.81,8141.9078
2025-09-05 17:00:00+00:00,4297.81,4299.21,4281.5,4285.37,5429.0338
2025-09-05 17:30:00+00:00,4285.37,4290.77,4272.35,4289.99,7832.1522
2025-09-05 18:00:00+00:00,4289.99,4301.87,4284.38,4298.38,6447.4984
2025-09-05 18:30:00+00:00,4298.39,4317.16,4295.54,4312.93,7150.8477
2025-09-05 19:00:00+00:00,4312.94,4331.9,4306.2,4328.84,8830.8219
2025-09-05 19:30:00+00:00,4328.85,4331.74,4315.0,4331.54,6083.6303
2025-09-05 20:00:00+00:00,4331.54,4337.0,4321.76,4326.82,7568.9834
2025-09-05 20:30:00+00:00,4326.81,4343.03,4325.46,4338.66,4154.4431
2025-09-05 21:00:00+00:00,4338.65,4339.03,4286.71,4303.21,15101.7386
2025-09-05 21:30:00+00:00,4303.21,4317.78,4289.65,4296.91,6159.9598
2025-09-05 22:00:00+00:00,4296.9,4307.47,4295.47,4302.06,4524.8194
2025-09-05 22:30:00+00:00,4302.06,4319.59,4300.0,4313.0,3265.4257
2025-09-05 23:00:00+00:00,4313.0,4318.75,4308.51,4312.12,2276.1156
2025-09-05 23:30:00+00:00,4312.12,4313.02,4304.16,4307.45,2234.7062
2025-09-06 00:00:00+00:00,4307.46,4318.12,4302.77,4316.44,3406.9621
2025-09-06 00:30:00+00:00,4316.45,4329.3,4315.41,4322.97,4372.0998
2025-09-06 01:00:00+00:00,4322.97,4325.33,4315.56,4316.09,1740.9345
2025-09-06 01:30:00+00:00,4316.09,4323.41,4312.63,4318.18,2092.1054
2025-09-06 02:00:00+00:00,4318.18,4323.32,4304.5,4309.99,3302.1632
2025-09-06 02:30:00+00:00,4310.0,4323.36,4307.7,4323.1,1499.7347
2025-09-06 03:00:00+00:00,4323.09,4325.0,4317.62,4321.47,2548.7371
2025-09-06 03:30:00+00:00,4321.48,4322.18,4316.65,4320.42,1420.5241
2025-09-06 04:00:00+00:00,4320.43,4320.43,4308.0,4308.79,2482.65
2025-09-06 04:30:00+00:00,4308.78,4311.82,4301.94,4309.24,2695.5828
2025-09-06 05:00:00+00:00,4309.25,4312.47,4293.51,4297.83,4395.5381
2025-09-06 05:30:00+00:00,4297.82,4301.29,4290.71,4295.0,2740.5792
2025-09-06 06:00:00+00:00,4295.01,4302.66,4292.95,4302.14,1999.4737
2025-09-06 06:30:00+00:00,4302.13,4307.4,4300.0,4302.61,1322.8243
2025-09-06 07:00:00+00:00,4302.62,4308.18,4300.0,4305.36,1442.4459
2025-09-06 07:30:00+00:00,4305.36,4314.33,4303.4,4312.26,1784.5691
2025-09-06 08:00:00+00:00,4312.27,4315.05,4305.04,4307.37,2215.9973
2025-09-06 08:30:00+00:00,4307.38,4313.34,4307.38,4310.82,2050.957
2025-09-06 09:00:00+00:00,4310.81,4310.81,4292.02,4293.18,3284.2127
2025-09-06 09:30:00+00:00,4293.18,4300.05,4291.44,4292.99,2021.2243
2025-09-06 10:00:00+00:00,4293.0,4297.24,4286.08,4294.12,2437.0971
2025-09-06 10:30:00+00:00,4294.13,4303.43,4292.09,4300.94,1537.1651
2025-09-06 11:00:00+00:00,4300.95,4301.47,4291.0,4296.69,1467.2055
2025-09-06 11:30:00+00:00,4296.68,4300.73,4290.93,4299.99,2608.6889
2025-09-06 12:00:00+00:00,4300.0,4308.39,4296.76,4299.31,3243.9818
2025-09-06 12:30:00+00:00,4299.31,4303.2,4292.0,4299.63,2164.2785
2025-09-06 13:00:00+00:00,4299.63,4302.33,4297.02,4299.41,5429.4653
2025-09-06 13:30:00+00:00,4299.41,4299.41,4287.17,4293.73,9580.2459
2025-09-06 14:00:00+00:00,4293.73,4301.1,4292.0,4297.42,3326.1773
2025-09-06 14:30:00+00:00,4297.43,4301.46,4292.62,4295.91,2589.4179
2025-09-06 15:00:00+00:00,4295.91,4297.0,4269.57,4279.49,11829.3794
2025-09-06 15:30:00+00:00,4279.49,4283.95,4263.19,4270.24,6773.6608
2025-09-06 16:00:00+00:00,4270.23,4277.1,4236.0,4260.6,22646.6065
2025-09-06 16:30:00+00:00,4260.6,4304.25,4260.0,4289.97,12257.3797
2025-09-06 17:00:00+00:00,4289.97,4292.02,4276.0,4277.24,3208.1321
2025-09-06 17:30:00+00:00,4277.25,4281.08,4266.82,4273.23,3453.8679
2025-09-06 18:00:00+00:00,4273.23,4287.46,4271.5,4277.2,2722.3857
2025-09-06 18:30:00+00:00,4277.2,4282.41,4269.27,4279.17,2801.3491
2025-09-06 19:00:00+00:00,4279.17,4281.24,4261.9,4263.5,6646.3309
2025-09-06 19:30:00+00:00,4263.5,4266.18,4251.24,4255.48,5646.748
2025-09-06 20:00:00+00:00,4255.48,4265.45,4253.35,4265.0,3477.4749
2025-09-06 20:30:00+00:00,4265.0,4280.59,4264.07,4279.06,2397.3784
2025-09-06 21:00:00+00:00,4279.07,4279.34,4271.96,4273.99,1371.3885
2025-09-06 21:30:00+00:00,4273.99,4286.55,4269.0,4283.31,8726.6098
2025-09-06 22:00:00+00:00,4283.3,4288.0,4275.16,4276.59,4710.861
2025-09-06 22:30:00+00:00,4276.58,4278.4,4270.13,4277.78,4440.1236
2025-09-06 23:00:00+00:00,4277.79,4283.7,4268.01,4280.1,2854.6926
2025-09-06 23:30:00+00:00,4280.1,4281.36,4271.21,4273.14,1998.6611
2025-09-07 00:00:00+00:00,4273.15,4279.5,4270.81,4274.3,2836.9096
2025-09-07 00:30:00+00:00,4274.3,4288.69,4271.43,4284.0,3069.7355
2025-09-07 01:00:00+00:00,4284.01,4296.29,4283.0,4293.03,3849.1291
2025-09-07 01:30:00+00:00,4293.02,4303.43,4291.17,4294.99,3284.0213
2025-09-07 02:00:00+00:00,4294.99,4295.13,4288.47,4294.99,2466.5344
2025-09-07 02:30:00+00:00,4295.0,4303.43,4290.85,4299.43,2096.0242
2025-09-07 03:00:00+00:00,4299.43,4303.58,4295.2,4303.21,1905.9291
2025-09-07 03:30:00+00:00,4303.21,4304.08,4292.41,4296.9,2416.7092
2025-09-07 04:00:00+00:00,4296.9,4298.97,4292.88,4296.06,1933.3519
2025-09-07 04:30:00+00:00,4296.05,4302.57,4293.83,4301.38,1854.9404
2025-09-07 05:00:00+00:00,4301.39,4303.43,4296.84,4302.0,1846.079
2025-09-07 05:30:00+00:00,4302.01,4302.01,4292.12,4294.65,1820.2555
2025-09-07 06:00:00+00:00,4294.64,4295.38,4288.79,4290.46,2667.0937
2025-09-07 06:30:00+00:00,4290.47,4292.98,4283.0,4283.82,2467.6138
2025-09-07 07:00:00+00:00,4283.83,4293.81,4276.76,4293.03,3231.7764
2025-09-07 07:30:00+00:00,4293.03,4307.2,4291.79,4294.56,4181.0237
2025-09-07 08:00:00+00:00,4294.57,4315.35,4294.57,4308.92,6837.7784
2025-09-07 08:30:00+00:00,4308.93,4313.68,4301.14,4301.14,4260.4982
2025-09-07 09:00:00+00:00,4301.14,4312.01,4300.01,4301.03,6545.147
2025-09-07 09:30:00+00:00,4301.04,4301.04,4291.65,4299.75,2457.4505
2025-09-07 10:00:00+00:00,4299.76,4306.19,4296.78,4299.63,1843.3624
2025-09-07 10:30:00+00:00,4299.63,4306.01,4298.97,4305.59,7799.052
2025-09-07 11:00:00+00:00,4305.58,4310.0,4303.64,4304.42,6111.7003
2025-09-07 11:30:00+00:00,4304.41,4310.88,4303.62,4310.87,5167.6303
2025-09-07 12:00:00+00:00,4310.88,4310.94,4294.03,4296.49,2885.2511
2025-09-07 12:30:00+00:00,4296.5,4303.24,4295.57,4300.91,2098.507
2025-09-07 13:00:00+00:00,4300.91,4301.04,4288.95,4298.45,3340.3208
2025-09-07 13:30:00+00:00,4298.46,4308.0,4297.81,4305.22,3145.7614
2025-09-07 14:00:00+00:00,4305.21,4310.0,4297.31,4300.68,4242.4039
2025-09-07 14:30:00+00:00,4300.67,4311.23,4297.42,4299.96,4000.813
2025-09-07 15:00:00+00:00,4299.96,4305.02,4296.49,4300.43,5225.08
2025-09-07 15:30:00+00:00,4300.43,4305.36,4297.38,4299.38,2643.7673
2025-09-07 16:00:00+00:00,4299.39,4301.62,4286.7,4290.93,4270.3668
2025-09-07 16:30:00+00:00,4290.93,4293.66,4283.13,4284.06,3180.626
2025-09-07 17:00:00+00:00,4284.07,4287.88,4272.3,4274.37,6849.7842
2025-09-07 17:30:00+00:00,4274.36,4285.82,4272.78,4275.29,3337.9477
2025-09-07 18:00:00+00:00,4275.29,4283.5,4273.56,4275.96,2055.0808
2025-09-07 18:30:00+00:00,4275.96,4283.8,4270.81,4281.09,2956.88
2025-09-07 19:00:00+00:00,4281.1,4288.38,4277.0,4282.0,2048.1855
2025-09-07 19:30:00+00:00,4282.0,4296.49,4281.09,4293.48,2191.4329
2025-09-07 20:00:00+00:00,4293.47,4294.29,4281.34,4285.58,2240.8299
2025-09-07 20:30:00+00:00,4285.59,4300.0,4283.13,4300.0,2490.1508
2025-09-07 21:00:00+00:00,4300.0,4300.7,4288.25,4288.57,1743.5406
2025-09-07 21:30:00+00:00,4288.57,4296.49,4287.28,4288.11,1504.2789
2025-09-07 22:00:00+00:00,4288.1,4306.19,4287.12,4304.56,3238.0307
2025-09-07 22:30:00+00:00,4304.56,4311.0,4295.39,4309.46,3842.2559
2025-09-07 23:00:00+00:00,4309.47,4336.02,4309.47,4327.92,10294.3429
2025-09-07 23:30:00+00:00,4327.92,4330.03,4298.36,4306.19,6845.4532
2025-09-08 00:00:00+00:00,4306.19,4317.33,4292.5,4316.97,5806.4632
2025-09-08 00:30:00+00:00,4316.97,4318.74,4295.55,4298.86,4304.7897
2025-09-08 01:00:00+00:00,4298.85,4302.25,4285.0,4287.84,9212.0754
2025-09-08 01:30:00+00:00,4287.84,4298.79,4286.86,4292.4,4299.4935
2025-09-08 02:00:00+00:00,4292.41,4296.0,4279.0,4286.98,6587.7407
2025-09-08 02:30:00+00:00,4286.98,4309.22,4285.69,4309.1,6082.3471
2025-09-08 03:00:00+00:00,4309.1,4311.94,4304.03,4308.97,4911.8397
2025-09-08 03:30:00+00:00,4308.98,4330.97,4307.32,4311.87,10112.0677
2025-09-08 04:00:00+00:00,4311.87,4313.59,4297.17,4305.95,3408.1634
2025-09-08 04:30:00+00:00,4305.96,4309.96,4295.65,4298.15,2372.777
2025-09-08 05:00:00+00:00,4298.15,4304.34,4293.49,4297.04,2109.2206
2025-09-08 05:30:00+00:00,4297.04,4299.17,4289.68,4297.05,3516.1742
2025-09-08 06:00:00+00:00,4297.06,4302.33,4289.56,4301.98,4301.8997
2025-09-08 06:30:00+00:00,4301.98,4303.19,4292.15,4292.21,3265.9235
2025-09-08 07:00:00+00:00,4292.22,4309.51,4290.46,4305.24,4646.3452
2025-09-08 07:30:00+00:00,4305.25,4311.67,4287.68,4291.78,8591.8068
2025-09-08 08:00:00+00:00,4291.78,4298.9,4288.3,4294.49,4774.8081
2025-09-08 08:30:00+00:00,4294.48,4304.69,4293.74,4301.79,8424.1076
2025-09-08 09:00:00+00:00,4301.79,4334.98,4297.39,4320.0,18676.8274
2025-09-08 09:30:00+00:00,4320.0,4321.36,4307.08,4318.93,8594.316
2025-09-08 10:00:00+00:00,4318.93,4333.91,4315.18,4332.75,10425.8086
2025-09-08 10:30:00+00:00,4332.76,4337.77,4321.6,4328.69,9227.0264
2025-09-08 11:00:00+00:00,4328.69,4329.76,4301.04,4304.36,13749.95
2025-09-08 11:30:00+00:00,4304.36,4320.14,4300.0,4312.41,7352.6926
2025-09-08 12:00:00+00:00,4312.42,4320.14,4306.19,4315.7,5439.0854
2025-09-08 12:30:00+00:00,4315.69,4322.6,4313.95,4320.46,6184.8435
2025-09-08 13:00:00+00:00,4320.46,4362.88,4320.11,4339.96,27816.7864
2025-09-08 13:30:00+00:00,4339.96,4348.98,4316.4,4320.12,13894.6755
2025-09-08 14:00:00+00:00,4320.13,4345.0,4315.0,4343.46,7837.4327
2025-09-08 14:30:00+00:00,4343.46,4358.0,4338.68,4350.72,12424.7225
2025-09-08 15:00:00+00:00,4350.72,4384.06,4344.41,4381.5,22028.1522
2025-09-08 15:30:00+00:00,4381.5,4382.36,4361.64,4371.64,10248.3477
2025-09-08 16:00:00+00:00,4371.64,4373.43,4349.56,4365.59,5947.9719
2025-09-08 16:30:00+00:00,4365.59,4366.13,4334.31,4339.02,6704.7801
2025-09-08 17:00:00+00:00,4339.01,4343.29,4328.29,4340.93,9426.9836
2025-09-08 17:30:00+00:00,4340.93,4341.54,4300.16,4311.48,10347.2492
2025-09-08 18:00:00+00:00,4311.47,4329.17,4310.0,4329.16,4157.0613
2025-09-08 18:30:00+00:00,4329.16,4336.16,4320.28,4329.71,3611.5942
2025-09-08 19:00:00+00:00,4329.72,4329.72,4301.21,4310.91,7857.3676
2025-09-08 19:30:00+00:00,4310.91,4311.56,4284.44,4293.0,11695.4809
2025-09-08 20:00:00+00:00,4293.0,4298.43,4281.8,4286.25,6483.2997
2025-09-08 20:30:00+00:00,4286.26,4301.93,4285.0,4298.45,4802.4395
2025-09-08 21:00:00+00:00,4298.45,4309.0,4294.27,4308.25,4225.3834
2025-09-08 21:30:00+00:00,4308.26,4322.18,4305.0,4322.17,7566.0531
2025-09-08 22:00:00+00:00,4322.18,4332.5,4315.78,4318.75,7182.0474
2025-09-08 22:30:00+00:00,4318.75,4320.31,4307.59,4311.14,4327.0941
2025-09-08 23:00:00+00:00,4311.14,4320.16,4296.55,4303.93,4507.7891
2025-09-08 23:30:00+00:00,4303.93,4311.68,4297.04,4306.37,3411.1304
2025-09-09 00:00:00+00:00,4306.36,4316.03,4295.88,4300.44,7335.4469
2025-09-09 00:30:00+00:00,4300.43,4307.5,4289.29,4301.99,4785.3211
2025-09-09 01:00:00+00:00,4301.99,4307.9,4284.13,4289.87,7380.4868
2025-09-09 01:30:00+00:00,4289.88,4294.92,4282.3,4286.66,8897.7304
2025-09-09 02:00:00+00:00,4286.66,4291.24,4276.76,4284.82,7533.6998
2025-09-09 02:30:00+00:00,4284.81,4294.88,4277.27,4290.82,4033.862
2025-09-09 03:00:00+00:00,4290.81,4304.33,4288.24,4301.8,4517.5981
2025-09-09 03:30:00+00:00,4301.81,4308.44,4294.47,4306.63,3884.6358
2025-09-09 04:00:00+00:00,4306.62,4315.55,4303.29,4311.21,4760.4599
2025-09-09 04:30:00+00:00,4311.2,4318.0,4307.13,4313.56,5685.7092
2025-09-09 05:00:00+00:00,4313.56,4314.21,4302.5,4307.4,3593.2062
2025-09-09 05:30:00+00:00,4307.4,4320.65,4305.99,4318.87,2672.1557
2025-09-09 06:00:00+00:00,4318.87,4352.99,4315.46,4345.95,21585.8455
2025-09-09 06:30:00+00:00,4345.95,4375.41,4345.95,4365.66,19587.2785
2025-09-09 07:00:00+00:00,4365.65,4381.87,4365.4,4372.29,14033.3402
2025-09-09 07:30:00+00:00,4372.29,4372.71,4346.06,4361.53,15740.4594
2025-09-09 08:00:00+00:00,4361.53,4366.77,4343.79,4359.58,9769.8676
2025-09-09 08:30:00+00:00,4359.58,4366.62,4349.95,4359.68,7059.9558
2025-09-09 09:00:00+00:00,4359.68,4365.82,4352.64,4365.82,4333.0913
2025-09-09 09:30:00+00:00,4365.81,4366.11,4353.51,4357.2,5086.1331
2025-09-09 10:00:00+00:00,4357.2,4363.16,4346.3,4346.3,5922.3477
2025-09-09 10:30:00+00:00,4346.31,4361.3,4342.16,4348.73,7016.7775
2025-09-09 11:00:00+00:00,4348.73,4355.52,4344.54,4354.54,3998.6081
2025-09-09 11:30:00+00:00,4354.53,4356.0,4346.78,4347.34,4506.2386
2025-09-09 12:00:00+00:00,4347.33,4367.04,4329.12,4366.12,11369.2439
2025-09-09 12:30:00+00:00,4366.13,4367.44,4345.0,4345.19,6723.01
2025-09-09 13:00:00+00:00,4345.2,4347.84,4324.07,4342.39,13057.9346
2025-09-09 13:30:00+00:00,4342.39,4360.75,4338.75,4347.42,13068.9843
2025-09-09 14:00:00+00:00,4347.42,4362.11,4307.22,4322.35,29080.5035
2025-09-09 14:30:00+00:00,4322.34,4322.34,4286.0,4306.24,27658.6901
2025-09-09 15:00:00+00:00,4306.24,4310.0,4282.07,4290.27,29094.9774
2025-09-09 15:30:00+00:00,4290.27,4295.75,4277.06,4284.94,20792.0633
2025-09-09 16:00:00+00:00,4284.94,4297.16,4280.47,4286.89,7820.0984
2025-09-09 16:30:00+00:00,4286.89,4290.87,4278.13,4288.11,6206.698
2025-09-09 17:00:00+00:00,4288.12,4296.66,4280.92,4283.87,5834.609
2025-09-09 17:30:00+00:00,4283.88,4287.9,4280.01,4285.91,3929.6869
2025-09-09 18:00:00+00:00,4285.92,4294.85,4280.51,4290.62,7076.5705
2025-09-09 18:30:00+00:00,4290.62,4290.62,4282.57,4286.64,4260.3481
2025-09-09 19:00:00+00:00,4286.64,4296.41,4285.44,4296.12,3186.4196
2025-09-09 19:30:00+00:00,4296.13,4299.99,4290.9,4295.0,3469.6371
2025-09-09 20:00:00+00:00,4295.0,4295.01,4281.0,4284.65,5694.1487
2025-09-09 20:30:00+00:00,4284.66,4306.14,4284.57,4304.88,4794.747
2025-09-09 21:00:00+00:00,4304.89,4319.67,4294.61,4299.4,4767.9035
2025-09-09 21:30:00+00:00,4299.39,4313.09,4297.1,4302.43,2339.6007
2025-09-09 22:00:00+00:00,4302.44,4315.9,4299.2,4309.01,2945.8767
2025-09-09 22:30:00+00:00,4309.0,4318.6,4307.66,4318.6,3368.7711
2025-09-09 23:00:00+00:00,4318.59,4318.6,4305.34,4308.37,2761.6184
2025-09-09 23:30:00+00:00,4308.37,4315.7,4302.99,4310.09,2463.3861
2025-09-10 00:00:00+00:00,4310.08,4314.96,4296.0,4298.07,3443.6678
2025-09-10 00:30:00+00:00,4298.08,4305.19,4285.1,4285.73,6895.6332
2025-09-10 01:00:00+00:00,4285.73,4306.16,4285.24,4301.86,9070.1462
2025-09-10 01:30:00+00:00,4301.87,4314.33,4297.59,4302.78,3710.1113
2025-09-10 02:00:00+00:00,4302.77,4325.0,4302.77,4318.87,7942.4843
2025-09-10 02:30:00+00:00,4318.86,4326.09,4315.0,4317.27,5562.9151
2025-09-10 03:00:00+00:00,4317.26,4323.74,4308.26,4310.43,4019.9378
2025-09-10 03:30:00+00:00,4310.43,4320.45,4310.34,4320.44,3272.6673
2025-09-10 04:00:00+00:00,4320.45,4320.45,4311.21,4316.24,3227.3009
2025-09-10 04:30:00+00:00,4316.24,4317.82,4307.78,4312.27,2474.254
2025-09-10 05:00:00+00:00,4312.27,4315.86,4301.98,4313.4,6597.9621
2025-09-10 05:30:00+00:00,4313.39,4317.8,4294.92,4308.54,7458.623
2025-09-10 06:00:00+00:00,4308.51,4310.62,4297.56,4310.01,6468.9819
2025-09-10 06:30:00+00:00,4310.01,4318.5,4306.92,4312.99,8066.0501
2025-09-10 07:00:00+00:00,4313.0,4333.28,4311.77,4331.0,7008.1574
2025-09-10 07:30:00+00:00,4331.0,4333.12,4321.96,4329.82,9678.5516
2025-09-10 08:00:00+00:00,4329.83,4334.67,4323.44,4328.65,9163.5026
2025-09-10 08:30:00+00:00,4328.64,4335.02,4323.8,4332.41,16721.3134
2025-09-10 09:00:00+00:00,4332.42,4333.36,4309.5,4321.6,7533.74
2025-09-10 09:30:00+00:00,4321.59,4328.05,4319.66,4325.08,6533.9435
2025-09-10 10:00:00+00:00,4325.08,4329.51,4317.26,4329.37,5454.0719
2025-09-10 10:30:00+00:00,4329.37,4333.0,4325.9,4326.93,5512.1453
2025-09-10 11:00:00+00:00,4326.94,4333.0,4325.75,4329.53,5396.5858
2025-09-10 11:30:00+00:00,4329.54,4331.31,4322.21,4331.31,4126.9274
2025-09-10 12:00:00+00:00,4331.3,4349.18,4330.0,4344.69,10684.7655
2025-09-10 12:30:00+00:00,4344.68,4392.29,4344.68,4370.99,54132.373
2025-09-10 13:00:00+00:00,4370.99,4392.39,4365.89,4371.24,26782.4448
2025-09-10 13:30:00+00:00,4371.24,4439.99,4357.33,4417.92,43540.3781
2025-09-10 14:00:00+00:00,4417.92,4453.57,4417.92,4424.9,27120.9207
2025-09-10 14:30:00+00:00,4424.9,4432.16,4398.15,4401.26,16267.3065
2025-09-10 15:00:00+00:00,4401.26,4425.0,4401.26,4406.48,14869.9414
2025-09-10 15:30:00+00:00,4406.48,4410.89,4396.09,4404.9,10816.1072
2025-09-10 16:00:00+00:00,4404.9,4409.31,4362.57,4374.0,15425.7666
2025-09-10 16:30:00+00:00,4374.0,4385.71,4363.62,4385.71,12159.2471
2025-09-10 17:00:00+00:00,4385.71,4397.23,4344.84,4348.74,18204.2654
2025-09-10 17:30:00+00:00,4348.74,4368.45,4342.85,4367.14,8758.5831
2025-09-10 18:00:00+00:00,4367.14,4373.34,4331.87,4336.46,12315.3218
2025-09-10 18:30:00+00:00,4336.45,4349.68,4327.01,4341.5,10799.8563
2025-09-10 19:00:00+00:00,4341.5,4342.92,4302.0,4309.35,15356.8696
2025-09-10 19:30:00+00:00,4309.32,4327.1,4300.59,4322.72,15147.5544
2025-09-10 20:00:00+00:00,4322.71,4335.55,4320.75,4331.28,8658.8559
2025-09-10 20:30:00+00:00,4331.28,4335.0,4325.72,4329.92,3598.5044
2025-09-10 21:00:00+00:00,4329.94,4344.2,4328.45,4333.36,5090.3969
2025-09-10 21:30:00+00:00,4333.37,4353.87,4333.37,4349.93,6825.3601
2025-09-10 22:00:00+00:00,4349.92,4355.7,4343.25,4346.33,4101.21
2025-09-10 22:30:00+00:00,4346.33,4348.5,4337.63,4345.8,3553.3048
2025-09-10 23:00:00+00:00,4345.79,4355.61,4345.51,4345.52,3395.8584
2025-09-10 23:30:00+00:00,4345.51,4351.15,4339.35,4349.32,3689.0439
2025-09-11 00:00:00+00:00,4349.33,4349.33,4338.82,4347.95,3636.7592
2025-09-11 00:30:00+00:00,4347.95,4360.5,4340.19,4359.83,4620.0033
2025-09-11 01:00:00+00:00,4359.82,4383.26,4355.0,4371.27,9327.1931
2025-09-11 01:30:00+00:00,4371.28,4376.9,4362.58,4365.55,3252.5639
2025-09-11 02:00:00+00:00,4365.55,4377.91,4362.35,4371.17,4173.0775
2025-09-11 02:30:00+00:00,4371.18,4385.3,4367.85,4376.77,5587.742
2025-09-11 03:00:00+00:00,4376.77,4395.83,4372.76,4394.24,7590.778
2025-09-11 03:30:00+00:00,4394.24,4408.0,4387.16,4404.1,10983.2936
2025-09-11 04:00:00+00:00,4404.11,4418.25,4395.05,4413.12,11599.3568
2025-09-11 04:30:00+00:00,4413.13,4418.56,4405.0,4411.32,5851.7726
2025-09-11 05:00:00+00:00,4411.32,4414.12,4398.43,4406.35,6951.0893
2025-09-11 05:30:00+00:00,4406.35,4425.0,4406.35,4419.03,9555.1942
2025-09-11 06:00:00+00:00,4419.02,4433.5,4406.83,4426.83,14921.1891
2025-09-11 06:30:00+00:00,4426.83,4443.16,4425.22,4440.0,11167.5303
2025-09-11 07:00:00+00:00,4440.0,4450.0,4425.83,4437.14,12989.2933
2025-09-11 07:30:00+00:00,4437.13,4445.05,4431.42,4440.41,7086.3789
2025-09-11 08:00:00+00:00,4440.4,4442.47,4427.2,4428.77,6554.3144
2025-09-11 08:30:00+00:00,4428.77,4440.0,4428.76,4431.42,7825.2127
2025-09-11 09:00:00+00:00,4431.41,4434.76,4412.68,4416.33,8733.4862
2025-09-11 09:30:00+00:00,4416.33,4420.58,4406.3,4416.29,8621.6937
2025-09-11 10:00:00+00:00,4416.29,4428.53,4414.73,4423.8,5557.3786
2025-09-11 10:30:00+00:00,4423.8,4430.37,4418.24,4427.82,4345.2435
2025-09-11 11:00:00+00:00,4427.81,4438.2,4423.02,4427.28,5252.6373
2025-09-11 11:30:00+00:00,4427.27,4438.91,4423.3,4429.8,5008.4068
2025-09-11 12:00:00+00:00,4429.81,4473.5,4423.63,4473.0,28130.0001
2025-09-11 12:30:00+00:00,4473.0,4481.09,4350.01,4426.06,68078.2051
2025-09-11 13:00:00+00:00,4426.07,4427.87,4385.03,4407.39,22332.5656
2025-09-11 13:30:00+00:00,4407.4,4442.9,4392.6,4437.4,22688.7635
2025-09-11 14:00:00+00:00,4437.4,4438.93,4396.39,4408.71,13793.2864
2025-09-11 14:30:00+00:00,4408.71,4434.79,4408.24,4427.53,10664.7468
2025-09-11 15:00:00+00:00,4427.54,4432.94,4413.1,4416.12,6581.2885
2025-09-11 15:30:00+00:00,4416.12,4422.66,4401.0,4412.52,6258.9421
2025-09-11 16:00:00+00:00,4412.52,4426.14,4412.0,4412.04,3997.7191
2025-09-11 16:30:00+00:00,4412.04,4422.08,4407.4,4417.9,4444.9975
2025-09-11 17:00:00+00:00,4417.9,4438.42,4414.11,4428.0,5200.4494
2025-09-11 17:30:00+00:00,4428.01,4441.5,4427.59,4433.31,6306.2415
2025-09-11 18:00:00+00:00,4433.31,4437.19,4411.71,4416.94,4687.3293
2025-09-11 18:30:00+00:00,4416.94,4424.08,4408.67,4420.31,3462.6499
2025-09-11 19:00:00+00:00,4420.3,4429.08,4413.39,4423.4,3980.556
2025-09-11 19:30:00+00:00,4423.39,4430.66,4422.22,4423.73,3689.4522
2025-09-11 20:00:00+00:00,4423.73,4426.98,4415.57,4419.38,2734.1927
2025-09-11 20:30:00+00:00,4419.38,4421.98,4415.4,4417.28,2096.9133
2025-09-11 21:00:00+00:00,4417.28,4423.92,4415.69,4419.33,2737.0784
2025-09-11 21:30:00+00:00,4419.32,4430.51,4419.32,4429.22,2877.457
2025-09-11 22:00:00+00:00,4429.23,4450.63,4424.36,4443.61,15376.1866
2025-09-11 22:30:00+00:00,4443.6,4462.01,4438.15,4453.72,8527.371
2025-09-11 23:00:00+00:00,4453.72,4469.0,4451.32,4461.09,6515.8903
2025-09-11 23:30:00+00:00,4461.08,4463.66,4454.29,4458.82,4905.7943
2025-09-12 00:00:00+00:00,4458.83,4470.0,4450.71,4463.37,7747.7479
2025-09-12 00:30:00+00:00,4463.37,4539.0,4462.81,4512.07,39948.4979
2025-09-12 01:00:00+00:00,4512.06,4532.84,4512.06,4522.47,16074.1198
2025-09-12 01:30:00+00:00,4522.46,4522.64,4494.15,4497.61,9649.2446
2025-09-12 02:00:00+00:00,4497.61,4523.5,4496.25,4515.44,10219.5967
2025-09-12 02:30:00+00:00,4515.45,4524.35,4503.53,4507.51,4835.4134
2025-09-12 03:00:00+00:00,4507.52,4509.37,4497.6,4501.23,6010.8404
2025-09-12 03:30:00+00:00,4501.23,4506.89,4488.38,4505.55,7808.2471
2025-09-12 04:00:00+00:00,4505.55,4519.84,4500.01,4517.59,6210.1582
2025-09-12 04:30:00+00:00,4517.6,4524.64,4514.72,4521.36,7345.2155
2025-09-12 05:00:00+00:00,4521.35,4529.72,4514.64,4520.35,5111.5959
2025-09-12 05:30:00+00:00,4520.36,4558.88,4517.99,4558.41,13938.8899
2025-09-12 06:00:00+00:00,4558.42,4563.0,4543.79,4545.98,13713.347
2025-09-12 06:30:00+00:00,4545.99,4550.29,4531.63,4538.99,7863.4424
2025-09-12 07:00:00+00:00,4539.0,4551.97,4535.0,4539.28,6250.3748
2025-09-12 07:30:00+00:00,4539.28,4539.29,4524.17,4525.81,11740.8102
2025-09-12 08:00:00+00:00,4525.81,4533.32,4513.83,4520.94,7138.8224
2025-09-12 08:30:00+00:00,4520.94,4522.44,4513.67,4517.9,3770.9223
2025-09-12 09:00:00+00:00,4517.89,4525.22,4515.0,4518.05,3191.3741
2025-09-12 09:30:00+00:00,4518.05,4528.71,4504.5,4515.12,8382.3499
2025-09-12 10:00:00+00:00,4515.11,4522.94,4507.41,4511.25,5102.4991
2025-09-12 10:30:00+00:00,4511.25,4517.54,4509.62,4516.69,3324.9458
2025-09-12 11:00:00+00:00,4516.69,4536.53,4513.59,4535.01,5068.696
2025-09-12 11:30:00+00:00,4535.0,4535.23,4516.05,4520.76,3143.1108
2025-09-12 12:00:00+00:00,4520.76,4521.95,4504.11,4519.16,7499.4176
2025-09-12 12:30:00+00:00,4519.16,4530.81,4512.0,4526.63,5454.7562
2025-09-12 13:00:00+00:00,4526.63,4529.67,4516.84,4518.83,3783.9393
2025-09-12 13:30:00+00:00,4518.84,4543.08,4506.88,4539.64,11875.3167
2025-09-12 14:00:00+00:00,4539.63,4571.24,4532.83,4558.57,23930.4923
2025-09-12 14:30:00+00:00,4558.57,4564.23,4524.64,4547.02,13427.6833
2025-09-12 15:00:00+00:00,4547.02,4549.88,4530.3,4532.48,7019.7153
2025-09-12 15:30:00+00:00,4532.47,4551.6,4528.32,4541.98,7084.4721
2025-09-12 16:00:00+00:00,4541.99,4572.0,4533.69,4568.96,8534.4652
2025-09-12 16:30:00+00:00,4568.95,4576.2,4552.51,4575.8,10282.8845
2025-09-12 17:00:00+00:00,4575.79,4592.71,4564.81,4589.67,12049.8729
2025-09-12 17:30:00+00:00,4589.68,4628.0,4588.2,4613.05,22891.9932
2025-09-12 18:00:00+00:00,4613.06,4620.0,4599.54,4615.44,9708.2445
2025-09-12 18:30:00+00:00,4615.45,4627.45,4611.57,4624.61,9969.204
2025-09-12 19:00:00+00:00,4624.62,4630.0,4614.65,4628.99,8075.9112
2025-09-12 19:30:00+00:00,4628.99,4660.0,4622.66,4657.18,20542.6156
2025-09-12 20:00:00+00:00,4657.19,4657.4,4630.24,4643.87,13629.7145
2025-09-12 20:30:00+00:00,4643.87,4692.56,4643.63,4670.48,19511.2371
2025-09-12 21:00:00+00:00,4670.48,4671.89,4655.04,4660.0,10902.0759
2025-09-12 21:30:00+00:00,4660.01,4660.01,4644.42,4649.8,6179.9713
2025-09-12 22:00:00+00:00,4649.81,4748.4,4649.8,4714.93,30756.4634
2025-09-12 22:30:00+00:00,4714.93,4725.0,4689.39,4695.16,12523.2522
2025-09-12 23:00:00+00:00,4695.17,4711.93,4671.51,4706.76,13207.6644
2025-09-12 23:30:00+00:00,4706.75,4715.27,4693.63,4712.16,8345.9154
2025-09-13 00:00:00+00:00,4712.16,4717.65,4697.0,4699.21,8852.4814
2025-09-13 00:30:00+00:00,4699.21,4711.31,4698.21,4704.71,6695.1118
2025-09-13 01:00:00+00:00,4704.7,4733.58,4702.11,4713.13,12338.3178
2025-09-13 01:30:00+00:00,4713.12,4723.5,4700.01,4700.49,6620.7518
2025-09-13 02:00:00+00:00,4700.48,4714.45,4691.85,4707.93,7028.073
2025-09-13 02:30:00+00:00,4707.92,4708.0,4699.7,4702.71,3893.1363
2025-09-13 03:00:00+00:00,4702.72,4730.78,4701.86,4725.85,22292.7783
2025-09-13 03:30:00+00:00,4725.86,4769.36,4722.25,4756.81,32228.2291
2025-09-13 04:00:00+00:00,4756.8,4756.91,4734.88,4735.81,9342.379
2025-09-13 04:30:00+00:00,4735.8,4754.69,4735.8,4743.1,7821.6505
2025-09-13 05:00:00+00:00,4743.1,4743.11,4720.06,4721.76,9212.1898
2025-09-13 05:30:00+00:00,4721.77,4726.01,4717.96,4723.43,3690.0867
2025-09-13 06:00:00+00:00,4723.43,4730.88,4711.12,4715.99,6578.5454
2025-09-13 06:30:00+00:00,4716.0,4720.0,4702.33,4711.09,8794.8519
2025-09-13 07:00:00+00:00,4711.09,4721.95,4707.29,4718.89,4023.4548
2025-09-13 07:30:00+00:00,4718.89,4723.49,4711.6,4711.7,4366.4223
2025-09-13 08:00:00+00:00,4711.7,4720.82,4711.7,4717.61,3674.7383
2025-09-13 08:30:00+00:00,4717.61,4731.16,4717.0,4730.25,6025.861
2025-09-13 09:00:00+00:00,4730.25,4730.26,4721.21,4721.34,4773.614
2025-09-13 09:30:00+00:00,4721.33,4733.45,4720.81,4732.52,5498.5659
2025-09-13 10:00:00+00:00,4732.51,4738.58,4720.47,4720.73,7324.8186
2025-09-13 10:30:00+00:00,4720.73,4720.82,4710.23,4718.05,7178.8095
2025-09-13 11:00:00+00:00,4718.04,4720.0,4709.01,4713.85,5344.5712
2025-09-13 11:30:00+00:00,4713.86,4724.75,4712.87,4719.53,3085.5352
2025-09-13 12:00:00+00:00,4719.53,4719.54,4714.86,4717.96,2528.3337
2025-09-13 12:30:00+00:00,4717.95,4730.18,4717.95,4720.45,4409.4035
2025-09-13 13:00:00+00:00,4720.45,4725.51,4715.1,4724.26,5746.2872
2025-09-13 13:30:00+00:00,4724.26,4724.26,4650.1,4685.79,26388.7116
2025-09-13 14:00:00+00:00,4685.8,4709.17,4666.24,4701.75,18116.196
2025-09-13 14:30:00+00:00,4701.75,4703.59,4689.12,4689.12,5376.858
2025-09-13 15:00:00+00:00,4689.13,4705.26,4673.46,4680.83,7538.5523
2025-09-13 15:30:00+00:00,4680.84,4681.7,4645.0,4653.92,22762.039
2025-09-13 16:00:00+00:00,4653.92,4667.92,4622.85,4638.56,21701.4186
2025-09-13 16:30:00+00:00,4638.56,4645.54,4616.32,4623.65,13782.2221
2025-09-13 17:00:00+00:00,4623.66,4630.0,4605.0,4621.55,16278.3861
2025-09-13 17:30:00+00:00,4621.55,4642.39,4620.71,4634.09,5622.6228
2025-09-13 18:00:00+00:00,4634.09,4651.58,4625.17,4648.46,5967.5105
2025-09-13 18:30:00+00:00,4648.46,4648.46,4636.54,4643.08,3091.7317
2025-09-13 19:00:00+00:00,4643.09,4648.62,4635.31,4642.32,3476.6755
2025-09-13 19:30:00+00:00,4642.35,4648.18,4638.21,4638.21,2180.9263
2025-09-13 20:00:00+00:00,4638.21,4662.03,4637.35,4656.58,9177.324
2025-09-13 20:30:00+00:00,4656.57,4660.59,4650.0,4657.58,2642.2389
2025-09-13 21:00:00+00:00,4657.58,4667.69,4657.05,4662.91,4206.8398
2025-09-13 21:30:00+00:00,4662.91,4664.91,4656.56,4663.5,3388.3927
2025-09-13 22:00:00+00:00,4663.51,4665.51,4653.9,4657.65,2729.9389
2025-09-13 22:30:00+00:00,4657.64,4658.94,4647.62,4658.53,2794.4261
2025-09-13 23:00:00+00:00,4658.53,4672.94,4658.53,4660.0,4666.6661
2025-09-13 23:30:00+00:00,4660.01,4667.96,4656.26,4666.53,3135.0119
2025-09-14 00:00:00+00:00,4666.54,4679.5,4665.0,4674.98,4696.6292
2025-09-14 00:30:00+00:00,4674.98,4681.46,4659.17,4670.27,4971.2129
2025-09-14 01:00:00+00:00,4670.27,4670.27,4650.44,4659.44,5288.4377
2025-09-14 01:30:00+00:00,4659.44,4678.07,4655.75,4673.13,3760.4751
2025-09-14 02:00:00+00:00,4673.13,4692.36,4671.21,4681.16,6613.7019
2025-09-14 02:30:00+00:00,4681.15,4685.58,4671.0,4683.16,3807.9992
2025-09-14 03:00:00+00:00,4683.16,4686.62,4667.48,4673.54,3251.7786
2025-09-14 03:30:00+00:00,4673.53,4678.06,4661.27,4663.22,2845.5317
2025-09-14 04:00:00+00:00,4663.22,4664.99,4634.0,4658.71,8100.308
2025-09-14 04:30:00+00:00,4658.71,4667.33,4657.87,4658.97,2209.674
2025-09-14 05:00:00+00:00,4658.97,4678.5,4658.47,4676.27,3605.8574
2025-09-14 05:30:00+00:00,4676.27,4679.96,4673.68,4676.08,2416.4783
2025-09-14 06:00:00+00:00,4676.09,4681.47,4666.31,4671.26,3617.184
2025-09-14 06:30:00+00:00,4671.26,4671.76,4660.24,4666.4,2876.0672
2025-09-14 07:00:00+00:00,4666.4,4667.96,4658.61,4666.14,1769.2412
2025-09-14 07:30:00+00:00,4666.14,4667.95,4641.85,4650.58,3828.5454
2025-09-14 08:00:00+00:00,4650.58,4661.73,4645.53,4657.04,3297.59
2025-09-14 08:30:00+00:00,4657.04,4664.52,4652.03,4656.01,1442.956
2025-09-14 09:00:00+00:00,4656.01,4673.39,4652.96,4667.84,3135.1786
2025-09-14 09:30:00+00:00,4667.84,4674.38,4665.02,4665.29,2481.6403
2025-09-14 10:00:00+00:00,4665.3,4669.73,4657.15,4658.32,2009.7369
2025-09-14 10:30:00+00:00,4658.32,4663.67,4657.46,4659.83,1773.6659
2025-09-14 11:00:00+00:00,4659.82,4667.96,4638.0,4640.4,4904.0221
2025-09-14 11:30:00+00:00,4640.41,4643.66,4626.68,4635.0,7104.3402
2025-09-14 12:00:00+00:00,4634.99,4644.74,4632.42,4642.45,4888.2397
2025-09-14 12:30:00+00:00,4642.45,4644.73,4615.05,4632.34,12954.4029
2025-09-14 13:00:00+00:00,4632.35,4635.0,4608.88,4615.99,10372.641
2025-09-14 13:30:00+00:00,4615.99,4627.3,4612.18,4615.22,3476.6716
