timestamp,open,high,low,close,volume
2025-01-01 00:00:00+00:00,2633.0,2634.0,2632.0,2632.0,5.7258
2025-01-01 00:30:00+00:00,2634.0,2638.0,2632.0,2634.0,17.4203
2025-01-01 01:00:00+00:00,2635.0,2660.0,2634.0,2635.0,86.9267
2025-01-01 01:30:00+00:00,2636.0,2641.0,2635.0,2639.0,9.0529
2025-01-01 02:00:00+00:00,2640.0,2642.0,2639.0,2640.0,5.8891
2025-01-01 02:30:00+00:00,2640.0,2642.0,2636.0,2637.0,4.7052
2025-01-01 03:00:00+00:00,2638.0,2638.0,2637.0,2637.0,0.9404
2025-01-01 03:30:00+00:00,2638.0,2640.0,2637.0,2638.0,1.0318
2025-01-01 04:00:00+00:00,2638.0,2639.0,2637.0,2637.0,1.0682
2025-01-01 04:30:00+00:00,2637.0,2638.0,2635.0,2636.0,3.7932
2025-01-01 05:00:00+00:00,2637.0,2638.0,2636.0,2636.0,0.8815
2025-01-01 05:30:00+00:00,2638.0,2638.0,2636.0,2636.0,1.3781
2025-01-01 06:00:00+00:00,2638.0,2638.0,2636.0,2636.0,2.0876
2025-01-01 06:30:00+00:00,2637.0,2637.0,2635.0,2635.0,3.4839
2025-01-01 07:00:00+00:00,2636.0,2639.0,2634.0,2637.0,11.3495
2025-01-01 07:30:00+00:00,2637.0,2638.0,2636.0,2636.0,0.7491
2025-01-01 08:00:00+00:00,2636.0,2637.0,2633.0,2634.0,10.1082
2025-01-01 08:30:00+00:00,2635.0,2639.0,2634.0,2636.0,7.0893
2025-01-01 09:00:00+00:00,2636.0,2637.0,2634.0,2634.0,17.0516
2025-01-01 09:30:00+00:00,2635.0,2635.0,2632.0,2633.0,8.3215
2025-01-01 10:00:00+00:00,2634.0,2636.0,2633.0,2634.0,3.4802
2025-01-01 10:30:00+00:00,2635.0,2636.0,2633.0,2633.0,3.7411
2025-01-01 11:00:00+00:00,2633.0,2635.0,2632.0,2633.0,3.4905
2025-01-01 11:30:00+00:00,2635.0,2635.0,2632.0,2634.0,1.8129
2025-01-01 12:00:00+00:00,2635.0,2635.0,2633.0,2634.0,4.3721
2025-01-01 12:30:00+00:00,2634.0,2636.0,2633.0,2635.0,4.5542
2025-01-01 13:00:00+00:00,2636.0,2637.0,2634.0,2635.0,3.6276
2025-01-01 13:30:00+00:00,2635.0,2636.0,2634.0,2634.0,1.991
2025-01-01 14:00:00+00:00,2635.0,2635.0,2634.0,2634.0,1.6827
2025-01-01 14:30:00+00:00,2634.0,2635.0,2634.0,2634.0,2.6757
2025-01-01 15:00:00+00:00,2634.0,2638.0,2634.0,2636.0,5.1193
2025-01-01 15:30:00+00:00,2637.0,2637.0,2631.0,2631.0,27.9199
2025-01-01 16:00:00+00:00,2631.0,2633.0,2629.0,2629.0,28.8346
2025-01-01 16:30:00+00:00,2631.0,2632.0,2627.0,2628.0,28.6768
2025-01-01 17:00:00+00:00,2628.0,2632.0,2628.0,2629.0,6.8944
2025-01-01 17:30:00+00:00,2629.0,2631.0,2628.0,2628.0,4.6704
2025-01-01 18:00:00+00:00,2628.0,2631.0,2628.0,2628.0,7.5395
2025-01-01 18:30:00+00:00,2628.0,2631.0,2628.0,2628.0,17.5266
2025-01-01 19:00:00+00:00,2628.0,2632.0,2628.0,2629.0,13.6186
2025-01-01 19:30:00+00:00,2631.0,2631.0,2628.0,2631.0,9.7441
2025-01-01 20:00:00+00:00,2630.0,2632.0,2629.0,2631.0,5.6112
2025-01-01 20:30:00+00:00,2632.0,2634.0,2630.0,2632.0,8.7742
2025-01-01 21:00:00+00:00,2633.0,2634.0,2629.0,2632.0,6.6053
2025-01-01 21:30:00+00:00,2633.0,2634.0,2629.0,2629.0,12.1817
2025-01-01 22:00:00+00:00,2631.0,2635.0,2630.0,2632.0,7.805
2025-01-01 22:30:00+00:00,2632.0,2634.0,2630.0,2631.0,5.473
2025-01-01 23:00:00+00:00,2631.0,2632.0,2630.0,2630.0,1.1533
2025-01-01 23:30:00+00:00,2632.0,2632.0,2627.0,2629.0,6.2038
2025-01-02 00:00:00+00:00,2631.0,2636.0,2630.0,2634.0,1.9355
2025-01-02 00:30:00+00:00,2635.0,2635.0,2631.0,2631.0,5.6453
2025-01-02 01:00:00+00:00,2633.0,2637.0,2631.0,2637.0,6.1725
2025-01-02 01:30:00+00:00,2636.0,2642.0,2636.0,2640.0,12.241
2025-01-02 02:00:00+00:00,2641.0,2642.0,2640.0,2642.0,1.8204
2025-01-02 02:30:00+00:00,2641.0,2643.0,2639.0,2642.0,4.6162
2025-01-02 03:00:00+00:00,2642.0,2655.0,2640.0,2641.0,55.6663
2025-01-02 03:30:00+00:00,2642.0,2642.0,2640.0,2641.0,2.4833
2025-01-02 04:00:00+00:00,2641.0,2642.0,2641.0,2642.0,1.3191
2025-01-02 04:30:00+00:00,2641.0,2645.0,2641.0,2644.0,3.1077
2025-01-02 05:00:00+00:00,2644.0,2646.0,2642.0,2644.0,12.0011
2025-01-02 05:30:00+00:00,2644.0,2646.0,2642.0,2642.0,2.0802
2025-01-02 06:00:00+00:00,2642.0,2644.0,2640.0,2641.0,9.6457
2025-01-02 06:30:00+00:00,2641.0,2646.0,2640.0,2643.0,19.462
2025-01-02 07:00:00+00:00,2644.0,2646.0,2636.0,2640.0,96.0162
2025-01-02 07:30:00+00:00,2640.0,2642.0,2640.0,2642.0,10.1821
2025-01-02 08:00:00+00:00,2640.0,2643.0,2639.0,2641.0,12.6729
2025-01-02 08:30:00+00:00,2639.0,2645.0,2638.0,2644.0,15.2221
2025-01-02 09:00:00+00:00,2644.0,2648.0,2643.0,2646.0,23.5757
2025-01-02 09:30:00+00:00,2646.0,2650.0,2646.0,2646.0,30.0122
2025-01-02 10:00:00+00:00,2647.0,2650.0,2646.0,2648.0,9.3209
2025-01-02 10:30:00+00:00,2649.0,2651.0,2647.0,2649.0,8.4045
2025-01-02 11:00:00+00:00,2651.0,2651.0,2647.0,2647.0,22.9969
2025-01-02 11:30:00+00:00,2647.0,2649.0,2647.0,2647.0,3.9795
2025-01-02 12:00:00+00:00,2649.0,2650.0,2647.0,2648.0,4.6847
2025-01-02 12:30:00+00:00,2648.0,2650.0,2647.0,2649.0,7.7596
2025-01-02 13:00:00+00:00,2650.0,2650.0,2640.0,2644.0,55.5194
2025-01-02 13:30:00+00:00,2644.0,2648.0,2643.0,2644.0,18.693
2025-01-02 14:00:00+00:00,2645.0,2648.0,2643.0,2645.0,62.8147
2025-01-02 14:30:00+00:00,2643.0,2650.0,2643.0,2648.0,70.6845
2025-01-02 15:00:00+00:00,2648.0,2653.0,2647.0,2648.0,34.7714
2025-01-02 15:30:00+00:00,2648.0,2654.0,2646.0,2652.0,81.3544
2025-01-02 16:00:00+00:00,2654.0,2655.0,2651.0,2654.0,11.1236
2025-01-02 16:30:00+00:00,2653.0,2655.0,2651.0,2653.0,15.5351
2025-01-02 17:00:00+00:00,2653.0,2654.0,2653.0,2653.0,14.2769
2025-01-02 17:30:00+00:00,2654.0,2654.0,2648.0,2651.0,41.7029
2025-01-02 18:00:00+00:00,2653.0,2654.0,2650.0,2654.0,5.7446
2025-01-02 18:30:00+00:00,2652.0,2655.0,2652.0,2655.0,6.3954
2025-01-02 19:00:00+00:00,2654.0,2655.0,2653.0,2655.0,14.6797
2025-01-02 19:30:00+00:00,2655.0,2655.0,2651.0,2652.0,7.0737
2025-01-02 20:00:00+00:00,2653.0,2655.0,2651.0,2652.0,16.3913
2025-01-02 20:30:00+00:00,2654.0,2655.0,2652.0,2652.0,5.5266
2025-01-02 21:00:00+00:00,2654.0,2654.0,2652.0,2652.0,6.8549
2025-01-02 21:30:00+00:00,2652.0,2655.0,2652.0,2654.0,19.7971
2025-01-02 22:00:00+00:00,2654.0,2655.0,2652.0,2655.0,11.026
2025-01-02 22:30:00+00:00,2654.0,2655.0,2654.0,2655.0,2.2964
2025-01-02 23:00:00+00:00,2655.0,2656.0,2653.0,2655.0,64.1589
2025-01-02 23:30:00+00:00,2655.0,2657.0,2654.0,2656.0,2.6597
2025-01-03 00:00:00+00:00,2657.0,2661.0,2656.0,2659.0,18.6027
2025-01-03 00:30:00+00:00,2660.0,2660.0,2657.0,2657.0,4.6896
2025-01-03 01:00:00+00:00,2659.0,2659.0,2658.0,2658.0,1.8338
2025-01-03 01:30:00+00:00,2658.0,2660.0,2658.0,2659.0,0.6181
2025-01-03 02:00:00+00:00,2659.0,2660.0,2659.0,2660.0,2.1652
2025-01-03 02:30:00+00:00,2659.0,2661.0,2659.0,2660.0,10.6382
2025-01-03 03:00:00+00:00,2660.0,2664.0,2660.0,2661.0,11.8867
2025-01-03 03:30:00+00:00,2661.0,2663.0,2660.0,2661.0,9.6271
2025-01-03 04:00:00+00:00,2661.0,2662.0,2660.0,2660.0,2.1769
2025-01-03 04:30:00+00:00,2660.0,2662.0,2660.0,2662.0,24.5064
2025-01-03 05:00:00+00:00,2662.0,2662.0,2660.0,2661.0,19.1929
2025-01-03 05:30:00+00:00,2661.0,2661.0,2660.0,2660.0,19.0821
2025-01-03 06:00:00+00:00,2660.0,2662.0,2660.0,2661.0,0.7429
2025-01-03 06:30:00+00:00,2661.0,2662.0,2660.0,2661.0,6.5851
2025-01-03 07:00:00+00:00,2661.0,2662.0,2659.0,2660.0,50.4611
2025-01-03 07:30:00+00:00,2660.0,2661.0,2659.0,2660.0,12.0047
2025-01-03 08:00:00+00:00,2660.0,2662.0,2659.0,2661.0,28.2309
2025-01-03 08:30:00+00:00,2662.0,2664.0,2658.0,2658.0,45.4972
2025-01-03 09:00:00+00:00,2660.0,2660.0,2647.0,2651.0,56.1418
2025-01-03 09:30:00+00:00,2652.0,2657.0,2650.0,2655.0,10.8877
2025-01-03 10:00:00+00:00,2656.0,2662.0,2655.0,2658.0,42.397
2025-01-03 10:30:00+00:00,2658.0,2658.0,2655.0,2655.0,8.4639
2025-01-03 11:00:00+00:00,2656.0,2659.0,2655.0,2658.0,19.1171
2025-01-03 11:30:00+00:00,2659.0,2660.0,2658.0,2660.0,9.6652
2025-01-03 12:00:00+00:00,2660.0,2661.0,2658.0,2660.0,15.1812
2025-01-03 12:30:00+00:00,2659.0,2660.0,2658.0,2659.0,4.589
2025-01-03 13:00:00+00:00,2660.0,2660.0,2655.0,2656.0,49.4612
2025-01-03 13:30:00+00:00,2656.0,2657.0,2654.0,2655.0,119.2544
2025-01-03 14:00:00+00:00,2656.0,2657.0,2655.0,2656.0,64.9151
2025-01-03 14:30:00+00:00,2655.0,2658.0,2655.0,2657.0,91.2895
2025-01-03 15:00:00+00:00,2657.0,2657.0,2650.0,2654.0,35.8156
2025-01-03 15:30:00+00:00,2654.0,2658.0,2653.0,2656.0,29.6227
2025-01-03 16:00:00+00:00,2655.0,2659.0,2653.0,2653.0,22.7402
2025-01-03 16:30:00+00:00,2653.0,2659.0,2651.0,2654.0,46.4523
2025-01-03 17:00:00+00:00,2655.0,2655.0,2648.0,2650.0,16.467
2025-01-03 17:30:00+00:00,2648.0,2653.0,2648.0,2653.0,9.0948
2025-01-03 18:00:00+00:00,2651.0,2652.0,2649.0,2650.0,11.9216
2025-01-03 18:30:00+00:00,2650.0,2651.0,2648.0,2648.0,18.2664
2025-01-03 19:00:00+00:00,2650.0,2651.0,2648.0,2649.0,10.6627
2025-01-03 19:30:00+00:00,2651.0,2651.0,2648.0,2649.0,16.4481
2025-01-03 20:00:00+00:00,2650.0,2653.0,2648.0,2650.0,13.2059
2025-01-03 20:30:00+00:00,2649.0,2650.0,2648.0,2649.0,14.6496
2025-01-03 21:00:00+00:00,2649.0,2650.0,2649.0,2650.0,9.7858
2025-01-03 21:30:00+00:00,2649.0,2650.0,2648.0,2649.0,3.4415
2025-01-03 22:00:00+00:00,2650.0,2651.0,2648.0,2650.0,10.3586
2025-01-03 22:30:00+00:00,2649.0,2651.0,2649.0,2651.0,5.1617
2025-01-03 23:00:00+00:00,2651.0,2651.0,2647.0,2648.0,6.379
2025-01-03 23:30:00+00:00,2648.0,2649.0,2647.0,2648.0,4.7584
2025-01-04 00:00:00+00:00,2649.0,2649.0,2647.0,2647.0,5.8962
2025-01-04 00:30:00+00:00,2647.0,2650.0,2647.0,2648.0,5.0208
2025-01-04 01:00:00+00:00,2647.0,2649.0,2647.0,2649.0,2.3232
2025-01-04 01:30:00+00:00,2647.0,2650.0,2647.0,2649.0,3.5439
2025-01-04 02:00:00+00:00,2649.0,2650.0,2649.0,2649.0,1.4036
2025-01-04 02:30:00+00:00,2649.0,2651.0,2649.0,2650.0,6.7044
2025-01-04 03:00:00+00:00,2649.0,2650.0,2648.0,2648.0,1.4461
2025-01-04 03:30:00+00:00,2650.0,2650.0,2648.0,2648.0,0.6237
2025-01-04 04:00:00+00:00,2649.0,2651.0,2648.0,2649.0,2.7186
2025-01-04 04:30:00+00:00,2649.0,2651.0,2649.0,2650.0,2.5231
2025-01-04 05:00:00+00:00,2651.0,2651.0,2649.0,2649.0,1.6614
2025-01-04 05:30:00+00:00,2649.0,2651.0,2648.0,2650.0,3.642
2025-01-04 06:00:00+00:00,2651.0,2651.0,2649.0,2650.0,5.7799
2025-01-04 06:30:00+00:00,2650.0,2651.0,2648.0,2649.0,4.2746
2025-01-04 07:00:00+00:00,2650.0,2650.0,2648.0,2649.0,2.3278
2025-01-04 07:30:00+00:00,2648.0,2651.0,2648.0,2649.0,2.1026
2025-01-04 08:00:00+00:00,2649.0,2651.0,2648.0,2648.0,6.6813
2025-01-04 08:30:00+00:00,2648.0,2649.0,2644.0,2646.0,16.1961
2025-01-04 09:00:00+00:00,2645.0,2647.0,2645.0,2647.0,5.0986
2025-01-04 09:30:00+00:00,2646.0,2647.0,2645.0,2645.0,2.4405
2025-01-04 10:00:00+00:00,2647.0,2647.0,2645.0,2645.0,2.7608
2025-01-04 10:30:00+00:00,2645.0,2648.0,2645.0,2647.0,2.0587
2025-01-04 11:00:00+00:00,2648.0,2648.0,2646.0,2646.0,3.8338
2025-01-04 11:30:00+00:00,2646.0,2648.0,2646.0,2647.0,5.1327
2025-01-04 12:00:00+00:00,2647.0,2653.0,2646.0,2649.0,31.5242
2025-01-04 12:30:00+00:00,2649.0,2651.0,2647.0,2648.0,6.9112
2025-01-04 13:00:00+00:00,2649.0,2649.0,2645.0,2646.0,3.498
2025-01-04 13:30:00+00:00,2645.0,2648.0,2644.0,2645.0,15.4695
2025-01-04 14:00:00+00:00,2647.0,2647.0,2644.0,2645.0,6.2451
2025-01-04 14:30:00+00:00,2646.0,2647.0,2645.0,2645.0,4.7064
2025-01-04 15:00:00+00:00,2645.0,2649.0,2643.0,2644.0,13.8446
2025-01-04 15:30:00+00:00,2644.0,2646.0,2643.0,2644.0,8.1113
2025-01-04 16:00:00+00:00,2644.0,2648.0,2644.0,2648.0,7.8852
2025-01-04 16:30:00+00:00,2648.0,2648.0,2644.0,2646.0,3.3218
2025-01-04 17:00:00+00:00,2644.0,2646.0,2644.0,2645.0,5.7712
2025-01-04 17:30:00+00:00,2645.0,2646.0,2644.0,2646.0,4.1459
2025-01-04 18:00:00+00:00,2646.0,2649.0,2644.0,2646.0,7.7212
2025-01-04 18:30:00+00:00,2646.0,2648.0,2646.0,2646.0,1.4044
2025-01-04 19:00:00+00:00,2646.0,2647.0,2644.0,2645.0,3.8375
2025-01-04 19:30:00+00:00,2645.0,2647.0,2645.0,2645.0,2.2415
2025-01-04 20:00:00+00:00,2645.0,2647.0,2645.0,2645.0,3.9773
2025-01-04 20:30:00+00:00,2645.0,2650.0,2645.0,2648.0,4.7856
2025-01-04 21:00:00+00:00,2650.0,2650.0,2647.0,2648.0,13.1005
2025-01-04 21:30:00+00:00,2650.0,2650.0,2648.0,2650.0,1.9384
2025-01-04 22:00:00+00:00,2650.0,2651.0,2647.0,2649.0,22.8284
2025-01-04 22:30:00+00:00,2649.0,2655.0,2646.0,2646.0,57.2975
2025-01-04 23:00:00+00:00,2646.0,2650.0,2646.0,2647.0,6.1161
2025-01-04 23:30:00+00:00,2647.0,2648.0,2646.0,2647.0,1.5911
2025-01-05 00:00:00+00:00,2648.0,2650.0,2646.0,2648.0,5.9621
2025-01-05 00:30:00+00:00,2648.0,2653.0,2648.0,2649.0,16.9581
2025-01-05 01:00:00+00:00,2650.0,2650.0,2645.0,2646.0,4.9323
2025-01-05 01:30:00+00:00,2646.0,2647.0,2646.0,2647.0,3.0663
2025-01-05 02:00:00+00:00,2648.0,2648.0,2646.0,2646.0,0.7236
2025-01-05 02:30:00+00:00,2648.0,2648.0,2646.0,2646.0,2.1948
2025-01-05 03:00:00+00:00,2646.0,2655.0,2646.0,2652.0,23.4761
2025-01-05 03:30:00+00:00,2654.0,2654.0,2652.0,2653.0,1.9556
2025-01-05 04:00:00+00:00,2654.0,2654.0,2653.0,2654.0,3.5613
2025-01-05 04:30:00+00:00,2653.0,2654.0,2651.0,2651.0,5.798
2025-01-05 05:00:00+00:00,2651.0,2652.0,2650.0,2650.0,1.2423
2025-01-05 05:30:00+00:00,2650.0,2651.0,2645.0,2647.0,13.3173
2025-01-05 06:00:00+00:00,2649.0,2649.0,2646.0,2647.0,2.1815
2025-01-05 06:30:00+00:00,2648.0,2648.0,2647.0,2647.0,1.1081
2025-01-05 07:00:00+00:00,2648.0,2656.0,2647.0,2651.0,27.4822
2025-01-05 07:30:00+00:00,2652.0,2652.0,2650.0,2650.0,2.9197
2025-01-05 08:00:00+00:00,2650.0,2652.0,2648.0,2648.0,7.0841
2025-01-05 08:30:00+00:00,2648.0,2653.0,2648.0,2652.0,2.8633
2025-01-05 09:00:00+00:00,2653.0,2653.0,2650.0,2651.0,4.2644
2025-01-05 09:30:00+00:00,2650.0,2651.0,2649.0,2649.0,0.8346
2025-01-05 10:00:00+00:00,2650.0,2651.0,2648.0,2649.0,4.8032
2025-01-05 10:30:00+00:00,2649.0,2650.0,2648.0,2649.0,2.2857
2025-01-05 11:00:00+00:00,2650.0,2650.0,2648.0,2649.0,1.4346
2025-01-05 11:30:00+00:00,2650.0,2650.0,2644.0,2646.0,25.8013
2025-01-05 12:00:00+00:00,2644.0,2648.0,2644.0,2647.0,9.1767
2025-01-05 12:30:00+00:00,2648.0,2648.0,2647.0,2647.0,3.3072
2025-01-05 13:00:00+00:00,2648.0,2648.0,2646.0,2647.0,2.2331
2025-01-05 13:30:00+00:00,2647.0,2649.0,2647.0,2649.0,4.2587
2025-01-05 14:00:00+00:00,2649.0,2649.0,2646.0,2649.0,3.2821
2025-01-05 14:30:00+00:00,2649.0,2653.0,2648.0,2653.0,11.4702
2025-01-05 15:00:00+00:00,2653.0,2655.0,2651.0,2652.0,6.7073
2025-01-05 15:30:00+00:00,2652.0,2653.0,2651.0,2653.0,3.105
2025-01-05 16:00:00+00:00,2653.0,2653.0,2651.0,2651.0,2.1472
2025-01-05 16:30:00+00:00,2652.0,2652.0,2650.0,2650.0,4.5221
2025-01-05 17:00:00+00:00,2651.0,2651.0,2649.0,2649.0,2.7534
2025-01-05 17:30:00+00:00,2649.0,2650.0,2648.0,2650.0,5.7014
2025-01-05 18:00:00+00:00,2649.0,2650.0,2648.0,2648.0,1.5941
2025-01-05 18:30:00+00:00,2649.0,2650.0,2648.0,2649.0,6.9767
2025-01-05 19:00:00+00:00,2649.0,2649.0,2647.0,2649.0,1.7941
2025-01-05 19:30:00+00:00,2649.0,2649.0,2647.0,2649.0,1.0998
2025-01-05 20:00:00+00:00,2649.0,2649.0,2647.0,2648.0,3.5774
2025-01-05 20:30:00+00:00,2647.0,2648.0,2644.0,2646.0,4.1592
2025-01-05 21:00:00+00:00,2646.0,2646.0,2645.0,2646.0,1.9505
2025-01-05 21:30:00+00:00,2646.0,2646.0,2645.0,2646.0,2.3192
2025-01-05 22:00:00+00:00,2646.0,2646.0,2644.0,2645.0,5.0726
2025-01-05 22:30:00+00:00,2645.0,2646.0,2645.0,2646.0,0.9696
2025-01-05 23:00:00+00:00,2646.0,2646.0,2645.0,2646.0,2.0057
2025-01-05 23:30:00+00:00,2646.0,2646.0,2645.0,2645.0,0.3458
2025-01-06 00:00:00+00:00,2646.0,2648.0,2644.0,2647.0,2.0927
2025-01-06 00:30:00+00:00,2648.0,2648.0,2646.0,2648.0,7.2498
2025-01-06 01:00:00+00:00,2648.0,2650.0,2646.0,2649.0,12.0161
2025-01-06 01:30:00+00:00,2648.0,2650.0,2648.0,2649.0,2.1059
2025-01-06 02:00:00+00:00,2650.0,2652.0,2649.0,2651.0,7.4755
2025-01-06 02:30:00+00:00,2651.0,2655.0,2651.0,2654.0,7.0765
2025-01-06 03:00:00+00:00,2654.0,2655.0,2653.0,2654.0,11.2488
2025-01-06 03:30:00+00:00,2655.0,2656.0,2652.0,2654.0,15.9455
2025-01-06 04:00:00+00:00,2654.0,2654.0,2651.0,2653.0,5.8255
2025-01-06 04:30:00+00:00,2651.0,2654.0,2651.0,2653.0,10.5278
2025-01-06 05:00:00+00:00,2653.0,2653.0,2650.0,2651.0,4.628
2025-01-06 05:30:00+00:00,2652.0,2652.0,2649.0,2651.0,4.1701
2025-01-06 06:00:00+00:00,2651.0,2651.0,2646.0,2648.0,3.8501
2025-01-06 06:30:00+00:00,2648.0,2648.0,2644.0,2644.0,12.1483
2025-01-06 07:00:00+00:00,2646.0,2646.0,2644.0,2644.0,2.1405
2025-01-06 07:30:00+00:00,2646.0,2647.0,2644.0,2646.0,18.1469
2025-01-06 08:00:00+00:00,2646.0,2647.0,2644.0,2644.0,9.7824
2025-01-06 08:30:00+00:00,2644.0,2645.0,2642.0,2643.0,13.1589
2025-01-06 09:00:00+00:00,2642.0,2646.0,2642.0,2644.0,19.5337
2025-01-06 09:30:00+00:00,2644.0,2646.0,2641.0,2644.0,17.9004
2025-01-06 10:00:00+00:00,2645.0,2645.0,2641.0,2642.0,11.4686
2025-01-06 10:30:00+00:00,2643.0,2645.0,2642.0,2645.0,4.8589
2025-01-06 11:00:00+00:00,2643.0,2650.0,2643.0,2650.0,16.0373
2025-01-06 11:30:00+00:00,2651.0,2654.0,2650.0,2654.0,12.7758
2025-01-06 12:00:00+00:00,2654.0,2656.0,2652.0,2653.0,30.3239
2025-01-06 12:30:00+00:00,2654.0,2655.0,2653.0,2655.0,1.6712
2025-01-06 13:00:00+00:00,2655.0,2656.0,2648.0,2654.0,32.3877
2025-01-06 13:30:00+00:00,2654.0,2654.0,2641.0,2644.0,72.9172
2025-01-06 14:00:00+00:00,2643.0,2647.0,2639.0,2642.0,28.1052
2025-01-06 14:30:00+00:00,2641.0,2649.0,2640.0,2646.0,49.2401
2025-01-06 15:00:00+00:00,2646.0,2649.0,2642.0,2647.0,30.6911
2025-01-06 15:30:00+00:00,2648.0,2652.0,2643.0,2648.0,21.3452
2025-01-06 16:00:00+00:00,2648.0,2653.0,2646.0,2651.0,39.7192
2025-01-06 16:30:00+00:00,2652.0,2652.0,2647.0,2649.0,16.9823
2025-01-06 17:00:00+00:00,2650.0,2650.0,2645.0,2645.0,18.214
2025-01-06 17:30:00+00:00,2645.0,2647.0,2641.0,2644.0,42.2754
2025-01-06 18:00:00+00:00,2644.0,2647.0,2643.0,2646.0,2.3402
2025-01-06 18:30:00+00:00,2647.0,2648.0,2645.0,2646.0,6.8482
2025-01-06 19:00:00+00:00,2646.0,2648.0,2643.0,2647.0,6.1142
2025-01-06 19:30:00+00:00,2648.0,2653.0,2646.0,2647.0,24.8276
2025-01-06 20:00:00+00:00,2647.0,2649.0,2643.0,2648.0,18.4104
2025-01-06 20:30:00+00:00,2647.0,2649.0,2646.0,2647.0,3.1218
2025-01-06 21:00:00+00:00,2647.0,2649.0,2646.0,2649.0,6.5392
2025-01-06 21:30:00+00:00,2648.0,2652.0,2648.0,2650.0,8.1143
2025-01-06 22:00:00+00:00,2652.0,2660.0,2649.0,2654.0,63.8748
2025-01-06 22:30:00+00:00,2654.0,2654.0,2651.0,2652.0,1.8988
2025-01-06 23:00:00+00:00,2650.0,2652.0,2649.0,2652.0,6.2355
2025-01-06 23:30:00+00:00,2652.0,2658.0,2651.0,2655.0,12.6263
2025-01-07 00:00:00+00:00,2655.0,2655.0,2652.0,2655.0,10.8929
2025-01-07 00:30:00+00:00,2655.0,2655.0,2651.0,2653.0,1.4149
2025-01-07 01:00:00+00:00,2653.0,2653.0,2648.0,2649.0,1.8649
2025-01-07 01:30:00+00:00,2650.0,2650.0,2649.0,2649.0,0.7716
2025-01-07 02:00:00+00:00,2650.0,2650.0,2648.0,2649.0,1.466
2025-01-07 02:30:00+00:00,2649.0,2650.0,2648.0,2649.0,3.866
2025-01-07 03:00:00+00:00,2648.0,2651.0,2648.0,2649.0,4.376
2025-01-07 03:30:00+00:00,2651.0,2652.0,2649.0,2651.0,1.02
2025-01-07 04:00:00+00:00,2651.0,2653.0,2650.0,2652.0,1.9455
2025-01-07 04:30:00+00:00,2653.0,2654.0,2650.0,2652.0,7.791
2025-01-07 05:00:00+00:00,2652.0,2655.0,2650.0,2653.0,18.6334
2025-01-07 05:30:00+00:00,2653.0,2655.0,2651.0,2653.0,4.9494
2025-01-07 06:00:00+00:00,2653.0,2655.0,2652.0,2654.0,7.1876
2025-01-07 06:30:00+00:00,2654.0,2654.0,2653.0,2654.0,6.1982
2025-01-07 07:00:00+00:00,2654.0,2654.0,2651.0,2652.0,7.9804
2025-01-07 07:30:00+00:00,2651.0,2652.0,2649.0,2650.0,4.1782
2025-01-07 08:00:00+00:00,2651.0,2652.0,2650.0,2652.0,5.2155
2025-01-07 08:30:00+00:00,2651.0,2653.0,2651.0,2652.0,2.5396
2025-01-07 09:00:00+00:00,2653.0,2654.0,2651.0,2652.0,4.0035
2025-01-07 09:30:00+00:00,2653.0,2653.0,2651.0,2652.0,1.7707
2025-01-07 10:00:00+00:00,2652.0,2652.0,2650.0,2652.0,6.5837
2025-01-07 10:30:00+00:00,2652.0,2653.0,2651.0,2652.0,2.6187
2025-01-07 11:00:00+00:00,2653.0,2657.0,2652.0,2654.0,19.8982
2025-01-07 11:30:00+00:00,2653.0,2659.0,2651.0,2657.0,34.5382
2025-01-07 12:00:00+00:00,2657.0,2660.0,2656.0,2656.0,25.1125
2025-01-07 12:30:00+00:00,2657.0,2661.0,2654.0,2661.0,28.0267
2025-01-07 13:00:00+00:00,2661.0,2668.0,2660.0,2668.0,79.825
2025-01-07 13:30:00+00:00,2667.0,2669.0,2666.0,2666.0,51.9622
2025-01-07 14:00:00+00:00,2666.0,2668.0,2663.0,2663.0,9.0751
2025-01-07 14:30:00+00:00,2665.0,2667.0,2659.0,2661.0,26.1423
2025-01-07 15:00:00+00:00,2660.0,2661.0,2647.0,2657.0,83.2918
2025-01-07 15:30:00+00:00,2658.0,2659.0,2647.0,2655.0,116.6522
2025-01-07 16:00:00+00:00,2654.0,2657.0,2651.0,2655.0,20.976
2025-01-07 16:30:00+00:00,2657.0,2660.0,2655.0,2655.0,24.3135
2025-01-07 17:00:00+00:00,2657.0,2664.0,2655.0,2664.0,40.2142
2025-01-07 17:30:00+00:00,2664.0,2667.0,2652.0,2659.0,31.3515
2025-01-07 18:00:00+00:00,2657.0,2662.0,2655.0,2659.0,16.6153
2025-01-07 18:30:00+00:00,2659.0,2660.0,2651.0,2652.0,32.1395
2025-01-07 19:00:00+00:00,2653.0,2658.0,2652.0,2653.0,7.038
2025-01-07 19:30:00+00:00,2654.0,2657.0,2648.0,2653.0,49.699
2025-01-07 20:00:00+00:00,2652.0,2654.0,2647.0,2650.0,15.4267
2025-01-07 20:30:00+00:00,2650.0,2653.0,2648.0,2648.0,22.609
2025-01-07 21:00:00+00:00,2650.0,2653.0,2648.0,2649.0,15.3476
2025-01-07 21:30:00+00:00,2650.0,2655.0,2649.0,2649.0,31.2821
2025-01-07 22:00:00+00:00,2649.0,2650.0,2641.0,2649.0,72.3665
2025-01-07 22:30:00+00:00,2647.0,2666.0,2647.0,2658.0,85.0025
2025-01-07 23:00:00+00:00,2659.0,2660.0,2644.0,2651.0,47.3934
2025-01-07 23:30:00+00:00,2651.0,2653.0,2648.0,2652.0,7.4103
2025-01-08 00:00:00+00:00,2653.0,2666.0,2651.0,2660.0,104.0226
2025-01-08 00:30:00+00:00,2660.0,2661.0,2651.0,2656.0,17.4015
2025-01-08 01:00:00+00:00,2656.0,2656.0,2650.0,2651.0,3.3401
2025-01-08 01:30:00+00:00,2650.0,2655.0,2650.0,2654.0,6.9611
2025-01-08 02:00:00+00:00,2655.0,2655.0,2654.0,2655.0,2.1361
2025-01-08 02:30:00+00:00,2655.0,2655.0,2653.0,2653.0,2.0577
2025-01-08 03:00:00+00:00,2654.0,2654.0,2645.0,2650.0,25.6091
2025-01-08 03:30:00+00:00,2651.0,2652.0,2647.0,2650.0,4.7671
2025-01-08 04:00:00+00:00,2649.0,2653.0,2649.0,2652.0,5.8575
2025-01-08 04:30:00+00:00,2653.0,2653.0,2648.0,2650.0,9.3687
2025-01-08 05:00:00+00:00,2651.0,2660.0,2649.0,2658.0,35.8206
2025-01-08 05:30:00+00:00,2660.0,2661.0,2648.0,2653.0,35.9556
2025-01-08 06:00:00+00:00,2653.0,2657.0,2652.0,2654.0,11.7009
2025-01-08 06:30:00+00:00,2655.0,2656.0,2648.0,2651.0,32.1484
2025-01-08 07:00:00+00:00,2651.0,2656.0,2648.0,2656.0,36.2518
2025-01-08 07:30:00+00:00,2655.0,2658.0,2649.0,2658.0,15.47
2025-01-08 08:00:00+00:00,2658.0,2658.0,2653.0,2654.0,23.1611
2025-01-08 08:30:00+00:00,2654.0,2658.0,2653.0,2655.0,14.0876
2025-01-08 09:00:00+00:00,2657.0,2658.0,2655.0,2655.0,10.0749
2025-01-08 09:30:00+00:00,2657.0,2659.0,2653.0,2654.0,28.968
2025-01-08 10:00:00+00:00,2653.0,2658.0,2653.0,2655.0,21.5064
2025-01-08 10:30:00+00:00,2656.0,2659.0,2653.0,2655.0,12.3258
2025-01-08 11:00:00+00:00,2656.0,2658.0,2652.0,2652.0,10.4998
2025-01-08 11:30:00+00:00,2652.0,2656.0,2649.0,2655.0,23.3962
2025-01-08 12:00:00+00:00,2657.0,2659.0,2651.0,2655.0,35.9528
2025-01-08 12:30:00+00:00,2655.0,2658.0,2653.0,2657.0,8.6883
2025-01-08 13:00:00+00:00,2656.0,2661.0,2653.0,2657.0,28.3674
2025-01-08 13:30:00+00:00,2656.0,2660.0,2655.0,2660.0,13.1497
2025-01-08 14:00:00+00:00,2660.0,2664.0,2658.0,2663.0,42.5292
2025-01-08 14:30:00+00:00,2663.0,2670.0,2661.0,2665.0,73.946
2025-01-08 15:00:00+00:00,2666.0,2667.0,2661.0,2663.0,12.8661
2025-01-08 15:30:00+00:00,2663.0,2672.0,2662.0,2671.0,50.3229
2025-01-08 16:00:00+00:00,2671.0,2673.0,2669.0,2672.0,55.5721
2025-01-08 16:30:00+00:00,2673.0,2675.0,2666.0,2670.0,51.7069
2025-01-08 17:00:00+00:00,2670.0,2680.0,2663.0,2665.0,228.9493
2025-01-08 17:30:00+00:00,2665.0,2668.0,2654.0,2662.0,142.8744
2025-01-08 18:00:00+00:00,2662.0,2668.0,2661.0,2665.0,48.0968
2025-01-08 18:30:00+00:00,2665.0,2669.0,2660.0,2664.0,25.6622
2025-01-08 19:00:00+00:00,2664.0,2669.0,2661.0,2667.0,17.0182
2025-01-08 19:30:00+00:00,2666.0,2666.0,2662.0,2663.0,8.5266
2025-01-08 20:00:00+00:00,2663.0,2664.0,2660.0,2662.0,14.7896
2025-01-08 20:30:00+00:00,2663.0,2670.0,2662.0,2669.0,14.7182
2025-01-08 21:00:00+00:00,2669.0,2670.0,2664.0,2670.0,21.6748
2025-01-08 21:30:00+00:00,2669.0,2670.0,2665.0,2666.0,13.8169
2025-01-08 22:00:00+00:00,2667.0,2670.0,2665.0,2666.0,8.169
2025-01-08 22:30:00+00:00,2668.0,2670.0,2664.0,2664.0,17.1782
2025-01-08 23:00:00+00:00,2665.0,2666.0,2662.0,2664.0,17.3866
2025-01-08 23:30:00+00:00,2663.0,2668.0,2663.0,2665.0,11.9914
2025-01-09 00:00:00+00:00,2666.0,2670.0,2664.0,2670.0,9.6192
2025-01-09 00:30:00+00:00,2668.0,2672.0,2668.0,2671.0,8.3138
2025-01-09 01:00:00+00:00,2671.0,2674.0,2668.0,2672.0,49.3573
2025-01-09 01:30:00+00:00,2672.0,2672.0,2666.0,2668.0,5.0577
2025-01-09 02:00:00+00:00,2668.0,2668.0,2663.0,2666.0,6.9899
2025-01-09 02:30:00+00:00,2665.0,2667.0,2664.0,2666.0,3.6764
2025-01-09 03:00:00+00:00,2666.0,2669.0,2663.0,2665.0,11.2947
2025-01-09 03:30:00+00:00,2665.0,2669.0,2665.0,2669.0,6.7193
2025-01-09 04:00:00+00:00,2668.0,2670.0,2664.0,2664.0,6.518
2025-01-09 04:30:00+00:00,2664.0,2670.0,2662.0,2667.0,18.5545
2025-01-09 05:00:00+00:00,2669.0,2676.0,2667.0,2675.0,28.9473
2025-01-09 05:30:00+00:00,2675.0,2675.0,2669.0,2672.0,28.2229
2025-01-09 06:00:00+00:00,2674.0,2674.0,2666.0,2667.0,28.0961
2025-01-09 06:30:00+00:00,2667.0,2677.0,2667.0,2675.0,49.9263
2025-01-09 07:00:00+00:00,2675.0,2681.0,2672.0,2673.0,52.631
2025-01-09 07:30:00+00:00,2673.0,2680.0,2670.0,2677.0,24.9535
2025-01-09 08:00:00+00:00,2677.0,2680.0,2659.0,2669.0,105.631
2025-01-09 08:30:00+00:00,2669.0,2671.0,2667.0,2668.0,7.6137
2025-01-09 09:00:00+00:00,2669.0,2671.0,2666.0,2666.0,11.2928
2025-01-09 09:30:00+00:00,2666.0,2671.0,2665.0,2670.0,22.95
2025-01-09 10:00:00+00:00,2669.0,2671.0,2667.0,2668.0,4.3032
2025-01-09 10:30:00+00:00,2668.0,2674.0,2668.0,2673.0,13.204
2025-01-09 11:00:00+00:00,2674.0,2678.0,2673.0,2678.0,9.3113
2025-01-09 11:30:00+00:00,2678.0,2678.0,2674.0,2678.0,3.6694
2025-01-09 12:00:00+00:00,2678.0,2680.0,2676.0,2680.0,5.1722
2025-01-09 12:30:00+00:00,2680.0,2683.0,2677.0,2681.0,72.9144
2025-01-09 13:00:00+00:00,2681.0,2682.0,2677.0,2680.0,8.9884
2025-01-09 13:30:00+00:00,2680.0,2681.0,2674.0,2678.0,57.9216
2025-01-09 14:00:00+00:00,2677.0,2683.0,2673.0,2674.0,30.8053
2025-01-09 14:30:00+00:00,2673.0,2682.0,2673.0,2678.0,17.9361
2025-01-09 15:00:00+00:00,2679.0,2682.0,2675.0,2680.0,44.3272
2025-01-09 15:30:00+00:00,2680.0,2683.0,2673.0,2673.0,58.7093
2025-01-09 16:00:00+00:00,2673.0,2678.0,2671.0,2676.0,21.2954
2025-01-09 16:30:00+00:00,2675.0,2676.0,2672.0,2675.0,6.6226
2025-01-09 17:00:00+00:00,2676.0,2676.0,2670.0,2671.0,27.0067
2025-01-09 17:30:00+00:00,2671.0,2673.0,2670.0,2671.0,14.2629
2025-01-09 18:00:00+00:00,2672.0,2676.0,2670.0,2673.0,17.85
2025-01-09 18:30:00+00:00,2674.0,2676.0,2673.0,2675.0,9.9106
2025-01-09 19:00:00+00:00,2675.0,2677.0,2672.0,2675.0,16.6501
2025-01-09 19:30:00+00:00,2677.0,2681.0,2676.0,2677.0,19.7991
2025-01-09 20:00:00+00:00,2679.0,2680.0,2670.0,2671.0,26.5968
2025-01-09 20:30:00+00:00,2672.0,2676.0,2670.0,2673.0,24.0987
2025-01-09 21:00:00+00:00,2673.0,2676.0,2673.0,2674.0,13.0965
2025-01-09 21:30:00+00:00,2674.0,2680.0,2673.0,2675.0,21.3762
2025-01-09 22:00:00+00:00,2674.0,2676.0,2669.0,2671.0,48.5134
2025-01-09 22:30:00+00:00,2672.0,2678.0,2672.0,2673.0,17.4601
2025-01-09 23:00:00+00:00,2673.0,2675.0,2672.0,2674.0,5.9774
2025-01-09 23:30:00+00:00,2674.0,2675.0,2670.0,2670.0,4.9465
2025-01-10 00:00:00+00:00,2672.0,2673.0,2669.0,2673.0,17.5854
2025-01-10 00:30:00+00:00,2672.0,2673.0,2670.0,2671.0,4.8276
2025-01-10 01:00:00+00:00,2671.0,2677.0,2671.0,2677.0,11.7504
2025-01-10 01:30:00+00:00,2675.0,2680.0,2674.0,2677.0,12.0275
2025-01-10 02:00:00+00:00,2678.0,2682.0,2675.0,2676.0,18.46
2025-01-10 02:30:00+00:00,2676.0,2682.0,2676.0,2679.0,14.0304
2025-01-10 03:00:00+00:00,2680.0,2680.0,2675.0,2676.0,8.5275
2025-01-10 03:30:00+00:00,2677.0,2678.0,2674.0,2675.0,7.7407
2025-01-10 04:00:00+00:00,2676.0,2678.0,2673.0,2673.0,4.8112
2025-01-10 04:30:00+00:00,2674.0,2679.0,2671.0,2673.0,30.4392
2025-01-10 05:00:00+00:00,2675.0,2675.0,2670.0,2672.0,9.2394
2025-01-10 05:30:00+00:00,2673.0,2681.0,2672.0,2676.0,25.0652
2025-01-10 06:00:00+00:00,2677.0,2678.0,2674.0,2674.0,10.7413
2025-01-10 06:30:00+00:00,2674.0,2677.0,2673.0,2675.0,16.9817
2025-01-10 07:00:00+00:00,2675.0,2683.0,2675.0,2678.0,21.7051
2025-01-10 07:30:00+00:00,2678.0,2681.0,2674.0,2676.0,29.7066
2025-01-10 08:00:00+00:00,2676.0,2679.0,2672.0,2676.0,24.5401
2025-01-10 08:30:00+00:00,2678.0,2692.0,2675.0,2678.0,108.2839
2025-01-10 09:00:00+00:00,2678.0,2687.0,2677.0,2678.0,24.8334
2025-01-10 09:30:00+00:00,2678.0,2681.0,2676.0,2677.0,8.6487
2025-01-10 10:00:00+00:00,2678.0,2682.0,2676.0,2679.0,12.6603
2025-01-10 10:30:00+00:00,2679.0,2681.0,2675.0,2678.0,18.8532
2025-01-10 11:00:00+00:00,2679.0,2683.0,2677.0,2679.0,16.0824
2025-01-10 11:30:00+00:00,2679.0,2682.0,2678.0,2681.0,11.0771
2025-01-10 12:00:00+00:00,2681.0,2683.0,2679.0,2680.0,27.9952
2025-01-10 12:30:00+00:00,2680.0,2680.0,2675.0,2678.0,25.5218
2025-01-10 13:00:00+00:00,2679.0,2680.0,2676.0,2680.0,6.2088
2025-01-10 13:30:00+00:00,2679.0,2682.0,2666.0,2682.0,75.793
2025-01-10 14:00:00+00:00,2682.0,2688.0,2681.0,2687.0,30.9964
2025-01-10 14:30:00+00:00,2687.0,2690.0,2684.0,2685.0,26.6235
2025-01-10 15:00:00+00:00,2686.0,2691.0,2684.0,2690.0,59.3672
2025-01-10 15:30:00+00:00,2690.0,2694.0,2690.0,2690.0,44.9431
2025-01-10 16:00:00+00:00,2690.0,2694.0,2688.0,2688.0,16.6878
2025-01-10 16:30:00+00:00,2688.0,2693.0,2687.0,2691.0,14.4774
2025-01-10 17:00:00+00:00,2693.0,2694.0,2689.0,2691.0,17.3166
2025-01-10 17:30:00+00:00,2692.0,2694.0,2690.0,2690.0,30.0036
2025-01-10 18:00:00+00:00,2690.0,2691.0,2686.0,2686.0,9.6416
2025-01-10 18:30:00+00:00,2687.0,2688.0,2685.0,2685.0,4.4128
2025-01-10 19:00:00+00:00,2685.0,2688.0,2685.0,2687.0,10.4559
2025-01-10 19:30:00+00:00,2688.0,2689.0,2687.0,2688.0,10.2826
2025-01-10 20:00:00+00:00,2687.0,2694.0,2687.0,2690.0,52.9954
2025-01-10 20:30:00+00:00,2690.0,2690.0,2685.0,2687.0,12.0837
2025-01-10 21:00:00+00:00,2686.0,2692.0,2686.0,2689.0,14.461
2025-01-10 21:30:00+00:00,2691.0,2692.0,2688.0,2688.0,5.4648
2025-01-10 22:00:00+00:00,2689.0,2689.0,2685.0,2689.0,5.9049
2025-01-10 22:30:00+00:00,2689.0,2692.0,2689.0,2691.0,4.8426
2025-01-10 23:00:00+00:00,2690.0,2691.0,2689.0,2690.0,5.7008
2025-01-10 23:30:00+00:00,2690.0,2690.0,2685.0,2686.0,7.347
2025-01-11 00:00:00+00:00,2688.0,2688.0,2682.0,2685.0,26.4174
2025-01-11 00:30:00+00:00,2684.0,2685.0,2684.0,2684.0,0.9344
2025-01-11 01:00:00+00:00,2685.0,2685.0,2683.0,2684.0,4.6218
2025-01-11 01:30:00+00:00,2683.0,2685.0,2682.0,2685.0,14.4973
2025-01-11 02:00:00+00:00,2684.0,2685.0,2684.0,2684.0,0.64
2025-01-11 02:30:00+00:00,2685.0,2685.0,2683.0,2683.0,1.0894
2025-01-11 03:00:00+00:00,2684.0,2684.0,2682.0,2683.0,4.6996
2025-01-11 03:30:00+00:00,2683.0,2685.0,2681.0,2685.0,6.6438
2025-01-11 04:00:00+00:00,2684.0,2685.0,2684.0,2684.0,0.5998
2025-01-11 04:30:00+00:00,2684.0,2684.0,2682.0,2683.0,5.9672
2025-01-11 05:00:00+00:00,2684.0,2686.0,2683.0,2684.0,3.9802
2025-01-11 05:30:00+00:00,2684.0,2686.0,2683.0,2683.0,4.4579
2025-01-11 06:00:00+00:00,2684.0,2684.0,2682.0,2683.0,0.8602
2025-01-11 06:30:00+00:00,2683.0,2683.0,2682.0,2683.0,1.255
2025-01-11 07:00:00+00:00,2683.0,2685.0,2682.0,2682.0,10.5013
2025-01-11 07:30:00+00:00,2683.0,2683.0,2682.0,2683.0,4.3127
2025-01-11 08:00:00+00:00,2683.0,2683.0,2681.0,2681.0,3.113
2025-01-11 08:30:00+00:00,2681.0,2685.0,2681.0,2683.0,10.3565
2025-01-11 09:00:00+00:00,2683.0,2684.0,2681.0,2682.0,9.2603
2025-01-11 09:30:00+00:00,2682.0,2685.0,2682.0,2683.0,5.9974
2025-01-11 10:00:00+00:00,2684.0,2689.0,2683.0,2687.0,23.362
2025-01-11 10:30:00+00:00,2689.0,2689.0,2685.0,2685.0,5.9119
2025-01-11 11:00:00+00:00,2686.0,2688.0,2684.0,2688.0,6.3699
2025-01-11 11:30:00+00:00,2687.0,2694.0,2686.0,2692.0,65.0415
2025-01-11 12:00:00+00:00,2692.0,2692.0,2690.0,2690.0,9.0779
2025-01-11 12:30:00+00:00,2691.0,2694.0,2690.0,2694.0,20.1835
2025-01-11 13:00:00+00:00,2694.0,2694.0,2692.0,2693.0,19.9455
2025-01-11 13:30:00+00:00,2692.0,2694.0,2692.0,2694.0,7.9591
2025-01-11 14:00:00+00:00,2694.0,2695.0,2693.0,2694.0,21.9864
2025-01-11 14:30:00+00:00,2694.0,2699.0,2693.0,2694.0,98.8044
2025-01-11 15:00:00+00:00,2695.0,2695.0,2693.0,2693.0,3.4952
2025-01-11 15:30:00+00:00,2693.0,2695.0,2692.0,2694.0,11.7117
2025-01-11 16:00:00+00:00,2694.0,2695.0,2693.0,2694.0,34.6812
2025-01-11 16:30:00+00:00,2694.0,2696.0,2692.0,2695.0,26.2885
2025-01-11 17:00:00+00:00,2696.0,2698.0,2692.0,2695.0,26.7136
2025-01-11 17:30:00+00:00,2695.0,2697.0,2694.0,2697.0,4.6093
2025-01-11 18:00:00+00:00,2697.0,2699.0,2695.0,2697.0,5.973
2025-01-11 18:30:00+00:00,2697.0,2698.0,2696.0,2698.0,4.4228
2025-01-11 19:00:00+00:00,2698.0,2699.0,2697.0,2698.0,17.7334
2025-01-11 19:30:00+00:00,2698.0,2699.0,2696.0,2698.0,8.6914
2025-01-11 20:00:00+00:00,2699.0,2699.0,2696.0,2698.0,19.0877
2025-01-11 20:30:00+00:00,2697.0,2699.0,2692.0,2698.0,29.4407
2025-01-11 21:00:00+00:00,2697.0,2699.0,2696.0,2699.0,28.8679
2025-01-11 21:30:00+00:00,2698.0,2699.0,2697.0,2698.0,4.2271
2025-01-11 22:00:00+00:00,2699.0,2699.0,2696.0,2697.0,11.5175
2025-01-11 22:30:00+00:00,2697.0,2700.0,2696.0,2698.0,28.6806
2025-01-11 23:00:00+00:00,2699.0,2699.0,2697.0,2697.0,3.6429
2025-01-11 23:30:00+00:00,2698.0,2699.0,2697.0,2697.0,4.3679
2025-01-12 00:00:00+00:00,2698.0,2700.0,2697.0,2698.0,3.2351
2025-01-12 00:30:00+00:00,2698.0,2702.0,2698.0,2700.0,28.9015
2025-01-12 01:00:00+00:00,2700.0,2701.0,2699.0,2701.0,5.4535
2025-01-12 01:30:00+00:00,2700.0,2702.0,2699.0,2699.0,9.1193
2025-01-12 02:00:00+00:00,2700.0,2700.0,2696.0,2696.0,9.6039
2025-01-12 02:30:00+00:00,2698.0,2698.0,2696.0,2696.0,3.5064
2025-01-12 03:00:00+00:00,2698.0,2698.0,2697.0,2698.0,0.301
2025-01-12 03:30:00+00:00,2698.0,2698.0,2697.0,2698.0,1.369
2025-01-12 04:00:00+00:00,2698.0,2700.0,2698.0,2698.0,3.3717
2025-01-12 04:30:00+00:00,2698.0,2699.0,2698.0,2699.0,3.2277
2025-01-12 05:00:00+00:00,2699.0,2699.0,2697.0,2698.0,4.4551
2025-01-12 05:30:00+00:00,2698.0,2699.0,2698.0,2698.0,2.4613
2025-01-12 06:00:00+00:00,2698.0,2699.0,2698.0,2698.0,1.3173
2025-01-12 06:30:00+00:00,2699.0,2699.0,2698.0,2698.0,3.3181
2025-01-12 07:00:00+00:00,2699.0,2699.0,2697.0,2698.0,6.8391
2025-01-12 07:30:00+00:00,2698.0,2699.0,2697.0,2698.0,2.2503
2025-01-12 08:00:00+00:00,2699.0,2701.0,2697.0,2701.0,25.4677
2025-01-12 08:30:00+00:00,2701.0,2702.0,2697.0,2700.0,38.8205
2025-01-12 09:00:00+00:00,2701.0,2701.0,2698.0,2700.0,6.4633
2025-01-12 09:30:00+00:00,2698.0,2699.0,2697.0,2697.0,6.6577
2025-01-12 10:00:00+00:00,2698.0,2699.0,2697.0,2697.0,2.8953
2025-01-12 10:30:00+00:00,2697.0,2699.0,2697.0,2697.0,3.3586
2025-01-12 11:00:00+00:00,2698.0,2698.0,2696.0,2698.0,1.2784
2025-01-12 11:30:00+00:00,2696.0,2698.0,2696.0,2698.0,1.0422
2025-01-12 12:00:00+00:00,2697.0,2699.0,2696.0,2699.0,10.2658
2025-01-12 12:30:00+00:00,2698.0,2701.0,2698.0,2700.0,11.5302
2025-01-12 13:00:00+00:00,2700.0,2702.0,2698.0,2699.0,6.9999
2025-01-12 13:30:00+00:00,2700.0,2702.0,2698.0,2700.0,8.8092
2025-01-12 14:00:00+00:00,2699.0,2701.0,2696.0,2698.0,31.8289
2025-01-12 14:30:00+00:00,2698.0,2699.0,2697.0,2698.0,2.9914
2025-01-12 15:00:00+00:00,2698.0,2700.0,2696.0,2698.0,20.5248
2025-01-12 15:30:00+00:00,2698.0,2699.0,2698.0,2698.0,1.6272
2025-01-12 16:00:00+00:00,2698.0,2699.0,2697.0,2698.0,3.1852
2025-01-12 16:30:00+00:00,2697.0,2698.0,2696.0,2696.0,5.5517
2025-01-12 17:00:00+00:00,2697.0,2698.0,2696.0,2697.0,5.1762
2025-01-12 17:30:00+00:00,2696.0,2702.0,2696.0,2701.0,19.2501
2025-01-12 18:00:00+00:00,2701.0,2701.0,2697.0,2698.0,7.6781
2025-01-12 18:30:00+00:00,2697.0,2698.0,2696.0,2697.0,4.3649
2025-01-12 19:00:00+00:00,2698.0,2699.0,2696.0,2697.0,5.3584
2025-01-12 19:30:00+00:00,2698.0,2699.0,2697.0,2699.0,1.9436
2025-01-12 20:00:00+00:00,2698.0,2701.0,2698.0,2700.0,9.5194
2025-01-12 20:30:00+00:00,2700.0,2701.0,2699.0,2699.0,3.2998
2025-01-12 21:00:00+00:00,2699.0,2712.0,2699.0,2704.0,74.8604
2025-01-12 21:30:00+00:00,2703.0,2707.0,2702.0,2703.0,14.1239
2025-01-12 22:00:00+00:00,2705.0,2705.0,2698.0,2700.0,21.8127
2025-01-12 22:30:00+00:00,2700.0,2709.0,2700.0,2704.0,31.9688
2025-01-12 23:00:00+00:00,2706.0,2709.0,2701.0,2701.0,26.6576
2025-01-12 23:30:00+00:00,2702.0,2704.0,2692.0,2697.0,70.3126
2025-01-13 00:00:00+00:00,2698.0,2706.0,2696.0,2703.0,33.276
2025-01-13 00:30:00+00:00,2703.0,2710.0,2702.0,2706.0,43.3493
2025-01-13 01:00:00+00:00,2706.0,2707.0,2694.0,2694.0,15.6888
2025-01-13 01:30:00+00:00,2696.0,2697.0,2691.0,2691.0,12.9489
2025-01-13 02:00:00+00:00,2692.0,2697.0,2691.0,2695.0,18.93
2025-01-13 02:30:00+00:00,2695.0,2696.0,2694.0,2695.0,24.5907
2025-01-13 03:00:00+00:00,2695.0,2698.0,2692.0,2692.0,18.1368
2025-01-13 03:30:00+00:00,2693.0,2694.0,2690.0,2692.0,15.2738
2025-01-13 04:00:00+00:00,2692.0,2694.0,2689.0,2689.0,51.4512
2025-01-13 04:30:00+00:00,2689.0,2696.0,2688.0,2693.0,14.9785
2025-01-13 05:00:00+00:00,2694.0,2694.0,2685.0,2687.0,43.5154
2025-01-13 05:30:00+00:00,2688.0,2688.0,2683.0,2687.0,12.4137
2025-01-13 06:00:00+00:00,2686.0,2693.0,2686.0,2691.0,10.7263
2025-01-13 06:30:00+00:00,2692.0,2693.0,2685.0,2686.0,34.365
2025-01-13 07:00:00+00:00,2688.0,2690.0,2680.0,2686.0,70.1711
2025-01-13 07:30:00+00:00,2685.0,2686.0,2683.0,2683.0,15.2956
2025-01-13 08:00:00+00:00,2683.0,2686.0,2679.0,2681.0,29.561
2025-01-13 08:30:00+00:00,2681.0,2694.0,2681.0,2691.0,44.8064
2025-01-13 09:00:00+00:00,2689.0,2694.0,2687.0,2690.0,72.9579
2025-01-13 09:30:00+00:00,2690.0,2693.0,2683.0,2691.0,36.2837
2025-01-13 10:00:00+00:00,2691.0,2692.0,2680.0,2685.0,75.5962
2025-01-13 10:30:00+00:00,2685.0,2690.0,2679.0,2688.0,126.6145
2025-01-13 11:00:00+00:00,2686.0,2700.0,2676.0,2677.0,344.825
2025-01-13 11:30:00+00:00,2678.0,2686.0,2674.0,2677.0,65.7297
2025-01-13 12:00:00+00:00,2675.0,2676.0,2671.0,2675.0,36.312
2025-01-13 12:30:00+00:00,2675.0,2678.0,2670.0,2676.0,35.9813
2025-01-13 13:00:00+00:00,2677.0,2679.0,2673.0,2676.0,42.2229
2025-01-13 13:30:00+00:00,2675.0,2676.0,2672.0,2672.0,36.1051
2025-01-13 14:00:00+00:00,2673.0,2673.0,2665.0,2666.0,95.2483
2025-01-13 14:30:00+00:00,2666.0,2673.0,2664.0,2669.0,103.0993
2025-01-13 15:00:00+00:00,2669.0,2675.0,2668.0,2669.0,31.0972
2025-01-13 15:30:00+00:00,2668.0,2671.0,2667.0,2668.0,19.0187
2025-01-13 16:00:00+00:00,2668.0,2669.0,2663.0,2664.0,31.8694
2025-01-13 16:30:00+00:00,2664.0,2668.0,2663.0,2665.0,40.6245
2025-01-13 17:00:00+00:00,2664.0,2670.0,2662.0,2663.0,70.7992
2025-01-13 17:30:00+00:00,2663.0,2664.0,2661.0,2661.0,8.8211
2025-01-13 18:00:00+00:00,2661.0,2665.0,2660.0,2663.0,18.7858
2025-01-13 18:30:00+00:00,2663.0,2671.0,2663.0,2665.0,45.287
2025-01-13 19:00:00+00:00,2664.0,2666.0,2663.0,2664.0,6.6308
2025-01-13 19:30:00+00:00,2663.0,2667.0,2662.0,2666.0,10.4086
2025-01-13 20:00:00+00:00,2667.0,2669.0,2666.0,2668.0,3.5132
2025-01-13 20:30:00+00:00,2669.0,2674.0,2659.0,2669.0,119.3006
2025-01-13 21:00:00+00:00,2669.0,2672.0,2665.0,2666.0,22.4581
2025-01-13 21:30:00+00:00,2667.0,2670.0,2663.0,2670.0,40.054
2025-01-13 22:00:00+00:00,2671.0,2674.0,2669.0,2672.0,10.1467
2025-01-13 22:30:00+00:00,2673.0,2673.0,2671.0,2671.0,5.0702
2025-01-13 23:00:00+00:00,2672.0,2672.0,2668.0,2670.0,6.1209
2025-01-13 23:30:00+00:00,2670.0,2676.0,2670.0,2670.0,19.5446
2025-01-14 00:00:00+00:00,2670.0,2671.0,2666.0,2670.0,40.3832
2025-01-14 00:30:00+00:00,2669.0,2675.0,2661.0,2671.0,78.0043
2025-01-14 01:00:00+00:00,2673.0,2675.0,2671.0,2673.0,13.9055
2025-01-14 01:30:00+00:00,2672.0,2673.0,2671.0,2671.0,0.9583
2025-01-14 02:00:00+00:00,2672.0,2675.0,2669.0,2674.0,11.6267
2025-01-14 02:30:00+00:00,2674.0,2674.0,2672.0,2673.0,3.1633
2025-01-14 03:00:00+00:00,2673.0,2674.0,2670.0,2671.0,12.639
2025-01-14 03:30:00+00:00,2671.0,2672.0,2669.0,2670.0,2.2701
2025-01-14 04:00:00+00:00,2671.0,2671.0,2669.0,2671.0,3.7103
2025-01-14 04:30:00+00:00,2671.0,2676.0,2670.0,2674.0,8.6291
2025-01-14 05:00:00+00:00,2674.0,2676.0,2673.0,2676.0,3.774
2025-01-14 05:30:00+00:00,2676.0,2676.0,2674.0,2675.0,1.874
2025-01-14 06:00:00+00:00,2675.0,2675.0,2674.0,2675.0,2.6304
2025-01-14 06:30:00+00:00,2675.0,2676.0,2671.0,2675.0,9.7396
2025-01-14 07:00:00+00:00,2676.0,2677.0,2674.0,2674.0,4.7941
2025-01-14 07:30:00+00:00,2674.0,2676.0,2666.0,2670.0,23.4134
2025-01-14 08:00:00+00:00,2670.0,2681.0,2666.0,2674.0,57.0988
2025-01-14 08:30:00+00:00,2674.0,2675.0,2668.0,2668.0,47.4509
2025-01-14 09:00:00+00:00,2669.0,2679.0,2668.0,2674.0,43.6607
2025-01-14 09:30:00+00:00,2674.0,2679.0,2667.0,2673.0,57.8191
2025-01-14 10:00:00+00:00,2674.0,2674.0,2665.0,2666.0,50.1815
2025-01-14 10:30:00+00:00,2666.0,2669.0,2665.0,2669.0,18.0896
2025-01-14 11:00:00+00:00,2669.0,2670.0,2663.0,2666.0,14.6379
2025-01-14 11:30:00+00:00,2666.0,2671.0,2665.0,2669.0,7.0007
2025-01-14 12:00:00+00:00,2670.0,2671.0,2668.0,2668.0,17.5013
2025-01-14 12:30:00+00:00,2669.0,2669.0,2665.0,2666.0,18.8943
2025-01-14 13:00:00+00:00,2667.0,2669.0,2666.0,2667.0,13.2525
2025-01-14 13:30:00+00:00,2668.0,2672.0,2660.0,2664.0,69.5896
2025-01-14 14:00:00+00:00,2664.0,2668.0,2662.0,2664.0,24.5749
2025-01-14 14:30:00+00:00,2664.0,2672.0,2663.0,2665.0,31.6486
2025-01-14 15:00:00+00:00,2664.0,2670.0,2664.0,2669.0,10.3579
2025-01-14 15:30:00+00:00,2669.0,2673.0,2669.0,2671.0,12.0655
2025-01-14 16:00:00+00:00,2670.0,2671.0,2666.0,2671.0,22.343
2025-01-14 16:30:00+00:00,2670.0,2673.0,2669.0,2671.0,12.3081
2025-01-14 17:00:00+00:00,2670.0,2672.0,2670.0,2672.0,8.5936
2025-01-14 17:30:00+00:00,2671.0,2673.0,2670.0,2672.0,5.8458
2025-01-14 18:00:00+00:00,2672.0,2673.0,2671.0,2671.0,5.6208
2025-01-14 18:30:00+00:00,2671.0,2672.0,2660.0,2667.0,97.1196
2025-01-14 19:00:00+00:00,2667.0,2672.0,2667.0,2671.0,6.8913
2025-01-14 19:30:00+00:00,2671.0,2672.0,2668.0,2668.0,11.9064
2025-01-14 20:00:00+00:00,2669.0,2674.0,2667.0,2672.0,20.115
2025-01-14 20:30:00+00:00,2672.0,2674.0,2672.0,2672.0,8.7227
2025-01-14 21:00:00+00:00,2673.0,2675.0,2672.0,2673.0,14.0497
2025-01-14 21:30:00+00:00,2673.0,2675.0,2671.0,2673.0,12.3326
2025-01-14 22:00:00+00:00,2674.0,2674.0,2671.0,2671.0,8.45
2025-01-14 22:30:00+00:00,2672.0,2676.0,2671.0,2675.0,11.3332
2025-01-14 23:00:00+00:00,2676.0,2676.0,2674.0,2674.0,3.453
2025-01-14 23:30:00+00:00,2675.0,2676.0,2673.0,2674.0,6.5464
2025-01-15 00:00:00+00:00,2676.0,2677.0,2673.0,2677.0,5.8581
2025-01-15 00:30:00+00:00,2677.0,2680.0,2676.0,2678.0,37.3992
2025-01-15 01:00:00+00:00,2679.0,2680.0,2678.0,2679.0,33.8651
2025-01-15 01:30:00+00:00,2679.0,2680.0,2671.0,2672.0,41.2684
2025-01-15 02:00:00+00:00,2672.0,2674.0,2668.0,2672.0,20.3838
2025-01-15 02:30:00+00:00,2672.0,2673.0,2672.0,2672.0,4.6315
2025-01-15 03:00:00+00:00,2673.0,2676.0,2672.0,2675.0,6.8178
2025-01-15 03:30:00+00:00,2676.0,2680.0,2676.0,2680.0,7.2114
2025-01-15 04:00:00+00:00,2680.0,2680.0,2679.0,2679.0,8.9926
2025-01-15 04:30:00+00:00,2679.0,2681.0,2679.0,2681.0,2.9249
2025-01-15 05:00:00+00:00,2681.0,2681.0,2680.0,2681.0,9.2712
2025-01-15 05:30:00+00:00,2680.0,2681.0,2680.0,2680.0,16.1817
2025-01-15 06:00:00+00:00,2680.0,2685.0,2680.0,2685.0,13.2468
2025-01-15 06:30:00+00:00,2685.0,2685.0,2684.0,2685.0,3.537
2025-01-15 07:00:00+00:00,2685.0,2690.0,2684.0,2689.0,43.6167
2025-01-15 07:30:00+00:00,2689.0,2695.0,2688.0,2691.0,146.4266
2025-01-15 08:00:00+00:00,2691.0,2692.0,2689.0,2689.0,18.6991
2025-01-15 08:30:00+00:00,2690.0,2691.0,2687.0,2688.0,12.2738
2025-01-15 09:00:00+00:00,2687.0,2695.0,2687.0,2693.0,34.7868
2025-01-15 09:30:00+00:00,2693.0,2697.0,2691.0,2697.0,41.9671
2025-01-15 10:00:00+00:00,2697.0,2697.0,2691.0,2693.0,30.1474
2025-01-15 10:30:00+00:00,2693.0,2693.0,2688.0,2690.0,19.5585
2025-01-15 11:00:00+00:00,2691.0,2696.0,2690.0,2695.0,43.2143
2025-01-15 11:30:00+00:00,2696.0,2697.0,2690.0,2693.0,31.8643
2025-01-15 12:00:00+00:00,2693.0,2694.0,2690.0,2692.0,10.9725
2025-01-15 12:30:00+00:00,2693.0,2693.0,2690.0,2690.0,15.3783
2025-01-15 13:00:00+00:00,2692.0,2692.0,2688.0,2690.0,16.1953
2025-01-15 13:30:00+00:00,2690.0,2705.0,2689.0,2702.0,162.5583
2025-01-15 14:00:00+00:00,2702.0,2705.0,2691.0,2694.0,62.5369
2025-01-15 14:30:00+00:00,2695.0,2698.0,2687.0,2694.0,38.0188
2025-01-15 15:00:00+00:00,2694.0,2696.0,2686.0,2693.0,63.6958
2025-01-15 15:30:00+00:00,2693.0,2695.0,2687.0,2688.0,16.6384
2025-01-15 16:00:00+00:00,2687.0,2695.0,2687.0,2690.0,47.4506
2025-01-15 16:30:00+00:00,2692.0,2695.0,2686.0,2693.0,36.7376
2025-01-15 17:00:00+00:00,2692.0,2698.0,2692.0,2697.0,40.9621
2025-01-15 17:30:00+00:00,2698.0,2698.0,2697.0,2697.0,17.7769
2025-01-15 18:00:00+00:00,2697.0,2700.0,2692.0,2693.0,181.766
2025-01-15 18:30:00+00:00,2692.0,2694.0,2688.0,2692.0,40.2715
2025-01-15 19:00:00+00:00,2691.0,2695.0,2689.0,2695.0,62.5595
2025-01-15 19:30:00+00:00,2696.0,2705.0,2694.0,2699.0,111.3626
2025-01-15 20:00:00+00:00,2700.0,2704.0,2696.0,2702.0,44.5562
2025-01-15 20:30:00+00:00,2701.0,2702.0,2695.0,2696.0,13.7762
2025-01-15 21:00:00+00:00,2695.0,2699.0,2694.0,2694.0,14.1161
2025-01-15 21:30:00+00:00,2696.0,2697.0,2693.0,2696.0,10.7534
2025-01-15 22:00:00+00:00,2696.0,2698.0,2694.0,2695.0,9.4504
2025-01-15 22:30:00+00:00,2695.0,2700.0,2694.0,2700.0,8.4449
2025-01-15 23:00:00+00:00,2700.0,2703.0,2699.0,2701.0,14.9892
2025-01-15 23:30:00+00:00,2702.0,2706.0,2690.0,2693.0,110.4368
2025-01-16 00:00:00+00:00,2693.0,2693.0,2687.0,2690.0,39.2729
2025-01-16 00:30:00+00:00,2689.0,2691.0,2687.0,2688.0,17.6608
2025-01-16 01:00:00+00:00,2689.0,2696.0,2688.0,2695.0,20.9338
2025-01-16 01:30:00+00:00,2694.0,2700.0,2694.0,2698.0,4.362
2025-01-16 02:00:00+00:00,2699.0,2700.0,2692.0,2695.0,9.2277
2025-01-16 02:30:00+00:00,2695.0,2697.0,2694.0,2696.0,4.4739
2025-01-16 03:00:00+00:00,2696.0,2702.0,2693.0,2698.0,60.4824
2025-01-16 03:30:00+00:00,2697.0,2708.0,2694.0,2701.0,67.7772
2025-01-16 04:00:00+00:00,2700.0,2703.0,2700.0,2701.0,6.5684
2025-01-16 04:30:00+00:00,2701.0,2704.0,2700.0,2701.0,6.4525
2025-01-16 05:00:00+00:00,2701.0,2701.0,2697.0,2697.0,2.0782
2025-01-16 05:30:00+00:00,2697.0,2699.0,2696.0,2696.0,4.8723
2025-01-16 06:00:00+00:00,2696.0,2697.0,2693.0,2695.0,8.4892
2025-01-16 06:30:00+00:00,2695.0,2696.0,2694.0,2696.0,2.7329
2025-01-16 07:00:00+00:00,2696.0,2702.0,2695.0,2700.0,35.3206
2025-01-16 07:30:00+00:00,2700.0,2701.0,2695.0,2697.0,15.2522
2025-01-16 08:00:00+00:00,2697.0,2699.0,2691.0,2697.0,33.7501
2025-01-16 08:30:00+00:00,2697.0,2697.0,2692.0,2695.0,39.2311
2025-01-16 09:00:00+00:00,2696.0,2698.0,2694.0,2698.0,29.5539
2025-01-16 09:30:00+00:00,2697.0,2702.0,2696.0,2700.0,42.255
2025-01-16 10:00:00+00:00,2701.0,2703.0,2700.0,2701.0,11.7737
2025-01-16 10:30:00+00:00,2701.0,2705.0,2701.0,2704.0,19.1368
2025-01-16 11:00:00+00:00,2705.0,2705.0,2704.0,2704.0,7.8724
2025-01-16 11:30:00+00:00,2705.0,2710.0,2704.0,2706.0,50.2425
2025-01-16 12:00:00+00:00,2706.0,2711.0,2704.0,2705.0,54.2841
2025-01-16 12:30:00+00:00,2705.0,2705.0,2697.0,2701.0,70.8009
2025-01-16 13:00:00+00:00,2701.0,2712.0,2698.0,2710.0,28.5803
2025-01-16 13:30:00+00:00,2709.0,2714.0,2705.0,2713.0,18.6556
2025-01-16 14:00:00+00:00,2712.0,2714.0,2707.0,2712.0,23.0924
2025-01-16 14:30:00+00:00,2711.0,2716.0,2705.0,2716.0,82.7863
2025-01-16 15:00:00+00:00,2715.0,2716.0,2712.0,2715.0,14.9198
2025-01-16 15:30:00+00:00,2715.0,2719.0,2714.0,2717.0,36.4779
2025-01-16 16:00:00+00:00,2717.0,2724.0,2717.0,2722.0,60.2931
2025-01-16 16:30:00+00:00,2722.0,2724.0,2715.0,2718.0,22.4342
2025-01-16 17:00:00+00:00,2718.0,2719.0,2715.0,2717.0,18.3602
2025-01-16 17:30:00+00:00,2718.0,2723.0,2717.0,2723.0,16.4722
2025-01-16 18:00:00+00:00,2722.0,2723.0,2717.0,2717.0,12.0866
2025-01-16 18:30:00+00:00,2717.0,2718.0,2710.0,2715.0,41.0113
2025-01-16 19:00:00+00:00,2717.0,2717.0,2714.0,2714.0,11.3632
2025-01-16 19:30:00+00:00,2714.0,2716.0,2713.0,2715.0,7.4839
2025-01-16 20:00:00+00:00,2715.0,2716.0,2713.0,2713.0,12.3897
2025-01-16 20:30:00+00:00,2713.0,2714.0,2713.0,2713.0,3.0201
2025-01-16 21:00:00+00:00,2713.0,2714.0,2713.0,2713.0,2.4706
2025-01-16 21:30:00+00:00,2713.0,2715.0,2713.0,2715.0,3.3621
2025-01-16 22:00:00+00:00,2715.0,2715.0,2713.0,2714.0,19.3579
2025-01-16 22:30:00+00:00,2713.0,2713.0,2709.0,2711.0,21.2126
2025-01-16 23:00:00+00:00,2712.0,2713.0,2711.0,2713.0,2.7927
2025-01-16 23:30:00+00:00,2713.0,2718.0,2712.0,2716.0,18.1396
2025-01-17 00:00:00+00:00,2717.0,2718.0,2709.0,2712.0,41.2488
2025-01-17 00:30:00+00:00,2714.0,2716.0,2711.0,2715.0,7.856
2025-01-17 01:00:00+00:00,2716.0,2716.0,2712.0,2714.0,12.3987
2025-01-17 01:30:00+00:00,2714.0,2717.0,2711.0,2716.0,50.3263
2025-01-17 02:00:00+00:00,2716.0,2718.0,2712.0,2712.0,11.4859
2025-01-17 02:30:00+00:00,2714.0,2715.0,2712.0,2715.0,8.7764
2025-01-17 03:00:00+00:00,2715.0,2717.0,2714.0,2716.0,4.6024
2025-01-17 03:30:00+00:00,2715.0,2720.0,2715.0,2719.0,12.4259
2025-01-17 04:00:00+00:00,2718.0,2719.0,2715.0,2717.0,5.6054
2025-01-17 04:30:00+00:00,2717.0,2720.0,2717.0,2718.0,4.6921
2025-01-17 05:00:00+00:00,2719.0,2719.0,2706.0,2711.0,43.7681
2025-01-17 05:30:00+00:00,2711.0,2711.0,2710.0,2711.0,3.4294
2025-01-17 06:00:00+00:00,2710.0,2711.0,2710.0,2711.0,2.0322
2025-01-17 06:30:00+00:00,2710.0,2714.0,2710.0,2714.0,5.8311
2025-01-17 07:00:00+00:00,2714.0,2715.0,2709.0,2714.0,23.9039
2025-01-17 07:30:00+00:00,2713.0,2715.0,2712.0,2714.0,4.943
2025-01-17 08:00:00+00:00,2714.0,2717.0,2712.0,2714.0,30.2729
2025-01-17 08:30:00+00:00,2713.0,2716.0,2713.0,2714.0,16.398
2025-01-17 09:00:00+00:00,2713.0,2716.0,2707.0,2711.0,32.8731
2025-01-17 09:30:00+00:00,2712.0,2712.0,2707.0,2709.0,24.8197
2025-01-17 10:00:00+00:00,2709.0,2713.0,2700.0,2711.0,87.8422
2025-01-17 10:30:00+00:00,2711.0,2712.0,2708.0,2711.0,20.8708
2025-01-17 11:00:00+00:00,2711.0,2711.0,2702.0,2703.0,37.5834
2025-01-17 11:30:00+00:00,2703.0,2704.0,2701.0,2704.0,34.0465
2025-01-17 12:00:00+00:00,2704.0,2710.0,2703.0,2707.0,10.1107
2025-01-17 12:30:00+00:00,2707.0,2710.0,2706.0,2708.0,8.2704
2025-01-17 13:00:00+00:00,2708.0,2710.0,2705.0,2706.0,11.375
2025-01-17 13:30:00+00:00,2706.0,2707.0,2703.0,2705.0,11.0664
2025-01-17 14:00:00+00:00,2704.0,2706.0,2700.0,2702.0,41.1163
2025-01-17 14:30:00+00:00,2704.0,2708.0,2703.0,2707.0,18.0782
2025-01-17 15:00:00+00:00,2708.0,2713.0,2705.0,2706.0,50.0208
2025-01-17 15:30:00+00:00,2706.0,2714.0,2705.0,2713.0,24.9628
2025-01-17 16:00:00+00:00,2713.0,2714.0,2711.0,2712.0,48.4569
2025-01-17 16:30:00+00:00,2713.0,2716.0,2709.0,2711.0,16.8527
2025-01-17 17:00:00+00:00,2712.0,2712.0,2705.0,2707.0,28.8179
2025-01-17 17:30:00+00:00,2706.0,2709.0,2706.0,2707.0,13.6745
2025-01-17 18:00:00+00:00,2707.0,2709.0,2705.0,2708.0,21.5893
2025-01-17 18:30:00+00:00,2709.0,2711.0,2706.0,2708.0,6.0433
2025-01-17 19:00:00+00:00,2708.0,2709.0,2706.0,2707.0,4.9921
2025-01-17 19:30:00+00:00,2708.0,2708.0,2706.0,2707.0,13.34
2025-01-17 20:00:00+00:00,2707.0,2709.0,2704.0,2708.0,40.3385
2025-01-17 20:30:00+00:00,2707.0,2711.0,2703.0,2703.0,56.3566
2025-01-17 21:00:00+00:00,2705.0,2705.0,2701.0,2702.0,10.5261
2025-01-17 21:30:00+00:00,2702.0,2709.0,2702.0,2708.0,25.3388
2025-01-17 22:00:00+00:00,2708.0,2710.0,2706.0,2710.0,16.0673
2025-01-17 22:30:00+00:00,2709.0,2710.0,2700.0,2700.0,14.33
2025-01-17 23:00:00+00:00,2702.0,2703.0,2699.0,2699.0,23.3193
2025-01-17 23:30:00+00:00,2699.0,2702.0,2699.0,2701.0,9.4674
2025-01-18 00:00:00+00:00,2702.0,2707.0,2700.0,2707.0,4.4985
2025-01-18 00:30:00+00:00,2705.0,2708.0,2705.0,2707.0,3.6954
2025-01-18 01:00:00+00:00,2707.0,2707.0,2705.0,2706.0,1.9732
2025-01-18 01:30:00+00:00,2705.0,2705.0,2699.0,2701.0,17.5281
2025-01-18 02:00:00+00:00,2702.0,2702.0,2700.0,2701.0,3.7107
2025-01-18 02:30:00+00:00,2701.0,2705.0,2701.0,2705.0,3.6323
2025-01-18 03:00:00+00:00,2705.0,2707.0,2702.0,2702.0,10.4468
2025-01-18 03:30:00+00:00,2701.0,2702.0,2695.0,2698.0,22.7446
2025-01-18 04:00:00+00:00,2698.0,2703.0,2695.0,2700.0,27.9129
2025-01-18 04:30:00+00:00,2701.0,2706.0,2699.0,2703.0,22.2078
2025-01-18 05:00:00+00:00,2703.0,2703.0,2694.0,2694.0,31.4596
2025-01-18 05:30:00+00:00,2696.0,2697.0,2692.0,2694.0,19.8602
2025-01-18 06:00:00+00:00,2694.0,2696.0,2690.0,2694.0,23.7449
2025-01-18 06:30:00+00:00,2694.0,2701.0,2694.0,2700.0,7.759
2025-01-18 07:00:00+00:00,2700.0,2700.0,2691.0,2692.0,10.4408
2025-01-18 07:30:00+00:00,2692.0,2696.0,2690.0,2692.0,13.006
2025-01-18 08:00:00+00:00,2690.0,2692.0,2684.0,2689.0,47.8593
2025-01-18 08:30:00+00:00,2689.0,2697.0,2688.0,2690.0,35.0719
2025-01-18 09:00:00+00:00,2692.0,2695.0,2689.0,2692.0,14.3067
2025-01-18 09:30:00+00:00,2693.0,2694.0,2688.0,2694.0,12.5559
2025-01-18 10:00:00+00:00,2694.0,2699.0,2689.0,2699.0,55.5128
2025-01-18 10:30:00+00:00,2698.0,2700.0,2691.0,2698.0,24.4876
2025-01-18 11:00:00+00:00,2698.0,2700.0,2695.0,2697.0,12.3027
2025-01-18 11:30:00+00:00,2696.0,2700.0,2695.0,2699.0,13.9757
2025-01-18 12:00:00+00:00,2698.0,2700.0,2698.0,2699.0,6.6505
2025-01-18 12:30:00+00:00,2699.0,2700.0,2698.0,2700.0,6.9372
2025-01-18 13:00:00+00:00,2700.0,2701.0,2694.0,2698.0,27.173
2025-01-18 13:30:00+00:00,2700.0,2701.0,2699.0,2700.0,4.6603
2025-01-18 14:00:00+00:00,2700.0,2700.0,2694.0,2696.0,6.3917
2025-01-18 14:30:00+00:00,2696.0,2697.0,2691.0,2693.0,13.1043
2025-01-18 15:00:00+00:00,2693.0,2701.0,2692.0,2701.0,14.0639
2025-01-18 15:30:00+00:00,2701.0,2701.0,2696.0,2700.0,12.7467
2025-01-18 16:00:00+00:00,2699.0,2700.0,2693.0,2696.0,28.806
2025-01-18 16:30:00+00:00,2695.0,2698.0,2695.0,2697.0,4.7506
2025-01-18 17:00:00+00:00,2697.0,2697.0,2692.0,2694.0,10.8911
2025-01-18 17:30:00+00:00,2692.0,2696.0,2689.0,2692.0,27.7161
2025-01-18 18:00:00+00:00,2692.0,2693.0,2691.0,2693.0,5.4728
2025-01-18 18:30:00+00:00,2692.0,2695.0,2690.0,2694.0,16.5333
2025-01-18 19:00:00+00:00,2693.0,2697.0,2693.0,2696.0,4.7998
2025-01-18 19:30:00+00:00,2696.0,2698.0,2695.0,2696.0,5.0814
2025-01-18 20:00:00+00:00,2696.0,2708.0,2695.0,2699.0,179.0794
2025-01-18 20:30:00+00:00,2699.0,2705.0,2699.0,2704.0,16.9016
2025-01-18 21:00:00+00:00,2704.0,2704.0,2702.0,2704.0,4.9833
2025-01-18 21:30:00+00:00,2704.0,2704.0,2701.0,2702.0,4.8649
2025-01-18 22:00:00+00:00,2702.0,2703.0,2700.0,2700.0,4.1959
2025-01-18 22:30:00+00:00,2701.0,2702.0,2699.0,2701.0,9.6999
2025-01-18 23:00:00+00:00,2701.0,2704.0,2698.0,2701.0,26.8953
2025-01-18 23:30:00+00:00,2701.0,2703.0,2693.0,2696.0,38.9014
2025-01-19 00:00:00+00:00,2696.0,2698.0,2692.0,2696.0,25.2992
2025-01-19 00:30:00+00:00,2698.0,2700.0,2694.0,2698.0,10.4587
2025-01-19 01:00:00+00:00,2698.0,2705.0,2697.0,2703.0,16.1634
2025-01-19 01:30:00+00:00,2702.0,2702.0,2697.0,2702.0,8.921
2025-01-19 02:00:00+00:00,2702.0,2702.0,2700.0,2701.0,2.0958
2025-01-19 02:30:00+00:00,2700.0,2701.0,2700.0,2700.0,7.6735
2025-01-19 03:00:00+00:00,2701.0,2701.0,2699.0,2699.0,2.5704
2025-01-19 03:30:00+00:00,2699.0,2701.0,2699.0,2700.0,3.8818
2025-01-19 04:00:00+00:00,2700.0,2700.0,2698.0,2699.0,2.3051
2025-01-19 04:30:00+00:00,2698.0,2699.0,2696.0,2698.0,8.181
2025-01-19 05:00:00+00:00,2698.0,2698.0,2693.0,2695.0,21.8381
2025-01-19 05:30:00+00:00,2696.0,2696.0,2693.0,2694.0,6.9978
2025-01-19 06:00:00+00:00,2694.0,2696.0,2694.0,2696.0,2.0529
2025-01-19 06:30:00+00:00,2697.0,2697.0,2693.0,2695.0,6.9627
2025-01-19 07:00:00+00:00,2695.0,2695.0,2692.0,2692.0,15.5668
2025-01-19 07:30:00+00:00,2693.0,2698.0,2691.0,2691.0,34.7068
2025-01-19 08:00:00+00:00,2692.0,2698.0,2690.0,2692.0,48.7592
2025-01-19 08:30:00+00:00,2693.0,2695.0,2688.0,2689.0,26.5454
2025-01-19 09:00:00+00:00,2688.0,2691.0,2684.0,2688.0,51.2661
2025-01-19 09:30:00+00:00,2688.0,2695.0,2686.0,2693.0,29.1974
2025-01-19 10:00:00+00:00,2694.0,2696.0,2688.0,2690.0,20.9526
2025-01-19 10:30:00+00:00,2689.0,2695.0,2687.0,2693.0,36.6522
2025-01-19 11:00:00+00:00,2694.0,2694.0,2687.0,2688.0,12.3449
2025-01-19 11:30:00+00:00,2689.0,2690.0,2687.0,2688.0,58.0215
2025-01-19 12:00:00+00:00,2689.0,2692.0,2687.0,2692.0,17.201
2025-01-19 12:30:00+00:00,2692.0,2696.0,2691.0,2693.0,23.0534
2025-01-19 13:00:00+00:00,2695.0,2695.0,2689.0,2690.0,15.4364
2025-01-19 13:30:00+00:00,2692.0,2692.0,2686.0,2692.0,34.5829
2025-01-19 14:00:00+00:00,2693.0,2700.0,2676.0,2686.0,217.0339
2025-01-19 14:30:00+00:00,2686.0,2693.0,2684.0,2688.0,50.9271
2025-01-19 15:00:00+00:00,2690.0,2694.0,2687.0,2688.0,29.6231
2025-01-19 15:30:00+00:00,2688.0,2689.0,2677.0,2679.0,76.9623
2025-01-19 16:00:00+00:00,2679.0,2689.0,2678.0,2684.0,71.8234
2025-01-19 16:30:00+00:00,2684.0,2686.0,2679.0,2683.0,15.5815
2025-01-19 17:00:00+00:00,2684.0,2691.0,2683.0,2688.0,26.2905
2025-01-19 17:30:00+00:00,2688.0,2689.0,2685.0,2688.0,6.2847
2025-01-19 18:00:00+00:00,2688.0,2691.0,2683.0,2686.0,26.9719
2025-01-19 18:30:00+00:00,2686.0,2686.0,2683.0,2686.0,4.8978
2025-01-19 19:00:00+00:00,2685.0,2687.0,2683.0,2684.0,16.9809
2025-01-19 19:30:00+00:00,2684.0,2689.0,2683.0,2686.0,13.5095
2025-01-19 20:00:00+00:00,2686.0,2688.0,2681.0,2685.0,19.4906
2025-01-19 20:30:00+00:00,2685.0,2687.0,2684.0,2684.0,28.2384
2025-01-19 21:00:00+00:00,2684.0,2686.0,2678.0,2679.0,21.1676
2025-01-19 21:30:00+00:00,2679.0,2679.0,2664.0,2676.0,98.6404
2025-01-19 22:00:00+00:00,2677.0,2683.0,2668.0,2681.0,57.8635
2025-01-19 22:30:00+00:00,2683.0,2687.0,2669.0,2675.0,29.1182
2025-01-19 23:00:00+00:00,2676.0,2691.0,2669.0,2669.0,125.5137
2025-01-19 23:30:00+00:00,2670.0,2689.0,2670.0,2682.0,74.6
2025-01-20 00:00:00+00:00,2683.0,2694.0,2679.0,2689.0,126.2513
2025-01-20 00:30:00+00:00,2688.0,2691.0,2682.0,2685.0,70.9107
2025-01-20 01:00:00+00:00,2686.0,2691.0,2685.0,2689.0,23.0991
2025-01-20 01:30:00+00:00,2689.0,2693.0,2685.0,2692.0,75.3019
2025-01-20 02:00:00+00:00,2693.0,2698.0,2690.0,2694.0,62.3392
2025-01-20 02:30:00+00:00,2694.0,2699.0,2692.0,2693.0,31.5467
2025-01-20 03:00:00+00:00,2694.0,2699.0,2691.0,2695.0,15.598
2025-01-20 03:30:00+00:00,2697.0,2699.0,2695.0,2698.0,7.8428
2025-01-20 04:00:00+00:00,2698.0,2699.0,2692.0,2697.0,27.4313
2025-01-20 04:30:00+00:00,2697.0,2704.0,2697.0,2701.0,57.6752
2025-01-20 05:00:00+00:00,2702.0,2704.0,2700.0,2703.0,10.8105
2025-01-20 05:30:00+00:00,2703.0,2703.0,2698.0,2701.0,14.1222
2025-01-20 06:00:00+00:00,2701.0,2704.0,2699.0,2702.0,16.5281
2025-01-20 06:30:00+00:00,2702.0,2718.0,2701.0,2709.0,168.8215
2025-01-20 07:00:00+00:00,2710.0,2715.0,2695.0,2702.0,161.5451
2025-01-20 07:30:00+00:00,2702.0,2704.0,2697.0,2699.0,40.962
2025-01-20 08:00:00+00:00,2701.0,2708.0,2699.0,2705.0,19.3323
2025-01-20 08:30:00+00:00,2705.0,2708.0,2703.0,2705.0,19.4339
2025-01-20 09:00:00+00:00,2704.0,2708.0,2697.0,2699.0,22.2678
2025-01-20 09:30:00+00:00,2699.0,2704.0,2697.0,2702.0,41.145
2025-01-20 10:00:00+00:00,2702.0,2706.0,2695.0,2701.0,107.0067
2025-01-20 10:30:00+00:00,2701.0,2705.0,2692.0,2700.0,130.1121
2025-01-20 11:00:00+00:00,2701.0,2705.0,2700.0,2702.0,25.2492
2025-01-20 11:30:00+00:00,2704.0,2704.0,2699.0,2703.0,7.5347
2025-01-20 12:00:00+00:00,2703.0,2705.0,2697.0,2703.0,95.0742
2025-01-20 12:30:00+00:00,2703.0,2705.0,2699.0,2703.0,28.7915
2025-01-20 13:00:00+00:00,2704.0,2705.0,2699.0,2705.0,19.1451
2025-01-20 13:30:00+00:00,2705.0,2705.0,2700.0,2702.0,14.2297
2025-01-20 14:00:00+00:00,2702.0,2706.0,2700.0,2705.0,12.65
2025-01-20 14:30:00+00:00,2704.0,2711.0,2704.0,2708.0,79.2652
2025-01-20 15:00:00+00:00,2710.0,2710.0,2703.0,2705.0,15.5811
2025-01-20 15:30:00+00:00,2705.0,2706.0,2699.0,2702.0,49.0557
2025-01-20 16:00:00+00:00,2702.0,2703.0,2697.0,2700.0,44.2675
2025-01-20 16:30:00+00:00,2700.0,2708.0,2697.0,2705.0,16.7941
2025-01-20 17:00:00+00:00,2705.0,2706.0,2697.0,2700.0,49.1943
2025-01-20 17:30:00+00:00,2700.0,2708.0,2697.0,2708.0,123.777
2025-01-20 18:00:00+00:00,2708.0,2709.0,2705.0,2709.0,50.082
2025-01-20 18:30:00+00:00,2707.0,2713.0,2707.0,2707.0,19.7818
2025-01-20 19:00:00+00:00,2709.0,2712.0,2705.0,2706.0,25.6481
2025-01-20 19:30:00+00:00,2706.0,2710.0,2701.0,2709.0,35.0759
2025-01-20 20:00:00+00:00,2709.0,2711.0,2708.0,2710.0,31.8566
2025-01-20 20:30:00+00:00,2709.0,2711.0,2708.0,2709.0,10.0755
2025-01-20 21:00:00+00:00,2708.0,2710.0,2708.0,2708.0,43.8513
2025-01-20 21:30:00+00:00,2709.0,2710.0,2702.0,2703.0,17.5083
2025-01-20 22:00:00+00:00,2704.0,2705.0,2699.0,2705.0,23.0095
2025-01-20 22:30:00+00:00,2705.0,2706.0,2701.0,2702.0,5.0862
2025-01-20 23:00:00+00:00,2702.0,2702.0,2700.0,2700.0,4.9818
2025-01-20 23:30:00+00:00,2701.0,2701.0,2699.0,2701.0,14.6733
2025-01-21 00:00:00+00:00,2701.0,2703.0,2698.0,2702.0,27.3734
2025-01-21 00:30:00+00:00,2700.0,2708.0,2696.0,2696.0,30.6424
2025-01-21 01:00:00+00:00,2697.0,2705.0,2696.0,2702.0,9.4799
2025-01-21 01:30:00+00:00,2703.0,2713.0,2698.0,2712.0,71.6276
2025-01-21 02:00:00+00:00,2713.0,2717.0,2711.0,2714.0,17.5926
2025-01-21 02:30:00+00:00,2714.0,2717.0,2713.0,2716.0,15.566
2025-01-21 03:00:00+00:00,2716.0,2720.0,2715.0,2717.0,29.6944
2025-01-21 03:30:00+00:00,2717.0,2717.0,2713.0,2717.0,10.79
2025-01-21 04:00:00+00:00,2717.0,2717.0,2715.0,2715.0,9.7396
2025-01-21 04:30:00+00:00,2715.0,2720.0,2715.0,2719.0,34.7484
2025-01-21 05:00:00+00:00,2719.0,2721.0,2717.0,2721.0,22.0179
2025-01-21 05:30:00+00:00,2719.0,2723.0,2717.0,2719.0,31.7337
2025-01-21 06:00:00+00:00,2720.0,2726.0,2719.0,2722.0,54.2004
2025-01-21 06:30:00+00:00,2722.0,2726.0,2721.0,2724.0,51.101
2025-01-21 07:00:00+00:00,2724.0,2726.0,2718.0,2724.0,49.5104
2025-01-21 07:30:00+00:00,2724.0,2729.0,2721.0,2728.0,46.6643
2025-01-21 08:00:00+00:00,2728.0,2728.0,2723.0,2724.0,31.571
2025-01-21 08:30:00+00:00,2726.0,2726.0,2723.0,2725.0,50.9857
2025-01-21 09:00:00+00:00,2725.0,2725.0,2717.0,2718.0,42.8082
2025-01-21 09:30:00+00:00,2717.0,2723.0,2717.0,2720.0,15.6273
2025-01-21 10:00:00+00:00,2720.0,2725.0,2716.0,2724.0,100.7878
2025-01-21 10:30:00+00:00,2724.0,2724.0,2718.0,2720.0,34.5968
2025-01-21 11:00:00+00:00,2721.0,2722.0,2719.0,2719.0,12.5268
2025-01-21 11:30:00+00:00,2719.0,2723.0,2718.0,2720.0,23.2795
2025-01-21 12:00:00+00:00,2721.0,2723.0,2717.0,2719.0,26.8042
2025-01-21 12:30:00+00:00,2721.0,2723.0,2719.0,2721.0,10.9275
2025-01-21 13:00:00+00:00,2723.0,2725.0,2721.0,2725.0,19.4022
2025-01-21 13:30:00+00:00,2725.0,2725.0,2722.0,2725.0,14.0313
2025-01-21 14:00:00+00:00,2725.0,2733.0,2722.0,2727.0,57.7097
2025-01-21 14:30:00+00:00,2727.0,2733.0,2725.0,2731.0,38.2514
2025-01-21 15:00:00+00:00,2732.0,2738.0,2731.0,2737.0,88.6988
2025-01-21 15:30:00+00:00,2737.0,2739.0,2736.0,2738.0,18.1403
2025-01-21 16:00:00+00:00,2739.0,2739.0,2735.0,2735.0,25.8905
2025-01-21 16:30:00+00:00,2736.0,2738.0,2730.0,2737.0,195.4714
2025-01-21 17:00:00+00:00,2737.0,2739.0,2736.0,2737.0,7.3565
2025-01-21 17:30:00+00:00,2738.0,2738.0,2735.0,2736.0,13.9594
2025-01-21 18:00:00+00:00,2736.0,2737.0,2733.0,2736.0,21.647
2025-01-21 18:30:00+00:00,2735.0,2739.0,2734.0,2736.0,24.8866
2025-01-21 19:00:00+00:00,2736.0,2738.0,2736.0,2738.0,10.8498
2025-01-21 19:30:00+00:00,2738.0,2747.0,2737.0,2741.0,126.4395
2025-01-21 20:00:00+00:00,2741.0,2741.0,2735.0,2737.0,22.0608
2025-01-21 20:30:00+00:00,2738.0,2742.0,2736.0,2739.0,43.9519
2025-01-21 21:00:00+00:00,2741.0,2741.0,2734.0,2734.0,14.0751
2025-01-21 21:30:00+00:00,2734.0,2740.0,2734.0,2738.0,8.6694
2025-01-21 22:00:00+00:00,2740.0,2742.0,2733.0,2740.0,27.328
2025-01-21 22:30:00+00:00,2740.0,2741.0,2736.0,2737.0,21.1303
2025-01-21 23:00:00+00:00,2738.0,2740.0,2734.0,2734.0,25.1814
2025-01-21 23:30:00+00:00,2734.0,2740.0,2734.0,2739.0,22.1693
2025-01-22 00:00:00+00:00,2739.0,2741.0,2738.0,2741.0,6.5839
2025-01-22 00:30:00+00:00,2741.0,2744.0,2740.0,2743.0,22.4704
2025-01-22 01:00:00+00:00,2744.0,2744.0,2741.0,2743.0,13.8095
2025-01-22 01:30:00+00:00,2743.0,2745.0,2741.0,2742.0,17.0206
2025-01-22 02:00:00+00:00,2743.0,2744.0,2741.0,2743.0,11.9758
2025-01-22 02:30:00+00:00,2743.0,2745.0,2740.0,2743.0,28.3367
2025-01-22 03:00:00+00:00,2743.0,2744.0,2741.0,2742.0,8.2369
2025-01-22 03:30:00+00:00,2742.0,2743.0,2740.0,2740.0,6.7767
2025-01-22 04:00:00+00:00,2740.0,2744.0,2740.0,2743.0,8.664
2025-01-22 04:30:00+00:00,2742.0,2746.0,2742.0,2745.0,26.5479
2025-01-22 05:00:00+00:00,2745.0,2746.0,2743.0,2746.0,21.5375
2025-01-22 05:30:00+00:00,2745.0,2748.0,2745.0,2747.0,25.9992
2025-01-22 06:00:00+00:00,2747.0,2748.0,2744.0,2745.0,13.5197
2025-01-22 06:30:00+00:00,2745.0,2746.0,2742.0,2743.0,21.9489
2025-01-22 07:00:00+00:00,2743.0,2743.0,2740.0,2742.0,13.196
2025-01-22 07:30:00+00:00,2741.0,2746.0,2740.0,2742.0,66.2516
2025-01-22 08:00:00+00:00,2743.0,2744.0,2741.0,2743.0,16.11
2025-01-22 08:30:00+00:00,2743.0,2745.0,2741.0,2745.0,10.19
2025-01-22 09:00:00+00:00,2743.0,2750.0,2743.0,2750.0,99.7657
2025-01-22 09:30:00+00:00,2750.0,2752.0,2749.0,2751.0,16.3327
2025-01-22 10:00:00+00:00,2752.0,2754.0,2750.0,2754.0,30.5657
2025-01-22 10:30:00+00:00,2754.0,2754.0,2751.0,2754.0,16.272
2025-01-22 11:00:00+00:00,2753.0,2754.0,2753.0,2754.0,19.067
2025-01-22 11:30:00+00:00,2754.0,2758.0,2753.0,2758.0,77.3771
2025-01-22 12:00:00+00:00,2758.0,2758.0,2749.0,2755.0,19.1937
2025-01-22 12:30:00+00:00,2755.0,2755.0,2746.0,2749.0,12.8811
2025-01-22 13:00:00+00:00,2749.0,2768.0,2747.0,2768.0,232.4992
2025-01-22 13:30:00+00:00,2768.0,2775.0,2751.0,2757.0,218.1663
2025-01-22 14:00:00+00:00,2758.0,2777.0,2756.0,2766.0,163.5076
2025-01-22 14:30:00+00:00,2766.0,2769.0,2758.0,2759.0,166.5969
2025-01-22 15:00:00+00:00,2759.0,2761.0,2756.0,2757.0,33.6601
2025-01-22 15:30:00+00:00,2757.0,2768.0,2757.0,2768.0,82.0113
2025-01-22 16:00:00+00:00,2767.0,2767.0,2763.0,2764.0,42.8176
2025-01-22 16:30:00+00:00,2765.0,2767.0,2760.0,2762.0,41.2208
2025-01-22 17:00:00+00:00,2760.0,2762.0,2758.0,2759.0,13.747
2025-01-22 17:30:00+00:00,2759.0,2760.0,2757.0,2757.0,5.3578
2025-01-22 18:00:00+00:00,2757.0,2760.0,2757.0,2760.0,58.6969
2025-01-22 18:30:00+00:00,2760.0,2763.0,2759.0,2761.0,23.9672
2025-01-22 19:00:00+00:00,2761.0,2762.0,2755.0,2757.0,17.1121
2025-01-22 19:30:00+00:00,2757.0,2761.0,2756.0,2758.0,10.9619
2025-01-22 20:00:00+00:00,2759.0,2759.0,2756.0,2756.0,6.0416
2025-01-22 20:30:00+00:00,2756.0,2761.0,2756.0,2756.0,16.9385
2025-01-22 21:00:00+00:00,2758.0,2760.0,2753.0,2758.0,15.753
2025-01-22 21:30:00+00:00,2756.0,2759.0,2756.0,2758.0,16.2186
2025-01-22 22:00:00+00:00,2758.0,2759.0,2756.0,2757.0,3.938
2025-01-22 22:30:00+00:00,2756.0,2758.0,2756.0,2757.0,3.8337
2025-01-22 23:00:00+00:00,2757.0,2758.0,2755.0,2755.0,10.7611
2025-01-22 23:30:00+00:00,2755.0,2756.0,2753.0,2754.0,5.4651
2025-01-23 00:00:00+00:00,2755.0,2755.0,2751.0,2752.0,8.2554
2025-01-23 00:30:00+00:00,2753.0,2760.0,2751.0,2757.0,22.0312
2025-01-23 01:00:00+00:00,2758.0,2763.0,2757.0,2761.0,24.2148
2025-01-23 01:30:00+00:00,2759.0,2761.0,2752.0,2754.0,13.434
2025-01-23 02:00:00+00:00,2754.0,2754.0,2750.0,2750.0,6.6477
2025-01-23 02:30:00+00:00,2751.0,2753.0,2749.0,2749.0,18.4377
2025-01-23 03:00:00+00:00,2750.0,2750.0,2748.0,2750.0,4.4044
2025-01-23 03:30:00+00:00,2748.0,2750.0,2748.0,2749.0,6.7513
2025-01-23 04:00:00+00:00,2749.0,2751.0,2747.0,2750.0,8.0388
2025-01-23 04:30:00+00:00,2750.0,2751.0,2747.0,2748.0,16.6904
2025-01-23 05:00:00+00:00,2748.0,2752.0,2748.0,2750.0,4.6031
2025-01-23 05:30:00+00:00,2752.0,2757.0,2750.0,2757.0,2.978
2025-01-23 06:00:00+00:00,2757.0,2758.0,2754.0,2758.0,13.4658
2025-01-23 06:30:00+00:00,2757.0,2760.0,2751.0,2754.0,16.123
2025-01-23 07:00:00+00:00,2754.0,2762.0,2752.0,2757.0,51.0994
2025-01-23 07:30:00+00:00,2757.0,2757.0,2746.0,2751.0,50.7357
2025-01-23 08:00:00+00:00,2751.0,2751.0,2749.0,2750.0,3.6844
2025-01-23 08:30:00+00:00,2750.0,2751.0,2749.0,2750.0,12.0128
2025-01-23 09:00:00+00:00,2750.0,2753.0,2744.0,2745.0,11.2332
2025-01-23 09:30:00+00:00,2746.0,2748.0,2745.0,2745.0,21.2568
2025-01-23 10:00:00+00:00,2746.0,2746.0,2741.0,2745.0,37.5452
2025-01-23 10:30:00+00:00,2745.0,2749.0,2743.0,2748.0,23.5158
2025-01-23 11:00:00+00:00,2747.0,2752.0,2747.0,2750.0,15.091
2025-01-23 11:30:00+00:00,2749.0,2753.0,2748.0,2751.0,6.6818
2025-01-23 12:00:00+00:00,2751.0,2752.0,2749.0,2751.0,12.8314
2025-01-23 12:30:00+00:00,2750.0,2751.0,2746.0,2748.0,22.4967
2025-01-23 13:00:00+00:00,2748.0,2748.0,2742.0,2745.0,16.4258
2025-01-23 13:30:00+00:00,2745.0,2746.0,2736.0,2737.0,33.9902
2025-01-23 14:00:00+00:00,2737.0,2744.0,2736.0,2742.0,22.1399
2025-01-23 14:30:00+00:00,2742.0,2748.0,2737.0,2740.0,62.812
2025-01-23 15:00:00+00:00,2743.0,2743.0,2737.0,2738.0,24.1009
2025-01-23 15:30:00+00:00,2739.0,2745.0,2739.0,2739.0,31.1709
2025-01-23 16:00:00+00:00,2739.0,2746.0,2739.0,2744.0,19.0132
2025-01-23 16:30:00+00:00,2744.0,2751.0,2744.0,2749.0,23.6377
2025-01-23 17:00:00+00:00,2749.0,2751.0,2744.0,2749.0,31.8603
2025-01-23 17:30:00+00:00,2749.0,2754.0,2749.0,2753.0,10.3494
2025-01-23 18:00:00+00:00,2753.0,2755.0,2749.0,2751.0,6.943
2025-01-23 18:30:00+00:00,2752.0,2753.0,2749.0,2751.0,9.0849
2025-01-23 19:00:00+00:00,2749.0,2755.0,2747.0,2753.0,21.8751
2025-01-23 19:30:00+00:00,2753.0,2757.0,2750.0,2750.0,17.9988
2025-01-23 20:00:00+00:00,2751.0,2758.0,2750.0,2755.0,44.4878
2025-01-23 20:30:00+00:00,2755.0,2755.0,2749.0,2750.0,17.4258
2025-01-23 21:00:00+00:00,2750.0,2752.0,2748.0,2750.0,10.3042
2025-01-23 21:30:00+00:00,2751.0,2751.0,2746.0,2746.0,17.4196
2025-01-23 22:00:00+00:00,2747.0,2755.0,2745.0,2753.0,18.0313
2025-01-23 22:30:00+00:00,2754.0,2757.0,2742.0,2747.0,95.9939
2025-01-23 23:00:00+00:00,2747.0,2754.0,2747.0,2748.0,19.1667
2025-01-23 23:30:00+00:00,2747.0,2751.0,2747.0,2749.0,31.4201
2025-01-24 00:00:00+00:00,2749.0,2751.0,2748.0,2750.0,23.8438
2025-01-24 00:30:00+00:00,2749.0,2754.0,2748.0,2751.0,72.6717
2025-01-24 01:00:00+00:00,2752.0,2752.0,2737.0,2738.0,210.6757
2025-01-24 01:30:00+00:00,2738.0,2742.0,2736.0,2742.0,96.24
2025-01-24 02:00:00+00:00,2740.0,2756.0,2740.0,2754.0,35.6205
2025-01-24 02:30:00+00:00,2754.0,2762.0,2754.0,2762.0,29.568
2025-01-24 03:00:00+00:00,2762.0,2762.0,2757.0,2759.0,14.4948
2025-01-24 03:30:00+00:00,2759.0,2766.0,2754.0,2765.0,23.9261
2025-01-24 04:00:00+00:00,2765.0,2766.0,2760.0,2762.0,3.9546
2025-01-24 04:30:00+00:00,2761.0,2762.0,2760.0,2761.0,5.1015
2025-01-24 05:00:00+00:00,2761.0,2766.0,2754.0,2760.0,45.5093
2025-01-24 05:30:00+00:00,2760.0,2766.0,2757.0,2766.0,23.7358
2025-01-24 06:00:00+00:00,2765.0,2766.0,2761.0,2765.0,9.2203
2025-01-24 06:30:00+00:00,2763.0,2766.0,2763.0,2766.0,6.8235
2025-01-24 07:00:00+00:00,2765.0,2765.0,2760.0,2764.0,14.5072
2025-01-24 07:30:00+00:00,2764.0,2765.0,2760.0,2765.0,6.0981
2025-01-24 08:00:00+00:00,2765.0,2766.0,2764.0,2766.0,10.7761
2025-01-24 08:30:00+00:00,2766.0,2768.0,2765.0,2768.0,13.8223
2025-01-24 09:00:00+00:00,2768.0,2768.0,2767.0,2768.0,9.6283
2025-01-24 09:30:00+00:00,2767.0,2768.0,2761.0,2764.0,14.3758
2025-01-24 10:00:00+00:00,2765.0,2768.0,2763.0,2766.0,14.1519
2025-01-24 10:30:00+00:00,2766.0,2769.0,2762.0,2768.0,16.0776
2025-01-24 11:00:00+00:00,2768.0,2770.0,2764.0,2768.0,7.4645
2025-01-24 11:30:00+00:00,2768.0,2768.0,2762.0,2763.0,7.9566
2025-01-24 12:00:00+00:00,2764.0,2768.0,2763.0,2768.0,14.1651
2025-01-24 12:30:00+00:00,2768.0,2768.0,2764.0,2765.0,9.9868
2025-01-24 13:00:00+00:00,2766.0,2770.0,2762.0,2765.0,57.7763
2025-01-24 13:30:00+00:00,2765.0,2766.0,2758.0,2763.0,71.6495
2025-01-24 14:00:00+00:00,2764.0,2764.0,2756.0,2758.0,24.3698
2025-01-24 14:30:00+00:00,2760.0,2766.0,2757.0,2763.0,12.9113
2025-01-24 15:00:00+00:00,2763.0,2768.0,2761.0,2767.0,21.6465
2025-01-24 15:30:00+00:00,2766.0,2771.0,2763.0,2770.0,50.6
2025-01-24 16:00:00+00:00,2769.0,2769.0,2762.0,2763.0,19.9545
2025-01-24 16:30:00+00:00,2762.0,2767.0,2762.0,2764.0,8.6066
2025-01-24 17:00:00+00:00,2764.0,2768.0,2762.0,2764.0,32.933
2025-01-24 17:30:00+00:00,2764.0,2767.0,2763.0,2764.0,4.3627
2025-01-24 18:00:00+00:00,2766.0,2771.0,2763.0,2767.0,66.8761
2025-01-24 18:30:00+00:00,2766.0,2768.0,2760.0,2765.0,31.6511
2025-01-24 19:00:00+00:00,2765.0,2771.0,2758.0,2768.0,78.0814
2025-01-24 19:30:00+00:00,2767.0,2768.0,2763.0,2763.0,3.4307
2025-01-24 20:00:00+00:00,2763.0,2765.0,2760.0,2762.0,9.3005
2025-01-24 20:30:00+00:00,2764.0,2764.0,2759.0,2761.0,14.7075
2025-01-24 21:00:00+00:00,2759.0,2766.0,2758.0,2761.0,14.4901
2025-01-24 21:30:00+00:00,2761.0,2770.0,2759.0,2764.0,20.6068
2025-01-24 22:00:00+00:00,2765.0,2765.0,2762.0,2763.0,3.6328
2025-01-24 22:30:00+00:00,2763.0,2764.0,2762.0,2762.0,1.908
2025-01-24 23:00:00+00:00,2763.0,2763.0,2758.0,2758.0,10.2095
2025-01-24 23:30:00+00:00,2758.0,2762.0,2758.0,2760.0,5.7736
2025-01-25 00:00:00+00:00,2761.0,2762.0,2758.0,2758.0,7.7635
2025-01-25 00:30:00+00:00,2758.0,2759.0,2757.0,2757.0,18.8218
2025-01-25 01:00:00+00:00,2759.0,2764.0,2757.0,2764.0,9.1828
2025-01-25 01:30:00+00:00,2764.0,2766.0,2764.0,2766.0,6.8062
2025-01-25 02:00:00+00:00,2766.0,2766.0,2762.0,2764.0,10.9306
2025-01-25 02:30:00+00:00,2764.0,2766.0,2762.0,2765.0,3.8976
2025-01-25 03:00:00+00:00,2765.0,2765.0,2761.0,2761.0,4.315
2025-01-25 03:30:00+00:00,2762.0,2767.0,2760.0,2765.0,10.0501
2025-01-25 04:00:00+00:00,2766.0,2766.0,2763.0,2765.0,3.7595
2025-01-25 04:30:00+00:00,2766.0,2767.0,2765.0,2767.0,4.5932
2025-01-25 05:00:00+00:00,2765.0,2770.0,2764.0,2767.0,30.9607
2025-01-25 05:30:00+00:00,2767.0,2770.0,2767.0,2768.0,2.1239
2025-01-25 06:00:00+00:00,2768.0,2770.0,2767.0,2767.0,5.6417
2025-01-25 06:30:00+00:00,2768.0,2768.0,2767.0,2767.0,2.2497
2025-01-25 07:00:00+00:00,2768.0,2768.0,2766.0,2766.0,6.5307
2025-01-25 07:30:00+00:00,2766.0,2768.0,2766.0,2767.0,5.9425
2025-01-25 08:00:00+00:00,2768.0,2769.0,2766.0,2766.0,15.7727
2025-01-25 08:30:00+00:00,2766.0,2768.0,2764.0,2765.0,22.2215
2025-01-25 09:00:00+00:00,2764.0,2768.0,2764.0,2766.0,4.5244
2025-01-25 09:30:00+00:00,2766.0,2767.0,2765.0,2765.0,2.3699
2025-01-25 10:00:00+00:00,2766.0,2766.0,2763.0,2763.0,6.7139
2025-01-25 10:30:00+00:00,2763.0,2767.0,2763.0,2766.0,5.7958
2025-01-25 11:00:00+00:00,2768.0,2768.0,2764.0,2766.0,3.8704
2025-01-25 11:30:00+00:00,2764.0,2766.0,2764.0,2765.0,2.6595
2025-01-25 12:00:00+00:00,2764.0,2765.0,2762.0,2762.0,2.1325
2025-01-25 12:30:00+00:00,2763.0,2768.0,2762.0,2766.0,6.2387
2025-01-25 13:00:00+00:00,2767.0,2768.0,2764.0,2765.0,2.823
2025-01-25 13:30:00+00:00,2765.0,2765.0,2762.0,2763.0,3.248
2025-01-25 14:00:00+00:00,2763.0,2763.0,2761.0,2762.0,3.2073
2025-01-25 14:30:00+00:00,2760.0,2763.0,2760.0,2762.0,2.1121
2025-01-25 15:00:00+00:00,2763.0,2766.0,2760.0,2765.0,9.4629
2025-01-25 15:30:00+00:00,2765.0,2768.0,2764.0,2764.0,9.586
2025-01-25 16:00:00+00:00,2765.0,2767.0,2764.0,2766.0,5.9475
2025-01-25 16:30:00+00:00,2766.0,2767.0,2765.0,2767.0,2.9518
2025-01-25 17:00:00+00:00,2767.0,2767.0,2764.0,2767.0,5.0545
2025-01-25 17:30:00+00:00,2767.0,2767.0,2766.0,2767.0,1.6753
2025-01-25 18:00:00+00:00,2766.0,2769.0,2766.0,2769.0,2.6107
2025-01-25 18:30:00+00:00,2768.0,2769.0,2768.0,2769.0,2.3988
2025-01-25 19:00:00+00:00,2768.0,2770.0,2768.0,2769.0,25.7439
2025-01-25 19:30:00+00:00,2769.0,2770.0,2769.0,2770.0,4.677
2025-01-25 20:00:00+00:00,2770.0,2770.0,2768.0,2769.0,4.3326
2025-01-25 20:30:00+00:00,2769.0,2770.0,2769.0,2769.0,2.7005
2025-01-25 21:00:00+00:00,2769.0,2769.0,2767.0,2767.0,13.8835
2025-01-25 21:30:00+00:00,2767.0,2770.0,2766.0,2767.0,25.7716
2025-01-25 22:00:00+00:00,2769.0,2769.0,2766.0,2769.0,5.1468
2025-01-25 22:30:00+00:00,2767.0,2769.0,2767.0,2768.0,0.5325
2025-01-25 23:00:00+00:00,2768.0,2769.0,2767.0,2768.0,2.9299
2025-01-25 23:30:00+00:00,2767.0,2769.0,2766.0,2769.0,7.2254
2025-01-26 00:00:00+00:00,2769.0,2769.0,2767.0,2768.0,1.0513
2025-01-26 00:30:00+00:00,2768.0,2769.0,2767.0,2769.0,3.0209
2025-01-26 01:00:00+00:00,2769.0,2769.0,2766.0,2768.0,9.8362
2025-01-26 01:30:00+00:00,2766.0,2769.0,2766.0,2767.0,6.7107
2025-01-26 02:00:00+00:00,2768.0,2768.0,2766.0,2766.0,0.444
2025-01-26 02:30:00+00:00,2768.0,2768.0,2766.0,2768.0,2.6238
2025-01-26 03:00:00+00:00,2768.0,2768.0,2767.0,2768.0,0.8396
2025-01-26 03:30:00+00:00,2768.0,2769.0,2767.0,2769.0,9.2048
2025-01-26 04:00:00+00:00,2767.0,2769.0,2767.0,2769.0,1.8381
2025-01-26 04:30:00+00:00,2767.0,2769.0,2766.0,2768.0,9.1115
2025-01-26 05:00:00+00:00,2767.0,2770.0,2767.0,2769.0,6.1451
2025-01-26 05:30:00+00:00,2769.0,2769.0,2767.0,2768.0,3.7515
2025-01-26 06:00:00+00:00,2768.0,2768.0,2766.0,2768.0,9.2476
2025-01-26 06:30:00+00:00,2768.0,2768.0,2766.0,2767.0,2.7512
2025-01-26 07:00:00+00:00,2767.0,2767.0,2766.0,2767.0,1.5907
2025-01-26 07:30:00+00:00,2767.0,2767.0,2766.0,2766.0,8.4801
2025-01-26 08:00:00+00:00,2767.0,2767.0,2765.0,2766.0,1.2725
2025-01-26 08:30:00+00:00,2766.0,2766.0,2765.0,2766.0,0.9712
2025-01-26 09:00:00+00:00,2765.0,2766.0,2764.0,2765.0,1.379
2025-01-26 09:30:00+00:00,2765.0,2767.0,2764.0,2765.0,8.6576
2025-01-26 10:00:00+00:00,2765.0,2765.0,2764.0,2764.0,2.4294
2025-01-26 10:30:00+00:00,2764.0,2765.0,2763.0,2764.0,1.8652
2025-01-26 11:00:00+00:00,2764.0,2765.0,2763.0,2763.0,3.8097
2025-01-26 11:30:00+00:00,2763.0,2768.0,2763.0,2766.0,4.1111
2025-01-26 12:00:00+00:00,2768.0,2768.0,2766.0,2766.0,1.3928
2025-01-26 12:30:00+00:00,2766.0,2768.0,2766.0,2766.0,1.9673
2025-01-26 13:00:00+00:00,2767.0,2767.0,2765.0,2766.0,4.8477
2025-01-26 13:30:00+00:00,2765.0,2766.0,2765.0,2765.0,1.778
2025-01-26 14:00:00+00:00,2765.0,2769.0,2765.0,2768.0,15.0493
2025-01-26 14:30:00+00:00,2768.0,2769.0,2764.0,2766.0,9.171
2025-01-26 15:00:00+00:00,2766.0,2766.0,2764.0,2764.0,1.9651
2025-01-26 15:30:00+00:00,2766.0,2766.0,2763.0,2766.0,7.0124
2025-01-26 16:00:00+00:00,2766.0,2773.0,2765.0,2770.0,26.6374
2025-01-26 16:30:00+00:00,2769.0,2774.0,2769.0,2774.0,21.0367
2025-01-26 17:00:00+00:00,2773.0,2775.0,2773.0,2773.0,3.816
2025-01-26 17:30:00+00:00,2773.0,2774.0,2773.0,2773.0,2.5732
2025-01-26 18:00:00+00:00,2774.0,2774.0,2772.0,2773.0,5.6113
2025-01-26 18:30:00+00:00,2772.0,2774.0,2772.0,2774.0,2.6398
2025-01-26 19:00:00+00:00,2773.0,2774.0,2770.0,2772.0,14.7889
2025-01-26 19:30:00+00:00,2771.0,2773.0,2770.0,2772.0,5.9928
2025-01-26 20:00:00+00:00,2771.0,2772.0,2768.0,2768.0,9.0739
2025-01-26 20:30:00+00:00,2768.0,2769.0,2765.0,2765.0,13.2061
2025-01-26 21:00:00+00:00,2766.0,2768.0,2765.0,2767.0,9.8737
2025-01-26 21:30:00+00:00,2767.0,2768.0,2764.0,2764.0,2.7748
2025-01-26 22:00:00+00:00,2765.0,2766.0,2762.0,2763.0,12.1219
2025-01-26 22:30:00+00:00,2763.0,2765.0,2762.0,2764.0,6.7696
2025-01-26 23:00:00+00:00,2764.0,2764.0,2758.0,2759.0,16.4295
2025-01-26 23:30:00+00:00,2759.0,2762.0,2759.0,2762.0,7.1453
2025-01-27 00:00:00+00:00,2761.0,2762.0,2757.0,2758.0,26.9172
2025-01-27 00:30:00+00:00,2758.0,2760.0,2756.0,2758.0,42.3326
2025-01-27 01:00:00+00:00,2756.0,2762.0,2753.0,2762.0,40.0513
2025-01-27 01:30:00+00:00,2761.0,2764.0,2753.0,2756.0,23.4501
2025-01-27 02:00:00+00:00,2757.0,2759.0,2752.0,2756.0,19.0138
2025-01-27 02:30:00+00:00,2755.0,2758.0,2750.0,2752.0,30.7729
2025-01-27 03:00:00+00:00,2753.0,2759.0,2752.0,2758.0,18.956
2025-01-27 03:30:00+00:00,2757.0,2758.0,2753.0,2754.0,18.9666
2025-01-27 04:00:00+00:00,2754.0,2754.0,2751.0,2752.0,5.9498
2025-01-27 04:30:00+00:00,2752.0,2753.0,2750.0,2751.0,13.8913
2025-01-27 05:00:00+00:00,2751.0,2752.0,2749.0,2751.0,7.8382
2025-01-27 05:30:00+00:00,2751.0,2753.0,2747.0,2749.0,24.1204
2025-01-27 06:00:00+00:00,2749.0,2750.0,2744.0,2745.0,19.0858
2025-01-27 06:30:00+00:00,2745.0,2747.0,2742.0,2743.0,25.0009
2025-01-27 07:00:00+00:00,2744.0,2744.0,2730.0,2730.0,64.7695
2025-01-27 07:30:00+00:00,2731.0,2737.0,2731.0,2735.0,50.7124
2025-01-27 08:00:00+00:00,2734.0,2742.0,2732.0,2740.0,21.1328
2025-01-27 08:30:00+00:00,2739.0,2740.0,2730.0,2735.0,117.6261
2025-01-27 09:00:00+00:00,2736.0,2748.0,2735.0,2745.0,50.706
2025-01-27 09:30:00+00:00,2744.0,2753.0,2744.0,2752.0,28.1528
2025-01-27 10:00:00+00:00,2753.0,2754.0,2748.0,2750.0,15.1927
2025-01-27 10:30:00+00:00,2750.0,2758.0,2749.0,2757.0,62.5602
2025-01-27 11:00:00+00:00,2756.0,2760.0,2754.0,2760.0,31.3681
2025-01-27 11:30:00+00:00,2760.0,2760.0,2757.0,2759.0,44.0213
2025-01-27 12:00:00+00:00,2759.0,2760.0,2751.0,2752.0,20.7507
2025-01-27 12:30:00+00:00,2751.0,2754.0,2750.0,2752.0,28.2321
2025-01-27 13:00:00+00:00,2753.0,2753.0,2748.0,2751.0,22.0185
2025-01-27 13:30:00+00:00,2750.0,2752.0,2748.0,2751.0,27.8385
2025-01-27 14:00:00+00:00,2751.0,2752.0,2748.0,2750.0,38.8098
2025-01-27 14:30:00+00:00,2750.0,2752.0,2742.0,2748.0,49.1891
2025-01-27 15:00:00+00:00,2748.0,2748.0,2738.0,2743.0,72.4282
2025-01-27 15:30:00+00:00,2743.0,2743.0,2740.0,2743.0,25.0897
2025-01-27 16:00:00+00:00,2742.0,2743.0,2735.0,2736.0,11.9411
2025-01-27 16:30:00+00:00,2735.0,2748.0,2732.0,2732.0,61.5531
2025-01-27 17:00:00+00:00,2732.0,2736.0,2732.0,2734.0,29.7341
2025-01-27 17:30:00+00:00,2734.0,2737.0,2731.0,2732.0,50.9757
2025-01-27 18:00:00+00:00,2732.0,2739.0,2732.0,2736.0,13.2297
2025-01-27 18:30:00+00:00,2735.0,2739.0,2734.0,2736.0,14.234
2025-01-27 19:00:00+00:00,2736.0,2740.0,2734.0,2739.0,8.3575
2025-01-27 19:30:00+00:00,2739.0,2742.0,2739.0,2741.0,9.996
2025-01-27 20:00:00+00:00,2740.0,2741.0,2739.0,2741.0,9.7931
2025-01-27 20:30:00+00:00,2741.0,2747.0,2740.0,2745.0,74.013
2025-01-27 21:00:00+00:00,2743.0,2761.0,2740.0,2749.0,130.8639
2025-01-27 21:30:00+00:00,2752.0,2752.0,2741.0,2741.0,14.9446
2025-01-27 22:00:00+00:00,2742.0,2743.0,2734.0,2736.0,55.7846
2025-01-27 22:30:00+00:00,2735.0,2737.0,2734.0,2736.0,7.3519
2025-01-27 23:00:00+00:00,2736.0,2741.0,2736.0,2741.0,13.0023
2025-01-27 23:30:00+00:00,2740.0,2743.0,2738.0,2742.0,20.3895
2025-01-28 00:00:00+00:00,2743.0,2744.0,2739.0,2740.0,16.0305
2025-01-28 00:30:00+00:00,2740.0,2740.0,2738.0,2740.0,9.1438
2025-01-28 01:00:00+00:00,2739.0,2750.0,2738.0,2738.0,46.5243
2025-01-28 01:30:00+00:00,2739.0,2743.0,2737.0,2738.0,10.5919
2025-01-28 02:00:00+00:00,2740.0,2741.0,2737.0,2741.0,2.7507
2025-01-28 02:30:00+00:00,2740.0,2742.0,2738.0,2740.0,4.7223
2025-01-28 03:00:00+00:00,2739.0,2743.0,2739.0,2740.0,6.3878
2025-01-28 03:30:00+00:00,2740.0,2740.0,2738.0,2739.0,4.6988
2025-01-28 04:00:00+00:00,2738.0,2739.0,2736.0,2739.0,5.0661
2025-01-28 04:30:00+00:00,2738.0,2741.0,2737.0,2737.0,10.7932
2025-01-28 05:00:00+00:00,2739.0,2740.0,2737.0,2740.0,1.5077
2025-01-28 05:30:00+00:00,2739.0,2743.0,2736.0,2738.0,19.3118
2025-01-28 06:00:00+00:00,2738.0,2742.0,2737.0,2741.0,8.2532
2025-01-28 06:30:00+00:00,2741.0,2742.0,2739.0,2740.0,14.8931
2025-01-28 07:00:00+00:00,2739.0,2740.0,2737.0,2739.0,6.8556
2025-01-28 07:30:00+00:00,2738.0,2739.0,2738.0,2739.0,4.3977
2025-01-28 08:00:00+00:00,2738.0,2741.0,2736.0,2737.0,16.6468
2025-01-28 08:30:00+00:00,2738.0,2742.0,2737.0,2740.0,10.6934
2025-01-28 09:00:00+00:00,2739.0,2742.0,2739.0,2742.0,5.4705
2025-01-28 09:30:00+00:00,2741.0,2742.0,2741.0,2742.0,10.5145
2025-01-28 10:00:00+00:00,2741.0,2744.0,2741.0,2744.0,6.0998
2025-01-28 10:30:00+00:00,2743.0,2745.0,2743.0,2744.0,6.7662
2025-01-28 11:00:00+00:00,2744.0,2745.0,2743.0,2745.0,8.8539
2025-01-28 11:30:00+00:00,2744.0,2748.0,2742.0,2746.0,31.9906
2025-01-28 12:00:00+00:00,2746.0,2748.0,2744.0,2748.0,36.469
2025-01-28 12:30:00+00:00,2748.0,2748.0,2747.0,2747.0,10.47
2025-01-28 13:00:00+00:00,2748.0,2749.0,2747.0,2749.0,11.7405
2025-01-28 13:30:00+00:00,2749.0,2750.0,2748.0,2750.0,7.6282
2025-01-28 14:00:00+00:00,2750.0,2754.0,2748.0,2754.0,22.3566
2025-01-28 14:30:00+00:00,2754.0,2758.0,2753.0,2758.0,23.3916
2025-01-28 15:00:00+00:00,2758.0,2758.0,2753.0,2755.0,21.2664
2025-01-28 15:30:00+00:00,2754.0,2758.0,2754.0,2756.0,12.5146
2025-01-28 16:00:00+00:00,2756.0,2758.0,2754.0,2754.0,18.3227
2025-01-28 16:30:00+00:00,2754.0,2756.0,2752.0,2752.0,65.3732
2025-01-28 17:00:00+00:00,2753.0,2754.0,2735.0,2752.0,154.8462
2025-01-28 17:30:00+00:00,2752.0,2755.0,2752.0,2752.0,28.5221
2025-01-28 18:00:00+00:00,2753.0,2757.0,2752.0,2756.0,13.1979
2025-01-28 18:30:00+00:00,2756.0,2756.0,2754.0,2756.0,5.535
2025-01-28 19:00:00+00:00,2756.0,2758.0,2754.0,2757.0,14.763
2025-01-28 19:30:00+00:00,2755.0,2763.0,2755.0,2761.0,28.2647
2025-01-28 20:00:00+00:00,2760.0,2763.0,2759.0,2759.0,12.6669
2025-01-28 20:30:00+00:00,2759.0,2761.0,2754.0,2755.0,44.3668
2025-01-28 21:00:00+00:00,2755.0,2760.0,2754.0,2759.0,24.8547
2025-01-28 21:30:00+00:00,2757.0,2763.0,2757.0,2759.0,40.3614
2025-01-28 22:00:00+00:00,2759.0,2769.0,2757.0,2763.0,101.585
2025-01-28 22:30:00+00:00,2763.0,2772.0,2763.0,2768.0,79.3461
2025-01-28 23:00:00+00:00,2768.0,2769.0,2762.0,2762.0,23.1279
2025-01-28 23:30:00+00:00,2762.0,2765.0,2761.0,2763.0,7.778
2025-01-29 00:00:00+00:00,2763.0,2767.0,2762.0,2764.0,20.1921
2025-01-29 00:30:00+00:00,2764.0,2766.0,2762.0,2765.0,11.6053
2025-01-29 01:00:00+00:00,2765.0,2765.0,2763.0,2763.0,5.7377
2025-01-29 01:30:00+00:00,2763.0,2768.0,2763.0,2766.0,16.4094
2025-01-29 02:00:00+00:00,2766.0,2769.0,2765.0,2765.0,7.1968
2025-01-29 02:30:00+00:00,2765.0,2768.0,2764.0,2768.0,6.1815
2025-01-29 03:00:00+00:00,2768.0,2768.0,2764.0,2764.0,4.684
2025-01-29 03:30:00+00:00,2765.0,2768.0,2764.0,2766.0,6.7213
2025-01-29 04:00:00+00:00,2766.0,2768.0,2765.0,2767.0,3.2712
2025-01-29 04:30:00+00:00,2766.0,2768.0,2762.0,2762.0,6.2929
2025-01-29 05:00:00+00:00,2763.0,2766.0,2759.0,2765.0,30.1594
2025-01-29 05:30:00+00:00,2765.0,2769.0,2765.0,2767.0,5.1781
2025-01-29 06:00:00+00:00,2768.0,2768.0,2763.0,2765.0,33.3087
2025-01-29 06:30:00+00:00,2764.0,2797.0,2762.0,2764.0,138.1431
2025-01-29 07:00:00+00:00,2764.0,2766.0,2762.0,2764.0,13.7168
2025-01-29 07:30:00+00:00,2763.0,2764.0,2757.0,2761.0,25.9139
2025-01-29 08:00:00+00:00,2760.0,2764.0,2760.0,2763.0,7.1185
2025-01-29 08:30:00+00:00,2763.0,2770.0,2763.0,2768.0,7.4349
2025-01-29 09:00:00+00:00,2768.0,2769.0,2763.0,2764.0,7.9815
2025-01-29 09:30:00+00:00,2763.0,2766.0,2761.0,2766.0,18.322
2025-01-29 10:00:00+00:00,2765.0,2770.0,2763.0,2766.0,37.0669
2025-01-29 10:30:00+00:00,2766.0,2767.0,2762.0,2765.0,15.9938
2025-01-29 11:00:00+00:00,2765.0,2769.0,2763.0,2765.0,30.4647
2025-01-29 11:30:00+00:00,2765.0,2766.0,2764.0,2766.0,22.8126
2025-01-29 12:00:00+00:00,2766.0,2766.0,2763.0,2765.0,9.7857
2025-01-29 12:30:00+00:00,2764.0,2766.0,2761.0,2763.0,24.0945
2025-01-29 13:00:00+00:00,2763.0,2766.0,2758.0,2758.0,45.2978
2025-01-29 13:30:00+00:00,2758.0,2767.0,2757.0,2764.0,29.0076
2025-01-29 14:00:00+00:00,2762.0,2765.0,2762.0,2764.0,8.6191
2025-01-29 14:30:00+00:00,2763.0,2764.0,2762.0,2763.0,12.2433
2025-01-29 15:00:00+00:00,2762.0,2769.0,2760.0,2763.0,61.5598
2025-01-29 15:30:00+00:00,2761.0,2762.0,2759.0,2760.0,5.4599
2025-01-29 16:00:00+00:00,2760.0,2765.0,2756.0,2758.0,12.3206
2025-01-29 16:30:00+00:00,2757.0,2760.0,2757.0,2757.0,11.3355
2025-01-29 17:00:00+00:00,2757.0,2758.0,2757.0,2757.0,4.4679
2025-01-29 17:30:00+00:00,2757.0,2758.0,2755.0,2757.0,14.5021
2025-01-29 18:00:00+00:00,2757.0,2757.0,2756.0,2756.0,6.082
2025-01-29 18:30:00+00:00,2756.0,2758.0,2756.0,2757.0,6.0562
2025-01-29 19:00:00+00:00,2756.0,2756.0,2746.0,2749.0,40.5114
2025-01-29 19:30:00+00:00,2748.0,2763.0,2746.0,2759.0,61.8145
2025-01-29 20:00:00+00:00,2760.0,2767.0,2754.0,2766.0,28.313
2025-01-29 20:30:00+00:00,2765.0,2767.0,2758.0,2759.0,16.7453
2025-01-29 21:00:00+00:00,2758.0,2767.0,2758.0,2763.0,52.5728
2025-01-29 21:30:00+00:00,2762.0,2763.0,2762.0,2763.0,4.965
2025-01-29 22:00:00+00:00,2763.0,2765.0,2761.0,2764.0,17.2759
2025-01-29 22:30:00+00:00,2762.0,2764.0,2762.0,2762.0,2.3912
2025-01-29 23:00:00+00:00,2763.0,2764.0,2762.0,2764.0,4.7604
2025-01-29 23:30:00+00:00,2763.0,2764.0,2761.0,2762.0,21.8555
2025-01-30 00:00:00+00:00,2762.0,2765.0,2762.0,2763.0,5.993
2025-01-30 00:30:00+00:00,2763.0,2766.0,2763.0,2766.0,3.8543
2025-01-30 01:00:00+00:00,2765.0,2767.0,2765.0,2765.0,6.0247
2025-01-30 01:30:00+00:00,2764.0,2765.0,2763.0,2764.0,4.9097
2025-01-30 02:00:00+00:00,2764.0,2764.0,2761.0,2764.0,5.897
2025-01-30 02:30:00+00:00,2763.0,2764.0,2762.0,2763.0,5.0204
2025-01-30 03:00:00+00:00,2762.0,2765.0,2762.0,2765.0,13.3479
2025-01-30 03:30:00+00:00,2764.0,2767.0,2763.0,2766.0,22.0701
2025-01-30 04:00:00+00:00,2766.0,2767.0,2765.0,2767.0,17.3166
2025-01-30 04:30:00+00:00,2766.0,2767.0,2765.0,2765.0,7.3327
2025-01-30 05:00:00+00:00,2765.0,2767.0,2765.0,2766.0,6.2033
2025-01-30 05:30:00+00:00,2765.0,2767.0,2765.0,2766.0,4.3347
2025-01-30 06:00:00+00:00,2766.0,2767.0,2761.0,2763.0,19.7684
2025-01-30 06:30:00+00:00,2762.0,2766.0,2761.0,2764.0,28.8178
2025-01-30 07:00:00+00:00,2763.0,2766.0,2763.0,2766.0,6.9898
2025-01-30 07:30:00+00:00,2765.0,2768.0,2765.0,2767.0,11.6535
2025-01-30 08:00:00+00:00,2766.0,2772.0,2766.0,2772.0,29.4627
2025-01-30 08:30:00+00:00,2771.0,2775.0,2771.0,2774.0,26.9993
2025-01-30 09:00:00+00:00,2773.0,2775.0,2773.0,2775.0,11.7701
2025-01-30 09:30:00+00:00,2774.0,2775.0,2768.0,2772.0,43.9085
2025-01-30 10:00:00+00:00,2770.0,2775.0,2770.0,2775.0,16.6779
2025-01-30 10:30:00+00:00,2774.0,2775.0,2774.0,2775.0,5.5702
2025-01-30 11:00:00+00:00,2774.0,2775.0,2774.0,2775.0,4.9452
2025-01-30 11:30:00+00:00,2774.0,2775.0,2774.0,2775.0,2.8799
2025-01-30 12:00:00+00:00,2774.0,2776.0,2774.0,2776.0,18.3722
2025-01-30 12:30:00+00:00,2775.0,2779.0,2774.0,2779.0,19.133
2025-01-30 13:00:00+00:00,2779.0,2780.0,2769.0,2777.0,158.2483
2025-01-30 13:30:00+00:00,2779.0,2780.0,2775.0,2780.0,18.8651
2025-01-30 14:00:00+00:00,2780.0,2781.0,2776.0,2780.0,26.2695
2025-01-30 14:30:00+00:00,2781.0,2782.0,2776.0,2776.0,49.3882
2025-01-30 15:00:00+00:00,2777.0,2782.0,2776.0,2782.0,82.7842
2025-01-30 15:30:00+00:00,2781.0,2789.0,2781.0,2789.0,54.5783
2025-01-30 16:00:00+00:00,2789.0,2800.0,2789.0,2791.0,131.4534
2025-01-30 16:30:00+00:00,2789.0,2791.0,2788.0,2791.0,13.3592
2025-01-30 17:00:00+00:00,2790.0,2791.0,2788.0,2788.0,19.8257
2025-01-30 17:30:00+00:00,2790.0,2791.0,2788.0,2789.0,7.9646
2025-01-30 18:00:00+00:00,2789.0,2789.0,2786.0,2787.0,21.1643
2025-01-30 18:30:00+00:00,2787.0,2796.0,2786.0,2795.0,44.8468
2025-01-30 19:00:00+00:00,2794.0,2795.0,2791.0,2792.0,38.5906
2025-01-30 19:30:00+00:00,2792.0,2793.0,2788.0,2790.0,21.9298
2025-01-30 20:00:00+00:00,2790.0,2791.0,2786.0,2789.0,22.9589
2025-01-30 20:30:00+00:00,2790.0,2792.0,2788.0,2789.0,13.8205
2025-01-30 21:00:00+00:00,2789.0,2792.0,2789.0,2792.0,11.8726
2025-01-30 21:30:00+00:00,2790.0,2794.0,2790.0,2794.0,8.8936
2025-01-30 22:00:00+00:00,2794.0,2795.0,2792.0,2795.0,20.6572
2025-01-30 22:30:00+00:00,2794.0,2795.0,2792.0,2793.0,5.0891
2025-01-30 23:00:00+00:00,2793.0,2795.0,2790.0,2795.0,17.3156
2025-01-30 23:30:00+00:00,2795.0,2796.0,2792.0,2794.0,9.3236
2025-01-31 00:00:00+00:00,2794.0,2804.0,2794.0,2801.0,86.5481
2025-01-31 00:30:00+00:00,2800.0,2804.0,2800.0,2801.0,53.1958
2025-01-31 01:00:00+00:00,2803.0,2805.0,2801.0,2802.0,48.3816
2025-01-31 01:30:00+00:00,2804.0,2804.0,2801.0,2803.0,16.1197
2025-01-31 02:00:00+00:00,2803.0,2806.0,2802.0,2804.0,6.2477
2025-01-31 02:30:00+00:00,2804.0,2805.0,2800.0,2801.0,15.1951
2025-01-31 03:00:00+00:00,2802.0,2803.0,2798.0,2798.0,20.9003
2025-01-31 03:30:00+00:00,2798.0,2803.0,2798.0,2802.0,20.195
2025-01-31 04:00:00+00:00,2802.0,2803.0,2796.0,2798.0,14.1799
2025-01-31 04:30:00+00:00,2799.0,2799.0,2797.0,2798.0,5.616
2025-01-31 05:00:00+00:00,2798.0,2799.0,2797.0,2797.0,3.872
2025-01-31 05:30:00+00:00,2799.0,2799.0,2797.0,2799.0,12.3425
2025-01-31 06:00:00+00:00,2798.0,2801.0,2797.0,2799.0,16.2423
2025-01-31 06:30:00+00:00,2799.0,2799.0,2793.0,2795.0,17.6831
2025-01-31 07:00:00+00:00,2795.0,2800.0,2795.0,2799.0,6.5914
2025-01-31 07:30:00+00:00,2798.0,2799.0,2796.0,2796.0,8.179
2025-01-31 08:00:00+00:00,2797.0,2799.0,2796.0,2796.0,9.9327
2025-01-31 08:30:00+00:00,2796.0,2798.0,2791.0,2792.0,18.7267
2025-01-31 09:00:00+00:00,2792.0,2793.0,2790.0,2790.0,31.5029
2025-01-31 09:30:00+00:00,2791.0,2806.0,2790.0,2801.0,183.653
2025-01-31 10:00:00+00:00,2800.0,2801.0,2794.0,2798.0,76.1515
2025-01-31 10:30:00+00:00,2798.0,2800.0,2792.0,2794.0,22.289
2025-01-31 11:00:00+00:00,2794.0,2801.0,2794.0,2800.0,43.2029
2025-01-31 11:30:00+00:00,2800.0,2805.0,2800.0,2805.0,16.8926
2025-01-31 12:00:00+00:00,2804.0,2809.0,2803.0,2807.0,45.9523
2025-01-31 12:30:00+00:00,2807.0,2819.0,2806.0,2815.0,117.7027
2025-01-31 13:00:00+00:00,2815.0,2815.0,2806.0,2810.0,57.0913
2025-01-31 13:30:00+00:00,2810.0,2812.0,2808.0,2809.0,16.2187
2025-01-31 14:00:00+00:00,2808.0,2813.0,2807.0,2809.0,18.7692
2025-01-31 14:30:00+00:00,2809.0,2812.0,2808.0,2812.0,14.8989
2025-01-31 15:00:00+00:00,2812.0,2818.0,2812.0,2817.0,80.073
2025-01-31 15:30:00+00:00,2817.0,2818.0,2810.0,2816.0,63.9853
2025-01-31 16:00:00+00:00,2814.0,2815.0,2811.0,2811.0,23.4952
2025-01-31 16:30:00+00:00,2812.0,2813.0,2811.0,2813.0,14.6982
2025-01-31 17:00:00+00:00,2814.0,2814.0,2810.0,2813.0,18.591
2025-01-31 17:30:00+00:00,2813.0,2817.0,2810.0,2815.0,28.9428
2025-01-31 18:00:00+00:00,2816.0,2816.0,2810.0,2810.0,134.9308
2025-01-31 18:30:00+00:00,2810.0,2811.0,2799.0,2803.0,221.4011
2025-01-31 19:00:00+00:00,2803.0,2806.0,2801.0,2805.0,11.8377
2025-01-31 19:30:00+00:00,2805.0,2807.0,2800.0,2804.0,32.1331
2025-01-31 20:00:00+00:00,2804.0,2804.0,2798.0,2799.0,11.8801
2025-01-31 20:30:00+00:00,2799.0,2804.0,2799.0,2802.0,13.6408
2025-01-31 21:00:00+00:00,2804.0,2804.0,2800.0,2801.0,12.9613
2025-01-31 21:30:00+00:00,2800.0,2803.0,2799.0,2803.0,9.8174
2025-01-31 22:00:00+00:00,2803.0,2808.0,2802.0,2806.0,12.5863
2025-01-31 22:30:00+00:00,2807.0,2810.0,2803.0,2803.0,23.6251
2025-01-31 23:00:00+00:00,2805.0,2806.0,2803.0,2804.0,6.0969
2025-01-31 23:30:00+00:00,2803.0,2805.0,2803.0,2805.0,7.9533
2025-02-01 00:00:00+00:00,2805.0,2805.0,2804.0,2805.0,1.1122
2025-02-01 00:30:00+00:00,2805.0,2812.0,2804.0,2806.0,25.2306
2025-02-01 01:00:00+00:00,2806.0,2806.0,2805.0,2806.0,1.5618
2025-02-01 01:30:00+00:00,2805.0,2806.0,2804.0,2806.0,6.919
2025-02-01 02:00:00+00:00,2806.0,2806.0,2805.0,2805.0,3.6239
2025-02-01 02:30:00+00:00,2805.0,2810.0,2805.0,2809.0,24.5485
2025-02-01 03:00:00+00:00,2810.0,2811.0,2809.0,2809.0,18.2431
2025-02-01 03:30:00+00:00,2809.0,2811.0,2809.0,2810.0,34.1423
2025-02-01 04:00:00+00:00,2811.0,2811.0,2809.0,2810.0,28.3515
2025-02-01 04:30:00+00:00,2809.0,2811.0,2809.0,2811.0,4.1922
2025-02-01 05:00:00+00:00,2811.0,2811.0,2809.0,2809.0,3.5356
2025-02-01 05:30:00+00:00,2810.0,2815.0,2810.0,2813.0,29.0178
2025-02-01 06:00:00+00:00,2813.0,2814.0,2809.0,2810.0,6.6635
2025-02-01 06:30:00+00:00,2810.0,2811.0,2810.0,2810.0,2.6908
2025-02-01 07:00:00+00:00,2811.0,2812.0,2810.0,2811.0,3.1688
2025-02-01 07:30:00+00:00,2811.0,2813.0,2810.0,2812.0,3.9357
2025-02-01 08:00:00+00:00,2812.0,2814.0,2811.0,2811.0,21.2583
2025-02-01 08:30:00+00:00,2812.0,2823.0,2810.0,2819.0,73.8306
2025-02-01 09:00:00+00:00,2819.0,2819.0,2811.0,2813.0,12.3843
2025-02-01 09:30:00+00:00,2812.0,2816.0,2810.0,2811.0,33.9501
2025-02-01 10:00:00+00:00,2811.0,2812.0,2809.0,2809.0,17.604
2025-02-01 10:30:00+00:00,2810.0,2812.0,2808.0,2808.0,15.1519
2025-02-01 11:00:00+00:00,2809.0,2813.0,2807.0,2812.0,17.7529
2025-02-01 11:30:00+00:00,2813.0,2813.0,2811.0,2811.0,10.1852
2025-02-01 12:00:00+00:00,2811.0,2813.0,2810.0,2811.0,5.2836
2025-02-01 12:30:00+00:00,2811.0,2816.0,2811.0,2815.0,11.8176
2025-02-01 13:00:00+00:00,2816.0,2830.0,2815.0,2819.0,35.313
2025-02-01 13:30:00+00:00,2819.0,2822.0,2812.0,2814.0,44.4181
2025-02-01 14:00:00+00:00,2815.0,2817.0,2813.0,2814.0,8.412
2025-02-01 14:30:00+00:00,2814.0,2817.0,2811.0,2813.0,27.0285
2025-02-01 15:00:00+00:00,2811.0,2813.0,2802.0,2806.0,33.1725
2025-02-01 15:30:00+00:00,2806.0,2809.0,2804.0,2807.0,14.6483
2025-02-01 16:00:00+00:00,2807.0,2810.0,2802.0,2806.0,36.4807
2025-02-01 16:30:00+00:00,2805.0,2807.0,2805.0,2806.0,2.325
2025-02-01 17:00:00+00:00,2807.0,2811.0,2805.0,2807.0,15.9873
2025-02-01 17:30:00+00:00,2807.0,2814.0,2807.0,2812.0,18.5691
2025-02-01 18:00:00+00:00,2812.0,2813.0,2809.0,2809.0,5.5125
2025-02-01 18:30:00+00:00,2809.0,2811.0,2807.0,2808.0,9.8467
2025-02-01 19:00:00+00:00,2808.0,2811.0,2803.0,2804.0,31.0237
2025-02-01 19:30:00+00:00,2804.0,2812.0,2800.0,2805.0,41.0978
2025-02-01 20:00:00+00:00,2805.0,2817.0,2801.0,2814.0,79.0428
2025-02-01 20:30:00+00:00,2812.0,2829.0,2809.0,2822.0,124.0815
2025-02-01 21:00:00+00:00,2822.0,2830.0,2817.0,2825.0,65.6975
2025-02-01 21:30:00+00:00,2827.0,2828.0,2821.0,2821.0,10.0721
2025-02-01 22:00:00+00:00,2823.0,2823.0,2814.0,2815.0,12.1546
2025-02-01 22:30:00+00:00,2816.0,2825.0,2814.0,2814.0,35.5862
2025-02-01 23:00:00+00:00,2816.0,2819.0,2808.0,2813.0,32.4805
2025-02-01 23:30:00+00:00,2813.0,2820.0,2811.0,2819.0,21.642
2025-02-02 00:00:00+00:00,2819.0,2833.0,2817.0,2833.0,98.2022
2025-02-02 00:30:00+00:00,2832.0,2835.0,2829.0,2834.0,80.8657
2025-02-02 01:00:00+00:00,2833.0,2840.0,2832.0,2835.0,123.2812
2025-02-02 01:30:00+00:00,2835.0,2838.0,2832.0,2838.0,10.301
2025-02-02 02:00:00+00:00,2837.0,2839.0,2828.0,2836.0,18.9896
2025-02-02 02:30:00+00:00,2836.0,2840.0,2831.0,2836.0,82.8933
2025-02-02 03:00:00+00:00,2838.0,2838.0,2820.0,2824.0,137.9693
2025-02-02 03:30:00+00:00,2823.0,2835.0,2823.0,2826.0,32.849
2025-02-02 04:00:00+00:00,2825.0,2839.0,2820.0,2834.0,79.6118
2025-02-02 04:30:00+00:00,2834.0,2836.0,2830.0,2833.0,7.1818
2025-02-02 05:00:00+00:00,2833.0,2835.0,2831.0,2834.0,18.8914
2025-02-02 05:30:00+00:00,2834.0,2834.0,2827.0,2832.0,40.4429
2025-02-02 06:00:00+00:00,2830.0,2838.0,2829.0,2832.0,44.7861
2025-02-02 06:30:00+00:00,2834.0,2834.0,2828.0,2830.0,23.0353
2025-02-02 07:00:00+00:00,2830.0,2831.0,2829.0,2830.0,5.2147
2025-02-02 07:30:00+00:00,2830.0,2840.0,2828.0,2837.0,82.205
2025-02-02 08:00:00+00:00,2838.0,2848.0,2835.0,2847.0,191.7138
2025-02-02 08:30:00+00:00,2847.0,2854.0,2834.0,2843.0,282.9372
2025-02-02 09:00:00+00:00,2842.0,2860.0,2839.0,2850.0,112.0913
2025-02-02 09:30:00+00:00,2849.0,2870.0,2836.0,2838.0,87.1347
2025-02-02 10:00:00+00:00,2839.0,2850.0,2836.0,2850.0,68.35
2025-02-02 10:30:00+00:00,2849.0,2850.0,2832.0,2850.0,112.1514
2025-02-02 11:00:00+00:00,2850.0,2856.0,2848.0,2854.0,35.3277
2025-02-02 11:30:00+00:00,2854.0,2868.0,2850.0,2861.0,233.7202
2025-02-02 12:00:00+00:00,2861.0,2877.0,2850.0,2865.0,281.857
2025-02-02 12:30:00+00:00,2865.0,2868.0,2852.0,2861.0,113.8848
2025-02-02 13:00:00+00:00,2862.0,2865.0,2858.0,2865.0,60.4145
2025-02-02 13:30:00+00:00,2864.0,2865.0,2860.0,2864.0,55.793
2025-02-02 14:00:00+00:00,2864.0,2885.0,2860.0,2864.0,341.6798
2025-02-02 14:30:00+00:00,2864.0,2876.0,2861.0,2876.0,64.3255
2025-02-02 15:00:00+00:00,2876.0,2890.0,2874.0,2877.0,168.9342
2025-02-02 15:30:00+00:00,2877.0,2885.0,2874.0,2883.0,65.4388
2025-02-02 16:00:00+00:00,2882.0,2896.0,2875.0,2889.0,218.3402
2025-02-02 16:30:00+00:00,2890.0,2910.0,2880.0,2894.0,255.4801
2025-02-02 17:00:00+00:00,2894.0,2919.0,2881.0,2896.0,378.4446
2025-02-02 17:30:00+00:00,2896.0,2908.0,2871.0,2872.0,430.4446
2025-02-02 18:00:00+00:00,2872.0,2899.0,2851.0,2899.0,302.3304
2025-02-02 18:30:00+00:00,2898.0,2936.0,2893.0,2935.0,391.0032
2025-02-02 19:00:00+00:00,2936.0,2946.0,2866.0,2889.0,584.6172
2025-02-02 19:30:00+00:00,2888.0,2899.0,2867.0,2892.0,212.1089
2025-02-02 20:00:00+00:00,2894.0,2897.0,2882.0,2894.0,110.0444
2025-02-02 20:30:00+00:00,2893.0,2899.0,2886.0,2889.0,66.2581
2025-02-02 21:00:00+00:00,2889.0,2907.0,2883.0,2904.0,112.6098
2025-02-02 21:30:00+00:00,2904.0,2932.0,2892.0,2915.0,308.8452
2025-02-02 22:00:00+00:00,2918.0,2938.0,2908.0,2918.0,120.3901
2025-02-02 22:30:00+00:00,2916.0,2939.0,2900.0,2913.0,213.4312
2025-02-02 23:00:00+00:00,2913.0,2913.0,2834.0,2839.0,578.4647
2025-02-02 23:30:00+00:00,2838.0,2840.0,2808.0,2818.0,737.7004
2025-02-03 00:00:00+00:00,2816.0,2819.0,2800.0,2814.0,217.5365
2025-02-03 00:30:00+00:00,2813.0,2819.0,2806.0,2808.0,119.3921
2025-02-03 01:00:00+00:00,2809.0,2812.0,2798.0,2803.0,138.8544
2025-02-03 01:30:00+00:00,2803.0,2810.0,2773.0,2786.0,505.9594
2025-02-03 02:00:00+00:00,2787.0,2807.0,2780.0,2789.0,269.7339
2025-02-03 02:30:00+00:00,2787.0,2792.0,2772.0,2777.0,132.9005
2025-02-03 03:00:00+00:00,2776.0,2784.0,2773.0,2775.0,133.3022
2025-02-03 03:30:00+00:00,2777.0,2783.0,2774.0,2780.0,31.3123
2025-02-03 04:00:00+00:00,2780.0,2792.0,2774.0,2783.0,121.6897
2025-02-03 04:30:00+00:00,2783.0,2791.0,2778.0,2783.0,98.3718
2025-02-03 05:00:00+00:00,2783.0,2798.0,2780.0,2788.0,118.0556
2025-02-03 05:30:00+00:00,2789.0,2800.0,2779.0,2795.0,156.9596
2025-02-03 06:00:00+00:00,2795.0,2809.0,2792.0,2808.0,104.339
2025-02-03 06:30:00+00:00,2806.0,2821.0,2805.0,2807.0,186.2912
2025-02-03 07:00:00+00:00,2807.0,2819.0,2804.0,2807.0,102.8802
2025-02-03 07:30:00+00:00,2808.0,2809.0,2799.0,2803.0,88.9248
2025-02-03 08:00:00+00:00,2803.0,2821.0,2800.0,2812.0,102.4729
2025-02-03 08:30:00+00:00,2811.0,2819.0,2806.0,2818.0,90.9021
2025-02-03 09:00:00+00:00,2817.0,2819.0,2807.0,2811.0,41.3982
2025-02-03 09:30:00+00:00,2811.0,2814.0,2804.0,2808.0,51.6559
2025-02-03 10:00:00+00:00,2807.0,2814.0,2803.0,2810.0,37.1073
2025-02-03 10:30:00+00:00,2810.0,2817.0,2808.0,2812.0,128.8452
2025-02-03 11:00:00+00:00,2814.0,2829.0,2812.0,2816.0,121.4646
2025-02-03 11:30:00+00:00,2816.0,2827.0,2811.0,2823.0,124.9019
2025-02-03 12:00:00+00:00,2823.0,2825.0,2811.0,2822.0,92.9612
2025-02-03 12:30:00+00:00,2822.0,2830.0,2820.0,2823.0,53.1369
2025-02-03 13:00:00+00:00,2823.0,2831.0,2819.0,2824.0,133.1938
2025-02-03 13:30:00+00:00,2823.0,2833.0,2823.0,2832.0,101.5561
2025-02-03 14:00:00+00:00,2832.0,2832.0,2823.0,2828.0,100.1737
2025-02-03 14:30:00+00:00,2828.0,2839.0,2824.0,2836.0,244.3143
2025-02-03 15:00:00+00:00,2836.0,2850.0,2833.0,2836.0,452.0769
2025-02-03 15:30:00+00:00,2837.0,2843.0,2831.0,2840.0,297.6749
2025-02-03 16:00:00+00:00,2839.0,2844.0,2829.0,2835.0,143.5638
2025-02-03 16:30:00+00:00,2834.0,2840.0,2833.0,2837.0,65.0745
2025-02-03 17:00:00+00:00,2837.0,2839.0,2828.0,2831.0,65.1084
2025-02-03 17:30:00+00:00,2830.0,2837.0,2828.0,2836.0,43.7604
2025-02-03 18:00:00+00:00,2837.0,2838.0,2833.0,2834.0,40.0713
2025-02-03 18:30:00+00:00,2833.0,2837.0,2833.0,2834.0,384.0936
2025-02-03 19:00:00+00:00,2835.0,2840.0,2830.0,2831.0,84.8517
2025-02-03 19:30:00+00:00,2831.0,2835.0,2828.0,2833.0,78.5726
2025-02-03 20:00:00+00:00,2830.0,2832.0,2825.0,2826.0,40.8919
2025-02-03 20:30:00+00:00,2826.0,2831.0,2824.0,2828.0,49.9432
2025-02-03 21:00:00+00:00,2830.0,2834.0,2825.0,2827.0,23.8145
2025-02-03 21:30:00+00:00,2826.0,2835.0,2826.0,2832.0,34.0418
2025-02-03 22:00:00+00:00,2832.0,2836.0,2821.0,2833.0,80.3313
2025-02-03 22:30:00+00:00,2834.0,2836.0,2830.0,2832.0,43.2424
2025-02-03 23:00:00+00:00,2832.0,2832.0,2831.0,2832.0,18.7191
2025-02-03 23:30:00+00:00,2832.0,2834.0,2831.0,2832.0,34.0226
2025-02-04 00:00:00+00:00,2832.0,2834.0,2825.0,2827.0,50.8656
2025-02-04 00:30:00+00:00,2827.0,2830.0,2824.0,2827.0,17.6516
2025-02-04 01:00:00+00:00,2826.0,2837.0,2825.0,2836.0,28.8193
2025-02-04 01:30:00+00:00,2837.0,2838.0,2831.0,2831.0,23.4762
2025-02-04 02:00:00+00:00,2832.0,2835.0,2827.0,2827.0,18.1486
2025-02-04 02:30:00+00:00,2827.0,2830.0,2825.0,2828.0,44.4405
2025-02-04 03:00:00+00:00,2829.0,2833.0,2828.0,2831.0,24.6078
2025-02-04 03:30:00+00:00,2830.0,2833.0,2821.0,2831.0,43.2681
2025-02-04 04:00:00+00:00,2831.0,2832.0,2825.0,2828.0,13.6392
2025-02-04 04:30:00+00:00,2828.0,2829.0,2822.0,2824.0,21.6346
2025-02-04 05:00:00+00:00,2824.0,2825.0,2815.0,2817.0,109.2625
2025-02-04 05:30:00+00:00,2816.0,2822.0,2815.0,2819.0,40.2953
2025-02-04 06:00:00+00:00,2819.0,2822.0,2815.0,2816.0,34.4005
2025-02-04 06:30:00+00:00,2815.0,2819.0,2813.0,2819.0,13.112
2025-02-04 07:00:00+00:00,2819.0,2829.0,2818.0,2822.0,31.2474
2025-02-04 07:30:00+00:00,2822.0,2825.0,2812.0,2815.0,34.3026
2025-02-04 08:00:00+00:00,2816.0,2831.0,2814.0,2829.0,54.0993
2025-02-04 08:30:00+00:00,2829.0,2831.0,2824.0,2825.0,22.7805
2025-02-04 09:00:00+00:00,2826.0,2830.0,2825.0,2829.0,7.286
2025-02-04 09:30:00+00:00,2829.0,2838.0,2829.0,2833.0,41.948
2025-02-04 10:00:00+00:00,2834.0,2840.0,2827.0,2830.0,34.7303
2025-02-04 10:30:00+00:00,2831.0,2832.0,2827.0,2832.0,15.6506
2025-02-04 11:00:00+00:00,2832.0,2833.0,2826.0,2830.0,36.0293
2025-02-04 11:30:00+00:00,2829.0,2835.0,2827.0,2829.0,31.5256
2025-02-04 12:00:00+00:00,2828.0,2833.0,2828.0,2833.0,13.0999
2025-02-04 12:30:00+00:00,2833.0,2839.0,2832.0,2839.0,43.4885
2025-02-04 13:00:00+00:00,2839.0,2842.0,2834.0,2842.0,87.2164
2025-02-04 13:30:00+00:00,2842.0,2843.0,2833.0,2835.0,87.0324
2025-02-04 14:00:00+00:00,2835.0,2841.0,2835.0,2840.0,51.9922
2025-02-04 14:30:00+00:00,2840.0,2851.0,2840.0,2850.0,114.02
2025-02-04 15:00:00+00:00,2850.0,2850.0,2842.0,2844.0,35.2235
2025-02-04 15:30:00+00:00,2845.0,2849.0,2841.0,2841.0,24.067
2025-02-04 16:00:00+00:00,2842.0,2846.0,2838.0,2845.0,18.989
2025-02-04 16:30:00+00:00,2846.0,2846.0,2844.0,2845.0,15.7731
2025-02-04 17:00:00+00:00,2845.0,2849.0,2843.0,2848.0,28.9434
2025-02-04 17:30:00+00:00,2847.0,2849.0,2846.0,2848.0,16.2247
2025-02-04 18:00:00+00:00,2848.0,2849.0,2845.0,2848.0,41.5919
2025-02-04 18:30:00+00:00,2848.0,2851.0,2846.0,2850.0,36.1813
2025-02-04 19:00:00+00:00,2850.0,2852.0,2847.0,2847.0,54.5473
2025-02-04 19:30:00+00:00,2849.0,2849.0,2842.0,2845.0,52.7885
2025-02-04 20:00:00+00:00,2843.0,2849.0,2838.0,2843.0,96.432
2025-02-04 20:30:00+00:00,2845.0,2853.0,2843.0,2850.0,128.5492
2025-02-04 21:00:00+00:00,2851.0,2853.0,2842.0,2851.0,91.4756
2025-02-04 21:30:00+00:00,2850.0,2853.0,2844.0,2848.0,108.9647
2025-02-04 22:00:00+00:00,2848.0,2852.0,2844.0,2849.0,37.5626
2025-02-04 22:30:00+00:00,2849.0,2854.0,2846.0,2853.0,46.8788
2025-02-04 23:00:00+00:00,2854.0,2855.0,2849.0,2851.0,28.7935
2025-02-04 23:30:00+00:00,2852.0,2854.0,2850.0,2854.0,33.5892
2025-02-05 00:00:00+00:00,2854.0,2858.0,2852.0,2854.0,59.3623
2025-02-05 00:30:00+00:00,2854.0,2863.0,2852.0,2860.0,18.137
2025-02-05 01:00:00+00:00,2859.0,2862.0,2857.0,2859.0,35.5574
2025-02-05 01:30:00+00:00,2858.0,2862.0,2855.0,2862.0,28.1544
2025-02-05 02:00:00+00:00,2862.0,2869.0,2859.0,2867.0,32.0429
2025-02-05 02:30:00+00:00,2866.0,2887.0,2865.0,2870.0,111.4638
2025-02-05 03:00:00+00:00,2869.0,2878.0,2868.0,2875.0,74.6375
2025-02-05 03:30:00+00:00,2877.0,2877.0,2868.0,2871.0,21.9044
2025-02-05 04:00:00+00:00,2872.0,2877.0,2869.0,2876.0,67.8981
2025-02-05 04:30:00+00:00,2876.0,2878.0,2870.0,2876.0,70.3106
2025-02-05 05:00:00+00:00,2876.0,2878.0,2872.0,2876.0,25.8873
2025-02-05 05:30:00+00:00,2876.0,2878.0,2873.0,2877.0,42.3981
2025-02-05 06:00:00+00:00,2878.0,2879.0,2873.0,2878.0,28.8586
2025-02-05 06:30:00+00:00,2878.0,2882.0,2878.0,2880.0,66.5083
2025-02-05 07:00:00+00:00,2879.0,2886.0,2872.0,2881.0,74.0016
2025-02-05 07:30:00+00:00,2882.0,2887.0,2876.0,2885.0,55.2473
2025-02-05 08:00:00+00:00,2885.0,2892.0,2883.0,2883.0,77.1046
2025-02-05 08:30:00+00:00,2884.0,2888.0,2883.0,2885.0,53.4199
2025-02-05 09:00:00+00:00,2885.0,2891.0,2883.0,2889.0,15.2142
2025-02-05 09:30:00+00:00,2890.0,2895.0,2883.0,2892.0,52.734
2025-02-05 10:00:00+00:00,2892.0,2894.0,2886.0,2892.0,21.2922
2025-02-05 10:30:00+00:00,2892.0,2898.0,2888.0,2889.0,42.5084
2025-02-05 11:00:00+00:00,2890.0,2902.0,2890.0,2899.0,287.4754
2025-02-05 11:30:00+00:00,2899.0,2901.0,2891.0,2895.0,183.7789
2025-02-05 12:00:00+00:00,2896.0,2905.0,2891.0,2892.0,151.886
2025-02-05 12:30:00+00:00,2893.0,2906.0,2892.0,2903.0,244.7551
2025-02-05 13:00:00+00:00,2902.0,2908.0,2894.0,2895.0,162.3563
2025-02-05 13:30:00+00:00,2894.0,2897.0,2887.0,2887.0,167.3405
2025-02-05 14:00:00+00:00,2888.0,2904.0,2887.0,2892.0,187.6795
2025-02-05 14:30:00+00:00,2893.0,2901.0,2887.0,2891.0,69.5479
2025-02-05 15:00:00+00:00,2891.0,2894.0,2889.0,2891.0,55.2862
2025-02-05 15:30:00+00:00,2891.0,2899.0,2890.0,2896.0,196.495
2025-02-05 16:00:00+00:00,2896.0,2910.0,2896.0,2909.0,324.9079
2025-02-05 16:30:00+00:00,2909.0,2909.0,2901.0,2908.0,42.4984
2025-02-05 17:00:00+00:00,2908.0,2915.0,2905.0,2907.0,119.7735
2025-02-05 17:30:00+00:00,2906.0,2915.0,2905.0,2910.0,60.2486
2025-02-05 18:00:00+00:00,2910.0,2910.0,2902.0,2909.0,44.3119
2025-02-05 18:30:00+00:00,2910.0,2910.0,2885.0,2886.0,195.5986
2025-02-05 19:00:00+00:00,2886.0,2888.0,2881.0,2887.0,109.8189
2025-02-05 19:30:00+00:00,2887.0,2887.0,2882.0,2883.0,32.7394
2025-02-05 20:00:00+00:00,2883.0,2886.0,2879.0,2882.0,64.446
2025-02-05 20:30:00+00:00,2882.0,2888.0,2879.0,2882.0,46.4584
2025-02-05 21:00:00+00:00,2882.0,2887.0,2878.0,2880.0,32.5056
2025-02-05 21:30:00+00:00,2882.0,2890.0,2880.0,2889.0,52.7322
2025-02-05 22:00:00+00:00,2890.0,2902.0,2888.0,2901.0,104.712
2025-02-05 22:30:00+00:00,2901.0,2919.0,2901.0,2918.0,197.0536
2025-02-05 23:00:00+00:00,2917.0,2920.0,2902.0,2919.0,163.8643
2025-02-05 23:30:00+00:00,2919.0,2928.0,2915.0,2917.0,69.5814
2025-02-06 00:00:00+00:00,2917.0,2922.0,2912.0,2915.0,45.9058
2025-02-06 00:30:00+00:00,2916.0,2918.0,2909.0,2911.0,47.8979
2025-02-06 01:00:00+00:00,2911.0,2914.0,2907.0,2910.0,46.589
2025-02-06 01:30:00+00:00,2910.0,2911.0,2895.0,2897.0,107.8216
2025-02-06 02:00:00+00:00,2898.0,2899.0,2885.0,2890.0,159.1592
2025-02-06 02:30:00+00:00,2890.0,2899.0,2890.0,2898.0,53.8274
2025-02-06 03:00:00+00:00,2898.0,2899.0,2893.0,2895.0,27.4871
2025-02-06 03:30:00+00:00,2895.0,2898.0,2891.0,2893.0,39.9774
2025-02-06 04:00:00+00:00,2893.0,2927.0,2891.0,2906.0,225.6093
2025-02-06 04:30:00+00:00,2908.0,2908.0,2900.0,2907.0,37.5367
2025-02-06 05:00:00+00:00,2908.0,2921.0,2903.0,2908.0,74.1437
2025-02-06 05:30:00+00:00,2908.0,2921.0,2907.0,2912.0,80.4297
2025-02-06 06:00:00+00:00,2914.0,2915.0,2906.0,2907.0,65.1152
2025-02-06 06:30:00+00:00,2907.0,2915.0,2900.0,2905.0,87.9827
2025-02-06 07:00:00+00:00,2904.0,2905.0,2888.0,2896.0,171.1289
2025-02-06 07:30:00+00:00,2897.0,2905.0,2896.0,2897.0,31.119
2025-02-06 08:00:00+00:00,2897.0,2902.0,2891.0,2896.0,29.6442
2025-02-06 08:30:00+00:00,2896.0,2910.0,2890.0,2902.0,139.2405
2025-02-06 09:00:00+00:00,2903.0,2913.0,2902.0,2912.0,50.8164
2025-02-06 09:30:00+00:00,2912.0,2921.0,2912.0,2915.0,72.9183
2025-02-06 10:00:00+00:00,2915.0,2915.0,2905.0,2908.0,38.7543
2025-02-06 10:30:00+00:00,2908.0,2912.0,2900.0,2904.0,59.955
2025-02-06 11:00:00+00:00,2905.0,2910.0,2898.0,2898.0,26.3068
2025-02-06 11:30:00+00:00,2898.0,2902.0,2869.0,2894.0,290.7308
2025-02-06 12:00:00+00:00,2895.0,2904.0,2892.0,2899.0,137.8066
2025-02-06 12:30:00+00:00,2898.0,2900.0,2894.0,2895.0,22.0416
2025-02-06 13:00:00+00:00,2895.0,2896.0,2886.0,2890.0,23.3746
2025-02-06 13:30:00+00:00,2890.0,2893.0,2887.0,2888.0,144.7568
2025-02-06 14:00:00+00:00,2888.0,2888.0,2881.0,2883.0,17.3136
2025-02-06 14:30:00+00:00,2884.0,2887.0,2874.0,2874.0,40.8233
2025-02-06 15:00:00+00:00,2875.0,2876.0,2869.0,2872.0,69.1138
2025-02-06 15:30:00+00:00,2872.0,2877.0,2866.0,2876.0,148.2776
2025-02-06 16:00:00+00:00,2876.0,2879.0,2867.0,2878.0,106.2491
2025-02-06 16:30:00+00:00,2878.0,2884.0,2869.0,2872.0,213.8358
2025-02-06 17:00:00+00:00,2872.0,2881.0,2869.0,2873.0,136.3653
2025-02-06 17:30:00+00:00,2873.0,2874.0,2870.0,2870.0,16.6719
2025-02-06 18:00:00+00:00,2870.0,2874.0,2870.0,2873.0,42.412
2025-02-06 18:30:00+00:00,2873.0,2880.0,2873.0,2877.0,90.3395
2025-02-06 19:00:00+00:00,2876.0,2886.0,2874.0,2886.0,78.3784
2025-02-06 19:30:00+00:00,2885.0,2900.0,2884.0,2893.0,120.1825
2025-02-06 20:00:00+00:00,2893.0,2893.0,2886.0,2890.0,36.9662
2025-02-06 20:30:00+00:00,2889.0,2893.0,2887.0,2892.0,42.1325
2025-02-06 21:00:00+00:00,2892.0,2895.0,2883.0,2884.0,94.9827
2025-02-06 21:30:00+00:00,2884.0,2885.0,2880.0,2883.0,20.3541
2025-02-06 22:00:00+00:00,2883.0,2884.0,2875.0,2878.0,26.7219
2025-02-06 22:30:00+00:00,2878.0,2883.0,2875.0,2878.0,18.6113
2025-02-06 23:00:00+00:00,2880.0,2881.0,2876.0,2879.0,23.2873
2025-02-06 23:30:00+00:00,2879.0,2882.0,2877.0,2878.0,28.3701
2025-02-07 00:00:00+00:00,2879.0,2883.0,2878.0,2883.0,31.4861
2025-02-07 00:30:00+00:00,2882.0,2883.0,2878.0,2883.0,11.5331
2025-02-07 01:00:00+00:00,2883.0,2883.0,2879.0,2880.0,8.4462
2025-02-07 01:30:00+00:00,2879.0,2884.0,2879.0,2881.0,47.897
2025-02-07 02:00:00+00:00,2882.0,2884.0,2880.0,2884.0,17.3939
2025-02-07 02:30:00+00:00,2884.0,2884.0,2883.0,2883.0,9.4777
2025-02-07 03:00:00+00:00,2883.0,2885.0,2881.0,2882.0,23.0654
2025-02-07 03:30:00+00:00,2882.0,2885.0,2881.0,2883.0,25.171
2025-02-07 04:00:00+00:00,2883.0,2885.0,2882.0,2884.0,15.8469
2025-02-07 04:30:00+00:00,2884.0,2884.0,2882.0,2882.0,7.8985
2025-02-07 05:00:00+00:00,2883.0,2884.0,2881.0,2881.0,5.9509
2025-02-07 05:30:00+00:00,2882.0,2885.0,2881.0,2884.0,17.5993
2025-02-07 06:00:00+00:00,2884.0,2885.0,2882.0,2884.0,21.7454
2025-02-07 06:30:00+00:00,2885.0,2887.0,2882.0,2886.0,16.888
2025-02-07 07:00:00+00:00,2886.0,2893.0,2885.0,2887.0,26.5486
2025-02-07 07:30:00+00:00,2887.0,2891.0,2887.0,2888.0,26.2006
2025-02-07 08:00:00+00:00,2889.0,2916.0,2888.0,2893.0,145.9633
2025-02-07 08:30:00+00:00,2891.0,2898.0,2889.0,2895.0,50.0453
2025-02-07 09:00:00+00:00,2894.0,2926.0,2894.0,2906.0,183.6729
2025-02-07 09:30:00+00:00,2906.0,2907.0,2900.0,2900.0,38.6555
2025-02-07 10:00:00+00:00,2900.0,2902.0,2892.0,2895.0,36.9567
2025-02-07 10:30:00+00:00,2895.0,2898.0,2894.0,2896.0,7.3329
2025-02-07 11:00:00+00:00,2896.0,2897.0,2892.0,2894.0,26.3664
2025-02-07 11:30:00+00:00,2894.0,2903.0,2894.0,2901.0,23.4806
2025-02-07 12:00:00+00:00,2901.0,2901.0,2883.0,2889.0,72.9447
2025-02-07 12:30:00+00:00,2888.0,2894.0,2887.0,2888.0,62.0863
2025-02-07 13:00:00+00:00,2888.0,2889.0,2885.0,2886.0,122.2982
2025-02-07 13:30:00+00:00,2887.0,2890.0,2883.0,2883.0,180.6615
2025-02-07 14:00:00+00:00,2883.0,2891.0,2883.0,2889.0,99.928
2025-02-07 14:30:00+00:00,2889.0,2904.0,2880.0,2895.0,537.052
2025-02-07 15:00:00+00:00,2894.0,2905.0,2891.0,2899.0,91.1033
2025-02-07 15:30:00+00:00,2898.0,2906.0,2897.0,2901.0,44.6261
2025-02-07 16:00:00+00:00,2902.0,2902.0,2893.0,2897.0,48.4408
2025-02-07 16:30:00+00:00,2897.0,2898.0,2890.0,2891.0,99.669
2025-02-07 17:00:00+00:00,2891.0,2892.0,2888.0,2888.0,130.1525
2025-02-07 17:30:00+00:00,2889.0,2889.0,2883.0,2885.0,50.9953
2025-02-07 18:00:00+00:00,2886.0,2888.0,2885.0,2886.0,21.1376
2025-02-07 18:30:00+00:00,2887.0,2888.0,2884.0,2884.0,12.9382
2025-02-07 19:00:00+00:00,2886.0,2887.0,2883.0,2884.0,23.5806
2025-02-07 19:30:00+00:00,2884.0,2885.0,2883.0,2884.0,38.2198
2025-02-07 20:00:00+00:00,2884.0,2886.0,2877.0,2877.0,71.8796
2025-02-07 20:30:00+00:00,2877.0,2883.0,2872.0,2874.0,93.4553
2025-02-07 21:00:00+00:00,2875.0,2886.0,2874.0,2878.0,36.4046
2025-02-07 21:30:00+00:00,2878.0,2884.0,2869.0,2873.0,93.3123
2025-02-07 22:00:00+00:00,2874.0,2878.0,2871.0,2874.0,20.4438
2025-02-07 22:30:00+00:00,2874.0,2878.0,2869.0,2873.0,19.1992
2025-02-07 23:00:00+00:00,2872.0,2879.0,2872.0,2876.0,22.7304
2025-02-07 23:30:00+00:00,2877.0,2880.0,2875.0,2877.0,10.5731
2025-02-08 00:00:00+00:00,2879.0,2879.0,2871.0,2877.0,33.6108
2025-02-08 00:30:00+00:00,2877.0,2883.0,2876.0,2880.0,9.0829
2025-02-08 01:00:00+00:00,2882.0,2883.0,2875.0,2878.0,7.1571
2025-02-08 01:30:00+00:00,2879.0,2881.0,2877.0,2879.0,6.6312
2025-02-08 02:00:00+00:00,2879.0,2883.0,2878.0,2882.0,6.7791
2025-02-08 02:30:00+00:00,2883.0,2885.0,2880.0,2880.0,7.725
2025-02-08 03:00:00+00:00,2882.0,2886.0,2880.0,2885.0,24.9167
2025-02-08 03:30:00+00:00,2884.0,2886.0,2879.0,2885.0,11.8043
2025-02-08 04:00:00+00:00,2884.0,2885.0,2873.0,2881.0,27.5129
2025-02-08 04:30:00+00:00,2882.0,2882.0,2878.0,2882.0,17.1426
2025-02-08 05:00:00+00:00,2882.0,2886.0,2879.0,2885.0,19.5173
2025-02-08 05:30:00+00:00,2883.0,2885.0,2879.0,2885.0,15.3155
2025-02-08 06:00:00+00:00,2885.0,2886.0,2883.0,2884.0,6.7986
2025-02-08 06:30:00+00:00,2885.0,2885.0,2882.0,2883.0,5.9283
2025-02-08 07:00:00+00:00,2883.0,2885.0,2880.0,2882.0,14.028
2025-02-08 07:30:00+00:00,2882.0,2885.0,2880.0,2885.0,8.4258
2025-02-08 08:00:00+00:00,2885.0,2887.0,2882.0,2885.0,14.235
2025-02-08 08:30:00+00:00,2886.0,2886.0,2881.0,2882.0,4.8283
2025-02-08 09:00:00+00:00,2883.0,2886.0,2883.0,2885.0,9.1435
2025-02-08 09:30:00+00:00,2884.0,2884.0,2877.0,2880.0,11.7358
2025-02-08 10:00:00+00:00,2880.0,2882.0,2879.0,2882.0,6.3683
2025-02-08 10:30:00+00:00,2881.0,2883.0,2856.0,2868.0,143.6026
2025-02-08 11:00:00+00:00,2869.0,2872.0,2867.0,2869.0,19.0145
2025-02-08 11:30:00+00:00,2869.0,2873.0,2869.0,2872.0,14.5547
2025-02-08 12:00:00+00:00,2873.0,2874.0,2870.0,2872.0,10.2834
2025-02-08 12:30:00+00:00,2873.0,2873.0,2869.0,2872.0,5.1755
2025-02-08 13:00:00+00:00,2872.0,2873.0,2868.0,2870.0,5.5157
2025-02-08 13:30:00+00:00,2871.0,2872.0,2865.0,2867.0,20.8873
2025-02-08 14:00:00+00:00,2866.0,2872.0,2865.0,2868.0,21.03
2025-02-08 14:30:00+00:00,2868.0,2868.0,2860.0,2866.0,27.7518
2025-02-08 15:00:00+00:00,2866.0,2873.0,2866.0,2872.0,25.79
2025-02-08 15:30:00+00:00,2870.0,2872.0,2867.0,2870.0,10.0308
2025-02-08 16:00:00+00:00,2869.0,2873.0,2868.0,2870.0,10.2188
2025-02-08 16:30:00+00:00,2870.0,2874.0,2869.0,2871.0,24.0455
2025-02-08 17:00:00+00:00,2873.0,2873.0,2870.0,2870.0,26.7588
2025-02-08 17:30:00+00:00,2870.0,2874.0,2870.0,2872.0,6.8064
2025-02-08 18:00:00+00:00,2872.0,2875.0,2871.0,2875.0,9.1381
2025-02-08 18:30:00+00:00,2873.0,2877.0,2873.0,2877.0,9.7407
2025-02-08 19:00:00+00:00,2876.0,2877.0,2874.0,2876.0,6.2715
2025-02-08 19:30:00+00:00,2875.0,2876.0,2868.0,2872.0,18.1972
2025-02-08 20:00:00+00:00,2873.0,2874.0,2872.0,2874.0,4.087
2025-02-08 20:30:00+00:00,2874.0,2876.0,2873.0,2875.0,6.3692
2025-02-08 21:00:00+00:00,2877.0,2877.0,2866.0,2871.0,17.4554
2025-02-08 21:30:00+00:00,2870.0,2872.0,2865.0,2869.0,34.9135
2025-02-08 22:00:00+00:00,2871.0,2874.0,2869.0,2873.0,4.4547
2025-02-08 22:30:00+00:00,2872.0,2874.0,2869.0,2873.0,7.3318
2025-02-08 23:00:00+00:00,2874.0,2875.0,2873.0,2874.0,1.6887
2025-02-08 23:30:00+00:00,2874.0,2879.0,2872.0,2877.0,16.043
2025-02-09 00:00:00+00:00,2878.0,2879.0,2875.0,2876.0,2.7814
2025-02-09 00:30:00+00:00,2876.0,2880.0,2875.0,2879.0,3.7095
2025-02-09 01:00:00+00:00,2879.0,2880.0,2878.0,2880.0,2.4703
2025-02-09 01:30:00+00:00,2879.0,2880.0,2875.0,2877.0,3.7618
2025-02-09 02:00:00+00:00,2877.0,2877.0,2876.0,2876.0,1.8711
2025-02-09 02:30:00+00:00,2877.0,2877.0,2875.0,2875.0,1.9515
2025-02-09 03:00:00+00:00,2877.0,2877.0,2876.0,2877.0,1.5829
2025-02-09 03:30:00+00:00,2876.0,2882.0,2876.0,2881.0,19.8907
2025-02-09 04:00:00+00:00,2881.0,2885.0,2879.0,2885.0,33.0577
2025-02-09 04:30:00+00:00,2884.0,2885.0,2880.0,2882.0,9.1006
2025-02-09 05:00:00+00:00,2882.0,2887.0,2877.0,2883.0,26.4344
2025-02-09 05:30:00+00:00,2885.0,2885.0,2881.0,2883.0,3.2916
2025-02-09 06:00:00+00:00,2883.0,2883.0,2881.0,2882.0,6.3768
2025-02-09 06:30:00+00:00,2882.0,2883.0,2881.0,2883.0,4.2501
2025-02-09 07:00:00+00:00,2883.0,2883.0,2882.0,2883.0,7.1274
2025-02-09 07:30:00+00:00,2883.0,2883.0,2881.0,2882.0,7.459
2025-02-09 08:00:00+00:00,2882.0,2884.0,2881.0,2882.0,8.3887
2025-02-09 08:30:00+00:00,2883.0,2884.0,2881.0,2883.0,12.6667
2025-02-09 09:00:00+00:00,2883.0,2883.0,2880.0,2880.0,10.0373
2025-02-09 09:30:00+00:00,2881.0,2881.0,2879.0,2880.0,4.5117
2025-02-09 10:00:00+00:00,2880.0,2882.0,2879.0,2882.0,6.7713
2025-02-09 10:30:00+00:00,2882.0,2883.0,2881.0,2882.0,4.3184
2025-02-09 11:00:00+00:00,2883.0,2887.0,2882.0,2885.0,13.4258
2025-02-09 11:30:00+00:00,2886.0,2889.0,2882.0,2883.0,51.6189
2025-02-09 12:00:00+00:00,2882.0,2886.0,2882.0,2886.0,17.4011
2025-02-09 12:30:00+00:00,2885.0,2886.0,2883.0,2886.0,15.2591
2025-02-09 13:00:00+00:00,2886.0,2886.0,2882.0,2884.0,14.9774
2025-02-09 13:30:00+00:00,2885.0,2885.0,2881.0,2882.0,24.3769
2025-02-09 14:00:00+00:00,2883.0,2886.0,2882.0,2884.0,11.1962
2025-02-09 14:30:00+00:00,2884.0,2898.0,2884.0,2889.0,49.2953
2025-02-09 15:00:00+00:00,2889.0,2893.0,2885.0,2886.0,30.016
2025-02-09 15:30:00+00:00,2886.0,2890.0,2884.0,2889.0,8.998
2025-02-09 16:00:00+00:00,2887.0,2890.0,2887.0,2887.0,5.158
2025-02-09 16:30:00+00:00,2887.0,2888.0,2885.0,2885.0,1.9884
2025-02-09 17:00:00+00:00,2886.0,2886.0,2883.0,2884.0,12.9157
2025-02-09 17:30:00+00:00,2883.0,2886.0,2883.0,2884.0,6.1262
2025-02-09 18:00:00+00:00,2884.0,2884.0,2881.0,2882.0,4.8104
2025-02-09 18:30:00+00:00,2881.0,2884.0,2881.0,2884.0,9.0393
2025-02-09 19:00:00+00:00,2884.0,2893.0,2883.0,2888.0,27.6173
2025-02-09 19:30:00+00:00,2888.0,2892.0,2887.0,2889.0,28.4707
2025-02-09 20:00:00+00:00,2888.0,2889.0,2886.0,2887.0,4.7934
2025-02-09 20:30:00+00:00,2886.0,2887.0,2881.0,2883.0,15.1346
2025-02-09 21:00:00+00:00,2882.0,2884.0,2882.0,2883.0,8.9862
2025-02-09 21:30:00+00:00,2882.0,2897.0,2876.0,2892.0,101.9415
2025-02-09 22:00:00+00:00,2894.0,2905.0,2886.0,2902.0,58.1726
2025-02-09 22:30:00+00:00,2902.0,2905.0,2894.0,2902.0,38.1658
2025-02-09 23:00:00+00:00,2902.0,2902.0,2886.0,2893.0,67.9478
2025-02-09 23:30:00+00:00,2893.0,2908.0,2893.0,2901.0,69.3989
2025-02-10 00:00:00+00:00,2901.0,2901.0,2892.0,2897.0,36.8178
2025-02-10 00:30:00+00:00,2898.0,2900.0,2893.0,2897.0,17.6329
2025-02-10 01:00:00+00:00,2898.0,2910.0,2894.0,2897.0,55.9663
2025-02-10 01:30:00+00:00,2897.0,2912.0,2894.0,2903.0,132.6835
2025-02-10 02:00:00+00:00,2904.0,2910.0,2902.0,2909.0,37.71
2025-02-10 02:30:00+00:00,2908.0,2910.0,2906.0,2910.0,39.1039
2025-02-10 03:00:00+00:00,2910.0,2912.0,2905.0,2908.0,42.3694
2025-02-10 03:30:00+00:00,2909.0,2921.0,2901.0,2910.0,113.853
2025-02-10 04:00:00+00:00,2910.0,2913.0,2905.0,2906.0,19.307
2025-02-10 04:30:00+00:00,2906.0,2911.0,2905.0,2910.0,16.9978
2025-02-10 05:00:00+00:00,2910.0,2921.0,2908.0,2912.0,70.4109
2025-02-10 05:30:00+00:00,2912.0,2912.0,2904.0,2906.0,31.0544
2025-02-10 06:00:00+00:00,2905.0,2909.0,2902.0,2907.0,19.2617
2025-02-10 06:30:00+00:00,2908.0,2921.0,2907.0,2920.0,24.5165
2025-02-10 07:00:00+00:00,2920.0,2926.0,2915.0,2921.0,109.227
2025-02-10 07:30:00+00:00,2921.0,2925.0,2919.0,2923.0,43.6113
2025-02-10 08:00:00+00:00,2923.0,2926.0,2920.0,2922.0,23.2802
2025-02-10 08:30:00+00:00,2923.0,2924.0,2915.0,2922.0,75.5441
2025-02-10 09:00:00+00:00,2922.0,2924.0,2919.0,2923.0,20.8553
2025-02-10 09:30:00+00:00,2923.0,2926.0,2922.0,2925.0,14.1293
2025-02-10 10:00:00+00:00,2926.0,2928.0,2923.0,2926.0,35.8287
2025-02-10 10:30:00+00:00,2927.0,2930.0,2925.0,2928.0,35.9298
2025-02-10 11:00:00+00:00,2928.0,2931.0,2926.0,2926.0,70.7138
2025-02-10 11:30:00+00:00,2927.0,2933.0,2926.0,2932.0,40.1963
2025-02-10 12:00:00+00:00,2931.0,2934.0,2928.0,2928.0,40.9738
2025-02-10 12:30:00+00:00,2928.0,2931.0,2928.0,2929.0,33.9746
2025-02-10 13:00:00+00:00,2930.0,2932.0,2927.0,2930.0,70.0202
2025-02-10 13:30:00+00:00,2930.0,2932.0,2924.0,2926.0,148.8351
2025-02-10 14:00:00+00:00,2928.0,2929.0,2924.0,2927.0,47.878
2025-02-10 14:30:00+00:00,2926.0,2927.0,2917.0,2925.0,132.2654
2025-02-10 15:00:00+00:00,2925.0,2926.0,2923.0,2925.0,12.0044
2025-02-10 15:30:00+00:00,2926.0,2927.0,2923.0,2925.0,54.6711
2025-02-10 16:00:00+00:00,2926.0,2926.0,2923.0,2924.0,23.4829
2025-02-10 16:30:00+00:00,2924.0,2924.0,2920.0,2920.0,31.7929
2025-02-10 17:00:00+00:00,2920.0,2924.0,2917.0,2918.0,26.8747
2025-02-10 17:30:00+00:00,2918.0,2923.0,2917.0,2922.0,21.5238
2025-02-10 18:00:00+00:00,2923.0,2924.0,2919.0,2922.0,31.9367
2025-02-10 18:30:00+00:00,2922.0,2924.0,2921.0,2922.0,14.0042
2025-02-10 19:00:00+00:00,2923.0,2923.0,2921.0,2921.0,22.5256
2025-02-10 19:30:00+00:00,2921.0,2923.0,2911.0,2918.0,79.7395
2025-02-10 20:00:00+00:00,2919.0,2922.0,2918.0,2921.0,11.1618
2025-02-10 20:30:00+00:00,2921.0,2922.0,2920.0,2922.0,13.4509
2025-02-10 21:00:00+00:00,2923.0,2923.0,2922.0,2922.0,13.2019
2025-02-10 21:30:00+00:00,2922.0,2924.0,2922.0,2924.0,7.7083
2025-02-10 22:00:00+00:00,2924.0,2926.0,2923.0,2926.0,30.1175
2025-02-10 22:30:00+00:00,2926.0,2926.0,2924.0,2925.0,9.8338
2025-02-10 23:00:00+00:00,2925.0,2927.0,2924.0,2926.0,26.9289
2025-02-10 23:30:00+00:00,2926.0,2932.0,2926.0,2931.0,17.648
2025-02-11 00:00:00+00:00,2932.0,2933.0,2931.0,2933.0,16.1389
2025-02-11 00:30:00+00:00,2932.0,2934.0,2931.0,2931.0,32.8977
2025-02-11 01:00:00+00:00,2933.0,2944.0,2931.0,2939.0,181.579
2025-02-11 01:30:00+00:00,2938.0,2942.0,2937.0,2942.0,20.3661
2025-02-11 02:00:00+00:00,2942.0,2947.0,2939.0,2946.0,90.3018
2025-02-11 02:30:00+00:00,2946.0,2947.0,2929.0,2938.0,135.3631
2025-02-11 03:00:00+00:00,2938.0,2940.0,2934.0,2940.0,14.9328
2025-02-11 03:30:00+00:00,2940.0,2946.0,2937.0,2938.0,24.529
2025-02-11 04:00:00+00:00,2937.0,2941.0,2937.0,2940.0,7.3359
2025-02-11 04:30:00+00:00,2939.0,2940.0,2933.0,2933.0,25.3647
2025-02-11 05:00:00+00:00,2934.0,2939.0,2931.0,2938.0,23.7621
2025-02-11 05:30:00+00:00,2938.0,2943.0,2934.0,2939.0,32.6361
2025-02-11 06:00:00+00:00,2940.0,2947.0,2938.0,2940.0,44.5477
2025-02-11 06:30:00+00:00,2942.0,2942.0,2937.0,2938.0,33.2001
2025-02-11 07:00:00+00:00,2938.0,2940.0,2932.0,2932.0,25.7485
2025-02-11 07:30:00+00:00,2932.0,2938.0,2930.0,2936.0,72.0454
2025-02-11 08:00:00+00:00,2936.0,2938.0,2927.0,2930.0,46.7339
2025-02-11 08:30:00+00:00,2930.0,2932.0,2928.0,2930.0,10.1183
2025-02-11 09:00:00+00:00,2930.0,2930.0,2909.0,2921.0,223.5141
2025-02-11 09:30:00+00:00,2921.0,2928.0,2918.0,2927.0,147.2944
2025-02-11 10:00:00+00:00,2927.0,2929.0,2919.0,2926.0,160.4589
2025-02-11 10:30:00+00:00,2925.0,2928.0,2921.0,2921.0,32.8574
2025-02-11 11:00:00+00:00,2922.0,2929.0,2919.0,2928.0,45.2623
2025-02-11 11:30:00+00:00,2929.0,2932.0,2925.0,2931.0,115.929
2025-02-11 12:00:00+00:00,2931.0,2932.0,2925.0,2925.0,87.2554
2025-02-11 12:30:00+00:00,2925.0,2926.0,2916.0,2917.0,63.7694
2025-02-11 13:00:00+00:00,2918.0,2918.0,2910.0,2913.0,36.0366
2025-02-11 13:30:00+00:00,2914.0,2924.0,2913.0,2917.0,135.9871
2025-02-11 14:00:00+00:00,2917.0,2925.0,2916.0,2925.0,111.1569
2025-02-11 14:30:00+00:00,2924.0,2927.0,2918.0,2920.0,87.6261
2025-02-11 15:00:00+00:00,2919.0,2922.0,2913.0,2919.0,97.711
2025-02-11 15:30:00+00:00,2920.0,2932.0,2918.0,2926.0,131.6968
2025-02-11 16:00:00+00:00,2926.0,2929.0,2920.0,2927.0,39.8351
2025-02-11 16:30:00+00:00,2927.0,2931.0,2924.0,2930.0,147.7005
2025-02-11 17:00:00+00:00,2930.0,2950.0,2923.0,2925.0,142.5147
2025-02-11 17:30:00+00:00,2925.0,2929.0,2922.0,2924.0,73.9874
2025-02-11 18:00:00+00:00,2925.0,2928.0,2915.0,2919.0,48.4488
2025-02-11 18:30:00+00:00,2917.0,2921.0,2917.0,2920.0,65.6066
2025-02-11 19:00:00+00:00,2920.0,2931.0,2920.0,2931.0,188.3553
2025-02-11 19:30:00+00:00,2929.0,2931.0,2921.0,2922.0,42.4112
2025-02-11 20:00:00+00:00,2922.0,2924.0,2915.0,2917.0,29.2595
2025-02-11 20:30:00+00:00,2915.0,2920.0,2914.0,2914.0,62.3986
2025-02-11 21:00:00+00:00,2914.0,2917.0,2913.0,2916.0,79.2296
2025-02-11 21:30:00+00:00,2916.0,2917.0,2912.0,2913.0,22.0377
2025-02-11 22:00:00+00:00,2915.0,2916.0,2913.0,2915.0,17.0059
2025-02-11 22:30:00+00:00,2916.0,2916.0,2908.0,2913.0,57.3644
2025-02-11 23:00:00+00:00,2913.0,2916.0,2912.0,2915.0,17.1054
2025-02-11 23:30:00+00:00,2915.0,2917.0,2915.0,2915.0,7.5601
2025-02-12 00:00:00+00:00,2916.0,2922.0,2912.0,2918.0,59.9678
2025-02-12 00:30:00+00:00,2918.0,2922.0,2915.0,2915.0,22.699
2025-02-12 01:00:00+00:00,2916.0,2919.0,2914.0,2914.0,5.2416
2025-02-12 01:30:00+00:00,2914.0,2922.0,2914.0,2920.0,12.9054
2025-02-12 02:00:00+00:00,2921.0,2921.0,2908.0,2912.0,83.8627
2025-02-12 02:30:00+00:00,2913.0,2922.0,2913.0,2919.0,26.9672
2025-02-12 03:00:00+00:00,2921.0,2923.0,2913.0,2917.0,16.9216
2025-02-12 03:30:00+00:00,2918.0,2918.0,2908.0,2910.0,37.9922
2025-02-12 04:00:00+00:00,2911.0,2917.0,2908.0,2913.0,50.7443
2025-02-12 04:30:00+00:00,2913.0,2918.0,2906.0,2906.0,32.2925
2025-02-12 05:00:00+00:00,2908.0,2914.0,2906.0,2911.0,63.1123
2025-02-12 05:30:00+00:00,2911.0,2912.0,2906.0,2909.0,36.23
2025-02-12 06:00:00+00:00,2910.0,2912.0,2909.0,2911.0,7.5447
2025-02-12 06:30:00+00:00,2911.0,2914.0,2909.0,2910.0,18.6336
2025-02-12 07:00:00+00:00,2911.0,2914.0,2910.0,2912.0,25.6239
2025-02-12 07:30:00+00:00,2913.0,2914.0,2912.0,2913.0,28.9033
2025-02-12 08:00:00+00:00,2914.0,2914.0,2908.0,2909.0,29.5897
2025-02-12 08:30:00+00:00,2909.0,2911.0,2907.0,2908.0,17.0593
2025-02-12 09:00:00+00:00,2907.0,2909.0,2905.0,2907.0,44.485
2025-02-12 09:30:00+00:00,2907.0,2908.0,2905.0,2907.0,19.5431
2025-02-12 10:00:00+00:00,2907.0,2909.0,2905.0,2906.0,48.406
2025-02-12 10:30:00+00:00,2907.0,2907.0,2902.0,2904.0,41.8115
2025-02-12 11:00:00+00:00,2904.0,2906.0,2901.0,2903.0,27.6347
2025-02-12 11:30:00+00:00,2903.0,2905.0,2902.0,2905.0,74.9403
2025-02-12 12:00:00+00:00,2905.0,2908.0,2901.0,2905.0,40.7853
2025-02-12 12:30:00+00:00,2905.0,2906.0,2903.0,2905.0,6.7463
2025-02-12 13:00:00+00:00,2906.0,2906.0,2901.0,2904.0,37.1805
2025-02-12 13:30:00+00:00,2901.0,2906.0,2890.0,2898.0,260.5622
2025-02-12 14:00:00+00:00,2897.0,2920.0,2897.0,2915.0,216.9516
2025-02-12 14:30:00+00:00,2914.0,2917.0,2909.0,2914.0,69.3036
2025-02-12 15:00:00+00:00,2916.0,2916.0,2908.0,2914.0,52.4426
2025-02-12 15:30:00+00:00,2915.0,2916.0,2908.0,2916.0,41.43
2025-02-12 16:00:00+00:00,2916.0,2916.0,2912.0,2914.0,17.901
2025-02-12 16:30:00+00:00,2913.0,2919.0,2912.0,2918.0,62.6203
2025-02-12 17:00:00+00:00,2918.0,2930.0,2917.0,2928.0,70.7852
2025-02-12 17:30:00+00:00,2928.0,2929.0,2911.0,2918.0,68.9852
2025-02-12 18:00:00+00:00,2918.0,2919.0,2916.0,2916.0,23.8208
2025-02-12 18:30:00+00:00,2917.0,2918.0,2915.0,2916.0,37.9147
2025-02-12 19:00:00+00:00,2915.0,2916.0,2906.0,2914.0,76.2595
2025-02-12 19:30:00+00:00,2914.0,2917.0,2912.0,2916.0,38.2257
2025-02-12 20:00:00+00:00,2917.0,2918.0,2913.0,2918.0,27.3203
2025-02-12 20:30:00+00:00,2916.0,2918.0,2914.0,2914.0,13.4232
2025-02-12 21:00:00+00:00,2915.0,2916.0,2912.0,2915.0,18.6647
2025-02-12 21:30:00+00:00,2915.0,2917.0,2910.0,2911.0,92.8809
2025-02-12 22:00:00+00:00,2912.0,2919.0,2908.0,2918.0,103.3022
2025-02-12 22:30:00+00:00,2919.0,2925.0,2915.0,2921.0,167.7956
2025-02-12 23:00:00+00:00,2921.0,2922.0,2911.0,2912.0,23.302
2025-02-12 23:30:00+00:00,2914.0,2926.0,2912.0,2926.0,32.0892
2025-02-13 00:00:00+00:00,2926.0,2928.0,2920.0,2920.0,39.2601
2025-02-13 00:30:00+00:00,2921.0,2921.0,2914.0,2917.0,52.4466
2025-02-13 01:00:00+00:00,2917.0,2917.0,2907.0,2913.0,24.3978
2025-02-13 01:30:00+00:00,2913.0,2920.0,2911.0,2920.0,21.4098
2025-02-13 02:00:00+00:00,2919.0,2919.0,2911.0,2915.0,16.3273
2025-02-13 02:30:00+00:00,2915.0,2924.0,2914.0,2922.0,23.3552
2025-02-13 03:00:00+00:00,2922.0,2925.0,2919.0,2924.0,8.4666
2025-02-13 03:30:00+00:00,2925.0,2929.0,2917.0,2928.0,31.2301
2025-02-13 04:00:00+00:00,2929.0,2930.0,2923.0,2924.0,17.6113
2025-02-13 04:30:00+00:00,2923.0,2927.0,2921.0,2926.0,18.4363
2025-02-13 05:00:00+00:00,2926.0,2930.0,2925.0,2930.0,22.9848
2025-02-13 05:30:00+00:00,2929.0,2930.0,2924.0,2924.0,17.0083
2025-02-13 06:00:00+00:00,2925.0,2928.0,2924.0,2926.0,9.3755
2025-02-13 06:30:00+00:00,2926.0,2928.0,2924.0,2927.0,10.9556
2025-02-13 07:00:00+00:00,2927.0,2935.0,2924.0,2933.0,55.774
2025-02-13 07:30:00+00:00,2933.0,2935.0,2931.0,2932.0,114.7378
2025-02-13 08:00:00+00:00,2932.0,2937.0,2926.0,2933.0,163.513
2025-02-13 08:30:00+00:00,2933.0,2936.0,2929.0,2932.0,75.8466
2025-02-13 09:00:00+00:00,2933.0,2935.0,2929.0,2930.0,15.4045
2025-02-13 09:30:00+00:00,2930.0,2938.0,2927.0,2934.0,26.9139
2025-02-13 10:00:00+00:00,2936.0,2938.0,2934.0,2936.0,12.3952
2025-02-13 10:30:00+00:00,2936.0,2942.0,2935.0,2938.0,36.8665
2025-02-13 11:00:00+00:00,2938.0,2940.0,2937.0,2938.0,14.2312
2025-02-13 11:30:00+00:00,2939.0,2939.0,2935.0,2939.0,17.3476
2025-02-13 12:00:00+00:00,2939.0,2939.0,2935.0,2935.0,24.9526
2025-02-13 12:30:00+00:00,2935.0,2937.0,2932.0,2934.0,45.2714
2025-02-13 13:00:00+00:00,2935.0,2935.0,2932.0,2933.0,19.6624
2025-02-13 13:30:00+00:00,2933.0,2935.0,2924.0,2927.0,94.1313
2025-02-13 14:00:00+00:00,2928.0,2930.0,2926.0,2930.0,35.3576
2025-02-13 14:30:00+00:00,2929.0,2930.0,2925.0,2929.0,24.7348
2025-02-13 15:00:00+00:00,2929.0,2931.0,2928.0,2929.0,48.3078
2025-02-13 15:30:00+00:00,2930.0,2933.0,2929.0,2933.0,20.6699
2025-02-13 16:00:00+00:00,2933.0,2938.0,2932.0,2934.0,64.2939
2025-02-13 16:30:00+00:00,2935.0,2937.0,2929.0,2931.0,31.6476
2025-02-13 17:00:00+00:00,2931.0,2932.0,2926.0,2931.0,17.9771
2025-02-13 17:30:00+00:00,2931.0,2934.0,2930.0,2932.0,13.857
2025-02-13 18:00:00+00:00,2931.0,2932.0,2928.0,2930.0,14.0749
2025-02-13 18:30:00+00:00,2929.0,2937.0,2929.0,2934.0,36.0341
2025-02-13 19:00:00+00:00,2935.0,2940.0,2935.0,2939.0,42.6876
2025-02-13 19:30:00+00:00,2939.0,2940.0,2938.0,2939.0,24.7208
2025-02-13 20:00:00+00:00,2938.0,2939.0,2938.0,2939.0,7.7634
2025-02-13 20:30:00+00:00,2939.0,2940.0,2937.0,2939.0,42.9623
2025-02-13 21:00:00+00:00,2939.0,2941.0,2938.0,2941.0,53.142
2025-02-13 21:30:00+00:00,2941.0,2941.0,2939.0,2940.0,18.9428
2025-02-13 22:00:00+00:00,2941.0,2941.0,2936.0,2936.0,33.9273
2025-02-13 22:30:00+00:00,2938.0,2950.0,2938.0,2947.0,106.121
2025-02-13 23:00:00+00:00,2946.0,2947.0,2944.0,2944.0,16.6679
2025-02-13 23:30:00+00:00,2944.0,2950.0,2944.0,2948.0,20.0479
2025-02-14 00:00:00+00:00,2949.0,2950.0,2945.0,2948.0,19.8036
2025-02-14 00:30:00+00:00,2947.0,2949.0,2942.0,2943.0,12.7646
2025-02-14 01:00:00+00:00,2944.0,2948.0,2943.0,2946.0,6.9658
2025-02-14 01:30:00+00:00,2946.0,2948.0,2945.0,2948.0,8.508
2025-02-14 02:00:00+00:00,2947.0,2950.0,2940.0,2942.0,106.3556
2025-02-14 02:30:00+00:00,2942.0,2944.0,2940.0,2943.0,10.5298
2025-02-14 03:00:00+00:00,2943.0,2943.0,2942.0,2942.0,3.6192
2025-02-14 03:30:00+00:00,2943.0,2946.0,2942.0,2944.0,26.352
2025-02-14 04:00:00+00:00,2945.0,2946.0,2940.0,2942.0,24.3522
2025-02-14 04:30:00+00:00,2942.0,2944.0,2940.0,2943.0,3.2857
2025-02-14 05:00:00+00:00,2944.0,2945.0,2943.0,2944.0,6.5153
2025-02-14 05:30:00+00:00,2944.0,2950.0,2944.0,2949.0,53.2522
2025-02-14 06:00:00+00:00,2950.0,2955.0,2948.0,2951.0,127.7468
2025-02-14 06:30:00+00:00,2952.0,2954.0,2951.0,2954.0,12.1714
2025-02-14 07:00:00+00:00,2954.0,2954.0,2949.0,2952.0,36.3814
2025-02-14 07:30:00+00:00,2951.0,2952.0,2947.0,2952.0,18.97
2025-02-14 08:00:00+00:00,2952.0,2952.0,2949.0,2949.0,33.2438
2025-02-14 08:30:00+00:00,2950.0,2952.0,2948.0,2948.0,18.0322
2025-02-14 09:00:00+00:00,2949.0,2956.0,2949.0,2954.0,26.0174
2025-02-14 09:30:00+00:00,2953.0,2955.0,2948.0,2949.0,38.8737
2025-02-14 10:00:00+00:00,2949.0,2956.0,2949.0,2956.0,72.4065
2025-02-14 10:30:00+00:00,2955.0,2957.0,2954.0,2955.0,21.7207
2025-02-14 11:00:00+00:00,2956.0,2956.0,2954.0,2955.0,10.9141
2025-02-14 11:30:00+00:00,2954.0,2955.0,2949.0,2950.0,33.5903
2025-02-14 12:00:00+00:00,2950.0,2952.0,2946.0,2951.0,48.0741
2025-02-14 12:30:00+00:00,2951.0,2952.0,2946.0,2949.0,44.5802
2025-02-14 13:00:00+00:00,2950.0,2950.0,2945.0,2947.0,47.445
2025-02-14 13:30:00+00:00,2947.0,2949.0,2920.0,2939.0,414.2486
2025-02-14 14:00:00+00:00,2938.0,2944.0,2932.0,2943.0,50.2972
2025-02-14 14:30:00+00:00,2942.0,2943.0,2935.0,2937.0,69.5511
2025-02-14 15:00:00+00:00,2937.0,2937.0,2921.0,2922.0,128.9869
2025-02-14 15:30:00+00:00,2922.0,2933.0,2918.0,2925.0,153.5198
2025-02-14 16:00:00+00:00,2925.0,2926.0,2917.0,2920.0,156.0739
2025-02-14 16:30:00+00:00,2920.0,2924.0,2914.0,2915.0,137.0833
2025-02-14 17:00:00+00:00,2914.0,2919.0,2913.0,2914.0,69.052
2025-02-14 17:30:00+00:00,2914.0,2916.0,2908.0,2911.0,144.1917
2025-02-14 18:00:00+00:00,2912.0,2917.0,2909.0,2913.0,61.0437
2025-02-14 18:30:00+00:00,2912.0,2912.0,2905.0,2905.0,56.1381
2025-02-14 19:00:00+00:00,2906.0,2909.0,2903.0,2904.0,28.7672
2025-02-14 19:30:00+00:00,2904.0,2906.0,2900.0,2902.0,58.6863
2025-02-14 20:00:00+00:00,2901.0,2903.0,2898.0,2901.0,38.1808
2025-02-14 20:30:00+00:00,2902.0,2907.0,2901.0,2906.0,13.097
2025-02-14 21:00:00+00:00,2906.0,2912.0,2906.0,2909.0,65.8556
2025-02-14 21:30:00+00:00,2908.0,2909.0,2906.0,2907.0,14.7072
2025-02-14 22:00:00+00:00,2907.0,2916.0,2907.0,2915.0,36.3695
2025-02-14 22:30:00+00:00,2915.0,2916.0,2910.0,2911.0,26.5265
2025-02-14 23:00:00+00:00,2911.0,2916.0,2909.0,2911.0,17.1839
2025-02-14 23:30:00+00:00,2911.0,2914.0,2909.0,2913.0,16.5036
2025-02-15 00:00:00+00:00,2913.0,2913.0,2910.0,2911.0,13.603
2025-02-15 00:30:00+00:00,2911.0,2912.0,2910.0,2911.0,8.9587
2025-02-15 01:00:00+00:00,2911.0,2912.0,2901.0,2906.0,39.0497
2025-02-15 01:30:00+00:00,2906.0,2909.0,2905.0,2907.0,19.9427
2025-02-15 02:00:00+00:00,2907.0,2909.0,2907.0,2908.0,4.3448
2025-02-15 02:30:00+00:00,2908.0,2909.0,2901.0,2907.0,29.7495
2025-02-15 03:00:00+00:00,2908.0,2911.0,2907.0,2909.0,8.4946
2025-02-15 03:30:00+00:00,2911.0,2911.0,2906.0,2909.0,5.4321
2025-02-15 04:00:00+00:00,2908.0,2912.0,2908.0,2912.0,3.3281
2025-02-15 04:30:00+00:00,2910.0,2912.0,2910.0,2910.0,2.8269
2025-02-15 05:00:00+00:00,2910.0,2913.0,2910.0,2910.0,10.4229
2025-02-15 05:30:00+00:00,2911.0,2913.0,2911.0,2912.0,6.0132
2025-02-15 06:00:00+00:00,2912.0,2914.0,2912.0,2913.0,7.4246
2025-02-15 06:30:00+00:00,2913.0,2914.0,2910.0,2911.0,7.4881
2025-02-15 07:00:00+00:00,2911.0,2911.0,2907.0,2907.0,5.8424
2025-02-15 07:30:00+00:00,2907.0,2908.0,2907.0,2907.0,2.0819
2025-02-15 08:00:00+00:00,2908.0,2909.0,2906.0,2906.0,12.2399
2025-02-15 08:30:00+00:00,2906.0,2907.0,2898.0,2901.0,98.2157
2025-02-15 09:00:00+00:00,2901.0,2907.0,2901.0,2907.0,20.8127
2025-02-15 09:30:00+00:00,2907.0,2908.0,2905.0,2905.0,17.0904
2025-02-15 10:00:00+00:00,2905.0,2908.0,2905.0,2906.0,10.3227
2025-02-15 10:30:00+00:00,2907.0,2907.0,2903.0,2905.0,6.1305
2025-02-15 11:00:00+00:00,2905.0,2906.0,2902.0,2902.0,9.5812
2025-02-15 11:30:00+00:00,2903.0,2903.0,2900.0,2901.0,31.4833
2025-02-15 12:00:00+00:00,2902.0,2908.0,2901.0,2905.0,39.9414
2025-02-15 12:30:00+00:00,2906.0,2907.0,2905.0,2905.0,12.1999
2025-02-15 13:00:00+00:00,2907.0,2908.0,2905.0,2905.0,35.036
2025-02-15 13:30:00+00:00,2905.0,2908.0,2905.0,2907.0,4.9638
2025-02-15 14:00:00+00:00,2906.0,2908.0,2905.0,2908.0,5.8312
2025-02-15 14:30:00+00:00,2907.0,2908.0,2903.0,2906.0,16.0867
2025-02-15 15:00:00+00:00,2907.0,2908.0,2905.0,2905.0,7.8217
2025-02-15 15:30:00+00:00,2906.0,2906.0,2904.0,2905.0,5.5398
2025-02-15 16:00:00+00:00,2905.0,2906.0,2902.0,2903.0,10.3617
2025-02-15 16:30:00+00:00,2904.0,2904.0,2899.0,2903.0,17.0607
2025-02-15 17:00:00+00:00,2903.0,2906.0,2903.0,2905.0,5.0004
2025-02-15 17:30:00+00:00,2905.0,2906.0,2904.0,2905.0,4.348
2025-02-15 18:00:00+00:00,2905.0,2908.0,2904.0,2906.0,21.1416
2025-02-15 18:30:00+00:00,2906.0,2907.0,2906.0,2906.0,2.446
2025-02-15 19:00:00+00:00,2906.0,2908.0,2905.0,2906.0,27.8053
2025-02-15 19:30:00+00:00,2905.0,2907.0,2905.0,2906.0,3.4941
2025-02-15 20:00:00+00:00,2906.0,2907.0,2906.0,2906.0,4.0602
2025-02-15 20:30:00+00:00,2906.0,2908.0,2906.0,2906.0,6.1974
2025-02-15 21:00:00+00:00,2907.0,2908.0,2906.0,2906.0,13.6151
2025-02-15 21:30:00+00:00,2907.0,2907.0,2906.0,2906.0,2.6762
2025-02-15 22:00:00+00:00,2907.0,2908.0,2903.0,2905.0,19.5478
2025-02-15 22:30:00+00:00,2906.0,2907.0,2904.0,2906.0,3.7238
2025-02-15 23:00:00+00:00,2906.0,2907.0,2905.0,2905.0,4.1438
2025-02-15 23:30:00+00:00,2905.0,2907.0,2904.0,2907.0,7.7334
2025-02-16 00:00:00+00:00,2906.0,2907.0,2904.0,2905.0,7.3002
2025-02-16 00:30:00+00:00,2905.0,2908.0,2905.0,2907.0,15.1545
2025-02-16 01:00:00+00:00,2908.0,2908.0,2906.0,2906.0,2.8308
2025-02-16 01:30:00+00:00,2906.0,2907.0,2901.0,2904.0,17.9305
2025-02-16 02:00:00+00:00,2904.0,2905.0,2902.0,2903.0,11.7122
2025-02-16 02:30:00+00:00,2903.0,2905.0,2903.0,2904.0,11.0993
2025-02-16 03:00:00+00:00,2905.0,2908.0,2904.0,2906.0,60.8579
2025-02-16 03:30:00+00:00,2907.0,2907.0,2906.0,2907.0,0.8517
2025-02-16 04:00:00+00:00,2907.0,2907.0,2906.0,2906.0,1.0969
2025-02-16 04:30:00+00:00,2907.0,2907.0,2906.0,2906.0,0.8922
2025-02-16 05:00:00+00:00,2907.0,2907.0,2906.0,2906.0,2.9148
2025-02-16 05:30:00+00:00,2906.0,2908.0,2905.0,2906.0,6.2556
2025-02-16 06:00:00+00:00,2905.0,2906.0,2904.0,2904.0,2.8106
2025-02-16 06:30:00+00:00,2905.0,2906.0,2903.0,2905.0,3.5158
2025-02-16 07:00:00+00:00,2906.0,2906.0,2904.0,2904.0,6.5914
2025-02-16 07:30:00+00:00,2904.0,2905.0,2904.0,2904.0,1.1628
2025-02-16 08:00:00+00:00,2905.0,2906.0,2903.0,2904.0,3.5047
2025-02-16 08:30:00+00:00,2904.0,2905.0,2903.0,2903.0,11.844
2025-02-16 09:00:00+00:00,2904.0,2906.0,2903.0,2904.0,5.2712
2025-02-16 09:30:00+00:00,2904.0,2905.0,2904.0,2904.0,2.7036
2025-02-16 10:00:00+00:00,2905.0,2905.0,2903.0,2903.0,2.6778
2025-02-16 10:30:00+00:00,2903.0,2904.0,2903.0,2903.0,3.4861
2025-02-16 11:00:00+00:00,2904.0,2904.0,2901.0,2903.0,12.7155
2025-02-16 11:30:00+00:00,2903.0,2904.0,2900.0,2900.0,26.237
2025-02-16 12:00:00+00:00,2901.0,2901.0,2896.0,2899.0,83.4626
2025-02-16 12:30:00+00:00,2898.0,2901.0,2898.0,2901.0,10.6588
2025-02-16 13:00:00+00:00,2902.0,2902.0,2899.0,2899.0,12.5345
2025-02-16 13:30:00+00:00,2899.0,2900.0,2898.0,2898.0,10.3233
2025-02-16 14:00:00+00:00,2899.0,2899.0,2892.0,2894.0,104.3844
2025-02-16 14:30:00+00:00,2893.0,2901.0,2893.0,2898.0,20.1361
2025-02-16 15:00:00+00:00,2900.0,2904.0,2899.0,2901.0,44.727
2025-02-16 15:30:00+00:00,2901.0,2902.0,2899.0,2900.0,6.1046
2025-02-16 16:00:00+00:00,2901.0,2901.0,2896.0,2898.0,7.7266
2025-02-16 16:30:00+00:00,2898.0,2900.0,2898.0,2898.0,4.9487
2025-02-16 17:00:00+00:00,2898.0,2904.0,2893.0,2899.0,22.7294
2025-02-16 17:30:00+00:00,2899.0,2900.0,2894.0,2897.0,12.9202
2025-02-16 18:00:00+00:00,2897.0,2897.0,2893.0,2895.0,12.2674
2025-02-16 18:30:00+00:00,2895.0,2897.0,2893.0,2896.0,8.0992
2025-02-16 19:00:00+00:00,2896.0,2898.0,2896.0,2896.0,6.0642
2025-02-16 19:30:00+00:00,2896.0,2902.0,2896.0,2901.0,17.1697
2025-02-16 20:00:00+00:00,2900.0,2901.0,2900.0,2901.0,1.6613
2025-02-16 20:30:00+00:00,2900.0,2903.0,2898.0,2899.0,50.1502
2025-02-16 21:00:00+00:00,2900.0,2907.0,2895.0,2904.0,43.565
2025-02-16 21:30:00+00:00,2904.0,2905.0,2898.0,2899.0,27.1745
2025-02-16 22:00:00+00:00,2899.0,2901.0,2898.0,2899.0,5.8499
2025-02-16 22:30:00+00:00,2900.0,2905.0,2899.0,2904.0,23.4866
2025-02-16 23:00:00+00:00,2903.0,2908.0,2901.0,2902.0,33.9877
2025-02-16 23:30:00+00:00,2902.0,2902.0,2900.0,2900.0,12.7524
2025-02-17 00:00:00+00:00,2901.0,2907.0,2900.0,2907.0,9.3125
2025-02-17 00:30:00+00:00,2906.0,2907.0,2899.0,2899.0,14.4119
2025-02-17 01:00:00+00:00,2901.0,2908.0,2898.0,2906.0,31.1909
2025-02-17 01:30:00+00:00,2906.0,2908.0,2905.0,2906.0,7.9459
2025-02-17 02:00:00+00:00,2907.0,2908.0,2905.0,2906.0,6.252
2025-02-17 02:30:00+00:00,2906.0,2908.0,2906.0,2907.0,25.7584
2025-02-17 03:00:00+00:00,2907.0,2921.0,2907.0,2920.0,155.6735
2025-02-17 03:30:00+00:00,2920.0,2921.0,2916.0,2919.0,24.4122
2025-02-17 04:00:00+00:00,2920.0,2932.0,2919.0,2926.0,96.0466
2025-02-17 04:30:00+00:00,2925.0,2927.0,2922.0,2923.0,49.4449
2025-02-17 05:00:00+00:00,2923.0,2923.0,2919.0,2920.0,11.9345
2025-02-17 05:30:00+00:00,2921.0,2921.0,2915.0,2919.0,26.5919
2025-02-17 06:00:00+00:00,2919.0,2919.0,2911.0,2911.0,24.3221
2025-02-17 06:30:00+00:00,2911.0,2915.0,2911.0,2913.0,7.6554
2025-02-17 07:00:00+00:00,2914.0,2917.0,2913.0,2917.0,42.0115
2025-02-17 07:30:00+00:00,2917.0,2918.0,2916.0,2917.0,13.8908
2025-02-17 08:00:00+00:00,2918.0,2924.0,2915.0,2918.0,73.6059
2025-02-17 08:30:00+00:00,2918.0,2922.0,2912.0,2921.0,36.1651
2025-02-17 09:00:00+00:00,2922.0,2923.0,2919.0,2922.0,12.6082
2025-02-17 09:30:00+00:00,2923.0,2929.0,2923.0,2926.0,38.126
2025-02-17 10:00:00+00:00,2926.0,2930.0,2924.0,2925.0,65.388
2025-02-17 10:30:00+00:00,2925.0,2927.0,2921.0,2923.0,25.5805
2025-02-17 11:00:00+00:00,2924.0,2925.0,2920.0,2920.0,34.3994
2025-02-17 11:30:00+00:00,2920.0,2922.0,2919.0,2921.0,11.3629
2025-02-17 12:00:00+00:00,2922.0,2923.0,2920.0,2920.0,16.5757
2025-02-17 12:30:00+00:00,2920.0,2923.0,2920.0,2922.0,12.2213
2025-02-17 13:00:00+00:00,2923.0,2924.0,2919.0,2919.0,20.9237
2025-02-17 13:30:00+00:00,2919.0,2921.0,2917.0,2920.0,28.1747
2025-02-17 14:00:00+00:00,2920.0,2923.0,2919.0,2920.0,30.6354
2025-02-17 14:30:00+00:00,2919.0,2921.0,2918.0,2920.0,12.8108
2025-02-17 15:00:00+00:00,2919.0,2927.0,2915.0,2916.0,50.1299
2025-02-17 15:30:00+00:00,2915.0,2917.0,2915.0,2916.0,9.8765
2025-02-17 16:00:00+00:00,2916.0,2917.0,2914.0,2916.0,15.011
2025-02-17 16:30:00+00:00,2915.0,2928.0,2914.0,2922.0,108.12
2025-02-17 17:00:00+00:00,2923.0,2927.0,2919.0,2921.0,31.1794
2025-02-17 17:30:00+00:00,2920.0,2921.0,2917.0,2920.0,10.0669
2025-02-17 18:00:00+00:00,2921.0,2922.0,2919.0,2919.0,14.3089
2025-02-17 18:30:00+00:00,2919.0,2920.0,2910.0,2917.0,46.6879
2025-02-17 19:00:00+00:00,2917.0,2917.0,2914.0,2915.0,7.7086
2025-02-17 19:30:00+00:00,2915.0,2917.0,2914.0,2916.0,5.9417
2025-02-17 20:00:00+00:00,2916.0,2917.0,2916.0,2916.0,5.6251
2025-02-17 20:30:00+00:00,2916.0,2919.0,2916.0,2917.0,13.6754
2025-02-17 21:00:00+00:00,2917.0,2918.0,2910.0,2911.0,35.0834
2025-02-17 21:30:00+00:00,2912.0,2916.0,2909.0,2912.0,45.9557
2025-02-17 22:00:00+00:00,2913.0,2913.0,2909.0,2910.0,18.1197
2025-02-17 22:30:00+00:00,2910.0,2913.0,2909.0,2910.0,22.0618
2025-02-17 23:00:00+00:00,2911.0,2916.0,2910.0,2914.0,19.7298
2025-02-17 23:30:00+00:00,2914.0,2916.0,2913.0,2913.0,4.9835
2025-02-18 00:00:00+00:00,2914.0,2916.0,2910.0,2910.0,13.0436
2025-02-18 00:30:00+00:00,2911.0,2914.0,2910.0,2912.0,4.7973
2025-02-18 01:00:00+00:00,2911.0,2913.0,2911.0,2912.0,2.5312
2025-02-18 01:30:00+00:00,2913.0,2914.0,2911.0,2913.0,3.0926
2025-02-18 02:00:00+00:00,2914.0,2914.0,2910.0,2911.0,8.5635
2025-02-18 02:30:00+00:00,2912.0,2916.0,2911.0,2915.0,7.8551
2025-02-18 03:00:00+00:00,2915.0,2922.0,2913.0,2920.0,23.5815
2025-02-18 03:30:00+00:00,2922.0,2924.0,2920.0,2921.0,17.348
2025-02-18 04:00:00+00:00,2922.0,2924.0,2918.0,2919.0,15.6995
2025-02-18 04:30:00+00:00,2920.0,2934.0,2917.0,2923.0,61.3224
2025-02-18 05:00:00+00:00,2924.0,2929.0,2924.0,2928.0,13.1492
2025-02-18 05:30:00+00:00,2928.0,2944.0,2926.0,2932.0,61.2959
2025-02-18 06:00:00+00:00,2932.0,2932.0,2923.0,2928.0,29.7554
2025-02-18 06:30:00+00:00,2927.0,2929.0,2924.0,2927.0,13.3456
2025-02-18 07:00:00+00:00,2928.0,2933.0,2925.0,2932.0,22.1639
2025-02-18 07:30:00+00:00,2932.0,2932.0,2928.0,2931.0,18.7461
2025-02-18 08:00:00+00:00,2931.0,2931.0,2921.0,2924.0,33.6804
2025-02-18 08:30:00+00:00,2923.0,2926.0,2922.0,2926.0,13.3581
2025-02-18 09:00:00+00:00,2926.0,2930.0,2923.0,2930.0,16.7914
2025-02-18 09:30:00+00:00,2928.0,2930.0,2921.0,2926.0,53.0444
2025-02-18 10:00:00+00:00,2926.0,2927.0,2922.0,2924.0,11.3032
2025-02-18 10:30:00+00:00,2924.0,2934.0,2924.0,2930.0,38.9122
2025-02-18 11:00:00+00:00,2931.0,2932.0,2930.0,2930.0,7.9602
2025-02-18 11:30:00+00:00,2932.0,2934.0,2929.0,2931.0,51.9071
2025-02-18 12:00:00+00:00,2929.0,2933.0,2929.0,2932.0,10.2831
2025-02-18 12:30:00+00:00,2930.0,2933.0,2929.0,2932.0,20.4037
2025-02-18 13:00:00+00:00,2932.0,2933.0,2930.0,2932.0,14.1146
2025-02-18 13:30:00+00:00,2931.0,2945.0,2931.0,2938.0,77.9525
2025-02-18 14:00:00+00:00,2938.0,2938.0,2936.0,2937.0,6.2322
2025-02-18 14:30:00+00:00,2938.0,2940.0,2936.0,2940.0,69.8338
2025-02-18 15:00:00+00:00,2939.0,2942.0,2937.0,2940.0,40.2162
2025-02-18 15:30:00+00:00,2941.0,2942.0,2939.0,2942.0,29.3886
2025-02-18 16:00:00+00:00,2942.0,2944.0,2939.0,2939.0,31.4541
2025-02-18 16:30:00+00:00,2941.0,2945.0,2938.0,2943.0,124.585
2025-02-18 17:00:00+00:00,2943.0,2949.0,2935.0,2941.0,70.5321
2025-02-18 17:30:00+00:00,2942.0,2943.0,2940.0,2942.0,40.9028
2025-02-18 18:00:00+00:00,2942.0,2944.0,2940.0,2941.0,39.5261
2025-02-18 18:30:00+00:00,2941.0,2943.0,2939.0,2943.0,47.1827
2025-02-18 19:00:00+00:00,2943.0,2943.0,2939.0,2940.0,36.2298
2025-02-18 19:30:00+00:00,2942.0,2943.0,2938.0,2943.0,28.1664
2025-02-18 20:00:00+00:00,2942.0,2943.0,2940.0,2941.0,8.0759
2025-02-18 20:30:00+00:00,2941.0,2942.0,2937.0,2940.0,22.3614
2025-02-18 21:00:00+00:00,2940.0,2945.0,2940.0,2945.0,16.5625
2025-02-18 21:30:00+00:00,2944.0,2946.0,2943.0,2945.0,9.6921
2025-02-18 22:00:00+00:00,2945.0,2957.0,2944.0,2957.0,74.6623
2025-02-18 22:30:00+00:00,2957.0,2960.0,2956.0,2957.0,42.7336
2025-02-18 23:00:00+00:00,2957.0,2957.0,2949.0,2951.0,58.1566
2025-02-18 23:30:00+00:00,2950.0,2951.0,2947.0,2948.0,20.1027
2025-02-19 00:00:00+00:00,2948.0,2951.0,2945.0,2949.0,11.4815
2025-02-19 00:30:00+00:00,2949.0,2951.0,2946.0,2949.0,80.3811
2025-02-19 01:00:00+00:00,2950.0,2952.0,2944.0,2945.0,22.7014
2025-02-19 01:30:00+00:00,2945.0,2952.0,2944.0,2951.0,12.2447
2025-02-19 02:00:00+00:00,2952.0,2956.0,2951.0,2956.0,8.0818
2025-02-19 02:30:00+00:00,2955.0,2955.0,2945.0,2947.0,114.2622
2025-02-19 03:00:00+00:00,2947.0,2948.0,2942.0,2945.0,26.0937
2025-02-19 03:30:00+00:00,2944.0,2947.0,2944.0,2947.0,35.4081
2025-02-19 04:00:00+00:00,2947.0,2948.0,2946.0,2948.0,26.9285
2025-02-19 04:30:00+00:00,2947.0,2949.0,2945.0,2949.0,38.71
2025-02-19 05:00:00+00:00,2949.0,2949.0,2948.0,2948.0,9.5731
2025-02-19 05:30:00+00:00,2948.0,2949.0,2948.0,2949.0,15.3984
2025-02-19 06:00:00+00:00,2949.0,2949.0,2948.0,2949.0,6.2132
2025-02-19 06:30:00+00:00,2948.0,2951.0,2948.0,2950.0,20.6729
2025-02-19 07:00:00+00:00,2950.0,2950.0,2944.0,2948.0,71.6257
2025-02-19 07:30:00+00:00,2947.0,2949.0,2946.0,2949.0,13.5685
2025-02-19 08:00:00+00:00,2949.0,2950.0,2948.0,2950.0,47.8453
2025-02-19 08:30:00+00:00,2950.0,2953.0,2949.0,2953.0,32.3525
2025-02-19 09:00:00+00:00,2953.0,2959.0,2951.0,2957.0,45.038
2025-02-19 09:30:00+00:00,2957.0,2960.0,2957.0,2958.0,36.4673
2025-02-19 10:00:00+00:00,2959.0,2960.0,2954.0,2957.0,16.7239
2025-02-19 10:30:00+00:00,2955.0,2958.0,2954.0,2956.0,25.9759
2025-02-19 11:00:00+00:00,2957.0,2959.0,2955.0,2958.0,11.3922
2025-02-19 11:30:00+00:00,2958.0,2960.0,2952.0,2952.0,86.8826
2025-02-19 12:00:00+00:00,2953.0,2954.0,2948.0,2952.0,44.3687
2025-02-19 12:30:00+00:00,2952.0,2985.0,2950.0,2951.0,150.2617
2025-02-19 13:00:00+00:00,2951.0,2959.0,2949.0,2956.0,52.9176
2025-02-19 13:30:00+00:00,2955.0,2956.0,2952.0,2952.0,19.9103
2025-02-19 14:00:00+00:00,2953.0,2953.0,2948.0,2949.0,24.2861
2025-02-19 14:30:00+00:00,2949.0,2953.0,2946.0,2951.0,67.0018
2025-02-19 15:00:00+00:00,2953.0,2954.0,2947.0,2954.0,45.343
2025-02-19 15:30:00+00:00,2954.0,2956.0,2946.0,2947.0,51.7934
2025-02-19 16:00:00+00:00,2946.0,2948.0,2942.0,2943.0,61.36
2025-02-19 16:30:00+00:00,2945.0,2946.0,2942.0,2946.0,8.8401
2025-02-19 17:00:00+00:00,2946.0,2948.0,2945.0,2947.0,28.4981
2025-02-19 17:30:00+00:00,2947.0,2947.0,2927.0,2933.0,302.8514
2025-02-19 18:00:00+00:00,2933.0,2936.0,2932.0,2936.0,28.397
2025-02-19 18:30:00+00:00,2936.0,2937.0,2934.0,2937.0,6.425
2025-02-19 19:00:00+00:00,2935.0,2942.0,2935.0,2940.0,27.5972
2025-02-19 19:30:00+00:00,2940.0,2944.0,2939.0,2944.0,17.4129
2025-02-19 20:00:00+00:00,2942.0,2944.0,2940.0,2944.0,21.2466
2025-02-19 20:30:00+00:00,2944.0,2945.0,2942.0,2944.0,13.4108
2025-02-19 21:00:00+00:00,2944.0,2946.0,2943.0,2945.0,11.1931
2025-02-19 21:30:00+00:00,2946.0,2946.0,2941.0,2941.0,7.5727
2025-02-19 22:00:00+00:00,2941.0,2945.0,2935.0,2943.0,23.682
2025-02-19 22:30:00+00:00,2944.0,2946.0,2941.0,2946.0,13.7389
2025-02-19 23:00:00+00:00,2946.0,2948.0,2944.0,2948.0,20.5397
2025-02-19 23:30:00+00:00,2946.0,2949.0,2946.0,2947.0,9.5373
2025-02-20 00:00:00+00:00,2947.0,2949.0,2947.0,2947.0,11.2544
2025-02-20 00:30:00+00:00,2948.0,2949.0,2947.0,2948.0,27.1563
2025-02-20 01:00:00+00:00,2948.0,2951.0,2948.0,2949.0,15.3717
2025-02-20 01:30:00+00:00,2949.0,2951.0,2944.0,2950.0,16.9526
2025-02-20 02:00:00+00:00,2950.0,2951.0,2947.0,2950.0,12.7615
2025-02-20 02:30:00+00:00,2950.0,2952.0,2949.0,2949.0,20.9389
2025-02-20 03:00:00+00:00,2950.0,2959.0,2948.0,2956.0,74.8644
2025-02-20 03:30:00+00:00,2957.0,2957.0,2951.0,2954.0,12.8748
2025-02-20 04:00:00+00:00,2952.0,2956.0,2949.0,2956.0,45.9013
2025-02-20 04:30:00+00:00,2955.0,2955.0,2952.0,2952.0,32.9258
2025-02-20 05:00:00+00:00,2953.0,2953.0,2945.0,2947.0,46.4071
2025-02-20 05:30:00+00:00,2948.0,2951.0,2946.0,2951.0,45.1689
2025-02-20 06:00:00+00:00,2949.0,2951.0,2948.0,2951.0,41.9211
2025-02-20 06:30:00+00:00,2951.0,2954.0,2950.0,2952.0,10.7366
2025-02-20 07:00:00+00:00,2954.0,2955.0,2951.0,2954.0,14.9644
2025-02-20 07:30:00+00:00,2954.0,2959.0,2951.0,2955.0,48.9994
2025-02-20 08:00:00+00:00,2955.0,2960.0,2955.0,2959.0,34.804
2025-02-20 08:30:00+00:00,2959.0,2961.0,2958.0,2959.0,12.9608
2025-02-20 09:00:00+00:00,2960.0,2962.0,2958.0,2961.0,29.254
2025-02-20 09:30:00+00:00,2961.0,2962.0,2958.0,2960.0,29.9419
2025-02-20 10:00:00+00:00,2960.0,2962.0,2958.0,2961.0,10.0165
2025-02-20 10:30:00+00:00,2962.0,2965.0,2960.0,2965.0,20.5035
2025-02-20 11:00:00+00:00,2965.0,2965.0,2962.0,2964.0,67.7487
2025-02-20 11:30:00+00:00,2964.0,2964.0,2961.0,2961.0,12.7073
2025-02-20 12:00:00+00:00,2961.0,2965.0,2955.0,2958.0,83.0101
2025-02-20 12:30:00+00:00,2958.0,2960.0,2956.0,2958.0,27.101
2025-02-20 13:00:00+00:00,2959.0,2961.0,2954.0,2959.0,23.1799
2025-02-20 13:30:00+00:00,2960.0,2962.0,2948.0,2950.0,40.9239
2025-02-20 14:00:00+00:00,2949.0,2950.0,2942.0,2946.0,151.4181
2025-02-20 14:30:00+00:00,2945.0,2961.0,2945.0,2954.0,177.241
2025-02-20 15:00:00+00:00,2953.0,2954.0,2949.0,2952.0,29.3157
2025-02-20 15:30:00+00:00,2951.0,2955.0,2950.0,2954.0,16.4353
2025-02-20 16:00:00+00:00,2954.0,2955.0,2952.0,2954.0,49.9578
2025-02-20 16:30:00+00:00,2955.0,2956.0,2954.0,2956.0,24.4554
2025-02-20 17:00:00+00:00,2956.0,2957.0,2956.0,2956.0,6.9798
2025-02-20 17:30:00+00:00,2956.0,2957.0,2956.0,2956.0,11.0958
2025-02-20 18:00:00+00:00,2957.0,2958.0,2953.0,2957.0,62.4077
2025-02-20 18:30:00+00:00,2957.0,2960.0,2954.0,2960.0,65.4902
2025-02-20 19:00:00+00:00,2960.0,2961.0,2954.0,2958.0,98.324
2025-02-20 19:30:00+00:00,2959.0,2959.0,2953.0,2956.0,31.0227
2025-02-20 20:00:00+00:00,2956.0,2957.0,2931.0,2942.0,295.1574
2025-02-20 20:30:00+00:00,2942.0,2949.0,2940.0,2947.0,38.2654
2025-02-20 21:00:00+00:00,2946.0,2950.0,2942.0,2948.0,23.5592
2025-02-20 21:30:00+00:00,2946.0,2950.0,2946.0,2950.0,14.702
2025-02-20 22:00:00+00:00,2948.0,2951.0,2944.0,2951.0,19.1497
2025-02-20 22:30:00+00:00,2950.0,2957.0,2946.0,2947.0,29.4876
2025-02-20 23:00:00+00:00,2948.0,2948.0,2943.0,2948.0,10.8813
2025-02-20 23:30:00+00:00,2947.0,2955.0,2947.0,2953.0,40.0333
2025-02-21 00:00:00+00:00,2953.0,2954.0,2951.0,2952.0,4.3918
2025-02-21 00:30:00+00:00,2953.0,2953.0,2950.0,2952.0,4.5742
2025-02-21 01:00:00+00:00,2952.0,2955.0,2950.0,2953.0,18.4624
2025-02-21 01:30:00+00:00,2952.0,2955.0,2941.0,2943.0,39.3299
2025-02-21 02:00:00+00:00,2943.0,2953.0,2943.0,2951.0,24.4682
2025-02-21 02:30:00+00:00,2950.0,2951.0,2945.0,2950.0,6.4782
2025-02-21 03:00:00+00:00,2948.0,2950.0,2946.0,2947.0,6.6155
2025-02-21 03:30:00+00:00,2947.0,2948.0,2945.0,2947.0,4.8537
2025-02-21 04:00:00+00:00,2947.0,2947.0,2945.0,2947.0,10.7396
2025-02-21 04:30:00+00:00,2947.0,2951.0,2943.0,2947.0,32.7697
2025-02-21 05:00:00+00:00,2947.0,2948.0,2944.0,2946.0,8.2593
2025-02-21 05:30:00+00:00,2945.0,2948.0,2943.0,2947.0,11.1101
2025-02-21 06:00:00+00:00,2947.0,2947.0,2944.0,2946.0,4.2024
2025-02-21 06:30:00+00:00,2946.0,2951.0,2944.0,2948.0,43.5823
2025-02-21 07:00:00+00:00,2948.0,2948.0,2945.0,2947.0,2.9993
2025-02-21 07:30:00+00:00,2947.0,2947.0,2945.0,2947.0,4.3839
2025-02-21 08:00:00+00:00,2947.0,2947.0,2937.0,2937.0,67.5318
2025-02-21 08:30:00+00:00,2937.0,2942.0,2937.0,2940.0,8.9683
2025-02-21 09:00:00+00:00,2940.0,2944.0,2939.0,2940.0,71.3513
2025-02-21 09:30:00+00:00,2939.0,2946.0,2939.0,2943.0,59.7738
2025-02-21 10:00:00+00:00,2943.0,2947.0,2942.0,2945.0,24.1176
2025-02-21 10:30:00+00:00,2945.0,2947.0,2945.0,2947.0,7.6104
2025-02-21 11:00:00+00:00,2947.0,2948.0,2944.0,2948.0,47.1015
2025-02-21 11:30:00+00:00,2948.0,2949.0,2946.0,2946.0,3.8172
2025-02-21 12:00:00+00:00,2947.0,2947.0,2941.0,2944.0,24.5116
2025-02-21 12:30:00+00:00,2944.0,2948.0,2943.0,2944.0,29.2623
2025-02-21 13:00:00+00:00,2946.0,2949.0,2942.0,2945.0,45.8045
2025-02-21 13:30:00+00:00,2945.0,2947.0,2941.0,2943.0,45.4599
2025-02-21 14:00:00+00:00,2943.0,2948.0,2943.0,2946.0,17.2349
2025-02-21 14:30:00+00:00,2947.0,2950.0,2942.0,2949.0,19.6324
2025-02-21 15:00:00+00:00,2949.0,2950.0,2937.0,2938.0,32.0314
2025-02-21 15:30:00+00:00,2938.0,2942.0,2935.0,2938.0,107.0996
2025-02-21 16:00:00+00:00,2939.0,2945.0,2938.0,2944.0,47.1045
2025-02-21 16:30:00+00:00,2944.0,2949.0,2940.0,2948.0,80.354
2025-02-21 17:00:00+00:00,2949.0,2957.0,2948.0,2954.0,122.4861
2025-02-21 17:30:00+00:00,2953.0,2955.0,2950.0,2954.0,48.8777
2025-02-21 18:00:00+00:00,2954.0,2956.0,2951.0,2955.0,48.9034
2025-02-21 18:30:00+00:00,2955.0,2957.0,2953.0,2953.0,38.3845
2025-02-21 19:00:00+00:00,2954.0,2957.0,2950.0,2952.0,54.5758
2025-02-21 19:30:00+00:00,2950.0,2955.0,2946.0,2947.0,73.7242
2025-02-21 20:00:00+00:00,2947.0,2953.0,2947.0,2948.0,57.4534
2025-02-21 20:30:00+00:00,2948.0,2952.0,2946.0,2949.0,35.8111
2025-02-21 21:00:00+00:00,2949.0,2950.0,2942.0,2945.0,57.8979
2025-02-21 21:30:00+00:00,2943.0,2949.0,2943.0,2946.0,25.8808
2025-02-21 22:00:00+00:00,2948.0,2948.0,2943.0,2948.0,7.2684
2025-02-21 22:30:00+00:00,2948.0,2948.0,2943.0,2948.0,5.6371
2025-02-21 23:00:00+00:00,2948.0,2948.0,2943.0,2947.0,5.9689
2025-02-21 23:30:00+00:00,2947.0,2953.0,2945.0,2950.0,10.4706
2025-02-22 00:00:00+00:00,2950.0,2958.0,2947.0,2952.0,26.6037
2025-02-22 00:30:00+00:00,2952.0,2952.0,2937.0,2946.0,85.6027
2025-02-22 01:00:00+00:00,2947.0,2949.0,2945.0,2947.0,2.6172
2025-02-22 01:30:00+00:00,2945.0,2947.0,2940.0,2941.0,48.03
2025-02-22 02:00:00+00:00,2941.0,2942.0,2939.0,2940.0,18.5982
2025-02-22 02:30:00+00:00,2941.0,2943.0,2940.0,2943.0,1.5652
2025-02-22 03:00:00+00:00,2943.0,2947.0,2942.0,2947.0,9.3136
2025-02-22 03:30:00+00:00,2947.0,2947.0,2943.0,2943.0,12.093
2025-02-22 04:00:00+00:00,2943.0,2944.0,2941.0,2943.0,9.5144
2025-02-22 04:30:00+00:00,2943.0,2945.0,2943.0,2945.0,3.1353
2025-02-22 05:00:00+00:00,2945.0,2945.0,2943.0,2945.0,2.4534
2025-02-22 05:30:00+00:00,2945.0,2947.0,2941.0,2943.0,16.6729
2025-02-22 06:00:00+00:00,2943.0,2947.0,2942.0,2946.0,8.0586
2025-02-22 06:30:00+00:00,2946.0,2947.0,2938.0,2940.0,25.5171
2025-02-22 07:00:00+00:00,2940.0,2948.0,2934.0,2948.0,59.1569
2025-02-22 07:30:00+00:00,2946.0,2947.0,2944.0,2944.0,5.6131
2025-02-22 08:00:00+00:00,2946.0,2949.0,2943.0,2947.0,12.0974
2025-02-22 08:30:00+00:00,2947.0,2949.0,2946.0,2947.0,10.1673
2025-02-22 09:00:00+00:00,2947.0,2953.0,2947.0,2949.0,23.5315
2025-02-22 09:30:00+00:00,2949.0,2951.0,2947.0,2951.0,10.8367
2025-02-22 10:00:00+00:00,2951.0,2954.0,2949.0,2952.0,18.8088
2025-02-22 10:30:00+00:00,2950.0,2952.0,2948.0,2950.0,4.8362
2025-02-22 11:00:00+00:00,2950.0,2951.0,2946.0,2948.0,16.6266
2025-02-22 11:30:00+00:00,2948.0,2952.0,2947.0,2951.0,5.0449
2025-02-22 12:00:00+00:00,2951.0,2953.0,2948.0,2951.0,13.7858
2025-02-22 12:30:00+00:00,2950.0,2952.0,2950.0,2952.0,3.4464
2025-02-22 13:00:00+00:00,2951.0,2952.0,2948.0,2949.0,10.1591
2025-02-22 13:30:00+00:00,2948.0,2951.0,2948.0,2951.0,13.0965
2025-02-22 14:00:00+00:00,2950.0,2951.0,2949.0,2951.0,19.3893
2025-02-22 14:30:00+00:00,2950.0,2952.0,2948.0,2950.0,18.298
2025-02-22 15:00:00+00:00,2950.0,2951.0,2948.0,2949.0,2.0706
2025-02-22 15:30:00+00:00,2951.0,2952.0,2949.0,2952.0,15.4847
2025-02-22 16:00:00+00:00,2951.0,2955.0,2950.0,2955.0,24.8793
2025-02-22 16:30:00+00:00,2954.0,2955.0,2950.0,2951.0,5.7007
2025-02-22 17:00:00+00:00,2951.0,2955.0,2950.0,2954.0,8.3254
2025-02-22 17:30:00+00:00,2952.0,2955.0,2952.0,2952.0,4.981
2025-02-22 18:00:00+00:00,2952.0,2955.0,2950.0,2952.0,9.2137
2025-02-22 18:30:00+00:00,2951.0,2952.0,2950.0,2951.0,1.9546
2025-02-22 19:00:00+00:00,2951.0,2951.0,2950.0,2951.0,2.036
2025-02-22 19:30:00+00:00,2951.0,2952.0,2950.0,2951.0,8.6652
2025-02-22 20:00:00+00:00,2951.0,2951.0,2948.0,2951.0,12.9585
2025-02-22 20:30:00+00:00,2951.0,2952.0,2949.0,2950.0,4.961
2025-02-22 21:00:00+00:00,2949.0,2953.0,2949.0,2953.0,2.2821
2025-02-22 21:30:00+00:00,2952.0,2954.0,2952.0,2954.0,11.1488
2025-02-22 22:00:00+00:00,2954.0,2955.0,2953.0,2955.0,5.0488
2025-02-22 22:30:00+00:00,2955.0,2956.0,2954.0,2954.0,2.523
2025-02-22 23:00:00+00:00,2955.0,2956.0,2953.0,2954.0,2.3992
2025-02-22 23:30:00+00:00,2954.0,2956.0,2954.0,2955.0,6.1532
2025-02-23 00:00:00+00:00,2954.0,2956.0,2954.0,2955.0,4.2753
2025-02-23 00:30:00+00:00,2955.0,2956.0,2953.0,2953.0,18.936
2025-02-23 01:00:00+00:00,2954.0,2955.0,2953.0,2955.0,10.5967
2025-02-23 01:30:00+00:00,2954.0,2955.0,2953.0,2954.0,2.8677
2025-02-23 02:00:00+00:00,2954.0,2955.0,2953.0,2954.0,13.4624
2025-02-23 02:30:00+00:00,2953.0,2954.0,2952.0,2953.0,2.7875
2025-02-23 03:00:00+00:00,2954.0,2954.0,2953.0,2953.0,0.7604
2025-02-23 03:30:00+00:00,2954.0,2954.0,2952.0,2953.0,2.9499
2025-02-23 04:00:00+00:00,2953.0,2955.0,2952.0,2955.0,7.5636
2025-02-23 04:30:00+00:00,2954.0,2956.0,2953.0,2954.0,8.1012
2025-02-23 05:00:00+00:00,2954.0,2955.0,2944.0,2945.0,94.0603
2025-02-23 05:30:00+00:00,2946.0,2952.0,2944.0,2948.0,76.8692
2025-02-23 06:00:00+00:00,2948.0,2951.0,2944.0,2951.0,23.9703
2025-02-23 06:30:00+00:00,2951.0,2952.0,2950.0,2950.0,2.1499
2025-02-23 07:00:00+00:00,2951.0,2957.0,2950.0,2954.0,51.7445
2025-02-23 07:30:00+00:00,2953.0,2969.0,2953.0,2963.0,278.9636
2025-02-23 08:00:00+00:00,2963.0,2965.0,2961.0,2962.0,20.4968
2025-02-23 08:30:00+00:00,2962.0,2963.0,2961.0,2961.0,4.4298
2025-02-23 09:00:00+00:00,2962.0,2962.0,2960.0,2962.0,16.3912
2025-02-23 09:30:00+00:00,2962.0,2963.0,2960.0,2963.0,10.4877
2025-02-23 10:00:00+00:00,2963.0,2967.0,2962.0,2962.0,60.0516
2025-02-23 10:30:00+00:00,2963.0,2970.0,2961.0,2965.0,74.3506
2025-02-23 11:00:00+00:00,2965.0,2965.0,2962.0,2962.0,5.4329
2025-02-23 11:30:00+00:00,2963.0,2964.0,2962.0,2964.0,4.7644
2025-02-23 12:00:00+00:00,2964.0,2964.0,2962.0,2963.0,8.8402
2025-02-23 12:30:00+00:00,2962.0,2969.0,2962.0,2966.0,54.0813
2025-02-23 13:00:00+00:00,2965.0,2967.0,2964.0,2965.0,13.5127
2025-02-23 13:30:00+00:00,2965.0,2968.0,2963.0,2967.0,20.3644
2025-02-23 14:00:00+00:00,2967.0,2968.0,2962.0,2964.0,15.5533
2025-02-23 14:30:00+00:00,2965.0,2965.0,2962.0,2963.0,12.8611
2025-02-23 15:00:00+00:00,2962.0,2965.0,2962.0,2962.0,6.9976
2025-02-23 15:30:00+00:00,2962.0,2965.0,2962.0,2964.0,6.2352
2025-02-23 16:00:00+00:00,2963.0,2968.0,2963.0,2967.0,43.2905
2025-02-23 16:30:00+00:00,2967.0,2967.0,2961.0,2961.0,37.4804
2025-02-23 17:00:00+00:00,2962.0,2965.0,2961.0,2965.0,5.5888
2025-02-23 17:30:00+00:00,2964.0,2968.0,2962.0,2963.0,49.727
2025-02-23 18:00:00+00:00,2963.0,2966.0,2962.0,2964.0,14.4432
2025-02-23 18:30:00+00:00,2964.0,2964.0,2961.0,2964.0,21.2721
2025-02-23 19:00:00+00:00,2963.0,2964.0,2963.0,2964.0,3.1327
2025-02-23 19:30:00+00:00,2963.0,2965.0,2961.0,2962.0,17.8749
2025-02-23 20:00:00+00:00,2962.0,2964.0,2960.0,2962.0,11.0816
2025-02-23 20:30:00+00:00,2961.0,2962.0,2960.0,2962.0,2.6886
2025-02-23 21:00:00+00:00,2961.0,2963.0,2961.0,2963.0,4.3394
2025-02-23 21:30:00+00:00,2962.0,2963.0,2960.0,2961.0,11.2076
2025-02-23 22:00:00+00:00,2962.0,2962.0,2961.0,2962.0,3.596
2025-02-23 22:30:00+00:00,2962.0,2963.0,2960.0,2962.0,24.3131
2025-02-23 23:00:00+00:00,2961.0,2963.0,2960.0,2963.0,52.0713
2025-02-23 23:30:00+00:00,2962.0,2964.0,2960.0,2963.0,17.8358
2025-02-24 00:00:00+00:00,2963.0,2967.0,2960.0,2962.0,33.36
2025-02-24 00:30:00+00:00,2965.0,2965.0,2961.0,2962.0,8.6663
2025-02-24 01:00:00+00:00,2961.0,2961.0,2953.0,2953.0,23.9549
2025-02-24 01:30:00+00:00,2953.0,2959.0,2952.0,2953.0,32.936
2025-02-24 02:00:00+00:00,2953.0,2966.0,2953.0,2961.0,69.5634
2025-02-24 02:30:00+00:00,2961.0,2964.0,2958.0,2959.0,21.085
2025-02-24 03:00:00+00:00,2960.0,2965.0,2959.0,2961.0,30.6076
2025-02-24 03:30:00+00:00,2961.0,2965.0,2960.0,2961.0,34.9983
2025-02-24 04:00:00+00:00,2961.0,2964.0,2953.0,2960.0,55.2147
2025-02-24 04:30:00+00:00,2960.0,2964.0,2956.0,2962.0,49.3157
2025-02-24 05:00:00+00:00,2962.0,2963.0,2957.0,2961.0,16.3541
2025-02-24 05:30:00+00:00,2961.0,2963.0,2957.0,2959.0,38.4373
2025-02-24 06:00:00+00:00,2957.0,2958.0,2956.0,2958.0,30.4879
2025-02-24 06:30:00+00:00,2956.0,2960.0,2956.0,2958.0,27.4354
2025-02-24 07:00:00+00:00,2959.0,2961.0,2958.0,2961.0,12.0902
2025-02-24 07:30:00+00:00,2960.0,2963.0,2960.0,2961.0,15.2989
2025-02-24 08:00:00+00:00,2961.0,2963.0,2956.0,2956.0,16.6951
2025-02-24 08:30:00+00:00,2956.0,2965.0,2956.0,2963.0,41.7637
2025-02-24 09:00:00+00:00,2963.0,2965.0,2963.0,2965.0,9.2499
2025-02-24 09:30:00+00:00,2964.0,2966.0,2963.0,2965.0,11.7771
2025-02-24 10:00:00+00:00,2965.0,2965.0,2959.0,2961.0,19.5676
2025-02-24 10:30:00+00:00,2962.0,2962.0,2955.0,2957.0,47.2986
2025-02-24 11:00:00+00:00,2956.0,2961.0,2955.0,2961.0,13.4893
2025-02-24 11:30:00+00:00,2960.0,2963.0,2960.0,2962.0,5.3467
2025-02-24 12:00:00+00:00,2962.0,2966.0,2960.0,2961.0,19.6584
2025-02-24 12:30:00+00:00,2961.0,2968.0,2961.0,2963.0,49.1561
2025-02-24 13:00:00+00:00,2962.0,2969.0,2962.0,2966.0,18.8554
2025-02-24 13:30:00+00:00,2967.0,2971.0,2966.0,2970.0,69.0521
2025-02-24 14:00:00+00:00,2971.0,2972.0,2963.0,2963.0,88.4681
2025-02-24 14:30:00+00:00,2965.0,2966.0,2957.0,2958.0,55.3004
2025-02-24 15:00:00+00:00,2957.0,2967.0,2951.0,2963.0,227.8667
2025-02-24 15:30:00+00:00,2962.0,2967.0,2959.0,2959.0,50.1055
2025-02-24 16:00:00+00:00,2959.0,2991.0,2958.0,2976.0,286.7159
2025-02-24 16:30:00+00:00,2976.0,2977.0,2959.0,2967.0,116.592
2025-02-24 17:00:00+00:00,2967.0,2969.0,2960.0,2963.0,86.117
2025-02-24 17:30:00+00:00,2963.0,2966.0,2961.0,2963.0,19.4394
2025-02-24 18:00:00+00:00,2964.0,2966.0,2962.0,2964.0,20.9134
2025-02-24 18:30:00+00:00,2963.0,2966.0,2962.0,2962.0,12.8306
2025-02-24 19:00:00+00:00,2963.0,2971.0,2962.0,2968.0,61.5964
2025-02-24 19:30:00+00:00,2966.0,2972.0,2964.0,2967.0,26.7379
2025-02-24 20:00:00+00:00,2965.0,2973.0,2965.0,2967.0,42.7654
2025-02-24 20:30:00+00:00,2967.0,2969.0,2965.0,2968.0,33.1764
2025-02-24 21:00:00+00:00,2968.0,2969.0,2967.0,2969.0,9.4802
2025-02-24 21:30:00+00:00,2968.0,2973.0,2968.0,2970.0,16.8735
2025-02-24 22:00:00+00:00,2970.0,2971.0,2961.0,2967.0,87.1774
2025-02-24 22:30:00+00:00,2967.0,2971.0,2966.0,2971.0,75.994
2025-02-24 23:00:00+00:00,2969.0,2980.0,2967.0,2979.0,191.149
2025-02-24 23:30:00+00:00,2979.0,2989.0,2976.0,2988.0,127.6453
2025-02-25 00:00:00+00:00,2988.0,2997.0,2978.0,2988.0,158.4561
2025-02-25 00:30:00+00:00,2987.0,2997.0,2986.0,2991.0,58.6003
2025-02-25 01:00:00+00:00,2992.0,3000.0,2984.0,2986.0,89.127
2025-02-25 01:30:00+00:00,2986.0,2988.0,2983.0,2985.0,35.5414
2025-02-25 02:00:00+00:00,2985.0,2989.0,2980.0,2989.0,16.208
2025-02-25 02:30:00+00:00,2988.0,2992.0,2981.0,2988.0,39.008
2025-02-25 03:00:00+00:00,2988.0,2988.0,2987.0,2988.0,24.8422
2025-02-25 03:30:00+00:00,2988.0,2990.0,2984.0,2984.0,47.7272
2025-02-25 04:00:00+00:00,2984.0,2984.0,2966.0,2971.0,100.308
2025-02-25 04:30:00+00:00,2972.0,2975.0,2967.0,2972.0,20.7281
2025-02-25 05:00:00+00:00,2972.0,2972.0,2968.0,2970.0,43.0216
2025-02-25 05:30:00+00:00,2970.0,2971.0,2965.0,2965.0,28.0586
2025-02-25 06:00:00+00:00,2966.0,2968.0,2963.0,2963.0,41.5323
2025-02-25 06:30:00+00:00,2964.0,2967.0,2963.0,2964.0,51.9431
2025-02-25 07:00:00+00:00,2965.0,2975.0,2961.0,2965.0,138.375
2025-02-25 07:30:00+00:00,2965.0,2971.0,2962.0,2962.0,161.6277
2025-02-25 08:00:00+00:00,2964.0,2970.0,2960.0,2965.0,104.3513
2025-02-25 08:30:00+00:00,2966.0,2976.0,2966.0,2973.0,53.3629
2025-02-25 09:00:00+00:00,2973.0,2974.0,2965.0,2966.0,47.9914
2025-02-25 09:30:00+00:00,2965.0,2974.0,2963.0,2969.0,86.2773
2025-02-25 10:00:00+00:00,2969.0,2975.0,2964.0,2969.0,114.6667
2025-02-25 10:30:00+00:00,2969.0,2979.0,2967.0,2976.0,51.4971
2025-02-25 11:00:00+00:00,2977.0,2980.0,2974.0,2979.0,92.2041
2025-02-25 11:30:00+00:00,2979.0,2981.0,2972.0,2972.0,126.911
2025-02-25 12:00:00+00:00,2972.0,2979.0,2969.0,2969.0,71.2156
2025-02-25 12:30:00+00:00,2970.0,2971.0,2960.0,2968.0,154.142
2025-02-25 13:00:00+00:00,2967.0,2971.0,2964.0,2969.0,32.4537
2025-02-25 13:30:00+00:00,2969.0,2972.0,2968.0,2970.0,18.3083
2025-02-25 14:00:00+00:00,2970.0,2971.0,2965.0,2965.0,38.8758
2025-02-25 14:30:00+00:00,2967.0,2970.0,2958.0,2960.0,100.9148
2025-02-25 15:00:00+00:00,2960.0,2967.0,2953.0,2955.0,207.8966
2025-02-25 15:30:00+00:00,2955.0,2956.0,2934.0,2937.0,382.1454
2025-02-25 16:00:00+00:00,2937.0,2953.0,2928.0,2937.0,204.5826
2025-02-25 16:30:00+00:00,2937.0,2938.0,2923.0,2930.0,231.4357
2025-02-25 17:00:00+00:00,2930.0,2938.0,2921.0,2926.0,167.8418
2025-02-25 17:30:00+00:00,2927.0,2931.0,2920.0,2928.0,160.8191
2025-02-25 18:00:00+00:00,2928.0,2931.0,2919.0,2930.0,106.3239
2025-02-25 18:30:00+00:00,2931.0,2934.0,2921.0,2931.0,75.6647
2025-02-25 19:00:00+00:00,2930.0,2933.0,2927.0,2931.0,38.5983
2025-02-25 19:30:00+00:00,2931.0,2936.0,2931.0,2935.0,45.2882
2025-02-25 20:00:00+00:00,2936.0,2937.0,2930.0,2934.0,46.7344
2025-02-25 20:30:00+00:00,2932.0,2937.0,2928.0,2928.0,43.4715
2025-02-25 21:00:00+00:00,2929.0,2933.0,2926.0,2932.0,157.1494
2025-02-25 21:30:00+00:00,2932.0,2934.0,2929.0,2931.0,36.3243
2025-02-25 22:00:00+00:00,2930.0,2935.0,2924.0,2933.0,97.6197
2025-02-25 22:30:00+00:00,2933.0,2937.0,2932.0,2937.0,53.3472
2025-02-25 23:00:00+00:00,2935.0,2939.0,2934.0,2934.0,47.9762
2025-02-25 23:30:00+00:00,2934.0,2941.0,2929.0,2940.0,38.3779
2025-02-26 00:00:00+00:00,2940.0,2943.0,2934.0,2943.0,18.729
2025-02-26 00:30:00+00:00,2943.0,2943.0,2940.0,2942.0,10.5121
2025-02-26 01:00:00+00:00,2943.0,2944.0,2941.0,2943.0,18.3597
2025-02-26 01:30:00+00:00,2943.0,2944.0,2942.0,2943.0,7.4958
2025-02-26 02:00:00+00:00,2942.0,2944.0,2942.0,2944.0,13.4068
2025-02-26 02:30:00+00:00,2943.0,2943.0,2933.0,2941.0,73.617
2025-02-26 03:00:00+00:00,2942.0,2944.0,2938.0,2939.0,19.0996
2025-02-26 03:30:00+00:00,2939.0,2940.0,2931.0,2931.0,27.9247
2025-02-26 04:00:00+00:00,2931.0,2936.0,2931.0,2936.0,25.9945
2025-02-26 04:30:00+00:00,2935.0,2936.0,2934.0,2935.0,5.3158
2025-02-26 05:00:00+00:00,2935.0,2937.0,2933.0,2937.0,8.3325
2025-02-26 05:30:00+00:00,2936.0,2938.0,2936.0,2937.0,3.8815
2025-02-26 06:00:00+00:00,2936.0,2939.0,2933.0,2936.0,32.6607
2025-02-26 06:30:00+00:00,2936.0,2936.0,2929.0,2930.0,23.33
2025-02-26 07:00:00+00:00,2929.0,2936.0,2924.0,2925.0,60.242
2025-02-26 07:30:00+00:00,2925.0,2933.0,2925.0,2931.0,36.9225
2025-02-26 08:00:00+00:00,2931.0,2932.0,2929.0,2930.0,13.9758
2025-02-26 08:30:00+00:00,2929.0,2934.0,2926.0,2933.0,10.9921
2025-02-26 09:00:00+00:00,2934.0,2937.0,2928.0,2931.0,43.4754
2025-02-26 09:30:00+00:00,2930.0,2932.0,2926.0,2926.0,50.5753
2025-02-26 10:00:00+00:00,2927.0,2933.0,2927.0,2930.0,16.8218
2025-02-26 10:30:00+00:00,2931.0,2931.0,2925.0,2927.0,31.7984
2025-02-26 11:00:00+00:00,2927.0,2929.0,2922.0,2925.0,30.5236
2025-02-26 11:30:00+00:00,2926.0,2931.0,2926.0,2927.0,14.1992
2025-02-26 12:00:00+00:00,2928.0,2928.0,2924.0,2927.0,9.1692
2025-02-26 12:30:00+00:00,2927.0,2928.0,2923.0,2927.0,26.2543
2025-02-26 13:00:00+00:00,2927.0,2929.0,2926.0,2928.0,28.7617
2025-02-26 13:30:00+00:00,2928.0,2929.0,2925.0,2928.0,8.5844
2025-02-26 14:00:00+00:00,2927.0,2927.0,2910.0,2912.0,116.8804
2025-02-26 14:30:00+00:00,2911.0,2921.0,2910.0,2917.0,79.7845
2025-02-26 15:00:00+00:00,2917.0,2922.0,2912.0,2921.0,155.7023
2025-02-26 15:30:00+00:00,2921.0,2926.0,2918.0,2925.0,46.6465
2025-02-26 16:00:00+00:00,2925.0,2926.0,2917.0,2923.0,27.072
2025-02-26 16:30:00+00:00,2923.0,2926.0,2921.0,2923.0,13.9316
2025-02-26 17:00:00+00:00,2923.0,2925.0,2922.0,2922.0,14.6628
2025-02-26 17:30:00+00:00,2922.0,2924.0,2908.0,2914.0,171.1473
2025-02-26 18:00:00+00:00,2915.0,2928.0,2914.0,2914.0,89.165
2025-02-26 18:30:00+00:00,2914.0,2932.0,2912.0,2929.0,209.7618
2025-02-26 19:00:00+00:00,2929.0,2933.0,2923.0,2926.0,67.3463
2025-02-26 19:30:00+00:00,2925.0,2929.0,2924.0,2928.0,40.5607
2025-02-26 20:00:00+00:00,2928.0,2933.0,2922.0,2924.0,171.5058
2025-02-26 20:30:00+00:00,2924.0,2931.0,2924.0,2928.0,20.2183
2025-02-26 21:00:00+00:00,2927.0,2931.0,2923.0,2930.0,81.7056
2025-02-26 21:30:00+00:00,2930.0,2930.0,2925.0,2929.0,37.0404
2025-02-26 22:00:00+00:00,2929.0,2935.0,2928.0,2932.0,72.3848
2025-02-26 22:30:00+00:00,2931.0,2933.0,2929.0,2930.0,13.8949
2025-02-26 23:00:00+00:00,2930.0,2933.0,2928.0,2933.0,27.2232
2025-02-26 23:30:00+00:00,2933.0,2935.0,2932.0,2934.0,13.7881
2025-02-27 00:00:00+00:00,2935.0,2935.0,2925.0,2927.0,27.9064
2025-02-27 00:30:00+00:00,2927.0,2928.0,2925.0,2927.0,7.0821
2025-02-27 01:00:00+00:00,2927.0,2931.0,2923.0,2931.0,32.2487
2025-02-27 01:30:00+00:00,2930.0,2933.0,2928.0,2929.0,11.6484
2025-02-27 02:00:00+00:00,2929.0,2932.0,2926.0,2930.0,16.1457
2025-02-27 02:30:00+00:00,2931.0,2931.0,2922.0,2923.0,21.614
2025-02-27 03:00:00+00:00,2923.0,2926.0,2922.0,2926.0,4.7491
2025-02-27 03:30:00+00:00,2926.0,2926.0,2920.0,2924.0,18.7775
2025-02-27 04:00:00+00:00,2924.0,2925.0,2921.0,2921.0,10.3587
2025-02-27 04:30:00+00:00,2920.0,2921.0,2912.0,2915.0,52.1395
2025-02-27 05:00:00+00:00,2915.0,2915.0,2910.0,2910.0,55.9287
2025-02-27 05:30:00+00:00,2910.0,2911.0,2908.0,2910.0,37.9983
2025-02-27 06:00:00+00:00,2910.0,2912.0,2907.0,2911.0,39.7161
2025-02-27 06:30:00+00:00,2911.0,2917.0,2911.0,2912.0,25.8745
2025-02-27 07:00:00+00:00,2911.0,2919.0,2907.0,2916.0,146.8997
2025-02-27 07:30:00+00:00,2915.0,2920.0,2909.0,2916.0,111.1961
2025-02-27 08:00:00+00:00,2916.0,2918.0,2906.0,2907.0,135.8161
2025-02-27 08:30:00+00:00,2907.0,2908.0,2896.0,2902.0,161.6465
2025-02-27 09:00:00+00:00,2903.0,2909.0,2900.0,2909.0,45.7668
2025-02-27 09:30:00+00:00,2908.0,2909.0,2903.0,2905.0,17.6662
2025-02-27 10:00:00+00:00,2905.0,2909.0,2905.0,2909.0,13.1159
2025-02-27 10:30:00+00:00,2908.0,2910.0,2905.0,2910.0,47.4329
2025-02-27 11:00:00+00:00,2910.0,2911.0,2902.0,2905.0,170.9741
2025-02-27 11:30:00+00:00,2905.0,2906.0,2897.0,2900.0,30.8848
2025-02-27 12:00:00+00:00,2900.0,2905.0,2897.0,2903.0,16.3351
2025-02-27 12:30:00+00:00,2903.0,2905.0,2898.0,2899.0,19.7816
2025-02-27 13:00:00+00:00,2899.0,2906.0,2897.0,2905.0,14.4137
2025-02-27 13:30:00+00:00,2904.0,2911.0,2903.0,2908.0,104.7648
2025-02-27 14:00:00+00:00,2908.0,2910.0,2903.0,2905.0,14.2243
2025-02-27 14:30:00+00:00,2905.0,2907.0,2890.0,2893.0,132.9312
2025-02-27 15:00:00+00:00,2893.0,2904.0,2891.0,2897.0,73.8217
2025-02-27 15:30:00+00:00,2896.0,2898.0,2892.0,2893.0,24.4447
2025-02-27 16:00:00+00:00,2892.0,2895.0,2888.0,2889.0,54.4819
2025-02-27 16:30:00+00:00,2889.0,2893.0,2888.0,2891.0,27.8921
2025-02-27 17:00:00+00:00,2891.0,2894.0,2889.0,2893.0,56.649
2025-02-27 17:30:00+00:00,2893.0,2895.0,2889.0,2893.0,57.6696
2025-02-27 18:00:00+00:00,2893.0,2899.0,2893.0,2894.0,43.423
2025-02-27 18:30:00+00:00,2894.0,2898.0,2891.0,2896.0,52.2128
2025-02-27 19:00:00+00:00,2896.0,2900.0,2896.0,2896.0,15.1603
2025-02-27 19:30:00+00:00,2896.0,2898.0,2889.0,2896.0,32.0642
2025-02-27 20:00:00+00:00,2896.0,2896.0,2881.0,2881.0,96.7496
2025-02-27 20:30:00+00:00,2882.0,2886.0,2880.0,2886.0,66.6939
2025-02-27 21:00:00+00:00,2887.0,2888.0,2882.0,2882.0,54.8038
2025-02-27 21:30:00+00:00,2882.0,2887.0,2880.0,2884.0,18.9647
2025-02-27 22:00:00+00:00,2884.0,2885.0,2879.0,2879.0,12.224
2025-02-27 22:30:00+00:00,2879.0,2887.0,2877.0,2885.0,24.9416
2025-02-27 23:00:00+00:00,2884.0,2887.0,2879.0,2885.0,37.6306
2025-02-27 23:30:00+00:00,2885.0,2890.0,2885.0,2888.0,25.7526
2025-02-28 00:00:00+00:00,2889.0,2891.0,2886.0,2888.0,15.648
2025-02-28 00:30:00+00:00,2886.0,2891.0,2886.0,2890.0,10.4369
2025-02-28 01:00:00+00:00,2890.0,2893.0,2886.0,2887.0,25.6449
2025-02-28 01:30:00+00:00,2887.0,2889.0,2879.0,2880.0,72.305
2025-02-28 02:00:00+00:00,2879.0,2885.0,2879.0,2885.0,19.1949
2025-02-28 02:30:00+00:00,2884.0,2885.0,2870.0,2879.0,92.0998
2025-02-28 03:00:00+00:00,2880.0,2893.0,2877.0,2879.0,68.7907
2025-02-28 03:30:00+00:00,2877.0,2879.0,2869.0,2872.0,45.9725
2025-02-28 04:00:00+00:00,2874.0,2874.0,2857.0,2861.0,198.6762
2025-02-28 04:30:00+00:00,2862.0,2864.0,2851.0,2859.0,103.4475
2025-02-28 05:00:00+00:00,2859.0,2865.0,2849.0,2856.0,129.2615
2025-02-28 05:30:00+00:00,2856.0,2861.0,2821.0,2859.0,205.8812
2025-02-28 06:00:00+00:00,2859.0,2865.0,2857.0,2861.0,54.1362
2025-02-28 06:30:00+00:00,2862.0,2865.0,2860.0,2864.0,83.0572
2025-02-28 07:00:00+00:00,2864.0,2870.0,2862.0,2864.0,51.6273
2025-02-28 07:30:00+00:00,2864.0,2872.0,2860.0,2865.0,112.4576
2025-02-28 08:00:00+00:00,2865.0,2866.0,2858.0,2862.0,139.7005
2025-02-28 08:30:00+00:00,2863.0,2867.0,2847.0,2857.0,114.2938
2025-02-28 09:00:00+00:00,2857.0,2870.0,2856.0,2869.0,59.5525
2025-02-28 09:30:00+00:00,2869.0,2871.0,2865.0,2867.0,135.5675
2025-02-28 10:00:00+00:00,2867.0,2869.0,2862.0,2863.0,22.1173
2025-02-28 10:30:00+00:00,2863.0,2866.0,2861.0,2863.0,97.1774
2025-02-28 11:00:00+00:00,2864.0,2866.0,2860.0,2863.0,71.7101
2025-02-28 11:30:00+00:00,2864.0,2865.0,2848.0,2863.0,190.1871
2025-02-28 12:00:00+00:00,2863.0,2866.0,2860.0,2861.0,40.1629
2025-02-28 12:30:00+00:00,2860.0,2865.0,2855.0,2858.0,37.6635
2025-02-28 13:00:00+00:00,2858.0,2867.0,2858.0,2859.0,20.5618
2025-02-28 13:30:00+00:00,2859.0,2866.0,2832.0,2850.0,145.5872
2025-02-28 14:00:00+00:00,2850.0,2858.0,2841.0,2845.0,139.8673
2025-02-28 14:30:00+00:00,2845.0,2846.0,2835.0,2835.0,57.1776
2025-02-28 15:00:00+00:00,2836.0,2846.0,2832.0,2845.0,81.1012
2025-02-28 15:30:00+00:00,2844.0,2857.0,2831.0,2843.0,187.0753
2025-02-28 16:00:00+00:00,2845.0,2871.0,2843.0,2851.0,209.9959
2025-02-28 16:30:00+00:00,2850.0,2858.0,2846.0,2849.0,46.7013
2025-02-28 17:00:00+00:00,2849.0,2855.0,2846.0,2849.0,20.9366
2025-02-28 17:30:00+00:00,2849.0,2852.0,2848.0,2848.0,4.9964
2025-02-28 18:00:00+00:00,2849.0,2850.0,2845.0,2845.0,30.9973
2025-02-28 18:30:00+00:00,2845.0,2857.0,2844.0,2851.0,37.3453
2025-02-28 19:00:00+00:00,2852.0,2853.0,2848.0,2848.0,7.4983
2025-02-28 19:30:00+00:00,2849.0,2853.0,2847.0,2853.0,22.0349
2025-02-28 20:00:00+00:00,2853.0,2855.0,2849.0,2849.0,12.9824
2025-02-28 20:30:00+00:00,2850.0,2856.0,2850.0,2855.0,8.1507
2025-02-28 21:00:00+00:00,2855.0,2857.0,2854.0,2857.0,8.9169
2025-02-28 21:30:00+00:00,2856.0,2865.0,2856.0,2864.0,33.1717
2025-02-28 22:00:00+00:00,2864.0,2866.0,2863.0,2864.0,23.986
2025-02-28 22:30:00+00:00,2864.0,2864.0,2858.0,2859.0,30.3171
2025-02-28 23:00:00+00:00,2859.0,2867.0,2856.0,2860.0,20.8478
2025-02-28 23:30:00+00:00,2860.0,2862.0,2860.0,2861.0,9.703
2025-03-01 00:00:00+00:00,2862.0,2865.0,2861.0,2863.0,8.5137
2025-03-01 00:30:00+00:00,2862.0,2863.0,2860.0,2860.0,7.0255
2025-03-01 01:00:00+00:00,2861.0,2864.0,2860.0,2862.0,9.2808
2025-03-01 01:30:00+00:00,2861.0,2867.0,2860.0,2866.0,14.8415
2025-03-01 02:00:00+00:00,2865.0,2867.0,2863.0,2864.0,10.144
2025-03-01 02:30:00+00:00,2863.0,2864.0,2860.0,2861.0,20.7922
2025-03-01 03:00:00+00:00,2861.0,2861.0,2860.0,2861.0,10.2016
2025-03-01 03:30:00+00:00,2861.0,2870.0,2860.0,2864.0,59.6982
2025-03-01 04:00:00+00:00,2864.0,2867.0,2862.0,2866.0,3.227
2025-03-01 04:30:00+00:00,2865.0,2870.0,2861.0,2861.0,20.1502
2025-03-01 05:00:00+00:00,2863.0,2864.0,2860.0,2861.0,6.5403
2025-03-01 05:30:00+00:00,2861.0,2861.0,2858.0,2859.0,9.0284
2025-03-01 06:00:00+00:00,2859.0,2893.0,2858.0,2862.0,101.4425
2025-03-01 06:30:00+00:00,2862.0,2862.0,2860.0,2862.0,4.2983
2025-03-01 07:00:00+00:00,2862.0,2863.0,2860.0,2862.0,8.9819
2025-03-01 07:30:00+00:00,2862.0,2864.0,2860.0,2862.0,8.4735
2025-03-01 08:00:00+00:00,2862.0,2865.0,2861.0,2864.0,6.3048
2025-03-01 08:30:00+00:00,2864.0,2865.0,2862.0,2865.0,2.107
2025-03-01 09:00:00+00:00,2865.0,2865.0,2863.0,2864.0,8.0706
2025-03-01 09:30:00+00:00,2864.0,2864.0,2858.0,2861.0,31.9335
2025-03-01 10:00:00+00:00,2860.0,2861.0,2858.0,2858.0,20.8419
2025-03-01 10:30:00+00:00,2859.0,2860.0,2856.0,2860.0,24.5074
2025-03-01 11:00:00+00:00,2859.0,2861.0,2855.0,2861.0,10.3815
2025-03-01 11:30:00+00:00,2859.0,2862.0,2859.0,2862.0,2.927
2025-03-01 12:00:00+00:00,2861.0,2862.0,2859.0,2861.0,6.5387
2025-03-01 12:30:00+00:00,2859.0,2862.0,2859.0,2860.0,3.8195
2025-03-01 13:00:00+00:00,2860.0,2865.0,2857.0,2859.0,23.667
2025-03-01 13:30:00+00:00,2858.0,2859.0,2856.0,2856.0,4.0248
2025-03-01 14:00:00+00:00,2857.0,2858.0,2855.0,2858.0,11.4785
2025-03-01 14:30:00+00:00,2858.0,2864.0,2856.0,2858.0,25.9231
2025-03-01 15:00:00+00:00,2858.0,2861.0,2853.0,2857.0,52.153
2025-03-01 15:30:00+00:00,2857.0,2864.0,2855.0,2857.0,47.1795
2025-03-01 16:00:00+00:00,2857.0,2859.0,2856.0,2857.0,6.9935
2025-03-01 16:30:00+00:00,2856.0,2863.0,2855.0,2863.0,16.8634
2025-03-01 17:00:00+00:00,2861.0,2862.0,2860.0,2861.0,2.512
2025-03-01 17:30:00+00:00,2861.0,2863.0,2860.0,2862.0,4.2645
2025-03-01 18:00:00+00:00,2861.0,2866.0,2860.0,2864.0,12.8639
2025-03-01 18:30:00+00:00,2866.0,2869.0,2864.0,2866.0,107.7814
2025-03-01 19:00:00+00:00,2866.0,2867.0,2863.0,2863.0,15.8454
2025-03-01 19:30:00+00:00,2864.0,2866.0,2863.0,2865.0,1.7491
2025-03-01 20:00:00+00:00,2866.0,2869.0,2865.0,2866.0,11.6799
2025-03-01 20:30:00+00:00,2866.0,2868.0,2862.0,2866.0,38.2429
2025-03-01 21:00:00+00:00,2867.0,2867.0,2865.0,2865.0,2.9411
2025-03-01 21:30:00+00:00,2866.0,2868.0,2866.0,2868.0,4.3404
2025-03-01 22:00:00+00:00,2868.0,2868.0,2838.0,2851.0,198.2877
2025-03-01 22:30:00+00:00,2850.0,2857.0,2850.0,2856.0,28.3521
2025-03-01 23:00:00+00:00,2856.0,2856.0,2845.0,2848.0,28.3957
2025-03-01 23:30:00+00:00,2849.0,2855.0,2848.0,2855.0,13.4448
2025-03-02 00:00:00+00:00,2855.0,2859.0,2853.0,2854.0,20.4315
2025-03-02 00:30:00+00:00,2855.0,2858.0,2854.0,2856.0,6.545
2025-03-02 01:00:00+00:00,2858.0,2859.0,2853.0,2855.0,10.1955
2025-03-02 01:30:00+00:00,2854.0,2859.0,2853.0,2858.0,3.8799
2025-03-02 02:00:00+00:00,2859.0,2862.0,2857.0,2860.0,40.1659
2025-03-02 02:30:00+00:00,2858.0,2858.0,2852.0,2854.0,11.1786
2025-03-02 03:00:00+00:00,2854.0,2855.0,2853.0,2855.0,1.8945
2025-03-02 03:30:00+00:00,2855.0,2860.0,2854.0,2859.0,6.2596
2025-03-02 04:00:00+00:00,2858.0,2860.0,2857.0,2860.0,2.109
2025-03-02 04:30:00+00:00,2860.0,2861.0,2857.0,2857.0,7.7901
2025-03-02 05:00:00+00:00,2857.0,2858.0,2857.0,2858.0,0.884
2025-03-02 05:30:00+00:00,2858.0,2861.0,2857.0,2858.0,5.462
2025-03-02 06:00:00+00:00,2858.0,2861.0,2856.0,2859.0,8.9711
2025-03-02 06:30:00+00:00,2859.0,2862.0,2857.0,2859.0,11.2874
2025-03-02 07:00:00+00:00,2859.0,2860.0,2856.0,2859.0,12.9749
2025-03-02 07:30:00+00:00,2859.0,2863.0,2857.0,2858.0,12.9169
2025-03-02 08:00:00+00:00,2858.0,2859.0,2857.0,2858.0,5.4137
2025-03-02 08:30:00+00:00,2858.0,2859.0,2857.0,2859.0,4.6596
2025-03-02 09:00:00+00:00,2859.0,2861.0,2858.0,2860.0,3.1455
2025-03-02 09:30:00+00:00,2860.0,2864.0,2858.0,2858.0,14.4963
2025-03-02 10:00:00+00:00,2858.0,2863.0,2856.0,2859.0,39.6716
2025-03-02 10:30:00+00:00,2859.0,2860.0,2858.0,2859.0,5.3011
2025-03-02 11:00:00+00:00,2859.0,2860.0,2857.0,2858.0,12.4776
2025-03-02 11:30:00+00:00,2858.0,2862.0,2857.0,2861.0,9.6745
2025-03-02 12:00:00+00:00,2861.0,2864.0,2861.0,2861.0,41.2502
2025-03-02 12:30:00+00:00,2861.0,2864.0,2861.0,2861.0,24.3415
2025-03-02 13:00:00+00:00,2861.0,2866.0,2857.0,2857.0,48.8175
2025-03-02 13:30:00+00:00,2858.0,2861.0,2857.0,2861.0,9.4188
2025-03-02 14:00:00+00:00,2860.0,2863.0,2854.0,2860.0,56.2618
2025-03-02 14:30:00+00:00,2859.0,2862.0,2856.0,2859.0,21.5813
2025-03-02 15:00:00+00:00,2859.0,2863.0,2857.0,2859.0,29.2223
2025-03-02 15:30:00+00:00,2860.0,2864.0,2852.0,2854.0,133.6993
2025-03-02 16:00:00+00:00,2854.0,2893.0,2850.0,2872.0,544.8976
2025-03-02 16:30:00+00:00,2873.0,2892.0,2864.0,2866.0,366.7613
2025-03-02 17:00:00+00:00,2866.0,2869.0,2858.0,2862.0,133.304
2025-03-02 17:30:00+00:00,2863.0,2878.0,2856.0,2865.0,248.5157
2025-03-02 18:00:00+00:00,2866.0,2870.0,2861.0,2865.0,108.5075
2025-03-02 18:30:00+00:00,2865.0,2868.0,2860.0,2861.0,52.8291
2025-03-02 19:00:00+00:00,2862.0,2867.0,2859.0,2859.0,29.6025
2025-03-02 19:30:00+00:00,2860.0,2869.0,2858.0,2860.0,33.0749
2025-03-02 20:00:00+00:00,2861.0,2867.0,2859.0,2860.0,23.2058
2025-03-02 20:30:00+00:00,2861.0,2864.0,2859.0,2864.0,32.7525
2025-03-02 21:00:00+00:00,2864.0,2867.0,2860.0,2861.0,23.3363
2025-03-02 21:30:00+00:00,2860.0,2863.0,2859.0,2862.0,60.9086
2025-03-02 22:00:00+00:00,2862.0,2872.0,2859.0,2863.0,46.4486
2025-03-02 22:30:00+00:00,2865.0,2873.0,2860.0,2870.0,19.4725
2025-03-02 23:00:00+00:00,2867.0,2876.0,2866.0,2870.0,60.4632
2025-03-02 23:30:00+00:00,2870.0,2876.0,2868.0,2876.0,26.6016
2025-03-03 00:00:00+00:00,2876.0,2876.0,2861.0,2866.0,45.3169
2025-03-03 00:30:00+00:00,2866.0,2872.0,2866.0,2868.0,20.1589
2025-03-03 01:00:00+00:00,2868.0,2876.0,2867.0,2873.0,43.3653
2025-03-03 01:30:00+00:00,2872.0,2878.0,2872.0,2875.0,14.286
2025-03-03 02:00:00+00:00,2876.0,2877.0,2866.0,2866.0,24.616
2025-03-03 02:30:00+00:00,2867.0,2874.0,2867.0,2871.0,16.8367
2025-03-03 03:00:00+00:00,2872.0,2872.0,2862.0,2862.0,8.2653
2025-03-03 03:30:00+00:00,2864.0,2869.0,2862.0,2865.0,5.7188
2025-03-03 04:00:00+00:00,2866.0,2867.0,2862.0,2864.0,13.5537
2025-03-03 04:30:00+00:00,2864.0,2866.0,2862.0,2866.0,4.4437
2025-03-03 05:00:00+00:00,2866.0,2867.0,2864.0,2865.0,5.9649
2025-03-03 05:30:00+00:00,2865.0,2867.0,2862.0,2866.0,35.6064
2025-03-03 06:00:00+00:00,2866.0,2871.0,2863.0,2871.0,93.3249
2025-03-03 06:30:00+00:00,2870.0,2871.0,2863.0,2866.0,44.8317
2025-03-03 07:00:00+00:00,2866.0,2869.0,2863.0,2863.0,13.3893
2025-03-03 07:30:00+00:00,2865.0,2867.0,2863.0,2867.0,5.379
2025-03-03 08:00:00+00:00,2866.0,2869.0,2863.0,2866.0,16.506
2025-03-03 08:30:00+00:00,2864.0,2869.0,2863.0,2866.0,38.9085
2025-03-03 09:00:00+00:00,2867.0,2878.0,2865.0,2876.0,81.1697
2025-03-03 09:30:00+00:00,2876.0,2877.0,2868.0,2868.0,31.5223
2025-03-03 10:00:00+00:00,2868.0,2875.0,2868.0,2873.0,29.1415
2025-03-03 10:30:00+00:00,2871.0,2873.0,2870.0,2873.0,26.7606
2025-03-03 11:00:00+00:00,2872.0,2873.0,2870.0,2872.0,36.6672
2025-03-03 11:30:00+00:00,2872.0,2880.0,2872.0,2875.0,23.3752
2025-03-03 12:00:00+00:00,2875.0,2876.0,2872.0,2875.0,32.7178
2025-03-03 12:30:00+00:00,2874.0,2880.0,2874.0,2880.0,18.4869
2025-03-03 13:00:00+00:00,2879.0,2881.0,2875.0,2877.0,32.2687
2025-03-03 13:30:00+00:00,2877.0,2881.0,2875.0,2876.0,27.3464
2025-03-03 14:00:00+00:00,2878.0,2879.0,2875.0,2877.0,22.0529
2025-03-03 14:30:00+00:00,2878.0,2884.0,2874.0,2875.0,75.5761
2025-03-03 15:00:00+00:00,2875.0,2890.0,2874.0,2889.0,96.1265
2025-03-03 15:30:00+00:00,2889.0,2893.0,2885.0,2888.0,52.8965
2025-03-03 16:00:00+00:00,2889.0,2894.0,2885.0,2891.0,63.1301
2025-03-03 16:30:00+00:00,2891.0,2895.0,2887.0,2895.0,53.8459
2025-03-03 17:00:00+00:00,2894.0,2898.0,2892.0,2894.0,23.0158
2025-03-03 17:30:00+00:00,2894.0,2898.0,2892.0,2896.0,19.673
2025-03-03 18:00:00+00:00,2894.0,2896.0,2889.0,2889.0,46.1944
2025-03-03 18:30:00+00:00,2890.0,2893.0,2883.0,2885.0,106.1896
2025-03-03 19:00:00+00:00,2885.0,2888.0,2875.0,2882.0,126.0026
2025-03-03 19:30:00+00:00,2882.0,2889.0,2870.0,2876.0,140.7988
2025-03-03 20:00:00+00:00,2874.0,2879.0,2871.0,2876.0,97.0729
2025-03-03 20:30:00+00:00,2876.0,2881.0,2871.0,2881.0,77.8417
2025-03-03 21:00:00+00:00,2880.0,2892.0,2880.0,2886.0,57.8577
2025-03-03 21:30:00+00:00,2887.0,2894.0,2881.0,2884.0,39.2436
2025-03-03 22:00:00+00:00,2884.0,2890.0,2881.0,2886.0,16.0531
2025-03-03 22:30:00+00:00,2886.0,2895.0,2886.0,2893.0,18.3947
2025-03-03 23:00:00+00:00,2893.0,2895.0,2890.0,2892.0,36.0862
2025-03-03 23:30:00+00:00,2890.0,2892.0,2888.0,2888.0,9.8778
2025-03-04 00:00:00+00:00,2888.0,2893.0,2886.0,2891.0,11.1985
2025-03-04 00:30:00+00:00,2891.0,2892.0,2889.0,2890.0,6.1118
2025-03-04 01:00:00+00:00,2891.0,2891.0,2882.0,2885.0,32.4453
2025-03-04 01:30:00+00:00,2884.0,2890.0,2880.0,2885.0,85.4999
2025-03-04 02:00:00+00:00,2884.0,2885.0,2877.0,2878.0,81.0867
2025-03-04 02:30:00+00:00,2879.0,2884.0,2878.0,2879.0,32.1873
2025-03-04 03:00:00+00:00,2881.0,2886.0,2878.0,2886.0,15.4076
2025-03-04 03:30:00+00:00,2886.0,2895.0,2884.0,2884.0,99.5828
2025-03-04 04:00:00+00:00,2884.0,2890.0,2881.0,2885.0,28.2085
2025-03-04 04:30:00+00:00,2885.0,2895.0,2885.0,2892.0,41.3006
2025-03-04 05:00:00+00:00,2890.0,2895.0,2886.0,2891.0,26.5765
2025-03-04 05:30:00+00:00,2891.0,2895.0,2890.0,2892.0,32.8455
2025-03-04 06:00:00+00:00,2891.0,2892.0,2889.0,2890.0,27.7828
2025-03-04 06:30:00+00:00,2891.0,2891.0,2887.0,2890.0,19.7185
2025-03-04 07:00:00+00:00,2890.0,2914.0,2889.0,2905.0,212.5973
2025-03-04 07:30:00+00:00,2905.0,2906.0,2899.0,2901.0,47.9806
2025-03-04 08:00:00+00:00,2901.0,2915.0,2899.0,2912.0,88.5194
2025-03-04 08:30:00+00:00,2912.0,2915.0,2904.0,2915.0,165.1939
2025-03-04 09:00:00+00:00,2915.0,2920.0,2913.0,2919.0,83.1916
2025-03-04 09:30:00+00:00,2918.0,2923.0,2918.0,2920.0,70.5185
2025-03-04 10:00:00+00:00,2919.0,2921.0,2915.0,2920.0,47.6003
2025-03-04 10:30:00+00:00,2918.0,2921.0,2915.0,2916.0,46.8606
2025-03-04 11:00:00+00:00,2918.0,2921.0,2916.0,2918.0,27.1648
2025-03-04 11:30:00+00:00,2918.0,2927.0,2918.0,2926.0,31.2293
2025-03-04 12:00:00+00:00,2925.0,2927.0,2921.0,2923.0,54.3994
2025-03-04 12:30:00+00:00,2923.0,2930.0,2922.0,2930.0,70.2428
2025-03-04 13:00:00+00:00,2930.0,2931.0,2926.0,2926.0,94.1766
2025-03-04 13:30:00+00:00,2927.0,2945.0,2926.0,2934.0,172.6627
2025-03-04 14:00:00+00:00,2934.0,2936.0,2928.0,2928.0,115.8117
2025-03-04 14:30:00+00:00,2929.0,2938.0,2916.0,2916.0,175.8467
2025-03-04 15:00:00+00:00,2917.0,2928.0,2916.0,2928.0,44.992
2025-03-04 15:30:00+00:00,2928.0,2928.0,2922.0,2922.0,19.4889
2025-03-04 16:00:00+00:00,2923.0,2925.0,2912.0,2918.0,51.3762
2025-03-04 16:30:00+00:00,2917.0,2929.0,2912.0,2927.0,73.1945
2025-03-04 17:00:00+00:00,2925.0,2929.0,2922.0,2928.0,78.2937
2025-03-04 17:30:00+00:00,2928.0,2929.0,2920.0,2922.0,30.8189
2025-03-04 18:00:00+00:00,2922.0,2931.0,2920.0,2929.0,68.2789
2025-03-04 18:30:00+00:00,2928.0,2930.0,2917.0,2925.0,66.7699
2025-03-04 19:00:00+00:00,2925.0,2931.0,2923.0,2926.0,40.505
2025-03-04 19:30:00+00:00,2926.0,2931.0,2925.0,2931.0,15.7833
2025-03-04 20:00:00+00:00,2930.0,2939.0,2928.0,2935.0,32.1728
2025-03-04 20:30:00+00:00,2934.0,2935.0,2927.0,2933.0,43.6003
2025-03-04 21:00:00+00:00,2932.0,2934.0,2923.0,2932.0,90.2489
2025-03-04 21:30:00+00:00,2932.0,2935.0,2928.0,2929.0,26.4154
2025-03-04 22:00:00+00:00,2931.0,2931.0,2926.0,2928.0,14.296
2025-03-04 22:30:00+00:00,2928.0,2931.0,2927.0,2931.0,35.0618
2025-03-04 23:00:00+00:00,2930.0,2934.0,2927.0,2927.0,27.1414
2025-03-04 23:30:00+00:00,2929.0,2930.0,2927.0,2928.0,8.1459
2025-03-05 00:00:00+00:00,2929.0,2932.0,2928.0,2930.0,11.3154
2025-03-05 00:30:00+00:00,2932.0,2934.0,2930.0,2932.0,16.4331
2025-03-05 01:00:00+00:00,2932.0,2934.0,2925.0,2927.0,35.3677
2025-03-05 01:30:00+00:00,2927.0,2931.0,2926.0,2930.0,15.9537
2025-03-05 02:00:00+00:00,2931.0,2938.0,2927.0,2928.0,35.7678
2025-03-05 02:30:00+00:00,2927.0,2930.0,2925.0,2926.0,46.7389
2025-03-05 03:00:00+00:00,2926.0,2927.0,2922.0,2924.0,17.7131
2025-03-05 03:30:00+00:00,2925.0,2930.0,2922.0,2928.0,48.2715
2025-03-05 04:00:00+00:00,2927.0,2928.0,2920.0,2924.0,29.1022
2025-03-05 04:30:00+00:00,2924.0,2929.0,2923.0,2923.0,13.2626
2025-03-05 05:00:00+00:00,2923.0,2924.0,2923.0,2923.0,3.8991
2025-03-05 05:30:00+00:00,2923.0,2930.0,2923.0,2929.0,7.8792
2025-03-05 06:00:00+00:00,2929.0,2934.0,2929.0,2932.0,8.3742
2025-03-05 06:30:00+00:00,2934.0,2934.0,2928.0,2930.0,9.8947
2025-03-05 07:00:00+00:00,2930.0,2932.0,2927.0,2928.0,13.8064
2025-03-05 07:30:00+00:00,2928.0,2934.0,2928.0,2931.0,21.1227
2025-03-05 08:00:00+00:00,2933.0,2937.0,2928.0,2937.0,30.3834
2025-03-05 08:30:00+00:00,2937.0,2938.0,2931.0,2936.0,28.1721
2025-03-05 09:00:00+00:00,2937.0,2938.0,2927.0,2929.0,131.4905
2025-03-05 09:30:00+00:00,2927.0,2934.0,2926.0,2929.0,77.2733
2025-03-05 10:00:00+00:00,2929.0,2933.0,2928.0,2930.0,19.3263
2025-03-05 10:30:00+00:00,2930.0,2934.0,2924.0,2925.0,50.5005
2025-03-05 11:00:00+00:00,2925.0,2925.0,2923.0,2924.0,28.7202
2025-03-05 11:30:00+00:00,2924.0,2931.0,2922.0,2923.0,43.9382
2025-03-05 12:00:00+00:00,2924.0,2929.0,2922.0,2927.0,60.9596
2025-03-05 12:30:00+00:00,2928.0,2932.0,2924.0,2926.0,27.9145
2025-03-05 13:00:00+00:00,2926.0,2927.0,2920.0,2925.0,48.2141
2025-03-05 13:30:00+00:00,2924.0,2926.0,2912.0,2917.0,87.1281
2025-03-05 14:00:00+00:00,2917.0,2919.0,2914.0,2918.0,34.5848
2025-03-05 14:30:00+00:00,2918.0,2925.0,2916.0,2921.0,62.5946
2025-03-05 15:00:00+00:00,2921.0,2928.0,2920.0,2926.0,39.1158
2025-03-05 15:30:00+00:00,2926.0,2933.0,2925.0,2931.0,45.4954
2025-03-05 16:00:00+00:00,2930.0,2935.0,2928.0,2935.0,49.3744
2025-03-05 16:30:00+00:00,2934.0,2938.0,2933.0,2933.0,14.7308
2025-03-05 17:00:00+00:00,2933.0,2935.0,2926.0,2927.0,11.8815
2025-03-05 17:30:00+00:00,2926.0,2930.0,2926.0,2927.0,23.6605
2025-03-05 18:00:00+00:00,2927.0,2930.0,2925.0,2929.0,7.1189
2025-03-05 18:30:00+00:00,2929.0,2932.0,2926.0,2931.0,49.3164
2025-03-05 19:00:00+00:00,2932.0,2938.0,2932.0,2935.0,54.3806
2025-03-05 19:30:00+00:00,2935.0,2937.0,2928.0,2935.0,38.0124
2025-03-05 20:00:00+00:00,2936.0,2937.0,2930.0,2937.0,31.2171
2025-03-05 20:30:00+00:00,2936.0,2949.0,2935.0,2938.0,127.5237
2025-03-05 21:00:00+00:00,2938.0,2938.0,2935.0,2937.0,18.4971
2025-03-05 21:30:00+00:00,2935.0,2937.0,2931.0,2931.0,9.8123
2025-03-05 22:00:00+00:00,2932.0,2932.0,2928.0,2930.0,10.8232
2025-03-05 22:30:00+00:00,2930.0,2932.0,2930.0,2931.0,13.8036
2025-03-05 23:00:00+00:00,2931.0,2932.0,2928.0,2928.0,19.9109
2025-03-05 23:30:00+00:00,2930.0,2933.0,2928.0,2933.0,17.9223
2025-03-06 00:00:00+00:00,2933.0,2935.0,2931.0,2933.0,39.9587
2025-03-06 00:30:00+00:00,2933.0,2933.0,2930.0,2930.0,13.8794
2025-03-06 01:00:00+00:00,2932.0,2935.0,2930.0,2932.0,26.2438
2025-03-06 01:30:00+00:00,2932.0,2937.0,2931.0,2935.0,40.8436
2025-03-06 02:00:00+00:00,2935.0,2937.0,2933.0,2935.0,3.5207
2025-03-06 02:30:00+00:00,2933.0,2938.0,2933.0,2937.0,28.6696
2025-03-06 03:00:00+00:00,2937.0,2938.0,2934.0,2936.0,8.4352
2025-03-06 03:30:00+00:00,2936.0,2938.0,2934.0,2936.0,7.4039
2025-03-06 04:00:00+00:00,2936.0,2938.0,2934.0,2934.0,25.0662
2025-03-06 04:30:00+00:00,2933.0,2937.0,2932.0,2936.0,19.2134
2025-03-06 05:00:00+00:00,2934.0,2938.0,2930.0,2930.0,47.7312
2025-03-06 05:30:00+00:00,2930.0,2936.0,2930.0,2935.0,42.2699
2025-03-06 06:00:00+00:00,2935.0,2935.0,2925.0,2929.0,133.979
2025-03-06 06:30:00+00:00,2930.0,2930.0,2922.0,2926.0,72.2194
2025-03-06 07:00:00+00:00,2926.0,2928.0,2922.0,2924.0,109.5671
2025-03-06 07:30:00+00:00,2922.0,2924.0,2917.0,2921.0,37.5478
2025-03-06 08:00:00+00:00,2921.0,2922.0,2916.0,2920.0,39.7429
2025-03-06 08:30:00+00:00,2920.0,2920.0,2916.0,2919.0,64.3593
2025-03-06 09:00:00+00:00,2918.0,2919.0,2914.0,2915.0,17.2845
2025-03-06 09:30:00+00:00,2914.0,2915.0,2905.0,2905.0,73.2036
2025-03-06 10:00:00+00:00,2907.0,2912.0,2905.0,2911.0,28.0427
2025-03-06 10:30:00+00:00,2912.0,2912.0,2911.0,2911.0,17.9513
2025-03-06 11:00:00+00:00,2912.0,2920.0,2911.0,2920.0,28.5008
2025-03-06 11:30:00+00:00,2920.0,2921.0,2918.0,2919.0,10.1048
2025-03-06 12:00:00+00:00,2919.0,2921.0,2915.0,2915.0,37.2657
2025-03-06 12:30:00+00:00,2917.0,2919.0,2911.0,2919.0,25.2863
2025-03-06 13:00:00+00:00,2917.0,2922.0,2914.0,2916.0,18.3533
2025-03-06 13:30:00+00:00,2915.0,2918.0,2908.0,2910.0,70.7581
2025-03-06 14:00:00+00:00,2912.0,2919.0,2910.0,2916.0,51.4002
2025-03-06 14:30:00+00:00,2917.0,2925.0,2916.0,2925.0,9.6873
2025-03-06 15:00:00+00:00,2925.0,2936.0,2924.0,2930.0,201.2284
2025-03-06 15:30:00+00:00,2928.0,2933.0,2922.0,2927.0,54.381
2025-03-06 16:00:00+00:00,2929.0,2934.0,2929.0,2930.0,73.5897
2025-03-06 16:30:00+00:00,2932.0,2933.0,2927.0,2928.0,11.0942
2025-03-06 17:00:00+00:00,2927.0,2932.0,2925.0,2929.0,38.3716
2025-03-06 17:30:00+00:00,2929.0,2933.0,2926.0,2929.0,51.3795
2025-03-06 18:00:00+00:00,2929.0,2938.0,2929.0,2937.0,75.0004
2025-03-06 18:30:00+00:00,2936.0,2938.0,2930.0,2930.0,31.2509
2025-03-06 19:00:00+00:00,2930.0,2931.0,2928.0,2929.0,8.2447
2025-03-06 19:30:00+00:00,2929.0,2930.0,2928.0,2929.0,7.9795
2025-03-06 20:00:00+00:00,2929.0,2931.0,2929.0,2929.0,7.6013
2025-03-06 20:30:00+00:00,2929.0,2930.0,2927.0,2927.0,9.0819
2025-03-06 21:00:00+00:00,2927.0,2927.0,2922.0,2922.0,14.1425
2025-03-06 21:30:00+00:00,2922.0,2926.0,2922.0,2924.0,14.3431
2025-03-06 22:00:00+00:00,2926.0,2927.0,2922.0,2922.0,45.7683
2025-03-06 22:30:00+00:00,2922.0,2926.0,2921.0,2924.0,17.5129
2025-03-06 23:00:00+00:00,2923.0,2925.0,2922.0,2922.0,13.9092
2025-03-06 23:30:00+00:00,2922.0,2925.0,2922.0,2925.0,4.1749
2025-03-07 00:00:00+00:00,2926.0,2926.0,2911.0,2914.0,86.8238
2025-03-07 00:30:00+00:00,2914.0,2921.0,2912.0,2921.0,37.5689
2025-03-07 01:00:00+00:00,2920.0,2924.0,2920.0,2924.0,40.2916
2025-03-07 01:30:00+00:00,2923.0,2928.0,2923.0,2925.0,33.472
2025-03-07 02:00:00+00:00,2925.0,2927.0,2921.0,2924.0,15.8147
2025-03-07 02:30:00+00:00,2924.0,2926.0,2922.0,2923.0,7.7314
2025-03-07 03:00:00+00:00,2924.0,2924.0,2921.0,2921.0,4.9095
2025-03-07 03:30:00+00:00,2922.0,2922.0,2917.0,2918.0,22.8716
2025-03-07 04:00:00+00:00,2920.0,2923.0,2919.0,2920.0,5.958
2025-03-07 04:30:00+00:00,2920.0,2921.0,2917.0,2921.0,8.178
2025-03-07 05:00:00+00:00,2920.0,2924.0,2920.0,2924.0,5.8588
2025-03-07 05:30:00+00:00,2924.0,2928.0,2923.0,2926.0,11.9128
2025-03-07 06:00:00+00:00,2926.0,2926.0,2921.0,2923.0,32.799
2025-03-07 06:30:00+00:00,2923.0,2927.0,2922.0,2926.0,11.4077
2025-03-07 07:00:00+00:00,2927.0,2928.0,2926.0,2928.0,13.5094
2025-03-07 07:30:00+00:00,2927.0,2928.0,2927.0,2928.0,4.3229
2025-03-07 08:00:00+00:00,2928.0,2932.0,2927.0,2932.0,31.0475
2025-03-07 08:30:00+00:00,2932.0,2936.0,2931.0,2935.0,16.9302
2025-03-07 09:00:00+00:00,2936.0,2941.0,2935.0,2941.0,61.2369
2025-03-07 09:30:00+00:00,2941.0,2942.0,2940.0,2941.0,52.5364
2025-03-07 10:00:00+00:00,2941.0,2942.0,2935.0,2940.0,59.8913
2025-03-07 10:30:00+00:00,2941.0,2944.0,2940.0,2942.0,72.0126
2025-03-07 11:00:00+00:00,2942.0,2943.0,2940.0,2940.0,10.306
2025-03-07 11:30:00+00:00,2941.0,2942.0,2940.0,2941.0,90.5214
2025-03-07 12:00:00+00:00,2941.0,2942.0,2940.0,2942.0,94.115
2025-03-07 12:30:00+00:00,2940.0,2942.0,2940.0,2941.0,27.4017
2025-03-07 13:00:00+00:00,2941.0,2941.0,2931.0,2932.0,84.9266
2025-03-07 13:30:00+00:00,2932.0,2942.0,2932.0,2935.0,103.1187
2025-03-07 14:00:00+00:00,2934.0,2935.0,2929.0,2933.0,74.7643
2025-03-07 14:30:00+00:00,2933.0,2944.0,2931.0,2942.0,73.2967
2025-03-07 15:00:00+00:00,2941.0,2944.0,2940.0,2940.0,17.1001
2025-03-07 15:30:00+00:00,2939.0,2940.0,2928.0,2930.0,46.2205
2025-03-07 16:00:00+00:00,2930.0,2934.0,2928.0,2931.0,90.1505
2025-03-07 16:30:00+00:00,2931.0,2932.0,2927.0,2927.0,30.9406
2025-03-07 17:00:00+00:00,2929.0,2929.0,2925.0,2925.0,22.9267
2025-03-07 17:30:00+00:00,2927.0,2931.0,2925.0,2929.0,69.7326
2025-03-07 18:00:00+00:00,2927.0,2930.0,2922.0,2923.0,31.0408
2025-03-07 18:30:00+00:00,2923.0,2933.0,2923.0,2926.0,29.0823
2025-03-07 19:00:00+00:00,2925.0,2928.0,2924.0,2926.0,10.0307
2025-03-07 19:30:00+00:00,2926.0,2928.0,2925.0,2926.0,40.5299
2025-03-07 20:00:00+00:00,2927.0,2928.0,2922.0,2923.0,23.3043
2025-03-07 20:30:00+00:00,2922.0,2925.0,2921.0,2923.0,22.0169
2025-03-07 21:00:00+00:00,2924.0,2928.0,2921.0,2926.0,29.2639
2025-03-07 21:30:00+00:00,2926.0,2930.0,2926.0,2927.0,48.1856
2025-03-07 22:00:00+00:00,2929.0,2930.0,2926.0,2930.0,21.5133
2025-03-07 22:30:00+00:00,2927.0,2933.0,2926.0,2928.0,26.7153
2025-03-07 23:00:00+00:00,2929.0,2929.0,2926.0,2926.0,7.465
2025-03-07 23:30:00+00:00,2927.0,2930.0,2926.0,2928.0,64.1271
2025-03-08 00:00:00+00:00,2928.0,2928.0,2926.0,2927.0,6.1954
2025-03-08 00:30:00+00:00,2928.0,2930.0,2926.0,2930.0,6.1851
2025-03-08 01:00:00+00:00,2930.0,2931.0,2928.0,2928.0,7.1165
2025-03-08 01:30:00+00:00,2928.0,2929.0,2926.0,2927.0,9.4382
2025-03-08 02:00:00+00:00,2926.0,2928.0,2926.0,2926.0,4.2235
2025-03-08 02:30:00+00:00,2926.0,2931.0,2926.0,2930.0,13.3022
2025-03-08 03:00:00+00:00,2930.0,2930.0,2927.0,2928.0,2.9437
2025-03-08 03:30:00+00:00,2929.0,2930.0,2927.0,2929.0,3.1629
2025-03-08 04:00:00+00:00,2929.0,2929.0,2927.0,2929.0,4.573
2025-03-08 04:30:00+00:00,2928.0,2931.0,2928.0,2930.0,33.8393
2025-03-08 05:00:00+00:00,2930.0,2931.0,2929.0,2930.0,2.8059
2025-03-08 05:30:00+00:00,2930.0,2930.0,2928.0,2930.0,4.1683
2025-03-08 06:00:00+00:00,2930.0,2930.0,2927.0,2928.0,25.6643
2025-03-08 06:30:00+00:00,2928.0,2929.0,2927.0,2929.0,3.8784
2025-03-08 07:00:00+00:00,2929.0,2929.0,2927.0,2929.0,4.4208
2025-03-08 07:30:00+00:00,2928.0,2929.0,2927.0,2928.0,5.3719
2025-03-08 08:00:00+00:00,2927.0,2929.0,2927.0,2927.0,6.8922
2025-03-08 08:30:00+00:00,2928.0,2929.0,2927.0,2929.0,5.7066
2025-03-08 09:00:00+00:00,2928.0,2932.0,2928.0,2932.0,18.8976
2025-03-08 09:30:00+00:00,2932.0,2932.0,2930.0,2930.0,19.9912
2025-03-08 10:00:00+00:00,2930.0,2933.0,2930.0,2932.0,7.658
2025-03-08 10:30:00+00:00,2932.0,2933.0,2931.0,2932.0,19.8715
2025-03-08 11:00:00+00:00,2932.0,2933.0,2931.0,2933.0,5.5341
2025-03-08 11:30:00+00:00,2933.0,2934.0,2931.0,2934.0,14.7623
2025-03-08 12:00:00+00:00,2934.0,2935.0,2933.0,2934.0,23.112
2025-03-08 12:30:00+00:00,2935.0,2935.0,2934.0,2935.0,7.4876
2025-03-08 13:00:00+00:00,2935.0,2937.0,2928.0,2936.0,83.1782
2025-03-08 13:30:00+00:00,2936.0,2936.0,2934.0,2935.0,8.0356
2025-03-08 14:00:00+00:00,2934.0,2936.0,2934.0,2936.0,6.214
2025-03-08 14:30:00+00:00,2935.0,2937.0,2935.0,2936.0,12.1569
2025-03-08 15:00:00+00:00,2936.0,2937.0,2936.0,2937.0,6.8859
2025-03-08 15:30:00+00:00,2937.0,2937.0,2934.0,2936.0,4.3417
2025-03-08 16:00:00+00:00,2936.0,2936.0,2934.0,2935.0,7.3806
2025-03-08 16:30:00+00:00,2935.0,2937.0,2935.0,2937.0,8.1868
2025-03-08 17:00:00+00:00,2937.0,2939.0,2935.0,2938.0,18.9453
2025-03-08 17:30:00+00:00,2938.0,2939.0,2936.0,2938.0,10.6233
2025-03-08 18:00:00+00:00,2936.0,2939.0,2936.0,2938.0,5.9108
2025-03-08 18:30:00+00:00,2938.0,2941.0,2938.0,2940.0,28.1424
2025-03-08 19:00:00+00:00,2940.0,2942.0,2938.0,2942.0,31.4539
2025-03-08 19:30:00+00:00,2942.0,2942.0,2938.0,2939.0,48.8766
2025-03-08 20:00:00+00:00,2940.0,2940.0,2936.0,2938.0,30.0545
2025-03-08 20:30:00+00:00,2937.0,2939.0,2937.0,2939.0,1.1948
2025-03-08 21:00:00+00:00,2939.0,2940.0,2938.0,2939.0,6.0058
2025-03-08 21:30:00+00:00,2940.0,2940.0,2938.0,2939.0,12.7168
2025-03-08 22:00:00+00:00,2939.0,2940.0,2933.0,2935.0,26.8398
2025-03-08 22:30:00+00:00,2935.0,2937.0,2935.0,2936.0,4.9584
2025-03-08 23:00:00+00:00,2937.0,2938.0,2936.0,2937.0,2.0505
2025-03-08 23:30:00+00:00,2937.0,2938.0,2936.0,2936.0,2.3744
2025-03-09 00:00:00+00:00,2937.0,2938.0,2936.0,2937.0,6.0977
2025-03-09 00:30:00+00:00,2937.0,2941.0,2937.0,2938.0,15.8539
2025-03-09 01:00:00+00:00,2938.0,2940.0,2937.0,2940.0,9.338
2025-03-09 01:30:00+00:00,2938.0,2941.0,2938.0,2938.0,12.3958
2025-03-09 02:00:00+00:00,2938.0,2940.0,2938.0,2939.0,2.9962
2025-03-09 02:30:00+00:00,2939.0,2940.0,2939.0,2940.0,1.648
2025-03-09 03:00:00+00:00,2940.0,2940.0,2936.0,2938.0,18.6846
2025-03-09 03:30:00+00:00,2938.0,2940.0,2937.0,2939.0,4.9304
2025-03-09 04:00:00+00:00,2938.0,2940.0,2938.0,2938.0,5.515
2025-03-09 04:30:00+00:00,2938.0,2939.0,2938.0,2938.0,2.7604
2025-03-09 05:00:00+00:00,2938.0,2939.0,2937.0,2938.0,3.1854
2025-03-09 05:30:00+00:00,2938.0,2938.0,2937.0,2937.0,2.0189
2025-03-09 06:00:00+00:00,2937.0,2938.0,2937.0,2938.0,3.8679
2025-03-09 06:30:00+00:00,2938.0,2938.0,2937.0,2937.0,1.1523
2025-03-09 07:00:00+00:00,2937.0,2941.0,2937.0,2941.0,7.9067
2025-03-09 07:30:00+00:00,2940.0,2942.0,2940.0,2940.0,10.0882
2025-03-09 08:00:00+00:00,2941.0,2941.0,2939.0,2940.0,8.3135
2025-03-09 08:30:00+00:00,2940.0,2940.0,2938.0,2938.0,5.1944
2025-03-09 09:00:00+00:00,2938.0,2941.0,2936.0,2938.0,20.4733
2025-03-09 09:30:00+00:00,2937.0,2939.0,2937.0,2939.0,7.6489
2025-03-09 10:00:00+00:00,2938.0,2940.0,2938.0,2940.0,23.9848
2025-03-09 10:30:00+00:00,2940.0,2945.0,2938.0,2940.0,106.024
2025-03-09 11:00:00+00:00,2940.0,2940.0,2939.0,2940.0,14.2572
2025-03-09 11:30:00+00:00,2940.0,2944.0,2939.0,2944.0,108.2505
2025-03-09 12:00:00+00:00,2944.0,2944.0,2939.0,2940.0,19.5014
2025-03-09 12:30:00+00:00,2940.0,2940.0,2939.0,2940.0,5.8652
2025-03-09 13:00:00+00:00,2940.0,2940.0,2937.0,2938.0,9.2847
2025-03-09 13:30:00+00:00,2938.0,2943.0,2936.0,2942.0,58.1909
2025-03-09 14:00:00+00:00,2942.0,2943.0,2926.0,2935.0,129.1012
2025-03-09 14:30:00+00:00,2934.0,2936.0,2934.0,2936.0,13.5956
2025-03-09 15:00:00+00:00,2936.0,2938.0,2931.0,2931.0,20.3417
2025-03-09 15:30:00+00:00,2931.0,2940.0,2931.0,2938.0,77.6023
2025-03-09 16:00:00+00:00,2940.0,2940.0,2937.0,2939.0,76.5388
2025-03-09 16:30:00+00:00,2939.0,2940.0,2933.0,2936.0,61.0489
2025-03-09 17:00:00+00:00,2938.0,2940.0,2936.0,2939.0,38.5968
2025-03-09 17:30:00+00:00,2938.0,2940.0,2930.0,2930.0,28.5729
2025-03-09 18:00:00+00:00,2930.0,2936.0,2928.0,2933.0,91.2815
2025-03-09 18:30:00+00:00,2933.0,2933.0,2925.0,2927.0,89.2294
2025-03-09 19:00:00+00:00,2926.0,2928.0,2923.0,2928.0,47.3822
2025-03-09 19:30:00+00:00,2927.0,2928.0,2926.0,2927.0,16.8532
2025-03-09 20:00:00+00:00,2926.0,2927.0,2922.0,2926.0,62.0708
2025-03-09 20:30:00+00:00,2925.0,2929.0,2925.0,2928.0,12.6265
2025-03-09 21:00:00+00:00,2929.0,2929.0,2925.0,2926.0,31.9615
2025-03-09 21:30:00+00:00,2927.0,2936.0,2927.0,2936.0,38.8182
2025-03-09 22:00:00+00:00,2935.0,2936.0,2931.0,2932.0,45.9927
2025-03-09 22:30:00+00:00,2932.0,2933.0,2925.0,2929.0,20.3945
2025-03-09 23:00:00+00:00,2928.0,2933.0,2925.0,2927.0,21.1369
2025-03-09 23:30:00+00:00,2927.0,2936.0,2927.0,2933.0,28.53
2025-03-10 00:00:00+00:00,2934.0,2936.0,2933.0,2935.0,16.2707
2025-03-10 00:30:00+00:00,2935.0,2936.0,2927.0,2928.0,35.7032
2025-03-10 01:00:00+00:00,2929.0,2930.0,2926.0,2929.0,36.4116
2025-03-10 01:30:00+00:00,2929.0,2929.0,2928.0,2928.0,14.9756
2025-03-10 02:00:00+00:00,2928.0,2930.0,2927.0,2929.0,18.4169
2025-03-10 02:30:00+00:00,2929.0,2930.0,2929.0,2930.0,2.1495
2025-03-10 03:00:00+00:00,2930.0,2930.0,2928.0,2928.0,9.9969
2025-03-10 03:30:00+00:00,2929.0,2929.0,2919.0,2919.0,161.2854
2025-03-10 04:00:00+00:00,2920.0,2923.0,2911.0,2914.0,183.4246
2025-03-10 04:30:00+00:00,2915.0,2915.0,2914.0,2914.0,29.8041
2025-03-10 05:00:00+00:00,2915.0,2915.0,2914.0,2914.0,39.8951
2025-03-10 05:30:00+00:00,2915.0,2916.0,2909.0,2912.0,234.0599
2025-03-10 06:00:00+00:00,2913.0,2914.0,2906.0,2911.0,123.4944
2025-03-10 06:30:00+00:00,2911.0,2921.0,2910.0,2911.0,131.4511
2025-03-10 07:00:00+00:00,2912.0,2921.0,2911.0,2915.0,112.4208
2025-03-10 07:30:00+00:00,2915.0,2919.0,2911.0,2912.0,34.2416
2025-03-10 08:00:00+00:00,2913.0,2914.0,2910.0,2910.0,29.6706
2025-03-10 08:30:00+00:00,2910.0,2911.0,2907.0,2908.0,49.2549
2025-03-10 09:00:00+00:00,2908.0,2926.0,2906.0,2918.0,102.6434
2025-03-10 09:30:00+00:00,2918.0,2925.0,2915.0,2921.0,50.3461
2025-03-10 10:00:00+00:00,2922.0,2922.0,2914.0,2915.0,29.9613
2025-03-10 10:30:00+00:00,2914.0,2916.0,2911.0,2916.0,48.797
2025-03-10 11:00:00+00:00,2917.0,2918.0,2913.0,2915.0,62.803
2025-03-10 11:30:00+00:00,2915.0,2918.0,2908.0,2918.0,101.5976
2025-03-10 12:00:00+00:00,2918.0,2918.0,2911.0,2912.0,23.3689
2025-03-10 12:30:00+00:00,2912.0,2915.0,2912.0,2914.0,10.3776
2025-03-10 13:00:00+00:00,2914.0,2915.0,2908.0,2909.0,38.7947
2025-03-10 13:30:00+00:00,2908.0,2910.0,2906.0,2908.0,21.3866
2025-03-10 14:00:00+00:00,2908.0,2915.0,2904.0,2911.0,194.4619
2025-03-10 14:30:00+00:00,2910.0,2912.0,2904.0,2910.0,54.1806
2025-03-10 15:00:00+00:00,2910.0,2915.0,2904.0,2912.0,42.9932
2025-03-10 15:30:00+00:00,2912.0,2915.0,2909.0,2911.0,46.2115
2025-03-10 16:00:00+00:00,2911.0,2914.0,2907.0,2909.0,86.118
2025-03-10 16:30:00+00:00,2910.0,2911.0,2903.0,2904.0,47.6282
2025-03-10 17:00:00+00:00,2905.0,2905.0,2893.0,2895.0,87.0625
2025-03-10 17:30:00+00:00,2896.0,2896.0,2890.0,2890.0,44.4399
2025-03-10 18:00:00+00:00,2891.0,2891.0,2886.0,2888.0,39.5771
2025-03-10 18:30:00+00:00,2887.0,2890.0,2885.0,2886.0,83.3714
2025-03-10 19:00:00+00:00,2886.0,2891.0,2883.0,2890.0,64.8981
2025-03-10 19:30:00+00:00,2890.0,2896.0,2890.0,2894.0,59.7611
2025-03-10 20:00:00+00:00,2892.0,2898.0,2892.0,2894.0,31.9097
2025-03-10 20:30:00+00:00,2895.0,2898.0,2892.0,2896.0,23.2011
2025-03-10 21:00:00+00:00,2896.0,2899.0,2894.0,2898.0,28.9271
2025-03-10 21:30:00+00:00,2898.0,2899.0,2896.0,2897.0,15.5819
2025-03-10 22:00:00+00:00,2898.0,2898.0,2894.0,2895.0,22.9099
2025-03-10 22:30:00+00:00,2895.0,2896.0,2892.0,2894.0,10.8516
2025-03-10 23:00:00+00:00,2894.0,2895.0,2893.0,2894.0,7.5244
2025-03-10 23:30:00+00:00,2894.0,2896.0,2893.0,2895.0,39.148
2025-03-11 00:00:00+00:00,2894.0,2896.0,2892.0,2893.0,39.4518
2025-03-11 00:30:00+00:00,2894.0,2894.0,2888.0,2891.0,52.1319
2025-03-11 01:00:00+00:00,2891.0,2894.0,2887.0,2894.0,110.8762
2025-03-11 01:30:00+00:00,2892.0,2901.0,2892.0,2899.0,71.7928
2025-03-11 02:00:00+00:00,2900.0,2905.0,2897.0,2904.0,32.2134
2025-03-11 02:30:00+00:00,2904.0,2906.0,2904.0,2904.0,9.1994
2025-03-11 03:00:00+00:00,2905.0,2907.0,2903.0,2906.0,16.8929
2025-03-11 03:30:00+00:00,2907.0,2907.0,2902.0,2902.0,11.1946
2025-03-11 04:00:00+00:00,2902.0,2904.0,2898.0,2899.0,7.2047
2025-03-11 04:30:00+00:00,2899.0,2905.0,2899.0,2905.0,15.7423
2025-03-11 05:00:00+00:00,2904.0,2908.0,2904.0,2907.0,34.7897
2025-03-11 05:30:00+00:00,2908.0,2908.0,2904.0,2905.0,26.8369
2025-03-11 06:00:00+00:00,2904.0,2906.0,2899.0,2901.0,32.6479
2025-03-11 06:30:00+00:00,2900.0,2909.0,2898.0,2907.0,63.544
2025-03-11 07:00:00+00:00,2907.0,2912.0,2907.0,2908.0,46.748
2025-03-11 07:30:00+00:00,2909.0,2909.0,2907.0,2907.0,8.0498
2025-03-11 08:00:00+00:00,2908.0,2909.0,2906.0,2909.0,24.8967
2025-03-11 08:30:00+00:00,2909.0,2913.0,2908.0,2911.0,15.7003
2025-03-11 09:00:00+00:00,2912.0,2913.0,2910.0,2912.0,25.8374
2025-03-11 09:30:00+00:00,2912.0,2913.0,2911.0,2912.0,9.6267
2025-03-11 10:00:00+00:00,2912.0,2918.0,2912.0,2917.0,26.0433
2025-03-11 10:30:00+00:00,2917.0,2924.0,2917.0,2920.0,109.9351
2025-03-11 11:00:00+00:00,2921.0,2921.0,2914.0,2915.0,8.671
2025-03-11 11:30:00+00:00,2915.0,2917.0,2913.0,2913.0,57.9465
2025-03-11 12:00:00+00:00,2915.0,2917.0,2913.0,2916.0,30.8626
2025-03-11 12:30:00+00:00,2916.0,2919.0,2916.0,2919.0,38.7408
2025-03-11 13:00:00+00:00,2918.0,2919.0,2915.0,2917.0,55.4929
2025-03-11 13:30:00+00:00,2919.0,2924.0,2916.0,2921.0,47.2277
2025-03-11 14:00:00+00:00,2921.0,2922.0,2915.0,2916.0,76.4578
2025-03-11 14:30:00+00:00,2917.0,2923.0,2912.0,2922.0,63.8091
2025-03-11 15:00:00+00:00,2922.0,2925.0,2921.0,2923.0,33.6132
2025-03-11 15:30:00+00:00,2924.0,2927.0,2923.0,2926.0,27.8774
2025-03-11 16:00:00+00:00,2925.0,2926.0,2920.0,2921.0,11.8992
2025-03-11 16:30:00+00:00,2921.0,2926.0,2919.0,2920.0,60.0181
2025-03-11 17:00:00+00:00,2920.0,2923.0,2917.0,2917.0,17.25
2025-03-11 17:30:00+00:00,2918.0,2924.0,2917.0,2923.0,16.5935
2025-03-11 18:00:00+00:00,2923.0,2928.0,2919.0,2919.0,58.7222
2025-03-11 18:30:00+00:00,2920.0,2923.0,2919.0,2922.0,38.7343
2025-03-11 19:00:00+00:00,2923.0,2924.0,2921.0,2924.0,20.836
2025-03-11 19:30:00+00:00,2924.0,2928.0,2923.0,2926.0,18.2961
2025-03-11 20:00:00+00:00,2927.0,2927.0,2923.0,2923.0,22.1928
2025-03-11 20:30:00+00:00,2923.0,2925.0,2921.0,2922.0,10.3694
2025-03-11 21:00:00+00:00,2922.0,2926.0,2922.0,2925.0,11.628
2025-03-11 21:30:00+00:00,2925.0,2926.0,2920.0,2922.0,11.4972
2025-03-11 22:00:00+00:00,2922.0,2923.0,2920.0,2921.0,16.6041
2025-03-11 22:30:00+00:00,2920.0,2921.0,2917.0,2918.0,32.7082
2025-03-11 23:00:00+00:00,2919.0,2923.0,2918.0,2921.0,11.0379
2025-03-11 23:30:00+00:00,2921.0,2924.0,2919.0,2924.0,10.8572
2025-03-12 00:00:00+00:00,2924.0,2924.0,2918.0,2919.0,25.2441
2025-03-12 00:30:00+00:00,2919.0,2921.0,2915.0,2917.0,25.6595
2025-03-12 01:00:00+00:00,2917.0,2917.0,2912.0,2916.0,34.6629
2025-03-12 01:30:00+00:00,2916.0,2919.0,2915.0,2917.0,6.1216
2025-03-12 02:00:00+00:00,2917.0,2920.0,2916.0,2919.0,6.5085
2025-03-12 02:30:00+00:00,2919.0,2923.0,2918.0,2920.0,18.5967
2025-03-12 03:00:00+00:00,2921.0,2926.0,2919.0,2926.0,19.9259
2025-03-12 03:30:00+00:00,2926.0,2928.0,2923.0,2925.0,27.2999
2025-03-12 04:00:00+00:00,2925.0,2925.0,2920.0,2921.0,5.5928
2025-03-12 04:30:00+00:00,2921.0,2926.0,2919.0,2925.0,14.4276
2025-03-12 05:00:00+00:00,2925.0,2925.0,2918.0,2920.0,16.4975
2025-03-12 05:30:00+00:00,2920.0,2924.0,2919.0,2922.0,9.8294
2025-03-12 06:00:00+00:00,2922.0,2930.0,2922.0,2926.0,17.8131
2025-03-12 06:30:00+00:00,2926.0,2926.0,2921.0,2923.0,14.1417
2025-03-12 07:00:00+00:00,2923.0,2926.0,2909.0,2910.0,401.4482
2025-03-12 07:30:00+00:00,2909.0,2915.0,2905.0,2913.0,172.3649
2025-03-12 08:00:00+00:00,2913.0,2917.0,2911.0,2916.0,40.0902
2025-03-12 08:30:00+00:00,2916.0,2921.0,2916.0,2919.0,40.3586
2025-03-12 09:00:00+00:00,2920.0,2949.0,2920.0,2933.0,1131.0297
2025-03-12 09:30:00+00:00,2932.0,2938.0,2927.0,2929.0,95.6041
2025-03-12 10:00:00+00:00,2931.0,2932.0,2926.0,2929.0,18.715
2025-03-12 10:30:00+00:00,2929.0,2942.0,2924.0,2932.0,92.8472
2025-03-12 11:00:00+00:00,2932.0,2938.0,2931.0,2934.0,69.7499
2025-03-12 11:30:00+00:00,2935.0,2938.0,2931.0,2935.0,33.8387
2025-03-12 12:00:00+00:00,2936.0,2939.0,2932.0,2935.0,62.3235
2025-03-12 12:30:00+00:00,2935.0,2943.0,2932.0,2932.0,37.035
2025-03-12 13:00:00+00:00,2932.0,2934.0,2922.0,2924.0,30.9378
2025-03-12 13:30:00+00:00,2926.0,2930.0,2922.0,2928.0,47.1502
2025-03-12 14:00:00+00:00,2928.0,2933.0,2925.0,2931.0,46.443
2025-03-12 14:30:00+00:00,2931.0,2936.0,2927.0,2928.0,74.9491
2025-03-12 15:00:00+00:00,2928.0,2944.0,2928.0,2938.0,168.6572
2025-03-12 15:30:00+00:00,2940.0,2948.0,2940.0,2947.0,143.91
2025-03-12 16:00:00+00:00,2947.0,2948.0,2941.0,2948.0,53.3045
2025-03-12 16:30:00+00:00,2947.0,2949.0,2946.0,2947.0,8.8126
2025-03-12 17:00:00+00:00,2947.0,2949.0,2946.0,2948.0,36.6396
2025-03-12 17:30:00+00:00,2948.0,2949.0,2944.0,2946.0,48.0615
2025-03-12 18:00:00+00:00,2945.0,2949.0,2945.0,2947.0,31.3323
2025-03-12 18:30:00+00:00,2946.0,2948.0,2945.0,2946.0,17.3745
2025-03-12 19:00:00+00:00,2945.0,2946.0,2941.0,2943.0,45.0239
2025-03-12 19:30:00+00:00,2943.0,2945.0,2943.0,2944.0,2.9503
2025-03-12 20:00:00+00:00,2944.0,2947.0,2943.0,2947.0,8.4424
2025-03-12 20:30:00+00:00,2947.0,2947.0,2945.0,2946.0,3.1422
2025-03-12 21:00:00+00:00,2947.0,2947.0,2941.0,2943.0,27.5982
2025-03-12 21:30:00+00:00,2943.0,2947.0,2943.0,2946.0,11.1246
2025-03-12 22:00:00+00:00,2947.0,2947.0,2944.0,2944.0,13.8015
2025-03-12 22:30:00+00:00,2944.0,2947.0,2944.0,2947.0,29.7608
2025-03-12 23:00:00+00:00,2946.0,2947.0,2946.0,2947.0,2.1471
2025-03-12 23:30:00+00:00,2947.0,2947.0,2946.0,2946.0,3.6893
2025-03-13 00:00:00+00:00,2947.0,2947.0,2944.0,2945.0,10.2649
2025-03-13 00:30:00+00:00,2945.0,2947.0,2945.0,2946.0,10.1579
2025-03-13 01:00:00+00:00,2947.0,2948.0,2946.0,2947.0,24.597
2025-03-13 01:30:00+00:00,2947.0,2948.0,2947.0,2947.0,5.3024
2025-03-13 02:00:00+00:00,2947.0,2950.0,2946.0,2948.0,20.6994
2025-03-13 02:30:00+00:00,2946.0,2952.0,2946.0,2952.0,23.0712
2025-03-13 03:00:00+00:00,2952.0,2956.0,2951.0,2953.0,46.9168
2025-03-13 03:30:00+00:00,2953.0,2955.0,2952.0,2955.0,8.139
2025-03-13 04:00:00+00:00,2955.0,2971.0,2953.0,2958.0,111.0698
2025-03-13 04:30:00+00:00,2956.0,2958.0,2955.0,2958.0,15.0175
2025-03-13 05:00:00+00:00,2957.0,2960.0,2955.0,2956.0,15.7553
2025-03-13 05:30:00+00:00,2956.0,2956.0,2950.0,2950.0,35.8112
2025-03-13 06:00:00+00:00,2950.0,2956.0,2949.0,2955.0,17.7413
2025-03-13 06:30:00+00:00,2955.0,2957.0,2951.0,2953.0,23.4886
2025-03-13 07:00:00+00:00,2955.0,2955.0,2951.0,2952.0,11.7121
2025-03-13 07:30:00+00:00,2952.0,2952.0,2945.0,2945.0,10.4446
2025-03-13 08:00:00+00:00,2946.0,2958.0,2946.0,2954.0,10.7039
2025-03-13 08:30:00+00:00,2954.0,2957.0,2954.0,2956.0,4.3493
2025-03-13 09:00:00+00:00,2955.0,2959.0,2950.0,2956.0,53.7864
2025-03-13 09:30:00+00:00,2956.0,2963.0,2956.0,2961.0,20.069
2025-03-13 10:00:00+00:00,2961.0,2962.0,2956.0,2959.0,8.2043
2025-03-13 10:30:00+00:00,2959.0,2960.0,2955.0,2956.0,5.4746
2025-03-13 11:00:00+00:00,2956.0,2965.0,2956.0,2963.0,73.6508
2025-03-13 11:30:00+00:00,2963.0,2970.0,2962.0,2964.0,109.138
2025-03-13 12:00:00+00:00,2965.0,2971.0,2962.0,2966.0,62.7175
2025-03-13 12:30:00+00:00,2966.0,2974.0,2963.0,2963.0,27.9879
2025-03-13 13:00:00+00:00,2962.0,2963.0,2959.0,2962.0,19.8682
2025-03-13 13:30:00+00:00,2962.0,2968.0,2959.0,2965.0,72.2841
2025-03-13 14:00:00+00:00,2964.0,2974.0,2962.0,2972.0,52.1126
2025-03-13 14:30:00+00:00,2972.0,2984.0,2970.0,2981.0,178.8811
2025-03-13 15:00:00+00:00,2981.0,2985.0,2980.0,2984.0,68.9548
2025-03-13 15:30:00+00:00,2984.0,2987.0,2982.0,2985.0,145.0628
2025-03-13 16:00:00+00:00,2985.0,2994.0,2983.0,2991.0,126.2549
2025-03-13 16:30:00+00:00,2993.0,2998.0,2990.0,2993.0,168.251
2025-03-13 17:00:00+00:00,2992.0,2992.0,2983.0,2986.0,82.0331
2025-03-13 17:30:00+00:00,2987.0,2994.0,2986.0,2992.0,47.3077
2025-03-13 18:00:00+00:00,2991.0,2994.0,2987.0,2993.0,46.3092
2025-03-13 18:30:00+00:00,2993.0,2993.0,2990.0,2992.0,32.517
2025-03-13 19:00:00+00:00,2992.0,2994.0,2990.0,2993.0,39.2261
2025-03-13 19:30:00+00:00,2994.0,2998.0,2992.0,2998.0,70.6084
2025-03-13 20:00:00+00:00,2997.0,2998.0,2994.0,2994.0,35.24
2025-03-13 20:30:00+00:00,2994.0,2996.0,2994.0,2996.0,41.169
2025-03-13 21:00:00+00:00,2996.0,3000.0,2995.0,3000.0,98.7384
2025-03-13 21:30:00+00:00,3000.0,3005.0,2999.0,3003.0,74.4533
2025-03-13 22:00:00+00:00,3003.0,3006.0,2997.0,3000.0,54.3555
2025-03-13 22:30:00+00:00,3000.0,3006.0,2999.0,3005.0,40.4523
2025-03-13 23:00:00+00:00,3005.0,3006.0,3003.0,3005.0,17.647
2025-03-13 23:30:00+00:00,3004.0,3005.0,3002.0,3003.0,16.4807
2025-03-14 00:00:00+00:00,3003.0,3006.0,3002.0,3005.0,37.4447
2025-03-14 00:30:00+00:00,3005.0,3007.0,3001.0,3005.0,24.6694
2025-03-14 01:00:00+00:00,3006.0,3007.0,3002.0,3006.0,34.0887
2025-03-14 01:30:00+00:00,3006.0,3008.0,3003.0,3006.0,39.2106
2025-03-14 02:00:00+00:00,3006.0,3008.0,3002.0,3006.0,30.6159
2025-03-14 02:30:00+00:00,3006.0,3008.0,3003.0,3006.0,6.0522
2025-03-14 03:00:00+00:00,3006.0,3008.0,3002.0,3008.0,4.3761
2025-03-14 03:30:00+00:00,3008.0,3010.0,3007.0,3010.0,24.0786
2025-03-14 04:00:00+00:00,3010.0,3012.0,3009.0,3011.0,37.391
2025-03-14 04:30:00+00:00,3011.0,3012.0,3004.0,3004.0,40.7965
2025-03-14 05:00:00+00:00,3005.0,3008.0,2999.0,3004.0,38.9812
2025-03-14 05:30:00+00:00,3004.0,3006.0,2999.0,3004.0,40.7694
2025-03-14 06:00:00+00:00,3003.0,3006.0,3002.0,3004.0,14.2868
2025-03-14 06:30:00+00:00,3004.0,3006.0,3002.0,3005.0,12.2926
2025-03-14 07:00:00+00:00,3006.0,3007.0,3001.0,3002.0,9.1607
2025-03-14 07:30:00+00:00,3002.0,3005.0,2999.0,3001.0,58.2099
2025-03-14 08:00:00+00:00,3001.0,3009.0,3001.0,3008.0,34.7159
2025-03-14 08:30:00+00:00,3008.0,3013.0,3008.0,3011.0,28.3028
2025-03-14 09:00:00+00:00,3011.0,3014.0,3011.0,3014.0,11.0488
2025-03-14 09:30:00+00:00,3014.0,3023.0,3013.0,3022.0,78.3149
2025-03-14 10:00:00+00:00,3022.0,3030.0,3020.0,3029.0,77.7965
2025-03-14 10:30:00+00:00,3028.0,3029.0,3009.0,3017.0,108.3587
2025-03-14 11:00:00+00:00,3018.0,3019.0,3014.0,3014.0,32.4386
2025-03-14 11:30:00+00:00,3014.0,3018.0,3010.0,3017.0,37.8304
2025-03-14 12:00:00+00:00,3017.0,3025.0,3016.0,3022.0,41.1633
2025-03-14 12:30:00+00:00,3022.0,3026.0,3015.0,3019.0,22.359
2025-03-14 13:00:00+00:00,3019.0,3020.0,3013.0,3018.0,21.5813
2025-03-14 13:30:00+00:00,3018.0,3021.0,3008.0,3012.0,174.8809
2025-03-14 14:00:00+00:00,3011.0,3018.0,2990.0,2998.0,527.8153
2025-03-14 14:30:00+00:00,2999.0,3005.0,2995.0,2997.0,35.5168
2025-03-14 15:00:00+00:00,2997.0,3002.0,2995.0,2999.0,193.0445
2025-03-14 15:30:00+00:00,3000.0,3004.0,2998.0,3002.0,83.2136
2025-03-14 16:00:00+00:00,3002.0,3004.0,2999.0,3004.0,84.2352
2025-03-14 16:30:00+00:00,3002.0,3004.0,3000.0,3002.0,19.1469
2025-03-14 17:00:00+00:00,3002.0,3002.0,2999.0,3000.0,39.6916
2025-03-14 17:30:00+00:00,3000.0,3001.0,2997.0,2999.0,27.2119
2025-03-14 18:00:00+00:00,2999.0,3000.0,2996.0,2996.0,12.7902
2025-03-14 18:30:00+00:00,2996.0,2998.0,2992.0,2994.0,57.2243
2025-03-14 19:00:00+00:00,2996.0,2997.0,2992.0,2992.0,30.4852
2025-03-14 19:30:00+00:00,2992.0,2994.0,2991.0,2992.0,13.9748
2025-03-14 20:00:00+00:00,2992.0,2993.0,2987.0,2990.0,45.5937
2025-03-14 20:30:00+00:00,2990.0,2995.0,2988.0,2993.0,39.8751
2025-03-14 21:00:00+00:00,2995.0,2995.0,2990.0,2991.0,6.3503
2025-03-14 21:30:00+00:00,2991.0,2994.0,2990.0,2993.0,13.8645
2025-03-14 22:00:00+00:00,2993.0,2995.0,2991.0,2995.0,21.5826
2025-03-14 22:30:00+00:00,2994.0,2995.0,2993.0,2994.0,5.1967
2025-03-14 23:00:00+00:00,2994.0,2995.0,2993.0,2994.0,5.0796
2025-03-14 23:30:00+00:00,2994.0,2996.0,2993.0,2996.0,5.8478
2025-03-15 00:00:00+00:00,2996.0,2996.0,2994.0,2996.0,5.9728
2025-03-15 00:30:00+00:00,2995.0,2996.0,2988.0,2991.0,29.8292
2025-03-15 01:00:00+00:00,2991.0,2996.0,2989.0,2994.0,27.7639
2025-03-15 01:30:00+00:00,2993.0,2995.0,2992.0,2992.0,5.5641
2025-03-15 02:00:00+00:00,2992.0,2994.0,2992.0,2992.0,2.3746
2025-03-15 02:30:00+00:00,2992.0,2994.0,2991.0,2993.0,4.8473
2025-03-15 03:00:00+00:00,2994.0,2994.0,2988.0,2990.0,22.5053
2025-03-15 03:30:00+00:00,2990.0,2991.0,2989.0,2989.0,3.596
2025-03-15 04:00:00+00:00,2991.0,2994.0,2989.0,2994.0,4.1485
2025-03-15 04:30:00+00:00,2994.0,2995.0,2988.0,2991.0,17.7756
2025-03-15 05:00:00+00:00,2992.0,2994.0,2991.0,2993.0,2.9834
2025-03-15 05:30:00+00:00,2993.0,2993.0,2991.0,2991.0,2.0457
2025-03-15 06:00:00+00:00,2991.0,2993.0,2982.0,2986.0,90.7032
2025-03-15 06:30:00+00:00,2987.0,2989.0,2983.0,2987.0,77.0614
2025-03-15 07:00:00+00:00,2987.0,2993.0,2985.0,2993.0,18.6378
2025-03-15 07:30:00+00:00,2993.0,3000.0,2991.0,2998.0,131.7458
2025-03-15 08:00:00+00:00,2998.0,2999.0,2996.0,2998.0,100.7034
2025-03-15 08:30:00+00:00,2998.0,3001.0,2994.0,3001.0,50.9497
2025-03-15 09:00:00+00:00,3001.0,3001.0,2994.0,2997.0,12.2921
2025-03-15 09:30:00+00:00,2997.0,2999.0,2995.0,2997.0,7.1156
2025-03-15 10:00:00+00:00,2997.0,2998.0,2996.0,2998.0,8.6549
2025-03-15 10:30:00+00:00,2998.0,2998.0,2997.0,2998.0,4.6773
2025-03-15 11:00:00+00:00,2998.0,2998.0,2991.0,2991.0,22.6672
2025-03-15 11:30:00+00:00,2991.0,2992.0,2987.0,2990.0,80.2554
2025-03-15 12:00:00+00:00,2990.0,2992.0,2989.0,2991.0,9.1997
2025-03-15 12:30:00+00:00,2992.0,2994.0,2991.0,2991.0,4.2952
2025-03-15 13:00:00+00:00,2992.0,2995.0,2988.0,2995.0,24.3331
2025-03-15 13:30:00+00:00,2993.0,2995.0,2988.0,2988.0,16.5639
2025-03-15 14:00:00+00:00,2988.0,2992.0,2988.0,2989.0,14.2972
2025-03-15 14:30:00+00:00,2989.0,2992.0,2989.0,2990.0,11.6269
2025-03-15 15:00:00+00:00,2990.0,2992.0,2988.0,2988.0,12.295
2025-03-15 15:30:00+00:00,2988.0,2989.0,2986.0,2988.0,21.6791
2025-03-15 16:00:00+00:00,2987.0,2991.0,2987.0,2989.0,21.2782
2025-03-15 16:30:00+00:00,2989.0,2990.0,2988.0,2988.0,5.7483
2025-03-15 17:00:00+00:00,2988.0,2992.0,2988.0,2992.0,15.8156
2025-03-15 17:30:00+00:00,2992.0,2994.0,2991.0,2993.0,6.3127
2025-03-15 18:00:00+00:00,2994.0,2994.0,2993.0,2993.0,2.3394
2025-03-15 18:30:00+00:00,2993.0,2997.0,2991.0,2994.0,23.1311
2025-03-15 19:00:00+00:00,2992.0,2999.0,2991.0,2996.0,78.2675
2025-03-15 19:30:00+00:00,2996.0,2998.0,2996.0,2997.0,5.864
2025-03-15 20:00:00+00:00,2999.0,2999.0,2996.0,2998.0,13.4799
2025-03-15 20:30:00+00:00,2998.0,2998.0,2995.0,2996.0,6.3651
2025-03-15 21:00:00+00:00,2997.0,3001.0,2996.0,2998.0,21.0827
2025-03-15 21:30:00+00:00,2998.0,3001.0,2992.0,2994.0,15.5043
2025-03-15 22:00:00+00:00,2994.0,2998.0,2994.0,2996.0,5.5427
2025-03-15 22:30:00+00:00,2997.0,2999.0,2996.0,2998.0,1.6089
2025-03-15 23:00:00+00:00,2999.0,2999.0,2995.0,2997.0,4.5555
2025-03-15 23:30:00+00:00,2997.0,3002.0,2994.0,3002.0,34.9955
2025-03-16 00:00:00+00:00,3002.0,3002.0,2999.0,3000.0,13.0706
2025-03-16 00:30:00+00:00,3000.0,3001.0,2996.0,2996.0,2.3512
2025-03-16 01:00:00+00:00,2997.0,3000.0,2996.0,2998.0,3.1908
2025-03-16 01:30:00+00:00,2998.0,2998.0,2996.0,2998.0,3.9459
2025-03-16 02:00:00+00:00,2997.0,2999.0,2995.0,2996.0,5.6938
2025-03-16 02:30:00+00:00,2996.0,2997.0,2995.0,2996.0,0.6085
2025-03-16 03:00:00+00:00,2996.0,2999.0,2995.0,2997.0,3.7785
2025-03-16 03:30:00+00:00,2998.0,3000.0,2997.0,2999.0,4.5573
2025-03-16 04:00:00+00:00,2999.0,2999.0,2997.0,2998.0,3.9663
2025-03-16 04:30:00+00:00,2997.0,2998.0,2997.0,2998.0,0.5498
2025-03-16 05:00:00+00:00,2997.0,2998.0,2996.0,2997.0,1.5105
2025-03-16 05:30:00+00:00,2996.0,2998.0,2996.0,2998.0,0.8617
2025-03-16 06:00:00+00:00,2998.0,2998.0,2996.0,2998.0,1.2285
2025-03-16 06:30:00+00:00,2998.0,2999.0,2997.0,2998.0,2.764
2025-03-16 07:00:00+00:00,2997.0,2998.0,2997.0,2998.0,3.2274
2025-03-16 07:30:00+00:00,2998.0,2998.0,2996.0,2998.0,5.3611
2025-03-16 08:00:00+00:00,2998.0,2999.0,2997.0,2997.0,1.44
2025-03-16 08:30:00+00:00,2997.0,2998.0,2997.0,2998.0,0.6735
2025-03-16 09:00:00+00:00,2998.0,3000.0,2997.0,2999.0,6.7644
2025-03-16 09:30:00+00:00,2999.0,3000.0,2996.0,2998.0,10.729
2025-03-16 10:00:00+00:00,2999.0,3000.0,2997.0,3000.0,6.2878
2025-03-16 10:30:00+00:00,2998.0,3000.0,2994.0,2996.0,16.6375
2025-03-16 11:00:00+00:00,2994.0,2997.0,2993.0,2994.0,8.4175
2025-03-16 11:30:00+00:00,2992.0,3000.0,2990.0,2993.0,32.302
2025-03-16 12:00:00+00:00,2992.0,3000.0,2992.0,3000.0,13.3034
2025-03-16 12:30:00+00:00,2999.0,3002.0,2995.0,2995.0,35.6382
2025-03-16 13:00:00+00:00,2996.0,2996.0,2982.0,2993.0,87.699
2025-03-16 13:30:00+00:00,2993.0,2996.0,2993.0,2994.0,9.6117
2025-03-16 14:00:00+00:00,2994.0,2997.0,2993.0,2995.0,12.6656
2025-03-16 14:30:00+00:00,2995.0,2997.0,2993.0,2996.0,12.5402
2025-03-16 15:00:00+00:00,2996.0,2997.0,2994.0,2997.0,10.8425
2025-03-16 15:30:00+00:00,2997.0,2997.0,2995.0,2995.0,3.8798
2025-03-16 16:00:00+00:00,2995.0,2999.0,2995.0,2999.0,19.0858
2025-03-16 16:30:00+00:00,2999.0,2999.0,2992.0,2994.0,27.7081
2025-03-16 17:00:00+00:00,2994.0,2995.0,2992.0,2995.0,6.5299
2025-03-16 17:30:00+00:00,2993.0,2998.0,2993.0,2997.0,4.2491
2025-03-16 18:00:00+00:00,2997.0,2999.0,2994.0,2999.0,12.8726
2025-03-16 18:30:00+00:00,2999.0,2999.0,2996.0,2997.0,5.2946
2025-03-16 19:00:00+00:00,2997.0,2997.0,2989.0,2995.0,23.6094
2025-03-16 19:30:00+00:00,2995.0,2996.0,2995.0,2995.0,4.8661
2025-03-16 20:00:00+00:00,2995.0,2998.0,2995.0,2997.0,6.2287
2025-03-16 20:30:00+00:00,2997.0,3000.0,2993.0,2998.0,39.3793
2025-03-16 21:00:00+00:00,2999.0,3000.0,2998.0,3000.0,20.3446
2025-03-16 21:30:00+00:00,3000.0,3000.0,2999.0,3000.0,6.5774
2025-03-16 22:00:00+00:00,3001.0,3001.0,2995.0,2999.0,17.823
2025-03-16 22:30:00+00:00,2999.0,3001.0,2996.0,2996.0,5.328
2025-03-16 23:00:00+00:00,2997.0,3000.0,2994.0,2999.0,8.744
2025-03-16 23:30:00+00:00,2999.0,3002.0,2999.0,3001.0,9.7194
2025-03-17 00:00:00+00:00,3002.0,3003.0,2998.0,3001.0,34.0519
2025-03-17 00:30:00+00:00,3001.0,3003.0,3000.0,3001.0,6.8419
2025-03-17 01:00:00+00:00,3002.0,3005.0,3000.0,3003.0,36.36
2025-03-17 01:30:00+00:00,3003.0,3004.0,3002.0,3003.0,7.4889
2025-03-17 02:00:00+00:00,3003.0,3004.0,2998.0,2999.0,7.5028
2025-03-17 02:30:00+00:00,3000.0,3001.0,2999.0,3000.0,3.0757
2025-03-17 03:00:00+00:00,3001.0,3001.0,2997.0,3000.0,17.6773
2025-03-17 03:30:00+00:00,3001.0,3002.0,3000.0,3000.0,25.969
2025-03-17 04:00:00+00:00,3000.0,3001.0,3000.0,3001.0,13.6772
2025-03-17 04:30:00+00:00,3001.0,3001.0,3000.0,3001.0,4.2381
2025-03-17 05:00:00+00:00,3001.0,3001.0,3000.0,3001.0,7.5425
2025-03-17 05:30:00+00:00,3001.0,3001.0,3000.0,3000.0,3.7033
2025-03-17 06:00:00+00:00,3000.0,3001.0,3000.0,3001.0,14.3676
2025-03-17 06:30:00+00:00,3001.0,3001.0,3000.0,3001.0,11.7976
2025-03-17 07:00:00+00:00,3001.0,3001.0,3000.0,3000.0,7.188
2025-03-17 07:30:00+00:00,3000.0,3004.0,3000.0,3003.0,56.4967
2025-03-17 08:00:00+00:00,3003.0,3003.0,3000.0,3001.0,14.6682
2025-03-17 08:30:00+00:00,3001.0,3001.0,2997.0,2997.0,21.5984
2025-03-17 09:00:00+00:00,2997.0,3001.0,2997.0,3000.0,8.1687
2025-03-17 09:30:00+00:00,3000.0,3004.0,3000.0,3003.0,43.281
2025-03-17 10:00:00+00:00,3003.0,3003.0,2997.0,3000.0,135.0108
2025-03-17 10:30:00+00:00,2998.0,3005.0,2998.0,3002.0,35.015
2025-03-17 11:00:00+00:00,3004.0,3004.0,3000.0,3002.0,33.3707
2025-03-17 11:30:00+00:00,3002.0,3003.0,3000.0,3002.0,41.102
2025-03-17 12:00:00+00:00,3002.0,3003.0,2992.0,2995.0,34.4394
2025-03-17 12:30:00+00:00,2996.0,3004.0,2993.0,2996.0,21.7947
2025-03-17 13:00:00+00:00,2996.0,2996.0,2993.0,2995.0,17.5349
2025-03-17 13:30:00+00:00,2994.0,3000.0,2990.0,2996.0,101.8958
2025-03-17 14:00:00+00:00,2995.0,3001.0,2994.0,2999.0,25.0926
2025-03-17 14:30:00+00:00,3001.0,3014.0,3001.0,3013.0,324.651
2025-03-17 15:00:00+00:00,3013.0,3014.0,3008.0,3014.0,119.2836
2025-03-17 15:30:00+00:00,3014.0,3017.0,3008.0,3017.0,102.9433
2025-03-17 16:00:00+00:00,3016.0,3017.0,3006.0,3007.0,29.5303
2025-03-17 16:30:00+00:00,3006.0,3008.0,3006.0,3008.0,11.7095
2025-03-17 17:00:00+00:00,3008.0,3011.0,3005.0,3011.0,64.0053
2025-03-17 17:30:00+00:00,3010.0,3016.0,3008.0,3008.0,42.0508
2025-03-17 18:00:00+00:00,3009.0,3015.0,3008.0,3012.0,75.2731
2025-03-17 18:30:00+00:00,3012.0,3015.0,3012.0,3013.0,23.7526
2025-03-17 19:00:00+00:00,3012.0,3017.0,3010.0,3015.0,60.3796
2025-03-17 19:30:00+00:00,3015.0,3015.0,3011.0,3011.0,9.6797
2025-03-17 20:00:00+00:00,3011.0,3012.0,3008.0,3011.0,26.0482
2025-03-17 20:30:00+00:00,3011.0,3013.0,3010.0,3012.0,22.7874
2025-03-17 21:00:00+00:00,3013.0,3014.0,3011.0,3011.0,11.0557
2025-03-17 21:30:00+00:00,3011.0,3013.0,3010.0,3012.0,6.6109
2025-03-17 22:00:00+00:00,3013.0,3013.0,3012.0,3012.0,7.1645
2025-03-17 22:30:00+00:00,3012.0,3013.0,3012.0,3012.0,2.7748
2025-03-17 23:00:00+00:00,3012.0,3013.0,3012.0,3013.0,3.8349
2025-03-17 23:30:00+00:00,3012.0,3013.0,3011.0,3011.0,6.9725
2025-03-18 00:00:00+00:00,3011.0,3013.0,3011.0,3013.0,16.0777
2025-03-18 00:30:00+00:00,3012.0,3013.0,3005.0,3012.0,143.7554
2025-03-18 01:00:00+00:00,3012.0,3014.0,3008.0,3014.0,20.3489
2025-03-18 01:30:00+00:00,3013.0,3015.0,3013.0,3015.0,20.2429
2025-03-18 02:00:00+00:00,3015.0,3021.0,3014.0,3020.0,46.3925
2025-03-18 02:30:00+00:00,3020.0,3025.0,3019.0,3022.0,35.4785
2025-03-18 03:00:00+00:00,3023.0,3024.0,3021.0,3022.0,32.6298
2025-03-18 03:30:00+00:00,3023.0,3026.0,3022.0,3025.0,36.1634
2025-03-18 04:00:00+00:00,3025.0,3028.0,3025.0,3027.0,44.0642
2025-03-18 04:30:00+00:00,3027.0,3027.0,3021.0,3025.0,20.833
2025-03-18 05:00:00+00:00,3026.0,3026.0,3019.0,3020.0,22.9551
2025-03-18 05:30:00+00:00,3020.0,3027.0,3019.0,3024.0,20.198
2025-03-18 06:00:00+00:00,3024.0,3027.0,3022.0,3026.0,11.9581
2025-03-18 06:30:00+00:00,3026.0,3026.0,3023.0,3026.0,17.5512
2025-03-18 07:00:00+00:00,3025.0,3163.0,3025.0,3045.0,1741.4142
2025-03-18 07:30:00+00:00,3045.0,3053.0,3039.0,3043.0,189.4459
2025-03-18 08:00:00+00:00,3043.0,3053.0,3041.0,3053.0,36.5507
2025-03-18 08:30:00+00:00,3051.0,3058.0,3051.0,3056.0,73.5629
2025-03-18 09:00:00+00:00,3056.0,3075.0,3052.0,3065.0,173.1716
2025-03-18 09:30:00+00:00,3065.0,3065.0,3048.0,3053.0,117.7149
2025-03-18 10:00:00+00:00,3054.0,3057.0,3051.0,3054.0,43.0643
2025-03-18 10:30:00+00:00,3054.0,3054.0,3048.0,3050.0,31.9606
2025-03-18 11:00:00+00:00,3050.0,3050.0,3045.0,3050.0,54.321
2025-03-18 11:30:00+00:00,3050.0,3052.0,3047.0,3050.0,83.1508
2025-03-18 12:00:00+00:00,3049.0,3054.0,3049.0,3054.0,51.8838
2025-03-18 12:30:00+00:00,3054.0,3057.0,3053.0,3057.0,61.1525
2025-03-18 13:00:00+00:00,3057.0,3065.0,3055.0,3063.0,59.695
2025-03-18 13:30:00+00:00,3063.0,3064.0,3045.0,3062.0,259.7832
2025-03-18 14:00:00+00:00,3060.0,3061.0,3044.0,3054.0,79.199
2025-03-18 14:30:00+00:00,3054.0,3060.0,3049.0,3054.0,94.6654
2025-03-18 15:00:00+00:00,3055.0,3060.0,3051.0,3059.0,74.9804
2025-03-18 15:30:00+00:00,3058.0,3062.0,3052.0,3058.0,50.541
2025-03-18 16:00:00+00:00,3058.0,3061.0,3052.0,3057.0,28.4877
2025-03-18 16:30:00+00:00,3057.0,3069.0,3055.0,3068.0,48.4241
2025-03-18 17:00:00+00:00,3068.0,3069.0,3056.0,3058.0,142.9968
2025-03-18 17:30:00+00:00,3057.0,3060.0,3056.0,3060.0,23.6394
2025-03-18 18:00:00+00:00,3060.0,3061.0,3051.0,3061.0,84.2079
2025-03-18 18:30:00+00:00,3061.0,3063.0,3060.0,3062.0,42.6113
2025-03-18 19:00:00+00:00,3062.0,3064.0,3059.0,3064.0,36.8779
2025-03-18 19:30:00+00:00,3063.0,3067.0,3062.0,3065.0,69.6784
2025-03-18 20:00:00+00:00,3065.0,3068.0,3065.0,3066.0,25.9355
2025-03-18 20:30:00+00:00,3066.0,3068.0,3061.0,3067.0,34.3591
2025-03-18 21:00:00+00:00,3067.0,3067.0,3061.0,3064.0,32.4474
2025-03-18 21:30:00+00:00,3064.0,3066.0,3061.0,3061.0,20.9256
2025-03-18 22:00:00+00:00,3061.0,3067.0,3058.0,3062.0,64.9522
2025-03-18 22:30:00+00:00,3063.0,3073.0,3062.0,3069.0,74.8401
2025-03-18 23:00:00+00:00,3070.0,3070.0,3066.0,3067.0,37.1688
2025-03-18 23:30:00+00:00,3067.0,3068.0,3062.0,3067.0,24.2186
2025-03-19 00:00:00+00:00,3067.0,3067.0,3061.0,3067.0,29.9577
2025-03-19 00:30:00+00:00,3066.0,3069.0,3063.0,3068.0,31.4225
2025-03-19 01:00:00+00:00,3068.0,3068.0,3062.0,3064.0,26.7275
2025-03-19 01:30:00+00:00,3065.0,3066.0,3064.0,3065.0,9.0104
2025-03-19 02:00:00+00:00,3065.0,3069.0,3060.0,3064.0,35.5704
2025-03-19 02:30:00+00:00,3064.0,3068.0,3064.0,3067.0,29.9632
2025-03-19 03:00:00+00:00,3068.0,3069.0,3067.0,3068.0,36.8963
2025-03-19 03:30:00+00:00,3069.0,3069.0,3066.0,3068.0,17.6165
2025-03-19 04:00:00+00:00,3067.0,3069.0,3063.0,3064.0,28.6423
2025-03-19 04:30:00+00:00,3064.0,3071.0,3064.0,3068.0,21.5549
2025-03-19 05:00:00+00:00,3068.0,3073.0,3067.0,3072.0,31.5985
2025-03-19 05:30:00+00:00,3073.0,3073.0,3070.0,3072.0,28.7301
2025-03-19 06:00:00+00:00,3072.0,3079.0,3072.0,3075.0,65.8964
2025-03-19 06:30:00+00:00,3076.0,3076.0,3073.0,3076.0,29.0382
2025-03-19 07:00:00+00:00,3076.0,3081.0,3074.0,3081.0,41.9403
2025-03-19 07:30:00+00:00,3080.0,3081.0,3060.0,3071.0,197.1673
2025-03-19 08:00:00+00:00,3071.0,3078.0,3064.0,3065.0,54.9789
2025-03-19 08:30:00+00:00,3065.0,3065.0,3056.0,3057.0,100.697
2025-03-19 09:00:00+00:00,3057.0,3075.0,3056.0,3061.0,108.2669
2025-03-19 09:30:00+00:00,3062.0,3067.0,3058.0,3065.0,78.3598
2025-03-19 10:00:00+00:00,3065.0,3076.0,3064.0,3068.0,50.1679
2025-03-19 10:30:00+00:00,3069.0,3076.0,3064.0,3065.0,99.2822
2025-03-19 11:00:00+00:00,3065.0,3073.0,3065.0,3067.0,59.6523
2025-03-19 11:30:00+00:00,3067.0,3069.0,3063.0,3065.0,41.3138
2025-03-19 12:00:00+00:00,3066.0,3066.0,3062.0,3062.0,52.1767
2025-03-19 12:30:00+00:00,3062.0,3066.0,3061.0,3064.0,38.4284
2025-03-19 13:00:00+00:00,3064.0,3066.0,3059.0,3059.0,52.4277
2025-03-19 13:30:00+00:00,3059.0,3065.0,3056.0,3062.0,98.1757
2025-03-19 14:00:00+00:00,3062.0,3065.0,3056.0,3058.0,72.9878
2025-03-19 14:30:00+00:00,3056.0,3063.0,3056.0,3058.0,371.0871
2025-03-19 15:00:00+00:00,3057.0,3060.0,3056.0,3058.0,24.6951
2025-03-19 15:30:00+00:00,3059.0,3066.0,3056.0,3062.0,84.3521
2025-03-19 16:00:00+00:00,3062.0,3062.0,3054.0,3056.0,141.9853
2025-03-19 16:30:00+00:00,3056.0,3057.0,3055.0,3056.0,11.1337
2025-03-19 17:00:00+00:00,3056.0,3058.0,3055.0,3055.0,27.8758
2025-03-19 17:30:00+00:00,3057.0,3057.0,3044.0,3046.0,105.5204
2025-03-19 18:00:00+00:00,3048.0,3060.0,3047.0,3060.0,93.6605
2025-03-19 18:30:00+00:00,3058.0,3067.0,3057.0,3065.0,80.6057
2025-03-19 19:00:00+00:00,3065.0,3068.0,3062.0,3065.0,28.5095
2025-03-19 19:30:00+00:00,3063.0,3069.0,3063.0,3067.0,15.6666
2025-03-19 20:00:00+00:00,3069.0,3069.0,3065.0,3068.0,26.5428
2025-03-19 20:30:00+00:00,3066.0,3068.0,3056.0,3058.0,133.3789
2025-03-19 21:00:00+00:00,3060.0,3061.0,3052.0,3059.0,69.1641
2025-03-19 21:30:00+00:00,3059.0,3061.0,3055.0,3059.0,32.4558
2025-03-19 22:00:00+00:00,3059.0,3063.0,3059.0,3059.0,57.6801
2025-03-19 22:30:00+00:00,3060.0,3062.0,3060.0,3061.0,24.5484
2025-03-19 23:00:00+00:00,3060.0,3062.0,3050.0,3058.0,128.4452
2025-03-19 23:30:00+00:00,3058.0,3065.0,3058.0,3064.0,36.1425
2025-03-20 00:00:00+00:00,3065.0,3070.0,3062.0,3063.0,103.175
2025-03-20 00:30:00+00:00,3063.0,3064.0,3061.0,3062.0,15.7896
2025-03-20 01:00:00+00:00,3064.0,3064.0,3062.0,3064.0,8.6247
2025-03-20 01:30:00+00:00,3063.0,3066.0,3062.0,3065.0,12.5187
2025-03-20 02:00:00+00:00,3063.0,3069.0,3061.0,3063.0,75.3428
2025-03-20 02:30:00+00:00,3062.0,3064.0,3061.0,3062.0,19.9208
2025-03-20 03:00:00+00:00,3063.0,3063.0,3058.0,3059.0,22.1206
2025-03-20 03:30:00+00:00,3061.0,3062.0,3059.0,3061.0,3.0993
2025-03-20 04:00:00+00:00,3061.0,3066.0,3061.0,3063.0,17.2067
2025-03-20 04:30:00+00:00,3063.0,3072.0,3063.0,3070.0,59.8006
2025-03-20 05:00:00+00:00,3068.0,3070.0,3062.0,3064.0,42.0954
2025-03-20 05:30:00+00:00,3064.0,3066.0,3062.0,3064.0,7.4895
2025-03-20 06:00:00+00:00,3062.0,3065.0,3062.0,3065.0,11.2042
2025-03-20 06:30:00+00:00,3065.0,3072.0,3063.0,3068.0,36.3561
2025-03-20 07:00:00+00:00,3068.0,3069.0,3062.0,3063.0,16.3759
2025-03-20 07:30:00+00:00,3063.0,3068.0,3061.0,3061.0,18.7214
2025-03-20 08:00:00+00:00,3063.0,3063.0,3057.0,3057.0,35.2889
2025-03-20 08:30:00+00:00,3057.0,3060.0,3057.0,3059.0,10.6319
2025-03-20 09:00:00+00:00,3059.0,3064.0,3054.0,3056.0,80.6948
2025-03-20 09:30:00+00:00,3056.0,3063.0,3056.0,3057.0,17.3291
2025-03-20 10:00:00+00:00,3058.0,3058.0,3049.0,3051.0,58.1348
2025-03-20 10:30:00+00:00,3051.0,3051.0,3047.0,3049.0,89.3965
2025-03-20 11:00:00+00:00,3049.0,3051.0,3049.0,3050.0,4.3638
2025-03-20 11:30:00+00:00,3051.0,3051.0,3049.0,3050.0,14.0433
2025-03-20 12:00:00+00:00,3049.0,3057.0,3049.0,3055.0,17.4757
2025-03-20 12:30:00+00:00,3055.0,3058.0,3052.0,3058.0,20.4281
2025-03-20 13:00:00+00:00,3058.0,3058.0,3052.0,3052.0,48.7425
2025-03-20 13:30:00+00:00,3054.0,3056.0,3050.0,3050.0,10.2938
2025-03-20 14:00:00+00:00,3052.0,3053.0,3049.0,3049.0,31.1984
2025-03-20 14:30:00+00:00,3051.0,3056.0,3048.0,3054.0,53.9619
2025-03-20 15:00:00+00:00,3055.0,3063.0,3051.0,3062.0,87.1666
2025-03-20 15:30:00+00:00,3061.0,3065.0,3055.0,3065.0,57.359
2025-03-20 16:00:00+00:00,3065.0,3065.0,3055.0,3057.0,18.9906
2025-03-20 16:30:00+00:00,3057.0,3057.0,3049.0,3053.0,25.2031
2025-03-20 17:00:00+00:00,3053.0,3059.0,3052.0,3055.0,17.4168
2025-03-20 17:30:00+00:00,3055.0,3062.0,3054.0,3062.0,14.2015
2025-03-20 18:00:00+00:00,3062.0,3065.0,3060.0,3063.0,7.6402
2025-03-20 18:30:00+00:00,3065.0,3068.0,3060.0,3062.0,44.0814
2025-03-20 19:00:00+00:00,3060.0,3063.0,3060.0,3061.0,13.6805
2025-03-20 19:30:00+00:00,3062.0,3063.0,3059.0,3059.0,21.4265
2025-03-20 20:00:00+00:00,3061.0,3064.0,3059.0,3062.0,14.5446
2025-03-20 20:30:00+00:00,3063.0,3063.0,3059.0,3060.0,6.4333
2025-03-20 21:00:00+00:00,3061.0,3061.0,3057.0,3060.0,20.1581
2025-03-20 21:30:00+00:00,3060.0,3062.0,3054.0,3056.0,37.1887
2025-03-20 22:00:00+00:00,3056.0,3060.0,3054.0,3056.0,17.7816
2025-03-20 22:30:00+00:00,3056.0,3060.0,3056.0,3057.0,23.6799
2025-03-20 23:00:00+00:00,3058.0,3060.0,3057.0,3057.0,12.9517
2025-03-20 23:30:00+00:00,3059.0,3059.0,3055.0,3057.0,20.5668
2025-03-21 00:00:00+00:00,3059.0,3060.0,3056.0,3056.0,11.2951
2025-03-21 00:30:00+00:00,3056.0,3059.0,3055.0,3056.0,11.9034
2025-03-21 01:00:00+00:00,3057.0,3058.0,3054.0,3054.0,18.5808
2025-03-21 01:30:00+00:00,3054.0,3056.0,3053.0,3053.0,7.7798
2025-03-21 02:00:00+00:00,3055.0,3100.0,3053.0,3069.0,925.7832
2025-03-21 02:30:00+00:00,3069.0,3071.0,3061.0,3067.0,228.7426
2025-03-21 03:00:00+00:00,3067.0,3067.0,3057.0,3061.0,119.2892
2025-03-21 03:30:00+00:00,3062.0,3068.0,3061.0,3062.0,86.5602
2025-03-21 04:00:00+00:00,3062.0,3064.0,3057.0,3059.0,137.1123
2025-03-21 04:30:00+00:00,3060.0,3065.0,3059.0,3062.0,58.9837
2025-03-21 05:00:00+00:00,3062.0,3062.0,3055.0,3059.0,125.0981
2025-03-21 05:30:00+00:00,3059.0,3063.0,3054.0,3058.0,179.2754
2025-03-21 06:00:00+00:00,3058.0,3064.0,3056.0,3061.0,101.2285
2025-03-21 06:30:00+00:00,3061.0,3071.0,3060.0,3065.0,176.7674
2025-03-21 07:00:00+00:00,3066.0,3074.0,3056.0,3057.0,236.2216
2025-03-21 07:30:00+00:00,3057.0,3061.0,3050.0,3054.0,196.6381
2025-03-21 08:00:00+00:00,3055.0,3061.0,3054.0,3054.0,78.3877
2025-03-21 08:30:00+00:00,3055.0,3069.0,3053.0,3062.0,177.9501
2025-03-21 09:00:00+00:00,3061.0,3061.0,3057.0,3058.0,38.0146
2025-03-21 09:30:00+00:00,3057.0,3058.0,3056.0,3057.0,23.6812
2025-03-21 10:00:00+00:00,3057.0,3061.0,3057.0,3060.0,33.3868
2025-03-21 10:30:00+00:00,3060.0,3063.0,3058.0,3058.0,19.3186
2025-03-21 11:00:00+00:00,3058.0,3060.0,3057.0,3057.0,11.8587
2025-03-21 11:30:00+00:00,3058.0,3059.0,3055.0,3055.0,37.894
2025-03-21 12:00:00+00:00,3054.0,3057.0,3052.0,3054.0,52.0396
2025-03-21 12:30:00+00:00,3056.0,3058.0,3054.0,3055.0,32.5943
2025-03-21 13:00:00+00:00,3056.0,3058.0,3054.0,3057.0,26.4554
2025-03-21 13:30:00+00:00,3056.0,3058.0,3044.0,3045.0,186.7974
2025-03-21 14:00:00+00:00,3045.0,3046.0,3035.0,3041.0,134.7164
2025-03-21 14:30:00+00:00,3040.0,3043.0,3039.0,3042.0,71.0205
2025-03-21 15:00:00+00:00,3043.0,3043.0,3031.0,3036.0,168.4944
2025-03-21 15:30:00+00:00,3038.0,3039.0,3035.0,3039.0,28.8134
2025-03-21 16:00:00+00:00,3038.0,3042.0,3037.0,3039.0,34.9167
2025-03-21 16:30:00+00:00,3040.0,3041.0,3038.0,3040.0,20.2451
2025-03-21 17:00:00+00:00,3040.0,3041.0,3034.0,3039.0,32.2661
2025-03-21 17:30:00+00:00,3039.0,3042.0,3038.0,3041.0,13.9967
2025-03-21 18:00:00+00:00,3041.0,3043.0,3039.0,3040.0,11.8712
2025-03-21 18:30:00+00:00,3040.0,3042.0,3037.0,3041.0,32.7035
2025-03-21 19:00:00+00:00,3041.0,3042.0,3040.0,3041.0,26.0234
2025-03-21 19:30:00+00:00,3041.0,3042.0,3039.0,3042.0,8.7259
2025-03-21 20:00:00+00:00,3042.0,3042.0,3036.0,3040.0,86.4527
2025-03-21 20:30:00+00:00,3041.0,3043.0,3040.0,3042.0,9.992
2025-03-21 21:00:00+00:00,3042.0,3042.0,3036.0,3040.0,45.2125
2025-03-21 21:30:00+00:00,3039.0,3042.0,3037.0,3040.0,26.7007
2025-03-21 22:00:00+00:00,3040.0,3043.0,3038.0,3042.0,13.7329
2025-03-21 22:30:00+00:00,3042.0,3043.0,3040.0,3040.0,10.7297
2025-03-21 23:00:00+00:00,3040.0,3042.0,3039.0,3039.0,8.5517
2025-03-21 23:30:00+00:00,3039.0,3043.0,3039.0,3039.0,15.6307
2025-03-22 00:00:00+00:00,3039.0,3041.0,3039.0,3039.0,7.0131
2025-03-22 00:30:00+00:00,3039.0,3042.0,3039.0,3042.0,7.135
2025-03-22 01:00:00+00:00,3040.0,3043.0,3040.0,3043.0,8.4217
2025-03-22 01:30:00+00:00,3043.0,3043.0,3039.0,3040.0,23.3185
2025-03-22 02:00:00+00:00,3040.0,3042.0,3039.0,3042.0,5.1865
2025-03-22 02:30:00+00:00,3040.0,3042.0,3040.0,3041.0,4.6089
2025-03-22 03:00:00+00:00,3041.0,3042.0,3041.0,3042.0,7.5021
2025-03-22 03:30:00+00:00,3042.0,3043.0,3041.0,3042.0,10.0725
2025-03-22 04:00:00+00:00,3042.0,3043.0,3041.0,3043.0,7.6308
2025-03-22 04:30:00+00:00,3043.0,3043.0,3041.0,3043.0,4.4434
2025-03-22 05:00:00+00:00,3042.0,3043.0,3041.0,3042.0,10.5552
2025-03-22 05:30:00+00:00,3041.0,3042.0,3040.0,3042.0,6.3428
2025-03-22 06:00:00+00:00,3040.0,3043.0,3040.0,3041.0,13.4465
2025-03-22 06:30:00+00:00,3041.0,3042.0,3039.0,3040.0,48.2107
2025-03-22 07:00:00+00:00,3042.0,3042.0,3040.0,3042.0,10.873
2025-03-22 07:30:00+00:00,3040.0,3043.0,3040.0,3042.0,12.9248
2025-03-22 08:00:00+00:00,3042.0,3051.0,3042.0,3045.0,102.7915
2025-03-22 08:30:00+00:00,3043.0,3047.0,3039.0,3045.0,51.7315
2025-03-22 09:00:00+00:00,3046.0,3047.0,3039.0,3043.0,44.6131
2025-03-22 09:30:00+00:00,3043.0,3044.0,3042.0,3042.0,8.2587
2025-03-22 10:00:00+00:00,3042.0,3043.0,3041.0,3042.0,7.6885
2025-03-22 10:30:00+00:00,3042.0,3044.0,3042.0,3042.0,9.9663
2025-03-22 11:00:00+00:00,3042.0,3044.0,3041.0,3042.0,15.2975
2025-03-22 11:30:00+00:00,3042.0,3043.0,3041.0,3041.0,8.5755
2025-03-22 12:00:00+00:00,3041.0,3044.0,3041.0,3041.0,21.4346
2025-03-22 12:30:00+00:00,3041.0,3042.0,3041.0,3041.0,3.898
2025-03-22 13:00:00+00:00,3042.0,3042.0,3041.0,3041.0,11.3392
2025-03-22 13:30:00+00:00,3041.0,3044.0,3041.0,3042.0,22.3126
2025-03-22 14:00:00+00:00,3042.0,3042.0,3041.0,3041.0,9.5014
2025-03-22 14:30:00+00:00,3041.0,3042.0,3040.0,3041.0,14.0605
2025-03-22 15:00:00+00:00,3041.0,3042.0,3041.0,3041.0,13.5562
2025-03-22 15:30:00+00:00,3041.0,3044.0,3041.0,3043.0,18.2433
2025-03-22 16:00:00+00:00,3042.0,3043.0,3041.0,3041.0,4.5378
2025-03-22 16:30:00+00:00,3041.0,3043.0,3041.0,3043.0,4.6832
2025-03-22 17:00:00+00:00,3042.0,3043.0,3042.0,3042.0,5.3244
2025-03-22 17:30:00+00:00,3042.0,3044.0,3042.0,3043.0,13.9116
2025-03-22 18:00:00+00:00,3043.0,3046.0,3043.0,3043.0,13.0002
2025-03-22 18:30:00+00:00,3043.0,3045.0,3043.0,3044.0,9.2192
2025-03-22 19:00:00+00:00,3044.0,3045.0,3043.0,3043.0,10.8446
2025-03-22 19:30:00+00:00,3045.0,3047.0,3043.0,3046.0,23.4169
2025-03-22 20:00:00+00:00,3046.0,3048.0,3046.0,3046.0,11.8169
2025-03-22 20:30:00+00:00,3047.0,3048.0,3045.0,3047.0,11.4685
2025-03-22 21:00:00+00:00,3047.0,3047.0,3045.0,3046.0,4.0747
2025-03-22 21:30:00+00:00,3045.0,3046.0,3044.0,3045.0,11.2429
2025-03-22 22:00:00+00:00,3044.0,3047.0,3044.0,3046.0,18.7931
2025-03-22 22:30:00+00:00,3046.0,3051.0,3046.0,3050.0,16.9106
2025-03-22 23:00:00+00:00,3050.0,3051.0,3048.0,3050.0,19.0893
2025-03-22 23:30:00+00:00,3049.0,3051.0,3049.0,3050.0,9.3371
2025-03-23 00:00:00+00:00,3051.0,3053.0,3050.0,3053.0,6.4602
2025-03-23 00:30:00+00:00,3053.0,3053.0,3051.0,3051.0,18.0528
2025-03-23 01:00:00+00:00,3051.0,3053.0,3050.0,3050.0,8.7734
2025-03-23 01:30:00+00:00,3050.0,3054.0,3048.0,3052.0,26.1603
2025-03-23 02:00:00+00:00,3052.0,3054.0,3048.0,3049.0,22.8827
2025-03-23 02:30:00+00:00,3048.0,3049.0,3048.0,3049.0,5.4517
2025-03-23 03:00:00+00:00,3049.0,3049.0,3048.0,3048.0,0.8767
2025-03-23 03:30:00+00:00,3049.0,3049.0,3042.0,3047.0,16.1556
2025-03-23 04:00:00+00:00,3047.0,3052.0,3046.0,3048.0,27.8041
2025-03-23 04:30:00+00:00,3048.0,3048.0,3047.0,3047.0,1.8645
2025-03-23 05:00:00+00:00,3047.0,3048.0,3047.0,3048.0,4.5897
2025-03-23 05:30:00+00:00,3048.0,3048.0,3047.0,3048.0,4.4473
2025-03-23 06:00:00+00:00,3048.0,3048.0,3047.0,3048.0,12.6585
2025-03-23 06:30:00+00:00,3048.0,3049.0,3047.0,3047.0,18.3491
2025-03-23 07:00:00+00:00,3048.0,3048.0,3046.0,3048.0,44.091
2025-03-23 07:30:00+00:00,3048.0,3050.0,3046.0,3049.0,24.6077
2025-03-23 08:00:00+00:00,3049.0,3051.0,3046.0,3048.0,14.3488
2025-03-23 08:30:00+00:00,3047.0,3048.0,3046.0,3048.0,12.0332
2025-03-23 09:00:00+00:00,3048.0,3049.0,3045.0,3045.0,19.3816
2025-03-23 09:30:00+00:00,3046.0,3049.0,3045.0,3047.0,19.7764
2025-03-23 10:00:00+00:00,3047.0,3051.0,3046.0,3051.0,14.5472
2025-03-23 10:30:00+00:00,3050.0,3051.0,3046.0,3047.0,16.028
2025-03-23 11:00:00+00:00,3048.0,3050.0,3047.0,3048.0,7.0471
2025-03-23 11:30:00+00:00,3049.0,3051.0,3048.0,3049.0,12.5997
2025-03-23 12:00:00+00:00,3049.0,3049.0,3048.0,3049.0,3.938
2025-03-23 12:30:00+00:00,3049.0,3050.0,3048.0,3050.0,11.7204
2025-03-23 13:00:00+00:00,3050.0,3050.0,3047.0,3047.0,15.7711
2025-03-23 13:30:00+00:00,3047.0,3055.0,3045.0,3050.0,91.5894
2025-03-23 14:00:00+00:00,3050.0,3057.0,3050.0,3055.0,33.7768
2025-03-23 14:30:00+00:00,3053.0,3057.0,3052.0,3056.0,16.9344
2025-03-23 15:00:00+00:00,3056.0,3057.0,3049.0,3050.0,33.6259
2025-03-23 15:30:00+00:00,3052.0,3054.0,3050.0,3054.0,11.0236
2025-03-23 16:00:00+00:00,3054.0,3055.0,3049.0,3051.0,20.1216
2025-03-23 16:30:00+00:00,3050.0,3051.0,3046.0,3048.0,25.9352
2025-03-23 17:00:00+00:00,3048.0,3053.0,3046.0,3053.0,14.8766
2025-03-23 17:30:00+00:00,3051.0,3057.0,3051.0,3056.0,32.8372
2025-03-23 18:00:00+00:00,3056.0,3058.0,3049.0,3050.0,37.6756
2025-03-23 18:30:00+00:00,3049.0,3054.0,3048.0,3052.0,6.2098
2025-03-23 19:00:00+00:00,3051.0,3053.0,3050.0,3051.0,8.8614
2025-03-23 19:30:00+00:00,3051.0,3053.0,3050.0,3053.0,11.7757
2025-03-23 20:00:00+00:00,3053.0,3056.0,3050.0,3056.0,17.407
2025-03-23 20:30:00+00:00,3055.0,3062.0,3055.0,3056.0,39.9736
2025-03-23 21:00:00+00:00,3057.0,3057.0,3047.0,3050.0,78.5327
2025-03-23 21:30:00+00:00,3049.0,3050.0,3045.0,3050.0,41.5745
2025-03-23 22:00:00+00:00,3050.0,3057.0,3049.0,3057.0,33.9376
2025-03-23 22:30:00+00:00,3057.0,3058.0,3046.0,3052.0,68.3709
2025-03-23 23:00:00+00:00,3052.0,3056.0,3048.0,3053.0,43.1672
2025-03-23 23:30:00+00:00,3053.0,3056.0,3046.0,3054.0,46.9665
2025-03-24 00:00:00+00:00,3054.0,3058.0,3051.0,3054.0,28.3736
2025-03-24 00:30:00+00:00,3054.0,3056.0,3048.0,3049.0,21.3501
2025-03-24 01:00:00+00:00,3048.0,3049.0,3046.0,3049.0,6.924
2025-03-24 01:30:00+00:00,3047.0,3049.0,3047.0,3047.0,2.8375
2025-03-24 02:00:00+00:00,3049.0,3051.0,3046.0,3049.0,7.8445
2025-03-24 02:30:00+00:00,3049.0,3053.0,3045.0,3045.0,26.9756
2025-03-24 03:00:00+00:00,3046.0,3047.0,3042.0,3046.0,13.8795
2025-03-24 03:30:00+00:00,3047.0,3048.0,3040.0,3044.0,21.4288
2025-03-24 04:00:00+00:00,3046.0,3049.0,3042.0,3043.0,15.8479
2025-03-24 04:30:00+00:00,3043.0,3049.0,3043.0,3048.0,28.9569
2025-03-24 05:00:00+00:00,3046.0,3047.0,3043.0,3045.0,11.5031
2025-03-24 05:30:00+00:00,3045.0,3049.0,3041.0,3048.0,14.6358
2025-03-24 06:00:00+00:00,3048.0,3051.0,3045.0,3048.0,23.0178
2025-03-24 06:30:00+00:00,3049.0,3052.0,3043.0,3052.0,39.036
2025-03-24 07:00:00+00:00,3051.0,3054.0,3045.0,3053.0,50.0198
2025-03-24 07:30:00+00:00,3054.0,3054.0,3047.0,3047.0,27.0539
2025-03-24 08:00:00+00:00,3047.0,3050.0,3046.0,3047.0,17.086
2025-03-24 08:30:00+00:00,3047.0,3050.0,3045.0,3048.0,22.7361
2025-03-24 09:00:00+00:00,3050.0,3054.0,3048.0,3048.0,48.7445
2025-03-24 09:30:00+00:00,3048.0,3050.0,3040.0,3042.0,41.2231
2025-03-24 10:00:00+00:00,3043.0,3051.0,3042.0,3051.0,52.041
2025-03-24 10:30:00+00:00,3049.0,3051.0,3044.0,3044.0,23.2016
2025-03-24 11:00:00+00:00,3044.0,3046.0,3041.0,3041.0,36.1758
2025-03-24 11:30:00+00:00,3041.0,3043.0,3038.0,3038.0,48.8553
2025-03-24 12:00:00+00:00,3038.0,3043.0,3038.0,3042.0,22.4063
2025-03-24 12:30:00+00:00,3042.0,3045.0,3040.0,3042.0,33.7695
2025-03-24 13:00:00+00:00,3042.0,3045.0,3040.0,3042.0,15.0478
2025-03-24 13:30:00+00:00,3042.0,3042.0,3037.0,3039.0,58.2652
2025-03-24 14:00:00+00:00,3039.0,3040.0,3035.0,3037.0,84.8777
2025-03-24 14:30:00+00:00,3035.0,3037.0,3027.0,3030.0,105.8696
2025-03-24 15:00:00+00:00,3028.0,3030.0,3026.0,3028.0,87.0977
2025-03-24 15:30:00+00:00,3028.0,3032.0,3025.0,3027.0,179.5398
2025-03-24 16:00:00+00:00,3026.0,3027.0,3020.0,3020.0,129.932
2025-03-24 16:30:00+00:00,3020.0,3022.0,3010.0,3016.0,446.375
2025-03-24 17:00:00+00:00,3014.0,3018.0,3012.0,3014.0,29.0371
2025-03-24 17:30:00+00:00,3014.0,3018.0,3002.0,3010.0,168.151
2025-03-24 18:00:00+00:00,3011.0,3013.0,3006.0,3010.0,24.8045
2025-03-24 18:30:00+00:00,3008.0,3014.0,3007.0,3013.0,31.6819
2025-03-24 19:00:00+00:00,3013.0,3015.0,3011.0,3012.0,16.862
2025-03-24 19:30:00+00:00,3011.0,3012.0,3008.0,3008.0,18.3086
2025-03-24 20:00:00+00:00,3009.0,3016.0,3008.0,3016.0,37.378
2025-03-24 20:30:00+00:00,3016.0,3020.0,3015.0,3020.0,51.9903
2025-03-24 21:00:00+00:00,3018.0,3021.0,3013.0,3015.0,49.6861
2025-03-24 21:30:00+00:00,3015.0,3017.0,3012.0,3015.0,43.1571
2025-03-24 22:00:00+00:00,3015.0,3017.0,3011.0,3015.0,40.2996
2025-03-24 22:30:00+00:00,3015.0,3017.0,3011.0,3013.0,15.4064
2025-03-24 23:00:00+00:00,3014.0,3016.0,3013.0,3016.0,14.2435
2025-03-24 23:30:00+00:00,3014.0,3019.0,3014.0,3019.0,55.012
2025-03-25 00:00:00+00:00,3019.0,3020.0,3015.0,3019.0,16.9873
2025-03-25 00:30:00+00:00,3019.0,3024.0,3017.0,3019.0,48.8977
2025-03-25 01:00:00+00:00,3018.0,3022.0,3018.0,3020.0,19.7616
2025-03-25 01:30:00+00:00,3018.0,3021.0,3017.0,3019.0,22.086
2025-03-25 02:00:00+00:00,3017.0,3020.0,3017.0,3018.0,11.9958
2025-03-25 02:30:00+00:00,3020.0,3027.0,3017.0,3020.0,57.2434
2025-03-25 03:00:00+00:00,3020.0,3020.0,3017.0,3018.0,24.9859
2025-03-25 03:30:00+00:00,3019.0,3020.0,3018.0,3020.0,19.5316
2025-03-25 04:00:00+00:00,3020.0,3021.0,3018.0,3021.0,16.1315
2025-03-25 04:30:00+00:00,3020.0,3027.0,3020.0,3022.0,78.8967
2025-03-25 05:00:00+00:00,3022.0,3027.0,3021.0,3025.0,40.0379
2025-03-25 05:30:00+00:00,3026.0,3029.0,3025.0,3027.0,27.9212
2025-03-25 06:00:00+00:00,3027.0,3028.0,3022.0,3024.0,11.7111
2025-03-25 06:30:00+00:00,3024.0,3025.0,3022.0,3023.0,4.1664
2025-03-25 07:00:00+00:00,3025.0,3028.0,3023.0,3026.0,33.0418
2025-03-25 07:30:00+00:00,3026.0,3027.0,3022.0,3024.0,24.425
2025-03-25 08:00:00+00:00,3024.0,3027.0,3022.0,3025.0,13.3946
2025-03-25 08:30:00+00:00,3025.0,3030.0,3025.0,3026.0,16.5573
2025-03-25 09:00:00+00:00,3028.0,3028.0,3022.0,3027.0,67.5193
2025-03-25 09:30:00+00:00,3027.0,3030.0,3025.0,3029.0,19.0656
2025-03-25 10:00:00+00:00,3028.0,3031.0,3028.0,3030.0,6.6981
2025-03-25 10:30:00+00:00,3030.0,3031.0,3027.0,3027.0,21.8973
2025-03-25 11:00:00+00:00,3027.0,3031.0,3027.0,3029.0,14.4372
2025-03-25 11:30:00+00:00,3029.0,3031.0,3027.0,3029.0,12.7046
2025-03-25 12:00:00+00:00,3027.0,3029.0,3023.0,3027.0,32.3803
2025-03-25 12:30:00+00:00,3027.0,3030.0,3026.0,3028.0,15.7132
2025-03-25 13:00:00+00:00,3029.0,3042.0,3027.0,3041.0,296.1233
2025-03-25 13:30:00+00:00,3040.0,3041.0,3040.0,3040.0,86.6566
2025-03-25 14:00:00+00:00,3040.0,3046.0,3037.0,3037.0,177.605
2025-03-25 14:30:00+00:00,3037.0,3038.0,3032.0,3034.0,14.7562
2025-03-25 15:00:00+00:00,3034.0,3034.0,3030.0,3032.0,25.5427
2025-03-25 15:30:00+00:00,3032.0,3034.0,3028.0,3032.0,26.6591
2025-03-25 16:00:00+00:00,3032.0,3032.0,3023.0,3029.0,241.7846
2025-03-25 16:30:00+00:00,3029.0,3032.0,3028.0,3032.0,16.0523
2025-03-25 17:00:00+00:00,3032.0,3032.0,3028.0,3029.0,7.4197
2025-03-25 17:30:00+00:00,3032.0,3032.0,3028.0,3031.0,3.4456
2025-03-25 18:00:00+00:00,3031.0,3031.0,3028.0,3029.0,3.5831
2025-03-25 18:30:00+00:00,3031.0,3031.0,3027.0,3029.0,18.8129
2025-03-25 19:00:00+00:00,3028.0,3029.0,3027.0,3027.0,2.7528
2025-03-25 19:30:00+00:00,3027.0,3029.0,3027.0,3028.0,3.1401
2025-03-25 20:00:00+00:00,3028.0,3029.0,3027.0,3029.0,11.5097
2025-03-25 20:30:00+00:00,3028.0,3029.0,3028.0,3029.0,5.0728
2025-03-25 21:00:00+00:00,3028.0,3030.0,3027.0,3028.0,19.4768
2025-03-25 21:30:00+00:00,3027.0,3029.0,3027.0,3027.0,1.5966
2025-03-25 22:00:00+00:00,3027.0,3029.0,3027.0,3027.0,4.1088
2025-03-25 22:30:00+00:00,3027.0,3029.0,3027.0,3027.0,14.6614
2025-03-25 23:00:00+00:00,3027.0,3028.0,3027.0,3027.0,3.3756
2025-03-25 23:30:00+00:00,3027.0,3028.0,3027.0,3028.0,4.0965
2025-03-26 00:00:00+00:00,3028.0,3029.0,3028.0,3029.0,10.7142
2025-03-26 00:30:00+00:00,3029.0,3029.0,3026.0,3028.0,11.261
2025-03-26 01:00:00+00:00,3028.0,3028.0,3025.0,3026.0,11.548
2025-03-26 01:30:00+00:00,3027.0,3029.0,3023.0,3029.0,210.665
2025-03-26 02:00:00+00:00,3027.0,3037.0,3027.0,3036.0,47.967
2025-03-26 02:30:00+00:00,3035.0,3037.0,3030.0,3033.0,19.9188
2025-03-26 03:00:00+00:00,3033.0,3033.0,3029.0,3029.0,2.913
2025-03-26 03:30:00+00:00,3030.0,3030.0,3025.0,3027.0,9.4482
2025-03-26 04:00:00+00:00,3027.0,3028.0,3025.0,3027.0,7.3122
2025-03-26 04:30:00+00:00,3027.0,3028.0,3023.0,3023.0,24.8988
2025-03-26 05:00:00+00:00,3025.0,3025.0,3020.0,3020.0,4.3985
2025-03-26 05:30:00+00:00,3021.0,3029.0,3020.0,3029.0,14.6262
2025-03-26 06:00:00+00:00,3028.0,3031.0,3028.0,3031.0,3.3039
2025-03-26 06:30:00+00:00,3031.0,3033.0,3029.0,3032.0,7.9694
2025-03-26 07:00:00+00:00,3031.0,3033.0,3031.0,3033.0,5.6191
2025-03-26 07:30:00+00:00,3032.0,3036.0,3032.0,3035.0,17.8771
2025-03-26 08:00:00+00:00,3036.0,3036.0,3035.0,3036.0,5.7146
2025-03-26 08:30:00+00:00,3036.0,3036.0,3032.0,3032.0,5.0006
2025-03-26 09:00:00+00:00,3033.0,3034.0,3030.0,3031.0,25.8916
2025-03-26 09:30:00+00:00,3032.0,3032.0,3027.0,3028.0,17.2181
2025-03-26 10:00:00+00:00,3028.0,3032.0,3027.0,3030.0,8.3482
2025-03-26 10:30:00+00:00,3030.0,3033.0,3028.0,3030.0,49.9139
2025-03-26 11:00:00+00:00,3030.0,3033.0,3029.0,3033.0,35.9173
2025-03-26 11:30:00+00:00,3032.0,3036.0,3032.0,3034.0,32.2377
2025-03-26 12:00:00+00:00,3035.0,3036.0,3033.0,3034.0,13.3621
2025-03-26 12:30:00+00:00,3034.0,3037.0,3033.0,3037.0,4.959
2025-03-26 13:00:00+00:00,3037.0,3037.0,3031.0,3031.0,13.9288
2025-03-26 13:30:00+00:00,3031.0,3033.0,3021.0,3021.0,97.5234
2025-03-26 14:00:00+00:00,3022.0,3025.0,3020.0,3020.0,42.4823
2025-03-26 14:30:00+00:00,3021.0,3026.0,3020.0,3026.0,5.3523
2025-03-26 15:00:00+00:00,3024.0,3024.0,3017.0,3020.0,46.1303
2025-03-26 15:30:00+00:00,3021.0,3024.0,3020.0,3022.0,16.7139
2025-03-26 16:00:00+00:00,3022.0,3023.0,3020.0,3022.0,15.8078
2025-03-26 16:30:00+00:00,3023.0,3024.0,3020.0,3020.0,5.5415
2025-03-26 17:00:00+00:00,3020.0,3021.0,3019.0,3021.0,10.3397
2025-03-26 17:30:00+00:00,3021.0,3021.0,3018.0,3020.0,19.5313
2025-03-26 18:00:00+00:00,3020.0,3024.0,3020.0,3023.0,20.0755
2025-03-26 18:30:00+00:00,3023.0,3024.0,3020.0,3020.0,5.1045
2025-03-26 19:00:00+00:00,3022.0,3022.0,3019.0,3020.0,15.9748
2025-03-26 19:30:00+00:00,3022.0,3023.0,3020.0,3021.0,6.4351
2025-03-26 20:00:00+00:00,3021.0,3024.0,3021.0,3023.0,6.8509
2025-03-26 20:30:00+00:00,3023.0,3024.0,3023.0,3023.0,14.4306
2025-03-26 21:00:00+00:00,3023.0,3024.0,3022.0,3024.0,1.4875
2025-03-26 21:30:00+00:00,3023.0,3026.0,3021.0,3025.0,15.2695
2025-03-26 22:00:00+00:00,3024.0,3024.0,3020.0,3022.0,41.4334
2025-03-26 22:30:00+00:00,3023.0,3025.0,3021.0,3024.0,31.1727
2025-03-26 23:00:00+00:00,3024.0,3024.0,3022.0,3024.0,6.2933
2025-03-26 23:30:00+00:00,3022.0,3024.0,3022.0,3023.0,5.1802
2025-03-27 00:00:00+00:00,3024.0,3030.0,3024.0,3027.0,21.337
2025-03-27 00:30:00+00:00,3027.0,3030.0,3027.0,3029.0,5.2278
2025-03-27 01:00:00+00:00,3030.0,3031.0,3029.0,3031.0,12.9198
2025-03-27 01:30:00+00:00,3030.0,3031.0,3029.0,3030.0,5.7824
2025-03-27 02:00:00+00:00,3029.0,3031.0,3029.0,3031.0,8.6767
2025-03-27 02:30:00+00:00,3031.0,3036.0,3030.0,3036.0,34.7166
2025-03-27 03:00:00+00:00,3035.0,3036.0,3033.0,3034.0,23.0196
2025-03-27 03:30:00+00:00,3035.0,3036.0,3034.0,3035.0,5.6628
2025-03-27 04:00:00+00:00,3036.0,3038.0,3036.0,3038.0,7.3586
2025-03-27 04:30:00+00:00,3038.0,3040.0,3038.0,3039.0,4.3
2025-03-27 05:00:00+00:00,3040.0,3042.0,3039.0,3042.0,25.9389
2025-03-27 05:30:00+00:00,3040.0,3043.0,3039.0,3040.0,17.194
2025-03-27 06:00:00+00:00,3039.0,3042.0,3037.0,3041.0,65.8254
2025-03-27 06:30:00+00:00,3041.0,3041.0,3035.0,3040.0,50.8977
2025-03-27 07:00:00+00:00,3038.0,3044.0,3038.0,3043.0,59.7827
2025-03-27 07:30:00+00:00,3043.0,3044.0,3041.0,3044.0,8.961
2025-03-27 08:00:00+00:00,3043.0,3052.0,3043.0,3048.0,111.0924
2025-03-27 08:30:00+00:00,3048.0,3049.0,3046.0,3048.0,57.0652
2025-03-27 09:00:00+00:00,3048.0,3050.0,3048.0,3049.0,25.517
2025-03-27 09:30:00+00:00,3048.0,3052.0,3048.0,3051.0,51.8094
2025-03-27 10:00:00+00:00,3051.0,3059.0,3049.0,3059.0,52.5223
2025-03-27 10:30:00+00:00,3059.0,3068.0,3058.0,3062.0,296.6707
2025-03-27 11:00:00+00:00,3062.0,3062.0,3058.0,3061.0,123.5224
2025-03-27 11:30:00+00:00,3060.0,3063.0,3059.0,3062.0,66.0595
2025-03-27 12:00:00+00:00,3062.0,3063.0,3053.0,3060.0,193.4709
2025-03-27 12:30:00+00:00,3059.0,3061.0,3057.0,3059.0,47.5673
2025-03-27 13:00:00+00:00,3058.0,3060.0,3048.0,3055.0,123.8655
2025-03-27 13:30:00+00:00,3053.0,3055.0,3042.0,3049.0,75.9228
2025-03-27 14:00:00+00:00,3049.0,3058.0,3049.0,3058.0,47.0394
2025-03-27 14:30:00+00:00,3058.0,3063.0,3057.0,3063.0,89.8021
2025-03-27 15:00:00+00:00,3062.0,3062.0,3054.0,3061.0,203.987
2025-03-27 15:30:00+00:00,3059.0,3064.0,3059.0,3062.0,41.3589
2025-03-27 16:00:00+00:00,3061.0,3063.0,3057.0,3058.0,63.3233
2025-03-27 16:30:00+00:00,3057.0,3059.0,3053.0,3054.0,20.5404
2025-03-27 17:00:00+00:00,3054.0,3055.0,3053.0,3054.0,41.8965
2025-03-27 17:30:00+00:00,3054.0,3055.0,3050.0,3054.0,63.072
2025-03-27 18:00:00+00:00,3054.0,3058.0,3053.0,3058.0,17.5174
2025-03-27 18:30:00+00:00,3057.0,3060.0,3056.0,3058.0,16.5784
2025-03-27 19:00:00+00:00,3059.0,3060.0,3057.0,3059.0,18.8318
2025-03-27 19:30:00+00:00,3058.0,3061.0,3057.0,3059.0,9.6404
2025-03-27 20:00:00+00:00,3059.0,3060.0,3057.0,3060.0,12.0617
2025-03-27 20:30:00+00:00,3058.0,3061.0,3058.0,3061.0,9.5118
2025-03-27 21:00:00+00:00,3060.0,3062.0,3059.0,3060.0,16.0173
2025-03-27 21:30:00+00:00,3060.0,3061.0,3057.0,3058.0,14.722
2025-03-27 22:00:00+00:00,3058.0,3059.0,3057.0,3058.0,10.3568
2025-03-27 22:30:00+00:00,3059.0,3060.0,3057.0,3058.0,9.0889
2025-03-27 23:00:00+00:00,3058.0,3060.0,3057.0,3058.0,15.7953
2025-03-27 23:30:00+00:00,3059.0,3061.0,3058.0,3059.0,6.7616
2025-03-28 00:00:00+00:00,3059.0,3064.0,3059.0,3064.0,108.8361
2025-03-28 00:30:00+00:00,3064.0,3064.0,3060.0,3062.0,87.3991
2025-03-28 01:00:00+00:00,3062.0,3065.0,3060.0,3064.0,58.5323
2025-03-28 01:30:00+00:00,3065.0,3073.0,3064.0,3070.0,165.7271
2025-03-28 02:00:00+00:00,3068.0,3076.0,3068.0,3075.0,60.6393
2025-03-28 02:30:00+00:00,3075.0,3077.0,3072.0,3074.0,48.9268
2025-03-28 03:00:00+00:00,3074.0,3075.0,3069.0,3074.0,26.7255
2025-03-28 03:30:00+00:00,3075.0,3075.0,3071.0,3073.0,20.9454
2025-03-28 04:00:00+00:00,3073.0,3076.0,3072.0,3076.0,17.2018
2025-03-28 04:30:00+00:00,3075.0,3076.0,3069.0,3071.0,97.9902
2025-03-28 05:00:00+00:00,3071.0,3080.0,3070.0,3077.0,66.6197
2025-03-28 05:30:00+00:00,3077.0,3084.0,3077.0,3081.0,76.4187
2025-03-28 06:00:00+00:00,3080.0,3089.0,3077.0,3088.0,82.7604
2025-03-28 06:30:00+00:00,3088.0,3089.0,3082.0,3087.0,32.6574
2025-03-28 07:00:00+00:00,3087.0,3088.0,3065.0,3081.0,163.8844
2025-03-28 07:30:00+00:00,3081.0,3083.0,3071.0,3082.0,161.538
2025-03-28 08:00:00+00:00,3081.0,3086.0,3074.0,3074.0,121.0862
2025-03-28 08:30:00+00:00,3074.0,3084.0,3074.0,3083.0,54.3975
2025-03-28 09:00:00+00:00,3083.0,3084.0,3078.0,3079.0,67.0465
2025-03-28 09:30:00+00:00,3080.0,3083.0,3078.0,3083.0,38.8361
2025-03-28 10:00:00+00:00,3082.0,3085.0,3079.0,3081.0,276.1115
2025-03-28 10:30:00+00:00,3082.0,3086.0,3078.0,3080.0,80.1512
2025-03-28 11:00:00+00:00,3080.0,3083.0,3078.0,3083.0,50.7564
2025-03-28 11:30:00+00:00,3082.0,3083.0,3081.0,3082.0,74.4127
2025-03-28 12:00:00+00:00,3082.0,3083.0,3080.0,3083.0,16.3609
2025-03-28 12:30:00+00:00,3083.0,3088.0,3082.0,3087.0,85.1228
2025-03-28 13:00:00+00:00,3087.0,3091.0,3080.0,3084.0,78.1481
2025-03-28 13:30:00+00:00,3083.0,3091.0,3079.0,3090.0,65.282
2025-03-28 14:00:00+00:00,3089.0,3098.0,3085.0,3087.0,270.9125
2025-03-28 14:30:00+00:00,3087.0,3087.0,3075.0,3076.0,172.4201
2025-03-28 15:00:00+00:00,3078.0,3084.0,3076.0,3083.0,61.5754
2025-03-28 15:30:00+00:00,3084.0,3091.0,3081.0,3088.0,113.0951
2025-03-28 16:00:00+00:00,3088.0,3091.0,3087.0,3088.0,36.015
2025-03-28 16:30:00+00:00,3088.0,3090.0,3084.0,3088.0,57.675
2025-03-28 17:00:00+00:00,3087.0,3089.0,3085.0,3088.0,40.4031
2025-03-28 17:30:00+00:00,3087.0,3089.0,3084.0,3084.0,42.0384
2025-03-28 18:00:00+00:00,3085.0,3090.0,3084.0,3089.0,90.5594
2025-03-28 18:30:00+00:00,3090.0,3091.0,3084.0,3086.0,81.6633
2025-03-28 19:00:00+00:00,3085.0,3088.0,3085.0,3086.0,33.1992
2025-03-28 19:30:00+00:00,3086.0,3090.0,3086.0,3088.0,34.5457
2025-03-28 20:00:00+00:00,3088.0,3094.0,3088.0,3092.0,47.7033
2025-03-28 20:30:00+00:00,3092.0,3093.0,3089.0,3090.0,52.6666
2025-03-28 21:00:00+00:00,3090.0,3095.0,3090.0,3094.0,21.4267
2025-03-28 21:30:00+00:00,3094.0,3098.0,3092.0,3094.0,20.4015
2025-03-28 22:00:00+00:00,3094.0,3098.0,3093.0,3097.0,35.1854
2025-03-28 22:30:00+00:00,3096.0,3097.0,3094.0,3096.0,10.9027
2025-03-28 23:00:00+00:00,3096.0,3096.0,3094.0,3094.0,23.9641
2025-03-28 23:30:00+00:00,3095.0,3095.0,3091.0,3093.0,19.2784
2025-03-29 00:00:00+00:00,3092.0,3095.0,3090.0,3095.0,47.6687
2025-03-29 00:30:00+00:00,3095.0,3097.0,3093.0,3094.0,15.4033
2025-03-29 01:00:00+00:00,3094.0,3094.0,3090.0,3090.0,39.813
2025-03-29 01:30:00+00:00,3090.0,3094.0,3090.0,3092.0,11.5088
2025-03-29 02:00:00+00:00,3091.0,3097.0,3091.0,3097.0,45.6489
2025-03-29 02:30:00+00:00,3097.0,3097.0,3095.0,3097.0,11.0058
2025-03-29 03:00:00+00:00,3096.0,3097.0,3094.0,3094.0,55.5689
2025-03-29 03:30:00+00:00,3095.0,3114.0,3094.0,3100.0,228.5071
2025-03-29 04:00:00+00:00,3100.0,3110.0,3095.0,3105.0,130.7657
2025-03-29 04:30:00+00:00,3105.0,3106.0,3096.0,3097.0,37.4688
2025-03-29 05:00:00+00:00,3098.0,3104.0,3097.0,3098.0,23.0931
2025-03-29 05:30:00+00:00,3098.0,3104.0,3096.0,3104.0,34.3759
2025-03-29 06:00:00+00:00,3102.0,3102.0,3094.0,3096.0,26.5698
2025-03-29 06:30:00+00:00,3096.0,3101.0,3095.0,3100.0,11.9221
2025-03-29 07:00:00+00:00,3100.0,3103.0,3099.0,3099.0,23.0665
2025-03-29 07:30:00+00:00,3100.0,3102.0,3096.0,3097.0,31.7221
2025-03-29 08:00:00+00:00,3096.0,3098.0,3092.0,3097.0,28.6813
2025-03-29 08:30:00+00:00,3096.0,3102.0,3096.0,3100.0,15.6773
2025-03-29 09:00:00+00:00,3099.0,3102.0,3097.0,3100.0,21.2171
2025-03-29 09:30:00+00:00,3099.0,3106.0,3096.0,3102.0,67.2511
2025-03-29 10:00:00+00:00,3101.0,3105.0,3100.0,3104.0,29.2598
2025-03-29 10:30:00+00:00,3104.0,3107.0,3100.0,3106.0,45.0175
2025-03-29 11:00:00+00:00,3106.0,3107.0,3102.0,3105.0,69.8139
2025-03-29 11:30:00+00:00,3105.0,3110.0,3105.0,3109.0,119.7307
2025-03-29 12:00:00+00:00,3109.0,3110.0,3105.0,3106.0,35.0735
2025-03-29 12:30:00+00:00,3106.0,3109.0,3105.0,3109.0,30.1068
2025-03-29 13:00:00+00:00,3109.0,3112.0,3107.0,3110.0,74.3086
2025-03-29 13:30:00+00:00,3110.0,3116.0,3103.0,3110.0,132.6621
2025-03-29 14:00:00+00:00,3111.0,3112.0,3108.0,3110.0,46.6951
2025-03-29 14:30:00+00:00,3110.0,3112.0,3107.0,3110.0,69.2277
2025-03-29 15:00:00+00:00,3110.0,3112.0,3108.0,3111.0,43.8222
2025-03-29 15:30:00+00:00,3111.0,3112.0,3108.0,3111.0,50.8416
2025-03-29 16:00:00+00:00,3111.0,3112.0,3108.0,3111.0,29.6584
2025-03-29 16:30:00+00:00,3112.0,3112.0,3104.0,3108.0,43.9396
2025-03-29 17:00:00+00:00,3108.0,3110.0,3105.0,3110.0,45.4559
2025-03-29 17:30:00+00:00,3108.0,3112.0,3108.0,3110.0,44.2132
2025-03-29 18:00:00+00:00,3110.0,3112.0,3110.0,3112.0,21.4471
2025-03-29 18:30:00+00:00,3112.0,3113.0,3109.0,3111.0,51.2635
2025-03-29 19:00:00+00:00,3109.0,3111.0,3108.0,3109.0,8.5237
2025-03-29 19:30:00+00:00,3109.0,3112.0,3108.0,3111.0,33.1685
2025-03-29 20:00:00+00:00,3110.0,3111.0,3108.0,3111.0,28.7425
2025-03-29 20:30:00+00:00,3110.0,3111.0,3109.0,3111.0,24.4796
2025-03-29 21:00:00+00:00,3111.0,3112.0,3109.0,3112.0,33.6296
2025-03-29 21:30:00+00:00,3112.0,3112.0,3108.0,3110.0,21.33
2025-03-29 22:00:00+00:00,3109.0,3112.0,3109.0,3111.0,25.5939
2025-03-29 22:30:00+00:00,3111.0,3113.0,3109.0,3112.0,39.5196
2025-03-29 23:00:00+00:00,3112.0,3112.0,3109.0,3110.0,30.569
2025-03-29 23:30:00+00:00,3110.0,3121.0,3109.0,3119.0,109.4346
2025-03-30 00:00:00+00:00,3119.0,3122.0,3117.0,3122.0,63.0406
2025-03-30 00:30:00+00:00,3121.0,3124.0,3119.0,3120.0,80.416
2025-03-30 01:00:00+00:00,3121.0,3127.0,3119.0,3127.0,69.5381
2025-03-30 01:30:00+00:00,3126.0,3128.0,3121.0,3121.0,59.5762
2025-03-30 02:00:00+00:00,3121.0,3125.0,3119.0,3121.0,52.0399
2025-03-30 02:30:00+00:00,3121.0,3125.0,3121.0,3125.0,17.4748
2025-03-30 03:00:00+00:00,3125.0,3125.0,3119.0,3119.0,8.7489
2025-03-30 03:30:00+00:00,3120.0,3126.0,3118.0,3124.0,16.4184
2025-03-30 04:00:00+00:00,3123.0,3127.0,3118.0,3118.0,34.4148
2025-03-30 04:30:00+00:00,3118.0,3120.0,3117.0,3119.0,17.2872
2025-03-30 05:00:00+00:00,3120.0,3122.0,3117.0,3122.0,14.1812
2025-03-30 05:30:00+00:00,3122.0,3123.0,3117.0,3117.0,21.4484
2025-03-30 06:00:00+00:00,3118.0,3122.0,3117.0,3121.0,19.8587
2025-03-30 06:30:00+00:00,3122.0,3123.0,3120.0,3123.0,8.4983
2025-03-30 07:00:00+00:00,3123.0,3125.0,3121.0,3122.0,16.7618
2025-03-30 07:30:00+00:00,3121.0,3122.0,3117.0,3118.0,23.2666
2025-03-30 08:00:00+00:00,3118.0,3119.0,3116.0,3116.0,18.7473
2025-03-30 08:30:00+00:00,3117.0,3118.0,3115.0,3116.0,17.2877
2025-03-30 09:00:00+00:00,3116.0,3124.0,3115.0,3120.0,46.4599
2025-03-30 09:30:00+00:00,3120.0,3123.0,3118.0,3120.0,21.3904
2025-03-30 10:00:00+00:00,3118.0,3122.0,3118.0,3119.0,28.7955
2025-03-30 10:30:00+00:00,3119.0,3125.0,3117.0,3124.0,45.024
2025-03-30 11:00:00+00:00,3124.0,3128.0,3123.0,3127.0,35.8787
2025-03-30 11:30:00+00:00,3127.0,3129.0,3126.0,3128.0,17.7282
2025-03-30 12:00:00+00:00,3128.0,3129.0,3123.0,3124.0,55.2602
2025-03-30 12:30:00+00:00,3124.0,3129.0,3123.0,3128.0,69.0908
2025-03-30 13:00:00+00:00,3128.0,3129.0,3127.0,3129.0,14.9777
2025-03-30 13:30:00+00:00,3129.0,3130.0,3126.0,3127.0,30.598
2025-03-30 14:00:00+00:00,3128.0,3135.0,3127.0,3132.0,79.9798
2025-03-30 14:30:00+00:00,3131.0,3137.0,3130.0,3135.0,54.4115
2025-03-30 15:00:00+00:00,3135.0,3136.0,3131.0,3131.0,47.2978
2025-03-30 15:30:00+00:00,3132.0,3133.0,3130.0,3132.0,15.1891
2025-03-30 16:00:00+00:00,3132.0,3135.0,3128.0,3129.0,25.3097
2025-03-30 16:30:00+00:00,3128.0,3138.0,3128.0,3136.0,54.9267
2025-03-30 17:00:00+00:00,3135.0,3145.0,3135.0,3143.0,85.1154
2025-03-30 17:30:00+00:00,3142.0,3143.0,3141.0,3143.0,49.9994
2025-03-30 18:00:00+00:00,3142.0,3143.0,3116.0,3133.0,185.2507
2025-03-30 18:30:00+00:00,3134.0,3139.0,3120.0,3128.0,123.0225
2025-03-30 19:00:00+00:00,3127.0,3131.0,3117.0,3118.0,86.6832
2025-03-30 19:30:00+00:00,3118.0,3128.0,3117.0,3118.0,77.8408
2025-03-30 20:00:00+00:00,3117.0,3126.0,3115.0,3123.0,53.4968
2025-03-30 20:30:00+00:00,3124.0,3124.0,3111.0,3112.0,91.7337
2025-03-30 21:00:00+00:00,3114.0,3121.0,3112.0,3115.0,62.1135
2025-03-30 21:30:00+00:00,3113.0,3117.0,3109.0,3111.0,39.5694
2025-03-30 22:00:00+00:00,3110.0,3122.0,3108.0,3112.0,190.3763
2025-03-30 22:30:00+00:00,3112.0,3112.0,3108.0,3111.0,53.9037
2025-03-30 23:00:00+00:00,3111.0,3112.0,3109.0,3112.0,23.0616
2025-03-30 23:30:00+00:00,3111.0,3112.0,3108.0,3109.0,20.1983
2025-03-31 00:00:00+00:00,3110.0,3113.0,3106.0,3109.0,46.1582
2025-03-31 00:30:00+00:00,3109.0,3121.0,3106.0,3112.0,252.5225
2025-03-31 01:00:00+00:00,3112.0,3124.0,3110.0,3122.0,86.3036
2025-03-31 01:30:00+00:00,3122.0,3127.0,3119.0,3123.0,110.653
2025-03-31 02:00:00+00:00,3123.0,3126.0,3116.0,3122.0,193.9995
2025-03-31 02:30:00+00:00,3120.0,3124.0,3118.0,3120.0,68.3337
2025-03-31 03:00:00+00:00,3120.0,3132.0,3120.0,3130.0,111.0222
2025-03-31 03:30:00+00:00,3131.0,3136.0,3127.0,3127.0,115.9615
2025-03-31 04:00:00+00:00,3127.0,3131.0,3119.0,3130.0,78.1351
2025-03-31 04:30:00+00:00,3130.0,3138.0,3130.0,3136.0,52.5156
2025-03-31 05:00:00+00:00,3138.0,3138.0,3132.0,3135.0,162.9325
2025-03-31 05:30:00+00:00,3136.0,3139.0,3123.0,3131.0,175.6225
2025-03-31 06:00:00+00:00,3131.0,3148.0,3130.0,3143.0,174.756
2025-03-31 06:30:00+00:00,3144.0,3145.0,3134.0,3143.0,88.7779
2025-03-31 07:00:00+00:00,3145.0,3155.0,3144.0,3150.0,158.5478
2025-03-31 07:30:00+00:00,3149.0,3157.0,3146.0,3153.0,218.4426
2025-03-31 08:00:00+00:00,3155.0,3162.0,3147.0,3148.0,159.1364
2025-03-31 08:30:00+00:00,3150.0,3153.0,3137.0,3146.0,198.976
2025-03-31 09:00:00+00:00,3146.0,3150.0,3138.0,3144.0,106.3745
2025-03-31 09:30:00+00:00,3144.0,3145.0,3137.0,3145.0,95.5505
2025-03-31 10:00:00+00:00,3143.0,3149.0,3140.0,3147.0,101.0379
2025-03-31 10:30:00+00:00,3147.0,3153.0,3147.0,3149.0,99.1346
2025-03-31 11:00:00+00:00,3148.0,3149.0,3134.0,3142.0,152.4675
2025-03-31 11:30:00+00:00,3142.0,3147.0,3141.0,3144.0,75.7654
2025-03-31 12:00:00+00:00,3142.0,3145.0,3136.0,3142.0,108.7531
2025-03-31 12:30:00+00:00,3142.0,3154.0,3139.0,3154.0,140.1328
2025-03-31 13:00:00+00:00,3152.0,3161.0,3146.0,3150.0,402.844
2025-03-31 13:30:00+00:00,3150.0,3151.0,3135.0,3144.0,321.2341
2025-03-31 14:00:00+00:00,3145.0,3154.0,3144.0,3154.0,134.2833
2025-03-31 14:30:00+00:00,3154.0,3166.0,3151.0,3163.0,268.158
2025-03-31 15:00:00+00:00,3163.0,3165.0,3151.0,3151.0,449.5665
2025-03-31 15:30:00+00:00,3151.0,3158.0,3148.0,3148.0,95.7888
2025-03-31 16:00:00+00:00,3149.0,3151.0,3147.0,3148.0,28.53
2025-03-31 16:30:00+00:00,3148.0,3154.0,3142.0,3145.0,135.4994
2025-03-31 17:00:00+00:00,3144.0,3150.0,3141.0,3144.0,110.7896
2025-03-31 17:30:00+00:00,3144.0,3146.0,3142.0,3144.0,38.8447
2025-03-31 18:00:00+00:00,3145.0,3152.0,3143.0,3148.0,111.4891
2025-03-31 18:30:00+00:00,3146.0,3149.0,3140.0,3143.0,93.9736
2025-03-31 19:00:00+00:00,3144.0,3152.0,3142.0,3150.0,73.4021
2025-03-31 19:30:00+00:00,3151.0,3154.0,3147.0,3148.0,36.376
2025-03-31 20:00:00+00:00,3147.0,3154.0,3146.0,3154.0,23.0839
2025-03-31 20:30:00+00:00,3153.0,3158.0,3146.0,3147.0,56.444
2025-03-31 21:00:00+00:00,3147.0,3148.0,3144.0,3144.0,25.9358
2025-03-31 21:30:00+00:00,3144.0,3146.0,3142.0,3142.0,31.1978
2025-03-31 22:00:00+00:00,3142.0,3149.0,3142.0,3146.0,74.7864
2025-03-31 22:30:00+00:00,3148.0,3148.0,3144.0,3144.0,43.1771
2025-03-31 23:00:00+00:00,3144.0,3148.0,3143.0,3148.0,39.3723
2025-03-31 23:30:00+00:00,3146.0,3149.0,3146.0,3149.0,35.5592
2025-04-01 00:00:00+00:00,3148.0,3156.0,3146.0,3156.0,45.0872
2025-04-01 00:30:00+00:00,3154.0,3163.0,3153.0,3153.0,126.636
2025-04-01 01:00:00+00:00,3153.0,3165.0,3153.0,3164.0,42.3977
2025-04-01 01:30:00+00:00,3163.0,3165.0,3159.0,3159.0,65.5707
2025-04-01 02:00:00+00:00,3159.0,3163.0,3157.0,3162.0,65.9187
2025-04-01 02:30:00+00:00,3162.0,3165.0,3160.0,3161.0,64.7937
2025-04-01 03:00:00+00:00,3161.0,3165.0,3157.0,3160.0,105.0654
2025-04-01 03:30:00+00:00,3161.0,3164.0,3159.0,3164.0,70.9761
2025-04-01 04:00:00+00:00,3163.0,3170.0,3163.0,3169.0,81.4986
2025-04-01 04:30:00+00:00,3168.0,3171.0,3166.0,3169.0,40.6507
2025-04-01 05:00:00+00:00,3169.0,3177.0,3166.0,3177.0,250.6582
2025-04-01 05:30:00+00:00,3176.0,3181.0,3166.0,3166.0,126.6912
2025-04-01 06:00:00+00:00,3166.0,3172.0,3159.0,3171.0,135.0727
2025-04-01 06:30:00+00:00,3171.0,3175.0,3161.0,3162.0,60.5094
2025-04-01 07:00:00+00:00,3162.0,3165.0,3158.0,3159.0,94.4526
2025-04-01 07:30:00+00:00,3159.0,3160.0,3152.0,3155.0,118.9918
2025-04-01 08:00:00+00:00,3154.0,3165.0,3154.0,3161.0,64.9784
2025-04-01 08:30:00+00:00,3162.0,3162.0,3144.0,3145.0,164.5602
2025-04-01 09:00:00+00:00,3145.0,3153.0,3143.0,3152.0,93.7406
2025-04-01 09:30:00+00:00,3153.0,3154.0,3148.0,3150.0,28.2577
2025-04-01 10:00:00+00:00,3150.0,3158.0,3149.0,3157.0,51.3849
2025-04-01 10:30:00+00:00,3157.0,3158.0,3154.0,3157.0,32.6702
2025-04-01 11:00:00+00:00,3157.0,3161.0,3152.0,3153.0,59.0384
2025-04-01 11:30:00+00:00,3153.0,3154.0,3150.0,3151.0,31.7139
2025-04-01 12:00:00+00:00,3150.0,3155.0,3147.0,3152.0,43.2271
2025-04-01 12:30:00+00:00,3151.0,3155.0,3151.0,3153.0,25.5786
2025-04-01 13:00:00+00:00,3154.0,3155.0,3148.0,3148.0,51.412
2025-04-01 13:30:00+00:00,3148.0,3152.0,3147.0,3152.0,75.4827
2025-04-01 14:00:00+00:00,3151.0,3152.0,3143.0,3149.0,138.1995
2025-04-01 14:30:00+00:00,3149.0,3152.0,3146.0,3149.0,80.7873
2025-04-01 15:00:00+00:00,3149.0,3152.0,3142.0,3149.0,141.3596
2025-04-01 15:30:00+00:00,3148.0,3150.0,3135.0,3135.0,154.7181
2025-04-01 16:00:00+00:00,3136.0,3137.0,3126.0,3132.0,400.0456
2025-04-01 16:30:00+00:00,3133.0,3139.0,3129.0,3131.0,230.6304
2025-04-01 17:00:00+00:00,3131.0,3139.0,3125.0,3138.0,180.4504
2025-04-01 17:30:00+00:00,3138.0,3140.0,3128.0,3129.0,119.2393
2025-04-01 18:00:00+00:00,3128.0,3134.0,3128.0,3134.0,65.0081
2025-04-01 18:30:00+00:00,3133.0,3136.0,3130.0,3131.0,45.8847
2025-04-01 19:00:00+00:00,3132.0,3140.0,3130.0,3137.0,69.414
2025-04-01 19:30:00+00:00,3136.0,3146.0,3132.0,3133.0,111.2606
2025-04-01 20:00:00+00:00,3134.0,3135.0,3130.0,3133.0,126.5493
2025-04-01 20:30:00+00:00,3134.0,3135.0,3132.0,3133.0,61.268
2025-04-01 21:00:00+00:00,3134.0,3136.0,3131.0,3132.0,23.4121
2025-04-01 21:30:00+00:00,3132.0,3136.0,3131.0,3135.0,13.467
2025-04-01 22:00:00+00:00,3135.0,3136.0,3130.0,3130.0,24.6826
2025-04-01 22:30:00+00:00,3131.0,3138.0,3130.0,3135.0,41.8624
2025-04-01 23:00:00+00:00,3135.0,3139.0,3132.0,3137.0,16.4894
2025-04-01 23:30:00+00:00,3137.0,3138.0,3131.0,3132.0,14.0325
2025-04-02 00:00:00+00:00,3132.0,3132.0,3124.0,3131.0,155.2049
2025-04-02 00:30:00+00:00,3132.0,3139.0,3131.0,3138.0,65.6733
2025-04-02 01:00:00+00:00,3138.0,3145.0,3137.0,3145.0,55.5684
2025-04-02 01:30:00+00:00,3145.0,3150.0,3142.0,3147.0,83.5581
2025-04-02 02:00:00+00:00,3148.0,3148.0,3141.0,3142.0,80.7823
2025-04-02 02:30:00+00:00,3141.0,3145.0,3141.0,3141.0,57.2358
2025-04-02 03:00:00+00:00,3141.0,3141.0,3132.0,3134.0,106.0005
2025-04-02 03:30:00+00:00,3135.0,3140.0,3134.0,3137.0,31.6289
2025-04-02 04:00:00+00:00,3137.0,3142.0,3135.0,3137.0,25.6122
2025-04-02 04:30:00+00:00,3135.0,3135.0,3126.0,3132.0,41.57
2025-04-02 05:00:00+00:00,3132.0,3141.0,3120.0,3133.0,147.2607
2025-04-02 05:30:00+00:00,3133.0,3135.0,3125.0,3134.0,47.9215
2025-04-02 06:00:00+00:00,3134.0,3137.0,3129.0,3130.0,15.4668
2025-04-02 06:30:00+00:00,3129.0,3133.0,3123.0,3130.0,47.0971
2025-04-02 07:00:00+00:00,3131.0,3132.0,3123.0,3126.0,46.3625
2025-04-02 07:30:00+00:00,3126.0,3133.0,3125.0,3131.0,21.4041
2025-04-02 08:00:00+00:00,3132.0,3143.0,3128.0,3136.0,75.2942
2025-04-02 08:30:00+00:00,3136.0,3147.0,3135.0,3144.0,50.0737
2025-04-02 09:00:00+00:00,3145.0,3145.0,3135.0,3138.0,44.9911
2025-04-02 09:30:00+00:00,3138.0,3140.0,3135.0,3140.0,20.4352
2025-04-02 10:00:00+00:00,3140.0,3145.0,3139.0,3140.0,24.2695
2025-04-02 10:30:00+00:00,3140.0,3143.0,3128.0,3131.0,87.8236
2025-04-02 11:00:00+00:00,3132.0,3133.0,3125.0,3132.0,52.2505
2025-04-02 11:30:00+00:00,3133.0,3135.0,3127.0,3130.0,41.4279
2025-04-02 12:00:00+00:00,3133.0,3139.0,3129.0,3136.0,24.6318
2025-04-02 12:30:00+00:00,3136.0,3144.0,3135.0,3141.0,38.0518
2025-04-02 13:00:00+00:00,3140.0,3142.0,3136.0,3138.0,36.6072
2025-04-02 13:30:00+00:00,3137.0,3144.0,3134.0,3135.0,42.9173
2025-04-02 14:00:00+00:00,3135.0,3138.0,3130.0,3138.0,58.873
2025-04-02 14:30:00+00:00,3137.0,3140.0,3135.0,3140.0,65.5339
2025-04-02 15:00:00+00:00,3140.0,3140.0,3136.0,3136.0,67.1739
2025-04-02 15:30:00+00:00,3137.0,3140.0,3132.0,3134.0,123.6323
2025-04-02 16:00:00+00:00,3133.0,3140.0,3132.0,3140.0,103.6213
2025-04-02 16:30:00+00:00,3140.0,3141.0,3137.0,3139.0,48.9622
2025-04-02 17:00:00+00:00,3139.0,3139.0,3134.0,3137.0,51.1891
2025-04-02 17:30:00+00:00,3136.0,3138.0,3133.0,3138.0,36.1776
2025-04-02 18:00:00+00:00,3138.0,3138.0,3133.0,3134.0,25.1845
2025-04-02 18:30:00+00:00,3133.0,3138.0,3133.0,3137.0,29.4529
2025-04-02 19:00:00+00:00,3137.0,3139.0,3136.0,3139.0,20.2322
2025-04-02 19:30:00+00:00,3138.0,3147.0,3138.0,3144.0,129.2776
2025-04-02 20:00:00+00:00,3144.0,3148.0,3126.0,3147.0,420.2789
2025-04-02 20:30:00+00:00,3146.0,3155.0,3143.0,3150.0,285.2625
2025-04-02 21:00:00+00:00,3151.0,3154.0,3148.0,3152.0,160.8754
2025-04-02 21:30:00+00:00,3151.0,3159.0,3141.0,3143.0,253.6776
2025-04-02 22:00:00+00:00,3143.0,3159.0,3141.0,3148.0,300.2489
2025-04-02 22:30:00+00:00,3148.0,3161.0,3146.0,3157.0,176.9545
2025-04-02 23:00:00+00:00,3157.0,3179.0,3154.0,3179.0,215.7679
2025-04-02 23:30:00+00:00,3178.0,3193.0,3176.0,3192.0,365.3356
2025-04-03 00:00:00+00:00,3191.0,3192.0,3165.0,3168.0,561.2508
2025-04-03 00:30:00+00:00,3168.0,3181.0,3168.0,3181.0,176.8037
2025-04-03 01:00:00+00:00,3181.0,3191.0,3179.0,3191.0,75.0422
2025-04-03 01:30:00+00:00,3191.0,3195.0,3182.0,3185.0,114.0503
2025-04-03 02:00:00+00:00,3184.0,3185.0,3173.0,3174.0,79.868
2025-04-03 02:30:00+00:00,3174.0,3176.0,3168.0,3168.0,157.6514
2025-04-03 03:00:00+00:00,3169.0,3173.0,3165.0,3167.0,76.7079
2025-04-03 03:30:00+00:00,3167.0,3169.0,3161.0,3168.0,152.5167
2025-04-03 04:00:00+00:00,3169.0,3170.0,3160.0,3166.0,140.7619
2025-04-03 04:30:00+00:00,3166.0,3168.0,3161.0,3163.0,45.3283
2025-04-03 05:00:00+00:00,3162.0,3163.0,3147.0,3151.0,248.4066
2025-04-03 05:30:00+00:00,3150.0,3154.0,3144.0,3151.0,150.1398
2025-04-03 06:00:00+00:00,3152.0,3155.0,3134.0,3138.0,542.5672
2025-04-03 06:30:00+00:00,3138.0,3147.0,3134.0,3143.0,112.4356
2025-04-03 07:00:00+00:00,3143.0,3146.0,3131.0,3145.0,275.7716
2025-04-03 07:30:00+00:00,3144.0,3152.0,3139.0,3149.0,190.4029
2025-04-03 08:00:00+00:00,3149.0,3152.0,3143.0,3145.0,132.1925
2025-04-03 08:30:00+00:00,3145.0,3149.0,3142.0,3146.0,113.593
2025-04-03 09:00:00+00:00,3147.0,3149.0,3136.0,3139.0,359.3977
2025-04-03 09:30:00+00:00,3140.0,3140.0,3139.0,3140.0,77.1503
2025-04-03 10:00:00+00:00,3140.0,3140.0,3127.0,3127.0,220.3176
2025-04-03 10:30:00+00:00,3127.0,3130.0,3111.0,3112.0,429.4408
2025-04-03 11:00:00+00:00,3112.0,3113.0,3104.0,3107.0,248.1069
2025-04-03 11:30:00+00:00,3107.0,3108.0,3098.0,3105.0,301.6311
2025-04-03 12:00:00+00:00,3106.0,3106.0,3092.0,3097.0,232.5848
2025-04-03 12:30:00+00:00,3095.0,3098.0,3078.0,3097.0,401.3472
2025-04-03 13:00:00+00:00,3098.0,3098.0,3078.0,3087.0,184.9861
2025-04-03 13:30:00+00:00,3087.0,3111.0,3087.0,3100.0,494.1573
2025-04-03 14:00:00+00:00,3100.0,3129.0,3100.0,3129.0,350.0339
2025-04-03 14:30:00+00:00,3129.0,3149.0,3121.0,3139.0,527.2334
2025-04-03 15:00:00+00:00,3139.0,3139.0,3116.0,3117.0,213.4767
2025-04-03 15:30:00+00:00,3117.0,3124.0,3114.0,3120.0,169.5342
2025-04-03 16:00:00+00:00,3119.0,3141.0,3119.0,3125.0,413.9245
2025-04-03 16:30:00+00:00,3126.0,3126.0,3120.0,3121.0,26.4977
2025-04-03 17:00:00+00:00,3120.0,3121.0,3114.0,3115.0,43.2752
2025-04-03 17:30:00+00:00,3114.0,3123.0,3113.0,3121.0,88.6165
2025-04-03 18:00:00+00:00,3121.0,3123.0,3114.0,3118.0,39.5818
2025-04-03 18:30:00+00:00,3120.0,3127.0,3115.0,3126.0,59.6379
2025-04-03 19:00:00+00:00,3127.0,3132.0,3122.0,3123.0,56.044
2025-04-03 19:30:00+00:00,3123.0,3123.0,3117.0,3123.0,40.2227
2025-04-03 20:00:00+00:00,3122.0,3125.0,3120.0,3122.0,63.3836
2025-04-03 20:30:00+00:00,3122.0,3128.0,3121.0,3124.0,131.6139
2025-04-03 21:00:00+00:00,3124.0,3127.0,3122.0,3127.0,28.6457
2025-04-03 21:30:00+00:00,3127.0,3128.0,3126.0,3127.0,7.6354
2025-04-03 22:00:00+00:00,3128.0,3129.0,3124.0,3126.0,42.4306
2025-04-03 22:30:00+00:00,3126.0,3129.0,3125.0,3127.0,52.3403
2025-04-03 23:00:00+00:00,3127.0,3129.0,3125.0,3128.0,17.5312
2025-04-03 23:30:00+00:00,3128.0,3129.0,3120.0,3127.0,113.2223
2025-04-04 00:00:00+00:00,3127.0,3129.0,3124.0,3126.0,54.6754
2025-04-04 00:30:00+00:00,3127.0,3127.0,3120.0,3123.0,35.1661
2025-04-04 01:00:00+00:00,3123.0,3129.0,3122.0,3127.0,39.0335
2025-04-04 01:30:00+00:00,3127.0,3127.0,3118.0,3118.0,20.901
2025-04-04 02:00:00+00:00,3119.0,3123.0,3114.0,3117.0,46.834
2025-04-04 02:30:00+00:00,3117.0,3117.0,3105.0,3108.0,78.424
2025-04-04 03:00:00+00:00,3108.0,3111.0,3104.0,3111.0,90.0507
2025-04-04 03:30:00+00:00,3111.0,3113.0,3106.0,3110.0,19.5251
2025-04-04 04:00:00+00:00,3110.0,3112.0,3106.0,3112.0,41.5072
2025-04-04 04:30:00+00:00,3113.0,3114.0,3108.0,3111.0,28.3263
2025-04-04 05:00:00+00:00,3112.0,3117.0,3111.0,3117.0,15.4025
2025-04-04 05:30:00+00:00,3116.0,3117.0,3112.0,3116.0,39.1466
2025-04-04 06:00:00+00:00,3117.0,3123.0,3117.0,3119.0,25.7262
2025-04-04 06:30:00+00:00,3120.0,3123.0,3116.0,3118.0,44.1532
2025-04-04 07:00:00+00:00,3117.0,3118.0,3111.0,3112.0,84.4175
2025-04-04 07:30:00+00:00,3113.0,3114.0,3108.0,3109.0,52.989
2025-04-04 08:00:00+00:00,3108.0,3111.0,3100.0,3101.0,84.6378
2025-04-04 08:30:00+00:00,3100.0,3110.0,3097.0,3099.0,130.6939
2025-04-04 09:00:00+00:00,3100.0,3120.0,3099.0,3114.0,138.3653
2025-04-04 09:30:00+00:00,3114.0,3116.0,3107.0,3112.0,66.1747
2025-04-04 10:00:00+00:00,3112.0,3120.0,3108.0,3119.0,69.503
2025-04-04 10:30:00+00:00,3119.0,3130.0,3116.0,3121.0,271.0098
2025-04-04 11:00:00+00:00,3121.0,3158.0,3121.0,3136.0,627.4297
2025-04-04 11:30:00+00:00,3136.0,3143.0,3114.0,3128.0,272.3379
2025-04-04 12:00:00+00:00,3127.0,3127.0,3111.0,3114.0,131.4203
2025-04-04 12:30:00+00:00,3115.0,3118.0,3092.0,3093.0,437.5529
2025-04-04 13:00:00+00:00,3093.0,3106.0,3092.0,3101.0,65.2502
2025-04-04 13:30:00+00:00,3102.0,3103.0,3091.0,3092.0,121.5949
2025-04-04 14:00:00+00:00,3092.0,3092.0,3076.0,3076.0,205.0059
2025-04-04 14:30:00+00:00,3077.0,3080.0,3065.0,3069.0,201.2761
2025-04-04 15:00:00+00:00,3070.0,3081.0,3065.0,3065.0,168.2121
2025-04-04 15:30:00+00:00,3065.0,3071.0,3053.0,3057.0,226.062
2025-04-04 16:00:00+00:00,3057.0,3059.0,3045.0,3051.0,277.2953
2025-04-04 16:30:00+00:00,3049.0,3064.0,3047.0,3052.0,175.6063
2025-04-04 17:00:00+00:00,3053.0,3055.0,3046.0,3047.0,108.0917
2025-04-04 17:30:00+00:00,3047.0,3056.0,3043.0,3050.0,101.0892
2025-04-04 18:00:00+00:00,3050.0,3055.0,3049.0,3050.0,119.8807
2025-04-04 18:30:00+00:00,3050.0,3052.0,3043.0,3047.0,75.1634
2025-04-04 19:00:00+00:00,3047.0,3059.0,3045.0,3059.0,127.5029
2025-04-04 19:30:00+00:00,3058.0,3065.0,3053.0,3062.0,98.2979
2025-04-04 20:00:00+00:00,3062.0,3066.0,3057.0,3066.0,57.5481
2025-04-04 20:30:00+00:00,3066.0,3067.0,3055.0,3056.0,87.0848
2025-04-04 21:00:00+00:00,3056.0,3059.0,3051.0,3055.0,99.5271
2025-04-04 21:30:00+00:00,3055.0,3057.0,3045.0,3050.0,105.1017
2025-04-04 22:00:00+00:00,3049.0,3051.0,3047.0,3049.0,19.7466
2025-04-04 22:30:00+00:00,3049.0,3055.0,3048.0,3053.0,49.4396
2025-04-04 23:00:00+00:00,3053.0,3058.0,3050.0,3055.0,64.4956
2025-04-04 23:30:00+00:00,3056.0,3057.0,3051.0,3055.0,18.258
2025-04-05 00:00:00+00:00,3055.0,3060.0,3053.0,3060.0,29.0521
2025-04-05 00:30:00+00:00,3059.0,3060.0,3052.0,3055.0,26.9119
2025-04-05 01:00:00+00:00,3055.0,3057.0,3050.0,3050.0,46.3579
2025-04-05 01:30:00+00:00,3050.0,3055.0,3050.0,3050.0,36.4215
2025-04-05 02:00:00+00:00,3052.0,3053.0,3050.0,3052.0,16.2499
2025-04-05 02:30:00+00:00,3051.0,3057.0,3051.0,3055.0,20.8872
2025-04-05 03:00:00+00:00,3056.0,3061.0,3055.0,3056.0,30.1314
2025-04-05 03:30:00+00:00,3056.0,3061.0,3055.0,3058.0,25.0575
2025-04-05 04:00:00+00:00,3057.0,3059.0,3055.0,3058.0,10.1747
2025-04-05 04:30:00+00:00,3058.0,3061.0,3055.0,3060.0,34.6311
2025-04-05 05:00:00+00:00,3060.0,3061.0,3057.0,3059.0,11.9618
2025-04-05 05:30:00+00:00,3059.0,3060.0,3055.0,3055.0,9.3486
2025-04-05 06:00:00+00:00,3056.0,3059.0,3055.0,3057.0,18.33
2025-04-05 06:30:00+00:00,3056.0,3060.0,3056.0,3058.0,14.092
2025-04-05 07:00:00+00:00,3058.0,3059.0,3056.0,3056.0,18.7191
2025-04-05 07:30:00+00:00,3057.0,3057.0,3055.0,3055.0,6.4034
2025-04-05 08:00:00+00:00,3055.0,3057.0,3054.0,3056.0,64.1339
2025-04-05 08:30:00+00:00,3056.0,3057.0,3052.0,3052.0,14.0751
2025-04-05 09:00:00+00:00,3052.0,3053.0,3047.0,3047.0,80.3272
2025-04-05 09:30:00+00:00,3048.0,3057.0,3048.0,3051.0,51.0817
2025-04-05 10:00:00+00:00,3052.0,3055.0,3051.0,3054.0,14.8812
2025-04-05 10:30:00+00:00,3053.0,3062.0,3052.0,3055.0,74.6321
2025-04-05 11:00:00+00:00,3055.0,3057.0,3053.0,3057.0,36.2416
2025-04-05 11:30:00+00:00,3056.0,3066.0,3055.0,3064.0,81.1343
2025-04-05 12:00:00+00:00,3064.0,3064.0,3058.0,3059.0,51.2455
2025-04-05 12:30:00+00:00,3059.0,3064.0,3058.0,3060.0,23.6863
2025-04-05 13:00:00+00:00,3061.0,3067.0,3060.0,3067.0,42.0063
2025-04-05 13:30:00+00:00,3067.0,3067.0,3064.0,3064.0,20.6669
2025-04-05 14:00:00+00:00,3065.0,3069.0,3064.0,3066.0,83.3912
2025-04-05 14:30:00+00:00,3065.0,3068.0,3064.0,3065.0,25.2043
2025-04-05 15:00:00+00:00,3065.0,3065.0,3058.0,3061.0,86.1713
2025-04-05 15:30:00+00:00,3060.0,3061.0,3058.0,3059.0,41.5277
2025-04-05 16:00:00+00:00,3059.0,3063.0,3058.0,3059.0,33.0061
2025-04-05 16:30:00+00:00,3059.0,3061.0,3058.0,3060.0,9.3178
2025-04-05 17:00:00+00:00,3059.0,3063.0,3059.0,3061.0,23.9299
2025-04-05 17:30:00+00:00,3060.0,3064.0,3060.0,3062.0,35.9548
2025-04-05 18:00:00+00:00,3062.0,3063.0,3060.0,3063.0,18.9865
2025-04-05 18:30:00+00:00,3063.0,3071.0,3060.0,3060.0,130.6547
2025-04-05 19:00:00+00:00,3060.0,3064.0,3060.0,3060.0,21.9296
2025-04-05 19:30:00+00:00,3060.0,3062.0,3059.0,3060.0,9.0323
2025-04-05 20:00:00+00:00,3061.0,3066.0,3060.0,3065.0,51.7363
2025-04-05 20:30:00+00:00,3064.0,3065.0,3061.0,3065.0,15.2419
2025-04-05 21:00:00+00:00,3065.0,3068.0,3059.0,3060.0,51.9504
2025-04-05 21:30:00+00:00,3060.0,3060.0,3058.0,3058.0,11.7717
2025-04-05 22:00:00+00:00,3058.0,3067.0,3058.0,3063.0,37.3326
2025-04-05 22:30:00+00:00,3063.0,3068.0,3062.0,3066.0,18.0417
2025-04-05 23:00:00+00:00,3066.0,3067.0,3063.0,3065.0,7.632
2025-04-05 23:30:00+00:00,3064.0,3072.0,3064.0,3068.0,43.3115
2025-04-06 00:00:00+00:00,3068.0,3069.0,3060.0,3061.0,16.2544
2025-04-06 00:30:00+00:00,3061.0,3063.0,3059.0,3060.0,25.6057
2025-04-06 01:00:00+00:00,3061.0,3063.0,3060.0,3062.0,16.1516
2025-04-06 01:30:00+00:00,3062.0,3064.0,3060.0,3061.0,16.7437
2025-04-06 02:00:00+00:00,3060.0,3061.0,3058.0,3060.0,39.1216
2025-04-06 02:30:00+00:00,3059.0,3060.0,3058.0,3060.0,9.5527
2025-04-06 03:00:00+00:00,3059.0,3063.0,3058.0,3061.0,45.2233
2025-04-06 03:30:00+00:00,3063.0,3065.0,3060.0,3064.0,30.5149
2025-04-06 04:00:00+00:00,3063.0,3068.0,3063.0,3065.0,26.6229
2025-04-06 04:30:00+00:00,3066.0,3070.0,3063.0,3067.0,20.3313
2025-04-06 05:00:00+00:00,3068.0,3069.0,3063.0,3064.0,10.6317
2025-04-06 05:30:00+00:00,3065.0,3066.0,3061.0,3062.0,13.2873
2025-04-06 06:00:00+00:00,3064.0,3069.0,3062.0,3064.0,25.8068
2025-04-06 06:30:00+00:00,3064.0,3066.0,3063.0,3063.0,13.5969
2025-04-06 07:00:00+00:00,3063.0,3067.0,3061.0,3065.0,56.7376
2025-04-06 07:30:00+00:00,3065.0,3068.0,3063.0,3064.0,26.8777
2025-04-06 08:00:00+00:00,3064.0,3065.0,3056.0,3058.0,51.5009
2025-04-06 08:30:00+00:00,3058.0,3066.0,3058.0,3063.0,65.0724
2025-04-06 09:00:00+00:00,3062.0,3065.0,3061.0,3065.0,21.0409
2025-04-06 09:30:00+00:00,3065.0,3070.0,3063.0,3067.0,48.0762
2025-04-06 10:00:00+00:00,3068.0,3069.0,3065.0,3065.0,27.0984
2025-04-06 10:30:00+00:00,3065.0,3068.0,3064.0,3064.0,24.8079
2025-04-06 11:00:00+00:00,3066.0,3069.0,3062.0,3068.0,24.8378
2025-04-06 11:30:00+00:00,3069.0,3071.0,3063.0,3067.0,48.0252
2025-04-06 12:00:00+00:00,3066.0,3067.0,3062.0,3065.0,16.9364
2025-04-06 12:30:00+00:00,3064.0,3069.0,3064.0,3068.0,40.0359
2025-04-06 13:00:00+00:00,3067.0,3072.0,3064.0,3069.0,61.9646
2025-04-06 13:30:00+00:00,3069.0,3071.0,3060.0,3064.0,99.349
2025-04-06 14:00:00+00:00,3065.0,3069.0,3063.0,3066.0,41.6532
2025-04-06 14:30:00+00:00,3067.0,3070.0,3065.0,3069.0,42.9275
2025-04-06 15:00:00+00:00,3069.0,3070.0,3067.0,3068.0,54.5374
2025-04-06 15:30:00+00:00,3068.0,3069.0,3067.0,3069.0,44.7946
2025-04-06 16:00:00+00:00,3068.0,3069.0,3066.0,3068.0,27.4537
2025-04-06 16:30:00+00:00,3069.0,3070.0,3066.0,3067.0,73.4879
2025-04-06 17:00:00+00:00,3067.0,3069.0,3065.0,3066.0,35.905
2025-04-06 17:30:00+00:00,3066.0,3066.0,3061.0,3061.0,43.0499
2025-04-06 18:00:00+00:00,3062.0,3063.0,3054.0,3054.0,254.0398
2025-04-06 18:30:00+00:00,3055.0,3056.0,3048.0,3054.0,83.2546
2025-04-06 19:00:00+00:00,3055.0,3061.0,3049.0,3058.0,129.9916
2025-04-06 19:30:00+00:00,3057.0,3060.0,3051.0,3053.0,80.4165
2025-04-06 20:00:00+00:00,3054.0,3054.0,3049.0,3051.0,39.149
2025-04-06 20:30:00+00:00,3051.0,3051.0,3036.0,3037.0,198.9257
2025-04-06 21:00:00+00:00,3037.0,3040.0,3033.0,3033.0,156.4238
2025-04-06 21:30:00+00:00,3033.0,3038.0,3033.0,3038.0,57.4213
2025-04-06 22:00:00+00:00,3038.0,3048.0,3025.0,3028.0,468.009
2025-04-06 22:30:00+00:00,3028.0,3030.0,3018.0,3019.0,187.2229
2025-04-06 23:00:00+00:00,3019.0,3028.0,3000.0,3000.0,606.6915
2025-04-06 23:30:00+00:00,3000.0,3007.0,2987.0,3004.0,391.041
2025-04-07 00:00:00+00:00,3003.0,3011.0,2988.0,3002.0,259.2092
2025-04-07 00:30:00+00:00,3003.0,3004.0,2992.0,3001.0,245.9316
2025-04-07 01:00:00+00:00,3000.0,3031.0,3000.0,3028.0,454.0551
2025-04-07 01:30:00+00:00,3029.0,3048.0,3027.0,3045.0,263.3022
2025-04-07 02:00:00+00:00,3044.0,3066.0,3040.0,3053.0,648.9486
2025-04-07 02:30:00+00:00,3052.0,3059.0,3046.0,3054.0,298.4708
2025-04-07 03:00:00+00:00,3052.0,3058.0,3044.0,3046.0,179.9695
2025-04-07 03:30:00+00:00,3048.0,3053.0,3037.0,3041.0,293.444
2025-04-07 04:00:00+00:00,3042.0,3050.0,3039.0,3047.0,82.908
2025-04-07 04:30:00+00:00,3045.0,3057.0,3044.0,3057.0,138.9716
2025-04-07 05:00:00+00:00,3057.0,3063.0,3049.0,3062.0,139.282
2025-04-07 05:30:00+00:00,3063.0,3069.0,3056.0,3058.0,168.9504
2025-04-07 06:00:00+00:00,3058.0,3058.0,3041.0,3042.0,175.238
2025-04-07 06:30:00+00:00,3043.0,3050.0,3041.0,3049.0,197.0795
2025-04-07 07:00:00+00:00,3051.0,3055.0,3041.0,3045.0,296.8809
2025-04-07 07:30:00+00:00,3045.0,3048.0,3039.0,3039.0,394.9724
2025-04-07 08:00:00+00:00,3039.0,3047.0,3035.0,3043.0,408.7527
2025-04-07 08:30:00+00:00,3043.0,3048.0,3041.0,3044.0,326.9116
2025-04-07 09:00:00+00:00,3045.0,3047.0,3033.0,3040.0,129.7863
2025-04-07 09:30:00+00:00,3040.0,3044.0,3034.0,3037.0,93.9557
2025-04-07 10:00:00+00:00,3038.0,3049.0,3037.0,3049.0,46.1492
2025-04-07 10:30:00+00:00,3049.0,3050.0,3044.0,3048.0,45.9048
2025-04-07 11:00:00+00:00,3048.0,3066.0,3046.0,3060.0,253.2074
2025-04-07 11:30:00+00:00,3061.0,3064.0,3044.0,3047.0,422.0026
2025-04-07 12:00:00+00:00,3047.0,3053.0,3044.0,3049.0,257.0927
2025-04-07 12:30:00+00:00,3049.0,3053.0,3037.0,3049.0,186.4225
2025-04-07 13:00:00+00:00,3049.0,3050.0,3044.0,3046.0,25.9849
2025-04-07 13:30:00+00:00,3045.0,3047.0,3026.0,3037.0,287.4528
2025-04-07 14:00:00+00:00,3037.0,3059.0,3021.0,3027.0,417.932
2025-04-07 14:30:00+00:00,3026.0,3034.0,3019.0,3023.0,227.8931
2025-04-07 15:00:00+00:00,3023.0,3024.0,3007.0,3008.0,320.3426
2025-04-07 15:30:00+00:00,3008.0,3011.0,3006.0,3010.0,62.8499
2025-04-07 16:00:00+00:00,3011.0,3011.0,3000.0,3002.0,183.8239
2025-04-07 16:30:00+00:00,3003.0,3006.0,2993.0,2996.0,104.8984
2025-04-07 17:00:00+00:00,2995.0,3000.0,2990.0,2993.0,245.0718
2025-04-07 17:30:00+00:00,2995.0,3000.0,2992.0,3000.0,151.2274
2025-04-07 18:00:00+00:00,3000.0,3007.0,2997.0,2997.0,124.7229
2025-04-07 18:30:00+00:00,2998.0,3002.0,2992.0,2993.0,103.3713
2025-04-07 19:00:00+00:00,2993.0,2998.0,2991.0,2995.0,78.9642
2025-04-07 19:30:00+00:00,2995.0,3001.0,2994.0,2995.0,53.8919
2025-04-07 20:00:00+00:00,2995.0,3004.0,2994.0,3002.0,85.2882
2025-04-07 20:30:00+00:00,3002.0,3011.0,2999.0,3003.0,95.6429
2025-04-07 21:00:00+00:00,3003.0,3006.0,3002.0,3004.0,16.877
2025-04-07 21:30:00+00:00,3003.0,3008.0,3002.0,3005.0,34.1413
2025-04-07 22:00:00+00:00,3007.0,3011.0,3007.0,3009.0,64.2809
2025-04-07 22:30:00+00:00,3010.0,3018.0,3008.0,3016.0,63.6903
2025-04-07 23:00:00+00:00,3016.0,3019.0,3012.0,3015.0,84.6602
2025-04-07 23:30:00+00:00,3015.0,3016.0,3005.0,3005.0,79.7168
2025-04-08 00:00:00+00:00,3005.0,3011.0,3003.0,3011.0,192.7665
2025-04-08 00:30:00+00:00,3011.0,3016.0,3001.0,3003.0,133.2728
2025-04-08 01:00:00+00:00,3003.0,3019.0,3002.0,3018.0,201.374
2025-04-08 01:30:00+00:00,3019.0,3027.0,3018.0,3024.0,79.5451
2025-04-08 02:00:00+00:00,3024.0,3026.0,3021.0,3025.0,53.9259
2025-04-08 02:30:00+00:00,3025.0,3025.0,3020.0,3020.0,26.7399
2025-04-08 03:00:00+00:00,3020.0,3023.0,3018.0,3020.0,24.6794
2025-04-08 03:30:00+00:00,3021.0,3021.0,3015.0,3016.0,18.4679
2025-04-08 04:00:00+00:00,3017.0,3017.0,3010.0,3010.0,92.9471
2025-04-08 04:30:00+00:00,3010.0,3018.0,3005.0,3018.0,51.1216
2025-04-08 05:00:00+00:00,3017.0,3021.0,3013.0,3020.0,53.9681
2025-04-08 05:30:00+00:00,3019.0,3022.0,3017.0,3021.0,21.1847
2025-04-08 06:00:00+00:00,3021.0,3028.0,3015.0,3026.0,92.5624
2025-04-08 06:30:00+00:00,3026.0,3033.0,3026.0,3030.0,33.1204
2025-04-08 07:00:00+00:00,3030.0,3032.0,3027.0,3030.0,32.664
2025-04-08 07:30:00+00:00,3029.0,3030.0,3025.0,3025.0,41.4951
2025-04-08 08:00:00+00:00,3025.0,3030.0,3024.0,3027.0,58.3995
2025-04-08 08:30:00+00:00,3027.0,3030.0,3026.0,3029.0,48.8607
2025-04-08 09:00:00+00:00,3029.0,3030.0,3017.0,3018.0,63.2118
2025-04-08 09:30:00+00:00,3017.0,3026.0,3017.0,3024.0,38.5056
2025-04-08 10:00:00+00:00,3024.0,3028.0,3022.0,3028.0,32.5218
2025-04-08 10:30:00+00:00,3027.0,3028.0,3025.0,3026.0,13.8291
2025-04-08 11:00:00+00:00,3026.0,3029.0,3025.0,3026.0,63.2689
2025-04-08 11:30:00+00:00,3025.0,3033.0,3020.0,3032.0,183.0321
2025-04-08 12:00:00+00:00,3032.0,3033.0,3023.0,3024.0,73.1129
2025-04-08 12:30:00+00:00,3025.0,3030.0,3021.0,3021.0,43.1155
2025-04-08 13:00:00+00:00,3022.0,3034.0,3020.0,3032.0,157.2286
2025-04-08 13:30:00+00:00,3032.0,3032.0,3023.0,3030.0,81.4543
2025-04-08 14:00:00+00:00,3030.0,3039.0,3028.0,3029.0,94.5895
2025-04-08 14:30:00+00:00,3029.0,3036.0,3021.0,3024.0,76.817
2025-04-08 15:00:00+00:00,3023.0,3027.0,3019.0,3022.0,51.59
2025-04-08 15:30:00+00:00,3023.0,3030.0,3021.0,3021.0,62.0541
2025-04-08 16:00:00+00:00,3021.0,3023.0,3014.0,3015.0,133.4231
2025-04-08 16:30:00+00:00,3015.0,3016.0,3003.0,3004.0,104.5294
2025-04-08 17:00:00+00:00,3004.0,3005.0,2990.0,2997.0,187.542
2025-04-08 17:30:00+00:00,2998.0,3005.0,2996.0,3002.0,144.7231
2025-04-08 18:00:00+00:00,3002.0,3012.0,2999.0,3006.0,153.7265
2025-04-08 18:30:00+00:00,3007.0,3013.0,3002.0,3003.0,25.3865
2025-04-08 19:00:00+00:00,3004.0,3007.0,2997.0,3000.0,58.8622
2025-04-08 19:30:00+00:00,3000.0,3007.0,2996.0,3005.0,42.5922
2025-04-08 20:00:00+00:00,3005.0,3007.0,2996.0,2998.0,41.8522
2025-04-08 20:30:00+00:00,2998.0,3004.0,2997.0,3003.0,21.9251
2025-04-08 21:00:00+00:00,3003.0,3010.0,3001.0,3003.0,69.3313
2025-04-08 21:30:00+00:00,3004.0,3008.0,3001.0,3006.0,27.6131
2025-04-08 22:00:00+00:00,3006.0,3008.0,3002.0,3006.0,34.2548
2025-04-08 22:30:00+00:00,3006.0,3012.0,3001.0,3006.0,95.4043
2025-04-08 23:00:00+00:00,3006.0,3008.0,3003.0,3004.0,20.3939
2025-04-08 23:30:00+00:00,3005.0,3005.0,2997.0,3001.0,80.5716
2025-04-09 00:00:00+00:00,3000.0,3003.0,2996.0,3001.0,110.2194
2025-04-09 00:30:00+00:00,3001.0,3005.0,2999.0,3001.0,24.325
2025-04-09 01:00:00+00:00,3001.0,3005.0,2995.0,3004.0,145.4746
2025-04-09 01:30:00+00:00,3004.0,3024.0,3004.0,3020.0,292.8852
2025-04-09 02:00:00+00:00,3020.0,3024.0,3019.0,3019.0,33.1588
2025-04-09 02:30:00+00:00,3019.0,3023.0,3014.0,3016.0,85.0123
2025-04-09 03:00:00+00:00,3016.0,3020.0,3015.0,3020.0,31.8258
2025-04-09 03:30:00+00:00,3020.0,3023.0,3017.0,3019.0,27.063
2025-04-09 04:00:00+00:00,3019.0,3030.0,3017.0,3029.0,49.9035
2025-04-09 04:30:00+00:00,3029.0,3031.0,3025.0,3031.0,96.56
2025-04-09 05:00:00+00:00,3031.0,3037.0,3026.0,3037.0,128.1965
2025-04-09 05:30:00+00:00,3036.0,3038.0,3033.0,3036.0,31.006
2025-04-09 06:00:00+00:00,3036.0,3047.0,3035.0,3047.0,107.1541
2025-04-09 06:30:00+00:00,3047.0,3055.0,3046.0,3055.0,142.343
2025-04-09 07:00:00+00:00,3055.0,3065.0,3054.0,3059.0,206.2786
2025-04-09 07:30:00+00:00,3058.0,3062.0,3056.0,3058.0,60.0676
2025-04-09 08:00:00+00:00,3058.0,3066.0,3052.0,3064.0,87.3114
2025-04-09 08:30:00+00:00,3065.0,3066.0,3061.0,3064.0,61.8811
2025-04-09 09:00:00+00:00,3064.0,3070.0,3059.0,3067.0,139.9535
2025-04-09 09:30:00+00:00,3066.0,3073.0,3065.0,3067.0,82.1109
2025-04-09 10:00:00+00:00,3067.0,3067.0,3054.0,3055.0,117.6113
2025-04-09 10:30:00+00:00,3055.0,3064.0,3053.0,3059.0,184.5174
2025-04-09 11:00:00+00:00,3060.0,3085.0,3053.0,3077.0,398.4156
2025-04-09 11:30:00+00:00,3077.0,3091.0,3076.0,3086.0,563.0903
2025-04-09 12:00:00+00:00,3085.0,3088.0,3073.0,3077.0,301.5015
2025-04-09 12:30:00+00:00,3077.0,3079.0,3067.0,3070.0,212.8493
2025-04-09 13:00:00+00:00,3070.0,3084.0,3068.0,3081.0,108.9974
2025-04-09 13:30:00+00:00,3081.0,3103.0,3079.0,3093.0,419.8065
2025-04-09 14:00:00+00:00,3094.0,3110.0,3090.0,3107.0,166.7136
2025-04-09 14:30:00+00:00,3106.0,3107.0,3096.0,3099.0,282.6287
2025-04-09 15:00:00+00:00,3098.0,3106.0,3092.0,3102.0,180.6916
2025-04-09 15:30:00+00:00,3102.0,3105.0,3099.0,3101.0,52.5621
2025-04-09 16:00:00+00:00,3102.0,3106.0,3100.0,3105.0,83.5446
2025-04-09 16:30:00+00:00,3105.0,3111.0,3104.0,3111.0,92.444
2025-04-09 17:00:00+00:00,3111.0,3115.0,3086.0,3086.0,383.7089
2025-04-09 17:30:00+00:00,3087.0,3093.0,3078.0,3084.0,456.2292
2025-04-09 18:00:00+00:00,3085.0,3091.0,3072.0,3080.0,468.9602
2025-04-09 18:30:00+00:00,3080.0,3094.0,3079.0,3092.0,276.0011
2025-04-09 19:00:00+00:00,3091.0,3113.0,3090.0,3109.0,139.5255
2025-04-09 19:30:00+00:00,3110.0,3116.0,3106.0,3109.0,78.843
2025-04-09 20:00:00+00:00,3109.0,3113.0,3107.0,3109.0,47.3036
2025-04-09 20:30:00+00:00,3109.0,3110.0,3096.0,3099.0,278.8565
2025-04-09 21:00:00+00:00,3100.0,3103.0,3095.0,3097.0,54.8826
2025-04-09 21:30:00+00:00,3097.0,3098.0,3092.0,3095.0,64.3962
2025-04-09 22:00:00+00:00,3096.0,3096.0,3089.0,3095.0,45.0895
2025-04-09 22:30:00+00:00,3096.0,3100.0,3094.0,3094.0,40.5201
2025-04-09 23:00:00+00:00,3094.0,3099.0,3090.0,3098.0,108.0798
2025-04-09 23:30:00+00:00,3099.0,3100.0,3096.0,3099.0,14.4416
2025-04-10 00:00:00+00:00,3100.0,3110.0,3099.0,3110.0,54.8301
2025-04-10 00:30:00+00:00,3109.0,3116.0,3106.0,3112.0,73.3436
2025-04-10 01:00:00+00:00,3111.0,3113.0,3096.0,3105.0,109.1086
2025-04-10 01:30:00+00:00,3104.0,3109.0,3099.0,3107.0,18.196
2025-04-10 02:00:00+00:00,3107.0,3133.0,3107.0,3129.0,266.3049
2025-04-10 02:30:00+00:00,3128.0,3138.0,3126.0,3132.0,129.9502
2025-04-10 03:00:00+00:00,3132.0,3140.0,3130.0,3136.0,195.4255
2025-04-10 03:30:00+00:00,3135.0,3142.0,3132.0,3140.0,165.4038
2025-04-10 04:00:00+00:00,3141.0,3142.0,3135.0,3138.0,177.3991
2025-04-10 04:30:00+00:00,3139.0,3139.0,3134.0,3137.0,62.8252
2025-04-10 05:00:00+00:00,3137.0,3139.0,3134.0,3136.0,22.0341
2025-04-10 05:30:00+00:00,3136.0,3138.0,3130.0,3136.0,95.3048
2025-04-10 06:00:00+00:00,3136.0,3140.0,3134.0,3138.0,40.2956
2025-04-10 06:30:00+00:00,3138.0,3143.0,3135.0,3140.0,78.6846
2025-04-10 07:00:00+00:00,3141.0,3146.0,3138.0,3138.0,174.3662
2025-04-10 07:30:00+00:00,3138.0,3139.0,3125.0,3129.0,181.7539
2025-04-10 08:00:00+00:00,3129.0,3130.0,3125.0,3128.0,38.5088
2025-04-10 08:30:00+00:00,3129.0,3132.0,3123.0,3129.0,178.6149
2025-04-10 09:00:00+00:00,3128.0,3131.0,3124.0,3127.0,56.9405
2025-04-10 09:30:00+00:00,3127.0,3132.0,3124.0,3132.0,20.41
2025-04-10 10:00:00+00:00,3132.0,3139.0,3131.0,3136.0,36.1426
2025-04-10 10:30:00+00:00,3136.0,3137.0,3133.0,3137.0,17.6027
2025-04-10 11:00:00+00:00,3137.0,3138.0,3131.0,3136.0,19.3707
2025-04-10 11:30:00+00:00,3137.0,3145.0,3137.0,3145.0,74.7842
2025-04-10 12:00:00+00:00,3143.0,3145.0,3140.0,3144.0,22.5266
2025-04-10 12:30:00+00:00,3145.0,3148.0,3137.0,3139.0,98.7707
2025-04-10 13:00:00+00:00,3140.0,3152.0,3138.0,3151.0,58.772
2025-04-10 13:30:00+00:00,3150.0,3152.0,3137.0,3138.0,78.2471
2025-04-10 14:00:00+00:00,3139.0,3172.0,3138.0,3169.0,457.4473
2025-04-10 14:30:00+00:00,3168.0,3172.0,3164.0,3169.0,110.1478
2025-04-10 15:00:00+00:00,3170.0,3188.0,3169.0,3187.0,294.6644
2025-04-10 15:30:00+00:00,3187.0,3199.0,3170.0,3173.0,471.8193
2025-04-10 16:00:00+00:00,3172.0,3186.0,3168.0,3183.0,257.3636
2025-04-10 16:30:00+00:00,3183.0,3189.0,3176.0,3176.0,100.2385
2025-04-10 17:00:00+00:00,3177.0,3183.0,3175.0,3177.0,113.296
2025-04-10 17:30:00+00:00,3178.0,3183.0,3175.0,3179.0,103.9747
2025-04-10 18:00:00+00:00,3180.0,3187.0,3180.0,3186.0,100.726
2025-04-10 18:30:00+00:00,3186.0,3198.0,3186.0,3196.0,160.8225
2025-04-10 19:00:00+00:00,3196.0,3199.0,3188.0,3194.0,215.199
2025-04-10 19:30:00+00:00,3193.0,3196.0,3191.0,3191.0,104.2484
2025-04-10 20:00:00+00:00,3191.0,3195.0,3191.0,3191.0,47.9812
2025-04-10 20:30:00+00:00,3191.0,3199.0,3190.0,3196.0,184.0452
2025-04-10 21:00:00+00:00,3196.0,3197.0,3192.0,3193.0,108.1536
2025-04-10 21:30:00+00:00,3194.0,3195.0,3192.0,3194.0,27.7931
2025-04-10 22:00:00+00:00,3194.0,3203.0,3193.0,3202.0,119.9692
2025-04-10 22:30:00+00:00,3202.0,3215.0,3202.0,3213.0,133.1717
2025-04-10 23:00:00+00:00,3213.0,3219.0,3209.0,3215.0,87.4684
2025-04-10 23:30:00+00:00,3215.0,3220.0,3210.0,3216.0,69.3627
2025-04-11 00:00:00+00:00,3215.0,3225.0,3214.0,3224.0,113.5557
2025-04-11 00:30:00+00:00,3225.0,3246.0,3224.0,3232.0,359.1507
2025-04-11 01:00:00+00:00,3231.0,3246.0,3231.0,3239.0,174.1302
2025-04-11 01:30:00+00:00,3239.0,3250.0,3239.0,3240.0,313.7684
2025-04-11 02:00:00+00:00,3240.0,3258.0,3239.0,3254.0,260.431
2025-04-11 02:30:00+00:00,3255.0,3264.0,3241.0,3245.0,287.6889
2025-04-11 03:00:00+00:00,3246.0,3248.0,3238.0,3242.0,136.6384
2025-04-11 03:30:00+00:00,3242.0,3250.0,3241.0,3245.0,202.4283
2025-04-11 04:00:00+00:00,3245.0,3246.0,3233.0,3239.0,181.3055
2025-04-11 04:30:00+00:00,3239.0,3244.0,3236.0,3239.0,73.964
2025-04-11 05:00:00+00:00,3240.0,3243.0,3232.0,3240.0,193.829
2025-04-11 05:30:00+00:00,3240.0,3243.0,3213.0,3220.0,539.0987
2025-04-11 06:00:00+00:00,3220.0,3231.0,3218.0,3230.0,152.1163
2025-04-11 06:30:00+00:00,3230.0,3236.0,3223.0,3229.0,157.2176
2025-04-11 07:00:00+00:00,3228.0,3238.0,3225.0,3233.0,225.4227
2025-04-11 07:30:00+00:00,3233.0,3239.0,3225.0,3238.0,370.6273
2025-04-11 08:00:00+00:00,3239.0,3251.0,3237.0,3246.0,422.782
2025-04-11 08:30:00+00:00,3248.0,3253.0,3243.0,3248.0,530.5696
2025-04-11 09:00:00+00:00,3247.0,3250.0,3242.0,3249.0,370.4939
2025-04-11 09:30:00+00:00,3249.0,3258.0,3244.0,3255.0,152.5105
2025-04-11 10:00:00+00:00,3254.0,3264.0,3253.0,3256.0,121.4633
2025-04-11 10:30:00+00:00,3256.0,3259.0,3234.0,3237.0,454.5181
2025-04-11 11:00:00+00:00,3238.0,3250.0,3236.0,3245.0,90.5896
2025-04-11 11:30:00+00:00,3245.0,3250.0,3241.0,3244.0,161.3917
2025-04-11 12:00:00+00:00,3244.0,3252.0,3240.0,3251.0,92.992
2025-04-11 12:30:00+00:00,3252.0,3259.0,3245.0,3252.0,237.9871
2025-04-11 13:00:00+00:00,3253.0,3260.0,3250.0,3257.0,129.9852
2025-04-11 13:30:00+00:00,3258.0,3268.0,3246.0,3249.0,1071.6933
2025-04-11 14:00:00+00:00,3248.0,3259.0,3245.0,3258.0,328.9855
2025-04-11 14:30:00+00:00,3258.0,3269.0,3257.0,3263.0,512.7205
2025-04-11 15:00:00+00:00,3262.0,3270.0,3258.0,3265.0,269.1719
2025-04-11 15:30:00+00:00,3265.0,3268.0,3259.0,3260.0,268.4903
2025-04-11 16:00:00+00:00,3260.0,3271.0,3259.0,3264.0,123.5233
2025-04-11 16:30:00+00:00,3264.0,3265.0,3244.0,3248.0,354.2523
2025-04-11 17:00:00+00:00,3249.0,3258.0,3249.0,3254.0,166.3925
2025-04-11 17:30:00+00:00,3254.0,3262.0,3252.0,3256.0,112.3815
2025-04-11 18:00:00+00:00,3256.0,3260.0,3253.0,3256.0,83.1799
2025-04-11 18:30:00+00:00,3256.0,3262.0,3256.0,3258.0,89.2272
2025-04-11 19:00:00+00:00,3259.0,3259.0,3252.0,3253.0,60.7236
2025-04-11 19:30:00+00:00,3252.0,3262.0,3251.0,3256.0,134.1631
2025-04-11 20:00:00+00:00,3256.0,3262.0,3255.0,3262.0,69.5365
2025-04-11 20:30:00+00:00,3262.0,3264.0,3255.0,3259.0,389.3505
2025-04-11 21:00:00+00:00,3258.0,3259.0,3256.0,3258.0,24.0063
2025-04-11 21:30:00+00:00,3258.0,3259.0,3255.0,3258.0,20.7865
2025-04-11 22:00:00+00:00,3257.0,3262.0,3257.0,3261.0,18.8246
2025-04-11 22:30:00+00:00,3261.0,3263.0,3259.0,3259.0,15.9982
2025-04-11 23:00:00+00:00,3259.0,3264.0,3258.0,3264.0,34.9716
2025-04-11 23:30:00+00:00,3263.0,3265.0,3263.0,3265.0,10.6266
2025-04-12 00:00:00+00:00,3265.0,3270.0,3256.0,3267.0,75.038
2025-04-12 00:30:00+00:00,3267.0,3277.0,3266.0,3275.0,132.8613
2025-04-12 01:00:00+00:00,3275.0,3278.0,3269.0,3278.0,65.802
2025-04-12 01:30:00+00:00,3278.0,3291.0,3276.0,3286.0,136.773
2025-04-12 02:00:00+00:00,3285.0,3290.0,3282.0,3287.0,65.7249
2025-04-12 02:30:00+00:00,3287.0,3294.0,3283.0,3284.0,133.1512
2025-04-12 03:00:00+00:00,3283.0,3287.0,3279.0,3282.0,50.1144
2025-04-12 03:30:00+00:00,3282.0,3286.0,3279.0,3284.0,101.0477
2025-04-12 04:00:00+00:00,3285.0,3292.0,3282.0,3289.0,150.4717
2025-04-12 04:30:00+00:00,3289.0,3289.0,3279.0,3284.0,53.5688
2025-04-12 05:00:00+00:00,3283.0,3289.0,3283.0,3288.0,47.3424
2025-04-12 05:30:00+00:00,3288.0,3294.0,3285.0,3293.0,125.7564
2025-04-12 06:00:00+00:00,3294.0,3300.0,3292.0,3297.0,287.0705
2025-04-12 06:30:00+00:00,3298.0,3298.0,3291.0,3293.0,59.2396
2025-04-12 07:00:00+00:00,3292.0,3293.0,3284.0,3284.0,240.6099
2025-04-12 07:30:00+00:00,3285.0,3292.0,3275.0,3288.0,221.8508
2025-04-12 08:00:00+00:00,3289.0,3291.0,3275.0,3284.0,136.272
2025-04-12 08:30:00+00:00,3284.0,3290.0,3280.0,3282.0,58.1593
2025-04-12 09:00:00+00:00,3282.0,3286.0,3276.0,3284.0,73.7274
2025-04-12 09:30:00+00:00,3284.0,3288.0,3279.0,3287.0,34.9902
2025-04-12 10:00:00+00:00,3288.0,3288.0,3280.0,3283.0,93.0855
2025-04-12 10:30:00+00:00,3283.0,3286.0,3268.0,3269.0,190.616
2025-04-12 11:00:00+00:00,3269.0,3272.0,3260.0,3260.0,102.0009
2025-04-12 11:30:00+00:00,3260.0,3266.0,3256.0,3266.0,52.3837
2025-04-12 12:00:00+00:00,3266.0,3268.0,3257.0,3257.0,48.604
2025-04-12 12:30:00+00:00,3257.0,3261.0,3255.0,3260.0,64.4835
2025-04-12 13:00:00+00:00,3260.0,3261.0,3250.0,3253.0,182.1324
2025-04-12 13:30:00+00:00,3253.0,3257.0,3247.0,3248.0,181.1499
2025-04-12 14:00:00+00:00,3248.0,3252.0,3234.0,3248.0,522.4434
2025-04-12 14:30:00+00:00,3248.0,3249.0,3240.0,3243.0,273.0845
2025-04-12 15:00:00+00:00,3243.0,3246.0,3242.0,3245.0,84.5546
2025-04-12 15:30:00+00:00,3245.0,3260.0,3244.0,3258.0,144.9439
2025-04-12 16:00:00+00:00,3259.0,3262.0,3252.0,3253.0,73.1621
2025-04-12 16:30:00+00:00,3253.0,3257.0,3251.0,3256.0,35.2586
2025-04-12 17:00:00+00:00,3256.0,3260.0,3250.0,3250.0,60.6606
2025-04-12 17:30:00+00:00,3251.0,3251.0,3247.0,3249.0,16.501
2025-04-12 18:00:00+00:00,3249.0,3255.0,3248.0,3254.0,28.6969
2025-04-12 18:30:00+00:00,3253.0,3253.0,3246.0,3248.0,29.3953
2025-04-12 19:00:00+00:00,3247.0,3248.0,3244.0,3245.0,72.025
2025-04-12 19:30:00+00:00,3245.0,3252.0,3244.0,3247.0,34.4854
2025-04-12 20:00:00+00:00,3248.0,3254.0,3248.0,3251.0,28.4109
2025-04-12 20:30:00+00:00,3250.0,3251.0,3243.0,3245.0,82.4908
2025-04-12 21:00:00+00:00,3245.0,3248.0,3243.0,3246.0,41.3353
2025-04-12 21:30:00+00:00,3246.0,3246.0,3241.0,3244.0,73.3297
2025-04-12 22:00:00+00:00,3244.0,3247.0,3241.0,3244.0,53.7456
2025-04-12 22:30:00+00:00,3244.0,3246.0,3241.0,3242.0,39.0492
2025-04-12 23:00:00+00:00,3243.0,3245.0,3243.0,3244.0,44.2095
2025-04-12 23:30:00+00:00,3244.0,3246.0,3242.0,3242.0,58.0011
2025-04-13 00:00:00+00:00,3243.0,3247.0,3242.0,3245.0,29.4653
2025-04-13 00:30:00+00:00,3246.0,3246.0,3244.0,3245.0,30.8846
2025-04-13 01:00:00+00:00,3245.0,3248.0,3244.0,3247.0,17.0087
2025-04-13 01:30:00+00:00,3246.0,3247.0,3241.0,3243.0,51.379
2025-04-13 02:00:00+00:00,3243.0,3245.0,3243.0,3244.0,36.0697
2025-04-13 02:30:00+00:00,3243.0,3249.0,3242.0,3247.0,67.6231
2025-04-13 03:00:00+00:00,3246.0,3249.0,3246.0,3248.0,12.4563
2025-04-13 03:30:00+00:00,3249.0,3252.0,3246.0,3246.0,67.3074
2025-04-13 04:00:00+00:00,3247.0,3248.0,3245.0,3245.0,15.4569
2025-04-13 04:30:00+00:00,3246.0,3246.0,3244.0,3245.0,13.4445
2025-04-13 05:00:00+00:00,3244.0,3250.0,3244.0,3246.0,42.5014
2025-04-13 05:30:00+00:00,3245.0,3247.0,3244.0,3246.0,20.6922
2025-04-13 06:00:00+00:00,3246.0,3251.0,3246.0,3251.0,12.3896
2025-04-13 06:30:00+00:00,3251.0,3260.0,3251.0,3259.0,65.7892
2025-04-13 07:00:00+00:00,3259.0,3260.0,3251.0,3252.0,26.1633
2025-04-13 07:30:00+00:00,3251.0,3252.0,3250.0,3251.0,16.8786
2025-04-13 08:00:00+00:00,3251.0,3252.0,3249.0,3252.0,31.4273
2025-04-13 08:30:00+00:00,3252.0,3252.0,3249.0,3249.0,34.4673
2025-04-13 09:00:00+00:00,3250.0,3256.0,3249.0,3250.0,181.4157
2025-04-13 09:30:00+00:00,3250.0,3251.0,3245.0,3247.0,125.1506
2025-04-13 10:00:00+00:00,3247.0,3247.0,3244.0,3246.0,27.0173
2025-04-13 10:30:00+00:00,3246.0,3247.0,3243.0,3247.0,62.5217
2025-04-13 11:00:00+00:00,3247.0,3249.0,3246.0,3248.0,43.3277
2025-04-13 11:30:00+00:00,3247.0,3248.0,3244.0,3244.0,50.6397
2025-04-13 12:00:00+00:00,3245.0,3245.0,3244.0,3245.0,11.6265
2025-04-13 12:30:00+00:00,3244.0,3245.0,3243.0,3243.0,49.1529
2025-04-13 13:00:00+00:00,3243.0,3246.0,3243.0,3244.0,68.9798
2025-04-13 13:30:00+00:00,3244.0,3245.0,3241.0,3242.0,108.8419
2025-04-13 14:00:00+00:00,3241.0,3249.0,3239.0,3248.0,145.6139
2025-04-13 14:30:00+00:00,3248.0,3255.0,3247.0,3252.0,152.4393
2025-04-13 15:00:00+00:00,3252.0,3255.0,3247.0,3252.0,69.0417
2025-04-13 15:30:00+00:00,3252.0,3267.0,3249.0,3266.0,485.3145
2025-04-13 16:00:00+00:00,3266.0,3272.0,3265.0,3268.0,174.5489
2025-04-13 16:30:00+00:00,3268.0,3270.0,3265.0,3266.0,88.6462
2025-04-13 17:00:00+00:00,3266.0,3271.0,3265.0,3265.0,144.9297
2025-04-13 17:30:00+00:00,3266.0,3266.0,3258.0,3261.0,68.7554
2025-04-13 18:00:00+00:00,3260.0,3264.0,3259.0,3261.0,28.9088
2025-04-13 18:30:00+00:00,3260.0,3262.0,3254.0,3257.0,39.631
2025-04-13 19:00:00+00:00,3257.0,3265.0,3256.0,3261.0,31.1802
2025-04-13 19:30:00+00:00,3261.0,3265.0,3255.0,3262.0,76.2611
2025-04-13 20:00:00+00:00,3261.0,3267.0,3260.0,3262.0,167.1763
2025-04-13 20:30:00+00:00,3261.0,3266.0,3257.0,3259.0,122.7336
2025-04-13 21:00:00+00:00,3260.0,3264.0,3256.0,3264.0,92.4425
2025-04-13 21:30:00+00:00,3263.0,3266.0,3258.0,3260.0,101.7393
2025-04-13 22:00:00+00:00,3261.0,3265.0,3243.0,3247.0,386.7218
2025-04-13 22:30:00+00:00,3247.0,3250.0,3243.0,3245.0,58.5981
2025-04-13 23:00:00+00:00,3245.0,3248.0,3242.0,3243.0,45.9367
2025-04-13 23:30:00+00:00,3243.0,3249.0,3243.0,3247.0,51.5832
2025-04-14 00:00:00+00:00,3248.0,3255.0,3247.0,3248.0,99.3272
2025-04-14 00:30:00+00:00,3248.0,3252.0,3244.0,3246.0,95.6282
2025-04-14 01:00:00+00:00,3245.0,3254.0,3240.0,3254.0,166.7768
2025-04-14 01:30:00+00:00,3253.0,3266.0,3250.0,3266.0,73.856
2025-04-14 02:00:00+00:00,3265.0,3272.0,3249.0,3265.0,376.7992
2025-04-14 02:30:00+00:00,3265.0,3271.0,3254.0,3255.0,225.8415
2025-04-14 03:00:00+00:00,3255.0,3257.0,3253.0,3256.0,140.5717
2025-04-14 03:30:00+00:00,3256.0,3262.0,3254.0,3260.0,74.4775
2025-04-14 04:00:00+00:00,3259.0,3262.0,3255.0,3256.0,71.6398
2025-04-14 04:30:00+00:00,3256.0,3260.0,3247.0,3248.0,143.3343
2025-04-14 05:00:00+00:00,3247.0,3252.0,3246.0,3247.0,87.7066
2025-04-14 05:30:00+00:00,3247.0,3255.0,3242.0,3254.0,238.1943
2025-04-14 06:00:00+00:00,3253.0,3256.0,3246.0,3254.0,139.7251
2025-04-14 06:30:00+00:00,3255.0,3255.0,3250.0,3255.0,60.3348
2025-04-14 07:00:00+00:00,3255.0,3258.0,3251.0,3255.0,219.743
2025-04-14 07:30:00+00:00,3254.0,3258.0,3248.0,3252.0,222.7055
2025-04-14 08:00:00+00:00,3252.0,3253.0,3241.0,3245.0,83.3025
2025-04-14 08:30:00+00:00,3244.0,3250.0,3243.0,3249.0,71.8759
2025-04-14 09:00:00+00:00,3248.0,3252.0,3243.0,3244.0,59.8501
2025-04-14 09:30:00+00:00,3244.0,3246.0,3241.0,3242.0,66.436
2025-04-14 10:00:00+00:00,3242.0,3243.0,3221.0,3232.0,239.0953
2025-04-14 10:30:00+00:00,3231.0,3234.0,3228.0,3234.0,100.0843
2025-04-14 11:00:00+00:00,3234.0,3245.0,3233.0,3242.0,80.6657
2025-04-14 11:30:00+00:00,3241.0,3248.0,3241.0,3242.0,41.7397
2025-04-14 12:00:00+00:00,3242.0,3246.0,3233.0,3234.0,58.0611
2025-04-14 12:30:00+00:00,3234.0,3234.0,3225.0,3226.0,76.077
2025-04-14 13:00:00+00:00,3225.0,3231.0,3217.0,3222.0,176.3247
2025-04-14 13:30:00+00:00,3222.0,3228.0,3211.0,3222.0,223.1598
2025-04-14 14:00:00+00:00,3222.0,3224.0,3217.0,3219.0,106.5306
2025-04-14 14:30:00+00:00,3220.0,3233.0,3220.0,3229.0,61.3951
2025-04-14 15:00:00+00:00,3229.0,3229.0,3223.0,3223.0,32.6503
2025-04-14 15:30:00+00:00,3224.0,3225.0,3215.0,3215.0,72.6396
2025-04-14 16:00:00+00:00,3216.0,3224.0,3215.0,3223.0,56.5094
2025-04-14 16:30:00+00:00,3223.0,3227.0,3220.0,3222.0,60.4658
2025-04-14 17:00:00+00:00,3221.0,3229.0,3221.0,3228.0,38.3698
2025-04-14 17:30:00+00:00,3227.0,3236.0,3227.0,3234.0,54.951
2025-04-14 18:00:00+00:00,3234.0,3234.0,3228.0,3229.0,59.2954
2025-04-14 18:30:00+00:00,3229.0,3232.0,3224.0,3231.0,37.6408
2025-04-14 19:00:00+00:00,3232.0,3236.0,3229.0,3235.0,66.648
2025-04-14 19:30:00+00:00,3234.0,3236.0,3232.0,3234.0,38.5212
2025-04-14 20:00:00+00:00,3235.0,3236.0,3229.0,3231.0,38.3601
2025-04-14 20:30:00+00:00,3231.0,3235.0,3229.0,3230.0,19.8258
2025-04-14 21:00:00+00:00,3230.0,3232.0,3229.0,3231.0,21.4395
2025-04-14 21:30:00+00:00,3231.0,3232.0,3228.0,3229.0,26.3146
2025-04-14 22:00:00+00:00,3228.0,3235.0,3227.0,3234.0,40.6353
2025-04-14 22:30:00+00:00,3233.0,3237.0,3233.0,3233.0,14.904
2025-04-14 23:00:00+00:00,3234.0,3236.0,3232.0,3234.0,13.862
2025-04-14 23:30:00+00:00,3235.0,3238.0,3233.0,3238.0,33.5575
2025-04-15 00:00:00+00:00,3237.0,3237.0,3232.0,3236.0,21.3423
2025-04-15 00:30:00+00:00,3236.0,3236.0,3232.0,3235.0,22.3392
2025-04-15 01:00:00+00:00,3236.0,3246.0,3234.0,3243.0,90.8197
2025-04-15 01:30:00+00:00,3243.0,3244.0,3239.0,3241.0,49.5623
2025-04-15 02:00:00+00:00,3241.0,3243.0,3233.0,3235.0,113.5377
2025-04-15 02:30:00+00:00,3235.0,3240.0,3232.0,3239.0,166.7887
2025-04-15 03:00:00+00:00,3240.0,3248.0,3236.0,3243.0,199.6261
2025-04-15 03:30:00+00:00,3244.0,3245.0,3239.0,3242.0,78.7926
2025-04-15 04:00:00+00:00,3243.0,3245.0,3242.0,3245.0,13.0058
2025-04-15 04:30:00+00:00,3245.0,3249.0,3244.0,3249.0,69.4472
2025-04-15 05:00:00+00:00,3248.0,3249.0,3235.0,3238.0,379.9746
2025-04-15 05:30:00+00:00,3238.0,3240.0,3237.0,3237.0,24.9459
2025-04-15 06:00:00+00:00,3237.0,3242.0,3237.0,3239.0,50.93
2025-04-15 06:30:00+00:00,3239.0,3248.0,3237.0,3245.0,131.9915
2025-04-15 07:00:00+00:00,3244.0,3245.0,3240.0,3241.0,62.6662
2025-04-15 07:30:00+00:00,3242.0,3245.0,3236.0,3239.0,64.2502
2025-04-15 08:00:00+00:00,3239.0,3250.0,3239.0,3247.0,45.4149
2025-04-15 08:30:00+00:00,3247.0,3253.0,3246.0,3247.0,139.8663
2025-04-15 09:00:00+00:00,3249.0,3250.0,3247.0,3248.0,20.3476
2025-04-15 09:30:00+00:00,3248.0,3249.0,3240.0,3240.0,66.9009
2025-04-15 10:00:00+00:00,3242.0,3246.0,3239.0,3245.0,35.8627
2025-04-15 10:30:00+00:00,3245.0,3247.0,3240.0,3240.0,35.8477
2025-04-15 11:00:00+00:00,3241.0,3243.0,3238.0,3240.0,28.8019
2025-04-15 11:30:00+00:00,3240.0,3241.0,3236.0,3239.0,55.1286
2025-04-15 12:00:00+00:00,3239.0,3244.0,3234.0,3235.0,47.5444
2025-04-15 12:30:00+00:00,3236.0,3240.0,3236.0,3237.0,56.4345
2025-04-15 13:00:00+00:00,3237.0,3242.0,3237.0,3239.0,51.3406
2025-04-15 13:30:00+00:00,3240.0,3241.0,3230.0,3234.0,75.139
2025-04-15 14:00:00+00:00,3234.0,3241.0,3233.0,3241.0,40.4026
2025-04-15 14:30:00+00:00,3241.0,3242.0,3238.0,3241.0,37.1126
2025-04-15 15:00:00+00:00,3240.0,3243.0,3236.0,3239.0,49.6861
2025-04-15 15:30:00+00:00,3239.0,3242.0,3238.0,3239.0,94.1079
2025-04-15 16:00:00+00:00,3239.0,3246.0,3239.0,3243.0,73.5931
2025-04-15 16:30:00+00:00,3242.0,3243.0,3239.0,3241.0,13.0065
2025-04-15 17:00:00+00:00,3241.0,3246.0,3241.0,3245.0,48.2451
2025-04-15 17:30:00+00:00,3244.0,3249.0,3242.0,3248.0,70.5999
2025-04-15 18:00:00+00:00,3248.0,3248.0,3242.0,3244.0,35.0268
2025-04-15 18:30:00+00:00,3245.0,3250.0,3245.0,3248.0,22.0782
2025-04-15 19:00:00+00:00,3248.0,3249.0,3243.0,3244.0,77.4574
2025-04-15 19:30:00+00:00,3245.0,3250.0,3243.0,3247.0,60.3587
2025-04-15 20:00:00+00:00,3247.0,3250.0,3247.0,3247.0,34.4595
2025-04-15 20:30:00+00:00,3248.0,3250.0,3247.0,3249.0,30.3048
2025-04-15 21:00:00+00:00,3249.0,3251.0,3248.0,3249.0,24.8845
2025-04-15 21:30:00+00:00,3249.0,3250.0,3247.0,3249.0,24.6504
2025-04-15 22:00:00+00:00,3249.0,3258.0,3249.0,3257.0,264.3984
2025-04-15 22:30:00+00:00,3257.0,3260.0,3256.0,3257.0,295.242
2025-04-15 23:00:00+00:00,3257.0,3262.0,3256.0,3261.0,125.1252
2025-04-15 23:30:00+00:00,3261.0,3268.0,3260.0,3266.0,319.8233
2025-04-16 00:00:00+00:00,3267.0,3295.0,3266.0,3282.0,412.3704
2025-04-16 00:30:00+00:00,3279.0,3290.0,3279.0,3283.0,192.3873
2025-04-16 01:00:00+00:00,3283.0,3291.0,3283.0,3286.0,99.9314
2025-04-16 01:30:00+00:00,3286.0,3287.0,3276.0,3286.0,97.6596
2025-04-16 02:00:00+00:00,3286.0,3292.0,3286.0,3290.0,53.1614
2025-04-16 02:30:00+00:00,3290.0,3291.0,3286.0,3287.0,121.1503
2025-04-16 03:00:00+00:00,3288.0,3290.0,3285.0,3290.0,38.7923
2025-04-16 03:30:00+00:00,3290.0,3306.0,3289.0,3304.0,238.0074
2025-04-16 04:00:00+00:00,3304.0,3308.0,3294.0,3295.0,353.3209
2025-04-16 04:30:00+00:00,3295.0,3308.0,3289.0,3305.0,243.8649
2025-04-16 05:00:00+00:00,3304.0,3313.0,3304.0,3310.0,163.2891
2025-04-16 05:30:00+00:00,3310.0,3311.0,3307.0,3311.0,174.8934
2025-04-16 06:00:00+00:00,3311.0,3312.0,3305.0,3312.0,190.7152
2025-04-16 06:30:00+00:00,3312.0,3314.0,3306.0,3308.0,80.1205
2025-04-16 07:00:00+00:00,3309.0,3315.0,3300.0,3314.0,278.3983
2025-04-16 07:30:00+00:00,3313.0,3319.0,3310.0,3317.0,113.3993
2025-04-16 08:00:00+00:00,3316.0,3336.0,3316.0,3326.0,436.1337
2025-04-16 08:30:00+00:00,3325.0,3326.0,3307.0,3323.0,220.021
2025-04-16 09:00:00+00:00,3324.0,3327.0,3318.0,3322.0,103.4968
2025-04-16 09:30:00+00:00,3322.0,3326.0,3317.0,3324.0,155.4668
2025-04-16 10:00:00+00:00,3325.0,3329.0,3325.0,3327.0,178.7012
2025-04-16 10:30:00+00:00,3327.0,3331.0,3325.0,3330.0,79.6163
2025-04-16 11:00:00+00:00,3330.0,3331.0,3318.0,3318.0,145.7865
2025-04-16 11:30:00+00:00,3319.0,3333.0,3318.0,3330.0,123.1601
2025-04-16 12:00:00+00:00,3329.0,3331.0,3324.0,3330.0,135.1173
2025-04-16 12:30:00+00:00,3329.0,3345.0,3327.0,3334.0,239.7562
2025-04-16 13:00:00+00:00,3333.0,3338.0,3326.0,3332.0,146.9652
2025-04-16 13:30:00+00:00,3332.0,3338.0,3321.0,3336.0,249.9371
2025-04-16 14:00:00+00:00,3336.0,3342.0,3333.0,3338.0,214.8348
2025-04-16 14:30:00+00:00,3337.0,3338.0,3326.0,3329.0,330.0211
2025-04-16 15:00:00+00:00,3329.0,3333.0,3326.0,3332.0,119.9741
2025-04-16 15:30:00+00:00,3333.0,3350.0,3332.0,3348.0,222.8617
2025-04-16 16:00:00+00:00,3348.0,3360.0,3346.0,3358.0,244.7453
2025-04-16 16:30:00+00:00,3357.0,3357.0,3345.0,3349.0,145.8336
2025-04-16 17:00:00+00:00,3350.0,3352.0,3344.0,3349.0,156.5635
2025-04-16 17:30:00+00:00,3349.0,3351.0,3343.0,3344.0,213.5072
2025-04-16 18:00:00+00:00,3344.0,3360.0,3342.0,3359.0,233.6897
2025-04-16 18:30:00+00:00,3359.0,3364.0,3356.0,3361.0,130.5349
2025-04-16 19:00:00+00:00,3362.0,3366.0,3359.0,3363.0,85.7323
2025-04-16 19:30:00+00:00,3363.0,3365.0,3358.0,3359.0,87.8115
2025-04-16 20:00:00+00:00,3359.0,3363.0,3356.0,3359.0,132.5637
2025-04-16 20:30:00+00:00,3360.0,3360.0,3358.0,3359.0,87.2926
2025-04-16 21:00:00+00:00,3360.0,3367.0,3359.0,3365.0,85.6725
2025-04-16 21:30:00+00:00,3366.0,3368.0,3364.0,3365.0,70.3149
2025-04-16 22:00:00+00:00,3366.0,3381.0,3365.0,3379.0,101.2715
2025-04-16 22:30:00+00:00,3378.0,3380.0,3375.0,3377.0,63.2071
2025-04-16 23:00:00+00:00,3377.0,3380.0,3375.0,3378.0,90.8584
2025-04-16 23:30:00+00:00,3378.0,3380.0,3376.0,3378.0,40.8792
2025-04-17 00:00:00+00:00,3377.0,3378.0,3357.0,3372.0,634.526
2025-04-17 00:30:00+00:00,3372.0,3377.0,3372.0,3374.0,161.6288
2025-04-17 01:00:00+00:00,3374.0,3385.0,3374.0,3381.0,110.5624
2025-04-17 01:30:00+00:00,3380.0,3380.0,3345.0,3349.0,551.8656
2025-04-17 02:00:00+00:00,3350.0,3357.0,3348.0,3357.0,388.9505
2025-04-17 02:30:00+00:00,3357.0,3359.0,3346.0,3358.0,107.7943
2025-04-17 03:00:00+00:00,3357.0,3361.0,3353.0,3358.0,42.913
2025-04-17 03:30:00+00:00,3358.0,3365.0,3356.0,3365.0,87.6777
2025-04-17 04:00:00+00:00,3366.0,3366.0,3358.0,3361.0,37.1743
2025-04-17 04:30:00+00:00,3362.0,3362.0,3359.0,3361.0,102.2572
2025-04-17 05:00:00+00:00,3362.0,3364.0,3353.0,3355.0,119.6177
2025-04-17 05:30:00+00:00,3354.0,3357.0,3341.0,3345.0,310.4282
2025-04-17 06:00:00+00:00,3345.0,3353.0,3343.0,3345.0,100.9063
2025-04-17 06:30:00+00:00,3345.0,3350.0,3344.0,3346.0,62.5285
2025-04-17 07:00:00+00:00,3346.0,3347.0,3331.0,3336.0,265.0956
2025-04-17 07:30:00+00:00,3335.0,3344.0,3332.0,3342.0,171.2266
2025-04-17 08:00:00+00:00,3343.0,3344.0,3339.0,3340.0,72.8731
2025-04-17 08:30:00+00:00,3339.0,3343.0,3333.0,3343.0,52.6414
2025-04-17 09:00:00+00:00,3342.0,3348.0,3340.0,3346.0,33.8013
2025-04-17 09:30:00+00:00,3346.0,3346.0,3340.0,3345.0,47.8082
2025-04-17 10:00:00+00:00,3344.0,3353.0,3343.0,3350.0,70.1554
2025-04-17 10:30:00+00:00,3350.0,3355.0,3348.0,3353.0,109.937
2025-04-17 11:00:00+00:00,3353.0,3357.0,3350.0,3351.0,135.7447
2025-04-17 11:30:00+00:00,3351.0,3352.0,3345.0,3350.0,102.4071
2025-04-17 12:00:00+00:00,3350.0,3360.0,3346.0,3347.0,96.1051
2025-04-17 12:30:00+00:00,3347.0,3353.0,3346.0,3348.0,230.2306
2025-04-17 13:00:00+00:00,3348.0,3351.0,3342.0,3343.0,53.8651
2025-04-17 13:30:00+00:00,3344.0,3353.0,3335.0,3336.0,96.9442
2025-04-17 14:00:00+00:00,3336.0,3336.0,3324.0,3326.0,198.804
2025-04-17 14:30:00+00:00,3325.0,3327.0,3309.0,3314.0,287.8339
2025-04-17 15:00:00+00:00,3314.0,3327.0,3313.0,3321.0,148.8783
2025-04-17 15:30:00+00:00,3321.0,3325.0,3316.0,3317.0,126.6943
2025-04-17 16:00:00+00:00,3317.0,3331.0,3316.0,3329.0,44.0019
2025-04-17 16:30:00+00:00,3330.0,3338.0,3327.0,3333.0,102.3757
2025-04-17 17:00:00+00:00,3334.0,3342.0,3333.0,3334.0,61.582
2025-04-17 17:30:00+00:00,3334.0,3342.0,3334.0,3337.0,107.5947
2025-04-17 18:00:00+00:00,3338.0,3339.0,3332.0,3337.0,131.7064
2025-04-17 18:30:00+00:00,3337.0,3339.0,3330.0,3338.0,93.1961
2025-04-17 19:00:00+00:00,3338.0,3338.0,3329.0,3330.0,36.3633
2025-04-17 19:30:00+00:00,3330.0,3342.0,3330.0,3338.0,85.6245
2025-04-17 20:00:00+00:00,3339.0,3341.0,3335.0,3340.0,74.1845
2025-04-17 20:30:00+00:00,3340.0,3344.0,3339.0,3342.0,114.8399
2025-04-17 21:00:00+00:00,3341.0,3342.0,3338.0,3338.0,93.8581
2025-04-17 21:30:00+00:00,3338.0,3341.0,3337.0,3338.0,31.6914
2025-04-17 22:00:00+00:00,3338.0,3341.0,3337.0,3340.0,29.8486
2025-04-17 22:30:00+00:00,3341.0,3342.0,3339.0,3340.0,30.7804
2025-04-17 23:00:00+00:00,3340.0,3349.0,3340.0,3348.0,98.9777
2025-04-17 23:30:00+00:00,3349.0,3349.0,3344.0,3347.0,25.5056
2025-04-18 00:00:00+00:00,3346.0,3346.0,3339.0,3343.0,74.4519
2025-04-18 00:30:00+00:00,3344.0,3344.0,3340.0,3341.0,37.1457
2025-04-18 01:00:00+00:00,3342.0,3345.0,3341.0,3344.0,19.8047
2025-04-18 01:30:00+00:00,3345.0,3350.0,3342.0,3348.0,52.4073
2025-04-18 02:00:00+00:00,3348.0,3349.0,3341.0,3342.0,155.02
2025-04-18 02:30:00+00:00,3342.0,3350.0,3338.0,3342.0,123.5242
2025-04-18 03:00:00+00:00,3343.0,3343.0,3337.0,3338.0,22.5466
2025-04-18 03:30:00+00:00,3338.0,3342.0,3337.0,3342.0,50.8184
2025-04-18 04:00:00+00:00,3341.0,3346.0,3341.0,3343.0,63.2177
2025-04-18 04:30:00+00:00,3343.0,3345.0,3341.0,3344.0,99.1017
2025-04-18 05:00:00+00:00,3344.0,3348.0,3343.0,3348.0,53.5481
2025-04-18 05:30:00+00:00,3348.0,3354.0,3348.0,3350.0,141.0029
2025-04-18 06:00:00+00:00,3351.0,3355.0,3349.0,3352.0,124.055
2025-04-18 06:30:00+00:00,3352.0,3353.0,3351.0,3352.0,11.9234
2025-04-18 07:00:00+00:00,3353.0,3354.0,3348.0,3349.0,48.3818
2025-04-18 07:30:00+00:00,3350.0,3353.0,3343.0,3349.0,68.0776
2025-04-18 08:00:00+00:00,3350.0,3354.0,3346.0,3354.0,67.4672
2025-04-18 08:30:00+00:00,3354.0,3354.0,3347.0,3349.0,46.4603
2025-04-18 09:00:00+00:00,3349.0,3352.0,3349.0,3351.0,13.2988
2025-04-18 09:30:00+00:00,3350.0,3352.0,3350.0,3352.0,10.3518
2025-04-18 10:00:00+00:00,3351.0,3354.0,3350.0,3354.0,32.0849
2025-04-18 10:30:00+00:00,3353.0,3355.0,3352.0,3354.0,86.6948
2025-04-18 11:00:00+00:00,3354.0,3355.0,3352.0,3355.0,27.754
2025-04-18 11:30:00+00:00,3355.0,3355.0,3350.0,3350.0,16.4557
2025-04-18 12:00:00+00:00,3351.0,3360.0,3350.0,3360.0,88.0114
2025-04-18 12:30:00+00:00,3360.0,3363.0,3351.0,3354.0,124.8839
2025-04-18 13:00:00+00:00,3354.0,3357.0,3352.0,3355.0,119.3694
2025-04-18 13:30:00+00:00,3356.0,3360.0,3353.0,3357.0,50.7442
2025-04-18 14:00:00+00:00,3356.0,3359.0,3355.0,3356.0,171.7892
2025-04-18 14:30:00+00:00,3356.0,3359.0,3355.0,3359.0,52.0195
2025-04-18 15:00:00+00:00,3358.0,3364.0,3356.0,3357.0,199.2809
2025-04-18 15:30:00+00:00,3358.0,3359.0,3356.0,3357.0,80.5566
2025-04-18 16:00:00+00:00,3356.0,3358.0,3355.0,3357.0,32.8784
2025-04-18 16:30:00+00:00,3357.0,3358.0,3356.0,3357.0,15.9223
2025-04-18 17:00:00+00:00,3357.0,3358.0,3355.0,3355.0,40.6311
2025-04-18 17:30:00+00:00,3356.0,3357.0,3355.0,3356.0,5.5032
2025-04-18 18:00:00+00:00,3356.0,3360.0,3356.0,3359.0,37.3628
2025-04-18 18:30:00+00:00,3360.0,3360.0,3356.0,3356.0,15.8933
2025-04-18 19:00:00+00:00,3357.0,3358.0,3356.0,3356.0,44.3449
2025-04-18 19:30:00+00:00,3356.0,3358.0,3356.0,3356.0,22.5026
2025-04-18 20:00:00+00:00,3357.0,3359.0,3356.0,3358.0,29.7493
2025-04-18 20:30:00+00:00,3357.0,3358.0,3352.0,3355.0,82.5075
2025-04-18 21:00:00+00:00,3355.0,3360.0,3347.0,3354.0,152.1051
2025-04-18 21:30:00+00:00,3354.0,3362.0,3353.0,3358.0,121.8657
2025-04-18 22:00:00+00:00,3358.0,3361.0,3353.0,3356.0,116.6927
2025-04-18 22:30:00+00:00,3356.0,3359.0,3353.0,3355.0,98.0599
2025-04-18 23:00:00+00:00,3355.0,3358.0,3353.0,3354.0,80.5568
2025-04-18 23:30:00+00:00,3354.0,3356.0,3352.0,3353.0,83.3142
2025-04-19 00:00:00+00:00,3353.0,3356.0,3351.0,3352.0,68.3031
2025-04-19 00:30:00+00:00,3352.0,3357.0,3352.0,3354.0,66.8467
2025-04-19 01:00:00+00:00,3354.0,3357.0,3351.0,3352.0,67.6111
2025-04-19 01:30:00+00:00,3352.0,3352.0,3347.0,3348.0,98.6361
2025-04-19 02:00:00+00:00,3348.0,3349.0,3344.0,3346.0,94.7216
2025-04-19 02:30:00+00:00,3346.0,3348.0,3345.0,3347.0,71.7271
2025-04-19 03:00:00+00:00,3347.0,3350.0,3346.0,3348.0,54.3213
2025-04-19 03:30:00+00:00,3349.0,3350.0,3347.0,3348.0,15.7978
2025-04-19 04:00:00+00:00,3348.0,3351.0,3346.0,3350.0,45.6395
2025-04-19 04:30:00+00:00,3350.0,3353.0,3349.0,3351.0,32.7181
2025-04-19 05:00:00+00:00,3351.0,3352.0,3346.0,3347.0,86.209
2025-04-19 05:30:00+00:00,3348.0,3350.0,3347.0,3348.0,23.5787
2025-04-19 06:00:00+00:00,3347.0,3353.0,3347.0,3351.0,23.4662
2025-04-19 06:30:00+00:00,3351.0,3354.0,3351.0,3351.0,46.7574
2025-04-19 07:00:00+00:00,3351.0,3355.0,3351.0,3353.0,44.1583
2025-04-19 07:30:00+00:00,3352.0,3355.0,3350.0,3355.0,112.9335
2025-04-19 08:00:00+00:00,3356.0,3356.0,3350.0,3351.0,65.3275
2025-04-19 08:30:00+00:00,3351.0,3352.0,3345.0,3347.0,101.4326
2025-04-19 09:00:00+00:00,3346.0,3347.0,3342.0,3343.0,62.6771
2025-04-19 09:30:00+00:00,3343.0,3345.0,3341.0,3344.0,39.3457
2025-04-19 10:00:00+00:00,3345.0,3348.0,3344.0,3347.0,11.7223
2025-04-19 10:30:00+00:00,3348.0,3349.0,3346.0,3346.0,21.8554
2025-04-19 11:00:00+00:00,3345.0,3346.0,3344.0,3346.0,7.1741
2025-04-19 11:30:00+00:00,3346.0,3346.0,3344.0,3345.0,16.0378
2025-04-19 12:00:00+00:00,3346.0,3346.0,3345.0,3345.0,9.971
2025-04-19 12:30:00+00:00,3345.0,3349.0,3345.0,3347.0,28.906
2025-04-19 13:00:00+00:00,3347.0,3349.0,3346.0,3348.0,13.6521
2025-04-19 13:30:00+00:00,3348.0,3353.0,3346.0,3351.0,46.8611
2025-04-19 14:00:00+00:00,3351.0,3352.0,3345.0,3345.0,28.2785
2025-04-19 14:30:00+00:00,3345.0,3347.0,3343.0,3346.0,28.1217
2025-04-19 15:00:00+00:00,3347.0,3348.0,3346.0,3347.0,16.9855
2025-04-19 15:30:00+00:00,3347.0,3349.0,3345.0,3348.0,27.4211
2025-04-19 16:00:00+00:00,3348.0,3353.0,3347.0,3351.0,22.5639
2025-04-19 16:30:00+00:00,3352.0,3352.0,3348.0,3349.0,18.8695
2025-04-19 17:00:00+00:00,3349.0,3352.0,3348.0,3351.0,15.6519
2025-04-19 17:30:00+00:00,3351.0,3355.0,3350.0,3352.0,26.8131
2025-04-19 18:00:00+00:00,3352.0,3355.0,3351.0,3352.0,38.5104
2025-04-19 18:30:00+00:00,3352.0,3355.0,3352.0,3355.0,13.416
2025-04-19 19:00:00+00:00,3354.0,3355.0,3353.0,3354.0,19.2357
2025-04-19 19:30:00+00:00,3355.0,3355.0,3352.0,3354.0,30.0872
2025-04-19 20:00:00+00:00,3354.0,3355.0,3352.0,3353.0,15.84
2025-04-19 20:30:00+00:00,3353.0,3354.0,3350.0,3350.0,30.4543
2025-04-19 21:00:00+00:00,3350.0,3352.0,3350.0,3351.0,13.7805
2025-04-19 21:30:00+00:00,3350.0,3352.0,3350.0,3350.0,14.1732
2025-04-19 22:00:00+00:00,3350.0,3352.0,3350.0,3350.0,25.0967
2025-04-19 22:30:00+00:00,3350.0,3352.0,3350.0,3350.0,15.1361
2025-04-19 23:00:00+00:00,3350.0,3352.0,3350.0,3350.0,10.7822
2025-04-19 23:30:00+00:00,3350.0,3351.0,3348.0,3348.0,20.8233
2025-04-20 00:00:00+00:00,3348.0,3351.0,3347.0,3350.0,27.1099
2025-04-20 00:30:00+00:00,3350.0,3351.0,3350.0,3350.0,16.7943
2025-04-20 01:00:00+00:00,3351.0,3351.0,3348.0,3349.0,17.6013
2025-04-20 01:30:00+00:00,3348.0,3351.0,3348.0,3351.0,14.9361
2025-04-20 02:00:00+00:00,3351.0,3351.0,3342.0,3345.0,202.8567
2025-04-20 02:30:00+00:00,3345.0,3348.0,3343.0,3348.0,16.2186
2025-04-20 03:00:00+00:00,3348.0,3348.0,3344.0,3347.0,23.6389
2025-04-20 03:30:00+00:00,3347.0,3348.0,3343.0,3346.0,31.5301
2025-04-20 04:00:00+00:00,3347.0,3348.0,3346.0,3348.0,9.5241
2025-04-20 04:30:00+00:00,3347.0,3349.0,3347.0,3347.0,7.0667
2025-04-20 05:00:00+00:00,3347.0,3350.0,3347.0,3350.0,5.8698
2025-04-20 05:30:00+00:00,3350.0,3351.0,3345.0,3345.0,56.8541
2025-04-20 06:00:00+00:00,3346.0,3346.0,3344.0,3345.0,40.2136
2025-04-20 06:30:00+00:00,3345.0,3346.0,3344.0,3346.0,16.2751
2025-04-20 07:00:00+00:00,3346.0,3350.0,3345.0,3349.0,36.7645
2025-04-20 07:30:00+00:00,3349.0,3351.0,3349.0,3349.0,34.563
2025-04-20 08:00:00+00:00,3350.0,3351.0,3348.0,3349.0,18.5942
2025-04-20 08:30:00+00:00,3349.0,3352.0,3349.0,3350.0,20.5227
2025-04-20 09:00:00+00:00,3349.0,3353.0,3349.0,3352.0,38.134
2025-04-20 09:30:00+00:00,3352.0,3352.0,3350.0,3352.0,25.2771
2025-04-20 10:00:00+00:00,3352.0,3353.0,3351.0,3352.0,22.8593
2025-04-20 10:30:00+00:00,3351.0,3354.0,3351.0,3353.0,62.1269
2025-04-20 11:00:00+00:00,3353.0,3357.0,3353.0,3355.0,48.1777
2025-04-20 11:30:00+00:00,3355.0,3361.0,3354.0,3356.0,123.6434
2025-04-20 12:00:00+00:00,3357.0,3358.0,3356.0,3358.0,37.5172
2025-04-20 12:30:00+00:00,3358.0,3361.0,3357.0,3359.0,88.6268
2025-04-20 13:00:00+00:00,3358.0,3360.0,3354.0,3355.0,38.3993
2025-04-20 13:30:00+00:00,3355.0,3358.0,3355.0,3356.0,15.5056
2025-04-20 14:00:00+00:00,3357.0,3357.0,3354.0,3354.0,27.8767
2025-04-20 14:30:00+00:00,3354.0,3358.0,3354.0,3356.0,38.7939
2025-04-20 15:00:00+00:00,3357.0,3357.0,3353.0,3354.0,14.926
2025-04-20 15:30:00+00:00,3355.0,3355.0,3353.0,3355.0,23.7804
2025-04-20 16:00:00+00:00,3355.0,3355.0,3349.0,3350.0,83.3083
2025-04-20 16:30:00+00:00,3350.0,3350.0,3349.0,3349.0,11.2048
2025-04-20 17:00:00+00:00,3350.0,3350.0,3349.0,3349.0,5.1955
2025-04-20 17:30:00+00:00,3349.0,3352.0,3349.0,3351.0,7.5488
2025-04-20 18:00:00+00:00,3351.0,3351.0,3349.0,3349.0,31.7613
2025-04-20 18:30:00+00:00,3349.0,3350.0,3349.0,3350.0,5.1974
2025-04-20 19:00:00+00:00,3350.0,3350.0,3348.0,3349.0,53.8594
2025-04-20 19:30:00+00:00,3349.0,3350.0,3348.0,3349.0,32.0173
2025-04-20 20:00:00+00:00,3349.0,3350.0,3348.0,3350.0,64.1686
2025-04-20 20:30:00+00:00,3350.0,3350.0,3348.0,3349.0,119.228
2025-04-20 21:00:00+00:00,3348.0,3351.0,3348.0,3350.0,48.5086
2025-04-20 21:30:00+00:00,3351.0,3353.0,3349.0,3353.0,27.8954
2025-04-20 22:00:00+00:00,3353.0,3365.0,3352.0,3362.0,191.4317
2025-04-20 22:30:00+00:00,3361.0,3366.0,3357.0,3363.0,71.4657
2025-04-20 23:00:00+00:00,3363.0,3367.0,3360.0,3366.0,38.8862
2025-04-20 23:30:00+00:00,3366.0,3375.0,3366.0,3370.0,64.5463
2025-04-21 00:00:00+00:00,3370.0,3378.0,3369.0,3376.0,53.0339
2025-04-21 00:30:00+00:00,3377.0,3388.0,3377.0,3383.0,137.8609
2025-04-21 01:00:00+00:00,3384.0,3392.0,3383.0,3389.0,332.8937
2025-04-21 01:30:00+00:00,3389.0,3399.0,3387.0,3398.0,176.9391
2025-04-21 02:00:00+00:00,3399.0,3405.0,3393.0,3397.0,334.4344
2025-04-21 02:30:00+00:00,3397.0,3401.0,3395.0,3400.0,140.4622
2025-04-21 03:00:00+00:00,3400.0,3402.0,3395.0,3400.0,140.9825
2025-04-21 03:30:00+00:00,3400.0,3409.0,3399.0,3406.0,180.7124
2025-04-21 04:00:00+00:00,3406.0,3408.0,3394.0,3396.0,163.641
2025-04-21 04:30:00+00:00,3395.0,3397.0,3392.0,3396.0,61.5428
2025-04-21 05:00:00+00:00,3396.0,3406.0,3395.0,3403.0,42.1552
2025-04-21 05:30:00+00:00,3404.0,3409.0,3402.0,3408.0,97.7162
2025-04-21 06:00:00+00:00,3408.0,3419.0,3408.0,3418.0,111.1849
2025-04-21 06:30:00+00:00,3419.0,3421.0,3416.0,3421.0,213.8272
2025-04-21 07:00:00+00:00,3421.0,3427.0,3419.0,3427.0,256.8876
2025-04-21 07:30:00+00:00,3427.0,3432.0,3416.0,3421.0,344.5857
2025-04-21 08:00:00+00:00,3421.0,3427.0,3414.0,3421.0,260.9147
2025-04-21 08:30:00+00:00,3421.0,3426.0,3416.0,3421.0,357.2167
2025-04-21 09:00:00+00:00,3420.0,3425.0,3415.0,3420.0,135.2997
2025-04-21 09:30:00+00:00,3421.0,3426.0,3418.0,3422.0,95.097
2025-04-21 10:00:00+00:00,3422.0,3427.0,3421.0,3424.0,92.5316
2025-04-21 10:30:00+00:00,3424.0,3424.0,3422.0,3423.0,62.6321
2025-04-21 11:00:00+00:00,3424.0,3424.0,3415.0,3417.0,128.2398
2025-04-21 11:30:00+00:00,3417.0,3434.0,3417.0,3431.0,144.811
2025-04-21 12:00:00+00:00,3431.0,3437.0,3426.0,3429.0,264.3166
2025-04-21 12:30:00+00:00,3429.0,3445.0,3429.0,3444.0,305.0816
2025-04-21 13:00:00+00:00,3444.0,3446.0,3435.0,3439.0,368.04
2025-04-21 13:30:00+00:00,3439.0,3448.0,3433.0,3444.0,273.0922
2025-04-21 14:00:00+00:00,3444.0,3453.0,3442.0,3451.0,296.1422
2025-04-21 14:30:00+00:00,3450.0,3452.0,3434.0,3437.0,587.3837
2025-04-21 15:00:00+00:00,3437.0,3439.0,3432.0,3439.0,297.5361
2025-04-21 15:30:00+00:00,3439.0,3443.0,3437.0,3443.0,167.7505
2025-04-21 16:00:00+00:00,3442.0,3443.0,3431.0,3432.0,213.373
2025-04-21 16:30:00+00:00,3431.0,3434.0,3428.0,3430.0,133.6922
2025-04-21 17:00:00+00:00,3431.0,3441.0,3425.0,3439.0,513.8658
2025-04-21 17:30:00+00:00,3439.0,3447.0,3439.0,3442.0,221.9747
2025-04-21 18:00:00+00:00,3442.0,3450.0,3442.0,3444.0,227.5764
2025-04-21 18:30:00+00:00,3445.0,3449.0,3444.0,3446.0,75.5447
2025-04-21 19:00:00+00:00,3446.0,3454.0,3446.0,3446.0,97.0172
2025-04-21 19:30:00+00:00,3446.0,3448.0,3437.0,3445.0,179.782
2025-04-21 20:00:00+00:00,3445.0,3446.0,3441.0,3445.0,52.8278
2025-04-21 20:30:00+00:00,3446.0,3448.0,3444.0,3447.0,24.4674
2025-04-21 21:00:00+00:00,3447.0,3450.0,3447.0,3450.0,101.8187
2025-04-21 21:30:00+00:00,3450.0,3450.0,3448.0,3448.0,34.9367
2025-04-21 22:00:00+00:00,3448.0,3457.0,3447.0,3456.0,67.7244
2025-04-21 22:30:00+00:00,3456.0,3457.0,3452.0,3454.0,50.5523
2025-04-21 23:00:00+00:00,3453.0,3467.0,3453.0,3466.0,112.6564
2025-04-21 23:30:00+00:00,3466.0,3471.0,3460.0,3462.0,182.8625
2025-04-22 00:00:00+00:00,3463.0,3463.0,3442.0,3461.0,432.835
2025-04-22 00:30:00+00:00,3461.0,3461.0,3456.0,3458.0,230.3294
2025-04-22 01:00:00+00:00,3459.0,3476.0,3459.0,3474.0,338.4221
2025-04-22 01:30:00+00:00,3475.0,3488.0,3473.0,3481.0,531.7495
2025-04-22 02:00:00+00:00,3481.0,3484.0,3473.0,3480.0,368.4731
2025-04-22 02:30:00+00:00,3481.0,3496.0,3481.0,3496.0,948.3722
2025-04-22 03:00:00+00:00,3496.0,3515.0,3495.0,3512.0,390.0553
2025-04-22 03:30:00+00:00,3512.0,3516.0,3503.0,3507.0,467.4063
2025-04-22 04:00:00+00:00,3507.0,3513.0,3502.0,3508.0,199.9544
2025-04-22 04:30:00+00:00,3508.0,3516.0,3507.0,3512.0,337.5312
2025-04-22 05:00:00+00:00,3512.0,3513.0,3503.0,3504.0,188.9367
2025-04-22 05:30:00+00:00,3504.0,3513.0,3500.0,3513.0,238.2439
2025-04-22 06:00:00+00:00,3512.0,3523.0,3508.0,3514.0,282.4978
2025-04-22 06:30:00+00:00,3514.0,3517.0,3504.0,3507.0,292.4403
2025-04-22 07:00:00+00:00,3508.0,3509.0,3486.0,3493.0,556.9023
2025-04-22 07:30:00+00:00,3493.0,3503.0,3491.0,3492.0,215.6305
2025-04-22 08:00:00+00:00,3491.0,3498.0,3484.0,3486.0,184.2156
2025-04-22 08:30:00+00:00,3486.0,3487.0,3460.0,3462.0,456.4149
2025-04-22 09:00:00+00:00,3462.0,3481.0,3460.0,3479.0,352.8934
2025-04-22 09:30:00+00:00,3478.0,3478.0,3472.0,3477.0,70.811
2025-04-22 10:00:00+00:00,3477.0,3491.0,3476.0,3477.0,153.2099
2025-04-22 10:30:00+00:00,3476.0,3484.0,3473.0,3475.0,128.1296
2025-04-22 11:00:00+00:00,3474.0,3478.0,3469.0,3475.0,101.5293
2025-04-22 11:30:00+00:00,3474.0,3484.0,3469.0,3478.0,263.1845
2025-04-22 12:00:00+00:00,3478.0,3486.0,3474.0,3476.0,335.0945
2025-04-22 12:30:00+00:00,3476.0,3478.0,3447.0,3452.0,557.4039
2025-04-22 13:00:00+00:00,3452.0,3462.0,3443.0,3455.0,746.0887
2025-04-22 13:30:00+00:00,3456.0,3456.0,3428.0,3436.0,437.8094
2025-04-22 14:00:00+00:00,3435.0,3452.0,3433.0,3445.0,764.3918
2025-04-22 14:30:00+00:00,3446.0,3456.0,3440.0,3441.0,293.9782
2025-04-22 15:00:00+00:00,3441.0,3451.0,3430.0,3431.0,691.472
2025-04-22 15:30:00+00:00,3431.0,3448.0,3429.0,3436.0,267.8438
2025-04-22 16:00:00+00:00,3436.0,3439.0,3406.0,3407.0,703.6578
2025-04-22 16:30:00+00:00,3406.0,3412.0,3393.0,3411.0,747.3356
2025-04-22 17:00:00+00:00,3411.0,3426.0,3404.0,3426.0,179.2241
2025-04-22 17:30:00+00:00,3425.0,3426.0,3415.0,3418.0,138.8836
2025-04-22 18:00:00+00:00,3418.0,3419.0,3405.0,3405.0,165.2802
2025-04-22 18:30:00+00:00,3406.0,3413.0,3395.0,3405.0,156.2412
2025-04-22 19:00:00+00:00,3404.0,3408.0,3400.0,3400.0,101.6405
2025-04-22 19:30:00+00:00,3401.0,3401.0,3391.0,3399.0,98.5689
2025-04-22 20:00:00+00:00,3399.0,3407.0,3392.0,3399.0,403.7268
2025-04-22 20:30:00+00:00,3398.0,3401.0,3393.0,3398.0,130.1464
2025-04-22 21:00:00+00:00,3399.0,3399.0,3377.0,3380.0,303.9047
2025-04-22 21:30:00+00:00,3381.0,3385.0,3372.0,3376.0,569.3282
2025-04-22 22:00:00+00:00,3376.0,3376.0,3335.0,3336.0,1077.4954
2025-04-22 22:30:00+00:00,3335.0,3346.0,3332.0,3338.0,187.2678
2025-04-22 23:00:00+00:00,3338.0,3356.0,3336.0,3351.0,238.4369
2025-04-22 23:30:00+00:00,3350.0,3352.0,3344.0,3349.0,255.3203
2025-04-23 00:00:00+00:00,3349.0,3369.0,3349.0,3369.0,302.2518
2025-04-23 00:30:00+00:00,3369.0,3390.0,3367.0,3387.0,421.6147
2025-04-23 01:00:00+00:00,3386.0,3398.0,3380.0,3386.0,404.2597
2025-04-23 01:30:00+00:00,3386.0,3404.0,3380.0,3403.0,273.7395
2025-04-23 02:00:00+00:00,3403.0,3403.0,3387.0,3391.0,178.5969
2025-04-23 02:30:00+00:00,3391.0,3394.0,3365.0,3373.0,276.0769
2025-04-23 03:00:00+00:00,3372.0,3374.0,3353.0,3358.0,221.9789
2025-04-23 03:30:00+00:00,3358.0,3367.0,3357.0,3361.0,104.0697
2025-04-23 04:00:00+00:00,3362.0,3366.0,3359.0,3363.0,212.1683
2025-04-23 04:30:00+00:00,3363.0,3372.0,3362.0,3370.0,161.9839
2025-04-23 05:00:00+00:00,3371.0,3375.0,3362.0,3362.0,163.5021
2025-04-23 05:30:00+00:00,3362.0,3365.0,3341.0,3347.0,504.8786
2025-04-23 06:00:00+00:00,3348.0,3348.0,3332.0,3344.0,630.829
2025-04-23 06:30:00+00:00,3345.0,3347.0,3315.0,3325.0,361.0812
2025-04-23 07:00:00+00:00,3327.0,3334.0,3319.0,3329.0,612.5896
2025-04-23 07:30:00+00:00,3328.0,3341.0,3327.0,3339.0,260.2358
2025-04-23 08:00:00+00:00,3339.0,3339.0,3328.0,3335.0,185.0817
2025-04-23 08:30:00+00:00,3336.0,3344.0,3335.0,3343.0,130.69
2025-04-23 09:00:00+00:00,3342.0,3360.0,3342.0,3358.0,209.9788
2025-04-23 09:30:00+00:00,3358.0,3358.0,3338.0,3341.0,183.3376
2025-04-23 10:00:00+00:00,3341.0,3359.0,3339.0,3356.0,157.7282
2025-04-23 10:30:00+00:00,3356.0,3357.0,3347.0,3352.0,120.4928
2025-04-23 11:00:00+00:00,3353.0,3356.0,3345.0,3354.0,195.7685
2025-04-23 11:30:00+00:00,3353.0,3355.0,3336.0,3340.0,271.0285
2025-04-23 12:00:00+00:00,3341.0,3349.0,3332.0,3346.0,319.4074
2025-04-23 12:30:00+00:00,3346.0,3348.0,3330.0,3330.0,152.639
2025-04-23 13:00:00+00:00,3330.0,3331.0,3313.0,3314.0,487.5555
2025-04-23 13:30:00+00:00,3313.0,3322.0,3289.0,3295.0,571.4736
2025-04-23 14:00:00+00:00,3295.0,3303.0,3280.0,3294.0,421.7834
2025-04-23 14:30:00+00:00,3294.0,3315.0,3291.0,3304.0,266.0231
2025-04-23 15:00:00+00:00,3305.0,3311.0,3291.0,3298.0,212.5449
2025-04-23 15:30:00+00:00,3299.0,3307.0,3293.0,3301.0,286.5985
2025-04-23 16:00:00+00:00,3301.0,3316.0,3300.0,3315.0,144.8946
2025-04-23 16:30:00+00:00,3314.0,3320.0,3310.0,3314.0,157.0741
2025-04-23 17:00:00+00:00,3313.0,3317.0,3302.0,3303.0,151.8472
2025-04-23 17:30:00+00:00,3302.0,3304.0,3299.0,3301.0,97.1449
2025-04-23 18:00:00+00:00,3301.0,3306.0,3299.0,3301.0,40.8296
2025-04-23 18:30:00+00:00,3302.0,3302.0,3298.0,3301.0,63.0563
2025-04-23 19:00:00+00:00,3301.0,3316.0,3301.0,3315.0,107.5352
2025-04-23 19:30:00+00:00,3315.0,3317.0,3311.0,3313.0,64.62
2025-04-23 20:00:00+00:00,3313.0,3316.0,3308.0,3308.0,87.0654
2025-04-23 20:30:00+00:00,3307.0,3307.0,3302.0,3303.0,129.8283
2025-04-23 21:00:00+00:00,3304.0,3306.0,3300.0,3301.0,61.012
2025-04-23 21:30:00+00:00,3301.0,3306.0,3301.0,3303.0,33.7753
2025-04-23 22:00:00+00:00,3303.0,3326.0,3301.0,3325.0,210.2665
2025-04-23 22:30:00+00:00,3325.0,3334.0,3324.0,3325.0,159.264
2025-04-23 23:00:00+00:00,3326.0,3329.0,3325.0,3328.0,44.0765
2025-04-23 23:30:00+00:00,3328.0,3335.0,3327.0,3335.0,59.8789
2025-04-24 00:00:00+00:00,3335.0,3349.0,3333.0,3348.0,163.6239
2025-04-24 00:30:00+00:00,3349.0,3353.0,3346.0,3349.0,143.8191
2025-04-24 01:00:00+00:00,3349.0,3381.0,3349.0,3375.0,314.9725
2025-04-24 01:30:00+00:00,3375.0,3384.0,3364.0,3370.0,427.0692
2025-04-24 02:00:00+00:00,3371.0,3377.0,3363.0,3365.0,261.3958
2025-04-24 02:30:00+00:00,3365.0,3367.0,3350.0,3355.0,216.5504
2025-04-24 03:00:00+00:00,3356.0,3356.0,3343.0,3348.0,91.7715
2025-04-24 03:30:00+00:00,3348.0,3348.0,3337.0,3343.0,127.5267
2025-04-24 04:00:00+00:00,3342.0,3348.0,3342.0,3346.0,73.602
2025-04-24 04:30:00+00:00,3346.0,3350.0,3344.0,3347.0,42.9304
2025-04-24 05:00:00+00:00,3346.0,3348.0,3342.0,3343.0,44.0595
2025-04-24 05:30:00+00:00,3344.0,3355.0,3341.0,3344.0,120.7894
2025-04-24 06:00:00+00:00,3344.0,3346.0,3334.0,3337.0,54.4138
2025-04-24 06:30:00+00:00,3337.0,3345.0,3333.0,3343.0,124.4271
2025-04-24 07:00:00+00:00,3342.0,3357.0,3342.0,3352.0,174.5546
2025-04-24 07:30:00+00:00,3351.0,3359.0,3341.0,3355.0,293.641
2025-04-24 08:00:00+00:00,3356.0,3357.0,3349.0,3352.0,463.0725
2025-04-24 08:30:00+00:00,3352.0,3362.0,3352.0,3359.0,186.1185
2025-04-24 09:00:00+00:00,3359.0,3365.0,3358.0,3359.0,128.356
2025-04-24 09:30:00+00:00,3359.0,3359.0,3347.0,3355.0,121.0079
2025-04-24 10:00:00+00:00,3355.0,3357.0,3347.0,3350.0,112.4842
2025-04-24 10:30:00+00:00,3351.0,3354.0,3347.0,3350.0,87.7872
2025-04-24 11:00:00+00:00,3350.0,3363.0,3349.0,3363.0,86.8371
2025-04-24 11:30:00+00:00,3363.0,3365.0,3358.0,3358.0,151.744
2025-04-24 12:00:00+00:00,3358.0,3361.0,3357.0,3360.0,57.0646
2025-04-24 12:30:00+00:00,3360.0,3367.0,3358.0,3360.0,68.2288
2025-04-24 13:00:00+00:00,3359.0,3359.0,3350.0,3355.0,306.839
2025-04-24 13:30:00+00:00,3355.0,3357.0,3332.0,3334.0,238.0685
2025-04-24 14:00:00+00:00,3334.0,3338.0,3324.0,3338.0,239.0965
2025-04-24 14:30:00+00:00,3338.0,3345.0,3336.0,3343.0,97.5237
2025-04-24 15:00:00+00:00,3343.0,3343.0,3336.0,3339.0,159.3381
2025-04-24 15:30:00+00:00,3339.0,3344.0,3338.0,3343.0,38.9431
2025-04-24 16:00:00+00:00,3344.0,3350.0,3343.0,3345.0,122.4653
2025-04-24 16:30:00+00:00,3345.0,3347.0,3342.0,3347.0,34.567
2025-04-24 17:00:00+00:00,3347.0,3354.0,3347.0,3353.0,96.6836
2025-04-24 17:30:00+00:00,3354.0,3355.0,3348.0,3355.0,127.1557
2025-04-24 18:00:00+00:00,3354.0,3356.0,3351.0,3355.0,80.0724
2025-04-24 18:30:00+00:00,3356.0,3356.0,3349.0,3350.0,29.2009
2025-04-24 19:00:00+00:00,3349.0,3351.0,3348.0,3350.0,14.6571
2025-04-24 19:30:00+00:00,3350.0,3360.0,3350.0,3356.0,73.8318
2025-04-24 20:00:00+00:00,3356.0,3357.0,3352.0,3355.0,34.2954
2025-04-24 20:30:00+00:00,3354.0,3363.0,3354.0,3362.0,182.644
2025-04-24 21:00:00+00:00,3362.0,3363.0,3360.0,3360.0,36.3426
2025-04-24 21:30:00+00:00,3360.0,3366.0,3360.0,3363.0,55.3879
2025-04-24 22:00:00+00:00,3362.0,3378.0,3362.0,3377.0,233.849
2025-04-24 22:30:00+00:00,3376.0,3383.0,3371.0,3377.0,166.5991
2025-04-24 23:00:00+00:00,3377.0,3377.0,3367.0,3367.0,124.0911
2025-04-24 23:30:00+00:00,3367.0,3371.0,3362.0,3365.0,68.9453
2025-04-25 00:00:00+00:00,3365.0,3374.0,3365.0,3372.0,80.4355
2025-04-25 00:30:00+00:00,3372.0,3374.0,3362.0,3369.0,32.2989
2025-04-25 01:00:00+00:00,3369.0,3375.0,3361.0,3362.0,109.7784
2025-04-25 01:30:00+00:00,3362.0,3365.0,3351.0,3355.0,60.9208
2025-04-25 02:00:00+00:00,3355.0,3364.0,3355.0,3358.0,40.9321
2025-04-25 02:30:00+00:00,3357.0,3363.0,3352.0,3356.0,173.3745
2025-04-25 03:00:00+00:00,3356.0,3361.0,3353.0,3354.0,290.6933
2025-04-25 03:30:00+00:00,3354.0,3357.0,3336.0,3336.0,279.6824
2025-04-25 04:00:00+00:00,3336.0,3340.0,3331.0,3335.0,150.5923
2025-04-25 04:30:00+00:00,3334.0,3340.0,3330.0,3337.0,58.7274
2025-04-25 05:00:00+00:00,3337.0,3340.0,3327.0,3330.0,123.1571
2025-04-25 05:30:00+00:00,3330.0,3330.0,3305.0,3308.0,220.5735
2025-04-25 06:00:00+00:00,3308.0,3314.0,3295.0,3311.0,219.2995
2025-04-25 06:30:00+00:00,3310.0,3320.0,3310.0,3317.0,48.292
2025-04-25 07:00:00+00:00,3317.0,3326.0,3316.0,3321.0,199.3803
2025-04-25 07:30:00+00:00,3321.0,3324.0,3316.0,3321.0,85.4076
2025-04-25 08:00:00+00:00,3321.0,3322.0,3307.0,3318.0,119.2272
2025-04-25 08:30:00+00:00,3317.0,3320.0,3312.0,3316.0,104.5703
2025-04-25 09:00:00+00:00,3316.0,3324.0,3316.0,3319.0,101.636
2025-04-25 09:30:00+00:00,3319.0,3319.0,3308.0,3310.0,71.7564
2025-04-25 10:00:00+00:00,3308.0,3318.0,3308.0,3318.0,43.7418
2025-04-25 10:30:00+00:00,3317.0,3318.0,3312.0,3313.0,30.9014
2025-04-25 11:00:00+00:00,3312.0,3315.0,3310.0,3311.0,82.5724
2025-04-25 11:30:00+00:00,3312.0,3312.0,3303.0,3307.0,148.2208
2025-04-25 12:00:00+00:00,3307.0,3315.0,3306.0,3312.0,92.5178
2025-04-25 12:30:00+00:00,3312.0,3313.0,3291.0,3297.0,691.2048
2025-04-25 13:00:00+00:00,3297.0,3298.0,3260.0,3274.0,1636.6793
2025-04-25 13:30:00+00:00,3273.0,3290.0,3272.0,3285.0,261.827
2025-04-25 14:00:00+00:00,3285.0,3290.0,3280.0,3287.0,177.6196
2025-04-25 14:30:00+00:00,3287.0,3291.0,3282.0,3282.0,176.4088
2025-04-25 15:00:00+00:00,3283.0,3285.0,3260.0,3278.0,311.5907
2025-04-25 15:30:00+00:00,3277.0,3290.0,3276.0,3286.0,117.268
2025-04-25 16:00:00+00:00,3287.0,3288.0,3281.0,3281.0,96.0638
2025-04-25 16:30:00+00:00,3282.0,3287.0,3280.0,3286.0,97.4905
2025-04-25 17:00:00+00:00,3287.0,3292.0,3282.0,3290.0,116.155
2025-04-25 17:30:00+00:00,3291.0,3300.0,3289.0,3294.0,168.3875
2025-04-25 18:00:00+00:00,3295.0,3305.0,3294.0,3298.0,101.0688
2025-04-25 18:30:00+00:00,3298.0,3299.0,3293.0,3294.0,69.1904
2025-04-25 19:00:00+00:00,3294.0,3298.0,3291.0,3298.0,63.8039
2025-04-25 19:30:00+00:00,3298.0,3310.0,3297.0,3305.0,119.3511
2025-04-25 20:00:00+00:00,3305.0,3308.0,3301.0,3306.0,106.2839
2025-04-25 20:30:00+00:00,3306.0,3315.0,3304.0,3315.0,123.362
2025-04-25 21:00:00+00:00,3314.0,3317.0,3312.0,3314.0,104.1172
2025-04-25 21:30:00+00:00,3313.0,3318.0,3309.0,3312.0,150.7321
2025-04-25 22:00:00+00:00,3311.0,3319.0,3309.0,3317.0,70.4302
2025-04-25 22:30:00+00:00,3317.0,3317.0,3312.0,3312.0,50.0221
2025-04-25 23:00:00+00:00,3313.0,3319.0,3313.0,3316.0,24.4979
2025-04-25 23:30:00+00:00,3316.0,3317.0,3312.0,3313.0,59.8771
2025-04-26 00:00:00+00:00,3313.0,3316.0,3312.0,3312.0,37.2474
2025-04-26 00:30:00+00:00,3312.0,3313.0,3305.0,3312.0,237.8905
2025-04-26 01:00:00+00:00,3313.0,3315.0,3309.0,3313.0,87.1673
2025-04-26 01:30:00+00:00,3313.0,3318.0,3311.0,3314.0,70.1906
2025-04-26 02:00:00+00:00,3315.0,3318.0,3314.0,3317.0,38.1324
2025-04-26 02:30:00+00:00,3317.0,3319.0,3315.0,3318.0,38.3288
2025-04-26 03:00:00+00:00,3318.0,3322.0,3316.0,3318.0,61.2486
2025-04-26 03:30:00+00:00,3319.0,3319.0,3314.0,3314.0,8.5548
2025-04-26 04:00:00+00:00,3315.0,3320.0,3314.0,3315.0,36.3824
2025-04-26 04:30:00+00:00,3316.0,3318.0,3313.0,3316.0,38.1152
2025-04-26 05:00:00+00:00,3316.0,3317.0,3311.0,3311.0,26.8747
2025-04-26 05:30:00+00:00,3311.0,3316.0,3311.0,3315.0,12.1252
2025-04-26 06:00:00+00:00,3315.0,3319.0,3315.0,3316.0,25.3754
2025-04-26 06:30:00+00:00,3316.0,3317.0,3314.0,3316.0,17.5812
2025-04-26 07:00:00+00:00,3316.0,3316.0,3309.0,3315.0,90.0694
2025-04-26 07:30:00+00:00,3315.0,3315.0,3309.0,3311.0,30.5002
2025-04-26 08:00:00+00:00,3310.0,3312.0,3304.0,3309.0,203.836
2025-04-26 08:30:00+00:00,3308.0,3308.0,3304.0,3307.0,25.7095
2025-04-26 09:00:00+00:00,3307.0,3307.0,3303.0,3306.0,28.7752
2025-04-26 09:30:00+00:00,3306.0,3306.0,3301.0,3301.0,26.4826
2025-04-26 10:00:00+00:00,3302.0,3308.0,3301.0,3306.0,47.8983
2025-04-26 10:30:00+00:00,3307.0,3310.0,3306.0,3307.0,12.3788
2025-04-26 11:00:00+00:00,3308.0,3313.0,3304.0,3311.0,78.7846
2025-04-26 11:30:00+00:00,3312.0,3315.0,3310.0,3311.0,66.2199
2025-04-26 12:00:00+00:00,3312.0,3313.0,3304.0,3309.0,89.6419
2025-04-26 12:30:00+00:00,3309.0,3310.0,3303.0,3306.0,50.1949
2025-04-26 13:00:00+00:00,3306.0,3311.0,3305.0,3306.0,62.3775
2025-04-26 13:30:00+00:00,3307.0,3309.0,3305.0,3308.0,52.014
2025-04-26 14:00:00+00:00,3307.0,3315.0,3307.0,3315.0,32.2864
2025-04-26 14:30:00+00:00,3315.0,3316.0,3312.0,3313.0,60.1599
2025-04-26 15:00:00+00:00,3313.0,3315.0,3313.0,3315.0,23.5286
2025-04-26 15:30:00+00:00,3314.0,3316.0,3309.0,3312.0,74.1024
2025-04-26 16:00:00+00:00,3312.0,3314.0,3311.0,3313.0,22.3939
2025-04-26 16:30:00+00:00,3314.0,3314.0,3310.0,3312.0,26.3868
2025-04-26 17:00:00+00:00,3312.0,3314.0,3311.0,3313.0,12.6182
2025-04-26 17:30:00+00:00,3313.0,3314.0,3312.0,3313.0,16.3042
2025-04-26 18:00:00+00:00,3313.0,3314.0,3305.0,3311.0,67.8321
2025-04-26 18:30:00+00:00,3311.0,3315.0,3309.0,3311.0,51.4901
2025-04-26 19:00:00+00:00,3311.0,3315.0,3310.0,3312.0,28.515
2025-04-26 19:30:00+00:00,3312.0,3314.0,3310.0,3313.0,13.1429
2025-04-26 20:00:00+00:00,3313.0,3318.0,3312.0,3317.0,35.9906
2025-04-26 20:30:00+00:00,3317.0,3318.0,3316.0,3318.0,37.262
2025-04-26 21:00:00+00:00,3319.0,3319.0,3317.0,3318.0,10.2415
2025-04-26 21:30:00+00:00,3317.0,3318.0,3314.0,3314.0,27.6307
2025-04-26 22:00:00+00:00,3314.0,3318.0,3314.0,3317.0,14.3941
2025-04-26 22:30:00+00:00,3317.0,3319.0,3316.0,3317.0,12.3159
2025-04-26 23:00:00+00:00,3318.0,3319.0,3312.0,3313.0,20.0501
2025-04-26 23:30:00+00:00,3313.0,3316.0,3311.0,3312.0,22.9669
2025-04-27 00:00:00+00:00,3313.0,3317.0,3312.0,3315.0,22.1344
2025-04-27 00:30:00+00:00,3314.0,3319.0,3314.0,3318.0,18.0551
2025-04-27 01:00:00+00:00,3318.0,3320.0,3313.0,3315.0,37.8729
2025-04-27 01:30:00+00:00,3314.0,3317.0,3311.0,3312.0,36.1307
2025-04-27 02:00:00+00:00,3312.0,3318.0,3312.0,3315.0,25.2598
2025-04-27 02:30:00+00:00,3315.0,3315.0,3313.0,3314.0,5.4359
2025-04-27 03:00:00+00:00,3314.0,3315.0,3312.0,3313.0,15.1655
2025-04-27 03:30:00+00:00,3313.0,3314.0,3312.0,3313.0,17.2143
2025-04-27 04:00:00+00:00,3314.0,3317.0,3313.0,3317.0,34.4475
2025-04-27 04:30:00+00:00,3316.0,3322.0,3316.0,3320.0,96.6725
2025-04-27 05:00:00+00:00,3320.0,3322.0,3317.0,3320.0,134.5683
2025-04-27 05:30:00+00:00,3321.0,3322.0,3314.0,3314.0,90.222
2025-04-27 06:00:00+00:00,3313.0,3314.0,3309.0,3314.0,118.7039
2025-04-27 06:30:00+00:00,3313.0,3317.0,3312.0,3316.0,21.4897
2025-04-27 07:00:00+00:00,3316.0,3316.0,3312.0,3316.0,21.3741
2025-04-27 07:30:00+00:00,3316.0,3317.0,3314.0,3314.0,12.7017
2025-04-27 08:00:00+00:00,3315.0,3319.0,3314.0,3319.0,22.4644
2025-04-27 08:30:00+00:00,3318.0,3319.0,3316.0,3317.0,17.0526
2025-04-27 09:00:00+00:00,3318.0,3318.0,3314.0,3316.0,39.1262
2025-04-27 09:30:00+00:00,3316.0,3317.0,3314.0,3315.0,27.6776
2025-04-27 10:00:00+00:00,3315.0,3316.0,3314.0,3315.0,12.7595
2025-04-27 10:30:00+00:00,3315.0,3315.0,3313.0,3314.0,16.714
2025-04-27 11:00:00+00:00,3313.0,3314.0,3313.0,3314.0,12.55
2025-04-27 11:30:00+00:00,3313.0,3315.0,3313.0,3314.0,9.1526
2025-04-27 12:00:00+00:00,3314.0,3317.0,3313.0,3317.0,30.3656
2025-04-27 12:30:00+00:00,3318.0,3319.0,3315.0,3316.0,42.4951
2025-04-27 13:00:00+00:00,3315.0,3319.0,3315.0,3316.0,25.2794
2025-04-27 13:30:00+00:00,3316.0,3318.0,3315.0,3318.0,11.7181
2025-04-27 14:00:00+00:00,3317.0,3318.0,3313.0,3316.0,37.2912
2025-04-27 14:30:00+00:00,3315.0,3319.0,3314.0,3318.0,41.2177
2025-04-27 15:00:00+00:00,3318.0,3326.0,3317.0,3321.0,121.2814
2025-04-27 15:30:00+00:00,3321.0,3323.0,3319.0,3321.0,60.0583
2025-04-27 16:00:00+00:00,3321.0,3325.0,3319.0,3323.0,38.7298
2025-04-27 16:30:00+00:00,3324.0,3327.0,3323.0,3326.0,43.1125
2025-04-27 17:00:00+00:00,3326.0,3327.0,3325.0,3325.0,30.9326
2025-04-27 17:30:00+00:00,3324.0,3329.0,3324.0,3328.0,39.5699
2025-04-27 18:00:00+00:00,3328.0,3332.0,3327.0,3331.0,91.7785
2025-04-27 18:30:00+00:00,3331.0,3331.0,3328.0,3328.0,34.177
2025-04-27 19:00:00+00:00,3329.0,3330.0,3327.0,3329.0,37.8885
2025-04-27 19:30:00+00:00,3328.0,3329.0,3325.0,3326.0,28.4163
2025-04-27 20:00:00+00:00,3326.0,3327.0,3323.0,3324.0,16.7401
2025-04-27 20:30:00+00:00,3324.0,3325.0,3322.0,3324.0,14.4967
2025-04-27 21:00:00+00:00,3324.0,3324.0,3320.0,3320.0,35.3857
2025-04-27 21:30:00+00:00,3321.0,3321.0,3319.0,3320.0,9.198
2025-04-27 22:00:00+00:00,3321.0,3331.0,3321.0,3324.0,79.1793
2025-04-27 22:30:00+00:00,3324.0,3324.0,3317.0,3318.0,46.2384
2025-04-27 23:00:00+00:00,3317.0,3320.0,3310.0,3313.0,68.0529
2025-04-27 23:30:00+00:00,3312.0,3312.0,3306.0,3308.0,44.1956
2025-04-28 00:00:00+00:00,3309.0,3316.0,3308.0,3314.0,62.2451
2025-04-28 00:30:00+00:00,3314.0,3322.0,3314.0,3321.0,74.8322
2025-04-28 01:00:00+00:00,3320.0,3321.0,3300.0,3303.0,124.0381
2025-04-28 01:30:00+00:00,3303.0,3303.0,3285.0,3289.0,188.0401
2025-04-28 02:00:00+00:00,3289.0,3290.0,3278.0,3280.0,223.9126
2025-04-28 02:30:00+00:00,3281.0,3292.0,3279.0,3289.0,89.2174
2025-04-28 03:00:00+00:00,3289.0,3298.0,3287.0,3295.0,100.8336
2025-04-28 03:30:00+00:00,3296.0,3299.0,3293.0,3296.0,37.9781
2025-04-28 04:00:00+00:00,3295.0,3298.0,3294.0,3298.0,28.1369
2025-04-28 04:30:00+00:00,3297.0,3302.0,3293.0,3302.0,219.5177
2025-04-28 05:00:00+00:00,3303.0,3303.0,3297.0,3298.0,72.529
2025-04-28 05:30:00+00:00,3298.0,3301.0,3290.0,3294.0,49.1272
2025-04-28 06:00:00+00:00,3295.0,3297.0,3291.0,3293.0,40.5055
2025-04-28 06:30:00+00:00,3293.0,3294.0,3283.0,3286.0,72.9593
2025-04-28 07:00:00+00:00,3286.0,3290.0,3281.0,3285.0,94.214
2025-04-28 07:30:00+00:00,3284.0,3292.0,3284.0,3288.0,124.5981
2025-04-28 08:00:00+00:00,3287.0,3289.0,3286.0,3287.0,40.4227
2025-04-28 08:30:00+00:00,3287.0,3287.0,3282.0,3284.0,55.897
2025-04-28 09:00:00+00:00,3285.0,3287.0,3281.0,3282.0,33.1273
2025-04-28 09:30:00+00:00,3281.0,3284.0,3279.0,3279.0,55.8199
2025-04-28 10:00:00+00:00,3280.0,3285.0,3277.0,3285.0,54.9408
2025-04-28 10:30:00+00:00,3285.0,3293.0,3285.0,3290.0,40.9277
2025-04-28 11:00:00+00:00,3291.0,3295.0,3287.0,3290.0,67.5996
2025-04-28 11:30:00+00:00,3290.0,3300.0,3290.0,3294.0,53.4619
2025-04-28 12:00:00+00:00,3295.0,3303.0,3294.0,3302.0,90.4225
2025-04-28 12:30:00+00:00,3302.0,3304.0,3296.0,3296.0,107.1447
2025-04-28 13:00:00+00:00,3296.0,3303.0,3293.0,3301.0,128.8443
2025-04-28 13:30:00+00:00,3301.0,3308.0,3293.0,3297.0,148.5016
2025-04-28 14:00:00+00:00,3298.0,3319.0,3298.0,3316.0,175.0895
2025-04-28 14:30:00+00:00,3317.0,3336.0,3315.0,3329.0,382.7926
2025-04-28 15:00:00+00:00,3330.0,3346.0,3323.0,3332.0,391.2855
2025-04-28 15:30:00+00:00,3332.0,3332.0,3324.0,3329.0,199.7264
2025-04-28 16:00:00+00:00,3329.0,3340.0,3329.0,3338.0,129.6183
2025-04-28 16:30:00+00:00,3339.0,3342.0,3336.0,3340.0,97.2179
2025-04-28 17:00:00+00:00,3340.0,3343.0,3337.0,3339.0,92.7435
2025-04-28 17:30:00+00:00,3340.0,3345.0,3337.0,3338.0,92.1825
2025-04-28 18:00:00+00:00,3338.0,3349.0,3336.0,3349.0,52.7149
2025-04-28 18:30:00+00:00,3349.0,3349.0,3327.0,3345.0,329.5463
2025-04-28 19:00:00+00:00,3346.0,3354.0,3343.0,3352.0,417.9268
2025-04-28 19:30:00+00:00,3352.0,3355.0,3349.0,3354.0,32.613
2025-04-28 20:00:00+00:00,3355.0,3355.0,3349.0,3350.0,19.0323
2025-04-28 20:30:00+00:00,3349.0,3352.0,3345.0,3345.0,30.8302
2025-04-28 21:00:00+00:00,3345.0,3346.0,3335.0,3341.0,132.6906
2025-04-28 21:30:00+00:00,3341.0,3347.0,3340.0,3344.0,33.8504
2025-04-28 22:00:00+00:00,3343.0,3350.0,3335.0,3336.0,70.6753
2025-04-28 22:30:00+00:00,3337.0,3342.0,3336.0,3339.0,23.7024
2025-04-28 23:00:00+00:00,3339.0,3343.0,3336.0,3341.0,38.6832
2025-04-28 23:30:00+00:00,3342.0,3343.0,3335.0,3339.0,94.2139
2025-04-29 00:00:00+00:00,3338.0,3339.0,3335.0,3335.0,40.1361
2025-04-29 00:30:00+00:00,3335.0,3337.0,3331.0,3333.0,74.8108
2025-04-29 01:00:00+00:00,3332.0,3336.0,3327.0,3333.0,61.2964
2025-04-29 01:30:00+00:00,3333.0,3339.0,3327.0,3328.0,30.1765
2025-04-29 02:00:00+00:00,3328.0,3332.0,3327.0,3328.0,44.5844
2025-04-29 02:30:00+00:00,3328.0,3333.0,3322.0,3324.0,63.0249
2025-04-29 03:00:00+00:00,3323.0,3324.0,3317.0,3319.0,521.9779
2025-04-29 03:30:00+00:00,3319.0,3320.0,3312.0,3316.0,44.0104
2025-04-29 04:00:00+00:00,3316.0,3320.0,3316.0,3318.0,21.3159
2025-04-29 04:30:00+00:00,3318.0,3319.0,3312.0,3313.0,28.1413
2025-04-29 05:00:00+00:00,3314.0,3317.0,3309.0,3311.0,62.3964
2025-04-29 05:30:00+00:00,3311.0,3318.0,3311.0,3313.0,59.9954
2025-04-29 06:00:00+00:00,3312.0,3322.0,3312.0,3322.0,80.1189
2025-04-29 06:30:00+00:00,3323.0,3325.0,3316.0,3319.0,88.1412
2025-04-29 07:00:00+00:00,3320.0,3320.0,3315.0,3319.0,39.8647
2025-04-29 07:30:00+00:00,3319.0,3324.0,3317.0,3323.0,77.1096
2025-04-29 08:00:00+00:00,3322.0,3325.0,3319.0,3320.0,188.3469
2025-04-29 08:30:00+00:00,3320.0,3320.0,3315.0,3315.0,48.0103
2025-04-29 09:00:00+00:00,3315.0,3317.0,3310.0,3316.0,115.7312
2025-04-29 09:30:00+00:00,3316.0,3320.0,3310.0,3314.0,167.4638
2025-04-29 10:00:00+00:00,3313.0,3316.0,3307.0,3310.0,143.2406
2025-04-29 10:30:00+00:00,3310.0,3319.0,3310.0,3319.0,48.8511
2025-04-29 11:00:00+00:00,3317.0,3319.0,3314.0,3317.0,40.2916
2025-04-29 11:30:00+00:00,3317.0,3318.0,3313.0,3313.0,8.9163
2025-04-29 12:00:00+00:00,3314.0,3314.0,3306.0,3313.0,35.2194
2025-04-29 12:30:00+00:00,3314.0,3317.0,3309.0,3316.0,48.2655
2025-04-29 13:00:00+00:00,3316.0,3320.0,3315.0,3319.0,61.1423
2025-04-29 13:30:00+00:00,3319.0,3323.0,3307.0,3311.0,102.1403
2025-04-29 14:00:00+00:00,3311.0,3320.0,3306.0,3320.0,108.5274
2025-04-29 14:30:00+00:00,3319.0,3320.0,3316.0,3319.0,36.4885
2025-04-29 15:00:00+00:00,3319.0,3320.0,3318.0,3319.0,182.9402
2025-04-29 15:30:00+00:00,3319.0,3321.0,3318.0,3320.0,345.8723
2025-04-29 16:00:00+00:00,3321.0,3325.0,3320.0,3323.0,37.0033
2025-04-29 16:30:00+00:00,3323.0,3330.0,3322.0,3329.0,287.2088
2025-04-29 17:00:00+00:00,3330.0,3331.0,3323.0,3324.0,93.1415
2025-04-29 17:30:00+00:00,3324.0,3326.0,3319.0,3319.0,35.9948
2025-04-29 18:00:00+00:00,3318.0,3322.0,3318.0,3320.0,33.9621
2025-04-29 18:30:00+00:00,3319.0,3321.0,3317.0,3321.0,135.6347
2025-04-29 19:00:00+00:00,3321.0,3325.0,3321.0,3324.0,244.2013
2025-04-29 19:30:00+00:00,3325.0,3325.0,3320.0,3320.0,10.7813
2025-04-29 20:00:00+00:00,3320.0,3323.0,3320.0,3322.0,10.7987
2025-04-29 20:30:00+00:00,3322.0,3322.0,3320.0,3321.0,13.6867
2025-04-29 21:00:00+00:00,3321.0,3321.0,3318.0,3319.0,12.4892
2025-04-29 21:30:00+00:00,3320.0,3322.0,3318.0,3321.0,16.0335
2025-04-29 22:00:00+00:00,3321.0,3323.0,3316.0,3319.0,51.0863
2025-04-29 22:30:00+00:00,3319.0,3322.0,3317.0,3322.0,58.0851
2025-04-29 23:00:00+00:00,3321.0,3322.0,3312.0,3318.0,35.4919
2025-04-29 23:30:00+00:00,3317.0,3318.0,3315.0,3317.0,17.2793
2025-04-30 00:00:00+00:00,3317.0,3325.0,3317.0,3319.0,30.2601
2025-04-30 00:30:00+00:00,3319.0,3320.0,3312.0,3313.0,31.9166
2025-04-30 01:00:00+00:00,3313.0,3323.0,3311.0,3319.0,58.3855
2025-04-30 01:30:00+00:00,3318.0,3322.0,3310.0,3310.0,57.2312
2025-04-30 02:00:00+00:00,3309.0,3314.0,3307.0,3313.0,19.5949
2025-04-30 02:30:00+00:00,3313.0,3315.0,3308.0,3310.0,60.8064
2025-04-30 03:00:00+00:00,3310.0,3313.0,3308.0,3311.0,17.9198
2025-04-30 03:30:00+00:00,3311.0,3312.0,3307.0,3310.0,11.4932
2025-04-30 04:00:00+00:00,3310.0,3310.0,3305.0,3306.0,51.3926
2025-04-30 04:30:00+00:00,3306.0,3313.0,3305.0,3312.0,37.4997
2025-04-30 05:00:00+00:00,3312.0,3316.0,3310.0,3316.0,17.1692
2025-04-30 05:30:00+00:00,3316.0,3316.0,3311.0,3312.0,28.4254
2025-04-30 06:00:00+00:00,3312.0,3313.0,3309.0,3309.0,21.4073
2025-04-30 06:30:00+00:00,3309.0,3312.0,3308.0,3311.0,20.495
2025-04-30 07:00:00+00:00,3310.0,3315.0,3307.0,3311.0,40.6141
2025-04-30 07:30:00+00:00,3312.0,3316.0,3310.0,3311.0,15.8796
2025-04-30 08:00:00+00:00,3310.0,3310.0,3289.0,3292.0,203.1001
2025-04-30 08:30:00+00:00,3293.0,3297.0,3290.0,3293.0,51.6602
2025-04-30 09:00:00+00:00,3294.0,3294.0,3288.0,3290.0,60.284
2025-04-30 09:30:00+00:00,3291.0,3296.0,3284.0,3285.0,117.7644
2025-04-30 10:00:00+00:00,3285.0,3287.0,3281.0,3287.0,120.0633
2025-04-30 10:30:00+00:00,3287.0,3289.0,3282.0,3284.0,71.268
2025-04-30 11:00:00+00:00,3284.0,3290.0,3280.0,3290.0,49.5113
2025-04-30 11:30:00+00:00,3289.0,3289.0,3282.0,3282.0,59.5053
2025-04-30 12:00:00+00:00,3283.0,3298.0,3280.0,3298.0,127.2166
2025-04-30 12:30:00+00:00,3297.0,3315.0,3293.0,3308.0,325.6896
2025-04-30 13:00:00+00:00,3307.0,3316.0,3304.0,3311.0,164.7117
2025-04-30 13:30:00+00:00,3312.0,3331.0,3311.0,3316.0,458.6821
2025-04-30 14:00:00+00:00,3316.0,3321.0,3307.0,3315.0,193.5681
2025-04-30 14:30:00+00:00,3315.0,3317.0,3300.0,3315.0,168.1618
2025-04-30 15:00:00+00:00,3315.0,3318.0,3309.0,3315.0,58.2818
2025-04-30 15:30:00+00:00,3315.0,3319.0,3308.0,3316.0,200.6236
2025-04-30 16:00:00+00:00,3317.0,3319.0,3315.0,3317.0,19.4217
2025-04-30 16:30:00+00:00,3316.0,3320.0,3316.0,3318.0,38.6747
2025-04-30 17:00:00+00:00,3318.0,3318.0,3309.0,3312.0,133.5281
2025-04-30 17:30:00+00:00,3312.0,3314.0,3311.0,3311.0,33.4847
2025-04-30 18:00:00+00:00,3310.0,3312.0,3305.0,3306.0,27.7318
2025-04-30 18:30:00+00:00,3305.0,3308.0,3304.0,3305.0,40.2151
2025-04-30 19:00:00+00:00,3304.0,3310.0,3302.0,3304.0,33.3288
2025-04-30 19:30:00+00:00,3304.0,3304.0,3296.0,3299.0,42.6479
2025-04-30 20:00:00+00:00,3300.0,3301.0,3292.0,3294.0,79.4108
2025-04-30 20:30:00+00:00,3293.0,3295.0,3289.0,3294.0,84.6552
2025-04-30 21:00:00+00:00,3295.0,3299.0,3294.0,3295.0,57.1576
2025-04-30 21:30:00+00:00,3295.0,3297.0,3293.0,3295.0,14.2017
2025-04-30 22:00:00+00:00,3295.0,3295.0,3284.0,3285.0,110.7229
2025-04-30 22:30:00+00:00,3285.0,3290.0,3282.0,3283.0,35.5212
2025-04-30 23:00:00+00:00,3283.0,3292.0,3283.0,3287.0,38.1725
2025-04-30 23:30:00+00:00,3286.0,3286.0,3282.0,3282.0,29.7049
2025-05-01 00:00:00+00:00,3283.0,3287.0,3268.0,3270.0,227.4606
2025-05-01 00:30:00+00:00,3271.0,3272.0,3258.0,3259.0,229.1029
2025-05-01 01:00:00+00:00,3259.0,3265.0,3253.0,3264.0,363.1372
2025-05-01 01:30:00+00:00,3264.0,3266.0,3253.0,3256.0,98.7779
2025-05-01 02:00:00+00:00,3256.0,3266.0,3254.0,3264.0,80.3896
2025-05-01 02:30:00+00:00,3263.0,3264.0,3257.0,3258.0,51.7946
2025-05-01 03:00:00+00:00,3257.0,3259.0,3246.0,3253.0,173.784
2025-05-01 03:30:00+00:00,3253.0,3255.0,3247.0,3248.0,69.4093
2025-05-01 04:00:00+00:00,3248.0,3251.0,3242.0,3244.0,140.041
2025-05-01 04:30:00+00:00,3243.0,3249.0,3240.0,3245.0,77.6454
2025-05-01 05:00:00+00:00,3246.0,3251.0,3243.0,3249.0,41.1177
2025-05-01 05:30:00+00:00,3250.0,3256.0,3248.0,3255.0,43.6699
2025-05-01 06:00:00+00:00,3255.0,3260.0,3253.0,3255.0,39.736
2025-05-01 06:30:00+00:00,3255.0,3258.0,3252.0,3252.0,39.2491
2025-05-01 07:00:00+00:00,3253.0,3253.0,3243.0,3246.0,85.1766
2025-05-01 07:30:00+00:00,3247.0,3251.0,3245.0,3245.0,68.8872
2025-05-01 08:00:00+00:00,3246.0,3254.0,3246.0,3253.0,81.1184
2025-05-01 08:30:00+00:00,3252.0,3252.0,3246.0,3249.0,119.974
2025-05-01 09:00:00+00:00,3249.0,3250.0,3243.0,3244.0,48.4242
2025-05-01 09:30:00+00:00,3244.0,3244.0,3233.0,3234.0,115.0842
2025-05-01 10:00:00+00:00,3234.0,3235.0,3224.0,3231.0,435.9624
2025-05-01 10:30:00+00:00,3231.0,3239.0,3231.0,3238.0,148.3333
2025-05-01 11:00:00+00:00,3237.0,3239.0,3235.0,3237.0,58.7097
2025-05-01 11:30:00+00:00,3236.0,3237.0,3219.0,3223.0,316.1563
2025-05-01 12:00:00+00:00,3222.0,3235.0,3218.0,3235.0,173.5127
2025-05-01 12:30:00+00:00,3234.0,3246.0,3234.0,3240.0,223.4263
2025-05-01 13:00:00+00:00,3241.0,3246.0,3236.0,3242.0,116.1567
2025-05-01 13:30:00+00:00,3241.0,3248.0,3238.0,3240.0,120.9871
2025-05-01 14:00:00+00:00,3240.0,3243.0,3230.0,3238.0,311.6513
2025-05-01 14:30:00+00:00,3238.0,3246.0,3236.0,3237.0,78.9797
2025-05-01 15:00:00+00:00,3238.0,3239.0,3232.0,3234.0,97.057
2025-05-01 15:30:00+00:00,3233.0,3237.0,3227.0,3235.0,262.8035
2025-05-01 16:00:00+00:00,3236.0,3236.0,3228.0,3231.0,64.6096
2025-05-01 16:30:00+00:00,3230.0,3238.0,3230.0,3238.0,38.2291
2025-05-01 17:00:00+00:00,3239.0,3239.0,3232.0,3234.0,95.3982
2025-05-01 17:30:00+00:00,3233.0,3234.0,3228.0,3233.0,41.1936
2025-05-01 18:00:00+00:00,3232.0,3236.0,3229.0,3234.0,36.2273
2025-05-01 18:30:00+00:00,3235.0,3241.0,3234.0,3240.0,108.8022
2025-05-01 19:00:00+00:00,3241.0,3242.0,3236.0,3238.0,110.2488
2025-05-01 19:30:00+00:00,3239.0,3243.0,3238.0,3241.0,42.6605
2025-05-01 20:00:00+00:00,3241.0,3288.0,3241.0,3247.0,354.2835
2025-05-01 20:30:00+00:00,3247.0,3257.0,3246.0,3256.0,136.9544
2025-05-01 21:00:00+00:00,3255.0,3260.0,3252.0,3260.0,34.359
2025-05-01 21:30:00+00:00,3260.0,3260.0,3250.0,3251.0,19.1943
2025-05-01 22:00:00+00:00,3251.0,3256.0,3249.0,3251.0,28.9953
2025-05-01 22:30:00+00:00,3251.0,3253.0,3247.0,3251.0,45.2844
2025-05-01 23:00:00+00:00,3251.0,3253.0,3249.0,3251.0,47.5942
2025-05-01 23:30:00+00:00,3251.0,3253.0,3247.0,3250.0,95.6402
2025-05-02 00:00:00+00:00,3250.0,3257.0,3247.0,3256.0,184.539
2025-05-02 00:30:00+00:00,3256.0,3257.0,3244.0,3245.0,34.4532
2025-05-02 01:00:00+00:00,3245.0,3252.0,3245.0,3247.0,30.1749
2025-05-02 01:30:00+00:00,3248.0,3249.0,3243.0,3249.0,55.9583
2025-05-02 02:00:00+00:00,3249.0,3257.0,3248.0,3257.0,58.4386
2025-05-02 02:30:00+00:00,3257.0,3259.0,3253.0,3257.0,68.2622
2025-05-02 03:00:00+00:00,3257.0,3263.0,3256.0,3262.0,27.5811
2025-05-02 03:30:00+00:00,3263.0,3269.0,3261.0,3265.0,48.3009
2025-05-02 04:00:00+00:00,3266.0,3266.0,3262.0,3265.0,43.6411
2025-05-02 04:30:00+00:00,3264.0,3265.0,3258.0,3260.0,73.0431
2025-05-02 05:00:00+00:00,3261.0,3264.0,3257.0,3264.0,55.2318
2025-05-02 05:30:00+00:00,3264.0,3268.0,3261.0,3261.0,43.7334
2025-05-02 06:00:00+00:00,3261.0,3281.0,3260.0,3277.0,543.8416
2025-05-02 06:30:00+00:00,3277.0,3281.0,3266.0,3270.0,261.7632
2025-05-02 07:00:00+00:00,3271.0,3281.0,3270.0,3275.0,199.5924
2025-05-02 07:30:00+00:00,3275.0,3282.0,3275.0,3278.0,115.6218
2025-05-02 08:00:00+00:00,3277.0,3278.0,3273.0,3275.0,48.0456
2025-05-02 08:30:00+00:00,3274.0,3276.0,3271.0,3273.0,60.7721
2025-05-02 09:00:00+00:00,3274.0,3278.0,3270.0,3275.0,61.1334
2025-05-02 09:30:00+00:00,3274.0,3280.0,3258.0,3277.0,298.6614
2025-05-02 10:00:00+00:00,3277.0,3279.0,3272.0,3275.0,74.8087
2025-05-02 10:30:00+00:00,3275.0,3275.0,3268.0,3271.0,49.6038
2025-05-02 11:00:00+00:00,3271.0,3279.0,3271.0,3278.0,42.7834
2025-05-02 11:30:00+00:00,3278.0,3282.0,3277.0,3279.0,55.931
2025-05-02 12:00:00+00:00,3279.0,3280.0,3271.0,3272.0,158.8729
2025-05-02 12:30:00+00:00,3273.0,3276.0,3262.0,3263.0,257.1387
2025-05-02 13:00:00+00:00,3262.0,3269.0,3248.0,3268.0,219.4866
2025-05-02 13:30:00+00:00,3268.0,3269.0,3255.0,3263.0,182.6432
2025-05-02 14:00:00+00:00,3263.0,3268.0,3258.0,3266.0,83.599
2025-05-02 14:30:00+00:00,3266.0,3275.0,3263.0,3275.0,119.0406
2025-05-02 15:00:00+00:00,3275.0,3275.0,3263.0,3264.0,76.563
2025-05-02 15:30:00+00:00,3265.0,3265.0,3250.0,3250.0,258.4773
2025-05-02 16:00:00+00:00,3251.0,3256.0,3244.0,3254.0,107.9944
2025-05-02 16:30:00+00:00,3254.0,3254.0,3242.0,3242.0,66.8811
2025-05-02 17:00:00+00:00,3243.0,3254.0,3242.0,3253.0,64.2868
2025-05-02 17:30:00+00:00,3252.0,3253.0,3246.0,3249.0,46.162
2025-05-02 18:00:00+00:00,3249.0,3250.0,3245.0,3247.0,26.9894
2025-05-02 18:30:00+00:00,3247.0,3248.0,3243.0,3245.0,8.9601
2025-05-02 19:00:00+00:00,3244.0,3248.0,3244.0,3247.0,66.5826
2025-05-02 19:30:00+00:00,3246.0,3250.0,3244.0,3250.0,68.765
2025-05-02 20:00:00+00:00,3250.0,3255.0,3248.0,3255.0,94.1511
2025-05-02 20:30:00+00:00,3254.0,3261.0,3254.0,3259.0,38.3432
2025-05-02 21:00:00+00:00,3260.0,3260.0,3256.0,3257.0,20.087
2025-05-02 21:30:00+00:00,3258.0,3258.0,3251.0,3252.0,7.9278
2025-05-02 22:00:00+00:00,3251.0,3252.0,3247.0,3247.0,23.4084
2025-05-02 22:30:00+00:00,3247.0,3248.0,3245.0,3246.0,19.8802
2025-05-02 23:00:00+00:00,3247.0,3250.0,3245.0,3250.0,24.621
2025-05-02 23:30:00+00:00,3249.0,3255.0,3249.0,3253.0,29.0305
2025-05-03 00:00:00+00:00,3253.0,3254.0,3250.0,3251.0,26.915
2025-05-03 00:30:00+00:00,3250.0,3251.0,3247.0,3248.0,17.3706
2025-05-03 01:00:00+00:00,3249.0,3257.0,3249.0,3256.0,43.9629
2025-05-03 01:30:00+00:00,3256.0,3259.0,3253.0,3258.0,37.8287
2025-05-03 02:00:00+00:00,3258.0,3259.0,3249.0,3252.0,53.5385
2025-05-03 02:30:00+00:00,3252.0,3260.0,3251.0,3257.0,36.6935
2025-05-03 03:00:00+00:00,3257.0,3259.0,3256.0,3258.0,21.1858
2025-05-03 03:30:00+00:00,3259.0,3262.0,3258.0,3259.0,50.971
2025-05-03 04:00:00+00:00,3260.0,3260.0,3258.0,3259.0,14.2843
2025-05-03 04:30:00+00:00,3258.0,3259.0,3257.0,3257.0,9.9414
2025-05-03 05:00:00+00:00,3257.0,3258.0,3253.0,3255.0,16.5857
2025-05-03 05:30:00+00:00,3255.0,3256.0,3254.0,3254.0,11.8246
2025-05-03 06:00:00+00:00,3255.0,3261.0,3253.0,3258.0,18.2017
2025-05-03 06:30:00+00:00,3257.0,3259.0,3255.0,3257.0,12.2294
2025-05-03 07:00:00+00:00,3257.0,3258.0,3256.0,3256.0,11.8148
2025-05-03 07:30:00+00:00,3256.0,3258.0,3256.0,3257.0,6.0023
2025-05-03 08:00:00+00:00,3258.0,3258.0,3254.0,3258.0,20.8872
2025-05-03 08:30:00+00:00,3257.0,3258.0,3255.0,3255.0,12.7136
2025-05-03 09:00:00+00:00,3255.0,3259.0,3255.0,3258.0,10.6351
2025-05-03 09:30:00+00:00,3258.0,3259.0,3257.0,3257.0,6.6668
2025-05-03 10:00:00+00:00,3258.0,3263.0,3256.0,3262.0,75.9165
2025-05-03 10:30:00+00:00,3262.0,3264.0,3256.0,3258.0,28.2824
2025-05-03 11:00:00+00:00,3257.0,3260.0,3256.0,3259.0,15.1804
2025-05-03 11:30:00+00:00,3259.0,3262.0,3258.0,3261.0,9.7807
2025-05-03 12:00:00+00:00,3261.0,3263.0,3256.0,3257.0,19.1215
2025-05-03 12:30:00+00:00,3256.0,3261.0,3255.0,3260.0,17.0371
2025-05-03 13:00:00+00:00,3260.0,3268.0,3260.0,3261.0,100.182
2025-05-03 13:30:00+00:00,3261.0,3265.0,3261.0,3262.0,52.569
2025-05-03 14:00:00+00:00,3262.0,3265.0,3262.0,3265.0,38.0068
2025-05-03 14:30:00+00:00,3264.0,3267.0,3263.0,3264.0,75.1305
2025-05-03 15:00:00+00:00,3265.0,3266.0,3259.0,3259.0,19.3599
2025-05-03 15:30:00+00:00,3259.0,3262.0,3259.0,3262.0,10.1802
2025-05-03 16:00:00+00:00,3262.0,3263.0,3259.0,3260.0,25.5924
2025-05-03 16:30:00+00:00,3261.0,3261.0,3257.0,3257.0,9.2585
2025-05-03 17:00:00+00:00,3258.0,3264.0,3256.0,3264.0,39.1315
2025-05-03 17:30:00+00:00,3263.0,3264.0,3258.0,3261.0,62.3829
2025-05-03 18:00:00+00:00,3262.0,3263.0,3259.0,3259.0,18.6352
2025-05-03 18:30:00+00:00,3259.0,3259.0,3257.0,3258.0,13.2092
2025-05-03 19:00:00+00:00,3259.0,3261.0,3259.0,3261.0,10.8948
2025-05-03 19:30:00+00:00,3260.0,3262.0,3260.0,3262.0,11.2654
2025-05-03 20:00:00+00:00,3261.0,3262.0,3259.0,3261.0,21.0219
2025-05-03 20:30:00+00:00,3260.0,3262.0,3258.0,3260.0,10.0939
2025-05-03 21:00:00+00:00,3261.0,3261.0,3258.0,3260.0,21.4061
2025-05-03 21:30:00+00:00,3260.0,3262.0,3260.0,3261.0,10.4485
2025-05-03 22:00:00+00:00,3261.0,3262.0,3257.0,3257.0,28.5012
2025-05-03 22:30:00+00:00,3258.0,3261.0,3257.0,3259.0,10.6655
2025-05-03 23:00:00+00:00,3260.0,3260.0,3257.0,3258.0,3.4065
2025-05-03 23:30:00+00:00,3257.0,3259.0,3257.0,3258.0,10.0631
2025-05-04 00:00:00+00:00,3258.0,3259.0,3256.0,3256.0,11.6189
2025-05-04 00:30:00+00:00,3256.0,3257.0,3253.0,3254.0,19.7632
2025-05-04 01:00:00+00:00,3254.0,3258.0,3253.0,3257.0,15.565
2025-05-04 01:30:00+00:00,3257.0,3258.0,3253.0,3256.0,14.9242
2025-05-04 02:00:00+00:00,3256.0,3258.0,3256.0,3257.0,8.912
2025-05-04 02:30:00+00:00,3257.0,3258.0,3253.0,3256.0,17.5013
2025-05-04 03:00:00+00:00,3256.0,3258.0,3252.0,3253.0,56.5337
2025-05-04 03:30:00+00:00,3253.0,3254.0,3252.0,3253.0,23.9965
2025-05-04 04:00:00+00:00,3252.0,3254.0,3252.0,3253.0,12.3836
2025-05-04 04:30:00+00:00,3253.0,3254.0,3252.0,3253.0,20.0572
2025-05-04 05:00:00+00:00,3254.0,3255.0,3253.0,3253.0,13.7349
2025-05-04 05:30:00+00:00,3253.0,3256.0,3253.0,3255.0,21.8839
2025-05-04 06:00:00+00:00,3255.0,3256.0,3253.0,3254.0,16.8295
2025-05-04 06:30:00+00:00,3253.0,3254.0,3249.0,3249.0,127.0966
2025-05-04 07:00:00+00:00,3249.0,3254.0,3247.0,3252.0,41.5545
2025-05-04 07:30:00+00:00,3252.0,3256.0,3252.0,3255.0,11.4825
2025-05-04 08:00:00+00:00,3255.0,3255.0,3251.0,3252.0,10.3508
2025-05-04 08:30:00+00:00,3251.0,3254.0,3251.0,3254.0,15.0373
2025-05-04 09:00:00+00:00,3253.0,3259.0,3249.0,3259.0,120.7276
2025-05-04 09:30:00+00:00,3259.0,3260.0,3258.0,3258.0,92.402
2025-05-04 10:00:00+00:00,3258.0,3259.0,3257.0,3258.0,24.3327
2025-05-04 10:30:00+00:00,3259.0,3260.0,3258.0,3259.0,22.9024
2025-05-04 11:00:00+00:00,3259.0,3260.0,3258.0,3259.0,13.8898
2025-05-04 11:30:00+00:00,3258.0,3261.0,3257.0,3259.0,39.0719
2025-05-04 12:00:00+00:00,3259.0,3260.0,3258.0,3259.0,5.0057
2025-05-04 12:30:00+00:00,3259.0,3262.0,3259.0,3261.0,25.594
2025-05-04 13:00:00+00:00,3262.0,3264.0,3260.0,3261.0,70.6799
2025-05-04 13:30:00+00:00,3261.0,3261.0,3257.0,3259.0,34.8069
2025-05-04 14:00:00+00:00,3258.0,3261.0,3258.0,3259.0,66.8644
2025-05-04 14:30:00+00:00,3259.0,3259.0,3255.0,3256.0,28.2052
2025-05-04 15:00:00+00:00,3257.0,3257.0,3255.0,3255.0,5.3697
2025-05-04 15:30:00+00:00,3255.0,3256.0,3254.0,3255.0,5.1962
2025-05-04 16:00:00+00:00,3255.0,3255.0,3252.0,3253.0,26.1523
2025-05-04 16:30:00+00:00,3253.0,3253.0,3252.0,3253.0,7.9383
2025-05-04 17:00:00+00:00,3252.0,3253.0,3251.0,3252.0,6.9602
2025-05-04 17:30:00+00:00,3251.0,3253.0,3251.0,3253.0,17.8014
2025-05-04 18:00:00+00:00,3253.0,3253.0,3250.0,3252.0,13.785
2025-05-04 18:30:00+00:00,3252.0,3254.0,3251.0,3254.0,65.1672
2025-05-04 19:00:00+00:00,3254.0,3256.0,3253.0,3255.0,15.8282
2025-05-04 19:30:00+00:00,3254.0,3256.0,3253.0,3255.0,19.249
2025-05-04 20:00:00+00:00,3255.0,3256.0,3252.0,3256.0,11.674
2025-05-04 20:30:00+00:00,3255.0,3258.0,3255.0,3257.0,15.7102
2025-05-04 21:00:00+00:00,3258.0,3259.0,3255.0,3255.0,33.1974
2025-05-04 21:30:00+00:00,3255.0,3258.0,3254.0,3258.0,13.1783
2025-05-04 22:00:00+00:00,3258.0,3258.0,3252.0,3254.0,18.5303
2025-05-04 22:30:00+00:00,3254.0,3260.0,3253.0,3254.0,84.4374
2025-05-04 23:00:00+00:00,3254.0,3257.0,3253.0,3255.0,31.1578
2025-05-04 23:30:00+00:00,3255.0,3267.0,3255.0,3263.0,229.532
2025-05-05 00:00:00+00:00,3263.0,3265.0,3260.0,3261.0,21.2478
2025-05-05 00:30:00+00:00,3260.0,3264.0,3259.0,3263.0,27.281
2025-05-05 01:00:00+00:00,3264.0,3278.0,3263.0,3276.0,109.8557
2025-05-05 01:30:00+00:00,3276.0,3284.0,3276.0,3281.0,182.1143
2025-05-05 02:00:00+00:00,3281.0,3287.0,3275.0,3281.0,102.7382
2025-05-05 02:30:00+00:00,3280.0,3290.0,3280.0,3289.0,47.7699
2025-05-05 03:00:00+00:00,3289.0,3290.0,3276.0,3276.0,60.3742
2025-05-05 03:30:00+00:00,3276.0,3277.0,3270.0,3271.0,110.8697
2025-05-05 04:00:00+00:00,3272.0,3276.0,3272.0,3273.0,56.9336
2025-05-05 04:30:00+00:00,3273.0,3277.0,3271.0,3273.0,109.6456
2025-05-05 05:00:00+00:00,3274.0,3276.0,3273.0,3273.0,22.2102
2025-05-05 05:30:00+00:00,3273.0,3278.0,3271.0,3274.0,39.3707
2025-05-05 06:00:00+00:00,3274.0,3276.0,3271.0,3273.0,47.8013
2025-05-05 06:30:00+00:00,3273.0,3279.0,3273.0,3278.0,54.0014
2025-05-05 07:00:00+00:00,3277.0,3278.0,3273.0,3276.0,28.9215
2025-05-05 07:30:00+00:00,3276.0,3280.0,3275.0,3278.0,25.0087
2025-05-05 08:00:00+00:00,3279.0,3285.0,3277.0,3285.0,80.937
2025-05-05 08:30:00+00:00,3284.0,3298.0,3283.0,3298.0,145.0376
2025-05-05 09:00:00+00:00,3298.0,3315.0,3297.0,3314.0,267.6179
2025-05-05 09:30:00+00:00,3314.0,3318.0,3309.0,3318.0,195.6564
2025-05-05 10:00:00+00:00,3318.0,3331.0,3318.0,3326.0,344.6986
2025-05-05 10:30:00+00:00,3325.0,3328.0,3321.0,3324.0,99.0723
2025-05-05 11:00:00+00:00,3325.0,3330.0,3322.0,3324.0,86.6134
2025-05-05 11:30:00+00:00,3324.0,3330.0,3322.0,3326.0,92.1291
2025-05-05 12:00:00+00:00,3326.0,3334.0,3326.0,3331.0,125.0621
2025-05-05 12:30:00+00:00,3331.0,3335.0,3330.0,3335.0,175.0069
2025-05-05 13:00:00+00:00,3335.0,3335.0,3329.0,3335.0,111.107
2025-05-05 13:30:00+00:00,3334.0,3336.0,3327.0,3331.0,151.0661
2025-05-05 14:00:00+00:00,3331.0,3340.0,3327.0,3332.0,129.3627
2025-05-05 14:30:00+00:00,3332.0,3332.0,3325.0,3327.0,110.3425
2025-05-05 15:00:00+00:00,3328.0,3329.0,3323.0,3327.0,96.6488
2025-05-05 15:30:00+00:00,3327.0,3333.0,3325.0,3327.0,84.7815
2025-05-05 16:00:00+00:00,3327.0,3328.0,3317.0,3322.0,128.2453
2025-05-05 16:30:00+00:00,3322.0,3326.0,3322.0,3323.0,56.2082
2025-05-05 17:00:00+00:00,3323.0,3328.0,3322.0,3325.0,63.6354
2025-05-05 17:30:00+00:00,3324.0,3328.0,3323.0,3327.0,33.6128
2025-05-05 18:00:00+00:00,3327.0,3331.0,3325.0,3330.0,39.9631
2025-05-05 18:30:00+00:00,3331.0,3334.0,3330.0,3334.0,69.7612
2025-05-05 19:00:00+00:00,3334.0,3347.0,3333.0,3347.0,118.85
2025-05-05 19:30:00+00:00,3346.0,3351.0,3343.0,3344.0,299.5138
2025-05-05 20:00:00+00:00,3344.0,3350.0,3341.0,3346.0,108.2897
2025-05-05 20:30:00+00:00,3346.0,3349.0,3343.0,3347.0,66.8456
2025-05-05 21:00:00+00:00,3346.0,3353.0,3346.0,3350.0,138.6016
2025-05-05 21:30:00+00:00,3350.0,3366.0,3349.0,3352.0,112.5421
2025-05-05 22:00:00+00:00,3352.0,3352.0,3341.0,3341.0,65.2322
2025-05-05 22:30:00+00:00,3342.0,3350.0,3342.0,3346.0,80.5942
2025-05-05 23:00:00+00:00,3345.0,3349.0,3343.0,3349.0,55.3462
2025-05-05 23:30:00+00:00,3348.0,3350.0,3347.0,3348.0,24.2065
2025-05-06 00:00:00+00:00,3347.0,3350.0,3341.0,3342.0,158.9
2025-05-06 00:30:00+00:00,3343.0,3347.0,3341.0,3345.0,122.7184
2025-05-06 01:00:00+00:00,3346.0,3373.0,3346.0,3368.0,384.3888
2025-05-06 01:30:00+00:00,3367.0,3390.0,3366.0,3388.0,320.0677
2025-05-06 02:00:00+00:00,3388.0,3396.0,3385.0,3392.0,223.2748
2025-05-06 02:30:00+00:00,3393.0,3393.0,3370.0,3371.0,174.3433
2025-05-06 03:00:00+00:00,3371.0,3382.0,3367.0,3372.0,266.5431
2025-05-06 03:30:00+00:00,3371.0,3374.0,3367.0,3372.0,82.9488
2025-05-06 04:00:00+00:00,3373.0,3373.0,3369.0,3370.0,72.4973
2025-05-06 04:30:00+00:00,3370.0,3381.0,3369.0,3378.0,127.2646
2025-05-06 05:00:00+00:00,3378.0,3379.0,3368.0,3372.0,104.6793
2025-05-06 05:30:00+00:00,3371.0,3375.0,3364.0,3374.0,104.8144
2025-05-06 06:00:00+00:00,3375.0,3381.0,3373.0,3377.0,66.9122
2025-05-06 06:30:00+00:00,3378.0,3379.0,3376.0,3377.0,54.7278
2025-05-06 07:00:00+00:00,3378.0,3385.0,3374.0,3384.0,245.5433
2025-05-06 07:30:00+00:00,3384.0,3390.0,3382.0,3383.0,171.2369
2025-05-06 08:00:00+00:00,3384.0,3399.0,3382.0,3393.0,174.6945
2025-05-06 08:30:00+00:00,3393.0,3394.0,3386.0,3387.0,61.7959
2025-05-06 09:00:00+00:00,3387.0,3389.0,3381.0,3384.0,74.6138
2025-05-06 09:30:00+00:00,3385.0,3392.0,3382.0,3391.0,62.6222
2025-05-06 10:00:00+00:00,3392.0,3393.0,3385.0,3387.0,48.3397
2025-05-06 10:30:00+00:00,3387.0,3393.0,3383.0,3393.0,98.0107
2025-05-06 11:00:00+00:00,3393.0,3396.0,3391.0,3393.0,114.3488
2025-05-06 11:30:00+00:00,3393.0,3393.0,3385.0,3390.0,95.795
2025-05-06 12:00:00+00:00,3390.0,3393.0,3385.0,3389.0,115.1929
2025-05-06 12:30:00+00:00,3391.0,3407.0,3389.0,3404.0,251.4488
2025-05-06 13:00:00+00:00,3404.0,3413.0,3403.0,3409.0,227.0762
2025-05-06 13:30:00+00:00,3409.0,3411.0,3402.0,3403.0,223.0597
2025-05-06 14:00:00+00:00,3403.0,3412.0,3396.0,3396.0,223.2933
2025-05-06 14:30:00+00:00,3396.0,3401.0,3390.0,3400.0,209.1205
2025-05-06 15:00:00+00:00,3400.0,3411.0,3399.0,3405.0,204.5458
2025-05-06 15:30:00+00:00,3405.0,3411.0,3400.0,3400.0,202.5634
2025-05-06 16:00:00+00:00,3401.0,3413.0,3401.0,3412.0,167.9514
2025-05-06 16:30:00+00:00,3413.0,3426.0,3413.0,3419.0,266.6563
2025-05-06 17:00:00+00:00,3419.0,3427.0,3416.0,3423.0,192.6218
2025-05-06 17:30:00+00:00,3424.0,3426.0,3421.0,3422.0,104.814
2025-05-06 18:00:00+00:00,3422.0,3427.0,3420.0,3425.0,132.2139
2025-05-06 18:30:00+00:00,3425.0,3428.0,3424.0,3424.0,30.9828
2025-05-06 19:00:00+00:00,3424.0,3427.0,3422.0,3422.0,47.9314
2025-05-06 19:30:00+00:00,3423.0,3430.0,3422.0,3428.0,73.5519
2025-05-06 20:00:00+00:00,3429.0,3432.0,3426.0,3432.0,52.1494
2025-05-06 20:30:00+00:00,3432.0,3447.0,3432.0,3442.0,149.897
2025-05-06 21:00:00+00:00,3443.0,3451.0,3442.0,3451.0,152.8408
2025-05-06 21:30:00+00:00,3451.0,3456.0,3446.0,3452.0,179.2349
2025-05-06 22:00:00+00:00,3452.0,3452.0,3400.0,3401.0,595.2557
2025-05-06 22:30:00+00:00,3400.0,3413.0,3392.0,3392.0,272.5082
2025-05-06 23:00:00+00:00,3392.0,3406.0,3386.0,3401.0,305.6667
2025-05-06 23:30:00+00:00,3401.0,3412.0,3396.0,3409.0,90.3077
2025-05-07 00:00:00+00:00,3409.0,3410.0,3387.0,3390.0,389.1545
2025-05-07 00:30:00+00:00,3390.0,3392.0,3366.0,3384.0,442.9993
2025-05-07 01:00:00+00:00,3385.0,3392.0,3371.0,3376.0,273.6192
2025-05-07 01:30:00+00:00,3374.0,3383.0,3369.0,3380.0,236.0118
2025-05-07 02:00:00+00:00,3381.0,3398.0,3378.0,3392.0,191.2293
2025-05-07 02:30:00+00:00,3392.0,3407.0,3392.0,3396.0,122.3149
2025-05-07 03:00:00+00:00,3396.0,3400.0,3381.0,3383.0,116.0521
2025-05-07 03:30:00+00:00,3384.0,3386.0,3380.0,3382.0,49.4285
2025-05-07 04:00:00+00:00,3383.0,3396.0,3381.0,3392.0,89.9531
2025-05-07 04:30:00+00:00,3392.0,3394.0,3386.0,3387.0,33.4033
2025-05-07 05:00:00+00:00,3386.0,3393.0,3383.0,3392.0,50.4914
2025-05-07 05:30:00+00:00,3392.0,3396.0,3389.0,3396.0,116.2048
2025-05-07 06:00:00+00:00,3396.0,3402.0,3395.0,3398.0,90.1383
2025-05-07 06:30:00+00:00,3398.0,3399.0,3386.0,3394.0,587.1342
2025-05-07 07:00:00+00:00,3394.0,3401.0,3390.0,3395.0,66.7882
2025-05-07 07:30:00+00:00,3396.0,3396.0,3386.0,3388.0,65.654
2025-05-07 08:00:00+00:00,3388.0,3388.0,3383.0,3386.0,101.1806
2025-05-07 08:30:00+00:00,3386.0,3388.0,3379.0,3381.0,173.7568
2025-05-07 09:00:00+00:00,3382.0,3384.0,3373.0,3373.0,112.0267
2025-05-07 09:30:00+00:00,3373.0,3377.0,3366.0,3367.0,124.6723
2025-05-07 10:00:00+00:00,3367.0,3394.0,3367.0,3390.0,229.6431
2025-05-07 10:30:00+00:00,3391.0,3394.0,3388.0,3392.0,100.4678
2025-05-07 11:00:00+00:00,3391.0,3394.0,3386.0,3390.0,77.0412
2025-05-07 11:30:00+00:00,3390.0,3392.0,3386.0,3389.0,30.2638
2025-05-07 12:00:00+00:00,3389.0,3396.0,3387.0,3389.0,50.7285
2025-05-07 12:30:00+00:00,3389.0,3394.0,3388.0,3394.0,72.4453
2025-05-07 13:00:00+00:00,3393.0,3397.0,3388.0,3390.0,86.343
2025-05-07 13:30:00+00:00,3389.0,3400.0,3388.0,3396.0,115.9008
2025-05-07 14:00:00+00:00,3396.0,3397.0,3380.0,3385.0,189.1989
2025-05-07 14:30:00+00:00,3384.0,3390.0,3383.0,3389.0,105.697
2025-05-07 15:00:00+00:00,3390.0,3393.0,3388.0,3391.0,168.5509
2025-05-07 15:30:00+00:00,3391.0,3395.0,3390.0,3392.0,88.2507
2025-05-07 16:00:00+00:00,3392.0,3395.0,3387.0,3387.0,151.714
2025-05-07 16:30:00+00:00,3387.0,3397.0,3387.0,3395.0,62.5792
2025-05-07 17:00:00+00:00,3395.0,3396.0,3390.0,3391.0,36.0407
2025-05-07 17:30:00+00:00,3391.0,3397.0,3390.0,3393.0,62.9464
2025-05-07 18:00:00+00:00,3393.0,3406.0,3392.0,3394.0,187.7403
2025-05-07 18:30:00+00:00,3394.0,3396.0,3383.0,3392.0,203.3247
2025-05-07 19:00:00+00:00,3392.0,3393.0,3371.0,3380.0,125.9746
2025-05-07 19:30:00+00:00,3380.0,3383.0,3375.0,3379.0,93.109
2025-05-07 20:00:00+00:00,3379.0,3380.0,3373.0,3375.0,51.7323
2025-05-07 20:30:00+00:00,3374.0,3377.0,3370.0,3372.0,46.9506
2025-05-07 21:00:00+00:00,3373.0,3376.0,3370.0,3375.0,66.0751
2025-05-07 21:30:00+00:00,3374.0,3377.0,3368.0,3369.0,51.6925
2025-05-07 22:00:00+00:00,3370.0,3380.0,3370.0,3377.0,37.2315
2025-05-07 22:30:00+00:00,3377.0,3380.0,3376.0,3376.0,25.8238
2025-05-07 23:00:00+00:00,3377.0,3382.0,3376.0,3382.0,24.9476
2025-05-07 23:30:00+00:00,3383.0,3386.0,3380.0,3383.0,79.1317
2025-05-08 00:00:00+00:00,3383.0,3393.0,3380.0,3391.0,150.7547
2025-05-08 00:30:00+00:00,3391.0,3394.0,3384.0,3384.0,73.8911
2025-05-08 01:00:00+00:00,3385.0,3400.0,3385.0,3394.0,230.5336
2025-05-08 01:30:00+00:00,3393.0,3415.0,3392.0,3415.0,169.6947
2025-05-08 02:00:00+00:00,3415.0,3418.0,3395.0,3408.0,241.1801
2025-05-08 02:30:00+00:00,3408.0,3413.0,3399.0,3401.0,308.6731
2025-05-08 03:00:00+00:00,3400.0,3406.0,3390.0,3393.0,326.2589
2025-05-08 03:30:00+00:00,3394.0,3397.0,3391.0,3395.0,188.1157
2025-05-08 04:00:00+00:00,3395.0,3397.0,3385.0,3388.0,166.3192
2025-05-08 04:30:00+00:00,3388.0,3390.0,3381.0,3382.0,115.2731
2025-05-08 05:00:00+00:00,3382.0,3382.0,3360.0,3374.0,732.4651
2025-05-08 05:30:00+00:00,3374.0,3379.0,3358.0,3360.0,181.4531
2025-05-08 06:00:00+00:00,3360.0,3365.0,3343.0,3347.0,531.7736
2025-05-08 06:30:00+00:00,3347.0,3349.0,3327.0,3335.0,301.767
2025-05-08 07:00:00+00:00,3335.0,3346.0,3334.0,3345.0,176.9622
2025-05-08 07:30:00+00:00,3345.0,3355.0,3343.0,3348.0,222.9363
2025-05-08 08:00:00+00:00,3349.0,3350.0,3344.0,3348.0,87.0763
2025-05-08 08:30:00+00:00,3347.0,3347.0,3340.0,3342.0,142.8229
2025-05-08 09:00:00+00:00,3342.0,3347.0,3341.0,3343.0,70.7183
2025-05-08 09:30:00+00:00,3343.0,3346.0,3338.0,3339.0,51.0191
2025-05-08 10:00:00+00:00,3340.0,3354.0,3338.0,3354.0,95.4573
2025-05-08 10:30:00+00:00,3354.0,3354.0,3345.0,3349.0,101.2184
2025-05-08 11:00:00+00:00,3349.0,3352.0,3343.0,3351.0,108.6299
2025-05-08 11:30:00+00:00,3351.0,3353.0,3349.0,3353.0,103.8641
2025-05-08 12:00:00+00:00,3353.0,3363.0,3352.0,3363.0,114.4549
2025-05-08 12:30:00+00:00,3362.0,3364.0,3356.0,3363.0,145.5607
2025-05-08 13:00:00+00:00,3363.0,3370.0,3362.0,3367.0,149.0389
2025-05-08 13:30:00+00:00,3367.0,3373.0,3361.0,3361.0,200.8842
2025-05-08 14:00:00+00:00,3362.0,3368.0,3354.0,3356.0,139.7647
2025-05-08 14:30:00+00:00,3357.0,3365.0,3356.0,3359.0,131.1663
2025-05-08 15:00:00+00:00,3360.0,3362.0,3345.0,3348.0,160.7634
2025-05-08 15:30:00+00:00,3349.0,3356.0,3333.0,3336.0,491.0166
2025-05-08 16:00:00+00:00,3336.0,3336.0,3311.0,3319.0,474.7162
2025-05-08 16:30:00+00:00,3318.0,3321.0,3315.0,3319.0,213.0888
2025-05-08 17:00:00+00:00,3320.0,3320.0,3309.0,3315.0,365.543
2025-05-08 17:30:00+00:00,3316.0,3320.0,3310.0,3317.0,250.9622
2025-05-08 18:00:00+00:00,3318.0,3319.0,3314.0,3316.0,78.0159
2025-05-08 18:30:00+00:00,3315.0,3319.0,3309.0,3317.0,138.6816
2025-05-08 19:00:00+00:00,3318.0,3318.0,3303.0,3306.0,237.4814
2025-05-08 19:30:00+00:00,3306.0,3321.0,3258.0,3318.0,507.103
2025-05-08 20:00:00+00:00,3318.0,3322.0,3317.0,3320.0,80.4948
2025-05-08 20:30:00+00:00,3319.0,3320.0,3314.0,3317.0,181.2337
2025-05-08 21:00:00+00:00,3317.0,3319.0,3312.0,3316.0,164.7853
2025-05-08 21:30:00+00:00,3317.0,3321.0,3312.0,3313.0,71.097
2025-05-08 22:00:00+00:00,3314.0,3326.0,3313.0,3325.0,162.0203
2025-05-08 22:30:00+00:00,3325.0,3329.0,3324.0,3328.0,305.2167
2025-05-08 23:00:00+00:00,3329.0,3329.0,3318.0,3322.0,154.1282
2025-05-08 23:30:00+00:00,3323.0,3324.0,3320.0,3322.0,68.0355
2025-05-09 00:00:00+00:00,3322.0,3325.0,3315.0,3318.0,100.2175
2025-05-09 00:30:00+00:00,3319.0,3329.0,3318.0,3329.0,39.1116
2025-05-09 01:00:00+00:00,3329.0,3329.0,3306.0,3311.0,109.1579
2025-05-09 01:30:00+00:00,3311.0,3313.0,3295.0,3301.0,220.3608
2025-05-09 02:00:00+00:00,3301.0,3301.0,3287.0,3291.0,138.0089
2025-05-09 02:30:00+00:00,3292.0,3314.0,3292.0,3314.0,86.873
2025-05-09 03:00:00+00:00,3314.0,3319.0,3306.0,3309.0,95.9637
2025-05-09 03:30:00+00:00,3309.0,3318.0,3309.0,3313.0,132.4153
2025-05-09 04:00:00+00:00,3314.0,3324.0,3314.0,3320.0,72.4454
2025-05-09 04:30:00+00:00,3319.0,3332.0,3318.0,3328.0,74.8466
2025-05-09 05:00:00+00:00,3329.0,3336.0,3324.0,3327.0,97.781
2025-05-09 05:30:00+00:00,3327.0,3328.0,3318.0,3326.0,59.1257
2025-05-09 06:00:00+00:00,3327.0,3329.0,3320.0,3325.0,114.5494
2025-05-09 06:30:00+00:00,3325.0,3331.0,3324.0,3329.0,68.9505
2025-05-09 07:00:00+00:00,3328.0,3336.0,3327.0,3327.0,117.3555
2025-05-09 07:30:00+00:00,3327.0,3337.0,3325.0,3334.0,192.8836
2025-05-09 08:00:00+00:00,3333.0,3335.0,3325.0,3327.0,89.7221
2025-05-09 08:30:00+00:00,3327.0,3336.0,3327.0,3333.0,144.9218
2025-05-09 09:00:00+00:00,3333.0,3334.0,3326.0,3328.0,140.8712
2025-05-09 09:30:00+00:00,3327.0,3334.0,3326.0,3328.0,45.3343
2025-05-09 10:00:00+00:00,3329.0,3336.0,3324.0,3331.0,50.4313
2025-05-09 10:30:00+00:00,3331.0,3333.0,3327.0,3328.0,93.7599
2025-05-09 11:00:00+00:00,3329.0,3340.0,3328.0,3339.0,124.6985
2025-05-09 11:30:00+00:00,3339.0,3340.0,3330.0,3337.0,74.7501
2025-05-09 12:00:00+00:00,3338.0,3341.0,3334.0,3337.0,107.7236
2025-05-09 12:30:00+00:00,3336.0,3339.0,3332.0,3338.0,75.9494
2025-05-09 13:00:00+00:00,3339.0,3343.0,3334.0,3343.0,83.1748
2025-05-09 13:30:00+00:00,3344.0,3344.0,3337.0,3338.0,85.6293
2025-05-09 14:00:00+00:00,3338.0,3342.0,3327.0,3341.0,211.2375
2025-05-09 14:30:00+00:00,3341.0,3345.0,3339.0,3343.0,108.9348
2025-05-09 15:00:00+00:00,3342.0,3349.0,3340.0,3342.0,86.361
2025-05-09 15:30:00+00:00,3343.0,3349.0,3343.0,3349.0,65.6403
2025-05-09 16:00:00+00:00,3349.0,3352.0,3344.0,3344.0,117.0484
2025-05-09 16:30:00+00:00,3345.0,3348.0,3341.0,3341.0,42.2459
2025-05-09 17:00:00+00:00,3342.0,3347.0,3342.0,3346.0,44.6616
2025-05-09 17:30:00+00:00,3346.0,3351.0,3345.0,3345.0,73.0131
2025-05-09 18:00:00+00:00,3346.0,3348.0,3342.0,3343.0,39.8753
2025-05-09 18:30:00+00:00,3343.0,3344.0,3341.0,3344.0,47.1914
2025-05-09 19:00:00+00:00,3343.0,3345.0,3337.0,3337.0,45.6247
2025-05-09 19:30:00+00:00,3336.0,3337.0,3332.0,3337.0,26.7203
2025-05-09 20:00:00+00:00,3337.0,3338.0,3335.0,3337.0,28.7009
2025-05-09 20:30:00+00:00,3337.0,3338.0,3331.0,3332.0,34.1998
2025-05-09 21:00:00+00:00,3332.0,3332.0,3327.0,3332.0,116.6606
2025-05-09 21:30:00+00:00,3332.0,3336.0,3331.0,3333.0,31.0042
2025-05-09 22:00:00+00:00,3332.0,3334.0,3331.0,3333.0,14.9065
2025-05-09 22:30:00+00:00,3333.0,3334.0,3330.0,3333.0,29.4145
2025-05-09 23:00:00+00:00,3333.0,3335.0,3333.0,3335.0,13.0731
2025-05-09 23:30:00+00:00,3335.0,3337.0,3335.0,3335.0,22.9196
2025-05-10 00:00:00+00:00,3335.0,3338.0,3334.0,3337.0,61.4797
2025-05-10 00:30:00+00:00,3337.0,3343.0,3337.0,3338.0,134.314
2025-05-10 01:00:00+00:00,3338.0,3341.0,3337.0,3340.0,34.6695
2025-05-10 01:30:00+00:00,3340.0,3344.0,3339.0,3343.0,21.6528
2025-05-10 02:00:00+00:00,3343.0,3345.0,3341.0,3343.0,30.4653
2025-05-10 02:30:00+00:00,3343.0,3345.0,3340.0,3342.0,33.7663
2025-05-10 03:00:00+00:00,3342.0,3345.0,3341.0,3342.0,35.7433
2025-05-10 03:30:00+00:00,3342.0,3343.0,3338.0,3338.0,30.2084
2025-05-10 04:00:00+00:00,3339.0,3339.0,3334.0,3335.0,24.6278
2025-05-10 04:30:00+00:00,3334.0,3337.0,3333.0,3337.0,23.2904
2025-05-10 05:00:00+00:00,3337.0,3338.0,3335.0,3336.0,11.4691
2025-05-10 05:30:00+00:00,3336.0,3337.0,3333.0,3334.0,23.8303
2025-05-10 06:00:00+00:00,3334.0,3338.0,3334.0,3336.0,71.9656
2025-05-10 06:30:00+00:00,3336.0,3336.0,3332.0,3335.0,29.307
2025-05-10 07:00:00+00:00,3335.0,3338.0,3333.0,3337.0,33.9169
2025-05-10 07:30:00+00:00,3338.0,3341.0,3337.0,3340.0,44.6377
2025-05-10 08:00:00+00:00,3340.0,3341.0,3337.0,3338.0,61.8926
2025-05-10 08:30:00+00:00,3338.0,3339.0,3334.0,3338.0,74.9987
2025-05-10 09:00:00+00:00,3338.0,3339.0,3334.0,3336.0,35.9722
2025-05-10 09:30:00+00:00,3336.0,3338.0,3333.0,3337.0,64.1722
2025-05-10 10:00:00+00:00,3337.0,3337.0,3332.0,3334.0,33.1752
2025-05-10 10:30:00+00:00,3333.0,3341.0,3332.0,3335.0,83.7691
2025-05-10 11:00:00+00:00,3336.0,3337.0,3332.0,3333.0,24.3471
2025-05-10 11:30:00+00:00,3333.0,3340.0,3332.0,3338.0,96.6205
2025-05-10 12:00:00+00:00,3338.0,3339.0,3335.0,3337.0,48.3308
2025-05-10 12:30:00+00:00,3336.0,3337.0,3330.0,3331.0,51.4871
2025-05-10 13:00:00+00:00,3331.0,3333.0,3330.0,3331.0,23.4785
2025-05-10 13:30:00+00:00,3332.0,3333.0,3328.0,3332.0,94.9439
2025-05-10 14:00:00+00:00,3332.0,3332.0,3327.0,3330.0,66.9513
2025-05-10 14:30:00+00:00,3330.0,3331.0,3328.0,3330.0,47.1342
2025-05-10 15:00:00+00:00,3330.0,3334.0,3328.0,3328.0,47.1185
2025-05-10 15:30:00+00:00,3328.0,3333.0,3328.0,3331.0,61.5679
2025-05-10 16:00:00+00:00,3330.0,3332.0,3328.0,3328.0,31.5754
2025-05-10 16:30:00+00:00,3328.0,3329.0,3324.0,3327.0,55.6937
2025-05-10 17:00:00+00:00,3327.0,3329.0,3326.0,3328.0,17.7387
2025-05-10 17:30:00+00:00,3328.0,3333.0,3327.0,3332.0,63.5827
2025-05-10 18:00:00+00:00,3331.0,3333.0,3330.0,3330.0,35.6694
2025-05-10 18:30:00+00:00,3331.0,3331.0,3327.0,3330.0,14.7787
2025-05-10 19:00:00+00:00,3330.0,3331.0,3328.0,3328.0,17.8281
2025-05-10 19:30:00+00:00,3329.0,3332.0,3328.0,3332.0,20.9572
2025-05-10 20:00:00+00:00,3332.0,3332.0,3329.0,3331.0,24.281
2025-05-10 20:30:00+00:00,3331.0,3334.0,3331.0,3333.0,9.2746
2025-05-10 21:00:00+00:00,3333.0,3334.0,3330.0,3331.0,19.9151
2025-05-10 21:30:00+00:00,3330.0,3335.0,3329.0,3334.0,36.8464
2025-05-10 22:00:00+00:00,3335.0,3336.0,3334.0,3336.0,40.3378
2025-05-10 22:30:00+00:00,3335.0,3336.0,3334.0,3335.0,33.9258
2025-05-10 23:00:00+00:00,3335.0,3336.0,3330.0,3331.0,96.5009
2025-05-10 23:30:00+00:00,3331.0,3331.0,3325.0,3327.0,98.3175
2025-05-11 00:00:00+00:00,3327.0,3328.0,3324.0,3324.0,114.5123
2025-05-11 00:30:00+00:00,3325.0,3330.0,3323.0,3328.0,66.642
2025-05-11 01:00:00+00:00,3329.0,3329.0,3324.0,3326.0,92.5315
2025-05-11 01:30:00+00:00,3325.0,3328.0,3322.0,3326.0,91.3818
2025-05-11 02:00:00+00:00,3327.0,3330.0,3326.0,3329.0,48.7977
2025-05-11 02:30:00+00:00,3328.0,3330.0,3326.0,3327.0,29.8546
2025-05-11 03:00:00+00:00,3327.0,3328.0,3325.0,3327.0,20.0316
2025-05-11 03:30:00+00:00,3328.0,3330.0,3326.0,3327.0,14.4541
2025-05-11 04:00:00+00:00,3327.0,3331.0,3326.0,3330.0,36.0058
2025-05-11 04:30:00+00:00,3329.0,3330.0,3327.0,3328.0,25.9145
2025-05-11 05:00:00+00:00,3329.0,3329.0,3326.0,3329.0,37.8891
2025-05-11 05:30:00+00:00,3329.0,3330.0,3328.0,3329.0,11.3867
2025-05-11 06:00:00+00:00,3328.0,3329.0,3326.0,3329.0,28.6175
2025-05-11 06:30:00+00:00,3329.0,3329.0,3325.0,3328.0,17.3163
2025-05-11 07:00:00+00:00,3329.0,3329.0,3324.0,3324.0,32.5336
2025-05-11 07:30:00+00:00,3325.0,3326.0,3322.0,3324.0,67.4929
2025-05-11 08:00:00+00:00,3325.0,3329.0,3325.0,3326.0,30.8763
2025-05-11 08:30:00+00:00,3327.0,3330.0,3324.0,3327.0,36.7599
2025-05-11 09:00:00+00:00,3327.0,3330.0,3327.0,3329.0,24.4802
2025-05-11 09:30:00+00:00,3329.0,3330.0,3328.0,3329.0,19.5963
2025-05-11 10:00:00+00:00,3329.0,3330.0,3327.0,3327.0,24.1521
2025-05-11 10:30:00+00:00,3327.0,3332.0,3327.0,3329.0,68.6701
2025-05-11 11:00:00+00:00,3330.0,3331.0,3329.0,3329.0,34.3274
2025-05-11 11:30:00+00:00,3329.0,3332.0,3322.0,3323.0,68.0742
2025-05-11 12:00:00+00:00,3324.0,3325.0,3323.0,3324.0,16.3144
2025-05-11 12:30:00+00:00,3324.0,3327.0,3324.0,3325.0,35.7683
2025-05-11 13:00:00+00:00,3325.0,3328.0,3323.0,3323.0,68.9019
2025-05-11 13:30:00+00:00,3323.0,3326.0,3322.0,3322.0,48.0917
2025-05-11 14:00:00+00:00,3322.0,3328.0,3322.0,3326.0,50.108
2025-05-11 14:30:00+00:00,3327.0,3327.0,3325.0,3327.0,7.4377
2025-05-11 15:00:00+00:00,3327.0,3327.0,3323.0,3323.0,16.0484
2025-05-11 15:30:00+00:00,3323.0,3324.0,3319.0,3323.0,90.1396
2025-05-11 16:00:00+00:00,3323.0,3324.0,3319.0,3323.0,42.7532
2025-05-11 16:30:00+00:00,3323.0,3324.0,3322.0,3324.0,38.5056
2025-05-11 17:00:00+00:00,3323.0,3325.0,3322.0,3324.0,20.1126
2025-05-11 17:30:00+00:00,3324.0,3325.0,3323.0,3324.0,40.3562
2025-05-11 18:00:00+00:00,3324.0,3326.0,3322.0,3322.0,23.5805
2025-05-11 18:30:00+00:00,3322.0,3323.0,3319.0,3319.0,99.1412
2025-05-11 19:00:00+00:00,3319.0,3321.0,3318.0,3319.0,126.633
2025-05-11 19:30:00+00:00,3319.0,3320.0,3312.0,3312.0,54.7495
2025-05-11 20:00:00+00:00,3313.0,3313.0,3309.0,3310.0,65.5227
2025-05-11 20:30:00+00:00,3310.0,3313.0,3309.0,3310.0,55.82
2025-05-11 21:00:00+00:00,3311.0,3313.0,3306.0,3310.0,199.7714
2025-05-11 21:30:00+00:00,3311.0,3313.0,3308.0,3311.0,22.0134
2025-05-11 22:00:00+00:00,3311.0,3311.0,3282.0,3288.0,480.9621
2025-05-11 22:30:00+00:00,3288.0,3291.0,3280.0,3283.0,148.1778
2025-05-11 23:00:00+00:00,3284.0,3296.0,3276.0,3295.0,121.2222
2025-05-11 23:30:00+00:00,3296.0,3297.0,3287.0,3294.0,90.5152
2025-05-12 00:00:00+00:00,3295.0,3296.0,3290.0,3292.0,84.6378
2025-05-12 00:30:00+00:00,3291.0,3295.0,3282.0,3289.0,73.8959
2025-05-12 01:00:00+00:00,3289.0,3289.0,3269.0,3276.0,314.6135
2025-05-12 01:30:00+00:00,3276.0,3287.0,3275.0,3285.0,264.8547
2025-05-12 02:00:00+00:00,3286.0,3290.0,3278.0,3284.0,94.6361
2025-05-12 02:30:00+00:00,3284.0,3285.0,3280.0,3282.0,30.4072
2025-05-12 03:00:00+00:00,3282.0,3290.0,3280.0,3287.0,56.5273
2025-05-12 03:30:00+00:00,3287.0,3290.0,3286.0,3290.0,53.3771
2025-05-12 04:00:00+00:00,3290.0,3291.0,3286.0,3286.0,37.0881
2025-05-12 04:30:00+00:00,3287.0,3289.0,3284.0,3286.0,25.2536
2025-05-12 05:00:00+00:00,3286.0,3287.0,3278.0,3279.0,81.3162
2025-05-12 05:30:00+00:00,3279.0,3284.0,3275.0,3281.0,130.9705
2025-05-12 06:00:00+00:00,3281.0,3286.0,3280.0,3283.0,83.5541
2025-05-12 06:30:00+00:00,3283.0,3286.0,3281.0,3285.0,24.2343
2025-05-12 07:00:00+00:00,3285.0,3285.0,3234.0,3241.0,931.2267
2025-05-12 07:30:00+00:00,3242.0,3243.0,3226.0,3232.0,676.8465
2025-05-12 08:00:00+00:00,3233.0,3244.0,3232.0,3238.0,431.3335
2025-05-12 08:30:00+00:00,3238.0,3246.0,3235.0,3240.0,581.8353
2025-05-12 09:00:00+00:00,3240.0,3240.0,3233.0,3237.0,107.7282
2025-05-12 09:30:00+00:00,3237.0,3238.0,3227.0,3229.0,192.029
2025-05-12 10:00:00+00:00,3229.0,3237.0,3226.0,3228.0,187.0178
2025-05-12 10:30:00+00:00,3228.0,3236.0,3223.0,3224.0,207.7492
2025-05-12 11:00:00+00:00,3224.0,3240.0,3223.0,3232.0,153.8544
2025-05-12 11:30:00+00:00,3233.0,3240.0,3228.0,3237.0,103.3414
2025-05-12 12:00:00+00:00,3237.0,3247.0,3235.0,3241.0,152.659
2025-05-12 12:30:00+00:00,3241.0,3251.0,3239.0,3249.0,110.8617
2025-05-12 13:00:00+00:00,3250.0,3260.0,3249.0,3251.0,209.6561
2025-05-12 13:30:00+00:00,3251.0,3263.0,3243.0,3254.0,333.5131
2025-05-12 14:00:00+00:00,3254.0,3254.0,3245.0,3252.0,155.5242
2025-05-12 14:30:00+00:00,3252.0,3260.0,3250.0,3253.0,280.7743
2025-05-12 15:00:00+00:00,3254.0,3262.0,3251.0,3258.0,311.4468
2025-05-12 15:30:00+00:00,3258.0,3261.0,3255.0,3257.0,82.5805
2025-05-12 16:00:00+00:00,3257.0,3259.0,3243.0,3244.0,303.4094
2025-05-12 16:30:00+00:00,3244.0,3248.0,3239.0,3240.0,95.0707
2025-05-12 17:00:00+00:00,3241.0,3244.0,3236.0,3238.0,57.3728
2025-05-12 17:30:00+00:00,3239.0,3243.0,3237.0,3239.0,34.5581
2025-05-12 18:00:00+00:00,3239.0,3242.0,3234.0,3236.0,86.2721
2025-05-12 18:30:00+00:00,3236.0,3246.0,3235.0,3244.0,83.1759
2025-05-12 19:00:00+00:00,3244.0,3251.0,3243.0,3249.0,57.9479
2025-05-12 19:30:00+00:00,3249.0,3252.0,3247.0,3251.0,29.1709
2025-05-12 20:00:00+00:00,3251.0,3253.0,3245.0,3246.0,37.4778
2025-05-12 20:30:00+00:00,3246.0,3248.0,3243.0,3246.0,49.9481
2025-05-12 21:00:00+00:00,3246.0,3249.0,3246.0,3247.0,22.1343
2025-05-12 21:30:00+00:00,3247.0,3248.0,3242.0,3244.0,34.1441
2025-05-12 22:00:00+00:00,3243.0,3251.0,3240.0,3246.0,242.6445
2025-05-12 22:30:00+00:00,3246.0,3248.0,3239.0,3241.0,42.1226
2025-05-12 23:00:00+00:00,3240.0,3245.0,3240.0,3243.0,16.7496
2025-05-12 23:30:00+00:00,3244.0,3248.0,3243.0,3245.0,23.6378
2025-05-13 00:00:00+00:00,3246.0,3251.0,3244.0,3244.0,61.0977
2025-05-13 00:30:00+00:00,3245.0,3249.0,3242.0,3248.0,39.1426
2025-05-13 01:00:00+00:00,3249.0,3251.0,3241.0,3241.0,150.2216
2025-05-13 01:30:00+00:00,3241.0,3241.0,3228.0,3237.0,71.687
2025-05-13 02:00:00+00:00,3236.0,3239.0,3234.0,3237.0,75.6577
2025-05-13 02:30:00+00:00,3236.0,3248.0,3236.0,3238.0,70.2196
2025-05-13 03:00:00+00:00,3238.0,3246.0,3238.0,3243.0,46.0479
2025-05-13 03:30:00+00:00,3244.0,3252.0,3244.0,3250.0,64.9963
2025-05-13 04:00:00+00:00,3249.0,3251.0,3246.0,3247.0,29.2529
2025-05-13 04:30:00+00:00,3248.0,3263.0,3248.0,3263.0,65.9965
2025-05-13 05:00:00+00:00,3263.0,3269.0,3262.0,3268.0,67.0766
2025-05-13 05:30:00+00:00,3267.0,3268.0,3258.0,3265.0,78.2549
2025-05-13 06:00:00+00:00,3265.0,3268.0,3256.0,3262.0,57.2561
2025-05-13 06:30:00+00:00,3261.0,3272.0,3261.0,3270.0,214.0404
2025-05-13 07:00:00+00:00,3271.0,3273.0,3264.0,3266.0,89.3883
2025-05-13 07:30:00+00:00,3266.0,3269.0,3263.0,3267.0,34.2913
2025-05-13 08:00:00+00:00,3267.0,3269.0,3264.0,3264.0,106.5806
2025-05-13 08:30:00+00:00,3264.0,3267.0,3263.0,3267.0,84.1104
2025-05-13 09:00:00+00:00,3267.0,3267.0,3263.0,3264.0,31.9049
2025-05-13 09:30:00+00:00,3263.0,3265.0,3262.0,3264.0,46.5944
2025-05-13 10:00:00+00:00,3264.0,3265.0,3259.0,3264.0,36.4992
2025-05-13 10:30:00+00:00,3264.0,3264.0,3261.0,3262.0,12.0275
2025-05-13 11:00:00+00:00,3262.0,3274.0,3260.0,3266.0,162.9544
2025-05-13 11:30:00+00:00,3265.0,3270.0,3258.0,3261.0,106.1503
2025-05-13 12:00:00+00:00,3261.0,3262.0,3251.0,3254.0,106.5928
2025-05-13 12:30:00+00:00,3254.0,3262.0,3251.0,3255.0,100.4501
2025-05-13 13:00:00+00:00,3256.0,3258.0,3250.0,3256.0,39.7828
2025-05-13 13:30:00+00:00,3256.0,3258.0,3242.0,3242.0,89.0086
2025-05-13 14:00:00+00:00,3242.0,3254.0,3240.0,3253.0,37.1278
2025-05-13 14:30:00+00:00,3253.0,3263.0,3253.0,3256.0,104.6579
2025-05-13 15:00:00+00:00,3255.0,3260.0,3251.0,3259.0,105.568
2025-05-13 15:30:00+00:00,3258.0,3266.0,3257.0,3265.0,85.3043
2025-05-13 16:00:00+00:00,3265.0,3267.0,3261.0,3261.0,55.4237
2025-05-13 16:30:00+00:00,3262.0,3268.0,3258.0,3261.0,61.8777
2025-05-13 17:00:00+00:00,3260.0,3262.0,3253.0,3253.0,68.5361
2025-05-13 17:30:00+00:00,3254.0,3259.0,3252.0,3258.0,52.3656
2025-05-13 18:00:00+00:00,3258.0,3259.0,3256.0,3257.0,12.9358
2025-05-13 18:30:00+00:00,3258.0,3260.0,3257.0,3260.0,32.4963
2025-05-13 19:00:00+00:00,3259.0,3263.0,3258.0,3260.0,90.16
2025-05-13 19:30:00+00:00,3260.0,3262.0,3253.0,3258.0,212.0371
2025-05-13 20:00:00+00:00,3258.0,3261.0,3256.0,3260.0,64.4171
2025-05-13 20:30:00+00:00,3260.0,3264.0,3258.0,3258.0,51.6214
2025-05-13 21:00:00+00:00,3258.0,3258.0,3253.0,3253.0,57.0408
2025-05-13 21:30:00+00:00,3254.0,3255.0,3246.0,3248.0,164.4129
2025-05-13 22:00:00+00:00,3249.0,3260.0,3249.0,3258.0,70.3914
2025-05-13 22:30:00+00:00,3258.0,3261.0,3256.0,3261.0,22.841
2025-05-13 23:00:00+00:00,3260.0,3262.0,3260.0,3261.0,42.4201
2025-05-13 23:30:00+00:00,3261.0,3265.0,3259.0,3261.0,103.7077
2025-05-14 00:00:00+00:00,3261.0,3262.0,3252.0,3257.0,40.0382
2025-05-14 00:30:00+00:00,3256.0,3258.0,3251.0,3253.0,57.7978
2025-05-14 01:00:00+00:00,3253.0,3259.0,3250.0,3259.0,59.0838
2025-05-14 01:30:00+00:00,3259.0,3261.0,3248.0,3249.0,101.456
2025-05-14 02:00:00+00:00,3248.0,3250.0,3243.0,3244.0,50.7216
2025-05-14 02:30:00+00:00,3243.0,3246.0,3242.0,3244.0,65.317
2025-05-14 03:00:00+00:00,3243.0,3244.0,3238.0,3240.0,79.7316
2025-05-14 03:30:00+00:00,3241.0,3242.0,3234.0,3236.0,104.6807
2025-05-14 04:00:00+00:00,3236.0,3238.0,3232.0,3237.0,112.9335
2025-05-14 04:30:00+00:00,3238.0,3241.0,3232.0,3234.0,85.0663
2025-05-14 05:00:00+00:00,3234.0,3237.0,3232.0,3236.0,43.7644
2025-05-14 05:30:00+00:00,3236.0,3242.0,3233.0,3240.0,34.197
2025-05-14 06:00:00+00:00,3240.0,3243.0,3238.0,3239.0,42.5338
2025-05-14 06:30:00+00:00,3239.0,3242.0,3236.0,3237.0,11.6495
2025-05-14 07:00:00+00:00,3236.0,3240.0,3234.0,3238.0,108.737
2025-05-14 07:30:00+00:00,3238.0,3247.0,3236.0,3246.0,74.1337
2025-05-14 08:00:00+00:00,3246.0,3250.0,3241.0,3241.0,139.7535
2025-05-14 08:30:00+00:00,3241.0,3244.0,3238.0,3241.0,73.5829
2025-05-14 09:00:00+00:00,3241.0,3243.0,3238.0,3238.0,83.4241
2025-05-14 09:30:00+00:00,3239.0,3244.0,3236.0,3239.0,44.8507
2025-05-14 10:00:00+00:00,3239.0,3242.0,3238.0,3239.0,66.4637
2025-05-14 10:30:00+00:00,3239.0,3244.0,3236.0,3244.0,55.2369
2025-05-14 11:00:00+00:00,3244.0,3247.0,3242.0,3244.0,64.436
2025-05-14 11:30:00+00:00,3244.0,3247.0,3229.0,3230.0,94.064
2025-05-14 12:00:00+00:00,3230.0,3233.0,3221.0,3224.0,364.3555
2025-05-14 12:30:00+00:00,3223.0,3226.0,3200.0,3201.0,709.5135
2025-05-14 13:00:00+00:00,3202.0,3203.0,3190.0,3198.0,932.085
2025-05-14 13:30:00+00:00,3198.0,3211.0,3197.0,3208.0,188.0719
2025-05-14 14:00:00+00:00,3207.0,3207.0,3195.0,3200.0,195.4006
2025-05-14 14:30:00+00:00,3200.0,3205.0,3194.0,3197.0,261.4798
2025-05-14 15:00:00+00:00,3198.0,3200.0,3188.0,3198.0,191.0297
2025-05-14 15:30:00+00:00,3199.0,3200.0,3194.0,3194.0,72.6498
2025-05-14 16:00:00+00:00,3195.0,3199.0,3190.0,3196.0,98.7986
2025-05-14 16:30:00+00:00,3196.0,3202.0,3190.0,3200.0,90.3021
2025-05-14 17:00:00+00:00,3200.0,3202.0,3189.0,3194.0,264.1328
2025-05-14 17:30:00+00:00,3195.0,3196.0,3192.0,3194.0,40.0352
2025-05-14 18:00:00+00:00,3194.0,3194.0,3189.0,3190.0,45.2926
2025-05-14 18:30:00+00:00,3190.0,3191.0,3184.0,3185.0,149.3403
2025-05-14 19:00:00+00:00,3186.0,3189.0,3183.0,3186.0,51.3462
2025-05-14 19:30:00+00:00,3186.0,3195.0,3186.0,3195.0,26.9604
2025-05-14 20:00:00+00:00,3194.0,3195.0,3190.0,3190.0,44.2892
2025-05-14 20:30:00+00:00,3190.0,3195.0,3190.0,3191.0,88.9075
2025-05-14 21:00:00+00:00,3191.0,3191.0,3185.0,3186.0,37.9859
2025-05-14 21:30:00+00:00,3186.0,3187.0,3184.0,3186.0,34.3345
2025-05-14 22:00:00+00:00,3187.0,3195.0,3186.0,3194.0,31.0075
2025-05-14 22:30:00+00:00,3195.0,3195.0,3192.0,3193.0,29.3227
2025-05-14 23:00:00+00:00,3193.0,3195.0,3192.0,3193.0,29.2111
2025-05-14 23:30:00+00:00,3193.0,3198.0,3192.0,3196.0,23.6557
2025-05-15 00:00:00+00:00,3197.0,3197.0,3190.0,3192.0,60.8283
2025-05-15 00:30:00+00:00,3192.0,3198.0,3192.0,3197.0,37.6712
2025-05-15 01:00:00+00:00,3198.0,3202.0,3194.0,3198.0,167.7914
2025-05-15 01:30:00+00:00,3197.0,3200.0,3185.0,3185.0,82.2387
2025-05-15 02:00:00+00:00,3184.0,3188.0,3176.0,3178.0,170.7443
2025-05-15 02:30:00+00:00,3178.0,3178.0,3166.0,3169.0,195.1049
2025-05-15 03:00:00+00:00,3170.0,3175.0,3166.0,3172.0,68.6888
2025-05-15 03:30:00+00:00,3171.0,3175.0,3167.0,3168.0,44.5517
2025-05-15 04:00:00+00:00,3167.0,3169.0,3160.0,3165.0,122.1585
2025-05-15 04:30:00+00:00,3165.0,3166.0,3155.0,3156.0,185.63
2025-05-15 05:00:00+00:00,3157.0,3162.0,3155.0,3161.0,130.8225
2025-05-15 05:30:00+00:00,3161.0,3162.0,3145.0,3151.0,293.4168
2025-05-15 06:00:00+00:00,3150.0,3160.0,3142.0,3160.0,285.4821
2025-05-15 06:30:00+00:00,3159.0,3172.0,3159.0,3170.0,147.2308
2025-05-15 07:00:00+00:00,3170.0,3172.0,3158.0,3161.0,86.4474
2025-05-15 07:30:00+00:00,3162.0,3164.0,3152.0,3162.0,192.2112
2025-05-15 08:00:00+00:00,3161.0,3172.0,3156.0,3171.0,150.3521
2025-05-15 08:30:00+00:00,3172.0,3179.0,3170.0,3177.0,169.2839
2025-05-15 09:00:00+00:00,3178.0,3183.0,3174.0,3180.0,193.596
2025-05-15 09:30:00+00:00,3179.0,3184.0,3178.0,3180.0,124.4092
2025-05-15 10:00:00+00:00,3180.0,3193.0,3178.0,3188.0,232.4385
2025-05-15 10:30:00+00:00,3188.0,3192.0,3187.0,3191.0,91.4868
2025-05-15 11:00:00+00:00,3192.0,3193.0,3185.0,3188.0,62.0737
2025-05-15 11:30:00+00:00,3188.0,3201.0,3184.0,3195.0,449.4668
2025-05-15 12:00:00+00:00,3195.0,3200.0,3193.0,3197.0,120.7539
2025-05-15 12:30:00+00:00,3197.0,3204.0,3197.0,3203.0,85.4007
2025-05-15 13:00:00+00:00,3204.0,3212.0,3201.0,3205.0,245.5577
2025-05-15 13:30:00+00:00,3205.0,3208.0,3201.0,3206.0,89.3629
2025-05-15 14:00:00+00:00,3205.0,3220.0,3204.0,3216.0,260.3425
2025-05-15 14:30:00+00:00,3217.0,3222.0,3210.0,3221.0,168.6247
2025-05-15 15:00:00+00:00,3222.0,3230.0,3220.0,3229.0,114.285
2025-05-15 15:30:00+00:00,3229.0,3233.0,3224.0,3232.0,128.879
2025-05-15 16:00:00+00:00,3232.0,3233.0,3226.0,3232.0,128.1455
2025-05-15 16:30:00+00:00,3232.0,3234.0,3230.0,3232.0,83.3709
2025-05-15 17:00:00+00:00,3233.0,3239.0,3231.0,3232.0,165.9936
2025-05-15 17:30:00+00:00,3232.0,3233.0,3225.0,3230.0,166.8745
2025-05-15 18:00:00+00:00,3230.0,3236.0,3229.0,3232.0,59.9521
2025-05-15 18:30:00+00:00,3232.0,3235.0,3221.0,3231.0,296.8312
2025-05-15 19:00:00+00:00,3230.0,3238.0,3230.0,3238.0,102.4186
2025-05-15 19:30:00+00:00,3238.0,3242.0,3237.0,3241.0,107.7622
2025-05-15 20:00:00+00:00,3241.0,3252.0,3241.0,3250.0,239.7604
2025-05-15 20:30:00+00:00,3251.0,3251.0,3245.0,3250.0,71.6192
2025-05-15 21:00:00+00:00,3250.0,3253.0,3249.0,3252.0,60.308
2025-05-15 21:30:00+00:00,3252.0,3254.0,3246.0,3247.0,57.6033
2025-05-15 22:00:00+00:00,3248.0,3259.0,3246.0,3258.0,76.6039
2025-05-15 22:30:00+00:00,3258.0,3261.0,3255.0,3261.0,43.4403
2025-05-15 23:00:00+00:00,3261.0,3261.0,3251.0,3253.0,108.7364
2025-05-15 23:30:00+00:00,3252.0,3256.0,3244.0,3246.0,90.5675
2025-05-16 00:00:00+00:00,3247.0,3250.0,3242.0,3242.0,67.8429
2025-05-16 00:30:00+00:00,3242.0,3253.0,3240.0,3252.0,124.6834
2025-05-16 01:00:00+00:00,3251.0,3252.0,3232.0,3236.0,144.3121
2025-05-16 01:30:00+00:00,3236.0,3240.0,3227.0,3233.0,132.9052
2025-05-16 02:00:00+00:00,3233.0,3239.0,3231.0,3234.0,56.4874
2025-05-16 02:30:00+00:00,3234.0,3238.0,3224.0,3225.0,87.5108
2025-05-16 03:00:00+00:00,3226.0,3228.0,3219.0,3224.0,81.9519
2025-05-16 03:30:00+00:00,3224.0,3227.0,3220.0,3224.0,44.2037
2025-05-16 04:00:00+00:00,3224.0,3232.0,3223.0,3227.0,53.9678
2025-05-16 04:30:00+00:00,3227.0,3235.0,3227.0,3232.0,114.1731
2025-05-16 05:00:00+00:00,3233.0,3235.0,3226.5,3228.56,138.0517
2025-05-16 05:30:00+00:00,3228.0,3234.32,3226.44,3232.46,91.4924
2025-05-16 06:00:00+00:00,3231.89,3242.53,3231.89,3236.0,160.4889
2025-05-16 06:30:00+00:00,3235.68,3236.02,3226.35,3227.84,76.719
2025-05-16 07:00:00+00:00,3228.0,3232.89,3215.92,3222.0,105.6839
2025-05-16 07:30:00+00:00,3222.84,3226.19,3219.0,3219.3,197.7869
2025-05-16 08:00:00+00:00,3219.29,3221.51,3209.54,3217.0,81.3531
2025-05-16 08:30:00+00:00,3216.99,3222.69,3216.15,3219.53,57.4002
2025-05-16 09:00:00+00:00,3219.14,3222.39,3216.38,3221.89,77.4962
2025-05-16 09:30:00+00:00,3222.0,3224.92,3221.0,3222.46,51.6428
2025-05-16 10:00:00+00:00,3222.12,3223.75,3213.34,3215.16,64.0236
2025-05-16 10:30:00+00:00,3215.49,3216.87,3173.49,3186.61,1171.9693
2025-05-16 11:00:00+00:00,3186.61,3190.17,3182.98,3186.55,282.8469
2025-05-16 11:30:00+00:00,3186.48,3191.93,3169.34,3179.12,205.9958
2025-05-16 12:00:00+00:00,3179.15,3192.0,3172.47,3191.72,80.6573
2025-05-16 12:30:00+00:00,3191.44,3197.76,3187.94,3192.83,168.8043
2025-05-16 13:00:00+00:00,3193.13,3202.01,3188.18,3191.96,126.352
2025-05-16 13:30:00+00:00,3192.0,3200.99,3188.01,3196.96,95.2544
2025-05-16 14:00:00+00:00,3197.08,3202.33,3193.01,3194.45,110.2523
2025-05-16 14:30:00+00:00,3194.29,3199.47,3189.37,3196.07,281.0686
2025-05-16 15:00:00+00:00,3196.2,3201.0,3195.97,3199.95,47.7996
2025-05-16 15:30:00+00:00,3199.95,3204.7,3199.95,3203.48,78.9543
2025-05-16 16:00:00+00:00,3203.67,3204.7,3199.0,3199.31,90.7287
2025-05-16 16:30:00+00:00,3199.31,3204.9,3199.0,3204.9,80.2354
2025-05-16 17:00:00+00:00,3204.9,3210.04,3204.44,3206.65,125.8987
2025-05-16 17:30:00+00:00,3206.36,3211.37,3203.0,3211.24,97.6978
2025-05-16 18:00:00+00:00,3211.25,3212.81,3207.37,3211.11,53.4358
2025-05-16 18:30:00+00:00,3211.12,3211.59,3206.66,3208.46,29.9893
2025-05-16 19:00:00+00:00,3208.46,3215.36,3208.25,3214.43,69.089
2025-05-16 19:30:00+00:00,3214.49,3216.35,3213.05,3213.53,37.3736
2025-05-16 20:00:00+00:00,3213.55,3220.31,3213.11,3216.25,51.0724
2025-05-16 20:30:00+00:00,3216.37,3221.0,3214.75,3220.57,46.7379
2025-05-16 21:00:00+00:00,3220.52,3220.52,3215.48,3218.37,17.0964
2025-05-16 21:30:00+00:00,3218.37,3221.5,3216.73,3221.5,15.3175
2025-05-16 22:00:00+00:00,3221.5,3221.5,3219.08,3220.92,45.6904
2025-05-16 22:30:00+00:00,3220.92,3222.0,3218.02,3220.0,53.2836
2025-05-16 23:00:00+00:00,3219.99,3223.54,3219.68,3223.53,37.5998
2025-05-16 23:30:00+00:00,3223.54,3223.84,3219.05,3221.0,56.1303
2025-05-17 00:00:00+00:00,3221.01,3223.31,3216.78,3217.28,36.9938
2025-05-17 00:30:00+00:00,3217.21,3218.43,3213.01,3213.85,99.0241
2025-05-17 01:00:00+00:00,3213.65,3213.68,3207.3,3210.07,80.7706
2025-05-17 01:30:00+00:00,3210.07,3213.6,3206.08,3211.53,72.2486
2025-05-17 02:00:00+00:00,3211.09,3213.99,3207.61,3213.87,78.6344
2025-05-17 02:30:00+00:00,3213.87,3218.52,3213.76,3217.85,22.2486
2025-05-17 03:00:00+00:00,3218.27,3224.53,3217.18,3220.69,160.3169
2025-05-17 03:30:00+00:00,3220.72,3224.97,3220.5,3224.01,197.7543
2025-05-17 04:00:00+00:00,3224.17,3224.96,3222.24,3224.96,11.836
2025-05-17 04:30:00+00:00,3224.99,3225.69,3222.01,3222.01,43.3363
2025-05-17 05:00:00+00:00,3222.01,3222.23,3219.58,3221.81,12.134
2025-05-17 05:30:00+00:00,3221.82,3223.8,3218.51,3218.52,50.9879
2025-05-17 06:00:00+00:00,3218.52,3220.7,3213.19,3216.81,73.9306
2025-05-17 06:30:00+00:00,3216.82,3217.66,3212.97,3213.38,30.5731
2025-05-17 07:00:00+00:00,3213.39,3219.19,3213.37,3218.0,51.4467
2025-05-17 07:30:00+00:00,3218.01,3222.98,3214.69,3215.03,117.2477
2025-05-17 08:00:00+00:00,3215.01,3218.56,3213.1,3217.42,50.4791
2025-05-17 08:30:00+00:00,3217.92,3219.0,3215.0,3218.56,47.3914
2025-05-17 09:00:00+00:00,3218.39,3219.0,3209.01,3211.71,118.3279
2025-05-17 09:30:00+00:00,3211.84,3214.28,3210.39,3214.28,24.169
2025-05-17 10:00:00+00:00,3214.32,3215.46,3212.71,3215.46,19.981
2025-05-17 10:30:00+00:00,3215.46,3215.68,3213.32,3215.0,16.9337
2025-05-17 11:00:00+00:00,3215.21,3218.0,3215.1,3217.09,40.8823
2025-05-17 11:30:00+00:00,3217.07,3220.58,3217.05,3217.05,37.2396
2025-05-17 12:00:00+00:00,3217.06,3218.14,3213.75,3215.29,31.6778
2025-05-17 12:30:00+00:00,3215.3,3217.23,3215.29,3216.34,33.0285
2025-05-17 13:00:00+00:00,3216.33,3219.14,3215.22,3218.92,33.7747
2025-05-17 13:30:00+00:00,3218.91,3219.27,3215.22,3216.3,35.5548
2025-05-17 14:00:00+00:00,3216.3,3218.97,3215.98,3216.0,15.8835
2025-05-17 14:30:00+00:00,3216.0,3229.99,3215.71,3224.05,190.5929
2025-05-17 15:00:00+00:00,3224.06,3225.96,3223.28,3223.91,57.4692
2025-05-17 15:30:00+00:00,3223.9,3226.0,3223.54,3224.48,86.3428
2025-05-17 16:00:00+00:00,3224.48,3225.99,3222.52,3223.62,61.8867
2025-05-17 16:30:00+00:00,3223.62,3223.62,3218.44,3221.0,77.5849
2025-05-17 17:00:00+00:00,3221.0,3222.89,3219.19,3222.89,20.7139
2025-05-17 17:30:00+00:00,3222.89,3222.97,3219.95,3221.6,36.4787
2025-05-17 18:00:00+00:00,3221.61,3224.99,3221.6,3223.72,25.2184
2025-05-17 18:30:00+00:00,3223.73,3223.73,3219.54,3220.35,18.3922
2025-05-17 19:00:00+00:00,3220.23,3220.24,3216.18,3217.09,24.1754
2025-05-17 19:30:00+00:00,3217.08,3218.38,3216.0,3216.33,17.154
2025-05-17 20:00:00+00:00,3216.17,3218.76,3216.17,3216.52,8.3826
2025-05-17 20:30:00+00:00,3216.51,3220.23,3216.29,3218.96,18.3412
2025-05-17 21:00:00+00:00,3218.78,3224.0,3218.78,3224.0,15.647
2025-05-17 21:30:00+00:00,3223.74,3228.0,3222.13,3226.59,102.5885
2025-05-17 22:00:00+00:00,3226.59,3227.0,3220.0,3222.22,98.9168
2025-05-17 22:30:00+00:00,3222.22,3223.67,3221.96,3222.67,17.8743
2025-05-17 23:00:00+00:00,3222.67,3225.56,3222.51,3224.84,34.9043
2025-05-17 23:30:00+00:00,3224.83,3227.59,3223.15,3225.66,131.2903
2025-05-18 00:00:00+00:00,3225.66,3226.14,3221.84,3222.35,66.3593
2025-05-18 00:30:00+00:00,3222.41,3223.92,3220.79,3223.92,16.5155
2025-05-18 01:00:00+00:00,3223.92,3225.29,3220.89,3224.62,41.203
2025-05-18 01:30:00+00:00,3224.61,3227.0,3223.38,3225.74,128.7856
2025-05-18 02:00:00+00:00,3225.74,3227.92,3224.31,3225.3,97.4974
2025-05-18 02:30:00+00:00,3225.33,3229.17,3225.33,3228.7,52.0015
2025-05-18 03:00:00+00:00,3228.69,3229.69,3226.57,3226.81,70.8085
2025-05-18 03:30:00+00:00,3226.82,3231.01,3225.0,3230.88,62.3526
2025-05-18 04:00:00+00:00,3230.89,3235.05,3230.08,3235.05,79.1864
2025-05-18 04:30:00+00:00,3235.1,3237.62,3233.36,3237.21,106.0956
2025-05-18 05:00:00+00:00,3237.22,3237.44,3232.45,3232.45,83.4074
2025-05-18 05:30:00+00:00,3232.45,3233.27,3230.0,3230.0,28.6304
2025-05-18 06:00:00+00:00,3230.0,3231.42,3228.13,3229.17,21.4184
2025-05-18 06:30:00+00:00,3229.23,3230.33,3224.91,3224.95,24.1406
2025-05-18 07:00:00+00:00,3224.96,3225.83,3222.0,3222.0,40.2238
2025-05-18 07:30:00+00:00,3222.0,3227.02,3220.39,3225.0,43.1578
2025-05-18 08:00:00+00:00,3225.0,3225.29,3218.61,3218.89,34.8465
2025-05-18 08:30:00+00:00,3219.16,3220.16,3217.55,3217.78,27.5991
2025-05-18 09:00:00+00:00,3217.78,3219.27,3215.78,3215.82,74.746
2025-05-18 09:30:00+00:00,3215.99,3216.93,3215.33,3215.75,22.5547
2025-05-18 10:00:00+00:00,3215.75,3218.84,3215.45,3218.82,42.1769
2025-05-18 10:30:00+00:00,3218.81,3221.02,3218.81,3220.2,30.7411
2025-05-18 11:00:00+00:00,3220.22,3220.3,3218.03,3219.54,9.7394
2025-05-18 11:30:00+00:00,3219.55,3220.75,3218.88,3219.08,14.0461
2025-05-18 12:00:00+00:00,3219.08,3219.15,3215.63,3216.97,35.9975
2025-05-18 12:30:00+00:00,3216.97,3221.04,3215.7,3220.48,42.3006
2025-05-18 13:00:00+00:00,3220.49,3225.0,3219.95,3223.0,73.6584
2025-05-18 13:30:00+00:00,3223.0,3223.46,3220.91,3222.85,29.8655
2025-05-18 14:00:00+00:00,3223.08,3223.72,3220.0,3222.49,45.278
2025-05-18 14:30:00+00:00,3222.68,3223.59,3222.27,3223.14,32.0946
2025-05-18 15:00:00+00:00,3223.16,3223.52,3218.81,3221.01,40.6883
2025-05-18 15:30:00+00:00,3221.0,3227.48,3219.97,3222.87,148.3553
2025-05-18 16:00:00+00:00,3222.87,3223.0,3219.16,3220.73,46.8126
2025-05-18 16:30:00+00:00,3220.72,3230.15,3220.72,3223.5,258.4847
2025-05-18 17:00:00+00:00,3223.46,3223.46,3219.83,3222.0,37.23
2025-05-18 17:30:00+00:00,3222.0,3224.74,3220.0,3220.14,58.9766
2025-05-18 18:00:00+00:00,3220.14,3220.39,3213.0,3214.17,58.738
2025-05-18 18:30:00+00:00,3213.93,3216.01,3211.32,3212.0,104.5515
2025-05-18 19:00:00+00:00,3211.99,3216.67,3210.98,3216.17,39.4636
2025-05-18 19:30:00+00:00,3216.29,3216.3,3211.38,3212.2,54.2818
2025-05-18 20:00:00+00:00,3212.0,3217.64,3210.0,3215.31,58.1088
2025-05-18 20:30:00+00:00,3215.48,3217.76,3213.75,3217.2,34.2851
2025-05-18 21:00:00+00:00,3217.2,3220.07,3216.76,3220.02,43.5279
2025-05-18 21:30:00+00:00,3220.12,3226.19,3220.12,3223.0,73.677
2025-05-18 22:00:00+00:00,3222.83,3250.0,3221.04,3249.0,299.2793
2025-05-18 22:30:00+00:00,3249.0,3253.0,3245.02,3252.0,120.1391
2025-05-18 23:00:00+00:00,3251.99,3257.0,3250.2,3254.56,66.357
2025-05-18 23:30:00+00:00,3254.56,3255.92,3238.01,3245.99,113.9361
2025-05-19 00:00:00+00:00,3246.0,3261.88,3244.94,3259.02,182.6716
2025-05-19 00:30:00+00:00,3259.02,3263.62,3253.71,3258.88,137.9391
2025-05-19 01:00:00+00:00,3258.78,3258.79,3240.01,3240.76,86.1082
2025-05-19 01:30:00+00:00,3240.76,3243.83,3233.16,3234.3,77.4819
2025-05-19 02:00:00+00:00,3234.64,3241.51,3234.29,3238.4,69.4017
2025-05-19 02:30:00+00:00,3238.04,3241.0,3233.26,3240.14,28.5206
2025-05-19 03:00:00+00:00,3240.16,3243.0,3237.29,3240.75,151.595
2025-05-19 03:30:00+00:00,3240.75,3241.0,3227.0,3228.0,191.0181
2025-05-19 04:00:00+00:00,3228.26,3233.25,3225.0,3230.54,48.8989
2025-05-19 04:30:00+00:00,3230.21,3236.03,3228.2,3228.59,53.5049
2025-05-19 05:00:00+00:00,3228.6,3240.0,3228.6,3239.81,291.9852
2025-05-19 05:30:00+00:00,3239.82,3248.98,3239.82,3246.75,194.6054
2025-05-19 06:00:00+00:00,3246.25,3249.99,3242.59,3244.03,151.2184
2025-05-19 06:30:00+00:00,3244.24,3246.6,3240.0,3240.33,152.2585
2025-05-19 07:00:00+00:00,3240.34,3245.13,3240.34,3243.08,94.7101
2025-05-19 07:30:00+00:00,3243.09,3248.79,3240.11,3247.09,89.6825
2025-05-19 08:00:00+00:00,3247.08,3254.27,3246.16,3251.4,66.8688
2025-05-19 08:30:00+00:00,3251.41,3260.63,3250.0,3259.01,126.7129
2025-05-19 09:00:00+00:00,3259.02,3262.49,3251.4,3255.83,91.5896
2025-05-19 09:30:00+00:00,3256.18,3262.0,3252.14,3259.49,114.5755
2025-05-19 10:00:00+00:00,3259.4,3260.83,3254.73,3260.14,78.144
2025-05-19 10:30:00+00:00,3260.23,3264.62,3255.17,3262.59,78.6993
2025-05-19 11:00:00+00:00,3262.9,3264.58,3259.33,3262.49,38.9709
2025-05-19 11:30:00+00:00,3262.4,3270.14,3261.93,3266.85,112.1158
2025-05-19 12:00:00+00:00,3266.86,3267.26,3256.61,3260.15,90.5982
2025-05-19 12:30:00+00:00,3260.4,3260.7,3250.0,3250.57,60.0476
2025-05-19 13:00:00+00:00,3250.57,3261.99,3248.87,3253.04,38.87
2025-05-19 13:30:00+00:00,3253.7,3253.89,3244.88,3250.35,98.1326
2025-05-19 14:00:00+00:00,3250.34,3253.0,3240.8,3250.97,174.293
2025-05-19 14:30:00+00:00,3250.97,3255.28,3246.0,3252.0,120.4668
2025-05-19 15:00:00+00:00,3252.01,3255.0,3249.76,3250.08,76.3198
2025-05-19 15:30:00+00:00,3250.22,3256.45,3246.59,3249.01,110.074
2025-05-19 16:00:00+00:00,3249.0,3249.41,3244.58,3244.71,125.7817
2025-05-19 16:30:00+00:00,3244.68,3249.8,3242.54,3248.56,68.2344
2025-05-19 17:00:00+00:00,3248.54,3249.0,3243.58,3248.95,34.1869
2025-05-19 17:30:00+00:00,3248.71,3249.4,3243.0,3244.32,31.3523
2025-05-19 18:00:00+00:00,3244.31,3251.0,3242.59,3251.0,56.8371
2025-05-19 18:30:00+00:00,3250.99,3251.0,3249.94,3249.97,213.1511
2025-05-19 19:00:00+00:00,3250.02,3250.54,3248.69,3249.08,26.8277
2025-05-19 19:30:00+00:00,3249.09,3249.56,3247.31,3249.53,15.5132
2025-05-19 20:00:00+00:00,3249.53,3249.71,3245.7,3245.95,14.8155
2025-05-19 20:30:00+00:00,3245.94,3247.79,3245.47,3246.36,13.282
2025-05-19 21:00:00+00:00,3246.36,3247.15,3243.99,3244.17,10.7507
2025-05-19 21:30:00+00:00,3244.17,3244.19,3241.0,3242.3,43.3102
2025-05-19 22:00:00+00:00,3242.3,3245.32,3240.75,3241.61,45.2256
2025-05-19 22:30:00+00:00,3241.6,3241.64,3240.0,3240.13,18.0461
2025-05-19 23:00:00+00:00,3240.12,3241.21,3237.02,3237.13,29.8043
2025-05-19 23:30:00+00:00,3237.13,3238.6,3235.08,3235.96,40.1511
2025-05-20 00:00:00+00:00,3235.73,3238.06,3235.0,3236.75,40.4288
2025-05-20 00:30:00+00:00,3236.76,3238.55,3232.0,3236.35,18.414
2025-05-20 01:00:00+00:00,3236.36,3243.59,3236.36,3239.44,29.5992
2025-05-20 01:30:00+00:00,3239.64,3244.54,3233.0,3234.73,146.0252
2025-05-20 02:00:00+00:00,3234.73,3235.99,3219.0,3222.2,773.9779
2025-05-20 02:30:00+00:00,3222.2,3225.22,3219.82,3220.79,219.4429
2025-05-20 03:00:00+00:00,3220.71,3226.81,3220.67,3225.94,35.7874
2025-05-20 03:30:00+00:00,3225.94,3227.62,3222.4,3226.31,48.2927
2025-05-20 04:00:00+00:00,3226.62,3228.82,3225.05,3227.8,30.6814
2025-05-20 04:30:00+00:00,3227.8,3232.01,3226.24,3231.99,39.2712
2025-05-20 05:00:00+00:00,3231.74,3232.53,3228.0,3228.74,23.4462
2025-05-20 05:30:00+00:00,3228.75,3232.4,3227.02,3230.78,109.747
2025-05-20 06:00:00+00:00,3230.84,3240.26,3227.44,3232.37,161.7721
2025-05-20 06:30:00+00:00,3232.37,3233.03,3227.11,3227.18,15.7767
2025-05-20 07:00:00+00:00,3227.17,3233.07,3226.71,3233.07,32.6874
2025-05-20 07:30:00+00:00,3233.08,3242.08,3232.33,3240.52,46.6277
2025-05-20 08:00:00+00:00,3240.52,3241.05,3235.34,3236.64,37.4805
2025-05-20 08:30:00+00:00,3236.67,3253.63,3236.67,3253.63,556.4411
2025-05-20 09:00:00+00:00,3253.64,3257.4,3249.87,3253.87,102.1522
2025-05-20 09:30:00+00:00,3253.56,3256.0,3252.72,3254.38,86.5293
2025-05-20 10:00:00+00:00,3254.37,3255.0,3249.51,3249.87,37.9485
2025-05-20 10:30:00+00:00,3249.8,3253.76,3247.65,3252.29,56.5386
2025-05-20 11:00:00+00:00,3252.3,3258.8,3252.29,3257.81,152.7596
2025-05-20 11:30:00+00:00,3257.99,3262.04,3255.61,3261.34,79.6257
2025-05-20 12:00:00+00:00,3261.25,3261.9,3252.0,3257.88,60.2452
2025-05-20 12:30:00+00:00,3257.77,3265.6,3257.77,3260.56,117.734
2025-05-20 13:00:00+00:00,3260.5,3260.5,3250.98,3254.98,42.853
2025-05-20 13:30:00+00:00,3254.43,3277.0,3254.15,3275.28,140.1083
2025-05-20 14:00:00+00:00,3275.82,3299.55,3275.82,3296.43,478.7196
2025-05-20 14:30:00+00:00,3296.04,3299.99,3292.04,3296.3,212.5152
2025-05-20 15:00:00+00:00,3296.3,3297.94,3287.66,3294.62,222.94
2025-05-20 15:30:00+00:00,3294.51,3295.88,3289.7,3291.0,66.2244
2025-05-20 16:00:00+00:00,3290.82,3296.4,3290.41,3292.86,75.6637
2025-05-20 16:30:00+00:00,3292.85,3294.03,3289.14,3292.23,68.6371
2025-05-20 17:00:00+00:00,3292.24,3298.0,3292.23,3296.88,66.9988
2025-05-20 17:30:00+00:00,3296.95,3302.97,3295.82,3299.22,128.7283
2025-05-20 18:00:00+00:00,3299.21,3302.16,3298.49,3302.04,116.54
2025-05-20 18:30:00+00:00,3302.04,3305.72,3301.0,3303.61,74.5175
2025-05-20 19:00:00+00:00,3303.4,3305.53,3300.47,3302.83,58.2962
2025-05-20 19:30:00+00:00,3302.82,3305.75,3289.56,3304.27,632.8192
2025-05-20 20:00:00+00:00,3304.27,3307.0,3301.59,3302.06,99.8669
2025-05-20 20:30:00+00:00,3302.07,3302.4,3297.49,3297.49,88.5343
2025-05-20 21:00:00+00:00,3297.49,3305.36,3297.49,3300.15,46.3953
2025-05-20 21:30:00+00:00,3300.15,3307.1,3298.65,3299.42,48.8451
2025-05-20 22:00:00+00:00,3299.54,3313.81,3299.54,3312.01,193.1433
2025-05-20 22:30:00+00:00,3312.02,3313.86,3309.29,3313.2,217.863
2025-05-20 23:00:00+00:00,3313.2,3313.21,3296.0,3304.7,136.9299
2025-05-20 23:30:00+00:00,3304.7,3305.64,3296.17,3303.02,60.2287
2025-05-21 00:00:00+00:00,3303.02,3308.99,3301.75,3308.43,181.1011
2025-05-21 00:30:00+00:00,3308.44,3316.49,3308.44,3315.04,42.8952
2025-05-21 01:00:00+00:00,3315.05,3324.0,3299.98,3300.42,132.6182
2025-05-21 01:30:00+00:00,3300.42,3310.76,3300.0,3307.3,62.9845
2025-05-21 02:00:00+00:00,3307.29,3308.51,3299.0,3305.92,62.37
2025-05-21 02:30:00+00:00,3305.91,3313.66,3301.79,3310.16,70.0914
2025-05-21 03:00:00+00:00,3310.17,3315.37,3308.44,3315.36,34.3972
2025-05-21 03:30:00+00:00,3315.37,3319.56,3315.37,3318.1,36.3576
2025-05-21 04:00:00+00:00,3318.09,3318.57,3312.74,3313.13,31.0447
2025-05-21 04:30:00+00:00,3313.24,3316.91,3310.0,3312.03,136.4562
2025-05-21 05:00:00+00:00,3312.02,3312.02,3306.81,3311.62,45.3573
2025-05-21 05:30:00+00:00,3311.63,3327.0,3311.0,3325.15,141.7332
2025-05-21 06:00:00+00:00,3325.23,3326.79,3320.37,3326.01,37.3545
2025-05-21 06:30:00+00:00,3326.0,3327.55,3323.64,3326.87,53.9143
2025-05-21 07:00:00+00:00,3326.88,3326.88,3312.3,3320.2,186.4699
2025-05-21 07:30:00+00:00,3320.2,3323.19,3316.63,3317.69,41.4988
2025-05-21 08:00:00+00:00,3317.7,3321.16,3313.66,3315.9,47.1784
2025-05-21 08:30:00+00:00,3315.9,3321.4,3314.86,3318.22,45.2064
2025-05-21 09:00:00+00:00,3318.01,3322.42,3316.9,3322.4,89.309
2025-05-21 09:30:00+00:00,3322.38,3323.0,3317.52,3322.28,40.2727
2025-05-21 10:00:00+00:00,3322.58,3327.25,3320.96,3327.25,41.3727
2025-05-21 10:30:00+00:00,3327.25,3327.26,3318.96,3320.56,36.2625
2025-05-21 11:00:00+00:00,3320.57,3324.9,3319.57,3321.59,30.276
2025-05-21 11:30:00+00:00,3321.8,3322.5,3315.25,3318.79,45.8275
2025-05-21 12:00:00+00:00,3318.79,3321.44,3300.36,3305.2,77.3325
2025-05-21 12:30:00+00:00,3305.21,3312.32,3300.0,3310.27,68.0858
2025-05-21 13:00:00+00:00,3310.27,3314.78,3309.5,3313.92,133.5322
2025-05-21 13:30:00+00:00,3313.92,3316.46,3305.74,3312.0,97.4576
2025-05-21 14:00:00+00:00,3312.0,3315.0,3305.94,3314.97,43.1543
2025-05-21 14:30:00+00:00,3314.97,3314.97,3309.89,3310.35,224.953
2025-05-21 15:00:00+00:00,3309.89,3321.85,3308.21,3319.46,277.2819
2025-05-21 15:30:00+00:00,3319.49,3321.99,3315.02,3318.75,110.8726
2025-05-21 16:00:00+00:00,3319.0,3321.72,3277.35,3317.4,314.2727
2025-05-21 16:30:00+00:00,3317.06,3317.67,3307.23,3307.26,163.0532
2025-05-21 17:00:00+00:00,3307.18,3320.0,3307.01,3314.13,173.0788
2025-05-21 17:30:00+00:00,3314.12,3323.66,3311.0,3320.71,267.9936
2025-05-21 18:00:00+00:00,3320.71,3321.97,3315.54,3317.44,45.3714
2025-05-21 18:30:00+00:00,3317.56,3321.0,3316.17,3317.98,96.0692
2025-05-21 19:00:00+00:00,3317.98,3329.89,3317.97,3328.75,118.1231
2025-05-21 19:30:00+00:00,3328.74,3333.59,3325.56,3325.96,108.7936
2025-05-21 20:00:00+00:00,3326.06,3326.7,3321.22,3324.01,27.7747
2025-05-21 20:30:00+00:00,3324.01,3324.74,3321.68,3324.2,39.0076
2025-05-21 21:00:00+00:00,3324.21,3324.21,3320.99,3321.3,17.2965
2025-05-21 21:30:00+00:00,3321.29,3321.3,3318.51,3320.0,40.405
2025-05-21 22:00:00+00:00,3320.15,3325.0,3320.15,3322.72,54.1089
2025-05-21 22:30:00+00:00,3323.18,3325.0,3322.74,3323.97,40.6345
2025-05-21 23:00:00+00:00,3323.66,3327.0,3320.58,3326.0,117.6917
2025-05-21 23:30:00+00:00,3326.0,3326.38,3320.82,3322.47,58.7731
2025-05-22 00:00:00+00:00,3322.48,3330.0,3321.95,3325.31,92.6205
2025-05-22 00:30:00+00:00,3325.0,3326.74,3323.2,3325.82,68.5474
2025-05-22 01:00:00+00:00,3325.83,3341.88,3324.13,3340.85,94.2925
2025-05-22 01:30:00+00:00,3340.86,3345.0,3329.05,3340.92,247.7174
2025-05-22 02:00:00+00:00,3340.66,3344.91,3339.31,3341.05,41.0031
2025-05-22 02:30:00+00:00,3341.17,3346.0,3340.0,3342.0,77.4353
2025-05-22 03:00:00+00:00,3342.04,3349.78,3340.86,3342.16,157.7166
2025-05-22 03:30:00+00:00,3342.18,3347.0,3338.02,3340.63,249.4826
2025-05-22 04:00:00+00:00,3340.63,3342.93,3337.0,3340.02,61.624
2025-05-22 04:30:00+00:00,3340.02,3345.4,3339.39,3344.21,38.4807
2025-05-22 05:00:00+00:00,3344.16,3344.71,3340.32,3341.96,45.0307
2025-05-22 05:30:00+00:00,3341.96,3343.21,3333.5,3338.43,62.5108
2025-05-22 06:00:00+00:00,3338.42,3340.58,3334.72,3339.64,37.837
2025-05-22 06:30:00+00:00,3339.64,3340.48,3334.24,3336.06,112.0035
2025-05-22 07:00:00+00:00,3335.97,3339.33,3333.03,3337.02,118.7793
2025-05-22 07:30:00+00:00,3337.01,3338.63,3334.48,3337.0,47.8677
2025-05-22 08:00:00+00:00,3336.6,3339.62,3325.6,3327.34,155.0407
2025-05-22 08:30:00+00:00,3327.46,3327.46,3318.58,3319.26,127.413
2025-05-22 09:00:00+00:00,3319.26,3320.52,3312.7,3316.07,235.341
2025-05-22 09:30:00+00:00,3315.93,3318.3,3307.0,3307.0,244.6129
2025-05-22 10:00:00+00:00,3307.4,3312.67,3304.41,3305.96,132.7883
2025-05-22 10:30:00+00:00,3305.95,3308.19,3298.32,3300.82,229.7916
2025-05-22 11:00:00+00:00,3300.82,3304.34,3293.69,3303.43,106.2182
2025-05-22 11:30:00+00:00,3303.42,3322.99,3301.0,3321.32,82.4636
2025-05-22 12:00:00+00:00,3321.32,3321.32,3315.52,3318.01,112.0938
2025-05-22 12:30:00+00:00,3318.02,3318.02,3310.06,3313.46,100.3546
2025-05-22 13:00:00+00:00,3313.67,3325.0,3313.67,3320.42,63.8906
2025-05-22 13:30:00+00:00,3320.2,3321.29,3299.94,3299.94,155.9621
2025-05-22 14:00:00+00:00,3299.94,3308.42,3292.69,3307.51,121.3087
2025-05-22 14:30:00+00:00,3307.79,3312.0,3302.01,3306.79,57.671
2025-05-22 15:00:00+00:00,3306.75,3307.93,3294.11,3303.67,154.055
2025-05-22 15:30:00+00:00,3303.02,3306.88,3300.2,3302.93,47.4706
2025-05-22 16:00:00+00:00,3302.93,3307.54,3302.13,3306.9,61.093
2025-05-22 16:30:00+00:00,3306.9,3314.0,3306.4,3308.0,117.9192
2025-05-22 17:00:00+00:00,3308.01,3310.26,3303.01,3304.48,53.2094
2025-05-22 17:30:00+00:00,3304.5,3305.87,3300.39,3304.82,48.8831
2025-05-22 18:00:00+00:00,3304.88,3307.47,3302.54,3303.55,17.0927
2025-05-22 18:30:00+00:00,3303.1,3305.18,3302.16,3303.74,18.4526
2025-05-22 19:00:00+00:00,3303.75,3311.47,3302.42,3302.67,191.6607
2025-05-22 19:30:00+00:00,3303.03,3308.55,3300.72,3302.8,94.2051
2025-05-22 20:00:00+00:00,3303.26,3303.82,3300.88,3303.44,41.7551
2025-05-22 20:30:00+00:00,3303.65,3305.49,3303.27,3304.58,26.6055
2025-05-22 21:00:00+00:00,3304.58,3305.66,3301.92,3304.97,24.8974
2025-05-22 21:30:00+00:00,3305.01,3309.84,3305.01,3309.83,17.9437
2025-05-22 22:00:00+00:00,3309.83,3309.83,3306.21,3309.28,16.885
2025-05-22 22:30:00+00:00,3309.37,3310.8,3307.08,3308.04,42.5673
2025-05-22 23:00:00+00:00,3308.05,3312.52,3308.02,3311.28,28.0989
2025-05-22 23:30:00+00:00,3311.28,3311.3,3306.07,3308.78,50.5049
2025-05-23 00:00:00+00:00,3309.27,3315.3,3303.52,3313.11,63.505
2025-05-23 00:30:00+00:00,3312.93,3318.65,3300.0,3309.91,245.6535
2025-05-23 01:00:00+00:00,3309.81,3315.58,3307.58,3311.68,39.2577
2025-05-23 01:30:00+00:00,3311.74,3314.07,3307.01,3311.06,83.7053
2025-05-23 02:00:00+00:00,3311.07,3311.13,3305.77,3305.77,71.584
2025-05-23 02:30:00+00:00,3305.78,3307.98,3303.27,3305.1,63.9772
2025-05-23 03:00:00+00:00,3305.54,3307.54,3303.43,3305.0,72.2112
2025-05-23 03:30:00+00:00,3305.16,3312.07,3305.0,3312.07,44.8128
2025-05-23 04:00:00+00:00,3312.22,3320.0,3311.99,3319.36,104.3983
2025-05-23 04:30:00+00:00,3319.36,3322.68,3318.89,3319.54,119.7663
2025-05-23 05:00:00+00:00,3319.42,3328.35,3319.19,3326.34,233.4191
2025-05-23 05:30:00+00:00,3326.34,3331.79,3324.02,3329.44,118.8334
2025-05-23 06:00:00+00:00,3329.45,3334.68,3329.45,3330.66,181.496
2025-05-23 06:30:00+00:00,3330.65,3337.88,3329.12,3335.43,144.1227
2025-05-23 07:00:00+00:00,3335.44,3339.25,3333.15,3335.57,58.5521
2025-05-23 07:30:00+00:00,3335.58,3339.72,3333.2,3334.61,66.9215
2025-05-23 08:00:00+00:00,3334.81,3336.43,3327.49,3327.51,88.0161
2025-05-23 08:30:00+00:00,3327.51,3331.35,3326.05,3330.78,44.2106
2025-05-23 09:00:00+00:00,3330.59,3338.6,3330.59,3337.56,77.8893
2025-05-23 09:30:00+00:00,3337.36,3337.36,3333.07,3334.59,42.5488
2025-05-23 10:00:00+00:00,3335.16,3335.16,3330.24,3333.53,31.1659
2025-05-23 10:30:00+00:00,3333.85,3338.93,3332.26,3333.83,40.1191
2025-05-23 11:00:00+00:00,3333.41,3337.56,3331.82,3335.3,64.8075
2025-05-23 11:30:00+00:00,3335.57,3353.22,3330.02,3349.23,350.4163
2025-05-23 12:00:00+00:00,3349.32,3359.6,3348.45,3354.29,434.9155
2025-05-23 12:30:00+00:00,3354.43,3364.94,3353.41,3360.41,396.3242
2025-05-23 13:00:00+00:00,3360.69,3366.99,3347.0,3351.13,161.2265
2025-05-23 13:30:00+00:00,3351.24,3351.88,3337.44,3343.81,180.3294
2025-05-23 14:00:00+00:00,3343.8,3353.98,3340.5,3352.41,58.6832
2025-05-23 14:30:00+00:00,3352.41,3359.0,3349.03,3359.0,90.3325
2025-05-23 15:00:00+00:00,3359.02,3359.02,3351.41,3357.05,68.963
2025-05-23 15:30:00+00:00,3357.05,3360.3,3355.0,3359.56,106.7074
2025-05-23 16:00:00+00:00,3359.97,3363.0,3356.4,3361.51,168.5535
2025-05-23 16:30:00+00:00,3361.32,3368.99,3360.68,3362.28,229.1262
2025-05-23 17:00:00+00:00,3362.62,3371.0,3360.94,3368.98,121.6505
2025-05-23 17:30:00+00:00,3368.98,3369.3,3361.44,3362.77,67.6218
2025-05-23 18:00:00+00:00,3362.78,3365.68,3361.34,3364.99,23.7763
2025-05-23 18:30:00+00:00,3364.99,3365.45,3363.01,3364.05,39.4261
2025-05-23 19:00:00+00:00,3364.04,3367.87,3364.0,3365.63,15.1662
2025-05-23 19:30:00+00:00,3365.63,3366.27,3360.16,3363.76,65.619
2025-05-23 20:00:00+00:00,3363.76,3370.0,3360.62,3366.78,318.151
2025-05-23 20:30:00+00:00,3366.89,3367.38,3360.18,3363.06,50.7623
2025-05-23 21:00:00+00:00,3363.07,3364.8,3360.8,3362.66,37.4743
2025-05-23 21:30:00+00:00,3362.66,3362.7,3356.64,3358.49,58.1982
2025-05-23 22:00:00+00:00,3358.49,3366.63,3358.49,3364.25,34.0201
2025-05-23 22:30:00+00:00,3364.0,3364.0,3358.0,3360.88,22.4926
2025-05-23 23:00:00+00:00,3360.88,3360.88,3353.34,3353.84,55.3875
2025-05-23 23:30:00+00:00,3353.79,3361.13,3353.79,3360.8,77.0424
2025-05-24 00:00:00+00:00,3360.97,3366.58,3356.05,3365.42,34.0838
2025-05-24 00:30:00+00:00,3365.42,3366.19,3362.17,3364.87,28.4703
2025-05-24 01:00:00+00:00,3364.87,3368.4,3363.07,3364.53,27.0113
2025-05-24 01:30:00+00:00,3364.53,3364.53,3358.98,3358.98,23.4678
2025-05-24 02:00:00+00:00,3358.98,3366.27,3354.98,3364.74,80.7125
2025-05-24 02:30:00+00:00,3364.74,3366.61,3359.0,3365.85,42.4986
2025-05-24 03:00:00+00:00,3366.04,3367.23,3363.17,3365.7,27.8853
2025-05-24 03:30:00+00:00,3365.7,3367.68,3362.59,3362.59,17.1629
2025-05-24 04:00:00+00:00,3362.6,3368.76,3362.6,3367.18,21.464
2025-05-24 04:30:00+00:00,3367.18,3370.0,3366.33,3369.0,19.4862
2025-05-24 05:00:00+00:00,3369.0,3370.96,3367.92,3368.25,27.6302
2025-05-24 05:30:00+00:00,3368.43,3379.97,3361.04,3365.45,295.3247
2025-05-24 06:00:00+00:00,3365.45,3370.26,3365.44,3368.97,11.5139
2025-05-24 06:30:00+00:00,3369.44,3370.88,3368.36,3368.52,7.7731
2025-05-24 07:00:00+00:00,3368.52,3371.28,3365.17,3368.45,44.7219
2025-05-24 07:30:00+00:00,3368.47,3371.93,3367.91,3368.29,32.1588
2025-05-24 08:00:00+00:00,3368.3,3370.31,3367.22,3370.19,15.3569
2025-05-24 08:30:00+00:00,3369.88,3371.12,3368.45,3369.55,20.5694
2025-05-24 09:00:00+00:00,3369.49,3371.41,3366.8,3368.05,20.9822
2025-05-24 09:30:00+00:00,3368.12,3368.12,3362.8,3363.93,34.9435
2025-05-24 10:00:00+00:00,3363.82,3366.38,3362.92,3366.37,27.3896
2025-05-24 10:30:00+00:00,3366.38,3368.14,3365.28,3365.58,40.7753
2025-05-24 11:00:00+00:00,3365.54,3365.55,3360.22,3362.33,44.9685
2025-05-24 11:30:00+00:00,3362.14,3362.41,3359.32,3359.32,15.8048
2025-05-24 12:00:00+00:00,3359.48,3365.87,3359.45,3365.77,18.1897
2025-05-24 12:30:00+00:00,3365.52,3367.04,3365.52,3365.71,9.791
2025-05-24 13:00:00+00:00,3365.71,3365.71,3362.39,3362.99,8.8699
2025-05-24 13:30:00+00:00,3362.98,3366.6,3362.98,3365.45,6.8712
2025-05-24 14:00:00+00:00,3365.44,3367.72,3365.44,3367.61,7.8357
2025-05-24 14:30:00+00:00,3367.61,3368.14,3363.0,3363.28,11.2171
2025-05-24 15:00:00+00:00,3363.29,3365.8,3362.01,3365.54,15.9775
2025-05-24 15:30:00+00:00,3365.53,3366.41,3364.03,3365.47,13.6033
2025-05-24 16:00:00+00:00,3365.45,3366.65,3360.51,3363.61,41.1288
2025-05-24 16:30:00+00:00,3363.69,3363.81,3360.01,3360.9,28.9328
2025-05-24 17:00:00+00:00,3360.9,3362.53,3360.46,3361.91,19.2152
2025-05-24 17:30:00+00:00,3361.89,3365.69,3361.05,3361.5,25.659
2025-05-24 18:00:00+00:00,3361.51,3365.69,3361.51,3365.68,18.9884
2025-05-24 18:30:00+00:00,3365.69,3366.44,3362.13,3362.56,23.8125
2025-05-24 19:00:00+00:00,3362.55,3363.96,3360.0,3361.72,32.1483
2025-05-24 19:30:00+00:00,3361.72,3362.81,3360.79,3362.68,10.4538
2025-05-24 20:00:00+00:00,3362.67,3362.67,3360.0,3361.09,7.8723
2025-05-24 20:30:00+00:00,3361.09,3361.29,3359.28,3360.21,14.1152
2025-05-24 21:00:00+00:00,3360.21,3363.82,3360.2,3363.81,9.1735
2025-05-24 21:30:00+00:00,3363.82,3365.43,3361.86,3364.62,11.7676
2025-05-24 22:00:00+00:00,3364.52,3364.59,3361.59,3362.64,7.0399
2025-05-24 22:30:00+00:00,3362.79,3362.79,3358.31,3359.28,19.0122
2025-05-24 23:00:00+00:00,3359.27,3361.0,3358.86,3360.52,15.6603
2025-05-24 23:30:00+00:00,3360.93,3363.8,3360.66,3361.57,39.593
2025-05-25 00:00:00+00:00,3361.57,3367.37,3361.56,3363.39,52.0586
2025-05-25 00:30:00+00:00,3363.39,3364.16,3360.0,3360.34,58.8011
2025-05-25 01:00:00+00:00,3360.34,3361.2,3358.76,3360.88,25.9656
2025-05-25 01:30:00+00:00,3360.87,3363.11,3359.81,3362.98,19.0096
2025-05-25 02:00:00+00:00,3363.2,3366.48,3363.2,3363.93,33.2936
2025-05-25 02:30:00+00:00,3363.94,3364.28,3362.78,3363.48,9.8543
2025-05-25 03:00:00+00:00,3363.46,3366.83,3362.39,3366.82,20.7332
2025-05-25 03:30:00+00:00,3366.83,3368.24,3366.54,3366.54,20.7321
2025-05-25 04:00:00+00:00,3366.53,3366.53,3365.19,3365.84,34.5291
2025-05-25 04:30:00+00:00,3365.66,3366.77,3365.18,3366.18,6.7866
2025-05-25 05:00:00+00:00,3366.21,3366.24,3363.05,3363.05,6.8032
2025-05-25 05:30:00+00:00,3363.05,3364.15,3362.57,3363.8,9.0516
2025-05-25 06:00:00+00:00,3363.81,3367.39,3363.8,3364.99,21.2572
2025-05-25 06:30:00+00:00,3365.06,3367.6,3365.06,3367.59,9.8747
2025-05-25 07:00:00+00:00,3367.6,3368.26,3364.35,3365.59,53.9756
2025-05-25 07:30:00+00:00,3365.42,3366.22,3363.46,3365.25,34.9206
2025-05-25 08:00:00+00:00,3365.25,3374.0,3362.6,3366.96,154.7435
2025-05-25 08:30:00+00:00,3366.96,3369.78,3364.25,3366.78,73.2193
2025-05-25 09:00:00+00:00,3367.0,3370.24,3365.8,3369.35,27.6048
2025-05-25 09:30:00+00:00,3369.35,3370.42,3362.65,3363.94,88.478
2025-05-25 10:00:00+00:00,3363.94,3370.07,3363.93,3367.2,28.8351
2025-05-25 10:30:00+00:00,3366.97,3370.97,3366.97,3369.7,59.8555
2025-05-25 11:00:00+00:00,3369.69,3371.84,3367.3,3368.6,34.8158
2025-05-25 11:30:00+00:00,3368.6,3369.24,3366.46,3368.37,22.6441
2025-05-25 12:00:00+00:00,3368.36,3371.68,3368.36,3371.26,29.2391
2025-05-25 12:30:00+00:00,3371.27,3372.27,3370.42,3370.46,28.7246
2025-05-25 13:00:00+00:00,3370.45,3373.0,3370.41,3371.06,35.4364
2025-05-25 13:30:00+00:00,3370.94,3374.68,3370.66,3374.41,29.7607
2025-05-25 14:00:00+00:00,3374.6,3377.54,3372.36,3373.96,59.632
2025-05-25 14:30:00+00:00,3373.97,3377.14,3371.14,3373.02,113.1625
2025-05-25 15:00:00+00:00,3373.01,3376.72,3372.87,3376.54,95.6728
2025-05-25 15:30:00+00:00,3376.54,3376.95,3372.71,3372.8,65.3526
2025-05-25 16:00:00+00:00,3372.81,3374.61,3370.84,3374.39,54.3227
2025-05-25 16:30:00+00:00,3374.38,3377.35,3373.15,3374.15,57.6189
2025-05-25 17:00:00+00:00,3374.15,3375.9,3374.15,3375.63,17.0491
2025-05-25 17:30:00+00:00,3375.63,3378.0,3375.05,3377.19,68.4881
2025-05-25 18:00:00+00:00,3377.19,3377.92,3376.61,3377.3,17.2937
2025-05-25 18:30:00+00:00,3377.3,3378.79,3376.09,3376.1,19.1934
2025-05-25 19:00:00+00:00,3376.1,3380.0,3375.67,3378.19,49.4227
2025-05-25 19:30:00+00:00,3378.19,3378.19,3377.21,3377.21,9.5477
2025-05-25 20:00:00+00:00,3377.22,3377.27,3371.9,3371.91,21.8539
2025-05-25 20:30:00+00:00,3371.9,3371.91,3369.5,3370.1,30.9629
2025-05-25 21:00:00+00:00,3370.46,3370.46,3366.49,3367.31,23.2558
2025-05-25 21:30:00+00:00,3367.32,3368.71,3366.47,3368.2,8.6813
2025-05-25 22:00:00+00:00,3368.26,3368.26,3350.0,3350.65,145.8209
2025-05-25 22:30:00+00:00,3350.65,3356.34,3349.15,3349.66,104.0715
2025-05-25 23:00:00+00:00,3349.67,3354.4,3349.52,3352.42,35.6038
2025-05-25 23:30:00+00:00,3352.42,3352.87,3343.88,3347.64,120.2045
2025-05-26 00:00:00+00:00,3347.65,3348.63,3337.27,3339.25,67.7379
2025-05-26 00:30:00+00:00,3339.25,3344.27,3338.56,3344.27,28.624
2025-05-26 01:00:00+00:00,3344.27,3346.0,3340.42,3343.52,39.4535
2025-05-26 01:30:00+00:00,3343.11,3349.41,3341.94,3346.79,27.9246
2025-05-26 02:00:00+00:00,3346.77,3354.76,3346.14,3354.06,54.7696
2025-05-26 02:30:00+00:00,3354.06,3359.24,3352.25,3352.26,47.5488
2025-05-26 03:00:00+00:00,3352.25,3352.74,3347.62,3348.5,31.6404
2025-05-26 03:30:00+00:00,3348.5,3351.86,3348.34,3350.77,25.1346
2025-05-26 04:00:00+00:00,3350.76,3353.26,3349.74,3350.41,26.5524
2025-05-26 04:30:00+00:00,3350.32,3354.08,3350.32,3352.05,32.8851
2025-05-26 05:00:00+00:00,3352.05,3360.0,3349.86,3353.69,196.6384
2025-05-26 05:30:00+00:00,3353.5,3354.25,3350.25,3353.23,18.971
2025-05-26 06:00:00+00:00,3353.15,3353.15,3346.37,3346.45,24.1898
2025-05-26 06:30:00+00:00,3346.46,3350.19,3344.55,3344.94,59.837
2025-05-26 07:00:00+00:00,3344.94,3345.04,3341.66,3342.15,71.2282
2025-05-26 07:30:00+00:00,3342.15,3344.43,3340.12,3344.33,29.0199
2025-05-26 08:00:00+00:00,3344.42,3348.78,3342.09,3343.27,41.3061
2025-05-26 08:30:00+00:00,3343.27,3344.4,3341.0,3342.93,25.5829
2025-05-26 09:00:00+00:00,3342.92,3343.05,3334.83,3335.66,94.5329
2025-05-26 09:30:00+00:00,3335.66,3339.05,3335.0,3337.38,25.7973
2025-05-26 10:00:00+00:00,3337.38,3343.36,3337.37,3340.32,46.1935
2025-05-26 10:30:00+00:00,3340.32,3341.21,3338.92,3341.21,42.4311
2025-05-26 11:00:00+00:00,3341.21,3343.7,3341.0,3342.52,21.3498
2025-05-26 11:30:00+00:00,3342.51,3342.51,3336.62,3339.53,80.2456
2025-05-26 12:00:00+00:00,3339.53,3341.62,3334.42,3334.52,83.1361
2025-05-26 12:30:00+00:00,3334.52,3342.26,3334.21,3342.26,66.7379
2025-05-26 13:00:00+00:00,3342.26,3346.0,3339.44,3345.74,71.7172
2025-05-26 13:30:00+00:00,3345.74,3348.4,3343.09,3348.4,73.4374
2025-05-26 14:00:00+00:00,3348.39,3352.32,3346.59,3347.03,95.9508
2025-05-26 14:30:00+00:00,3347.02,3348.0,3346.11,3346.57,66.7616
2025-05-26 15:00:00+00:00,3346.57,3352.02,3346.0,3349.77,161.6995
2025-05-26 15:30:00+00:00,3349.78,3351.69,3340.0,3343.64,178.4053
2025-05-26 16:00:00+00:00,3343.68,3350.64,3343.5,3349.4,38.0499
2025-05-26 16:30:00+00:00,3349.41,3353.8,3348.1,3352.94,58.8611
2025-05-26 17:00:00+00:00,3353.24,3354.3,3351.59,3351.59,88.6762
2025-05-26 17:30:00+00:00,3351.59,3354.07,3350.86,3352.14,61.0295
2025-05-26 18:00:00+00:00,3352.14,3352.32,3350.32,3350.69,23.3244
2025-05-26 18:30:00+00:00,3350.68,3352.12,3350.52,3352.12,30.2443
2025-05-26 19:00:00+00:00,3352.2,3355.22,3350.72,3350.88,44.0412
2025-05-26 19:30:00+00:00,3350.87,3371.5,3350.0,3355.16,248.1352
2025-05-26 20:00:00+00:00,3355.12,3355.8,3351.89,3352.64,42.6808
2025-05-26 20:30:00+00:00,3352.65,3358.17,3352.65,3355.94,36.3321
2025-05-26 21:00:00+00:00,3355.94,3357.22,3354.3,3356.02,28.8645
2025-05-26 21:30:00+00:00,3356.44,3357.21,3355.66,3356.03,12.7388
2025-05-26 22:00:00+00:00,3356.03,3356.98,3352.0,3356.17,31.8798
2025-05-26 22:30:00+00:00,3356.17,3360.36,3356.17,3359.94,47.5036
2025-05-26 23:00:00+00:00,3359.93,3360.5,3356.43,3358.46,24.5501
2025-05-26 23:30:00+00:00,3358.47,3360.02,3356.43,3357.58,25.4955
2025-05-27 00:00:00+00:00,3357.58,3361.21,3357.0,3357.09,39.5156
2025-05-27 00:30:00+00:00,3356.95,3358.22,3355.09,3356.56,15.5693
2025-05-27 01:00:00+00:00,3356.56,3358.22,3350.0,3350.31,27.7672
2025-05-27 01:30:00+00:00,3350.31,3350.75,3344.34,3346.18,34.3855
2025-05-27 02:00:00+00:00,3346.27,3353.93,3346.27,3352.98,18.1998
2025-05-27 02:30:00+00:00,3352.99,3356.74,3351.72,3356.56,25.9531
2025-05-27 03:00:00+00:00,3356.56,3357.06,3352.8,3357.05,10.7329
2025-05-27 03:30:00+00:00,3357.05,3357.28,3354.14,3354.34,23.1042
2025-05-27 04:00:00+00:00,3354.35,3354.56,3350.86,3350.88,12.3293
2025-05-27 04:30:00+00:00,3350.87,3351.59,3345.34,3345.34,35.4355
2025-05-27 05:00:00+00:00,3345.35,3346.03,3341.0,3341.0,66.4534
2025-05-27 05:30:00+00:00,3341.0,3341.0,3330.86,3337.0,91.3264
2025-05-27 06:00:00+00:00,3336.82,3339.85,3333.83,3334.1,49.0339
2025-05-27 06:30:00+00:00,3334.09,3334.43,3321.0,3325.09,79.8349
2025-05-27 07:00:00+00:00,3325.08,3327.04,3318.0,3320.0,93.4208
2025-05-27 07:30:00+00:00,3319.99,3323.83,3310.0,3313.69,130.9277
2025-05-27 08:00:00+00:00,3313.7,3325.22,3313.7,3321.08,138.504
2025-05-27 08:30:00+00:00,3321.09,3321.6,3313.5,3314.11,75.2943
2025-05-27 09:00:00+00:00,3314.11,3321.01,3314.11,3316.5,89.7971
2025-05-27 09:30:00+00:00,3316.51,3316.51,3310.0,3311.18,136.5041
2025-05-27 10:00:00+00:00,3311.18,3312.41,3306.66,3309.69,86.3393
2025-05-27 10:30:00+00:00,3309.69,3313.64,3308.06,3308.96,68.568
2025-05-27 11:00:00+00:00,3308.92,3311.72,3304.49,3304.81,56.7463
2025-05-27 11:30:00+00:00,3304.9,3307.18,3302.0,3303.21,101.5301
2025-05-27 12:00:00+00:00,3303.21,3312.29,3303.2,3309.21,58.592
2025-05-27 12:30:00+00:00,3309.29,3311.23,3306.49,3309.61,105.5052
2025-05-27 13:00:00+00:00,3309.65,3313.9,3307.12,3309.14,178.5083
2025-05-27 13:30:00+00:00,3309.2,3315.0,3304.26,3307.77,319.8439
2025-05-27 14:00:00+00:00,3307.77,3310.4,3302.0,3309.17,87.9186
2025-05-27 14:30:00+00:00,3309.27,3315.82,3308.3,3314.71,63.2817
2025-05-27 15:00:00+00:00,3314.71,3315.72,3308.97,3310.05,63.3167
2025-05-27 15:30:00+00:00,3310.05,3310.99,3305.95,3308.35,62.2212
2025-05-27 16:00:00+00:00,3308.36,3311.0,3306.13,3310.57,78.9026
2025-05-27 16:30:00+00:00,3310.62,3311.0,3306.87,3310.67,174.3488
2025-05-27 17:00:00+00:00,3310.67,3315.49,3309.85,3314.57,31.6885
2025-05-27 17:30:00+00:00,3314.57,3316.44,3310.84,3310.84,161.7401
2025-05-27 18:00:00+00:00,3310.83,3312.39,3310.0,3310.78,67.2534
2025-05-27 18:30:00+00:00,3310.77,3328.0,3310.65,3317.03,257.0372
2025-05-27 19:00:00+00:00,3317.03,3320.2,3316.99,3317.47,38.3676
2025-05-27 19:30:00+00:00,3317.49,3322.03,3317.49,3318.62,26.5786
2025-05-27 20:00:00+00:00,3318.27,3319.16,3315.64,3315.64,12.4635
2025-05-27 20:30:00+00:00,3315.63,3318.77,3313.0,3313.01,10.2925
2025-05-27 21:00:00+00:00,3313.01,3313.56,3311.85,3313.06,17.6123
2025-05-27 21:30:00+00:00,3313.03,3313.03,3310.67,3311.85,10.4254
2025-05-27 22:00:00+00:00,3311.87,3318.14,3311.87,3317.36,22.3938
2025-05-27 22:30:00+00:00,3317.36,3318.35,3314.76,3316.96,15.9723
2025-05-27 23:00:00+00:00,3318.01,3321.19,3313.64,3320.46,26.8931
2025-05-27 23:30:00+00:00,3320.41,3323.69,3320.15,3321.28,18.36
2025-05-28 00:00:00+00:00,3321.79,3324.4,3321.01,3322.97,31.0099
2025-05-28 00:30:00+00:00,3323.0,3328.0,3319.94,3320.46,31.9142
2025-05-28 01:00:00+00:00,3320.46,3320.46,3314.75,3317.97,22.0545
2025-05-28 01:30:00+00:00,3317.97,3319.3,3311.6,3312.54,28.6853
2025-05-28 02:00:00+00:00,3312.75,3322.62,3311.8,3320.74,80.71
2025-05-28 02:30:00+00:00,3321.04,3322.84,3315.09,3315.09,21.5354
2025-05-28 03:00:00+00:00,3315.08,3316.76,3305.74,3306.0,122.9795
2025-05-28 03:30:00+00:00,3306.09,3311.88,3305.74,3311.0,17.7493
2025-05-28 04:00:00+00:00,3310.99,3311.17,3305.75,3307.4,63.1738
2025-05-28 04:30:00+00:00,3307.44,3309.92,3305.08,3306.13,41.7293
2025-05-28 05:00:00+00:00,3306.5,3319.15,3305.37,3318.37,112.2468
2025-05-28 05:30:00+00:00,3318.36,3319.18,3314.75,3318.16,18.2044
2025-05-28 06:00:00+00:00,3318.16,3318.16,3307.9,3314.08,49.9174
2025-05-28 06:30:00+00:00,3314.87,3320.08,3313.57,3318.8,59.8556
2025-05-28 07:00:00+00:00,3318.97,3327.91,3317.63,3323.34,178.5714
2025-05-28 07:30:00+00:00,3323.35,3337.88,3321.27,3329.93,165.99
2025-05-28 08:00:00+00:00,3330.0,3336.0,3328.94,3331.23,84.1034
2025-05-28 08:30:00+00:00,3332.12,3336.0,3327.78,3334.12,45.8519
2025-05-28 09:00:00+00:00,3334.37,3335.97,3331.16,3334.16,77.9192
2025-05-28 09:30:00+00:00,3333.99,3335.69,3331.74,3335.33,68.0668
2025-05-28 10:00:00+00:00,3335.32,3336.11,3328.29,3331.48,34.0168
2025-05-28 10:30:00+00:00,3331.48,3331.48,3323.75,3326.25,18.4486
2025-05-28 11:00:00+00:00,3326.26,3327.14,3323.33,3325.5,22.1028
2025-05-28 11:30:00+00:00,3326.09,3330.38,3321.0,3323.58,33.4782
2025-05-28 12:00:00+00:00,3323.66,3325.66,3319.61,3322.2,21.5581
2025-05-28 12:30:00+00:00,3322.21,3327.04,3322.21,3325.22,88.8032
2025-05-28 13:00:00+00:00,3325.22,3328.78,3319.6,3319.6,22.5912
2025-05-28 13:30:00+00:00,3319.6,3325.2,3312.4,3320.01,118.0671
2025-05-28 14:00:00+00:00,3320.01,3322.39,3314.55,3319.38,137.1165
2025-05-28 14:30:00+00:00,3319.38,3320.02,3312.53,3314.16,64.9631
2025-05-28 15:00:00+00:00,3314.23,3315.78,3307.66,3307.66,155.1304
2025-05-28 15:30:00+00:00,3307.75,3311.6,3306.35,3310.28,95.7226
2025-05-28 16:00:00+00:00,3310.13,3313.2,3307.77,3311.35,54.1032
2025-05-28 16:30:00+00:00,3311.34,3311.65,3304.59,3307.51,51.3983
2025-05-28 17:00:00+00:00,3307.51,3312.0,3306.18,3311.95,35.5172
2025-05-28 17:30:00+00:00,3311.95,3313.98,3307.99,3310.62,49.8996
2025-05-28 18:00:00+00:00,3310.62,3317.71,3310.61,3315.7,71.7357
2025-05-28 18:30:00+00:00,3314.82,3316.95,3313.72,3316.38,42.8706
2025-05-28 19:00:00+00:00,3316.24,3317.93,3309.76,3309.76,66.0257
2025-05-28 19:30:00+00:00,3309.67,3311.85,3308.21,3311.15,58.05
2025-05-28 20:00:00+00:00,3311.69,3311.99,3307.45,3311.98,35.677
2025-05-28 20:30:00+00:00,3311.99,3312.34,3294.3,3300.26,184.8721
2025-05-28 21:00:00+00:00,3300.25,3301.82,3296.67,3300.18,44.4438
2025-05-28 21:30:00+00:00,3300.18,3300.2,3297.15,3298.16,12.5812
2025-05-28 22:00:00+00:00,3298.15,3308.79,3297.98,3299.65,19.9323
2025-05-28 22:30:00+00:00,3300.02,3302.69,3298.61,3302.26,17.1835
2025-05-28 23:00:00+00:00,3302.25,3302.25,3277.93,3282.37,340.361
2025-05-28 23:30:00+00:00,3281.76,3283.59,3268.41,3276.02,183.1511
2025-05-29 00:00:00+00:00,3275.74,3279.82,3271.22,3277.21,67.529
2025-05-29 00:30:00+00:00,3277.5,3285.19,3275.31,3280.12,64.5951
2025-05-29 01:00:00+00:00,3280.61,3281.36,3262.56,3272.2,131.6456
2025-05-29 01:30:00+00:00,3272.09,3280.81,3265.83,3280.54,60.2843
2025-05-29 02:00:00+00:00,3280.53,3280.98,3276.01,3280.24,42.0764
2025-05-29 02:30:00+00:00,3280.24,3288.53,3277.02,3285.92,65.9123
2025-05-29 03:00:00+00:00,3285.93,3292.37,3284.97,3289.91,117.6008
2025-05-29 03:30:00+00:00,3289.9,3293.17,3288.15,3288.7,25.9465
2025-05-29 04:00:00+00:00,3288.8,3290.76,3287.14,3289.42,24.888
2025-05-29 04:30:00+00:00,3289.65,3290.69,3283.73,3284.56,80.601
2025-05-29 05:00:00+00:00,3284.56,3287.91,3283.4,3285.97,48.0367
2025-05-29 05:30:00+00:00,3285.98,3287.47,3281.21,3287.14,29.1064
2025-05-29 06:00:00+00:00,3287.14,3292.0,3283.99,3289.99,21.1639
2025-05-29 06:30:00+00:00,3289.98,3290.15,3284.12,3288.02,47.9005
2025-05-29 07:00:00+00:00,3288.01,3296.5,3288.01,3295.26,36.2996
2025-05-29 07:30:00+00:00,3295.67,3300.65,3292.0,3299.99,20.9323
2025-05-29 08:00:00+00:00,3299.64,3301.49,3293.87,3296.56,86.0768
2025-05-29 08:30:00+00:00,3296.33,3297.51,3292.36,3296.62,57.4903
2025-05-29 09:00:00+00:00,3296.54,3296.71,3291.11,3293.4,33.6556
2025-05-29 09:30:00+00:00,3293.49,3296.26,3293.2,3295.37,19.0264
2025-05-29 10:00:00+00:00,3295.37,3312.2,3295.37,3311.73,49.733
2025-05-29 10:30:00+00:00,3311.88,3313.72,3307.62,3309.13,29.7472
2025-05-29 11:00:00+00:00,3309.5,3314.99,3308.89,3314.99,175.5501
2025-05-29 11:30:00+00:00,3314.99,3318.24,3312.72,3313.64,17.3729
2025-05-29 12:00:00+00:00,3313.63,3322.67,3312.25,3321.0,60.3129
2025-05-29 12:30:00+00:00,3321.1,3327.94,3321.1,3327.17,77.5459
2025-05-29 13:00:00+00:00,3327.0,3329.0,3321.29,3328.6,68.975
2025-05-29 13:30:00+00:00,3328.92,3331.92,3323.52,3324.63,109.4919
2025-05-29 14:00:00+00:00,3324.39,3329.41,3320.61,3320.77,84.5539
2025-05-29 14:30:00+00:00,3321.0,3323.44,3314.76,3320.66,133.2031
2025-05-29 15:00:00+00:00,3320.67,3327.05,3320.17,3325.81,59.9329
2025-05-29 15:30:00+00:00,3325.62,3330.9,3324.66,3330.89,38.753
2025-05-29 16:00:00+00:00,3330.9,3339.78,3328.77,3334.94,122.9701
2025-05-29 16:30:00+00:00,3334.94,3336.4,3332.4,3333.02,29.2582
2025-05-29 17:00:00+00:00,3333.06,3333.33,3329.39,3331.09,22.8588
2025-05-29 17:30:00+00:00,3330.66,3334.41,3329.2,3333.02,19.2799
2025-05-29 18:00:00+00:00,3333.01,3334.65,3328.38,3329.2,25.8874
2025-05-29 18:30:00+00:00,3329.09,3330.61,3327.0,3329.79,23.8311
2025-05-29 19:00:00+00:00,3329.59,3330.7,3326.05,3327.95,22.9863
2025-05-29 19:30:00+00:00,3327.67,3327.97,3323.03,3324.81,49.8089
2025-05-29 20:00:00+00:00,3324.82,3327.31,3324.23,3326.02,20.4178
2025-05-29 20:30:00+00:00,3326.02,3328.86,3324.92,3327.33,19.5347
2025-05-29 21:00:00+00:00,3327.45,3334.13,3327.45,3334.0,38.5079
2025-05-29 21:30:00+00:00,3333.94,3335.0,3332.57,3333.91,55.1007
2025-05-29 22:00:00+00:00,3333.54,3333.81,3329.38,3329.38,80.2178
2025-05-29 22:30:00+00:00,3329.36,3330.05,3325.55,3326.06,10.8831
2025-05-29 23:00:00+00:00,3326.18,3328.2,3325.74,3327.78,7.705
2025-05-29 23:30:00+00:00,3326.47,3328.52,3324.0,3326.45,18.764
2025-05-30 00:00:00+00:00,3326.45,3329.87,3323.0,3323.78,28.0008
2025-05-30 00:30:00+00:00,3323.78,3324.9,3320.22,3321.1,64.8597
2025-05-30 01:00:00+00:00,3321.1,3333.37,3321.1,3328.2,61.2546
2025-05-30 01:30:00+00:00,3328.08,3328.73,3320.11,3321.3,36.2493
2025-05-30 02:00:00+00:00,3321.39,3322.96,3312.01,3313.18,39.4567
2025-05-30 02:30:00+00:00,3313.17,3315.17,3307.35,3308.0,71.9856
2025-05-30 03:00:00+00:00,3308.0,3313.6,3306.9,3307.64,49.4738
2025-05-30 03:30:00+00:00,3307.6,3311.16,3302.94,3306.17,82.6175
2025-05-30 04:00:00+00:00,3305.85,3307.93,3303.61,3306.44,30.9865
2025-05-30 04:30:00+00:00,3306.58,3308.85,3303.92,3308.85,61.2517
2025-05-30 05:00:00+00:00,3309.05,3309.95,3302.18,3308.67,27.2877
2025-05-30 05:30:00+00:00,3308.67,3318.37,3308.67,3317.25,42.4472
2025-05-30 06:00:00+00:00,3317.25,3317.25,3302.9,3302.97,30.3713
2025-05-30 06:30:00+00:00,3302.97,3314.48,3302.97,3313.18,52.892
2025-05-30 07:00:00+00:00,3313.18,3315.56,3302.59,3309.69,244.6143
2025-05-30 07:30:00+00:00,3309.63,3310.81,3304.24,3306.8,56.7372
2025-05-30 08:00:00+00:00,3306.45,3310.4,3304.23,3309.5,71.2653
2025-05-30 08:30:00+00:00,3309.56,3310.4,3305.54,3306.74,32.5513
2025-05-30 09:00:00+00:00,3306.83,3309.57,3305.4,3307.39,40.1088
2025-05-30 09:30:00+00:00,3307.2,3308.99,3303.96,3306.44,45.3987
2025-05-30 10:00:00+00:00,3306.44,3313.48,3306.2,3310.6,84.3886
2025-05-30 10:30:00+00:00,3310.58,3311.92,3306.34,3307.36,48.8168
2025-05-30 11:00:00+00:00,3307.36,3308.55,3304.8,3306.22,31.2018
2025-05-30 11:30:00+00:00,3306.22,3307.19,3302.06,3306.4,52.8443
2025-05-30 12:00:00+00:00,3306.42,3320.0,3298.35,3317.2,161.3728
2025-05-30 12:30:00+00:00,3317.2,3324.39,3312.0,3319.39,92.6757
2025-05-30 13:00:00+00:00,3319.37,3322.44,3307.55,3307.64,72.5083
2025-05-30 13:30:00+00:00,3307.93,3312.05,3291.81,3292.23,101.029
2025-05-30 14:00:00+00:00,3292.53,3301.71,3288.2,3299.13,106.4121
2025-05-30 14:30:00+00:00,3299.12,3299.86,3288.42,3295.41,72.549
2025-05-30 15:00:00+00:00,3295.96,3304.78,3292.2,3302.67,41.508
2025-05-30 15:30:00+00:00,3302.76,3307.33,3302.76,3303.18,11.514
2025-05-30 16:00:00+00:00,3302.81,3305.6,3300.0,3301.96,104.3545
2025-05-30 16:30:00+00:00,3301.96,3306.39,3297.74,3304.55,298.5747
2025-05-30 17:00:00+00:00,3304.82,3306.46,3299.4,3301.13,129.7176
2025-05-30 17:30:00+00:00,3301.06,3304.2,3299.78,3300.55,98.474
2025-05-30 18:00:00+00:00,3300.68,3306.63,3300.68,3304.74,67.3443
2025-05-30 18:30:00+00:00,3304.9,3305.39,3303.6,3304.6,12.1229
2025-05-30 19:00:00+00:00,3304.6,3305.17,3303.96,3304.59,12.5286
2025-05-30 19:30:00+00:00,3304.16,3304.99,3304.05,3304.65,11.8998
2025-05-30 20:00:00+00:00,3304.66,3305.76,3303.7,3303.7,14.0048
2025-05-30 20:30:00+00:00,3303.71,3304.93,3301.85,3302.14,21.8526
2025-05-30 21:00:00+00:00,3302.14,3305.46,3302.14,3305.38,13.3629
2025-05-30 21:30:00+00:00,3305.6,3308.46,3303.64,3304.94,40.8321
2025-05-30 22:00:00+00:00,3304.93,3306.16,3304.2,3305.2,18.7207
2025-05-30 22:30:00+00:00,3305.01,3305.01,3300.01,3301.89,45.741
2025-05-30 23:00:00+00:00,3301.89,3306.0,3297.05,3297.76,90.3584
2025-05-30 23:30:00+00:00,3298.0,3305.28,3298.0,3302.25,36.1387
2025-05-31 00:00:00+00:00,3302.28,3305.81,3295.36,3299.26,44.8384
2025-05-31 00:30:00+00:00,3299.49,3302.77,3297.0,3302.54,22.481
2025-05-31 01:00:00+00:00,3302.55,3305.4,3301.27,3302.46,43.2322
2025-05-31 01:30:00+00:00,3301.61,3305.12,3299.54,3300.28,73.1485
2025-05-31 02:00:00+00:00,3300.28,3306.83,3299.0,3305.07,40.5122
2025-05-31 02:30:00+00:00,3305.08,3308.46,3304.51,3305.95,55.9979
2025-05-31 03:00:00+00:00,3305.95,3309.62,3303.56,3309.41,50.3352
2025-05-31 03:30:00+00:00,3309.34,3309.76,3306.72,3306.72,34.642
2025-05-31 04:00:00+00:00,3306.72,3308.5,3303.67,3308.44,27.0966
2025-05-31 04:30:00+00:00,3308.01,3308.96,3306.8,3308.96,18.1179
2025-05-31 05:00:00+00:00,3308.97,3309.18,3305.56,3305.73,18.1895
2025-05-31 05:30:00+00:00,3305.78,3308.36,3305.78,3307.01,6.7739
2025-05-31 06:00:00+00:00,3307.0,3308.37,3306.52,3308.37,6.7956
2025-05-31 06:30:00+00:00,3308.37,3308.38,3305.5,3305.91,9.4277
2025-05-31 07:00:00+00:00,3305.9,3305.9,3303.39,3303.39,9.2269
2025-05-31 07:30:00+00:00,3303.39,3303.4,3302.41,3302.91,14.0812
2025-05-31 08:00:00+00:00,3302.91,3306.56,3302.9,3306.55,14.0545
2025-05-31 08:30:00+00:00,3306.55,3306.56,3302.86,3302.86,8.8169
2025-05-31 09:00:00+00:00,3302.86,3304.41,3300.59,3304.4,8.9222
2025-05-31 09:30:00+00:00,3304.4,3306.54,3301.18,3301.45,66.7411
2025-05-31 10:00:00+00:00,3301.46,3302.64,3301.0,3302.18,52.2002
2025-05-31 10:30:00+00:00,3302.2,3302.4,3300.32,3300.42,22.097
2025-05-31 11:00:00+00:00,3300.42,3302.0,3300.0,3300.4,84.949
2025-05-31 11:30:00+00:00,3300.38,3300.82,3298.01,3300.81,89.0926
2025-05-31 12:00:00+00:00,3300.82,3304.4,3298.3,3304.17,40.9719
2025-05-31 12:30:00+00:00,3304.2,3304.2,3300.57,3301.98,21.7872
2025-05-31 13:00:00+00:00,3301.98,3303.41,3300.0,3301.8,31.6147
2025-05-31 13:30:00+00:00,3301.42,3301.42,3300.0,3300.8,17.4376
2025-05-31 14:00:00+00:00,3300.8,3302.35,3300.0,3302.3,20.191
2025-05-31 14:30:00+00:00,3302.29,3302.45,3299.83,3302.39,7.0304
2025-05-31 15:00:00+00:00,3302.4,3303.19,3299.8,3301.43,16.38
2025-05-31 15:30:00+00:00,3301.42,3301.97,3301.27,3301.67,5.3567
2025-05-31 16:00:00+00:00,3301.67,3302.12,3296.99,3297.06,29.8433
2025-05-31 16:30:00+00:00,3297.06,3298.62,3296.51,3296.51,7.3014
2025-05-31 17:00:00+00:00,3296.52,3300.25,3296.5,3298.8,14.5452
2025-05-31 17:30:00+00:00,3298.8,3300.0,3298.53,3298.85,6.0227
2025-05-31 18:00:00+00:00,3298.85,3298.85,3296.76,3297.91,10.8532
2025-05-31 18:30:00+00:00,3297.99,3300.28,3297.71,3300.0,18.066
2025-05-31 19:00:00+00:00,3300.0,3302.94,3300.0,3301.86,17.5553
2025-05-31 19:30:00+00:00,3301.86,3302.6,3301.61,3302.39,6.4357
2025-05-31 20:00:00+00:00,3302.39,3302.39,3300.9,3301.71,6.7962
2025-05-31 20:30:00+00:00,3301.71,3302.03,3301.21,3301.65,11.3257
2025-05-31 21:00:00+00:00,3301.45,3304.0,3301.35,3303.13,15.1011
2025-05-31 21:30:00+00:00,3303.18,3304.0,3302.73,3302.73,5.1275
2025-05-31 22:00:00+00:00,3302.73,3302.73,3300.6,3300.64,5.1391
2025-05-31 22:30:00+00:00,3300.6,3301.7,3298.3,3298.4,31.9738
2025-05-31 23:00:00+00:00,3298.35,3299.8,3297.84,3297.84,7.2134
2025-05-31 23:30:00+00:00,3297.85,3298.4,3296.52,3296.52,26.6523
2025-06-01 00:00:00+00:00,3296.52,3297.17,3295.3,3295.33,10.6301
2025-06-01 00:30:00+00:00,3295.33,3296.4,3295.19,3296.39,8.1268
2025-06-01 01:00:00+00:00,3296.39,3296.84,3293.0,3293.7,66.5016
2025-06-01 01:30:00+00:00,3293.69,3298.15,3293.62,3298.15,25.8591
2025-06-01 02:00:00+00:00,3298.15,3300.1,3297.57,3297.86,60.4398
2025-06-01 02:30:00+00:00,3297.87,3298.69,3296.34,3298.04,15.4273
2025-06-01 03:00:00+00:00,3298.07,3300.46,3295.92,3300.1,27.3736
2025-06-01 03:30:00+00:00,3300.11,3303.03,3300.11,3302.97,19.2535
2025-06-01 04:00:00+00:00,3302.98,3303.65,3302.3,3303.36,12.0655
2025-06-01 04:30:00+00:00,3303.38,3304.56,3301.63,3301.63,30.22
2025-06-01 05:00:00+00:00,3301.63,3303.94,3301.63,3302.41,8.3076
2025-06-01 05:30:00+00:00,3302.41,3304.0,3300.69,3300.69,7.5252
2025-06-01 06:00:00+00:00,3300.7,3302.6,3300.5,3302.39,6.1208
2025-06-01 06:30:00+00:00,3302.39,3303.65,3301.0,3303.65,11.5285
2025-06-01 07:00:00+00:00,3303.64,3304.8,3302.7,3303.32,7.5203
2025-06-01 07:30:00+00:00,3303.32,3304.8,3302.29,3304.55,9.9071
2025-06-01 08:00:00+00:00,3304.43,3305.3,3304.25,3305.1,8.7064
2025-06-01 08:30:00+00:00,3305.26,3305.29,3302.2,3302.81,5.1548
2025-06-01 09:00:00+00:00,3303.08,3306.62,3302.42,3305.67,34.0297
2025-06-01 09:30:00+00:00,3305.58,3305.58,3301.3,3302.68,13.3817
2025-06-01 10:00:00+00:00,3302.69,3303.58,3302.04,3302.35,14.2447
2025-06-01 10:30:00+00:00,3302.34,3303.73,3301.57,3303.56,8.2728
2025-06-01 11:00:00+00:00,3303.55,3307.53,3303.55,3305.6,44.1569
2025-06-01 11:30:00+00:00,3305.53,3307.81,3305.31,3307.5,17.2816
2025-06-01 12:00:00+00:00,3307.49,3308.55,3306.2,3307.96,14.6154
2025-06-01 12:30:00+00:00,3307.94,3307.94,3306.0,3306.0,10.3194
2025-06-01 13:00:00+00:00,3306.01,3308.0,3304.29,3306.99,16.8011
2025-06-01 13:30:00+00:00,3306.84,3307.73,3303.77,3307.73,15.0351
2025-06-01 14:00:00+00:00,3307.72,3308.91,3306.64,3308.91,45.6192
2025-06-01 14:30:00+00:00,3308.91,3309.4,3308.0,3308.58,16.7637
2025-06-01 15:00:00+00:00,3308.55,3309.11,3308.31,3308.32,13.4267
2025-06-01 15:30:00+00:00,3308.31,3308.91,3308.0,3308.84,10.3223
2025-06-01 16:00:00+00:00,3308.84,3312.22,3307.01,3307.42,204.0769
2025-06-01 16:30:00+00:00,3307.41,3307.42,3304.37,3304.88,15.9652
2025-06-01 17:00:00+00:00,3304.83,3305.85,3304.65,3304.82,13.285
2025-06-01 17:30:00+00:00,3304.82,3305.9,3303.97,3305.65,17.1139
2025-06-01 18:00:00+00:00,3305.66,3305.89,3303.0,3303.4,27.2239
2025-06-01 18:30:00+00:00,3303.4,3311.84,3301.7,3311.66,111.5016
2025-06-01 19:00:00+00:00,3311.66,3314.03,3308.6,3309.14,28.0924
2025-06-01 19:30:00+00:00,3309.49,3309.5,3305.58,3306.54,15.2552
2025-06-01 20:00:00+00:00,3306.54,3308.78,3306.47,3308.57,14.8549
2025-06-01 20:30:00+00:00,3308.57,3312.21,3308.0,3310.0,35.1822
2025-06-01 21:00:00+00:00,3310.22,3310.82,3309.12,3309.31,12.4934
2025-06-01 21:30:00+00:00,3309.29,3310.99,3308.0,3310.38,17.7019
2025-06-01 22:00:00+00:00,3310.29,3317.56,3309.62,3312.01,87.1455
2025-06-01 22:30:00+00:00,3312.02,3324.29,3312.01,3322.99,54.6592
2025-06-01 23:00:00+00:00,3322.9,3325.14,3320.92,3322.2,32.0621
2025-06-01 23:30:00+00:00,3322.31,3323.89,3318.8,3319.57,24.5422
2025-06-02 00:00:00+00:00,3319.71,3323.93,3319.71,3322.33,18.5044
2025-06-02 00:30:00+00:00,3322.32,3322.35,3313.71,3319.89,39.2076
2025-06-02 01:00:00+00:00,3321.1,3322.98,3317.93,3320.15,24.2022
2025-06-02 01:30:00+00:00,3320.1,3320.79,3312.0,3312.16,37.2707
2025-06-02 02:00:00+00:00,3312.22,3320.6,3312.22,3317.75,22.469
2025-06-02 02:30:00+00:00,3317.32,3321.0,3316.0,3317.88,24.7882
2025-06-02 03:00:00+00:00,3317.68,3318.99,3314.89,3316.57,58.1098
2025-06-02 03:30:00+00:00,3317.43,3319.86,3315.41,3319.82,25.8449
2025-06-02 04:00:00+00:00,3319.82,3325.66,3319.82,3324.4,21.3456
2025-06-02 04:30:00+00:00,3324.76,3329.32,3324.69,3327.6,36.1724
2025-06-02 05:00:00+00:00,3327.57,3332.13,3327.57,3330.61,30.579
2025-06-02 05:30:00+00:00,3331.15,3336.64,3330.0,3336.64,61.8087
2025-06-02 06:00:00+00:00,3336.81,3349.32,3336.81,3349.31,148.5861
2025-06-02 06:30:00+00:00,3349.34,3360.01,3347.45,3358.67,324.5896
2025-06-02 07:00:00+00:00,3358.67,3370.75,3357.06,3366.8,180.1893
2025-06-02 07:30:00+00:00,3366.8,3370.24,3361.63,3363.05,109.4369
2025-06-02 08:00:00+00:00,3362.61,3366.26,3362.61,3364.87,75.8637
2025-06-02 08:30:00+00:00,3364.86,3366.6,3362.24,3364.2,48.8704
2025-06-02 09:00:00+00:00,3364.21,3364.21,3357.26,3357.26,75.0484
2025-06-02 09:30:00+00:00,3357.2,3359.77,3354.81,3358.29,91.825
2025-06-02 10:00:00+00:00,3358.26,3362.0,3356.29,3361.01,35.2931
2025-06-02 10:30:00+00:00,3361.01,3361.59,3355.92,3358.61,45.1794
2025-06-02 11:00:00+00:00,3358.44,3364.18,3355.94,3363.2,112.6489
2025-06-02 11:30:00+00:00,3363.05,3372.11,3363.05,3368.01,202.0343
2025-06-02 12:00:00+00:00,3368.36,3374.6,3367.0,3374.06,171.33
2025-06-02 12:30:00+00:00,3374.07,3374.74,3367.0,3367.21,108.948
2025-06-02 13:00:00+00:00,3367.62,3368.71,3363.2,3366.24,59.9612
2025-06-02 13:30:00+00:00,3366.0,3385.8,3361.52,3383.0,317.8344
2025-06-02 14:00:00+00:00,3383.01,3391.0,3383.0,3385.36,349.9169
2025-06-02 14:30:00+00:00,3385.35,3390.03,3383.57,3389.0,131.6021
2025-06-02 15:00:00+00:00,3389.01,3391.01,3383.16,3385.9,326.8546
2025-06-02 15:30:00+00:00,3385.67,3387.51,3384.07,3385.74,32.6683
2025-06-02 16:00:00+00:00,3385.75,3389.78,3383.35,3386.04,69.3596
2025-06-02 16:30:00+00:00,3386.05,3388.45,3381.65,3384.55,64.1069
2025-06-02 17:00:00+00:00,3384.55,3390.97,3384.55,3386.61,56.2263
2025-06-02 17:30:00+00:00,3386.6,3389.5,3386.6,3388.19,34.2468
2025-06-02 18:00:00+00:00,3388.19,3388.2,3384.16,3385.51,108.9484
2025-06-02 18:30:00+00:00,3385.51,3391.51,3384.01,3390.97,29.4199
2025-06-02 19:00:00+00:00,3390.52,3393.31,3388.76,3392.68,33.8676
2025-06-02 19:30:00+00:00,3392.6,3393.52,3391.4,3392.64,66.381
2025-06-02 20:00:00+00:00,3392.65,3393.33,3389.0,3391.22,72.5968
2025-06-02 20:30:00+00:00,3391.22,3392.97,3390.0,3392.47,36.5738
2025-06-02 21:00:00+00:00,3392.46,3393.4,3390.54,3391.24,31.5248
2025-06-02 21:30:00+00:00,3391.24,3395.0,3391.24,3393.09,15.9702
2025-06-02 22:00:00+00:00,3393.09,3399.61,3393.08,3399.61,186.1348
2025-06-02 22:30:00+00:00,3399.63,3400.0,3398.6,3399.5,40.8858
2025-06-02 23:00:00+00:00,3399.5,3403.9,3396.61,3398.13,149.3944
2025-06-02 23:30:00+00:00,3398.12,3400.18,3395.0,3396.98,115.4921
2025-06-03 00:00:00+00:00,3396.99,3397.57,3388.0,3388.22,156.6372
2025-06-03 00:30:00+00:00,3388.22,3390.45,3385.94,3386.01,111.7552
2025-06-03 01:00:00+00:00,3386.0,3386.0,3373.91,3377.98,180.0707
2025-06-03 01:30:00+00:00,3378.02,3384.38,3376.79,3381.59,54.3815
2025-06-03 02:00:00+00:00,3381.79,3387.35,3381.25,3382.58,23.1325
2025-06-03 02:30:00+00:00,3382.59,3384.05,3374.2,3379.35,38.2781
2025-06-03 03:00:00+00:00,3379.23,3379.4,3373.78,3374.52,45.7688
2025-06-03 03:30:00+00:00,3374.0,3376.21,3370.46,3370.49,49.1406
2025-06-03 04:00:00+00:00,3370.45,3374.08,3370.45,3371.22,11.7846
2025-06-03 04:30:00+00:00,3370.49,3371.74,3369.01,3370.41,35.1516
2025-06-03 05:00:00+00:00,3370.58,3373.32,3368.84,3369.07,21.207
2025-06-03 05:30:00+00:00,3369.07,3376.73,3366.37,3374.91,32.2961
2025-06-03 06:00:00+00:00,3374.88,3377.27,3368.76,3375.32,43.0885
2025-06-03 06:30:00+00:00,3375.32,3375.32,3363.67,3368.52,42.5463
2025-06-03 07:00:00+00:00,3368.95,3369.81,3364.05,3366.74,42.7032
2025-06-03 07:30:00+00:00,3366.58,3369.55,3365.6,3368.49,19.0557
2025-06-03 08:00:00+00:00,3368.9,3373.2,3368.2,3372.0,36.4047
2025-06-03 08:30:00+00:00,3372.0,3374.4,3368.0,3370.4,99.4947
2025-06-03 09:00:00+00:00,3370.39,3374.0,3367.97,3370.42,29.1456
2025-06-03 09:30:00+00:00,3370.32,3373.29,3366.36,3367.34,34.8511
2025-06-03 10:00:00+00:00,3367.34,3368.59,3366.06,3367.93,10.5924
2025-06-03 10:30:00+00:00,3367.92,3369.4,3367.16,3367.16,16.195
2025-06-03 11:00:00+00:00,3367.16,3369.78,3366.12,3369.01,24.8095
2025-06-03 11:30:00+00:00,3369.01,3370.56,3369.01,3369.03,24.0451
2025-06-03 12:00:00+00:00,3369.02,3369.83,3361.17,3364.99,97.9482
2025-06-03 12:30:00+00:00,3364.98,3373.75,3364.64,3369.57,43.5199
2025-06-03 13:00:00+00:00,3369.97,3374.24,3369.52,3369.98,30.5108
2025-06-03 13:30:00+00:00,3369.98,3369.98,3355.07,3356.9,147.051
2025-06-03 14:00:00+00:00,3356.9,3360.0,3346.85,3359.41,312.696
2025-06-03 14:30:00+00:00,3359.63,3361.44,3358.44,3358.95,157.1778
2025-06-03 15:00:00+00:00,3358.95,3362.29,3356.54,3361.0,71.6615
2025-06-03 15:30:00+00:00,3361.0,3364.93,3359.63,3361.98,64.1568
2025-06-03 16:00:00+00:00,3361.98,3364.4,3360.91,3361.2,27.3924
2025-06-03 16:30:00+00:00,3361.19,3361.2,3358.31,3360.81,29.1709
2025-06-03 17:00:00+00:00,3360.82,3362.93,3359.43,3362.37,110.4033
2025-06-03 17:30:00+00:00,3362.37,3364.44,3360.67,3362.4,87.5876
2025-06-03 18:00:00+00:00,3362.39,3363.21,3359.84,3361.55,180.1553
2025-06-03 18:30:00+00:00,3361.54,3362.99,3353.76,3362.99,322.4132
2025-06-03 19:00:00+00:00,3362.98,3365.4,3362.41,3362.78,34.9792
2025-06-03 19:30:00+00:00,3362.69,3364.0,3361.08,3361.77,13.4137
2025-06-03 20:00:00+00:00,3361.8,3363.9,3361.76,3363.9,10.2468
2025-06-03 20:30:00+00:00,3363.98,3366.99,3363.42,3365.29,40.5369
2025-06-03 21:00:00+00:00,3365.45,3367.77,3365.45,3367.71,17.124
2025-06-03 21:30:00+00:00,3367.71,3367.97,3365.13,3365.28,13.4695
2025-06-03 22:00:00+00:00,3365.27,3369.0,3365.27,3369.0,28.6565
2025-06-03 22:30:00+00:00,3369.0,3369.0,3366.88,3366.99,49.688
2025-06-03 23:00:00+00:00,3367.0,3371.52,3366.99,3369.06,36.1272
2025-06-03 23:30:00+00:00,3369.07,3369.98,3366.76,3369.43,30.0347
2025-06-04 00:00:00+00:00,3369.43,3369.72,3363.47,3368.07,68.651
2025-06-04 00:30:00+00:00,3368.14,3368.19,3360.91,3361.88,20.7961
2025-06-04 01:00:00+00:00,3361.88,3375.0,3358.51,3374.07,56.6913
2025-06-04 01:30:00+00:00,3374.07,3381.61,3374.06,3381.61,46.0712
2025-06-04 02:00:00+00:00,3381.09,3383.96,3380.4,3381.38,51.1515
2025-06-04 02:30:00+00:00,3381.33,3381.33,3376.0,3377.08,99.2446
2025-06-04 03:00:00+00:00,3376.99,3378.4,3375.2,3378.14,29.8015
2025-06-04 03:30:00+00:00,3378.13,3378.19,3369.73,3372.16,27.4192
2025-06-04 04:00:00+00:00,3372.16,3374.0,3370.0,3373.2,19.809
2025-06-04 04:30:00+00:00,3373.04,3373.81,3366.0,3366.98,61.8435
2025-06-04 05:00:00+00:00,3367.68,3368.82,3362.6,3362.89,44.3025
2025-06-04 05:30:00+00:00,3362.89,3367.31,3361.0,3364.03,23.975
2025-06-04 06:00:00+00:00,3363.74,3368.17,3362.68,3368.17,11.5895
2025-06-04 06:30:00+00:00,3368.42,3371.22,3368.11,3368.63,23.3609
2025-06-04 07:00:00+00:00,3368.83,3374.99,3368.66,3373.88,29.5117
2025-06-04 07:30:00+00:00,3373.86,3376.0,3367.52,3367.54,40.4458
2025-06-04 08:00:00+00:00,3367.37,3370.4,3364.06,3369.15,157.2582
2025-06-04 08:30:00+00:00,3370.16,3376.79,3370.15,3375.93,57.3402
2025-06-04 09:00:00+00:00,3375.93,3376.98,3373.77,3376.98,23.3179
2025-06-04 09:30:00+00:00,3376.7,3376.99,3372.5,3375.67,26.7217
2025-06-04 10:00:00+00:00,3375.65,3375.9,3371.81,3372.19,47.6404
2025-06-04 10:30:00+00:00,3372.18,3372.26,3362.41,3364.96,94.3565
2025-06-04 11:00:00+00:00,3364.95,3365.4,3359.0,3361.0,70.6421
2025-06-04 11:30:00+00:00,3361.04,3362.69,3358.97,3359.55,38.1408
2025-06-04 12:00:00+00:00,3359.55,3366.6,3358.55,3361.89,119.5579
2025-06-04 12:30:00+00:00,3361.95,3372.0,3361.95,3369.45,49.7883
2025-06-04 13:00:00+00:00,3369.46,3373.0,3368.15,3369.8,24.9008
2025-06-04 13:30:00+00:00,3369.81,3370.09,3365.71,3367.32,78.1461
2025-06-04 14:00:00+00:00,3367.32,3381.65,3365.09,3381.63,218.6337
2025-06-04 14:30:00+00:00,3381.65,3394.95,3381.52,3388.02,140.2492
2025-06-04 15:00:00+00:00,3387.99,3388.69,3382.65,3386.12,40.2748
2025-06-04 15:30:00+00:00,3386.13,3386.19,3381.59,3382.65,53.9943
2025-06-04 16:00:00+00:00,3382.73,3386.14,3382.73,3385.22,58.5661
2025-06-04 16:30:00+00:00,3385.34,3388.8,3385.34,3388.61,16.3131
2025-06-04 17:00:00+00:00,3388.61,3388.61,3385.81,3386.59,23.758
2025-06-04 17:30:00+00:00,3386.59,3392.84,3386.59,3391.94,36.6811
2025-06-04 18:00:00+00:00,3391.6,3393.2,3389.87,3391.98,42.7102
2025-06-04 18:30:00+00:00,3391.98,3391.98,3386.01,3386.74,17.4091
2025-06-04 19:00:00+00:00,3386.74,3386.74,3384.8,3385.65,13.1419
2025-06-04 19:30:00+00:00,3385.33,3385.35,3383.33,3385.35,12.1358
2025-06-04 20:00:00+00:00,3385.34,3387.32,3382.47,3384.6,33.793
2025-06-04 20:30:00+00:00,3384.59,3387.42,3384.55,3384.77,12.9396
2025-06-04 21:00:00+00:00,3384.78,3388.17,3384.77,3388.17,15.1651
2025-06-04 21:30:00+00:00,3388.19,3388.49,3385.6,3385.98,27.8538
2025-06-04 22:00:00+00:00,3385.98,3387.25,3383.99,3385.65,40.9716
2025-06-04 22:30:00+00:00,3386.0,3387.96,3385.43,3386.6,10.9308
2025-06-04 23:00:00+00:00,3386.6,3391.0,3386.2,3391.0,33.1552
2025-06-04 23:30:00+00:00,3390.99,3391.2,3388.2,3391.2,34.6589
2025-06-05 00:00:00+00:00,3391.22,3394.0,3388.8,3394.0,25.1175
2025-06-05 00:30:00+00:00,3394.0,3394.7,3387.19,3392.79,20.873
2025-06-05 01:00:00+00:00,3393.05,3396.4,3388.1,3389.87,29.0359
2025-06-05 01:30:00+00:00,3389.99,3390.0,3385.7,3387.58,28.8877
2025-06-05 02:00:00+00:00,3387.6,3387.79,3382.6,3384.37,35.6711
2025-06-05 02:30:00+00:00,3384.36,3387.78,3383.02,3383.99,26.8269
2025-06-05 03:00:00+00:00,3384.0,3386.6,3383.54,3386.4,4.9912
2025-06-05 03:30:00+00:00,3386.4,3389.2,3383.6,3383.7,27.4137
2025-06-05 04:00:00+00:00,3383.71,3385.24,3378.33,3381.78,24.9235
2025-06-05 04:30:00+00:00,3381.78,3381.9,3380.46,3381.79,12.0121
2025-06-05 05:00:00+00:00,3382.07,3383.13,3380.25,3380.99,15.7225
2025-06-05 05:30:00+00:00,3380.59,3381.16,3375.61,3377.01,25.0145
2025-06-05 06:00:00+00:00,3377.53,3383.0,3377.53,3382.97,19.4297
2025-06-05 06:30:00+00:00,3383.01,3384.0,3380.8,3382.85,21.4117
2025-06-05 07:00:00+00:00,3382.85,3388.5,3382.4,3386.35,77.2331
2025-06-05 07:30:00+00:00,3386.36,3387.39,3384.23,3385.27,21.4866
2025-06-05 08:00:00+00:00,3385.32,3388.93,3383.81,3388.69,25.7328
2025-06-05 08:30:00+00:00,3388.98,3392.83,3388.98,3390.98,15.3657
2025-06-05 09:00:00+00:00,3390.83,3401.6,3390.23,3401.4,82.4388
2025-06-05 09:30:00+00:00,3401.39,3405.01,3398.45,3404.98,118.2554
2025-06-05 10:00:00+00:00,3404.97,3409.65,3402.92,3408.9,100.463
2025-06-05 10:30:00+00:00,3408.9,3413.9,3407.85,3413.14,95.0965
2025-06-05 11:00:00+00:00,3412.79,3418.53,3408.57,3410.76,173.4895
2025-06-05 11:30:00+00:00,3410.76,3413.22,3405.47,3406.59,116.9578
2025-06-05 12:00:00+00:00,3406.59,3412.6,3406.24,3410.01,69.723
2025-06-05 12:30:00+00:00,3410.01,3415.81,3393.98,3399.05,272.1925
2025-06-05 13:00:00+00:00,3399.61,3402.43,3388.91,3396.0,205.1656
2025-06-05 13:30:00+00:00,3395.68,3403.74,3392.77,3393.08,96.2406
2025-06-05 14:00:00+00:00,3393.07,3396.89,3385.7,3393.2,195.2069
2025-06-05 14:30:00+00:00,3393.06,3399.01,3383.0,3386.2,207.2125
2025-06-05 15:00:00+00:00,3386.19,3389.71,3380.01,3381.28,143.3354
2025-06-05 15:30:00+00:00,3381.27,3382.2,3361.0,3365.0,337.4099
2025-06-05 16:00:00+00:00,3364.99,3369.0,3361.0,3367.0,223.8781
2025-06-05 16:30:00+00:00,3367.0,3373.64,3366.6,3371.5,105.031
2025-06-05 17:00:00+00:00,3371.51,3372.85,3365.41,3369.28,63.307
2025-06-05 17:30:00+00:00,3369.93,3372.0,3368.5,3372.0,18.6524
2025-06-05 18:00:00+00:00,3371.99,3372.85,3367.02,3372.85,40.5314
2025-06-05 18:30:00+00:00,3372.86,3374.2,3371.7,3371.71,19.8914
2025-06-05 19:00:00+00:00,3371.71,3377.75,3369.8,3374.19,131.7749
2025-06-05 19:30:00+00:00,3374.4,3378.21,3372.42,3376.8,106.497
2025-06-05 20:00:00+00:00,3376.8,3377.76,3370.0,3371.39,148.9783
2025-06-05 20:30:00+00:00,3370.83,3372.0,3366.6,3366.6,135.1091
2025-06-05 21:00:00+00:00,3366.61,3378.4,3366.6,3374.75,376.9575
2025-06-05 21:30:00+00:00,3374.69,3379.2,3374.0,3375.74,79.1641
2025-06-05 22:00:00+00:00,3375.73,3382.31,3371.7,3379.15,146.7136
2025-06-05 22:30:00+00:00,3379.14,3380.19,3375.79,3376.41,138.803
2025-06-05 23:00:00+00:00,3376.41,3379.4,3376.05,3377.59,85.0293
2025-06-05 23:30:00+00:00,3377.59,3381.55,3376.01,3381.55,14.3595
2025-06-06 00:00:00+00:00,3381.55,3384.14,3380.6,3382.56,56.9043
2025-06-06 00:30:00+00:00,3382.59,3418.0,3378.01,3379.5,508.2824
2025-06-06 01:00:00+00:00,3379.5,3389.14,3376.88,3388.08,48.8635
2025-06-06 01:30:00+00:00,3388.21,3388.21,3380.08,3385.66,38.6618
2025-06-06 02:00:00+00:00,3385.67,3388.18,3383.48,3385.01,51.0548
2025-06-06 02:30:00+00:00,3385.01,3388.4,3384.12,3386.79,78.8031
2025-06-06 03:00:00+00:00,3386.79,3386.79,3381.06,3384.13,89.3304
2025-06-06 03:30:00+00:00,3384.12,3389.65,3384.12,3387.13,69.4612
2025-06-06 04:00:00+00:00,3387.12,3391.28,3386.88,3391.06,103.0115
2025-06-06 04:30:00+00:00,3391.05,3393.9,3389.67,3393.9,90.1878
2025-06-06 05:00:00+00:00,3393.89,3395.51,3387.09,3390.87,63.9301
2025-06-06 05:30:00+00:00,3390.8,3399.94,3382.54,3386.78,150.0805
2025-06-06 06:00:00+00:00,3386.78,3388.21,3382.67,3385.67,40.5126
2025-06-06 06:30:00+00:00,3385.66,3385.66,3376.93,3377.72,60.4179
2025-06-06 07:00:00+00:00,3377.73,3379.8,3375.0,3377.79,63.7522
2025-06-06 07:30:00+00:00,3377.79,3377.99,3370.4,3376.42,43.9147
2025-06-06 08:00:00+00:00,3376.91,3380.29,3375.41,3379.6,27.3185
2025-06-06 08:30:00+00:00,3379.6,3383.21,3378.36,3379.23,94.2374
2025-06-06 09:00:00+00:00,3379.0,3379.28,3370.82,3370.83,57.3952
2025-06-06 09:30:00+00:00,3370.83,3377.04,3370.83,3373.84,47.9812
2025-06-06 10:00:00+00:00,3373.84,3377.19,3373.51,3373.51,7.0862
2025-06-06 10:30:00+00:00,3373.5,3377.47,3373.5,3377.07,13.7742
2025-06-06 11:00:00+00:00,3377.07,3379.4,3377.07,3378.15,29.0508
2025-06-06 11:30:00+00:00,3378.15,3380.0,3377.0,3377.0,15.0291
2025-06-06 12:00:00+00:00,3376.94,3378.0,3372.54,3373.47,36.5851
2025-06-06 12:30:00+00:00,3375.32,3379.7,3365.0,3370.64,131.1092
2025-06-06 13:00:00+00:00,3370.56,3376.0,3365.85,3371.58,39.2583
2025-06-06 13:30:00+00:00,3371.38,3373.2,3362.16,3362.16,178.2229
2025-06-06 14:00:00+00:00,3362.16,3362.87,3339.0,3345.94,486.2101
2025-06-06 14:30:00+00:00,3345.94,3354.77,3341.61,3345.0,201.0584
2025-06-06 15:00:00+00:00,3345.04,3351.76,3336.06,3351.21,158.9952
2025-06-06 15:30:00+00:00,3351.02,3356.0,3347.41,3352.56,39.8328
2025-06-06 16:00:00+00:00,3352.47,3353.54,3345.0,3345.03,39.0216
2025-06-06 16:30:00+00:00,3345.0,3348.6,3339.0,3340.19,175.4955
2025-06-06 17:00:00+00:00,3340.2,3346.12,3340.2,3345.02,46.5926
2025-06-06 17:30:00+00:00,3345.42,3345.56,3342.8,3345.56,40.0178
2025-06-06 18:00:00+00:00,3345.56,3345.56,3337.84,3339.4,75.5698
2025-06-06 18:30:00+00:00,3339.4,3344.29,3339.0,3340.13,31.949
2025-06-06 19:00:00+00:00,3340.12,3341.59,3337.5,3337.51,28.188
2025-06-06 19:30:00+00:00,3337.52,3340.16,3334.32,3334.33,38.9114
2025-06-06 20:00:00+00:00,3334.58,3334.59,3330.56,3333.8,76.4482
2025-06-06 20:30:00+00:00,3333.8,3336.0,3332.99,3334.41,19.4821
2025-06-06 21:00:00+00:00,3334.41,3335.59,3332.95,3334.29,16.7005
2025-06-06 21:30:00+00:00,3334.4,3334.66,3330.29,3330.3,20.512
2025-06-06 22:00:00+00:00,3330.3,3331.2,3328.0,3328.38,118.2479
2025-06-06 22:30:00+00:00,3328.39,3336.64,3328.38,3335.15,31.8711
2025-06-06 23:00:00+00:00,3335.06,3337.92,3334.03,3336.86,23.5413
2025-06-06 23:30:00+00:00,3336.86,3336.89,3333.88,3333.88,9.2399
2025-06-07 00:00:00+00:00,3333.89,3335.0,3332.8,3335.0,14.7516
2025-06-07 00:30:00+00:00,3334.99,3335.77,3334.41,3335.61,8.8588
2025-06-07 01:00:00+00:00,3335.31,3335.65,3332.8,3332.81,16.6299
2025-06-07 01:30:00+00:00,3332.8,3333.89,3332.2,3333.16,21.0804
2025-06-07 02:00:00+00:00,3333.15,3334.23,3332.6,3333.53,12.1465
2025-06-07 02:30:00+00:00,3333.53,3335.56,3333.52,3335.55,39.7851
2025-06-07 03:00:00+00:00,3335.55,3336.03,3333.4,3334.25,29.6531
2025-06-07 03:30:00+00:00,3334.26,3334.26,3332.2,3333.2,16.1592
2025-06-07 04:00:00+00:00,3333.2,3333.74,3331.2,3332.74,13.309
2025-06-07 04:30:00+00:00,3332.74,3332.74,3331.02,3331.8,17.1178
2025-06-07 05:00:00+00:00,3331.81,3333.67,3329.18,3333.28,66.8408
2025-06-07 05:30:00+00:00,3333.27,3334.4,3332.65,3334.4,16.8192
2025-06-07 06:00:00+00:00,3334.4,3334.4,3331.38,3332.31,16.6364
2025-06-07 06:30:00+00:00,3332.32,3333.22,3332.31,3333.22,19.9601
2025-06-07 07:00:00+00:00,3333.22,3334.5,3333.22,3333.99,24.8205
2025-06-07 07:30:00+00:00,3333.99,3335.5,3333.51,3334.32,19.1184
2025-06-07 08:00:00+00:00,3334.32,3336.18,3333.4,3334.27,16.227
2025-06-07 08:30:00+00:00,3334.27,3338.47,3334.17,3335.0,33.7347
2025-06-07 09:00:00+00:00,3334.99,3335.41,3333.57,3334.48,16.9901
2025-06-07 09:30:00+00:00,3334.2,3336.39,3334.1,3335.42,12.445
2025-06-07 10:00:00+00:00,3335.43,3337.08,3335.42,3335.42,16.1824
2025-06-07 10:30:00+00:00,3335.43,3335.8,3334.66,3335.49,9.8258
2025-06-07 11:00:00+00:00,3335.48,3336.29,3334.48,3335.23,19.4427
2025-06-07 11:30:00+00:00,3335.23,3335.6,3334.84,3335.0,8.5448
2025-06-07 12:00:00+00:00,3335.0,3335.0,3333.68,3333.75,8.4401
2025-06-07 12:30:00+00:00,3333.75,3334.59,3332.99,3334.22,30.4132
2025-06-07 13:00:00+00:00,3334.22,3335.43,3334.17,3334.34,13.3414
2025-06-07 13:30:00+00:00,3334.34,3334.35,3332.6,3333.63,31.0239
2025-06-07 14:00:00+00:00,3333.63,3333.64,3332.42,3332.47,16.894
2025-06-07 14:30:00+00:00,3332.46,3333.16,3332.46,3332.9,14.1331
2025-06-07 15:00:00+00:00,3332.9,3337.01,3332.89,3334.81,26.5882
2025-06-07 15:30:00+00:00,3334.83,3335.21,3334.3,3334.41,14.2776
2025-06-07 16:00:00+00:00,3334.41,3334.92,3333.56,3333.96,12.8834
2025-06-07 16:30:00+00:00,3333.95,3334.22,3333.02,3333.02,9.4512
2025-06-07 17:00:00+00:00,3333.02,3333.53,3331.81,3332.56,16.3865
2025-06-07 17:30:00+00:00,3332.6,3335.24,3332.6,3335.24,7.4749
2025-06-07 18:00:00+00:00,3335.29,3337.28,3335.0,3335.62,35.669
2025-06-07 18:30:00+00:00,3335.7,3336.04,3335.08,3335.21,8.9632
2025-06-07 19:00:00+00:00,3335.2,3335.45,3332.22,3333.0,20.6669
2025-06-07 19:30:00+00:00,3333.01,3333.81,3332.62,3332.63,13.2984
2025-06-07 20:00:00+00:00,3332.62,3334.0,3332.62,3333.39,9.853
2025-06-07 20:30:00+00:00,3333.39,3333.39,3330.39,3331.6,22.6291
2025-06-07 21:00:00+00:00,3331.59,3334.38,3331.59,3333.21,6.7333
2025-06-07 21:30:00+00:00,3333.21,3335.9,3332.1,3335.89,14.74
2025-06-07 22:00:00+00:00,3335.9,3335.9,3331.73,3331.85,16.1348
2025-06-07 22:30:00+00:00,3331.85,3335.34,3331.85,3333.4,15.7134
2025-06-07 23:00:00+00:00,3333.39,3334.6,3332.04,3332.99,10.5407
2025-06-07 23:30:00+00:00,3332.99,3332.99,3331.8,3332.4,9.1082
2025-06-08 00:00:00+00:00,3332.4,3332.56,3331.6,3332.19,3.6413
2025-06-08 00:30:00+00:00,3332.2,3332.4,3331.4,3331.97,8.3486
2025-06-08 01:00:00+00:00,3332.19,3332.87,3331.37,3331.38,10.9344
2025-06-08 01:30:00+00:00,3331.38,3331.61,3331.0,3331.0,7.6584
2025-06-08 02:00:00+00:00,3331.01,3335.36,3330.23,3335.23,131.7263
2025-06-08 02:30:00+00:00,3335.23,3335.4,3333.63,3334.17,11.425
2025-06-08 03:00:00+00:00,3334.17,3335.47,3333.53,3335.41,13.5733
2025-06-08 03:30:00+00:00,3335.5,3335.81,3335.27,3335.6,5.0456
2025-06-08 04:00:00+00:00,3335.6,3336.44,3335.06,3336.44,8.7936
2025-06-08 04:30:00+00:00,3336.44,3340.71,3336.05,3339.0,82.9953
2025-06-08 05:00:00+00:00,3339.0,3339.56,3334.23,3334.59,13.6575
2025-06-08 05:30:00+00:00,3334.6,3334.8,3333.87,3334.54,6.1101
2025-06-08 06:00:00+00:00,3334.54,3336.0,3334.02,3335.99,9.1912
2025-06-08 06:30:00+00:00,3335.99,3336.2,3334.89,3334.89,3.5503
2025-06-08 07:00:00+00:00,3334.9,3342.5,3334.89,3339.31,64.5899
2025-06-08 07:30:00+00:00,3339.31,3340.4,3337.44,3339.04,26.1716
2025-06-08 08:00:00+00:00,3339.04,3342.2,3338.86,3341.96,36.7423
2025-06-08 08:30:00+00:00,3341.96,3341.97,3336.87,3336.89,10.1359
2025-06-08 09:00:00+00:00,3337.22,3337.78,3333.0,3333.4,54.2503
2025-06-08 09:30:00+00:00,3333.4,3335.0,3333.4,3334.12,20.2542
2025-06-08 10:00:00+00:00,3334.13,3334.71,3332.3,3332.31,71.9514
2025-06-08 10:30:00+00:00,3332.31,3333.22,3331.32,3332.0,28.3361
2025-06-08 11:00:00+00:00,3331.84,3340.0,3331.83,3336.45,101.7893
2025-06-08 11:30:00+00:00,3336.45,3338.01,3334.33,3334.33,75.7653
2025-06-08 12:00:00+00:00,3334.31,3351.06,3334.3,3336.87,130.8075
2025-06-08 12:30:00+00:00,3336.88,3345.0,3336.05,3340.38,113.8653
2025-06-08 13:00:00+00:00,3340.37,3340.38,3337.88,3338.2,31.03
2025-06-08 13:30:00+00:00,3338.19,3343.5,3336.64,3336.65,52.4468
2025-06-08 14:00:00+00:00,3336.64,3352.2,3336.64,3340.2,61.0545
2025-06-08 14:30:00+00:00,3340.17,3344.53,3339.38,3340.19,34.6556
2025-06-08 15:00:00+00:00,3340.19,3340.19,3334.55,3334.56,97.6112
2025-06-08 15:30:00+00:00,3334.55,3340.49,3334.52,3338.66,39.1128
2025-06-08 16:00:00+00:00,3338.71,3339.07,3337.04,3338.39,13.4271
2025-06-08 16:30:00+00:00,3338.4,3338.4,3336.0,3336.8,8.8168
2025-06-08 17:00:00+00:00,3336.8,3337.56,3335.97,3336.41,10.5958
2025-06-08 17:30:00+00:00,3336.4,3337.32,3335.3,3337.31,9.6958
2025-06-08 18:00:00+00:00,3337.31,3338.22,3335.91,3335.92,13.7076
2025-06-08 18:30:00+00:00,3336.39,3342.0,3336.39,3340.15,66.1779
2025-06-08 19:00:00+00:00,3339.95,3339.95,3338.48,3338.5,12.4936
2025-06-08 19:30:00+00:00,3338.51,3338.69,3336.53,3336.53,13.543
2025-06-08 20:00:00+00:00,3336.53,3336.8,3336.1,3336.2,3.6487
2025-06-08 20:30:00+00:00,3336.19,3340.64,3335.92,3338.74,65.7572
2025-06-08 21:00:00+00:00,3338.8,3339.74,3336.33,3338.97,14.7736
2025-06-08 21:30:00+00:00,3338.97,3340.78,3334.85,3334.85,23.3144
2025-06-08 22:00:00+00:00,3334.84,3342.58,3334.84,3339.26,87.4752
2025-06-08 22:30:00+00:00,3339.34,3340.93,3334.48,3337.2,22.5832
2025-06-08 23:00:00+00:00,3337.4,3342.22,3337.4,3338.65,25.7402
2025-06-08 23:30:00+00:00,3338.64,3340.75,3336.18,3340.75,9.9043
2025-06-09 00:00:00+00:00,3340.76,3340.76,3328.01,3331.1,51.9289
2025-06-09 00:30:00+00:00,3331.1,3333.59,3320.0,3325.64,183.9985
2025-06-09 01:00:00+00:00,3325.47,3329.2,3321.44,3325.91,95.2799
2025-06-09 01:30:00+00:00,3325.9,3327.27,3319.45,3319.45,85.6772
2025-06-09 02:00:00+00:00,3319.45,3325.19,3316.87,3321.7,85.2193
2025-06-09 02:30:00+00:00,3321.71,3326.79,3320.78,3325.07,56.2805
2025-06-09 03:00:00+00:00,3325.02,3329.43,3325.02,3326.1,21.7742
2025-06-09 03:30:00+00:00,3326.11,3332.99,3326.1,3331.7,36.5557
2025-06-09 04:00:00+00:00,3331.61,3334.0,3329.16,3333.34,15.358
2025-06-09 04:30:00+00:00,3333.33,3334.6,3331.78,3333.6,16.296
2025-06-09 05:00:00+00:00,3333.61,3334.35,3331.6,3334.34,24.5086
2025-06-09 05:30:00+00:00,3334.35,3336.89,3333.01,3335.83,24.6329
2025-06-09 06:00:00+00:00,3335.92,3339.8,3334.4,3339.79,22.4832
2025-06-09 06:30:00+00:00,3339.79,3343.99,3338.33,3343.99,27.6231
2025-06-09 07:00:00+00:00,3343.99,3347.0,3341.2,3345.89,87.1379
2025-06-09 07:30:00+00:00,3345.89,3347.58,3344.02,3347.5,34.5638
2025-06-09 08:00:00+00:00,3347.5,3348.0,3344.91,3347.98,57.6782
2025-06-09 08:30:00+00:00,3347.97,3349.0,3341.09,3341.38,39.0043
2025-06-09 09:00:00+00:00,3340.84,3343.75,3338.2,3339.46,33.6347
2025-06-09 09:30:00+00:00,3339.46,3342.94,3338.2,3339.2,36.3663
2025-06-09 10:00:00+00:00,3339.19,3340.8,3337.22,3337.23,18.6155
2025-06-09 10:30:00+00:00,3337.22,3337.23,3334.37,3336.61,26.9273
2025-06-09 11:00:00+00:00,3336.73,3340.75,3336.73,3340.36,33.9218
2025-06-09 11:30:00+00:00,3340.35,3342.22,3336.32,3338.75,16.0347
2025-06-09 12:00:00+00:00,3338.75,3341.09,3336.68,3340.26,28.4733
2025-06-09 12:30:00+00:00,3340.26,3343.26,3335.18,3339.08,153.7251
2025-06-09 13:00:00+00:00,3339.08,3339.08,3333.96,3333.99,35.147
2025-06-09 13:30:00+00:00,3333.99,3340.05,3333.47,3340.0,62.7404
2025-06-09 14:00:00+00:00,3340.01,3346.8,3339.9,3342.39,70.9838
2025-06-09 14:30:00+00:00,3342.6,3343.08,3338.7,3341.6,97.6959
2025-06-09 15:00:00+00:00,3341.6,3350.31,3341.6,3350.31,59.6912
2025-06-09 15:30:00+00:00,3350.31,3350.31,3345.45,3347.96,73.233
2025-06-09 16:00:00+00:00,3347.95,3353.15,3344.55,3352.96,59.027
2025-06-09 16:30:00+00:00,3352.96,3355.98,3349.19,3355.0,51.7198
2025-06-09 17:00:00+00:00,3355.34,3355.34,3350.99,3351.8,13.993
2025-06-09 17:30:00+00:00,3351.8,3353.65,3351.12,3351.81,33.3153
2025-06-09 18:00:00+00:00,3351.62,3356.75,3351.06,3356.13,67.1076
2025-06-09 18:30:00+00:00,3356.12,3356.99,3352.0,3352.8,43.8187
2025-06-09 19:00:00+00:00,3352.0,3354.52,3348.75,3350.22,21.4665
2025-06-09 19:30:00+00:00,3350.22,3350.39,3339.99,3343.88,211.3395
2025-06-09 20:00:00+00:00,3344.16,3346.52,3340.99,3344.88,65.9579
2025-06-09 20:30:00+00:00,3344.68,3344.68,3341.26,3341.58,69.3153
2025-06-09 21:00:00+00:00,3341.6,3346.5,3340.19,3345.98,95.569
2025-06-09 21:30:00+00:00,3345.96,3345.96,3343.34,3344.15,143.294
2025-06-09 22:00:00+00:00,3344.15,3344.84,3340.66,3343.0,86.3699
2025-06-09 22:30:00+00:00,3342.99,3345.73,3337.01,3339.11,130.3113
2025-06-09 23:00:00+00:00,3339.11,3345.6,3338.87,3345.21,69.9604
2025-06-09 23:30:00+00:00,3345.21,3347.49,3344.51,3346.45,49.5769
2025-06-10 00:00:00+00:00,3346.45,3346.45,3338.35,3339.42,48.4066
2025-06-10 00:30:00+00:00,3340.0,3341.56,3336.25,3337.2,63.8523
2025-06-10 01:00:00+00:00,3337.21,3339.23,3330.55,3331.31,60.1424
2025-06-10 01:30:00+00:00,3331.39,3332.19,3324.77,3326.73,113.7505
2025-06-10 02:00:00+00:00,3326.72,3332.35,3324.39,3326.42,226.9725
2025-06-10 02:30:00+00:00,3326.42,3330.72,3325.0,3330.1,66.7281
2025-06-10 03:00:00+00:00,3330.09,3330.09,3326.71,3328.56,27.9133
2025-06-10 03:30:00+00:00,3328.55,3330.68,3328.23,3328.76,30.2254
2025-06-10 04:00:00+00:00,3328.76,3329.0,3326.4,3326.4,24.8731
2025-06-10 04:30:00+00:00,3326.4,3329.76,3325.76,3329.0,23.4557
2025-06-10 05:00:00+00:00,3329.01,3333.4,3320.82,3331.6,155.3514
2025-06-10 05:30:00+00:00,3331.59,3338.65,3331.2,3338.53,66.2602
2025-06-10 06:00:00+00:00,3338.52,3343.46,3335.91,3343.16,95.9479
2025-06-10 06:30:00+00:00,3343.54,3347.79,3342.2,3343.19,42.4416
2025-06-10 07:00:00+00:00,3343.19,3345.3,3340.71,3343.32,31.5693
2025-06-10 07:30:00+00:00,3343.32,3347.12,3343.32,3345.58,39.8754
2025-06-10 08:00:00+00:00,3345.58,3349.0,3341.1,3346.12,69.6635
2025-06-10 08:30:00+00:00,3346.41,3346.87,3343.84,3345.4,23.1787
2025-06-10 09:00:00+00:00,3345.4,3346.77,3343.84,3343.93,43.592
2025-06-10 09:30:00+00:00,3343.99,3344.62,3343.08,3344.62,13.874
2025-06-10 10:00:00+00:00,3344.62,3349.0,3343.81,3348.32,49.9155
2025-06-10 10:30:00+00:00,3348.32,3349.53,3344.94,3349.52,92.2089
2025-06-10 11:00:00+00:00,3349.52,3355.0,3345.27,3354.4,113.2561
2025-06-10 11:30:00+00:00,3354.39,3355.0,3346.4,3346.6,84.8071
2025-06-10 12:00:00+00:00,3346.98,3351.49,3344.0,3351.37,40.584
2025-06-10 12:30:00+00:00,3351.37,3353.8,3350.64,3352.24,40.1025
2025-06-10 13:00:00+00:00,3352.24,3358.06,3349.02,3357.66,182.0012
2025-06-10 13:30:00+00:00,3357.66,3362.01,3352.05,3357.83,150.0142
2025-06-10 14:00:00+00:00,3357.83,3357.83,3347.33,3348.53,91.0603
2025-06-10 14:30:00+00:00,3348.49,3348.7,3343.33,3344.97,39.6476
2025-06-10 15:00:00+00:00,3344.96,3344.96,3339.6,3341.19,40.4273
2025-06-10 15:30:00+00:00,3341.2,3344.62,3338.0,3341.59,132.2815
2025-06-10 16:00:00+00:00,3341.58,3341.98,3335.77,3337.69,32.1484
2025-06-10 16:30:00+00:00,3337.71,3339.17,3336.48,3337.19,19.6569
2025-06-10 17:00:00+00:00,3337.18,3340.64,3337.18,3339.81,24.6523
2025-06-10 17:30:00+00:00,3339.81,3342.69,3339.81,3342.18,13.617
2025-06-10 18:00:00+00:00,3342.02,3342.03,3338.78,3338.79,11.7299
2025-06-10 18:30:00+00:00,3338.79,3342.26,3330.0,3335.8,249.6501
2025-06-10 19:00:00+00:00,3335.8,3345.0,3331.95,3342.16,192.9388
2025-06-10 19:30:00+00:00,3342.16,3346.19,3328.0,3341.81,167.2787
2025-06-10 20:00:00+00:00,3341.81,3341.81,3337.13,3338.0,16.0242
2025-06-10 20:30:00+00:00,3338.13,3339.21,3336.01,3337.38,25.5796
2025-06-10 21:00:00+00:00,3337.39,3338.55,3334.47,3337.59,34.6129
2025-06-10 21:30:00+00:00,3337.59,3339.32,3334.31,3337.0,54.9823
2025-06-10 22:00:00+00:00,3337.8,3340.28,3336.83,3337.0,33.6168
2025-06-10 22:30:00+00:00,3337.0,3340.42,3331.65,3338.79,56.7473
2025-06-10 23:00:00+00:00,3339.0,3339.8,3332.41,3335.8,27.0359
2025-06-10 23:30:00+00:00,3335.79,3340.19,3333.99,3340.18,25.1788
2025-06-11 00:00:00+00:00,3340.33,3346.09,3338.24,3344.61,42.2119
2025-06-11 00:30:00+00:00,3344.61,3346.7,3342.56,3344.97,37.435
2025-06-11 01:00:00+00:00,3344.97,3351.25,3342.64,3350.8,64.5989
2025-06-11 01:30:00+00:00,3350.8,3350.81,3343.01,3343.54,50.881
2025-06-11 02:00:00+00:00,3343.79,3350.41,3342.69,3348.39,8.0382
2025-06-11 02:30:00+00:00,3348.39,3355.45,3346.61,3351.6,115.9523
2025-06-11 03:00:00+00:00,3351.6,3353.14,3350.26,3352.49,22.1856
2025-06-11 03:30:00+00:00,3352.48,3354.59,3351.4,3352.56,12.4062
2025-06-11 04:00:00+00:00,3352.56,3355.13,3349.0,3354.14,32.1635
2025-06-11 04:30:00+00:00,3354.62,3356.36,3352.71,3356.06,19.0934
2025-06-11 05:00:00+00:00,3356.06,3356.38,3352.51,3354.2,32.3608
2025-06-11 05:30:00+00:00,3354.2,3354.8,3351.19,3353.8,19.4503
2025-06-11 06:00:00+00:00,3353.91,3355.12,3346.99,3347.64,120.3032
2025-06-11 06:30:00+00:00,3347.25,3353.39,3347.25,3351.92,16.919
2025-06-11 07:00:00+00:00,3351.91,3355.5,3351.08,3354.8,55.048
2025-06-11 07:30:00+00:00,3354.82,3360.3,3352.24,3358.64,73.555
2025-06-11 08:00:00+00:00,3358.63,3358.98,3356.77,3357.6,38.4945
2025-06-11 08:30:00+00:00,3357.6,3360.21,3356.55,3358.84,68.4947
2025-06-11 09:00:00+00:00,3358.84,3359.23,3350.31,3355.0,24.7461
2025-06-11 09:30:00+00:00,3354.6,3357.87,3349.58,3350.11,53.8097
2025-06-11 10:00:00+00:00,3350.37,3352.57,3350.0,3350.0,86.3694
2025-06-11 10:30:00+00:00,3350.01,3351.51,3347.0,3347.02,71.4894
2025-06-11 11:00:00+00:00,3347.02,3351.94,3345.0,3348.49,138.9207
2025-06-11 11:30:00+00:00,3348.49,3348.86,3346.16,3346.69,192.5982
2025-06-11 12:00:00+00:00,3346.7,3354.87,3344.86,3354.0,65.5055
2025-06-11 12:30:00+00:00,3353.39,3371.52,3348.01,3352.63,231.7419
2025-06-11 13:00:00+00:00,3352.62,3356.8,3346.8,3352.01,117.002
2025-06-11 13:30:00+00:00,3352.0,3352.0,3343.33,3344.94,86.296
2025-06-11 14:00:00+00:00,3344.67,3349.93,3344.67,3348.75,85.0983
2025-06-11 14:30:00+00:00,3348.75,3354.04,3348.75,3352.13,45.7349
2025-06-11 15:00:00+00:00,3352.13,3354.42,3349.29,3351.75,118.9477
2025-06-11 15:30:00+00:00,3351.75,3353.09,3344.61,3347.13,40.6929
2025-06-11 16:00:00+00:00,3347.13,3349.16,3343.8,3346.34,15.7589
2025-06-11 16:30:00+00:00,3346.47,3348.21,3345.48,3346.33,59.1031
2025-06-11 17:00:00+00:00,3346.8,3346.8,3339.5,3339.99,42.2637
2025-06-11 17:30:00+00:00,3339.99,3341.39,3337.6,3339.71,22.2379
2025-06-11 18:00:00+00:00,3339.98,3357.79,3339.8,3357.79,177.2281
2025-06-11 18:30:00+00:00,3357.83,3361.07,3353.31,3358.78,111.699
2025-06-11 19:00:00+00:00,3358.8,3360.0,3357.33,3358.29,38.7053
2025-06-11 19:30:00+00:00,3358.96,3363.35,3358.96,3360.52,43.3614
2025-06-11 20:00:00+00:00,3360.52,3368.3,3360.52,3368.22,118.6936
2025-06-11 20:30:00+00:00,3368.22,3372.75,3368.22,3372.02,90.5885
2025-06-11 21:00:00+00:00,3372.02,3376.86,3368.8,3376.02,106.4719
2025-06-11 21:30:00+00:00,3376.03,3377.4,3368.4,3370.34,120.536
2025-06-11 22:00:00+00:00,3370.33,3378.45,3370.33,3377.82,122.6654
2025-06-11 22:30:00+00:00,3377.81,3385.66,3377.04,3383.84,162.1869
2025-06-11 23:00:00+00:00,3383.84,3387.23,3378.82,3379.14,82.757
2025-06-11 23:30:00+00:00,3379.14,3381.79,3373.68,3379.4,110.3265
2025-06-12 00:00:00+00:00,3379.4,3384.53,3377.33,3383.2,88.0526
2025-06-12 00:30:00+00:00,3383.19,3384.76,3380.5,3382.61,31.6938
2025-06-12 01:00:00+00:00,3381.83,3389.69,3380.2,3389.26,62.0446
2025-06-12 01:30:00+00:00,3389.26,3409.3,3384.76,3387.61,396.874
2025-06-12 02:00:00+00:00,3387.39,3390.57,3385.0,3389.14,56.8651
2025-06-12 02:30:00+00:00,3389.15,3393.8,3388.39,3389.33,54.7415
2025-06-12 03:00:00+00:00,3389.33,3390.86,3385.93,3387.57,64.8281
2025-06-12 03:30:00+00:00,3387.57,3389.97,3385.39,3387.15,24.8488
2025-06-12 04:00:00+00:00,3387.16,3428.61,3382.46,3386.21,417.2368
2025-06-12 04:30:00+00:00,3386.21,3389.47,3386.21,3386.33,56.62
2025-06-12 05:00:00+00:00,3386.32,3390.42,3384.0,3388.56,72.3563
2025-06-12 05:30:00+00:00,3388.57,3390.32,3386.43,3390.1,51.3921
2025-06-12 06:00:00+00:00,3390.1,3390.31,3381.67,3384.27,74.2503
2025-06-12 06:30:00+00:00,3384.46,3389.61,3384.46,3389.0,45.0786
2025-06-12 07:00:00+00:00,3388.63,3389.45,3385.16,3385.16,12.7219
2025-06-12 07:30:00+00:00,3385.17,3385.81,3357.52,3364.02,151.9133
2025-06-12 08:00:00+00:00,3364.4,3376.78,3364.37,3376.78,59.2989
2025-06-12 08:30:00+00:00,3377.0,3380.0,3376.28,3376.99,40.939
2025-06-12 09:00:00+00:00,3376.98,3384.54,3376.44,3381.03,78.8077
2025-06-12 09:30:00+00:00,3381.04,3385.4,3377.83,3385.0,34.1037
2025-06-12 10:00:00+00:00,3385.01,3395.53,3382.26,3394.57,88.3819
2025-06-12 10:30:00+00:00,3394.57,3400.32,3394.57,3398.89,184.1116
2025-06-12 11:00:00+00:00,3398.9,3404.64,3398.06,3401.15,144.9138
2025-06-12 11:30:00+00:00,3401.09,3401.82,3390.81,3397.02,81.5025
2025-06-12 12:00:00+00:00,3396.62,3402.0,3393.52,3401.03,102.9633
2025-06-12 12:30:00+00:00,3402.0,3407.62,3401.63,3406.29,99.9046
2025-06-12 13:00:00+00:00,3406.83,3410.62,3397.78,3402.0,149.3445
2025-06-12 13:30:00+00:00,3402.0,3412.55,3399.93,3407.21,213.8739
2025-06-12 14:00:00+00:00,3407.21,3407.99,3400.04,3403.45,135.0683
2025-06-12 14:30:00+00:00,3403.45,3404.45,3398.28,3398.66,76.0594
2025-06-12 15:00:00+00:00,3398.67,3406.89,3394.9,3405.99,107.8952
2025-06-12 15:30:00+00:00,3405.99,3407.0,3401.76,3402.01,68.1765
2025-06-12 16:00:00+00:00,3401.75,3405.68,3399.93,3403.99,91.3192
2025-06-12 16:30:00+00:00,3404.37,3405.09,3399.55,3402.7,165.3461
2025-06-12 17:00:00+00:00,3402.7,3403.03,3395.57,3398.94,118.2878
2025-06-12 17:30:00+00:00,3398.93,3402.2,3396.61,3401.0,143.4953
2025-06-12 18:00:00+00:00,3401.0,3402.74,3400.99,3402.0,39.8354
2025-06-12 18:30:00+00:00,3402.0,3404.39,3391.1,3396.4,1041.9591
2025-06-12 19:00:00+00:00,3396.4,3400.01,3392.72,3399.2,156.0202
2025-06-12 19:30:00+00:00,3399.2,3401.34,3396.71,3399.8,215.4439
2025-06-12 20:00:00+00:00,3399.8,3404.66,3398.43,3399.14,153.8857
2025-06-12 20:30:00+00:00,3398.6,3399.01,3394.04,3397.2,200.7169
2025-06-12 21:00:00+00:00,3397.21,3401.4,3396.0,3399.75,91.3242
2025-06-12 21:30:00+00:00,3399.75,3402.04,3399.47,3399.53,81.8686
2025-06-12 22:00:00+00:00,3399.52,3399.52,3393.55,3394.56,41.9616
2025-06-12 22:30:00+00:00,3394.56,3397.87,3394.02,3395.71,23.3008
2025-06-12 23:00:00+00:00,3396.06,3399.4,3396.06,3398.4,27.1055
2025-06-12 23:30:00+00:00,3398.4,3408.88,3398.14,3408.42,107.5514
2025-06-13 00:00:00+00:00,3408.42,3428.0,3405.42,3428.0,835.3878
2025-06-13 00:30:00+00:00,3428.0,3437.98,3418.13,3432.68,608.8483
2025-06-13 01:00:00+00:00,3432.68,3446.0,3432.0,3445.21,533.7231
2025-06-13 01:30:00+00:00,3445.23,3451.82,3443.35,3448.36,579.572
2025-06-13 02:00:00+00:00,3448.35,3455.93,3444.04,3454.01,385.7972
2025-06-13 02:30:00+00:00,3453.98,3600.0,3452.6,3469.37,1867.8976
2025-06-13 03:00:00+00:00,3469.35,3471.97,3444.08,3452.65,654.0038
2025-06-13 03:30:00+00:00,3452.41,3454.64,3445.42,3450.8,339.7508
2025-06-13 04:00:00+00:00,3450.99,3460.33,3445.56,3450.96,484.0974
2025-06-13 04:30:00+00:00,3450.8,3454.55,3447.19,3449.95,261.7629
2025-06-13 05:00:00+00:00,3449.68,3454.6,3442.0,3443.18,183.7556
2025-06-13 05:30:00+00:00,3443.01,3453.1,3442.42,3452.39,219.9936
2025-06-13 06:00:00+00:00,3452.38,3454.72,3448.61,3454.72,403.2192
2025-06-13 06:30:00+00:00,3454.81,3467.83,3441.21,3448.01,586.7106
2025-06-13 07:00:00+00:00,3448.02,3451.62,3430.0,3445.75,361.4479
2025-06-13 07:30:00+00:00,3445.42,3448.03,3441.61,3442.69,196.0844
2025-06-13 08:00:00+00:00,3442.69,3450.21,3442.69,3449.39,157.8081
2025-06-13 08:30:00+00:00,3449.39,3450.21,3446.8,3448.81,104.5314
2025-06-13 09:00:00+00:00,3448.81,3451.39,3445.2,3447.09,120.7339
2025-06-13 09:30:00+00:00,3447.01,3451.6,3444.8,3450.43,97.8969
2025-06-13 10:00:00+00:00,3450.54,3454.71,3442.14,3449.68,150.9859
2025-06-13 10:30:00+00:00,3449.68,3452.41,3440.16,3445.01,245.8053
2025-06-13 11:00:00+00:00,3445.02,3452.98,3441.59,3446.67,208.9316
2025-06-13 11:30:00+00:00,3446.67,3450.49,3446.16,3449.69,67.5654
2025-06-13 12:00:00+00:00,3449.69,3454.0,3449.02,3453.3,86.2109
2025-06-13 12:30:00+00:00,3453.3,3463.61,3453.28,3463.11,135.1134
2025-06-13 13:00:00+00:00,3463.11,3470.84,3461.6,3469.0,270.7258
2025-06-13 13:30:00+00:00,3469.37,3475.96,3456.95,3458.05,237.7433
2025-06-13 14:00:00+00:00,3458.06,3459.47,3448.79,3457.4,170.7464
2025-06-13 14:30:00+00:00,3457.42,3462.16,3448.19,3450.18,227.7135
2025-06-13 15:00:00+00:00,3450.18,3452.99,3445.62,3449.01,272.6099
2025-06-13 15:30:00+00:00,3449.01,3449.21,3443.62,3447.28,213.3057
2025-06-13 16:00:00+00:00,3447.29,3449.87,3441.0,3448.0,283.6529
2025-06-13 16:30:00+00:00,3448.0,3454.01,3447.6,3449.61,125.5893
2025-06-13 17:00:00+00:00,3449.62,3453.59,3447.5,3453.06,111.8476
2025-06-13 17:30:00+00:00,3453.06,3453.3,3447.99,3451.6,107.5559
2025-06-13 18:00:00+00:00,3451.6,3457.16,3446.27,3452.84,216.462
2025-06-13 18:30:00+00:00,3454.19,3461.0,3454.19,3459.41,250.9915
2025-06-13 19:00:00+00:00,3459.41,3462.77,3456.99,3458.39,202.1876
2025-06-13 19:30:00+00:00,3458.38,3459.49,3453.0,3456.4,247.576
2025-06-13 20:00:00+00:00,3456.22,3457.2,3452.7,3455.01,88.6443
2025-06-13 20:30:00+00:00,3455.0,3457.37,3454.24,3454.99,121.4606
2025-06-13 21:00:00+00:00,3454.99,3456.6,3453.19,3456.46,67.2952
2025-06-13 21:30:00+00:00,3456.46,3460.81,3456.41,3458.14,115.0182
2025-06-13 22:00:00+00:00,3458.14,3480.0,3455.0,3455.85,309.5512
2025-06-13 22:30:00+00:00,3455.85,3462.02,3454.05,3457.97,106.6263
2025-06-13 23:00:00+00:00,3457.97,3460.02,3456.23,3458.67,63.6968
2025-06-13 23:30:00+00:00,3459.17,3463.35,3459.16,3461.98,58.7049
2025-06-14 00:00:00+00:00,3461.98,3465.0,3461.44,3462.21,106.6367
2025-06-14 00:30:00+00:00,3462.21,3463.08,3461.27,3461.97,46.1404
2025-06-14 01:00:00+00:00,3461.98,3462.2,3458.32,3460.81,40.2453
2025-06-14 01:30:00+00:00,3460.81,3467.66,3460.8,3464.17,354.0334
2025-06-14 02:00:00+00:00,3464.17,3465.39,3460.79,3460.79,35.8992
2025-06-14 02:30:00+00:00,3460.8,3460.8,3456.47,3456.55,40.122
2025-06-14 03:00:00+00:00,3456.55,3458.03,3454.71,3456.09,61.0729
2025-06-14 03:30:00+00:00,3456.08,3457.03,3455.39,3456.42,30.2598
2025-06-14 04:00:00+00:00,3456.43,3457.94,3456.14,3457.83,33.7956
2025-06-14 04:30:00+00:00,3457.84,3458.06,3454.84,3454.85,42.4433
2025-06-14 05:00:00+00:00,3454.84,3457.21,3454.84,3457.21,36.4061
2025-06-14 05:30:00+00:00,3457.22,3457.22,3452.02,3452.83,60.8828
2025-06-14 06:00:00+00:00,3452.84,3453.79,3452.83,3453.75,19.2283
2025-06-14 06:30:00+00:00,3453.76,3461.76,3453.75,3457.99,89.9515
2025-06-14 07:00:00+00:00,3457.99,3460.7,3456.89,3457.39,33.1798
2025-06-14 07:30:00+00:00,3457.38,3457.38,3452.4,3452.71,28.8289
2025-06-14 08:00:00+00:00,3452.72,3457.98,3452.72,3454.34,45.0191
2025-06-14 08:30:00+00:00,3454.33,3459.53,3454.2,3457.9,31.3635
2025-06-14 09:00:00+00:00,3458.6,3459.4,3456.13,3457.35,20.2148
2025-06-14 09:30:00+00:00,3457.34,3458.38,3455.92,3457.39,21.6333
2025-06-14 10:00:00+00:00,3457.4,3460.88,3457.4,3459.73,37.6857
2025-06-14 10:30:00+00:00,3459.73,3461.09,3459.73,3460.22,11.1916
2025-06-14 11:00:00+00:00,3460.23,3462.63,3460.21,3461.16,30.5754
2025-06-14 11:30:00+00:00,3461.16,3462.02,3459.2,3459.7,34.699
2025-06-14 12:00:00+00:00,3459.71,3459.71,3455.24,3457.73,30.6545
2025-06-14 12:30:00+00:00,3457.72,3457.72,3454.2,3454.35,55.2074
2025-06-14 13:00:00+00:00,3454.35,3459.05,3454.35,3458.99,115.8402
2025-06-14 13:30:00+00:00,3458.99,3461.03,3458.61,3460.05,35.8243
2025-06-14 14:00:00+00:00,3460.05,3460.62,3457.2,3457.38,36.5651
2025-06-14 14:30:00+00:00,3457.38,3460.79,3457.0,3460.78,52.4923
2025-06-14 15:00:00+00:00,3460.78,3462.79,3460.77,3462.73,44.0512
2025-06-14 15:30:00+00:00,3462.74,3468.11,3462.74,3465.45,155.1277
2025-06-14 16:00:00+00:00,3465.46,3487.0,3463.33,3467.41,352.3371
2025-06-14 16:30:00+00:00,3467.41,3469.4,3463.49,3464.66,71.4659
2025-06-14 17:00:00+00:00,3464.66,3469.62,3463.99,3465.78,112.661
2025-06-14 17:30:00+00:00,3465.78,3469.2,3463.99,3468.75,44.65
2025-06-14 18:00:00+00:00,3468.75,3472.0,3466.93,3470.95,50.9674
2025-06-14 18:30:00+00:00,3470.93,3480.0,3470.56,3479.99,86.5717
2025-06-14 19:00:00+00:00,3479.99,3479.99,3470.63,3475.29,185.2606
2025-06-14 19:30:00+00:00,3475.28,3494.4,3475.28,3482.43,203.4648
2025-06-14 20:00:00+00:00,3482.95,3495.0,3481.83,3491.7,162.3022
2025-06-14 20:30:00+00:00,3491.56,3491.6,3476.0,3486.74,158.2221
2025-06-14 21:00:00+00:00,3486.84,3497.0,3486.84,3493.38,147.1072
2025-06-14 21:30:00+00:00,3493.38,3493.44,3481.08,3489.67,129.9749
2025-06-14 22:00:00+00:00,3489.58,3491.53,3484.26,3487.93,65.8342
2025-06-14 22:30:00+00:00,3487.94,3488.47,3481.39,3487.64,54.6677
2025-06-14 23:00:00+00:00,3487.64,3489.26,3476.24,3476.96,42.5621
2025-06-14 23:30:00+00:00,3476.97,3488.66,3476.97,3487.6,31.5977
2025-06-15 00:00:00+00:00,3487.6,3493.94,3487.6,3490.2,75.5947
2025-06-15 00:30:00+00:00,3490.5,3491.18,3485.14,3491.18,32.8072
2025-06-15 01:00:00+00:00,3491.28,3492.04,3489.0,3491.88,31.6575
2025-06-15 01:30:00+00:00,3491.89,3496.01,3491.21,3493.84,27.9144
2025-06-15 02:00:00+00:00,3493.84,3493.85,3481.01,3481.01,29.6522
2025-06-15 02:30:00+00:00,3481.2,3486.83,3477.31,3478.59,77.5991
2025-06-15 03:00:00+00:00,3478.59,3484.0,3477.63,3479.38,24.6984
2025-06-15 03:30:00+00:00,3479.21,3487.3,3475.62,3485.0,52.6713
2025-06-15 04:00:00+00:00,3484.82,3484.83,3480.17,3480.99,37.2488
2025-06-15 04:30:00+00:00,3480.99,3484.59,3479.01,3482.02,23.4456
2025-06-15 05:00:00+00:00,3482.02,3483.19,3481.0,3483.19,16.9397
2025-06-15 05:30:00+00:00,3483.19,3483.6,3481.02,3482.6,27.4212
2025-06-15 06:00:00+00:00,3482.61,3483.29,3478.57,3478.6,25.1071
2025-06-15 06:30:00+00:00,3478.59,3481.92,3473.42,3477.96,101.4686
2025-06-15 07:00:00+00:00,3478.01,3489.78,3478.01,3482.89,87.1131
2025-06-15 07:30:00+00:00,3482.88,3486.39,3481.0,3482.47,27.8652
2025-06-15 08:00:00+00:00,3483.07,3484.92,3480.39,3481.36,30.0944
2025-06-15 08:30:00+00:00,3481.36,3489.36,3481.36,3489.35,40.2771
2025-06-15 09:00:00+00:00,3489.35,3491.28,3487.02,3491.27,57.2533
2025-06-15 09:30:00+00:00,3491.27,3492.08,3489.51,3492.06,58.5021
2025-06-15 10:00:00+00:00,3492.06,3493.08,3490.69,3492.74,38.9612
2025-06-15 10:30:00+00:00,3492.74,3492.75,3472.0,3485.8,274.1858
2025-06-15 11:00:00+00:00,3485.81,3490.4,3485.81,3489.86,36.3702
2025-06-15 11:30:00+00:00,3489.85,3495.41,3489.1,3493.33,54.6782
2025-06-15 12:00:00+00:00,3493.33,3495.42,3490.6,3494.56,35.2992
2025-06-15 12:30:00+00:00,3494.55,3495.65,3494.19,3495.18,47.4648
2025-06-15 13:00:00+00:00,3495.19,3495.19,3486.4,3489.18,85.2678
2025-06-15 13:30:00+00:00,3489.19,3495.32,3477.0,3477.0,199.8547
2025-06-15 14:00:00+00:00,3477.0,3483.47,3475.99,3482.0,65.1701
2025-06-15 14:30:00+00:00,3481.99,3484.0,3474.0,3478.05,131.5961
2025-06-15 15:00:00+00:00,3477.91,3482.71,3476.08,3482.71,51.0991
2025-06-15 15:30:00+00:00,3482.7,3483.4,3474.87,3478.92,89.8317
2025-06-15 16:00:00+00:00,3479.2,3479.74,3473.82,3474.66,74.8269
2025-06-15 16:30:00+00:00,3474.66,3474.67,3467.26,3468.5,84.6323
2025-06-15 17:00:00+00:00,3468.51,3471.51,3467.65,3471.5,38.9778
2025-06-15 17:30:00+00:00,3471.51,3479.59,3471.5,3478.87,60.0666
2025-06-15 18:00:00+00:00,3478.87,3480.56,3478.87,3479.95,32.1536
2025-06-15 18:30:00+00:00,3479.95,3481.17,3476.62,3478.57,70.4824
2025-06-15 19:00:00+00:00,3478.56,3488.0,3478.56,3487.99,280.367
2025-06-15 19:30:00+00:00,3487.99,3488.86,3481.99,3486.75,302.5895
2025-06-15 20:00:00+00:00,3486.75,3487.76,3482.45,3485.01,47.7897
2025-06-15 20:30:00+00:00,3485.01,3487.25,3479.63,3485.37,74.9606
2025-06-15 21:00:00+00:00,3485.42,3489.99,3483.4,3488.22,74.8596
2025-06-15 21:30:00+00:00,3488.21,3491.99,3484.59,3484.61,106.8734
2025-06-15 22:00:00+00:00,3485.02,3487.92,3465.0,3476.89,307.5465
2025-06-15 22:30:00+00:00,3476.94,3480.21,3472.72,3478.6,127.0383
2025-06-15 23:00:00+00:00,3478.6,3480.0,3476.46,3479.22,44.9485
2025-06-15 23:30:00+00:00,3479.22,3480.33,3476.27,3476.97,66.6479
2025-06-16 00:00:00+00:00,3476.94,3485.12,3472.94,3482.0,111.2738
2025-06-16 00:30:00+00:00,3481.98,3484.98,3473.45,3476.83,236.924
2025-06-16 01:00:00+00:00,3476.56,3476.56,3468.16,3470.0,88.0063
2025-06-16 01:30:00+00:00,3470.0,3471.98,3468.03,3471.7,103.388
2025-06-16 02:00:00+00:00,3472.0,3476.56,3471.36,3471.36,90.448
2025-06-16 02:30:00+00:00,3471.37,3472.4,3465.5,3466.48,134.1286
2025-06-16 03:00:00+00:00,3466.48,3467.03,3462.26,3465.33,181.8655
2025-06-16 03:30:00+00:00,3465.32,3465.32,3458.03,3460.07,108.0614
2025-06-16 04:00:00+00:00,3459.68,3460.53,3454.0,3454.47,102.9723
2025-06-16 04:30:00+00:00,3454.48,3456.79,3451.77,3452.44,120.1742
2025-06-16 05:00:00+00:00,3452.45,3453.99,3450.0,3451.12,134.7391
2025-06-16 05:30:00+00:00,3451.13,3455.04,3446.53,3446.55,148.251
2025-06-16 06:00:00+00:00,3446.54,3446.54,3440.0,3440.0,135.2948
2025-06-16 06:30:00+00:00,3440.0,3444.0,3438.25,3440.4,135.9318
2025-06-16 07:00:00+00:00,3440.98,3443.2,3433.0,3435.99,210.5969
2025-06-16 07:30:00+00:00,3436.0,3440.0,3434.2,3435.32,223.766
2025-06-16 08:00:00+00:00,3435.32,3444.48,3434.8,3440.11,199.2055
2025-06-16 08:30:00+00:00,3440.1,3445.21,3439.61,3439.61,65.0035
2025-06-16 09:00:00+00:00,3439.62,3444.08,3439.6,3443.98,86.2319
2025-06-16 09:30:00+00:00,3443.98,3443.98,3430.0,3438.2,206.7079
2025-06-16 10:00:00+00:00,3438.3,3441.67,3430.0,3440.69,161.126
2025-06-16 10:30:00+00:00,3440.68,3447.89,3440.2,3447.37,52.1766
2025-06-16 11:00:00+00:00,3447.37,3449.41,3445.13,3447.63,79.9366
2025-06-16 11:30:00+00:00,3447.62,3447.63,3439.11,3440.75,64.0734
2025-06-16 12:00:00+00:00,3440.75,3443.34,3439.21,3441.61,41.9421
2025-06-16 12:30:00+00:00,3441.61,3443.57,3439.0,3442.01,71.3325
2025-06-16 13:00:00+00:00,3442.01,3443.75,3435.88,3441.08,59.0517
2025-06-16 13:30:00+00:00,3441.09,3441.98,3413.97,3416.58,354.2086
2025-06-16 14:00:00+00:00,3416.16,3426.59,3415.16,3418.51,244.6254
2025-06-16 14:30:00+00:00,3418.52,3423.78,3416.55,3421.24,243.7683
2025-06-16 15:00:00+00:00,3421.25,3428.09,3421.25,3428.08,217.9156
2025-06-16 15:30:00+00:00,3428.08,3428.49,3422.73,3426.44,197.565
2025-06-16 16:00:00+00:00,3426.43,3426.99,3420.0,3422.46,135.0688
2025-06-16 16:30:00+00:00,3422.45,3423.49,3420.8,3422.21,82.0331
2025-06-16 17:00:00+00:00,3422.21,3422.6,3415.0,3420.62,518.7918
2025-06-16 17:30:00+00:00,3420.62,3421.03,3415.75,3416.24,81.9432
2025-06-16 18:00:00+00:00,3416.23,3416.52,3411.38,3411.39,257.3054
2025-06-16 18:30:00+00:00,3411.42,3413.95,3406.32,3408.58,134.2017
2025-06-16 19:00:00+00:00,3408.57,3409.58,3405.0,3407.98,193.3375
2025-06-16 19:30:00+00:00,3407.98,3412.07,3407.76,3408.08,105.5063
2025-06-16 20:00:00+00:00,3408.03,3408.04,3404.75,3406.84,61.8501
2025-06-16 20:30:00+00:00,3406.84,3408.71,3401.0,3405.0,231.9119
2025-06-16 21:00:00+00:00,3405.0,3414.96,3404.37,3411.99,205.6885
2025-06-16 21:30:00+00:00,3411.98,3415.65,3410.52,3415.19,89.0618
2025-06-16 22:00:00+00:00,3415.19,3415.89,3410.56,3415.41,97.9969
2025-06-16 22:30:00+00:00,3415.41,3423.51,3413.51,3421.8,310.9447
2025-06-16 23:00:00+00:00,3421.81,3426.38,3417.93,3426.38,175.1776
2025-06-16 23:30:00+00:00,3426.39,3432.41,3422.0,3432.41,270.2272
2025-06-17 00:00:00+00:00,3432.4,3434.73,3425.61,3429.41,293.4724
2025-06-17 00:30:00+00:00,3429.6,3436.04,3420.15,3422.47,153.8653
2025-06-17 01:00:00+00:00,3422.47,3431.59,3422.47,3428.41,110.1383
2025-06-17 01:30:00+00:00,3428.41,3429.8,3423.31,3423.8,106.7941
2025-06-17 02:00:00+00:00,3423.81,3425.09,3420.06,3422.51,82.5961
2025-06-17 02:30:00+00:00,3422.52,3427.16,3416.0,3416.99,168.2187
2025-06-17 03:00:00+00:00,3417.0,3419.29,3405.03,3411.99,218.783
2025-06-17 03:30:00+00:00,3412.0,3413.91,3409.0,3411.94,168.1932
2025-06-17 04:00:00+00:00,3411.94,3415.01,3410.41,3412.6,156.7669
2025-06-17 04:30:00+00:00,3412.59,3420.4,3412.59,3418.98,102.2322
2025-06-17 05:00:00+00:00,3418.97,3420.03,3416.81,3419.86,199.9953
2025-06-17 05:30:00+00:00,3419.86,3423.31,3415.4,3418.39,285.853
2025-06-17 06:00:00+00:00,3418.39,3418.6,3411.19,3412.61,151.0055
2025-06-17 06:30:00+00:00,3412.61,3413.46,3406.82,3409.61,93.6087
2025-06-17 07:00:00+00:00,3409.61,3418.74,3408.17,3412.61,177.8692
2025-06-17 07:30:00+00:00,3412.62,3416.38,3409.0,3413.25,123.9944
2025-06-17 08:00:00+00:00,3412.6,3414.35,3410.01,3410.41,106.8047
2025-06-17 08:30:00+00:00,3410.41,3412.8,3405.3,3405.59,148.5671
2025-06-17 09:00:00+00:00,3405.59,3408.99,3403.6,3406.39,214.9911
2025-06-17 09:30:00+00:00,3406.2,3410.2,3404.99,3410.2,120.9656
2025-06-17 10:00:00+00:00,3410.2,3422.86,3410.2,3420.21,192.5036
2025-06-17 10:30:00+00:00,3420.21,3425.96,3417.6,3425.95,102.9832
2025-06-17 11:00:00+00:00,3425.96,3430.55,3420.67,3421.4,95.6243
2025-06-17 11:30:00+00:00,3421.4,3424.79,3418.8,3418.8,72.0086
2025-06-17 12:00:00+00:00,3418.8,3418.8,3413.0,3413.8,64.3448
2025-06-17 12:30:00+00:00,3413.8,3417.83,3413.0,3414.79,64.5258
2025-06-17 13:00:00+00:00,3414.79,3424.65,3414.66,3419.51,134.1038
2025-06-17 13:30:00+00:00,3419.5,3421.86,3413.63,3415.08,192.9686
2025-06-17 14:00:00+00:00,3415.07,3416.8,3406.41,3407.19,328.051
2025-06-17 14:30:00+00:00,3406.82,3408.79,3392.2,3407.4,689.4162
2025-06-17 15:00:00+00:00,3407.41,3409.88,3403.53,3404.21,127.4584
2025-06-17 15:30:00+00:00,3404.21,3405.4,3398.2,3402.95,185.3442
2025-06-17 16:00:00+00:00,3402.95,3404.4,3399.46,3402.8,192.2199
2025-06-17 16:30:00+00:00,3402.81,3406.24,3399.13,3403.17,348.829
2025-06-17 17:00:00+00:00,3403.17,3411.88,3402.44,3409.99,223.856
2025-06-17 17:30:00+00:00,3409.98,3412.77,3408.2,3410.83,246.5134
2025-06-17 18:00:00+00:00,3410.82,3416.19,3410.0,3413.43,109.513
2025-06-17 18:30:00+00:00,3413.41,3415.8,3405.0,3405.0,82.9151
2025-06-17 19:00:00+00:00,3405.01,3408.85,3405.01,3406.56,171.5602
2025-06-17 19:30:00+00:00,3406.21,3409.38,3406.2,3409.38,86.5467
2025-06-17 20:00:00+00:00,3409.37,3409.92,3407.0,3409.51,78.4488
2025-06-17 20:30:00+00:00,3409.51,3412.81,3408.52,3412.75,94.5996
2025-06-17 21:00:00+00:00,3412.75,3417.0,3411.25,3417.0,250.3807
2025-06-17 21:30:00+00:00,3416.99,3421.02,3414.93,3419.86,119.2696
2025-06-17 22:00:00+00:00,3419.86,3422.21,3418.93,3419.62,63.9813
2025-06-17 22:30:00+00:00,3419.62,3420.0,3416.6,3416.6,46.6891
2025-06-17 23:00:00+00:00,3416.4,3418.2,3415.66,3416.59,61.0915
2025-06-17 23:30:00+00:00,3416.6,3417.6,3412.71,3413.75,74.3985
2025-06-18 00:00:00+00:00,3413.76,3415.61,3410.0,3410.21,130.1175
2025-06-18 00:30:00+00:00,3410.38,3411.64,3408.56,3409.01,166.582
2025-06-18 01:00:00+00:00,3409.01,3412.07,3407.6,3409.55,139.5815
2025-06-18 01:30:00+00:00,3409.61,3411.15,3403.6,3403.61,106.5688
2025-06-18 02:00:00+00:00,3403.61,3403.61,3398.13,3398.44,170.3282
2025-06-18 02:30:00+00:00,3398.45,3402.23,3397.39,3401.87,150.2024
2025-06-18 03:00:00+00:00,3401.87,3407.18,3400.83,3406.21,155.5854
2025-06-18 03:30:00+00:00,3406.21,3411.83,3406.04,3411.43,109.4909
2025-06-18 04:00:00+00:00,3411.44,3416.0,3410.2,3415.32,102.2117
2025-06-18 04:30:00+00:00,3415.33,3418.79,3414.0,3414.98,77.5849
2025-06-18 05:00:00+00:00,3414.98,3414.98,3412.01,3412.79,53.2802
2025-06-18 05:30:00+00:00,3412.79,3412.79,3406.31,3406.76,132.1938
2025-06-18 06:00:00+00:00,3406.75,3407.87,3406.01,3406.11,114.7783
2025-06-18 06:30:00+00:00,3406.11,3409.7,3405.02,3407.6,206.9827
2025-06-18 07:00:00+00:00,3407.6,3408.07,3403.0,3403.0,214.234
2025-06-18 07:30:00+00:00,3403.0,3409.57,3402.14,3408.85,122.1084
2025-06-18 08:00:00+00:00,3408.85,3411.4,3406.87,3410.79,178.0221
2025-06-18 08:30:00+00:00,3410.79,3410.8,3405.8,3405.81,105.5734
2025-06-18 09:00:00+00:00,3405.81,3407.95,3403.93,3405.2,89.3902
2025-06-18 09:30:00+00:00,3405.21,3405.4,3400.6,3400.93,104.3125
2025-06-18 10:00:00+00:00,3400.92,3401.57,3400.01,3400.01,95.6624
2025-06-18 10:30:00+00:00,3400.01,3404.83,3399.31,3404.1,247.972
2025-06-18 11:00:00+00:00,3404.11,3408.07,3403.2,3408.07,101.8611
2025-06-18 11:30:00+00:00,3408.07,3409.44,3402.28,3403.59,86.9556
2025-06-18 12:00:00+00:00,3403.99,3409.98,3403.99,3409.2,110.2834
2025-06-18 12:30:00+00:00,3409.01,3413.77,3407.0,3408.61,156.0872
2025-06-18 13:00:00+00:00,3408.41,3416.31,3408.0,3415.78,179.9973
2025-06-18 13:30:00+00:00,3416.07,3418.0,3413.01,3415.72,161.3981
2025-06-18 14:00:00+00:00,3415.3,3415.59,3397.0,3402.2,431.6772
2025-06-18 14:30:00+00:00,3402.23,3408.5,3402.23,3405.0,203.6844
2025-06-18 15:00:00+00:00,3405.4,3409.0,3399.99,3406.81,217.0788
2025-06-18 15:30:00+00:00,3406.81,3413.52,3406.15,3412.88,45.0556
2025-06-18 16:00:00+00:00,3412.75,3414.38,3406.86,3410.95,277.5347
2025-06-18 16:30:00+00:00,3410.81,3411.05,3408.11,3408.67,85.5293
2025-06-18 17:00:00+00:00,3408.67,3409.5,3406.25,3409.18,89.175
2025-06-18 17:30:00+00:00,3409.17,3409.17,3404.99,3405.63,122.8067
2025-06-18 18:00:00+00:00,3405.04,3413.71,3405.04,3409.77,61.019
2025-06-18 18:30:00+00:00,3409.78,3410.8,3399.4,3400.01,52.1777
2025-06-18 19:00:00+00:00,3400.0,3400.0,3388.71,3388.71,132.0356
2025-06-18 19:30:00+00:00,3388.71,3395.79,3386.57,3389.21,99.9019
2025-06-18 20:00:00+00:00,3389.21,3390.19,3384.36,3386.0,117.5701
2025-06-18 20:30:00+00:00,3385.99,3390.25,3385.48,3389.39,186.0215
2025-06-18 21:00:00+00:00,3389.38,3395.01,3386.52,3391.71,102.7573
2025-06-18 21:30:00+00:00,3391.78,3394.8,3389.51,3391.23,66.9119
2025-06-18 22:00:00+00:00,3391.23,3397.38,3390.25,3395.5,23.1023
2025-06-18 22:30:00+00:00,3396.16,3396.16,3393.47,3394.42,9.093
2025-06-18 23:00:00+00:00,3394.41,3395.57,3391.01,3391.01,11.7488
2025-06-18 23:30:00+00:00,3391.02,3396.36,3391.0,3395.4,25.4089
2025-06-19 00:00:00+00:00,3395.4,3401.27,3395.4,3400.4,43.8688
2025-06-19 00:30:00+00:00,3400.4,3403.14,3399.28,3399.28,68.4194
2025-06-19 01:00:00+00:00,3399.29,3405.12,3397.08,3398.49,67.5624
2025-06-19 01:30:00+00:00,3399.39,3401.88,3396.0,3396.0,34.6787
2025-06-19 02:00:00+00:00,3396.0,3400.17,3395.2,3396.22,31.0325
2025-06-19 02:30:00+00:00,3396.22,3398.05,3395.04,3395.29,91.9522
2025-06-19 03:00:00+00:00,3395.3,3395.3,3388.0,3389.51,137.3755
2025-06-19 03:30:00+00:00,3389.51,3394.46,3389.5,3393.36,77.7495
2025-06-19 04:00:00+00:00,3393.36,3393.96,3391.29,3391.3,47.6835
2025-06-19 04:30:00+00:00,3391.3,3393.82,3390.21,3393.2,74.2518
2025-06-19 05:00:00+00:00,3393.11,3393.11,3388.6,3390.0,85.759
2025-06-19 05:30:00+00:00,3390.0,3391.19,3379.7,3383.58,182.2655
2025-06-19 06:00:00+00:00,3383.79,3383.79,3371.4,3371.4,234.3268
2025-06-19 06:30:00+00:00,3371.4,3376.03,3370.0,3375.79,228.601
2025-06-19 07:00:00+00:00,3375.8,3377.16,3370.41,3372.69,170.5375
2025-06-19 07:30:00+00:00,3372.69,3387.32,3372.69,3386.06,93.9874
2025-06-19 08:00:00+00:00,3386.1,3389.57,3379.31,3385.99,209.1495
2025-06-19 08:30:00+00:00,3386.01,3389.52,3384.49,3388.0,21.2434
2025-06-19 09:00:00+00:00,3388.41,3392.84,3383.47,3390.95,90.5139
2025-06-19 09:30:00+00:00,3390.95,3390.96,3387.96,3388.67,29.4233
2025-06-19 10:00:00+00:00,3388.67,3395.0,3387.14,3393.53,47.5346
2025-06-19 10:30:00+00:00,3393.54,3395.99,3392.81,3395.29,44.2238
2025-06-19 11:00:00+00:00,3395.29,3395.29,3391.77,3392.8,34.9497
2025-06-19 11:30:00+00:00,3392.8,3396.51,3391.2,3392.19,66.751
2025-06-19 12:00:00+00:00,3392.15,3392.99,3384.06,3385.6,46.1759
2025-06-19 12:30:00+00:00,3385.59,3390.97,3385.58,3388.08,103.2375
2025-06-19 13:00:00+00:00,3388.04,3388.54,3382.81,3382.81,118.4147
2025-06-19 13:30:00+00:00,3382.81,3390.14,3382.1,3388.49,71.177
2025-06-19 14:00:00+00:00,3388.48,3390.28,3383.55,3383.6,32.5701
2025-06-19 14:30:00+00:00,3383.6,3387.4,3382.68,3385.25,49.7163
2025-06-19 15:00:00+00:00,3385.2,3389.11,3384.0,3387.93,52.0962
2025-06-19 15:30:00+00:00,3387.5,3391.63,3386.7,3390.2,67.0475
2025-06-19 16:00:00+00:00,3390.21,3391.48,3387.75,3391.02,24.8287
2025-06-19 16:30:00+00:00,3391.01,3391.17,3388.6,3390.68,45.2076
2025-06-19 17:00:00+00:00,3390.69,3394.82,3390.6,3394.53,72.8613
2025-06-19 17:30:00+00:00,3394.54,3394.54,3388.0,3391.0,121.1898
2025-06-19 18:00:00+00:00,3390.99,3393.59,3389.2,3393.39,12.3373
2025-06-19 18:30:00+00:00,3393.53,3393.82,3392.98,3393.82,23.0553
2025-06-19 19:00:00+00:00,3393.82,3395.99,3393.42,3395.81,29.2192
2025-06-19 19:30:00+00:00,3395.6,3397.59,3394.8,3394.8,63.9135
2025-06-19 20:00:00+00:00,3394.81,3396.75,3394.24,3395.15,42.2965
2025-06-19 20:30:00+00:00,3395.14,3395.45,3394.11,3394.8,17.5463
2025-06-19 21:00:00+00:00,3394.98,3396.39,3394.14,3394.41,40.3632
2025-06-19 21:30:00+00:00,3394.34,3395.91,3392.96,3393.02,21.005
2025-06-19 22:00:00+00:00,3393.02,3393.17,3385.34,3388.0,30.9241
2025-06-19 22:30:00+00:00,3388.0,3388.18,3386.4,3387.52,29.6507
2025-06-19 23:00:00+00:00,3387.52,3391.39,3386.85,3390.55,46.8144
2025-06-19 23:30:00+00:00,3390.56,3391.55,3388.97,3389.8,22.9628
2025-06-20 00:00:00+00:00,3389.8,3392.6,3388.38,3389.14,19.8624
2025-06-20 00:30:00+00:00,3388.82,3392.17,3387.98,3391.59,12.0259
2025-06-20 01:00:00+00:00,3390.61,3391.19,3382.33,3384.61,52.753
2025-06-20 01:30:00+00:00,3385.19,3385.26,3379.82,3379.82,137.7711
2025-06-20 02:00:00+00:00,3379.81,3381.79,3377.48,3378.8,98.3138
2025-06-20 02:30:00+00:00,3378.81,3378.82,3373.39,3373.39,130.0021
2025-06-20 03:00:00+00:00,3373.39,3374.8,3369.2,3374.14,161.1382
2025-06-20 03:30:00+00:00,3374.41,3378.57,3373.04,3377.85,169.3913
2025-06-20 04:00:00+00:00,3377.86,3378.81,3375.06,3378.2,210.4507
2025-06-20 04:30:00+00:00,3378.2,3378.91,3374.49,3375.24,106.7076
2025-06-20 05:00:00+00:00,3375.25,3375.37,3372.01,3372.01,79.1376
2025-06-20 05:30:00+00:00,3372.0,3373.57,3366.0,3367.8,120.2936
2025-06-20 06:00:00+00:00,3367.79,3371.16,3367.04,3367.24,98.0411
2025-06-20 06:30:00+00:00,3367.23,3368.0,3363.5,3366.85,131.1276
2025-06-20 07:00:00+00:00,3366.81,3377.7,3366.01,3374.79,130.2696
2025-06-20 07:30:00+00:00,3374.79,3374.79,3370.03,3370.2,209.8197
2025-06-20 08:00:00+00:00,3370.21,3372.56,3369.0,3371.2,198.4897
2025-06-20 08:30:00+00:00,3371.09,3373.6,3371.0,3371.94,149.2235
2025-06-20 09:00:00+00:00,3371.94,3377.13,3371.0,3376.77,151.5082
2025-06-20 09:30:00+00:00,3376.61,3378.57,3374.04,3374.41,112.8113
2025-06-20 10:00:00+00:00,3374.42,3377.17,3374.42,3376.41,198.0308
2025-06-20 10:30:00+00:00,3376.42,3377.94,3374.6,3375.0,125.3955
2025-06-20 11:00:00+00:00,3375.0,3375.01,3371.38,3371.94,98.1053
2025-06-20 11:30:00+00:00,3371.9,3377.49,3369.0,3369.0,156.2999
2025-06-20 12:00:00+00:00,3369.01,3370.67,3365.55,3368.0,211.9559
2025-06-20 12:30:00+00:00,3368.03,3368.4,3362.75,3364.41,187.5299
2025-06-20 13:00:00+00:00,3364.41,3375.69,3363.2,3374.48,91.7577
2025-06-20 13:30:00+00:00,3374.8,3390.27,3374.8,3388.41,284.2737
2025-06-20 14:00:00+00:00,3388.21,3390.35,3381.41,3383.96,203.8806
2025-06-20 14:30:00+00:00,3383.97,3386.8,3380.65,3385.6,359.0575
2025-06-20 15:00:00+00:00,3385.6,3389.36,3383.6,3384.29,221.3453
2025-06-20 15:30:00+00:00,3384.29,3386.8,3382.29,3386.51,128.5261
2025-06-20 16:00:00+00:00,3386.41,3387.38,3384.61,3387.11,59.7241
2025-06-20 16:30:00+00:00,3387.11,3389.73,3386.4,3387.89,71.8163
2025-06-20 17:00:00+00:00,3387.9,3388.0,3385.07,3385.4,125.7077
2025-06-20 17:30:00+00:00,3385.41,3388.31,3383.83,3385.39,154.3949
2025-06-20 18:00:00+00:00,3385.22,3386.58,3383.0,3383.0,54.8075
2025-06-20 18:30:00+00:00,3383.01,3384.0,3382.2,3383.72,16.1618
2025-06-20 19:00:00+00:00,3383.72,3387.09,3383.72,3387.08,21.7568
2025-06-20 19:30:00+00:00,3387.08,3387.44,3384.61,3385.36,38.2857
2025-06-20 20:00:00+00:00,3385.36,3389.82,3385.07,3387.65,94.2117
2025-06-20 20:30:00+00:00,3387.64,3388.92,3387.51,3387.51,24.0967
2025-06-20 21:00:00+00:00,3387.51,3391.76,3387.51,3391.76,26.4257
2025-06-20 21:30:00+00:00,3391.83,3394.91,3391.82,3394.74,82.5148
2025-06-20 22:00:00+00:00,3394.73,3394.73,3389.91,3394.04,73.3913
2025-06-20 22:30:00+00:00,3394.04,3394.04,3390.2,3391.59,12.7244
2025-06-20 23:00:00+00:00,3391.58,3393.6,3390.79,3393.6,37.9715
2025-06-20 23:30:00+00:00,3393.6,3395.89,3393.6,3394.69,79.5215
2025-06-21 00:00:00+00:00,3394.69,3394.69,3390.69,3394.05,95.5897
2025-06-21 00:30:00+00:00,3394.02,3394.43,3392.6,3393.66,31.8107
2025-06-21 01:00:00+00:00,3393.66,3393.7,3392.61,3393.01,14.043
2025-06-21 01:30:00+00:00,3393.0,3394.6,3392.21,3394.59,40.3177
2025-06-21 02:00:00+00:00,3394.59,3394.6,3391.34,3391.34,4.611
2025-06-21 02:30:00+00:00,3391.35,3391.35,3389.61,3389.62,7.0617
2025-06-21 03:00:00+00:00,3389.63,3391.01,3387.0,3389.79,52.286
2025-06-21 03:30:00+00:00,3389.8,3390.47,3389.8,3390.19,11.8872
2025-06-21 04:00:00+00:00,3390.18,3392.97,3389.6,3392.0,48.1122
2025-06-21 04:30:00+00:00,3391.99,3395.8,3391.85,3395.26,107.8626
2025-06-21 05:00:00+00:00,3395.26,3395.47,3392.4,3393.68,61.0888
2025-06-21 05:30:00+00:00,3393.68,3395.35,3393.41,3395.11,58.3111
2025-06-21 06:00:00+00:00,3395.12,3395.8,3395.11,3395.47,40.5715
2025-06-21 06:30:00+00:00,3395.47,3395.6,3395.29,3395.3,24.1246
2025-06-21 07:00:00+00:00,3395.29,3395.29,3394.55,3394.7,24.513
2025-06-21 07:30:00+00:00,3394.71,3394.71,3392.99,3392.99,10.5786
2025-06-21 08:00:00+00:00,3392.96,3392.96,3390.0,3391.91,30.9111
2025-06-21 08:30:00+00:00,3391.9,3393.64,3391.0,3392.79,62.7595
2025-06-21 09:00:00+00:00,3392.79,3394.51,3392.6,3392.83,71.2369
2025-06-21 09:30:00+00:00,3392.83,3394.63,3392.82,3394.55,34.5207
2025-06-21 10:00:00+00:00,3394.55,3395.35,3394.04,3394.05,66.1636
2025-06-21 10:30:00+00:00,3394.04,3394.05,3391.88,3392.26,41.4398
2025-06-21 11:00:00+00:00,3392.27,3392.4,3391.9,3392.19,21.5968
2025-06-21 11:30:00+00:00,3392.28,3392.77,3392.09,3392.77,13.6479
2025-06-21 12:00:00+00:00,3392.79,3392.79,3392.04,3392.05,21.1161
2025-06-21 12:30:00+00:00,3392.05,3394.39,3392.04,3394.38,37.635
2025-06-21 13:00:00+00:00,3394.38,3395.0,3394.37,3394.65,54.5345
2025-06-21 13:30:00+00:00,3394.65,3395.0,3394.6,3394.99,80.2604
2025-06-21 14:00:00+00:00,3395.0,3398.75,3392.47,3395.79,217.4289
2025-06-21 14:30:00+00:00,3395.79,3395.91,3391.66,3391.66,72.15
2025-06-21 15:00:00+00:00,3391.66,3395.0,3391.66,3394.4,58.2801
2025-06-21 15:30:00+00:00,3394.41,3394.41,3391.78,3393.21,76.4048
2025-06-21 16:00:00+00:00,3393.2,3393.21,3391.0,3392.14,267.2533
2025-06-21 16:30:00+00:00,3392.14,3395.28,3392.14,3392.34,130.5847
2025-06-21 17:00:00+00:00,3392.33,3392.74,3389.03,3392.62,67.3086
2025-06-21 17:30:00+00:00,3392.62,3399.37,3391.73,3399.36,182.5537
2025-06-21 18:00:00+00:00,3399.28,3400.95,3398.84,3400.46,190.5368
2025-06-21 18:30:00+00:00,3400.46,3401.0,3397.6,3397.61,211.9283
2025-06-21 19:00:00+00:00,3397.61,3401.68,3397.0,3401.55,106.1496
2025-06-21 19:30:00+00:00,3401.69,3404.73,3401.06,3404.72,133.2132
2025-06-21 20:00:00+00:00,3404.72,3410.44,3404.72,3409.55,157.7206
2025-06-21 20:30:00+00:00,3409.56,3410.66,3409.17,3409.88,113.2194
2025-06-21 21:00:00+00:00,3409.88,3409.88,3400.49,3401.6,166.7638
2025-06-21 21:30:00+00:00,3401.75,3402.14,3390.02,3398.43,214.1699
2025-06-21 22:00:00+00:00,3398.44,3398.44,3390.72,3392.44,291.1884
2025-06-21 22:30:00+00:00,3392.45,3393.75,3392.0,3393.75,40.8757
2025-06-21 23:00:00+00:00,3393.8,3395.55,3392.4,3392.45,60.6762
2025-06-21 23:30:00+00:00,3392.46,3396.38,3385.13,3395.84,172.9107
2025-06-22 00:00:00+00:00,3395.83,3405.15,3395.33,3403.11,232.347
2025-06-22 00:30:00+00:00,3403.22,3403.79,3398.02,3400.2,213.7208
2025-06-22 01:00:00+00:00,3400.25,3407.01,3400.24,3406.37,117.3066
2025-06-22 01:30:00+00:00,3406.37,3415.0,3406.36,3414.06,158.8672
2025-06-22 02:00:00+00:00,3414.06,3417.78,3411.64,3417.21,219.2832
2025-06-22 02:30:00+00:00,3417.21,3421.79,3412.51,3419.8,292.0697
2025-06-22 03:00:00+00:00,3419.79,3426.01,3419.4,3422.53,121.6886
2025-06-22 03:30:00+00:00,3422.53,3424.6,3415.46,3421.39,147.3916
2025-06-22 04:00:00+00:00,3421.4,3425.28,3420.15,3425.2,102.1329
2025-06-22 04:30:00+00:00,3425.19,3429.0,3423.4,3424.35,79.6689
2025-06-22 05:00:00+00:00,3424.36,3424.36,3410.22,3412.21,137.4211
2025-06-22 05:30:00+00:00,3411.68,3417.66,3411.12,3417.0,71.4745
2025-06-22 06:00:00+00:00,3417.0,3419.2,3410.41,3415.05,80.3669
2025-06-22 06:30:00+00:00,3415.05,3415.05,3411.68,3413.6,57.3357
2025-06-22 07:00:00+00:00,3413.6,3419.84,3413.59,3418.82,43.0381
2025-06-22 07:30:00+00:00,3418.82,3423.48,3418.03,3421.86,95.8812
2025-06-22 08:00:00+00:00,3421.86,3423.48,3419.0,3421.19,60.6607
2025-06-22 08:30:00+00:00,3421.19,3425.61,3420.02,3423.65,95.0327
2025-06-22 09:00:00+00:00,3423.65,3425.4,3422.37,3423.02,69.8377
2025-06-22 09:30:00+00:00,3423.02,3423.51,3414.22,3423.02,269.0638
2025-06-22 10:00:00+00:00,3423.02,3423.15,3417.06,3422.21,81.023
2025-06-22 10:30:00+00:00,3422.22,3423.4,3418.15,3418.24,83.2123
2025-06-22 11:00:00+00:00,3418.23,3422.35,3417.93,3419.19,98.3364
2025-06-22 11:30:00+00:00,3419.19,3427.0,3418.8,3425.61,113.7143
2025-06-22 12:00:00+00:00,3425.61,3427.8,3424.76,3425.6,96.3048
2025-06-22 12:30:00+00:00,3425.6,3426.07,3421.73,3421.8,104.3648
2025-06-22 13:00:00+00:00,3421.99,3424.05,3416.34,3419.83,249.6188
2025-06-22 13:30:00+00:00,3419.83,3438.17,3419.83,3433.0,470.7866
2025-06-22 14:00:00+00:00,3432.96,3441.23,3428.1,3438.8,509.1047
2025-06-22 14:30:00+00:00,3438.71,3449.18,3433.0,3449.0,628.2043
2025-06-22 15:00:00+00:00,3449.01,3453.63,3444.09,3449.2,601.5386
2025-06-22 15:30:00+00:00,3449.2,3460.42,3447.01,3454.4,436.5161
2025-06-22 16:00:00+00:00,3454.42,3459.46,3437.0,3437.39,587.157
2025-06-22 16:30:00+00:00,3437.4,3447.68,3436.35,3446.99,395.4875
2025-06-22 17:00:00+00:00,3447.0,3450.54,3434.76,3436.4,309.8497
2025-06-22 17:30:00+00:00,3436.54,3452.97,3436.54,3442.28,263.273
2025-06-22 18:00:00+00:00,3442.27,3449.28,3440.57,3445.8,139.5742
2025-06-22 18:30:00+00:00,3445.81,3451.26,3442.0,3447.14,107.0171
2025-06-22 19:00:00+00:00,3447.14,3448.98,3445.97,3448.98,104.157
2025-06-22 19:30:00+00:00,3449.17,3452.94,3444.8,3448.17,165.8251
2025-06-22 20:00:00+00:00,3448.18,3480.0,3444.42,3450.2,498.3433
2025-06-22 20:30:00+00:00,3450.19,3483.2,3410.1,3437.28,778.4687
2025-06-22 21:00:00+00:00,3437.28,3443.96,3425.0,3441.56,275.8972
2025-06-22 21:30:00+00:00,3441.56,3451.31,3440.85,3447.42,172.2637
2025-06-22 22:00:00+00:00,3447.37,3447.37,3414.0,3414.21,653.8032
2025-06-22 22:30:00+00:00,3414.2,3421.41,3408.99,3414.0,370.806
2025-06-22 23:00:00+00:00,3414.2,3415.82,3408.8,3409.32,113.4839
2025-06-22 23:30:00+00:00,3409.21,3411.97,3401.95,3402.0,228.0913
2025-06-23 00:00:00+00:00,3401.99,3409.05,3400.39,3401.0,316.828
2025-06-23 00:30:00+00:00,3401.0,3409.99,3399.4,3404.01,187.9922
2025-06-23 01:00:00+00:00,3404.44,3409.39,3394.11,3395.76,186.7846
2025-06-23 01:30:00+00:00,3395.99,3399.6,3388.28,3388.99,232.8297
2025-06-23 02:00:00+00:00,3388.99,3395.59,3385.87,3395.2,266.0165
2025-06-23 02:30:00+00:00,3395.19,3395.2,3388.11,3388.61,153.878
2025-06-23 03:00:00+00:00,3388.6,3393.39,3386.83,3387.02,164.3146
2025-06-23 03:30:00+00:00,3387.02,3389.99,3385.82,3386.6,124.4756
2025-06-23 04:00:00+00:00,3386.6,3389.61,3381.0,3383.46,223.7527
2025-06-23 04:30:00+00:00,3383.45,3385.0,3381.02,3381.6,130.2661
2025-06-23 05:00:00+00:00,3381.6,3384.8,3375.38,3375.38,203.1862
2025-06-23 05:30:00+00:00,3375.69,3378.76,3370.6,3377.62,186.865
2025-06-23 06:00:00+00:00,3377.62,3380.82,3374.08,3375.2,152.9202
2025-06-23 06:30:00+00:00,3375.01,3380.16,3372.73,3379.24,210.8575
2025-06-23 07:00:00+00:00,3379.24,3379.8,3372.6,3377.4,174.5986
2025-06-23 07:30:00+00:00,3377.41,3394.02,3374.49,3377.0,243.1158
2025-06-23 08:00:00+00:00,3376.81,3382.61,3376.81,3380.39,288.1667
2025-06-23 08:30:00+00:00,3380.24,3381.5,3378.98,3381.5,84.9527
2025-06-23 09:00:00+00:00,3381.5,3389.35,3381.49,3386.61,288.2742
2025-06-23 09:30:00+00:00,3386.61,3389.16,3383.6,3387.67,76.0471
2025-06-23 10:00:00+00:00,3387.68,3388.64,3384.17,3385.79,103.0229
2025-06-23 10:30:00+00:00,3385.8,3387.39,3384.7,3386.21,122.317
2025-06-23 11:00:00+00:00,3386.21,3400.6,3386.21,3397.0,204.4321
2025-06-23 11:30:00+00:00,3397.0,3399.71,3394.5,3399.51,128.1087
2025-06-23 12:00:00+00:00,3399.41,3399.41,3381.8,3383.4,94.4585
2025-06-23 12:30:00+00:00,3383.41,3385.89,3378.0,3384.0,96.209
2025-06-23 13:00:00+00:00,3383.99,3391.6,3383.69,3389.8,38.4519
2025-06-23 13:30:00+00:00,3389.8,3405.55,3389.8,3402.85,189.8353
2025-06-23 14:00:00+00:00,3401.98,3403.74,3391.1,3400.4,245.0486
2025-06-23 14:30:00+00:00,3400.2,3408.49,3398.08,3407.81,101.2643
2025-06-23 15:00:00+00:00,3407.81,3409.79,3404.6,3409.39,60.7113
2025-06-23 15:30:00+00:00,3409.39,3410.4,3405.0,3405.78,61.2744
2025-06-23 16:00:00+00:00,3405.66,3413.4,3405.3,3410.21,197.8024
2025-06-23 16:30:00+00:00,3410.21,3416.32,3401.2,3410.62,458.552
2025-06-23 17:00:00+00:00,3410.62,3413.57,3395.0,3398.19,474.1549
2025-06-23 17:30:00+00:00,3398.39,3404.3,3397.0,3400.4,172.7265
2025-06-23 18:00:00+00:00,3400.39,3403.64,3395.51,3397.91,434.3811
2025-06-23 18:30:00+00:00,3397.91,3400.83,3392.73,3393.6,296.6326
2025-06-23 19:00:00+00:00,3393.61,3397.39,3393.0,3395.61,149.771
2025-06-23 19:30:00+00:00,3395.02,3397.48,3390.83,3391.28,106.1585
2025-06-23 20:00:00+00:00,3391.28,3392.33,3386.43,3386.44,239.1657
2025-06-23 20:30:00+00:00,3386.45,3386.45,3380.41,3383.4,388.5364
2025-06-23 21:00:00+00:00,3383.13,3387.86,3380.4,3381.2,267.9156
2025-06-23 21:30:00+00:00,3381.6,3431.6,3378.41,3404.6,4428.6805
2025-06-23 22:00:00+00:00,3404.52,3413.41,3375.39,3380.2,2499.2858
2025-06-23 22:30:00+00:00,3380.35,3385.92,3377.64,3377.8,760.4815
2025-06-23 23:00:00+00:00,3377.81,3383.0,3373.36,3377.4,691.3471
2025-06-23 23:30:00+00:00,3377.4,3379.0,3367.39,3368.74,901.2386
2025-06-24 00:00:00+00:00,3368.74,3374.17,3356.33,3372.42,951.3062
2025-06-24 00:30:00+00:00,3372.41,3380.6,3372.4,3376.02,774.1613
2025-06-24 01:00:00+00:00,3376.02,3378.92,3358.44,3368.67,1121.052
2025-06-24 01:30:00+00:00,3368.67,3373.48,3365.09,3372.83,751.4669
2025-06-24 02:00:00+00:00,3372.82,3377.4,3368.79,3373.2,584.2961
2025-06-24 02:30:00+00:00,3373.2,3383.01,3372.29,3379.0,942.1969
2025-06-24 03:00:00+00:00,3379.0,3384.24,3379.0,3380.83,994.4689
2025-06-24 03:30:00+00:00,3380.84,3386.02,3378.8,3381.65,711.7116
2025-06-24 04:00:00+00:00,3381.66,3383.59,3373.05,3373.34,487.0173
2025-06-24 04:30:00+00:00,3373.35,3375.15,3370.6,3370.6,181.0024
2025-06-24 05:00:00+00:00,3370.6,3374.71,3363.01,3364.45,310.7285
2025-06-24 05:30:00+00:00,3364.45,3365.63,3353.8,3357.11,560.5001
2025-06-24 06:00:00+00:00,3357.1,3358.52,3345.62,3346.95,603.6037
2025-06-24 06:30:00+00:00,3346.95,3347.99,3340.0,3346.16,636.5044
2025-06-24 07:00:00+00:00,3346.17,3349.08,3341.62,3345.65,316.4836
2025-06-24 07:30:00+00:00,3345.81,3352.9,3343.22,3350.13,338.8312
2025-06-24 08:00:00+00:00,3350.13,3354.19,3347.48,3350.49,356.5728
2025-06-24 08:30:00+00:00,3350.5,3355.74,3347.8,3352.8,293.6374
2025-06-24 09:00:00+00:00,3352.81,3356.0,3344.11,3344.6,367.5092
2025-06-24 09:30:00+00:00,3344.6,3347.0,3342.53,3342.74,306.4988
2025-06-24 10:00:00+00:00,3342.58,3351.97,3342.0,3351.38,407.9592
2025-06-24 10:30:00+00:00,3351.38,3354.48,3350.17,3352.17,440.2854
2025-06-24 11:00:00+00:00,3352.17,3354.58,3348.63,3350.44,508.5064
2025-06-24 11:30:00+00:00,3350.45,3351.2,3342.86,3344.54,391.876
2025-06-24 12:00:00+00:00,3344.54,3344.55,3335.03,3337.3,258.6005
2025-06-24 12:30:00+00:00,3337.38,3342.01,3329.79,3340.02,269.4334
2025-06-24 13:00:00+00:00,3340.02,3342.21,3335.37,3335.37,62.7149
2025-06-24 13:30:00+00:00,3335.28,3336.56,3322.51,3328.69,354.4136
2025-06-24 14:00:00+00:00,3328.61,3333.89,3325.06,3327.99,331.6483
2025-06-24 14:30:00+00:00,3327.99,3331.93,3325.0,3325.8,290.9077
2025-06-24 15:00:00+00:00,3325.11,3334.12,3322.0,3332.2,323.2131
2025-06-24 15:30:00+00:00,3332.21,3336.73,3331.61,3332.73,216.1735
2025-06-24 16:00:00+00:00,3332.55,3333.93,3329.49,3331.61,294.4068
2025-06-24 16:30:00+00:00,3331.6,3340.0,3331.51,3338.2,232.235
2025-06-24 17:00:00+00:00,3338.2,3340.8,3338.2,3340.8,144.0263
2025-06-24 17:30:00+00:00,3340.8,3342.0,3336.68,3337.41,76.7863
2025-06-24 18:00:00+00:00,3337.41,3339.13,3335.7,3339.02,80.996
2025-06-24 18:30:00+00:00,3339.01,3340.28,3338.28,3339.18,217.7212
2025-06-24 19:00:00+00:00,3339.18,3339.68,3338.11,3339.59,82.3107
2025-06-24 19:30:00+00:00,3339.59,3346.4,3339.59,3343.4,169.2088
2025-06-24 20:00:00+00:00,3343.4,3345.73,3342.87,3342.87,38.5128
2025-06-24 20:30:00+00:00,3342.86,3378.0,3342.28,3343.8,355.115
2025-06-24 21:00:00+00:00,3343.8,3346.26,3343.8,3345.4,25.2206
2025-06-24 21:30:00+00:00,3345.42,3345.42,3338.47,3338.9,25.0755
2025-06-24 22:00:00+00:00,3338.91,3345.68,3338.91,3343.01,57.1938
2025-06-24 22:30:00+00:00,3343.01,3343.85,3341.73,3341.83,15.1778
2025-06-24 23:00:00+00:00,3341.84,3344.76,3341.84,3343.48,20.9441
2025-06-24 23:30:00+00:00,3343.47,3345.75,3343.33,3344.64,42.7682
2025-06-25 00:00:00+00:00,3344.6,3348.27,3344.34,3348.27,64.1863
2025-06-25 00:30:00+00:00,3348.27,3350.0,3345.93,3347.71,76.7131
2025-06-25 01:00:00+00:00,3347.72,3353.0,3347.18,3349.16,116.5885
2025-06-25 01:30:00+00:00,3349.06,3353.63,3348.01,3353.63,107.3879
2025-06-25 02:00:00+00:00,3353.62,3353.97,3349.0,3350.4,136.1851
2025-06-25 02:30:00+00:00,3350.41,3350.41,3345.67,3347.41,73.2474
2025-06-25 03:00:00+00:00,3346.81,3348.4,3345.83,3348.05,87.3725
2025-06-25 03:30:00+00:00,3348.04,3348.05,3345.01,3345.17,88.0922
2025-06-25 04:00:00+00:00,3345.18,3346.4,3344.98,3344.98,107.7334
2025-06-25 04:30:00+00:00,3344.97,3345.36,3343.54,3345.2,116.1744
2025-06-25 05:00:00+00:00,3345.2,3347.12,3345.06,3346.04,88.1595
2025-06-25 05:30:00+00:00,3346.04,3350.0,3346.04,3348.29,135.0991
2025-06-25 06:00:00+00:00,3348.29,3349.66,3346.05,3346.7,188.6622
2025-06-25 06:30:00+00:00,3346.61,3348.16,3345.32,3346.28,216.1129
2025-06-25 07:00:00+00:00,3346.27,3349.71,3341.42,3347.73,258.8137
2025-06-25 07:30:00+00:00,3347.73,3351.05,3343.75,3343.75,250.2141
2025-06-25 08:00:00+00:00,3343.75,3347.74,3340.24,3342.81,211.7768
2025-06-25 08:30:00+00:00,3342.81,3349.15,3340.9,3340.9,149.3556
2025-06-25 09:00:00+00:00,3340.91,3341.0,3336.0,3336.01,180.8316
2025-06-25 09:30:00+00:00,3336.0,3338.45,3334.83,3338.45,125.2367
2025-06-25 10:00:00+00:00,3338.46,3342.4,3337.89,3340.8,132.1056
2025-06-25 10:30:00+00:00,3340.37,3340.94,3337.7,3338.2,110.7526
2025-06-25 11:00:00+00:00,3338.2,3343.19,3337.4,3337.72,206.0073
2025-06-25 11:30:00+00:00,3337.72,3340.78,3334.92,3334.95,240.3521
2025-06-25 12:00:00+00:00,3334.95,3340.91,3334.95,3340.0,45.3783
2025-06-25 12:30:00+00:00,3340.0,3340.01,3332.01,3333.02,118.6281
2025-06-25 13:00:00+00:00,3333.02,3334.69,3323.87,3327.64,616.2107
2025-06-25 13:30:00+00:00,3327.63,3330.87,3325.68,3328.2,100.4196
2025-06-25 14:00:00+00:00,3327.6,3335.84,3326.91,3335.84,123.7653
2025-06-25 14:30:00+00:00,3335.84,3339.4,3334.55,3337.4,97.4857
2025-06-25 15:00:00+00:00,3337.0,3338.6,3335.99,3336.35,80.3017
2025-06-25 15:30:00+00:00,3336.34,3339.61,3334.06,3339.0,105.7314
2025-06-25 16:00:00+00:00,3339.01,3342.46,3338.61,3342.46,71.0809
2025-06-25 16:30:00+00:00,3342.45,3346.96,3342.45,3346.76,103.7289
2025-06-25 17:00:00+00:00,3346.76,3346.76,3340.74,3340.74,152.342
2025-06-25 17:30:00+00:00,3340.74,3341.46,3337.55,3341.33,48.4149
2025-06-25 18:00:00+00:00,3341.33,3342.74,3338.47,3341.2,122.0962
2025-06-25 18:30:00+00:00,3341.19,3342.64,3340.6,3342.64,27.1703
2025-06-25 19:00:00+00:00,3342.76,3344.73,3342.2,3344.73,50.5399
2025-06-25 19:30:00+00:00,3344.73,3346.87,3344.54,3345.35,20.3483
2025-06-25 20:00:00+00:00,3345.36,3346.6,3343.83,3344.59,43.9703
2025-06-25 20:30:00+00:00,3344.59,3345.38,3344.2,3344.59,16.741
2025-06-25 21:00:00+00:00,3344.59,3345.0,3343.89,3343.89,7.3409
2025-06-25 21:30:00+00:00,3343.9,3346.5,3343.72,3346.4,23.5161
2025-06-25 22:00:00+00:00,3346.4,3346.5,3344.48,3344.49,55.4973
2025-06-25 22:30:00+00:00,3344.48,3346.2,3344.4,3345.87,16.4685
2025-06-25 23:00:00+00:00,3345.87,3350.0,3345.86,3349.87,67.7709
2025-06-25 23:30:00+00:00,3349.87,3353.0,3349.86,3352.99,24.7947
2025-06-26 00:00:00+00:00,3352.99,3352.99,3347.51,3348.6,67.8586
2025-06-26 00:30:00+00:00,3348.61,3350.23,3347.5,3348.39,63.1404
2025-06-26 01:00:00+00:00,3348.39,3350.49,3345.74,3347.41,88.772
2025-06-26 01:30:00+00:00,3347.41,3347.63,3345.03,3345.03,37.4129
2025-06-26 02:00:00+00:00,3345.04,3348.4,3343.41,3348.03,192.9731
2025-06-26 02:30:00+00:00,3348.03,3354.14,3347.63,3350.2,211.8936
2025-06-26 03:00:00+00:00,3350.21,3354.35,3349.51,3350.33,79.0956
2025-06-26 03:30:00+00:00,3350.33,3350.4,3347.31,3348.41,74.7381
2025-06-26 04:00:00+00:00,3348.33,3348.9,3346.83,3347.36,37.2928
2025-06-26 04:30:00+00:00,3347.35,3347.35,3343.78,3343.78,90.4449
2025-06-26 05:00:00+00:00,3343.79,3345.2,3343.45,3343.91,99.3122
2025-06-26 05:30:00+00:00,3343.99,3347.0,3343.54,3345.45,81.4239
2025-06-26 06:00:00+00:00,3345.51,3347.43,3343.27,3347.43,35.7322
2025-06-26 06:30:00+00:00,3347.53,3349.8,3344.83,3349.2,62.4279
2025-06-26 07:00:00+00:00,3349.1,3356.97,3349.1,3354.99,162.8347
2025-06-26 07:30:00+00:00,3354.99,3355.98,3354.02,3354.77,123.3138
2025-06-26 08:00:00+00:00,3354.77,3356.42,3353.6,3356.0,103.0962
2025-06-26 08:30:00+00:00,3355.99,3359.0,3354.98,3358.99,93.7364
2025-06-26 09:00:00+00:00,3358.23,3358.23,3348.31,3349.64,92.9726
2025-06-26 09:30:00+00:00,3349.64,3352.52,3349.09,3350.65,144.7623
2025-06-26 10:00:00+00:00,3350.65,3353.5,3348.81,3350.79,205.5284
2025-06-26 10:30:00+00:00,3350.86,3352.6,3349.0,3352.59,112.316
2025-06-26 11:00:00+00:00,3352.6,3354.6,3349.59,3349.6,101.9149
2025-06-26 11:30:00+00:00,3349.6,3349.6,3343.6,3343.6,46.2596
2025-06-26 12:00:00+00:00,3343.61,3353.28,3343.61,3352.61,68.116
2025-06-26 12:30:00+00:00,3352.6,3352.6,3336.26,3336.26,123.764
2025-06-26 13:00:00+00:00,3336.25,3339.2,3332.02,3334.1,111.8482
2025-06-26 13:30:00+00:00,3334.11,3341.23,3327.7,3334.7,145.6825
2025-06-26 14:00:00+00:00,3334.7,3338.23,3329.49,3329.49,138.7259
2025-06-26 14:30:00+00:00,3329.48,3334.68,3328.4,3330.44,570.5512
2025-06-26 15:00:00+00:00,3330.45,3336.13,3329.98,3333.19,348.6518
2025-06-26 15:30:00+00:00,3333.19,3338.18,3332.4,3338.18,151.9072
2025-06-26 16:00:00+00:00,3338.18,3343.74,3337.33,3343.13,72.2365
2025-06-26 16:30:00+00:00,3343.12,3346.82,3343.12,3344.61,37.4707
2025-06-26 17:00:00+00:00,3344.6,3348.32,3344.23,3347.98,33.2387
2025-06-26 17:30:00+00:00,3347.99,3350.0,3346.39,3346.4,78.8344
2025-06-26 18:00:00+00:00,3346.39,3350.6,3346.27,3347.92,57.1408
2025-06-26 18:30:00+00:00,3347.93,3349.51,3347.92,3348.63,39.2293
2025-06-26 19:00:00+00:00,3348.63,3349.38,3342.86,3345.54,92.2428
2025-06-26 19:30:00+00:00,3345.54,3345.73,3344.23,3345.49,20.7114
2025-06-26 20:00:00+00:00,3345.65,3346.62,3341.51,3344.58,44.5909
2025-06-26 20:30:00+00:00,3344.72,3345.08,3339.88,3339.88,95.9037
2025-06-26 21:00:00+00:00,3339.88,3339.89,3337.92,3338.9,21.3018
2025-06-26 21:30:00+00:00,3338.9,3339.37,3338.37,3338.78,13.0509
2025-06-26 22:00:00+00:00,3338.79,3338.79,3336.18,3337.78,23.3589
2025-06-26 22:30:00+00:00,3337.78,3338.0,3334.25,3336.39,47.8575
2025-06-26 23:00:00+00:00,3336.4,3338.89,3336.4,3337.19,42.3453
2025-06-26 23:30:00+00:00,3336.97,3336.97,3332.02,3332.97,39.4387
2025-06-27 00:00:00+00:00,3333.0,3334.35,3329.9,3329.98,72.0727
2025-06-27 00:30:00+00:00,3330.1,3332.95,3329.4,3332.84,30.0965
2025-06-27 01:00:00+00:00,3332.96,3334.86,3330.11,3334.79,84.192
2025-06-27 01:30:00+00:00,3334.79,3335.87,3330.07,3331.19,70.6558
2025-06-27 02:00:00+00:00,3331.09,3332.99,3329.0,3329.0,89.0609
2025-06-27 02:30:00+00:00,3329.0,3329.01,3323.34,3323.35,115.7393
2025-06-27 03:00:00+00:00,3323.35,3324.34,3315.76,3316.61,293.6088
2025-06-27 03:30:00+00:00,3316.61,3317.4,3309.2,3309.8,378.9232
2025-06-27 04:00:00+00:00,3309.61,3311.45,3307.2,3307.71,205.0841
2025-06-27 04:30:00+00:00,3307.72,3311.19,3307.4,3308.31,139.3598
2025-06-27 05:00:00+00:00,3308.3,3312.38,3304.98,3311.0,199.8625
2025-06-27 05:30:00+00:00,3311.11,3313.98,3308.69,3309.82,112.9767
2025-06-27 06:00:00+00:00,3309.82,3311.93,3305.6,3306.95,130.9396
2025-06-27 06:30:00+00:00,3306.94,3308.1,3302.27,3307.72,140.4038
2025-06-27 07:00:00+00:00,3307.71,3307.71,3300.0,3301.78,349.3455
2025-06-27 07:30:00+00:00,3301.77,3302.93,3300.0,3300.0,192.0855
2025-06-27 08:00:00+00:00,3300.01,3301.18,3297.2,3297.25,225.8574
2025-06-27 08:30:00+00:00,3297.25,3303.53,3297.25,3302.81,122.4888
2025-06-27 09:00:00+00:00,3302.81,3302.82,3297.81,3298.67,189.2546
2025-06-27 09:30:00+00:00,3298.72,3301.67,3297.0,3297.03,168.1989
2025-06-27 10:00:00+00:00,3297.02,3302.45,3297.01,3299.99,192.0829
2025-06-27 10:30:00+00:00,3299.99,3299.99,3293.62,3297.68,178.4441
2025-06-27 11:00:00+00:00,3297.69,3300.1,3295.46,3296.8,127.1566
2025-06-27 11:30:00+00:00,3296.8,3297.58,3291.01,3294.39,176.6802
2025-06-27 12:00:00+00:00,3294.39,3294.88,3287.01,3292.6,254.4492
2025-06-27 12:30:00+00:00,3292.79,3294.53,3285.75,3285.75,333.1295
2025-06-27 13:00:00+00:00,3285.74,3285.75,3274.99,3274.99,475.0947
2025-06-27 13:30:00+00:00,3274.99,3290.31,3274.97,3289.0,230.0659
2025-06-27 14:00:00+00:00,3289.01,3294.36,3281.84,3290.78,140.1033
2025-06-27 14:30:00+00:00,3290.78,3293.6,3282.38,3288.89,143.5333
2025-06-27 15:00:00+00:00,3288.8,3292.33,3288.51,3288.81,142.3824
2025-06-27 15:30:00+00:00,3288.8,3293.95,3288.28,3290.8,151.5624
2025-06-27 16:00:00+00:00,3290.84,3295.87,3289.28,3293.99,142.9036
2025-06-27 16:30:00+00:00,3293.91,3294.18,3288.88,3293.18,147.1581
2025-06-27 17:00:00+00:00,3293.18,3293.18,3289.79,3291.16,116.2016
2025-06-27 17:30:00+00:00,3291.16,3297.2,3287.6,3292.86,230.4244
2025-06-27 18:00:00+00:00,3292.69,3293.6,3287.41,3289.84,119.0834
2025-06-27 18:30:00+00:00,3289.81,3292.19,3286.37,3291.18,88.0992
2025-06-27 19:00:00+00:00,3291.18,3291.77,3285.8,3288.58,27.2956
2025-06-27 19:30:00+00:00,3289.19,3291.4,3288.43,3288.89,143.6819
2025-06-27 20:00:00+00:00,3288.9,3292.3,3288.18,3290.54,95.664
2025-06-27 20:30:00+00:00,3291.01,3293.97,3291.01,3293.34,24.9161
2025-06-27 21:00:00+00:00,3293.33,3295.7,3292.8,3295.2,101.3462
2025-06-27 21:30:00+00:00,3295.2,3296.4,3294.0,3295.95,88.9964
2025-06-27 22:00:00+00:00,3295.63,3296.56,3294.57,3294.57,108.3798
2025-06-27 22:30:00+00:00,3294.57,3296.59,3294.57,3296.58,42.4749
2025-06-27 23:00:00+00:00,3296.58,3296.58,3295.43,3295.78,27.2668
2025-06-27 23:30:00+00:00,3295.78,3296.15,3295.73,3296.15,20.7528
2025-06-28 00:00:00+00:00,3296.2,3296.59,3295.92,3296.2,22.2841
2025-06-28 00:30:00+00:00,3296.2,3298.35,3296.19,3297.58,74.2893
2025-06-28 01:00:00+00:00,3297.58,3298.13,3295.02,3295.03,50.7575
2025-06-28 01:30:00+00:00,3295.03,3295.08,3294.3,3294.35,11.9772
2025-06-28 02:00:00+00:00,3294.34,3296.59,3294.34,3296.59,16.8993
2025-06-28 02:30:00+00:00,3296.59,3296.59,3295.98,3295.98,15.1116
2025-06-28 03:00:00+00:00,3295.98,3295.99,3294.62,3294.63,32.5926
2025-06-28 03:30:00+00:00,3294.62,3294.63,3293.26,3293.27,14.2659
2025-06-28 04:00:00+00:00,3293.27,3296.62,3293.26,3296.62,23.126
2025-06-28 04:30:00+00:00,3296.7,3297.76,3295.03,3295.06,50.8503
2025-06-28 05:00:00+00:00,3295.07,3295.93,3294.89,3294.89,17.654
2025-06-28 05:30:00+00:00,3294.89,3294.89,3293.86,3293.87,5.6278
2025-06-28 06:00:00+00:00,3293.87,3293.87,3292.36,3292.43,17.4891
2025-06-28 06:30:00+00:00,3292.43,3292.43,3289.04,3289.04,24.0788
2025-06-28 07:00:00+00:00,3289.04,3290.95,3289.04,3290.05,23.7425
2025-06-28 07:30:00+00:00,3290.06,3290.06,3286.84,3287.86,69.8428
2025-06-28 08:00:00+00:00,3287.86,3292.15,3287.85,3292.15,32.3091
2025-06-28 08:30:00+00:00,3292.15,3292.15,3290.86,3291.0,16.3994
2025-06-28 09:00:00+00:00,3290.99,3291.0,3287.35,3287.35,18.0488
2025-06-28 09:30:00+00:00,3287.36,3289.9,3287.35,3289.89,9.7697
2025-06-28 10:00:00+00:00,3289.9,3292.31,3289.9,3290.41,16.1511
2025-06-28 10:30:00+00:00,3290.4,3290.45,3289.09,3289.1,15.3237
2025-06-28 11:00:00+00:00,3289.1,3289.1,3287.15,3287.16,17.3965
2025-06-28 11:30:00+00:00,3287.16,3287.16,3286.86,3286.92,18.6146
2025-06-28 12:00:00+00:00,3286.92,3288.74,3286.92,3288.74,22.4633
2025-06-28 12:30:00+00:00,3288.74,3290.5,3288.74,3290.19,17.9963
2025-06-28 13:00:00+00:00,3290.19,3292.19,3290.18,3292.18,25.3086
2025-06-28 13:30:00+00:00,3292.18,3296.0,3292.18,3296.0,67.4135
2025-06-28 14:00:00+00:00,3296.0,3296.0,3290.09,3290.1,39.8945
2025-06-28 14:30:00+00:00,3290.01,3292.6,3288.95,3291.2,54.5901
2025-06-28 15:00:00+00:00,3291.21,3293.33,3289.33,3290.75,63.3783
2025-06-28 15:30:00+00:00,3290.75,3291.96,3288.89,3291.52,41.2111
2025-06-28 16:00:00+00:00,3291.53,3292.45,3289.8,3292.44,28.358
2025-06-28 16:30:00+00:00,3292.45,3295.0,3289.41,3295.0,22.5121
2025-06-28 17:00:00+00:00,3295.0,3295.29,3293.01,3293.59,23.5022
2025-06-28 17:30:00+00:00,3293.6,3293.6,3292.79,3292.8,23.9278
2025-06-28 18:00:00+00:00,3292.8,3293.44,3292.22,3292.36,38.9791
2025-06-28 18:30:00+00:00,3292.38,3293.51,3291.85,3291.9,27.7673
2025-06-28 19:00:00+00:00,3291.95,3293.2,3291.95,3293.18,11.3781
2025-06-28 19:30:00+00:00,3293.18,3293.19,3291.7,3291.75,22.8415
2025-06-28 20:00:00+00:00,3291.75,3292.2,3291.6,3292.1,16.8597
2025-06-28 20:30:00+00:00,3292.11,3292.11,3292.02,3292.07,7.9076
2025-06-28 21:00:00+00:00,3292.07,3295.2,3292.06,3293.17,40.7101
2025-06-28 21:30:00+00:00,3293.17,3295.9,3292.13,3293.28,47.8832
2025-06-28 22:00:00+00:00,3293.09,3293.09,3290.0,3290.0,11.62
2025-06-28 22:30:00+00:00,3290.01,3290.15,3289.11,3289.6,10.7836
2025-06-28 23:00:00+00:00,3289.6,3289.6,3289.04,3289.05,11.4112
2025-06-28 23:30:00+00:00,3289.05,3290.0,3289.04,3289.58,8.5131
2025-06-29 00:00:00+00:00,3289.58,3289.69,3289.21,3289.41,8.3491
2025-06-29 00:30:00+00:00,3289.4,3292.93,3289.4,3292.92,31.4869
2025-06-29 01:00:00+00:00,3292.92,3292.93,3292.4,3292.41,8.2164
2025-06-29 01:30:00+00:00,3292.42,3292.42,3291.71,3291.71,9.117
2025-06-29 02:00:00+00:00,3291.72,3291.72,3289.69,3289.7,19.8787
2025-06-29 02:30:00+00:00,3289.7,3292.0,3289.7,3291.99,15.1678
2025-06-29 03:00:00+00:00,3291.99,3293.41,3291.96,3293.2,11.7764
2025-06-29 03:30:00+00:00,3293.21,3293.21,3292.62,3292.67,11.1438
2025-06-29 04:00:00+00:00,3292.68,3292.8,3292.67,3292.76,5.4626
2025-06-29 04:30:00+00:00,3292.76,3292.8,3292.7,3292.73,4.3315
2025-06-29 05:00:00+00:00,3292.74,3292.99,3292.73,3292.98,9.0251
2025-06-29 05:30:00+00:00,3292.99,3294.01,3292.98,3294.0,21.3446
2025-06-29 06:00:00+00:00,3294.0,3294.01,3294.0,3294.0,4.6797
2025-06-29 06:30:00+00:00,3294.01,3294.14,3294.0,3294.02,17.5219
2025-06-29 07:00:00+00:00,3294.01,3294.01,3292.82,3292.82,12.8083
2025-06-29 07:30:00+00:00,3292.83,3295.06,3292.82,3293.6,20.675
2025-06-29 08:00:00+00:00,3293.6,3293.61,3291.0,3292.71,21.2218
2025-06-29 08:30:00+00:00,3292.71,3294.0,3292.71,3293.98,26.9743
2025-06-29 09:00:00+00:00,3293.98,3294.71,3293.03,3293.33,31.2369
2025-06-29 09:30:00+00:00,3293.33,3294.3,3292.0,3292.01,25.2613
2025-06-29 10:00:00+00:00,3292.01,3292.99,3291.7,3291.7,31.6704
2025-06-29 10:30:00+00:00,3291.7,3292.29,3291.52,3291.7,24.3378
2025-06-29 11:00:00+00:00,3291.7,3291.8,3291.02,3291.1,23.521
2025-06-29 11:30:00+00:00,3291.11,3291.11,3290.07,3290.09,67.0548
2025-06-29 12:00:00+00:00,3290.09,3290.22,3287.5,3287.51,55.9841
2025-06-29 12:30:00+00:00,3287.51,3287.51,3285.0,3285.06,23.3642
2025-06-29 13:00:00+00:00,3285.07,3285.84,3284.73,3284.79,40.6845
2025-06-29 13:30:00+00:00,3284.79,3284.79,3282.05,3282.6,31.1664
2025-06-29 14:00:00+00:00,3282.61,3282.8,3282.01,3282.6,20.4396
2025-06-29 14:30:00+00:00,3282.6,3282.6,3282.03,3282.48,13.9353
2025-06-29 15:00:00+00:00,3282.5,3282.5,3282.0,3282.35,26.9944
2025-06-29 15:30:00+00:00,3282.39,3282.39,3281.95,3282.17,42.8452
2025-06-29 16:00:00+00:00,3282.18,3282.39,3282.06,3282.38,22.0354
2025-06-29 16:30:00+00:00,3282.38,3283.59,3282.38,3283.38,30.6008
2025-06-29 17:00:00+00:00,3283.38,3284.39,3283.37,3284.07,19.8659
2025-06-29 17:30:00+00:00,3284.08,3284.99,3284.01,3284.96,17.776
2025-06-29 18:00:00+00:00,3284.96,3284.96,3284.51,3284.79,15.7287
2025-06-29 18:30:00+00:00,3284.8,3285.39,3284.55,3284.59,16.2955
2025-06-29 19:00:00+00:00,3284.59,3284.59,3282.81,3282.82,13.1211
2025-06-29 19:30:00+00:00,3282.82,3282.83,3282.65,3282.66,4.7864
2025-06-29 20:00:00+00:00,3282.66,3284.06,3279.0,3283.21,205.4801
2025-06-29 20:30:00+00:00,3283.2,3283.6,3282.92,3283.37,8.3585
2025-06-29 21:00:00+00:00,3283.37,3283.92,3282.32,3283.05,17.1969
2025-06-29 21:30:00+00:00,3283.05,3283.57,3281.61,3283.46,22.7184
2025-06-29 22:00:00+00:00,3283.46,3289.57,3265.62,3266.19,366.8633
2025-06-29 22:30:00+00:00,3266.18,3279.0,3265.81,3278.36,98.6408
2025-06-29 23:00:00+00:00,3278.35,3284.59,3278.35,3282.6,49.2977
2025-06-29 23:30:00+00:00,3282.59,3283.6,3274.35,3277.01,85.7859
2025-06-30 00:00:00+00:00,3277.0,3282.39,3276.41,3280.81,94.6704
2025-06-30 00:30:00+00:00,3280.81,3281.14,3275.91,3277.02,84.6924
2025-06-30 01:00:00+00:00,3277.02,3287.93,3273.34,3287.41,100.2228
2025-06-30 01:30:00+00:00,3287.48,3288.2,3283.81,3285.72,55.3169
2025-06-30 02:00:00+00:00,3285.72,3293.8,3285.72,3292.1,109.1763
2025-06-30 02:30:00+00:00,3292.03,3293.99,3289.09,3291.72,108.829
2025-06-30 03:00:00+00:00,3291.72,3293.71,3289.68,3290.2,111.5677
2025-06-30 03:30:00+00:00,3290.12,3293.8,3288.61,3289.5,136.3103
2025-06-30 04:00:00+00:00,3289.55,3291.6,3286.79,3288.79,79.3185
2025-06-30 04:30:00+00:00,3288.78,3296.06,3288.22,3295.61,90.6474
2025-06-30 05:00:00+00:00,3295.61,3298.4,3295.0,3297.38,117.8449
2025-06-30 05:30:00+00:00,3297.39,3301.14,3296.31,3299.41,148.6397
2025-06-30 06:00:00+00:00,3299.41,3302.67,3299.34,3302.6,69.6277
2025-06-30 06:30:00+00:00,3302.6,3307.77,3301.88,3303.31,258.9739
2025-06-30 07:00:00+00:00,3303.32,3306.49,3303.32,3305.4,148.5819
2025-06-30 07:30:00+00:00,3305.39,3306.0,3302.21,3302.91,122.6804
2025-06-30 08:00:00+00:00,3302.9,3306.57,3301.55,3303.4,141.3181
2025-06-30 08:30:00+00:00,3303.4,3304.6,3299.01,3299.23,113.5998
2025-06-30 09:00:00+00:00,3299.23,3299.23,3291.62,3294.26,95.6998
2025-06-30 09:30:00+00:00,3294.26,3298.13,3288.53,3298.12,57.8363
2025-06-30 10:00:00+00:00,3297.93,3298.37,3290.0,3295.2,187.8135
2025-06-30 10:30:00+00:00,3295.01,3297.38,3291.48,3292.15,91.9225
2025-06-30 11:00:00+00:00,3292.15,3292.15,3284.8,3285.52,92.6231
2025-06-30 11:30:00+00:00,3285.78,3289.8,3285.22,3286.93,80.7033
2025-06-30 12:00:00+00:00,3286.93,3295.6,3286.93,3293.0,124.6742
2025-06-30 12:30:00+00:00,3292.41,3297.2,3291.7,3291.7,95.4526
2025-06-30 13:00:00+00:00,3291.7,3294.88,3288.62,3291.26,64.9127
2025-06-30 13:30:00+00:00,3291.33,3296.08,3288.0,3294.2,133.1014
2025-06-30 14:00:00+00:00,3294.2,3298.51,3288.6,3293.39,138.4791
2025-06-30 14:30:00+00:00,3293.4,3297.71,3292.51,3296.24,141.3769
2025-06-30 15:00:00+00:00,3296.09,3299.64,3293.61,3297.2,74.3291
2025-06-30 15:30:00+00:00,3297.15,3298.92,3296.0,3298.42,39.0931
2025-06-30 16:00:00+00:00,3298.44,3302.54,3297.6,3301.2,69.7051
2025-06-30 16:30:00+00:00,3301.2,3305.52,3300.2,3305.0,115.038
2025-06-30 17:00:00+00:00,3305.02,3306.54,3302.88,3303.66,47.8478
2025-06-30 17:30:00+00:00,3303.67,3304.74,3301.0,3302.98,39.3259
2025-06-30 18:00:00+00:00,3302.99,3307.59,3302.07,3307.41,58.0719
2025-06-30 18:30:00+00:00,3307.42,3307.99,3306.8,3307.42,18.9424
2025-06-30 19:00:00+00:00,3307.42,3314.6,3307.03,3313.8,112.4973
2025-06-30 19:30:00+00:00,3313.79,3316.46,3313.2,3315.85,78.1179
2025-06-30 20:00:00+00:00,3315.95,3316.4,3314.28,3314.41,40.7839
2025-06-30 20:30:00+00:00,3314.56,3314.79,3310.0,3310.0,33.8875
2025-06-30 21:00:00+00:00,3310.0,3312.29,3310.0,3312.29,11.9535
2025-06-30 21:30:00+00:00,3312.24,3317.0,3311.01,3312.09,122.091
2025-06-30 22:00:00+00:00,3312.4,3315.34,3311.0,3315.34,32.2514
2025-06-30 22:30:00+00:00,3315.37,3321.77,3313.61,3317.68,120.2823
2025-06-30 23:00:00+00:00,3317.69,3319.0,3316.4,3317.88,85.1743
2025-06-30 23:30:00+00:00,3317.87,3320.4,3317.21,3319.99,65.2424
2025-07-01 00:00:00+00:00,3319.99,3319.99,3319.0,3319.6,18.9034
2025-07-01 00:30:00+00:00,3319.61,3321.64,3319.19,3321.64,32.0645
2025-07-01 01:00:00+00:00,3321.64,3327.0,3321.64,3326.0,233.4847
2025-07-01 01:30:00+00:00,3325.96,3326.0,3321.82,3323.2,94.4445
2025-07-01 02:00:00+00:00,3323.2,3323.2,3321.0,3321.63,31.1331
2025-07-01 02:30:00+00:00,3321.67,3324.2,3321.61,3322.21,34.222
2025-07-01 03:00:00+00:00,3322.21,3329.43,3322.0,3328.6,105.6786
2025-07-01 03:30:00+00:00,3328.63,3330.0,3325.81,3328.21,82.6386
2025-07-01 04:00:00+00:00,3328.21,3331.0,3327.2,3329.6,49.3884
2025-07-01 04:30:00+00:00,3329.6,3331.0,3327.8,3328.83,53.8611
2025-07-01 05:00:00+00:00,3328.83,3335.11,3328.83,3335.11,104.4746
2025-07-01 05:30:00+00:00,3335.11,3336.94,3334.68,3335.8,65.0419
2025-07-01 06:00:00+00:00,3335.8,3336.78,3332.4,3335.06,25.6181
2025-07-01 06:30:00+00:00,3335.01,3339.55,3333.94,3337.04,96.0929
2025-07-01 07:00:00+00:00,3337.04,3343.98,3336.4,3343.59,154.3073
2025-07-01 07:30:00+00:00,3343.78,3345.39,3341.41,3345.39,72.4038
2025-07-01 08:00:00+00:00,3345.39,3348.96,3343.22,3346.45,98.3084
2025-07-01 08:30:00+00:00,3346.41,3348.31,3342.7,3344.78,55.4271
2025-07-01 09:00:00+00:00,3344.79,3349.39,3343.81,3348.31,52.1428
2025-07-01 09:30:00+00:00,3348.31,3353.0,3348.31,3351.8,109.1393
2025-07-01 10:00:00+00:00,3351.81,3360.0,3351.46,3355.0,623.1037
2025-07-01 10:30:00+00:00,3355.01,3355.99,3352.65,3355.6,75.9903
2025-07-01 11:00:00+00:00,3355.59,3360.0,3355.41,3357.83,232.5023
2025-07-01 11:30:00+00:00,3357.83,3358.77,3353.59,3355.59,115.8374
2025-07-01 12:00:00+00:00,3355.59,3362.32,3354.63,3358.21,94.651
2025-07-01 12:30:00+00:00,3358.22,3363.0,3356.8,3361.49,92.9686
2025-07-01 13:00:00+00:00,3361.49,3361.49,3351.72,3355.2,155.013
2025-07-01 13:30:00+00:00,3355.2,3357.86,3350.64,3357.6,87.632
2025-07-01 14:00:00+00:00,3357.6,3360.82,3353.3,3356.99,382.4493
2025-07-01 14:30:00+00:00,3357.0,3357.38,3349.59,3351.1,125.2892
2025-07-01 15:00:00+00:00,3351.27,3351.31,3344.81,3345.19,130.6284
2025-07-01 15:30:00+00:00,3345.19,3347.99,3342.8,3344.58,66.2538
2025-07-01 16:00:00+00:00,3344.59,3347.89,3342.81,3342.81,54.012
2025-07-01 16:30:00+00:00,3342.62,3348.96,3342.32,3347.5,40.2557
2025-07-01 17:00:00+00:00,3347.5,3347.51,3341.53,3343.47,73.4004
2025-07-01 17:30:00+00:00,3343.47,3346.17,3342.61,3346.17,18.559
2025-07-01 18:00:00+00:00,3346.17,3346.31,3340.56,3342.32,152.4552
2025-07-01 18:30:00+00:00,3342.39,3348.0,3342.39,3345.86,156.816
2025-07-01 19:00:00+00:00,3345.86,3348.39,3345.01,3346.54,39.0295
2025-07-01 19:30:00+00:00,3346.54,3347.04,3345.17,3346.44,21.1697
2025-07-01 20:00:00+00:00,3346.44,3347.04,3345.54,3346.62,36.8926
2025-07-01 20:30:00+00:00,3346.63,3348.59,3346.63,3347.32,27.2155
2025-07-01 21:00:00+00:00,3347.32,3347.33,3342.0,3342.94,26.4298
2025-07-01 21:30:00+00:00,3342.93,3342.93,3340.0,3340.12,21.0808
2025-07-01 22:00:00+00:00,3340.11,3349.6,3340.11,3347.71,56.827
2025-07-01 22:30:00+00:00,3347.72,3350.0,3347.72,3348.6,23.0309
2025-07-01 23:00:00+00:00,3348.6,3348.6,3344.88,3348.24,45.5144
2025-07-01 23:30:00+00:00,3347.98,3348.86,3346.26,3346.83,55.2193
2025-07-02 00:00:00+00:00,3346.83,3351.35,3342.8,3347.8,81.9719
2025-07-02 00:30:00+00:00,3347.8,3347.8,3342.91,3345.2,60.4515
2025-07-02 01:00:00+00:00,3345.2,3349.04,3340.63,3342.72,37.4647
2025-07-02 01:30:00+00:00,3342.71,3344.3,3338.19,3338.99,32.5191
2025-07-02 02:00:00+00:00,3339.0,3340.6,3337.0,3337.41,29.088
2025-07-02 02:30:00+00:00,3337.59,3344.79,3337.03,3344.0,17.5852
2025-07-02 03:00:00+00:00,3344.0,3346.8,3342.46,3345.59,33.3949
2025-07-02 03:30:00+00:00,3345.59,3347.8,3345.2,3346.6,14.0516
2025-07-02 04:00:00+00:00,3346.18,3348.2,3345.6,3345.6,23.4436
2025-07-02 04:30:00+00:00,3345.6,3347.25,3345.01,3346.12,38.896
2025-07-02 05:00:00+00:00,3346.16,3349.28,3343.44,3348.4,73.5824
2025-07-02 05:30:00+00:00,3348.4,3348.62,3342.98,3343.4,73.4542
2025-07-02 06:00:00+00:00,3343.4,3344.19,3339.21,3341.01,80.8216
2025-07-02 06:30:00+00:00,3341.02,3341.56,3336.6,3338.99,80.9013
2025-07-02 07:00:00+00:00,3338.99,3338.99,3335.03,3335.8,34.0219
2025-07-02 07:30:00+00:00,3335.79,3342.8,3335.45,3339.81,65.6896
2025-07-02 08:00:00+00:00,3339.81,3345.1,3339.41,3343.44,73.4884
2025-07-02 08:30:00+00:00,3343.44,3344.59,3339.94,3340.19,77.2129
2025-07-02 09:00:00+00:00,3340.19,3343.2,3335.0,3342.45,203.8179
2025-07-02 09:30:00+00:00,3342.46,3348.75,3342.46,3347.88,39.2279
2025-07-02 10:00:00+00:00,3347.88,3349.42,3347.22,3348.68,29.3445
2025-07-02 10:30:00+00:00,3348.8,3349.73,3348.41,3349.73,16.8866
2025-07-02 11:00:00+00:00,3349.73,3352.04,3347.42,3349.59,24.3137
2025-07-02 11:30:00+00:00,3349.59,3349.8,3345.04,3348.39,35.9526
2025-07-02 12:00:00+00:00,3348.4,3355.75,3345.24,3353.12,106.8905
2025-07-02 12:30:00+00:00,3353.08,3356.78,3350.25,3353.2,68.6631
2025-07-02 13:00:00+00:00,3353.2,3353.2,3348.01,3350.24,58.2986
2025-07-02 13:30:00+00:00,3350.11,3351.2,3341.57,3342.0,85.6635
2025-07-02 14:00:00+00:00,3344.19,3344.76,3340.0,3343.2,120.3805
2025-07-02 14:30:00+00:00,3343.21,3347.0,3341.87,3347.0,69.462
2025-07-02 15:00:00+00:00,3347.01,3349.04,3344.8,3347.36,108.9114
2025-07-02 15:30:00+00:00,3347.37,3348.37,3344.41,3345.87,94.4473
2025-07-02 16:00:00+00:00,3345.87,3352.6,3340.0,3350.07,401.7749
2025-07-02 16:30:00+00:00,3350.06,3351.64,3340.02,3351.63,361.4674
2025-07-02 17:00:00+00:00,3351.64,3352.28,3350.39,3351.1,102.5476
2025-07-02 17:30:00+00:00,3351.28,3352.8,3348.09,3351.93,126.0506
2025-07-02 18:00:00+00:00,3352.21,3353.8,3347.3,3353.8,66.5683
2025-07-02 18:30:00+00:00,3353.8,3355.78,3346.4,3355.78,203.61
2025-07-02 19:00:00+00:00,3355.78,3357.99,3355.74,3357.56,41.1816
2025-07-02 19:30:00+00:00,3357.57,3359.8,3357.53,3358.8,51.8273
2025-07-02 20:00:00+00:00,3358.99,3360.54,3358.61,3359.55,103.0075
2025-07-02 20:30:00+00:00,3359.54,3359.55,3356.24,3357.34,24.0391
2025-07-02 21:00:00+00:00,3357.33,3359.99,3356.41,3358.99,54.3154
2025-07-02 21:30:00+00:00,3358.99,3359.55,3354.75,3355.48,20.0753
2025-07-02 22:00:00+00:00,3355.48,3364.5,3355.41,3364.5,81.2528
2025-07-02 22:30:00+00:00,3364.5,3364.5,3362.61,3362.61,23.9874
2025-07-02 23:00:00+00:00,3362.6,3364.5,3352.08,3352.41,95.3775
2025-07-02 23:30:00+00:00,3352.42,3354.34,3351.66,3351.67,18.4155
2025-07-03 00:00:00+00:00,3351.66,3351.99,3347.8,3349.81,41.934
2025-07-03 00:30:00+00:00,3349.89,3349.9,3347.41,3347.89,30.625
2025-07-03 01:00:00+00:00,3347.9,3349.8,3345.0,3348.02,37.2169
2025-07-03 01:30:00+00:00,3348.02,3350.65,3347.63,3349.38,15.1004
2025-07-03 02:00:00+00:00,3349.37,3351.8,3349.37,3351.01,25.9628
2025-07-03 02:30:00+00:00,3351.01,3354.2,3350.51,3353.57,20.5822
2025-07-03 03:00:00+00:00,3353.57,3353.6,3349.67,3349.89,16.8044
2025-07-03 03:30:00+00:00,3349.89,3350.78,3349.4,3350.38,8.6841
2025-07-03 04:00:00+00:00,3350.39,3352.18,3350.37,3351.84,33.0971
2025-07-03 04:30:00+00:00,3351.99,3354.0,3351.9,3353.01,14.8609
2025-07-03 05:00:00+00:00,3353.0,3356.8,3352.6,3355.4,15.3104
2025-07-03 05:30:00+00:00,3355.39,3360.8,3353.83,3359.59,79.5404
2025-07-03 06:00:00+00:00,3359.77,3362.6,3356.86,3359.6,180.9599
2025-07-03 06:30:00+00:00,3359.59,3360.0,3355.83,3360.0,60.6593
2025-07-03 07:00:00+00:00,3360.0,3362.0,3356.18,3356.57,80.0856
2025-07-03 07:30:00+00:00,3356.44,3359.4,3354.0,3354.19,15.9368
2025-07-03 08:00:00+00:00,3354.19,3356.31,3352.0,3356.21,53.9086
2025-07-03 08:30:00+00:00,3356.21,3359.91,3355.81,3357.66,31.0716
2025-07-03 09:00:00+00:00,3357.61,3357.65,3352.4,3352.84,63.3307
2025-07-03 09:30:00+00:00,3352.82,3352.83,3345.43,3347.88,191.3962
2025-07-03 10:00:00+00:00,3347.88,3352.19,3347.4,3352.02,13.3421
2025-07-03 10:30:00+00:00,3352.06,3358.1,3352.06,3355.0,73.3444
2025-07-03 11:00:00+00:00,3354.83,3355.16,3350.26,3351.42,11.123
2025-07-03 11:30:00+00:00,3351.6,3351.6,3347.7,3349.32,35.2375
2025-07-03 12:00:00+00:00,3349.0,3353.59,3346.8,3348.61,156.4548
2025-07-03 12:30:00+00:00,3348.61,3348.8,3320.0,3329.83,717.9332
2025-07-03 13:00:00+00:00,3330.14,3336.73,3326.69,3334.46,275.6004
2025-07-03 13:30:00+00:00,3334.46,3341.18,3333.97,3336.84,127.6238
2025-07-03 14:00:00+00:00,3336.32,3338.2,3328.84,3331.4,62.4005
2025-07-03 14:30:00+00:00,3331.4,3333.99,3329.2,3329.86,59.7477
2025-07-03 15:00:00+00:00,3329.86,3335.5,3329.06,3333.8,67.0801
2025-07-03 15:30:00+00:00,3333.86,3334.98,3331.26,3331.5,36.3264
2025-07-03 16:00:00+00:00,3331.54,3331.63,3329.59,3331.2,33.5805
2025-07-03 16:30:00+00:00,3331.59,3338.14,3331.59,3337.78,30.7462
2025-07-03 17:00:00+00:00,3337.77,3338.49,3337.23,3338.0,7.1165
2025-07-03 17:30:00+00:00,3338.01,3338.01,3333.28,3333.3,12.0246
2025-07-03 18:00:00+00:00,3333.3,3334.99,3333.29,3334.95,44.5106
2025-07-03 18:30:00+00:00,3334.95,3335.01,3334.47,3334.52,16.8859
2025-07-03 19:00:00+00:00,3334.52,3334.52,3332.48,3332.78,10.3476
2025-07-03 19:30:00+00:00,3332.78,3332.99,3332.08,3332.19,20.5854
2025-07-03 20:00:00+00:00,3332.18,3332.24,3331.0,3331.07,17.1358
2025-07-03 20:30:00+00:00,3331.06,3331.2,3330.73,3330.73,5.8187
2025-07-03 21:00:00+00:00,3330.73,3330.74,3330.0,3330.2,40.886
2025-07-03 21:30:00+00:00,3330.2,3332.15,3330.2,3332.15,23.0741
2025-07-03 22:00:00+00:00,3332.17,3332.79,3329.12,3330.12,38.7722
2025-07-03 22:30:00+00:00,3330.12,3333.56,3330.12,3333.56,17.6188
2025-07-03 23:00:00+00:00,3333.55,3334.8,3332.8,3334.79,4.7749
2025-07-03 23:30:00+00:00,3334.79,3335.52,3334.79,3335.52,10.9152
2025-07-04 00:00:00+00:00,3335.51,3335.52,3330.84,3332.25,26.4772
2025-07-04 00:30:00+00:00,3332.6,3334.28,3332.59,3333.27,8.0214
2025-07-04 01:00:00+00:00,3333.28,3336.2,3331.6,3335.58,15.4105
2025-07-04 01:30:00+00:00,3335.58,3335.58,3331.41,3333.41,18.1059
2025-07-04 02:00:00+00:00,3333.41,3334.94,3333.31,3334.93,9.9933
2025-07-04 02:30:00+00:00,3334.94,3335.19,3331.8,3331.8,20.3427
2025-07-04 03:00:00+00:00,3331.81,3336.39,3331.01,3336.39,38.1787
2025-07-04 03:30:00+00:00,3336.4,3341.2,3336.39,3340.6,66.1766
2025-07-04 04:00:00+00:00,3341.23,3343.75,3340.53,3342.8,28.2678
2025-07-04 04:30:00+00:00,3342.8,3344.18,3341.43,3344.18,79.9034
2025-07-04 05:00:00+00:00,3344.17,3345.01,3343.45,3343.6,39.7354
2025-07-04 05:30:00+00:00,3342.81,3342.81,3340.4,3340.99,13.5978
2025-07-04 06:00:00+00:00,3341.2,3346.75,3341.2,3344.54,77.2796
2025-07-04 06:30:00+00:00,3344.49,3344.73,3343.5,3344.6,11.361
2025-07-04 07:00:00+00:00,3344.99,3345.37,3338.45,3339.61,42.7255
2025-07-04 07:30:00+00:00,3339.81,3345.31,3339.81,3344.14,42.4639
2025-07-04 08:00:00+00:00,3344.14,3345.87,3342.55,3344.77,46.3162
2025-07-04 08:30:00+00:00,3345.18,3347.53,3345.0,3346.41,26.8482
2025-07-04 09:00:00+00:00,3346.4,3346.41,3341.07,3342.39,26.7006
2025-07-04 09:30:00+00:00,3341.44,3341.44,3336.41,3338.41,42.6589
2025-07-04 10:00:00+00:00,3338.4,3339.98,3337.56,3337.8,14.6785
2025-07-04 10:30:00+00:00,3337.8,3341.73,3336.41,3341.57,84.2081
2025-07-04 11:00:00+00:00,3341.4,3342.0,3340.0,3341.4,11.5929
2025-07-04 11:30:00+00:00,3341.4,3341.4,3340.1,3340.1,6.6607
2025-07-04 12:00:00+00:00,3340.09,3342.23,3339.42,3340.81,41.8202
2025-07-04 12:30:00+00:00,3340.81,3341.81,3338.2,3340.49,28.1219
2025-07-04 13:00:00+00:00,3340.31,3341.84,3339.79,3339.84,15.717
2025-07-04 13:30:00+00:00,3339.84,3341.98,3339.84,3339.98,73.3811
2025-07-04 14:00:00+00:00,3339.84,3339.84,3335.96,3338.79,161.7782
2025-07-04 14:30:00+00:00,3338.79,3338.79,3336.05,3337.19,24.776
2025-07-04 15:00:00+00:00,3337.19,3338.37,3336.8,3337.37,41.015
2025-07-04 15:30:00+00:00,3337.37,3337.54,3336.01,3337.3,39.8502
2025-07-04 16:00:00+00:00,3337.3,3337.48,3336.0,3337.4,46.7615
2025-07-04 16:30:00+00:00,3337.39,3339.58,3337.39,3339.57,15.6262
2025-07-04 17:00:00+00:00,3339.58,3342.8,3339.58,3342.8,13.1661
2025-07-04 17:30:00+00:00,3342.81,3343.0,3342.65,3343.0,30.4816
2025-07-04 18:00:00+00:00,3343.0,3343.04,3342.99,3343.04,25.6188
2025-07-04 18:30:00+00:00,3343.04,3344.96,3343.04,3344.3,77.5275
2025-07-04 19:00:00+00:00,3344.3,3346.15,3342.66,3344.61,120.2203
2025-07-04 19:30:00+00:00,3344.61,3344.61,3344.14,3344.25,19.3162
2025-07-04 20:00:00+00:00,3344.26,3344.28,3343.71,3343.71,7.0015
2025-07-04 20:30:00+00:00,3343.72,3343.93,3343.37,3343.38,23.7351
2025-07-04 21:00:00+00:00,3343.38,3343.4,3343.22,3343.23,7.1364
2025-07-04 21:30:00+00:00,3343.22,3343.23,3343.09,3343.09,15.0329
2025-07-04 22:00:00+00:00,3343.09,3343.87,3342.6,3343.87,17.948
2025-07-04 22:30:00+00:00,3343.87,3344.58,3343.87,3344.52,35.5949
2025-07-04 23:00:00+00:00,3344.52,3344.53,3344.0,3344.0,9.1831
2025-07-04 23:30:00+00:00,3344.0,3344.01,3342.64,3342.65,19.1918
2025-07-05 00:00:00+00:00,3342.65,3342.65,3342.64,3342.64,11.8639
2025-07-05 00:30:00+00:00,3342.64,3343.68,3342.64,3343.68,17.0111
2025-07-05 01:00:00+00:00,3343.68,3343.68,3343.6,3343.61,6.3276
2025-07-05 01:30:00+00:00,3343.6,3344.58,3343.6,3344.05,17.8927
2025-07-05 02:00:00+00:00,3344.05,3344.28,3344.05,3344.28,11.2743
2025-07-05 02:30:00+00:00,3344.28,3344.8,3344.18,3344.8,10.6753
2025-07-05 03:00:00+00:00,3344.8,3344.8,3343.49,3343.5,15.6788
2025-07-05 03:30:00+00:00,3343.5,3343.5,3343.0,3343.0,14.558
2025-07-05 04:00:00+00:00,3343.01,3343.95,3341.48,3343.8,100.2922
2025-07-05 04:30:00+00:00,3343.94,3344.48,3343.6,3344.48,6.8664
2025-07-05 05:00:00+00:00,3344.48,3344.55,3344.2,3344.55,7.396
2025-07-05 05:30:00+00:00,3344.56,3344.56,3343.96,3343.96,9.1474
2025-07-05 06:00:00+00:00,3343.96,3343.96,3341.4,3342.0,27.321
2025-07-05 06:30:00+00:00,3342.0,3342.0,3341.27,3341.27,57.6417
2025-07-05 07:00:00+00:00,3341.27,3341.87,3341.27,3341.86,67.7271
2025-07-05 07:30:00+00:00,3341.87,3341.87,3341.66,3341.66,11.6865
2025-07-05 08:00:00+00:00,3341.67,3341.67,3341.66,3341.66,8.0013
2025-07-05 08:30:00+00:00,3341.66,3343.2,3341.62,3343.14,25.6672
2025-07-05 09:00:00+00:00,3343.14,3343.26,3343.14,3343.26,6.5128
2025-07-05 09:30:00+00:00,3343.2,3343.59,3343.19,3343.55,6.8538
2025-07-05 10:00:00+00:00,3343.56,3343.56,3343.51,3343.51,3.8144
2025-07-05 10:30:00+00:00,3343.51,3343.53,3343.3,3343.3,8.0635
2025-07-05 11:00:00+00:00,3343.3,3343.3,3343.21,3343.22,9.5341
2025-07-05 11:30:00+00:00,3343.22,3343.22,3343.21,3343.22,17.6138
2025-07-05 12:00:00+00:00,3343.22,3343.72,3343.21,3343.67,32.0948
2025-07-05 12:30:00+00:00,3343.59,3344.0,3342.26,3343.91,43.4485
2025-07-05 13:00:00+00:00,3343.91,3346.4,3343.82,3346.4,28.3147
2025-07-05 13:30:00+00:00,3346.4,3347.63,3346.4,3347.48,34.5406
2025-07-05 14:00:00+00:00,3347.47,3347.48,3346.4,3346.79,12.3868
2025-07-05 14:30:00+00:00,3346.8,3347.33,3346.79,3347.25,9.6205
2025-07-05 15:00:00+00:00,3347.25,3347.59,3347.0,3347.57,32.7661
2025-07-05 15:30:00+00:00,3347.58,3347.58,3346.48,3347.4,34.0234
2025-07-05 16:00:00+00:00,3347.4,3349.07,3346.45,3348.49,48.2379
2025-07-05 16:30:00+00:00,3348.49,3349.99,3348.4,3349.92,133.0548
2025-07-05 17:00:00+00:00,3349.99,3350.0,3348.2,3348.2,27.56
2025-07-05 17:30:00+00:00,3348.2,3348.35,3343.86,3344.79,31.2582
2025-07-05 18:00:00+00:00,3344.79,3345.72,3344.6,3344.61,7.3397
2025-07-05 18:30:00+00:00,3344.63,3344.92,3344.6,3344.73,5.0555
2025-07-05 19:00:00+00:00,3344.67,3344.68,3344.0,3344.0,2.6829
2025-07-05 19:30:00+00:00,3344.0,3344.0,3343.85,3343.99,4.7774
2025-07-05 20:00:00+00:00,3343.99,3345.25,3343.99,3345.24,8.1198
2025-07-05 20:30:00+00:00,3345.25,3346.04,3345.25,3346.04,9.944
2025-07-05 21:00:00+00:00,3346.04,3347.59,3346.03,3346.17,6.4571
2025-07-05 21:30:00+00:00,3346.03,3346.03,3343.09,3343.7,8.0044
2025-07-05 22:00:00+00:00,3343.71,3343.79,3343.0,3343.18,47.1453
2025-07-05 22:30:00+00:00,3343.19,3343.4,3343.16,3343.2,5.7417
2025-07-05 23:00:00+00:00,3343.21,3343.37,3343.2,3343.36,4.9637
2025-07-05 23:30:00+00:00,3343.36,3343.6,3343.36,3343.44,11.3637
2025-07-06 00:00:00+00:00,3343.46,3343.47,3343.46,3343.46,9.8215
2025-07-06 00:30:00+00:00,3343.46,3343.47,3343.46,3343.47,4.7855
2025-07-06 01:00:00+00:00,3343.46,3343.46,3343.44,3343.44,7.5958
2025-07-06 01:30:00+00:00,3343.44,3343.45,3343.44,3343.44,1.8878
2025-07-06 02:00:00+00:00,3343.44,3343.45,3340.0,3341.83,65.4026
2025-07-06 02:30:00+00:00,3341.83,3341.91,3341.82,3341.87,6.457
2025-07-06 03:00:00+00:00,3341.82,3341.83,3341.82,3341.82,1.8193
2025-07-06 03:30:00+00:00,3341.83,3342.34,3341.82,3342.34,4.2295
2025-07-06 04:00:00+00:00,3342.34,3343.83,3342.34,3343.83,5.1931
2025-07-06 04:30:00+00:00,3344.0,3346.03,3344.0,3345.81,26.2292
2025-07-06 05:00:00+00:00,3345.8,3346.0,3345.6,3345.6,9.2879
2025-07-06 05:30:00+00:00,3345.61,3345.61,3343.61,3343.61,7.6495
2025-07-06 06:00:00+00:00,3343.62,3345.78,3343.6,3345.78,3.7101
2025-07-06 06:30:00+00:00,3345.78,3345.78,3345.77,3345.78,1.0344
2025-07-06 07:00:00+00:00,3345.77,3345.78,3345.77,3345.78,0.9084
2025-07-06 07:30:00+00:00,3345.78,3345.94,3345.74,3345.94,5.3417
2025-07-06 08:00:00+00:00,3345.94,3346.4,3345.93,3346.38,6.9518
2025-07-06 08:30:00+00:00,3346.39,3348.65,3346.38,3348.54,13.7551
2025-07-06 09:00:00+00:00,3348.54,3348.55,3346.4,3346.4,10.5425
2025-07-06 09:30:00+00:00,3346.4,3346.4,3344.4,3344.4,7.8534
2025-07-06 10:00:00+00:00,3344.4,3346.14,3344.4,3345.46,9.7878
2025-07-06 10:30:00+00:00,3345.45,3345.46,3344.61,3344.67,9.1687
2025-07-06 11:00:00+00:00,3344.67,3344.99,3344.66,3344.8,6.1974
2025-07-06 11:30:00+00:00,3344.8,3346.89,3344.8,3346.6,16.4206
2025-07-06 12:00:00+00:00,3346.59,3346.6,3345.6,3345.86,10.8343
2025-07-06 12:30:00+00:00,3345.85,3346.54,3345.85,3346.01,10.8378
2025-07-06 13:00:00+00:00,3346.01,3346.2,3344.91,3345.0,17.0746
2025-07-06 13:30:00+00:00,3345.0,3346.52,3343.0,3344.4,207.2095
2025-07-06 14:00:00+00:00,3344.4,3344.55,3341.8,3341.8,26.0333
2025-07-06 14:30:00+00:00,3341.81,3346.05,3341.81,3343.77,61.2941
2025-07-06 15:00:00+00:00,3343.78,3344.59,3318.31,3338.65,264.0043
2025-07-06 15:30:00+00:00,3338.66,3340.93,3338.4,3340.6,26.922
2025-07-06 16:00:00+00:00,3340.65,3342.21,3339.06,3341.59,27.4611
2025-07-06 16:30:00+00:00,3341.59,3341.88,3341.41,3341.8,9.8524
2025-07-06 17:00:00+00:00,3341.79,3343.2,3341.11,3342.76,11.6752
2025-07-06 17:30:00+00:00,3342.75,3345.0,3342.15,3343.98,18.831
2025-07-06 18:00:00+00:00,3343.99,3343.99,3343.41,3343.81,5.8626
2025-07-06 18:30:00+00:00,3343.8,3345.9,3343.8,3345.9,6.8139
2025-07-06 19:00:00+00:00,3345.9,3347.6,3344.62,3345.99,23.845
2025-07-06 19:30:00+00:00,3345.99,3346.37,3345.0,3346.0,15.4741
2025-07-06 20:00:00+00:00,3346.0,3346.34,3344.31,3345.03,12.4906
2025-07-06 20:30:00+00:00,3345.03,3346.6,3345.02,3346.0,10.8496
2025-07-06 21:00:00+00:00,3346.0,3346.01,3344.61,3345.62,6.0499
2025-07-06 21:30:00+00:00,3345.63,3348.39,3339.76,3341.47,66.1767
2025-07-06 22:00:00+00:00,3341.48,3346.0,3339.02,3340.0,62.3356
2025-07-06 22:30:00+00:00,3339.99,3341.79,3339.96,3340.08,9.8791
2025-07-06 23:00:00+00:00,3340.09,3340.77,3337.13,3337.78,21.2175
2025-07-06 23:30:00+00:00,3337.78,3337.78,3333.23,3334.76,28.8268
2025-07-07 00:00:00+00:00,3334.77,3335.0,3331.0,3331.11,24.2058
2025-07-07 00:30:00+00:00,3331.39,3333.6,3330.2,3333.4,31.4446
2025-07-07 01:00:00+00:00,3333.4,3334.19,3312.11,3321.09,234.3461
2025-07-07 01:30:00+00:00,3321.1,3327.96,3321.1,3324.49,64.2941
2025-07-07 02:00:00+00:00,3324.59,3325.59,3320.0,3321.68,110.7178
2025-07-07 02:30:00+00:00,3321.61,3322.39,3313.39,3316.43,144.5181
2025-07-07 03:00:00+00:00,3316.44,3321.59,3315.47,3319.97,29.1621
2025-07-07 03:30:00+00:00,3319.99,3320.19,3317.46,3318.8,28.8481
2025-07-07 04:00:00+00:00,3318.8,3319.48,3315.8,3316.21,46.319
2025-07-07 04:30:00+00:00,3316.2,3317.99,3315.8,3317.38,41.1332
2025-07-07 05:00:00+00:00,3317.37,3320.8,3317.01,3318.4,29.0471
2025-07-07 05:30:00+00:00,3318.4,3324.2,3318.01,3323.0,42.6621
2025-07-07 06:00:00+00:00,3323.0,3324.0,3319.03,3320.79,49.2759
2025-07-07 06:30:00+00:00,3320.8,3321.58,3317.81,3319.4,52.9601
2025-07-07 07:00:00+00:00,3319.4,3321.37,3316.11,3320.79,34.1726
2025-07-07 07:30:00+00:00,3320.79,3320.79,3311.11,3311.41,194.6461
2025-07-07 08:00:00+00:00,3311.41,3319.99,3311.11,3319.99,115.2665
2025-07-07 08:30:00+00:00,3320.0,3322.28,3318.12,3318.12,58.8702
2025-07-07 09:00:00+00:00,3318.13,3321.9,3318.01,3318.37,124.1193
2025-07-07 09:30:00+00:00,3318.0,3320.22,3316.29,3318.61,78.39
2025-07-07 10:00:00+00:00,3318.67,3319.8,3316.95,3317.0,76.7615
2025-07-07 10:30:00+00:00,3316.99,3316.99,3306.2,3310.84,130.4134
2025-07-07 11:00:00+00:00,3310.84,3315.58,3309.31,3312.04,62.4458
2025-07-07 11:30:00+00:00,3312.04,3315.0,3311.01,3311.81,26.7688
2025-07-07 12:00:00+00:00,3311.81,3316.6,3311.4,3313.0,40.9909
2025-07-07 12:30:00+00:00,3312.9,3321.0,3312.47,3316.69,82.2494
2025-07-07 13:00:00+00:00,3317.01,3320.99,3315.26,3320.9,98.0418
2025-07-07 13:30:00+00:00,3320.89,3324.19,3316.21,3323.0,96.6272
2025-07-07 14:00:00+00:00,3323.0,3325.83,3320.81,3321.67,73.4212
2025-07-07 14:30:00+00:00,3321.68,3327.0,3321.68,3325.21,74.1693
2025-07-07 15:00:00+00:00,3325.21,3327.48,3324.28,3326.48,59.6162
2025-07-07 15:30:00+00:00,3326.48,3327.93,3326.48,3327.51,25.2132
2025-07-07 16:00:00+00:00,3327.5,3332.16,3326.81,3330.21,124.9315
2025-07-07 16:30:00+00:00,3330.21,3332.54,3329.44,3332.07,61.7417
2025-07-07 17:00:00+00:00,3332.18,3337.1,3332.17,3336.67,109.4117
2025-07-07 17:30:00+00:00,3336.67,3338.95,3335.8,3336.0,49.9638
2025-07-07 18:00:00+00:00,3336.0,3336.01,3332.05,3333.0,44.4212
2025-07-07 18:30:00+00:00,3333.0,3338.2,3332.99,3337.94,76.9222
2025-07-07 19:00:00+00:00,3337.93,3341.26,3337.93,3341.2,86.1623
2025-07-07 19:30:00+00:00,3341.07,3342.57,3338.63,3338.8,59.7644
2025-07-07 20:00:00+00:00,3338.8,3339.93,3337.81,3339.93,58.2342
2025-07-07 20:30:00+00:00,3339.93,3340.88,3339.92,3339.94,19.1277
2025-07-07 21:00:00+00:00,3339.94,3341.76,3339.94,3341.2,36.2487
2025-07-07 21:30:00+00:00,3341.2,3341.21,3335.78,3335.78,39.8721
2025-07-07 22:00:00+00:00,3335.79,3347.37,3335.79,3343.41,90.8828
2025-07-07 22:30:00+00:00,3343.4,3344.8,3341.35,3341.68,24.1683
2025-07-07 23:00:00+00:00,3341.68,3341.73,3336.67,3338.18,16.9776
2025-07-07 23:30:00+00:00,3338.18,3338.29,3335.8,3335.91,22.1913
2025-07-08 00:00:00+00:00,3335.9,3339.0,3335.27,3335.94,35.1228
2025-07-08 00:30:00+00:00,3335.94,3338.2,3334.01,3336.71,34.114
2025-07-08 01:00:00+00:00,3336.71,3338.5,3334.0,3338.5,27.7446
2025-07-08 01:30:00+00:00,3338.49,3340.0,3337.04,3338.45,17.3967
2025-07-08 02:00:00+00:00,3338.45,3340.44,3337.1,3340.26,45.9589
2025-07-08 02:30:00+00:00,3340.27,3342.6,3338.8,3339.21,33.4937
2025-07-08 03:00:00+00:00,3339.21,3340.01,3335.41,3337.01,55.1341
2025-07-08 03:30:00+00:00,3337.01,3337.5,3336.51,3336.51,19.6628
2025-07-08 04:00:00+00:00,3336.51,3336.51,3335.0,3335.0,8.6956
2025-07-08 04:30:00+00:00,3334.97,3335.34,3332.23,3333.2,17.5212
2025-07-08 05:00:00+00:00,3333.19,3340.4,3332.6,3339.83,34.5317
2025-07-08 05:30:00+00:00,3339.83,3340.7,3338.8,3338.8,19.7664
2025-07-08 06:00:00+00:00,3338.8,3339.46,3336.8,3339.38,37.8148
2025-07-08 06:30:00+00:00,3339.39,3340.42,3339.02,3340.42,25.8175
2025-07-08 07:00:00+00:00,3340.43,3343.77,3339.19,3339.19,52.0236
2025-07-08 07:30:00+00:00,3339.2,3340.7,3336.95,3339.61,16.408
2025-07-08 08:00:00+00:00,3339.6,3339.6,3331.78,3334.79,72.6919
2025-07-08 08:30:00+00:00,3334.99,3335.36,3330.0,3330.01,25.6324
2025-07-08 09:00:00+00:00,3330.0,3331.97,3329.81,3330.61,19.6253
2025-07-08 09:30:00+00:00,3331.19,3331.19,3328.22,3328.22,32.1655
2025-07-08 10:00:00+00:00,3328.14,3330.27,3327.62,3328.59,53.643
2025-07-08 10:30:00+00:00,3328.59,3331.2,3328.57,3328.85,92.3255
2025-07-08 11:00:00+00:00,3328.84,3331.79,3328.07,3328.63,32.5164
2025-07-08 11:30:00+00:00,3328.64,3330.0,3326.21,3328.88,43.908
2025-07-08 12:00:00+00:00,3328.96,3332.75,3328.29,3331.0,24.2296
2025-07-08 12:30:00+00:00,3331.0,3333.56,3331.0,3332.92,40.1376
2025-07-08 13:00:00+00:00,3332.99,3333.48,3323.59,3329.4,106.861
2025-07-08 13:30:00+00:00,3328.8,3330.19,3319.95,3320.35,161.2016
2025-07-08 14:00:00+00:00,3320.35,3320.35,3309.29,3313.2,204.7693
2025-07-08 14:30:00+00:00,3313.19,3313.19,3302.0,3305.4,522.3174
2025-07-08 15:00:00+00:00,3305.09,3307.04,3297.8,3306.59,267.4342
2025-07-08 15:30:00+00:00,3306.58,3309.59,3304.95,3308.0,88.9992
2025-07-08 16:00:00+00:00,3308.0,3309.8,3306.0,3308.75,71.566
2025-07-08 16:30:00+00:00,3308.78,3308.78,3304.44,3307.66,125.89
2025-07-08 17:00:00+00:00,3307.67,3315.75,3307.06,3313.84,164.4369
2025-07-08 17:30:00+00:00,3313.83,3314.94,3311.61,3312.38,51.0687
2025-07-08 18:00:00+00:00,3312.24,3313.1,3307.4,3307.41,38.2223
2025-07-08 18:30:00+00:00,3307.4,3311.93,3306.61,3310.9,35.2306
2025-07-08 19:00:00+00:00,3310.81,3310.94,3308.63,3309.22,19.8309
2025-07-08 19:30:00+00:00,3309.22,3310.6,3308.49,3308.85,21.0814
2025-07-08 20:00:00+00:00,3308.85,3308.85,3306.81,3307.33,20.6522
2025-07-08 20:30:00+00:00,3307.33,3307.35,3305.21,3306.12,37.1249
2025-07-08 21:00:00+00:00,3306.12,3306.33,3306.12,3306.32,3.8622
2025-07-08 21:30:00+00:00,3306.32,3312.79,3306.32,3312.79,19.8768
2025-07-08 22:00:00+00:00,3312.79,3312.8,3307.78,3308.37,42.0753
2025-07-08 22:30:00+00:00,3308.37,3310.18,3308.21,3308.5,47.0331
2025-07-08 23:00:00+00:00,3308.49,3311.59,3308.49,3309.0,57.8879
2025-07-08 23:30:00+00:00,3309.0,3310.26,3304.5,3309.2,50.6965
2025-07-09 00:00:00+00:00,3309.74,3313.74,3309.74,3312.21,23.7215
2025-07-09 00:30:00+00:00,3313.04,3314.6,3312.4,3314.6,18.6796
2025-07-09 01:00:00+00:00,3314.59,3314.64,3310.49,3314.18,30.2582
2025-07-09 01:30:00+00:00,3314.19,3314.58,3308.44,3310.58,29.5938
2025-07-09 02:00:00+00:00,3310.66,3311.59,3308.41,3311.59,30.6155
2025-07-09 02:30:00+00:00,3311.6,3311.6,3297.0,3298.02,96.3685
2025-07-09 03:00:00+00:00,3298.33,3303.8,3295.8,3302.47,74.0043
2025-07-09 03:30:00+00:00,3302.47,3304.53,3300.0,3303.48,45.7234
2025-07-09 04:00:00+00:00,3303.48,3305.2,3302.02,3304.79,22.2494
2025-07-09 04:30:00+00:00,3304.79,3305.2,3304.23,3304.73,21.1143
2025-07-09 05:00:00+00:00,3304.72,3306.89,3302.27,3302.27,77.9876
2025-07-09 05:30:00+00:00,3302.27,3303.78,3300.0,3300.2,72.2095
2025-07-09 06:00:00+00:00,3300.2,3300.98,3297.02,3297.03,107.0693
2025-07-09 06:30:00+00:00,3297.02,3302.4,3296.8,3302.4,57.3896
2025-07-09 07:00:00+00:00,3302.41,3303.38,3299.81,3299.81,38.7472
2025-07-09 07:30:00+00:00,3299.8,3303.57,3298.29,3299.29,75.2901
2025-07-09 08:00:00+00:00,3299.33,3300.39,3295.1,3295.12,52.3504
2025-07-09 08:30:00+00:00,3295.11,3297.8,3292.58,3294.62,107.6148
2025-07-09 09:00:00+00:00,3294.61,3299.65,3294.29,3298.58,37.5693
2025-07-09 09:30:00+00:00,3298.57,3299.29,3298.0,3298.6,23.9614
2025-07-09 10:00:00+00:00,3298.76,3301.0,3298.75,3299.45,80.8021
2025-07-09 10:30:00+00:00,3299.2,3303.54,3298.42,3303.44,57.228
2025-07-09 11:00:00+00:00,3303.45,3303.78,3297.25,3297.25,57.1439
2025-07-09 11:30:00+00:00,3297.2,3297.89,3293.4,3294.35,54.609
2025-07-09 12:00:00+00:00,3294.36,3301.79,3294.36,3300.39,56.5451
2025-07-09 12:30:00+00:00,3300.39,3305.55,3300.21,3305.54,77.5631
2025-07-09 13:00:00+00:00,3305.37,3307.49,3303.83,3304.56,44.7221
2025-07-09 13:30:00+00:00,3304.4,3312.27,3301.56,3308.73,98.5023
2025-07-09 14:00:00+00:00,3308.4,3314.87,3308.4,3314.05,65.0523
2025-07-09 14:30:00+00:00,3313.8,3318.0,3312.39,3316.97,256.9228
2025-07-09 15:00:00+00:00,3316.97,3317.13,3312.6,3314.26,114.879
2025-07-09 15:30:00+00:00,3314.26,3316.0,3311.31,3315.36,66.6366
2025-07-09 16:00:00+00:00,3315.36,3316.68,3314.05,3316.55,41.948
2025-07-09 16:30:00+00:00,3316.55,3318.0,3316.54,3318.0,21.9462
2025-07-09 17:00:00+00:00,3317.99,3319.61,3317.0,3318.27,43.311
2025-07-09 17:30:00+00:00,3318.27,3318.28,3315.8,3315.8,42.1811
2025-07-09 18:00:00+00:00,3315.8,3319.01,3315.69,3318.21,47.0473
2025-07-09 18:30:00+00:00,3318.21,3318.42,3315.18,3317.41,112.9779
2025-07-09 19:00:00+00:00,3317.41,3321.63,3316.99,3320.4,95.5443
2025-07-09 19:30:00+00:00,3320.4,3323.84,3319.06,3320.02,328.0764
2025-07-09 20:00:00+00:00,3320.02,3321.0,3315.74,3316.39,195.0332
2025-07-09 20:30:00+00:00,3316.4,3321.82,3315.75,3320.73,45.8976
2025-07-09 21:00:00+00:00,3320.33,3320.97,3300.75,3314.79,457.0439
2025-07-09 21:30:00+00:00,3314.81,3318.14,3313.95,3317.06,45.1757
2025-07-09 22:00:00+00:00,3317.02,3322.95,3315.3,3322.95,65.3968
2025-07-09 22:30:00+00:00,3322.95,3323.0,3320.6,3323.0,103.369
2025-07-09 23:00:00+00:00,3323.0,3323.0,3316.13,3319.7,116.0855
2025-07-09 23:30:00+00:00,3319.61,3319.61,3318.29,3318.48,21.0354
2025-07-10 00:00:00+00:00,3318.48,3321.0,3318.48,3320.96,52.2084
2025-07-10 00:30:00+00:00,3320.95,3323.0,3319.37,3319.37,28.6982
2025-07-10 01:00:00+00:00,3319.37,3325.25,3319.0,3325.25,49.8999
2025-07-10 01:30:00+00:00,3325.26,3326.8,3323.99,3323.99,31.3477
2025-07-10 02:00:00+00:00,3323.74,3324.01,3322.64,3323.49,58.1986
2025-07-10 02:30:00+00:00,3323.49,3323.8,3320.62,3320.63,27.831
2025-07-10 03:00:00+00:00,3320.62,3320.77,3319.24,3319.68,23.0739
2025-07-10 03:30:00+00:00,3319.68,3320.6,3317.57,3317.57,72.3875
2025-07-10 04:00:00+00:00,3317.3,3318.34,3316.93,3318.34,18.4294
2025-07-10 04:30:00+00:00,3318.33,3323.6,3318.28,3323.6,43.8099
2025-07-10 05:00:00+00:00,3323.6,3325.04,3323.58,3324.28,39.6644
2025-07-10 05:30:00+00:00,3324.28,3324.91,3322.82,3322.82,46.6626
2025-07-10 06:00:00+00:00,3322.83,3328.99,3322.82,3326.32,32.4163
2025-07-10 06:30:00+00:00,3326.32,3327.8,3326.04,3326.05,29.4452
2025-07-10 07:00:00+00:00,3326.05,3329.35,3326.04,3326.6,63.5228
2025-07-10 07:30:00+00:00,3326.6,3327.43,3321.47,3322.17,98.0789
2025-07-10 08:00:00+00:00,3322.17,3323.05,3320.59,3321.4,25.8822
2025-07-10 08:30:00+00:00,3321.6,3329.0,3321.2,3328.61,69.9265
2025-07-10 09:00:00+00:00,3328.6,3328.99,3327.54,3327.54,16.8909
2025-07-10 09:30:00+00:00,3327.01,3327.2,3324.14,3327.19,31.5536
2025-07-10 10:00:00+00:00,3327.21,3327.27,3324.9,3326.81,63.9871
2025-07-10 10:30:00+00:00,3326.93,3329.29,3326.0,3327.44,22.524
2025-07-10 11:00:00+00:00,3327.45,3329.6,3327.45,3328.98,44.9131
2025-07-10 11:30:00+00:00,3328.98,3328.98,3322.02,3322.02,97.3406
2025-07-10 12:00:00+00:00,3322.03,3323.79,3321.2,3323.29,41.8573
2025-07-10 12:30:00+00:00,3322.97,3326.64,3320.9,3325.19,53.7822
2025-07-10 13:00:00+00:00,3325.19,3329.57,3324.09,3325.95,56.5868
2025-07-10 13:30:00+00:00,3324.41,3327.39,3314.53,3314.53,74.009
2025-07-10 14:00:00+00:00,3314.53,3321.99,3312.21,3314.84,56.0216
2025-07-10 14:30:00+00:00,3314.85,3319.13,3314.32,3316.51,41.0218
2025-07-10 15:00:00+00:00,3316.5,3321.74,3316.5,3321.4,58.989
2025-07-10 15:30:00+00:00,3321.41,3321.41,3317.04,3320.42,34.3079
2025-07-10 16:00:00+00:00,3320.41,3320.88,3317.81,3317.81,162.6905
2025-07-10 16:30:00+00:00,3317.81,3317.81,3313.42,3315.76,145.3251
2025-07-10 17:00:00+00:00,3315.77,3320.87,3315.59,3317.93,112.8898
2025-07-10 17:30:00+00:00,3317.93,3320.84,3316.99,3319.03,234.6229
2025-07-10 18:00:00+00:00,3319.01,3319.75,3318.4,3318.95,61.8074
2025-07-10 18:30:00+00:00,3318.94,3321.4,3318.94,3321.4,35.1585
2025-07-10 19:00:00+00:00,3321.41,3329.81,3321.41,3327.01,214.3302
2025-07-10 19:30:00+00:00,3327.01,3327.01,3323.24,3324.72,203.7969
2025-07-10 20:00:00+00:00,3324.72,3325.76,3322.19,3323.0,54.6701
2025-07-10 20:30:00+00:00,3323.0,3323.0,3322.8,3322.8,23.7484
2025-07-10 21:00:00+00:00,3322.8,3326.36,3320.86,3323.9,227.6089
2025-07-10 21:30:00+00:00,3323.9,3327.44,3315.93,3317.84,235.9253
2025-07-10 22:00:00+00:00,3317.6,3324.8,3316.21,3323.4,137.2391
2025-07-10 22:30:00+00:00,3323.4,3323.7,3321.24,3321.33,94.7592
2025-07-10 23:00:00+00:00,3321.33,3323.13,3320.7,3323.08,70.8917
2025-07-10 23:30:00+00:00,3323.08,3323.99,3321.62,3322.24,91.5138
2025-07-11 00:00:00+00:00,3322.25,3324.84,3320.11,3324.84,142.188
2025-07-11 00:30:00+00:00,3324.84,3332.4,3324.84,3329.09,198.3649
2025-07-11 01:00:00+00:00,3329.08,3329.08,3323.61,3326.99,291.2642
2025-07-11 01:30:00+00:00,3327.15,3330.59,3327.15,3328.56,109.3339
2025-07-11 02:00:00+00:00,3328.55,3330.33,3327.4,3329.57,130.1055
2025-07-11 02:30:00+00:00,3329.57,3332.67,3329.43,3332.39,49.6579
2025-07-11 03:00:00+00:00,3332.4,3335.35,3332.25,3335.04,133.7604
2025-07-11 03:30:00+00:00,3335.05,3335.05,3333.53,3333.89,54.867
2025-07-11 04:00:00+00:00,3333.89,3333.89,3330.92,3330.93,55.952
2025-07-11 04:30:00+00:00,3330.93,3330.93,3327.52,3328.62,149.9571
2025-07-11 05:00:00+00:00,3328.62,3338.2,3328.62,3337.95,126.4148
2025-07-11 05:30:00+00:00,3337.94,3337.95,3331.6,3331.62,133.3425
2025-07-11 06:00:00+00:00,3331.62,3339.15,3331.62,3338.99,140.6294
2025-07-11 06:30:00+00:00,3338.99,3339.0,3329.87,3329.88,145.8962
2025-07-11 07:00:00+00:00,3329.88,3333.05,3328.12,3333.0,94.7822
2025-07-11 07:30:00+00:00,3332.92,3337.25,3329.15,3336.6,342.948
2025-07-11 08:00:00+00:00,3336.68,3338.67,3333.0,3333.03,62.0862
2025-07-11 08:30:00+00:00,3333.02,3334.8,3328.26,3329.01,42.2453
2025-07-11 09:00:00+00:00,3329.01,3333.4,3329.0,3332.47,63.9071
2025-07-11 09:30:00+00:00,3332.47,3338.26,3332.46,3337.6,105.9769
2025-07-11 10:00:00+00:00,3337.6,3340.9,3337.6,3340.9,104.4043
2025-07-11 10:30:00+00:00,3340.89,3345.36,3340.61,3340.71,88.0478
2025-07-11 11:00:00+00:00,3340.71,3344.58,3338.6,3340.99,54.4862
2025-07-11 11:30:00+00:00,3340.99,3345.96,3340.99,3343.8,37.3607
2025-07-11 12:00:00+00:00,3343.81,3346.66,3342.41,3345.81,97.3908
2025-07-11 12:30:00+00:00,3345.81,3351.66,3345.81,3350.2,245.1848
2025-07-11 13:00:00+00:00,3350.2,3351.88,3346.19,3349.29,162.0017
2025-07-11 13:30:00+00:00,3349.29,3353.4,3347.01,3349.31,143.9066
2025-07-11 14:00:00+00:00,3348.96,3351.4,3347.24,3351.39,89.3321
2025-07-11 14:30:00+00:00,3351.38,3358.87,3351.38,3355.24,86.8689
2025-07-11 15:00:00+00:00,3355.58,3362.3,3355.58,3361.6,120.2685
2025-07-11 15:30:00+00:00,3361.6,3361.61,3353.53,3355.65,196.6198
2025-07-11 16:00:00+00:00,3355.66,3355.76,3349.2,3350.32,131.9798
2025-07-11 16:30:00+00:00,3350.33,3350.42,3347.28,3348.66,63.4938
2025-07-11 17:00:00+00:00,3348.63,3348.64,3343.1,3344.61,230.8419
2025-07-11 17:30:00+00:00,3344.61,3346.26,3343.2,3346.26,76.7964
2025-07-11 18:00:00+00:00,3346.25,3350.91,3346.25,3349.21,76.3192
2025-07-11 18:30:00+00:00,3349.21,3350.87,3349.2,3349.92,32.0735
2025-07-11 19:00:00+00:00,3349.92,3351.4,3348.28,3351.22,45.4169
2025-07-11 19:30:00+00:00,3351.22,3352.2,3350.0,3350.02,34.1112
2025-07-11 20:00:00+00:00,3350.01,3350.01,3347.81,3347.81,25.0668
2025-07-11 20:30:00+00:00,3347.82,3348.97,3346.79,3347.99,23.9113
2025-07-11 21:00:00+00:00,3347.99,3348.1,3344.56,3346.01,78.8756
2025-07-11 21:30:00+00:00,3346.02,3347.8,3343.04,3343.04,52.4724
2025-07-11 22:00:00+00:00,3343.05,3343.17,3341.29,3341.99,63.6403
2025-07-11 22:30:00+00:00,3341.99,3343.76,3341.99,3343.75,29.52
2025-07-11 23:00:00+00:00,3343.76,3343.97,3343.75,3343.97,15.0221
2025-07-11 23:30:00+00:00,3343.97,3348.59,3343.91,3348.49,25.3006
2025-07-12 00:00:00+00:00,3348.49,3348.59,3348.36,3348.58,26.1564
2025-07-12 00:30:00+00:00,3348.59,3348.59,3341.0,3342.39,32.2087
2025-07-12 01:00:00+00:00,3342.4,3351.6,3342.2,3351.59,36.4521
2025-07-12 01:30:00+00:00,3351.59,3352.6,3344.37,3349.93,21.9114
2025-07-12 02:00:00+00:00,3349.93,3351.55,3348.65,3351.29,23.7312
2025-07-12 02:30:00+00:00,3351.29,3351.4,3348.72,3348.72,10.9193
2025-07-12 03:00:00+00:00,3348.73,3351.4,3348.58,3349.19,12.5652
2025-07-12 03:30:00+00:00,3349.19,3350.42,3348.4,3348.57,27.0998
2025-07-12 04:00:00+00:00,3348.46,3349.24,3344.37,3348.07,35.6961
2025-07-12 04:30:00+00:00,3348.23,3349.62,3342.05,3344.39,46.2255
2025-07-12 05:00:00+00:00,3344.4,3348.08,3344.39,3348.08,17.4696
2025-07-12 05:30:00+00:00,3348.08,3348.17,3344.4,3347.33,15.4083
2025-07-12 06:00:00+00:00,3347.33,3348.72,3344.08,3345.69,31.1397
2025-07-12 06:30:00+00:00,3345.69,3345.98,3341.76,3342.19,47.7132
2025-07-12 07:00:00+00:00,3342.19,3348.47,3341.94,3344.77,47.7562
2025-07-12 07:30:00+00:00,3344.77,3345.03,3342.59,3344.2,22.8268
2025-07-12 08:00:00+00:00,3344.19,3346.54,3342.78,3343.41,21.9676
2025-07-12 08:30:00+00:00,3343.51,3345.43,3343.13,3345.37,14.227
2025-07-12 09:00:00+00:00,3345.37,3345.38,3343.48,3343.48,16.0246
2025-07-12 09:30:00+00:00,3343.38,3343.39,3342.2,3342.77,26.9663
2025-07-12 10:00:00+00:00,3342.77,3343.6,3342.0,3342.2,25.2527
2025-07-12 10:30:00+00:00,3342.19,3346.76,3342.19,3346.58,13.4359
2025-07-12 11:00:00+00:00,3346.58,3349.89,3345.17,3348.6,44.7265
2025-07-12 11:30:00+00:00,3348.6,3349.38,3348.03,3348.99,12.1581
2025-07-12 12:00:00+00:00,3348.93,3348.93,3340.93,3342.4,35.9019
2025-07-12 12:30:00+00:00,3342.4,3343.8,3342.0,3343.39,37.5813
2025-07-12 13:00:00+00:00,3343.4,3345.11,3341.53,3343.11,71.5085
2025-07-12 13:30:00+00:00,3343.11,3346.57,3343.11,3346.57,47.5468
2025-07-12 14:00:00+00:00,3346.56,3348.9,3345.6,3348.14,55.7558
2025-07-12 14:30:00+00:00,3348.23,3349.39,3345.2,3348.16,38.0045
2025-07-12 15:00:00+00:00,3348.16,3349.66,3345.73,3347.59,29.287
2025-07-12 15:30:00+00:00,3347.51,3347.6,3343.38,3346.5,38.4268
2025-07-12 16:00:00+00:00,3346.51,3348.91,3344.2,3345.01,53.9665
2025-07-12 16:30:00+00:00,3345.01,3349.08,3344.45,3346.78,13.355
2025-07-12 17:00:00+00:00,3346.78,3350.0,3346.6,3349.87,39.3152
2025-07-12 17:30:00+00:00,3349.86,3349.86,3347.0,3349.3,42.6428
2025-07-12 18:00:00+00:00,3349.3,3349.43,3346.21,3346.22,15.4081
2025-07-12 18:30:00+00:00,3346.21,3348.82,3345.68,3347.79,25.1339
2025-07-12 19:00:00+00:00,3347.8,3350.8,3347.79,3350.6,34.1409
2025-07-12 19:30:00+00:00,3350.6,3350.61,3349.43,3349.53,7.4838
2025-07-12 20:00:00+00:00,3349.53,3350.7,3349.43,3350.33,17.2714
2025-07-12 20:30:00+00:00,3350.33,3350.45,3349.4,3350.45,10.1651
2025-07-12 21:00:00+00:00,3350.55,3351.0,3350.55,3351.0,30.6689
2025-07-12 21:30:00+00:00,3350.99,3351.97,3350.93,3350.96,24.2972
2025-07-12 22:00:00+00:00,3350.96,3350.97,3347.01,3347.01,28.4878
2025-07-12 22:30:00+00:00,3347.01,3350.51,3345.89,3347.83,33.916
2025-07-12 23:00:00+00:00,3347.83,3349.01,3347.32,3349.01,28.8989
2025-07-12 23:30:00+00:00,3349.01,3351.45,3348.8,3351.45,18.2928
2025-07-13 00:00:00+00:00,3351.51,3352.12,3351.51,3352.12,10.1553
2025-07-13 00:30:00+00:00,3352.12,3353.65,3349.8,3349.8,22.3661
2025-07-13 01:00:00+00:00,3349.8,3349.8,3345.9,3345.91,23.8982
2025-07-13 01:30:00+00:00,3345.9,3349.94,3343.74,3349.0,60.018
2025-07-13 02:00:00+00:00,3349.0,3351.7,3346.58,3348.44,64.5843
2025-07-13 02:30:00+00:00,3348.45,3351.89,3348.44,3350.22,13.5286
2025-07-13 03:00:00+00:00,3350.22,3350.86,3347.64,3349.6,25.1179
2025-07-13 03:30:00+00:00,3349.59,3353.33,3349.59,3349.97,32.7738
2025-07-13 04:00:00+00:00,3349.97,3350.4,3348.03,3348.96,17.8343
2025-07-13 04:30:00+00:00,3348.96,3349.99,3348.53,3348.54,17.7686
2025-07-13 05:00:00+00:00,3348.54,3350.58,3348.54,3350.22,9.3084
2025-07-13 05:30:00+00:00,3350.21,3350.57,3348.46,3349.92,19.8807
2025-07-13 06:00:00+00:00,3349.92,3351.34,3349.71,3350.77,23.0466
2025-07-13 06:30:00+00:00,3350.78,3351.41,3350.77,3350.78,11.5727
2025-07-13 07:00:00+00:00,3350.78,3350.79,3347.66,3350.39,37.1064
2025-07-13 07:30:00+00:00,3350.43,3351.65,3350.43,3350.81,22.0687
2025-07-13 08:00:00+00:00,3350.81,3351.2,3348.41,3348.41,46.1504
2025-07-13 08:30:00+00:00,3348.19,3351.16,3347.52,3350.8,30.7295
2025-07-13 09:00:00+00:00,3350.79,3350.91,3349.1,3349.12,39.6662
2025-07-13 09:30:00+00:00,3349.12,3349.19,3347.76,3348.0,18.7583
2025-07-13 10:00:00+00:00,3348.0,3349.1,3347.99,3349.1,13.1276
2025-07-13 10:30:00+00:00,3349.1,3352.19,3349.1,3351.34,62.6725
2025-07-13 11:00:00+00:00,3351.33,3352.32,3351.33,3352.15,13.7658
2025-07-13 11:30:00+00:00,3352.14,3352.15,3349.56,3349.56,13.8848
2025-07-13 12:00:00+00:00,3349.57,3350.4,3347.76,3349.01,25.5632
2025-07-13 12:30:00+00:00,3349.0,3351.99,3347.93,3348.62,33.2244
2025-07-13 13:00:00+00:00,3348.8,3351.2,3347.73,3348.7,31.5065
2025-07-13 13:30:00+00:00,3348.7,3351.2,3345.92,3346.99,68.8516
2025-07-13 14:00:00+00:00,3346.99,3349.8,3344.0,3347.57,92.7028
2025-07-13 14:30:00+00:00,3347.57,3350.95,3344.02,3349.32,103.7268
2025-07-13 15:00:00+00:00,3349.21,3350.57,3345.58,3345.7,36.1761
2025-07-13 15:30:00+00:00,3345.69,3348.03,3345.14,3348.03,35.7281
2025-07-13 16:00:00+00:00,3348.04,3348.26,3343.67,3345.01,27.5238
2025-07-13 16:30:00+00:00,3344.85,3346.73,3344.61,3346.6,28.28
2025-07-13 17:00:00+00:00,3346.6,3349.72,3344.39,3349.61,85.7691
2025-07-13 17:30:00+00:00,3349.6,3349.61,3348.0,3349.35,29.6507
2025-07-13 18:00:00+00:00,3349.36,3350.0,3346.8,3347.4,28.4812
2025-07-13 18:30:00+00:00,3347.4,3348.4,3343.45,3348.4,32.3484
2025-07-13 19:00:00+00:00,3348.4,3349.42,3347.27,3347.33,18.9692
2025-07-13 19:30:00+00:00,3347.28,3348.18,3344.09,3344.59,28.5676
2025-07-13 20:00:00+00:00,3344.6,3348.99,3344.6,3348.0,68.3352
2025-07-13 20:30:00+00:00,3348.01,3348.01,3345.59,3346.91,19.2588
2025-07-13 21:00:00+00:00,3346.91,3348.96,3344.51,3347.64,72.4947
2025-07-13 21:30:00+00:00,3347.64,3348.0,3343.37,3346.0,52.0175
2025-07-13 22:00:00+00:00,3345.72,3358.18,3345.72,3358.17,251.5723
2025-07-13 22:30:00+00:00,3358.17,3358.59,3354.43,3357.85,55.6933
2025-07-13 23:00:00+00:00,3357.84,3360.13,3355.0,3356.4,115.5872
2025-07-13 23:30:00+00:00,3356.4,3356.4,3353.07,3354.18,36.4727
2025-07-14 00:00:00+00:00,3354.17,3356.11,3351.56,3356.11,24.5689
2025-07-14 00:30:00+00:00,3356.11,3358.8,3354.8,3355.0,28.2072
2025-07-14 01:00:00+00:00,3354.57,3355.44,3347.32,3347.33,41.621
2025-07-14 01:30:00+00:00,3347.32,3348.6,3344.01,3345.38,77.4769
2025-07-14 02:00:00+00:00,3345.4,3346.2,3343.37,3346.2,46.0955
2025-07-14 02:30:00+00:00,3346.2,3346.2,3344.2,3346.12,84.2802
2025-07-14 03:00:00+00:00,3346.13,3349.8,3346.12,3348.66,98.1749
2025-07-14 03:30:00+00:00,3348.74,3350.0,3347.2,3347.79,85.1607
2025-07-14 04:00:00+00:00,3347.59,3347.59,3344.3,3346.19,85.3815
2025-07-14 04:30:00+00:00,3346.19,3349.9,3345.99,3349.58,40.7925
2025-07-14 05:00:00+00:00,3349.58,3350.91,3346.2,3346.23,212.7022
2025-07-14 05:30:00+00:00,3346.22,3348.8,3346.22,3348.72,110.6972
2025-07-14 06:00:00+00:00,3348.72,3352.21,3347.62,3351.8,94.8463
2025-07-14 06:30:00+00:00,3351.9,3359.59,3350.6,3359.41,94.0833
2025-07-14 07:00:00+00:00,3359.66,3364.5,3359.03,3364.5,161.2958
2025-07-14 07:30:00+00:00,3364.5,3365.14,3362.59,3364.73,124.8385
2025-07-14 08:00:00+00:00,3364.73,3366.32,3361.24,3361.69,109.3939
2025-07-14 08:30:00+00:00,3361.69,3363.21,3360.0,3361.53,77.045
2025-07-14 09:00:00+00:00,3361.29,3362.77,3358.2,3361.27,124.4404
2025-07-14 09:30:00+00:00,3361.21,3363.45,3358.75,3363.45,106.826
2025-07-14 10:00:00+00:00,3363.46,3368.63,3363.46,3365.51,80.1706
2025-07-14 10:30:00+00:00,3365.51,3367.17,3364.61,3367.17,46.4781
2025-07-14 11:00:00+00:00,3367.17,3370.4,3365.2,3365.2,172.1098
2025-07-14 11:30:00+00:00,3365.2,3366.82,3360.36,3360.37,94.9257
2025-07-14 12:00:00+00:00,3360.36,3370.73,3360.36,3370.0,3628.8753
2025-07-14 12:30:00+00:00,3370.0,3370.24,3356.66,3360.0,1160.9656
2025-07-14 13:00:00+00:00,3360.0,3370.75,3358.4,3366.79,1306.8805
2025-07-14 13:30:00+00:00,3366.79,3367.6,3363.92,3364.4,125.7196
2025-07-14 14:00:00+00:00,3364.36,3364.37,3354.04,3358.98,133.8164
2025-07-14 14:30:00+00:00,3358.99,3358.99,3350.23,3352.02,88.773
2025-07-14 15:00:00+00:00,3352.02,3355.16,3352.01,3353.8,115.0081
2025-07-14 15:30:00+00:00,3353.8,3356.0,3351.82,3351.82,177.2396
2025-07-14 16:00:00+00:00,3351.82,3355.15,3351.12,3355.15,72.5126
2025-07-14 16:30:00+00:00,3355.16,3355.16,3351.0,3351.01,63.7864
2025-07-14 17:00:00+00:00,3351.11,3355.27,3351.11,3355.27,24.2378
2025-07-14 17:30:00+00:00,3355.28,3355.51,3354.87,3355.51,14.4132
2025-07-14 18:00:00+00:00,3355.51,3355.9,3353.83,3354.2,26.0646
2025-07-14 18:30:00+00:00,3354.2,3355.4,3353.12,3353.62,32.7943
2025-07-14 19:00:00+00:00,3353.62,3355.73,3353.25,3353.25,35.4748
2025-07-14 19:30:00+00:00,3353.2,3353.21,3348.82,3348.82,36.8323
2025-07-14 20:00:00+00:00,3348.82,3349.54,3348.82,3349.28,21.5871
2025-07-14 20:30:00+00:00,3349.28,3349.29,3346.8,3347.8,49.0399
2025-07-14 21:00:00+00:00,3347.79,3349.22,3345.29,3348.0,59.6572
2025-07-14 21:30:00+00:00,3347.99,3350.37,3347.99,3349.95,23.5189
2025-07-14 22:00:00+00:00,3349.95,3350.39,3346.88,3348.8,37.992
2025-07-14 22:30:00+00:00,3348.79,3350.04,3347.9,3350.04,22.4295
2025-07-14 23:00:00+00:00,3350.03,3350.04,3347.8,3347.81,12.6857
2025-07-14 23:30:00+00:00,3347.81,3350.34,3347.8,3349.21,22.7179
2025-07-15 00:00:00+00:00,3349.22,3351.38,3349.21,3351.2,58.5746
2025-07-15 00:30:00+00:00,3351.19,3352.6,3350.58,3351.2,36.2461
2025-07-15 01:00:00+00:00,3351.19,3352.62,3351.19,3352.12,37.4062
2025-07-15 01:30:00+00:00,3352.12,3353.6,3349.6,3349.6,38.463
2025-07-15 02:00:00+00:00,3349.61,3355.09,3349.4,3353.8,66.3789
2025-07-15 02:30:00+00:00,3353.81,3353.92,3352.43,3353.91,45.0605
2025-07-15 03:00:00+00:00,3353.92,3358.0,3353.91,3358.0,146.332
2025-07-15 03:30:00+00:00,3358.0,3360.01,3357.99,3360.0,76.9088
2025-07-15 04:00:00+00:00,3360.01,3363.09,3359.99,3363.08,94.4077
2025-07-15 04:30:00+00:00,3363.09,3364.24,3363.0,3363.19,62.5978
2025-07-15 05:00:00+00:00,3363.19,3367.52,3363.19,3366.93,56.175
2025-07-15 05:30:00+00:00,3366.93,3367.56,3364.2,3364.2,78.4538
2025-07-15 06:00:00+00:00,3364.21,3367.56,3363.0,3364.21,106.2427
2025-07-15 06:30:00+00:00,3364.2,3367.56,3362.2,3362.2,129.7007
2025-07-15 07:00:00+00:00,3362.21,3366.0,3361.41,3366.0,101.4448
2025-07-15 07:30:00+00:00,3365.99,3369.0,3365.01,3367.8,125.3298
2025-07-15 08:00:00+00:00,3367.81,3368.8,3359.4,3361.19,153.5659
2025-07-15 08:30:00+00:00,3361.2,3366.3,3361.2,3362.82,36.2053
2025-07-15 09:00:00+00:00,3362.82,3365.8,3360.46,3364.03,112.2453
2025-07-15 09:30:00+00:00,3364.05,3365.99,3361.28,3365.99,93.2279
2025-07-15 10:00:00+00:00,3365.99,3368.75,3365.81,3365.84,88.5755
2025-07-15 10:30:00+00:00,3365.62,3368.0,3364.87,3364.87,60.1927
2025-07-15 11:00:00+00:00,3364.88,3365.9,3362.39,3363.14,52.8726
2025-07-15 11:30:00+00:00,3363.14,3363.6,3358.0,3358.24,141.6303
2025-07-15 12:00:00+00:00,3358.24,3360.2,3353.48,3358.71,88.1006
2025-07-15 12:30:00+00:00,3358.61,3363.2,3351.6,3353.18,147.1834
2025-07-15 13:00:00+00:00,3353.25,3354.6,3345.0,3346.17,210.5223
2025-07-15 13:30:00+00:00,3346.16,3351.0,3340.81,3350.27,246.4131
2025-07-15 14:00:00+00:00,3350.47,3355.01,3346.39,3352.62,348.7062
2025-07-15 14:30:00+00:00,3352.62,3363.03,3352.6,3355.59,1066.7445
2025-07-15 15:00:00+00:00,3355.59,3360.0,3342.0,3343.06,146.969
2025-07-15 15:30:00+00:00,3343.06,3343.22,3335.3,3338.16,299.0365
2025-07-15 16:00:00+00:00,3338.01,3338.01,3329.9,3334.5,189.9733
2025-07-15 16:30:00+00:00,3334.5,3339.43,3333.47,3337.84,88.4896
2025-07-15 17:00:00+00:00,3338.17,3341.59,3336.73,3340.0,363.7264
2025-07-15 17:30:00+00:00,3340.01,3340.01,3334.01,3336.59,140.4215
2025-07-15 18:00:00+00:00,3336.6,3338.39,3332.9,3335.01,90.0348
2025-07-15 18:30:00+00:00,3335.01,3338.59,3335.01,3336.9,70.8551
2025-07-15 19:00:00+00:00,3336.81,3336.81,3334.85,3336.46,38.8464
2025-07-15 19:30:00+00:00,3336.46,3339.97,3336.46,3339.0,47.188
2025-07-15 20:00:00+00:00,3339.01,3339.37,3337.8,3337.8,24.835
2025-07-15 20:30:00+00:00,3337.81,3339.21,3336.58,3336.6,49.9118
2025-07-15 21:00:00+00:00,3336.59,3338.17,3334.2,3337.8,76.4614
2025-07-15 21:30:00+00:00,3337.8,3338.14,3336.12,3337.78,33.5339
2025-07-15 22:00:00+00:00,3337.77,3337.77,3334.21,3335.5,48.0592
2025-07-15 22:30:00+00:00,3335.5,3336.65,3335.5,3336.65,37.9444
2025-07-15 23:00:00+00:00,3336.65,3338.0,3336.06,3337.6,47.2633
2025-07-15 23:30:00+00:00,3337.6,3338.6,3337.0,3338.51,71.8977
2025-07-16 00:00:00+00:00,3338.52,3338.78,3337.0,3338.1,109.9956
2025-07-16 00:30:00+00:00,3338.1,3339.4,3337.97,3338.41,64.2913
2025-07-16 01:00:00+00:00,3338.41,3339.95,3336.86,3339.95,58.882
2025-07-16 01:30:00+00:00,3339.95,3340.72,3339.12,3339.21,64.9631
2025-07-16 02:00:00+00:00,3339.21,3339.21,3334.65,3335.59,65.5398
2025-07-16 02:30:00+00:00,3335.6,3336.72,3333.41,3333.54,42.9194
2025-07-16 03:00:00+00:00,3333.58,3339.81,3333.58,3338.24,94.2049
2025-07-16 03:30:00+00:00,3338.24,3340.4,3338.24,3340.4,22.1886
2025-07-16 04:00:00+00:00,3340.4,3340.4,3338.6,3340.06,13.3096
2025-07-16 04:30:00+00:00,3340.06,3343.4,3340.06,3343.4,44.3159
2025-07-16 05:00:00+00:00,3343.4,3345.4,3343.4,3345.21,28.2794
2025-07-16 05:30:00+00:00,3345.21,3348.31,3344.39,3348.21,145.4829
2025-07-16 06:00:00+00:00,3348.3,3349.77,3348.28,3349.07,31.5951
2025-07-16 06:30:00+00:00,3349.18,3349.19,3344.8,3347.0,56.7148
2025-07-16 07:00:00+00:00,3347.0,3347.0,3342.13,3343.99,71.2396
2025-07-16 07:30:00+00:00,3344.0,3344.59,3342.4,3342.59,38.4131
2025-07-16 08:00:00+00:00,3342.59,3348.37,3342.59,3346.5,29.3915
2025-07-16 08:30:00+00:00,3346.51,3347.37,3346.2,3347.37,36.9444
2025-07-16 09:00:00+00:00,3347.38,3350.0,3346.21,3346.39,69.9091
2025-07-16 09:30:00+00:00,3346.32,3347.8,3346.14,3346.8,59.6683
2025-07-16 10:00:00+00:00,3346.81,3347.8,3344.4,3345.68,103.6867
2025-07-16 10:30:00+00:00,3345.69,3345.8,3342.0,3342.23,66.762
2025-07-16 11:00:00+00:00,3342.39,3344.4,3341.4,3343.37,56.1702
2025-07-16 11:30:00+00:00,3343.38,3348.0,3343.27,3346.81,47.2942
2025-07-16 12:00:00+00:00,3346.81,3348.52,3341.8,3341.81,128.6724
2025-07-16 12:30:00+00:00,3341.81,3345.19,3339.25,3342.0,119.1208
2025-07-16 13:00:00+00:00,3342.01,3345.19,3339.42,3341.65,133.647
2025-07-16 13:30:00+00:00,3341.64,3341.64,3329.6,3333.6,228.4246
2025-07-16 14:00:00+00:00,3333.59,3336.5,3330.05,3332.71,156.3026
2025-07-16 14:30:00+00:00,3332.6,3348.71,3328.0,3344.95,211.9349
2025-07-16 15:00:00+00:00,3344.92,3371.96,3344.5,3364.2,504.7932
2025-07-16 15:30:00+00:00,3364.2,3375.0,3338.86,3346.82,550.5879
2025-07-16 16:00:00+00:00,3346.72,3358.5,3343.44,3356.76,275.4068
2025-07-16 16:30:00+00:00,3356.6,3358.1,3353.4,3355.14,66.0169
2025-07-16 17:00:00+00:00,3355.15,3359.08,3355.14,3358.0,38.8442
2025-07-16 17:30:00+00:00,3357.81,3359.67,3356.74,3358.95,38.7519
2025-07-16 18:00:00+00:00,3359.19,3361.07,3358.26,3358.26,61.374
2025-07-16 18:30:00+00:00,3358.27,3358.86,3353.8,3354.0,80.2836
2025-07-16 19:00:00+00:00,3353.99,3354.38,3350.22,3350.22,50.373
2025-07-16 19:30:00+00:00,3350.23,3352.15,3350.22,3352.01,40.0406
2025-07-16 20:00:00+00:00,3352.0,3352.56,3350.45,3350.76,70.105
2025-07-16 20:30:00+00:00,3350.76,3353.01,3350.13,3352.75,52.6961
2025-07-16 21:00:00+00:00,3352.76,3355.24,3352.14,3352.67,29.5495
2025-07-16 21:30:00+00:00,3352.66,3352.66,3351.0,3351.52,20.4041
2025-07-16 22:00:00+00:00,3351.52,3356.65,3351.52,3355.2,42.4887
2025-07-16 22:30:00+00:00,3355.2,3355.2,3352.0,3352.0,31.113
2025-07-16 23:00:00+00:00,3352.01,3354.01,3351.0,3351.79,52.0717
2025-07-16 23:30:00+00:00,3351.79,3353.29,3350.0,3351.41,51.2646
2025-07-17 00:00:00+00:00,3351.6,3352.34,3348.06,3349.65,35.1702
2025-07-17 00:30:00+00:00,3349.66,3349.66,3345.87,3346.01,37.4546
2025-07-17 01:00:00+00:00,3346.02,3347.6,3343.96,3346.62,140.8017
2025-07-17 01:30:00+00:00,3346.6,3351.32,3344.74,3350.0,129.3169
2025-07-17 02:00:00+00:00,3350.0,3350.0,3345.11,3345.11,65.2949
2025-07-17 02:30:00+00:00,3345.12,3347.16,3345.11,3346.97,58.2679
2025-07-17 03:00:00+00:00,3346.97,3347.37,3344.4,3345.87,111.3744
2025-07-17 03:30:00+00:00,3345.87,3351.0,3345.34,3349.22,54.1405
2025-07-17 04:00:00+00:00,3349.23,3349.23,3345.1,3348.19,46.0238
2025-07-17 04:30:00+00:00,3348.19,3352.29,3348.19,3348.99,27.2921
2025-07-17 05:00:00+00:00,3348.99,3349.4,3346.79,3347.78,24.7791
2025-07-17 05:30:00+00:00,3347.78,3347.78,3344.2,3344.81,63.3822
2025-07-17 06:00:00+00:00,3345.0,3345.0,3337.81,3338.61,119.0352
2025-07-17 06:30:00+00:00,3338.61,3342.99,3335.0,3342.31,73.693
2025-07-17 07:00:00+00:00,3342.3,3342.7,3337.22,3337.81,30.7687
2025-07-17 07:30:00+00:00,3338.19,3338.84,3334.76,3334.98,70.6734
2025-07-17 08:00:00+00:00,3334.99,3338.95,3334.98,3338.59,123.0582
2025-07-17 08:30:00+00:00,3338.71,3339.0,3336.24,3336.24,61.0769
2025-07-17 09:00:00+00:00,3336.24,3339.88,3336.24,3338.2,69.0508
2025-07-17 09:30:00+00:00,3338.21,3338.4,3335.0,3335.1,104.988
2025-07-17 10:00:00+00:00,3335.1,3336.82,3335.0,3336.82,72.7736
2025-07-17 10:30:00+00:00,3336.83,3338.75,3334.28,3334.29,93.1807
2025-07-17 11:00:00+00:00,3334.28,3337.19,3332.82,3335.12,72.7655
2025-07-17 11:30:00+00:00,3335.11,3335.12,3332.52,3334.16,61.942
2025-07-17 12:00:00+00:00,3334.16,3336.41,3331.01,3335.22,314.5728
2025-07-17 12:30:00+00:00,3335.13,3335.13,3321.41,3324.97,389.2323
2025-07-17 13:00:00+00:00,3324.41,3329.24,3322.3,3327.48,116.8325
2025-07-17 13:30:00+00:00,3326.8,3330.13,3324.17,3328.06,120.821
2025-07-17 14:00:00+00:00,3328.2,3338.93,3328.2,3338.93,128.2979
2025-07-17 14:30:00+00:00,3338.92,3342.57,3338.92,3341.61,43.8083
2025-07-17 15:00:00+00:00,3341.61,3343.78,3338.33,3343.26,114.579
2025-07-17 15:30:00+00:00,3343.26,3343.34,3340.42,3342.8,122.5637
2025-07-17 16:00:00+00:00,3342.79,3344.57,3341.2,3344.56,81.9407
2025-07-17 16:30:00+00:00,3344.57,3345.37,3342.87,3344.75,105.3458
2025-07-17 17:00:00+00:00,3344.75,3346.0,3344.75,3345.18,73.7014
2025-07-17 17:30:00+00:00,3345.39,3345.4,3341.35,3343.02,121.0823
2025-07-17 18:00:00+00:00,3343.21,3343.4,3341.11,3342.27,73.2285
2025-07-17 18:30:00+00:00,3342.27,3344.25,3342.27,3344.0,66.9509
2025-07-17 19:00:00+00:00,3344.01,3345.91,3344.0,3345.25,49.9659
2025-07-17 19:30:00+00:00,3345.24,3346.2,3343.78,3344.67,100.3844
2025-07-17 20:00:00+00:00,3344.68,3345.05,3341.73,3343.07,139.88
2025-07-17 20:30:00+00:00,3343.08,3344.03,3341.58,3342.79,46.844
2025-07-17 21:00:00+00:00,3342.79,3344.26,3340.88,3344.24,91.0159
2025-07-17 21:30:00+00:00,3344.24,3348.07,3336.62,3338.66,108.9942
2025-07-17 22:00:00+00:00,3338.66,3343.15,3335.94,3338.81,312.0442
2025-07-17 22:30:00+00:00,3338.81,3345.34,3338.8,3344.01,90.4872
2025-07-17 23:00:00+00:00,3344.01,3346.02,3340.99,3342.44,133.4873
2025-07-17 23:30:00+00:00,3342.44,3342.85,3340.0,3340.67,33.4239
2025-07-18 00:00:00+00:00,3340.68,3341.5,3339.6,3339.6,80.2985
2025-07-18 00:30:00+00:00,3339.6,3339.61,3338.66,3339.48,25.4472
2025-07-18 01:00:00+00:00,3339.49,3342.83,3336.57,3336.57,60.6992
2025-07-18 01:30:00+00:00,3336.57,3338.78,3334.36,3337.15,73.4694
2025-07-18 02:00:00+00:00,3337.16,3342.99,3336.63,3342.98,70.5639
2025-07-18 02:30:00+00:00,3342.99,3342.99,3336.87,3337.26,61.9205
2025-07-18 03:00:00+00:00,3337.26,3337.85,3334.85,3334.86,46.3446
2025-07-18 03:30:00+00:00,3334.86,3335.81,3334.08,3334.85,50.52
2025-07-18 04:00:00+00:00,3334.85,3335.08,3332.67,3333.59,212.507
2025-07-18 04:30:00+00:00,3333.6,3335.36,3333.18,3335.36,96.9389
2025-07-18 05:00:00+00:00,3335.36,3339.1,3335.35,3337.36,135.6065
2025-07-18 05:30:00+00:00,3337.37,3337.4,3333.23,3333.8,109.7686
2025-07-18 06:00:00+00:00,3333.8,3339.53,3332.47,3339.19,136.0022
2025-07-18 06:30:00+00:00,3339.18,3342.69,3337.0,3342.68,261.4839
2025-07-18 07:00:00+00:00,3342.68,3346.12,3341.6,3345.31,97.9733
2025-07-18 07:30:00+00:00,3345.32,3349.07,3344.62,3348.6,126.7104
2025-07-18 08:00:00+00:00,3348.61,3348.61,3345.1,3346.73,66.0906
2025-07-18 08:30:00+00:00,3346.74,3347.27,3344.19,3345.09,120.6977
2025-07-18 09:00:00+00:00,3345.09,3351.2,3345.09,3350.2,108.4536
2025-07-18 09:30:00+00:00,3350.21,3352.0,3349.8,3351.95,103.711
2025-07-18 10:00:00+00:00,3351.95,3352.39,3348.0,3350.81,145.0291
2025-07-18 10:30:00+00:00,3350.82,3353.66,3350.82,3351.87,82.8663
2025-07-18 11:00:00+00:00,3351.87,3355.88,3351.87,3355.03,207.6606
2025-07-18 11:30:00+00:00,3355.03,3359.23,3354.83,3356.6,113.6761
2025-07-18 12:00:00+00:00,3356.6,3362.25,3356.6,3362.19,253.7336
2025-07-18 12:30:00+00:00,3362.2,3366.8,3362.2,3364.99,277.1759
2025-07-18 13:00:00+00:00,3364.99,3366.21,3360.75,3364.1,108.8361
2025-07-18 13:30:00+00:00,3364.1,3364.1,3357.43,3361.37,94.6263
2025-07-18 14:00:00+00:00,3361.38,3363.31,3358.34,3361.46,99.277
2025-07-18 14:30:00+00:00,3361.32,3363.78,3359.4,3359.64,128.3738
2025-07-18 15:00:00+00:00,3359.64,3359.64,3357.2,3357.94,84.5011
2025-07-18 15:30:00+00:00,3357.94,3359.58,3356.45,3357.22,113.5975
2025-07-18 16:00:00+00:00,3357.22,3359.09,3355.7,3359.09,48.982
2025-07-18 16:30:00+00:00,3359.09,3362.6,3357.7,3357.87,40.2073
2025-07-18 17:00:00+00:00,3357.88,3357.88,3356.05,3356.4,23.8467
2025-07-18 17:30:00+00:00,3356.59,3356.59,3354.61,3355.14,24.1742
2025-07-18 18:00:00+00:00,3355.14,3355.6,3354.23,3354.92,10.0967
2025-07-18 18:30:00+00:00,3354.92,3355.95,3354.21,3354.21,32.2652
2025-07-18 19:00:00+00:00,3354.21,3357.65,3354.21,3355.6,50.0874
2025-07-18 19:30:00+00:00,3355.6,3355.6,3352.31,3352.43,44.2664
2025-07-18 20:00:00+00:00,3352.44,3355.13,3352.43,3354.48,21.5573
2025-07-18 20:30:00+00:00,3354.48,3356.18,3351.52,3355.06,30.6298
2025-07-18 21:00:00+00:00,3355.17,3356.41,3352.6,3352.6,30.3852
2025-07-18 21:30:00+00:00,3352.6,3352.6,3350.9,3351.95,25.6215
2025-07-18 22:00:00+00:00,3351.95,3353.38,3350.0,3351.6,32.2267
2025-07-18 22:30:00+00:00,3351.6,3353.61,3349.99,3353.61,25.555
2025-07-18 23:00:00+00:00,3353.61,3353.61,3351.22,3351.22,6.6641
2025-07-18 23:30:00+00:00,3351.22,3351.4,3347.35,3347.84,53.3784
2025-07-19 00:00:00+00:00,3347.84,3348.6,3347.83,3348.6,6.0734
2025-07-19 00:30:00+00:00,3348.59,3348.8,3348.27,3348.79,17.6001
2025-07-19 01:00:00+00:00,3348.79,3348.79,3347.2,3347.4,23.0735
2025-07-19 01:30:00+00:00,3347.39,3349.47,3347.39,3347.92,16.9673
2025-07-19 02:00:00+00:00,3347.91,3347.92,3346.8,3346.8,5.1883
2025-07-19 02:30:00+00:00,3346.81,3347.93,3345.63,3347.9,20.1069
2025-07-19 03:00:00+00:00,3347.89,3349.2,3347.89,3349.2,7.5773
2025-07-19 03:30:00+00:00,3349.21,3352.88,3349.21,3352.19,17.147
2025-07-19 04:00:00+00:00,3352.19,3353.88,3352.18,3353.61,30.655
2025-07-19 04:30:00+00:00,3353.6,3353.61,3353.58,3353.6,3.6289
2025-07-19 05:00:00+00:00,3353.61,3353.61,3353.01,3353.21,13.672
2025-07-19 05:30:00+00:00,3353.21,3360.31,3353.2,3360.17,210.4183
2025-07-19 06:00:00+00:00,3360.14,3360.14,3360.0,3360.01,67.5963
2025-07-19 06:30:00+00:00,3360.0,3360.1,3360.0,3360.01,30.1541
2025-07-19 07:00:00+00:00,3360.0,3360.1,3360.0,3360.0,27.3762
2025-07-19 07:30:00+00:00,3360.0,3360.12,3360.0,3360.0,18.4131
2025-07-19 08:00:00+00:00,3360.0,3360.01,3360.0,3360.0,57.955
2025-07-19 08:30:00+00:00,3360.0,3360.5,3360.0,3360.5,31.6722
2025-07-19 09:00:00+00:00,3360.5,3360.9,3360.5,3360.6,15.8258
2025-07-19 09:30:00+00:00,3360.6,3360.6,3360.0,3360.0,23.9732
2025-07-19 10:00:00+00:00,3360.01,3360.01,3360.0,3360.0,24.0213
2025-07-19 10:30:00+00:00,3360.0,3360.37,3360.0,3360.01,51.1869
2025-07-19 11:00:00+00:00,3360.0,3360.01,3360.0,3360.01,20.4279
2025-07-19 11:30:00+00:00,3360.0,3360.01,3360.0,3360.0,5.5178
2025-07-19 12:00:00+00:00,3360.0,3360.01,3358.6,3358.6,47.5306
2025-07-19 12:30:00+00:00,3358.6,3358.6,3356.82,3356.83,9.6285
2025-07-19 13:00:00+00:00,3356.83,3356.83,3356.5,3356.5,3.7286
2025-07-19 13:30:00+00:00,3356.49,3356.49,3355.2,3355.21,12.1482
2025-07-19 14:00:00+00:00,3355.2,3359.96,3355.17,3359.95,38.4445
2025-07-19 14:30:00+00:00,3359.96,3360.0,3358.4,3358.4,12.8392
2025-07-19 15:00:00+00:00,3358.41,3358.41,3358.33,3358.34,8.7126
2025-07-19 15:30:00+00:00,3358.34,3358.58,3356.8,3356.81,98.6898
2025-07-19 16:00:00+00:00,3356.81,3357.0,3356.63,3356.95,13.1432
2025-07-19 16:30:00+00:00,3356.95,3358.74,3356.94,3358.73,23.6588
2025-07-19 17:00:00+00:00,3358.74,3358.85,3357.06,3357.2,20.4684
2025-07-19 17:30:00+00:00,3357.19,3358.7,3357.19,3358.7,11.4899
2025-07-19 18:00:00+00:00,3358.7,3361.5,3358.45,3359.52,57.8387
2025-07-19 18:30:00+00:00,3359.53,3359.79,3359.47,3359.79,7.6428
2025-07-19 19:00:00+00:00,3359.79,3359.79,3359.22,3359.6,16.0391
2025-07-19 19:30:00+00:00,3359.59,3361.0,3359.58,3359.61,23.5434
2025-07-19 20:00:00+00:00,3359.6,3359.6,3359.2,3359.2,9.4114
2025-07-19 20:30:00+00:00,3359.21,3359.21,3359.2,3359.2,8.9795
2025-07-19 21:00:00+00:00,3359.2,3359.58,3358.39,3358.39,32.9842
2025-07-19 21:30:00+00:00,3358.39,3359.58,3357.34,3358.15,66.2168
2025-07-19 22:00:00+00:00,3358.15,3358.2,3357.07,3357.1,39.584
2025-07-19 22:30:00+00:00,3357.1,3357.11,3357.07,3357.11,15.9519
2025-07-19 23:00:00+00:00,3357.11,3357.11,3357.07,3357.08,8.0434
2025-07-19 23:30:00+00:00,3357.08,3357.3,3357.07,3357.3,32.2656
2025-07-20 00:00:00+00:00,3357.31,3359.2,3357.31,3359.19,21.8356
2025-07-20 00:30:00+00:00,3359.2,3359.34,3359.19,3359.29,18.8492
2025-07-20 01:00:00+00:00,3359.3,3359.3,3357.89,3358.58,38.3
2025-07-20 01:30:00+00:00,3358.58,3359.01,3358.4,3358.4,28.1379
2025-07-20 02:00:00+00:00,3358.4,3358.45,3358.39,3358.45,9.9645
2025-07-20 02:30:00+00:00,3358.45,3358.9,3358.45,3358.89,19.7595
2025-07-20 03:00:00+00:00,3358.9,3358.9,3358.79,3358.79,6.9049
2025-07-20 03:30:00+00:00,3358.79,3361.0,3358.79,3360.09,171.265
2025-07-20 04:00:00+00:00,3360.08,3360.16,3358.4,3359.3,44.7171
2025-07-20 04:30:00+00:00,3359.3,3359.4,3359.0,3359.0,5.3501
2025-07-20 05:00:00+00:00,3359.01,3359.01,3358.89,3358.93,7.0039
2025-07-20 05:30:00+00:00,3358.93,3359.52,3358.93,3359.39,8.7859
2025-07-20 06:00:00+00:00,3359.4,3359.4,3358.65,3358.65,11.36
2025-07-20 06:30:00+00:00,3358.63,3359.0,3358.42,3358.42,8.465
2025-07-20 07:00:00+00:00,3358.43,3359.03,3358.42,3359.02,9.162
2025-07-20 07:30:00+00:00,3359.02,3359.4,3359.02,3359.4,8.0115
2025-07-20 08:00:00+00:00,3359.39,3359.4,3358.57,3358.57,16.0266
2025-07-20 08:30:00+00:00,3358.56,3358.68,3358.23,3358.24,15.0821
2025-07-20 09:00:00+00:00,3358.24,3358.24,3352.02,3353.16,215.0584
2025-07-20 09:30:00+00:00,3353.16,3354.4,3352.53,3352.8,57.6219
2025-07-20 10:00:00+00:00,3352.79,3352.81,3351.72,3352.65,34.6695
2025-07-20 10:30:00+00:00,3352.65,3354.04,3351.99,3354.04,17.302
2025-07-20 11:00:00+00:00,3354.15,3354.97,3354.15,3354.83,16.67
2025-07-20 11:30:00+00:00,3354.84,3354.84,3353.66,3354.68,38.7584
2025-07-20 12:00:00+00:00,3354.68,3356.59,3354.2,3354.24,42.0533
2025-07-20 12:30:00+00:00,3354.24,3356.93,3354.22,3355.67,29.2401
2025-07-20 13:00:00+00:00,3356.03,3356.05,3353.88,3354.32,16.6321
2025-07-20 13:30:00+00:00,3354.31,3358.23,3354.06,3357.55,57.3298
2025-07-20 14:00:00+00:00,3357.55,3358.09,3356.09,3356.98,37.4554
2025-07-20 14:30:00+00:00,3356.98,3356.99,3356.16,3356.54,20.9097
2025-07-20 15:00:00+00:00,3356.59,3356.6,3354.98,3355.29,11.951
2025-07-20 15:30:00+00:00,3355.3,3356.4,3353.02,3353.13,43.6489
2025-07-20 16:00:00+00:00,3353.13,3356.98,3353.13,3356.4,50.7626
2025-07-20 16:30:00+00:00,3356.39,3358.38,3354.6,3354.61,40.1833
2025-07-20 17:00:00+00:00,3354.6,3356.21,3353.38,3353.93,44.0318
2025-07-20 17:30:00+00:00,3353.93,3354.02,3353.0,3353.0,19.4712
2025-07-20 18:00:00+00:00,3353.0,3353.99,3351.66,3353.99,19.2463
2025-07-20 18:30:00+00:00,3354.0,3354.3,3353.99,3354.3,7.8707
2025-07-20 19:00:00+00:00,3354.29,3354.7,3352.96,3352.96,50.8008
2025-07-20 19:30:00+00:00,3352.89,3352.89,3351.15,3351.58,13.1349
2025-07-20 20:00:00+00:00,3351.58,3351.59,3351.58,3351.58,11.3092
2025-07-20 20:30:00+00:00,3351.59,3352.2,3351.58,3352.12,29.7992
2025-07-20 21:00:00+00:00,3352.13,3353.93,3352.12,3353.91,14.0827
2025-07-20 21:30:00+00:00,3353.91,3354.17,3353.2,3354.16,21.3097
2025-07-20 22:00:00+00:00,3354.17,3354.17,3351.37,3352.11,37.0162
2025-07-20 22:30:00+00:00,3352.11,3352.43,3351.87,3352.2,15.3524
2025-07-20 23:00:00+00:00,3352.23,3352.64,3351.21,3351.31,25.8539
2025-07-20 23:30:00+00:00,3351.31,3351.63,3351.2,3351.63,25.2087
2025-07-21 00:00:00+00:00,3351.63,3353.11,3351.62,3353.11,16.7688
2025-07-21 00:30:00+00:00,3353.0,3358.0,3353.0,3355.8,95.8892
2025-07-21 01:00:00+00:00,3355.8,3358.98,3355.8,3358.98,28.1036
2025-07-21 01:30:00+00:00,3358.98,3359.77,3357.14,3359.11,27.6372
2025-07-21 02:00:00+00:00,3359.11,3361.0,3357.54,3360.67,95.0137
2025-07-21 02:30:00+00:00,3360.67,3360.67,3357.5,3360.31,45.8843
2025-07-21 03:00:00+00:00,3360.32,3361.0,3359.6,3359.87,100.3779
2025-07-21 03:30:00+00:00,3359.87,3359.88,3357.21,3357.63,23.4755
2025-07-21 04:00:00+00:00,3357.62,3357.63,3356.17,3357.6,46.7763
2025-07-21 04:30:00+00:00,3357.6,3360.37,3357.6,3360.37,33.1539
2025-07-21 05:00:00+00:00,3360.37,3369.77,3360.36,3369.12,162.1894
2025-07-21 05:30:00+00:00,3369.11,3370.38,3367.18,3368.72,61.128
2025-07-21 06:00:00+00:00,3368.71,3371.08,3367.27,3370.8,48.7712
2025-07-21 06:30:00+00:00,3370.8,3371.98,3370.11,3370.11,49.9995
2025-07-21 07:00:00+00:00,3370.11,3372.22,3369.64,3370.19,155.0989
2025-07-21 07:30:00+00:00,3370.2,3370.58,3366.87,3367.0,43.5944
2025-07-21 08:00:00+00:00,3366.62,3367.65,3364.99,3366.6,40.4764
2025-07-21 08:30:00+00:00,3366.6,3367.44,3365.41,3366.8,40.1932
2025-07-21 09:00:00+00:00,3366.86,3367.4,3366.21,3366.22,32.9648
2025-07-21 09:30:00+00:00,3366.22,3366.22,3360.55,3365.39,280.2163
2025-07-21 10:00:00+00:00,3365.4,3366.59,3365.39,3365.59,40.5584
2025-07-21 10:30:00+00:00,3365.59,3366.24,3363.52,3366.24,78.7348
2025-07-21 11:00:00+00:00,3366.24,3373.21,3366.23,3373.2,64.9479
2025-07-21 11:30:00+00:00,3373.21,3377.01,3372.12,3375.5,277.763
2025-07-21 12:00:00+00:00,3375.5,3382.77,3374.85,3381.11,201.9612
2025-07-21 12:30:00+00:00,3381.11,3387.26,3381.11,3386.1,153.8722
2025-07-21 13:00:00+00:00,3386.1,3387.24,3384.6,3385.55,89.3147
2025-07-21 13:30:00+00:00,3385.56,3393.43,3383.18,3387.94,182.57
2025-07-21 14:00:00+00:00,3387.95,3395.25,3387.0,3395.13,201.9114
2025-07-21 14:30:00+00:00,3395.13,3398.5,3395.07,3398.2,226.9566
2025-07-21 15:00:00+00:00,3398.21,3399.37,3394.89,3398.61,259.168
2025-07-21 15:30:00+00:00,3398.6,3398.95,3395.34,3397.19,142.5878
2025-07-21 16:00:00+00:00,3397.2,3398.24,3396.2,3397.0,138.1498
2025-07-21 16:30:00+00:00,3397.0,3398.32,3392.16,3393.39,150.2475
2025-07-21 17:00:00+00:00,3393.38,3393.71,3389.81,3389.87,122.4385
2025-07-21 17:30:00+00:00,3389.66,3393.38,3389.66,3393.38,96.1419
2025-07-21 18:00:00+00:00,3393.37,3397.8,3393.37,3396.81,86.7396
2025-07-21 18:30:00+00:00,3396.82,3397.69,3395.41,3397.47,56.2163
2025-07-21 19:00:00+00:00,3397.47,3398.49,3397.47,3397.75,102.0617
2025-07-21 19:30:00+00:00,3397.74,3399.23,3397.74,3399.23,82.6618
2025-07-21 20:00:00+00:00,3399.23,3399.39,3397.23,3397.23,66.0941
2025-07-21 20:30:00+00:00,3397.22,3397.34,3395.29,3397.33,51.8236
2025-07-21 21:00:00+00:00,3397.33,3397.34,3391.29,3391.87,81.6374
2025-07-21 21:30:00+00:00,3391.87,3395.79,3390.59,3395.19,40.501
2025-07-21 22:00:00+00:00,3395.19,3400.0,3395.18,3399.04,56.7686
2025-07-21 22:30:00+00:00,3399.04,3400.0,3398.16,3399.35,22.9485
2025-07-21 23:00:00+00:00,3399.09,3400.0,3399.09,3399.81,24.1257
2025-07-21 23:30:00+00:00,3399.81,3400.86,3394.39,3395.4,119.0402
2025-07-22 00:00:00+00:00,3395.4,3395.4,3391.75,3394.31,44.0159
2025-07-22 00:30:00+00:00,3394.3,3396.2,3393.6,3394.8,30.7073
2025-07-22 01:00:00+00:00,3394.99,3395.39,3391.06,3393.62,79.9893
2025-07-22 01:30:00+00:00,3393.62,3394.23,3387.75,3388.0,53.7294
2025-07-22 02:00:00+00:00,3388.0,3391.0,3387.21,3389.02,56.5213
2025-07-22 02:30:00+00:00,3389.35,3390.9,3388.44,3390.13,76.6529
2025-07-22 03:00:00+00:00,3390.13,3390.15,3389.04,3389.8,38.8663
2025-07-22 03:30:00+00:00,3389.97,3392.4,3389.7,3390.82,90.0249
2025-07-22 04:00:00+00:00,3390.82,3390.82,3388.95,3390.02,32.3594
2025-07-22 04:30:00+00:00,3390.01,3391.0,3389.41,3390.44,109.5
2025-07-22 05:00:00+00:00,3390.99,3391.65,3388.03,3388.8,62.5031
2025-07-22 05:30:00+00:00,3388.8,3388.87,3386.86,3387.8,74.7059
2025-07-22 06:00:00+00:00,3387.8,3388.74,3385.46,3385.46,106.7204
2025-07-22 06:30:00+00:00,3385.46,3386.1,3385.31,3385.33,25.0648
2025-07-22 07:00:00+00:00,3385.33,3387.45,3385.2,3385.63,31.388
2025-07-22 07:30:00+00:00,3385.63,3389.94,3385.41,3389.93,56.4752
2025-07-22 08:00:00+00:00,3389.61,3391.63,3389.0,3391.63,37.4237
2025-07-22 08:30:00+00:00,3391.63,3392.02,3390.81,3391.26,39.2374
2025-07-22 09:00:00+00:00,3391.26,3391.98,3389.1,3389.1,128.5831
2025-07-22 09:30:00+00:00,3389.1,3389.89,3388.33,3388.99,31.1387
2025-07-22 10:00:00+00:00,3389.0,3389.9,3388.63,3389.89,48.8804
2025-07-22 10:30:00+00:00,3389.89,3389.9,3388.8,3389.1,80.7753
2025-07-22 11:00:00+00:00,3389.33,3390.0,3388.68,3388.69,38.8699
2025-07-22 11:30:00+00:00,3388.69,3391.34,3388.4,3391.33,80.4073
2025-07-22 12:00:00+00:00,3391.34,3400.52,3391.34,3400.52,64.0116
2025-07-22 12:30:00+00:00,3400.53,3406.85,3399.12,3406.84,124.101
2025-07-22 13:00:00+00:00,3406.85,3415.77,3406.85,3415.4,175.7962
2025-07-22 13:30:00+00:00,3415.39,3418.4,3411.9,3411.9,138.1924
2025-07-22 14:00:00+00:00,3412.33,3421.25,3406.72,3421.25,127.9543
2025-07-22 14:30:00+00:00,3421.24,3425.32,3420.0,3424.01,169.2802
2025-07-22 15:00:00+00:00,3424.01,3427.88,3422.43,3425.21,180.619
2025-07-22 15:30:00+00:00,3425.19,3425.91,3422.81,3423.23,53.8495
2025-07-22 16:00:00+00:00,3423.1,3427.44,3423.09,3424.31,77.1515
2025-07-22 16:30:00+00:00,3424.79,3429.0,3424.79,3428.62,84.7667
2025-07-22 17:00:00+00:00,3428.79,3429.59,3423.78,3427.73,95.76
2025-07-22 17:30:00+00:00,3427.72,3428.7,3425.8,3427.36,129.6315
2025-07-22 18:00:00+00:00,3427.35,3429.59,3427.35,3428.68,73.0701
2025-07-22 18:30:00+00:00,3428.68,3429.99,3426.88,3426.98,88.1654
2025-07-22 19:00:00+00:00,3426.99,3427.91,3426.4,3427.26,33.8052
2025-07-22 19:30:00+00:00,3427.26,3428.11,3427.26,3428.01,17.3949
2025-07-22 20:00:00+00:00,3428.01,3428.1,3426.8,3427.4,39.0631
2025-07-22 20:30:00+00:00,3427.39,3427.4,3426.06,3427.09,9.306
2025-07-22 21:00:00+00:00,3427.08,3430.0,3427.08,3429.23,46.0106
2025-07-22 21:30:00+00:00,3429.22,3429.36,3428.59,3429.2,13.2562
2025-07-22 22:00:00+00:00,3429.2,3429.21,3427.01,3427.05,9.5759
2025-07-22 22:30:00+00:00,3427.04,3427.05,3425.9,3426.97,57.913
2025-07-22 23:00:00+00:00,3426.97,3430.56,3425.44,3427.83,68.8655
2025-07-22 23:30:00+00:00,3427.83,3427.83,3424.36,3424.79,33.9715
2025-07-23 00:00:00+00:00,3424.79,3434.52,3424.79,3429.27,88.7507
2025-07-23 00:30:00+00:00,3429.0,3429.52,3424.68,3424.77,42.5259
2025-07-23 01:00:00+00:00,3424.7,3425.92,3420.0,3421.2,44.2751
2025-07-23 01:30:00+00:00,3421.2,3422.47,3418.39,3419.15,59.3157
2025-07-23 02:00:00+00:00,3419.16,3419.89,3416.5,3418.49,59.8396
2025-07-23 02:30:00+00:00,3418.5,3420.72,3416.3,3419.94,27.9662
2025-07-23 03:00:00+00:00,3419.93,3424.2,3419.93,3424.2,39.7264
2025-07-23 03:30:00+00:00,3424.2,3425.19,3421.92,3421.92,37.025
2025-07-23 04:00:00+00:00,3421.93,3423.4,3421.39,3422.23,28.2513
2025-07-23 04:30:00+00:00,3422.23,3422.99,3421.77,3421.79,28.0051
2025-07-23 05:00:00+00:00,3421.78,3422.2,3420.68,3421.0,22.4794
2025-07-23 05:30:00+00:00,3421.0,3421.0,3417.78,3420.2,45.9279
2025-07-23 06:00:00+00:00,3420.2,3424.35,3420.2,3424.34,46.0829
2025-07-23 06:30:00+00:00,3424.35,3425.18,3422.0,3425.16,96.4874
2025-07-23 07:00:00+00:00,3425.16,3429.67,3424.38,3427.66,39.5336
2025-07-23 07:30:00+00:00,3427.65,3427.95,3420.61,3421.6,69.8282
2025-07-23 08:00:00+00:00,3421.61,3427.67,3421.61,3426.25,86.453
2025-07-23 08:30:00+00:00,3426.25,3427.81,3425.6,3427.59,59.9172
2025-07-23 09:00:00+00:00,3427.6,3431.65,3427.6,3431.37,65.2412
2025-07-23 09:30:00+00:00,3431.37,3432.44,3429.85,3430.8,110.4936
2025-07-23 10:00:00+00:00,3430.79,3430.8,3422.67,3424.62,112.8854
2025-07-23 10:30:00+00:00,3424.61,3425.0,3423.4,3424.13,21.9312
2025-07-23 11:00:00+00:00,3424.14,3425.6,3422.2,3425.59,32.218
2025-07-23 11:30:00+00:00,3425.6,3429.8,3425.6,3428.98,17.6245
2025-07-23 12:00:00+00:00,3428.98,3429.85,3425.87,3426.53,30.448
2025-07-23 12:30:00+00:00,3426.53,3427.2,3420.0,3421.06,128.7735
2025-07-23 13:00:00+00:00,3421.07,3421.07,3410.4,3411.34,288.2781
2025-07-23 13:30:00+00:00,3411.35,3414.52,3408.99,3413.2,198.4315
2025-07-23 14:00:00+00:00,3413.35,3417.02,3408.9,3409.34,253.3534
2025-07-23 14:30:00+00:00,3409.33,3414.9,3408.72,3411.81,78.8869
2025-07-23 15:00:00+00:00,3411.81,3414.82,3408.8,3411.61,33.2268
2025-07-23 15:30:00+00:00,3411.6,3412.4,3400.0,3400.21,177.6308
2025-07-23 16:00:00+00:00,3400.2,3400.2,3386.11,3387.8,336.9367
2025-07-23 16:30:00+00:00,3387.8,3395.69,3386.34,3389.8,107.3043
2025-07-23 17:00:00+00:00,3390.0,3393.16,3388.61,3392.0,53.5724
2025-07-23 17:30:00+00:00,3392.01,3395.7,3389.44,3395.1,49.6445
2025-07-23 18:00:00+00:00,3395.35,3398.18,3393.94,3397.36,43.8025
2025-07-23 18:30:00+00:00,3397.36,3398.6,3397.2,3398.33,27.1318
2025-07-23 19:00:00+00:00,3398.33,3400.0,3395.68,3395.69,15.3115
2025-07-23 19:30:00+00:00,3395.69,3395.69,3392.6,3393.54,17.339
2025-07-23 20:00:00+00:00,3393.55,3395.34,3392.54,3392.54,27.6768
2025-07-23 20:30:00+00:00,3392.54,3393.79,3389.02,3389.03,31.5602
2025-07-23 21:00:00+00:00,3389.03,3393.97,3388.14,3388.16,40.5541
2025-07-23 21:30:00+00:00,3388.17,3394.72,3388.17,3394.61,20.1628
2025-07-23 22:00:00+00:00,3394.62,3395.47,3392.43,3393.4,53.1443
2025-07-23 22:30:00+00:00,3393.4,3393.58,3391.63,3391.63,14.7517
2025-07-23 23:00:00+00:00,3391.62,3394.39,3391.0,3394.38,16.9504
2025-07-23 23:30:00+00:00,3394.38,3395.05,3392.98,3393.79,19.6509
2025-07-24 00:00:00+00:00,3393.79,3396.34,3393.4,3393.41,19.1165
2025-07-24 00:30:00+00:00,3393.4,3395.64,3393.4,3395.51,31.1307
2025-07-24 01:00:00+00:00,3395.51,3395.9,3388.79,3392.6,117.9258
2025-07-24 01:30:00+00:00,3392.6,3392.94,3389.91,3390.48,21.4309
2025-07-24 02:00:00+00:00,3390.48,3391.68,3383.85,3390.41,117.2071
2025-07-24 02:30:00+00:00,3390.41,3390.71,3386.62,3386.8,19.9801
2025-07-24 03:00:00+00:00,3386.72,3386.72,3380.0,3383.8,115.6366
2025-07-24 03:30:00+00:00,3383.79,3388.52,3383.51,3386.81,59.4816
2025-07-24 04:00:00+00:00,3386.8,3387.35,3386.02,3386.25,15.5623
2025-07-24 04:30:00+00:00,3386.25,3386.97,3383.48,3384.39,36.9717
2025-07-24 05:00:00+00:00,3384.39,3384.39,3380.0,3381.79,56.6291
2025-07-24 05:30:00+00:00,3381.79,3382.75,3377.6,3379.57,38.4257
2025-07-24 06:00:00+00:00,3379.58,3379.8,3376.85,3376.85,69.6911
2025-07-24 06:30:00+00:00,3376.84,3379.41,3374.5,3378.26,54.1853
2025-07-24 07:00:00+00:00,3378.27,3380.03,3377.0,3380.03,67.9606
2025-07-24 07:30:00+00:00,3380.03,3380.86,3372.01,3373.22,95.5279
2025-07-24 08:00:00+00:00,3373.23,3378.55,3371.6,3377.8,67.9234
2025-07-24 08:30:00+00:00,3377.79,3379.28,3373.97,3373.97,155.4148
2025-07-24 09:00:00+00:00,3373.97,3373.97,3368.85,3368.85,85.6124
2025-07-24 09:30:00+00:00,3368.86,3369.79,3368.22,3368.36,44.2574
2025-07-24 10:00:00+00:00,3368.36,3370.45,3368.36,3370.27,116.6087
2025-07-24 10:30:00+00:00,3370.26,3371.27,3368.34,3368.64,51.8099
2025-07-24 11:00:00+00:00,3368.64,3370.4,3368.64,3368.91,39.7103
2025-07-24 11:30:00+00:00,3368.91,3371.18,3367.35,3367.79,67.678
2025-07-24 12:00:00+00:00,3367.79,3369.29,3363.69,3368.12,62.5519
2025-07-24 12:30:00+00:00,3368.13,3369.4,3360.01,3361.18,149.2424
2025-07-24 13:00:00+00:00,3361.17,3367.34,3359.33,3366.52,94.6368
2025-07-24 13:30:00+00:00,3366.2,3377.35,3364.8,3371.74,261.7961
2025-07-24 14:00:00+00:00,3371.75,3378.0,3371.44,3376.92,122.8219
2025-07-24 14:30:00+00:00,3376.93,3379.86,3376.93,3377.81,99.6067
2025-07-24 15:00:00+00:00,3377.8,3379.19,3376.08,3378.89,132.1884
2025-07-24 15:30:00+00:00,3378.9,3379.2,3376.05,3376.61,18.4791
2025-07-24 16:00:00+00:00,3376.61,3377.7,3376.0,3376.1,50.5902
2025-07-24 16:30:00+00:00,3375.37,3375.83,3373.2,3373.4,23.8024
2025-07-24 17:00:00+00:00,3373.39,3376.95,3372.03,3376.95,45.4726
2025-07-24 17:30:00+00:00,3377.0,3377.17,3375.21,3375.23,12.4763
2025-07-24 18:00:00+00:00,3375.23,3375.39,3373.84,3374.36,14.5552
2025-07-24 18:30:00+00:00,3374.37,3377.4,3374.37,3376.66,21.8032
2025-07-24 19:00:00+00:00,3376.65,3376.75,3376.15,3376.59,13.1423
2025-07-24 19:30:00+00:00,3376.59,3376.59,3374.76,3374.76,8.5367
2025-07-24 20:00:00+00:00,3374.76,3374.76,3372.5,3372.6,13.5709
2025-07-24 20:30:00+00:00,3372.59,3372.9,3370.09,3370.59,41.5578
2025-07-24 21:00:00+00:00,3370.59,3370.59,3370.2,3370.38,12.9613
2025-07-24 21:30:00+00:00,3370.37,3370.37,3368.79,3368.91,14.4363
2025-07-24 22:00:00+00:00,3368.9,3372.73,3368.9,3370.21,20.9746
2025-07-24 22:30:00+00:00,3370.21,3374.83,3370.2,3374.83,13.4296
2025-07-24 23:00:00+00:00,3374.82,3378.47,3371.45,3374.4,168.1094
2025-07-24 23:30:00+00:00,3374.4,3376.36,3373.8,3375.74,12.7104
2025-07-25 00:00:00+00:00,3375.62,3378.49,3374.86,3377.93,73.3243
2025-07-25 00:30:00+00:00,3377.92,3378.93,3377.4,3378.18,62.9882
2025-07-25 01:00:00+00:00,3378.19,3378.19,3370.21,3371.51,36.1825
2025-07-25 01:30:00+00:00,3371.51,3376.75,3371.4,3376.74,30.3623
2025-07-25 02:00:00+00:00,3376.74,3376.74,3370.65,3371.8,38.6206
2025-07-25 02:30:00+00:00,3371.8,3372.27,3367.97,3367.97,22.0862
2025-07-25 03:00:00+00:00,3367.96,3367.96,3365.0,3365.59,34.0026
2025-07-25 03:30:00+00:00,3365.59,3365.89,3364.36,3365.0,72.7068
2025-07-25 04:00:00+00:00,3365.0,3368.57,3365.0,3365.79,44.8036
2025-07-25 04:30:00+00:00,3365.8,3369.45,3364.55,3369.01,18.6504
2025-07-25 05:00:00+00:00,3369.01,3369.81,3367.08,3367.2,32.4657
2025-07-25 05:30:00+00:00,3367.2,3367.21,3359.99,3361.81,333.1317
2025-07-25 06:00:00+00:00,3361.82,3362.63,3358.33,3359.08,102.1558
2025-07-25 06:30:00+00:00,3359.09,3364.16,3359.08,3364.16,41.1922
2025-07-25 07:00:00+00:00,3364.16,3365.56,3363.21,3365.08,12.9907
2025-07-25 07:30:00+00:00,3365.08,3365.1,3359.39,3360.59,31.5357
2025-07-25 08:00:00+00:00,3360.01,3362.15,3355.15,3355.15,99.2673
2025-07-25 08:30:00+00:00,3355.15,3357.0,3354.09,3355.0,43.9083
2025-07-25 09:00:00+00:00,3355.01,3357.19,3352.68,3355.97,81.8358
2025-07-25 09:30:00+00:00,3355.96,3356.57,3353.67,3354.4,59.2441
2025-07-25 10:00:00+00:00,3354.33,3355.29,3352.23,3352.23,38.5676
2025-07-25 10:30:00+00:00,3352.22,3354.6,3351.25,3352.8,214.6561
2025-07-25 11:00:00+00:00,3352.81,3355.0,3351.43,3351.43,111.0226
2025-07-25 11:30:00+00:00,3351.43,3353.51,3351.15,3351.26,100.8424
2025-07-25 12:00:00+00:00,3351.25,3353.56,3351.07,3351.66,137.8244
2025-07-25 12:30:00+00:00,3351.52,3352.82,3349.5,3351.22,309.9908
2025-07-25 13:00:00+00:00,3351.21,3351.97,3346.76,3351.48,120.923
2025-07-25 13:30:00+00:00,3351.6,3357.25,3350.8,3354.39,79.9118
2025-07-25 14:00:00+00:00,3354.38,3354.4,3344.82,3347.71,133.2759
2025-07-25 14:30:00+00:00,3347.71,3348.0,3340.15,3340.42,122.6801
2025-07-25 15:00:00+00:00,3340.15,3343.56,3337.29,3340.7,123.7554
2025-07-25 15:30:00+00:00,3340.88,3340.88,3336.03,3339.52,23.6186
2025-07-25 16:00:00+00:00,3339.53,3342.66,3338.41,3341.08,53.3172
2025-07-25 16:30:00+00:00,3341.08,3341.4,3337.67,3340.23,73.5585
2025-07-25 17:00:00+00:00,3340.2,3344.44,3340.2,3344.11,50.9265
2025-07-25 17:30:00+00:00,3344.11,3344.6,3343.22,3344.39,66.2221
2025-07-25 18:00:00+00:00,3344.39,3347.98,3344.38,3347.98,90.8479
2025-07-25 18:30:00+00:00,3347.98,3349.6,3347.98,3349.6,13.4552
2025-07-25 19:00:00+00:00,3349.7,3350.0,3348.96,3348.98,14.652
2025-07-25 19:30:00+00:00,3348.99,3348.99,3347.4,3347.47,17.7963
2025-07-25 20:00:00+00:00,3347.48,3348.39,3346.43,3348.39,16.2328
2025-07-25 20:30:00+00:00,3348.39,3351.48,3347.16,3347.17,80.5214
2025-07-25 21:00:00+00:00,3347.16,3350.69,3346.89,3350.58,32.1305
2025-07-25 21:30:00+00:00,3350.58,3352.68,3345.6,3352.68,49.3289
2025-07-25 22:00:00+00:00,3352.67,3354.77,3351.74,3353.0,25.906
2025-07-25 22:30:00+00:00,3352.99,3354.01,3352.99,3354.01,17.8039
2025-07-25 23:00:00+00:00,3354.01,3358.44,3353.78,3353.79,77.389
2025-07-25 23:30:00+00:00,3353.79,3353.79,3345.72,3348.69,82.338
2025-07-26 00:00:00+00:00,3348.69,3350.37,3346.35,3350.36,35.2669
2025-07-26 00:30:00+00:00,3350.36,3354.18,3350.36,3353.7,64.1026
2025-07-26 01:00:00+00:00,3353.7,3356.13,3353.7,3356.13,39.0609
2025-07-26 01:30:00+00:00,3356.13,3356.94,3353.7,3353.88,59.6837
2025-07-26 02:00:00+00:00,3353.88,3357.57,3353.88,3356.49,27.5682
2025-07-26 02:30:00+00:00,3356.49,3356.79,3355.17,3356.79,42.4201
2025-07-26 03:00:00+00:00,3356.79,3357.45,3356.4,3356.74,49.5296
2025-07-26 03:30:00+00:00,3356.75,3356.75,3354.59,3354.6,58.5441
2025-07-26 04:00:00+00:00,3354.59,3354.59,3351.05,3354.03,30.3015
2025-07-26 04:30:00+00:00,3354.02,3354.38,3352.48,3354.37,32.9929
2025-07-26 05:00:00+00:00,3354.37,3356.19,3354.28,3354.54,58.4564
2025-07-26 05:30:00+00:00,3354.54,3356.21,3354.53,3355.98,43.6387
2025-07-26 06:00:00+00:00,3355.98,3356.81,3354.61,3356.81,21.0019
2025-07-26 06:30:00+00:00,3356.8,3356.81,3356.1,3356.13,17.978
2025-07-26 07:00:00+00:00,3356.14,3356.59,3356.13,3356.2,5.7338
2025-07-26 07:30:00+00:00,3356.21,3356.21,3356.1,3356.11,7.3926
2025-07-26 08:00:00+00:00,3356.1,3356.17,3355.76,3355.76,19.8571
2025-07-26 08:30:00+00:00,3355.75,3355.75,3351.03,3352.01,34.3153
2025-07-26 09:00:00+00:00,3352.0,3355.63,3351.4,3355.62,10.0034
2025-07-26 09:30:00+00:00,3355.63,3357.29,3355.18,3355.18,62.4552
2025-07-26 10:00:00+00:00,3355.18,3357.96,3355.08,3357.08,39.6659
2025-07-26 10:30:00+00:00,3357.08,3357.09,3354.36,3354.71,22.034
2025-07-26 11:00:00+00:00,3354.71,3355.64,3354.71,3355.63,15.6321
2025-07-26 11:30:00+00:00,3355.64,3355.64,3355.57,3355.62,6.0151
2025-07-26 12:00:00+00:00,3355.63,3355.63,3349.67,3352.08,80.684
2025-07-26 12:30:00+00:00,3352.07,3353.15,3351.4,3353.14,12.4358
2025-07-26 13:00:00+00:00,3353.15,3354.96,3352.96,3354.1,19.2238
2025-07-26 13:30:00+00:00,3354.1,3354.11,3352.95,3352.96,12.7139
2025-07-26 14:00:00+00:00,3352.95,3356.3,3352.95,3354.9,24.7847
2025-07-26 14:30:00+00:00,3354.89,3355.8,3353.77,3355.8,16.7225
2025-07-26 15:00:00+00:00,3355.79,3355.8,3354.03,3354.18,10.7677
2025-07-26 15:30:00+00:00,3354.19,3354.34,3354.18,3354.34,3.4343
2025-07-26 16:00:00+00:00,3354.34,3354.34,3352.19,3352.27,28.2092
2025-07-26 16:30:00+00:00,3352.26,3355.27,3352.26,3355.01,11.0556
2025-07-26 17:00:00+00:00,3355.0,3355.0,3353.81,3354.75,7.537
2025-07-26 17:30:00+00:00,3354.75,3354.76,3351.42,3352.21,17.1621
2025-07-26 18:00:00+00:00,3352.22,3353.07,3352.21,3352.22,12.5708
2025-07-26 18:30:00+00:00,3352.22,3353.0,3351.82,3353.0,46.527
2025-07-26 19:00:00+00:00,3352.99,3353.83,3352.82,3352.83,24.4356
2025-07-26 19:30:00+00:00,3352.85,3355.61,3352.85,3355.6,12.6244
2025-07-26 20:00:00+00:00,3355.6,3355.87,3355.6,3355.86,5.8006
2025-07-26 20:30:00+00:00,3355.87,3356.03,3355.86,3355.9,15.6308
2025-07-26 21:00:00+00:00,3355.91,3356.51,3353.94,3354.63,14.0269
2025-07-26 21:30:00+00:00,3354.63,3358.0,3354.1,3354.93,16.5294
2025-07-26 22:00:00+00:00,3354.94,3354.94,3354.71,3354.71,4.0541
2025-07-26 22:30:00+00:00,3354.71,3355.13,3353.95,3355.13,11.4304
2025-07-26 23:00:00+00:00,3355.15,3356.55,3354.6,3354.6,9.7179
2025-07-26 23:30:00+00:00,3354.61,3354.61,3354.42,3354.45,5.8813
2025-07-27 00:00:00+00:00,3354.45,3354.87,3354.44,3354.73,11.752
2025-07-27 00:30:00+00:00,3354.72,3355.01,3354.51,3355.0,10.6443
2025-07-27 01:00:00+00:00,3355.01,3356.42,3355.0,3355.76,40.1053
2025-07-27 01:30:00+00:00,3355.76,3356.42,3354.9,3354.93,27.9051
2025-07-27 02:00:00+00:00,3354.94,3356.1,3354.13,3354.22,22.5719
2025-07-27 02:30:00+00:00,3354.22,3354.8,3354.21,3354.8,7.8489
2025-07-27 03:00:00+00:00,3354.79,3355.41,3353.17,3354.08,29.4221
2025-07-27 03:30:00+00:00,3354.08,3354.8,3354.08,3354.71,4.6273
2025-07-27 04:00:00+00:00,3354.71,3354.84,3354.2,3354.34,7.3341
2025-07-27 04:30:00+00:00,3354.34,3354.4,3354.21,3354.32,11.7604
2025-07-27 05:00:00+00:00,3354.32,3355.49,3354.32,3355.47,11.6391
2025-07-27 05:30:00+00:00,3355.47,3355.99,3355.43,3355.78,22.3736
2025-07-27 06:00:00+00:00,3355.78,3355.97,3355.09,3355.89,19.4086
2025-07-27 06:30:00+00:00,3355.88,3355.88,3355.36,3355.6,15.057
2025-07-27 07:00:00+00:00,3355.61,3355.69,3355.0,3355.37,24.3455
2025-07-27 07:30:00+00:00,3355.37,3355.87,3355.11,3355.61,11.0906
2025-07-27 08:00:00+00:00,3355.61,3355.65,3355.0,3355.0,29.9166
2025-07-27 08:30:00+00:00,3355.0,3355.01,3354.79,3354.91,24.2133
2025-07-27 09:00:00+00:00,3354.89,3354.9,3350.41,3351.89,51.4805
2025-07-27 09:30:00+00:00,3351.89,3354.49,3351.88,3353.79,12.3929
2025-07-27 10:00:00+00:00,3353.78,3353.78,3353.03,3353.55,13.9081
2025-07-27 10:30:00+00:00,3353.55,3356.15,3353.55,3356.15,18.6748
2025-07-27 11:00:00+00:00,3356.15,3358.5,3356.14,3358.49,35.872
2025-07-27 11:30:00+00:00,3358.49,3359.25,3358.49,3359.25,51.932
2025-07-27 12:00:00+00:00,3359.24,3359.45,3357.0,3357.35,62.6528
2025-07-27 12:30:00+00:00,3357.35,3357.6,3356.8,3357.6,40.5923
2025-07-27 13:00:00+00:00,3357.6,3357.6,3355.0,3355.0,37.6628
2025-07-27 13:30:00+00:00,3355.0,3355.01,3354.0,3354.0,4.4807
2025-07-27 14:00:00+00:00,3353.83,3353.95,3353.43,3353.94,11.819
2025-07-27 14:30:00+00:00,3353.95,3354.43,3353.94,3354.43,15.5173
2025-07-27 15:00:00+00:00,3354.43,3354.59,3351.47,3351.47,37.7805
2025-07-27 15:30:00+00:00,3351.46,3351.46,3350.0,3350.52,80.5078
2025-07-27 16:00:00+00:00,3350.53,3356.06,3350.52,3354.77,61.1836
2025-07-27 16:30:00+00:00,3354.76,3356.47,3354.76,3356.47,48.5156
2025-07-27 17:00:00+00:00,3356.46,3356.47,3355.2,3355.21,20.272
2025-07-27 17:30:00+00:00,3355.21,3356.38,3353.18,3353.19,26.7367
2025-07-27 18:00:00+00:00,3353.18,3353.19,3348.78,3350.39,87.9711
2025-07-27 18:30:00+00:00,3350.37,3351.78,3350.36,3351.77,14.5683
2025-07-27 19:00:00+00:00,3351.77,3353.19,3351.0,3351.49,20.0415
2025-07-27 19:30:00+00:00,3351.49,3351.5,3348.91,3348.91,18.2883
2025-07-27 20:00:00+00:00,3348.91,3350.78,3345.37,3349.77,58.2454
2025-07-27 20:30:00+00:00,3349.77,3352.25,3347.13,3352.25,22.1216
2025-07-27 21:00:00+00:00,3352.25,3352.78,3350.13,3350.14,24.8556
2025-07-27 21:30:00+00:00,3350.14,3353.0,3347.0,3349.26,39.8892
2025-07-27 22:00:00+00:00,3349.37,3349.37,3340.0,3343.37,296.2015
2025-07-27 22:30:00+00:00,3343.38,3345.0,3340.0,3343.01,179.667
2025-07-27 23:00:00+00:00,3343.01,3349.59,3343.01,3346.0,52.702
2025-07-27 23:30:00+00:00,3346.0,3346.42,3344.04,3345.45,28.864
2025-07-28 00:00:00+00:00,3345.46,3348.57,3345.4,3346.0,30.5257
2025-07-28 00:30:00+00:00,3346.0,3347.6,3342.94,3347.26,55.316
2025-07-28 01:00:00+00:00,3347.26,3351.53,3345.41,3348.99,64.0983
2025-07-28 01:30:00+00:00,3349.0,3349.64,3344.5,3344.5,31.8378
2025-07-28 02:00:00+00:00,3344.5,3346.96,3344.5,3346.96,26.6725
2025-07-28 02:30:00+00:00,3347.0,3349.63,3344.31,3349.63,32.3112
2025-07-28 03:00:00+00:00,3349.63,3350.48,3339.0,3339.71,1038.6122
2025-07-28 03:30:00+00:00,3339.7,3347.44,3339.0,3347.44,229.932
2025-07-28 04:00:00+00:00,3347.58,3348.68,3347.0,3347.03,71.2615
2025-07-28 04:30:00+00:00,3347.04,3347.57,3344.2,3344.4,40.086
2025-07-28 05:00:00+00:00,3344.4,3345.4,3343.61,3345.07,45.9065
2025-07-28 05:30:00+00:00,3345.09,3351.01,3345.09,3349.6,56.0197
2025-07-28 06:00:00+00:00,3349.4,3350.75,3346.53,3346.54,55.2166
2025-07-28 06:30:00+00:00,3346.53,3348.48,3344.0,3347.87,85.769
2025-07-28 07:00:00+00:00,3347.87,3348.8,3346.22,3346.42,63.9179
2025-07-28 07:30:00+00:00,3346.4,3346.4,3343.0,3343.38,30.2057
2025-07-28 08:00:00+00:00,3343.39,3345.0,3343.08,3344.4,35.4906
2025-07-28 08:30:00+00:00,3344.4,3344.7,3340.63,3341.59,61.8003
2025-07-28 09:00:00+00:00,3341.59,3346.01,3341.53,3345.01,27.4539
2025-07-28 09:30:00+00:00,3345.01,3348.84,3343.62,3345.62,220.923
2025-07-28 10:00:00+00:00,3345.62,3346.12,3343.28,3345.81,35.4717
2025-07-28 10:30:00+00:00,3345.8,3345.99,3342.56,3344.76,36.8025
2025-07-28 11:00:00+00:00,3344.75,3344.76,3334.76,3334.78,1138.2581
2025-07-28 11:30:00+00:00,3334.79,3339.89,3334.76,3339.14,222.3181
2025-07-28 12:00:00+00:00,3339.31,3340.6,3334.0,3334.54,94.6835
2025-07-28 12:30:00+00:00,3334.55,3335.38,3332.0,3333.61,64.1378
2025-07-28 13:00:00+00:00,3333.61,3335.59,3333.0,3333.99,38.4247
2025-07-28 13:30:00+00:00,3334.18,3334.19,3312.0,3312.03,526.8235
2025-07-28 14:00:00+00:00,3312.02,3322.41,3312.02,3320.22,301.627
2025-07-28 14:30:00+00:00,3320.22,3323.32,3316.8,3317.31,114.5935
2025-07-28 15:00:00+00:00,3317.31,3324.29,3317.11,3323.92,75.4738
2025-07-28 15:30:00+00:00,3323.92,3326.74,3322.81,3324.2,60.7961
2025-07-28 16:00:00+00:00,3324.21,3324.21,3315.0,3321.09,326.6373
2025-07-28 16:30:00+00:00,3321.09,3322.69,3318.28,3318.93,42.6212
2025-07-28 17:00:00+00:00,3318.93,3319.53,3316.67,3318.51,30.0773
2025-07-28 17:30:00+00:00,3318.4,3319.59,3317.76,3319.57,29.2717
2025-07-28 18:00:00+00:00,3319.58,3322.67,3318.4,3322.67,49.9197
2025-07-28 18:30:00+00:00,3322.66,3324.29,3321.71,3322.93,19.2893
2025-07-28 19:00:00+00:00,3322.86,3325.26,3318.82,3320.59,107.9985
2025-07-28 19:30:00+00:00,3320.6,3324.44,3320.59,3322.81,16.0635
2025-07-28 20:00:00+00:00,3322.81,3325.36,3322.8,3324.58,29.6285
2025-07-28 20:30:00+00:00,3324.58,3324.58,3322.0,3322.01,8.1287
2025-07-28 21:00:00+00:00,3322.01,3323.78,3322.0,3322.75,7.6098
2025-07-28 21:30:00+00:00,3322.6,3328.0,3322.6,3326.8,17.2579
2025-07-28 22:00:00+00:00,3326.81,3326.81,3321.36,3321.36,21.0623
2025-07-28 22:30:00+00:00,3321.36,3324.15,3321.07,3323.64,33.0304
2025-07-28 23:00:00+00:00,3323.63,3324.59,3321.0,3321.0,14.4723
2025-07-28 23:30:00+00:00,3321.0,3323.11,3320.21,3320.59,18.8103
2025-07-29 00:00:00+00:00,3320.34,3323.96,3318.61,3318.62,21.8914
2025-07-29 00:30:00+00:00,3318.62,3320.8,3318.39,3320.79,20.653
2025-07-29 01:00:00+00:00,3320.79,3323.81,3318.74,3322.86,18.3993
2025-07-29 01:30:00+00:00,3322.81,3327.78,3322.81,3326.99,28.5646
2025-07-29 02:00:00+00:00,3326.99,3329.77,3326.8,3329.46,42.4672
2025-07-29 02:30:00+00:00,3329.64,3329.91,3326.15,3326.68,45.0598
2025-07-29 03:00:00+00:00,3326.67,3326.67,3323.51,3325.0,20.8993
2025-07-29 03:30:00+00:00,3325.0,3325.0,3320.48,3322.02,31.5132
2025-07-29 04:00:00+00:00,3322.01,3323.2,3320.0,3320.4,18.5669
2025-07-29 04:30:00+00:00,3320.41,3325.57,3320.4,3325.5,28.513
2025-07-29 05:00:00+00:00,3325.0,3325.0,3322.82,3324.75,15.6588
2025-07-29 05:30:00+00:00,3324.75,3328.27,3324.75,3328.2,41.9096
2025-07-29 06:00:00+00:00,3328.26,3329.0,3326.4,3328.88,62.8051
2025-07-29 06:30:00+00:00,3328.6,3329.61,3326.37,3326.37,42.5354
2025-07-29 07:00:00+00:00,3326.37,3327.11,3321.14,3322.41,94.0959
2025-07-29 07:30:00+00:00,3322.41,3325.66,3321.01,3325.08,72.1155
2025-07-29 08:00:00+00:00,3325.19,3335.0,3324.6,3333.21,46.9669
2025-07-29 08:30:00+00:00,3333.43,3334.28,3331.2,3333.43,38.5742
2025-07-29 09:00:00+00:00,3333.42,3333.43,3327.8,3330.92,80.5683
2025-07-29 09:30:00+00:00,3330.91,3332.06,3329.1,3329.1,88.2275
2025-07-29 10:00:00+00:00,3329.1,3329.65,3327.63,3329.07,41.1304
2025-07-29 10:30:00+00:00,3329.07,3330.63,3328.6,3328.6,52.0749
2025-07-29 11:00:00+00:00,3328.4,3328.48,3325.08,3328.4,35.3691
2025-07-29 11:30:00+00:00,3328.41,3328.41,3322.85,3323.6,40.6017
2025-07-29 12:00:00+00:00,3323.6,3330.23,3323.6,3329.17,20.1504
2025-07-29 12:30:00+00:00,3329.17,3330.79,3326.4,3330.61,20.6836
2025-07-29 13:00:00+00:00,3330.37,3330.38,3327.03,3327.46,35.2311
2025-07-29 13:30:00+00:00,3327.64,3328.22,3321.01,3323.37,79.3466
2025-07-29 14:00:00+00:00,3324.29,3330.53,3320.53,3330.53,40.4557
2025-07-29 14:30:00+00:00,3330.52,3333.82,3328.96,3332.8,59.8573
2025-07-29 15:00:00+00:00,3332.79,3337.27,3329.33,3329.75,82.5002
2025-07-29 15:30:00+00:00,3329.75,3330.34,3325.63,3325.73,44.0797
2025-07-29 16:00:00+00:00,3325.95,3328.97,3325.0,3328.96,23.497
2025-07-29 16:30:00+00:00,3329.19,3331.85,3328.41,3331.4,33.1613
2025-07-29 17:00:00+00:00,3331.4,3335.2,3331.39,3334.2,21.2637
2025-07-29 17:30:00+00:00,3334.21,3336.0,3333.93,3335.55,22.7071
2025-07-29 18:00:00+00:00,3335.56,3337.26,3335.56,3337.26,34.6913
2025-07-29 18:30:00+00:00,3337.26,3338.09,3334.34,3334.59,37.0037
2025-07-29 19:00:00+00:00,3334.59,3335.6,3334.49,3335.6,26.4482
2025-07-29 19:30:00+00:00,3335.59,3335.59,3332.47,3333.4,21.8784
2025-07-29 20:00:00+00:00,3333.39,3333.39,3332.52,3332.63,23.3735
2025-07-29 20:30:00+00:00,3332.62,3334.24,3332.62,3334.24,35.1457
2025-07-29 21:00:00+00:00,3334.23,3338.23,3334.23,3335.18,53.9026
2025-07-29 21:30:00+00:00,3335.09,3336.03,3332.84,3336.03,24.7827
2025-07-29 22:00:00+00:00,3336.24,3337.13,3332.93,3336.71,22.2824
2025-07-29 22:30:00+00:00,3336.8,3336.86,3333.08,3335.22,22.6088
2025-07-29 23:00:00+00:00,3335.21,3337.01,3335.01,3336.01,38.4223
2025-07-29 23:30:00+00:00,3336.01,3336.01,3333.71,3335.13,20.3053
2025-07-30 00:00:00+00:00,3335.29,3338.37,3335.2,3337.59,125.5814
2025-07-30 00:30:00+00:00,3337.28,3340.28,3336.6,3338.07,157.6741
2025-07-30 01:00:00+00:00,3338.18,3339.91,3336.62,3337.15,76.4042
2025-07-30 01:30:00+00:00,3337.04,3337.2,3331.39,3331.79,55.19
2025-07-30 02:00:00+00:00,3331.98,3339.65,3331.98,3339.0,57.1855
2025-07-30 02:30:00+00:00,3338.81,3339.6,3334.89,3337.6,37.4567
2025-07-30 03:00:00+00:00,3337.6,3337.87,3334.61,3336.8,11.5398
2025-07-30 03:30:00+00:00,3336.8,3337.0,3334.8,3336.6,31.4757
2025-07-30 04:00:00+00:00,3336.4,3336.4,3333.38,3336.01,28.268
2025-07-30 04:30:00+00:00,3336.08,3336.56,3333.9,3334.0,10.1237
2025-07-30 05:00:00+00:00,3334.2,3338.21,3332.68,3334.73,30.0131
2025-07-30 05:30:00+00:00,3334.61,3336.0,3332.49,3332.99,19.6725
2025-07-30 06:00:00+00:00,3333.0,3333.8,3331.74,3331.97,30.7497
2025-07-30 06:30:00+00:00,3331.79,3334.78,3330.22,3333.04,37.7325
2025-07-30 07:00:00+00:00,3333.04,3338.58,3332.61,3333.21,55.8019
2025-07-30 07:30:00+00:00,3333.21,3336.91,3333.2,3335.01,29.3918
2025-07-30 08:00:00+00:00,3335.01,3338.68,3335.01,3336.68,27.4892
2025-07-30 08:30:00+00:00,3336.61,3338.68,3336.01,3337.75,23.1968
2025-07-30 09:00:00+00:00,3337.76,3338.77,3336.64,3338.19,26.2287
2025-07-30 09:30:00+00:00,3338.2,3339.42,3336.02,3339.0,39.1277
2025-07-30 10:00:00+00:00,3339.0,3339.0,3336.0,3336.4,36.2086
2025-07-30 10:30:00+00:00,3336.4,3336.89,3335.0,3335.43,26.6477
2025-07-30 11:00:00+00:00,3335.43,3335.7,3333.0,3334.2,28.551
2025-07-30 11:30:00+00:00,3334.21,3338.21,3331.17,3336.83,56.7485
2025-07-30 12:00:00+00:00,3336.83,3337.75,3333.37,3334.44,36.4062
2025-07-30 12:30:00+00:00,3334.41,3334.64,3319.0,3320.6,319.5541
2025-07-30 13:00:00+00:00,3320.4,3323.88,3316.0,3317.01,128.683
2025-07-30 13:30:00+00:00,3317.0,3318.09,3310.0,3314.27,190.5452
2025-07-30 14:00:00+00:00,3314.43,3319.2,3313.26,3313.34,125.9666
2025-07-30 14:30:00+00:00,3313.35,3317.2,3312.2,3313.96,94.1707
2025-07-30 15:00:00+00:00,3313.95,3314.12,3303.7,3304.8,232.3442
2025-07-30 15:30:00+00:00,3304.79,3307.27,3302.66,3304.57,190.0609
2025-07-30 16:00:00+00:00,3304.57,3313.31,3304.57,3310.61,278.0628
2025-07-30 16:30:00+00:00,3310.6,3313.12,3308.97,3313.12,69.962
2025-07-30 17:00:00+00:00,3313.12,3314.51,3312.61,3314.01,20.2953
2025-07-30 17:30:00+00:00,3314.01,3315.39,3313.6,3315.2,35.8164
2025-07-30 18:00:00+00:00,3315.4,3317.49,3309.1,3309.1,64.8167
2025-07-30 18:30:00+00:00,3309.09,3310.89,3296.4,3296.8,393.9673
2025-07-30 19:00:00+00:00,3296.67,3298.02,3288.17,3288.63,273.3243
2025-07-30 19:30:00+00:00,3288.64,3290.6,3283.0,3285.01,177.289
2025-07-30 20:00:00+00:00,3285.01,3291.75,3285.01,3285.8,107.8284
2025-07-30 20:30:00+00:00,3285.8,3292.08,3285.79,3291.98,64.0601
2025-07-30 21:00:00+00:00,3292.2,3297.6,3292.0,3294.01,37.2413
2025-07-30 21:30:00+00:00,3294.01,3294.76,3293.33,3294.76,24.1972
2025-07-30 22:00:00+00:00,3294.75,3294.75,3288.88,3292.67,52.7807
2025-07-30 22:30:00+00:00,3292.67,3295.92,3292.6,3294.59,32.3056
2025-07-30 23:00:00+00:00,3294.6,3296.2,3293.41,3296.19,38.0637
2025-07-30 23:30:00+00:00,3296.2,3299.46,3296.2,3299.01,56.1501
2025-07-31 00:00:00+00:00,3299.01,3302.2,3298.8,3299.62,27.2846
2025-07-31 00:30:00+00:00,3299.75,3302.52,3299.75,3301.84,45.1311
2025-07-31 01:00:00+00:00,3301.41,3302.8,3300.0,3300.77,105.3543
2025-07-31 01:30:00+00:00,3300.78,3305.0,3298.8,3305.0,172.0647
2025-07-31 02:00:00+00:00,3305.0,3305.69,3301.6,3303.48,85.842
2025-07-31 02:30:00+00:00,3303.01,3307.17,3301.3,3307.17,102.6021
2025-07-31 03:00:00+00:00,3307.16,3310.05,3304.41,3307.6,115.2202
2025-07-31 03:30:00+00:00,3307.61,3308.39,3305.04,3305.05,37.6931
2025-07-31 04:00:00+00:00,3305.04,3306.4,3303.0,3305.0,69.5827
2025-07-31 04:30:00+00:00,3305.01,3306.0,3303.03,3305.99,175.2857
2025-07-31 05:00:00+00:00,3306.0,3306.59,3304.49,3305.39,48.8532
2025-07-31 05:30:00+00:00,3305.39,3308.96,3302.83,3307.79,68.7958
2025-07-31 06:00:00+00:00,3307.71,3311.43,3305.61,3309.36,92.793
2025-07-31 06:30:00+00:00,3309.37,3312.0,3306.39,3308.01,68.1837
2025-07-31 07:00:00+00:00,3308.01,3310.8,3307.48,3308.33,43.3619
2025-07-31 07:30:00+00:00,3308.33,3316.19,3308.33,3311.86,48.3939
2025-07-31 08:00:00+00:00,3312.01,3321.34,3312.01,3318.01,145.1175
2025-07-31 08:30:00+00:00,3318.02,3320.96,3316.17,3316.18,30.5584
2025-07-31 09:00:00+00:00,3316.17,3318.61,3313.82,3313.82,33.6707
2025-07-31 09:30:00+00:00,3313.68,3315.6,3312.78,3315.07,23.9204
2025-07-31 10:00:00+00:00,3314.71,3315.23,3312.03,3312.58,16.2558
2025-07-31 10:30:00+00:00,3312.58,3312.59,3303.19,3303.6,35.6562
2025-07-31 11:00:00+00:00,3303.6,3311.59,3303.6,3310.66,41.8296
2025-07-31 11:30:00+00:00,3310.46,3315.62,3310.46,3314.74,53.8996
2025-07-31 12:00:00+00:00,3314.6,3316.18,3313.43,3314.69,38.2522
2025-07-31 12:30:00+00:00,3314.61,3317.8,3314.4,3316.4,35.6915
2025-07-31 13:00:00+00:00,3316.31,3316.82,3314.4,3316.79,62.5004
2025-07-31 13:30:00+00:00,3316.78,3316.78,3310.6,3311.19,41.4559
2025-07-31 14:00:00+00:00,3311.19,3311.2,3301.29,3302.8,279.9065
2025-07-31 14:30:00+00:00,3302.8,3304.03,3299.31,3302.02,253.6625
2025-07-31 15:00:00+00:00,3302.03,3305.45,3299.07,3303.67,43.8664
2025-07-31 15:30:00+00:00,3303.54,3306.24,3302.5,3304.57,32.164
2025-07-31 16:00:00+00:00,3304.59,3304.89,3300.21,3302.59,38.384
2025-07-31 16:30:00+00:00,3302.2,3306.8,3302.0,3305.4,20.5689
2025-07-31 17:00:00+00:00,3305.4,3308.32,3305.02,3307.67,31.9081
2025-07-31 17:30:00+00:00,3307.67,3307.67,3304.19,3304.8,23.4674
2025-07-31 18:00:00+00:00,3304.8,3307.52,3301.79,3302.79,239.4824
2025-07-31 18:30:00+00:00,3302.6,3303.62,3294.4,3300.67,406.9451
2025-07-31 19:00:00+00:00,3300.68,3301.8,3297.0,3297.33,79.9301
2025-07-31 19:30:00+00:00,3297.33,3300.71,3297.33,3298.41,24.7074
2025-07-31 20:00:00+00:00,3298.41,3299.4,3297.37,3298.39,26.0007
2025-07-31 20:30:00+00:00,3298.4,3300.01,3295.83,3299.41,67.4735
2025-07-31 21:00:00+00:00,3299.42,3299.42,3299.0,3299.07,20.0355
2025-07-31 21:30:00+00:00,3299.06,3300.55,3299.01,3299.94,31.5337
2025-07-31 22:00:00+00:00,3299.94,3301.05,3299.0,3299.79,81.7042
2025-07-31 22:30:00+00:00,3299.8,3302.21,3299.79,3301.4,54.5925
2025-07-31 23:00:00+00:00,3301.41,3301.41,3295.48,3298.21,86.5589
2025-07-31 23:30:00+00:00,3297.61,3298.03,3294.11,3294.12,36.808
2025-08-01 00:00:00+00:00,3294.12,3296.12,3293.34,3296.04,48.8562
2025-08-01 00:30:00+00:00,3295.99,3299.09,3294.26,3295.75,133.5035
2025-08-01 01:00:00+00:00,3295.75,3299.74,3295.61,3297.02,105.1508
2025-08-01 01:30:00+00:00,3297.02,3297.42,3289.05,3289.79,43.6311
2025-08-01 02:00:00+00:00,3289.8,3296.78,3289.8,3296.0,82.6865
2025-08-01 02:30:00+00:00,3296.0,3298.39,3294.67,3297.8,38.3232
2025-08-01 03:00:00+00:00,3297.81,3302.99,3297.8,3299.09,60.8691
2025-08-01 03:30:00+00:00,3299.1,3299.76,3298.41,3299.2,40.8686
2025-08-01 04:00:00+00:00,3299.2,3302.13,3298.0,3301.01,85.153
2025-08-01 04:30:00+00:00,3301.01,3302.89,3298.6,3300.61,22.239
2025-08-01 05:00:00+00:00,3300.64,3301.79,3299.8,3301.33,10.0331
2025-08-01 05:30:00+00:00,3301.33,3305.59,3300.8,3303.43,76.7759
2025-08-01 06:00:00+00:00,3303.43,3306.39,3299.81,3299.81,47.7617
2025-08-01 06:30:00+00:00,3299.32,3300.88,3298.6,3298.61,39.2243
2025-08-01 07:00:00+00:00,3298.61,3300.0,3297.89,3299.0,62.614
2025-08-01 07:30:00+00:00,3299.0,3299.0,3290.0,3292.78,132.0779
2025-08-01 08:00:00+00:00,3292.78,3295.79,3290.6,3291.63,61.7862
2025-08-01 08:30:00+00:00,3291.64,3298.86,3291.63,3298.86,53.4255
2025-08-01 09:00:00+00:00,3298.86,3300.8,3298.21,3300.24,40.0863
2025-08-01 09:30:00+00:00,3300.01,3301.68,3295.56,3300.13,141.1517
2025-08-01 10:00:00+00:00,3300.21,3301.6,3300.0,3300.01,56.95
2025-08-01 10:30:00+00:00,3300.01,3307.58,3300.0,3304.93,71.2125
2025-08-01 11:00:00+00:00,3304.38,3306.9,3304.37,3305.04,41.0725
2025-08-01 11:30:00+00:00,3305.19,3306.0,3302.35,3304.87,50.0117
2025-08-01 12:00:00+00:00,3304.87,3307.64,3303.01,3306.73,88.2313
2025-08-01 12:30:00+00:00,3306.73,3342.6,3306.73,3341.4,610.1677
2025-08-01 13:00:00+00:00,3341.41,3352.29,3339.59,3349.81,328.2474
2025-08-01 13:30:00+00:00,3349.2,3349.81,3336.82,3339.14,411.6404
2025-08-01 14:00:00+00:00,3339.14,3351.34,3339.14,3342.57,420.6371
2025-08-01 14:30:00+00:00,3342.59,3350.0,3340.8,3347.4,734.713
2025-08-01 15:00:00+00:00,3348.06,3360.0,3344.06,3350.33,437.0604
2025-08-01 15:30:00+00:00,3350.32,3352.01,3346.14,3349.6,142.6216
2025-08-01 16:00:00+00:00,3349.59,3351.71,3340.71,3340.72,89.5642
2025-08-01 16:30:00+00:00,3340.71,3347.44,3338.68,3346.02,121.0735
2025-08-01 17:00:00+00:00,3346.02,3346.99,3345.2,3346.8,41.4918
2025-08-01 17:30:00+00:00,3346.8,3348.33,3345.64,3348.32,49.9396
2025-08-01 18:00:00+00:00,3348.32,3351.69,3347.09,3349.99,106.5821
2025-08-01 18:30:00+00:00,3350.0,3350.0,3346.33,3346.34,69.3129
2025-08-01 19:00:00+00:00,3346.33,3348.6,3345.12,3348.6,60.8353
2025-08-01 19:30:00+00:00,3348.59,3357.83,3348.59,3355.21,123.7655
2025-08-01 20:00:00+00:00,3355.22,3359.66,3355.21,3359.66,126.8225
2025-08-01 20:30:00+00:00,3359.66,3362.0,3359.41,3361.89,467.1046
2025-08-01 21:00:00+00:00,3361.89,3365.0,3361.6,3364.59,97.4277
2025-08-01 21:30:00+00:00,3364.59,3365.97,3364.58,3365.96,45.7249
2025-08-01 22:00:00+00:00,3365.84,3365.84,3361.13,3361.13,47.4051
2025-08-01 22:30:00+00:00,3361.14,3361.14,3359.2,3359.79,37.4499
2025-08-01 23:00:00+00:00,3359.78,3363.18,3359.78,3363.18,61.0283
2025-08-01 23:30:00+00:00,3363.17,3364.79,3363.12,3364.79,36.2568
2025-08-02 00:00:00+00:00,3364.8,3365.72,3363.0,3363.82,40.0696
2025-08-02 00:30:00+00:00,3363.82,3366.0,3363.61,3365.99,44.2744
2025-08-02 01:00:00+00:00,3365.98,3366.34,3364.8,3365.62,15.9672
2025-08-02 01:30:00+00:00,3365.62,3366.61,3365.61,3366.48,13.5997
2025-08-02 02:00:00+00:00,3366.61,3367.32,3366.6,3367.31,15.874
2025-08-02 02:30:00+00:00,3367.32,3369.98,3367.32,3368.32,29.1008
2025-08-02 03:00:00+00:00,3368.31,3368.32,3365.55,3365.55,54.5358
2025-08-02 03:30:00+00:00,3365.56,3365.56,3357.97,3359.51,85.2508
2025-08-02 04:00:00+00:00,3359.51,3362.2,3359.2,3362.2,54.1156
2025-08-02 04:30:00+00:00,3362.2,3364.6,3361.67,3361.67,64.9098
2025-08-02 05:00:00+00:00,3361.68,3361.68,3358.7,3360.99,76.7839
2025-08-02 05:30:00+00:00,3360.98,3364.18,3360.8,3363.8,31.9428
2025-08-02 06:00:00+00:00,3363.8,3363.81,3358.6,3358.61,35.9055
2025-08-02 06:30:00+00:00,3358.61,3359.29,3356.46,3358.06,44.7155
2025-08-02 07:00:00+00:00,3358.06,3362.45,3355.58,3362.2,55.3799
2025-08-02 07:30:00+00:00,3362.18,3364.49,3361.41,3364.27,29.473
2025-08-02 08:00:00+00:00,3364.2,3364.94,3364.05,3364.81,11.6155
2025-08-02 08:30:00+00:00,3364.81,3365.14,3364.22,3364.22,22.6935
2025-08-02 09:00:00+00:00,3364.22,3364.37,3362.6,3363.58,36.2352
2025-08-02 09:30:00+00:00,3363.59,3365.84,3363.31,3365.84,58.7814
2025-08-02 10:00:00+00:00,3365.84,3365.84,3362.71,3363.6,51.6041
2025-08-02 10:30:00+00:00,3363.6,3364.76,3362.6,3364.76,20.967
2025-08-02 11:00:00+00:00,3364.77,3365.96,3363.8,3365.34,48.9191
2025-08-02 11:30:00+00:00,3365.34,3365.34,3362.85,3364.94,50.0771
2025-08-02 12:00:00+00:00,3364.95,3367.26,3363.8,3363.8,36.4646
2025-08-02 12:30:00+00:00,3363.81,3363.81,3360.4,3360.4,38.5063
2025-08-02 13:00:00+00:00,3360.4,3365.4,3360.0,3364.15,54.3363
2025-08-02 13:30:00+00:00,3364.14,3364.14,3361.37,3361.38,32.4325
2025-08-02 14:00:00+00:00,3361.38,3361.38,3360.0,3360.34,9.5799
2025-08-02 14:30:00+00:00,3360.34,3364.61,3360.34,3363.52,45.6647
2025-08-02 15:00:00+00:00,3363.52,3364.4,3361.45,3361.59,28.6394
2025-08-02 15:30:00+00:00,3361.59,3362.19,3359.25,3360.36,47.0109
2025-08-02 16:00:00+00:00,3360.37,3364.12,3359.89,3362.77,65.8068
2025-08-02 16:30:00+00:00,3362.77,3364.12,3359.78,3363.95,59.946
2025-08-02 17:00:00+00:00,3363.96,3363.96,3361.45,3361.81,34.7039
2025-08-02 17:30:00+00:00,3361.81,3362.41,3360.8,3360.8,26.9865
2025-08-02 18:00:00+00:00,3360.8,3362.12,3358.95,3358.95,53.0952
2025-08-02 18:30:00+00:00,3358.96,3360.0,3358.34,3358.58,56.1048
2025-08-02 19:00:00+00:00,3358.59,3360.94,3358.58,3360.0,41.165
2025-08-02 19:30:00+00:00,3360.0,3360.0,3359.86,3359.87,13.9438
2025-08-02 20:00:00+00:00,3359.87,3360.99,3358.8,3360.99,49.1025
2025-08-02 20:30:00+00:00,3360.99,3361.57,3360.76,3361.57,13.754
2025-08-02 21:00:00+00:00,3361.57,3362.94,3359.79,3360.79,40.6789
2025-08-02 21:30:00+00:00,3360.8,3366.56,3359.66,3360.69,66.0903
2025-08-02 22:00:00+00:00,3360.69,3361.2,3360.13,3360.14,18.1753
2025-08-02 22:30:00+00:00,3360.14,3360.16,3359.95,3360.16,16.9051
2025-08-02 23:00:00+00:00,3360.16,3364.23,3360.16,3363.0,33.4423
2025-08-02 23:30:00+00:00,3363.0,3363.0,3361.5,3362.05,17.4409
2025-08-03 00:00:00+00:00,3362.05,3363.93,3361.8,3362.85,18.9445
2025-08-03 00:30:00+00:00,3362.86,3364.49,3359.07,3364.49,53.0446
2025-08-03 01:00:00+00:00,3364.49,3364.74,3361.97,3363.22,86.3653
2025-08-03 01:30:00+00:00,3363.22,3363.22,3361.14,3362.4,12.3233
2025-08-03 02:00:00+00:00,3362.4,3362.4,3356.14,3362.38,135.9158
2025-08-03 02:30:00+00:00,3362.39,3363.24,3361.84,3361.84,25.3685
2025-08-03 03:00:00+00:00,3361.84,3362.0,3361.84,3361.99,9.747
2025-08-03 03:30:00+00:00,3362.0,3363.0,3361.98,3361.98,15.8805
2025-08-03 04:00:00+00:00,3361.98,3362.18,3361.84,3361.84,20.8316
2025-08-03 04:30:00+00:00,3361.84,3361.84,3360.53,3360.8,17.4556
2025-08-03 05:00:00+00:00,3360.79,3364.62,3360.79,3364.27,51.1215
2025-08-03 05:30:00+00:00,3364.27,3364.95,3364.27,3364.55,14.7717
2025-08-03 06:00:00+00:00,3364.55,3364.55,3364.21,3364.3,13.3286
2025-08-03 06:30:00+00:00,3364.31,3364.31,3363.6,3363.61,9.5646
2025-08-03 07:00:00+00:00,3363.61,3363.77,3362.37,3362.37,17.0047
2025-08-03 07:30:00+00:00,3362.38,3362.38,3359.56,3360.25,38.2605
2025-08-03 08:00:00+00:00,3360.25,3361.75,3360.24,3361.75,21.8296
2025-08-03 08:30:00+00:00,3361.74,3361.75,3361.74,3361.74,7.7747
2025-08-03 09:00:00+00:00,3361.75,3361.75,3361.2,3361.24,15.2326
2025-08-03 09:30:00+00:00,3361.24,3362.44,3361.24,3362.44,23.3804
2025-08-03 10:00:00+00:00,3362.44,3362.44,3360.25,3360.44,23.03
2025-08-03 10:30:00+00:00,3360.44,3361.71,3360.43,3361.71,20.7724
2025-08-03 11:00:00+00:00,3361.7,3362.27,3358.54,3361.22,62.9996
2025-08-03 11:30:00+00:00,3361.21,3361.22,3360.92,3360.93,14.9066
2025-08-03 12:00:00+00:00,3360.93,3361.32,3359.95,3360.8,57.9709
2025-08-03 12:30:00+00:00,3360.79,3361.0,3360.79,3360.99,11.0882
2025-08-03 13:00:00+00:00,3360.99,3361.0,3360.99,3361.0,9.8935
2025-08-03 13:30:00+00:00,3360.99,3362.39,3359.73,3362.38,24.4872
2025-08-03 14:00:00+00:00,3362.39,3362.75,3362.35,3362.4,22.0744
2025-08-03 14:30:00+00:00,3362.41,3364.78,3362.4,3364.4,19.6102
2025-08-03 15:00:00+00:00,3364.41,3364.6,3364.4,3364.43,12.695
2025-08-03 15:30:00+00:00,3364.43,3364.69,3364.43,3364.68,12.4871
2025-08-03 16:00:00+00:00,3364.69,3364.7,3364.0,3364.23,13.0507
2025-08-03 16:30:00+00:00,3364.23,3364.23,3343.0,3361.4,263.272
2025-08-03 17:00:00+00:00,3361.4,3362.7,3361.4,3361.73,28.4849
2025-08-03 17:30:00+00:00,3361.72,3361.73,3361.25,3361.6,22.2476
2025-08-03 18:00:00+00:00,3361.6,3362.4,3361.53,3362.24,29.1304
2025-08-03 18:30:00+00:00,3362.25,3362.25,3361.82,3361.83,21.0792
2025-08-03 19:00:00+00:00,3361.83,3362.14,3361.68,3362.14,23.6422
2025-08-03 19:30:00+00:00,3362.13,3363.0,3362.0,3362.03,22.8268
2025-08-03 20:00:00+00:00,3362.03,3363.58,3361.99,3363.58,24.1797
2025-08-03 20:30:00+00:00,3363.57,3369.42,3363.57,3368.82,75.6767
2025-08-03 21:00:00+00:00,3368.83,3369.67,3368.82,3369.11,12.8165
2025-08-03 21:30:00+00:00,3369.12,3371.0,3365.33,3368.8,66.6591
2025-08-03 22:00:00+00:00,3368.79,3368.79,3362.0,3362.21,53.6694
2025-08-03 22:30:00+00:00,3362.21,3364.06,3361.17,3362.3,171.1679
2025-08-03 23:00:00+00:00,3362.29,3362.29,3358.0,3359.73,34.2438
2025-08-03 23:30:00+00:00,3359.74,3365.69,3359.6,3365.68,21.5851
2025-08-04 00:00:00+00:00,3365.69,3365.69,3357.83,3358.42,81.3722
2025-08-04 00:30:00+00:00,3358.43,3359.0,3353.38,3353.8,75.2155
2025-08-04 01:00:00+00:00,3353.8,3356.33,3348.8,3350.79,74.6665
2025-08-04 01:30:00+00:00,3350.79,3356.12,3350.39,3355.59,35.5411
2025-08-04 02:00:00+00:00,3355.59,3355.59,3351.12,3354.42,77.7382
2025-08-04 02:30:00+00:00,3354.42,3356.99,3352.98,3356.81,17.5084
2025-08-04 03:00:00+00:00,3356.81,3359.59,3356.41,3358.79,13.3353
2025-08-04 03:30:00+00:00,3358.8,3362.45,3356.2,3361.21,48.8489
2025-08-04 04:00:00+00:00,3361.21,3363.88,3361.21,3363.88,25.0268
2025-08-04 04:30:00+00:00,3363.88,3365.21,3362.67,3362.79,44.6807
2025-08-04 05:00:00+00:00,3362.78,3364.22,3362.68,3362.94,7.7127
2025-08-04 05:30:00+00:00,3362.93,3362.94,3359.21,3361.2,29.8945
2025-08-04 06:00:00+00:00,3361.2,3364.81,3357.99,3358.0,166.9835
2025-08-04 06:30:00+00:00,3358.0,3364.4,3358.0,3364.4,14.5124
2025-08-04 07:00:00+00:00,3364.43,3364.55,3358.19,3358.2,53.3273
2025-08-04 07:30:00+00:00,3358.2,3360.8,3356.12,3358.41,29.2978
2025-08-04 08:00:00+00:00,3358.41,3362.0,3357.65,3360.61,27.9254
2025-08-04 08:30:00+00:00,3360.61,3362.46,3359.64,3361.53,29.1111
2025-08-04 09:00:00+00:00,3361.53,3363.2,3361.41,3362.89,13.0656
2025-08-04 09:30:00+00:00,3362.88,3362.89,3360.2,3360.36,35.7285
2025-08-04 10:00:00+00:00,3360.36,3360.39,3357.4,3358.97,38.0799
2025-08-04 10:30:00+00:00,3359.4,3361.39,3359.39,3360.62,20.0111
2025-08-04 11:00:00+00:00,3360.62,3370.0,3360.61,3369.81,68.3086
2025-08-04 11:30:00+00:00,3369.88,3372.0,3368.6,3371.2,63.4018
2025-08-04 12:00:00+00:00,3371.2,3373.2,3368.44,3368.44,187.7147
2025-08-04 12:30:00+00:00,3368.2,3372.91,3366.0,3372.22,59.8684
2025-08-04 13:00:00+00:00,3372.22,3378.4,3371.48,3376.8,77.7611
2025-08-04 13:30:00+00:00,3376.8,3384.0,3376.8,3383.86,162.6186
2025-08-04 14:00:00+00:00,3383.86,3384.39,3377.2,3378.8,189.7279
2025-08-04 14:30:00+00:00,3378.81,3380.99,3374.4,3376.19,76.1529
2025-08-04 15:00:00+00:00,3376.2,3376.6,3374.02,3374.34,54.4722
2025-08-04 15:30:00+00:00,3374.34,3377.0,3374.01,3376.39,20.3264
2025-08-04 16:00:00+00:00,3376.39,3380.43,3375.06,3375.8,58.409
2025-08-04 16:30:00+00:00,3375.79,3375.93,3372.05,3374.14,81.9841
2025-08-04 17:00:00+00:00,3374.14,3375.54,3374.0,3375.2,40.9949
2025-08-04 17:30:00+00:00,3375.2,3375.8,3374.26,3374.8,19.6778
2025-08-04 18:00:00+00:00,3374.8,3377.2,3374.8,3377.2,12.6354
2025-08-04 18:30:00+00:00,3377.19,3377.2,3376.41,3376.6,16.1835
2025-08-04 19:00:00+00:00,3376.61,3377.6,3376.16,3377.38,10.5519
2025-08-04 19:30:00+00:00,3377.37,3380.0,3377.0,3380.0,109.0292
2025-08-04 20:00:00+00:00,3379.99,3380.25,3379.4,3380.21,23.809
2025-08-04 20:30:00+00:00,3380.24,3380.24,3378.6,3378.96,20.1482
2025-08-04 21:00:00+00:00,3378.97,3378.98,3377.84,3378.53,26.33
2025-08-04 21:30:00+00:00,3378.54,3378.54,3368.97,3371.2,406.3678
2025-08-04 22:00:00+00:00,3371.2,3377.77,3371.01,3377.38,52.9803
2025-08-04 22:30:00+00:00,3377.38,3377.39,3375.4,3375.6,16.5095
2025-08-04 23:00:00+00:00,3375.6,3380.09,3375.6,3379.99,34.8543
2025-08-04 23:30:00+00:00,3379.99,3381.15,3377.21,3377.6,59.8221
2025-08-05 00:00:00+00:00,3377.6,3378.88,3376.8,3378.67,16.261
2025-08-05 00:30:00+00:00,3378.68,3381.19,3378.67,3380.48,27.9502
2025-08-05 01:00:00+00:00,3380.49,3385.08,3380.49,3381.21,68.6804
2025-08-05 01:30:00+00:00,3381.21,3382.98,3380.06,3380.06,28.5456
2025-08-05 02:00:00+00:00,3380.06,3389.58,3379.56,3379.57,129.1265
2025-08-05 02:30:00+00:00,3379.56,3380.36,3377.4,3377.4,15.8167
2025-08-05 03:00:00+00:00,3377.4,3378.09,3376.47,3377.6,28.7827
2025-08-05 03:30:00+00:00,3377.6,3377.61,3373.91,3375.63,56.186
2025-08-05 04:00:00+00:00,3375.63,3375.77,3374.8,3375.77,7.9878
2025-08-05 04:30:00+00:00,3375.78,3376.87,3374.6,3374.81,36.2804
2025-08-05 05:00:00+00:00,3374.8,3374.8,3369.84,3370.79,45.8154
2025-08-05 05:30:00+00:00,3370.8,3373.3,3370.8,3373.3,38.5444
2025-08-05 06:00:00+00:00,3373.3,3373.9,3371.2,3371.79,15.9792
2025-08-05 06:30:00+00:00,3371.79,3371.79,3368.27,3368.27,22.5057
2025-08-05 07:00:00+00:00,3368.28,3374.53,3368.26,3374.52,32.1664
2025-08-05 07:30:00+00:00,3374.76,3375.18,3373.08,3373.82,34.4171
2025-08-05 08:00:00+00:00,3373.81,3374.2,3371.63,3373.0,62.9809
2025-08-05 08:30:00+00:00,3373.01,3374.0,3367.29,3367.29,52.4449
2025-08-05 09:00:00+00:00,3367.29,3367.29,3366.03,3366.03,73.3389
2025-08-05 09:30:00+00:00,3366.03,3367.73,3362.8,3362.81,78.2295
2025-08-05 10:00:00+00:00,3362.8,3364.79,3358.32,3360.35,97.4563
2025-08-05 10:30:00+00:00,3360.11,3364.94,3357.26,3357.26,72.925
2025-08-05 11:00:00+00:00,3357.26,3357.26,3354.8,3355.99,66.591
2025-08-05 11:30:00+00:00,3355.99,3357.27,3353.8,3355.26,51.6934
2025-08-05 12:00:00+00:00,3354.92,3363.01,3354.05,3363.0,31.6704
2025-08-05 12:30:00+00:00,3362.99,3367.79,3362.84,3367.54,92.8966
2025-08-05 13:00:00+00:00,3367.54,3371.4,3367.5,3371.37,33.0553
2025-08-05 13:30:00+00:00,3370.62,3378.71,3370.19,3374.35,114.0206
2025-08-05 14:00:00+00:00,3374.35,3381.47,3372.89,3378.92,104.422
2025-08-05 14:30:00+00:00,3379.0,3393.62,3378.45,3384.81,293.2404
2025-08-05 15:00:00+00:00,3384.81,3387.47,3383.6,3383.68,62.1257
2025-08-05 15:30:00+00:00,3383.68,3388.6,3381.38,3388.6,60.0244
2025-08-05 16:00:00+00:00,3388.6,3389.0,3380.53,3380.6,55.1492
2025-08-05 16:30:00+00:00,3380.65,3381.2,3377.0,3381.19,58.1272
2025-08-05 17:00:00+00:00,3381.19,3383.0,3380.64,3381.2,28.3159
2025-08-05 17:30:00+00:00,3381.2,3382.0,3380.01,3380.86,34.464
2025-08-05 18:00:00+00:00,3380.39,3380.4,3378.61,3380.0,35.3902
2025-08-05 18:30:00+00:00,3379.99,3380.45,3378.34,3378.4,29.8077
2025-08-05 19:00:00+00:00,3378.41,3378.8,3377.06,3378.13,10.2872
2025-08-05 19:30:00+00:00,3378.12,3378.8,3378.09,3378.09,25.9714
2025-08-05 20:00:00+00:00,3378.09,3379.79,3376.52,3378.58,50.2935
2025-08-05 20:30:00+00:00,3378.58,3379.59,3378.07,3379.58,17.3572
2025-08-05 21:00:00+00:00,3379.59,3384.2,3379.59,3384.2,32.4121
2025-08-05 21:30:00+00:00,3384.09,3384.47,3380.7,3380.7,11.123
2025-08-05 22:00:00+00:00,3380.69,3382.12,3380.15,3380.15,13.2085
2025-08-05 22:30:00+00:00,3380.15,3381.25,3379.4,3381.25,13.2832
2025-08-05 23:00:00+00:00,3381.25,3384.3,3380.56,3384.3,32.4929
2025-08-05 23:30:00+00:00,3384.29,3385.25,3383.8,3384.32,53.7409
2025-08-06 00:00:00+00:00,3384.32,3384.8,3383.71,3384.04,25.8407
2025-08-06 00:30:00+00:00,3384.04,3384.18,3382.12,3382.39,21.9656
2025-08-06 01:00:00+00:00,3382.39,3382.92,3378.0,3378.61,51.3724
2025-08-06 01:30:00+00:00,3378.84,3381.99,3375.8,3376.39,40.6925
2025-08-06 02:00:00+00:00,3376.4,3377.6,3376.0,3376.13,26.2083
2025-08-06 02:30:00+00:00,3376.13,3378.7,3376.13,3378.21,16.7784
2025-08-06 03:00:00+00:00,3378.21,3379.0,3377.4,3378.62,8.2955
2025-08-06 03:30:00+00:00,3378.62,3378.62,3375.97,3376.59,16.566
2025-08-06 04:00:00+00:00,3376.59,3378.19,3376.58,3377.81,15.4045
2025-08-06 04:30:00+00:00,3377.81,3378.2,3375.8,3375.84,11.2932
2025-08-06 05:00:00+00:00,3375.84,3375.84,3373.56,3373.59,31.4446
2025-08-06 05:30:00+00:00,3373.59,3376.0,3373.52,3376.0,35.8287
2025-08-06 06:00:00+00:00,3376.0,3381.35,3374.71,3379.29,54.16
2025-08-06 06:30:00+00:00,3379.29,3381.2,3377.53,3378.0,33.1557
2025-08-06 07:00:00+00:00,3378.0,3378.0,3369.44,3372.4,123.3109
2025-08-06 07:30:00+00:00,3372.4,3378.51,3372.39,3376.4,12.7248
2025-08-06 08:00:00+00:00,3376.4,3376.73,3368.72,3369.2,32.5244
2025-08-06 08:30:00+00:00,3369.19,3370.6,3368.4,3368.76,35.0047
2025-08-06 09:00:00+00:00,3368.76,3369.8,3368.4,3368.6,65.921
2025-08-06 09:30:00+00:00,3368.59,3368.59,3362.51,3364.18,92.5829
2025-08-06 10:00:00+00:00,3364.18,3368.19,3363.19,3367.4,24.8387
2025-08-06 10:30:00+00:00,3367.41,3368.4,3365.14,3367.39,27.7325
2025-08-06 11:00:00+00:00,3367.4,3371.06,3366.2,3371.06,22.7164
2025-08-06 11:30:00+00:00,3371.06,3371.6,3368.79,3369.39,31.4308
2025-08-06 12:00:00+00:00,3369.39,3369.4,3364.7,3367.23,36.8142
2025-08-06 12:30:00+00:00,3367.6,3370.9,3365.24,3370.01,27.9684
2025-08-06 13:00:00+00:00,3370.01,3372.39,3369.77,3372.21,20.1653
2025-08-06 13:30:00+00:00,3372.4,3374.49,3366.23,3373.24,64.5599
2025-08-06 14:00:00+00:00,3373.24,3377.45,3371.96,3377.45,41.1721
2025-08-06 14:30:00+00:00,3377.46,3380.75,3376.74,3380.67,37.8026
2025-08-06 15:00:00+00:00,3380.69,3381.27,3377.4,3377.46,52.8595
2025-08-06 15:30:00+00:00,3377.47,3378.6,3373.39,3377.4,87.4733
2025-08-06 16:00:00+00:00,3377.4,3378.66,3374.61,3376.8,97.7793
2025-08-06 16:30:00+00:00,3376.82,3379.09,3376.82,3377.01,70.8512
2025-08-06 17:00:00+00:00,3377.01,3378.0,3373.32,3373.32,71.2324
2025-08-06 17:30:00+00:00,3373.33,3376.65,3373.33,3376.41,47.3193
2025-08-06 18:00:00+00:00,3376.41,3376.41,3371.84,3371.84,69.2084
2025-08-06 18:30:00+00:00,3371.84,3373.94,3370.21,3371.8,79.4638
2025-08-06 19:00:00+00:00,3371.8,3373.39,3371.0,3371.95,59.5964
2025-08-06 19:30:00+00:00,3371.96,3373.79,3371.95,3372.8,26.0035
2025-08-06 20:00:00+00:00,3372.8,3372.81,3368.49,3370.27,33.5373
2025-08-06 20:30:00+00:00,3370.27,3371.6,3368.58,3371.53,26.2666
2025-08-06 21:00:00+00:00,3371.54,3371.54,3368.36,3369.99,16.7917
2025-08-06 21:30:00+00:00,3369.99,3372.29,3369.85,3369.86,10.1044
2025-08-06 22:00:00+00:00,3369.86,3374.5,3369.86,3372.0,17.8449
2025-08-06 22:30:00+00:00,3371.99,3373.8,3371.99,3373.79,19.904
2025-08-06 23:00:00+00:00,3373.79,3373.79,3371.12,3372.2,44.4014
2025-08-06 23:30:00+00:00,3372.19,3372.6,3370.0,3370.99,49.7937
2025-08-07 00:00:00+00:00,3371.15,3374.6,3368.8,3374.59,32.8786
2025-08-07 00:30:00+00:00,3374.6,3376.19,3374.4,3375.92,7.4864
2025-08-07 01:00:00+00:00,3375.91,3378.83,3374.2,3378.79,13.5089
2025-08-07 01:30:00+00:00,3378.79,3383.06,3378.79,3383.05,46.6104
2025-08-07 02:00:00+00:00,3383.05,3383.24,3378.92,3378.92,39.8915
2025-08-07 02:30:00+00:00,3378.93,3381.11,3377.45,3380.83,31.114
2025-08-07 03:00:00+00:00,3380.83,3380.83,3377.64,3377.65,33.0898
2025-08-07 03:30:00+00:00,3377.64,3378.79,3377.4,3378.79,15.5583
2025-08-07 04:00:00+00:00,3378.79,3379.8,3377.15,3378.2,36.5318
2025-08-07 04:30:00+00:00,3378.2,3379.92,3378.13,3378.13,21.9148
2025-08-07 05:00:00+00:00,3378.14,3379.99,3378.14,3379.09,20.5478
2025-08-07 05:30:00+00:00,3379.09,3379.09,3375.0,3376.08,25.8131
2025-08-07 06:00:00+00:00,3376.2,3381.99,3375.75,3381.23,53.6244
2025-08-07 06:30:00+00:00,3381.23,3384.68,3380.89,3384.68,33.171
2025-08-07 07:00:00+00:00,3384.68,3389.88,3384.58,3389.61,47.8627
2025-08-07 07:30:00+00:00,3389.6,3394.98,3389.6,3393.0,129.1203
2025-08-07 08:00:00+00:00,3393.0,3393.2,3376.2,3376.52,138.6739
2025-08-07 08:30:00+00:00,3376.51,3383.41,3375.4,3379.98,58.9159
2025-08-07 09:00:00+00:00,3379.86,3382.6,3379.07,3379.3,65.4438
2025-08-07 09:30:00+00:00,3379.3,3381.2,3377.17,3379.8,30.9596
2025-08-07 10:00:00+00:00,3379.61,3380.86,3377.66,3377.67,94.0805
2025-08-07 10:30:00+00:00,3377.66,3379.13,3374.16,3374.38,85.6888
2025-08-07 11:00:00+00:00,3374.37,3383.7,3374.37,3382.44,64.3935
2025-08-07 11:30:00+00:00,3382.41,3382.92,3377.2,3377.61,48.9638
2025-08-07 12:00:00+00:00,3377.71,3379.97,3376.47,3379.94,43.0135
2025-08-07 12:30:00+00:00,3380.0,3386.19,3378.73,3378.73,59.7328
2025-08-07 13:00:00+00:00,3378.73,3384.24,3378.73,3384.0,41.3979
2025-08-07 13:30:00+00:00,3384.0,3387.93,3382.7,3382.7,74.1892
2025-08-07 14:00:00+00:00,3382.59,3385.0,3376.1,3379.4,95.7412
2025-08-07 14:30:00+00:00,3379.14,3384.92,3379.14,3384.13,24.5595
2025-08-07 15:00:00+00:00,3384.87,3385.14,3382.8,3382.81,76.5285
2025-08-07 15:30:00+00:00,3382.84,3385.0,3381.79,3384.41,89.4956
2025-08-07 16:00:00+00:00,3384.6,3386.4,3384.59,3385.31,30.0192
2025-08-07 16:30:00+00:00,3385.31,3385.31,3381.99,3383.41,44.4266
2025-08-07 17:00:00+00:00,3383.4,3383.9,3381.84,3383.9,25.7828
2025-08-07 17:30:00+00:00,3383.89,3386.95,3383.89,3386.85,24.6736
2025-08-07 18:00:00+00:00,3386.85,3389.02,3385.2,3385.23,45.1884
2025-08-07 18:30:00+00:00,3385.23,3385.44,3385.03,3385.43,5.7675
2025-08-07 19:00:00+00:00,3385.43,3385.45,3384.0,3384.78,23.4634
2025-08-07 19:30:00+00:00,3384.79,3392.98,3384.79,3392.92,61.0182
2025-08-07 20:00:00+00:00,3392.92,3392.96,3390.64,3392.84,43.9157
2025-08-07 20:30:00+00:00,3392.85,3393.57,3386.17,3389.29,83.3621
2025-08-07 21:00:00+00:00,3389.03,3391.72,3384.14,3391.71,143.0039
2025-08-07 21:30:00+00:00,3391.71,3391.79,3388.81,3388.81,17.8767
2025-08-07 22:00:00+00:00,3388.81,3395.4,3384.32,3385.77,64.4989
2025-08-07 22:30:00+00:00,3385.78,3396.5,3382.99,3394.6,434.0578
2025-08-07 23:00:00+00:00,3394.51,3397.81,3390.2,3391.8,98.1703
2025-08-07 23:30:00+00:00,3391.79,3395.37,3390.81,3393.46,61.6223
2025-08-08 00:00:00+00:00,3393.46,3394.86,3388.2,3388.28,112.7282
2025-08-08 00:30:00+00:00,3388.28,3391.38,3387.13,3387.6,69.1721
2025-08-08 01:00:00+00:00,3387.55,3387.6,3382.05,3383.4,117.2703
2025-08-08 01:30:00+00:00,3383.4,3383.4,3380.69,3381.59,61.5344
2025-08-08 02:00:00+00:00,3381.59,3387.55,3381.59,3385.8,92.2326
2025-08-08 02:30:00+00:00,3385.44,3385.44,3383.09,3383.19,58.7469
2025-08-08 03:00:00+00:00,3383.19,3385.2,3381.16,3385.2,26.8477
2025-08-08 03:30:00+00:00,3385.4,3392.51,3385.39,3390.6,44.1628
2025-08-08 04:00:00+00:00,3390.59,3393.6,3389.63,3393.43,15.2237
2025-08-08 04:30:00+00:00,3393.43,3393.55,3390.6,3390.6,32.64
2025-08-08 05:00:00+00:00,3390.43,3391.0,3389.2,3389.2,7.2562
2025-08-08 05:30:00+00:00,3389.0,3390.0,3388.27,3390.0,13.4352
2025-08-08 06:00:00+00:00,3389.99,3391.82,3389.41,3389.41,25.336
2025-08-08 06:30:00+00:00,3389.42,3389.65,3386.67,3389.59,45.6014
2025-08-08 07:00:00+00:00,3389.59,3393.53,3389.58,3390.22,38.1757
2025-08-08 07:30:00+00:00,3390.06,3394.62,3388.04,3394.4,94.9731
2025-08-08 08:00:00+00:00,3394.6,3394.63,3390.93,3390.93,18.6644
2025-08-08 08:30:00+00:00,3390.92,3393.79,3390.01,3390.21,26.1736
2025-08-08 09:00:00+00:00,3390.2,3393.6,3389.65,3392.76,18.395
2025-08-08 09:30:00+00:00,3392.76,3393.98,3389.6,3393.81,227.3968
2025-08-08 10:00:00+00:00,3393.89,3394.99,3384.62,3386.4,93.7538
2025-08-08 10:30:00+00:00,3386.39,3387.41,3379.0,3380.92,637.6218
2025-08-08 11:00:00+00:00,3380.93,3383.8,3377.77,3377.78,167.2684
2025-08-08 11:30:00+00:00,3377.77,3383.0,3377.77,3380.07,90.6709
2025-08-08 12:00:00+00:00,3380.0,3386.81,3380.0,3386.81,29.2217
2025-08-08 12:30:00+00:00,3386.83,3392.46,3381.88,3383.99,91.05
2025-08-08 13:00:00+00:00,3383.97,3388.87,3380.0,3380.21,64.9793
2025-08-08 13:30:00+00:00,3380.21,3390.5,3380.21,3390.5,49.7137
2025-08-08 14:00:00+00:00,3390.49,3390.49,3378.74,3378.8,101.5944
2025-08-08 14:30:00+00:00,3378.81,3381.37,3377.28,3381.37,84.3971
2025-08-08 15:00:00+00:00,3381.59,3385.51,3381.25,3385.0,29.4677
2025-08-08 15:30:00+00:00,3385.19,3385.2,3383.48,3384.13,22.3705
2025-08-08 16:00:00+00:00,3384.13,3388.88,3384.13,3388.21,47.771
2025-08-08 16:30:00+00:00,3388.21,3389.54,3388.2,3389.5,35.3199
2025-08-08 17:00:00+00:00,3389.5,3390.0,3388.4,3388.46,63.2191
2025-08-08 17:30:00+00:00,3388.87,3389.98,3379.38,3379.8,145.7337
2025-08-08 18:00:00+00:00,3379.63,3389.64,3375.19,3381.45,378.6675
2025-08-08 18:30:00+00:00,3381.45,3389.18,3381.0,3386.26,184.4557
2025-08-08 19:00:00+00:00,3386.24,3389.11,3384.31,3387.8,75.8077
2025-08-08 19:30:00+00:00,3387.8,3388.93,3386.4,3388.92,59.1014
2025-08-08 20:00:00+00:00,3388.92,3388.93,3383.35,3383.95,155.5853
2025-08-08 20:30:00+00:00,3383.95,3387.21,3383.41,3387.21,212.7215
2025-08-08 21:00:00+00:00,3387.21,3387.79,3385.35,3386.6,63.5393
2025-08-08 21:30:00+00:00,3386.6,3387.67,3383.97,3384.78,52.634
2025-08-08 22:00:00+00:00,3385.25,3387.87,3384.17,3386.81,39.274
2025-08-08 22:30:00+00:00,3386.81,3388.88,3386.08,3388.76,13.2154
2025-08-08 23:00:00+00:00,3388.77,3388.77,3386.67,3386.67,3.4483
2025-08-08 23:30:00+00:00,3386.68,3386.68,3383.96,3385.75,62.0554
2025-08-09 00:00:00+00:00,3385.76,3386.58,3384.9,3384.95,13.3045
2025-08-09 00:30:00+00:00,3384.95,3385.16,3384.61,3385.16,13.0588
2025-08-09 01:00:00+00:00,3385.16,3385.95,3385.11,3385.91,9.1484
2025-08-09 01:30:00+00:00,3386.0,3393.8,3386.0,3388.02,200.4625
2025-08-09 02:00:00+00:00,3388.02,3388.02,3387.33,3387.38,5.3136
2025-08-09 02:30:00+00:00,3387.39,3388.14,3386.88,3387.49,11.3493
2025-08-09 03:00:00+00:00,3387.49,3387.82,3387.28,3387.28,10.8405
2025-08-09 03:30:00+00:00,3387.28,3387.55,3387.28,3387.55,3.8928
2025-08-09 04:00:00+00:00,3387.55,3389.57,3387.54,3389.36,18.2803
2025-08-09 04:30:00+00:00,3389.36,3389.59,3375.0,3385.47,206.2789
2025-08-09 05:00:00+00:00,3385.47,3386.0,3376.93,3386.0,1038.6811
2025-08-09 05:30:00+00:00,3385.99,3386.89,3384.6,3385.68,56.9423
2025-08-09 06:00:00+00:00,3385.67,3386.03,3382.43,3384.13,29.1242
2025-08-09 06:30:00+00:00,3384.02,3384.98,3380.22,3383.59,34.7183
2025-08-09 07:00:00+00:00,3383.58,3383.76,3382.8,3383.62,12.0647
2025-08-09 07:30:00+00:00,3383.49,3383.8,3382.64,3383.75,25.3573
2025-08-09 08:00:00+00:00,3383.75,3384.06,3383.75,3384.0,2.6022
2025-08-09 08:30:00+00:00,3383.99,3384.0,3380.11,3380.89,110.6962
2025-08-09 09:00:00+00:00,3380.95,3386.12,3380.95,3386.11,34.1992
2025-08-09 09:30:00+00:00,3386.12,3387.48,3385.47,3387.48,23.6328
2025-08-09 10:00:00+00:00,3387.49,3390.0,3387.3,3387.35,50.7984
2025-08-09 10:30:00+00:00,3387.36,3387.36,3385.46,3386.14,30.3963
2025-08-09 11:00:00+00:00,3386.13,3390.0,3386.05,3389.59,27.1749
2025-08-09 11:30:00+00:00,3389.59,3389.63,3387.45,3387.45,22.9539
2025-08-09 12:00:00+00:00,3387.45,3389.63,3386.48,3389.45,30.3697
2025-08-09 12:30:00+00:00,3389.45,3389.46,3388.36,3388.59,25.2123
2025-08-09 13:00:00+00:00,3388.58,3388.59,3387.73,3387.8,18.3154
2025-08-09 13:30:00+00:00,3387.8,3389.32,3387.4,3389.32,10.1238
2025-08-09 14:00:00+00:00,3389.31,3392.12,3386.72,3389.65,167.4769
2025-08-09 14:30:00+00:00,3389.64,3391.02,3388.62,3391.01,20.4028
2025-08-09 15:00:00+00:00,3391.02,3391.88,3386.74,3388.78,54.8539
2025-08-09 15:30:00+00:00,3388.78,3388.79,3386.88,3387.73,25.2598
2025-08-09 16:00:00+00:00,3387.73,3389.9,3385.99,3389.82,44.1905
2025-08-09 16:30:00+00:00,3389.82,3389.83,3385.67,3386.09,44.4542
2025-08-09 17:00:00+00:00,3386.23,3387.95,3386.23,3387.91,17.8063
2025-08-09 17:30:00+00:00,3387.9,3389.28,3382.79,3385.55,70.4257
2025-08-09 18:00:00+00:00,3385.56,3385.77,3383.38,3384.72,28.0822
2025-08-09 18:30:00+00:00,3384.72,3385.47,3383.66,3385.47,23.749
2025-08-09 19:00:00+00:00,3385.46,3385.47,3382.84,3383.3,18.3175
2025-08-09 19:30:00+00:00,3383.3,3384.72,3383.13,3384.06,45.7149
2025-08-09 20:00:00+00:00,3384.05,3386.22,3383.61,3385.21,66.7051
2025-08-09 20:30:00+00:00,3385.2,3385.87,3385.01,3385.87,11.7402
2025-08-09 21:00:00+00:00,3385.87,3385.98,3382.07,3382.73,45.238
2025-08-09 21:30:00+00:00,3382.72,3387.01,3382.72,3385.93,35.7879
2025-08-09 22:00:00+00:00,3385.93,3386.58,3385.28,3385.28,12.5197
2025-08-09 22:30:00+00:00,3385.28,3385.29,3383.77,3383.77,7.6347
2025-08-09 23:00:00+00:00,3383.78,3383.83,3382.22,3383.55,26.1337
2025-08-09 23:30:00+00:00,3383.54,3383.92,3383.54,3383.62,21.3599
2025-08-10 00:00:00+00:00,3383.62,3383.62,3382.77,3382.87,28.0405
2025-08-10 00:30:00+00:00,3382.87,3384.53,3382.86,3384.53,18.2974
2025-08-10 01:00:00+00:00,3384.62,3385.81,3384.62,3385.81,4.2834
2025-08-10 01:30:00+00:00,3385.8,3385.94,3385.77,3385.79,12.114
2025-08-10 02:00:00+00:00,3385.79,3385.95,3384.55,3385.42,35.6919
2025-08-10 02:30:00+00:00,3385.43,3385.58,3385.42,3385.46,11.5223
2025-08-10 03:00:00+00:00,3385.45,3387.81,3385.33,3387.74,38.6641
2025-08-10 03:30:00+00:00,3387.73,3388.1,3387.36,3387.36,17.6043
2025-08-10 04:00:00+00:00,3387.37,3388.11,3384.05,3387.19,60.1664
2025-08-10 04:30:00+00:00,3387.19,3387.26,3387.18,3387.25,10.2737
2025-08-10 05:00:00+00:00,3387.25,3387.35,3386.78,3386.78,16.3961
2025-08-10 05:30:00+00:00,3386.78,3387.55,3386.64,3387.55,17.8244
2025-08-10 06:00:00+00:00,3387.54,3388.0,3387.54,3388.0,13.8773
2025-08-10 06:30:00+00:00,3388.0,3388.02,3387.93,3387.95,8.123
2025-08-10 07:00:00+00:00,3387.95,3387.96,3387.68,3387.69,9.6349
2025-08-10 07:30:00+00:00,3387.69,3387.69,3383.37,3383.37,16.9023
2025-08-10 08:00:00+00:00,3383.37,3385.93,3382.0,3385.93,32.3256
2025-08-10 08:30:00+00:00,3385.92,3385.94,3385.81,3385.93,5.878
2025-08-10 09:00:00+00:00,3385.93,3385.93,3385.92,3385.93,8.3123
2025-08-10 09:30:00+00:00,3385.92,3385.93,3385.62,3385.69,42.6251
2025-08-10 10:00:00+00:00,3385.7,3386.85,3385.14,3386.85,36.3748
2025-08-10 10:30:00+00:00,3386.85,3386.88,3386.84,3386.87,15.2952
2025-08-10 11:00:00+00:00,3386.87,3387.12,3386.87,3387.12,3.8796
2025-08-10 11:30:00+00:00,3387.11,3388.0,3387.11,3387.98,37.8984
2025-08-10 12:00:00+00:00,3387.98,3390.0,3387.94,3389.5,48.9339
2025-08-10 12:30:00+00:00,3389.3,3389.3,3388.0,3388.42,26.0322
2025-08-10 13:00:00+00:00,3388.42,3389.13,3388.3,3388.58,20.4848
2025-08-10 13:30:00+00:00,3388.63,3388.63,3385.25,3387.37,30.8692
2025-08-10 14:00:00+00:00,3387.36,3387.54,3385.1,3385.18,28.6432
2025-08-10 14:30:00+00:00,3385.18,3387.78,3384.11,3387.32,49.4002
2025-08-10 15:00:00+00:00,3387.32,3388.1,3386.41,3386.92,18.4786
2025-08-10 15:30:00+00:00,3386.91,3388.73,3386.91,3387.96,25.6139
2025-08-10 16:00:00+00:00,3387.96,3387.96,3386.66,3386.66,83.2382
2025-08-10 16:30:00+00:00,3386.66,3388.31,3385.08,3385.41,145.0101
2025-08-10 17:00:00+00:00,3385.41,3386.73,3382.96,3386.73,99.9032
2025-08-10 17:30:00+00:00,3386.87,3386.9,3386.86,3386.89,7.1939
2025-08-10 18:00:00+00:00,3386.88,3388.98,3385.98,3388.97,22.5453
2025-08-10 18:30:00+00:00,3388.97,3390.0,3388.97,3389.2,27.649
2025-08-10 19:00:00+00:00,3389.2,3390.73,3389.2,3390.52,13.3703
2025-08-10 19:30:00+00:00,3390.53,3390.53,3390.26,3390.26,4.0133
2025-08-10 20:00:00+00:00,3390.27,3390.29,3388.57,3388.57,8.0445
2025-08-10 20:30:00+00:00,3388.57,3388.57,3387.77,3387.97,8.4846
2025-08-10 21:00:00+00:00,3387.97,3389.33,3387.77,3387.84,16.2618
2025-08-10 21:30:00+00:00,3387.84,3389.03,3385.0,3386.51,20.8725
2025-08-10 22:00:00+00:00,3386.51,3391.7,3382.85,3385.51,58.5732
2025-08-10 22:30:00+00:00,3385.59,3387.48,3384.95,3387.48,10.2955
2025-08-10 23:00:00+00:00,3387.47,3387.56,3385.56,3387.54,26.4764
2025-08-10 23:30:00+00:00,3387.54,3387.54,3382.52,3382.52,52.4381
2025-08-11 00:00:00+00:00,3382.53,3382.54,3378.26,3381.12,75.0188
2025-08-11 00:30:00+00:00,3381.11,3385.04,3377.93,3377.93,113.0651
2025-08-11 01:00:00+00:00,3377.78,3377.78,3366.71,3369.34,252.1342
2025-08-11 01:30:00+00:00,3369.74,3373.08,3365.56,3371.01,93.4793
2025-08-11 02:00:00+00:00,3370.73,3375.0,3366.58,3370.85,132.566
2025-08-11 02:30:00+00:00,3371.67,3375.18,3369.0,3373.18,74.9075
2025-08-11 03:00:00+00:00,3372.73,3373.53,3368.18,3372.94,76.0701
2025-08-11 03:30:00+00:00,3372.93,3374.38,3370.95,3374.38,27.6771
2025-08-11 04:00:00+00:00,3374.38,3375.18,3371.0,3372.3,91.7193
2025-08-11 04:30:00+00:00,3372.31,3372.67,3371.33,3371.62,24.201
2025-08-11 05:00:00+00:00,3371.61,3374.32,3369.24,3372.87,68.4999
2025-08-11 05:30:00+00:00,3372.87,3373.65,3371.0,3371.0,26.3263
2025-08-11 06:00:00+00:00,3371.01,3371.01,3362.87,3362.88,99.4582
2025-08-11 06:30:00+00:00,3362.88,3365.71,3362.1,3362.24,101.9656
2025-08-11 07:00:00+00:00,3362.23,3362.23,3353.95,3359.16,231.4902
2025-08-11 07:30:00+00:00,3359.15,3359.16,3352.61,3356.15,76.299
2025-08-11 08:00:00+00:00,3356.2,3360.92,3354.65,3360.52,52.5572
2025-08-11 08:30:00+00:00,3360.51,3360.96,3357.66,3358.1,37.0638
2025-08-11 09:00:00+00:00,3358.1,3358.1,3352.7,3356.29,106.8558
2025-08-11 09:30:00+00:00,3356.55,3359.88,3344.99,3348.39,411.7378
2025-08-11 10:00:00+00:00,3348.76,3357.86,3348.76,3355.07,65.4376
2025-08-11 10:30:00+00:00,3354.87,3360.0,3353.98,3354.01,87.992
2025-08-11 11:00:00+00:00,3354.01,3354.57,3345.91,3346.47,82.4293
2025-08-11 11:30:00+00:00,3346.47,3349.95,3343.24,3349.62,124.7127
2025-08-11 12:00:00+00:00,3349.62,3352.95,3344.41,3344.84,93.7932
2025-08-11 12:30:00+00:00,3344.41,3351.75,3342.05,3351.75,59.7304
2025-08-11 13:00:00+00:00,3351.74,3352.7,3345.14,3346.48,21.281
2025-08-11 13:30:00+00:00,3347.25,3358.92,3346.65,3355.21,119.6833
2025-08-11 14:00:00+00:00,3355.2,3355.2,3349.35,3349.41,37.5912
2025-08-11 14:30:00+00:00,3349.52,3349.52,3340.4,3343.84,108.8172
2025-08-11 15:00:00+00:00,3344.88,3347.12,3343.01,3346.84,32.0903
2025-08-11 15:30:00+00:00,3347.3,3348.88,3345.71,3346.04,20.8834
2025-08-11 16:00:00+00:00,3346.04,3347.18,3343.76,3344.03,52.1178
2025-08-11 16:30:00+00:00,3344.02,3344.02,3340.98,3340.98,42.4052
2025-08-11 17:00:00+00:00,3340.98,3341.63,3339.63,3341.63,110.8871
2025-08-11 17:30:00+00:00,3341.64,3354.74,3340.41,3354.47,92.9894
2025-08-11 18:00:00+00:00,3354.41,3373.85,3350.26,3355.36,1283.6223
2025-08-11 18:30:00+00:00,3355.35,3358.45,3354.22,3356.17,64.3362
2025-08-11 19:00:00+00:00,3356.17,3357.58,3352.05,3352.29,77.2877
2025-08-11 19:30:00+00:00,3352.3,3353.88,3351.13,3352.1,72.8587
2025-08-11 20:00:00+00:00,3351.7,3351.7,3349.54,3349.99,98.8017
2025-08-11 20:30:00+00:00,3350.0,3350.01,3344.0,3344.13,71.5798
2025-08-11 21:00:00+00:00,3344.14,3345.45,3341.33,3341.33,51.6651
2025-08-11 21:30:00+00:00,3341.68,3343.13,3338.72,3339.31,56.8481
2025-08-11 22:00:00+00:00,3339.73,3346.07,3339.46,3342.97,94.145
2025-08-11 22:30:00+00:00,3342.97,3344.16,3340.64,3343.83,55.8389
2025-08-11 23:00:00+00:00,3343.83,3346.05,3342.0,3343.38,169.4651
2025-08-11 23:30:00+00:00,3343.38,3346.18,3343.23,3345.71,61.5624
2025-08-12 00:00:00+00:00,3345.71,3349.62,3344.15,3347.75,87.0157
2025-08-12 00:30:00+00:00,3347.69,3353.23,3347.57,3352.04,89.3546
2025-08-12 01:00:00+00:00,3352.04,3354.82,3348.95,3349.49,79.8237
2025-08-12 01:30:00+00:00,3349.5,3357.09,3347.17,3348.77,95.9321
2025-08-12 02:00:00+00:00,3348.77,3352.09,3348.4,3350.48,77.2627
2025-08-12 02:30:00+00:00,3350.48,3351.45,3347.51,3350.46,61.5868
2025-08-12 03:00:00+00:00,3350.45,3352.89,3348.42,3348.91,55.2442
2025-08-12 03:30:00+00:00,3348.92,3349.04,3345.54,3346.65,63.2873
2025-08-12 04:00:00+00:00,3346.66,3348.7,3345.96,3347.9,48.196
2025-08-12 04:30:00+00:00,3347.9,3351.09,3346.14,3349.54,68.7364
2025-08-12 05:00:00+00:00,3349.9,3350.31,3347.96,3347.96,52.6351
2025-08-12 05:30:00+00:00,3347.96,3349.19,3345.57,3348.87,69.2652
2025-08-12 06:00:00+00:00,3348.87,3357.52,3339.74,3341.37,141.3831
2025-08-12 06:30:00+00:00,3341.17,3345.48,3339.33,3342.29,21.8376
2025-08-12 07:00:00+00:00,3342.29,3345.45,3341.95,3345.45,16.7448
2025-08-12 07:30:00+00:00,3345.72,3353.0,3345.72,3350.73,52.7611
2025-08-12 08:00:00+00:00,3350.74,3353.04,3347.33,3347.52,139.9097
2025-08-12 08:30:00+00:00,3347.75,3351.0,3346.82,3349.03,411.6744
2025-08-12 09:00:00+00:00,3349.05,3351.09,3347.17,3348.48,54.7116
2025-08-12 09:30:00+00:00,3348.48,3348.48,3344.48,3345.05,46.0093
2025-08-12 10:00:00+00:00,3345.03,3348.32,3343.73,3347.33,51.7486
2025-08-12 10:30:00+00:00,3347.53,3347.54,3341.0,3343.5,86.4813
2025-08-12 11:00:00+00:00,3343.5,3343.5,3339.25,3342.96,147.9166
2025-08-12 11:30:00+00:00,3342.96,3346.7,3338.51,3344.9,91.7894
2025-08-12 12:00:00+00:00,3344.9,3346.62,3340.19,3340.2,77.2889
2025-08-12 12:30:00+00:00,3340.2,3354.19,3340.19,3347.92,183.4899
2025-08-12 13:00:00+00:00,3347.93,3351.15,3341.79,3345.48,87.5082
2025-08-12 13:30:00+00:00,3345.5,3352.25,3340.26,3342.71,147.9903
2025-08-12 14:00:00+00:00,3342.3,3343.24,3332.0,3334.33,153.4364
2025-08-12 14:30:00+00:00,3333.87,3336.98,3332.27,3335.76,91.0771
2025-08-12 15:00:00+00:00,3335.67,3357.21,3335.24,3353.35,368.3907
2025-08-12 15:30:00+00:00,3353.36,3355.2,3346.4,3347.79,108.5152
2025-08-12 16:00:00+00:00,3347.8,3352.28,3343.35,3346.39,103.7592
2025-08-12 16:30:00+00:00,3346.39,3347.69,3343.53,3345.58,62.352
2025-08-12 17:00:00+00:00,3346.02,3346.02,3343.18,3343.82,55.6678
2025-08-12 17:30:00+00:00,3343.82,3345.49,3342.04,3343.72,60.6138
2025-08-12 18:00:00+00:00,3343.72,3345.39,3342.43,3343.18,61.6686
2025-08-12 18:30:00+00:00,3343.18,3344.44,3342.33,3344.44,51.9714
2025-08-12 19:00:00+00:00,3344.44,3344.47,3341.16,3342.12,58.7417
2025-08-12 19:30:00+00:00,3342.12,3343.73,3341.72,3342.33,59.3334
2025-08-12 20:00:00+00:00,3342.38,3343.75,3340.41,3342.93,170.08
2025-08-12 20:30:00+00:00,3342.92,3343.24,3341.58,3342.47,76.2097
2025-08-12 21:00:00+00:00,3342.52,3343.42,3342.06,3343.03,68.2024
2025-08-12 21:30:00+00:00,3343.03,3343.03,3340.0,3341.1,69.7268
2025-08-12 22:00:00+00:00,3341.1,3347.79,3337.78,3345.59,198.1465
2025-08-12 22:30:00+00:00,3345.59,3345.84,3344.18,3344.18,50.7632
2025-08-12 23:00:00+00:00,3344.18,3351.42,3343.55,3344.15,77.1796
2025-08-12 23:30:00+00:00,3344.15,3345.6,3340.94,3340.96,132.9542
2025-08-13 00:00:00+00:00,3340.96,3340.97,3336.31,3338.37,52.0179
2025-08-13 00:30:00+00:00,3338.37,3339.16,3336.1,3336.63,88.0263
2025-08-13 01:00:00+00:00,3336.64,3340.78,3335.55,3337.21,219.2653
2025-08-13 01:30:00+00:00,3337.4,3348.07,3337.36,3344.42,215.0877
2025-08-13 02:00:00+00:00,3344.42,3344.83,3339.58,3343.69,65.4085
2025-08-13 02:30:00+00:00,3343.7,3344.51,3342.3,3343.11,65.245
2025-08-13 03:00:00+00:00,3343.19,3343.19,3341.6,3343.01,57.3314
2025-08-13 03:30:00+00:00,3343.02,3343.02,3340.29,3340.56,60.1244
2025-08-13 04:00:00+00:00,3340.56,3343.4,3340.36,3342.36,56.3756
2025-08-13 04:30:00+00:00,3342.36,3343.36,3342.08,3342.32,59.8306
2025-08-13 05:00:00+00:00,3342.24,3342.35,3342.08,3342.08,50.5749
2025-08-13 05:30:00+00:00,3342.08,3342.1,3342.04,3342.05,87.2057
2025-08-13 06:00:00+00:00,3342.04,3347.32,3341.44,3347.1,54.6606
2025-08-13 06:30:00+00:00,3347.1,3348.3,3347.09,3348.3,22.0121
2025-08-13 07:00:00+00:00,3348.29,3350.51,3347.48,3350.51,30.2807
2025-08-13 07:30:00+00:00,3350.51,3351.34,3346.04,3346.04,55.4546
2025-08-13 08:00:00+00:00,3346.04,3346.48,3343.65,3345.15,78.3159
2025-08-13 08:30:00+00:00,3345.15,3351.78,3344.85,3349.05,138.2599
2025-08-13 09:00:00+00:00,3349.0,3351.77,3348.35,3351.0,100.1515
2025-08-13 09:30:00+00:00,3351.0,3355.0,3350.71,3353.64,132.6708
2025-08-13 10:00:00+00:00,3353.65,3354.91,3352.98,3353.08,107.9625
2025-08-13 10:30:00+00:00,3353.07,3354.9,3352.67,3354.63,104.9386
2025-08-13 11:00:00+00:00,3354.64,3355.0,3349.18,3350.48,129.1474
2025-08-13 11:30:00+00:00,3351.01,3352.33,3345.99,3351.38,128.3127
2025-08-13 12:00:00+00:00,3351.39,3353.27,3348.03,3350.48,131.6854
2025-08-13 12:30:00+00:00,3350.48,3351.26,3347.07,3347.12,116.0449
2025-08-13 13:00:00+00:00,3347.11,3347.49,3344.27,3345.47,87.1305
2025-08-13 13:30:00+00:00,3345.46,3354.99,3344.87,3354.2,174.2908
2025-08-13 14:00:00+00:00,3354.2,3358.6,3353.16,3355.1,100.3584
2025-08-13 14:30:00+00:00,3355.1,3355.68,3353.29,3353.4,85.7626
2025-08-13 15:00:00+00:00,3353.4,3355.78,3349.0,3349.0,83.9621
2025-08-13 15:30:00+00:00,3349.0,3349.01,3347.9,3348.33,20.0222
2025-08-13 16:00:00+00:00,3348.33,3355.84,3348.33,3352.9,109.9961
2025-08-13 16:30:00+00:00,3352.91,3352.91,3350.89,3352.05,42.054
2025-08-13 17:00:00+00:00,3352.05,3352.06,3349.41,3349.82,76.3223
2025-08-13 17:30:00+00:00,3349.82,3349.82,3346.01,3346.61,54.3882
2025-08-13 18:00:00+00:00,3346.61,3346.89,3345.0,3345.0,63.0132
2025-08-13 18:30:00+00:00,3345.01,3347.65,3345.0,3347.65,17.4922
2025-08-13 19:00:00+00:00,3347.65,3349.93,3346.04,3349.25,44.3007
2025-08-13 19:30:00+00:00,3349.25,3351.6,3348.35,3351.44,20.4993
2025-08-13 20:00:00+00:00,3351.44,3351.44,3349.67,3349.9,21.3336
2025-08-13 20:30:00+00:00,3349.91,3351.22,3349.07,3350.8,27.9805
2025-08-13 21:00:00+00:00,3350.8,3357.68,3350.24,3353.0,101.2466
2025-08-13 21:30:00+00:00,3353.0,3356.49,3351.22,3352.34,35.4609
2025-08-13 22:00:00+00:00,3352.3,3352.47,3350.96,3352.46,30.4293
2025-08-13 22:30:00+00:00,3352.46,3353.7,3349.49,3349.93,87.9851
2025-08-13 23:00:00+00:00,3350.47,3353.37,3348.61,3352.47,141.8363
2025-08-13 23:30:00+00:00,3352.75,3354.28,3352.75,3353.91,24.223
2025-08-14 00:00:00+00:00,3353.91,3361.0,3353.91,3358.88,163.0898
2025-08-14 00:30:00+00:00,3359.13,3360.83,3349.15,3357.82,217.3449
2025-08-14 01:00:00+00:00,3357.66,3358.55,3354.02,3355.11,105.6937
2025-08-14 01:30:00+00:00,3355.12,3360.19,3354.08,3357.9,36.1018
2025-08-14 02:00:00+00:00,3357.75,3359.44,3356.48,3357.02,61.5525
2025-08-14 02:30:00+00:00,3357.02,3359.35,3353.75,3354.67,38.6499
2025-08-14 03:00:00+00:00,3354.66,3354.66,3349.74,3350.32,38.3793
2025-08-14 03:30:00+00:00,3350.16,3351.52,3348.72,3351.37,34.7447
2025-08-14 04:00:00+00:00,3351.38,3356.08,3350.06,3352.54,65.7033
2025-08-14 04:30:00+00:00,3352.6,3352.67,3350.0,3351.4,19.8783
2025-08-14 05:00:00+00:00,3351.49,3351.77,3350.65,3350.65,13.7482
2025-08-14 05:30:00+00:00,3350.65,3350.93,3350.0,3350.17,47.3463
2025-08-14 06:00:00+00:00,3350.18,3351.51,3348.5,3349.07,27.9372
2025-08-14 06:30:00+00:00,3349.22,3352.76,3349.03,3352.76,21.2367
2025-08-14 07:00:00+00:00,3352.77,3355.61,3352.77,3354.9,47.6644
2025-08-14 07:30:00+00:00,3354.89,3354.9,3340.0,3340.72,209.2337
2025-08-14 08:00:00+00:00,3340.73,3344.35,3338.18,3344.24,66.6415
2025-08-14 08:30:00+00:00,3344.25,3345.36,3340.28,3341.0,41.5132
2025-08-14 09:00:00+00:00,3341.0,3350.0,3341.0,3348.83,57.6447
2025-08-14 09:30:00+00:00,3348.83,3349.77,3345.71,3348.76,21.2981
2025-08-14 10:00:00+00:00,3348.77,3349.74,3346.49,3349.72,26.3816
2025-08-14 10:30:00+00:00,3349.73,3349.87,3344.96,3346.77,37.4296
2025-08-14 11:00:00+00:00,3346.78,3349.0,3344.13,3345.63,75.9387
2025-08-14 11:30:00+00:00,3345.63,3347.63,3344.0,3345.32,39.2818
2025-08-14 12:00:00+00:00,3345.32,3347.49,3344.0,3344.22,60.8869
2025-08-14 12:30:00+00:00,3344.21,3344.41,3335.01,3339.7,239.6946
2025-08-14 13:00:00+00:00,3339.69,3343.41,3335.0,3335.0,240.8247
2025-08-14 13:30:00+00:00,3335.0,3339.13,3335.0,3338.09,136.6904
2025-08-14 14:00:00+00:00,3338.09,3338.11,3330.0,3337.54,134.182
2025-08-14 14:30:00+00:00,3337.54,3339.01,3333.34,3334.8,69.8182
2025-08-14 15:00:00+00:00,3334.81,3334.81,3330.7,3332.71,46.0944
2025-08-14 15:30:00+00:00,3332.71,3336.8,3332.01,3335.01,49.7865
2025-08-14 16:00:00+00:00,3335.01,3335.61,3324.39,3326.92,214.025
2025-08-14 16:30:00+00:00,3326.92,3329.56,3324.6,3328.63,62.1724
2025-08-14 17:00:00+00:00,3328.59,3333.26,3327.16,3332.0,44.5449
2025-08-14 17:30:00+00:00,3332.01,3332.66,3331.31,3332.43,44.1926
2025-08-14 18:00:00+00:00,3332.43,3332.43,3331.0,3331.56,36.2283
2025-08-14 18:30:00+00:00,3331.56,3333.67,3331.55,3333.37,20.412
2025-08-14 19:00:00+00:00,3333.37,3334.07,3332.75,3333.78,23.5755
2025-08-14 19:30:00+00:00,3333.78,3333.78,3331.58,3331.59,11.7781
2025-08-14 20:00:00+00:00,3331.59,3331.59,3330.0,3330.02,20.0341
2025-08-14 20:30:00+00:00,3330.02,3330.24,3330.0,3330.23,8.6361
2025-08-14 21:00:00+00:00,3330.23,3330.54,3327.32,3328.89,63.4739
2025-08-14 21:30:00+00:00,3328.89,3330.32,3326.01,3327.87,62.7909
2025-08-14 22:00:00+00:00,3327.83,3329.86,3327.63,3328.03,32.0129
2025-08-14 22:30:00+00:00,3328.03,3328.4,3326.67,3326.67,40.8374
2025-08-14 23:00:00+00:00,3326.68,3328.27,3326.67,3327.43,25.1041
2025-08-14 23:30:00+00:00,3327.43,3329.82,3327.42,3329.67,14.4669
2025-08-15 00:00:00+00:00,3329.67,3329.75,3327.48,3327.97,37.7978
2025-08-15 00:30:00+00:00,3327.98,3329.4,3327.01,3329.4,48.9199
2025-08-15 01:00:00+00:00,3329.4,3329.44,3328.12,3329.18,22.8564
2025-08-15 01:30:00+00:00,3329.18,3333.46,3329.17,3333.46,20.6958
2025-08-15 02:00:00+00:00,3333.46,3333.51,3330.23,3330.81,52.141
2025-08-15 02:30:00+00:00,3330.81,3332.61,3330.81,3332.59,22.5157
2025-08-15 03:00:00+00:00,3332.6,3333.8,3332.59,3333.71,13.3897
2025-08-15 03:30:00+00:00,3333.71,3335.5,3333.71,3335.5,11.6488
2025-08-15 04:00:00+00:00,3335.5,3337.13,3335.49,3337.12,24.4363
2025-08-15 04:30:00+00:00,3337.13,3338.0,3337.1,3337.11,16.6598
2025-08-15 05:00:00+00:00,3337.11,3339.62,3336.55,3337.32,34.5191
2025-08-15 05:30:00+00:00,3337.31,3338.55,3335.34,3337.36,22.0603
2025-08-15 06:00:00+00:00,3337.36,3337.36,3334.59,3334.75,14.278
2025-08-15 06:30:00+00:00,3334.4,3336.01,3334.08,3334.84,36.9188
2025-08-15 07:00:00+00:00,3334.83,3338.0,3334.74,3338.0,15.9617
2025-08-15 07:30:00+00:00,3338.01,3339.48,3336.66,3339.2,44.5481
2025-08-15 08:00:00+00:00,3339.43,3341.09,3335.74,3335.74,53.987
2025-08-15 08:30:00+00:00,3335.73,3336.97,3334.03,3336.06,29.0428
2025-08-15 09:00:00+00:00,3335.88,3339.22,3334.01,3339.21,19.5346
2025-08-15 09:30:00+00:00,3339.21,3339.22,3337.22,3337.7,34.6502
2025-08-15 10:00:00+00:00,3337.7,3338.48,3333.88,3333.88,34.9793
2025-08-15 10:30:00+00:00,3333.87,3335.61,3333.13,3333.17,40.7012
2025-08-15 11:00:00+00:00,3333.16,3336.69,3332.88,3336.02,60.1822
2025-08-15 11:30:00+00:00,3336.02,3340.03,3336.02,3338.87,66.2862
2025-08-15 12:00:00+00:00,3338.73,3338.73,3331.11,3332.17,65.4341
2025-08-15 12:30:00+00:00,3332.17,3338.1,3330.13,3336.66,44.643
2025-08-15 13:00:00+00:00,3336.82,3339.51,3332.15,3333.76,47.9823
2025-08-15 13:30:00+00:00,3333.76,3334.36,3329.72,3330.81,59.9462
2025-08-15 14:00:00+00:00,3330.81,3335.36,3330.31,3332.43,92.6179
2025-08-15 14:30:00+00:00,3332.43,3335.8,3332.19,3335.15,66.7965
2025-08-15 15:00:00+00:00,3335.15,3336.82,3333.94,3334.84,72.6844
2025-08-15 15:30:00+00:00,3334.83,3336.94,3333.35,3333.4,38.1997
2025-08-15 16:00:00+00:00,3333.4,3333.41,3328.2,3329.07,45.2615
2025-08-15 16:30:00+00:00,3329.07,3329.81,3328.2,3329.38,29.2229
2025-08-15 17:00:00+00:00,3329.38,3331.44,3328.9,3331.11,22.5528
2025-08-15 17:30:00+00:00,3330.82,3331.0,3329.54,3329.54,24.3725
2025-08-15 18:00:00+00:00,3329.62,3333.51,3329.55,3332.23,60.2736
2025-08-15 18:30:00+00:00,3332.42,3333.9,3330.63,3330.93,38.9944
2025-08-15 19:00:00+00:00,3330.93,3331.6,3329.87,3331.59,29.328
2025-08-15 19:30:00+00:00,3331.59,3332.44,3330.72,3331.84,20.6785
2025-08-15 20:00:00+00:00,3331.84,3331.99,3329.98,3330.0,16.8097
2025-08-15 20:30:00+00:00,3330.0,3330.0,3329.17,3329.36,28.9018
2025-08-15 21:00:00+00:00,3329.35,3332.51,3329.13,3331.47,26.2046
2025-08-15 21:30:00+00:00,3331.81,3331.81,3328.97,3330.15,11.428
2025-08-15 22:00:00+00:00,3330.15,3330.21,3328.96,3329.36,8.1991
2025-08-15 22:30:00+00:00,3329.36,3335.0,3329.21,3334.09,16.9132
2025-08-15 23:00:00+00:00,3334.08,3334.08,3331.44,3331.57,14.6803
2025-08-15 23:30:00+00:00,3331.58,3331.58,3330.0,3330.31,12.0033
2025-08-16 00:00:00+00:00,3330.3,3334.0,3330.3,3333.98,15.4923
2025-08-16 00:30:00+00:00,3333.98,3333.99,3332.28,3332.28,8.165
2025-08-16 01:00:00+00:00,3332.28,3332.41,3331.65,3331.65,6.1068
2025-08-16 01:30:00+00:00,3331.65,3331.87,3331.2,3331.7,8.0081
2025-08-16 02:00:00+00:00,3331.74,3333.93,3331.74,3333.67,14.9476
2025-08-16 02:30:00+00:00,3333.67,3336.01,3333.29,3333.89,26.7997
2025-08-16 03:00:00+00:00,3333.88,3334.88,3333.03,3333.66,15.7662
2025-08-16 03:30:00+00:00,3333.58,3334.16,3332.25,3332.28,9.1665
2025-08-16 04:00:00+00:00,3332.26,3332.26,3331.41,3331.79,5.1967
2025-08-16 04:30:00+00:00,3331.79,3333.36,3331.71,3333.32,8.3716
2025-08-16 05:00:00+00:00,3333.31,3333.32,3332.98,3333.19,8.0904
2025-08-16 05:30:00+00:00,3333.19,3334.97,3333.19,3333.68,16.3012
2025-08-16 06:00:00+00:00,3333.61,3333.77,3332.28,3333.57,25.4303
2025-08-16 06:30:00+00:00,3333.58,3334.64,3332.34,3333.54,29.4365
2025-08-16 07:00:00+00:00,3333.79,3333.83,3333.44,3333.82,2.3534
2025-08-16 07:30:00+00:00,3333.83,3333.83,3333.68,3333.8,3.78
2025-08-16 08:00:00+00:00,3333.8,3333.8,3327.21,3330.41,78.1624
2025-08-16 08:30:00+00:00,3330.42,3330.45,3330.0,3330.01,3.4491
2025-08-16 09:00:00+00:00,3330.0,3331.11,3330.0,3331.11,5.319
2025-08-16 09:30:00+00:00,3331.1,3331.11,3330.13,3330.95,10.3512
2025-08-16 10:00:00+00:00,3330.95,3331.05,3330.01,3330.02,18.7412
2025-08-16 10:30:00+00:00,3330.01,3330.02,3328.81,3328.88,14.5375
2025-08-16 11:00:00+00:00,3328.88,3329.87,3328.87,3329.7,15.5571
2025-08-16 11:30:00+00:00,3329.71,3329.71,3328.91,3329.03,9.0944
2025-08-16 12:00:00+00:00,3329.02,3329.73,3328.98,3329.04,23.4705
2025-08-16 12:30:00+00:00,3329.03,3329.24,3328.84,3328.85,14.4365
2025-08-16 13:00:00+00:00,3328.85,3330.81,3327.95,3329.28,45.4192
2025-08-16 13:30:00+00:00,3329.28,3331.25,3329.28,3331.25,16.4489
2025-08-16 14:00:00+00:00,3331.06,3331.46,3331.05,3331.3,3.2073
2025-08-16 14:30:00+00:00,3331.31,3331.72,3327.0,3327.72,91.9269
2025-08-16 15:00:00+00:00,3327.73,3328.57,3327.73,3328.56,10.1014
2025-08-16 15:30:00+00:00,3328.56,3328.98,3328.56,3328.96,6.4008
2025-08-16 16:00:00+00:00,3328.96,3329.17,3328.9,3328.91,7.3744
2025-08-16 16:30:00+00:00,3328.93,3329.6,3328.93,3329.59,5.9803
2025-08-16 17:00:00+00:00,3329.59,3329.6,3328.71,3328.76,12.7067
2025-08-16 17:30:00+00:00,3328.76,3329.37,3328.38,3328.39,28.9015
2025-08-16 18:00:00+00:00,3328.39,3328.39,3327.39,3327.4,6.7296
2025-08-16 18:30:00+00:00,3327.39,3327.4,3327.0,3327.0,28.8092
2025-08-16 19:00:00+00:00,3327.01,3327.22,3327.0,3327.21,26.4491
2025-08-16 19:30:00+00:00,3327.21,3327.47,3327.21,3327.47,4.2062
2025-08-16 20:00:00+00:00,3327.46,3329.09,3327.46,3328.76,21.7996
2025-08-16 20:30:00+00:00,3328.76,3328.77,3327.99,3327.99,6.5191
2025-08-16 21:00:00+00:00,3328.0,3328.73,3327.65,3328.73,15.3605
2025-08-16 21:30:00+00:00,3328.67,3329.07,3328.42,3328.85,13.8208
2025-08-16 22:00:00+00:00,3328.85,3328.93,3328.51,3328.93,2.4333
2025-08-16 22:30:00+00:00,3328.94,3329.97,3328.94,3329.97,14.2167
2025-08-16 23:00:00+00:00,3329.97,3329.99,3329.97,3329.98,3.9149
2025-08-16 23:30:00+00:00,3329.97,3329.98,3329.48,3329.49,4.6364
2025-08-17 00:00:00+00:00,3329.57,3331.43,3328.25,3330.32,18.4631
2025-08-17 00:30:00+00:00,3330.32,3330.38,3329.97,3329.99,3.7892
2025-08-17 01:00:00+00:00,3329.99,3330.16,3329.98,3330.05,2.0373
2025-08-17 01:30:00+00:00,3330.05,3330.16,3328.92,3328.92,6.9356
2025-08-17 02:00:00+00:00,3328.92,3329.3,3328.9,3329.3,4.4156
2025-08-17 02:30:00+00:00,3329.3,3329.44,3329.22,3329.44,3.4905
2025-08-17 03:00:00+00:00,3329.44,3330.5,3329.44,3330.45,6.6062
2025-08-17 03:30:00+00:00,3330.34,3330.45,3329.82,3330.13,5.5863
2025-08-17 04:00:00+00:00,3330.13,3332.88,3330.13,3332.77,8.6663
2025-08-17 04:30:00+00:00,3332.77,3333.78,3332.76,3333.57,6.5444
2025-08-17 05:00:00+00:00,3333.56,3334.05,3333.52,3334.01,13.3543
2025-08-17 05:30:00+00:00,3334.01,3334.01,3327.0,3332.6,94.1801
2025-08-17 06:00:00+00:00,3332.59,3332.8,3331.67,3331.7,13.3378
2025-08-17 06:30:00+00:00,3331.7,3332.33,3329.94,3332.2,29.8889
2025-08-17 07:00:00+00:00,3332.2,3332.65,3332.03,3332.03,12.8515
2025-08-17 07:30:00+00:00,3332.04,3332.04,3331.71,3331.94,7.9376
2025-08-17 08:00:00+00:00,3331.93,3333.99,3331.16,3332.13,31.6998
2025-08-17 08:30:00+00:00,3332.13,3332.13,3330.84,3330.93,13.5983
2025-08-17 09:00:00+00:00,3330.93,3330.93,3329.02,3329.45,39.5232
2025-08-17 09:30:00+00:00,3329.45,3329.56,3328.81,3329.54,14.704
2025-08-17 10:00:00+00:00,3329.53,3329.54,3328.0,3328.88,23.3631
2025-08-17 10:30:00+00:00,3328.88,3329.35,3328.88,3329.35,6.2793
2025-08-17 11:00:00+00:00,3329.35,3329.56,3328.88,3329.56,27.4159
2025-08-17 11:30:00+00:00,3329.56,3329.91,3329.55,3329.91,9.3851
2025-08-17 12:00:00+00:00,3329.91,3330.0,3327.0,3327.72,69.7072
2025-08-17 12:30:00+00:00,3327.84,3327.94,3327.68,3327.92,7.9844
2025-08-17 13:00:00+00:00,3327.93,3330.83,3327.92,3330.82,10.3196
2025-08-17 13:30:00+00:00,3330.81,3331.62,3330.81,3331.29,12.2856
2025-08-17 14:00:00+00:00,3331.29,3331.29,3330.81,3331.01,21.516
2025-08-17 14:30:00+00:00,3331.01,3331.01,3331.0,3331.0,11.3495
2025-08-17 15:00:00+00:00,3331.01,3331.04,3330.97,3331.03,12.6925
2025-08-17 15:30:00+00:00,3331.03,3331.04,3330.13,3330.57,13.3094
2025-08-17 16:00:00+00:00,3330.57,3330.72,3330.0,3330.01,30.3747
2025-08-17 16:30:00+00:00,3330.01,3330.03,3328.12,3328.15,20.9333
2025-08-17 17:00:00+00:00,3328.15,3328.52,3327.09,3328.51,18.0229
2025-08-17 17:30:00+00:00,3328.5,3328.61,3328.5,3328.61,2.5419
2025-08-17 18:00:00+00:00,3328.61,3328.82,3328.59,3328.6,5.6093
2025-08-17 18:30:00+00:00,3328.59,3329.27,3328.55,3328.86,17.4537
2025-08-17 19:00:00+00:00,3328.86,3328.86,3328.65,3328.65,9.9547
2025-08-17 19:30:00+00:00,3328.65,3328.65,3327.99,3328.3,11.2185
2025-08-17 20:00:00+00:00,3328.3,3328.33,3328.29,3328.31,2.9807
2025-08-17 20:30:00+00:00,3328.31,3328.6,3327.69,3328.04,11.1768
2025-08-17 21:00:00+00:00,3328.06,3330.25,3328.06,3330.23,10.508
2025-08-17 21:30:00+00:00,3330.23,3330.78,3329.94,3330.78,5.7789
2025-08-17 22:00:00+00:00,3330.79,3330.79,3328.06,3329.37,21.2916
2025-08-17 22:30:00+00:00,3329.4,3329.86,3328.89,3329.1,8.5545
2025-08-17 23:00:00+00:00,3329.1,3329.11,3322.0,3325.21,64.2819
2025-08-17 23:30:00+00:00,3325.2,3325.69,3322.7,3323.69,19.3258
2025-08-18 00:00:00+00:00,3323.7,3335.4,3323.7,3333.76,45.3502
2025-08-18 00:30:00+00:00,3333.76,3337.86,3333.14,3333.98,46.777
2025-08-18 01:00:00+00:00,3333.98,3337.31,3333.8,3334.34,43.1136
2025-08-18 01:30:00+00:00,3334.33,3339.56,3333.74,3339.37,68.0266
2025-08-18 02:00:00+00:00,3339.37,3339.6,3335.09,3335.42,84.0781
2025-08-18 02:30:00+00:00,3335.41,3336.8,3333.4,3334.35,78.4232
2025-08-18 03:00:00+00:00,3334.35,3338.76,3334.35,3337.72,45.1096
2025-08-18 03:30:00+00:00,3337.74,3342.46,3337.74,3340.01,86.1793
2025-08-18 04:00:00+00:00,3340.01,3353.64,3340.01,3347.01,447.0855
2025-08-18 04:30:00+00:00,3347.02,3350.92,3347.02,3350.79,72.3525
2025-08-18 05:00:00+00:00,3350.79,3380.0,3346.29,3346.3,252.932
2025-08-18 05:30:00+00:00,3346.3,3346.3,3341.67,3345.25,56.1203
2025-08-18 06:00:00+00:00,3345.24,3345.99,3342.0,3343.36,29.0066
2025-08-18 06:30:00+00:00,3343.44,3349.89,3341.69,3346.01,228.8922
2025-08-18 07:00:00+00:00,3346.44,3350.94,3346.01,3347.48,136.7204
2025-08-18 07:30:00+00:00,3347.47,3347.47,3343.05,3344.16,52.3708
2025-08-18 08:00:00+00:00,3344.26,3344.27,3340.39,3341.46,31.5215
2025-08-18 08:30:00+00:00,3341.47,3348.29,3341.47,3346.35,72.4387
2025-08-18 09:00:00+00:00,3346.35,3346.84,3345.03,3345.57,38.7457
2025-08-18 09:30:00+00:00,3345.58,3353.2,3342.09,3344.87,83.7487
2025-08-18 10:00:00+00:00,3344.88,3345.63,3344.47,3345.42,46.6012
2025-08-18 10:30:00+00:00,3345.41,3345.89,3342.77,3343.71,56.4291
2025-08-18 11:00:00+00:00,3343.7,3344.57,3343.7,3343.81,11.3908
2025-08-18 11:30:00+00:00,3343.81,3343.82,3342.0,3342.0,8.6352
2025-08-18 12:00:00+00:00,3342.0,3342.01,3341.75,3341.98,15.2396
2025-08-18 12:30:00+00:00,3341.98,3343.21,3339.57,3339.64,34.9464
2025-08-18 13:00:00+00:00,3339.64,3339.64,3337.24,3338.99,47.4257
2025-08-18 13:30:00+00:00,3339.0,3339.47,3333.47,3334.04,58.4388
2025-08-18 14:00:00+00:00,3334.05,3334.89,3331.0,3333.16,99.8776
2025-08-18 14:30:00+00:00,3332.87,3335.06,3331.43,3331.66,56.7058
2025-08-18 15:00:00+00:00,3332.16,3332.6,3331.39,3332.48,18.5002
2025-08-18 15:30:00+00:00,3332.47,3334.17,3332.47,3333.28,24.058
2025-08-18 16:00:00+00:00,3333.27,3333.27,3330.0,3330.0,24.2838
2025-08-18 16:30:00+00:00,3330.01,3332.87,3328.25,3332.7,44.6337
2025-08-18 17:00:00+00:00,3332.76,3333.14,3326.63,3330.33,112.6843
2025-08-18 17:30:00+00:00,3330.33,3331.52,3330.05,3330.76,10.8804
2025-08-18 18:00:00+00:00,3330.71,3330.71,3328.76,3330.53,16.9929
2025-08-18 18:30:00+00:00,3330.53,3330.75,3330.52,3330.75,6.9144
2025-08-18 19:00:00+00:00,3330.75,3331.23,3329.87,3330.46,41.5205
2025-08-18 19:30:00+00:00,3330.46,3331.6,3330.46,3331.6,6.3896
2025-08-18 20:00:00+00:00,3331.55,3332.4,3331.35,3332.3,19.0154
2025-08-18 20:30:00+00:00,3332.3,3332.32,3331.65,3331.75,6.652
2025-08-18 21:00:00+00:00,3331.76,3334.55,3331.76,3334.55,10.4815
2025-08-18 21:30:00+00:00,3334.55,3336.57,3334.55,3335.55,34.4494
2025-08-18 22:00:00+00:00,3335.4,3335.4,3332.27,3333.28,17.9446
2025-08-18 22:30:00+00:00,3333.27,3333.27,3331.87,3331.92,18.1089
2025-08-18 23:00:00+00:00,3331.82,3333.07,3331.51,3331.52,22.3617
2025-08-18 23:30:00+00:00,3331.54,3332.82,3330.47,3330.97,27.7498
2025-08-19 00:00:00+00:00,3330.96,3337.46,3326.51,3335.59,67.1562
2025-08-19 00:30:00+00:00,3335.59,3335.66,3332.06,3332.7,26.6818
2025-08-19 01:00:00+00:00,3332.7,3334.14,3330.23,3332.22,26.4333
2025-08-19 01:30:00+00:00,3332.21,3334.02,3331.33,3331.72,9.1889
2025-08-19 02:00:00+00:00,3331.95,3332.6,3329.25,3332.04,11.5291
2025-08-19 02:30:00+00:00,3332.03,3336.04,3331.39,3336.04,13.8471
2025-08-19 03:00:00+00:00,3336.04,3337.8,3335.69,3337.73,21.0292
2025-08-19 03:30:00+00:00,3337.73,3337.98,3332.62,3335.35,80.0951
2025-08-19 04:00:00+00:00,3335.35,3335.35,3331.66,3331.67,42.0791
2025-08-19 04:30:00+00:00,3331.66,3334.3,3331.51,3334.29,15.5186
2025-08-19 05:00:00+00:00,3334.3,3337.96,3334.3,3337.21,28.3247
2025-08-19 05:30:00+00:00,3336.87,3337.2,3335.19,3335.3,18.0685
2025-08-19 06:00:00+00:00,3335.22,3336.02,3335.1,3335.1,21.077
2025-08-19 06:30:00+00:00,3335.11,3335.48,3335.1,3335.1,20.5551
2025-08-19 07:00:00+00:00,3335.1,3337.75,3335.1,3336.12,30.2179
2025-08-19 07:30:00+00:00,3336.13,3336.72,3335.51,3336.16,21.8716
2025-08-19 08:00:00+00:00,3336.17,3336.52,3332.4,3335.97,76.3415
2025-08-19 08:30:00+00:00,3335.96,3337.03,3335.08,3335.08,27.1828
2025-08-19 09:00:00+00:00,3335.08,3337.58,3333.01,3333.47,31.7959
2025-08-19 09:30:00+00:00,3333.47,3334.74,3332.56,3333.77,18.4288
2025-08-19 10:00:00+00:00,3334.12,3339.95,3334.12,3337.32,23.7103
2025-08-19 10:30:00+00:00,3337.32,3337.36,3335.7,3336.84,16.9056
2025-08-19 11:00:00+00:00,3336.86,3337.85,3335.5,3335.5,17.9161
2025-08-19 11:30:00+00:00,3335.51,3335.51,3333.54,3334.81,12.9036
2025-08-19 12:00:00+00:00,3334.71,3336.11,3333.0,3333.64,57.6877
2025-08-19 12:30:00+00:00,3333.69,3333.69,3331.73,3331.73,12.991
2025-08-19 13:00:00+00:00,3331.7,3331.7,3324.59,3329.36,76.059
2025-08-19 13:30:00+00:00,3329.06,3342.06,3329.06,3331.35,79.0327
2025-08-19 14:00:00+00:00,3331.37,3333.02,3330.09,3330.5,26.8732
2025-08-19 14:30:00+00:00,3330.49,3330.55,3320.34,3321.86,113.8371
2025-08-19 15:00:00+00:00,3321.86,3323.23,3320.0,3322.41,38.612
2025-08-19 15:30:00+00:00,3322.26,3323.39,3317.0,3319.32,92.268
2025-08-19 16:00:00+00:00,3319.33,3321.54,3317.09,3317.24,32.2827
2025-08-19 16:30:00+00:00,3317.25,3318.59,3317.0,3317.0,58.2692
2025-08-19 17:00:00+00:00,3317.0,3317.01,3315.29,3315.29,65.7377
2025-08-19 17:30:00+00:00,3315.29,3317.65,3315.05,3317.47,44.3072
2025-08-19 18:00:00+00:00,3317.46,3318.17,3316.23,3318.17,16.9509
2025-08-19 18:30:00+00:00,3318.17,3318.79,3316.87,3317.05,16.7388
2025-08-19 19:00:00+00:00,3317.04,3317.24,3316.16,3316.42,33.9754
2025-08-19 19:30:00+00:00,3316.43,3316.56,3308.01,3314.35,100.3847
2025-08-19 20:00:00+00:00,3314.35,3315.85,3313.67,3315.33,23.0782
2025-08-19 20:30:00+00:00,3315.31,3317.24,3314.65,3314.82,17.4234
2025-08-19 21:00:00+00:00,3314.84,3315.52,3314.7,3314.71,12.2456
2025-08-19 21:30:00+00:00,3314.7,3315.33,3314.7,3315.33,6.4511
2025-08-19 22:00:00+00:00,3315.33,3315.78,3314.65,3315.76,9.4246
2025-08-19 22:30:00+00:00,3315.76,3316.56,3315.76,3316.55,20.4621
2025-08-19 23:00:00+00:00,3316.55,3316.7,3314.24,3314.6,54.8339
2025-08-19 23:30:00+00:00,3314.6,3315.12,3307.58,3312.7,82.8151
2025-08-20 00:00:00+00:00,3312.71,3313.9,3311.79,3312.43,22.636
2025-08-20 00:30:00+00:00,3312.44,3314.29,3311.78,3312.4,25.4273
2025-08-20 01:00:00+00:00,3312.38,3312.83,3307.23,3312.69,61.8973
2025-08-20 01:30:00+00:00,3312.69,3316.2,3312.69,3312.75,61.1732
2025-08-20 02:00:00+00:00,3312.75,3315.41,3301.77,3307.66,1056.4568
2025-08-20 02:30:00+00:00,3307.67,3308.8,3306.19,3308.67,25.7742
2025-08-20 03:00:00+00:00,3308.68,3310.19,3307.9,3308.65,22.2786
2025-08-20 03:30:00+00:00,3308.65,3309.28,3307.36,3307.44,33.6637
2025-08-20 04:00:00+00:00,3307.36,3312.09,3307.32,3312.02,36.4012
2025-08-20 04:30:00+00:00,3312.02,3313.51,3312.0,3312.38,30.3556
2025-08-20 05:00:00+00:00,3312.47,3313.57,3312.05,3312.3,8.3412
2025-08-20 05:30:00+00:00,3312.29,3315.38,3312.0,3315.38,49.3414
2025-08-20 06:00:00+00:00,3315.38,3318.32,3315.15,3315.32,34.3408
2025-08-20 06:30:00+00:00,3315.33,3318.04,3315.09,3316.58,11.7486
2025-08-20 07:00:00+00:00,3316.58,3319.11,3315.62,3317.94,37.3897
2025-08-20 07:30:00+00:00,3317.94,3318.96,3316.67,3318.06,29.1477
2025-08-20 08:00:00+00:00,3318.05,3318.15,3314.41,3315.1,100.0129
2025-08-20 08:30:00+00:00,3315.19,3320.69,3315.09,3319.6,27.6721
2025-08-20 09:00:00+00:00,3319.65,3320.69,3318.66,3320.28,8.0689
2025-08-20 09:30:00+00:00,3320.28,3320.33,3317.89,3317.89,60.8553
2025-08-20 10:00:00+00:00,3317.9,3318.0,3317.08,3317.99,25.7274
2025-08-20 10:30:00+00:00,3318.0,3318.0,3317.44,3317.87,23.2778
2025-08-20 11:00:00+00:00,3317.88,3320.69,3317.88,3320.69,67.2812
2025-08-20 11:30:00+00:00,3320.69,3324.23,3320.28,3324.18,35.9292
2025-08-20 12:00:00+00:00,3324.18,3328.57,3324.02,3328.56,47.0891
2025-08-20 12:30:00+00:00,3328.56,3333.78,3328.56,3333.76,143.346
2025-08-20 13:00:00+00:00,3333.75,3333.76,3330.74,3330.75,42.797
2025-08-20 13:30:00+00:00,3330.75,3336.17,3330.47,3334.43,101.4842
2025-08-20 14:00:00+00:00,3334.19,3335.32,3330.84,3333.53,49.0819
2025-08-20 14:30:00+00:00,3333.53,3338.13,3333.53,3338.13,54.148
2025-08-20 15:00:00+00:00,3338.13,3338.19,3331.1,3331.77,143.4902
2025-08-20 15:30:00+00:00,3331.78,3332.26,3331.0,3331.01,69.4365
2025-08-20 16:00:00+00:00,3331.01,3334.79,3331.0,3332.66,70.4679
2025-08-20 16:30:00+00:00,3332.66,3337.14,3332.65,3334.26,41.7573
2025-08-20 17:00:00+00:00,3334.27,3336.98,3334.27,3336.8,37.1718
2025-08-20 17:30:00+00:00,3336.8,3336.8,3335.26,3335.97,15.0248
2025-08-20 18:00:00+00:00,3335.97,3336.28,3334.0,3334.03,26.9518
2025-08-20 18:30:00+00:00,3334.03,3337.19,3334.03,3335.74,24.4316
2025-08-20 19:00:00+00:00,3335.74,3336.91,3334.0,3335.94,58.0714
2025-08-20 19:30:00+00:00,3335.95,3338.62,3335.94,3338.62,29.1564
2025-08-20 20:00:00+00:00,3338.63,3339.04,3337.79,3338.82,33.1559
2025-08-20 20:30:00+00:00,3338.82,3339.91,3338.82,3339.88,32.6075
2025-08-20 21:00:00+00:00,3339.88,3340.02,3339.79,3340.02,16.6715
2025-08-20 21:30:00+00:00,3340.01,3341.85,3339.88,3341.84,9.2318
2025-08-20 22:00:00+00:00,3341.85,3342.56,3340.83,3341.56,14.3352
2025-08-20 22:30:00+00:00,3341.61,3341.63,3340.8,3340.8,11.3085
2025-08-20 23:00:00+00:00,3340.82,3340.82,3339.87,3340.57,16.7129
2025-08-20 23:30:00+00:00,3340.56,3340.57,3339.92,3339.92,9.4048
2025-08-21 00:00:00+00:00,3339.92,3339.93,3336.93,3336.94,86.8403
2025-08-21 00:30:00+00:00,3336.93,3337.42,3336.56,3336.56,20.3045
2025-08-21 01:00:00+00:00,3336.57,3337.17,3335.59,3336.85,13.0113
2025-08-21 01:30:00+00:00,3336.85,3339.15,3336.85,3336.87,17.187
2025-08-21 02:00:00+00:00,3336.87,3337.25,3335.31,3335.31,31.9622
2025-08-21 02:30:00+00:00,3335.31,3337.15,3335.31,3337.15,7.7082
2025-08-21 03:00:00+00:00,3337.14,3337.15,3337.08,3337.08,1.9759
2025-08-21 03:30:00+00:00,3337.08,3337.09,3334.32,3334.33,11.4523
2025-08-21 04:00:00+00:00,3334.32,3334.99,3334.32,3334.35,2.4932
2025-08-21 04:30:00+00:00,3334.35,3334.49,3333.0,3333.12,25.4393
2025-08-21 05:00:00+00:00,3333.13,3333.13,3332.0,3333.04,12.5315
2025-08-21 05:30:00+00:00,3333.04,3334.45,3333.04,3333.08,17.5812
2025-08-21 06:00:00+00:00,3333.08,3333.08,3330.13,3330.14,48.0005
2025-08-21 06:30:00+00:00,3330.13,3331.19,3330.0,3330.01,38.5365
2025-08-21 07:00:00+00:00,3330.01,3333.6,3330.0,3332.33,24.8349
2025-08-21 07:30:00+00:00,3332.32,3334.78,3332.22,3334.36,14.1066
2025-08-21 08:00:00+00:00,3334.36,3335.58,3334.35,3335.17,12.6854
2025-08-21 08:30:00+00:00,3335.17,3335.58,3334.84,3335.29,15.1854
2025-08-21 09:00:00+00:00,3335.26,3335.26,3334.84,3334.84,32.6259
2025-08-21 09:30:00+00:00,3334.85,3336.28,3334.84,3336.07,36.6246
2025-08-21 10:00:00+00:00,3336.32,3336.32,3330.1,3330.36,121.4499
2025-08-21 10:30:00+00:00,3330.35,3330.67,3318.25,3323.96,99.2411
2025-08-21 11:00:00+00:00,3324.09,3325.94,3321.76,3325.93,19.1112
2025-08-21 11:30:00+00:00,3325.94,3328.22,3325.53,3327.65,26.8654
2025-08-21 12:00:00+00:00,3327.66,3335.5,3327.65,3329.86,35.7903
2025-08-21 12:30:00+00:00,3329.85,3336.25,3329.52,3333.72,30.5499
2025-08-21 13:00:00+00:00,3333.73,3335.84,3332.21,3335.13,16.7915
2025-08-21 13:30:00+00:00,3335.13,3338.1,3329.4,3331.62,47.727
2025-08-21 14:00:00+00:00,3331.62,3337.14,3331.62,3336.59,16.2868
2025-08-21 14:30:00+00:00,3336.74,3338.38,3333.89,3335.71,10.8007
2025-08-21 15:00:00+00:00,3335.71,3337.84,3331.0,3336.51,39.0108
2025-08-21 15:30:00+00:00,3336.61,3337.51,3334.88,3335.84,13.4012
2025-08-21 16:00:00+00:00,3335.84,3336.25,3333.55,3334.14,10.4951
2025-08-21 16:30:00+00:00,3334.14,3334.3,3331.99,3332.0,12.6909
2025-08-21 17:00:00+00:00,3332.0,3334.0,3332.0,3332.83,21.8185
2025-08-21 17:30:00+00:00,3332.67,3333.25,3331.52,3331.74,9.7471
2025-08-21 18:00:00+00:00,3331.75,3332.54,3331.44,3332.33,7.7384
2025-08-21 18:30:00+00:00,3332.09,3332.85,3331.93,3332.81,5.08
2025-08-21 19:00:00+00:00,3332.81,3333.79,3332.81,3333.78,8.0387
2025-08-21 19:30:00+00:00,3333.78,3334.0,3331.0,3332.07,27.3732
2025-08-21 20:00:00+00:00,3332.08,3332.5,3331.11,3332.35,11.3555
2025-08-21 20:30:00+00:00,3332.36,3332.36,3331.95,3332.14,9.3759
2025-08-21 21:00:00+00:00,3332.13,3332.65,3330.54,3332.65,20.488
2025-08-21 21:30:00+00:00,3332.5,3335.22,3332.5,3335.22,19.2294
2025-08-21 22:00:00+00:00,3335.27,3335.28,3331.97,3333.15,8.7032
2025-08-21 22:30:00+00:00,3333.15,3333.32,3333.0,3333.31,2.7335
2025-08-21 23:00:00+00:00,3333.31,3333.32,3331.36,3331.36,4.9996
2025-08-21 23:30:00+00:00,3331.36,3331.87,3331.35,3331.5,4.0222
2025-08-22 00:00:00+00:00,3331.5,3331.5,3330.76,3331.33,7.452
2025-08-22 00:30:00+00:00,3331.33,3333.0,3331.33,3332.82,10.9695
2025-08-22 01:00:00+00:00,3332.82,3333.16,3331.45,3331.46,8.2693
2025-08-22 01:30:00+00:00,3331.45,3331.46,3329.33,3329.35,18.9889
2025-08-22 02:00:00+00:00,3329.34,3331.29,3329.3,3330.63,26.2191
2025-08-22 02:30:00+00:00,3330.62,3330.66,3329.15,3329.16,23.8812
2025-08-22 03:00:00+00:00,3329.16,3329.4,3327.02,3329.4,29.7817
2025-08-22 03:30:00+00:00,3329.4,3330.62,3328.49,3328.54,21.5246
2025-08-22 04:00:00+00:00,3328.55,3332.38,3325.54,3326.32,59.358
2025-08-22 04:30:00+00:00,3326.33,3326.59,3324.74,3325.0,45.1788
2025-08-22 05:00:00+00:00,3325.0,3325.91,3324.35,3325.51,9.0821
2025-08-22 05:30:00+00:00,3325.5,3327.47,3325.5,3325.61,32.487
2025-08-22 06:00:00+00:00,3325.61,3325.72,3323.33,3324.49,28.7223
2025-08-22 06:30:00+00:00,3324.5,3324.65,3323.28,3324.65,22.2585
2025-08-22 07:00:00+00:00,3324.79,3332.0,3324.79,3329.92,79.9331
2025-08-22 07:30:00+00:00,3330.06,3330.06,3323.9,3323.99,21.0578
2025-08-22 08:00:00+00:00,3324.0,3326.65,3324.0,3324.91,16.1226
2025-08-22 08:30:00+00:00,3325.74,3325.74,3323.06,3325.07,108.657
2025-08-22 09:00:00+00:00,3325.23,3326.34,3324.84,3324.84,17.2854
2025-08-22 09:30:00+00:00,3324.84,3328.02,3324.84,3326.92,7.1162
2025-08-22 10:00:00+00:00,3326.92,3327.25,3326.16,3326.54,14.1703
2025-08-22 10:30:00+00:00,3326.54,3327.24,3326.19,3326.71,9.5074
2025-08-22 11:00:00+00:00,3326.72,3326.72,3323.61,3325.22,19.479
2025-08-22 11:30:00+00:00,3325.28,3326.23,3323.32,3324.32,19.0082
2025-08-22 12:00:00+00:00,3324.32,3324.92,3321.94,3322.13,35.0461
2025-08-22 12:30:00+00:00,3322.13,3323.38,3318.28,3319.71,116.8204
2025-08-22 13:00:00+00:00,3319.71,3323.72,3319.7,3323.69,22.9496
2025-08-22 13:30:00+00:00,3323.69,3328.75,3323.69,3327.29,52.3252
2025-08-22 14:00:00+00:00,3327.29,3351.13,3327.29,3350.58,367.7785
2025-08-22 14:30:00+00:00,3350.53,3360.68,3350.53,3359.73,132.4725
2025-08-22 15:00:00+00:00,3359.73,3363.43,3358.92,3362.23,102.5795
2025-08-22 15:30:00+00:00,3362.24,3362.71,3351.0,3351.95,92.6826
2025-08-22 16:00:00+00:00,3352.19,3356.38,3352.01,3354.17,58.2042
2025-08-22 16:30:00+00:00,3354.17,3356.82,3354.17,3354.69,34.1985
2025-08-22 17:00:00+00:00,3354.69,3361.44,3354.69,3361.11,74.2293
2025-08-22 17:30:00+00:00,3361.12,3361.25,3356.0,3360.43,39.3278
2025-08-22 18:00:00+00:00,3360.44,3363.27,3360.16,3360.44,119.955
2025-08-22 18:30:00+00:00,3360.43,3363.35,3360.09,3361.12,30.6248
2025-08-22 19:00:00+00:00,3361.13,3362.49,3361.13,3361.4,59.8735
2025-08-22 19:30:00+00:00,3361.41,3361.99,3360.29,3361.37,69.3101
2025-08-22 20:00:00+00:00,3361.36,3362.64,3361.13,3362.63,64.1932
2025-08-22 20:30:00+00:00,3362.63,3363.42,3362.63,3363.42,39.6121
2025-08-22 21:00:00+00:00,3363.43,3364.57,3359.53,3363.27,82.0251
2025-08-22 21:30:00+00:00,3363.27,3365.5,3363.27,3364.66,13.5506
2025-08-22 22:00:00+00:00,3364.64,3364.64,3360.48,3360.59,43.2034
2025-08-22 22:30:00+00:00,3360.58,3363.44,3360.0,3363.44,54.9722
2025-08-22 23:00:00+00:00,3363.6,3365.06,3363.6,3364.95,43.0113
2025-08-22 23:30:00+00:00,3364.95,3365.0,3363.33,3364.74,27.0719
2025-08-23 00:00:00+00:00,3364.74,3366.18,3360.0,3360.51,103.5159
2025-08-23 00:30:00+00:00,3360.51,3360.68,3360.0,3360.67,17.9193
2025-08-23 01:00:00+00:00,3360.67,3360.73,3360.0,3360.33,25.0956
2025-08-23 01:30:00+00:00,3360.33,3360.69,3358.58,3358.79,45.6407
2025-08-23 02:00:00+00:00,3358.79,3360.09,3358.59,3358.94,22.4635
2025-08-23 02:30:00+00:00,3358.93,3359.2,3358.66,3358.87,12.3831
2025-08-23 03:00:00+00:00,3358.86,3360.56,3358.86,3360.14,13.0497
2025-08-23 03:30:00+00:00,3360.14,3360.42,3359.86,3360.17,9.9505
2025-08-23 04:00:00+00:00,3360.11,3360.11,3345.51,3355.09,100.7781
2025-08-23 04:30:00+00:00,3355.09,3356.08,3355.08,3356.08,11.4435
2025-08-23 05:00:00+00:00,3356.09,3357.23,3355.0,3357.15,17.2476
2025-08-23 05:30:00+00:00,3357.15,3357.6,3354.35,3357.6,14.0611
2025-08-23 06:00:00+00:00,3357.6,3358.88,3357.37,3358.81,17.5315
2025-08-23 06:30:00+00:00,3358.81,3358.81,3357.77,3357.78,8.1244
2025-08-23 07:00:00+00:00,3357.77,3357.77,3357.26,3357.32,5.7734
2025-08-23 07:30:00+00:00,3357.33,3358.31,3356.92,3358.31,11.8664
2025-08-23 08:00:00+00:00,3358.3,3358.91,3357.87,3358.9,10.7739
2025-08-23 08:30:00+00:00,3358.91,3359.76,3358.9,3359.75,12.0564
2025-08-23 09:00:00+00:00,3359.76,3359.99,3359.75,3359.98,13.399
2025-08-23 09:30:00+00:00,3359.98,3360.69,3359.98,3360.42,27.2246
2025-08-23 10:00:00+00:00,3360.43,3360.69,3360.42,3360.68,16.1553
2025-08-23 10:30:00+00:00,3360.68,3360.69,3360.68,3360.69,6.1808
2025-08-23 11:00:00+00:00,3360.69,3360.69,3360.67,3360.67,9.1832
2025-08-23 11:30:00+00:00,3360.67,3360.68,3360.49,3360.67,11.7201
2025-08-23 12:00:00+00:00,3360.68,3360.68,3357.02,3360.33,36.1845
2025-08-23 12:30:00+00:00,3360.33,3360.42,3358.83,3358.83,10.1035
2025-08-23 13:00:00+00:00,3358.82,3359.26,3358.82,3359.09,5.2338
2025-08-23 13:30:00+00:00,3359.1,3360.69,3358.74,3359.72,48.5984
2025-08-23 14:00:00+00:00,3359.72,3359.73,3359.34,3359.7,18.285
2025-08-23 14:30:00+00:00,3359.7,3359.71,3359.61,3359.61,12.8043
2025-08-23 15:00:00+00:00,3359.62,3359.62,3353.56,3356.33,181.032
2025-08-23 15:30:00+00:00,3356.33,3356.37,3355.62,3356.12,6.0062
2025-08-23 16:00:00+00:00,3356.12,3357.12,3356.11,3357.11,8.6851
2025-08-23 16:30:00+00:00,3357.11,3358.1,3356.97,3358.09,2.9573
2025-08-23 17:00:00+00:00,3358.1,3359.71,3358.09,3359.71,13.631
2025-08-23 17:30:00+00:00,3359.71,3360.44,3359.7,3360.14,24.9821
2025-08-23 18:00:00+00:00,3360.14,3360.3,3360.13,3360.29,39.4002
2025-08-23 18:30:00+00:00,3360.29,3360.3,3360.29,3360.29,2.7134
2025-08-23 19:00:00+00:00,3360.3,3360.3,3360.12,3360.28,9.9654
2025-08-23 19:30:00+00:00,3360.27,3360.28,3358.87,3358.87,14.6048
2025-08-23 20:00:00+00:00,3358.88,3359.01,3358.83,3358.83,11.8582
2025-08-23 20:30:00+00:00,3358.84,3358.84,3358.83,3358.84,1.7333
2025-08-23 21:00:00+00:00,3358.84,3359.46,3358.8,3359.23,5.3809
2025-08-23 21:30:00+00:00,3359.18,3360.22,3359.18,3360.22,3.6497
2025-08-23 22:00:00+00:00,3360.22,3361.47,3360.1,3360.44,12.9128
2025-08-23 22:30:00+00:00,3360.44,3360.66,3360.43,3360.65,11.1624
2025-08-23 23:00:00+00:00,3360.64,3360.65,3360.64,3360.64,8.8898
2025-08-23 23:30:00+00:00,3360.65,3360.65,3360.59,3360.64,10.9417
2025-08-24 00:00:00+00:00,3360.65,3360.65,3360.62,3360.63,13.3327
2025-08-24 00:30:00+00:00,3360.63,3360.63,3360.62,3360.63,3.7295
2025-08-24 01:00:00+00:00,3360.62,3360.63,3360.57,3360.58,7.2571
2025-08-24 01:30:00+00:00,3360.57,3360.58,3360.57,3360.58,9.8932
2025-08-24 02:00:00+00:00,3360.57,3360.58,3359.68,3359.99,16.1469
2025-08-24 02:30:00+00:00,3359.99,3359.99,3359.69,3359.82,4.24
2025-08-24 03:00:00+00:00,3359.83,3359.83,3359.69,3359.69,2.6358
2025-08-24 03:30:00+00:00,3359.69,3359.69,3358.48,3358.53,16.8771
2025-08-24 04:00:00+00:00,3358.53,3359.86,3358.53,3359.86,9.6496
2025-08-24 04:30:00+00:00,3359.83,3360.03,3359.29,3360.02,6.1568
2025-08-24 05:00:00+00:00,3360.03,3360.14,3360.02,3360.1,7.5573
2025-08-24 05:30:00+00:00,3360.1,3360.27,3360.01,3360.27,3.7271
2025-08-24 06:00:00+00:00,3360.27,3360.6,3359.25,3360.26,21.684
2025-08-24 06:30:00+00:00,3360.26,3360.63,3360.04,3360.62,16.5132
2025-08-24 07:00:00+00:00,3360.63,3361.52,3360.28,3361.11,51.1483
2025-08-24 07:30:00+00:00,3361.1,3361.57,3361.1,3361.1,13.9553
2025-08-24 08:00:00+00:00,3361.1,3361.63,3360.98,3361.38,13.4836
2025-08-24 08:30:00+00:00,3361.64,3361.64,3357.36,3360.07,73.5443
2025-08-24 09:00:00+00:00,3360.08,3360.2,3359.71,3359.78,11.5937
2025-08-24 09:30:00+00:00,3359.77,3359.88,3359.74,3359.84,3.5709
2025-08-24 10:00:00+00:00,3359.88,3359.9,3357.49,3358.65,41.5795
2025-08-24 10:30:00+00:00,3358.64,3360.0,3358.64,3359.99,12.6435
2025-08-24 11:00:00+00:00,3359.99,3361.11,3359.99,3361.02,15.4651
2025-08-24 11:30:00+00:00,3361.02,3361.18,3361.02,3361.17,5.1572
2025-08-24 12:00:00+00:00,3361.17,3361.3,3361.17,3361.29,5.5846
2025-08-24 12:30:00+00:00,3361.29,3361.3,3361.05,3361.18,17.953
2025-08-24 13:00:00+00:00,3361.19,3361.24,3358.96,3359.12,16.8622
2025-08-24 13:30:00+00:00,3359.12,3360.28,3358.84,3358.9,20.2544
2025-08-24 14:00:00+00:00,3358.9,3358.9,3358.35,3358.35,7.64
2025-08-24 14:30:00+00:00,3358.36,3360.46,3358.35,3360.45,13.6462
2025-08-24 15:00:00+00:00,3360.46,3361.43,3360.46,3361.16,14.5871
2025-08-24 15:30:00+00:00,3361.17,3364.62,3361.04,3363.36,58.3391
2025-08-24 16:00:00+00:00,3363.37,3364.52,3363.03,3363.95,26.5465
2025-08-24 16:30:00+00:00,3363.95,3363.96,3362.49,3362.49,15.0224
2025-08-24 17:00:00+00:00,3362.49,3362.74,3362.05,3362.09,8.7399
2025-08-24 17:30:00+00:00,3362.09,3364.29,3362.09,3364.2,60.0022
2025-08-24 18:00:00+00:00,3364.2,3364.2,3362.99,3363.24,18.1408
2025-08-24 18:30:00+00:00,3363.24,3363.24,3360.41,3360.7,53.0271
2025-08-24 19:00:00+00:00,3360.71,3361.27,3360.7,3361.04,22.1068
2025-08-24 19:30:00+00:00,3361.05,3361.76,3357.05,3358.81,103.1807
2025-08-24 20:00:00+00:00,3358.9,3360.37,3354.12,3358.34,99.3879
2025-08-24 20:30:00+00:00,3358.33,3359.67,3355.83,3356.05,28.2251
2025-08-24 21:00:00+00:00,3356.06,3357.44,3356.05,3356.3,16.1004
2025-08-24 21:30:00+00:00,3356.3,3358.27,3355.32,3356.81,46.9721
2025-08-24 22:00:00+00:00,3356.8,3358.25,3356.04,3357.47,12.1745
2025-08-24 22:30:00+00:00,3357.45,3357.65,3356.5,3357.49,4.8143
2025-08-24 23:00:00+00:00,3357.54,3358.27,3357.06,3357.71,7.9908
2025-08-24 23:30:00+00:00,3357.71,3361.5,3357.55,3360.81,17.2815
2025-08-25 00:00:00+00:00,3360.81,3360.81,3356.79,3357.65,26.6211
2025-08-25 00:30:00+00:00,3357.65,3357.65,3354.83,3355.54,31.2899
2025-08-25 01:00:00+00:00,3355.76,3358.21,3355.59,3356.91,14.0905
2025-08-25 01:30:00+00:00,3356.91,3356.91,3353.14,3353.23,8.9135
2025-08-25 02:00:00+00:00,3353.29,3354.52,3352.54,3353.7,47.9157
2025-08-25 02:30:00+00:00,3353.7,3356.78,3353.7,3356.56,21.7241
2025-08-25 03:00:00+00:00,3356.56,3357.96,3356.56,3357.87,7.5918
2025-08-25 03:30:00+00:00,3357.86,3358.88,3357.62,3358.87,5.1342
2025-08-25 04:00:00+00:00,3358.88,3358.88,3356.77,3357.4,6.1594
2025-08-25 04:30:00+00:00,3357.39,3357.4,3357.39,3357.4,3.0761
2025-08-25 05:00:00+00:00,3357.39,3357.4,3356.16,3356.61,7.6261
2025-08-25 05:30:00+00:00,3356.61,3356.63,3356.02,3356.23,8.5618
2025-08-25 06:00:00+00:00,3356.23,3358.81,3356.1,3358.78,38.7296
2025-08-25 06:30:00+00:00,3358.78,3358.85,3356.61,3357.95,20.5487
2025-08-25 07:00:00+00:00,3357.94,3357.95,3357.54,3357.62,4.3638
2025-08-25 07:30:00+00:00,3357.61,3358.56,3355.16,3356.0,34.0446
2025-08-25 08:00:00+00:00,3356.0,3356.17,3351.99,3353.76,82.5216
2025-08-25 08:30:00+00:00,3353.75,3353.84,3352.8,3353.31,11.9371
2025-08-25 09:00:00+00:00,3353.28,3353.66,3353.27,3353.63,11.9744
2025-08-25 09:30:00+00:00,3353.62,3356.09,3353.3,3356.08,19.9252
2025-08-25 10:00:00+00:00,3356.09,3359.14,3355.89,3356.09,25.128
2025-08-25 10:30:00+00:00,3356.1,3357.42,3355.16,3356.68,42.0328
2025-08-25 11:00:00+00:00,3356.69,3357.64,3356.67,3357.64,11.9411
2025-08-25 11:30:00+00:00,3357.64,3361.5,3357.64,3361.24,64.6157
2025-08-25 12:00:00+00:00,3361.24,3362.71,3360.55,3361.2,54.9295
2025-08-25 12:30:00+00:00,3361.2,3361.2,3358.75,3358.76,32.7973
2025-08-25 13:00:00+00:00,3358.75,3359.96,3355.97,3356.72,72.2561
2025-08-25 13:30:00+00:00,3356.72,3360.3,3355.48,3359.95,139.3341
2025-08-25 14:00:00+00:00,3359.95,3361.5,3359.86,3360.62,58.0787
2025-08-25 14:30:00+00:00,3360.69,3361.89,3360.69,3361.88,23.6855
2025-08-25 15:00:00+00:00,3361.88,3363.18,3361.87,3363.18,48.4245
2025-08-25 15:30:00+00:00,3363.17,3363.18,3360.05,3361.37,36.1229
2025-08-25 16:00:00+00:00,3361.22,3362.38,3360.64,3361.92,16.918
2025-08-25 16:30:00+00:00,3361.92,3363.3,3359.99,3362.95,152.5302
2025-08-25 17:00:00+00:00,3362.95,3363.3,3361.68,3362.58,52.4147
2025-08-25 17:30:00+00:00,3362.72,3362.72,3361.24,3361.95,29.3544
2025-08-25 18:00:00+00:00,3361.95,3362.85,3359.64,3362.63,22.7547
2025-08-25 18:30:00+00:00,3362.62,3362.76,3360.55,3361.8,28.9233
2025-08-25 19:00:00+00:00,3361.81,3362.58,3358.91,3359.55,62.9807
2025-08-25 19:30:00+00:00,3359.55,3360.0,3353.96,3353.96,68.6835
2025-08-25 20:00:00+00:00,3353.97,3355.0,3352.8,3353.72,74.699
2025-08-25 20:30:00+00:00,3353.72,3354.81,3349.12,3349.54,203.4
2025-08-25 21:00:00+00:00,3349.54,3349.54,3336.0,3337.67,232.2565
2025-08-25 21:30:00+00:00,3337.67,3345.83,3336.92,3345.78,49.1213
2025-08-25 22:00:00+00:00,3345.6,3350.57,3345.0,3347.85,109.6186
2025-08-25 22:30:00+00:00,3347.86,3350.06,3347.28,3350.05,55.1938
2025-08-25 23:00:00+00:00,3350.05,3350.06,3341.25,3342.31,59.0439
2025-08-25 23:30:00+00:00,3342.3,3344.03,3339.76,3343.11,41.3676
2025-08-26 00:00:00+00:00,3343.04,3361.18,3339.64,3359.6,101.1998
2025-08-26 00:30:00+00:00,3359.6,3370.66,3359.6,3367.02,192.0868
2025-08-26 01:00:00+00:00,3366.1,3366.1,3357.65,3361.32,82.4634
2025-08-26 01:30:00+00:00,3361.32,3363.2,3359.36,3362.77,25.9109
2025-08-26 02:00:00+00:00,3362.77,3367.98,3362.77,3366.91,74.5598
2025-08-26 02:30:00+00:00,3366.91,3366.92,3360.6,3362.2,89.2662
2025-08-26 03:00:00+00:00,3362.08,3362.49,3359.0,3361.24,24.9996
2025-08-26 03:30:00+00:00,3361.25,3362.89,3360.72,3360.73,26.7367
2025-08-26 04:00:00+00:00,3360.73,3363.07,3360.73,3362.58,12.7103
2025-08-26 04:30:00+00:00,3362.57,3366.72,3361.47,3364.44,46.0844
2025-08-26 05:00:00+00:00,3364.47,3365.86,3360.66,3361.12,8.6057
2025-08-26 05:30:00+00:00,3361.12,3367.67,3360.71,3365.42,49.4604
2025-08-26 06:00:00+00:00,3365.42,3369.06,3362.42,3362.88,106.7491
2025-08-26 06:30:00+00:00,3362.87,3365.39,3362.85,3364.08,18.951
2025-08-26 07:00:00+00:00,3363.82,3364.29,3358.48,3359.38,39.0395
2025-08-26 07:30:00+00:00,3359.38,3365.95,3359.38,3364.03,16.9846
2025-08-26 08:00:00+00:00,3364.52,3366.32,3363.84,3364.97,26.4691
2025-08-26 08:30:00+00:00,3364.97,3366.59,3364.89,3366.07,9.376
2025-08-26 09:00:00+00:00,3366.07,3366.07,3363.2,3363.25,18.3989
2025-08-26 09:30:00+00:00,3363.25,3363.26,3359.28,3362.59,32.3114
2025-08-26 10:00:00+00:00,3362.59,3363.3,3359.75,3359.75,40.9592
2025-08-26 10:30:00+00:00,3359.75,3363.98,3357.69,3362.69,42.2388
2025-08-26 11:00:00+00:00,3362.69,3366.5,3362.15,3366.5,20.6427
2025-08-26 11:30:00+00:00,3366.57,3367.35,3364.59,3364.6,42.5502
2025-08-26 12:00:00+00:00,3364.5,3366.39,3362.37,3364.78,31.0243
2025-08-26 12:30:00+00:00,3364.03,3366.63,3361.0,3361.34,60.2226
2025-08-26 13:00:00+00:00,3361.0,3361.58,3358.17,3360.4,54.2873
2025-08-26 13:30:00+00:00,3360.42,3365.88,3360.42,3364.01,90.1765
2025-08-26 14:00:00+00:00,3364.01,3364.06,3360.0,3361.77,54.2719
2025-08-26 14:30:00+00:00,3361.93,3365.89,3361.92,3365.69,18.8106
2025-08-26 15:00:00+00:00,3365.7,3369.01,3365.7,3369.0,43.4909
2025-08-26 15:30:00+00:00,3369.0,3374.03,3368.76,3371.56,116.6602
2025-08-26 16:00:00+00:00,3371.55,3373.69,3370.76,3371.91,65.037
2025-08-26 16:30:00+00:00,3371.91,3372.46,3370.06,3372.13,48.367
2025-08-26 17:00:00+00:00,3372.13,3373.36,3370.99,3372.47,15.6961
2025-08-26 17:30:00+00:00,3372.42,3372.42,3368.71,3369.85,22.1375
2025-08-26 18:00:00+00:00,3369.85,3369.99,3368.44,3369.99,15.3869
2025-08-26 18:30:00+00:00,3369.99,3372.81,3369.7,3372.63,28.0956
2025-08-26 19:00:00+00:00,3372.62,3375.63,3372.62,3375.63,88.0291
2025-08-26 19:30:00+00:00,3375.63,3376.84,3373.25,3374.29,50.9672
2025-08-26 20:00:00+00:00,3374.3,3378.25,3374.3,3377.54,51.95
2025-08-26 20:30:00+00:00,3377.55,3379.98,3376.9,3379.95,54.9453
2025-08-26 21:00:00+00:00,3379.9,3379.9,3379.75,3379.82,15.8646
2025-08-26 21:30:00+00:00,3379.82,3382.01,3379.82,3382.01,45.7355
2025-08-26 22:00:00+00:00,3382.0,3382.93,3375.78,3377.2,44.1499
2025-08-26 22:30:00+00:00,3377.2,3379.63,3377.2,3377.97,14.8297
2025-08-26 23:00:00+00:00,3377.97,3380.1,3377.93,3380.09,22.8857
2025-08-26 23:30:00+00:00,3380.1,3380.1,3377.69,3378.0,30.5841
2025-08-27 00:00:00+00:00,3378.0,3380.67,3378.0,3380.32,24.7522
2025-08-27 00:30:00+00:00,3380.32,3380.84,3378.2,3379.23,46.093
2025-08-27 01:00:00+00:00,3379.24,3379.24,3374.4,3374.74,45.3227
2025-08-27 01:30:00+00:00,3374.74,3376.85,3374.74,3375.99,21.0874
2025-08-27 02:00:00+00:00,3375.99,3377.06,3374.57,3375.76,29.1877
2025-08-27 02:30:00+00:00,3375.76,3375.86,3373.57,3373.92,52.1841
2025-08-27 03:00:00+00:00,3373.91,3382.75,3373.85,3374.03,220.2914
2025-08-27 03:30:00+00:00,3374.03,3374.88,3373.51,3373.52,28.5644
2025-08-27 04:00:00+00:00,3373.52,3377.5,3365.0,3368.09,295.3828
2025-08-27 04:30:00+00:00,3367.89,3367.89,3365.56,3365.84,12.9775
2025-08-27 05:00:00+00:00,3365.84,3368.38,3365.83,3367.82,38.8339
2025-08-27 05:30:00+00:00,3367.42,3369.72,3367.3,3368.81,14.8848
2025-08-27 06:00:00+00:00,3369.19,3372.21,3369.19,3371.33,21.2275
2025-08-27 06:30:00+00:00,3371.33,3371.6,3368.19,3368.33,16.3571
2025-08-27 07:00:00+00:00,3368.33,3368.4,3366.61,3367.03,19.685
2025-08-27 07:30:00+00:00,3367.03,3371.83,3367.02,3371.83,25.7877
2025-08-27 08:00:00+00:00,3371.83,3375.66,3371.83,3374.59,66.0957
2025-08-27 08:30:00+00:00,3374.4,3374.4,3372.17,3373.81,43.7708
2025-08-27 09:00:00+00:00,3373.82,3374.9,3373.76,3373.77,13.0324
2025-08-27 09:30:00+00:00,3373.76,3373.77,3369.11,3369.77,29.5926
2025-08-27 10:00:00+00:00,3369.76,3369.97,3368.89,3369.08,21.6436
2025-08-27 10:30:00+00:00,3369.09,3369.09,3367.47,3367.57,21.0429
2025-08-27 11:00:00+00:00,3367.57,3369.66,3367.15,3367.8,37.0455
2025-08-27 11:30:00+00:00,3367.8,3370.22,3367.8,3369.79,30.2491
2025-08-27 12:00:00+00:00,3369.79,3371.76,3367.92,3371.75,98.3989
2025-08-27 12:30:00+00:00,3371.71,3372.0,3369.76,3370.89,14.2016
2025-08-27 13:00:00+00:00,3371.34,3372.62,3370.47,3371.34,72.7671
2025-08-27 13:30:00+00:00,3371.33,3371.34,3366.67,3367.95,42.3791
2025-08-27 14:00:00+00:00,3367.95,3373.22,3366.93,3373.21,47.3946
2025-08-27 14:30:00+00:00,3373.21,3374.71,3371.75,3374.57,42.4182
2025-08-27 15:00:00+00:00,3374.57,3377.27,3374.57,3376.07,18.7286
2025-08-27 15:30:00+00:00,3376.07,3378.23,3375.2,3376.84,57.6813
2025-08-27 16:00:00+00:00,3377.07,3380.0,3376.92,3379.56,32.5492
2025-08-27 16:30:00+00:00,3379.76,3384.92,3379.75,3382.58,60.915
2025-08-27 17:00:00+00:00,3382.44,3383.95,3382.24,3383.76,27.8434
2025-08-27 17:30:00+00:00,3383.76,3384.68,3382.92,3384.56,43.7953
2025-08-27 18:00:00+00:00,3384.57,3385.0,3381.9,3385.0,26.8368
2025-08-27 18:30:00+00:00,3384.99,3385.75,3384.79,3384.8,22.2357
2025-08-27 19:00:00+00:00,3384.8,3388.12,3384.79,3388.11,55.5774
2025-08-27 19:30:00+00:00,3388.11,3388.12,3386.5,3387.58,18.5953
2025-08-27 20:00:00+00:00,3387.58,3388.1,3385.91,3388.0,41.666
2025-08-27 20:30:00+00:00,3388.0,3388.82,3388.0,3388.82,16.4481
2025-08-27 21:00:00+00:00,3388.81,3390.0,3386.81,3388.11,29.3586
2025-08-27 21:30:00+00:00,3387.85,3387.86,3384.83,3384.83,17.1011
2025-08-27 22:00:00+00:00,3384.84,3388.6,3384.84,3385.96,37.5874
2025-08-27 22:30:00+00:00,3385.95,3388.07,3385.52,3386.98,26.5473
2025-08-27 23:00:00+00:00,3386.97,3390.0,3386.97,3389.8,20.9307
2025-08-27 23:30:00+00:00,3389.79,3390.77,3385.94,3387.82,53.3035
2025-08-28 00:00:00+00:00,3387.82,3389.47,3387.11,3388.99,30.018
2025-08-28 00:30:00+00:00,3388.99,3390.0,3384.65,3384.65,35.7888
2025-08-28 01:00:00+00:00,3384.65,3389.92,3380.93,3383.57,338.8386
2025-08-28 01:30:00+00:00,3383.58,3389.97,3381.04,3381.59,57.0534
2025-08-28 02:00:00+00:00,3381.6,3382.36,3380.74,3380.97,25.0959
2025-08-28 02:30:00+00:00,3380.97,3385.31,3380.34,3385.31,23.165
2025-08-28 03:00:00+00:00,3385.31,3385.79,3384.7,3385.76,41.6807
2025-08-28 03:30:00+00:00,3385.76,3385.77,3383.04,3383.67,39.7127
2025-08-28 04:00:00+00:00,3383.67,3383.68,3378.0,3380.92,156.6959
2025-08-28 04:30:00+00:00,3380.92,3382.98,3379.11,3381.7,144.9062
2025-08-28 05:00:00+00:00,3381.71,3382.69,3380.87,3382.69,40.3736
2025-08-28 05:30:00+00:00,3382.69,3383.09,3380.64,3382.67,65.1032
2025-08-28 06:00:00+00:00,3382.67,3384.6,3382.32,3383.98,76.164
2025-08-28 06:30:00+00:00,3383.84,3388.98,3383.7,3388.06,67.618
2025-08-28 07:00:00+00:00,3388.05,3389.55,3387.18,3388.81,48.4296
2025-08-28 07:30:00+00:00,3388.81,3390.83,3388.8,3390.62,90.5476
2025-08-28 08:00:00+00:00,3390.62,3391.57,3388.6,3391.25,97.8398
2025-08-28 08:30:00+00:00,3391.25,3397.51,3391.25,3396.35,245.5669
2025-08-28 09:00:00+00:00,3396.35,3397.82,3395.45,3396.16,109.2469
2025-08-28 09:30:00+00:00,3396.15,3397.43,3395.74,3395.77,113.1243
2025-08-28 10:00:00+00:00,3395.74,3396.48,3390.97,3392.07,40.59
2025-08-28 10:30:00+00:00,3392.07,3393.58,3390.96,3392.31,27.9245
2025-08-28 11:00:00+00:00,3392.32,3397.78,3392.32,3397.78,122.3216
2025-08-28 11:30:00+00:00,3397.78,3399.76,3397.68,3397.87,53.5273
2025-08-28 12:00:00+00:00,3397.88,3402.32,3397.62,3400.72,72.3889
2025-08-28 12:30:00+00:00,3400.72,3400.72,3393.01,3394.31,54.9808
2025-08-28 13:00:00+00:00,3394.09,3399.07,3392.2,3397.76,64.8063
2025-08-28 13:30:00+00:00,3397.77,3403.3,3397.77,3402.07,85.4854
2025-08-28 14:00:00+00:00,3402.06,3408.85,3400.58,3406.9,137.0005
2025-08-28 14:30:00+00:00,3406.9,3408.16,3405.01,3407.04,89.2135
2025-08-28 15:00:00+00:00,3407.04,3408.37,3403.36,3404.02,106.4039
2025-08-28 15:30:00+00:00,3404.01,3407.0,3403.0,3406.99,55.5593
2025-08-28 16:00:00+00:00,3407.0,3414.07,3406.56,3413.2,178.1593
2025-08-28 16:30:00+00:00,3413.21,3415.37,3412.55,3413.76,96.858
2025-08-28 17:00:00+00:00,3413.75,3423.25,3413.13,3415.2,183.2712
2025-08-28 17:30:00+00:00,3415.2,3422.55,3414.92,3419.02,83.6308
2025-08-28 18:00:00+00:00,3419.03,3419.9,3417.83,3418.97,30.1889
2025-08-28 18:30:00+00:00,3418.97,3423.11,3418.27,3423.1,156.8758
2025-08-28 19:00:00+00:00,3423.1,3423.11,3419.08,3419.84,101.9437
2025-08-28 19:30:00+00:00,3419.95,3421.92,3419.64,3421.23,44.8591
2025-08-28 20:00:00+00:00,3421.22,3421.23,3418.28,3418.28,118.647
2025-08-28 20:30:00+00:00,3418.28,3419.91,3416.26,3419.78,71.3047
2025-08-28 21:00:00+00:00,3419.77,3420.48,3419.77,3420.18,26.1334
2025-08-28 21:30:00+00:00,3420.23,3420.61,3420.23,3420.58,10.9127
2025-08-28 22:00:00+00:00,3420.58,3420.58,3419.0,3419.01,41.6065
2025-08-28 22:30:00+00:00,3419.0,3419.01,3418.0,3418.24,31.6686
2025-08-28 23:00:00+00:00,3418.24,3420.08,3418.0,3419.14,112.4327
2025-08-28 23:30:00+00:00,3419.14,3419.14,3414.03,3415.8,56.0194
2025-08-29 00:00:00+00:00,3415.81,3416.99,3414.0,3415.55,46.6795
2025-08-29 00:30:00+00:00,3415.54,3416.28,3409.52,3414.3,65.4019
2025-08-29 01:00:00+00:00,3414.3,3414.3,3411.1,3411.11,17.135
2025-08-29 01:30:00+00:00,3411.11,3412.0,3407.99,3411.0,72.9685
2025-08-29 02:00:00+00:00,3411.79,3414.84,3411.29,3412.98,45.9561
2025-08-29 02:30:00+00:00,3412.99,3415.16,3412.99,3414.2,31.857
2025-08-29 03:00:00+00:00,3414.21,3415.16,3411.99,3414.76,35.4658
2025-08-29 03:30:00+00:00,3414.76,3415.06,3413.78,3414.07,68.436
2025-08-29 04:00:00+00:00,3414.01,3414.01,3411.05,3411.06,31.4486
2025-08-29 04:30:00+00:00,3411.05,3419.96,3411.05,3411.94,45.0106
2025-08-29 05:00:00+00:00,3411.95,3414.0,3411.0,3411.64,50.3087
2025-08-29 05:30:00+00:00,3411.64,3412.16,3411.63,3412.1,16.6014
2025-08-29 06:00:00+00:00,3412.09,3413.96,3412.08,3413.35,30.8303
2025-08-29 06:30:00+00:00,3413.35,3413.86,3411.04,3412.19,26.9107
2025-08-29 07:00:00+00:00,3412.18,3414.31,3411.0,3411.01,49.6345
2025-08-29 07:30:00+00:00,3411.0,3412.99,3408.69,3411.36,46.9017
2025-08-29 08:00:00+00:00,3411.4,3426.91,3411.28,3413.78,169.7063
2025-08-29 08:30:00+00:00,3413.68,3414.2,3410.52,3410.82,27.2681
2025-08-29 09:00:00+00:00,3410.82,3412.04,3408.69,3410.8,56.5745
2025-08-29 09:30:00+00:00,3410.43,3412.26,3408.59,3409.28,249.8232
2025-08-29 10:00:00+00:00,3409.28,3410.48,3407.8,3408.71,34.0805
2025-08-29 10:30:00+00:00,3408.72,3413.0,3408.06,3410.0,174.96
2025-08-29 11:00:00+00:00,3410.0,3410.44,3408.05,3409.66,30.6039
2025-08-29 11:30:00+00:00,3409.66,3413.73,3409.66,3413.4,52.0011
2025-08-29 12:00:00+00:00,3412.99,3414.51,3410.56,3412.03,28.9965
2025-08-29 12:30:00+00:00,3412.04,3418.67,3412.0,3418.16,107.6975
2025-08-29 13:00:00+00:00,3418.17,3420.66,3415.97,3419.08,30.1781
2025-08-29 13:30:00+00:00,3419.29,3431.86,3418.61,3431.69,378.7684
2025-08-29 14:00:00+00:00,3431.68,3437.09,3430.4,3436.81,196.5119
2025-08-29 14:30:00+00:00,3436.83,3449.78,3436.29,3444.39,255.937
2025-08-29 15:00:00+00:00,3444.41,3453.0,3441.2,3448.26,752.5498
2025-08-29 15:30:00+00:00,3448.26,3452.0,3444.24,3451.08,251.9071
2025-08-29 16:00:00+00:00,3451.07,3453.59,3449.0,3450.9,280.7887
2025-08-29 16:30:00+00:00,3450.9,3455.71,3450.9,3455.6,142.2515
2025-08-29 17:00:00+00:00,3455.48,3457.0,3453.22,3453.22,159.462
2025-08-29 17:30:00+00:00,3453.06,3454.55,3449.33,3451.82,190.8318
2025-08-29 18:00:00+00:00,3451.94,3455.0,3445.98,3450.18,310.2861
2025-08-29 18:30:00+00:00,3450.18,3452.39,3449.0,3450.63,53.7048
2025-08-29 19:00:00+00:00,3450.33,3452.18,3449.42,3451.09,85.5548
2025-08-29 19:30:00+00:00,3451.08,3463.0,3450.1,3460.81,182.4891
2025-08-29 20:00:00+00:00,3460.82,3464.7,3453.53,3457.73,149.0892
2025-08-29 20:30:00+00:00,3457.73,3458.47,3448.23,3455.59,178.2213
2025-08-29 21:00:00+00:00,3455.6,3458.46,3451.04,3454.81,60.3572
2025-08-29 21:30:00+00:00,3454.81,3459.54,3453.25,3458.2,41.4309
2025-08-29 22:00:00+00:00,3458.2,3462.42,3457.52,3462.12,49.2772
2025-08-29 22:30:00+00:00,3462.11,3463.02,3460.44,3461.39,45.0227
2025-08-29 23:00:00+00:00,3461.39,3461.4,3458.85,3458.86,22.9053
2025-08-29 23:30:00+00:00,3458.85,3463.32,3458.85,3461.84,43.926
2025-08-30 00:00:00+00:00,3461.83,3461.83,3458.46,3458.69,44.6705
2025-08-30 00:30:00+00:00,3458.69,3459.77,3457.84,3458.99,28.0348
2025-08-30 01:00:00+00:00,3458.99,3458.99,3458.44,3458.53,9.084
2025-08-30 01:30:00+00:00,3458.52,3458.87,3456.53,3457.43,57.3538
2025-08-30 02:00:00+00:00,3457.43,3458.23,3452.71,3454.17,104.2757
2025-08-30 02:30:00+00:00,3454.17,3459.91,3452.66,3459.76,139.4024
2025-08-30 03:00:00+00:00,3459.76,3462.97,3459.75,3462.29,86.8501
2025-08-30 03:30:00+00:00,3462.29,3463.0,3461.83,3463.0,44.423
2025-08-30 04:00:00+00:00,3463.0,3463.0,3462.88,3463.0,45.9862
2025-08-30 04:30:00+00:00,3463.0,3463.0,3462.88,3462.88,18.1167
2025-08-30 05:00:00+00:00,3462.89,3463.0,3462.89,3462.99,14.4092
2025-08-30 05:30:00+00:00,3462.99,3463.0,3457.64,3458.01,46.1197
2025-08-30 06:00:00+00:00,3458.01,3458.01,3455.6,3455.6,34.6884
2025-08-30 06:30:00+00:00,3455.6,3455.61,3454.83,3455.37,40.5386
2025-08-30 07:00:00+00:00,3455.37,3456.34,3455.36,3456.33,34.4651
2025-08-30 07:30:00+00:00,3456.33,3462.4,3456.32,3461.04,66.9808
2025-08-30 08:00:00+00:00,3461.05,3462.88,3459.78,3460.27,66.4238
2025-08-30 08:30:00+00:00,3460.28,3462.98,3459.05,3462.25,54.8736
2025-08-30 09:00:00+00:00,3462.26,3463.53,3459.89,3459.89,71.2793
2025-08-30 09:30:00+00:00,3459.9,3465.65,3459.9,3465.61,54.8193
2025-08-30 10:00:00+00:00,3465.61,3466.73,3462.41,3462.49,49.6963
2025-08-30 10:30:00+00:00,3462.48,3462.49,3460.01,3460.09,16.8592
2025-08-30 11:00:00+00:00,3460.08,3460.08,3457.06,3457.89,32.6226
2025-08-30 11:30:00+00:00,3457.89,3458.44,3456.3,3457.16,17.253
2025-08-30 12:00:00+00:00,3457.16,3462.82,3457.16,3461.93,53.1402
2025-08-30 12:30:00+00:00,3461.92,3463.43,3461.79,3463.35,40.0274
2025-08-30 13:00:00+00:00,3463.35,3463.51,3459.13,3459.13,41.3693
2025-08-30 13:30:00+00:00,3459.13,3463.81,3457.85,3463.81,59.4326
2025-08-30 14:00:00+00:00,3463.8,3465.03,3462.91,3463.91,84.2182
2025-08-30 14:30:00+00:00,3463.91,3464.08,3460.57,3463.29,71.2312
2025-08-30 15:00:00+00:00,3463.29,3464.08,3462.23,3462.23,41.3183
2025-08-30 15:30:00+00:00,3462.23,3462.24,3456.9,3457.12,54.3613
2025-08-30 16:00:00+00:00,3457.13,3459.96,3456.3,3459.95,34.5039
2025-08-30 16:30:00+00:00,3459.96,3461.36,3459.95,3461.36,4.8338
2025-08-30 17:00:00+00:00,3461.36,3461.59,3458.95,3459.49,14.838
2025-08-30 17:30:00+00:00,3459.48,3461.03,3458.65,3461.03,12.1856
2025-08-30 18:00:00+00:00,3461.03,3461.77,3460.33,3460.94,20.5054
2025-08-30 18:30:00+00:00,3460.93,3461.15,3460.65,3461.15,10.6818
2025-08-30 19:00:00+00:00,3461.15,3461.26,3461.15,3461.21,20.1037
2025-08-30 19:30:00+00:00,3461.21,3461.41,3461.21,3461.41,14.356
2025-08-30 20:00:00+00:00,3461.4,3461.41,3461.2,3461.24,23.3337
2025-08-30 20:30:00+00:00,3461.23,3462.65,3461.23,3462.65,29.9331
2025-08-30 21:00:00+00:00,3462.66,3463.03,3462.61,3462.62,13.1398
2025-08-30 21:30:00+00:00,3462.62,3464.57,3462.62,3463.95,61.3604
2025-08-30 22:00:00+00:00,3463.95,3465.02,3462.62,3464.99,59.5676
2025-08-30 22:30:00+00:00,3464.99,3464.99,3461.98,3463.84,29.0838
2025-08-30 23:00:00+00:00,3463.85,3464.64,3463.05,3463.74,24.0646
2025-08-30 23:30:00+00:00,3463.74,3463.75,3461.76,3462.72,15.6048
2025-08-31 00:00:00+00:00,3462.72,3462.9,3462.72,3462.87,4.9981
2025-08-31 00:30:00+00:00,3462.86,3464.04,3460.64,3462.19,56.1565
2025-08-31 01:00:00+00:00,3462.18,3462.19,3461.5,3461.5,10.4236
2025-08-31 01:30:00+00:00,3461.5,3463.19,3460.94,3462.52,19.1109
2025-08-31 02:00:00+00:00,3462.52,3463.32,3462.52,3463.29,8.4434
2025-08-31 02:30:00+00:00,3463.29,3464.55,3461.28,3463.75,145.4842
2025-08-31 03:00:00+00:00,3463.75,3463.75,3460.99,3461.96,57.5156
2025-08-31 03:30:00+00:00,3461.96,3461.96,3458.67,3460.46,27.6597
2025-08-31 04:00:00+00:00,3460.4,3465.81,3460.16,3462.93,51.5241
2025-08-31 04:30:00+00:00,3462.94,3463.49,3461.07,3463.01,23.1467
2025-08-31 05:00:00+00:00,3463.0,3463.0,3460.29,3462.54,10.0553
2025-08-31 05:30:00+00:00,3462.6,3463.13,3462.6,3463.12,2.1136
2025-08-31 06:00:00+00:00,3463.12,3464.48,3463.11,3463.9,22.5093
2025-08-31 06:30:00+00:00,3463.9,3464.28,3463.26,3464.28,9.5932
2025-08-31 07:00:00+00:00,3464.28,3464.34,3462.09,3462.09,10.6602
2025-08-31 07:30:00+00:00,3462.08,3462.84,3461.77,3462.82,5.2627
2025-08-31 08:00:00+00:00,3462.83,3464.29,3456.0,3460.33,143.168
2025-08-31 08:30:00+00:00,3460.33,3462.66,3460.33,3462.02,26.6173
2025-08-31 09:00:00+00:00,3462.0,3462.0,3458.91,3460.47,61.2812
2025-08-31 09:30:00+00:00,3460.46,3463.0,3460.4,3461.18,29.8019
2025-08-31 10:00:00+00:00,3461.18,3463.82,3461.0,3462.3,20.6945
2025-08-31 10:30:00+00:00,3462.31,3464.08,3461.79,3461.89,32.8086
2025-08-31 11:00:00+00:00,3461.89,3464.8,3459.67,3459.74,68.8347
2025-08-31 11:30:00+00:00,3459.73,3463.3,3459.73,3460.86,31.9534
2025-08-31 12:00:00+00:00,3460.86,3462.35,3460.61,3462.34,29.5669
2025-08-31 12:30:00+00:00,3462.34,3465.3,3462.08,3463.85,79.7928
2025-08-31 13:00:00+00:00,3463.52,3471.76,3456.38,3463.24,306.9397
2025-08-31 13:30:00+00:00,3463.23,3464.22,3462.65,3464.22,21.4557
2025-08-31 14:00:00+00:00,3464.23,3465.81,3463.47,3463.54,35.3034
2025-08-31 14:30:00+00:00,3463.54,3465.83,3463.07,3464.82,74.0934
2025-08-31 15:00:00+00:00,3464.82,3466.29,3463.38,3464.93,81.1077
2025-08-31 15:30:00+00:00,3464.93,3467.26,3464.55,3467.26,65.6578
2025-08-31 16:00:00+00:00,3467.25,3469.4,3467.17,3468.01,60.1168
2025-08-31 16:30:00+00:00,3468.02,3469.72,3467.95,3468.65,74.6365
2025-08-31 17:00:00+00:00,3468.64,3468.65,3467.2,3468.1,22.3778
2025-08-31 17:30:00+00:00,3468.09,3468.1,3464.8,3465.94,32.6867
2025-08-31 18:00:00+00:00,3465.94,3469.07,3465.93,3466.82,48.6228
2025-08-31 18:30:00+00:00,3466.86,3466.86,3463.35,3465.06,35.6937
2025-08-31 19:00:00+00:00,3465.06,3465.48,3463.08,3463.85,27.3239
2025-08-31 19:30:00+00:00,3464.19,3467.03,3462.96,3467.03,27.1865
2025-08-31 20:00:00+00:00,3467.05,3469.55,3466.96,3468.43,28.1339
2025-08-31 20:30:00+00:00,3468.4,3468.49,3466.59,3468.0,15.635
2025-08-31 21:00:00+00:00,3468.01,3469.58,3464.74,3465.0,37.6077
2025-08-31 21:30:00+00:00,3466.13,3471.16,3464.37,3465.1,51.1676
2025-08-31 22:00:00+00:00,3465.1,3465.1,3456.3,3460.3,137.5917
2025-08-31 22:30:00+00:00,3460.3,3463.88,3460.29,3461.57,92.6226
2025-08-31 23:00:00+00:00,3461.56,3462.0,3458.99,3460.46,44.0667
2025-08-31 23:30:00+00:00,3460.67,3462.0,3457.73,3460.4,76.8182
2025-09-01 00:00:00+00:00,3460.41,3461.19,3455.0,3458.83,197.4628
2025-09-01 00:30:00+00:00,3458.84,3458.84,3455.81,3456.95,55.0899
2025-09-01 01:00:00+00:00,3456.94,3458.25,3451.13,3452.84,115.2718
2025-09-01 01:30:00+00:00,3452.84,3471.15,3452.73,3469.92,210.8688
2025-09-01 02:00:00+00:00,3469.91,3482.24,3467.62,3477.31,298.5714
2025-09-01 02:30:00+00:00,3477.31,3495.72,3476.17,3494.86,442.4668
2025-09-01 03:00:00+00:00,3494.85,3498.02,3486.81,3490.11,717.9898
2025-09-01 03:30:00+00:00,3490.11,3496.33,3490.11,3492.0,127.2055
2025-09-01 04:00:00+00:00,3492.0,3494.37,3488.96,3488.96,138.8039
2025-09-01 04:30:00+00:00,3488.81,3491.16,3486.81,3490.8,50.2944
2025-09-01 05:00:00+00:00,3490.8,3494.01,3489.89,3493.62,157.8498
2025-09-01 05:30:00+00:00,3493.61,3499.0,3492.01,3497.0,230.2932
2025-09-01 06:00:00+00:00,3497.0,3500.0,3495.0,3499.0,186.2542
2025-09-01 06:30:00+00:00,3499.0,3502.0,3497.91,3501.04,309.831
2025-09-01 07:00:00+00:00,3499.99,3500.0,3488.54,3488.61,240.815
2025-09-01 07:30:00+00:00,3488.61,3493.87,3486.84,3492.5,292.6195
2025-09-01 08:00:00+00:00,3492.5,3495.96,3490.71,3494.78,56.1363
2025-09-01 08:30:00+00:00,3494.79,3495.05,3491.45,3491.46,63.1518
2025-09-01 09:00:00+00:00,3491.46,3491.96,3487.7,3487.71,127.6452
2025-09-01 09:30:00+00:00,3487.71,3487.71,3483.19,3486.61,126.2168
2025-09-01 10:00:00+00:00,3486.61,3489.0,3481.93,3487.64,162.0932
2025-09-01 10:30:00+00:00,3487.64,3488.48,3481.0,3482.72,227.7627
2025-09-01 11:00:00+00:00,3482.72,3484.0,3481.53,3484.0,543.7084
2025-09-01 11:30:00+00:00,3484.0,3484.81,3482.55,3482.63,126.009
2025-09-01 12:00:00+00:00,3482.64,3484.0,3481.65,3481.87,98.0862
2025-09-01 12:30:00+00:00,3481.87,3482.07,3480.73,3480.74,45.8354
2025-09-01 13:00:00+00:00,3480.74,3489.0,3480.0,3488.98,158.0832
2025-09-01 13:30:00+00:00,3488.99,3490.0,3486.64,3486.65,102.7572
2025-09-01 14:00:00+00:00,3486.65,3491.84,3485.77,3491.14,117.0823
2025-09-01 14:30:00+00:00,3491.08,3491.08,3485.0,3486.23,200.961
2025-09-01 15:00:00+00:00,3486.23,3491.73,3485.76,3489.02,309.6775
2025-09-01 15:30:00+00:00,3488.94,3492.68,3488.07,3488.21,111.5465
2025-09-01 16:00:00+00:00,3488.22,3489.0,3486.36,3488.17,64.9687
2025-09-01 16:30:00+00:00,3488.18,3493.4,3487.87,3492.17,157.4567
2025-09-01 17:00:00+00:00,3492.17,3492.42,3491.27,3492.07,56.8819
2025-09-01 17:30:00+00:00,3492.08,3494.45,3492.07,3494.45,87.0221
2025-09-01 18:00:00+00:00,3494.44,3494.44,3490.8,3491.09,98.5742
2025-09-01 18:30:00+00:00,3491.09,3493.35,3489.92,3490.51,56.7431
2025-09-01 19:00:00+00:00,3490.5,3490.5,3489.44,3489.44,51.9893
2025-09-01 19:30:00+00:00,3489.42,3489.42,3488.71,3488.86,17.0635
2025-09-01 20:00:00+00:00,3488.85,3490.4,3488.77,3490.37,23.155
2025-09-01 20:30:00+00:00,3490.37,3492.66,3489.57,3490.83,83.8391
2025-09-01 21:00:00+00:00,3490.82,3492.86,3489.73,3491.95,48.8008
2025-09-01 21:30:00+00:00,3491.99,3493.07,3489.37,3493.02,36.6076
2025-09-01 22:00:00+00:00,3493.07,3494.3,3492.01,3494.3,34.064
2025-09-01 22:30:00+00:00,3494.29,3495.01,3493.39,3493.43,53.274
2025-09-01 23:00:00+00:00,3493.43,3498.0,3493.42,3497.28,112.8922
2025-09-01 23:30:00+00:00,3497.28,3505.03,3497.28,3503.19,220.3472
2025-09-02 00:00:00+00:00,3502.92,3506.0,3501.45,3504.05,172.9042
2025-09-02 00:30:00+00:00,3504.05,3538.0,3504.04,3507.62,334.9026
2025-09-02 01:00:00+00:00,3507.61,3531.48,3507.43,3529.01,312.0582
2025-09-02 01:30:00+00:00,3529.01,3540.0,3525.47,3531.07,375.7901
2025-09-02 02:00:00+00:00,3530.9,3532.27,3521.13,3522.09,109.1733
2025-09-02 02:30:00+00:00,3522.09,3531.93,3520.0,3520.96,198.7117
2025-09-02 03:00:00+00:00,3520.95,3521.39,3514.05,3516.07,134.638
2025-09-02 03:30:00+00:00,3516.17,3519.93,3512.61,3518.1,79.2551
2025-09-02 04:00:00+00:00,3518.01,3518.17,3514.29,3516.6,72.8106
2025-09-02 04:30:00+00:00,3516.6,3521.79,3514.99,3518.36,74.1273
2025-09-02 05:00:00+00:00,3517.96,3518.39,3513.53,3513.97,113.8549
2025-09-02 05:30:00+00:00,3513.97,3515.35,3511.27,3511.33,133.8881
2025-09-02 06:00:00+00:00,3511.7,3513.72,3500.0,3503.22,90.9437
2025-09-02 06:30:00+00:00,3503.22,3506.42,3495.5,3500.3,162.0327
2025-09-02 07:00:00+00:00,3500.29,3502.22,3495.0,3498.51,101.6072
2025-09-02 07:30:00+00:00,3498.79,3514.74,3490.6,3494.72,361.2528
2025-09-02 08:00:00+00:00,3494.61,3495.62,3486.35,3493.3,271.8795
2025-09-02 08:30:00+00:00,3493.3,3496.56,3490.0,3491.52,107.0262
2025-09-02 09:00:00+00:00,3491.86,3501.42,3490.5,3498.68,305.0607
2025-09-02 09:30:00+00:00,3498.68,3498.69,3492.5,3492.5,112.0809
2025-09-02 10:00:00+00:00,3492.51,3497.09,3491.34,3494.74,151.4054
2025-09-02 10:30:00+00:00,3494.74,3503.8,3494.74,3501.23,186.1287
2025-09-02 11:00:00+00:00,3501.23,3501.59,3496.51,3497.24,77.6371
2025-09-02 11:30:00+00:00,3497.23,3504.0,3496.36,3504.0,108.8799
2025-09-02 12:00:00+00:00,3504.0,3508.99,3497.2,3498.41,160.0461
2025-09-02 12:30:00+00:00,3498.42,3503.79,3490.02,3497.0,132.8559
2025-09-02 13:00:00+00:00,3497.64,3499.67,3493.84,3499.58,31.6451
2025-09-02 13:30:00+00:00,3499.6,3506.37,3495.92,3502.74,455.7984
2025-09-02 14:00:00+00:00,3502.55,3516.57,3502.55,3514.14,319.7991
2025-09-02 14:30:00+00:00,3514.13,3525.75,3509.36,3523.78,195.6874
2025-09-02 15:00:00+00:00,3523.78,3532.16,3521.99,3524.94,279.5271
2025-09-02 15:30:00+00:00,3524.93,3538.42,3524.93,3534.52,143.4421
2025-09-02 16:00:00+00:00,3534.53,3538.46,3532.0,3537.71,91.4453
2025-09-02 16:30:00+00:00,3537.72,3545.62,3537.72,3545.02,131.4368
2025-09-02 17:00:00+00:00,3545.01,3548.0,3543.11,3545.42,186.3764
2025-09-02 17:30:00+00:00,3545.42,3546.83,3543.11,3546.0,132.031
2025-09-02 18:00:00+00:00,3546.4,3547.09,3543.11,3545.06,74.1166
2025-09-02 18:30:00+00:00,3545.06,3549.87,3541.14,3542.91,132.5929
2025-09-02 19:00:00+00:00,3542.91,3556.69,3542.91,3553.14,243.0217
2025-09-02 19:30:00+00:00,3553.14,3556.39,3551.38,3554.0,117.4764
2025-09-02 20:00:00+00:00,3554.01,3555.41,3550.4,3552.6,167.325
2025-09-02 20:30:00+00:00,3552.59,3552.82,3550.4,3550.4,67.8121
2025-09-02 21:00:00+00:00,3550.4,3552.62,3550.4,3551.05,34.7287
2025-09-02 21:30:00+00:00,3551.06,3551.9,3550.4,3551.59,128.4572
2025-09-02 22:00:00+00:00,3551.58,3552.14,3549.44,3551.07,165.1079
2025-09-02 22:30:00+00:00,3551.07,3551.07,3544.88,3545.43,65.8825
2025-09-02 23:00:00+00:00,3545.44,3549.91,3544.0,3544.3,98.7816
2025-09-02 23:30:00+00:00,3544.31,3550.49,3543.21,3548.15,141.3389
2025-09-03 00:00:00+00:00,3548.15,3560.0,3545.06,3551.63,153.8081
2025-09-03 00:30:00+00:00,3551.51,3559.49,3551.33,3558.15,101.725
2025-09-03 01:00:00+00:00,3558.15,3561.06,3550.7,3554.07,94.8267
2025-09-03 01:30:00+00:00,3554.07,3560.0,3553.4,3558.04,145.5549
2025-09-03 02:00:00+00:00,3558.04,3562.3,3549.81,3556.13,218.9984
2025-09-03 02:30:00+00:00,3555.92,3555.92,3546.99,3546.99,92.9738
2025-09-03 03:00:00+00:00,3546.98,3547.38,3543.44,3544.09,104.4091
2025-09-03 03:30:00+00:00,3544.08,3546.77,3542.4,3544.91,46.317
2025-09-03 04:00:00+00:00,3544.9,3547.03,3544.78,3545.95,50.9487
2025-09-03 04:30:00+00:00,3545.95,3551.68,3545.94,3550.71,112.47
2025-09-03 05:00:00+00:00,3550.72,3553.31,3549.51,3551.82,155.1104
2025-09-03 05:30:00+00:00,3551.83,3551.83,3546.04,3546.62,79.7075
2025-09-03 06:00:00+00:00,3546.62,3552.45,3546.61,3548.91,70.1406
2025-09-03 06:30:00+00:00,3548.9,3552.97,3548.9,3551.33,168.2332
2025-09-03 07:00:00+00:00,3551.64,3552.1,3547.64,3550.25,118.9294
2025-09-03 07:30:00+00:00,3550.25,3553.74,3550.25,3550.66,83.9827
2025-09-03 08:00:00+00:00,3550.45,3558.79,3550.44,3556.86,88.0051
2025-09-03 08:30:00+00:00,3556.86,3556.86,3552.87,3555.2,84.5122
2025-09-03 09:00:00+00:00,3555.29,3557.98,3555.29,3555.47,78.8132
2025-09-03 09:30:00+00:00,3555.42,3555.76,3550.89,3551.27,73.3024
2025-09-03 10:00:00+00:00,3551.18,3552.55,3549.0,3551.78,87.9558
2025-09-03 10:30:00+00:00,3551.77,3556.33,3551.77,3555.52,57.927
2025-09-03 11:00:00+00:00,3555.52,3562.0,3555.52,3561.7,82.5186
2025-09-03 11:30:00+00:00,3561.99,3564.9,3561.28,3564.9,111.002
2025-09-03 12:00:00+00:00,3564.22,3565.26,3558.49,3560.69,164.4242
2025-09-03 12:30:00+00:00,3560.69,3567.43,3558.75,3566.41,161.2508
2025-09-03 13:00:00+00:00,3566.31,3572.6,3565.99,3572.6,185.7797
2025-09-03 13:30:00+00:00,3572.6,3574.2,3563.24,3567.39,139.3392
2025-09-03 14:00:00+00:00,3567.45,3577.26,3565.62,3575.6,180.1471
2025-09-03 14:30:00+00:00,3575.61,3576.05,3569.22,3571.71,90.5742
2025-09-03 15:00:00+00:00,3571.71,3574.84,3568.92,3574.48,141.7918
2025-09-03 15:30:00+00:00,3574.47,3575.35,3572.69,3574.38,25.9582
2025-09-03 16:00:00+00:00,3574.38,3578.31,3573.2,3577.98,77.4001
2025-09-03 16:30:00+00:00,3577.72,3583.3,3577.65,3583.3,120.9184
2025-09-03 17:00:00+00:00,3583.3,3587.44,3581.19,3582.59,102.1584
2025-09-03 17:30:00+00:00,3582.58,3586.49,3582.44,3583.75,44.2873
2025-09-03 18:00:00+00:00,3583.74,3587.5,3583.54,3585.93,46.9415
2025-09-03 18:30:00+00:00,3585.93,3585.93,3580.0,3581.29,97.9768
2025-09-03 19:00:00+00:00,3580.86,3582.15,3577.0,3578.73,181.7881
2025-09-03 19:30:00+00:00,3579.02,3579.02,3574.33,3574.76,72.7057
2025-09-03 20:00:00+00:00,3574.76,3578.04,3573.71,3578.03,27.4683
2025-09-03 20:30:00+00:00,3578.03,3578.03,3573.01,3573.33,53.3779
2025-09-03 21:00:00+00:00,3573.33,3573.34,3570.01,3573.01,52.4088
2025-09-03 21:30:00+00:00,3573.05,3577.13,3572.3,3577.13,104.5305
2025-09-03 22:00:00+00:00,3577.13,3578.25,3573.08,3574.84,46.6204
2025-09-03 22:30:00+00:00,3574.84,3577.4,3574.84,3576.13,21.8469
2025-09-03 23:00:00+00:00,3576.14,3576.18,3570.08,3570.75,84.2741
2025-09-03 23:30:00+00:00,3570.74,3575.0,3569.57,3574.99,31.3439
2025-09-04 00:00:00+00:00,3574.99,3576.38,3569.08,3575.9,104.1381
2025-09-04 00:30:00+00:00,3575.9,3576.55,3572.98,3575.14,110.8605
2025-09-04 01:00:00+00:00,3575.64,3577.09,3566.06,3566.31,102.5515
2025-09-04 01:30:00+00:00,3566.31,3566.98,3556.8,3559.18,200.54
2025-09-04 02:00:00+00:00,3559.27,3562.58,3554.57,3556.68,205.2163
2025-09-04 02:30:00+00:00,3556.69,3558.55,3542.01,3544.22,181.6842
2025-09-04 03:00:00+00:00,3544.22,3545.27,3527.55,3544.55,362.1521
2025-09-04 03:30:00+00:00,3544.3,3544.73,3540.0,3541.99,150.1604
2025-09-04 04:00:00+00:00,3541.99,3548.0,3541.51,3544.89,323.1007
2025-09-04 04:30:00+00:00,3544.89,3545.12,3542.06,3543.99,198.5854
2025-09-04 05:00:00+00:00,3544.0,3545.89,3537.63,3540.96,215.3155
2025-09-04 05:30:00+00:00,3540.97,3546.08,3535.0,3535.99,305.1543
2025-09-04 06:00:00+00:00,3536.0,3545.99,3534.03,3545.15,590.3038
2025-09-04 06:30:00+00:00,3545.14,3551.9,3544.44,3547.03,244.1803
2025-09-04 07:00:00+00:00,3547.04,3554.77,3543.49,3547.1,232.4276
2025-09-04 07:30:00+00:00,3547.11,3553.97,3546.51,3553.04,155.4831
2025-09-04 08:00:00+00:00,3553.04,3560.97,3553.03,3554.92,202.9241
2025-09-04 08:30:00+00:00,3554.92,3555.27,3549.01,3551.41,122.5257
2025-09-04 09:00:00+00:00,3551.41,3554.67,3550.97,3551.14,100.6712
2025-09-04 09:30:00+00:00,3551.14,3552.71,3547.9,3547.9,79.274
2025-09-04 10:00:00+00:00,3547.91,3556.16,3547.91,3551.72,64.6059
2025-09-04 10:30:00+00:00,3551.72,3552.65,3546.99,3548.77,194.7552
2025-09-04 11:00:00+00:00,3548.77,3550.58,3546.6,3548.6,94.6366
2025-09-04 11:30:00+00:00,3548.6,3556.66,3548.2,3552.51,110.5184
2025-09-04 12:00:00+00:00,3552.52,3558.03,3552.07,3552.58,112.9148
2025-09-04 12:30:00+00:00,3552.93,3556.0,3550.01,3553.23,174.4416
2025-09-04 13:00:00+00:00,3553.23,3563.0,3549.37,3562.4,178.3695
2025-09-04 13:30:00+00:00,3562.4,3565.66,3555.0,3555.79,145.5203
2025-09-04 14:00:00+00:00,3555.79,3555.79,3544.8,3549.82,114.3616
2025-09-04 14:30:00+00:00,3550.07,3555.16,3549.17,3554.62,51.9597
2025-09-04 15:00:00+00:00,3554.64,3558.98,3545.57,3553.42,205.8206
2025-09-04 15:30:00+00:00,3553.43,3560.43,3552.4,3560.11,27.6487
2025-09-04 16:00:00+00:00,3560.0,3563.97,3558.86,3559.96,61.0139
2025-09-04 16:30:00+00:00,3559.85,3561.66,3557.44,3560.3,83.5546
2025-09-04 17:00:00+00:00,3560.31,3562.5,3555.41,3556.45,30.6303
2025-09-04 17:30:00+00:00,3556.78,3557.48,3551.27,3551.38,104.5149
2025-09-04 18:00:00+00:00,3551.39,3554.94,3551.38,3553.2,58.2604
2025-09-04 18:30:00+00:00,3553.2,3555.22,3552.87,3552.88,30.1598
2025-09-04 19:00:00+00:00,3552.88,3559.32,3552.35,3558.87,60.4393
2025-09-04 19:30:00+00:00,3558.86,3559.93,3555.66,3557.43,76.0909
2025-09-04 20:00:00+00:00,3557.35,3557.98,3555.64,3555.67,21.2415
2025-09-04 20:30:00+00:00,3555.66,3555.67,3551.38,3553.16,30.6231
2025-09-04 21:00:00+00:00,3553.16,3555.67,3550.92,3553.72,50.4254
2025-09-04 21:30:00+00:00,3553.71,3556.67,3552.1,3554.58,47.3563
2025-09-04 22:00:00+00:00,3554.57,3554.58,3550.1,3550.86,27.7755
2025-09-04 22:30:00+00:00,3550.86,3554.01,3548.64,3549.55,91.7187
2025-09-04 23:00:00+00:00,3549.56,3551.81,3549.13,3551.12,35.3179
2025-09-04 23:30:00+00:00,3551.13,3559.8,3551.12,3559.09,47.116
2025-09-05 00:00:00+00:00,3559.1,3562.24,3556.69,3559.86,95.8021
2025-09-05 00:30:00+00:00,3559.63,3562.37,3558.32,3558.96,55.4896
2025-09-05 01:00:00+00:00,3558.96,3564.27,3558.96,3563.58,45.1636
2025-09-05 01:30:00+00:00,3563.85,3564.72,3558.46,3560.56,65.1777
2025-09-05 02:00:00+00:00,3560.73,3563.7,3560.0,3560.19,50.5215
2025-09-05 02:30:00+00:00,3560.48,3560.48,3555.9,3558.31,46.7751
2025-09-05 03:00:00+00:00,3558.74,3563.67,3557.79,3563.67,11.8335
2025-09-05 03:30:00+00:00,3563.67,3565.2,3563.48,3564.97,45.5242
2025-09-05 04:00:00+00:00,3564.98,3565.38,3564.57,3564.97,45.5434
2025-09-05 04:30:00+00:00,3564.97,3565.6,3562.3,3564.88,178.314
2025-09-05 05:00:00+00:00,3564.66,3566.2,3561.41,3563.4,74.1831
2025-09-05 05:30:00+00:00,3563.41,3566.45,3562.95,3564.7,20.8363
2025-09-05 06:00:00+00:00,3564.71,3566.78,3558.0,3559.15,58.7274
2025-09-05 06:30:00+00:00,3559.14,3561.81,3559.14,3561.41,24.9057
2025-09-05 07:00:00+00:00,3561.42,3561.62,3557.33,3557.44,124.8116
2025-09-05 07:30:00+00:00,3557.44,3557.44,3551.77,3552.99,174.0878
2025-09-05 08:00:00+00:00,3552.98,3553.92,3550.0,3553.49,81.0688
2025-09-05 08:30:00+00:00,3553.48,3554.74,3550.56,3550.56,74.912
2025-09-05 09:00:00+00:00,3550.55,3554.85,3550.55,3554.82,51.006
2025-09-05 09:30:00+00:00,3554.82,3561.59,3554.82,3560.0,75.0278
2025-09-05 10:00:00+00:00,3560.01,3560.01,3555.44,3557.23,89.0917
2025-09-05 10:30:00+00:00,3557.22,3559.33,3556.61,3558.82,28.5007
2025-09-05 11:00:00+00:00,3558.56,3560.9,3557.43,3557.44,42.998
2025-09-05 11:30:00+00:00,3557.34,3558.92,3555.36,3558.1,48.653
2025-09-05 12:00:00+00:00,3558.09,3559.8,3555.5,3559.59,79.9655
2025-09-05 12:30:00+00:00,3559.6,3587.36,3559.6,3581.93,645.5189
2025-09-05 13:00:00+00:00,3581.94,3582.7,3572.8,3579.21,153.6505
2025-09-05 13:30:00+00:00,3579.21,3593.46,3577.57,3593.45,127.9768
2025-09-05 14:00:00+00:00,3593.46,3598.53,3578.08,3579.73,412.6508
2025-09-05 14:30:00+00:00,3579.54,3590.33,3572.0,3590.33,172.6389
2025-09-05 15:00:00+00:00,3590.38,3591.48,3583.87,3588.99,77.2393
2025-09-05 15:30:00+00:00,3588.98,3596.29,3588.89,3593.72,96.2778
2025-09-05 16:00:00+00:00,3593.29,3598.78,3591.81,3598.07,74.5445
2025-09-05 16:30:00+00:00,3598.07,3599.0,3592.37,3595.29,107.5423
2025-09-05 17:00:00+00:00,3595.41,3597.08,3590.03,3596.95,59.2606
2025-09-05 17:30:00+00:00,3596.83,3599.09,3596.0,3598.45,28.2551
2025-09-05 18:00:00+00:00,3598.44,3599.1,3594.33,3597.76,77.2847
2025-09-05 18:30:00+00:00,3597.76,3598.35,3595.36,3597.72,53.1132
2025-09-05 19:00:00+00:00,3597.98,3598.56,3595.61,3596.29,64.8588
2025-09-05 19:30:00+00:00,3596.28,3599.0,3595.26,3598.29,34.1214
2025-09-05 20:00:00+00:00,3598.29,3598.29,3592.04,3593.43,101.7968
2025-09-05 20:30:00+00:00,3593.44,3594.07,3590.0,3590.01,49.466
2025-09-05 21:00:00+00:00,3590.0,3592.49,3590.0,3590.69,43.6458
2025-09-05 21:30:00+00:00,3590.69,3599.0,3590.69,3597.45,34.4231
2025-09-05 22:00:00+00:00,3597.45,3597.45,3592.04,3597.31,47.3207
2025-09-05 22:30:00+00:00,3597.31,3598.81,3596.96,3598.14,29.318
2025-09-05 23:00:00+00:00,3598.13,3598.14,3595.14,3596.42,75.944
2025-09-05 23:30:00+00:00,3596.43,3596.43,3591.44,3593.64,20.0932
2025-09-06 00:00:00+00:00,3593.65,3593.65,3590.51,3591.29,32.8167
2025-09-06 00:30:00+00:00,3591.29,3591.96,3590.92,3591.59,36.0722
2025-09-06 01:00:00+00:00,3591.66,3596.51,3591.58,3596.34,38.1821
2025-09-06 01:30:00+00:00,3596.34,3596.67,3593.63,3595.94,27.8868
2025-09-06 02:00:00+00:00,3595.94,3596.58,3594.46,3594.74,23.6006
2025-09-06 02:30:00+00:00,3594.74,3595.72,3591.6,3595.72,51.5724
2025-09-06 03:00:00+00:00,3595.72,3595.98,3592.95,3595.31,39.2906
2025-09-06 03:30:00+00:00,3595.85,3597.99,3595.84,3597.51,17.9991
2025-09-06 04:00:00+00:00,3597.5,3598.99,3596.49,3598.54,23.8807
2025-09-06 04:30:00+00:00,3598.54,3598.71,3598.08,3598.7,10.1327
2025-09-06 05:00:00+00:00,3598.7,3598.88,3595.7,3596.9,62.8713
2025-09-06 05:30:00+00:00,3596.9,3599.1,3596.2,3598.46,55.2531
2025-09-06 06:00:00+00:00,3598.45,3599.06,3598.14,3598.89,28.1562
2025-09-06 06:30:00+00:00,3598.88,3599.9,3598.58,3599.44,45.1511
2025-09-06 07:00:00+00:00,3599.47,3599.86,3599.47,3599.85,18.3039
2025-09-06 07:30:00+00:00,3599.86,3601.12,3599.85,3600.9,44.6164
2025-09-06 08:00:00+00:00,3600.9,3603.6,3600.9,3603.08,57.8554
2025-09-06 08:30:00+00:00,3603.08,3609.73,3603.07,3607.01,77.857923
2025-09-06 09:00:00+00:00,3607.0,3611.68,3605.0,3610.64,162.3921
2025-09-06 09:30:00+00:00,3610.65,3611.02,3606.92,3606.92,232.2586
2025-09-06 10:00:00+00:00,3606.89,3609.99,3603.63,3604.07,60.5456
2025-09-06 10:30:00+00:00,3604.07,3605.41,3603.02,3604.21,46.0645
2025-09-06 11:00:00+00:00,3604.21,3605.24,3600.91,3605.24,91.359
2025-09-06 11:30:00+00:00,3605.24,3607.65,3605.24,3607.55,30.6956
2025-09-06 12:00:00+00:00,3607.55,3608.87,3606.61,3608.4,38.3771
2025-09-06 12:30:00+00:00,3608.39,3610.03,3608.1,3609.86,52.0947
2025-09-06 13:00:00+00:00,3609.86,3611.2,3607.8,3608.96,116.4665
2025-09-06 13:30:00+00:00,3608.97,3608.97,3603.19,3606.64,41.7483
2025-09-06 14:00:00+00:00,3606.64,3610.7,3606.01,3607.64,35.2327
2025-09-06 14:30:00+00:00,3607.64,3607.7,3604.47,3607.7,41.8935
2025-09-06 15:00:00+00:00,3607.7,3609.09,3607.12,3608.64,31.7012
2025-09-06 15:30:00+00:00,3608.64,3613.83,3608.37,3610.47,108.9716
2025-09-06 16:00:00+00:00,3610.47,3624.29,3610.47,3623.12,251.4429
2025-09-06 16:30:00+00:00,3623.12,3624.51,3620.65,3620.65,176.173
2025-09-06 17:00:00+00:00,3620.65,3621.42,3620.21,3620.21,178.6613
2025-09-06 17:30:00+00:00,3620.22,3620.22,3617.16,3618.72,64.4003
2025-09-06 18:00:00+00:00,3618.94,3621.0,3617.86,3619.48,55.7125
2025-09-06 18:30:00+00:00,3619.47,3621.68,3619.42,3620.48,33.9433
2025-09-06 19:00:00+00:00,3620.48,3620.63,3616.46,3617.25,35.4287
2025-09-06 19:30:00+00:00,3617.24,3623.15,3613.64,3622.61,37.0158
2025-09-06 20:00:00+00:00,3622.62,3623.87,3619.36,3619.37,43.7178
2025-09-06 20:30:00+00:00,3619.36,3624.3,3618.74,3624.3,49.941
2025-09-06 21:00:00+00:00,3624.34,3625.81,3622.97,3624.69,49.7382
2025-09-06 21:30:00+00:00,3624.69,3624.7,3613.45,3613.46,75.0067
2025-09-06 22:00:00+00:00,3613.45,3621.11,3613.43,3621.11,20.6051
2025-09-06 22:30:00+00:00,3621.1,3621.66,3617.76,3621.26,31.8629
2025-09-06 23:00:00+00:00,3621.27,3621.27,3613.46,3615.03,27.6555
2025-09-06 23:30:00+00:00,3615.04,3630.11,3614.05,3626.0,212.2463
2025-09-07 00:00:00+00:00,3626.0,3627.24,3623.71,3623.71,71.0422
2025-09-07 00:30:00+00:00,3623.71,3624.27,3614.13,3621.34,54.1481
2025-09-07 01:00:00+00:00,3621.6,3625.68,3617.51,3622.38,97.3515
2025-09-07 01:30:00+00:00,3622.86,3624.01,3618.01,3622.25,31.6578
2025-09-07 02:00:00+00:00,3622.39,3625.5,3622.24,3623.43,21.426
2025-09-07 02:30:00+00:00,3623.43,3625.15,3620.0,3622.33,24.1865
2025-09-07 03:00:00+00:00,3622.33,3622.73,3618.0,3618.64,79.3948
2025-09-07 03:30:00+00:00,3618.64,3619.61,3616.0,3616.01,59.6908
2025-09-07 04:00:00+00:00,3616.01,3619.69,3615.21,3616.09,37.9775
2025-09-07 04:30:00+00:00,3616.25,3619.21,3616.25,3616.9,20.4682
2025-09-07 05:00:00+00:00,3616.91,3626.78,3616.42,3625.3,101.0037
2025-09-07 05:30:00+00:00,3625.42,3626.64,3621.71,3623.05,36.5753
2025-09-07 06:00:00+00:00,3623.04,3624.73,3621.29,3623.78,17.6126
2025-09-07 06:30:00+00:00,3623.89,3625.97,3617.92,3618.33,63.4814
2025-09-07 07:00:00+00:00,3618.33,3623.0,3615.62,3618.31,43.5095
2025-09-07 07:30:00+00:00,3618.5,3618.5,3614.96,3615.9,59.8834
2025-09-07 08:00:00+00:00,3615.89,3619.13,3613.43,3616.77,95.3843
2025-09-07 08:30:00+00:00,3616.77,3619.12,3615.11,3616.65,47.6579
2025-09-07 09:00:00+00:00,3616.55,3618.88,3616.01,3618.41,29.4932
2025-09-07 09:30:00+00:00,3618.41,3623.83,3618.41,3620.9,50.9288
2025-09-07 10:00:00+00:00,3621.28,3623.76,3618.58,3619.1,46.4455
2025-09-07 10:30:00+00:00,3619.09,3619.09,3613.53,3615.69,148.3227
2025-09-07 11:00:00+00:00,3615.51,3617.68,3615.13,3616.89,70.5088
2025-09-07 11:30:00+00:00,3616.89,3622.63,3616.88,3620.76,112.6898
2025-09-07 12:00:00+00:00,3620.76,3621.23,3615.2,3619.43,52.9787
2025-09-07 12:30:00+00:00,3619.43,3620.0,3616.12,3619.65,43.371
2025-09-07 13:00:00+00:00,3619.65,3623.06,3616.12,3621.03,80.1282
2025-09-07 13:30:00+00:00,3621.03,3621.97,3615.34,3619.1,112.2964
2025-09-07 14:00:00+00:00,3619.02,3619.71,3615.02,3615.32,95.7466
2025-09-07 14:30:00+00:00,3615.32,3617.81,3614.66,3616.93,98.2435
2025-09-07 15:00:00+00:00,3616.94,3619.33,3615.64,3616.67,90.6583
2025-09-07 15:30:00+00:00,3616.68,3617.0,3615.64,3615.64,74.093
2025-09-07 16:00:00+00:00,3615.65,3617.15,3615.64,3615.83,77.8538
2025-09-07 16:30:00+00:00,3615.83,3619.34,3615.64,3616.74,107.0678
2025-09-07 17:00:00+00:00,3616.74,3619.84,3616.35,3618.22,76.6573
2025-09-07 17:30:00+00:00,3618.21,3619.77,3618.21,3619.76,77.555
2025-09-07 18:00:00+00:00,3619.76,3619.88,3614.58,3614.78,109.4344
2025-09-07 18:30:00+00:00,3614.78,3615.9,3612.99,3615.56,90.407
2025-09-07 19:00:00+00:00,3615.56,3616.86,3613.6,3615.76,110.5815
2025-09-07 19:30:00+00:00,3615.76,3618.31,3613.18,3613.52,82.471
2025-09-07 20:00:00+00:00,3613.52,3617.61,3612.95,3613.63,92.2769
2025-09-07 20:30:00+00:00,3613.64,3613.92,3613.07,3613.17,69.7743
2025-09-07 21:00:00+00:00,3613.17,3621.95,3608.78,3614.61,274.5866
2025-09-07 21:30:00+00:00,3614.61,3614.61,3609.31,3609.53,72.5352
2025-09-07 22:00:00+00:00,3609.52,3611.57,3602.0,3606.75,171.2211
2025-09-07 22:30:00+00:00,3606.74,3608.0,3602.0,3602.58,167.6357
2025-09-07 23:00:00+00:00,3602.58,3604.97,3598.31,3598.33,140.5995
2025-09-07 23:30:00+00:00,3598.33,3604.03,3598.06,3602.37,107.9448
2025-09-08 00:00:00+00:00,3602.37,3602.37,3597.0,3597.27,98.1301
2025-09-08 00:30:00+00:00,3597.1,3603.44,3595.04,3602.37,119.7891
2025-09-08 01:00:00+00:00,3602.37,3604.9,3593.78,3595.33,95.7264
2025-09-08 01:30:00+00:00,3595.33,3598.46,3594.47,3597.98,85.8236
2025-09-08 02:00:00+00:00,3597.98,3601.39,3596.0,3597.89,125.771
2025-09-08 02:30:00+00:00,3597.88,3599.88,3596.0,3598.0,102.201
2025-09-08 03:00:00+00:00,3598.0,3598.36,3593.75,3594.18,159.4356
2025-09-08 03:30:00+00:00,3594.18,3594.19,3589.74,3590.19,154.585
2025-09-08 04:00:00+00:00,3590.19,3598.27,3588.12,3592.13,155.1902
2025-09-08 04:30:00+00:00,3592.13,3592.14,3591.27,3591.32,45.3939
2025-09-08 05:00:00+00:00,3591.32,3593.38,3590.8,3592.14,72.5223
2025-09-08 05:30:00+00:00,3592.14,3598.41,3592.01,3597.97,111.7501
2025-09-08 06:00:00+00:00,3597.96,3602.53,3594.19,3600.97,224.3438
2025-09-08 06:30:00+00:00,3600.97,3604.65,3600.1,3604.25,118.5953
2025-09-08 07:00:00+00:00,3604.25,3618.08,3604.0,3614.81,143.7229
2025-09-08 07:30:00+00:00,3615.28,3622.15,3614.07,3618.78,134.8705
2025-09-08 08:00:00+00:00,3618.91,3623.44,3615.96,3620.22,124.3841
2025-09-08 08:30:00+00:00,3620.28,3622.02,3616.83,3618.1,97.6732
2025-09-08 09:00:00+00:00,3618.1,3622.62,3616.81,3620.19,85.9137
2025-09-08 09:30:00+00:00,3620.18,3620.89,3616.84,3620.75,276.0978
2025-09-08 10:00:00+00:00,3620.7,3627.6,3618.72,3623.19,312.0091
2025-09-08 10:30:00+00:00,3623.49,3623.87,3617.09,3622.42,209.6592
2025-09-08 11:00:00+00:00,3622.42,3622.42,3618.88,3620.57,90.534
2025-09-08 11:30:00+00:00,3620.57,3628.11,3620.57,3627.17,249.0787
2025-09-08 12:00:00+00:00,3627.25,3628.02,3622.17,3625.16,126.8573
2025-09-08 12:30:00+00:00,3625.17,3629.99,3623.97,3629.19,188.6093
2025-09-08 13:00:00+00:00,3629.18,3636.64,3627.22,3630.55,154.4597
2025-09-08 13:30:00+00:00,3630.27,3641.24,3626.34,3638.68,187.3517
2025-09-08 14:00:00+00:00,3638.24,3642.71,3635.96,3636.53,113.7449
2025-09-08 14:30:00+00:00,3636.53,3645.13,3636.27,3645.01,340.0687
2025-09-08 15:00:00+00:00,3645.0,3649.32,3640.82,3641.52,261.7838
2025-09-08 15:30:00+00:00,3641.41,3643.58,3637.61,3642.43,154.2989
2025-09-08 16:00:00+00:00,3642.43,3645.0,3638.99,3643.45,104.1438
2025-09-08 16:30:00+00:00,3643.45,3648.16,3640.32,3645.82,195.4167
2025-09-08 17:00:00+00:00,3645.97,3646.06,3638.88,3641.26,116.3698
2025-09-08 17:30:00+00:00,3641.27,3642.24,3638.61,3638.61,80.4044
2025-09-08 18:00:00+00:00,3638.61,3641.87,3638.31,3638.33,76.3694
2025-09-08 18:30:00+00:00,3638.34,3641.32,3638.13,3640.98,81.653
2025-09-08 19:00:00+00:00,3640.98,3642.25,3638.58,3639.06,102.7669
2025-09-08 19:30:00+00:00,3639.05,3643.54,3639.05,3641.46,113.9988
2025-09-08 20:00:00+00:00,3641.46,3642.44,3639.47,3639.55,59.8133
2025-09-08 20:30:00+00:00,3639.55,3643.39,3639.54,3641.18,72.9019
2025-09-08 21:00:00+00:00,3641.12,3641.82,3638.8,3640.28,84.1164
2025-09-08 21:30:00+00:00,3640.29,3640.29,3638.1,3638.49,54.7594
2025-09-08 22:00:00+00:00,3638.49,3643.77,3636.0,3637.19,109.8333
2025-09-08 22:30:00+00:00,3637.44,3638.49,3633.36,3634.78,107.6031
2025-09-08 23:00:00+00:00,3634.87,3639.87,3634.8,3637.1,84.8831
2025-09-08 23:30:00+00:00,3637.23,3641.49,3635.54,3640.8,71.7074
2025-09-09 00:00:00+00:00,3640.8,3647.01,3640.06,3644.7,104.2356
2025-09-09 00:30:00+00:00,3644.7,3646.96,3644.4,3645.82,76.844
2025-09-09 01:00:00+00:00,3645.82,3653.39,3645.75,3651.23,210.2206
2025-09-09 01:30:00+00:00,3651.36,3660.03,3650.87,3656.03,166.9272
2025-09-09 02:00:00+00:00,3655.93,3665.51,3653.88,3663.11,257.3699
2025-09-09 02:30:00+00:00,3663.12,3670.0,3656.38,3658.41,354.4966
2025-09-09 03:00:00+00:00,3658.41,3662.82,3656.08,3658.89,230.9302
2025-09-09 03:30:00+00:00,3658.89,3663.33,3653.59,3655.47,98.8277
2025-09-09 04:00:00+00:00,3655.46,3659.88,3655.12,3659.26,98.0157
2025-09-09 04:30:00+00:00,3659.25,3665.08,3659.25,3663.13,107.0886
2025-09-09 05:00:00+00:00,3663.14,3667.56,3660.42,3662.47,125.9267
2025-09-09 05:30:00+00:00,3662.47,3668.24,3662.46,3666.52,108.0891
2025-09-09 06:00:00+00:00,3666.51,3666.51,3646.34,3648.28,402.6594
2025-09-09 06:30:00+00:00,3648.29,3660.42,3647.98,3656.63,144.6066
2025-09-09 07:00:00+00:00,3656.43,3657.36,3650.0,3657.04,263.8273
2025-09-09 07:30:00+00:00,3657.03,3658.75,3650.21,3651.59,137.3732
2025-09-09 08:00:00+00:00,3651.27,3654.49,3650.66,3653.94,95.7692
2025-09-09 08:30:00+00:00,3653.94,3657.81,3652.3,3655.52,97.7428
2025-09-09 09:00:00+00:00,3655.8,3664.72,3655.61,3661.47,112.5834
2025-09-09 09:30:00+00:00,3660.89,3661.86,3658.26,3660.64,87.8234
2025-09-09 10:00:00+00:00,3660.63,3662.17,3659.42,3659.62,75.9613
2025-09-09 10:30:00+00:00,3659.62,3659.93,3657.17,3658.79,91.0286
2025-09-09 11:00:00+00:00,3658.79,3661.28,3658.79,3660.11,79.3224
2025-09-09 11:30:00+00:00,3660.12,3662.46,3656.38,3656.92,183.0603
2025-09-09 12:00:00+00:00,3657.1,3664.65,3657.01,3658.86,77.8052
2025-09-09 12:30:00+00:00,3658.87,3660.07,3653.65,3657.91,141.2946
2025-09-09 13:00:00+00:00,3657.91,3670.6,3656.92,3669.91,158.1669
2025-09-09 13:30:00+00:00,3669.93,3678.45,3667.78,3673.38,347.6728
2025-09-09 14:00:00+00:00,3673.84,3681.7,3657.0,3664.04,525.1919
2025-09-09 14:30:00+00:00,3664.04,3664.28,3648.0,3653.92,344.4911
2025-09-09 15:00:00+00:00,3654.05,3654.69,3639.09,3651.71,150.5387
2025-09-09 15:30:00+00:00,3651.72,3656.0,3648.84,3656.0,162.5292
2025-09-09 16:00:00+00:00,3655.99,3661.07,3654.54,3657.48,372.2079
2025-09-09 16:30:00+00:00,3657.48,3661.88,3656.7,3657.71,145.5357
2025-09-09 17:00:00+00:00,3657.72,3661.1,3655.64,3657.22,109.0821
2025-09-09 17:30:00+00:00,3657.22,3659.66,3654.88,3655.5,67.5092
2025-09-09 18:00:00+00:00,3655.51,3660.66,3655.51,3657.42,123.4708
2025-09-09 18:30:00+00:00,3657.43,3661.18,3653.43,3653.57,77.7778
2025-09-09 19:00:00+00:00,3653.58,3654.27,3647.8,3648.68,82.8974
2025-09-09 19:30:00+00:00,3648.68,3648.87,3641.19,3641.68,94.5077
2025-09-09 20:00:00+00:00,3641.69,3647.73,3641.4,3644.65,185.6027
2025-09-09 20:30:00+00:00,3644.63,3644.63,3638.7,3638.7,89.1327
2025-09-09 21:00:00+00:00,3638.48,3642.88,3635.2,3640.82,93.9552
2025-09-09 21:30:00+00:00,3640.42,3640.6,3632.55,3632.85,58.8934
2025-09-09 22:00:00+00:00,3632.85,3639.14,3632.85,3633.76,99.1972
2025-09-09 22:30:00+00:00,3633.76,3642.74,3632.79,3642.17,175.738
2025-09-09 23:00:00+00:00,3641.96,3648.36,3641.77,3646.85,108.9243
2025-09-09 23:30:00+00:00,3646.85,3647.71,3642.69,3643.12,60.7363
2025-09-10 00:00:00+00:00,3643.12,3643.69,3636.44,3636.44,120.5672
2025-09-10 00:30:00+00:00,3636.91,3640.02,3630.0,3632.8,103.3316
2025-09-10 01:00:00+00:00,3632.79,3637.23,3630.11,3630.75,91.6623
2025-09-10 01:30:00+00:00,3630.39,3639.83,3630.39,3638.05,63.5513
2025-09-10 02:00:00+00:00,3638.18,3642.25,3637.8,3640.42,79.055
2025-09-10 02:30:00+00:00,3640.41,3644.41,3638.56,3642.67,92.9903
2025-09-10 03:00:00+00:00,3642.67,3642.68,3639.03,3640.28,66.4628
2025-09-10 03:30:00+00:00,3640.28,3641.6,3639.41,3641.29,62.9529
2025-09-10 04:00:00+00:00,3641.29,3647.38,3641.29,3646.44,273.5792
2025-09-10 04:30:00+00:00,3646.45,3648.23,3645.15,3647.75,89.0417
2025-09-10 05:00:00+00:00,3647.76,3649.78,3646.62,3648.4,141.1896
2025-09-10 05:30:00+00:00,3648.4,3649.08,3644.09,3646.47,101.4527
2025-09-10 06:00:00+00:00,3646.48,3650.93,3645.06,3647.39,85.5102
2025-09-10 06:30:00+00:00,3647.3,3649.55,3644.82,3646.77,89.4542
2025-09-10 07:00:00+00:00,3647.19,3650.93,3645.28,3647.54,99.4244
2025-09-10 07:30:00+00:00,3647.54,3651.29,3646.24,3648.02,109.8456
2025-09-10 08:00:00+00:00,3648.0,3651.17,3646.73,3648.33,106.5145
2025-09-10 08:30:00+00:00,3648.81,3651.34,3648.12,3650.13,68.3639
2025-09-10 09:00:00+00:00,3650.04,3651.51,3649.32,3651.24,75.5177
2025-09-10 09:30:00+00:00,3651.24,3660.8,3651.17,3659.95,124.2102
2025-09-10 10:00:00+00:00,3659.95,3659.95,3655.82,3658.12,131.6786
2025-09-10 10:30:00+00:00,3658.12,3660.9,3657.57,3658.86,120.4121
2025-09-10 11:00:00+00:00,3658.81,3660.81,3654.54,3658.32,123.0135
2025-09-10 11:30:00+00:00,3658.33,3658.36,3652.0,3652.55,130.8482
2025-09-10 12:00:00+00:00,3652.5,3655.6,3651.32,3653.46,105.8985
2025-09-10 12:30:00+00:00,3653.46,3664.0,3644.73,3647.22,307.7162
2025-09-10 13:00:00+00:00,3647.21,3650.14,3644.52,3648.38,296.0523
2025-09-10 13:30:00+00:00,3648.52,3653.83,3647.82,3650.67,190.2685
2025-09-10 14:00:00+00:00,3650.68,3654.69,3649.22,3651.71,136.9467
2025-09-10 14:30:00+00:00,3651.71,3655.55,3645.54,3649.1,167.5623
2025-09-10 15:00:00+00:00,3649.09,3649.09,3638.18,3644.79,229.0653
2025-09-10 15:30:00+00:00,3644.95,3648.6,3644.95,3645.19,70.8848
2025-09-10 16:00:00+00:00,3645.19,3646.93,3644.22,3644.51,124.1051
2025-09-10 16:30:00+00:00,3644.51,3647.29,3643.12,3645.68,127.9102
2025-09-10 17:00:00+00:00,3645.33,3646.89,3640.72,3641.36,276.306
2025-09-10 17:30:00+00:00,3641.22,3645.13,3641.22,3645.07,72.4109
2025-09-10 18:00:00+00:00,3645.08,3647.31,3644.36,3646.6,88.4351
2025-09-10 18:30:00+00:00,3646.6,3647.28,3639.99,3642.57,121.7825
2025-09-10 19:00:00+00:00,3642.58,3643.24,3639.61,3639.76,73.4937
2025-09-10 19:30:00+00:00,3639.77,3643.32,3636.67,3643.31,178.5968
2025-09-10 20:00:00+00:00,3643.31,3644.6,3641.89,3642.51,77.536
2025-09-10 20:30:00+00:00,3642.51,3642.52,3639.27,3641.3,87.7506
2025-09-10 21:00:00+00:00,3641.3,3641.94,3640.66,3640.81,59.7635
2025-09-10 21:30:00+00:00,3640.8,3640.83,3639.29,3639.31,45.3644
2025-09-10 22:00:00+00:00,3639.32,3644.52,3638.0,3639.34,89.4527
2025-09-10 22:30:00+00:00,3639.34,3640.08,3639.05,3639.43,55.635
2025-09-10 23:00:00+00:00,3639.43,3641.18,3637.92,3640.88,78.2444
2025-09-10 23:30:00+00:00,3640.88,3646.92,3639.34,3642.26,135.7548
2025-09-11 00:00:00+00:00,3642.26,3643.59,3639.77,3642.27,153.2124
2025-09-11 00:30:00+00:00,3642.02,3643.11,3640.41,3640.94,86.6678
2025-09-11 01:00:00+00:00,3640.94,3644.46,3640.26,3644.46,81.2641
2025-09-11 01:30:00+00:00,3644.46,3644.72,3637.02,3637.02,94.4845
2025-09-11 02:00:00+00:00,3637.02,3640.46,3636.0,3636.17,72.7276
2025-09-11 02:30:00+00:00,3636.17,3638.38,3634.03,3635.5,128.3514
2025-09-11 03:00:00+00:00,3635.5,3636.72,3634.0,3634.65,92.8634
2025-09-11 03:30:00+00:00,3634.53,3634.53,3630.97,3632.73,114.4003
2025-09-11 04:00:00+00:00,3632.73,3639.18,3631.81,3633.61,205.6179
2025-09-11 04:30:00+00:00,3633.61,3633.61,3627.12,3628.02,257.4056
2025-09-11 05:00:00+00:00,3628.02,3628.02,3624.22,3626.37,130.0285
2025-09-11 05:30:00+00:00,3626.36,3629.9,3621.14,3621.93,169.2418
2025-09-11 06:00:00+00:00,3621.93,3630.44,3621.13,3630.09,113.195
2025-09-11 06:30:00+00:00,3630.08,3632.84,3627.09,3627.42,78.682
2025-09-11 07:00:00+00:00,3627.67,3628.16,3621.03,3623.27,140.3567
2025-09-11 07:30:00+00:00,3623.28,3627.25,3622.04,3626.33,85.3728
2025-09-11 08:00:00+00:00,3626.34,3627.92,3624.25,3625.58,62.0439
2025-09-11 08:30:00+00:00,3625.58,3626.59,3622.31,3622.99,78.5887
2025-09-11 09:00:00+00:00,3623.3,3623.35,3614.09,3617.34,247.0763
2025-09-11 09:30:00+00:00,3617.21,3624.95,3617.07,3621.5,153.2538
2025-09-11 10:00:00+00:00,3621.5,3623.76,3620.12,3621.57,81.631
2025-09-11 10:30:00+00:00,3621.57,3627.34,3621.44,3622.58,146.0489
2025-09-11 11:00:00+00:00,3622.57,3622.96,3619.12,3620.22,102.7642
2025-09-11 11:30:00+00:00,3620.26,3620.55,3615.73,3615.73,94.3314
2025-09-11 12:00:00+00:00,3615.73,3627.58,3615.73,3626.1,168.2392
2025-09-11 12:30:00+00:00,3626.12,3643.19,3616.7,3627.53,656.818
2025-09-11 13:00:00+00:00,3627.54,3634.93,3620.09,3621.48,186.2251
2025-09-11 13:30:00+00:00,3621.17,3633.46,3618.39,3628.79,236.6009
2025-09-11 14:00:00+00:00,3628.7,3641.83,3624.83,3634.11,161.4686
2025-09-11 14:30:00+00:00,3633.67,3633.78,3624.9,3627.08,130.8605
2025-09-11 15:00:00+00:00,3627.08,3635.46,3627.08,3633.0,77.8351
2025-09-11 15:30:00+00:00,3633.0,3634.36,3629.47,3632.43,92.5172
2025-09-11 16:00:00+00:00,3632.44,3645.81,3632.27,3636.45,158.851
2025-09-11 16:30:00+00:00,3636.44,3638.11,3633.0,3634.72,48.2079
2025-09-11 17:00:00+00:00,3634.72,3635.49,3631.38,3635.01,37.7031
2025-09-11 17:30:00+00:00,3635.0,3636.68,3633.64,3634.87,43.6458
2025-09-11 18:00:00+00:00,3634.88,3636.67,3632.72,3632.72,28.2773
2025-09-11 18:30:00+00:00,3632.48,3633.37,3630.7,3633.06,15.3277
2025-09-11 19:00:00+00:00,3633.06,3637.34,3633.06,3634.01,63.7709
2025-09-11 19:30:00+00:00,3634.0,3639.29,3633.67,3636.46,83.0542
2025-09-11 20:00:00+00:00,3636.16,3637.43,3635.68,3635.69,33.5887
2025-09-11 20:30:00+00:00,3635.7,3635.7,3633.86,3634.06,54.0904
2025-09-11 21:00:00+00:00,3634.01,3637.98,3632.1,3637.98,51.2451
2025-09-11 21:30:00+00:00,3637.97,3639.19,3637.76,3639.03,12.6351
2025-09-11 22:00:00+00:00,3639.03,3639.03,3635.2,3636.58,47.2349
2025-09-11 22:30:00+00:00,3636.59,3636.59,3632.79,3634.64,65.5631
2025-09-11 23:00:00+00:00,3634.64,3634.93,3633.04,3634.5,33.7892
2025-09-11 23:30:00+00:00,3634.5,3634.98,3632.1,3632.1,89.4349
2025-09-12 00:00:00+00:00,3632.1,3632.99,3632.1,3632.11,134.726
2025-09-12 00:30:00+00:00,3632.11,3635.88,3630.53,3635.01,250.4887
2025-09-12 01:00:00+00:00,3635.02,3639.5,3635.02,3639.45,111.8922
2025-09-12 01:30:00+00:00,3639.5,3642.99,3639.5,3642.15,133.6132
2025-09-12 02:00:00+00:00,3642.06,3648.48,3639.91,3645.99,109.1078
2025-09-12 02:30:00+00:00,3646.0,3646.03,3641.88,3644.38,51.6708
2025-09-12 03:00:00+00:00,3644.47,3647.21,3644.0,3646.6,52.6886
2025-09-12 03:30:00+00:00,3646.59,3648.52,3646.09,3648.52,47.667
2025-09-12 04:00:00+00:00,3648.52,3651.92,3648.28,3651.92,74.7505
2025-09-12 04:30:00+00:00,3651.92,3653.43,3651.69,3652.99,64.4304
2025-09-12 05:00:00+00:00,3652.99,3655.89,3651.54,3651.54,72.7914
2025-09-12 05:30:00+00:00,3651.5,3653.79,3649.75,3651.46,121.4451
2025-09-12 06:00:00+00:00,3651.21,3651.39,3648.0,3648.51,86.6391
2025-09-12 06:30:00+00:00,3648.5,3649.89,3646.67,3649.32,59.3458
2025-09-12 07:00:00+00:00,3649.57,3653.21,3648.75,3651.18,112.8568
2025-09-12 07:30:00+00:00,3651.01,3651.02,3647.72,3647.78,59.736
2025-09-12 08:00:00+00:00,3647.78,3650.12,3642.01,3644.34,87.477
2025-09-12 08:30:00+00:00,3644.33,3645.45,3640.45,3641.0,54.4028
2025-09-12 09:00:00+00:00,3640.99,3645.7,3639.07,3645.7,106.383
2025-09-12 09:30:00+00:00,3645.7,3647.46,3642.46,3647.46,42.0838
2025-09-12 10:00:00+00:00,3647.46,3651.13,3644.98,3649.97,107.3878
2025-09-12 10:30:00+00:00,3649.97,3650.08,3648.49,3650.07,31.2347
2025-09-12 11:00:00+00:00,3650.06,3650.08,3647.35,3647.47,51.1012
2025-09-12 11:30:00+00:00,3647.47,3647.78,3646.63,3647.76,44.0008
2025-09-12 12:00:00+00:00,3647.76,3647.77,3642.65,3643.32,90.8822
2025-09-12 12:30:00+00:00,3643.35,3646.02,3640.0,3645.91,122.4818
2025-09-12 13:00:00+00:00,3645.91,3648.87,3643.99,3647.38,76.4506
2025-09-12 13:30:00+00:00,3647.37,3650.65,3646.18,3648.47,116.8698
2025-09-12 14:00:00+00:00,3648.48,3652.14,3647.31,3650.88,55.8316
2025-09-12 14:30:00+00:00,3650.88,3651.51,3645.87,3647.33,100.6508
2025-09-12 15:00:00+00:00,3647.23,3647.23,3642.53,3644.21,62.7632
2025-09-12 15:30:00+00:00,3644.22,3647.04,3643.47,3643.47,43.3707
2025-09-12 16:00:00+00:00,3643.47,3645.53,3641.34,3644.77,53.1029
2025-09-12 16:30:00+00:00,3644.77,3647.39,3643.78,3647.39,42.1798
2025-09-12 17:00:00+00:00,3646.9,3648.53,3645.57,3645.99,112.3298
2025-09-12 17:30:00+00:00,3645.99,3647.88,3645.6,3646.29,82.4554
2025-09-12 18:00:00+00:00,3646.29,3647.43,3644.94,3646.38,151.1066
2025-09-12 18:30:00+00:00,3646.38,3646.39,3645.54,3645.97,51.6783
2025-09-12 19:00:00+00:00,3645.97,3645.97,3644.49,3644.63,45.0874
2025-09-12 19:30:00+00:00,3644.63,3644.63,3641.53,3641.54,87.6033
2025-09-12 20:00:00+00:00,3641.54,3642.54,3640.37,3640.38,56.1722
2025-09-12 20:30:00+00:00,3640.38,3642.12,3640.37,3642.08,44.89
2025-09-12 21:00:00+00:00,3642.08,3643.92,3641.69,3642.99,117.7452
2025-09-12 21:30:00+00:00,3643.0,3643.78,3642.99,3643.78,10.6364
2025-09-12 22:00:00+00:00,3643.78,3646.34,3643.78,3646.33,12.1301
2025-09-12 22:30:00+00:00,3646.33,3646.34,3633.4,3640.73,188.8673
2025-09-12 23:00:00+00:00,3640.73,3643.23,3640.73,3642.53,39.8676
2025-09-12 23:30:00+00:00,3642.53,3642.54,3640.0,3641.99,59.2994
2025-09-13 00:00:00+00:00,3641.99,3642.18,3637.52,3637.99,73.1551
2025-09-13 00:30:00+00:00,3637.98,3640.93,3637.85,3639.89,66.1511
2025-09-13 01:00:00+00:00,3639.89,3639.89,3635.61,3635.61,21.2065
2025-09-13 01:30:00+00:00,3635.6,3635.6,3629.98,3630.86,109.3634
2025-09-13 02:00:00+00:00,3630.87,3635.06,3630.86,3634.43,35.2005
2025-09-13 02:30:00+00:00,3634.43,3634.83,3634.26,3634.58,33.3713
2025-09-13 03:00:00+00:00,3634.59,3635.07,3632.38,3632.78,34.9824
2025-09-13 03:30:00+00:00,3632.79,3635.49,3631.12,3631.15,84.1503
2025-09-13 04:00:00+00:00,3631.13,3633.31,3625.47,3632.4,88.1244
2025-09-13 04:30:00+00:00,3632.39,3632.4,3629.17,3629.18,21.6582
2025-09-13 05:00:00+00:00,3629.17,3633.91,3628.56,3632.03,136.7632
2025-09-13 05:30:00+00:00,3632.04,3634.86,3630.0,3630.78,69.0911
2025-09-13 06:00:00+00:00,3630.78,3634.16,3629.6,3629.6,83.0309
2025-09-13 06:30:00+00:00,3629.6,3633.63,3629.36,3633.63,34.1052
2025-09-13 07:00:00+00:00,3633.62,3636.9,3633.52,3633.88,41.8481
2025-09-13 07:30:00+00:00,3633.88,3637.37,3633.88,3637.37,23.2572
2025-09-13 08:00:00+00:00,3637.43,3637.43,3633.51,3633.52,52.2745
2025-09-13 08:30:00+00:00,3633.51,3636.98,3628.0,3634.12,130.9068
2025-09-13 09:00:00+00:00,3634.12,3634.16,3630.25,3631.93,91.7483
2025-09-13 09:30:00+00:00,3631.93,3635.0,3631.93,3635.0,22.0769
2025-09-13 10:00:00+00:00,3635.0,3635.01,3632.64,3632.65,25.2726
2025-09-13 10:30:00+00:00,3632.64,3636.62,3632.64,3635.44,52.7438
2025-09-13 11:00:00+00:00,3635.44,3635.44,3632.12,3632.93,41.9801
2025-09-13 11:30:00+00:00,3632.94,3638.37,3631.94,3631.95,88.3689
2025-09-13 12:00:00+00:00,3631.95,3633.34,3631.46,3632.52,34.0102
2025-09-13 12:30:00+00:00,3632.53,3635.49,3631.02,3635.1,40.414
2025-09-13 13:00:00+00:00,3635.1,3635.1,3632.6,3633.34,37.5103
2025-09-13 13:30:00+00:00,3633.34,3633.35,3631.21,3632.77,72.2712
2025-09-13 14:00:00+00:00,3632.77,3633.26,3630.23,3632.25,66.6862
2025-09-13 14:30:00+00:00,3632.26,3636.06,3632.25,3633.26,33.8798
2025-09-13 15:00:00+00:00,3633.26,3633.26,3631.11,3631.39,49.9158
2025-09-13 15:30:00+00:00,3631.39,3637.84,3631.38,3637.27,50.4198
2025-09-13 16:00:00+00:00,3637.44,3637.78,3633.45,3637.08,147.0002
2025-09-13 16:30:00+00:00,3637.08,3638.36,3634.92,3636.77,59.5762
2025-09-13 17:00:00+00:00,3636.76,3645.0,3634.64,3639.7,155.7777
2025-09-13 17:30:00+00:00,3639.69,3640.56,3639.29,3639.68,16.3861
2025-09-13 18:00:00+00:00,3639.7,3641.1,3639.49,3641.08,21.3865
2025-09-13 18:30:00+00:00,3641.09,3645.43,3640.77,3643.43,105.4989
2025-09-13 19:00:00+00:00,3643.43,3643.63,3641.8,3641.81,29.1739
2025-09-13 19:30:00+00:00,3641.8,3641.81,3639.1,3639.11,37.8289
2025-09-13 20:00:00+00:00,3639.11,3639.53,3638.0,3638.0,23.4687
2025-09-13 20:30:00+00:00,3638.0,3638.01,3636.94,3636.95,12.0429
2025-09-13 21:00:00+00:00,3636.95,3639.2,3635.88,3636.19,42.4015
2025-09-13 21:30:00+00:00,3636.19,3636.19,3633.26,3633.99,35.9777
2025-09-13 22:00:00+00:00,3633.99,3634.54,3633.99,3634.39,9.8926
2025-09-13 22:30:00+00:00,3634.17,3634.37,3634.17,3634.35,12.9595
2025-09-13 23:00:00+00:00,3634.35,3636.49,3634.35,3636.49,10.6516
2025-09-13 23:30:00+00:00,3636.49,3638.8,3636.48,3638.72,18.5799
2025-09-14 00:00:00+00:00,3638.68,3639.45,3637.44,3639.45,27.1251
2025-09-14 00:30:00+00:00,3639.59,3640.52,3639.59,3640.18,11.7939
2025-09-14 01:00:00+00:00,3640.19,3640.74,3640.06,3640.73,27.1344
2025-09-14 01:30:00+00:00,3640.74,3640.77,3639.01,3639.01,35.4509
2025-09-14 02:00:00+00:00,3639.01,3639.02,3638.51,3638.52,15.1602
2025-09-14 02:30:00+00:00,3638.52,3638.62,3638.51,3638.53,9.8825
2025-09-14 03:00:00+00:00,3638.53,3640.41,3638.53,3640.02,27.9585
2025-09-14 03:30:00+00:00,3640.03,3644.22,3640.02,3643.77,16.0019
2025-09-14 04:00:00+00:00,3643.66,3644.88,3643.56,3643.95,45.0708
2025-09-14 04:30:00+00:00,3643.96,3645.0,3643.96,3644.99,37.6028
2025-09-14 05:00:00+00:00,3644.99,3649.32,3644.99,3647.39,80.2264
2025-09-14 05:30:00+00:00,3647.4,3655.68,3647.21,3647.66,200.3431
2025-09-14 06:00:00+00:00,3647.67,3653.48,3646.99,3650.06,80.3357
2025-09-14 06:30:00+00:00,3650.06,3650.06,3649.08,3649.23,8.1776
2025-09-14 07:00:00+00:00,3649.23,3649.24,3648.68,3648.69,9.4032
2025-09-14 07:30:00+00:00,3648.69,3649.98,3647.62,3647.62,45.0547
2025-09-14 08:00:00+00:00,3647.63,3648.0,3646.62,3647.8,24.8296
2025-09-14 08:30:00+00:00,3647.8,3647.8,3646.1,3646.11,23.3066
2025-09-14 09:00:00+00:00,3646.12,3646.49,3646.09,3646.48,18.8097
2025-09-14 09:30:00+00:00,3646.49,3646.49,3645.76,3645.84,26.4002
2025-09-14 10:00:00+00:00,3645.84,3645.84,3645.75,3645.76,4.7374
2025-09-14 10:30:00+00:00,3645.75,3647.31,3645.19,3645.96,19.9326
2025-09-14 11:00:00+00:00,3645.96,3649.17,3645.27,3648.92,27.6793
2025-09-14 11:30:00+00:00,3648.93,3649.05,3644.25,3646.78,49.904
2025-09-14 12:00:00+00:00,3646.79,3649.53,3646.12,3647.64,22.6667
2025-09-14 12:30:00+00:00,3647.73,3648.0,3644.07,3647.54,39.1172
2025-09-14 13:00:00+00:00,3647.55,3649.3,3646.79,3646.79,40.2246
2025-09-14 13:30:00+00:00,3646.66,3647.44,3646.5,3647.44,22.4171
2025-09-14 14:00:00+00:00,3647.44,3649.93,3646.89,3649.6,31.8612
2025-09-14 14:30:00+00:00,3649.6,3683.35,3648.09,3652.89,192.5772
2025-09-14 15:00:00+00:00,3652.9,3656.47,3651.32,3653.4,78.3871
2025-09-14 15:30:00+00:00,3653.4,3657.3,3652.51,3657.13,90.0317
2025-09-14 16:00:00+00:00,3657.14,3658.06,3655.09,3655.33,73.5686
2025-09-14 16:30:00+00:00,3655.33,3655.77,3654.91,3655.14,28.3946
2025-09-14 17:00:00+00:00,3655.13,3657.34,3654.5,3656.91,51.2203
2025-09-14 17:30:00+00:00,3656.91,3656.91,3651.43,3652.64,50.2973
2025-09-14 18:00:00+00:00,3652.64,3653.51,3652.64,3653.45,9.1531
2025-09-14 18:30:00+00:00,3653.45,3653.45,3652.02,3652.02,42.6623
2025-09-14 19:00:00+00:00,3652.02,3653.4,3650.41,3650.98,37.0817
2025-09-14 19:30:00+00:00,3650.97,3651.44,3649.74,3649.78,25.7575
2025-09-14 20:00:00+00:00,3649.79,3652.63,3649.78,3652.62,66.9263
2025-09-14 20:30:00+00:00,3652.62,3654.69,3652.62,3654.02,50.1713
2025-09-14 21:00:00+00:00,3654.02,3654.26,3649.79,3650.7,30.0535
2025-09-14 21:30:00+00:00,3650.69,3652.92,3650.37,3652.03,37.0895
2025-09-14 22:00:00+00:00,3652.02,3652.02,3644.21,3645.65,146.8786
2025-09-14 22:30:00+00:00,3645.77,3647.28,3644.93,3646.64,116.9692
2025-09-14 23:00:00+00:00,3646.64,3647.38,3643.15,3645.26,115.1228
2025-09-14 23:30:00+00:00,3645.26,3646.75,3642.31,3644.54,91.0108
2025-09-15 00:00:00+00:00,3644.54,3650.25,3642.0,3646.31,80.7516
2025-09-15 00:30:00+00:00,3646.27,3646.27,3640.0,3641.14,93.0692
2025-09-15 01:00:00+00:00,3640.95,3641.62,3635.07,3639.93,127.2419
2025-09-15 01:30:00+00:00,3640.02,3643.06,3637.84,3643.06,103.2689
2025-09-15 02:00:00+00:00,3643.06,3651.27,3643.06,3650.74,118.8666
2025-09-15 02:30:00+00:00,3650.54,3653.78,3647.84,3647.98,121.5561
2025-09-15 03:00:00+00:00,3647.98,3651.18,3647.68,3651.12,47.6377
2025-09-15 03:30:00+00:00,3651.13,3653.86,3650.8,3652.65,84.4709
2025-09-15 04:00:00+00:00,3652.74,3653.61,3649.85,3650.83,64.8199
2025-09-15 04:30:00+00:00,3651.06,3651.06,3649.19,3650.92,44.2164
2025-09-15 05:00:00+00:00,3651.01,3651.49,3647.77,3649.17,88.9305
2025-09-15 05:30:00+00:00,3649.5,3649.95,3641.23,3646.58,162.0423
2025-09-15 06:00:00+00:00,3646.58,3646.58,3643.29,3645.26,56.8343
2025-09-15 06:30:00+00:00,3645.01,3646.08,3641.01,3641.01,97.0257
2025-09-15 07:00:00+00:00,3641.01,3642.87,3638.89,3641.84,90.7828
2025-09-15 07:30:00+00:00,3641.83,3652.0,3641.83,3649.32,207.1278
2025-09-15 08:00:00+00:00,3649.32,3650.72,3646.2,3648.65,100.9588
2025-09-15 08:30:00+00:00,3648.65,3651.82,3646.79,3651.47,152.6185
2025-09-15 09:00:00+00:00,3651.47,3654.18,3644.41,3647.09,204.1272
2025-09-15 09:30:00+00:00,3647.09,3649.63,3644.0,3649.3,78.2777
2025-09-15 10:00:00+00:00,3649.31,3653.66,3649.31,3652.36,108.9371
2025-09-15 10:30:00+00:00,3652.45,3652.64,3646.3,3647.6,82.3515
2025-09-15 11:00:00+00:00,3647.61,3653.91,3647.09,3651.8,84.4728
2025-09-15 11:30:00+00:00,3651.8,3653.9,3650.98,3651.81,86.1086
2025-09-15 12:00:00+00:00,3651.82,3651.82,3643.3,3647.35,110.2089
2025-09-15 12:30:00+00:00,3647.36,3659.5,3647.34,3658.38,144.3211
2025-09-15 13:00:00+00:00,3658.47,3662.36,3656.77,3662.09,96.9157
2025-09-15 13:30:00+00:00,3662.09,3670.56,3661.06,3663.8,198.0578
2025-09-15 14:00:00+00:00,3663.99,3668.05,3661.84,3666.67,132.4158
2025-09-15 14:30:00+00:00,3666.67,3672.1,3665.98,3671.23,155.414
2025-09-15 15:00:00+00:00,3671.24,3678.36,3671.23,3677.16,125.5188
2025-09-15 15:30:00+00:00,3677.19,3688.96,3675.21,3685.98,228.0725
2025-09-15 16:00:00+00:00,3685.99,3691.48,3682.0,3691.19,209.5167
2025-09-15 16:30:00+00:00,3691.18,3692.79,3682.0,3688.36,213.4482
2025-09-15 17:00:00+00:00,3688.36,3691.42,3688.06,3689.82,91.279
2025-09-15 17:30:00+00:00,3689.82,3692.51,3689.65,3692.04,100.5027
2025-09-15 18:00:00+00:00,3691.63,3692.27,3683.44,3688.03,144.4696
2025-09-15 18:30:00+00:00,3688.03,3688.47,3680.02,3683.85,133.1245
2025-09-15 19:00:00+00:00,3683.86,3686.88,3682.82,3684.85,119.9708
2025-09-15 19:30:00+00:00,3684.85,3687.56,3684.1,3685.95,85.4004
2025-09-15 20:00:00+00:00,3685.74,3689.53,3684.14,3685.01,138.8254
2025-09-15 20:30:00+00:00,3685.01,3686.55,3682.2,3683.47,118.6484
2025-09-15 21:00:00+00:00,3683.47,3683.47,3677.77,3677.77,166.2892
2025-09-15 21:30:00+00:00,3677.77,3684.52,3677.61,3684.41,73.7152
2025-09-15 22:00:00+00:00,3684.41,3684.41,3680.45,3682.22,94.053
2025-09-15 22:30:00+00:00,3682.28,3684.29,3682.28,3684.21,59.0543
2025-09-15 23:00:00+00:00,3684.17,3687.46,3684.16,3686.24,87.4136
2025-09-15 23:30:00+00:00,3686.25,3686.47,3683.88,3683.89,39.4619
2025-09-16 00:00:00+00:00,3683.88,3689.03,3683.88,3689.03,88.99
2025-09-16 00:30:00+00:00,3689.2,3694.42,3689.09,3693.64,140.4716
2025-09-16 01:00:00+00:00,3693.64,3695.94,3686.24,3687.85,267.5168
2025-09-16 01:30:00+00:00,3687.85,3690.52,3686.93,3688.45,94.5129
2025-09-16 02:00:00+00:00,3688.46,3690.18,3687.96,3688.88,64.3679
2025-09-16 02:30:00+00:00,3688.88,3689.33,3684.46,3686.29,113.2932
2025-09-16 03:00:00+00:00,3686.3,3691.11,3686.09,3690.07,64.5889
2025-09-16 03:30:00+00:00,3690.07,3691.08,3688.86,3689.87,63.956
2025-09-16 04:00:00+00:00,3689.87,3692.92,3689.87,3691.66,153.8824
2025-09-16 04:30:00+00:00,3691.48,3693.37,3688.63,3692.06,133.0512
2025-09-16 05:00:00+00:00,3692.05,3692.87,3689.07,3691.72,105.5635
2025-09-16 05:30:00+00:00,3691.72,3692.98,3688.3,3691.92,87.4903
2025-09-16 06:00:00+00:00,3691.91,3697.86,3691.91,3695.95,185.4892
2025-09-16 06:30:00+00:00,3695.95,3704.42,3694.92,3703.07,205.0252
2025-09-16 07:00:00+00:00,3702.98,3705.7,3700.32,3701.81,236.1225
2025-09-16 07:30:00+00:00,3701.81,3704.53,3695.78,3696.38,165.0981
2025-09-16 08:00:00+00:00,3696.37,3705.79,3696.37,3702.6,142.0653
2025-09-16 08:30:00+00:00,3702.6,3704.99,3701.39,3704.75,92.7173
2025-09-16 09:00:00+00:00,3704.76,3707.53,3702.81,3705.77,114.4091
2025-09-16 09:30:00+00:00,3705.77,3705.97,3703.85,3705.82,92.6625
2025-09-16 10:00:00+00:00,3705.83,3706.09,3703.55,3705.8,148.4247
2025-09-16 10:30:00+00:00,3705.89,3706.82,3705.35,3705.35,66.0529
2025-09-16 11:00:00+00:00,3705.35,3705.47,3703.0,3704.25,152.1733
2025-09-16 11:30:00+00:00,3704.24,3710.53,3703.27,3708.85,201.9066
2025-09-16 12:00:00+00:00,3708.85,3708.85,3704.12,3704.19,208.6361
2025-09-16 12:30:00+00:00,3704.19,3705.44,3696.02,3701.68,325.1347
2025-09-16 13:00:00+00:00,3701.69,3704.94,3697.4,3704.94,168.3409
2025-09-16 13:30:00+00:00,3704.94,3709.03,3702.8,3706.2,168.8036
2025-09-16 14:00:00+00:00,3706.2,3712.69,3703.0,3704.01,206.0427
2025-09-16 14:30:00+00:00,3704.18,3707.13,3698.52,3698.53,288.2397
2025-09-16 15:00:00+00:00,3698.53,3700.7,3692.63,3693.54,234.8185
2025-09-16 15:30:00+00:00,3693.54,3696.75,3688.62,3696.25,221.4652
2025-09-16 16:00:00+00:00,3696.26,3699.26,3694.42,3699.1,87.5222
2025-09-16 16:30:00+00:00,3699.1,3700.25,3697.0,3700.24,65.5803
2025-09-16 17:00:00+00:00,3700.24,3700.84,3697.34,3698.68,127.7773
2025-09-16 17:30:00+00:00,3698.69,3700.32,3695.88,3696.84,90.0655
2025-09-16 18:00:00+00:00,3696.81,3697.56,3696.0,3697.28,94.6454
2025-09-16 18:30:00+00:00,3697.7,3698.32,3692.66,3698.31,126.6588
2025-09-16 19:00:00+00:00,3698.31,3698.31,3695.54,3695.54,46.6126
2025-09-16 19:30:00+00:00,3695.48,3696.52,3695.0,3695.01,47.703
2025-09-16 20:00:00+00:00,3695.0,3700.16,3695.0,3699.36,57.0482
2025-09-16 20:30:00+00:00,3699.36,3699.81,3696.77,3696.78,27.5179
2025-09-16 21:00:00+00:00,3696.78,3698.79,3695.54,3698.79,38.9257
2025-09-16 21:30:00+00:00,3698.69,3699.1,3695.86,3699.06,88.9134
2025-09-16 22:00:00+00:00,3699.06,3700.75,3698.28,3700.08,81.3187
2025-09-16 22:30:00+00:00,3700.08,3703.06,3700.08,3700.33,117.1183
2025-09-16 23:00:00+00:00,3700.19,3705.24,3700.18,3704.21,76.0081
2025-09-16 23:30:00+00:00,3704.21,3705.4,3703.76,3705.04,55.8828
2025-09-17 00:00:00+00:00,3705.05,3705.31,3702.32,3702.46,70.3566
2025-09-17 00:30:00+00:00,3702.45,3702.83,3700.7,3700.7,31.3549
2025-09-17 01:00:00+00:00,3700.71,3700.71,3696.25,3696.3,89.4297
2025-09-17 01:30:00+00:00,3696.3,3696.3,3688.91,3690.92,323.0846
2025-09-17 02:00:00+00:00,3691.31,3691.65,3688.72,3688.85,191.1913
2025-09-17 02:30:00+00:00,3688.73,3693.73,3684.66,3692.26,67.8867
2025-09-17 03:00:00+00:00,3692.25,3692.69,3689.2,3690.0,124.821
2025-09-17 03:30:00+00:00,3690.0,3691.55,3689.73,3690.21,67.9949
2025-09-17 04:00:00+00:00,3690.21,3691.23,3688.68,3688.68,35.9657
2025-09-17 04:30:00+00:00,3688.67,3689.46,3688.08,3688.44,45.1516
2025-09-17 05:00:00+00:00,3688.44,3693.24,3687.98,3688.01,48.6072
2025-09-17 05:30:00+00:00,3688.66,3692.42,3686.21,3689.38,278.4652
2025-09-17 06:00:00+00:00,3689.57,3690.09,3686.14,3686.58,145.4708
2025-09-17 06:30:00+00:00,3686.51,3687.07,3682.75,3685.84,89.5643
2025-09-17 07:00:00+00:00,3686.47,3687.68,3679.39,3679.68,132.2563
2025-09-17 07:30:00+00:00,3679.67,3682.11,3677.71,3678.83,145.7151
2025-09-17 08:00:00+00:00,3678.83,3678.83,3674.09,3676.91,132.2597
2025-09-17 08:30:00+00:00,3676.77,3678.16,3673.05,3675.1,76.496
2025-09-17 09:00:00+00:00,3675.0,3685.6,3674.28,3680.35,136.333
2025-09-17 09:30:00+00:00,3680.34,3681.62,3678.0,3680.19,223.063
2025-09-17 10:00:00+00:00,3680.0,3681.35,3674.09,3677.84,250.4551
2025-09-17 10:30:00+00:00,3677.84,3678.69,3673.35,3674.36,73.8968
2025-09-17 11:00:00+00:00,3674.46,3679.82,3671.58,3678.74,76.209
2025-09-17 11:30:00+00:00,3678.92,3681.45,3677.11,3678.14,68.475
2025-09-17 12:00:00+00:00,3678.14,3683.97,3678.14,3683.02,65.2523
2025-09-17 12:30:00+00:00,3683.03,3690.69,3683.02,3690.69,104.0085
2025-09-17 13:00:00+00:00,3690.68,3690.69,3686.16,3688.06,94.4866
2025-09-17 13:30:00+00:00,3688.34,3693.61,3688.34,3689.37,97.6881
2025-09-17 14:00:00+00:00,3689.37,3695.77,3688.67,3693.15,86.3212
2025-09-17 14:30:00+00:00,3693.16,3695.9,3692.56,3694.66,117.6625
2025-09-17 15:00:00+00:00,3694.66,3697.47,3694.34,3694.41,58.4296
2025-09-17 15:30:00+00:00,3694.42,3696.18,3691.65,3693.54,45.1979
2025-09-17 16:00:00+00:00,3693.54,3698.17,3693.54,3697.85,23.4285
2025-09-17 16:30:00+00:00,3697.85,3697.85,3693.28,3693.55,29.2834
2025-09-17 17:00:00+00:00,3693.55,3693.84,3687.2,3691.13,73.2261
2025-09-17 17:30:00+00:00,3691.14,3695.64,3690.74,3694.87,122.5834
2025-09-17 18:00:00+00:00,3694.87,3708.49,3671.74,3687.18,822.1236
2025-09-17 18:30:00+00:00,3687.18,3687.85,3657.59,3663.02,385.7789
2025-09-17 19:00:00+00:00,3663.25,3673.77,3659.84,3671.66,376.0615
2025-09-17 19:30:00+00:00,3671.5,3671.5,3660.0,3666.3,503.8819
2025-09-17 20:00:00+00:00,3666.3,3666.37,3661.67,3663.6,134.6874
2025-09-17 20:30:00+00:00,3663.83,3665.04,3662.77,3664.37,70.1159
2025-09-17 21:00:00+00:00,3664.38,3669.94,3662.53,3666.72,33.7578
2025-09-17 21:30:00+00:00,3666.67,3666.67,3661.8,3662.58,42.0687
2025-09-17 22:00:00+00:00,3662.58,3668.56,3660.1,3668.15,78.2463
2025-09-17 22:30:00+00:00,3668.14,3668.14,3664.04,3665.75,102.1642
2025-09-17 23:00:00+00:00,3665.74,3674.27,3665.34,3673.54,70.2867
2025-09-17 23:30:00+00:00,3673.79,3673.99,3669.86,3671.86,107.2703
2025-09-18 00:00:00+00:00,3671.86,3671.87,3665.0,3665.01,104.3923
2025-09-18 00:30:00+00:00,3665.0,3669.38,3661.91,3668.89,80.6631
2025-09-18 01:00:00+00:00,3668.88,3671.85,3659.3,3660.19,112.65
2025-09-18 01:30:00+00:00,3660.0,3662.01,3657.72,3660.77,120.7644
2025-09-18 02:00:00+00:00,3660.77,3665.51,3659.34,3664.99,74.801
2025-09-18 02:30:00+00:00,3664.99,3669.23,3662.95,3667.83,124.4949
2025-09-18 03:00:00+00:00,3667.82,3668.46,3661.83,3663.77,272.1383
2025-09-18 03:30:00+00:00,3663.78,3664.42,3662.01,3662.88,131.4427
2025-09-18 04:00:00+00:00,3662.88,3663.7,3660.0,3663.13,168.8399
2025-09-18 04:30:00+00:00,3663.14,3663.71,3659.3,3659.3,81.603
2025-09-18 05:00:00+00:00,3659.3,3664.42,3656.43,3661.51,209.9901
2025-09-18 05:30:00+00:00,3661.5,3662.0,3655.03,3655.23,53.9102
2025-09-18 06:00:00+00:00,3655.22,3655.23,3639.54,3643.08,552.1019
2025-09-18 06:30:00+00:00,3643.09,3644.54,3639.5,3641.01,295.0903
2025-09-18 07:00:00+00:00,3641.01,3650.0,3639.64,3649.59,152.596
2025-09-18 07:30:00+00:00,3649.54,3666.71,3649.04,3659.04,501.8576
2025-09-18 08:00:00+00:00,3658.87,3660.17,3651.07,3655.31,161.4821
2025-09-18 08:30:00+00:00,3655.67,3664.9,3653.82,3664.9,74.8411
2025-09-18 09:00:00+00:00,3664.89,3670.68,3664.7,3670.5,124.9954
2025-09-18 09:30:00+00:00,3670.5,3671.25,3663.71,3669.84,139.9536
2025-09-18 10:00:00+00:00,3669.84,3670.0,3664.01,3667.3,49.7235
2025-09-18 10:30:00+00:00,3667.3,3668.07,3665.44,3666.61,30.7195
2025-09-18 11:00:00+00:00,3666.53,3670.4,3665.58,3665.58,43.8882
2025-09-18 11:30:00+00:00,3665.47,3669.24,3664.15,3668.9,27.0605
2025-09-18 12:00:00+00:00,3668.91,3674.14,3668.91,3672.76,100.3558
2025-09-18 12:30:00+00:00,3672.76,3672.76,3666.11,3666.11,57.9725
2025-09-18 13:00:00+00:00,3665.95,3666.4,3659.03,3659.35,250.991
2025-09-18 13:30:00+00:00,3659.34,3659.71,3638.08,3650.64,311.2732
2025-09-18 14:00:00+00:00,3650.69,3654.35,3640.01,3643.27,210.0199
2025-09-18 14:30:00+00:00,3643.27,3653.21,3643.24,3645.0,109.7293
2025-09-18 15:00:00+00:00,3644.99,3648.13,3640.58,3643.94,142.0226
2025-09-18 15:30:00+00:00,3643.94,3645.99,3643.23,3645.75,45.3219
2025-09-18 16:00:00+00:00,3645.76,3649.09,3645.7,3648.0,62.045
2025-09-18 16:30:00+00:00,3648.01,3651.71,3648.0,3650.35,33.1101
2025-09-18 17:00:00+00:00,3650.35,3651.53,3648.48,3648.49,26.4624
2025-09-18 17:30:00+00:00,3648.49,3648.96,3645.65,3646.53,54.5401
2025-09-18 18:00:00+00:00,3646.53,3646.53,3644.04,3645.59,34.3518
2025-09-18 18:30:00+00:00,3645.59,3647.76,3645.49,3647.1,55.1003
2025-09-18 19:00:00+00:00,3647.1,3647.81,3645.66,3646.07,56.9249
2025-09-18 19:30:00+00:00,3646.22,3650.24,3646.22,3650.23,25.7567
2025-09-18 20:00:00+00:00,3650.23,3650.31,3648.87,3649.89,18.2679
2025-09-18 20:30:00+00:00,3649.88,3649.88,3647.07,3647.61,32.3585
2025-09-18 21:00:00+00:00,3647.62,3647.62,3646.0,3647.42,32.6429
2025-09-18 21:30:00+00:00,3647.43,3648.89,3647.42,3648.88,13.7588
2025-09-18 22:00:00+00:00,3648.88,3649.55,3646.06,3646.14,59.2503
2025-09-18 22:30:00+00:00,3646.15,3647.12,3644.5,3644.5,26.2933
2025-09-18 23:00:00+00:00,3644.5,3646.65,3644.08,3644.1,26.1732
2025-09-18 23:30:00+00:00,3644.09,3645.57,3643.2,3645.24,26.7118
2025-09-19 00:00:00+00:00,3645.24,3647.94,3644.43,3644.51,26.6116
2025-09-19 00:30:00+00:00,3644.52,3648.09,3643.56,3646.93,49.192
2025-09-19 01:00:00+00:00,3646.84,3653.86,3646.84,3650.96,150.5421
2025-09-19 01:30:00+00:00,3650.96,3650.97,3641.01,3644.73,73.0153
2025-09-19 02:00:00+00:00,3644.77,3650.01,3644.37,3648.99,34.2221
2025-09-19 02:30:00+00:00,3649.45,3651.09,3648.11,3650.0,72.3975
2025-09-19 03:00:00+00:00,3649.99,3654.89,3648.54,3654.88,164.4655
2025-09-19 03:30:00+00:00,3654.88,3658.94,3654.88,3657.46,231.6241
2025-09-19 04:00:00+00:00,3657.52,3665.46,3657.52,3664.01,172.6766
2025-09-19 04:30:00+00:00,3664.01,3664.74,3658.61,3661.22,43.8325
2025-09-19 05:00:00+00:00,3661.12,3689.99,3661.12,3663.33,456.9639
2025-09-19 05:30:00+00:00,3663.34,3663.89,3657.51,3658.35,69.9578
2025-09-19 06:00:00+00:00,3658.34,3660.08,3653.99,3657.3,30.5202
2025-09-19 06:30:00+00:00,3657.0,3657.37,3650.72,3652.82,67.951
2025-09-19 07:00:00+00:00,3652.82,3658.7,3650.27,3658.54,50.5164
2025-09-19 07:30:00+00:00,3658.21,3661.0,3656.35,3659.06,31.1858
2025-09-19 08:00:00+00:00,3658.93,3661.86,3655.78,3657.82,33.7655
2025-09-19 08:30:00+00:00,3657.77,3661.49,3657.77,3660.88,17.9842
2025-09-19 09:00:00+00:00,3660.94,3665.14,3660.94,3663.13,72.098
2025-09-19 09:30:00+00:00,3663.13,3665.37,3662.57,3665.37,65.8539
2025-09-19 10:00:00+00:00,3665.38,3666.25,3663.85,3664.48,47.5992
2025-09-19 10:30:00+00:00,3664.46,3664.46,3661.47,3661.7,50.2969
2025-09-19 11:00:00+00:00,3661.84,3662.11,3657.69,3657.78,64.7424
2025-09-19 11:30:00+00:00,3657.78,3658.1,3653.76,3655.05,135.6277
2025-09-19 12:00:00+00:00,3655.05,3659.97,3654.75,3656.27,97.4377
2025-09-19 12:30:00+00:00,3656.71,3658.1,3653.63,3657.95,57.787
2025-09-19 13:00:00+00:00,3657.67,3661.0,3652.75,3660.78,86.0147
2025-09-19 13:30:00+00:00,3660.78,3665.28,3660.01,3665.27,137.9533
2025-09-19 14:00:00+00:00,3665.28,3665.67,3657.96,3665.56,169.2608
2025-09-19 14:30:00+00:00,3665.52,3672.93,3664.61,3670.0,233.0559
2025-09-19 15:00:00+00:00,3670.0,3677.29,3669.45,3674.06,220.0526
2025-09-19 15:30:00+00:00,3674.1,3675.4,3671.11,3675.29,86.8508
2025-09-19 16:00:00+00:00,3675.3,3682.99,3672.0,3672.76,96.7779
2025-09-19 16:30:00+00:00,3672.77,3675.58,3672.77,3673.87,40.672
2025-09-19 17:00:00+00:00,3673.88,3677.62,3673.87,3677.41,21.7425
2025-09-19 17:30:00+00:00,3677.42,3682.54,3677.36,3681.83,122.6396
2025-09-19 18:00:00+00:00,3681.83,3684.84,3681.82,3683.52,144.8038
2025-09-19 18:30:00+00:00,3683.52,3685.0,3683.42,3685.0,39.3027
2025-09-19 19:00:00+00:00,3685.0,3685.57,3683.09,3684.75,85.2133
2025-09-19 19:30:00+00:00,3684.75,3687.51,3682.54,3685.8,84.3891
2025-09-19 20:00:00+00:00,3685.51,3685.51,3681.17,3684.49,58.1895
2025-09-19 20:30:00+00:00,3684.49,3690.09,3684.48,3688.92,159.9282
2025-09-19 21:00:00+00:00,3688.92,3691.07,3684.46,3688.56,153.2792
2025-09-19 21:30:00+00:00,3688.56,3690.45,3688.27,3689.7,36.0003
2025-09-19 22:00:00+00:00,3689.95,3690.06,3687.9,3688.33,27.5592
2025-09-19 22:30:00+00:00,3688.33,3691.6,3686.81,3691.59,46.4663
2025-09-19 23:00:00+00:00,3691.59,3692.88,3691.47,3691.48,33.1757
2025-09-19 23:30:00+00:00,3691.48,3691.48,3686.67,3690.16,43.3605
2025-09-20 00:00:00+00:00,3690.16,3692.99,3690.16,3692.99,45.1242
2025-09-20 00:30:00+00:00,3692.99,3693.0,3691.41,3692.56,19.7482
2025-09-20 01:00:00+00:00,3692.56,3693.04,3691.69,3692.83,16.7373
2025-09-20 01:30:00+00:00,3692.83,3692.84,3687.15,3687.28,36.8812
2025-09-20 02:00:00+00:00,3687.28,3687.63,3683.66,3684.85,49.3975
2025-09-20 02:30:00+00:00,3684.85,3684.85,3683.4,3683.42,9.358
2025-09-20 03:00:00+00:00,3683.41,3689.63,3683.41,3689.62,16.5098
2025-09-20 03:30:00+00:00,3689.62,3690.66,3688.28,3689.93,49.9803
2025-09-20 04:00:00+00:00,3689.94,3692.33,3689.55,3689.56,45.0276
2025-09-20 04:30:00+00:00,3689.55,3689.56,3687.03,3687.49,14.2187
2025-09-20 05:00:00+00:00,3687.54,3688.27,3685.63,3686.9,20.7335
2025-09-20 05:30:00+00:00,3686.9,3686.9,3683.34,3685.28,44.4428
2025-09-20 06:00:00+00:00,3685.29,3688.61,3685.29,3688.61,48.9333
2025-09-20 06:30:00+00:00,3688.81,3688.94,3687.9,3688.88,12.0319
2025-09-20 07:00:00+00:00,3688.87,3688.88,3684.18,3685.7,55.5437
2025-09-20 07:30:00+00:00,3685.7,3686.09,3683.46,3685.89,25.9078
2025-09-20 08:00:00+00:00,3685.9,3685.9,3684.64,3685.14,10.2776
2025-09-20 08:30:00+00:00,3685.14,3688.18,3684.39,3687.78,38.9073
2025-09-20 09:00:00+00:00,3687.79,3690.88,3687.79,3690.87,27.2707
2025-09-20 09:30:00+00:00,3690.77,3690.78,3687.44,3687.44,25.118
2025-09-20 10:00:00+00:00,3687.44,3690.05,3687.44,3689.59,23.51
2025-09-20 10:30:00+00:00,3689.6,3689.6,3684.0,3684.6,117.3721
2025-09-20 11:00:00+00:00,3684.8,3689.15,3684.79,3688.16,23.065
2025-09-20 11:30:00+00:00,3688.15,3688.75,3686.6,3688.72,15.4723
2025-09-20 12:00:00+00:00,3688.71,3688.72,3686.6,3687.34,10.7856
2025-09-20 12:30:00+00:00,3687.69,3689.0,3686.14,3688.99,14.3094
2025-09-20 13:00:00+00:00,3688.99,3691.96,3687.03,3690.12,129.9722
2025-09-20 13:30:00+00:00,3690.23,3691.71,3689.81,3691.44,25.1018
2025-09-20 14:00:00+00:00,3691.51,3691.61,3689.5,3690.26,46.4916
2025-09-20 14:30:00+00:00,3690.26,3690.55,3687.14,3687.15,16.1949
2025-09-20 15:00:00+00:00,3687.15,3691.07,3687.15,3687.58,42.9187
2025-09-20 15:30:00+00:00,3687.57,3687.57,3684.96,3685.0,25.041
2025-09-20 16:00:00+00:00,3685.0,3687.82,3685.0,3687.73,11.6718
2025-09-20 16:30:00+00:00,3687.74,3688.24,3686.93,3687.26,10.4815
2025-09-20 17:00:00+00:00,3687.26,3690.84,3687.25,3690.83,33.3435
2025-09-20 17:30:00+00:00,3690.83,3692.15,3690.83,3692.15,28.8431
2025-09-20 18:00:00+00:00,3692.14,3692.14,3689.31,3691.19,40.2661
2025-09-20 18:30:00+00:00,3691.2,3691.56,3688.92,3689.0,30.1498
2025-09-20 19:00:00+00:00,3689.0,3689.0,3688.99,3688.99,15.8674
2025-09-20 19:30:00+00:00,3688.99,3691.29,3688.99,3690.19,24.0355
2025-09-20 20:00:00+00:00,3690.19,3690.19,3688.27,3688.55,7.751
2025-09-20 20:30:00+00:00,3688.55,3689.64,3688.55,3689.64,6.4347
2025-09-20 21:00:00+00:00,3689.64,3689.85,3685.82,3687.02,49.5381
2025-09-20 21:30:00+00:00,3687.18,3688.67,3687.04,3688.3,14.6477
2025-09-20 22:00:00+00:00,3688.3,3689.04,3688.29,3688.51,11.435
2025-09-20 22:30:00+00:00,3688.5,3690.22,3688.5,3690.22,7.5791
2025-09-20 23:00:00+00:00,3690.21,3690.22,3690.11,3690.15,6.9543
2025-09-20 23:30:00+00:00,3690.15,3690.15,3686.04,3686.05,59.5712
2025-09-21 00:00:00+00:00,3686.05,3687.04,3686.04,3687.03,19.534
2025-09-21 00:30:00+00:00,3687.03,3687.15,3685.95,3686.06,30.9778
2025-09-21 01:00:00+00:00,3686.06,3690.66,3685.89,3685.9,90.9666
2025-09-21 01:30:00+00:00,3685.89,3686.28,3684.0,3684.01,32.4768
2025-09-21 02:00:00+00:00,3684.01,3684.74,3683.95,3683.95,29.3324
2025-09-21 02:30:00+00:00,3683.95,3684.73,3683.95,3684.53,10.6069
2025-09-21 03:00:00+00:00,3684.53,3684.53,3683.97,3683.99,11.4119
2025-09-21 03:30:00+00:00,3683.99,3687.4,3683.99,3687.4,18.6573
2025-09-21 04:00:00+00:00,3687.4,3687.4,3684.86,3684.86,7.694
2025-09-21 04:30:00+00:00,3684.81,3684.81,3683.76,3683.76,4.6868
2025-09-21 05:00:00+00:00,3683.76,3685.62,3683.71,3684.33,18.8039
2025-09-21 05:30:00+00:00,3684.33,3684.33,3683.27,3683.44,13.6102
2025-09-21 06:00:00+00:00,3683.45,3683.45,3682.22,3682.98,23.9304
2025-09-21 06:30:00+00:00,3682.98,3683.05,3681.38,3682.27,24.3957
2025-09-21 07:00:00+00:00,3682.27,3682.27,3681.69,3681.7,21.8317
2025-09-21 07:30:00+00:00,3681.7,3685.66,3681.69,3685.66,21.3526
2025-09-21 08:00:00+00:00,3685.66,3685.67,3684.17,3684.17,32.5849
2025-09-21 08:30:00+00:00,3684.17,3685.44,3684.17,3685.44,8.5807
2025-09-21 09:00:00+00:00,3685.44,3685.59,3683.66,3683.67,24.2375
2025-09-21 09:30:00+00:00,3683.67,3683.67,3681.19,3682.11,25.2
2025-09-21 10:00:00+00:00,3682.11,3684.53,3681.0,3684.35,69.4325
2025-09-21 10:30:00+00:00,3684.35,3685.0,3684.35,3685.0,10.776
2025-09-21 11:00:00+00:00,3685.0,3687.4,3684.99,3687.32,23.3142
2025-09-21 11:30:00+00:00,3687.31,3688.27,3684.0,3684.8,35.0439
2025-09-21 12:00:00+00:00,3684.8,3688.27,3684.32,3688.17,13.3946
2025-09-21 12:30:00+00:00,3688.17,3688.37,3688.16,3688.37,7.7631
2025-09-21 13:00:00+00:00,3688.37,3688.4,3687.78,3687.99,12.713
2025-09-21 13:30:00+00:00,3687.98,3690.64,3687.98,3689.93,37.8568
2025-09-21 14:00:00+00:00,3689.93,3690.23,3688.24,3689.0,25.0782
2025-09-21 14:30:00+00:00,3689.01,3690.77,3689.0,3690.77,20.5034
2025-09-21 15:00:00+00:00,3690.76,3690.79,3690.33,3690.36,24.3966
2025-09-21 15:30:00+00:00,3690.36,3690.36,3690.13,3690.14,18.354
2025-09-21 16:00:00+00:00,3690.14,3690.14,3689.62,3689.94,24.8677
2025-09-21 16:30:00+00:00,3689.94,3691.13,3689.68,3691.1,29.5012
2025-09-21 17:00:00+00:00,3691.1,3691.5,3690.6,3690.61,36.6183
2025-09-21 17:30:00+00:00,3690.6,3690.61,3690.6,3690.61,6.4927
2025-09-21 18:00:00+00:00,3690.61,3690.61,3690.36,3690.36,8.3823
2025-09-21 18:30:00+00:00,3690.36,3690.68,3690.11,3690.4,13.7782
2025-09-21 19:00:00+00:00,3690.4,3690.49,3690.14,3690.48,14.1478
2025-09-21 19:30:00+00:00,3690.48,3690.48,3689.45,3689.46,18.9437
2025-09-21 20:00:00+00:00,3689.46,3689.48,3689.33,3689.48,14.1673
2025-09-21 20:30:00+00:00,3689.52,3690.97,3689.52,3690.97,25.906
2025-09-21 21:00:00+00:00,3690.97,3691.04,3690.36,3690.41,12.4667
2025-09-21 21:30:00+00:00,3690.41,3690.41,3689.62,3689.72,5.6783
2025-09-21 22:00:00+00:00,3689.72,3693.0,3686.83,3692.99,40.826
2025-09-21 22:30:00+00:00,3693.0,3695.34,3691.76,3691.81,132.1613
2025-09-21 23:00:00+00:00,3691.8,3693.8,3689.93,3693.54,26.8615
2025-09-21 23:30:00+00:00,3693.54,3694.82,3690.71,3691.63,55.0375
2025-09-22 00:00:00+00:00,3691.59,3695.87,3691.28,3695.2,43.7329
2025-09-22 00:30:00+00:00,3695.21,3696.72,3691.79,3695.18,76.611
2025-09-22 01:00:00+00:00,3695.18,3700.0,3693.19,3695.48,120.2927
2025-09-22 01:30:00+00:00,3695.46,3696.73,3692.0,3693.71,73.3441
2025-09-22 02:00:00+00:00,3693.71,3697.14,3693.0,3696.29,61.5491
2025-09-22 02:30:00+00:00,3696.3,3697.79,3690.01,3690.12,43.4813
2025-09-22 03:00:00+00:00,3690.01,3695.99,3690.0,3694.74,48.7148
2025-09-22 03:30:00+00:00,3694.75,3698.93,3693.29,3696.49,72.9101
2025-09-22 04:00:00+00:00,3696.63,3696.88,3694.15,3694.32,30.884
2025-09-22 04:30:00+00:00,3694.33,3695.38,3693.97,3695.29,7.92
2025-09-22 05:00:00+00:00,3695.29,3701.63,3693.0,3700.55,99.1587
2025-09-22 05:30:00+00:00,3700.55,3705.0,3700.44,3703.02,104.7897
2025-09-22 06:00:00+00:00,3703.02,3711.3,3699.75,3711.3,343.4149
2025-09-22 06:30:00+00:00,3711.31,3723.4,3710.42,3719.72,394.7687
2025-09-22 07:00:00+00:00,3719.74,3720.37,3714.01,3719.1,195.5644
2025-09-22 07:30:00+00:00,3718.96,3734.0,3718.95,3720.56,269.5284
2025-09-22 08:00:00+00:00,3720.55,3727.25,3719.99,3725.45,178.6606
2025-09-22 08:30:00+00:00,3725.45,3727.89,3725.28,3725.79,164.3074
2025-09-22 09:00:00+00:00,3725.79,3733.99,3725.3,3733.0,142.7531
2025-09-22 09:30:00+00:00,3733.01,3733.01,3728.35,3731.1,147.104
2025-09-22 10:00:00+00:00,3731.14,3734.63,3730.7,3734.31,169.1885
2025-09-22 10:30:00+00:00,3734.31,3738.99,3731.95,3738.7,283.1979
2025-09-22 11:00:00+00:00,3738.71,3742.62,3736.98,3737.9,532.7698
2025-09-22 11:30:00+00:00,3737.89,3739.42,3730.7,3733.88,336.9914
2025-09-22 12:00:00+00:00,3733.88,3735.2,3724.06,3725.71,318.1003
2025-09-22 12:30:00+00:00,3725.71,3733.24,3724.17,3728.95,267.5053
2025-09-22 13:00:00+00:00,3728.96,3733.0,3727.25,3728.85,145.64
2025-09-22 13:30:00+00:00,3728.85,3730.02,3722.34,3728.37,279.6228
2025-09-22 14:00:00+00:00,3728.37,3733.32,3725.93,3729.39,269.8049
2025-09-22 14:30:00+00:00,3729.57,3734.52,3726.69,3733.42,200.9196
2025-09-22 15:00:00+00:00,3733.41,3740.0,3732.46,3740.0,233.4858
2025-09-22 15:30:00+00:00,3740.0,3747.68,3739.99,3746.56,273.5464
2025-09-22 16:00:00+00:00,3746.57,3746.93,3742.04,3744.2,218.6519
2025-09-22 16:30:00+00:00,3744.2,3746.6,3742.08,3743.15,172.6626
2025-09-22 17:00:00+00:00,3743.16,3748.61,3743.15,3747.32,262.9853
2025-09-22 17:30:00+00:00,3747.33,3753.88,3747.33,3753.39,194.2148
2025-09-22 18:00:00+00:00,3753.38,3753.39,3749.29,3751.65,221.5733
2025-09-22 18:30:00+00:00,3751.65,3758.83,3750.04,3757.7,444.5806
2025-09-22 19:00:00+00:00,3757.7,3759.29,3752.63,3752.82,282.8357
2025-09-22 19:30:00+00:00,3753.03,3757.6,3751.74,3757.36,156.8164
2025-09-22 20:00:00+00:00,3757.52,3760.77,3755.8,3759.79,418.2652
2025-09-22 20:30:00+00:00,3759.79,3762.62,3759.16,3760.41,123.8543
2025-09-22 21:00:00+00:00,3760.42,3761.89,3760.05,3761.44,54.1446
2025-09-22 21:30:00+00:00,3761.45,3766.4,3761.44,3764.83,72.2885
2025-09-22 22:00:00+00:00,3764.84,3764.84,3755.95,3756.01,120.3502
2025-09-22 22:30:00+00:00,3756.02,3757.55,3750.64,3750.7,232.5971
2025-09-22 23:00:00+00:00,3750.71,3758.17,3750.55,3756.11,136.109
2025-09-22 23:30:00+00:00,3756.11,3758.55,3754.87,3757.71,98.4006
2025-09-23 00:00:00+00:00,3757.74,3760.78,3757.21,3759.89,243.8883
2025-09-23 00:30:00+00:00,3759.89,3760.92,3756.59,3759.23,118.602
2025-09-23 01:00:00+00:00,3759.22,3771.0,3757.26,3761.8,245.6045
2025-09-23 01:30:00+00:00,3761.79,3769.2,3759.45,3763.74,164.8152
2025-09-23 02:00:00+00:00,3763.74,3764.63,3749.5,3752.09,200.8308
2025-09-23 02:30:00+00:00,3752.01,3753.57,3748.89,3751.02,141.425
2025-09-23 03:00:00+00:00,3751.02,3754.03,3749.22,3753.4,91.8814
2025-09-23 03:30:00+00:00,3753.48,3757.95,3752.6,3756.33,81.3962
2025-09-23 04:00:00+00:00,3756.33,3758.13,3752.14,3753.0,174.2644
2025-09-23 04:30:00+00:00,3753.0,3754.8,3752.47,3753.05,110.4808
2025-09-23 05:00:00+00:00,3753.04,3757.38,3753.04,3757.19,116.835
2025-09-23 05:30:00+00:00,3757.19,3768.17,3757.19,3763.04,219.5459
2025-09-23 06:00:00+00:00,3763.05,3767.22,3761.49,3765.77,121.3616
2025-09-23 06:30:00+00:00,3765.76,3765.76,3763.0,3763.82,157.9311
2025-09-23 07:00:00+00:00,3763.82,3763.82,3759.09,3762.66,115.2777
2025-09-23 07:30:00+00:00,3762.66,3765.0,3761.46,3761.56,113.1074
2025-09-23 08:00:00+00:00,3761.57,3764.81,3761.57,3764.79,305.4522
2025-09-23 08:30:00+00:00,3764.78,3787.92,3764.78,3783.75,415.8176
2025-09-23 09:00:00+00:00,3783.74,3800.0,3783.74,3797.51,316.2212
2025-09-23 09:30:00+00:00,3797.51,3798.01,3787.72,3797.06,368.3199
2025-09-23 10:00:00+00:00,3797.07,3800.0,3792.99,3793.0,247.7624
2025-09-23 10:30:00+00:00,3793.0,3796.14,3790.44,3792.56,126.6301
2025-09-23 11:00:00+00:00,3792.33,3797.69,3790.4,3796.82,209.0895
2025-09-23 11:30:00+00:00,3796.83,3796.83,3790.09,3792.28,134.5065
2025-09-23 12:00:00+00:00,3791.66,3792.34,3784.44,3788.31,185.4806
2025-09-23 12:30:00+00:00,3788.33,3795.13,3787.05,3793.07,165.5721
2025-09-23 13:00:00+00:00,3793.07,3795.27,3788.4,3790.9,229.9921
2025-09-23 13:30:00+00:00,3790.97,3794.81,3780.36,3789.75,176.6685
2025-09-23 14:00:00+00:00,3789.87,3790.3,3773.0,3776.66,396.591
2025-09-23 14:30:00+00:00,3776.81,3780.86,3775.61,3779.9,191.3849
2025-09-23 15:00:00+00:00,3779.91,3789.49,3779.81,3788.83,225.1286
2025-09-23 15:30:00+00:00,3789.0,3791.48,3780.99,3785.14,222.6771
2025-09-23 16:00:00+00:00,3785.57,3787.2,3778.57,3780.64,114.9902
2025-09-23 16:30:00+00:00,3780.65,3788.34,3772.45,3785.28,208.3574
2025-09-23 17:00:00+00:00,3785.29,3791.89,3784.88,3788.48,131.1819
2025-09-23 17:30:00+00:00,3788.47,3789.31,3782.07,3783.73,100.9025
2025-09-23 18:00:00+00:00,3783.74,3788.47,3783.27,3787.18,109.5572
2025-09-23 18:30:00+00:00,3787.17,3788.86,3767.8,3767.8,216.9403
2025-09-23 19:00:00+00:00,3767.81,3774.92,3763.57,3769.99,218.4525
2025-09-23 19:30:00+00:00,3769.99,3780.51,3769.99,3777.42,194.6272
2025-09-23 20:00:00+00:00,3777.41,3778.86,3774.75,3777.72,200.8691
2025-09-23 20:30:00+00:00,3777.73,3778.8,3774.51,3777.03,104.0836
2025-09-23 21:00:00+00:00,3777.11,3778.02,3774.71,3776.95,88.3454
2025-09-23 21:30:00+00:00,3776.95,3778.37,3774.19,3777.65,49.1564
2025-09-23 22:00:00+00:00,3777.64,3777.81,3773.36,3773.36,35.1976
2025-09-23 22:30:00+00:00,3773.37,3777.82,3773.36,3774.78,73.0635
2025-09-23 23:00:00+00:00,3774.77,3781.74,3774.21,3780.84,106.5278
2025-09-23 23:30:00+00:00,3780.84,3780.85,3772.0,3774.33,127.1575
2025-09-24 00:00:00+00:00,3774.34,3776.31,3768.66,3773.28,75.3259
2025-09-24 00:30:00+00:00,3773.29,3774.68,3771.82,3773.37,70.0843
2025-09-24 01:00:00+00:00,3773.37,3779.69,3768.18,3768.18,207.7658
2025-09-24 01:30:00+00:00,3768.19,3769.83,3764.35,3766.06,100.0554
2025-09-24 02:00:00+00:00,3766.06,3766.06,3760.57,3760.6,124.2134
2025-09-24 02:30:00+00:00,3760.6,3768.05,3759.0,3765.83,149.1971
2025-09-24 03:00:00+00:00,3765.84,3771.38,3761.04,3771.15,84.8644
2025-09-24 03:30:00+00:00,3771.15,3783.84,3770.6,3777.79,413.2821
2025-09-24 04:00:00+00:00,3777.79,3779.79,3772.34,3775.83,182.8926
2025-09-24 04:30:00+00:00,3775.83,3779.33,3775.82,3778.72,113.0681
2025-09-24 05:00:00+00:00,3778.72,3784.68,3778.72,3783.56,130.9962
2025-09-24 05:30:00+00:00,3783.57,3787.79,3783.22,3785.3,99.0907
2025-09-24 06:00:00+00:00,3785.3,3786.36,3783.23,3783.24,141.6272
2025-09-24 06:30:00+00:00,3783.23,3784.5,3783.23,3783.59,139.7841
2025-09-24 07:00:00+00:00,3783.59,3785.83,3783.23,3783.48,162.2611
2025-09-24 07:30:00+00:00,3783.47,3788.79,3783.47,3786.2,108.3049
2025-09-24 08:00:00+00:00,3786.31,3786.72,3780.43,3780.56,136.3575
2025-09-24 08:30:00+00:00,3780.43,3780.62,3778.0,3778.87,122.7564
2025-09-24 09:00:00+00:00,3778.88,3778.99,3776.02,3776.26,100.1568
2025-09-24 09:30:00+00:00,3776.26,3777.2,3770.0,3774.03,164.412
2025-09-24 10:00:00+00:00,3774.02,3774.19,3767.76,3770.62,138.3579
2025-09-24 10:30:00+00:00,3770.62,3771.99,3767.3,3769.82,109.036
2025-09-24 11:00:00+00:00,3769.83,3772.42,3768.24,3771.48,126.2737
2025-09-24 11:30:00+00:00,3771.47,3776.37,3770.72,3776.1,107.8781
2025-09-24 12:00:00+00:00,3776.1,3779.24,3773.92,3776.33,109.1557
2025-09-24 12:30:00+00:00,3776.33,3779.03,3774.36,3777.84,77.8039
2025-09-24 13:00:00+00:00,3777.83,3780.0,3776.53,3776.53,53.0636
2025-09-24 13:30:00+00:00,3776.27,3776.52,3766.14,3769.48,253.2727
2025-09-24 14:00:00+00:00,3769.16,3771.45,3762.52,3766.58,228.1817
2025-09-24 14:30:00+00:00,3766.66,3767.02,3756.3,3760.12,426.9841
2025-09-24 15:00:00+00:00,3760.14,3763.14,3758.0,3758.01,169.0174
2025-09-24 15:30:00+00:00,3758.01,3758.97,3746.9,3746.98,337.966
2025-09-24 16:00:00+00:00,3747.29,3751.9,3743.48,3747.34,213.0769
2025-09-24 16:30:00+00:00,3747.35,3748.27,3737.82,3740.33,339.6068
2025-09-24 17:00:00+00:00,3740.23,3742.12,3738.07,3738.95,138.2911
2025-09-24 17:30:00+00:00,3738.68,3739.55,3737.79,3738.44,95.4445
2025-09-24 18:00:00+00:00,3738.44,3738.44,3729.46,3732.68,637.795
2025-09-24 18:30:00+00:00,3732.67,3738.32,3731.01,3731.16,154.8332
2025-09-24 19:00:00+00:00,3731.15,3731.15,3720.78,3726.06,303.4221
2025-09-24 19:30:00+00:00,3726.13,3743.0,3726.13,3740.47,151.393
2025-09-24 20:00:00+00:00,3740.47,3743.33,3740.03,3741.47,34.4656
2025-09-24 20:30:00+00:00,3741.47,3754.36,3739.35,3747.29,93.6292
2025-09-24 21:00:00+00:00,3747.29,3748.82,3745.72,3748.78,30.821
2025-09-24 21:30:00+00:00,3748.78,3748.82,3746.18,3746.7,30.2805
2025-09-24 22:00:00+00:00,3746.7,3755.35,3745.75,3754.75,40.0336
2025-09-24 22:30:00+00:00,3754.75,3754.75,3749.69,3750.49,24.4486
2025-09-24 23:00:00+00:00,3750.49,3751.44,3748.32,3750.63,58.3277
2025-09-24 23:30:00+00:00,3750.72,3757.19,3749.22,3754.88,148.9063
2025-09-25 00:00:00+00:00,3754.88,3760.76,3753.52,3760.15,82.1607
2025-09-25 00:30:00+00:00,3760.16,3761.0,3757.18,3759.19,44.602
2025-09-25 01:00:00+00:00,3759.2,3760.35,3740.74,3749.3,856.2066
2025-09-25 01:30:00+00:00,3749.3,3753.04,3739.0,3741.02,102.2031
2025-09-25 02:00:00+00:00,3741.02,3741.02,3735.0,3740.97,89.4087
2025-09-25 02:30:00+00:00,3741.27,3748.7,3741.27,3744.52,104.5661
2025-09-25 03:00:00+00:00,3744.52,3744.52,3739.09,3741.05,48.0589
2025-09-25 03:30:00+00:00,3741.04,3744.52,3740.95,3744.0,48.447
2025-09-25 04:00:00+00:00,3744.01,3744.01,3738.69,3741.16,53.1295
2025-09-25 04:30:00+00:00,3741.16,3748.0,3740.73,3746.57,58.6188
2025-09-25 05:00:00+00:00,3746.17,3747.14,3743.35,3745.45,85.9215
2025-09-25 05:30:00+00:00,3745.46,3750.38,3745.45,3749.19,53.4338
2025-09-25 06:00:00+00:00,3749.19,3755.0,3748.9,3754.49,125.8086
2025-09-25 06:30:00+00:00,3754.49,3755.0,3750.62,3752.05,79.5894
2025-09-25 07:00:00+00:00,3752.04,3755.92,3750.9,3755.56,65.6113
2025-09-25 07:30:00+00:00,3755.56,3764.15,3753.75,3762.22,95.5509
2025-09-25 08:00:00+00:00,3762.21,3773.55,3762.05,3766.22,137.0986
2025-09-25 08:30:00+00:00,3766.21,3767.04,3756.0,3763.67,571.6502
2025-09-25 09:00:00+00:00,3763.56,3763.58,3757.2,3757.2,108.966
2025-09-25 09:30:00+00:00,3757.2,3766.68,3756.83,3760.84,309.5143
2025-09-25 10:00:00+00:00,3761.02,3765.14,3760.77,3761.45,126.4011
2025-09-25 10:30:00+00:00,3761.46,3765.48,3761.29,3761.89,34.6267
2025-09-25 11:00:00+00:00,3761.89,3761.9,3747.52,3756.3,119.9442
2025-09-25 11:30:00+00:00,3756.29,3761.44,3755.33,3761.44,78.268
2025-09-25 12:00:00+00:00,3761.52,3765.07,3757.2,3762.83,133.9942
2025-09-25 12:30:00+00:00,3762.83,3762.83,3739.96,3747.7,292.5752
2025-09-25 13:00:00+00:00,3747.71,3754.3,3742.67,3751.34,138.8037
2025-09-25 13:30:00+00:00,3751.8,3752.0,3730.0,3742.5,256.2211
2025-09-25 14:00:00+00:00,3742.5,3744.6,3732.42,3741.55,166.0666
2025-09-25 14:30:00+00:00,3741.54,3741.54,3732.34,3739.21,133.8387
2025-09-25 15:00:00+00:00,3739.2,3745.36,3735.91,3738.56,118.8263
2025-09-25 15:30:00+00:00,3738.57,3744.28,3737.06,3741.69,115.8644
2025-09-25 16:00:00+00:00,3741.69,3747.0,3740.57,3742.71,82.2006
2025-09-25 16:30:00+00:00,3742.71,3743.59,3737.88,3739.48,92.7896
2025-09-25 17:00:00+00:00,3739.48,3746.64,3738.68,3744.59,137.4127
2025-09-25 17:30:00+00:00,3744.6,3753.34,3743.71,3747.06,218.6741
2025-09-25 18:00:00+00:00,3747.05,3756.07,3743.82,3756.06,263.3006
2025-09-25 18:30:00+00:00,3756.07,3765.05,3754.38,3762.27,234.6663
2025-09-25 19:00:00+00:00,3762.27,3763.27,3757.34,3758.04,115.2369
2025-09-25 19:30:00+00:00,3758.03,3758.03,3751.03,3753.19,93.8063
2025-09-25 20:00:00+00:00,3753.19,3758.76,3753.19,3757.69,79.3796
2025-09-25 20:30:00+00:00,3757.7,3760.0,3757.67,3757.69,48.8744
2025-09-25 21:00:00+00:00,3757.68,3764.08,3757.41,3762.17,88.5373
2025-09-25 21:30:00+00:00,3762.18,3762.18,3759.65,3760.88,61.6548
2025-09-25 22:00:00+00:00,3760.87,3760.88,3755.06,3758.05,80.8992
2025-09-25 22:30:00+00:00,3758.05,3759.5,3757.74,3757.75,65.3927
2025-09-25 23:00:00+00:00,3757.74,3759.32,3748.28,3753.02,118.258
2025-09-25 23:30:00+00:00,3753.03,3754.01,3748.73,3753.29,56.5184
2025-09-26 00:00:00+00:00,3753.29,3757.48,3748.35,3749.87,102.0437
2025-09-26 00:30:00+00:00,3749.87,3756.82,3749.87,3756.65,81.9907
2025-09-26 01:00:00+00:00,3756.66,3759.99,3747.9,3750.03,81.1628
2025-09-26 01:30:00+00:00,3750.03,3752.45,3746.25,3746.98,76.497
2025-09-26 02:00:00+00:00,3746.98,3749.01,3744.75,3747.37,76.3659
2025-09-26 02:30:00+00:00,3747.38,3749.41,3745.14,3745.46,44.9138
2025-09-26 03:00:00+00:00,3745.45,3747.79,3742.04,3747.79,71.8566
2025-09-26 03:30:00+00:00,3747.79,3751.75,3747.79,3751.61,54.1373
2025-09-26 04:00:00+00:00,3751.62,3753.48,3750.77,3751.3,48.171
2025-09-26 04:30:00+00:00,3751.31,3754.01,3751.22,3753.19,40.5639
2025-09-26 05:00:00+00:00,3753.19,3753.93,3752.58,3753.33,56.0549
2025-09-26 05:30:00+00:00,3753.34,3755.8,3747.14,3747.61,126.3272
2025-09-26 06:00:00+00:00,3747.6,3759.48,3746.27,3757.83,85.7012
2025-09-26 06:30:00+00:00,3757.83,3758.74,3748.28,3748.48,69.3883
2025-09-26 07:00:00+00:00,3748.48,3751.1,3745.69,3751.09,151.1204
2025-09-26 07:30:00+00:00,3751.09,3755.16,3751.09,3754.29,61.2485
2025-09-26 08:00:00+00:00,3754.18,3757.62,3753.47,3756.98,86.5951
2025-09-26 08:30:00+00:00,3756.97,3760.06,3755.18,3759.11,105.7462
2025-09-26 09:00:00+00:00,3759.11,3761.1,3755.34,3755.34,78.9733
2025-09-26 09:30:00+00:00,3755.35,3758.25,3754.55,3758.25,43.622
2025-09-26 10:00:00+00:00,3758.26,3761.98,3755.75,3755.8,48.9939
2025-09-26 10:30:00+00:00,3755.8,3755.86,3749.23,3750.97,123.0695
2025-09-26 11:00:00+00:00,3751.06,3757.57,3751.05,3757.57,61.2107
2025-09-26 11:30:00+00:00,3757.62,3760.82,3757.17,3757.71,110.5116
2025-09-26 12:00:00+00:00,3757.71,3760.1,3753.76,3756.95,67.086
2025-09-26 12:30:00+00:00,3756.99,3763.96,3755.12,3760.48,106.8317
2025-09-26 13:00:00+00:00,3760.48,3775.06,3760.28,3767.48,194.1887
2025-09-26 13:30:00+00:00,3767.49,3772.7,3762.64,3772.09,209.5175
2025-09-26 14:00:00+00:00,3772.08,3790.0,3772.08,3785.54,190.7004
2025-09-26 14:30:00+00:00,3785.54,3790.03,3780.45,3788.54,483.7146
2025-09-26 15:00:00+00:00,3788.54,3793.12,3783.23,3787.07,392.1519
2025-09-26 15:30:00+00:00,3787.07,3788.35,3783.93,3788.0,118.7543
2025-09-26 16:00:00+00:00,3788.01,3788.14,3777.94,3779.49,178.539
2025-09-26 16:30:00+00:00,3779.61,3784.51,3779.49,3780.12,81.2517
2025-09-26 17:00:00+00:00,3780.13,3786.96,3780.13,3786.53,77.4426
2025-09-26 17:30:00+00:00,3786.53,3790.55,3786.51,3789.8,78.6649
2025-09-26 18:00:00+00:00,3789.8,3799.0,3784.34,3786.43,155.2533
2025-09-26 18:30:00+00:00,3786.44,3788.13,3785.0,3785.84,69.3528
2025-09-26 19:00:00+00:00,3785.84,3785.84,3782.16,3782.42,85.5257
2025-09-26 19:30:00+00:00,3782.42,3782.43,3775.11,3775.91,57.832
2025-09-26 20:00:00+00:00,3776.21,3779.24,3775.11,3775.63,55.8677
2025-09-26 20:30:00+00:00,3775.63,3776.38,3771.5,3771.5,35.6598
2025-09-26 21:00:00+00:00,3771.51,3774.85,3771.5,3774.5,19.1397
2025-09-26 21:30:00+00:00,3774.5,3777.19,3774.21,3776.31,44.691
2025-09-26 22:00:00+00:00,3776.31,3777.77,3775.58,3777.77,41.3496
2025-09-26 22:30:00+00:00,3777.78,3780.14,3777.11,3780.14,62.3473
2025-09-26 23:00:00+00:00,3780.13,3780.13,3774.31,3774.67,101.2081
2025-09-26 23:30:00+00:00,3774.66,3778.33,3764.5,3772.99,184.4025
2025-09-27 00:00:00+00:00,3773.0,3773.0,3768.56,3771.9,17.8783
2025-09-27 00:30:00+00:00,3771.89,3773.7,3769.25,3773.6,22.9612
2025-09-27 01:00:00+00:00,3773.6,3775.39,3772.31,3774.37,15.9718
2025-09-27 01:30:00+00:00,3774.36,3776.82,3773.41,3775.46,31.1776
2025-09-27 02:00:00+00:00,3775.4,3777.27,3775.39,3776.45,21.4762
2025-09-27 02:30:00+00:00,3776.45,3776.8,3776.27,3776.34,14.8973
2025-09-27 03:00:00+00:00,3776.34,3777.42,3775.45,3775.45,42.7083
2025-09-27 03:30:00+00:00,3775.45,3777.43,3774.33,3776.27,18.8048
2025-09-27 04:00:00+00:00,3776.27,3779.22,3775.88,3775.88,39.6477
2025-09-27 04:30:00+00:00,3775.88,3775.89,3772.32,3773.51,24.4504
2025-09-27 05:00:00+00:00,3773.52,3773.56,3772.71,3773.04,17.5678
2025-09-27 05:30:00+00:00,3773.04,3773.6,3770.81,3772.5,50.3223
2025-09-27 06:00:00+00:00,3772.51,3772.55,3771.84,3772.16,16.7609
2025-09-27 06:30:00+00:00,3772.15,3774.61,3772.14,3774.6,17.2536
2025-09-27 07:00:00+00:00,3774.61,3774.74,3773.13,3773.74,25.089
2025-09-27 07:30:00+00:00,3773.74,3773.99,3772.56,3773.99,12.6025
2025-09-27 08:00:00+00:00,3773.99,3778.44,3773.99,3778.44,45.3035
2025-09-27 08:30:00+00:00,3778.44,3780.24,3777.77,3778.58,28.0264
2025-09-27 09:00:00+00:00,3778.57,3778.58,3776.05,3776.05,26.2279
2025-09-27 09:30:00+00:00,3776.05,3776.27,3773.37,3773.38,15.2462
2025-09-27 10:00:00+00:00,3773.38,3777.29,3773.21,3777.29,38.3618
2025-09-27 10:30:00+00:00,3777.29,3779.03,3773.7,3778.14,66.1758
2025-09-27 11:00:00+00:00,3778.13,3780.21,3775.44,3775.57,41.6418
2025-09-27 11:30:00+00:00,3775.56,3776.15,3774.32,3775.97,23.5466
2025-09-27 12:00:00+00:00,3775.96,3775.96,3774.97,3775.57,15.1871
2025-09-27 12:30:00+00:00,3775.57,3783.79,3773.56,3783.71,66.0268
2025-09-27 13:00:00+00:00,3783.72,3783.72,3777.54,3781.72,26.8593
2025-09-27 13:30:00+00:00,3781.86,3784.69,3781.32,3783.35,40.2704
2025-09-27 14:00:00+00:00,3783.36,3784.44,3778.79,3778.79,18.0147
2025-09-27 14:30:00+00:00,3778.79,3782.92,3778.5,3781.76,21.8824
2025-09-27 15:00:00+00:00,3781.77,3781.79,3777.75,3779.41,28.9064
2025-09-27 15:30:00+00:00,3779.41,3782.77,3778.96,3779.58,35.7091
2025-09-27 16:00:00+00:00,3779.58,3779.61,3778.77,3779.38,10.0528
2025-09-27 16:30:00+00:00,3779.38,3783.09,3779.38,3783.08,42.5889
2025-09-27 17:00:00+00:00,3783.08,3784.0,3780.91,3780.95,34.733
2025-09-27 17:30:00+00:00,3780.95,3781.24,3779.46,3781.24,13.0215
2025-09-27 18:00:00+00:00,3781.24,3781.4,3779.0,3781.07,21.0046
2025-09-27 18:30:00+00:00,3781.08,3782.86,3780.5,3782.47,44.2232
2025-09-27 19:00:00+00:00,3782.52,3782.53,3781.81,3781.83,17.6414
2025-09-27 19:30:00+00:00,3781.83,3784.14,3772.46,3775.66,133.9796
2025-09-27 20:00:00+00:00,3775.67,3776.09,3774.42,3775.14,32.9504
2025-09-27 20:30:00+00:00,3775.14,3775.69,3774.31,3775.23,22.0668
2025-09-27 21:00:00+00:00,3775.23,3778.45,3775.02,3775.54,25.745
2025-09-27 21:30:00+00:00,3775.55,3776.89,3773.94,3775.68,30.236
2025-09-27 22:00:00+00:00,3775.67,3776.02,3773.97,3775.63,32.4396
2025-09-27 22:30:00+00:00,3775.63,3777.56,3775.18,3775.18,20.3121
2025-09-27 23:00:00+00:00,3775.18,3776.96,3773.26,3775.09,77.0014
2025-09-27 23:30:00+00:00,3775.09,3775.42,3774.52,3774.88,13.1475
2025-09-28 00:00:00+00:00,3774.88,3776.89,3774.21,3776.89,34.5601
2025-09-28 00:30:00+00:00,3776.89,3778.37,3776.88,3778.17,14.263
2025-09-28 01:00:00+00:00,3778.17,3778.17,3775.67,3776.62,29.0814
2025-09-28 01:30:00+00:00,3776.62,3779.5,3776.62,3779.01,19.3562
2025-09-28 02:00:00+00:00,3779.0,3779.44,3776.3,3779.0,51.5895
2025-09-28 02:30:00+00:00,3779.01,3779.15,3778.03,3778.03,21.3521
2025-09-28 03:00:00+00:00,3778.04,3779.08,3775.76,3779.08,47.3925
2025-09-28 03:30:00+00:00,3779.07,3779.08,3776.42,3777.68,32.682
2025-09-28 04:00:00+00:00,3777.68,3779.44,3777.3,3778.46,42.1121
2025-09-28 04:30:00+00:00,3778.46,3778.66,3778.46,3778.6,12.8791
2025-09-28 05:00:00+00:00,3778.61,3778.61,3778.0,3778.03,19.9942
2025-09-28 05:30:00+00:00,3778.03,3780.51,3777.94,3778.47,91.4098
2025-09-28 06:00:00+00:00,3778.47,3779.94,3778.46,3779.44,28.933
2025-09-28 06:30:00+00:00,3779.45,3779.46,3779.07,3779.07,23.5571
2025-09-28 07:00:00+00:00,3779.08,3779.08,3778.09,3778.09,13.2708
2025-09-28 07:30:00+00:00,3778.09,3779.0,3778.09,3779.0,17.5405
2025-09-28 08:00:00+00:00,3779.0,3779.0,3774.92,3775.5,23.7969
2025-09-28 08:30:00+00:00,3775.04,3777.72,3775.04,3777.72,31.6913
2025-09-28 09:00:00+00:00,3777.72,3778.41,3776.82,3776.83,31.8693
2025-09-28 09:30:00+00:00,3776.83,3780.36,3776.82,3779.83,68.5683
2025-09-28 10:00:00+00:00,3779.83,3779.84,3778.94,3778.94,25.1623
2025-09-28 10:30:00+00:00,3778.95,3778.95,3777.37,3777.41,19.9184
2025-09-28 11:00:00+00:00,3777.41,3777.78,3775.42,3775.92,32.2941
2025-09-28 11:30:00+00:00,3775.92,3776.03,3775.92,3776.02,11.3523
2025-09-28 12:00:00+00:00,3776.03,3776.03,3773.12,3773.13,21.2335
2025-09-28 12:30:00+00:00,3773.12,3780.5,3773.12,3779.26,69.3811
2025-09-28 13:00:00+00:00,3779.26,3779.95,3777.68,3778.15,27.9331
2025-09-28 13:30:00+00:00,3778.14,3778.14,3773.13,3773.91,29.1149
2025-09-28 14:00:00+00:00,3773.91,3775.26,3773.9,3775.08,24.2074
2025-09-28 14:30:00+00:00,3775.08,3776.13,3773.21,3773.93,56.0756
2025-09-28 15:00:00+00:00,3773.94,3774.16,3773.02,3774.15,27.018
2025-09-28 15:30:00+00:00,3774.16,3774.75,3773.39,3773.39,27.7098
2025-09-28 16:00:00+00:00,3773.4,3774.29,3771.26,3772.01,61.5445
2025-09-28 16:30:00+00:00,3772.1,3772.32,3771.91,3772.31,22.5278
2025-09-28 17:00:00+00:00,3772.31,3772.78,3772.31,3772.78,13.6434
2025-09-28 17:30:00+00:00,3772.77,3773.91,3771.92,3771.92,23.5558
2025-09-28 18:00:00+00:00,3771.92,3773.58,3771.92,3773.57,15.4484
2025-09-28 18:30:00+00:00,3773.58,3773.58,3773.08,3773.08,16.8104
2025-09-28 19:00:00+00:00,3773.09,3773.75,3771.92,3771.96,30.6987
2025-09-28 19:30:00+00:00,3771.96,3773.82,3771.93,3773.37,25.5596
2025-09-28 20:00:00+00:00,3773.36,3773.36,3771.72,3772.1,24.8288
2025-09-28 20:30:00+00:00,3772.09,3772.11,3766.16,3767.53,147.6906
2025-09-28 21:00:00+00:00,3767.54,3767.95,3767.33,3767.61,48.2152
2025-09-28 21:30:00+00:00,3767.61,3770.0,3767.24,3769.8,35.2508
2025-09-28 22:00:00+00:00,3769.8,3779.0,3768.57,3776.54,70.3274
2025-09-28 22:30:00+00:00,3776.53,3778.36,3770.0,3776.36,139.0349
2025-09-28 23:00:00+00:00,3776.37,3777.41,3773.8,3776.39,70.9485
2025-09-28 23:30:00+00:00,3776.39,3779.0,3775.98,3775.98,42.6171
2025-09-29 00:00:00+00:00,3775.99,3785.53,3773.21,3785.53,85.4176
2025-09-29 00:30:00+00:00,3785.53,3795.07,3784.98,3794.42,66.3372
2025-09-29 01:00:00+00:00,3794.43,3795.84,3776.11,3782.25,103.8635
2025-09-29 01:30:00+00:00,3782.25,3786.25,3779.41,3786.01,90.8867
2025-09-29 02:00:00+00:00,3785.92,3803.28,3784.34,3800.54,239.1404
2025-09-29 02:30:00+00:00,3800.54,3802.83,3796.98,3801.28,124.5677
2025-09-29 03:00:00+00:00,3801.28,3805.29,3800.7,3801.14,73.4495
2025-09-29 03:30:00+00:00,3801.15,3809.74,3801.15,3804.66,168.5822
2025-09-29 04:00:00+00:00,3804.66,3805.87,3800.9,3805.86,132.4575
2025-09-29 04:30:00+00:00,3805.87,3815.06,3805.41,3812.9,155.5888
2025-09-29 05:00:00+00:00,3812.85,3817.87,3811.67,3814.26,443.19
2025-09-29 05:30:00+00:00,3814.26,3824.4,3813.0,3824.4,510.1219
2025-09-29 06:00:00+00:00,3824.44,3829.49,3822.78,3823.17,800.0184
2025-09-29 06:30:00+00:00,3823.18,3833.0,3821.41,3828.63,187.9465
2025-09-29 07:00:00+00:00,3828.69,3829.99,3822.99,3825.8,157.4807
2025-09-29 07:30:00+00:00,3825.81,3828.42,3812.02,3816.47,204.9623
2025-09-29 08:00:00+00:00,3816.7,3825.87,3816.7,3820.71,205.5621
2025-09-29 08:30:00+00:00,3820.71,3828.93,3820.71,3828.01,149.4449
2025-09-29 09:00:00+00:00,3828.0,3828.24,3825.3,3825.77,71.0604
2025-09-29 09:30:00+00:00,3825.77,3826.63,3820.0,3820.62,331.3554
2025-09-29 10:00:00+00:00,3820.63,3826.85,3819.44,3825.12,95.8339
2025-09-29 10:30:00+00:00,3825.03,3828.61,3823.9,3827.12,75.1268
2025-09-29 11:00:00+00:00,3827.13,3835.91,3825.36,3834.61,106.611
2025-09-29 11:30:00+00:00,3834.62,3844.34,3834.61,3841.66,164.8553
2025-09-29 12:00:00+00:00,3841.66,3842.19,3828.01,3828.52,98.9416
2025-09-29 12:30:00+00:00,3828.52,3829.17,3819.48,3824.92,143.2802
2025-09-29 13:00:00+00:00,3824.93,3834.64,3822.39,3832.51,96.5906
2025-09-29 13:30:00+00:00,3832.51,3840.0,3830.45,3834.05,154.0021
2025-09-29 14:00:00+00:00,3834.04,3840.93,3828.09,3836.94,184.6274
2025-09-29 14:30:00+00:00,3836.86,3838.42,3833.12,3836.91,115.6579
2025-09-29 15:00:00+00:00,3836.91,3840.67,3830.65,3837.03,101.3708
2025-09-29 15:30:00+00:00,3837.04,3840.87,3830.91,3838.56,50.4239
2025-09-29 16:00:00+00:00,3838.55,3841.89,3837.51,3840.45,58.7791
2025-09-29 16:30:00+00:00,3840.45,3840.45,3835.56,3838.46,71.836
2025-09-29 17:00:00+00:00,3838.46,3841.91,3835.96,3837.55,67.8643
2025-09-29 17:30:00+00:00,3837.18,3841.98,3836.44,3840.84,90.754
2025-09-29 18:00:00+00:00,3840.84,3844.78,3837.52,3843.92,303.2015
2025-09-29 18:30:00+00:00,3843.91,3844.28,3838.27,3838.27,141.7038
2025-09-29 19:00:00+00:00,3838.27,3841.49,3835.99,3838.4,102.0053
2025-09-29 19:30:00+00:00,3838.4,3843.42,3836.64,3840.33,226.3463
2025-09-29 20:00:00+00:00,3840.33,3842.26,3837.76,3839.06,99.3159
2025-09-29 20:30:00+00:00,3839.05,3844.84,3832.9,3842.19,185.181
2025-09-29 21:00:00+00:00,3842.19,3859.48,3842.18,3852.66,260.0812
2025-09-29 21:30:00+00:00,3852.4,3852.5,3846.36,3847.84,92.3357
2025-09-29 22:00:00+00:00,3847.85,3847.97,3839.29,3840.45,160.5304
2025-09-29 22:30:00+00:00,3840.44,3846.5,3840.43,3845.51,63.4816
2025-09-29 23:00:00+00:00,3845.51,3845.98,3842.62,3842.62,72.2441
2025-09-29 23:30:00+00:00,3842.61,3848.79,3841.78,3847.63,128.6059
2025-09-30 00:00:00+00:00,3847.63,3857.71,3846.66,3855.75,193.8943
2025-09-30 00:30:00+00:00,3855.75,3856.15,3850.83,3853.73,160.8772
2025-09-30 01:00:00+00:00,3853.74,3860.0,3851.46,3859.49,148.8732
2025-09-30 01:30:00+00:00,3859.48,3863.21,3859.48,3860.48,166.3922
2025-09-30 02:00:00+00:00,3860.39,3863.35,3854.85,3856.89,246.0465
2025-09-30 02:30:00+00:00,3856.9,3860.47,3855.36,3858.93,134.2527
2025-09-30 03:00:00+00:00,3858.92,3872.24,3858.46,3870.72,243.1836
2025-09-30 03:30:00+00:00,3870.71,3880.69,3869.71,3876.09,324.7099
2025-09-30 04:00:00+00:00,3876.1,3877.06,3873.07,3874.44,150.5857
2025-09-30 04:30:00+00:00,3874.44,3877.14,3872.94,3876.74,163.6833
2025-09-30 05:00:00+00:00,3876.75,3878.84,3874.0,3877.48,184.8467
2025-09-30 05:30:00+00:00,3877.47,3878.59,3875.0,3878.58,238.0402
2025-09-30 06:00:00+00:00,3878.57,3880.23,3872.0,3873.94,219.3603
2025-09-30 06:30:00+00:00,3873.94,3878.74,3865.46,3866.14,216.8598
2025-09-30 07:00:00+00:00,3866.15,3869.54,3857.34,3861.55,262.456
2025-09-30 07:30:00+00:00,3861.56,3862.77,3850.94,3854.03,264.7286
2025-09-30 08:00:00+00:00,3854.01,3857.19,3835.02,3837.93,543.6607
2025-09-30 08:30:00+00:00,3837.93,3841.04,3821.31,3830.12,783.6223
2025-09-30 09:00:00+00:00,3830.12,3837.0,3815.0,3817.57,758.517
2025-09-30 09:30:00+00:00,3817.58,3821.15,3806.92,3814.7,393.345
2025-09-30 10:00:00+00:00,3814.7,3828.93,3814.61,3821.69,238.204
2025-09-30 10:30:00+00:00,3821.69,3830.11,3821.18,3827.0,225.7232
2025-09-30 11:00:00+00:00,3826.99,3828.08,3819.8,3822.02,172.3745
2025-09-30 11:30:00+00:00,3822.02,3834.02,3820.96,3827.95,231.6197
2025-09-30 12:00:00+00:00,3827.95,3827.95,3823.5,3826.02,105.081
2025-09-30 12:30:00+00:00,3826.01,3830.63,3820.97,3828.97,111.0557
2025-09-30 13:00:00+00:00,3828.97,3830.49,3824.1,3826.68,40.7822
2025-09-30 13:30:00+00:00,3826.68,3841.03,3824.59,3836.49,112.4884
2025-09-30 14:00:00+00:00,3836.48,3861.07,3834.91,3854.04,333.1402
2025-09-30 14:30:00+00:00,3854.03,3862.87,3850.34,3862.87,221.2184
2025-09-30 15:00:00+00:00,3862.87,3862.87,3842.0,3845.92,175.002
2025-09-30 15:30:00+00:00,3845.92,3852.79,3845.92,3849.3,105.0274
2025-09-30 16:00:00+00:00,3849.3,3855.84,3849.28,3855.41,131.7578
2025-09-30 16:30:00+00:00,3855.42,3860.84,3855.42,3858.69,122.5707
2025-09-30 17:00:00+00:00,3858.6,3862.77,3856.11,3858.72,82.0932
2025-09-30 17:30:00+00:00,3858.73,3862.77,3855.52,3857.41,108.4253
2025-09-30 18:00:00+00:00,3857.41,3859.76,3851.26,3857.74,89.329
2025-09-30 18:30:00+00:00,3857.73,3860.38,3856.29,3859.47,107.7779
2025-09-30 19:00:00+00:00,3859.25,3865.9,3859.23,3864.74,38.9997
2025-09-30 19:30:00+00:00,3864.73,3869.99,3864.73,3869.97,98.5391
2025-09-30 20:00:00+00:00,3869.97,3869.97,3859.31,3864.85,110.1648
2025-09-30 20:30:00+00:00,3864.86,3871.8,3864.85,3869.18,95.0543
2025-09-30 21:00:00+00:00,3869.18,3869.18,3863.93,3864.95,84.0348
2025-09-30 21:30:00+00:00,3864.95,3870.18,3864.01,3870.18,70.1071
2025-09-30 22:00:00+00:00,3870.17,3872.37,3866.05,3866.46,113.9264
2025-09-30 22:30:00+00:00,3866.47,3871.63,3866.47,3871.63,51.2236
2025-09-30 23:00:00+00:00,3871.62,3873.57,3871.62,3873.56,46.8627
2025-09-30 23:30:00+00:00,3873.57,3875.76,3872.99,3875.76,61.823
2025-10-01 00:00:00+00:00,3875.75,3876.38,3873.04,3873.04,112.079
2025-10-01 00:30:00+00:00,3873.04,3875.46,3867.9,3872.23,134.3075
2025-10-01 01:00:00+00:00,3872.22,3875.42,3870.55,3875.41,77.3727
2025-10-01 01:30:00+00:00,3875.42,3880.0,3874.46,3879.22,105.2724
2025-10-01 02:00:00+00:00,3879.22,3886.03,3873.55,3876.84,295.2769
2025-10-01 02:30:00+00:00,3876.84,3877.9,3866.66,3873.46,190.8461
2025-10-01 03:00:00+00:00,3873.46,3875.17,3868.06,3873.13,105.4607
2025-10-01 03:30:00+00:00,3873.12,3873.85,3865.93,3870.78,459.2665
2025-10-01 04:00:00+00:00,3870.77,3872.94,3867.13,3869.69,117.1067
2025-10-01 04:30:00+00:00,3869.6,3872.89,3865.67,3872.87,134.2559
2025-10-01 05:00:00+00:00,3872.87,3877.78,3871.65,3874.86,116.6871
2025-10-01 05:30:00+00:00,3874.86,3877.13,3871.66,3872.2,103.0752
2025-10-01 06:00:00+00:00,3872.2,3872.83,3863.63,3871.39,127.0147
2025-10-01 06:30:00+00:00,3871.46,3875.18,3868.96,3870.48,78.4153
2025-10-01 07:00:00+00:00,3870.48,3881.92,3870.48,3880.8,75.6633
2025-10-01 07:30:00+00:00,3880.81,3889.71,3880.3,3889.66,113.1398
2025-10-01 08:00:00+00:00,3889.74,3903.43,3889.74,3901.67,378.3365
2025-10-01 08:30:00+00:00,3901.54,3904.55,3898.0,3904.49,363.0834
2025-10-01 09:00:00+00:00,3904.48,3904.58,3894.93,3895.63,463.362
2025-10-01 09:30:00+00:00,3895.63,3901.77,3892.52,3899.52,178.9943
2025-10-01 10:00:00+00:00,3899.52,3900.53,3894.99,3895.48,123.764
2025-10-01 10:30:00+00:00,3895.47,3897.33,3893.88,3895.21,76.7704
2025-10-01 11:00:00+00:00,3895.22,3896.8,3890.4,3890.61,107.5577
2025-10-01 11:30:00+00:00,3890.62,3894.78,3887.36,3893.85,184.9827
2025-10-01 12:00:00+00:00,3894.3,3899.52,3886.91,3887.7,243.1851
2025-10-01 12:30:00+00:00,3887.83,3890.57,3876.98,3881.5,184.4037
2025-10-01 13:00:00+00:00,3881.5,3885.18,3875.72,3881.6,99.9446
2025-10-01 13:30:00+00:00,3881.61,3887.69,3878.27,3881.4,312.5852
2025-10-01 14:00:00+00:00,3882.3,3885.92,3879.45,3885.44,308.1196
2025-10-01 14:30:00+00:00,3885.45,3887.59,3868.64,3882.72,308.7499
2025-10-01 15:00:00+00:00,3882.72,3886.16,3871.67,3871.68,121.7301
2025-10-01 15:30:00+00:00,3871.67,3878.67,3870.51,3878.33,128.3584
2025-10-01 16:00:00+00:00,3878.32,3879.48,3871.01,3879.21,97.3804
2025-10-01 16:30:00+00:00,3879.22,3881.32,3879.0,3880.54,64.2055
2025-10-01 17:00:00+00:00,3880.54,3880.55,3877.32,3878.71,95.3931
2025-10-01 17:30:00+00:00,3878.69,3878.69,3869.28,3869.99,97.501
2025-10-01 18:00:00+00:00,3869.98,3873.35,3865.09,3873.0,74.9551
2025-10-01 18:30:00+00:00,3873.08,3874.7,3865.0,3868.09,141.6846
2025-10-01 19:00:00+00:00,3868.09,3873.03,3866.75,3870.43,96.485
2025-10-01 19:30:00+00:00,3870.43,3876.63,3870.43,3873.53,78.1043
2025-10-01 20:00:00+00:00,3873.53,3873.53,3868.08,3870.85,28.9692
2025-10-01 20:30:00+00:00,3870.84,3875.49,3870.84,3875.49,36.6883
2025-10-01 21:00:00+00:00,3875.48,3877.4,3875.09,3875.88,43.9775
2025-10-01 21:30:00+00:00,3875.87,3878.19,3875.86,3877.44,33.8634
2025-10-01 22:00:00+00:00,3877.45,3880.21,3868.83,3868.84,127.1055
2025-10-01 22:30:00+00:00,3868.84,3874.12,3868.83,3871.63,18.6072
2025-10-01 23:00:00+00:00,3871.63,3874.06,3871.62,3873.34,92.7349
2025-10-01 23:30:00+00:00,3873.35,3873.86,3868.47,3870.01,215.3051
2025-10-02 00:00:00+00:00,3870.49,3875.04,3859.99,3864.0,460.9125
2025-10-02 00:30:00+00:00,3863.82,3864.85,3857.9,3860.06,942.1468
2025-10-02 01:00:00+00:00,3860.06,3868.89,3856.01,3867.28,210.9797
2025-10-02 01:30:00+00:00,3867.27,3871.38,3865.72,3867.93,84.3111
2025-10-02 02:00:00+00:00,3867.93,3875.03,3866.92,3869.55,126.6131
2025-10-02 02:30:00+00:00,3869.55,3875.55,3868.25,3873.76,87.5782
2025-10-02 03:00:00+00:00,3873.76,3878.07,3873.62,3874.89,72.5189
2025-10-02 03:30:00+00:00,3874.88,3874.88,3870.2,3871.84,100.2043
2025-10-02 04:00:00+00:00,3871.85,3872.26,3869.4,3870.37,38.8064
2025-10-02 04:30:00+00:00,3870.37,3870.37,3864.01,3867.07,265.0956
2025-10-02 05:00:00+00:00,3867.07,3877.0,3864.77,3874.02,130.6823
2025-10-02 05:30:00+00:00,3874.02,3874.04,3871.41,3872.87,28.3826
2025-10-02 06:00:00+00:00,3872.86,3878.07,3872.5,3877.01,115.0419
2025-10-02 06:30:00+00:00,3877.01,3878.54,3868.2,3869.0,68.388
2025-10-02 07:00:00+00:00,3869.0,3878.27,3869.0,3871.6,62.5136
2025-10-02 07:30:00+00:00,3871.59,3875.1,3870.0,3875.09,38.4921
2025-10-02 08:00:00+00:00,3875.1,3876.52,3873.25,3876.27,33.5288
2025-10-02 08:30:00+00:00,3876.27,3884.32,3876.26,3880.46,100.7425
2025-10-02 09:00:00+00:00,3880.45,3882.26,3878.1,3880.39,35.8536
2025-10-02 09:30:00+00:00,3880.39,3882.67,3879.8,3882.45,57.8043
2025-10-02 10:00:00+00:00,3882.44,3886.25,3879.54,3885.16,72.267
2025-10-02 10:30:00+00:00,3885.17,3886.13,3882.36,3885.28,89.0691
2025-10-02 11:00:00+00:00,3885.29,3892.01,3883.39,3889.21,250.9283
2025-10-02 11:30:00+00:00,3889.21,3890.13,3886.81,3889.98,128.8675
2025-10-02 12:00:00+00:00,3889.98,3896.06,3881.55,3885.47,292.5735
2025-10-02 12:30:00+00:00,3885.47,3891.55,3884.56,3887.39,75.9382
2025-10-02 13:00:00+00:00,3887.4,3897.0,3887.4,3896.18,161.2165
2025-10-02 13:30:00+00:00,3896.2,3899.0,3881.94,3882.96,138.0795
2025-10-02 14:00:00+00:00,3882.96,3883.19,3870.0,3872.43,177.1337
2025-10-02 14:30:00+00:00,3872.56,3875.04,3823.79,3851.29,616.4994
2025-10-02 15:00:00+00:00,3851.01,3855.51,3830.98,3847.48,255.7653
2025-10-02 15:30:00+00:00,3847.48,3847.48,3832.0,3839.02,156.6651
2025-10-02 16:00:00+00:00,3839.01,3855.24,3838.03,3847.86,157.8924
2025-10-02 16:30:00+00:00,3847.96,3854.72,3846.22,3854.71,81.1595
2025-10-02 17:00:00+00:00,3854.72,3856.94,3851.84,3854.09,81.2484
2025-10-02 17:30:00+00:00,3854.08,3860.0,3850.05,3855.8,325.1408
2025-10-02 18:00:00+00:00,3855.8,3859.08,3855.44,3858.54,54.4983
2025-10-02 18:30:00+00:00,3858.72,3860.28,3857.83,3859.31,47.0723
2025-10-02 19:00:00+00:00,3859.32,3867.35,3859.31,3865.38,125.9716
2025-10-02 19:30:00+00:00,3865.38,3866.73,3861.97,3863.9,94.1794
2025-10-02 20:00:00+00:00,3864.1,3866.39,3860.02,3861.78,111.09
2025-10-02 20:30:00+00:00,3861.79,3863.1,3858.2,3861.5,78.22
2025-10-02 21:00:00+00:00,3861.5,3861.5,3854.58,3855.09,74.5124
2025-10-02 21:30:00+00:00,3855.08,3855.09,3850.75,3850.75,39.0249
2025-10-02 22:00:00+00:00,3850.76,3862.35,3850.76,3858.61,70.6572
2025-10-02 22:30:00+00:00,3858.62,3861.74,3858.5,3860.2,39.1248
2025-10-02 23:00:00+00:00,3860.2,3862.14,3859.44,3860.43,66.488
2025-10-02 23:30:00+00:00,3860.43,3866.46,3860.41,3865.37,143.1903
2025-10-03 00:00:00+00:00,3865.38,3865.38,3859.92,3860.17,121.9101
2025-10-03 00:30:00+00:00,3860.18,3861.64,3859.23,3859.61,68.9104
2025-10-03 01:00:00+00:00,3859.61,3865.01,3853.78,3854.74,315.4191
2025-10-03 01:30:00+00:00,3854.75,3862.82,3852.08,3861.62,70.5715
2025-10-03 02:00:00+00:00,3861.62,3862.83,3858.52,3858.79,131.2034
2025-10-03 02:30:00+00:00,3858.79,3858.79,3853.21,3853.31,65.8564
2025-10-03 03:00:00+00:00,3853.31,3855.8,3845.69,3845.96,132.1178
2025-10-03 03:30:00+00:00,3845.95,3849.18,3843.79,3848.85,38.5068
2025-10-03 04:00:00+00:00,3848.85,3854.35,3848.48,3852.63,60.0446
2025-10-03 04:30:00+00:00,3852.38,3853.15,3851.06,3851.83,37.9899
2025-10-03 05:00:00+00:00,3851.84,3858.79,3851.84,3857.26,72.2932
2025-10-03 05:30:00+00:00,3857.26,3863.28,3857.26,3860.58,70.7843
2025-10-03 06:00:00+00:00,3860.59,3864.22,3856.64,3863.92,58.6915
2025-10-03 06:30:00+00:00,3863.91,3864.74,3860.43,3862.45,41.6281
2025-10-03 07:00:00+00:00,3862.45,3866.94,3862.45,3866.93,30.3224
2025-10-03 07:30:00+00:00,3866.93,3870.94,3865.52,3870.76,64.5302
2025-10-03 08:00:00+00:00,3870.75,3871.24,3866.41,3869.04,49.4913
2025-10-03 08:30:00+00:00,3869.04,3871.19,3867.53,3870.56,35.3612
2025-10-03 09:00:00+00:00,3870.55,3870.55,3863.14,3864.67,45.6502
2025-10-03 09:30:00+00:00,3864.67,3871.13,3864.67,3871.12,54.712
2025-10-03 10:00:00+00:00,3871.12,3873.09,3868.22,3868.23,99.4246
2025-10-03 10:30:00+00:00,3868.22,3872.78,3868.0,3871.22,76.8268
2025-10-03 11:00:00+00:00,3871.23,3871.73,3864.0,3865.13,68.8962
2025-10-03 11:30:00+00:00,3864.98,3869.42,3861.43,3867.07,46.5394
2025-10-03 12:00:00+00:00,3867.08,3869.07,3865.44,3867.87,96.532
2025-10-03 12:30:00+00:00,3867.95,3876.47,3867.95,3876.45,121.5266
2025-10-03 13:00:00+00:00,3876.45,3884.77,3872.44,3880.74,156.4039
2025-10-03 13:30:00+00:00,3880.75,3888.68,3873.92,3882.21,142.8851
2025-10-03 14:00:00+00:00,3882.21,3884.2,3867.04,3879.68,188.2309
2025-10-03 14:30:00+00:00,3879.68,3881.23,3873.51,3880.04,76.0912
2025-10-03 15:00:00+00:00,3880.04,3888.4,3875.17,3887.24,96.4792
2025-10-03 15:30:00+00:00,3887.58,3889.44,3882.72,3888.41,150.4709
2025-10-03 16:00:00+00:00,3888.4,3889.99,3881.15,3884.16,264.703
2025-10-03 16:30:00+00:00,3884.16,3888.71,3881.07,3885.88,274.3959
2025-10-03 17:00:00+00:00,3885.88,3889.63,3882.37,3888.64,127.7205
2025-10-03 17:30:00+00:00,3888.64,3888.64,3880.03,3884.21,158.6231
2025-10-03 18:00:00+00:00,3884.22,3886.72,3883.09,3885.58,56.9367
2025-10-03 18:30:00+00:00,3885.4,3889.02,3884.71,3885.15,42.8937
2025-10-03 19:00:00+00:00,3885.14,3886.96,3883.67,3884.58,66.2423
2025-10-03 19:30:00+00:00,3884.57,3887.01,3883.67,3883.68,78.5191
2025-10-03 20:00:00+00:00,3883.68,3885.42,3881.18,3881.19,38.0383
2025-10-03 20:30:00+00:00,3881.19,3885.26,3881.19,3885.26,53.3393
2025-10-03 21:00:00+00:00,3885.25,3885.25,3881.87,3883.52,89.0871
2025-10-03 21:30:00+00:00,3883.51,3884.01,3881.87,3882.43,36.3833
2025-10-03 22:00:00+00:00,3882.43,3885.66,3882.0,3884.5,81.091
2025-10-03 22:30:00+00:00,3884.49,3884.49,3879.83,3879.83,57.9229
2025-10-03 23:00:00+00:00,3879.84,3881.71,3877.25,3877.26,174.4294
2025-10-03 23:30:00+00:00,3877.26,3886.56,3842.52,3883.56,252.9789
2025-10-04 00:00:00+00:00,3883.57,3899.0,3883.21,3888.91,374.2974
2025-10-04 00:30:00+00:00,3888.91,3889.58,3888.6,3889.42,41.0497
2025-10-04 01:00:00+00:00,3889.42,3895.28,3887.95,3889.82,122.774
2025-10-04 01:30:00+00:00,3889.79,3889.79,3884.52,3885.01,41.0941
2025-10-04 02:00:00+00:00,3885.01,3891.46,3885.0,3891.44,67.5235
2025-10-04 02:30:00+00:00,3891.47,3892.2,3891.24,3891.67,24.4531
2025-10-04 03:00:00+00:00,3891.68,3892.03,3890.73,3892.03,66.7076
2025-10-04 03:30:00+00:00,3892.02,3892.03,3886.76,3890.49,55.5454
2025-10-04 04:00:00+00:00,3890.48,3891.6,3890.48,3890.8,23.9775
2025-10-04 04:30:00+00:00,3890.79,3890.8,3885.48,3886.02,35.9393
2025-10-04 05:00:00+00:00,3886.01,3889.59,3885.73,3885.73,21.3286
2025-10-04 05:30:00+00:00,3885.73,3890.15,3885.0,3889.65,74.5132
2025-10-04 06:00:00+00:00,3889.65,3891.64,3887.87,3888.21,32.6922
2025-10-04 06:30:00+00:00,3888.21,3892.92,3887.11,3889.41,35.4449
2025-10-04 07:00:00+00:00,3889.6,3889.86,3885.08,3889.22,36.1272
2025-10-04 07:30:00+00:00,3889.33,3889.33,3886.0,3886.01,14.2881
2025-10-04 08:00:00+00:00,3886.01,3889.5,3886.01,3886.41,33.3957
2025-10-04 08:30:00+00:00,3886.42,3889.17,3886.12,3888.88,65.5285
2025-10-04 09:00:00+00:00,3888.89,3889.31,3886.55,3889.3,41.182
2025-10-04 09:30:00+00:00,3889.31,3890.19,3889.3,3889.84,20.5426
2025-10-04 10:00:00+00:00,3889.84,3891.46,3888.55,3888.55,40.2622
2025-10-04 10:30:00+00:00,3888.56,3889.79,3888.34,3889.32,15.1438
2025-10-04 11:00:00+00:00,3889.31,3889.72,3888.27,3888.28,13.9676
2025-10-04 11:30:00+00:00,3888.27,3890.27,3888.27,3890.18,21.1091
2025-10-04 12:00:00+00:00,3890.18,3890.94,3888.83,3889.66,45.0081
2025-10-04 12:30:00+00:00,3889.66,3900.72,3889.66,3895.0,618.0482
2025-10-04 13:00:00+00:00,3895.01,3896.09,3895.0,3895.49,63.1841
2025-10-04 13:30:00+00:00,3895.48,3895.49,3890.58,3893.47,159.6594
2025-10-04 14:00:00+00:00,3893.48,3894.07,3893.47,3894.01,56.1546
2025-10-04 14:30:00+00:00,3894.0,3894.03,3891.75,3892.92,82.4595
2025-10-04 15:00:00+00:00,3892.92,3895.87,3891.16,3895.86,74.4845
2025-10-04 15:30:00+00:00,3895.86,3901.57,3891.65,3900.0,469.6189
2025-10-04 16:00:00+00:00,3900.0,3909.2,3900.0,3900.44,749.4804
2025-10-04 16:30:00+00:00,3900.43,3901.34,3900.0,3900.19,118.4384
2025-10-04 17:00:00+00:00,3900.18,3900.69,3900.0,3900.0,140.228
2025-10-04 17:30:00+00:00,3900.01,3900.41,3900.0,3900.01,95.4958
2025-10-04 18:00:00+00:00,3900.0,3901.29,3900.0,3900.02,83.0552
2025-10-04 18:30:00+00:00,3900.02,3900.75,3900.0,3900.73,58.6634
2025-10-04 19:00:00+00:00,3900.74,3900.74,3900.03,3900.04,19.6604
2025-10-04 19:30:00+00:00,3900.03,3901.44,3900.0,3900.09,63.2728
2025-10-04 20:00:00+00:00,3900.09,3902.11,3898.54,3898.54,95.8184
2025-10-04 20:30:00+00:00,3898.5,3901.08,3897.06,3898.82,92.4559
2025-10-04 21:00:00+00:00,3898.82,3900.99,3898.21,3900.14,74.4427
2025-10-04 21:30:00+00:00,3900.14,3901.33,3898.12,3901.32,58.7221
2025-10-04 22:00:00+00:00,3901.32,3901.33,3897.55,3897.92,28.5704
2025-10-04 22:30:00+00:00,3897.92,3899.38,3896.73,3896.74,23.475
2025-10-04 23:00:00+00:00,3896.74,3900.4,3896.73,3900.4,11.2702
2025-10-04 23:30:00+00:00,3900.4,3901.6,3900.4,3900.87,20.2977
2025-10-05 00:00:00+00:00,3900.88,3901.15,3897.78,3901.15,34.9869
2025-10-05 00:30:00+00:00,3901.14,3901.15,3897.43,3897.44,35.0171
2025-10-05 01:00:00+00:00,3897.43,3901.24,3897.43,3900.28,54.6444
2025-10-05 01:30:00+00:00,3900.28,3901.24,3900.28,3901.24,27.2181
2025-10-05 02:00:00+00:00,3901.24,3901.24,3900.85,3900.85,28.839
2025-10-05 02:30:00+00:00,3900.85,3902.62,3900.07,3900.88,133.001
2025-10-05 03:00:00+00:00,3900.89,3902.37,3900.88,3902.1,66.6155
2025-10-05 03:30:00+00:00,3902.09,3902.1,3890.0,3893.99,276.2335
2025-10-05 04:00:00+00:00,3893.98,3895.0,3891.68,3895.0,186.1372
2025-10-05 04:30:00+00:00,3895.0,3897.81,3889.15,3890.31,398.8764
2025-10-05 05:00:00+00:00,3889.99,3890.35,3889.92,3890.0,95.5931
2025-10-05 05:30:00+00:00,3889.99,3890.0,3889.79,3890.0,50.5391
2025-10-05 06:00:00+00:00,3889.99,3891.36,3889.33,3891.36,51.1419
2025-10-05 06:30:00+00:00,3891.35,3893.11,3891.12,3891.6,82.1885
2025-10-05 07:00:00+00:00,3891.6,3891.6,3886.84,3888.19,160.7439
2025-10-05 07:30:00+00:00,3888.19,3890.19,3888.18,3889.25,25.9121
2025-10-05 08:00:00+00:00,3889.24,3890.42,3887.04,3890.41,86.8243
2025-10-05 08:30:00+00:00,3890.41,3890.72,3889.2,3889.22,38.5997
2025-10-05 09:00:00+00:00,3889.22,3890.0,3889.21,3890.0,105.2726
2025-10-05 09:30:00+00:00,3890.0,3899.0,3889.0,3894.67,237.4952
2025-10-05 10:00:00+00:00,3894.67,3895.0,3894.19,3894.99,62.4896
2025-10-05 10:30:00+00:00,3894.99,3895.0,3893.5,3894.33,45.7922
2025-10-05 11:00:00+00:00,3894.33,3894.53,3894.13,3894.13,22.967
2025-10-05 11:30:00+00:00,3894.14,3894.52,3894.0,3894.5,30.1535
2025-10-05 12:00:00+00:00,3894.5,3897.67,3894.2,3896.94,97.2137
2025-10-05 12:30:00+00:00,3896.94,3897.94,3896.69,3897.85,71.9649
2025-10-05 13:00:00+00:00,3897.86,3898.47,3897.42,3897.52,58.5461
2025-10-05 13:30:00+00:00,3897.52,3898.7,3897.52,3898.69,26.045
2025-10-05 14:00:00+00:00,3898.7,3899.0,3898.69,3898.69,29.1285
2025-10-05 14:30:00+00:00,3898.7,3898.7,3897.65,3897.66,36.5808
2025-10-05 15:00:00+00:00,3897.66,3897.66,3890.44,3894.41,123.4489
2025-10-05 15:30:00+00:00,3894.41,3894.76,3892.16,3894.28,30.8878
2025-10-05 16:00:00+00:00,3894.3,3897.19,3894.3,3895.18,38.0354
2025-10-05 16:30:00+00:00,3895.19,3895.19,3891.94,3893.53,27.6435
2025-10-05 17:00:00+00:00,3893.53,3893.74,3891.62,3893.47,28.5853
2025-10-05 17:30:00+00:00,3893.47,3895.76,3893.41,3895.75,13.3013
2025-10-05 18:00:00+00:00,3895.75,3895.76,3892.73,3892.74,22.0414
2025-10-05 18:30:00+00:00,3892.73,3894.13,3892.14,3893.61,41.0376
2025-10-05 19:00:00+00:00,3893.61,3893.65,3893.4,3893.4,12.6335
2025-10-05 19:30:00+00:00,3893.4,3893.66,3893.39,3893.52,13.4328
2025-10-05 20:00:00+00:00,3893.52,3894.51,3890.54,3893.78,66.3319
2025-10-05 20:30:00+00:00,3893.78,3898.0,3893.78,3897.23,8.9483
2025-10-05 21:00:00+00:00,3897.24,3898.05,3896.42,3896.42,16.6714
2025-10-05 21:30:00+00:00,3896.42,3896.43,3891.69,3894.2,22.5715
2025-10-05 22:00:00+00:00,3894.2,3898.34,3890.53,3897.42,87.1403
2025-10-05 22:30:00+00:00,3897.42,3904.6,3895.37,3904.6,137.2229
2025-10-05 23:00:00+00:00,3904.79,3922.65,3902.78,3916.7,528.9309
2025-10-05 23:30:00+00:00,3916.69,3918.28,3913.95,3914.2,88.6678
2025-10-06 00:00:00+00:00,3914.21,3914.21,3906.36,3907.15,126.4005
2025-10-06 00:30:00+00:00,3907.42,3912.3,3907.39,3908.66,154.3078
2025-10-06 01:00:00+00:00,3908.66,3915.55,3908.51,3911.15,69.2438
2025-10-06 01:30:00+00:00,3911.15,3923.18,3911.15,3923.18,40.5779
2025-10-06 02:00:00+00:00,3923.19,3930.79,3923.19,3927.69,205.0519
2025-10-06 02:30:00+00:00,3927.69,3928.17,3924.83,3926.28,45.0074
2025-10-06 03:00:00+00:00,3926.27,3931.93,3926.27,3928.92,87.8136
2025-10-06 03:30:00+00:00,3928.93,3940.0,3928.93,3939.32,158.3567
2025-10-06 04:00:00+00:00,3939.31,3940.0,3935.0,3939.03,119.1453
2025-10-06 04:30:00+00:00,3939.03,3947.08,3938.94,3945.88,240.917
2025-10-06 05:00:00+00:00,3945.88,3953.09,3940.6,3944.23,259.1787
2025-10-06 05:30:00+00:00,3944.23,3944.23,3934.39,3939.83,78.5713
2025-10-06 06:00:00+00:00,3939.82,3939.82,3931.0,3934.53,109.6529
2025-10-06 06:30:00+00:00,3934.54,3940.07,3932.13,3940.05,83.8571
2025-10-06 07:00:00+00:00,3939.83,3943.01,3937.15,3939.83,157.9245
2025-10-06 07:30:00+00:00,3939.82,3950.0,3939.41,3947.55,109.7065
2025-10-06 08:00:00+00:00,3947.54,3956.36,3947.54,3952.94,109.3019
2025-10-06 08:30:00+00:00,3952.94,3955.94,3946.0,3952.17,108.8405
2025-10-06 09:00:00+00:00,3952.13,3953.53,3949.4,3953.52,78.8936
2025-10-06 09:30:00+00:00,3953.53,3954.18,3947.15,3950.99,56.1837
2025-10-06 10:00:00+00:00,3950.99,3952.0,3943.43,3948.49,72.6453
2025-10-06 10:30:00+00:00,3948.49,3955.52,3948.49,3951.44,148.9031
2025-10-06 11:00:00+00:00,3951.5,3951.51,3943.74,3948.48,82.3658
2025-10-06 11:30:00+00:00,3948.48,3949.56,3942.0,3947.9,59.6779
2025-10-06 12:00:00+00:00,3947.89,3949.47,3939.11,3940.67,139.5356
2025-10-06 12:30:00+00:00,3940.66,3947.07,3936.75,3942.54,103.7054
2025-10-06 13:00:00+00:00,3942.55,3945.73,3940.98,3943.02,100.6708
2025-10-06 13:30:00+00:00,3943.03,3954.72,3937.0,3953.58,98.9313
2025-10-06 14:00:00+00:00,3953.59,3957.99,3949.6,3956.84,136.3917
2025-10-06 14:30:00+00:00,3956.83,3968.02,3955.57,3964.34,327.533
2025-10-06 15:00:00+00:00,3964.34,3966.59,3959.56,3960.16,97.3654
2025-10-06 15:30:00+00:00,3960.15,3975.31,3959.16,3973.14,237.9859
2025-10-06 16:00:00+00:00,3973.14,3979.0,3959.26,3963.54,218.0107
2025-10-06 16:30:00+00:00,3963.55,3967.08,3962.73,3966.21,76.7966
2025-10-06 17:00:00+00:00,3966.22,3970.78,3964.92,3964.99,125.31
2025-10-06 17:30:00+00:00,3964.99,3969.34,3958.64,3969.34,198.8041
2025-10-06 18:00:00+00:00,3969.34,3971.45,3968.84,3971.41,82.6458
2025-10-06 18:30:00+00:00,3971.4,3972.71,3969.08,3970.43,80.428
2025-10-06 19:00:00+00:00,3970.44,3975.98,3970.44,3975.97,169.4684
2025-10-06 19:30:00+00:00,3975.97,3976.7,3970.74,3970.74,109.7779
2025-10-06 20:00:00+00:00,3970.74,3972.76,3969.05,3970.6,74.5795
2025-10-06 20:30:00+00:00,3970.6,3971.77,3967.88,3971.76,122.0226
2025-10-06 21:00:00+00:00,3971.76,3975.82,3971.76,3975.45,149.0491
2025-10-06 21:30:00+00:00,3975.44,3977.99,3975.44,3977.47,96.3454
2025-10-06 22:00:00+00:00,3977.81,3989.89,3973.16,3986.32,346.3867
2025-10-06 22:30:00+00:00,3986.32,3986.32,3972.19,3977.15,289.3988
2025-10-06 23:00:00+00:00,3977.15,3982.33,3976.1,3982.32,91.242
2025-10-06 23:30:00+00:00,3982.32,3984.74,3981.12,3983.21,108.6839
2025-10-07 00:00:00+00:00,3983.22,3990.0,3981.09,3988.21,164.5427
2025-10-07 00:30:00+00:00,3988.22,3990.0,3977.0,3977.61,206.6425
2025-10-07 01:00:00+00:00,3977.6,3978.18,3971.34,3974.26,128.3936
2025-10-07 01:30:00+00:00,3974.26,3974.86,3966.67,3969.72,147.3635
2025-10-07 02:00:00+00:00,3969.73,3977.09,3969.72,3975.86,101.0445
2025-10-07 02:30:00+00:00,3975.87,3979.02,3975.61,3975.62,82.7204
2025-10-07 03:00:00+00:00,3975.61,3979.02,3971.66,3973.45,93.2073
2025-10-07 03:30:00+00:00,3973.46,3984.3,3973.46,3984.13,67.1165
2025-10-07 04:00:00+00:00,3984.13,3985.84,3981.9,3983.17,80.9626
2025-10-07 04:30:00+00:00,3983.16,3986.05,3982.51,3985.98,30.4228
2025-10-07 05:00:00+00:00,3985.98,3986.17,3974.04,3975.79,179.0216
2025-10-07 05:30:00+00:00,3975.78,3978.34,3965.61,3975.36,245.2926
2025-10-07 06:00:00+00:00,3975.36,3975.36,3970.43,3973.44,103.515
2025-10-07 06:30:00+00:00,3973.43,3973.44,3965.0,3965.3,189.5815
2025-10-07 07:00:00+00:00,3965.31,3966.34,3955.39,3960.61,224.1738
2025-10-07 07:30:00+00:00,3960.73,3967.04,3956.54,3957.52,126.1107
2025-10-07 08:00:00+00:00,3957.85,3965.09,3953.39,3963.01,118.1702
2025-10-07 08:30:00+00:00,3963.01,3967.17,3962.1,3965.0,157.7384
2025-10-07 09:00:00+00:00,3965.0,3974.02,3965.0,3970.0,150.1359
2025-10-07 09:30:00+00:00,3970.0,3976.01,3967.0,3968.04,331.5582
2025-10-07 10:00:00+00:00,3968.04,3971.36,3966.28,3969.87,82.3107
2025-10-07 10:30:00+00:00,3969.86,3975.46,3969.17,3972.48,78.3224
2025-10-07 11:00:00+00:00,3972.47,3974.7,3969.16,3969.16,72.066
2025-10-07 11:30:00+00:00,3969.17,3977.55,3968.9,3977.04,75.0816
2025-10-07 12:00:00+00:00,3977.05,3986.47,3977.05,3978.07,229.0842
2025-10-07 12:30:00+00:00,3978.06,3989.0,3976.92,3988.73,207.648
2025-10-07 13:00:00+00:00,3988.74,3990.0,3985.8,3989.79,235.3883
2025-10-07 13:30:00+00:00,3989.79,3989.79,3978.37,3987.29,165.2563
2025-10-07 14:00:00+00:00,3987.29,3988.05,3978.44,3986.49,227.1183
2025-10-07 14:30:00+00:00,3986.5,3998.0,3986.02,3995.98,293.3108
2025-10-07 15:00:00+00:00,3995.99,4000.0,3990.55,3995.51,422.9352
2025-10-07 15:30:00+00:00,3995.51,3997.4,3981.72,3983.22,1351.1546
2025-10-07 16:00:00+00:00,3983.22,3992.72,3980.0,3984.74,411.838
2025-10-07 16:30:00+00:00,3984.73,3995.34,3984.27,3992.11,208.4014
2025-10-07 17:00:00+00:00,3992.12,3999.41,3992.09,3997.09,226.8858
2025-10-07 17:30:00+00:00,3997.09,4000.0,3995.27,3995.57,182.184
2025-10-07 18:00:00+00:00,3995.56,3999.01,3988.94,3993.6,95.8787
2025-10-07 18:30:00+00:00,3993.81,3999.02,3992.65,3995.98,208.1895
2025-10-07 19:00:00+00:00,3995.98,3998.27,3993.93,3994.72,166.6545
2025-10-07 19:30:00+00:00,3994.73,3996.86,3992.96,3994.92,94.8406
2025-10-07 20:00:00+00:00,3994.92,3996.7,3992.98,3996.19,125.0029
2025-10-07 20:30:00+00:00,3996.19,3998.69,3994.36,3996.39,93.878
2025-10-07 21:00:00+00:00,3996.39,3999.51,3996.39,3997.13,76.1396
2025-10-07 21:30:00+00:00,3997.13,3998.32,3996.93,3997.38,52.3539
2025-10-07 22:00:00+00:00,3997.38,4000.22,3997.38,4000.22,84.8377
2025-10-07 22:30:00+00:00,4000.21,4001.25,4000.21,4001.25,43.8709
2025-10-07 23:00:00+00:00,4001.26,4004.84,3999.65,4000.08,383.4207
2025-10-07 23:30:00+00:00,4000.07,4003.99,3996.62,4000.88,916.0758
2025-10-08 00:00:00+00:00,4000.87,4010.0,4000.87,4010.0,215.2172
2025-10-08 00:30:00+00:00,4009.99,4010.0,4003.67,4007.0,217.0592
2025-10-08 01:00:00+00:00,4007.0,4008.5,3996.75,4008.36,454.2004
2025-10-08 01:30:00+00:00,4008.37,4013.99,4006.11,4011.52,208.8106
2025-10-08 02:00:00+00:00,4011.99,4016.0,4003.0,4015.08,967.1461
2025-10-08 02:30:00+00:00,4015.08,4019.81,4011.95,4019.8,751.7871
2025-10-08 03:00:00+00:00,4019.81,4023.06,4015.0,4021.02,1201.2645
2025-10-08 03:30:00+00:00,4021.01,4027.42,4019.0,4026.16,440.0155
2025-10-08 04:00:00+00:00,4026.16,4033.16,4026.16,4030.05,406.6342
2025-10-08 04:30:00+00:00,4030.04,4039.45,4029.16,4039.27,232.9619
2025-10-08 05:00:00+00:00,4039.27,4041.91,4033.99,4041.73,1493.7826
2025-10-08 05:30:00+00:00,4041.74,4047.37,4037.69,4038.02,786.0225
2025-10-08 06:00:00+00:00,4038.02,4041.43,4032.61,4036.86,281.5064
2025-10-08 06:30:00+00:00,4036.87,4042.83,4036.86,4040.15,351.551
2025-10-08 07:00:00+00:00,4040.16,4048.5,4037.0,4047.5,444.0846
2025-10-08 07:30:00+00:00,4047.44,4049.0,4044.02,4045.71,144.3939
2025-10-08 08:00:00+00:00,4045.71,4051.83,4045.71,4050.47,427.2988
2025-10-08 08:30:00+00:00,4050.47,4052.93,4048.44,4048.45,344.6133
2025-10-08 09:00:00+00:00,4048.45,4049.99,4045.57,4045.6,236.2202
2025-10-08 09:30:00+00:00,4045.6,4059.94,4043.01,4059.94,210.4648
2025-10-08 10:00:00+00:00,4059.93,4059.99,4049.79,4051.35,174.8591
2025-10-08 10:30:00+00:00,4051.35,4053.19,4042.95,4049.0,293.2978
2025-10-08 11:00:00+00:00,4049.0,4049.6,4040.31,4047.81,300.8448
2025-10-08 11:30:00+00:00,4047.81,4051.72,4045.44,4051.69,267.9599
2025-10-08 12:00:00+00:00,4051.67,4059.43,4049.81,4053.41,371.2631
2025-10-08 12:30:00+00:00,4053.5,4054.25,4043.99,4053.3,332.8587
2025-10-08 13:00:00+00:00,4053.3,4059.43,4052.95,4053.39,259.6045
2025-10-08 13:30:00+00:00,4053.39,4054.25,4041.58,4052.84,576.7222
2025-10-08 14:00:00+00:00,4052.84,4059.62,4051.05,4057.49,641.5257
2025-10-08 14:30:00+00:00,4057.5,4064.9,4055.0,4064.89,446.4263
2025-10-08 15:00:00+00:00,4064.9,4066.0,4055.83,4063.37,421.124
2025-10-08 15:30:00+00:00,4063.37,4063.45,4058.24,4058.24,398.5413
2025-10-08 16:00:00+00:00,4058.25,4070.0,4057.68,4069.53,461.4629
2025-10-08 16:30:00+00:00,4069.53,4079.48,4067.01,4070.35,543.8373
2025-10-08 17:00:00+00:00,4070.36,4073.5,4061.72,4064.0,576.5608
2025-10-08 17:30:00+00:00,4064.0,4067.3,4059.13,4063.79,386.5852
2025-10-08 18:00:00+00:00,4063.8,4066.47,4051.34,4060.14,328.6471
2025-10-08 18:30:00+00:00,4060.15,4061.03,4057.41,4060.3,200.5096
2025-10-08 19:00:00+00:00,4060.3,4066.44,4045.63,4057.28,277.2766
2025-10-08 19:30:00+00:00,4057.27,4058.15,4047.47,4056.45,130.7167
2025-10-08 20:00:00+00:00,4056.45,4057.31,4051.82,4055.12,84.6751
2025-10-08 20:30:00+00:00,4055.12,4057.54,4051.51,4055.35,78.9456
2025-10-08 21:00:00+00:00,4055.34,4058.15,4055.34,4058.0,45.2603
2025-10-08 21:30:00+00:00,4058.0,4059.6,4055.79,4056.93,52.3094
2025-10-08 22:00:00+00:00,4056.93,4057.44,4030.0,4039.73,406.5353
2025-10-08 22:30:00+00:00,4039.86,4043.32,4035.78,4038.52,100.8365
2025-10-08 23:00:00+00:00,4038.53,4041.97,4030.0,4033.0,245.5675
2025-10-08 23:30:00+00:00,4033.01,4038.01,4021.0,4032.21,191.9583
2025-10-09 00:00:00+00:00,4032.22,4049.07,4029.06,4046.91,167.1305
2025-10-09 00:30:00+00:00,4047.11,4048.05,4040.79,4044.83,108.5768
2025-10-09 01:00:00+00:00,4044.83,4051.16,4029.9,4049.95,185.9484
2025-10-09 01:30:00+00:00,4049.95,4055.96,4041.0,4042.78,110.0511
2025-10-09 02:00:00+00:00,4042.34,4042.35,4028.0,4032.12,236.4255
2025-10-09 02:30:00+00:00,4032.6,4038.75,4026.79,4036.96,289.0301
2025-10-09 03:00:00+00:00,4037.41,4045.95,4035.44,4045.03,145.6173
2025-10-09 03:30:00+00:00,4045.02,4051.07,4043.2,4045.72,135.5611
2025-10-09 04:00:00+00:00,4045.71,4057.44,4045.27,4057.35,159.8137
2025-10-09 04:30:00+00:00,4057.35,4062.41,4056.08,4061.04,166.7203
2025-10-09 05:00:00+00:00,4061.04,4061.04,4050.0,4056.47,249.334
2025-10-09 05:30:00+00:00,4056.47,4061.48,4050.0,4059.98,241.93
2025-10-09 06:00:00+00:00,4059.98,4061.46,4054.73,4054.81,208.4366
2025-10-09 06:30:00+00:00,4054.81,4057.99,4044.4,4046.19,320.2467
2025-10-09 07:00:00+00:00,4046.2,4052.18,4044.0,4045.34,217.9485
2025-10-09 07:30:00+00:00,4045.53,4049.33,4044.09,4047.49,163.6004
2025-10-09 08:00:00+00:00,4047.48,4053.73,4047.33,4051.62,170.8868
2025-10-09 08:30:00+00:00,4051.61,4057.0,4051.26,4055.21,189.4205
2025-10-09 09:00:00+00:00,4055.22,4057.34,4051.43,4052.59,102.8423
2025-10-09 09:30:00+00:00,4052.59,4054.4,4049.68,4052.1,93.4877
2025-10-09 10:00:00+00:00,4052.1,4054.39,4048.61,4052.36,239.8807
2025-10-09 10:30:00+00:00,4052.36,4061.75,4051.7,4059.3,218.0144
2025-10-09 11:00:00+00:00,4059.29,4061.71,4051.01,4053.04,225.9575
2025-10-09 11:30:00+00:00,4053.04,4060.97,4053.04,4058.99,231.4302
2025-10-09 12:00:00+00:00,4058.98,4058.98,4051.32,4054.56,134.5529
2025-10-09 12:30:00+00:00,4054.55,4068.07,4050.62,4066.98,343.1123
2025-10-09 13:00:00+00:00,4067.43,4072.0,4063.9,4071.5,184.1396
2025-10-09 13:30:00+00:00,4071.5,4071.51,4040.0,4040.0,553.9966
2025-10-09 14:00:00+00:00,4040.0,4049.91,4040.0,4040.0,1068.134
2025-10-09 14:30:00+00:00,4040.0,4051.6,4030.0,4044.32,392.2726
2025-10-09 15:00:00+00:00,4044.32,4049.78,4030.0,4034.26,762.8188
2025-10-09 15:30:00+00:00,4034.27,4040.35,4024.96,4036.43,444.5517
2025-10-09 16:00:00+00:00,4036.43,4041.4,4027.72,4027.87,172.4663
2025-10-09 16:30:00+00:00,4027.86,4028.96,3980.0,3982.84,714.9634
2025-10-09 17:00:00+00:00,3982.84,3989.99,3963.0,3975.31,720.6629
2025-10-09 17:30:00+00:00,3975.31,3977.64,3961.94,3965.96,378.0547
2025-10-09 18:00:00+00:00,3965.96,3985.9,3965.01,3980.0,280.9611
2025-10-09 18:30:00+00:00,3980.0,3982.34,3972.19,3973.06,163.7559
2025-10-09 19:00:00+00:00,3973.07,3996.39,3972.58,3992.84,402.353
2025-10-09 19:30:00+00:00,3992.85,3997.84,3987.13,3989.18,297.3331
2025-10-09 20:00:00+00:00,3989.19,3997.25,3987.82,3992.56,118.7306
2025-10-09 20:30:00+00:00,3992.56,3993.8,3989.28,3993.19,61.635
2025-10-09 21:00:00+00:00,3992.9,3994.86,3989.2,3992.8,113.686
2025-10-09 21:30:00+00:00,3992.8,3996.79,3991.9,3995.44,139.0942
2025-10-09 22:00:00+00:00,3995.34,3995.34,3975.33,3987.41,174.1496
2025-10-09 22:30:00+00:00,3987.41,3989.6,3984.62,3987.94,67.9825
2025-10-09 23:00:00+00:00,3987.94,3996.57,3987.88,3994.15,38.1506
2025-10-09 23:30:00+00:00,3994.16,4000.28,3991.85,4000.27,106.0838
2025-10-10 00:00:00+00:00,4000.28,4005.03,3997.78,4004.73,123.1473
2025-10-10 00:30:00+00:00,4004.73,4007.09,4001.7,4005.88,72.6409
2025-10-10 01:00:00+00:00,4005.88,4006.09,3991.74,3996.3,169.3183
2025-10-10 01:30:00+00:00,3996.29,3996.29,3984.04,3985.34,181.9638
2025-10-10 02:00:00+00:00,3985.33,3995.44,3984.81,3994.06,58.7398
2025-10-10 02:30:00+00:00,3994.07,3997.03,3987.68,3988.79,156.176
2025-10-10 03:00:00+00:00,3988.61,3989.09,3972.0,3979.81,133.662
2025-10-10 03:30:00+00:00,3979.8,3982.36,3971.39,3971.39,194.4175
2025-10-10 04:00:00+00:00,3971.32,3973.26,3957.29,3966.49,319.8087
2025-10-10 04:30:00+00:00,3966.49,3975.36,3966.48,3975.35,82.353
2025-10-10 05:00:00+00:00,3975.36,3985.99,3975.36,3979.57,231.1133
2025-10-10 05:30:00+00:00,3979.57,3986.68,3973.35,3980.02,223.7377
2025-10-10 06:00:00+00:00,3980.02,3981.72,3975.47,3978.91,82.0851
2025-10-10 06:30:00+00:00,3978.92,3982.79,3972.0,3975.51,135.2337
2025-10-10 07:00:00+00:00,3975.38,3975.38,3963.38,3971.39,281.8327
2025-10-10 07:30:00+00:00,3971.38,3981.94,3968.77,3977.88,153.0479
2025-10-10 08:00:00+00:00,3977.89,3995.92,3976.0,3992.81,183.1314
2025-10-10 08:30:00+00:00,3992.81,4001.49,3991.92,4000.37,133.401
2025-10-10 09:00:00+00:00,4000.37,4009.38,3999.39,4004.8,159.3466
2025-10-10 09:30:00+00:00,4004.79,4014.25,4000.03,4004.05,165.88
2025-10-10 10:00:00+00:00,4003.92,4005.77,3998.2,4005.77,112.1699
2025-10-10 10:30:00+00:00,4005.77,4008.48,4002.5,4002.5,74.1077
2025-10-10 11:00:00+00:00,4002.51,4008.44,4000.83,4005.91,88.6212
2025-10-10 11:30:00+00:00,4005.92,4007.66,3992.14,3994.26,154.3262
2025-10-10 12:00:00+00:00,3994.27,4001.9,3993.42,4000.53,117.8341
2025-10-10 12:30:00+00:00,4000.52,4000.6,3989.68,3993.46,104.7555
2025-10-10 13:00:00+00:00,3993.45,4003.06,3989.55,4001.7,142.6677
2025-10-10 13:30:00+00:00,4001.7,4005.84,3986.15,3990.48,267.2138
2025-10-10 14:00:00+00:00,3990.47,3995.6,3981.52,3993.88,193.7579
2025-10-10 14:30:00+00:00,3993.76,4002.43,3990.23,3999.25,193.6816
2025-10-10 15:00:00+00:00,3999.25,4028.31,3998.53,4025.01,924.1826
2025-10-10 15:30:00+00:00,4024.93,4030.0,4005.69,4008.65,777.0271
2025-10-10 16:00:00+00:00,4008.5,4008.51,3988.24,3999.29,341.9365
2025-10-10 16:30:00+00:00,3999.29,4005.17,3992.15,3995.37,197.5885
2025-10-10 17:00:00+00:00,3995.38,3999.61,3987.32,3997.72,111.0097
2025-10-10 17:30:00+00:00,3997.71,4003.03,3992.01,4001.43,175.3095
2025-10-10 18:00:00+00:00,4001.43,4019.23,3996.09,4013.57,234.3272
2025-10-10 18:30:00+00:00,4013.57,4016.15,4005.63,4011.74,147.199
2025-10-10 19:00:00+00:00,4011.74,4025.99,4008.76,4016.87,378.9376
2025-10-10 19:30:00+00:00,4016.87,4033.0,4016.29,4024.44,328.992
2025-10-10 20:00:00+00:00,4024.43,4027.68,4018.34,4023.37,153.8454
2025-10-10 20:30:00+00:00,4023.35,4030.95,4016.86,4021.85,275.0079
2025-10-10 21:00:00+00:00,4021.85,4028.96,3600.0,3876.15,2812.7806
2025-10-10 21:30:00+00:00,3861.14,4013.95,3797.76,3966.39,2020.7952
2025-10-10 22:00:00+00:00,3964.1,3980.5,3946.62,3975.64,1653.7843
2025-10-10 22:30:00+00:00,3975.16,4008.19,3973.48,3992.57,1464.3802
2025-10-10 23:00:00+00:00,3992.11,3999.88,3978.57,3982.74,1085.8028
2025-10-10 23:30:00+00:00,3982.75,4001.56,3968.98,3983.01,1184.913
2025-10-11 00:00:00+00:00,3983.0,3987.3,3960.47,3964.61,1158.1623
2025-10-11 00:30:00+00:00,3964.62,3980.5,3960.01,3973.65,922.5794
2025-10-11 01:00:00+00:00,3973.65,3984.91,3965.19,3967.83,686.2415
2025-10-11 01:30:00+00:00,3967.87,3970.0,3958.83,3962.31,595.5751
2025-10-11 02:00:00+00:00,3962.3,3967.66,3950.0,3961.51,762.6798
2025-10-11 02:30:00+00:00,3961.5,3987.26,3959.66,3985.01,960.9714
2025-10-11 03:00:00+00:00,3985.02,3985.02,3964.52,3967.57,775.886
2025-10-11 03:30:00+00:00,3967.57,3982.99,3964.31,3973.35,645.5305
2025-10-11 04:00:00+00:00,3974.23,3983.26,3965.86,3980.62,715.8559
2025-10-11 04:30:00+00:00,3980.51,3980.95,3970.0,3974.22,593.4036
2025-10-11 05:00:00+00:00,3974.22,3982.23,3972.17,3981.31,350.4907
2025-10-11 05:30:00+00:00,3981.31,3983.33,3972.98,3980.29,125.8292
2025-10-11 06:00:00+00:00,3980.28,3988.93,3976.67,3988.92,126.2673
2025-10-11 06:30:00+00:00,3988.91,4000.8,3987.98,3988.52,199.3505
2025-10-11 07:00:00+00:00,3988.61,3991.91,3982.0,3984.36,98.8177
2025-10-11 07:30:00+00:00,3984.47,4000.09,3984.0,3993.49,174.0454
2025-10-11 08:00:00+00:00,3993.49,4000.49,3991.9,3994.74,163.3346
2025-10-11 08:30:00+00:00,3994.75,4000.88,3993.64,3994.35,228.9194
2025-10-11 09:00:00+00:00,3994.34,3998.54,3990.1,3998.52,133.6739
2025-10-11 09:30:00+00:00,3998.52,4000.18,3994.13,3996.85,85.6833
2025-10-11 10:00:00+00:00,3996.85,3999.11,3994.6,3998.1,88.3594
2025-10-11 10:30:00+00:00,3998.1,4000.0,3996.74,3996.76,60.0099
2025-10-11 11:00:00+00:00,3996.77,4000.38,3994.1,3999.56,99.3094
2025-10-11 11:30:00+00:00,3999.56,3999.79,3997.37,3997.66,67.3177
2025-10-11 12:00:00+00:00,3997.43,3999.71,3996.22,3999.6,52.0659
2025-10-11 12:30:00+00:00,3999.59,4000.0,3997.37,3997.52,70.6799
2025-10-11 13:00:00+00:00,3997.51,3999.56,3997.51,3999.0,51.8873
2025-10-11 13:30:00+00:00,3999.0,3999.01,3982.81,3990.83,330.8811
2025-10-11 14:00:00+00:00,3990.83,3997.02,3990.79,3992.97,122.5313
2025-10-11 14:30:00+00:00,3992.98,4000.0,3992.18,3999.25,140.5748
2025-10-11 15:00:00+00:00,3999.25,4002.45,3986.0,3990.24,253.8984
2025-10-11 15:30:00+00:00,3990.23,3990.23,3983.98,3987.71,387.8014
2025-10-11 16:00:00+00:00,3987.71,3991.67,3983.01,3984.2,262.4508
2025-10-11 16:30:00+00:00,3984.19,3997.55,3980.65,3986.08,389.2261
2025-10-11 17:00:00+00:00,3986.07,3986.6,3983.31,3984.89,66.1179
2025-10-11 17:30:00+00:00,3984.9,3984.9,3980.0,3982.98,123.3071
2025-10-11 18:00:00+00:00,3982.98,3984.89,3977.11,3980.58,113.9739
2025-10-11 18:30:00+00:00,3980.58,3986.36,3978.85,3983.15,71.985
2025-10-11 19:00:00+00:00,3983.14,3987.25,3983.14,3983.38,73.7797
2025-10-11 19:30:00+00:00,3983.39,3983.39,3977.55,3979.0,406.3195
2025-10-11 20:00:00+00:00,3978.99,3981.42,3975.95,3980.89,80.7414
2025-10-11 20:30:00+00:00,3980.88,3981.22,3975.87,3977.86,258.1677
2025-10-11 21:00:00+00:00,3977.87,3985.74,3973.18,3984.06,179.2842
2025-10-11 21:30:00+00:00,3984.06,3990.0,3984.06,3988.91,232.0152
2025-10-11 22:00:00+00:00,3988.91,3989.47,3983.53,3983.54,77.495
2025-10-11 22:30:00+00:00,3983.54,3987.88,3983.12,3987.88,58.0315
2025-10-11 23:00:00+00:00,3987.88,3990.64,3987.87,3990.24,95.1318
2025-10-11 23:30:00+00:00,3990.24,3992.53,3990.24,3992.15,51.9841
2025-10-12 00:00:00+00:00,3992.14,3997.82,3992.14,3997.15,146.3228
2025-10-12 00:30:00+00:00,3997.16,4000.0,3993.5,3998.12,222.7431
2025-10-12 01:00:00+00:00,3998.12,4000.55,3997.99,4000.54,181.5769
2025-10-12 01:30:00+00:00,4000.54,4001.86,3999.96,4000.81,220.9979
2025-10-12 02:00:00+00:00,4000.82,4009.41,4000.51,4009.3,382.0853
2025-10-12 02:30:00+00:00,4009.3,4010.39,4006.32,4009.0,222.9373
2025-10-12 03:00:00+00:00,4008.99,4016.64,4008.54,4012.31,190.4214
2025-10-12 03:30:00+00:00,4012.31,4012.31,4007.21,4007.81,76.5397
2025-10-12 04:00:00+00:00,4007.81,4010.42,4007.8,4007.81,146.9549
2025-10-12 04:30:00+00:00,4007.81,4011.57,4007.8,4009.84,104.1516
2025-10-12 05:00:00+00:00,4009.84,4011.7,4008.19,4009.3,57.58
2025-10-12 05:30:00+00:00,4009.31,4013.08,4009.31,4012.0,139.1965
2025-10-12 06:00:00+00:00,4012.0,4012.02,4008.74,4009.03,86.7588
2025-10-12 06:30:00+00:00,4009.03,4009.7,4007.0,4009.21,135.2523
2025-10-12 07:00:00+00:00,4009.2,4011.4,4007.26,4007.86,70.9709
2025-10-12 07:30:00+00:00,4007.86,4012.99,4007.85,4012.34,55.3143
2025-10-12 08:00:00+00:00,4012.35,4015.96,4012.34,4014.24,95.3125
2025-10-12 08:30:00+00:00,4014.2,4014.2,4013.76,4013.81,47.9749
2025-10-12 09:00:00+00:00,4013.81,4014.93,4010.99,4013.69,96.0182
2025-10-12 09:30:00+00:00,4013.69,4014.65,4009.5,4009.95,107.4718
2025-10-12 10:00:00+00:00,4009.95,4013.16,4008.82,4010.04,107.2456
2025-10-12 10:30:00+00:00,4010.03,4013.34,4009.36,4011.24,84.5203
2025-10-12 11:00:00+00:00,4011.25,4013.34,4010.79,4011.42,63.7657
2025-10-12 11:30:00+00:00,4011.42,4011.96,4009.66,4011.96,79.0918
2025-10-12 12:00:00+00:00,4011.96,4012.99,4008.88,4010.15,82.7419
2025-10-12 12:30:00+00:00,4010.15,4010.4,4000.0,4006.74,141.4288
2025-10-12 13:00:00+00:00,4006.73,4013.0,4005.92,4012.98,92.4785
2025-10-12 13:30:00+00:00,4012.98,4014.0,4008.0,4012.41,87.0482
2025-10-12 14:00:00+00:00,4012.41,4015.56,4011.99,4015.56,51.5981
2025-10-12 14:30:00+00:00,4015.56,4017.18,4007.92,4008.36,202.8671
2025-10-12 15:00:00+00:00,4008.36,4009.9,3996.84,4005.8,485.9713
2025-10-12 15:30:00+00:00,4005.79,4005.8,3980.0,3998.9,332.9059
2025-10-12 16:00:00+00:00,3998.9,4003.0,3996.12,4001.99,298.2037
2025-10-12 16:30:00+00:00,4002.0,4003.0,4001.02,4002.55,227.1608
2025-10-12 17:00:00+00:00,4002.54,4003.0,4001.83,4001.83,212.8471
2025-10-12 17:30:00+00:00,4001.84,4001.84,3996.87,3999.77,119.685
2025-10-12 18:00:00+00:00,3999.78,4001.58,3999.7,3999.99,72.0014
2025-10-12 18:30:00+00:00,3999.99,4003.0,3999.98,4003.0,162.991
2025-10-12 19:00:00+00:00,4002.99,4003.0,4002.99,4002.99,108.1282
2025-10-12 19:30:00+00:00,4002.99,4003.0,4000.16,4002.72,120.2329
2025-10-12 20:00:00+00:00,4002.71,4003.0,4000.82,4003.0,86.3758
2025-10-12 20:30:00+00:00,4003.0,4003.0,4001.62,4003.0,74.8618
2025-10-12 21:00:00+00:00,4003.0,4003.0,4001.53,4003.0,62.738
2025-10-12 21:30:00+00:00,4003.0,4003.0,4002.64,4002.64,124.1897
2025-10-12 22:00:00+00:00,4002.64,4037.68,4002.63,4034.79,1564.2537
2025-10-12 22:30:00+00:00,4034.8,4047.04,4030.75,4044.48,1801.5656
2025-10-12 23:00:00+00:00,4044.57,4058.65,4041.86,4051.33,452.6715
2025-10-12 23:30:00+00:00,4051.32,4051.32,4034.22,4036.56,135.7475
2025-10-13 00:00:00+00:00,4036.57,4039.99,4026.55,4039.48,116.0636
2025-10-13 00:30:00+00:00,4039.49,4056.28,4039.01,4045.15,226.7377
2025-10-13 01:00:00+00:00,4045.04,4053.23,4036.32,4042.35,251.3973
2025-10-13 01:30:00+00:00,4042.36,4051.29,4042.06,4050.0,210.2067
2025-10-13 02:00:00+00:00,4049.99,4050.0,4044.11,4046.07,786.5852
2025-10-13 02:30:00+00:00,4046.06,4050.0,4043.68,4048.93,114.0634
2025-10-13 03:00:00+00:00,4048.93,4050.0,4045.33,4050.0,232.3503
2025-10-13 03:30:00+00:00,4049.99,4054.99,4048.0,4052.01,528.888
2025-10-13 04:00:00+00:00,4052.01,4058.71,4052.01,4058.6,108.7954
2025-10-13 04:30:00+00:00,4058.59,4060.85,4057.04,4058.01,93.8105
2025-10-13 05:00:00+00:00,4058.01,4079.0,4058.0,4074.03,305.8446
2025-10-13 05:30:00+00:00,4074.03,4079.0,4066.22,4066.57,236.1592
2025-10-13 06:00:00+00:00,4066.57,4077.8,4064.33,4076.08,400.0942
2025-10-13 06:30:00+00:00,4076.08,4078.56,4072.75,4075.05,161.6544
2025-10-13 07:00:00+00:00,4075.05,4079.0,4072.59,4078.46,159.6277
2025-10-13 07:30:00+00:00,4078.47,4080.69,4072.79,4075.56,284.1246
2025-10-13 08:00:00+00:00,4075.56,4082.37,4075.56,4079.31,162.1097
2025-10-13 08:30:00+00:00,4079.32,4085.14,4076.16,4084.01,302.6611
2025-10-13 09:00:00+00:00,4084.01,4088.01,4080.03,4080.18,128.7442
2025-10-13 09:30:00+00:00,4080.19,4087.58,4077.62,4086.18,148.087
2025-10-13 10:00:00+00:00,4086.16,4086.2,4080.0,4085.33,134.9018
2025-10-13 10:30:00+00:00,4085.33,4095.65,4084.12,4091.36,136.2136
2025-10-13 11:00:00+00:00,4091.35,4094.37,4080.03,4088.84,209.7018
2025-10-13 11:30:00+00:00,4088.68,4088.68,4082.53,4082.64,165.3772
2025-10-13 12:00:00+00:00,4082.64,4091.8,4078.0,4091.79,234.224
2025-10-13 12:30:00+00:00,4091.8,4092.99,4083.0,4086.32,256.1497
2025-10-13 13:00:00+00:00,4086.31,4097.3,4085.18,4096.24,155.9481
2025-10-13 13:30:00+00:00,4096.24,4101.97,4087.13,4101.78,222.2834
2025-10-13 14:00:00+00:00,4101.78,4103.44,4088.56,4099.0,320.9613
2025-10-13 14:30:00+00:00,4098.99,4112.63,4098.99,4105.56,481.8405
2025-10-13 15:00:00+00:00,4105.56,4119.0,4098.98,4100.47,595.6496
2025-10-13 15:30:00+00:00,4100.47,4111.39,4100.0,4110.75,260.103
2025-10-13 16:00:00+00:00,4110.75,4122.0,4110.75,4115.83,273.9925
2025-10-13 16:30:00+00:00,4115.82,4120.4,4111.21,4112.17,219.2201
2025-10-13 17:00:00+00:00,4112.17,4123.28,4112.0,4121.71,252.4575
2025-10-13 17:30:00+00:00,4121.71,4121.71,4110.72,4112.28,221.533
2025-10-13 18:00:00+00:00,4112.29,4115.17,4108.61,4112.99,299.1635
2025-10-13 18:30:00+00:00,4112.99,4115.43,4108.67,4110.64,305.8107
2025-10-13 19:00:00+00:00,4111.12,4117.21,4101.58,4115.4,267.7882
2025-10-13 19:30:00+00:00,4115.4,4124.06,4110.38,4124.0,920.6805
2025-10-13 20:00:00+00:00,4124.0,4124.23,4116.6,4122.47,716.881
2025-10-13 20:30:00+00:00,4122.47,4123.62,4117.77,4121.65,121.6934
2025-10-13 21:00:00+00:00,4121.58,4123.54,4120.26,4123.11,108.0131
2025-10-13 21:30:00+00:00,4123.11,4123.7,4122.22,4122.78,142.3527
2025-10-13 22:00:00+00:00,4122.78,4123.65,4118.48,4118.86,125.6795
2025-10-13 22:30:00+00:00,4118.86,4126.01,4115.26,4125.01,128.2976
2025-10-13 23:00:00+00:00,4125.01,4125.91,4120.99,4125.21,196.5442
2025-10-13 23:30:00+00:00,4125.21,4142.3,4125.21,4141.69,373.2544
2025-10-14 00:00:00+00:00,4141.69,4144.47,4133.47,4139.96,417.9813
2025-10-14 00:30:00+00:00,4139.96,4145.05,4139.23,4140.01,253.3828
2025-10-14 01:00:00+00:00,4140.0,4164.61,4138.32,4162.78,534.1084
2025-10-14 01:30:00+00:00,4162.78,4166.0,4147.13,4153.59,300.799
2025-10-14 02:00:00+00:00,4153.51,4158.71,4153.51,4158.64,163.3475
2025-10-14 02:30:00+00:00,4158.64,4166.0,4158.51,4162.84,192.2563
2025-10-14 03:00:00+00:00,4162.85,4176.0,4162.09,4173.23,285.9819
2025-10-14 03:30:00+00:00,4173.23,4183.67,4172.93,4179.1,276.8161
2025-10-14 04:00:00+00:00,4179.11,4184.79,4173.36,4179.3,273.8111
2025-10-14 04:30:00+00:00,4179.3,4185.4,4170.31,4185.04,483.0208
2025-10-14 05:00:00+00:00,4185.04,4200.0,4183.1,4194.97,506.5926
2025-10-14 05:30:00+00:00,4194.83,4195.72,4119.71,4132.44,1778.8169
2025-10-14 06:00:00+00:00,4132.28,4146.62,4103.38,4129.5,1056.7629
2025-10-14 06:30:00+00:00,4129.35,4129.56,4107.7,4127.5,1044.1287
2025-10-14 07:00:00+00:00,4127.28,4143.27,4118.3,4140.1,680.4763
2025-10-14 07:30:00+00:00,4140.11,4143.19,4134.9,4142.41,610.9091
2025-10-14 08:00:00+00:00,4142.41,4160.87,4142.41,4160.87,498.398
2025-10-14 08:30:00+00:00,4160.87,4160.87,4147.04,4157.28,279.5012
2025-10-14 09:00:00+00:00,4157.27,4161.26,4150.0,4155.0,322.239
2025-10-14 09:30:00+00:00,4155.0,4157.46,4136.0,4141.57,269.1034
2025-10-14 10:00:00+00:00,4141.57,4150.88,4130.48,4149.91,272.3489
2025-10-14 10:30:00+00:00,4149.91,4153.0,4140.27,4142.69,286.7518
2025-10-14 11:00:00+00:00,4142.7,4150.0,4138.79,4140.58,283.0734
2025-10-14 11:30:00+00:00,4140.58,4142.38,4133.99,4139.6,745.0004
2025-10-14 12:00:00+00:00,4139.59,4145.01,4126.79,4129.89,278.8357
2025-10-14 12:30:00+00:00,4129.96,4130.3,4116.1,4117.73,372.1019
2025-10-14 13:00:00+00:00,4117.73,4133.94,4112.0,4125.39,534.3031
2025-10-14 13:30:00+00:00,4125.38,4143.31,4121.2,4136.3,452.895
2025-10-14 14:00:00+00:00,4136.3,4149.01,4133.08,4144.97,348.0367
2025-10-14 14:30:00+00:00,4145.17,4150.0,4138.69,4140.8,326.1545
2025-10-14 15:00:00+00:00,4140.8,4152.42,4138.89,4149.42,346.3239
2025-10-14 15:30:00+00:00,4149.43,4154.22,4144.01,4148.88,323.8032
2025-10-14 16:00:00+00:00,4148.94,4152.26,4140.0,4146.81,355.0351
2025-10-14 16:30:00+00:00,4146.8,4169.43,4145.49,4155.7,547.8764
2025-10-14 17:00:00+00:00,4154.96,4173.99,4152.4,4164.18,789.6499
2025-10-14 17:30:00+00:00,4164.18,4173.19,4160.51,4162.76,699.722
2025-10-14 18:00:00+00:00,4162.75,4169.12,4158.18,4162.59,321.5731
2025-10-14 18:30:00+00:00,4162.59,4165.35,4158.69,4161.89,168.866
2025-10-14 19:00:00+00:00,4161.89,4165.96,4161.45,4161.89,106.5366
2025-10-14 19:30:00+00:00,4161.88,4162.67,4146.31,4155.65,174.3364
2025-10-14 20:00:00+00:00,4155.53,4159.66,4153.26,4156.27,77.3798
2025-10-14 20:30:00+00:00,4156.28,4156.94,4153.62,4153.92,59.3588
2025-10-14 21:00:00+00:00,4153.91,4154.58,4151.67,4154.54,46.4727
2025-10-14 21:30:00+00:00,4154.55,4157.98,4154.54,4155.55,36.3772
2025-10-14 22:00:00+00:00,4155.54,4174.25,4153.35,4166.15,143.8136
2025-10-14 22:30:00+00:00,4166.14,4177.61,4163.18,4171.62,198.6924
2025-10-14 23:00:00+00:00,4171.61,4177.37,4169.0,4177.36,125.6734
2025-10-14 23:30:00+00:00,4177.37,4184.13,4176.37,4176.71,390.706
2025-10-15 00:00:00+00:00,4176.7,4184.95,4170.81,4172.34,225.3435
2025-10-15 00:30:00+00:00,4172.35,4183.03,4171.02,4177.88,169.4855
2025-10-15 01:00:00+00:00,4177.95,4204.01,4177.95,4201.5,672.3535
2025-10-15 01:30:00+00:00,4201.5,4203.67,4193.4,4198.98,495.0084
2025-10-15 02:00:00+00:00,4198.98,4201.22,4194.99,4197.12,182.441
2025-10-15 02:30:00+00:00,4197.11,4197.11,4188.0,4194.48,338.8739
2025-10-15 03:00:00+00:00,4194.49,4201.25,4194.49,4200.75,130.0648
2025-10-15 03:30:00+00:00,4200.75,4207.13,4199.0,4205.24,188.9458
2025-10-15 04:00:00+00:00,4205.24,4208.37,4191.24,4194.76,340.0611
2025-10-15 04:30:00+00:00,4194.75,4197.51,4191.73,4195.78,219.1889
2025-10-15 05:00:00+00:00,4195.78,4204.81,4192.99,4204.56,588.4145
2025-10-15 05:30:00+00:00,4204.28,4204.81,4197.82,4198.72,173.1786
2025-10-15 06:00:00+00:00,4198.75,4209.56,4198.75,4205.92,300.8864
2025-10-15 06:30:00+00:00,4205.92,4217.93,4202.77,4217.93,226.2849
2025-10-15 07:00:00+00:00,4217.93,4221.15,4210.06,4215.51,417.6962
2025-10-15 07:30:00+00:00,4215.51,4227.36,4215.5,4224.66,241.21
2025-10-15 08:00:00+00:00,4224.94,4240.29,4224.94,4228.04,335.3484
2025-10-15 08:30:00+00:00,4228.05,4235.06,4226.83,4226.84,266.0301
2025-10-15 09:00:00+00:00,4226.66,4227.7,4188.0,4207.91,638.5599
2025-10-15 09:30:00+00:00,4207.9,4213.96,4206.29,4210.01,311.0546
2025-10-15 10:00:00+00:00,4210.01,4225.01,4208.68,4220.37,485.8868
2025-10-15 10:30:00+00:00,4220.38,4226.0,4220.0,4224.65,1203.5873
2025-10-15 11:00:00+00:00,4224.65,4225.1,4221.2,4223.21,335.3794
2025-10-15 11:30:00+00:00,4223.21,4227.14,4220.0,4223.0,792.9776
2025-10-15 12:00:00+00:00,4223.0,4228.88,4209.01,4209.02,763.1899
2025-10-15 12:30:00+00:00,4209.02,4215.07,4200.76,4210.35,432.9641
2025-10-15 13:00:00+00:00,4210.35,4215.15,4205.09,4210.64,333.3176
2025-10-15 13:30:00+00:00,4210.63,4215.42,4202.16,4211.13,436.5025
2025-10-15 14:00:00+00:00,4211.12,4229.98,4210.56,4226.46,394.1531
2025-10-15 14:30:00+00:00,4226.45,4226.78,4212.69,4219.47,522.3301
2025-10-15 15:00:00+00:00,4219.47,4222.0,4214.39,4220.33,355.447
2025-10-15 15:30:00+00:00,4220.33,4221.08,4203.51,4211.71,413.8534
2025-10-15 16:00:00+00:00,4211.71,4217.16,4206.16,4214.62,277.627
2025-10-15 16:30:00+00:00,4214.24,4216.1,4207.53,4215.49,187.0663
2025-10-15 17:00:00+00:00,4215.49,4218.0,4205.06,4208.91,409.7392
2025-10-15 17:30:00+00:00,4208.91,4218.6,4207.15,4218.6,124.6687
2025-10-15 18:00:00+00:00,4218.6,4227.93,4209.47,4216.99,883.6457
2025-10-15 18:30:00+00:00,4216.98,4220.89,4215.49,4220.0,170.263
2025-10-15 19:00:00+00:00,4220.01,4230.8,4219.09,4229.99,220.0112
2025-10-15 19:30:00+00:00,4229.98,4231.81,4224.94,4230.95,390.0288
2025-10-15 20:00:00+00:00,4230.95,4235.47,4229.55,4231.48,513.2268
2025-10-15 20:30:00+00:00,4231.0,4235.86,4230.25,4232.04,191.3862
2025-10-15 21:00:00+00:00,4232.04,4237.27,4230.86,4237.26,163.0662
2025-10-15 21:30:00+00:00,4237.27,4238.62,4231.0,4235.98,217.7812
2025-10-15 22:00:00+00:00,4235.62,4239.04,4219.82,4237.0,389.5747
2025-10-15 22:30:00+00:00,4237.14,4247.41,4235.31,4242.18,232.8283
2025-10-15 23:00:00+00:00,4243.04,4244.11,4236.94,4243.31,255.225
2025-10-15 23:30:00+00:00,4243.31,4245.18,4236.36,4238.42,404.581
2025-10-16 00:00:00+00:00,4238.42,4260.28,4235.66,4260.28,799.1405
2025-10-16 00:30:00+00:00,4260.28,4274.0,4250.65,4250.65,707.277
2025-10-16 01:00:00+00:00,4250.65,4266.04,4248.3,4264.21,267.8841
2025-10-16 01:30:00+00:00,4264.2,4267.35,4257.93,4258.94,250.1133
2025-10-16 02:00:00+00:00,4258.94,4263.61,4253.12,4257.62,398.6844
2025-10-16 02:30:00+00:00,4257.62,4264.32,4252.94,4262.3,314.0936
2025-10-16 03:00:00+00:00,4262.29,4265.41,4256.69,4258.9,319.506
2025-10-16 03:30:00+00:00,4258.04,4264.14,4253.0,4261.56,387.2752
2025-10-16 04:00:00+00:00,4261.65,4262.4,4256.69,4260.28,403.4187
2025-10-16 04:30:00+00:00,4260.28,4261.54,4250.12,4253.98,866.9978
2025-10-16 05:00:00+00:00,4253.99,4255.25,4244.01,4245.16,329.0116
2025-10-16 05:30:00+00:00,4245.15,4245.15,4225.28,4226.56,642.6803
2025-10-16 06:00:00+00:00,4226.57,4245.9,4226.56,4240.05,448.8986
2025-10-16 06:30:00+00:00,4240.05,4242.5,4230.0,4237.92,534.4041
2025-10-16 07:00:00+00:00,4237.93,4250.55,4237.92,4250.48,456.29
2025-10-16 07:30:00+00:00,4250.47,4250.47,4237.72,4246.92,296.1097
2025-10-16 08:00:00+00:00,4246.91,4256.15,4246.87,4250.84,168.4377
2025-10-16 08:30:00+00:00,4250.84,4252.02,4246.8,4248.41,221.1343
2025-10-16 09:00:00+00:00,4248.41,4250.7,4236.6,4237.41,215.7861
2025-10-16 09:30:00+00:00,4237.41,4256.65,4236.2,4254.0,369.8697
2025-10-16 10:00:00+00:00,4254.26,4260.82,4251.0,4252.01,278.375
2025-10-16 10:30:00+00:00,4252.0,4259.97,4249.9,4259.65,101.4871
2025-10-16 11:00:00+00:00,4259.64,4263.29,4256.0,4261.42,175.8203
2025-10-16 11:30:00+00:00,4261.41,4266.13,4258.47,4258.48,234.1125
2025-10-16 12:00:00+00:00,4258.47,4261.79,4253.11,4254.93,259.3656
2025-10-16 12:30:00+00:00,4254.93,4265.92,4246.18,4250.27,337.8362
2025-10-16 13:00:00+00:00,4250.14,4268.86,4249.95,4265.94,508.1542
2025-10-16 13:30:00+00:00,4265.94,4273.67,4260.52,4267.11,433.979
2025-10-16 14:00:00+00:00,4267.1,4280.64,4265.93,4278.91,662.3358
2025-10-16 14:30:00+00:00,4278.9,4285.14,4275.0,4281.35,476.1801
2025-10-16 15:00:00+00:00,4281.36,4288.37,4281.0,4288.37,183.3485
