timestamp,open,high,low,close,volume
2025-01-01 00:00:00+00:00,2.0836,2.1019,2.0811,2.0979,3052791.0
2025-01-01 00:30:00+00:00,2.0978,2.1125,2.0967,2.1106,5218553.0
2025-01-01 01:00:00+00:00,2.1106,2.1112,2.0965,2.0997,2251153.0
2025-01-01 01:30:00+00:00,2.0997,2.1073,2.0929,2.0943,2050104.0
2025-01-01 02:00:00+00:00,2.0944,2.103,2.0929,2.0977,1315886.0
2025-01-01 02:30:00+00:00,2.0978,2.106,2.0975,2.1058,2364233.0
2025-01-01 03:00:00+00:00,2.1057,2.1066,2.1003,2.1016,917884.0
2025-01-01 03:30:00+00:00,2.1015,2.1087,2.101,2.1069,870508.0
2025-01-01 04:00:00+00:00,2.1069,2.11,2.1003,2.1082,1533935.0
2025-01-01 04:30:00+00:00,2.1083,2.1131,2.1015,2.1027,1356543.0
2025-01-01 05:00:00+00:00,2.1028,2.1298,2.0999,2.1283,4687652.0
2025-01-01 05:30:00+00:00,2.1283,2.1494,2.1281,2.1358,6156595.0
2025-01-01 06:00:00+00:00,2.1358,2.1474,2.1303,2.1442,3931898.0
2025-01-01 06:30:00+00:00,2.1442,2.1454,2.1328,2.1439,2966724.0
2025-01-01 07:00:00+00:00,2.144,2.144,2.1291,2.1387,2756850.0
2025-01-01 07:30:00+00:00,2.1386,2.1409,2.1244,2.1246,1933451.0
2025-01-01 08:00:00+00:00,2.1246,2.135,2.1181,2.1206,2962390.0
2025-01-01 08:30:00+00:00,2.1206,2.1235,2.1081,2.1103,3430050.0
2025-01-01 09:00:00+00:00,2.1103,2.1164,2.0901,2.0966,6126723.0
2025-01-01 09:30:00+00:00,2.0968,2.1064,2.091,2.1052,3313098.0
2025-01-01 10:00:00+00:00,2.1053,2.114,2.1053,2.1099,2849027.0
2025-01-01 10:30:00+00:00,2.11,2.1184,2.1076,2.109,2253638.0
2025-01-01 11:00:00+00:00,2.109,2.1354,2.1021,2.1312,4549269.0
2025-01-01 11:30:00+00:00,2.1311,2.1439,2.1235,2.1357,4326388.0
2025-01-01 12:00:00+00:00,2.1358,2.1699,2.1312,2.1604,9347595.0
2025-01-01 12:30:00+00:00,2.1605,2.1737,2.1529,2.1679,6164362.0
2025-01-01 13:00:00+00:00,2.1679,2.185,2.1657,2.17,9247465.0
2025-01-01 13:30:00+00:00,2.1699,2.1728,2.1587,2.1653,5638602.0
2025-01-01 14:00:00+00:00,2.1653,2.1855,2.1643,2.1712,7748364.0
2025-01-01 14:30:00+00:00,2.1712,2.1792,2.1605,2.174,4542308.0
2025-01-01 15:00:00+00:00,2.174,2.1821,2.1626,2.1799,3380489.0
2025-01-01 15:30:00+00:00,2.1798,2.234,2.174,2.2283,19326676.0
2025-01-01 16:00:00+00:00,2.2283,2.2842,2.2219,2.2835,24720791.0
2025-01-01 16:30:00+00:00,2.2836,2.284,2.2529,2.2635,14352973.0
2025-01-01 17:00:00+00:00,2.2635,2.2659,2.2114,2.2308,19751777.0
2025-01-01 17:30:00+00:00,2.2308,2.263,2.2308,2.2596,8305196.0
2025-01-01 18:00:00+00:00,2.2596,2.2798,2.2482,2.2754,8165320.0
2025-01-01 18:30:00+00:00,2.2755,2.3333,2.2734,2.322,23839162.0
2025-01-01 19:00:00+00:00,2.3219,2.342,2.3017,2.3019,17468817.0
2025-01-01 19:30:00+00:00,2.3019,2.3317,2.2884,2.3172,17462383.0
2025-01-01 20:00:00+00:00,2.3172,2.3196,2.3016,2.3108,6588910.0
2025-01-01 20:30:00+00:00,2.3109,2.3146,2.2957,2.3068,6856861.0
2025-01-01 21:00:00+00:00,2.3067,2.3234,2.2867,2.3136,14148548.0
2025-01-01 21:30:00+00:00,2.3136,2.33,2.3067,2.3207,7405185.0
2025-01-01 22:00:00+00:00,2.3205,2.3226,2.2982,2.3119,5728724.0
2025-01-01 22:30:00+00:00,2.312,2.3545,2.3102,2.3493,12050724.0
2025-01-01 23:00:00+00:00,2.3494,2.3521,2.3233,2.3354,9418978.0
2025-01-01 23:30:00+00:00,2.3354,2.3354,2.314,2.3328,5934721.0
2025-01-02 00:00:00+00:00,2.3329,2.4522,2.3297,2.4438,40545234.0
2025-01-02 00:30:00+00:00,2.4437,2.4455,2.3837,2.3887,27215457.0
2025-01-02 01:00:00+00:00,2.3887,2.4119,2.3792,2.4004,13136073.0
2025-01-02 01:30:00+00:00,2.4004,2.4045,2.3707,2.4008,12330549.0
2025-01-02 02:00:00+00:00,2.4007,2.4164,2.3868,2.4058,9862398.0
2025-01-02 02:30:00+00:00,2.4058,2.4138,2.3887,2.4054,7726037.0
2025-01-02 03:00:00+00:00,2.4053,2.4192,2.4001,2.4125,6453812.0
2025-01-02 03:30:00+00:00,2.4124,2.4299,2.412,2.4249,8023935.0
2025-01-02 04:00:00+00:00,2.4249,2.4258,2.405,2.4132,6550869.0
2025-01-02 04:30:00+00:00,2.4133,2.4282,2.399,2.4001,7575743.0
2025-01-02 05:00:00+00:00,2.4001,2.4019,2.3816,2.3939,6949440.0
2025-01-02 05:30:00+00:00,2.3939,2.3984,2.3658,2.3725,7716373.0
2025-01-02 06:00:00+00:00,2.3725,2.383,2.3469,2.3479,15776443.0
2025-01-02 06:30:00+00:00,2.3479,2.3633,2.3434,2.3545,6792483.0
2025-01-02 07:00:00+00:00,2.3546,2.3661,2.348,2.3508,5656820.0
2025-01-02 07:30:00+00:00,2.3509,2.3742,2.35,2.3672,7641617.0
2025-01-02 08:00:00+00:00,2.3673,2.3843,2.3672,2.3825,5872831.0
2025-01-02 08:30:00+00:00,2.3825,2.3837,2.3749,2.3788,4172616.0
2025-01-02 09:00:00+00:00,2.3788,2.4032,2.377,2.4008,7528195.0
2025-01-02 09:30:00+00:00,2.4008,2.4101,2.3975,2.4005,5616430.0
2025-01-02 10:00:00+00:00,2.4005,2.403,2.3825,2.3882,7500882.0
2025-01-02 10:30:00+00:00,2.3881,2.4056,2.3881,2.3952,5163665.0
2025-01-02 11:00:00+00:00,2.3952,2.404,2.3874,2.4001,3819471.0
2025-01-02 11:30:00+00:00,2.4001,2.4168,2.3951,2.4035,6047710.0
2025-01-02 12:00:00+00:00,2.4035,2.4108,2.3982,2.4072,3187631.0
2025-01-02 12:30:00+00:00,2.4071,2.422,2.4018,2.4071,4648767.0
2025-01-02 13:00:00+00:00,2.4072,2.4143,2.3936,2.4036,4626783.0
2025-01-02 13:30:00+00:00,2.4037,2.4062,2.3857,2.3911,4849046.0
2025-01-02 14:00:00+00:00,2.391,2.3933,2.3641,2.389,9462005.0
2025-01-02 14:30:00+00:00,2.389,2.4224,2.3865,2.4076,12650728.0
2025-01-02 15:00:00+00:00,2.4075,2.4086,2.3786,2.3904,6515791.0
2025-01-02 15:30:00+00:00,2.3904,2.4093,2.3804,2.4042,5568069.0
2025-01-02 16:00:00+00:00,2.4043,2.4139,2.3943,2.4098,5494255.0
2025-01-02 16:30:00+00:00,2.4097,2.422,2.4012,2.4189,5671929.0
2025-01-02 17:00:00+00:00,2.419,2.438,2.4152,2.4271,7338441.0
2025-01-02 17:30:00+00:00,2.427,2.4275,2.3756,2.396,13612798.0
2025-01-02 18:00:00+00:00,2.3959,2.4142,2.3856,2.4034,4369709.0
2025-01-02 18:30:00+00:00,2.4034,2.4086,2.3949,2.4072,2582609.0
2025-01-02 19:00:00+00:00,2.4071,2.415,2.3972,2.4057,3702194.0
2025-01-02 19:30:00+00:00,2.4056,2.4056,2.3877,2.3878,3533315.0
2025-01-02 20:00:00+00:00,2.3879,2.3975,2.3866,2.3867,2244625.0
2025-01-02 20:30:00+00:00,2.3868,2.3871,2.3662,2.3841,7554408.0
2025-01-02 21:00:00+00:00,2.3841,2.388,2.3728,2.3818,2708599.0
2025-01-02 21:30:00+00:00,2.3818,2.3875,2.3744,2.3865,2327118.0
2025-01-02 22:00:00+00:00,2.3865,2.3991,2.3848,2.3945,4110915.0
2025-01-02 22:30:00+00:00,2.3945,2.4113,2.3945,2.4056,3341412.0
2025-01-02 23:00:00+00:00,2.4056,2.4102,2.3984,2.4024,2935396.0
2025-01-02 23:30:00+00:00,2.4025,2.4147,2.4002,2.4024,2484755.0
2025-01-03 00:00:00+00:00,2.4024,2.4184,2.3979,2.4129,3583206.0
2025-01-03 00:30:00+00:00,2.4129,2.4198,2.4069,2.4112,3626438.0
2025-01-03 01:00:00+00:00,2.4112,2.427,2.3966,2.4215,5768425.0
2025-01-03 01:30:00+00:00,2.4214,2.4371,2.4147,2.4231,5942496.0
2025-01-03 02:00:00+00:00,2.4232,2.461,2.4176,2.4598,8647963.0
2025-01-03 02:30:00+00:00,2.4597,2.4648,2.4396,2.4475,8415060.0
2025-01-03 03:00:00+00:00,2.4475,2.4589,2.4372,2.4574,4931539.0
2025-01-03 03:30:00+00:00,2.4575,2.4743,2.4442,2.468,6874111.0
2025-01-03 04:00:00+00:00,2.4681,2.4681,2.4454,2.4498,5206582.0
2025-01-03 04:30:00+00:00,2.4498,2.4593,2.437,2.4428,5296935.0
2025-01-03 05:00:00+00:00,2.4428,2.4454,2.4239,2.4291,3701553.0
2025-01-03 05:30:00+00:00,2.429,2.4383,2.4207,2.4301,4091269.0
2025-01-03 06:00:00+00:00,2.4302,2.452,2.4301,2.4444,3974489.0
2025-01-03 06:30:00+00:00,2.4444,2.4535,2.4352,2.4444,3523069.0
2025-01-03 07:00:00+00:00,2.4443,2.446,2.4076,2.4136,8149738.0
2025-01-03 07:30:00+00:00,2.4137,2.4215,2.4044,2.4152,6010084.0
2025-01-03 08:00:00+00:00,2.4153,2.4249,2.4108,2.413,3226934.0
2025-01-03 08:30:00+00:00,2.4129,2.4197,2.4017,2.4133,2991395.0
2025-01-03 09:00:00+00:00,2.4133,2.4247,2.4085,2.4202,2685924.0
2025-01-03 09:30:00+00:00,2.4203,2.4271,2.417,2.4204,2699856.0
2025-01-03 10:00:00+00:00,2.4205,2.429,2.4116,2.4229,5209661.0
2025-01-03 10:30:00+00:00,2.4229,2.4275,2.4077,2.4106,4081977.0
2025-01-03 11:00:00+00:00,2.4107,2.4262,2.407,2.426,3394461.0
2025-01-03 11:30:00+00:00,2.4259,2.4369,2.3975,2.4087,14902168.0
2025-01-03 12:00:00+00:00,2.4087,2.42,2.4051,2.4147,4969521.0
2025-01-03 12:30:00+00:00,2.4146,2.4215,2.4039,2.4041,4024153.0
2025-01-03 13:00:00+00:00,2.4041,2.418,2.4011,2.4043,4369971.0
2025-01-03 13:30:00+00:00,2.4043,2.4169,2.4031,2.4082,3844803.0
2025-01-03 14:00:00+00:00,2.4082,2.4258,2.4079,2.4215,3178322.0
2025-01-03 14:30:00+00:00,2.4216,2.4449,2.418,2.4346,7810832.0
2025-01-03 15:00:00+00:00,2.4347,2.4486,2.4241,2.4372,5402789.0
2025-01-03 15:30:00+00:00,2.4371,2.4496,2.4303,2.4468,5120892.0
2025-01-03 16:00:00+00:00,2.4469,2.4638,2.4377,2.4513,6609256.0
2025-01-03 16:30:00+00:00,2.4514,2.4798,2.4514,2.4596,10504184.0
2025-01-03 17:00:00+00:00,2.4596,2.4709,2.4519,2.4671,4648943.0
2025-01-03 17:30:00+00:00,2.4671,2.4707,2.4388,2.4419,4727493.0
2025-01-03 18:00:00+00:00,2.442,2.457,2.4388,2.4563,3640298.0
2025-01-03 18:30:00+00:00,2.4563,2.4589,2.4444,2.4512,2727770.0
2025-01-03 19:00:00+00:00,2.4512,2.4754,2.4503,2.4753,5660453.0
2025-01-03 19:30:00+00:00,2.4753,2.4794,2.4637,2.4728,3702486.0
2025-01-03 20:00:00+00:00,2.4727,2.4727,2.45,2.4625,4181169.0
2025-01-03 20:30:00+00:00,2.4624,2.4638,2.4484,2.4486,3342124.0
2025-01-03 21:00:00+00:00,2.4486,2.454,2.442,2.4521,3132718.0
2025-01-03 21:30:00+00:00,2.4522,2.454,2.4455,2.4533,2064535.0
2025-01-03 22:00:00+00:00,2.4534,2.4666,2.4515,2.4578,4048065.0
2025-01-03 22:30:00+00:00,2.4577,2.4644,2.4526,2.4597,1997257.0
2025-01-03 23:00:00+00:00,2.4596,2.4676,2.4506,2.4643,4889502.0
2025-01-03 23:30:00+00:00,2.4643,2.4645,2.452,2.4547,2139859.0
2025-01-04 00:00:00+00:00,2.4546,2.466,2.4504,2.4545,4248897.0
2025-01-04 00:30:00+00:00,2.4546,2.4546,2.428,2.444,7688910.0
2025-01-04 01:00:00+00:00,2.4441,2.4495,2.432,2.4413,2526024.0
2025-01-04 01:30:00+00:00,2.4413,2.4744,2.4371,2.4731,6068980.0
2025-01-04 02:00:00+00:00,2.4731,2.509,2.4724,2.4805,29402744.0
2025-01-04 02:30:00+00:00,2.4804,2.4919,2.4638,2.4838,5765648.0
2025-01-04 03:00:00+00:00,2.4839,2.4862,2.4682,2.4706,4398693.0
2025-01-04 03:30:00+00:00,2.4706,2.4774,2.4605,2.4657,3524042.0
2025-01-04 04:00:00+00:00,2.4657,2.4662,2.4494,2.4528,3451879.0
2025-01-04 04:30:00+00:00,2.4529,2.4534,2.442,2.4506,3219613.0
2025-01-04 05:00:00+00:00,2.4507,2.4612,2.4493,2.4544,2508837.0
2025-01-04 05:30:00+00:00,2.4543,2.4562,2.4465,2.4544,2079753.0
2025-01-04 06:00:00+00:00,2.4544,2.4616,2.4507,2.4599,1641527.0
2025-01-04 06:30:00+00:00,2.4598,2.4618,2.4515,2.4556,1233563.0
2025-01-04 07:00:00+00:00,2.4555,2.4605,2.4508,2.4519,1888681.0
2025-01-04 07:30:00+00:00,2.452,2.4545,2.4451,2.4462,2256902.0
2025-01-04 08:00:00+00:00,2.4462,2.4517,2.4326,2.4434,4683697.0
2025-01-04 08:30:00+00:00,2.4435,2.4467,2.4306,2.4329,2812868.0
2025-01-04 09:00:00+00:00,2.433,2.445,2.4325,2.444,2160591.0
2025-01-04 09:30:00+00:00,2.4439,2.4488,2.4401,2.4464,2887766.0
2025-01-04 10:00:00+00:00,2.4463,2.4535,2.4332,2.4358,2896885.0
2025-01-04 10:30:00+00:00,2.4358,2.445,2.4342,2.4393,1477951.0
2025-01-04 11:00:00+00:00,2.4392,2.4398,2.4288,2.4359,3116903.0
2025-01-04 11:30:00+00:00,2.436,2.4438,2.4331,2.4407,1788492.0
2025-01-04 12:00:00+00:00,2.4408,2.4489,2.438,2.4471,1946692.0
2025-01-04 12:30:00+00:00,2.4471,2.4538,2.4434,2.45,2335997.0
2025-01-04 13:00:00+00:00,2.45,2.4554,2.4462,2.4509,3225749.0
2025-01-04 13:30:00+00:00,2.4509,2.4581,2.444,2.4541,2630454.0
2025-01-04 14:00:00+00:00,2.4541,2.4561,2.4448,2.4514,2314500.0
2025-01-04 14:30:00+00:00,2.4513,2.4593,2.4508,2.4583,1659742.0
2025-01-04 15:00:00+00:00,2.4584,2.4629,2.4387,2.4471,3284555.0
2025-01-04 15:30:00+00:00,2.4471,2.4476,2.3999,2.4115,20801779.0
2025-01-04 16:00:00+00:00,2.4114,2.4345,2.4106,2.4258,5693008.0
2025-01-04 16:30:00+00:00,2.4257,2.4261,2.4134,2.4196,3128883.0
2025-01-04 17:00:00+00:00,2.4197,2.4248,2.416,2.4171,2154759.0
2025-01-04 17:30:00+00:00,2.4172,2.4286,2.4124,2.427,1910821.0
2025-01-04 18:00:00+00:00,2.427,2.4302,2.4228,2.424,1531693.0
2025-01-04 18:30:00+00:00,2.4241,2.4252,2.4156,2.4198,1614286.0
2025-01-04 19:00:00+00:00,2.4198,2.4231,2.4136,2.4165,2406990.0
2025-01-04 19:30:00+00:00,2.4165,2.4253,2.4151,2.4234,1470088.0
2025-01-04 20:00:00+00:00,2.4234,2.4295,2.42,2.4274,1751556.0
2025-01-04 20:30:00+00:00,2.4273,2.44,2.4257,2.4348,2529973.0
2025-01-04 21:00:00+00:00,2.4348,2.4424,2.433,2.4343,2718512.0
2025-01-04 21:30:00+00:00,2.4342,2.4355,2.4196,2.4241,2904228.0
2025-01-04 22:00:00+00:00,2.4241,2.4267,2.4179,2.4186,1971860.0
2025-01-04 22:30:00+00:00,2.4186,2.4327,2.4177,2.4294,2332623.0
2025-01-04 23:00:00+00:00,2.4294,2.4332,2.4202,2.4248,1877841.0
2025-01-04 23:30:00+00:00,2.4247,2.4263,2.4166,2.4201,1867491.0
2025-01-05 00:00:00+00:00,2.4201,2.4285,2.407,2.421,4169989.0
2025-01-05 00:30:00+00:00,2.4211,2.4228,2.4064,2.4085,1730260.0
2025-01-05 01:00:00+00:00,2.4085,2.4105,2.3911,2.4007,6017966.0
2025-01-05 01:30:00+00:00,2.4006,2.4024,2.3712,2.3886,8192298.0
2025-01-05 02:00:00+00:00,2.3886,2.3967,2.3881,2.3919,2575150.0
2025-01-05 02:30:00+00:00,2.3919,2.3943,2.384,2.3929,2035636.0
2025-01-05 03:00:00+00:00,2.3929,2.3946,2.3864,2.389,2468137.0
2025-01-05 03:30:00+00:00,2.389,2.3925,2.3828,2.3903,2534501.0
2025-01-05 04:00:00+00:00,2.3902,2.4035,2.3895,2.4025,2970524.0
2025-01-05 04:30:00+00:00,2.4026,2.4063,2.3988,2.4012,2005922.0
2025-01-05 05:00:00+00:00,2.4013,2.4058,2.3971,2.4012,1277532.0
2025-01-05 05:30:00+00:00,2.4011,2.403,2.3922,2.3954,1209369.0
2025-01-05 06:00:00+00:00,2.3953,2.3994,2.3876,2.3978,1500349.0
2025-01-05 06:30:00+00:00,2.3977,2.4084,2.3977,2.4072,1814203.0
2025-01-05 07:00:00+00:00,2.4072,2.4157,2.4025,2.4045,2537915.0
2025-01-05 07:30:00+00:00,2.4046,2.4083,2.3971,2.4006,2752317.0
2025-01-05 08:00:00+00:00,2.4005,2.4035,2.3674,2.3824,6902472.0
2025-01-05 08:30:00+00:00,2.3824,2.3864,2.3759,2.3823,2052921.0
2025-01-05 09:00:00+00:00,2.3822,2.3843,2.3715,2.3715,2538814.0
2025-01-05 09:30:00+00:00,2.3715,2.3748,2.3456,2.3493,9309843.0
2025-01-05 10:00:00+00:00,2.3493,2.3536,2.3273,2.3342,11266254.0
2025-01-05 10:30:00+00:00,2.3343,2.3474,2.333,2.3415,3524436.0
2025-01-05 11:00:00+00:00,2.3416,2.358,2.3368,2.3509,5927041.0
2025-01-05 11:30:00+00:00,2.3509,2.359,2.3456,2.3527,2200959.0
2025-01-05 12:00:00+00:00,2.3527,2.3622,2.344,2.3532,4122494.0
2025-01-05 12:30:00+00:00,2.3533,2.3676,2.3492,2.3589,3483348.0
2025-01-05 13:00:00+00:00,2.3589,2.3687,2.3575,2.3686,2728378.0
2025-01-05 13:30:00+00:00,2.3686,2.3795,2.3646,2.3665,5241134.0
2025-01-05 14:00:00+00:00,2.3665,2.3744,2.3451,2.3592,4076139.0
2025-01-05 14:30:00+00:00,2.3591,2.3819,2.3519,2.3753,2813289.0
2025-01-05 15:00:00+00:00,2.3752,2.3808,2.3602,2.3677,2520112.0
2025-01-05 15:30:00+00:00,2.3677,2.3767,2.3666,2.3683,2055761.0
2025-01-05 16:00:00+00:00,2.3684,2.3766,2.3625,2.3676,2564180.0
2025-01-05 16:30:00+00:00,2.3676,2.3687,2.3597,2.3667,1735155.0
2025-01-05 17:00:00+00:00,2.3667,2.3834,2.366,2.3824,1863384.0
2025-01-05 17:30:00+00:00,2.3824,2.3835,2.3718,2.3795,1678379.0
2025-01-05 18:00:00+00:00,2.3795,2.3831,2.369,2.3808,1523916.0
2025-01-05 18:30:00+00:00,2.3808,2.4098,2.3796,2.403,5929685.0
2025-01-05 19:00:00+00:00,2.4031,2.4117,2.389,2.3956,3405745.0
2025-01-05 19:30:00+00:00,2.3956,2.3967,2.381,2.3837,2372077.0
2025-01-05 20:00:00+00:00,2.3836,2.4019,2.3824,2.3965,2713264.0
2025-01-05 20:30:00+00:00,2.3966,2.4,2.39,2.3976,1766393.0
2025-01-05 21:00:00+00:00,2.3976,2.4038,2.393,2.3991,1511449.0
2025-01-05 21:30:00+00:00,2.399,2.4054,2.3911,2.3918,1648809.0
2025-01-05 22:00:00+00:00,2.3919,2.3971,2.3868,2.3955,1688665.0
2025-01-05 22:30:00+00:00,2.3955,2.4045,2.3926,2.4031,2506555.0
2025-01-05 23:00:00+00:00,2.403,2.411,2.4001,2.4109,3508390.0
2025-01-05 23:30:00+00:00,2.411,2.4149,2.3973,2.3994,2566351.0
2025-01-06 00:00:00+00:00,2.3993,2.4128,2.393,2.4053,3166129.0
2025-01-06 00:30:00+00:00,2.4053,2.4054,2.3853,2.3895,3450012.0
2025-01-06 01:00:00+00:00,2.3895,2.3946,2.3734,2.3828,3242834.0
2025-01-06 01:30:00+00:00,2.3828,2.4198,2.3823,2.4191,5751688.0
2025-01-06 02:00:00+00:00,2.419,2.4423,2.4142,2.4184,10375311.0
2025-01-06 02:30:00+00:00,2.4184,2.4295,2.4041,2.405,4824700.0
2025-01-06 03:00:00+00:00,2.4049,2.41,2.3979,2.4091,3164848.0
2025-01-06 03:30:00+00:00,2.4091,2.4157,2.4077,2.4121,2494419.0
2025-01-06 04:00:00+00:00,2.4121,2.4249,2.4121,2.4149,3472175.0
2025-01-06 04:30:00+00:00,2.415,2.4225,2.4121,2.4163,2502890.0
2025-01-06 05:00:00+00:00,2.4162,2.4165,2.4062,2.4133,2950959.0
2025-01-06 05:30:00+00:00,2.4133,2.418,2.4028,2.4043,4440686.0
2025-01-06 06:00:00+00:00,2.4044,2.4105,2.3987,2.4105,2436080.0
2025-01-06 06:30:00+00:00,2.4104,2.4145,2.4064,2.412,3135850.0
2025-01-06 07:00:00+00:00,2.4121,2.4152,2.3951,2.3991,3629625.0
2025-01-06 07:30:00+00:00,2.399,2.4033,2.3906,2.3927,4358271.0
2025-01-06 08:00:00+00:00,2.3926,2.4034,2.3924,2.4001,3226498.0
2025-01-06 08:30:00+00:00,2.4001,2.4003,2.378,2.3797,5388860.0
2025-01-06 09:00:00+00:00,2.3796,2.3876,2.3756,2.3769,2868038.0
2025-01-06 09:30:00+00:00,2.3769,2.3859,2.3742,2.3858,2062933.0
2025-01-06 10:00:00+00:00,2.3858,2.3894,2.3766,2.3858,2177545.0
2025-01-06 10:30:00+00:00,2.3859,2.3903,2.3813,2.3869,1532615.0
2025-01-06 11:00:00+00:00,2.3868,2.3951,2.3811,2.3942,2246560.0
2025-01-06 11:30:00+00:00,2.3941,2.4044,2.3941,2.3959,3275174.0
2025-01-06 12:00:00+00:00,2.3958,2.3979,2.3884,2.3948,2473612.0
2025-01-06 12:30:00+00:00,2.3947,2.4023,2.3902,2.392,2149634.0
2025-01-06 13:00:00+00:00,2.392,2.3955,2.3797,2.3952,3490496.0
2025-01-06 13:30:00+00:00,2.3953,2.4005,2.3932,2.399,2624893.0
2025-01-06 14:00:00+00:00,2.399,2.404,2.3674,2.3826,7817657.0
2025-01-06 14:30:00+00:00,2.3826,2.4389,2.3769,2.4288,12667004.0
2025-01-06 15:00:00+00:00,2.4287,2.4482,2.4183,2.4454,10986072.0
2025-01-06 15:30:00+00:00,2.4455,2.4509,2.4283,2.4363,8603614.0
2025-01-06 16:00:00+00:00,2.4364,2.4584,2.4352,2.4504,8119809.0
2025-01-06 16:30:00+00:00,2.4505,2.4512,2.4265,2.4442,6103486.0
2025-01-06 17:00:00+00:00,2.4442,2.4447,2.4203,2.4242,4502157.0
2025-01-06 17:30:00+00:00,2.4241,2.4285,2.4,2.4165,11725989.0
2025-01-06 18:00:00+00:00,2.4165,2.4272,2.4072,2.4251,3621810.0
2025-01-06 18:30:00+00:00,2.4251,2.4308,2.4187,2.4262,2272028.0
2025-01-06 19:00:00+00:00,2.4262,2.4338,2.4208,2.4315,2025217.0
2025-01-06 19:30:00+00:00,2.4314,2.4343,2.4245,2.4249,2637017.0
2025-01-06 20:00:00+00:00,2.4249,2.4299,2.4227,2.4251,1617479.0
2025-01-06 20:30:00+00:00,2.4251,2.4289,2.4129,2.4196,2613147.0
2025-01-06 21:00:00+00:00,2.4196,2.4234,2.4095,2.4134,2632680.0
2025-01-06 21:30:00+00:00,2.4134,2.4249,2.4125,2.413,2234623.0
2025-01-06 22:00:00+00:00,2.413,2.4156,2.4073,2.4125,1966549.0
2025-01-06 22:30:00+00:00,2.4125,2.4257,2.4125,2.4214,1689057.0
2025-01-06 23:00:00+00:00,2.4214,2.4227,2.41,2.416,1912358.0
2025-01-06 23:30:00+00:00,2.4159,2.42,2.4123,2.42,1632189.0
2025-01-07 00:00:00+00:00,2.42,2.4202,2.4084,2.4175,1864564.0
2025-01-07 00:30:00+00:00,2.4176,2.4236,2.4053,2.407,2423406.0
2025-01-07 01:00:00+00:00,2.407,2.4094,2.3941,2.4013,6345542.0
2025-01-07 01:30:00+00:00,2.4013,2.4153,2.4012,2.4145,2637832.0
2025-01-07 02:00:00+00:00,2.4144,2.4157,2.3957,2.397,2660712.0
2025-01-07 02:30:00+00:00,2.397,2.4033,2.3933,2.3944,2626861.0
2025-01-07 03:00:00+00:00,2.3944,2.4052,2.3944,2.3995,1754321.0
2025-01-07 03:30:00+00:00,2.3995,2.4071,2.3978,2.4048,2227356.0
2025-01-07 04:00:00+00:00,2.4047,2.4182,2.4047,2.4098,3296045.0
2025-01-07 04:30:00+00:00,2.4098,2.4129,2.406,2.4064,1743102.0
2025-01-07 05:00:00+00:00,2.4063,2.4168,2.4034,2.4154,2512537.0
2025-01-07 05:30:00+00:00,2.4154,2.4335,2.4124,2.4309,2829183.0
2025-01-07 06:00:00+00:00,2.431,2.4395,2.425,2.4301,4024507.0
2025-01-07 06:30:00+00:00,2.43,2.4479,2.4291,2.4464,5473231.0
2025-01-07 07:00:00+00:00,2.4463,2.4464,2.4329,2.4357,3894538.0
2025-01-07 07:30:00+00:00,2.4356,2.4381,2.4252,2.4275,3140318.0
2025-01-07 08:00:00+00:00,2.4276,2.4484,2.4275,2.4467,3999520.0
2025-01-07 08:30:00+00:00,2.4467,2.4531,2.4394,2.4417,4994191.0
2025-01-07 09:00:00+00:00,2.4416,2.4481,2.4371,2.4481,2562601.0
2025-01-07 09:30:00+00:00,2.4481,2.4518,2.4368,2.4477,3884709.0
2025-01-07 10:00:00+00:00,2.4477,2.4483,2.4385,2.446,2448253.0
2025-01-07 10:30:00+00:00,2.4459,2.4683,2.442,2.4565,9052361.0
2025-01-07 11:00:00+00:00,2.4565,2.4589,2.4428,2.4464,4297703.0
2025-01-07 11:30:00+00:00,2.4464,2.4464,2.4064,2.422,12917274.0
2025-01-07 12:00:00+00:00,2.422,2.4313,2.4117,2.413,4340239.0
2025-01-07 12:30:00+00:00,2.4131,2.4257,2.4131,2.4138,2615390.0
2025-01-07 13:00:00+00:00,2.4139,2.4279,2.4136,2.4242,2702871.0
2025-01-07 13:30:00+00:00,2.4242,2.4307,2.4159,2.4257,3305402.0
2025-01-07 14:00:00+00:00,2.4257,2.4431,2.4257,2.4395,4641105.0
2025-01-07 14:30:00+00:00,2.4394,2.4423,2.38,2.3943,11461086.0
2025-01-07 15:00:00+00:00,2.3942,2.4024,2.2874,2.3406,60577178.0
2025-01-07 15:30:00+00:00,2.3407,2.3458,2.2788,2.3139,42922351.0
2025-01-07 16:00:00+00:00,2.3139,2.3462,2.2993,2.3443,16376986.0
2025-01-07 16:30:00+00:00,2.3442,2.3447,2.3104,2.3123,10715218.0
2025-01-07 17:00:00+00:00,2.3123,2.3273,2.3096,2.3107,6958363.0
2025-01-07 17:30:00+00:00,2.3107,2.3214,2.2856,2.3015,11541062.0
2025-01-07 18:00:00+00:00,2.3015,2.3178,2.293,2.2937,5609724.0
2025-01-07 18:30:00+00:00,2.2937,2.3025,2.2719,2.2949,10800211.0
2025-01-07 19:00:00+00:00,2.2949,2.302,2.2799,2.2901,4311074.0
2025-01-07 19:30:00+00:00,2.2901,2.2932,2.2629,2.2827,7972994.0
2025-01-07 20:00:00+00:00,2.2826,2.2958,2.2723,2.29,5068791.0
2025-01-07 20:30:00+00:00,2.2901,2.295,2.2572,2.2771,7625024.0
2025-01-07 21:00:00+00:00,2.2771,2.3077,2.2753,2.2911,7393932.0
2025-01-07 21:30:00+00:00,2.2912,2.3008,2.2698,2.2698,5798090.0
2025-01-07 22:00:00+00:00,2.2698,2.2888,2.2631,2.2796,4971150.0
2025-01-07 22:30:00+00:00,2.2795,2.2976,2.275,2.2964,3291131.0
2025-01-07 23:00:00+00:00,2.2963,2.2963,2.2772,2.2863,3440787.0
2025-01-07 23:30:00+00:00,2.2864,2.2902,2.2675,2.2712,4426512.0
2025-01-08 00:00:00+00:00,2.2712,2.3171,2.2676,2.3021,9895286.0
2025-01-08 00:30:00+00:00,2.3021,2.3404,2.2953,2.3316,7791627.0
2025-01-08 01:00:00+00:00,2.3316,2.3316,2.3034,2.3134,5058658.0
2025-01-08 01:30:00+00:00,2.3135,2.3479,2.2979,2.3463,7051834.0
2025-01-08 02:00:00+00:00,2.3463,2.367,2.3256,2.3556,9320840.0
2025-01-08 02:30:00+00:00,2.3556,2.3649,2.3354,2.3355,4473576.0
2025-01-08 03:00:00+00:00,2.3355,2.347,2.3182,2.3363,6657419.0
2025-01-08 03:30:00+00:00,2.3362,2.3362,2.3079,2.3198,6296520.0
2025-01-08 04:00:00+00:00,2.3198,2.3335,2.3082,2.3202,4761304.0
2025-01-08 04:30:00+00:00,2.3201,2.3217,2.3,2.3098,4838098.0
2025-01-08 05:00:00+00:00,2.3098,2.329,2.2956,2.3215,7484468.0
2025-01-08 05:30:00+00:00,2.3215,2.3243,2.2921,2.2974,3662042.0
2025-01-08 06:00:00+00:00,2.2973,2.3142,2.2924,2.2925,4088042.0
2025-01-08 06:30:00+00:00,2.2924,2.3065,2.2612,2.2614,11599451.0
2025-01-08 07:00:00+00:00,2.2614,2.289,2.2577,2.2783,8290362.0
2025-01-08 07:30:00+00:00,2.2784,2.2953,2.2644,2.2863,7354499.0
2025-01-08 08:00:00+00:00,2.2863,2.3222,2.2859,2.3182,7550921.0
2025-01-08 08:30:00+00:00,2.3182,2.3354,2.3164,2.3245,7495667.0
2025-01-08 09:00:00+00:00,2.3246,2.333,2.3185,2.3246,2552690.0
2025-01-08 09:30:00+00:00,2.3246,2.325,2.306,2.3069,5399316.0
2025-01-08 10:00:00+00:00,2.3069,2.3398,2.3066,2.3375,5412154.0
2025-01-08 10:30:00+00:00,2.3375,2.3392,2.3174,2.3298,3914767.0
2025-01-08 11:00:00+00:00,2.3297,2.333,2.3149,2.3218,3607814.0
2025-01-08 11:30:00+00:00,2.3218,2.3273,2.2978,2.3262,7357760.0
2025-01-08 12:00:00+00:00,2.3263,2.377,2.3163,2.3469,16572717.0
2025-01-08 12:30:00+00:00,2.3469,2.3477,2.3086,2.3128,9588288.0
2025-01-08 13:00:00+00:00,2.3127,2.3427,2.3127,2.3233,8712039.0
2025-01-08 13:30:00+00:00,2.323,2.3299,2.3121,2.3139,5003720.0
2025-01-08 14:00:00+00:00,2.3138,2.3321,2.3136,2.3257,5168050.0
2025-01-08 14:30:00+00:00,2.3256,2.3421,2.3095,2.3169,10270217.0
2025-01-08 15:00:00+00:00,2.3168,2.3417,2.2861,2.2884,14820469.0
2025-01-08 15:30:00+00:00,2.2883,2.3091,2.2779,2.3091,7509732.0
2025-01-08 16:00:00+00:00,2.309,2.315,2.2886,2.2914,5172425.0
2025-01-08 16:30:00+00:00,2.2914,2.3063,2.2737,2.2747,6105313.0
2025-01-08 17:00:00+00:00,2.2747,2.2854,2.2058,2.214,30056904.0
2025-01-08 17:30:00+00:00,2.214,2.2874,2.2001,2.2815,28212056.0
2025-01-08 18:00:00+00:00,2.2814,2.3379,2.277,2.3312,16364390.0
2025-01-08 18:30:00+00:00,2.3312,2.3313,2.2831,2.3023,13251303.0
2025-01-08 19:00:00+00:00,2.3025,2.3321,2.2925,2.3264,9976214.0
2025-01-08 19:30:00+00:00,2.3263,2.3263,2.3037,2.3157,5228739.0
2025-01-08 20:00:00+00:00,2.3156,2.3216,2.297,2.314,5392870.0
2025-01-08 20:30:00+00:00,2.3141,2.3337,2.3129,2.3232,6014248.0
2025-01-08 21:00:00+00:00,2.3232,2.3434,2.3148,2.3314,6577253.0
2025-01-08 21:30:00+00:00,2.3314,2.3668,2.325,2.3394,9724376.0
2025-01-08 22:00:00+00:00,2.3393,2.3662,2.339,2.3619,8114331.0
2025-01-08 22:30:00+00:00,2.3619,2.3986,2.3577,2.3886,11187639.0
2025-01-08 23:00:00+00:00,2.3886,2.3908,2.3677,2.3695,5143612.0
2025-01-08 23:30:00+00:00,2.3695,2.3853,2.3618,2.3731,4954009.0
2025-01-09 00:00:00+00:00,2.373,2.3827,2.3649,2.3676,4986362.0
2025-01-09 00:30:00+00:00,2.3676,2.3767,2.3602,2.376,2992671.0
2025-01-09 01:00:00+00:00,2.376,2.3956,2.3712,2.3893,8389489.0
2025-01-09 01:30:00+00:00,2.3894,2.3894,2.369,2.3728,3572313.0
2025-01-09 02:00:00+00:00,2.3729,2.3773,2.3359,2.3565,14611269.0
2025-01-09 02:30:00+00:00,2.3565,2.3647,2.3423,2.3611,6112081.0
2025-01-09 03:00:00+00:00,2.3611,2.363,2.3432,2.3444,3758314.0
2025-01-09 03:30:00+00:00,2.3443,2.3615,2.3418,2.3485,5017503.0
2025-01-09 04:00:00+00:00,2.3484,2.3556,2.3346,2.3525,4545441.0
2025-01-09 04:30:00+00:00,2.3525,2.3634,2.35,2.3626,2830780.0
2025-01-09 05:00:00+00:00,2.3625,2.366,2.3554,2.3615,2722997.0
2025-01-09 05:30:00+00:00,2.3614,2.3616,2.347,2.3489,2216265.0
2025-01-09 06:00:00+00:00,2.349,2.3561,2.3418,2.3507,2847929.0
2025-01-09 06:30:00+00:00,2.3507,2.3538,2.3302,2.3307,5001883.0
2025-01-09 07:00:00+00:00,2.3307,2.3383,2.3,2.3049,9526290.0
2025-01-09 07:30:00+00:00,2.305,2.3174,2.2969,2.3127,11195263.0
2025-01-09 08:00:00+00:00,2.3127,2.3175,2.3,2.3116,4886505.0
2025-01-09 08:30:00+00:00,2.3116,2.3323,2.3061,2.318,4046875.0
2025-01-09 09:00:00+00:00,2.3181,2.3285,2.3125,2.3175,3206800.0
2025-01-09 09:30:00+00:00,2.3175,2.325,2.3145,2.3183,2916204.0
2025-01-09 10:00:00+00:00,2.3182,2.3223,2.3027,2.3062,3758756.0
2025-01-09 10:30:00+00:00,2.3062,2.3089,2.2874,2.3014,7739412.0
2025-01-09 11:00:00+00:00,2.3014,2.3139,2.2906,2.3096,3310082.0
2025-01-09 11:30:00+00:00,2.3096,2.3121,2.2967,2.304,2243636.0
2025-01-09 12:00:00+00:00,2.3039,2.3141,2.2953,2.3075,4464626.0
2025-01-09 12:30:00+00:00,2.3076,2.3114,2.2839,2.2974,6540967.0
2025-01-09 13:00:00+00:00,2.2974,2.3012,2.285,2.2886,4752914.0
2025-01-09 13:30:00+00:00,2.2885,2.2908,2.2352,2.2361,21544426.0
2025-01-09 14:00:00+00:00,2.236,2.2787,2.2351,2.269,14963587.0
2025-01-09 14:30:00+00:00,2.2691,2.2788,2.2568,2.274,5551475.0
2025-01-09 15:00:00+00:00,2.2741,2.3233,2.265,2.3219,14102176.0
2025-01-09 15:30:00+00:00,2.3218,2.3385,2.3135,2.3205,11184445.0
2025-01-09 16:00:00+00:00,2.3205,2.3291,2.3011,2.3086,8661008.0
2025-01-09 16:30:00+00:00,2.3085,2.3261,2.2986,2.3215,4521723.0
2025-01-09 17:00:00+00:00,2.3215,2.3296,2.3096,2.3281,4663462.0
2025-01-09 17:30:00+00:00,2.3281,2.3285,2.2799,2.2905,10670638.0
2025-01-09 18:00:00+00:00,2.2905,2.309,2.2871,2.3027,6062678.0
2025-01-09 18:30:00+00:00,2.3027,2.3224,2.2972,2.3107,4360264.0
2025-01-09 19:00:00+00:00,2.3108,2.3131,2.2879,2.2933,3618316.0
2025-01-09 19:30:00+00:00,2.2934,2.3031,2.2668,2.2793,7495306.0
2025-01-09 20:00:00+00:00,2.2793,2.2895,2.2534,2.2657,9325525.0
2025-01-09 20:30:00+00:00,2.2657,2.286,2.2519,2.2787,7567839.0
2025-01-09 21:00:00+00:00,2.2788,2.2895,2.2727,2.2773,3855867.0
2025-01-09 21:30:00+00:00,2.2772,2.2772,2.2595,2.2649,3583836.0
2025-01-09 22:00:00+00:00,2.2648,2.2796,2.2548,2.2768,4632508.0
2025-01-09 22:30:00+00:00,2.2768,2.2997,2.2768,2.2909,4749334.0
2025-01-09 23:00:00+00:00,2.2909,2.2935,2.2739,2.2777,2838848.0
2025-01-09 23:30:00+00:00,2.2777,2.2819,2.2708,2.2722,2438198.0
2025-01-10 00:00:00+00:00,2.2722,2.2874,2.2711,2.2786,3710003.0
2025-01-10 00:30:00+00:00,2.2786,2.2846,2.2668,2.2726,3434303.0
2025-01-10 01:00:00+00:00,2.2726,2.2777,2.258,2.264,3357541.0
2025-01-10 01:30:00+00:00,2.264,2.2859,2.2578,2.2841,4852190.0
2025-01-10 02:00:00+00:00,2.2841,2.2945,2.2744,2.2897,4965164.0
2025-01-10 02:30:00+00:00,2.2897,2.293,2.2758,2.2777,2593013.0
2025-01-10 03:00:00+00:00,2.2777,2.2841,2.2754,2.2828,1756992.0
2025-01-10 03:30:00+00:00,2.2828,2.2901,2.2788,2.2883,2302734.0
2025-01-10 04:00:00+00:00,2.2882,2.2996,2.2838,2.2867,2826654.0
2025-01-10 04:30:00+00:00,2.2867,2.2888,2.2824,2.2884,1999597.0
2025-01-10 05:00:00+00:00,2.2884,2.2934,2.2802,2.287,2533561.0
2025-01-10 05:30:00+00:00,2.287,2.3078,2.2869,2.2997,3990526.0
2025-01-10 06:00:00+00:00,2.2998,2.3019,2.2927,2.2936,3786183.0
2025-01-10 06:30:00+00:00,2.2936,2.3044,2.2846,2.3007,4258749.0
2025-01-10 07:00:00+00:00,2.3006,2.3092,2.2948,2.3085,3847552.0
2025-01-10 07:30:00+00:00,2.3085,2.3265,2.305,2.3102,6379888.0
2025-01-10 08:00:00+00:00,2.3102,2.3218,2.3079,2.3179,3678930.0
2025-01-10 08:30:00+00:00,2.318,2.318,2.3026,2.3107,3330548.0
2025-01-10 09:00:00+00:00,2.3106,2.3147,2.3041,2.3137,2270278.0
2025-01-10 09:30:00+00:00,2.3136,2.3189,2.3076,2.3132,3399723.0
2025-01-10 10:00:00+00:00,2.3132,2.32,2.3089,2.3096,3247039.0
2025-01-10 10:30:00+00:00,2.3096,2.3227,2.3093,2.3206,3262884.0
2025-01-10 11:00:00+00:00,2.3206,2.3212,2.3065,2.3081,5134075.0
2025-01-10 11:30:00+00:00,2.308,2.3111,2.3001,2.3095,3899306.0
2025-01-10 12:00:00+00:00,2.3095,2.311,2.2979,2.2999,3611360.0
2025-01-10 12:30:00+00:00,2.2999,2.311,2.296,2.3093,2811016.0
2025-01-10 13:00:00+00:00,2.3092,2.319,2.3053,2.3097,4052920.0
2025-01-10 13:30:00+00:00,2.3096,2.3096,2.2465,2.2782,37227185.0
2025-01-10 14:00:00+00:00,2.2781,2.3086,2.2721,2.2982,9432152.0
2025-01-10 14:30:00+00:00,2.2982,2.3051,2.276,2.2942,7406114.0
2025-01-10 15:00:00+00:00,2.2941,2.2941,2.2492,2.2733,12148196.0
2025-01-10 15:30:00+00:00,2.2734,2.3047,2.27,2.2889,8996870.0
2025-01-10 16:00:00+00:00,2.2889,2.2915,2.2711,2.2723,6292382.0
2025-01-10 16:30:00+00:00,2.2722,2.2872,2.2682,2.2758,4107690.0
2025-01-10 17:00:00+00:00,2.2759,2.2995,2.271,2.2969,4487703.0
2025-01-10 17:30:00+00:00,2.2969,2.3507,2.2888,2.35,16041195.0
2025-01-10 18:00:00+00:00,2.3499,2.3632,2.3303,2.3317,10625302.0
2025-01-10 18:30:00+00:00,2.3317,2.3392,2.322,2.3353,4733876.0
2025-01-10 19:00:00+00:00,2.3354,2.3477,2.3247,2.3438,3822563.0
2025-01-10 19:30:00+00:00,2.3438,2.3594,2.34,2.3583,4305519.0
2025-01-10 20:00:00+00:00,2.3584,2.3623,2.344,2.354,3842671.0
2025-01-10 20:30:00+00:00,2.3539,2.3699,2.3477,2.3566,5050568.0
2025-01-10 21:00:00+00:00,2.3566,2.3589,2.3464,2.357,2432936.0
2025-01-10 21:30:00+00:00,2.3571,2.3579,2.338,2.3393,2277827.0
2025-01-10 22:00:00+00:00,2.3393,2.3452,2.3319,2.3431,3194522.0
2025-01-10 22:30:00+00:00,2.3432,2.3524,2.3372,2.3427,2243180.0
2025-01-10 23:00:00+00:00,2.3427,2.343,2.3354,2.342,1661561.0
2025-01-10 23:30:00+00:00,2.3419,2.3486,2.3377,2.3414,2395537.0
2025-01-11 00:00:00+00:00,2.3414,2.3508,2.3353,2.3386,3686337.0
2025-01-11 00:30:00+00:00,2.3386,2.3608,2.3375,2.3603,4431038.0
2025-01-11 01:00:00+00:00,2.3604,2.3643,2.3512,2.3564,3440629.0
2025-01-11 01:30:00+00:00,2.3564,2.3565,2.3423,2.3552,2380973.0
2025-01-11 02:00:00+00:00,2.3553,2.3574,2.3357,2.3427,2975010.0
2025-01-11 02:30:00+00:00,2.3427,2.3499,2.3395,2.3475,852460.0
2025-01-11 03:00:00+00:00,2.3474,2.3475,2.329,2.3306,4713662.0
2025-01-11 03:30:00+00:00,2.3305,2.3358,2.3249,2.3314,1644413.0
2025-01-11 04:00:00+00:00,2.3314,2.34,2.3308,2.3312,1515783.0
2025-01-11 04:30:00+00:00,2.3313,2.3336,2.3268,2.3336,1729110.0
2025-01-11 05:00:00+00:00,2.3336,2.338,2.3278,2.3297,1282861.0
2025-01-11 05:30:00+00:00,2.3297,2.3355,2.3271,2.3323,1113301.0
2025-01-11 06:00:00+00:00,2.3322,2.3422,2.3317,2.3419,1277487.0
2025-01-11 06:30:00+00:00,2.3419,2.3462,2.3363,2.3382,1730038.0
2025-01-11 07:00:00+00:00,2.3382,2.3461,2.3371,2.3399,1818406.0
2025-01-11 07:30:00+00:00,2.3399,2.344,2.3342,2.344,1746511.0
2025-01-11 08:00:00+00:00,2.3439,2.3515,2.3395,2.3477,2576911.0
2025-01-11 08:30:00+00:00,2.3477,2.3479,2.3323,2.3403,2780163.0
2025-01-11 09:00:00+00:00,2.3403,2.3594,2.3403,2.3582,2866021.0
2025-01-11 09:30:00+00:00,2.3582,2.3589,2.3498,2.3561,2009878.0
2025-01-11 10:00:00+00:00,2.356,2.3652,2.3503,2.3645,4553926.0
2025-01-11 10:30:00+00:00,2.3645,2.3928,2.362,2.3866,9778957.0
2025-01-11 11:00:00+00:00,2.3866,2.3964,2.3774,2.3939,6120074.0
2025-01-11 11:30:00+00:00,2.3939,2.437,2.3895,2.4195,16339768.0
2025-01-11 12:00:00+00:00,2.4194,2.4303,2.3988,2.4138,16225004.0
2025-01-11 12:30:00+00:00,2.4139,2.4249,2.4002,2.406,7555155.0
2025-01-11 13:00:00+00:00,2.406,2.41,2.3856,2.3883,7758160.0
2025-01-11 13:30:00+00:00,2.3883,2.3964,2.3819,2.3941,3467094.0
2025-01-11 14:00:00+00:00,2.3941,2.4,2.3779,2.3852,3957475.0
2025-01-11 14:30:00+00:00,2.3852,2.407,2.3852,2.4021,5683193.0
2025-01-11 15:00:00+00:00,2.4021,2.409,2.39,2.4086,3770026.0
2025-01-11 15:30:00+00:00,2.4086,2.4168,2.404,2.4075,5145572.0
2025-01-11 16:00:00+00:00,2.4075,2.4197,2.3973,2.4197,4806761.0
2025-01-11 16:30:00+00:00,2.4196,2.4985,2.4151,2.4748,31602574.0
2025-01-11 17:00:00+00:00,2.4747,2.487,2.4458,2.4771,18697056.0
2025-01-11 17:30:00+00:00,2.4771,2.5129,2.4743,2.4822,18090126.0
2025-01-11 18:00:00+00:00,2.4822,2.5044,2.482,2.4962,9193978.0
2025-01-11 18:30:00+00:00,2.4961,2.4968,2.4771,2.4899,8833748.0
2025-01-11 19:00:00+00:00,2.49,2.501,2.4729,2.4959,7987816.0
2025-01-11 19:30:00+00:00,2.4958,2.5321,2.4884,2.5301,13029247.0
2025-01-11 20:00:00+00:00,2.5301,2.5368,2.5081,2.5226,12093124.0
2025-01-11 20:30:00+00:00,2.5225,2.5999,2.5217,2.5927,25836119.0
2025-01-11 21:00:00+00:00,2.5927,2.6036,2.5589,2.5633,18668696.0
2025-01-11 21:30:00+00:00,2.5633,2.575,2.5527,2.5739,11062490.0
2025-01-11 22:00:00+00:00,2.574,2.5756,2.5438,2.55,9805290.0
2025-01-11 22:30:00+00:00,2.55,2.5626,2.5315,2.5482,10536866.0
2025-01-11 23:00:00+00:00,2.5483,2.5732,2.5451,2.5727,6023903.0
2025-01-11 23:30:00+00:00,2.5727,2.5809,2.5667,2.5764,5979306.0
2025-01-12 00:00:00+00:00,2.5764,2.5835,2.5229,2.5339,13555510.0
2025-01-12 00:30:00+00:00,2.534,2.5438,2.5124,2.521,8293999.0
2025-01-12 01:00:00+00:00,2.521,2.5211,2.5057,2.515,6329601.0
2025-01-12 01:30:00+00:00,2.515,2.5312,2.515,2.5305,3823445.0
2025-01-12 02:00:00+00:00,2.5305,2.543,2.5266,2.543,4684717.0
2025-01-12 02:30:00+00:00,2.543,2.5498,2.5336,2.5441,4340503.0
2025-01-12 03:00:00+00:00,2.544,2.5465,2.5285,2.5361,3535667.0
2025-01-12 03:30:00+00:00,2.5362,2.5419,2.5265,2.5418,3137735.0
2025-01-12 04:00:00+00:00,2.5418,2.5521,2.5337,2.5473,3245395.0
2025-01-12 04:30:00+00:00,2.5474,2.554,2.5439,2.5518,2972182.0
2025-01-12 05:00:00+00:00,2.552,2.5561,2.5379,2.5482,2845280.0
2025-01-12 05:30:00+00:00,2.5481,2.5528,2.5424,2.5467,2246670.0
2025-01-12 06:00:00+00:00,2.5467,2.5508,2.53,2.5302,3698760.0
2025-01-12 06:30:00+00:00,2.5302,2.5421,2.5227,2.523,2731997.0
2025-01-12 07:00:00+00:00,2.5231,2.5295,2.5113,2.5254,3576603.0
2025-01-12 07:30:00+00:00,2.5255,2.543,2.5245,2.5421,2428549.0
2025-01-12 08:00:00+00:00,2.5421,2.5505,2.5374,2.5442,3409527.0
2025-01-12 08:30:00+00:00,2.5442,2.5453,2.5187,2.5239,4806647.0
2025-01-12 09:00:00+00:00,2.524,2.5319,2.5097,2.5106,3586015.0
2025-01-12 09:30:00+00:00,2.5106,2.5143,2.4849,2.4955,10520234.0
2025-01-12 10:00:00+00:00,2.4954,2.5027,2.47,2.4816,8974136.0
2025-01-12 10:30:00+00:00,2.4816,2.4903,2.4706,2.4851,5920891.0
2025-01-12 11:00:00+00:00,2.4851,2.4923,2.4756,2.492,3852522.0
2025-01-12 11:30:00+00:00,2.492,2.5034,2.4897,2.4946,4401134.0
2025-01-12 12:00:00+00:00,2.4946,2.5282,2.4891,2.5142,7782205.0
2025-01-12 12:30:00+00:00,2.5141,2.5204,2.5003,2.5082,4349558.0
2025-01-12 13:00:00+00:00,2.5083,2.5218,2.502,2.5114,3705415.0
2025-01-12 13:30:00+00:00,2.5115,2.5165,2.5035,2.508,4395400.0
2025-01-12 14:00:00+00:00,2.5081,2.5118,2.4869,2.4965,5157419.0
2025-01-12 14:30:00+00:00,2.4965,2.5048,2.4876,2.5023,4274011.0
2025-01-12 15:00:00+00:00,2.5022,2.533,2.4944,2.532,6147062.0
2025-01-12 15:30:00+00:00,2.5321,2.5331,2.5163,2.523,4131022.0
2025-01-12 16:00:00+00:00,2.523,2.5408,2.5191,2.5405,5525027.0
2025-01-12 16:30:00+00:00,2.5404,2.5429,2.528,2.5299,4774745.0
2025-01-12 17:00:00+00:00,2.53,2.5393,2.5257,2.5274,2705858.0
2025-01-12 17:30:00+00:00,2.5274,2.5516,2.5157,2.5418,4743330.0
2025-01-12 18:00:00+00:00,2.5417,2.5538,2.531,2.5352,5195164.0
2025-01-12 18:30:00+00:00,2.5352,2.5455,2.5283,2.5439,2506597.0
2025-01-12 19:00:00+00:00,2.5438,2.551,2.5349,2.5502,3440306.0
2025-01-12 19:30:00+00:00,2.5503,2.555,2.5381,2.5487,3492802.0
2025-01-12 20:00:00+00:00,2.5488,2.5492,2.5402,2.5406,2257008.0
2025-01-12 20:30:00+00:00,2.5406,2.5467,2.5272,2.5412,3761450.0
2025-01-12 21:00:00+00:00,2.5412,2.5431,2.5141,2.5266,5616961.0
2025-01-12 21:30:00+00:00,2.5265,2.5311,2.5162,2.5192,2976142.0
2025-01-12 22:00:00+00:00,2.5192,2.5201,2.4892,2.4984,9259273.0
2025-01-12 22:30:00+00:00,2.4984,2.5047,2.4918,2.4964,3014268.0
2025-01-12 23:00:00+00:00,2.4963,2.5034,2.4847,2.4953,4073390.0
2025-01-12 23:30:00+00:00,2.4954,2.5098,2.4947,2.5046,2710201.0
2025-01-13 00:00:00+00:00,2.5045,2.5518,2.4988,2.5389,7341329.0
2025-01-13 00:30:00+00:00,2.5388,2.5634,2.5364,2.5465,8909589.0
2025-01-13 01:00:00+00:00,2.5464,2.5552,2.524,2.5507,8797061.0
2025-01-13 01:30:00+00:00,2.5506,2.563,2.5205,2.5297,7706513.0
2025-01-13 02:00:00+00:00,2.5297,2.5337,2.5126,2.5171,6004603.0
2025-01-13 02:30:00+00:00,2.5171,2.5189,2.4947,2.5161,6492068.0
2025-01-13 03:00:00+00:00,2.5161,2.5243,2.5058,2.5162,3211160.0
2025-01-13 03:30:00+00:00,2.5163,2.5412,2.505,2.505,13042595.0
2025-01-13 04:00:00+00:00,2.5051,2.5382,2.4988,2.5338,6685492.0
2025-01-13 04:30:00+00:00,2.5339,2.5413,2.5169,2.5233,3984914.0
2025-01-13 05:00:00+00:00,2.5233,2.5256,2.5064,2.5108,3978895.0
2025-01-13 05:30:00+00:00,2.5108,2.5142,2.4967,2.5105,7931328.0
2025-01-13 06:00:00+00:00,2.5106,2.5216,2.4917,2.4947,5896772.0
2025-01-13 06:30:00+00:00,2.4947,2.4966,2.4444,2.4576,23525369.0
2025-01-13 07:00:00+00:00,2.4575,2.4767,2.4469,2.4731,7614275.0
2025-01-13 07:30:00+00:00,2.4731,2.4757,2.4551,2.4623,4730576.0
2025-01-13 08:00:00+00:00,2.4622,2.4642,2.4129,2.4323,15920688.0
2025-01-13 08:30:00+00:00,2.4323,2.4404,2.4276,2.4381,6101379.0
2025-01-13 09:00:00+00:00,2.438,2.4435,2.418,2.4193,7440205.0
2025-01-13 09:30:00+00:00,2.4192,2.4533,2.412,2.4443,12191248.0
2025-01-13 10:00:00+00:00,2.4442,2.4529,2.4211,2.4299,7689951.0
2025-01-13 10:30:00+00:00,2.4298,2.4408,2.4122,2.4253,8497315.0
2025-01-13 11:00:00+00:00,2.4253,2.4261,2.3979,2.405,10507860.0
2025-01-13 11:30:00+00:00,2.405,2.4099,2.3351,2.3389,24354883.0
2025-01-13 12:00:00+00:00,2.3388,2.3847,2.3329,2.3746,18192571.0
2025-01-13 12:30:00+00:00,2.3745,2.3907,2.3513,2.3775,22832960.0
2025-01-13 13:00:00+00:00,2.3776,2.4181,2.3719,2.3946,21694017.0
2025-01-13 13:30:00+00:00,2.3946,2.397,2.3726,2.3798,9027429.0
2025-01-13 14:00:00+00:00,2.3798,2.385,2.3629,2.3763,7967549.0
2025-01-13 14:30:00+00:00,2.3763,2.4618,2.3297,2.4312,47718683.0
2025-01-13 15:00:00+00:00,2.4312,2.4973,2.4191,2.4689,26199657.0
2025-01-13 15:30:00+00:00,2.4689,2.4894,2.4541,2.4664,10660905.0
2025-01-13 16:00:00+00:00,2.4664,2.4859,2.4544,2.4704,9942947.0
2025-01-13 16:30:00+00:00,2.4703,2.4957,2.4462,2.4529,11777092.0
2025-01-13 17:00:00+00:00,2.4529,2.4706,2.4451,2.4659,6907324.0
2025-01-13 17:30:00+00:00,2.4659,2.4779,2.4344,2.4458,6725531.0
2025-01-13 18:00:00+00:00,2.4459,2.4657,2.4245,2.4329,12875232.0
2025-01-13 18:30:00+00:00,2.4329,2.457,2.4307,2.4504,6296807.0
2025-01-13 19:00:00+00:00,2.4504,2.4671,2.4385,2.4663,6850006.0
2025-01-13 19:30:00+00:00,2.4664,2.4827,2.4581,2.4634,5686276.0
2025-01-13 20:00:00+00:00,2.4633,2.4704,2.4502,2.467,4051503.0
2025-01-13 20:30:00+00:00,2.467,2.5145,2.467,2.5088,14015571.0
2025-01-13 21:00:00+00:00,2.5089,2.5222,2.4934,2.5112,9303759.0
2025-01-13 21:30:00+00:00,2.5112,2.5499,2.509,2.5318,13721533.0
2025-01-13 22:00:00+00:00,2.5318,2.5562,2.5239,2.5369,10598403.0
2025-01-13 22:30:00+00:00,2.537,2.537,2.5193,2.5307,6631733.0
2025-01-13 23:00:00+00:00,2.5307,2.532,2.5152,2.5174,3721869.0
2025-01-13 23:30:00+00:00,2.5174,2.528,2.5151,2.5232,3401321.0
2025-01-14 00:00:00+00:00,2.5232,2.5407,2.5153,2.5297,5168635.0
2025-01-14 00:30:00+00:00,2.5296,2.546,2.526,2.5442,7413960.0
2025-01-14 01:00:00+00:00,2.5441,2.5543,2.5323,2.5494,11403073.0
2025-01-14 01:30:00+00:00,2.5493,2.5525,2.5337,2.5373,4412801.0
2025-01-14 02:00:00+00:00,2.5373,2.5515,2.5358,2.546,5358413.0
2025-01-14 02:30:00+00:00,2.5459,2.5478,2.524,2.5331,4540036.0
2025-01-14 03:00:00+00:00,2.533,2.5387,2.5243,2.5333,2809337.0
2025-01-14 03:30:00+00:00,2.5334,2.5368,2.5271,2.5334,1799213.0
2025-01-14 04:00:00+00:00,2.5334,2.5448,2.5333,2.5366,2536753.0
2025-01-14 04:30:00+00:00,2.5366,2.5427,2.5296,2.5391,3068507.0
2025-01-14 05:00:00+00:00,2.5391,2.5533,2.534,2.5404,7464060.0
2025-01-14 05:30:00+00:00,2.5404,2.542,2.5241,2.5264,4401760.0
2025-01-14 06:00:00+00:00,2.5264,2.54,2.5203,2.5322,5975584.0
2025-01-14 06:30:00+00:00,2.5321,2.5409,2.5275,2.5315,3878063.0
2025-01-14 07:00:00+00:00,2.5316,2.541,2.527,2.5303,4586479.0
2025-01-14 07:30:00+00:00,2.5302,2.5321,2.5126,2.5158,6440165.0
2025-01-14 08:00:00+00:00,2.5158,2.5462,2.5158,2.5327,9770208.0
2025-01-14 08:30:00+00:00,2.5328,2.552,2.5323,2.5407,7216273.0
2025-01-14 09:00:00+00:00,2.5407,2.5803,2.5398,2.5767,9807696.0
2025-01-14 09:30:00+00:00,2.5767,2.5866,2.5653,2.5777,12751317.0
2025-01-14 10:00:00+00:00,2.5777,2.6008,2.5632,2.6004,16075114.0
2025-01-14 10:30:00+00:00,2.6003,2.6028,2.5854,2.5905,9470126.0
2025-01-14 11:00:00+00:00,2.5905,2.5916,2.5654,2.5676,7625283.0
2025-01-14 11:30:00+00:00,2.5676,2.5769,2.561,2.5753,7590392.0
2025-01-14 12:00:00+00:00,2.5753,2.5799,2.5538,2.5614,5975255.0
2025-01-14 12:30:00+00:00,2.5614,2.5662,2.5516,2.553,4918275.0
2025-01-14 13:00:00+00:00,2.5531,2.5607,2.5467,2.5503,5171420.0
2025-01-14 13:30:00+00:00,2.5504,2.5867,2.5504,2.5657,17302174.0
2025-01-14 14:00:00+00:00,2.5657,2.5826,2.5535,2.58,6060426.0
2025-01-14 14:30:00+00:00,2.58,2.5918,2.5652,2.5723,8747890.0
2025-01-14 15:00:00+00:00,2.5723,2.5913,2.5696,2.5779,5747700.0
2025-01-14 15:30:00+00:00,2.578,2.5869,2.5685,2.5794,5331518.0
2025-01-14 16:00:00+00:00,2.5794,2.5794,2.552,2.5619,8679477.0
2025-01-14 16:30:00+00:00,2.5619,2.616,2.5601,2.6155,20157402.0
2025-01-14 17:00:00+00:00,2.6154,2.6773,2.5982,2.6561,34069410.0
2025-01-14 17:30:00+00:00,2.6562,2.6688,2.6414,2.656,16493089.0
2025-01-14 18:00:00+00:00,2.6561,2.7,2.6538,2.6787,26685217.0
2025-01-14 18:30:00+00:00,2.6787,2.6875,2.6672,2.6828,9960158.0
2025-01-14 19:00:00+00:00,2.6829,2.6913,2.6762,2.6832,6708080.0
2025-01-14 19:30:00+00:00,2.6831,2.6836,2.6636,2.6637,7491840.0
2025-01-14 20:00:00+00:00,2.6637,2.6725,2.6377,2.664,10886616.0
2025-01-14 20:30:00+00:00,2.664,2.6675,2.6439,2.6485,5039326.0
2025-01-14 21:00:00+00:00,2.6484,2.6698,2.6448,2.6692,7001106.0
2025-01-14 21:30:00+00:00,2.6692,2.671,2.652,2.6705,3764569.0
2025-01-14 22:00:00+00:00,2.6704,2.6755,2.6583,2.6711,4767471.0
2025-01-14 22:30:00+00:00,2.6712,2.6793,2.6656,2.6683,4711588.0
2025-01-14 23:00:00+00:00,2.6682,2.6749,2.66,2.6688,5607583.0
2025-01-14 23:30:00+00:00,2.6687,2.6738,2.66,2.6673,4386504.0
2025-01-15 00:00:00+00:00,2.6673,2.6836,2.6492,2.6755,7788892.0
2025-01-15 00:30:00+00:00,2.6754,2.6816,2.6601,2.6773,3864909.0
2025-01-15 01:00:00+00:00,2.6772,2.7415,2.6714,2.7415,20100252.0
2025-01-15 01:30:00+00:00,2.7414,2.8109,2.735,2.7931,39110798.0
2025-01-15 02:00:00+00:00,2.793,2.8347,2.7814,2.7946,31190605.0
2025-01-15 02:30:00+00:00,2.7946,2.8776,2.7889,2.8481,31035558.0
2025-01-15 03:00:00+00:00,2.8481,2.8636,2.7922,2.8144,26633532.0
2025-01-15 03:30:00+00:00,2.8144,2.8337,2.8028,2.8315,13273915.0
2025-01-15 04:00:00+00:00,2.8316,2.8381,2.8022,2.8054,8784901.0
2025-01-15 04:30:00+00:00,2.8054,2.8134,2.7826,2.8034,10203420.0
2025-01-15 05:00:00+00:00,2.8034,2.82,2.7971,2.8173,9778363.0
2025-01-15 05:30:00+00:00,2.8172,2.85,2.8168,2.8464,12511117.0
2025-01-15 06:00:00+00:00,2.8464,2.8483,2.8253,2.8266,9462611.0
2025-01-15 06:30:00+00:00,2.8266,2.8598,2.8258,2.8444,10845790.0
2025-01-15 07:00:00+00:00,2.8444,2.8648,2.8349,2.8541,12586683.0
2025-01-15 07:30:00+00:00,2.8541,2.8928,2.8429,2.8595,22787695.0
2025-01-15 08:00:00+00:00,2.8596,2.8605,2.8271,2.8534,18172171.0
2025-01-15 08:30:00+00:00,2.8534,2.8765,2.8436,2.8463,11672413.0
2025-01-15 09:00:00+00:00,2.8463,2.8649,2.8358,2.8491,16387565.0
2025-01-15 09:30:00+00:00,2.8491,2.866,2.7922,2.8044,31745642.0
2025-01-15 10:00:00+00:00,2.8043,2.8374,2.8043,2.8374,9840786.0
2025-01-15 10:30:00+00:00,2.8374,2.8417,2.8049,2.8175,8073331.0
2025-01-15 11:00:00+00:00,2.8175,2.82,2.7107,2.7342,43470079.0
2025-01-15 11:30:00+00:00,2.7342,2.7671,2.722,2.7612,17412395.0
2025-01-15 12:00:00+00:00,2.7612,2.7655,2.7262,2.732,11865438.0
2025-01-15 12:30:00+00:00,2.7321,2.7745,2.7321,2.7655,11698157.0
2025-01-15 13:00:00+00:00,2.7656,2.8034,2.7648,2.789,18546101.0
2025-01-15 13:30:00+00:00,2.7888,2.89,2.7877,2.8607,68211043.0
2025-01-15 14:00:00+00:00,2.8607,2.8737,2.8267,2.8377,24261329.0
2025-01-15 14:30:00+00:00,2.8377,2.8778,2.832,2.8652,16704211.0
2025-01-15 15:00:00+00:00,2.8652,3.0286,2.8479,3.0255,93205192.65
2025-01-15 15:30:00+00:00,3.0255,3.0261,2.9339,2.9704,48969645.0
2025-01-15 16:00:00+00:00,2.9703,3.0061,2.9068,2.9467,35846064.0
2025-01-15 16:30:00+00:00,2.9466,2.9486,2.8855,2.8998,18695013.0
2025-01-15 17:00:00+00:00,2.8999,2.9256,2.8746,2.8807,20672217.0
2025-01-15 17:30:00+00:00,2.8808,2.909,2.8716,2.8968,12461673.0
2025-01-15 18:00:00+00:00,2.8968,2.9299,2.895,2.9252,11637105.0
2025-01-15 18:30:00+00:00,2.9252,2.95,2.9199,2.9487,13340249.0
2025-01-15 19:00:00+00:00,2.9486,2.9693,2.9371,2.9388,13235535.0
2025-01-15 19:30:00+00:00,2.9388,2.955,2.9302,2.9459,10167312.0
2025-01-15 20:00:00+00:00,2.946,2.965,2.9346,2.9479,12951133.0
2025-01-15 20:30:00+00:00,2.9478,2.9761,2.9363,2.9694,11515661.0
2025-01-15 21:00:00+00:00,2.9694,2.9944,2.967,2.9865,18874666.0
2025-01-15 21:30:00+00:00,2.9866,3.0672,2.9716,3.0471,39636513.39
2025-01-15 22:00:00+00:00,3.0471,3.0863,3.0193,3.0572,30954819.0
2025-01-15 22:30:00+00:00,3.0572,3.099,3.0478,3.0821,17999851.0
2025-01-15 23:00:00+00:00,3.0821,3.2,3.0759,3.1485,49372067.19
2025-01-15 23:30:00+00:00,3.1486,3.1934,3.1306,3.1429,25075704.0
2025-01-16 00:00:00+00:00,3.143,3.1516,3.0257,3.0262,52596487.0
2025-01-16 00:30:00+00:00,3.0262,3.0359,2.9228,3.0016,66359266.0
2025-01-16 01:00:00+00:00,3.0016,3.0657,3.0,3.0385,31853250.0
2025-01-16 01:30:00+00:00,3.0385,3.0846,3.0191,3.0738,13546020.0
2025-01-16 02:00:00+00:00,3.0738,3.0858,3.0269,3.0337,15036318.0
2025-01-16 02:30:00+00:00,3.0337,3.0564,3.028,3.0397,9860557.0
2025-01-16 03:00:00+00:00,3.0398,3.0574,3.0173,3.0178,9320919.0
2025-01-16 03:30:00+00:00,3.0177,3.0466,2.9845,3.0398,12260857.0
2025-01-16 04:00:00+00:00,3.0398,3.0667,3.0392,3.0621,7447635.0
2025-01-16 04:30:00+00:00,3.0622,3.0836,3.0574,3.075,7300062.0
2025-01-16 05:00:00+00:00,3.0751,3.0764,3.05,3.0614,6748832.0
2025-01-16 05:30:00+00:00,3.0614,3.0701,3.0514,3.0539,4774399.0
2025-01-16 06:00:00+00:00,3.0538,3.0766,3.0461,3.0599,6707189.0
2025-01-16 06:30:00+00:00,3.06,3.1222,3.0592,3.1222,15817842.0
2025-01-16 07:00:00+00:00,3.1222,3.15,3.1076,3.115,19081240.0
2025-01-16 07:30:00+00:00,3.115,3.1258,3.089,3.091,10935789.0
2025-01-16 08:00:00+00:00,3.0908,3.1139,3.0754,3.1066,11847273.0
2025-01-16 08:30:00+00:00,3.1066,3.1135,3.0452,3.0777,19002376.0
2025-01-16 09:00:00+00:00,3.0778,3.087,3.0419,3.0578,14609908.0
2025-01-16 09:30:00+00:00,3.0579,3.0749,3.0281,3.0742,18898637.0
2025-01-16 10:00:00+00:00,3.0743,3.1022,3.07,3.0948,12849691.0
2025-01-16 10:30:00+00:00,3.0947,3.1112,3.0805,3.1109,8806825.0
2025-01-16 11:00:00+00:00,3.1109,3.1838,3.0877,3.1667,59489679.0
2025-01-16 11:30:00+00:00,3.1667,3.21,3.15,3.1967,50066212.66
2025-01-16 12:00:00+00:00,3.1968,3.274,3.1614,3.2534,40780333.09
2025-01-16 12:30:00+00:00,3.2534,3.3478,3.2471,3.3386,55783791.87
2025-01-16 13:00:00+00:00,3.3385,3.3884,3.2563,3.2669,63550248.74
2025-01-16 13:30:00+00:00,3.2667,3.353,3.2643,3.2965,33033312.0
2025-01-16 14:00:00+00:00,3.2966,3.365,3.2844,3.34,29514517.0
2025-01-16 14:30:00+00:00,3.34,3.348,3.1869,3.2189,77726244.0
2025-01-16 15:00:00+00:00,3.2189,3.31,3.2149,3.3076,33525563.0
2025-01-16 15:30:00+00:00,3.3077,3.33,3.2567,3.3076,23352328.0
2025-01-16 16:00:00+00:00,3.3076,3.3561,3.3043,3.3463,18675250.0
2025-01-16 16:30:00+00:00,3.3462,3.4,3.3313,3.3805,36117461.84
2025-01-16 17:00:00+00:00,3.3804,3.3804,3.32,3.3733,22860896.0
2025-01-16 17:30:00+00:00,3.3732,3.3873,3.3264,3.3513,17156668.0
2025-01-16 18:00:00+00:00,3.3514,3.367,3.3194,3.3508,12021713.0
2025-01-16 18:30:00+00:00,3.3507,3.3697,3.3293,3.3506,11435654.0
2025-01-16 19:00:00+00:00,3.3506,3.3681,3.3235,3.366,9615819.0
2025-01-16 19:30:00+00:00,3.366,3.3914,3.3442,3.3495,13386892.0
2025-01-16 20:00:00+00:00,3.3494,3.3503,3.2563,3.2918,34485225.0
2025-01-16 20:30:00+00:00,3.2918,3.3204,3.28,3.2921,12349027.0
2025-01-16 21:00:00+00:00,3.292,3.3068,3.2432,3.2864,14772088.0
2025-01-16 21:30:00+00:00,3.2864,3.3053,3.2718,3.2921,8686525.0
2025-01-16 22:00:00+00:00,3.2921,3.2989,3.2475,3.2671,9355854.0
2025-01-16 22:30:00+00:00,3.2672,3.2699,3.2004,3.225,16920543.0
2025-01-16 23:00:00+00:00,3.2251,3.2484,3.1649,3.181,15892437.0
2025-01-16 23:30:00+00:00,3.181,3.2579,3.1762,3.2451,14155568.0
2025-01-17 00:00:00+00:00,3.245,3.2924,3.2437,3.2659,17209287.0
2025-01-17 00:30:00+00:00,3.2659,3.2924,3.2625,3.2747,8003984.0
2025-01-17 01:00:00+00:00,3.2746,3.2782,3.2555,3.2732,6277603.0
2025-01-17 01:30:00+00:00,3.2732,3.2941,3.2616,3.2807,9294308.0
2025-01-17 02:00:00+00:00,3.2807,3.3172,3.2788,3.3021,9521153.0
2025-01-17 02:30:00+00:00,3.3021,3.3499,3.3021,3.3456,11600013.0
2025-01-17 03:00:00+00:00,3.3455,3.3483,3.3103,3.3377,9322032.0
2025-01-17 03:30:00+00:00,3.3377,3.3426,3.2957,3.3078,8771491.0
2025-01-17 04:00:00+00:00,3.3077,3.3185,3.2841,3.2954,7181907.0
2025-01-17 04:30:00+00:00,3.2954,3.3192,3.2893,3.3087,4655811.0
2025-01-17 05:00:00+00:00,3.3088,3.3544,3.3,3.3414,15874080.0
2025-01-17 05:30:00+00:00,3.3414,3.3483,3.3143,3.3245,6444011.0
2025-01-17 06:00:00+00:00,3.3245,3.3406,3.3088,3.3123,7943391.0
2025-01-17 06:30:00+00:00,3.3123,3.3433,3.3085,3.3418,7864141.0
2025-01-17 07:00:00+00:00,3.3418,3.345,3.3263,3.3371,6195296.0
2025-01-17 07:30:00+00:00,3.3372,3.3382,3.293,3.3025,14058508.0
2025-01-17 08:00:00+00:00,3.3026,3.32,3.2318,3.2607,24639630.0
2025-01-17 08:30:00+00:00,3.2607,3.2767,3.2327,3.2662,17417016.0
2025-01-17 09:00:00+00:00,3.2663,3.2796,3.2275,3.2507,14389509.0
2025-01-17 09:30:00+00:00,3.2506,3.2826,3.2491,3.2761,11092421.0
2025-01-17 10:00:00+00:00,3.2761,3.3018,3.276,3.2918,11112301.0
2025-01-17 10:30:00+00:00,3.2918,3.3022,3.2713,3.2931,8605448.0
2025-01-17 11:00:00+00:00,3.2932,3.3189,3.2872,3.3056,9353691.0
2025-01-17 11:30:00+00:00,3.3057,3.328,3.2971,3.2989,9517611.0
2025-01-17 12:00:00+00:00,3.2989,3.2989,3.2637,3.2683,17444932.0
2025-01-17 12:30:00+00:00,3.2683,3.2724,3.2351,3.2389,20320500.0
2025-01-17 13:00:00+00:00,3.239,3.2612,3.239,3.2486,8655443.0
2025-01-17 13:30:00+00:00,3.2486,3.2507,3.2108,3.239,15213000.0
2025-01-17 14:00:00+00:00,3.2391,3.2695,3.2385,3.2659,8395421.0
2025-01-17 14:30:00+00:00,3.2659,3.2673,3.2219,3.2549,15892472.0
2025-01-17 15:00:00+00:00,3.2549,3.265,3.1803,3.1996,18345403.0
2025-01-17 15:30:00+00:00,3.1995,3.2241,3.1762,3.1995,17350790.0
2025-01-17 16:00:00+00:00,3.1996,3.2486,3.198,3.2434,13857428.0
2025-01-17 16:30:00+00:00,3.2435,3.261,3.2374,3.2423,9611984.0
2025-01-17 17:00:00+00:00,3.2423,3.2547,3.214,3.2235,9644672.0
2025-01-17 17:30:00+00:00,3.2236,3.2263,3.1758,3.1879,16247381.0
2025-01-17 18:00:00+00:00,3.1878,3.21,3.177,3.2052,8199538.0
2025-01-17 18:30:00+00:00,3.2052,3.2149,3.1981,3.2042,4614477.0
2025-01-17 19:00:00+00:00,3.2042,3.2491,3.2041,3.2365,9229302.0
2025-01-17 19:30:00+00:00,3.2364,3.2456,3.222,3.2346,6187677.0
2025-01-17 20:00:00+00:00,3.2346,3.29,3.227,3.2637,16359152.0
2025-01-17 20:30:00+00:00,3.2637,3.2834,3.2533,3.2664,8030417.0
2025-01-17 21:00:00+00:00,3.2663,3.2954,3.2649,3.2903,12541716.0
2025-01-17 21:30:00+00:00,3.2902,3.2909,3.2613,3.2788,8261427.0
2025-01-17 22:00:00+00:00,3.2787,3.2889,3.2701,3.2808,5713442.0
2025-01-17 22:30:00+00:00,3.2808,3.2837,3.2638,3.2689,4612214.0
2025-01-17 23:00:00+00:00,3.2689,3.2828,3.2523,3.2816,5061719.0
2025-01-17 23:30:00+00:00,3.2816,3.318,3.2811,3.2922,13798344.0
2025-01-18 00:00:00+00:00,3.2923,3.2996,3.2588,3.2749,12232669.0
2025-01-18 00:30:00+00:00,3.2749,3.2819,3.2426,3.2511,13952958.0
2025-01-18 01:00:00+00:00,3.2511,3.2527,3.2196,3.2399,10048397.0
2025-01-18 01:30:00+00:00,3.24,3.2518,3.2353,3.2477,4018643.0
2025-01-18 02:00:00+00:00,3.2477,3.2865,3.2477,3.2723,8422596.0
2025-01-18 02:30:00+00:00,3.2722,3.2875,3.2607,3.2714,5377581.0
2025-01-18 03:00:00+00:00,3.2714,3.2798,3.2315,3.2394,9904646.0
2025-01-18 03:30:00+00:00,3.2394,3.2465,3.1985,3.2398,16744793.0
2025-01-18 04:00:00+00:00,3.2398,3.2475,3.1891,3.1973,7895310.0
2025-01-18 04:30:00+00:00,3.1973,3.2195,3.1863,3.2038,6949700.0
2025-01-18 05:00:00+00:00,3.2039,3.2183,3.116,3.1309,26527072.0
2025-01-18 05:30:00+00:00,3.131,3.1476,3.0701,3.0942,25977205.0
2025-01-18 06:00:00+00:00,3.0942,3.1494,3.0932,3.1368,14534628.0
2025-01-18 06:30:00+00:00,3.1368,3.1608,3.1319,3.1485,11794141.0
2025-01-18 07:00:00+00:00,3.1485,3.158,3.1221,3.14,6305091.0
2025-01-18 07:30:00+00:00,3.1401,3.1401,3.0956,3.1166,8633423.0
2025-01-18 08:00:00+00:00,3.1165,3.1174,3.0646,3.1064,15376602.0
2025-01-18 08:30:00+00:00,3.1063,3.14,3.1028,3.1348,9813122.0
2025-01-18 09:00:00+00:00,3.1349,3.1445,3.1129,3.1242,6841259.0
2025-01-18 09:30:00+00:00,3.1242,3.1296,3.0972,3.1271,6106315.0
2025-01-18 10:00:00+00:00,3.1272,3.136,3.0927,3.0985,7488333.0
2025-01-18 10:30:00+00:00,3.0984,3.1159,3.058,3.1046,15071066.0
2025-01-18 11:00:00+00:00,3.1047,3.1843,3.1,3.166,12587749.0
2025-01-18 11:30:00+00:00,3.1659,3.1789,3.153,3.1729,9333468.0
2025-01-18 12:00:00+00:00,3.1729,3.1834,3.1621,3.1695,8853321.0
2025-01-18 12:30:00+00:00,3.1696,3.1777,3.154,3.1685,4991340.0
2025-01-18 13:00:00+00:00,3.1684,3.2051,3.1597,3.2003,9264081.0
2025-01-18 13:30:00+00:00,3.2004,3.2499,3.1907,3.2417,17223579.0
2025-01-18 14:00:00+00:00,3.2417,3.242,3.2048,3.2236,10951395.0
2025-01-18 14:30:00+00:00,3.2237,3.2292,3.1949,3.2,7893154.0
2025-01-18 15:00:00+00:00,3.2,3.2175,3.1844,3.2046,8525989.0
2025-01-18 15:30:00+00:00,3.2046,3.2212,3.1742,3.177,9022485.0
2025-01-18 16:00:00+00:00,3.1771,3.1865,3.1345,3.1689,13327813.0
2025-01-18 16:30:00+00:00,3.1688,3.1795,3.1324,3.1433,8839311.0
2025-01-18 17:00:00+00:00,3.1433,3.1771,3.1418,3.1711,6307467.0
2025-01-18 17:30:00+00:00,3.1712,3.1896,3.1554,3.1556,5477656.0
2025-01-18 18:00:00+00:00,3.1557,3.1847,3.149,3.1789,4595050.0
2025-01-18 18:30:00+00:00,3.179,3.207,3.1743,3.1806,7257602.0
2025-01-18 19:00:00+00:00,3.1805,3.2074,3.1713,3.1915,5794290.0
2025-01-18 19:30:00+00:00,3.1916,3.2186,3.1901,3.212,4243958.0
2025-01-18 20:00:00+00:00,3.212,3.2162,3.1713,3.1787,5445764.0
2025-01-18 20:30:00+00:00,3.1786,3.2086,3.178,3.2059,3910405.0
2025-01-18 21:00:00+00:00,3.206,3.2333,3.1977,3.2237,6747475.0
2025-01-18 21:30:00+00:00,3.2236,3.2236,3.1973,3.1987,3085150.0
2025-01-18 22:00:00+00:00,3.1988,3.2208,3.197,3.2205,4119000.0
2025-01-18 22:30:00+00:00,3.2206,3.234,3.2155,3.2201,4546506.0
2025-01-18 23:00:00+00:00,3.2201,3.2617,3.2076,3.2594,8573164.0
2025-01-18 23:30:00+00:00,3.2594,3.29,3.2473,3.2697,17156222.0
2025-01-19 00:00:00+00:00,3.2697,3.2697,3.2238,3.241,10149831.0
2025-01-19 00:30:00+00:00,3.2411,3.2753,3.2296,3.2683,6487948.0
2025-01-19 01:00:00+00:00,3.2684,3.2719,3.2435,3.2712,6155707.0
2025-01-19 01:30:00+00:00,3.2712,3.2929,3.2558,3.2799,10072072.0
2025-01-19 02:00:00+00:00,3.28,3.2882,3.2652,3.2697,6252400.0
2025-01-19 02:30:00+00:00,3.2697,3.2784,3.2502,3.2564,5639239.0
2025-01-19 03:00:00+00:00,3.2565,3.265,3.2305,3.2382,4840187.0
2025-01-19 03:30:00+00:00,3.2382,3.2596,3.2377,3.251,2948992.0
2025-01-19 04:00:00+00:00,3.2509,3.2531,3.2017,3.2126,8229046.0
2025-01-19 04:30:00+00:00,3.2127,3.2131,3.1806,3.1836,6420043.0
2025-01-19 05:00:00+00:00,3.1835,3.1992,3.1719,3.1926,6476491.0
2025-01-19 05:30:00+00:00,3.1926,3.2091,3.1807,3.2039,6283408.0
2025-01-19 06:00:00+00:00,3.2039,3.2179,3.199,3.2134,5102788.0
2025-01-19 06:30:00+00:00,3.2135,3.2245,3.2011,3.2027,6302997.0
2025-01-19 07:00:00+00:00,3.2027,3.2085,3.1718,3.1793,7923976.0
2025-01-19 07:30:00+00:00,3.1793,3.1999,3.1793,3.1817,7597118.0
2025-01-19 08:00:00+00:00,3.1818,3.1818,3.1252,3.1305,13901625.0
2025-01-19 08:30:00+00:00,3.1305,3.1567,3.108,3.1282,20201680.0
2025-01-19 09:00:00+00:00,3.1283,3.1283,3.05,3.1045,45912645.0
2025-01-19 09:30:00+00:00,3.1045,3.1448,3.0939,3.1362,25142910.0
2025-01-19 10:00:00+00:00,3.1361,3.1372,3.1042,3.1127,11967191.0
2025-01-19 10:30:00+00:00,3.1127,3.1393,3.1093,3.1166,12513769.0
2025-01-19 11:00:00+00:00,3.1167,3.1225,3.075,3.0772,14710101.0
2025-01-19 11:30:00+00:00,3.0772,3.0847,3.0351,3.054,23819533.0
2025-01-19 12:00:00+00:00,3.0541,3.1062,3.0535,3.0878,12556786.0
2025-01-19 12:30:00+00:00,3.0879,3.1136,3.0829,3.1094,7950270.0
2025-01-19 13:00:00+00:00,3.1094,3.1229,3.0967,3.1188,9254216.0
2025-01-19 13:30:00+00:00,3.1188,3.135,3.1099,3.135,7615058.0
2025-01-19 14:00:00+00:00,3.135,3.1565,3.1144,3.15,16859610.0
2025-01-19 14:30:00+00:00,3.15,3.1525,3.1251,3.1405,9754891.0
2025-01-19 15:00:00+00:00,3.1406,3.1596,3.1097,3.1363,15627742.0
2025-01-19 15:30:00+00:00,3.1364,3.1522,3.1331,3.1479,6180169.0
2025-01-19 16:00:00+00:00,3.1478,3.1786,3.1364,3.172,10977810.0
2025-01-19 16:30:00+00:00,3.172,3.1738,3.1217,3.147,11591360.0
2025-01-19 17:00:00+00:00,3.1469,3.1501,3.1271,3.137,5521064.0
2025-01-19 17:30:00+00:00,3.137,3.1671,3.128,3.1592,7381928.0
2025-01-19 18:00:00+00:00,3.1591,3.1632,3.148,3.1547,6523472.0
2025-01-19 18:30:00+00:00,3.1546,3.1729,3.145,3.1683,7161993.0
2025-01-19 19:00:00+00:00,3.1683,3.189,3.16,3.189,5630527.0
2025-01-19 19:30:00+00:00,3.1889,3.2268,3.182,3.2242,11426285.0
2025-01-19 20:00:00+00:00,3.2242,3.2379,3.1882,3.1916,9479286.0
2025-01-19 20:30:00+00:00,3.1916,3.208,3.1787,3.1842,11381545.0
2025-01-19 21:00:00+00:00,3.1842,3.1874,3.0946,3.1104,13372369.0
2025-01-19 21:30:00+00:00,3.1104,3.1378,3.0637,3.0646,28459599.0
2025-01-19 22:00:00+00:00,3.0646,3.1353,3.0352,3.1103,32422198.0
2025-01-19 22:30:00+00:00,3.1103,3.1113,2.9106,3.0509,36825122.0
2025-01-19 23:00:00+00:00,3.0508,3.0508,2.8277,2.8666,50065470.0
2025-01-19 23:30:00+00:00,2.8665,2.9905,2.8561,2.9587,54258338.0
2025-01-20 00:00:00+00:00,2.9586,3.0163,2.909,2.9882,42001567.0
2025-01-20 00:30:00+00:00,2.9881,3.0123,2.9272,2.9299,27652662.0
2025-01-20 01:00:00+00:00,2.93,3.0041,2.9286,2.9752,18021137.0
2025-01-20 01:30:00+00:00,2.9752,3.0371,2.9534,2.9862,16601056.0
2025-01-20 02:00:00+00:00,2.9863,3.0838,2.9832,3.0832,14022821.0
2025-01-20 02:30:00+00:00,3.0832,3.1202,3.0559,3.0868,27929367.0
2025-01-20 03:00:00+00:00,3.0868,3.1334,3.0696,3.0959,12850156.0
2025-01-20 03:30:00+00:00,3.0959,3.1145,3.0821,3.1133,7715884.0
2025-01-20 04:00:00+00:00,3.1133,3.1133,3.0745,3.1033,7347327.0
2025-01-20 04:30:00+00:00,3.1033,3.1455,3.0959,3.1022,10009790.0
2025-01-20 05:00:00+00:00,3.1021,3.1272,3.0881,3.103,8210708.0
2025-01-20 05:30:00+00:00,3.103,3.1139,3.0778,3.1067,7253814.0
2025-01-20 06:00:00+00:00,3.1068,3.1154,3.0888,3.0926,5081384.0
2025-01-20 06:30:00+00:00,3.0926,3.2233,3.0877,3.1734,25497087.0
2025-01-20 07:00:00+00:00,3.1733,3.256,3.1694,3.2114,34526763.0
2025-01-20 07:30:00+00:00,3.2113,3.2282,3.1801,3.201,11797072.0
2025-01-20 08:00:00+00:00,3.2011,3.2985,3.1984,3.2634,20687966.0
2025-01-20 08:30:00+00:00,3.2637,3.2886,3.2365,3.2667,12318989.0
2025-01-20 09:00:00+00:00,3.2668,3.292,3.2465,3.2697,17176533.0
2025-01-20 09:30:00+00:00,3.2697,3.2826,3.2298,3.2551,11673823.0
2025-01-20 10:00:00+00:00,3.255,3.295,3.2421,3.289,11971305.0
2025-01-20 10:30:00+00:00,3.289,3.3448,3.2654,3.3197,22778132.0
2025-01-20 11:00:00+00:00,3.3196,3.3205,3.2781,3.3058,16686983.0
2025-01-20 11:30:00+00:00,3.3057,3.3308,3.287,3.3263,7426017.0
2025-01-20 12:00:00+00:00,3.3262,3.353,3.2076,3.2598,36585489.0
2025-01-20 12:30:00+00:00,3.2598,3.2718,3.2155,3.2495,18342779.0
2025-01-20 13:00:00+00:00,3.2496,3.3056,3.241,3.2838,13802553.0
2025-01-20 13:30:00+00:00,3.2838,3.3006,3.2573,3.2939,9558940.0
2025-01-20 14:00:00+00:00,3.294,3.3071,3.2635,3.2714,10509804.0
2025-01-20 14:30:00+00:00,3.2714,3.3555,3.263,3.3538,21386108.0
2025-01-20 15:00:00+00:00,3.3538,3.3545,3.3093,3.3487,19838469.0
2025-01-20 15:30:00+00:00,3.3488,3.3695,3.2599,3.2719,25604189.0
2025-01-20 16:00:00+00:00,3.2719,3.3059,3.2252,3.3055,22888851.0
2025-01-20 16:30:00+00:00,3.3055,3.3216,3.2924,3.3123,11741163.0
2025-01-20 17:00:00+00:00,3.3123,3.3155,3.1194,3.2304,47612116.0
2025-01-20 17:30:00+00:00,3.2304,3.2507,3.0,3.1351,76277802.0
2025-01-20 18:00:00+00:00,3.1352,3.1983,3.1202,3.1786,18334728.0
2025-01-20 18:30:00+00:00,3.1787,3.2045,3.1624,3.1899,11541152.0
2025-01-20 19:00:00+00:00,3.1899,3.1955,3.1307,3.1746,12119327.0
2025-01-20 19:30:00+00:00,3.1746,3.1793,3.1484,3.1519,8023222.0
2025-01-20 20:00:00+00:00,3.1519,3.152,3.0915,3.1185,12662359.0
2025-01-20 20:30:00+00:00,3.1184,3.1664,3.1177,3.1548,6112933.0
2025-01-20 21:00:00+00:00,3.1547,3.1792,3.1488,3.1598,5499727.0
2025-01-20 21:30:00+00:00,3.1598,3.1658,3.0641,3.0762,10608758.0
2025-01-20 22:00:00+00:00,3.0761,3.1318,3.0269,3.1316,16268942.0
2025-01-20 22:30:00+00:00,3.1316,3.1599,3.1255,3.1445,9992629.0
2025-01-20 23:00:00+00:00,3.1445,3.153,3.105,3.1365,7382536.0
2025-01-20 23:30:00+00:00,3.1365,3.1458,3.0828,3.1053,8828339.0
2025-01-21 00:00:00+00:00,3.1053,3.1345,3.0738,3.1132,11626832.0
2025-01-21 00:30:00+00:00,3.1131,3.161,3.0977,3.1338,12240480.0
2025-01-21 01:00:00+00:00,3.1339,3.193,3.113,3.1162,12019815.0
2025-01-21 01:30:00+00:00,3.1163,3.1336,3.084,3.0936,13876187.0
2025-01-21 02:00:00+00:00,3.0936,3.1353,3.07,3.0972,12574742.0
2025-01-21 02:30:00+00:00,3.0972,3.1236,3.0636,3.1231,8257401.0
2025-01-21 03:00:00+00:00,3.1231,3.14,3.1018,3.1034,7143330.0
2025-01-21 03:30:00+00:00,3.1033,3.1157,3.09,3.1035,4663161.0
2025-01-21 04:00:00+00:00,3.1035,3.1035,3.0528,3.0811,9466857.0
2025-01-21 04:30:00+00:00,3.0811,3.09,3.0419,3.0873,11020687.0
2025-01-21 05:00:00+00:00,3.0873,3.103,3.0718,3.0845,6828088.0
2025-01-21 05:30:00+00:00,3.0846,3.0869,3.0257,3.0382,8152803.0
2025-01-21 06:00:00+00:00,3.0382,3.0836,3.0192,3.0557,8823185.0
2025-01-21 06:30:00+00:00,3.0558,3.0612,3.0124,3.0504,11948394.0
2025-01-21 07:00:00+00:00,3.0504,3.0825,3.0368,3.0817,6957560.0
2025-01-21 07:30:00+00:00,3.0818,3.0944,3.054,3.0695,5772258.0
2025-01-21 08:00:00+00:00,3.0695,3.0954,3.0448,3.0856,6256505.0
2025-01-21 08:30:00+00:00,3.0855,3.0855,3.0515,3.0786,6784707.0
2025-01-21 09:00:00+00:00,3.0785,3.1136,3.0674,3.0816,6426008.0
2025-01-21 09:30:00+00:00,3.0816,3.1022,3.0622,3.0972,6431952.0
2025-01-21 10:00:00+00:00,3.0973,3.1164,3.0817,3.1112,5929654.0
2025-01-21 10:30:00+00:00,3.1112,3.1126,3.0882,3.1069,4985918.0
2025-01-21 11:00:00+00:00,3.1068,3.123,3.0971,3.1129,6108949.0
2025-01-21 11:30:00+00:00,3.113,3.1166,3.0822,3.1112,11025103.0
2025-01-21 12:00:00+00:00,3.1112,3.1539,3.1034,3.139,9621512.0
2025-01-21 12:30:00+00:00,3.139,3.1468,3.1245,3.1302,8307998.0
2025-01-21 13:00:00+00:00,3.1301,3.1474,3.1135,3.1271,5603970.0
2025-01-21 13:30:00+00:00,3.1271,3.15,3.1211,3.1359,5507582.0
2025-01-21 14:00:00+00:00,3.1359,3.1499,3.116,3.1448,5711259.0
2025-01-21 14:30:00+00:00,3.1449,3.146,3.0906,3.1026,11680750.0
2025-01-21 15:00:00+00:00,3.1026,3.1262,3.0784,3.1255,7635027.0
2025-01-21 15:30:00+00:00,3.1254,3.1335,3.1104,3.1217,3776682.0
2025-01-21 16:00:00+00:00,3.1216,3.1899,3.1181,3.1687,21859754.0
2025-01-21 16:30:00+00:00,3.1686,3.1796,3.152,3.1744,8353865.0
2025-01-21 17:00:00+00:00,3.1744,3.1954,3.1681,3.1903,5919709.0
2025-01-21 17:30:00+00:00,3.1903,3.2312,3.1767,3.2249,9912737.0
2025-01-21 18:00:00+00:00,3.2249,3.246,3.2043,3.2108,11349242.0
2025-01-21 18:30:00+00:00,3.2109,3.2232,3.1994,3.2096,7266381.0
2025-01-21 19:00:00+00:00,3.2095,3.2106,3.1848,3.1915,6958591.0
2025-01-21 19:30:00+00:00,3.1915,3.2032,3.1765,3.2008,5055995.0
2025-01-21 20:00:00+00:00,3.2008,3.2029,3.188,3.1933,3925221.0
2025-01-21 20:30:00+00:00,3.1933,3.1982,3.1779,3.198,4595074.0
2025-01-21 21:00:00+00:00,3.1983,3.2009,3.1713,3.1838,5353105.0
2025-01-21 21:30:00+00:00,3.1838,3.1881,3.1752,3.1837,5060110.0
2025-01-21 22:00:00+00:00,3.1837,3.1875,3.1622,3.1779,4361884.0
2025-01-21 22:30:00+00:00,3.1779,3.188,3.1692,3.1706,2985346.0
2025-01-21 23:00:00+00:00,3.1705,3.1734,3.1399,3.148,6030584.0
2025-01-21 23:30:00+00:00,3.148,3.1739,3.1478,3.1738,4270548.0
2025-01-22 00:00:00+00:00,3.1739,3.1842,3.1643,3.1825,3496617.0
2025-01-22 00:30:00+00:00,3.1825,3.2,3.1807,3.1959,8210375.0
2025-01-22 01:00:00+00:00,3.1958,3.199,3.1813,3.195,4100803.0
2025-01-22 01:30:00+00:00,3.195,3.2076,3.1833,3.1931,3868216.0
2025-01-22 02:00:00+00:00,3.1931,3.1966,3.1735,3.1905,2866871.0
2025-01-22 02:30:00+00:00,3.1905,3.1956,3.1841,3.1903,2136477.0
2025-01-22 03:00:00+00:00,3.1903,3.191,3.1771,3.1874,1908517.0
2025-01-22 03:30:00+00:00,3.1874,3.1883,3.1672,3.1768,2366637.0
2025-01-22 04:00:00+00:00,3.1768,3.1809,3.1676,3.1709,1597829.0
2025-01-22 04:30:00+00:00,3.1709,3.1736,3.1489,3.1646,8656249.0
2025-01-22 05:00:00+00:00,3.1647,3.1797,3.1644,3.1726,1968484.0
2025-01-22 05:30:00+00:00,3.1726,3.1739,3.16,3.1606,3496185.0
2025-01-22 06:00:00+00:00,3.1605,3.1899,3.1565,3.1828,4732240.0
2025-01-22 06:30:00+00:00,3.1828,3.1844,3.1629,3.1669,3736932.0
2025-01-22 07:00:00+00:00,3.1669,3.1777,3.1577,3.1621,3916234.0
2025-01-22 07:30:00+00:00,3.162,3.175,3.1524,3.171,3700136.0
2025-01-22 08:00:00+00:00,3.171,3.1737,3.1424,3.1494,3909018.0
2025-01-22 08:30:00+00:00,3.1493,3.1711,3.1414,3.171,4449561.0
2025-01-22 09:00:00+00:00,3.171,3.1717,3.1594,3.1663,2420126.0
2025-01-22 09:30:00+00:00,3.1663,3.1753,3.1628,3.1694,2324619.0
2025-01-22 10:00:00+00:00,3.1695,3.1698,3.1496,3.1577,3170465.0
2025-01-22 10:30:00+00:00,3.1577,3.1656,3.1524,3.1654,4075797.0
2025-01-22 11:00:00+00:00,3.1654,3.1738,3.1616,3.1734,2531756.0
2025-01-22 11:30:00+00:00,3.1734,3.2348,3.1733,3.2348,12672074.0
2025-01-22 12:00:00+00:00,3.2348,3.2606,3.224,3.2417,13393805.0
2025-01-22 12:30:00+00:00,3.2416,3.2508,3.2246,3.2263,6718484.0
2025-01-22 13:00:00+00:00,3.2262,3.2282,3.191,3.2004,7212019.0
2025-01-22 13:30:00+00:00,3.2004,3.2253,3.1656,3.1796,8912818.0
2025-01-22 14:00:00+00:00,3.1796,3.1957,3.1577,3.1938,6474029.0
2025-01-22 14:30:00+00:00,3.1938,3.2003,3.1612,3.1759,5737312.0
2025-01-22 15:00:00+00:00,3.1759,3.1948,3.1657,3.1688,4230751.0
2025-01-22 15:30:00+00:00,3.1687,3.1769,3.1528,3.1627,6121606.0
2025-01-22 16:00:00+00:00,3.1628,3.1677,3.142,3.1648,5614821.0
2025-01-22 16:30:00+00:00,3.1648,3.17,3.1508,3.1661,2691128.0
2025-01-22 17:00:00+00:00,3.1661,3.1822,3.1621,3.1706,3100896.0
2025-01-22 17:30:00+00:00,3.1705,3.1931,3.1645,3.1881,3091424.0
2025-01-22 18:00:00+00:00,3.1881,3.1936,3.1686,3.1743,1823551.0
2025-01-22 18:30:00+00:00,3.1743,3.1867,3.1237,3.142,5853630.0
2025-01-22 19:00:00+00:00,3.142,3.1777,3.142,3.1702,3489437.0
2025-01-22 19:30:00+00:00,3.1703,3.2661,3.1648,3.2242,36635284.0
2025-01-22 20:00:00+00:00,3.2242,3.2854,3.209,3.2653,24281333.0
2025-01-22 20:30:00+00:00,3.2652,3.2701,3.2168,3.2189,11932400.0
2025-01-22 21:00:00+00:00,3.2189,3.2252,3.1743,3.1791,10349813.0
2025-01-22 21:30:00+00:00,3.1792,3.1956,3.1658,3.17,8184716.0
2025-01-22 22:00:00+00:00,3.17,3.178,3.1537,3.1751,7231068.0
2025-01-22 22:30:00+00:00,3.1752,3.1958,3.161,3.1656,5217674.0
2025-01-22 23:00:00+00:00,3.1656,3.1776,3.1514,3.174,4389121.0
2025-01-22 23:30:00+00:00,3.1741,3.1805,3.1615,3.1803,2761936.0
2025-01-23 00:00:00+00:00,3.1802,3.1819,3.1626,3.1746,2567441.0
2025-01-23 00:30:00+00:00,3.1745,3.1826,3.1606,3.1641,3113816.0
2025-01-23 01:00:00+00:00,3.1641,3.1725,3.1555,3.1716,2049554.0
2025-01-23 01:30:00+00:00,3.1715,3.175,3.1428,3.1525,6502924.0
2025-01-23 02:00:00+00:00,3.1525,3.1555,3.1157,3.1455,10277454.0
2025-01-23 02:30:00+00:00,3.1454,3.1507,3.1269,3.1475,5337900.0
2025-01-23 03:00:00+00:00,3.1476,3.1697,3.1439,3.1685,3646656.0
2025-01-23 03:30:00+00:00,3.1685,3.1689,3.1394,3.1521,6972859.0
2025-01-23 04:00:00+00:00,3.1521,3.1554,3.112,3.1255,5060375.0
2025-01-23 04:30:00+00:00,3.1256,3.133,3.1066,3.1141,6399594.0
2025-01-23 05:00:00+00:00,3.114,3.1327,3.114,3.1263,2657992.0
2025-01-23 05:30:00+00:00,3.1264,3.1431,3.1216,3.1399,4411829.0
2025-01-23 06:00:00+00:00,3.1399,3.1481,3.1313,3.1436,3490620.0
2025-01-23 06:30:00+00:00,3.1436,3.1458,3.1201,3.1226,3589806.0
2025-01-23 07:00:00+00:00,3.1226,3.1237,3.11,3.1196,4638284.0
2025-01-23 07:30:00+00:00,3.1196,3.1326,3.1,3.1299,9365927.0
2025-01-23 08:00:00+00:00,3.1298,3.132,3.1101,3.1154,3856321.0
2025-01-23 08:30:00+00:00,3.1154,3.1203,3.0928,3.1016,8286405.0
2025-01-23 09:00:00+00:00,3.1017,3.1196,3.0963,3.1108,4970024.0
2025-01-23 09:30:00+00:00,3.1108,3.113,3.0828,3.0927,5083785.0
2025-01-23 10:00:00+00:00,3.0927,3.106,3.0888,3.1048,3188967.0
2025-01-23 10:30:00+00:00,3.1048,3.1055,3.0765,3.0886,4534375.0
2025-01-23 11:00:00+00:00,3.0886,3.0944,3.0623,3.0804,5219698.0
2025-01-23 11:30:00+00:00,3.0803,3.0904,3.074,3.0852,2306691.0
2025-01-23 12:00:00+00:00,3.0852,3.0856,3.0524,3.0631,5504604.0
2025-01-23 12:30:00+00:00,3.063,3.078,3.05,3.0538,6068712.0
2025-01-23 13:00:00+00:00,3.0539,3.0657,3.0374,3.0457,7849016.0
2025-01-23 13:30:00+00:00,3.0458,3.1025,3.0451,3.0856,12996903.0
2025-01-23 14:00:00+00:00,3.0855,3.1085,3.0773,3.107,4912993.0
2025-01-23 14:30:00+00:00,3.107,3.1644,3.103,3.1532,20154918.0
2025-01-23 15:00:00+00:00,3.1533,3.1609,3.0898,3.1178,18708483.0
2025-01-23 15:30:00+00:00,3.1179,3.1488,3.1165,3.1352,7731618.0
2025-01-23 16:00:00+00:00,3.1351,3.1868,3.1309,3.1621,10652059.0
2025-01-23 16:30:00+00:00,3.1621,3.1682,3.1191,3.1237,7983150.0
2025-01-23 17:00:00+00:00,3.1236,3.1247,3.0923,3.1191,5342736.0
2025-01-23 17:30:00+00:00,3.1191,3.1322,3.1144,3.1257,4522737.0
2025-01-23 18:00:00+00:00,3.1258,3.1288,3.1056,3.1148,2479827.0
2025-01-23 18:30:00+00:00,3.1149,3.121,3.0922,3.0933,3126098.0
2025-01-23 19:00:00+00:00,3.0933,3.0953,3.06,3.0825,6333146.0
2025-01-23 19:30:00+00:00,3.0826,3.0959,3.0628,3.0801,4147367.0
2025-01-23 20:00:00+00:00,3.0801,3.175,3.0725,3.1493,18129798.0
2025-01-23 20:30:00+00:00,3.1493,3.1576,3.08,3.0991,13573107.0
2025-01-23 21:00:00+00:00,3.0991,3.1037,3.058,3.0758,7021003.0
2025-01-23 21:30:00+00:00,3.0758,3.0864,3.0583,3.0787,3145415.0
2025-01-23 22:00:00+00:00,3.0788,3.1068,3.0718,3.1061,4085221.0
2025-01-23 22:30:00+00:00,3.106,3.1287,3.1004,3.12,3565909.0
2025-01-23 23:00:00+00:00,3.1201,3.1456,3.1156,3.137,6377167.0
2025-01-23 23:30:00+00:00,3.137,3.1392,3.111,3.1194,3373562.0
2025-01-24 00:00:00+00:00,3.1194,3.1225,3.0928,3.1011,5565490.0
2025-01-24 00:30:00+00:00,3.1011,3.1011,3.077,3.0799,3376521.0
2025-01-24 01:00:00+00:00,3.0799,3.1,3.0797,3.0995,3013118.0
2025-01-24 01:30:00+00:00,3.0995,3.1035,3.0673,3.0752,2782835.0
2025-01-24 02:00:00+00:00,3.0751,3.083,3.0647,3.0745,2727876.0
2025-01-24 02:30:00+00:00,3.0746,3.08,3.055,3.0552,3735124.0
2025-01-24 03:00:00+00:00,3.0552,3.1086,3.055,3.0936,10775373.0
2025-01-24 03:30:00+00:00,3.0936,3.1333,3.0928,3.1217,8659891.0
2025-01-24 04:00:00+00:00,3.1218,3.1299,3.1125,3.1224,3646711.0
2025-01-24 04:30:00+00:00,3.1224,3.164,3.1179,3.1609,8808636.0
2025-01-24 05:00:00+00:00,3.1608,3.1674,3.1456,3.1607,7326905.0
2025-01-24 05:30:00+00:00,3.1607,3.1746,3.1508,3.1727,6613322.0
2025-01-24 06:00:00+00:00,3.1727,3.176,3.1577,3.1628,5025564.0
2025-01-24 06:30:00+00:00,3.1628,3.1686,3.1492,3.1502,5381676.0
2025-01-24 07:00:00+00:00,3.1502,3.1658,3.1501,3.1554,4254919.0
2025-01-24 07:30:00+00:00,3.1554,3.1698,3.142,3.1659,4001117.0
2025-01-24 08:00:00+00:00,3.1658,3.1776,3.1618,3.1767,3920544.0
2025-01-24 08:30:00+00:00,3.1767,3.1816,3.1695,3.1798,4752237.0
2025-01-24 09:00:00+00:00,3.1797,3.1949,3.1786,3.1845,6678657.0
2025-01-24 09:30:00+00:00,3.1846,3.1846,3.171,3.1815,3570333.0
2025-01-24 10:00:00+00:00,3.1815,3.1869,3.1678,3.1798,3880632.0
2025-01-24 10:30:00+00:00,3.1799,3.201,3.1791,3.1955,8077528.0
2025-01-24 11:00:00+00:00,3.1955,3.1957,3.185,3.1934,3329775.0
2025-01-24 11:30:00+00:00,3.1934,3.2007,3.1821,3.1975,2846728.0
2025-01-24 12:00:00+00:00,3.1975,3.2031,3.1849,3.186,4824839.0
2025-01-24 12:30:00+00:00,3.186,3.1927,3.176,3.1926,4974092.0
2025-01-24 13:00:00+00:00,3.1927,3.1939,3.1666,3.178,4909544.0
2025-01-24 13:30:00+00:00,3.1779,3.1815,3.1708,3.18,3578500.0
2025-01-24 14:00:00+00:00,3.1799,3.19,3.1726,3.1883,3715475.0
2025-01-24 14:30:00+00:00,3.1884,3.1934,3.166,3.1817,4963048.0
2025-01-24 15:00:00+00:00,3.1817,3.1879,3.159,3.1625,4435537.0
2025-01-24 15:30:00+00:00,3.1624,3.166,3.13,3.1651,9348478.0
2025-01-24 16:00:00+00:00,3.1651,3.1704,3.1527,3.1589,3548007.0
2025-01-24 16:30:00+00:00,3.1588,3.167,3.1482,3.1515,2989699.0
2025-01-24 17:00:00+00:00,3.1516,3.1598,3.134,3.1591,8771828.0
2025-01-24 17:30:00+00:00,3.1591,3.1632,3.1488,3.1505,3147556.0
2025-01-24 18:00:00+00:00,3.1504,3.1587,3.1456,3.1548,3311554.0
2025-01-24 18:30:00+00:00,3.1548,3.1648,3.1466,3.1473,2925529.0
2025-01-24 19:00:00+00:00,3.1472,3.155,3.1424,3.1516,2531459.0
2025-01-24 19:30:00+00:00,3.1516,3.1539,3.133,3.142,5339852.0
2025-01-24 20:00:00+00:00,3.1419,3.1437,3.1108,3.117,5327213.0
2025-01-24 20:30:00+00:00,3.117,3.12,3.1007,3.1052,6330597.0
2025-01-24 21:00:00+00:00,3.1052,3.1281,3.1015,3.1224,5816944.0
2025-01-24 21:30:00+00:00,3.1224,3.1269,3.1084,3.1087,3883045.0
2025-01-24 22:00:00+00:00,3.1087,3.115,3.0955,3.1006,5152670.0
2025-01-24 22:30:00+00:00,3.1006,3.1026,3.0932,3.0949,2951401.0
2025-01-24 23:00:00+00:00,3.0949,3.0997,3.0828,3.095,3995518.0
2025-01-24 23:30:00+00:00,3.095,3.1063,3.09,3.1009,3103067.0
2025-01-25 00:00:00+00:00,3.1008,3.1216,3.0967,3.1173,3875659.0
2025-01-25 00:30:00+00:00,3.1172,3.12,3.0972,3.0989,3073089.0
2025-01-25 01:00:00+00:00,3.0988,3.1318,3.0965,3.1251,3690667.0
2025-01-25 01:30:00+00:00,3.125,3.13,3.1173,3.1207,2874362.0
2025-01-25 02:00:00+00:00,3.1207,3.1229,3.1097,3.1145,1315001.0
2025-01-25 02:30:00+00:00,3.1144,3.1248,3.1103,3.1186,1420468.0
2025-01-25 03:00:00+00:00,3.1186,3.1289,3.113,3.1269,1600937.0
2025-01-25 03:30:00+00:00,3.1269,3.134,3.1225,3.1335,1799195.0
2025-01-25 04:00:00+00:00,3.1336,3.136,3.1169,3.1193,1323364.0
2025-01-25 04:30:00+00:00,3.1194,3.1236,3.1144,3.1168,834706.0
2025-01-25 05:00:00+00:00,3.1167,3.1176,3.0949,3.1118,2749418.0
2025-01-25 05:30:00+00:00,3.1119,3.1163,3.1054,3.1082,1167173.0
2025-01-25 06:00:00+00:00,3.1082,3.1083,3.095,3.0973,1832939.0
2025-01-25 06:30:00+00:00,3.0973,3.104,3.0937,3.1024,1406609.0
2025-01-25 07:00:00+00:00,3.1024,3.1071,3.0959,3.1043,1557297.0
2025-01-25 07:30:00+00:00,3.1043,3.1087,3.102,3.1086,1024587.0
2025-01-25 08:00:00+00:00,3.1087,3.1117,3.0971,3.1012,1587958.0
2025-01-25 08:30:00+00:00,3.1011,3.1029,3.0949,3.1018,1266668.0
2025-01-25 09:00:00+00:00,3.1018,3.1067,3.0966,3.097,1367015.0
2025-01-25 09:30:00+00:00,3.0971,3.1044,3.0955,3.0995,1242351.0
2025-01-25 10:00:00+00:00,3.0995,3.0995,3.0784,3.0811,4223520.0
2025-01-25 10:30:00+00:00,3.0812,3.1022,3.08,3.1003,2271387.0
2025-01-25 11:00:00+00:00,3.1003,3.1077,3.098,3.1017,1873138.0
2025-01-25 11:30:00+00:00,3.1017,3.1167,3.1,3.1145,2246997.0
2025-01-25 12:00:00+00:00,3.1145,3.1196,3.1072,3.1074,1669595.0
2025-01-25 12:30:00+00:00,3.1074,3.1212,3.1063,3.1211,1788298.0
2025-01-25 13:00:00+00:00,3.1211,3.1279,3.1175,3.1231,2108976.0
2025-01-25 13:30:00+00:00,3.1231,3.1269,3.1106,3.1143,1761166.0
2025-01-25 14:00:00+00:00,3.1143,3.12,3.1077,3.1132,1960510.0
2025-01-25 14:30:00+00:00,3.1133,3.1156,3.1031,3.1128,2150940.0
2025-01-25 15:00:00+00:00,3.1127,3.1377,3.1115,3.1282,4120608.0
2025-01-25 15:30:00+00:00,3.1281,3.1434,3.128,3.1413,4462954.0
2025-01-25 16:00:00+00:00,3.1413,3.1446,3.126,3.1304,2595693.0
2025-01-25 16:30:00+00:00,3.1303,3.1309,3.1187,3.1281,2275933.0
2025-01-25 17:00:00+00:00,3.128,3.1293,3.1117,3.1216,1961541.0
2025-01-25 17:30:00+00:00,3.1216,3.1228,3.1113,3.1193,2463306.0
2025-01-25 18:00:00+00:00,3.1193,3.1231,3.1125,3.1216,1738423.0
2025-01-25 18:30:00+00:00,3.1217,3.1282,3.116,3.1247,1543845.0
2025-01-25 19:00:00+00:00,3.1247,3.134,3.1234,3.1289,1834128.0
2025-01-25 19:30:00+00:00,3.1289,3.1323,3.1187,3.1253,1117123.0
2025-01-25 20:00:00+00:00,3.1253,3.1328,3.1236,3.1302,1275070.0
2025-01-25 20:30:00+00:00,3.1301,3.1314,3.1196,3.1203,1214108.0
2025-01-25 21:00:00+00:00,3.1203,3.132,3.1185,3.1298,1863975.0
2025-01-25 21:30:00+00:00,3.1297,3.1391,3.1245,3.1365,3194929.0
2025-01-25 22:00:00+00:00,3.1364,3.1431,3.1316,3.1356,2374502.0
2025-01-25 22:30:00+00:00,3.1356,3.1356,3.1216,3.1236,2193124.0
2025-01-25 23:00:00+00:00,3.1236,3.1284,3.1142,3.1192,1952244.0
2025-01-25 23:30:00+00:00,3.1192,3.1199,3.1038,3.108,2244361.0
2025-01-26 00:00:00+00:00,3.1079,3.1163,3.105,3.1117,1726377.0
2025-01-26 00:30:00+00:00,3.1117,3.1261,3.1095,3.1208,2699835.0
2025-01-26 01:00:00+00:00,3.1207,3.126,3.1166,3.1239,1495872.0
2025-01-26 01:30:00+00:00,3.124,3.1304,3.1196,3.1293,1598283.0
2025-01-26 02:00:00+00:00,3.1293,3.1293,3.114,3.1174,1357681.0
2025-01-26 02:30:00+00:00,3.1173,3.1193,3.1105,3.1187,1136542.0
2025-01-26 03:00:00+00:00,3.1187,3.1351,3.1183,3.1289,2644274.0
2025-01-26 03:30:00+00:00,3.1289,3.1434,3.1288,3.135,2089115.0
2025-01-26 04:00:00+00:00,3.135,3.1443,3.1318,3.1393,3598352.0
2025-01-26 04:30:00+00:00,3.1394,3.1415,3.1319,3.1321,2902953.0
2025-01-26 05:00:00+00:00,3.1322,3.1334,3.1279,3.1281,1348345.0
2025-01-26 05:30:00+00:00,3.1282,3.135,3.1218,3.1304,1786830.0
2025-01-26 06:00:00+00:00,3.1304,3.136,3.1261,3.133,2781358.0
2025-01-26 06:30:00+00:00,3.1331,3.1353,3.1293,3.1322,2169343.0
2025-01-26 07:00:00+00:00,3.1322,3.1426,3.1315,3.1381,4272734.0
2025-01-26 07:30:00+00:00,3.138,3.1425,3.1334,3.142,1669318.0
2025-01-26 08:00:00+00:00,3.142,3.1442,3.1328,3.1331,1492612.0
2025-01-26 08:30:00+00:00,3.1332,3.1386,3.1301,3.1347,1776248.0
2025-01-26 09:00:00+00:00,3.1346,3.1355,3.1219,3.1257,1953065.0
2025-01-26 09:30:00+00:00,3.1258,3.1264,3.1103,3.115,3172200.0
2025-01-26 10:00:00+00:00,3.115,3.1189,3.1119,3.1154,1889514.0
2025-01-26 10:30:00+00:00,3.1153,3.1247,3.1151,3.1247,1343226.0
2025-01-26 11:00:00+00:00,3.1247,3.1323,3.1228,3.1298,1794924.0
2025-01-26 11:30:00+00:00,3.1299,3.1357,3.128,3.1303,1947806.0
2025-01-26 12:00:00+00:00,3.1303,3.1304,3.1194,3.1209,1868775.0
2025-01-26 12:30:00+00:00,3.1208,3.1258,3.1155,3.1257,2345946.0
2025-01-26 13:00:00+00:00,3.1257,3.1266,3.1181,3.1207,2610887.0
2025-01-26 13:30:00+00:00,3.1207,3.1214,3.116,3.1205,1536654.0
2025-01-26 14:00:00+00:00,3.1204,3.1204,3.1121,3.1126,1851298.0
2025-01-26 14:30:00+00:00,3.1126,3.1194,3.1126,3.1168,1264765.0
2025-01-26 15:00:00+00:00,3.1168,3.118,3.1137,3.1141,1374932.0
2025-01-26 15:30:00+00:00,3.1141,3.1217,3.114,3.1153,1259885.0
2025-01-26 16:00:00+00:00,3.1152,3.117,3.107,3.117,3773435.0
2025-01-26 16:30:00+00:00,3.117,3.122,3.1151,3.1181,1605954.0
2025-01-26 17:00:00+00:00,3.1182,3.1212,3.1111,3.1128,1084152.0
2025-01-26 17:30:00+00:00,3.1128,3.1225,3.1112,3.12,1142972.0
2025-01-26 18:00:00+00:00,3.12,3.126,3.1155,3.126,1657562.0
2025-01-26 18:30:00+00:00,3.126,3.1322,3.123,3.1322,1370551.0
2025-01-26 19:00:00+00:00,3.1322,3.1328,3.1258,3.131,917324.0
2025-01-26 19:30:00+00:00,3.131,3.1375,3.1293,3.131,1353847.0
2025-01-26 20:00:00+00:00,3.131,3.1321,3.1246,3.1304,1160299.0
2025-01-26 20:30:00+00:00,3.1304,3.1316,3.1232,3.1258,1080343.0
2025-01-26 21:00:00+00:00,3.1259,3.1267,3.1103,3.1148,2474711.0
2025-01-26 21:30:00+00:00,3.1148,3.1171,3.0971,3.0975,5823476.0
2025-01-26 22:00:00+00:00,3.0975,3.0987,3.07,3.0847,10023817.0
2025-01-26 22:30:00+00:00,3.0847,3.0962,3.0717,3.0813,4019096.0
2025-01-26 23:00:00+00:00,3.0813,3.0813,3.0115,3.0407,17588862.0
2025-01-26 23:30:00+00:00,3.0407,3.0407,3.0162,3.0223,9101463.0
2025-01-27 00:00:00+00:00,3.0222,3.0394,2.9701,3.0202,20437016.0
2025-01-27 00:30:00+00:00,3.0203,3.0208,2.987,2.9893,7639114.0
2025-01-27 01:00:00+00:00,2.9894,3.0057,2.9583,2.986,8907391.0
2025-01-27 01:30:00+00:00,2.986,3.0133,2.98,2.9807,6153705.0
2025-01-27 02:00:00+00:00,2.9806,2.987,2.9423,2.9604,10083022.0
2025-01-27 02:30:00+00:00,2.9603,2.9849,2.9456,2.9775,9734339.0
2025-01-27 03:00:00+00:00,2.9776,3.02,2.9704,3.011,8291837.0
2025-01-27 03:30:00+00:00,3.011,3.017,3.0007,3.0047,4858133.0
2025-01-27 04:00:00+00:00,3.0047,3.0047,2.9748,2.975,4644995.0
2025-01-27 04:30:00+00:00,2.975,2.984,2.9573,2.9618,4864231.0
2025-01-27 05:00:00+00:00,2.9617,2.9663,2.9328,2.9461,8565962.0
2025-01-27 05:30:00+00:00,2.946,2.9461,2.9035,2.9355,18166769.0
2025-01-27 06:00:00+00:00,2.9355,2.9477,2.9152,2.9176,7891026.0
2025-01-27 06:30:00+00:00,2.9175,2.9175,2.8376,2.8565,33909319.0
2025-01-27 07:00:00+00:00,2.8564,2.8732,2.6559,2.6847,73185226.0
2025-01-27 07:30:00+00:00,2.6833,2.8344,2.6682,2.8103,56789577.0
2025-01-27 08:00:00+00:00,2.8104,2.8132,2.6989,2.7822,33745819.0
2025-01-27 08:30:00+00:00,2.7822,2.7928,2.7171,2.7928,18784173.0
2025-01-27 09:00:00+00:00,2.7929,2.8329,2.7748,2.786,16230948.0
2025-01-27 09:30:00+00:00,2.786,2.83,2.7833,2.828,9680254.0
2025-01-27 10:00:00+00:00,2.8279,2.8289,2.7907,2.794,8856054.0
2025-01-27 10:30:00+00:00,2.7941,2.7988,2.7487,2.762,11085944.0
2025-01-27 11:00:00+00:00,2.762,2.8222,2.7615,2.8101,11739968.0
2025-01-27 11:30:00+00:00,2.81,2.824,2.7885,2.7886,7630341.0
2025-01-27 12:00:00+00:00,2.7886,2.8179,2.77,2.7794,8507298.0
2025-01-27 12:30:00+00:00,2.7794,2.8823,2.7711,2.8779,22663088.0
2025-01-27 13:00:00+00:00,2.8779,2.923,2.8589,2.9009,25989577.0
2025-01-27 13:30:00+00:00,2.901,2.9169,2.8594,2.8686,13523255.0
2025-01-27 14:00:00+00:00,2.8686,2.887,2.8562,2.8758,7965957.0
2025-01-27 14:30:00+00:00,2.8757,2.9647,2.8616,2.9528,23951527.0
2025-01-27 15:00:00+00:00,2.9527,3.0005,2.9364,2.974,26671244.0
2025-01-27 15:30:00+00:00,2.9739,2.9881,2.9531,2.9566,7081995.0
2025-01-27 16:00:00+00:00,2.9566,3.0261,2.947,2.9949,13022948.0
2025-01-27 16:30:00+00:00,2.9948,2.9948,2.9136,2.9248,13002865.0
2025-01-27 17:00:00+00:00,2.9247,2.9452,2.8892,2.922,10673820.0
2025-01-27 17:30:00+00:00,2.9219,2.945,2.9035,2.9135,8252819.0
2025-01-27 18:00:00+00:00,2.9136,2.9349,2.8868,2.8931,5988337.0
2025-01-27 18:30:00+00:00,2.8931,2.91,2.8772,2.891,6586014.0
2025-01-27 19:00:00+00:00,2.891,2.921,2.8909,2.9193,4687043.0
2025-01-27 19:30:00+00:00,2.9193,2.9283,2.9002,2.9159,3813565.0
2025-01-27 20:00:00+00:00,2.9159,2.9525,2.9153,2.9477,5980335.0
2025-01-27 20:30:00+00:00,2.9477,3.0065,2.9477,3.0011,8729149.0
2025-01-27 21:00:00+00:00,3.001,3.0587,2.9976,3.0477,15574067.0
2025-01-27 21:30:00+00:00,3.0478,3.0551,2.9948,3.013,10327256.0
2025-01-27 22:00:00+00:00,3.013,3.029,3.0012,3.0135,5122388.0
2025-01-27 22:30:00+00:00,3.0134,3.0438,3.0112,3.035,3264867.0
2025-01-27 23:00:00+00:00,3.035,3.0467,3.0205,3.0233,3192037.0
2025-01-27 23:30:00+00:00,3.0233,3.0583,3.023,3.0552,3609560.0
2025-01-28 00:00:00+00:00,3.0552,3.0936,3.0495,3.0696,11015462.0
2025-01-28 00:30:00+00:00,3.0696,3.0713,3.0316,3.0384,5410040.0
2025-01-28 01:00:00+00:00,3.0384,3.0418,3.0062,3.0085,5103689.0
2025-01-28 01:30:00+00:00,3.0084,3.0322,3.007,3.0197,4477327.0
2025-01-28 02:00:00+00:00,3.0196,3.0626,3.0186,3.0487,5198047.0
2025-01-28 02:30:00+00:00,3.0487,3.0612,3.0406,3.0605,4095307.0
2025-01-28 03:00:00+00:00,3.0605,3.0778,3.0422,3.0767,5883308.0
2025-01-28 03:30:00+00:00,3.0766,3.095,3.0697,3.0879,9899331.0
2025-01-28 04:00:00+00:00,3.088,3.1185,3.0849,3.1096,7993977.0
2025-01-28 04:30:00+00:00,3.1096,3.1509,3.1079,3.1196,15281083.0
2025-01-28 05:00:00+00:00,3.1196,3.1263,3.1035,3.1173,4907647.0
2025-01-28 05:30:00+00:00,3.1173,3.1246,3.0948,3.103,4812978.0
2025-01-28 06:00:00+00:00,3.1031,3.1178,3.0945,3.1163,6573642.0
2025-01-28 06:30:00+00:00,3.1163,3.1192,3.0955,3.1014,4623451.0
2025-01-28 07:00:00+00:00,3.1013,3.1212,3.0913,3.1148,4464466.0
2025-01-28 07:30:00+00:00,3.1148,3.1199,3.098,3.1052,2848083.0
2025-01-28 08:00:00+00:00,3.1053,3.1164,3.0934,3.1052,4104612.0
2025-01-28 08:30:00+00:00,3.1052,3.1095,3.0916,3.1042,2849497.0
2025-01-28 09:00:00+00:00,3.1042,3.1079,3.0717,3.0741,4652842.0
2025-01-28 09:30:00+00:00,3.0742,3.1114,3.0734,3.1015,8056191.0
2025-01-28 10:00:00+00:00,3.1014,3.1349,3.101,3.1239,7907995.0
2025-01-28 10:30:00+00:00,3.1238,3.1383,3.1134,3.1161,6840212.0
2025-01-28 11:00:00+00:00,3.1162,3.138,3.1162,3.1287,6087240.0
2025-01-28 11:30:00+00:00,3.1286,3.1446,3.1097,3.137,7385058.0
2025-01-28 12:00:00+00:00,3.1371,3.197,3.1283,3.1612,19889335.0
2025-01-28 12:30:00+00:00,3.1613,3.1812,3.1495,3.1701,9965064.0
2025-01-28 13:00:00+00:00,3.1701,3.1851,3.1579,3.162,7745442.0
2025-01-28 13:30:00+00:00,3.162,3.1634,3.1425,3.1486,6037299.0
2025-01-28 14:00:00+00:00,3.1487,3.1498,3.1151,3.1491,12035234.0
2025-01-28 14:30:00+00:00,3.1492,3.1748,3.1392,3.159,9142522.0
2025-01-28 15:00:00+00:00,3.1591,3.2125,3.158,3.1959,23125437.0
2025-01-28 15:30:00+00:00,3.196,3.214,3.1581,3.1857,13988725.0
2025-01-28 16:00:00+00:00,3.1858,3.1919,3.1586,3.164,7030987.0
2025-01-28 16:30:00+00:00,3.1641,3.198,3.1555,3.1767,7904231.0
2025-01-28 17:00:00+00:00,3.1768,3.1874,3.1651,3.172,6338290.0
2025-01-28 17:30:00+00:00,3.1719,3.174,3.1461,3.1548,5167138.0
2025-01-28 18:00:00+00:00,3.1549,3.179,3.1545,3.1691,4281835.0
2025-01-28 18:30:00+00:00,3.169,3.174,3.1301,3.1372,5835496.0
2025-01-28 19:00:00+00:00,3.1371,3.1473,3.122,3.1451,5367999.0
2025-01-28 19:30:00+00:00,3.1452,3.1479,3.1273,3.1374,2786571.0
2025-01-28 20:00:00+00:00,3.1374,3.1405,3.1079,3.1104,5082802.0
2025-01-28 20:30:00+00:00,3.1104,3.114,3.0724,3.0787,12706350.0
2025-01-28 21:00:00+00:00,3.0787,3.1038,3.0748,3.0959,5883827.0
2025-01-28 21:30:00+00:00,3.096,3.097,3.0149,3.0162,16585811.0
2025-01-28 22:00:00+00:00,3.0162,3.0747,3.0124,3.0442,14325651.0
2025-01-28 22:30:00+00:00,3.0441,3.0792,3.0227,3.0749,8306275.0
2025-01-28 23:00:00+00:00,3.0749,3.0839,3.0488,3.0524,4793744.0
2025-01-28 23:30:00+00:00,3.0525,3.0658,3.0379,3.0572,4673236.0
2025-01-29 00:00:00+00:00,3.0572,3.083,3.0551,3.0694,3823517.0
2025-01-29 00:30:00+00:00,3.0693,3.0944,3.0642,3.0761,4468901.0
2025-01-29 01:00:00+00:00,3.0761,3.0883,3.0693,3.0765,3449710.0
2025-01-29 01:30:00+00:00,3.0765,3.08,3.0615,3.0679,2440623.0
2025-01-29 02:00:00+00:00,3.068,3.0962,3.068,3.0733,2983040.0
2025-01-29 02:30:00+00:00,3.0733,3.0782,3.0602,3.0652,1879120.0
2025-01-29 03:00:00+00:00,3.0653,3.0833,3.0632,3.0822,2977133.0
2025-01-29 03:30:00+00:00,3.0822,3.0918,3.0753,3.0843,2030453.0
2025-01-29 04:00:00+00:00,3.0843,3.0919,3.0732,3.091,2521878.0
2025-01-29 04:30:00+00:00,3.091,3.0949,3.0855,3.0928,1604499.0
2025-01-29 05:00:00+00:00,3.0928,3.1088,3.0861,3.1075,3003310.0
2025-01-29 05:30:00+00:00,3.1075,3.1208,3.1006,3.1197,3395483.0
2025-01-29 06:00:00+00:00,3.1197,3.1237,3.11,3.1103,2661192.0
2025-01-29 06:30:00+00:00,3.1102,3.1217,3.1102,3.1175,3063954.0
2025-01-29 07:00:00+00:00,3.1174,3.1175,3.0967,3.1076,4468471.0
2025-01-29 07:30:00+00:00,3.1076,3.1139,3.0988,3.1061,2492701.0
2025-01-29 08:00:00+00:00,3.1061,3.1296,3.1038,3.1201,4096501.0
2025-01-29 08:30:00+00:00,3.1201,3.1242,3.0983,3.1024,3870203.0
2025-01-29 09:00:00+00:00,3.1024,3.105,3.0712,3.077,5993679.0
2025-01-29 09:30:00+00:00,3.0771,3.0923,3.0769,3.0813,4032604.0
2025-01-29 10:00:00+00:00,3.0813,3.0977,3.0725,3.0946,3708288.0
2025-01-29 10:30:00+00:00,3.0947,3.0993,3.0852,3.0901,2477617.0
2025-01-29 11:00:00+00:00,3.0901,3.0991,3.0851,3.0927,2068315.0
2025-01-29 11:30:00+00:00,3.0927,3.0966,3.0805,3.0867,3744230.0
2025-01-29 12:00:00+00:00,3.0867,3.1005,3.0772,3.0795,2971363.0
2025-01-29 12:30:00+00:00,3.0795,3.0855,3.0617,3.064,4308034.0
2025-01-29 13:00:00+00:00,3.0639,3.0662,3.0255,3.0353,10019072.0
2025-01-29 13:30:00+00:00,3.0353,3.0597,3.0288,3.0582,5248337.0
2025-01-29 14:00:00+00:00,3.0582,3.077,3.0532,3.071,3391424.0
2025-01-29 14:30:00+00:00,3.071,3.075,3.046,3.0617,3893645.0
2025-01-29 15:00:00+00:00,3.0618,3.0804,3.059,3.0643,3377125.0
2025-01-29 15:30:00+00:00,3.0643,3.0714,3.0542,3.0649,2041497.0
2025-01-29 16:00:00+00:00,3.0649,3.066,3.0394,3.0427,3622479.0
2025-01-29 16:30:00+00:00,3.0428,3.0483,3.0161,3.0403,9228737.0
2025-01-29 17:00:00+00:00,3.0403,3.0695,3.039,3.0595,3980907.0
2025-01-29 17:30:00+00:00,3.0595,3.069,3.0387,3.0417,4736553.0
2025-01-29 18:00:00+00:00,3.0418,3.0456,3.0178,3.0278,6969394.0
2025-01-29 18:30:00+00:00,3.0278,3.0666,3.0277,3.0655,7827548.0
2025-01-29 19:00:00+00:00,3.0655,3.0655,2.9673,2.978,27140642.0
2025-01-29 19:30:00+00:00,2.9779,3.1278,2.9731,3.0726,32289805.0
2025-01-29 20:00:00+00:00,3.0725,3.1363,3.0365,3.1121,16078583.0
2025-01-29 20:30:00+00:00,3.1122,3.1285,3.0835,3.0968,9577484.0
2025-01-29 21:00:00+00:00,3.0967,3.1062,3.0747,3.1007,5684883.0
2025-01-29 21:30:00+00:00,3.1006,3.1143,3.0885,3.0909,4651741.0
2025-01-29 22:00:00+00:00,3.091,3.095,3.0747,3.0913,2719445.0
2025-01-29 22:30:00+00:00,3.0913,3.102,3.0762,3.0794,1960716.0
2025-01-29 23:00:00+00:00,3.0795,3.1004,3.0779,3.087,3077794.0
2025-01-29 23:30:00+00:00,3.087,3.0876,3.0636,3.0683,2704025.0
2025-01-30 00:00:00+00:00,3.0683,3.0757,3.0516,3.0535,2862559.0
2025-01-30 00:30:00+00:00,3.0536,3.0877,3.0466,3.0796,3073330.0
2025-01-30 01:00:00+00:00,3.0795,3.124,3.075,3.1033,7185516.0
2025-01-30 01:30:00+00:00,3.1033,3.116,3.0988,3.1009,3766652.0
2025-01-30 02:00:00+00:00,3.1009,3.1082,3.0917,3.1064,2521784.0
2025-01-30 02:30:00+00:00,3.1064,3.1114,3.099,3.1089,2595683.0
2025-01-30 03:00:00+00:00,3.1089,3.115,3.1028,3.1062,2769561.0
2025-01-30 03:30:00+00:00,3.1063,3.124,3.102,3.1216,5371945.0
2025-01-30 04:00:00+00:00,3.1216,3.1343,3.1158,3.1287,4966404.0
2025-01-30 04:30:00+00:00,3.1288,3.1356,3.1187,3.1265,3765853.0
2025-01-30 05:00:00+00:00,3.1266,3.1274,3.1091,3.1109,2580311.0
2025-01-30 05:30:00+00:00,3.1109,3.1176,3.1067,3.1165,1833791.0
2025-01-30 06:00:00+00:00,3.1166,3.1258,3.116,3.117,2009602.0
2025-01-30 06:30:00+00:00,3.117,3.1252,3.1152,3.1204,2061544.0
2025-01-30 07:00:00+00:00,3.1205,3.1255,3.1028,3.1073,2991743.0
2025-01-30 07:30:00+00:00,3.1072,3.1099,3.0972,3.1085,3158173.0
2025-01-30 08:00:00+00:00,3.1086,3.1158,3.0964,3.1075,3304770.0
2025-01-30 08:30:00+00:00,3.1074,3.1074,3.0991,3.0991,1937047.0
2025-01-30 09:00:00+00:00,3.0991,3.11,3.0966,3.1096,2747294.0
2025-01-30 09:30:00+00:00,3.1095,3.1156,3.1058,3.1099,2336024.0
2025-01-30 10:00:00+00:00,3.1099,3.1106,3.0972,3.1085,2806006.0
2025-01-30 10:30:00+00:00,3.1085,3.115,3.0994,3.1034,4406981.0
2025-01-30 11:00:00+00:00,3.1034,3.1034,3.0967,3.0989,3700476.0
2025-01-30 11:30:00+00:00,3.0989,3.1119,3.0971,3.102,2813353.0
2025-01-30 12:00:00+00:00,3.102,3.102,3.0871,3.0922,3710428.0
2025-01-30 12:30:00+00:00,3.0922,3.0944,3.0828,3.092,2978463.0
2025-01-30 13:00:00+00:00,3.0919,3.104,3.0835,3.1013,2836255.0
2025-01-30 13:30:00+00:00,3.1013,3.1059,3.0872,3.0983,3578573.0
2025-01-30 14:00:00+00:00,3.0982,3.1027,3.0919,3.1017,2704412.0
2025-01-30 14:30:00+00:00,3.1016,3.1277,3.096,3.12,6394878.0
2025-01-30 15:00:00+00:00,3.12,3.1544,3.1166,3.1205,14962229.0
2025-01-30 15:30:00+00:00,3.1205,3.1384,3.1184,3.1203,5467878.0
2025-01-30 16:00:00+00:00,3.1204,3.136,3.1165,3.1251,3762176.0
2025-01-30 16:30:00+00:00,3.1251,3.1293,3.1179,3.1233,2590216.0
2025-01-30 17:00:00+00:00,3.1232,3.1239,3.1092,3.1121,3422409.0
2025-01-30 17:30:00+00:00,3.1121,3.1178,3.1072,3.1146,1873389.0
2025-01-30 18:00:00+00:00,3.1147,3.1188,3.0991,3.1036,2733154.0
2025-01-30 18:30:00+00:00,3.1035,3.1309,3.1007,3.1232,5688154.0
2025-01-30 19:00:00+00:00,3.1233,3.145,3.1194,3.1312,5917848.0
2025-01-30 19:30:00+00:00,3.1311,3.1344,3.1156,3.1299,3765472.0
2025-01-30 20:00:00+00:00,3.1299,3.1383,3.1222,3.134,2506982.0
2025-01-30 20:30:00+00:00,3.1341,3.14,3.1143,3.1188,3326182.0
2025-01-30 21:00:00+00:00,3.1188,3.1295,3.1187,3.1254,1843849.0
2025-01-30 21:30:00+00:00,3.1253,3.1326,3.1223,3.1276,2434390.0
2025-01-30 22:00:00+00:00,3.1275,3.1362,3.1211,3.1314,1789656.0
2025-01-30 22:30:00+00:00,3.1315,3.1425,3.1313,3.1348,3172740.0
2025-01-30 23:00:00+00:00,3.1349,3.154,3.1336,3.151,5603871.0
2025-01-30 23:30:00+00:00,3.151,3.1513,3.1267,3.1276,2513308.0
2025-01-31 00:00:00+00:00,3.1276,3.1333,3.11,3.1223,4390781.0
2025-01-31 00:30:00+00:00,3.1223,3.1227,3.106,3.1096,2391470.0
2025-01-31 01:00:00+00:00,3.1096,3.1154,3.1023,3.105,1914617.0
2025-01-31 01:30:00+00:00,3.1051,3.1109,3.1004,3.1066,1090908.0
2025-01-31 02:00:00+00:00,3.1066,3.1098,3.0956,3.0977,2508341.0
2025-01-31 02:30:00+00:00,3.0978,3.105,3.0959,3.1,2232534.0
2025-01-31 03:00:00+00:00,3.0999,3.0999,3.0792,3.0867,7533568.0
2025-01-31 03:30:00+00:00,3.0867,3.0947,3.0815,3.0929,2533936.0
2025-01-31 04:00:00+00:00,3.0929,3.093,3.0762,3.087,3530695.0
2025-01-31 04:30:00+00:00,3.087,3.0876,3.071,3.0761,3782103.0
2025-01-31 05:00:00+00:00,3.0761,3.0901,3.0754,3.0839,2218034.0
2025-01-31 05:30:00+00:00,3.0839,3.0884,3.0806,3.0881,1974664.0
2025-01-31 06:00:00+00:00,3.088,3.0961,3.0854,3.0957,1985099.0
2025-01-31 06:30:00+00:00,3.0958,3.0985,3.0873,3.0897,2795211.0
2025-01-31 07:00:00+00:00,3.0897,3.0943,3.0863,3.0874,2973673.0
2025-01-31 07:30:00+00:00,3.0875,3.0878,3.07,3.0794,4389043.0
2025-01-31 08:00:00+00:00,3.0794,3.0827,3.0637,3.0659,2688083.0
2025-01-31 08:30:00+00:00,3.0659,3.071,3.0588,3.0645,3608841.0
2025-01-31 09:00:00+00:00,3.0645,3.0755,3.0631,3.074,2158162.0
2025-01-31 09:30:00+00:00,3.074,3.081,3.0721,3.081,1905148.0
2025-01-31 10:00:00+00:00,3.081,3.081,3.0713,3.0727,1707280.0
2025-01-31 10:30:00+00:00,3.0728,3.0835,3.0703,3.0784,2037565.0
2025-01-31 11:00:00+00:00,3.0783,3.1022,3.0753,3.1,4636491.0
2025-01-31 11:30:00+00:00,3.1,3.1007,3.0877,3.0983,2252537.0
2025-01-31 12:00:00+00:00,3.0982,3.1118,3.089,3.1009,3031843.0
2025-01-31 12:30:00+00:00,3.1009,3.1011,3.0876,3.0953,2587461.0
2025-01-31 13:00:00+00:00,3.0954,3.107,3.0943,3.103,2696816.0
2025-01-31 13:30:00+00:00,3.103,3.1066,3.0927,3.0954,2825225.0
2025-01-31 14:00:00+00:00,3.0953,3.1002,3.0885,3.0944,3870815.0
2025-01-31 14:30:00+00:00,3.0945,3.0998,3.0705,3.0831,4290323.0
2025-01-31 15:00:00+00:00,3.0831,3.1021,3.0825,3.1011,3169833.0
2025-01-31 15:30:00+00:00,3.1011,3.1148,3.0981,3.0989,4981985.0
2025-01-31 16:00:00+00:00,3.0989,3.1039,3.0789,3.0797,4060343.0
2025-01-31 16:30:00+00:00,3.0796,3.0939,3.0795,3.0906,2124216.0
2025-01-31 17:00:00+00:00,3.0906,3.0915,3.0794,3.0877,2600444.0
2025-01-31 17:30:00+00:00,3.0878,3.0881,3.0755,3.0757,1817561.0
2025-01-31 18:00:00+00:00,3.0757,3.08,3.0567,3.057,5846373.0
2025-01-31 18:30:00+00:00,3.057,3.0571,3.0143,3.0315,14987534.0
2025-01-31 19:00:00+00:00,3.0316,3.0505,3.0285,3.0363,5741976.0
2025-01-31 19:30:00+00:00,3.0362,3.0448,3.022,3.0329,5220904.0
2025-01-31 20:00:00+00:00,3.0328,3.0328,3.003,3.0102,7045065.0
2025-01-31 20:30:00+00:00,3.0101,3.0298,3.0043,3.0195,4046664.0
2025-01-31 21:00:00+00:00,3.0194,3.028,3.0032,3.0142,3150618.0
2025-01-31 21:30:00+00:00,3.0143,3.037,3.011,3.0369,2648390.0
2025-01-31 22:00:00+00:00,3.0369,3.0433,3.028,3.0415,2027734.0
2025-01-31 22:30:00+00:00,3.0414,3.0472,3.0315,3.0387,1473964.0
2025-01-31 23:00:00+00:00,3.0386,3.0434,3.0274,3.0409,1674271.0
2025-01-31 23:30:00+00:00,3.0409,3.042,3.032,3.0361,1076180.0
2025-02-01 00:00:00+00:00,3.0361,3.0433,3.0263,3.0295,1901240.0
2025-02-01 00:30:00+00:00,3.0294,3.044,3.0279,3.044,1285938.0
2025-02-01 01:00:00+00:00,3.0439,3.0543,3.0421,3.0542,2246547.0
2025-02-01 01:30:00+00:00,3.0541,3.0631,3.0503,3.0536,1823311.0
2025-02-01 02:00:00+00:00,3.0536,3.0727,3.0492,3.0661,1949595.0
2025-02-01 02:30:00+00:00,3.0661,3.0689,3.0564,3.058,1431441.0
2025-02-01 03:00:00+00:00,3.058,3.059,3.0457,3.0478,1272730.0
2025-02-01 03:30:00+00:00,3.0478,3.0478,3.0299,3.0403,2013447.0
2025-02-01 04:00:00+00:00,3.0404,3.0469,3.0357,3.0433,1105393.0
2025-02-01 04:30:00+00:00,3.0432,3.0516,3.041,3.0435,1397681.0
2025-02-01 05:00:00+00:00,3.0435,3.0543,3.0423,3.0534,825242.0
2025-02-01 05:30:00+00:00,3.0534,3.0578,3.0504,3.0552,2319072.0
2025-02-01 06:00:00+00:00,3.0551,3.0551,3.0442,3.0473,1883095.0
2025-02-01 06:30:00+00:00,3.0472,3.0497,3.0369,3.0485,1529560.0
2025-02-01 07:00:00+00:00,3.0485,3.0535,3.0378,3.042,1155301.0
2025-02-01 07:30:00+00:00,3.042,3.0436,3.0276,3.0309,1876878.0
2025-02-01 08:00:00+00:00,3.0309,3.0394,3.0153,3.0216,3315086.0
2025-02-01 08:30:00+00:00,3.0216,3.0307,3.0086,3.0261,2798033.0
2025-02-01 09:00:00+00:00,3.026,3.0273,2.9984,3.0072,4044434.0
2025-02-01 09:30:00+00:00,3.0073,3.0089,2.9466,2.9751,15575069.0
2025-02-01 10:00:00+00:00,2.9752,2.9865,2.9718,2.9835,5719363.0
2025-02-01 10:30:00+00:00,2.9834,2.9934,2.9654,2.9666,5157701.0
2025-02-01 11:00:00+00:00,2.9666,2.9847,2.9651,2.983,3093675.0
2025-02-01 11:30:00+00:00,2.9831,2.9956,2.9792,2.9947,2166254.0
2025-02-01 12:00:00+00:00,2.9947,2.9947,2.9874,2.9923,2794713.0
2025-02-01 12:30:00+00:00,2.9924,3.0083,2.9915,3.0006,2879416.0
2025-02-01 13:00:00+00:00,3.0007,3.0024,2.9961,3.001,1905496.0
2025-02-01 13:30:00+00:00,3.001,3.0018,2.9744,2.9767,2801680.0
2025-02-01 14:00:00+00:00,2.9766,2.9889,2.9712,2.9817,2721539.0
2025-02-01 14:30:00+00:00,2.9816,2.9859,2.9611,2.9624,3307244.0
2025-02-01 15:00:00+00:00,2.9625,2.9698,2.9506,2.968,4311037.0
2025-02-01 15:30:00+00:00,2.968,2.9772,2.9635,2.9734,2194333.0
2025-02-01 16:00:00+00:00,2.9734,2.9862,2.9662,2.9859,2582566.0
2025-02-01 16:30:00+00:00,2.9859,2.987,2.9635,2.9655,2105530.0
2025-02-01 17:00:00+00:00,2.9654,3.0017,2.9654,2.992,4101727.0
2025-02-01 17:30:00+00:00,2.992,2.9946,2.9832,2.9937,1570412.0
2025-02-01 18:00:00+00:00,2.9938,2.996,2.9813,2.9872,2396354.0
2025-02-01 18:30:00+00:00,2.9872,2.9904,2.963,2.9647,1753209.0
2025-02-01 19:00:00+00:00,2.9648,2.9671,2.9372,2.9407,5630788.0
2025-02-01 19:30:00+00:00,2.9407,2.9411,2.9075,2.9388,7717551.0
2025-02-01 20:00:00+00:00,2.9388,2.9389,2.9,2.9139,6940018.0
2025-02-01 20:30:00+00:00,2.9138,2.9331,2.9,2.9241,7081350.0
2025-02-01 21:00:00+00:00,2.924,2.945,2.9115,2.9358,4972906.0
2025-02-01 21:30:00+00:00,2.9359,2.9361,2.9082,2.912,3671577.0
2025-02-01 22:00:00+00:00,2.912,2.9268,2.8802,2.8819,7251027.0
2025-02-01 22:30:00+00:00,2.8818,2.9059,2.8636,2.8869,6415325.0
2025-02-01 23:00:00+00:00,2.887,2.887,2.8281,2.8527,10330777.0
2025-02-01 23:30:00+00:00,2.8526,2.9005,2.851,2.8778,8278743.0
2025-02-02 00:00:00+00:00,2.8779,2.915,2.875,2.9144,5690801.0
2025-02-02 00:30:00+00:00,2.9145,2.9381,2.9102,2.929,5995037.0
2025-02-02 01:00:00+00:00,2.9289,2.9559,2.9236,2.9484,5778354.0
2025-02-02 01:30:00+00:00,2.9483,2.9507,2.9293,2.9376,3182291.0
2025-02-02 02:00:00+00:00,2.9375,2.9382,2.9016,2.9131,5022049.0
2025-02-02 02:30:00+00:00,2.9131,2.9131,2.8806,2.8852,3566951.0
2025-02-02 03:00:00+00:00,2.8853,2.9,2.8333,2.8447,12382785.0
2025-02-02 03:30:00+00:00,2.8446,2.8674,2.8273,2.8338,9057713.0
2025-02-02 04:00:00+00:00,2.8337,2.8636,2.8221,2.8584,8012343.0
2025-02-02 04:30:00+00:00,2.8584,2.8637,2.8382,2.8399,4622381.0
2025-02-02 05:00:00+00:00,2.84,2.9143,2.8364,2.8922,10084089.0
2025-02-02 05:30:00+00:00,2.8921,2.9087,2.8893,2.8992,4150854.0
2025-02-02 06:00:00+00:00,2.8992,2.9243,2.8947,2.9195,3720377.0
2025-02-02 06:30:00+00:00,2.9196,2.9272,2.8962,2.9016,2637465.0
2025-02-02 07:00:00+00:00,2.9017,2.9073,2.8762,2.879,7187657.0
2025-02-02 07:30:00+00:00,2.8791,2.8861,2.8636,2.8818,5484251.0
2025-02-02 08:00:00+00:00,2.8817,2.9037,2.8745,2.8963,3177228.0
2025-02-02 08:30:00+00:00,2.8963,2.9154,2.8957,2.9008,2939670.0
2025-02-02 09:00:00+00:00,2.9007,2.901,2.8834,2.8932,2147243.0
2025-02-02 09:30:00+00:00,2.8933,2.8989,2.88,2.8977,1890855.0
2025-02-02 10:00:00+00:00,2.8977,2.9001,2.8528,2.8637,4141905.0
2025-02-02 10:30:00+00:00,2.8636,2.8772,2.8529,2.8639,3209201.0
2025-02-02 11:00:00+00:00,2.8639,2.8712,2.8253,2.8294,6130426.0
2025-02-02 11:30:00+00:00,2.8294,2.8409,2.7823,2.7871,16169294.0
2025-02-02 12:00:00+00:00,2.7871,2.8192,2.781,2.8004,7644805.0
2025-02-02 12:30:00+00:00,2.8004,2.8004,2.7325,2.7336,19542380.0
2025-02-02 13:00:00+00:00,2.7336,2.7869,2.7336,2.7816,11860014.0
2025-02-02 13:30:00+00:00,2.7817,2.8248,2.7725,2.8204,9383487.0
2025-02-02 14:00:00+00:00,2.8205,2.85,2.8106,2.8499,8059164.0
2025-02-02 14:30:00+00:00,2.85,2.8501,2.8178,2.8204,5641134.0
2025-02-02 15:00:00+00:00,2.8204,2.8204,2.7832,2.7833,6670281.0
2025-02-02 15:30:00+00:00,2.7833,2.8163,2.7747,2.8106,6630272.0
2025-02-02 16:00:00+00:00,2.8107,2.811,2.7578,2.7578,7583610.0
2025-02-02 16:30:00+00:00,2.7578,2.7643,2.6881,2.7111,26662628.0
2025-02-02 17:00:00+00:00,2.7111,2.7327,2.65,2.6755,27369484.0
2025-02-02 17:30:00+00:00,2.6756,2.7056,2.5233,2.5742,74587514.0
2025-02-02 18:00:00+00:00,2.5742,2.6277,2.5321,2.6237,40190830.0
2025-02-02 18:30:00+00:00,2.6236,2.6242,2.5001,2.5384,41095587.0
2025-02-02 19:00:00+00:00,2.5384,2.6154,2.5044,2.6129,33434130.0
2025-02-02 19:30:00+00:00,2.6129,2.7009,2.609,2.6687,45198792.0
2025-02-02 20:00:00+00:00,2.6687,2.7207,2.6551,2.6943,21679716.0
2025-02-02 20:30:00+00:00,2.6943,2.7005,2.6253,2.6341,14892832.0
2025-02-02 21:00:00+00:00,2.6341,2.6459,2.5732,2.5869,18299117.0
2025-02-02 21:30:00+00:00,2.587,2.6293,2.5794,2.6082,14795540.0
2025-02-02 22:00:00+00:00,2.6082,2.6535,2.5872,2.6005,13705595.0
2025-02-02 22:30:00+00:00,2.6004,2.6006,2.4603,2.5837,31907084.0
2025-02-02 23:00:00+00:00,2.5836,2.5836,2.4694,2.5028,36582919.0
2025-02-02 23:30:00+00:00,2.5029,2.5862,2.4907,2.58,24290877.0
2025-02-03 00:00:00+00:00,2.5801,2.5813,2.3833,2.4047,57574193.0
2025-02-03 00:30:00+00:00,2.4046,2.4405,2.1817,2.3937,164560231.0
2025-02-03 01:00:00+00:00,2.3941,2.4157,2.259,2.2901,69771846.0
2025-02-03 01:30:00+00:00,2.2901,2.3189,2.0,2.0976,145436389.0
2025-02-03 02:00:00+00:00,2.0984,2.1725,1.7711,2.12,197838701.0
2025-02-03 02:30:00+00:00,2.1199,2.1743,2.08,2.1529,77356121.0
2025-02-03 03:00:00+00:00,2.153,2.3216,2.1458,2.2343,83678845.0
2025-02-03 03:30:00+00:00,2.234,2.2789,2.1859,2.2589,48840061.0
2025-02-03 04:00:00+00:00,2.2589,2.3215,2.1789,2.1897,44035396.0
2025-02-03 04:30:00+00:00,2.1897,2.2087,2.119,2.1389,42728822.0
2025-02-03 05:00:00+00:00,2.1389,2.2263,2.1307,2.2095,30647471.0
2025-02-03 05:30:00+00:00,2.2095,2.3,2.2072,2.2932,23890111.0
2025-02-03 06:00:00+00:00,2.2932,2.3486,2.2536,2.3262,25431976.0
2025-02-03 06:30:00+00:00,2.3261,2.3442,2.2783,2.3174,22070841.0
2025-02-03 07:00:00+00:00,2.3173,2.3988,2.3055,2.3918,27419370.0
2025-02-03 07:30:00+00:00,2.3918,2.4531,2.3752,2.4298,40886286.0
2025-02-03 08:00:00+00:00,2.4298,2.4298,2.3454,2.3563,22858302.0
2025-02-03 08:30:00+00:00,2.3563,2.3653,2.3082,2.3616,20955120.0
2025-02-03 09:00:00+00:00,2.3616,2.41,2.3518,2.3832,20908852.0
2025-02-03 09:30:00+00:00,2.3833,2.4015,2.3602,2.3733,15562632.0
2025-02-03 10:00:00+00:00,2.3735,2.3929,2.3343,2.3668,14496478.0
2025-02-03 10:30:00+00:00,2.3669,2.4405,2.365,2.432,15101241.0
2025-02-03 11:00:00+00:00,2.4319,2.4329,2.3751,2.3791,12848209.0
2025-02-03 11:30:00+00:00,2.3792,2.3809,2.3498,2.372,10671465.0
2025-02-03 12:00:00+00:00,2.372,2.4368,2.3666,2.4072,16290965.0
2025-02-03 12:30:00+00:00,2.4072,2.4261,2.3515,2.3586,14990589.0
2025-02-03 13:00:00+00:00,2.3585,2.3837,2.3222,2.3224,16713836.0
2025-02-03 13:30:00+00:00,2.3223,2.3832,2.3213,2.3395,12250971.0
2025-02-03 14:00:00+00:00,2.3396,2.3424,2.2067,2.2439,54723880.0
2025-02-03 14:30:00+00:00,2.244,2.3998,2.2233,2.373,95799677.0
2025-02-03 15:00:00+00:00,2.3729,2.5507,2.3594,2.505,72473107.0
2025-02-03 15:30:00+00:00,2.5049,2.5959,2.483,2.552,53850496.0
2025-02-03 16:00:00+00:00,2.5521,2.6668,2.5375,2.6457,56480429.0
2025-02-03 16:30:00+00:00,2.6457,2.6608,2.6001,2.6104,28344067.0
2025-02-03 17:00:00+00:00,2.6103,2.6555,2.5922,2.6266,18525704.0
2025-02-03 17:30:00+00:00,2.6269,2.6953,2.5902,2.6748,21689511.0
2025-02-03 18:00:00+00:00,2.6747,2.6771,2.6295,2.6555,14565865.0
2025-02-03 18:30:00+00:00,2.6555,2.6934,2.645,2.6795,15563207.0
2025-02-03 19:00:00+00:00,2.6795,2.741,2.6608,2.7292,20577103.0
2025-02-03 19:30:00+00:00,2.7291,2.7814,2.712,2.7464,25083457.0
2025-02-03 20:00:00+00:00,2.7463,2.7466,2.6636,2.6682,23991551.0
2025-02-03 20:30:00+00:00,2.6683,2.6857,2.6443,2.6703,13399272.0
2025-02-03 21:00:00+00:00,2.6703,2.7008,2.6661,2.6959,7444069.0
2025-02-03 21:30:00+00:00,2.6959,2.7281,2.6756,2.6983,12688917.0
2025-02-03 22:00:00+00:00,2.6983,2.735,2.675,2.7254,16335197.0
2025-02-03 22:30:00+00:00,2.7254,2.7268,2.6864,2.7055,5842191.0
2025-02-03 23:00:00+00:00,2.7055,2.7283,2.6776,2.6905,7076886.0
2025-02-03 23:30:00+00:00,2.6905,2.7024,2.6564,2.7001,6489066.0
2025-02-04 00:00:00+00:00,2.7,2.7874,2.6996,2.778,15072556.0
2025-02-04 00:30:00+00:00,2.7779,2.7784,2.6953,2.6986,13716191.0
2025-02-04 01:00:00+00:00,2.6986,2.7334,2.6914,2.7328,7628406.0
2025-02-04 01:30:00+00:00,2.7327,2.7724,2.728,2.7543,12072140.0
2025-02-04 02:00:00+00:00,2.7542,2.7796,2.7435,2.7595,9097419.0
2025-02-04 02:30:00+00:00,2.7595,2.7624,2.721,2.7249,12095930.0
2025-02-04 03:00:00+00:00,2.725,2.735,2.6959,2.6968,7914741.0
2025-02-04 03:30:00+00:00,2.6968,2.7208,2.6887,2.7208,5510912.0
2025-02-04 04:00:00+00:00,2.7209,2.7303,2.6897,2.6919,6661615.0
2025-02-04 04:30:00+00:00,2.692,2.7034,2.67,2.6759,8269934.0
2025-02-04 05:00:00+00:00,2.6758,2.6775,2.5364,2.5545,45630454.0
2025-02-04 05:30:00+00:00,2.5544,2.5656,2.5033,2.5253,29247186.0
2025-02-04 06:00:00+00:00,2.5254,2.596,2.5227,2.5469,17441075.0
2025-02-04 06:30:00+00:00,2.5469,2.5874,2.545,2.5772,8464930.0
2025-02-04 07:00:00+00:00,2.5771,2.5771,2.5305,2.5336,8883703.0
2025-02-04 07:30:00+00:00,2.5337,2.5491,2.472,2.486,19997287.0
2025-02-04 08:00:00+00:00,2.4859,2.5313,2.4756,2.5278,13294914.0
2025-02-04 08:30:00+00:00,2.5279,2.5326,2.4748,2.4991,10522957.0
2025-02-04 09:00:00+00:00,2.4991,2.5457,2.4976,2.5354,12217958.0
2025-02-04 09:30:00+00:00,2.5355,2.545,2.5082,2.5114,5922128.0
2025-02-04 10:00:00+00:00,2.5114,2.5735,2.5078,2.5673,10920380.0
2025-02-04 10:30:00+00:00,2.5673,2.58,2.5501,2.5666,9143772.0
2025-02-04 11:00:00+00:00,2.5666,2.6269,2.5645,2.6198,13117277.0
2025-02-04 11:30:00+00:00,2.6198,2.6334,2.5832,2.5903,8757984.0
2025-02-04 12:00:00+00:00,2.5903,2.6285,2.5848,2.6237,7416899.0
2025-02-04 12:30:00+00:00,2.6237,2.6589,2.6194,2.6409,11237299.0
2025-02-04 13:00:00+00:00,2.641,2.6592,2.6291,2.6427,7650784.0
2025-02-04 13:30:00+00:00,2.6426,2.6477,2.5954,2.6051,8402801.0
2025-02-04 14:00:00+00:00,2.605,2.6296,2.5897,2.6242,7929919.0
2025-02-04 14:30:00+00:00,2.6243,2.6863,2.6125,2.6591,19741868.0
2025-02-04 15:00:00+00:00,2.659,2.6733,2.5865,2.6224,15684989.0
2025-02-04 15:30:00+00:00,2.6223,2.646,2.6112,2.6204,6712947.0
2025-02-04 16:00:00+00:00,2.6205,2.665,2.605,2.6386,7163327.0
2025-02-04 16:30:00+00:00,2.6387,2.6388,2.6138,2.6192,4511672.0
2025-02-04 17:00:00+00:00,2.6192,2.6514,2.6071,2.6094,5817847.0
2025-02-04 17:30:00+00:00,2.6095,2.6341,2.5947,2.6272,6317662.0
2025-02-04 18:00:00+00:00,2.6273,2.6387,2.605,2.6301,5637041.0
2025-02-04 18:30:00+00:00,2.63,2.656,2.6195,2.6477,4501877.0
2025-02-04 19:00:00+00:00,2.6476,2.6974,2.6421,2.6791,10054679.0
2025-02-04 19:30:00+00:00,2.6791,2.7105,2.5864,2.5881,30198427.0
2025-02-04 20:00:00+00:00,2.5882,2.62,2.532,2.5663,37631656.0
2025-02-04 20:30:00+00:00,2.5662,2.589,2.5436,2.5449,11155456.0
2025-02-04 21:00:00+00:00,2.545,2.547,2.493,2.5056,25621817.0
2025-02-04 21:30:00+00:00,2.5054,2.5118,2.4209,2.4496,39175255.0
2025-02-04 22:00:00+00:00,2.4497,2.4931,2.437,2.4832,14700825.0
2025-02-04 22:30:00+00:00,2.4833,2.5231,2.4639,2.5168,9251587.0
2025-02-04 23:00:00+00:00,2.5169,2.5479,2.503,2.5165,8476383.0
2025-02-04 23:30:00+00:00,2.5165,2.5492,2.5114,2.5274,4958099.0
2025-02-05 00:00:00+00:00,2.5275,2.5434,2.5024,2.5323,6716153.0
2025-02-05 00:30:00+00:00,2.5323,2.545,2.511,2.5238,3893456.0
2025-02-05 01:00:00+00:00,2.5237,2.5646,2.523,2.5296,5661454.0
2025-02-05 01:30:00+00:00,2.5297,2.5312,2.4984,2.5023,4963178.0
2025-02-05 02:00:00+00:00,2.5023,2.5121,2.4702,2.4866,9246088.0
2025-02-05 02:30:00+00:00,2.4863,2.5314,2.4852,2.5188,7302697.0
2025-02-05 03:00:00+00:00,2.5187,2.5256,2.4944,2.5096,5208023.0
2025-02-05 03:30:00+00:00,2.5096,2.5286,2.5006,2.5061,4474717.0
2025-02-05 04:00:00+00:00,2.5061,2.5142,2.4909,2.4983,3743399.0
2025-02-05 04:30:00+00:00,2.4983,2.5187,2.4979,2.5079,2425104.0
2025-02-05 05:00:00+00:00,2.5079,2.5167,2.4856,2.5013,3708332.0
2025-02-05 05:30:00+00:00,2.5013,2.5409,2.4861,2.5348,5457692.0
2025-02-05 06:00:00+00:00,2.5348,2.5396,2.5068,2.5172,5604934.0
2025-02-05 06:30:00+00:00,2.5173,2.5176,2.4886,2.4961,4401189.0
2025-02-05 07:00:00+00:00,2.4962,2.5067,2.4862,2.5022,4106511.0
2025-02-05 07:30:00+00:00,2.5023,2.5205,2.4951,2.511,3944114.0
2025-02-05 08:00:00+00:00,2.511,2.5256,2.5019,2.5048,3314802.0
2025-02-05 08:30:00+00:00,2.5048,2.5184,2.4961,2.5166,3565820.0
2025-02-05 09:00:00+00:00,2.5165,2.5437,2.5104,2.5248,6381462.0
2025-02-05 09:30:00+00:00,2.5248,2.5248,2.4995,2.5078,5350811.0
2025-02-05 10:00:00+00:00,2.5076,2.5266,2.5046,2.5233,2732841.0
2025-02-05 10:30:00+00:00,2.5232,2.5294,2.5161,2.5185,2602222.0
2025-02-05 11:00:00+00:00,2.5186,2.556,2.5186,2.5333,7671078.0
2025-02-05 11:30:00+00:00,2.5334,2.5526,2.5286,2.5496,5088972.0
2025-02-05 12:00:00+00:00,2.5496,2.5692,2.545,2.5603,6668328.0
2025-02-05 12:30:00+00:00,2.5602,2.5603,2.5227,2.53,6868196.0
2025-02-05 13:00:00+00:00,2.5301,2.5419,2.5214,2.5325,5218060.0
2025-02-05 13:30:00+00:00,2.5325,2.548,2.532,2.5432,3184142.0
2025-02-05 14:00:00+00:00,2.5432,2.5507,2.5242,2.545,4650219.0
2025-02-05 14:30:00+00:00,2.545,2.5494,2.4965,2.5057,9965315.0
2025-02-05 15:00:00+00:00,2.5057,2.5233,2.4761,2.5232,12820460.0
2025-02-05 15:30:00+00:00,2.5232,2.5293,2.4916,2.5024,4706173.0
2025-02-05 16:00:00+00:00,2.5023,2.509,2.4458,2.4607,13591029.0
2025-02-05 16:30:00+00:00,2.4607,2.4744,2.4237,2.4546,11448804.0
2025-02-05 17:00:00+00:00,2.4547,2.4742,2.4176,2.4358,10327723.0
2025-02-05 17:30:00+00:00,2.4359,2.4448,2.3877,2.3907,15673998.0
2025-02-05 18:00:00+00:00,2.3908,2.4157,2.3831,2.4004,16206231.0
2025-02-05 18:30:00+00:00,2.4003,2.4204,2.3384,2.3671,20142806.0
2025-02-05 19:00:00+00:00,2.3671,2.4092,2.3549,2.4082,10765432.0
2025-02-05 19:30:00+00:00,2.4082,2.443,2.405,2.4374,11824190.0
2025-02-05 20:00:00+00:00,2.4375,2.4631,2.4344,2.4425,11215396.0
2025-02-05 20:30:00+00:00,2.4424,2.4444,2.3859,2.4208,11215702.0
2025-02-05 21:00:00+00:00,2.4208,2.4287,2.4038,2.4127,5276220.0
2025-02-05 21:30:00+00:00,2.4126,2.4336,2.3966,2.405,4925969.0
2025-02-05 22:00:00+00:00,2.4052,2.4157,2.3722,2.3807,10663401.0
2025-02-05 22:30:00+00:00,2.3808,2.3931,2.3597,2.3751,4923971.0
2025-02-05 23:00:00+00:00,2.375,2.3974,2.3669,2.3707,4139487.0
2025-02-05 23:30:00+00:00,2.3707,2.391,2.3616,2.381,4828792.0
2025-02-06 00:00:00+00:00,2.381,2.4206,2.3767,2.4031,6713851.0
2025-02-06 00:30:00+00:00,2.4032,2.4138,2.3886,2.3911,3432428.0
2025-02-06 01:00:00+00:00,2.3912,2.4232,2.3758,2.4056,4531936.0
2025-02-06 01:30:00+00:00,2.4056,2.4062,2.3878,2.4026,3979871.0
2025-02-06 02:00:00+00:00,2.4027,2.4305,2.3986,2.4214,6249985.0
2025-02-06 02:30:00+00:00,2.4215,2.4292,2.4137,2.4196,2635809.0
2025-02-06 03:00:00+00:00,2.4196,2.4241,2.406,2.4193,2881049.0
2025-02-06 03:30:00+00:00,2.4193,2.4354,2.4181,2.4247,2470513.0
2025-02-06 04:00:00+00:00,2.4247,2.4461,2.4195,2.4439,4569682.0
2025-02-06 04:30:00+00:00,2.4439,2.444,2.4321,2.4379,2006898.0
2025-02-06 05:00:00+00:00,2.4379,2.442,2.4244,2.4376,2522187.0
2025-02-06 05:30:00+00:00,2.4377,2.4485,2.4293,2.4342,3180431.0
2025-02-06 06:00:00+00:00,2.4343,2.4537,2.4131,2.4443,5499955.0
2025-02-06 06:30:00+00:00,2.4444,2.4678,2.4442,2.4646,4328790.0
2025-02-06 07:00:00+00:00,2.4647,2.4648,2.4445,2.4489,3425372.0
2025-02-06 07:30:00+00:00,2.4489,2.4598,2.4329,2.4402,15378911.0
2025-02-06 08:00:00+00:00,2.4403,2.4497,2.4331,2.4432,3153110.0
2025-02-06 08:30:00+00:00,2.4433,2.449,2.4232,2.4278,3551317.0
2025-02-06 09:00:00+00:00,2.4277,2.46,2.4195,2.4429,4804370.0
2025-02-06 09:30:00+00:00,2.4426,2.4566,2.439,2.4531,3963552.0
2025-02-06 10:00:00+00:00,2.453,2.4664,2.45,2.4556,4373903.0
2025-02-06 10:30:00+00:00,2.4555,2.4699,2.4336,2.4612,6140656.0
2025-02-06 11:00:00+00:00,2.4612,2.4643,2.4305,2.4407,4829712.0
2025-02-06 11:30:00+00:00,2.4407,2.4583,2.4242,2.449,3684801.0
2025-02-06 12:00:00+00:00,2.4489,2.453,2.4147,2.4233,5873878.0
2025-02-06 12:30:00+00:00,2.4233,2.4284,2.3902,2.3979,8712437.0
2025-02-06 13:00:00+00:00,2.3978,2.4118,2.3933,2.3982,6322171.0
2025-02-06 13:30:00+00:00,2.3983,2.4385,2.3979,2.4196,6937781.0
2025-02-06 14:00:00+00:00,2.4197,2.4289,2.3811,2.3972,6820144.0
2025-02-06 14:30:00+00:00,2.3972,2.4168,2.3611,2.3698,11046169.0
2025-02-06 15:00:00+00:00,2.3698,2.3795,2.3351,2.3492,16805043.0
2025-02-06 15:30:00+00:00,2.3493,2.3499,2.2855,2.3158,31086542.0
2025-02-06 16:00:00+00:00,2.3158,2.3417,2.286,2.3016,19105244.0
2025-02-06 16:30:00+00:00,2.3017,2.3195,2.2907,2.3038,10042656.0
2025-02-06 17:00:00+00:00,2.3039,2.3402,2.294,2.3398,8342088.0
2025-02-06 17:30:00+00:00,2.3398,2.371,2.3217,2.3232,8918531.0
2025-02-06 18:00:00+00:00,2.3233,2.3355,2.3045,2.32,7590970.0
2025-02-06 18:30:00+00:00,2.3201,2.3242,2.2939,2.2947,7162871.0
2025-02-06 19:00:00+00:00,2.2946,2.3366,2.2772,2.3122,11096798.0
2025-02-06 19:30:00+00:00,2.3122,2.3129,2.2857,2.2953,6940280.0
2025-02-06 20:00:00+00:00,2.2953,2.3241,2.2904,2.3198,5511668.0
2025-02-06 20:30:00+00:00,2.3197,2.365,2.3189,2.354,8486993.0
2025-02-06 21:00:00+00:00,2.3541,2.3561,2.3208,2.3215,6271767.0
2025-02-06 21:30:00+00:00,2.3216,2.3529,2.3066,2.3419,6674445.0
2025-02-06 22:00:00+00:00,2.342,2.3433,2.3059,2.3319,5020818.0
2025-02-06 22:30:00+00:00,2.3318,2.3418,2.3208,2.3368,2333829.0
2025-02-06 23:00:00+00:00,2.3368,2.3463,2.3231,2.3231,3485701.0
2025-02-06 23:30:00+00:00,2.3231,2.3288,2.3025,2.325,3999024.0
2025-02-07 00:00:00+00:00,2.3251,2.3488,2.3229,2.3417,5106598.0
2025-02-07 00:30:00+00:00,2.3418,2.3489,2.3109,2.3206,4975423.0
2025-02-07 01:00:00+00:00,2.3205,2.3424,2.3194,2.3276,3347872.0
2025-02-07 01:30:00+00:00,2.3276,2.374,2.314,2.3549,7671048.0
2025-02-07 02:00:00+00:00,2.3549,2.3716,2.3502,2.3621,5338667.0
2025-02-07 02:30:00+00:00,2.3621,2.3682,2.3522,2.3593,2924323.0
2025-02-07 03:00:00+00:00,2.3592,2.367,2.3504,2.3525,2838207.0
2025-02-07 03:30:00+00:00,2.3524,2.3577,2.332,2.3536,2864028.0
2025-02-07 04:00:00+00:00,2.3535,2.3723,2.3492,2.3652,5105263.0
2025-02-07 04:30:00+00:00,2.3652,2.373,2.3512,2.3573,2752378.0
2025-02-07 05:00:00+00:00,2.3573,2.3658,2.3431,2.3463,2348832.0
2025-02-07 05:30:00+00:00,2.3464,2.357,2.3425,2.352,1616188.0
2025-02-07 06:00:00+00:00,2.3521,2.3547,2.3046,2.3084,6468942.0
2025-02-07 06:30:00+00:00,2.3084,2.3146,2.2655,2.292,14289132.0
2025-02-07 07:00:00+00:00,2.292,2.3346,2.2906,2.3074,7737393.0
2025-02-07 07:30:00+00:00,2.3075,2.3135,2.2822,2.2889,5791772.0
2025-02-07 08:00:00+00:00,2.289,2.3063,2.277,2.292,7458398.0
2025-02-07 08:30:00+00:00,2.292,2.3322,2.2901,2.3146,6305211.0
2025-02-07 09:00:00+00:00,2.3146,2.3625,2.3102,2.3548,9126288.0
2025-02-07 09:30:00+00:00,2.3549,2.3772,2.345,2.3742,7392540.0
2025-02-07 10:00:00+00:00,2.3742,2.3921,2.366,2.3733,7019058.0
2025-02-07 10:30:00+00:00,2.3732,2.4024,2.3705,2.3863,6780485.0
2025-02-07 11:00:00+00:00,2.3863,2.4333,2.3848,2.4071,10493649.0
2025-02-07 11:30:00+00:00,2.4072,2.4211,2.3976,2.4185,4834688.0
2025-02-07 12:00:00+00:00,2.4185,2.4257,2.3942,2.4033,6155115.0
2025-02-07 12:30:00+00:00,2.4034,2.4281,2.4029,2.4142,4931576.0
2025-02-07 13:00:00+00:00,2.4143,2.4155,2.3851,2.3947,6522149.0
2025-02-07 13:30:00+00:00,2.3947,2.4986,2.3732,2.4888,38278206.0
2025-02-07 14:00:00+00:00,2.4887,2.542,2.4853,2.5101,37026742.0
2025-02-07 14:30:00+00:00,2.5101,2.5382,2.4851,2.5325,21512950.0
2025-02-07 15:00:00+00:00,2.5325,2.5329,2.4383,2.4623,33755537.0
2025-02-07 15:30:00+00:00,2.4622,2.5021,2.457,2.4789,16266908.0
2025-02-07 16:00:00+00:00,2.4789,2.509,2.4486,2.4742,14638549.0
2025-02-07 16:30:00+00:00,2.4743,2.4885,2.4539,2.4594,8402995.0
2025-02-07 17:00:00+00:00,2.4594,2.4645,2.4111,2.4251,17398259.0
2025-02-07 17:30:00+00:00,2.425,2.4413,2.4216,2.4289,5918069.0
2025-02-07 18:00:00+00:00,2.429,2.4908,2.4247,2.4771,7502727.0
2025-02-07 18:30:00+00:00,2.4772,2.5062,2.4748,2.4824,10008703.0
2025-02-07 19:00:00+00:00,2.4823,2.4825,2.459,2.4621,5735790.0
2025-02-07 19:30:00+00:00,2.4621,2.4669,2.4258,2.4279,7207911.0
2025-02-07 20:00:00+00:00,2.4279,2.4318,2.3734,2.3748,17964419.0
2025-02-07 20:30:00+00:00,2.3748,2.393,2.3508,2.3579,12894065.0
2025-02-07 21:00:00+00:00,2.3579,2.3922,2.3577,2.3882,6114904.0
2025-02-07 21:30:00+00:00,2.3882,2.3974,2.3611,2.3723,5635746.0
2025-02-07 22:00:00+00:00,2.3723,2.3777,2.3466,2.3666,7679712.0
2025-02-07 22:30:00+00:00,2.3666,2.383,2.3507,2.3809,3318274.0
2025-02-07 23:00:00+00:00,2.381,2.3872,2.3598,2.38,8346978.0
2025-02-07 23:30:00+00:00,2.38,2.3983,2.3765,2.3968,3685278.0
2025-02-08 00:00:00+00:00,2.3969,2.4216,2.3795,2.4096,5659443.0
2025-02-08 00:30:00+00:00,2.4095,2.4277,2.404,2.4175,3790144.0
2025-02-08 01:00:00+00:00,2.4175,2.4187,2.3932,2.4074,4238556.0
2025-02-08 01:30:00+00:00,2.4073,2.4106,2.3854,2.3885,3415748.0
2025-02-08 02:00:00+00:00,2.3886,2.4024,2.3757,2.3958,4509664.0
2025-02-08 02:30:00+00:00,2.3957,2.3957,2.3762,2.3922,3091354.0
2025-02-08 03:00:00+00:00,2.3922,2.4054,2.3788,2.3831,2979317.0
2025-02-08 03:30:00+00:00,2.3831,2.3914,2.3803,2.383,1415230.0
2025-02-08 04:00:00+00:00,2.383,2.3859,2.374,2.378,2695882.0
2025-02-08 04:30:00+00:00,2.3778,2.3784,2.3667,2.3675,3095527.0
2025-02-08 05:00:00+00:00,2.3676,2.3706,2.3506,2.3646,3647345.0
2025-02-08 05:30:00+00:00,2.3646,2.3811,2.3567,2.3769,2603520.0
2025-02-08 06:00:00+00:00,2.377,2.3894,2.3685,2.3843,4169907.0
2025-02-08 06:30:00+00:00,2.3843,2.3902,2.3739,2.3808,2208332.0
2025-02-08 07:00:00+00:00,2.3808,2.384,2.3582,2.3753,3273661.0
2025-02-08 07:30:00+00:00,2.3752,2.4043,2.375,2.3944,3415260.0
2025-02-08 08:00:00+00:00,2.3944,2.4033,2.3834,2.3888,2551669.0
2025-02-08 08:30:00+00:00,2.3888,2.3959,2.371,2.3729,3112414.0
2025-02-08 09:00:00+00:00,2.3729,2.3991,2.3729,2.3929,3113125.0
2025-02-08 09:30:00+00:00,2.3929,2.3969,2.3843,2.3955,2237977.0
2025-02-08 10:00:00+00:00,2.3954,2.4167,2.3954,2.4139,5674347.0
2025-02-08 10:30:00+00:00,2.414,2.418,2.4001,2.4086,3590743.0
2025-02-08 11:00:00+00:00,2.4085,2.413,2.3963,2.3977,2917145.0
2025-02-08 11:30:00+00:00,2.3977,2.4142,2.3955,2.4105,2698932.0
2025-02-08 12:00:00+00:00,2.4105,2.4161,2.3854,2.3933,4251861.0
2025-02-08 12:30:00+00:00,2.3932,2.407,2.391,2.4021,2989611.0
2025-02-08 13:00:00+00:00,2.4022,2.415,2.4022,2.4147,2160262.0
2025-02-08 13:30:00+00:00,2.4146,2.435,2.4096,2.419,5599720.0
2025-02-08 14:00:00+00:00,2.419,2.4304,2.403,2.4067,3738285.0
2025-02-08 14:30:00+00:00,2.4066,2.4215,2.3995,2.4167,3468142.0
2025-02-08 15:00:00+00:00,2.4167,2.4243,2.4024,2.4025,3103083.0
2025-02-08 15:30:00+00:00,2.4025,2.4029,2.3826,2.3913,6445112.0
2025-02-08 16:00:00+00:00,2.3913,2.3983,2.3778,2.392,3809490.0
2025-02-08 16:30:00+00:00,2.392,2.4094,2.388,2.4088,2527323.0
2025-02-08 17:00:00+00:00,2.4087,2.4205,2.4057,2.4089,3859673.0
2025-02-08 17:30:00+00:00,2.4088,2.4219,2.4084,2.4201,3135136.0
2025-02-08 18:00:00+00:00,2.4202,2.4299,2.407,2.4265,2901791.0
2025-02-08 18:30:00+00:00,2.4265,2.435,2.4169,2.4238,2652102.0
2025-02-08 19:00:00+00:00,2.4237,2.4284,2.4125,2.4261,2581741.0
2025-02-08 19:30:00+00:00,2.4261,2.4372,2.4183,2.425,3642333.0
2025-02-08 20:00:00+00:00,2.4249,2.4316,2.4154,2.4254,1975300.0
2025-02-08 20:30:00+00:00,2.4255,2.4287,2.418,2.4238,1954994.0
2025-02-08 21:00:00+00:00,2.4237,2.4298,2.4163,2.4178,1942287.0
2025-02-08 21:30:00+00:00,2.4178,2.4272,2.4143,2.4221,1691184.0
2025-02-08 22:00:00+00:00,2.422,2.4336,2.4214,2.4303,2547579.0
2025-02-08 22:30:00+00:00,2.4303,2.4303,2.4031,2.4137,2736134.0
2025-02-08 23:00:00+00:00,2.4136,2.4271,2.4135,2.4208,2010918.0
2025-02-08 23:30:00+00:00,2.4207,2.4368,2.4182,2.419,2887901.0
2025-02-09 00:00:00+00:00,2.419,2.424,2.4074,2.411,1991029.0
2025-02-09 00:30:00+00:00,2.4109,2.4236,2.4086,2.4181,1687815.0
2025-02-09 01:00:00+00:00,2.4182,2.4381,2.4135,2.4343,3820102.0
2025-02-09 01:30:00+00:00,2.4342,2.4499,2.4317,2.4491,4610412.0
2025-02-09 02:00:00+00:00,2.4491,2.4499,2.4366,2.439,2527506.0
2025-02-09 02:30:00+00:00,2.439,2.4453,2.4338,2.4362,1909112.0
2025-02-09 03:00:00+00:00,2.4362,2.4627,2.4331,2.4627,4663257.0
2025-02-09 03:30:00+00:00,2.4627,2.505,2.4615,2.5038,10776369.0
2025-02-09 04:00:00+00:00,2.5038,2.5079,2.4753,2.481,4783586.0
2025-02-09 04:30:00+00:00,2.4811,2.4968,2.4781,2.4929,2950771.0
2025-02-09 05:00:00+00:00,2.4929,2.4946,2.4751,2.4755,2539669.0
2025-02-09 05:30:00+00:00,2.4755,2.4793,2.4655,2.468,2577641.0
2025-02-09 06:00:00+00:00,2.4681,2.4714,2.4498,2.4576,3277907.0
2025-02-09 06:30:00+00:00,2.4576,2.4743,2.452,2.4728,2877102.0
2025-02-09 07:00:00+00:00,2.4729,2.4759,2.4547,2.464,2504609.0
2025-02-09 07:30:00+00:00,2.464,2.4698,2.4591,2.4672,2125516.0
2025-02-09 08:00:00+00:00,2.4672,2.4843,2.4672,2.4784,2956409.0
2025-02-09 08:30:00+00:00,2.4785,2.4967,2.4697,2.4836,5309668.0
2025-02-09 09:00:00+00:00,2.4836,2.4861,2.4568,2.4699,3934226.0
2025-02-09 09:30:00+00:00,2.4699,2.475,2.4626,2.4664,1809117.0
2025-02-09 10:00:00+00:00,2.4665,2.4672,2.4576,2.4642,2452794.0
2025-02-09 10:30:00+00:00,2.4642,2.47,2.4521,2.4533,2048003.0
2025-02-09 11:00:00+00:00,2.4533,2.4603,2.4478,2.4566,1932023.0
2025-02-09 11:30:00+00:00,2.4566,2.4575,2.4381,2.4386,3510255.0
2025-02-09 12:00:00+00:00,2.4387,2.4488,2.4352,2.4416,2870474.0
2025-02-09 12:30:00+00:00,2.4416,2.4425,2.4257,2.437,3285937.0
2025-02-09 13:00:00+00:00,2.4371,2.4396,2.4101,2.4143,4726020.0
2025-02-09 13:30:00+00:00,2.4144,2.4146,2.3795,2.3885,13499002.0
2025-02-09 14:00:00+00:00,2.3884,2.4187,2.3845,2.4037,6540361.0
2025-02-09 14:30:00+00:00,2.4038,2.41,2.3959,2.4074,2370803.0
2025-02-09 15:00:00+00:00,2.4074,2.4311,2.4065,2.4171,5011058.0
2025-02-09 15:30:00+00:00,2.417,2.4304,2.4122,2.4285,2600607.0
2025-02-09 16:00:00+00:00,2.4284,2.4347,2.4217,2.4235,2598298.0
2025-02-09 16:30:00+00:00,2.4234,2.4307,2.4151,2.427,1681956.0
2025-02-09 17:00:00+00:00,2.427,2.4327,2.4138,2.4199,2046728.0
2025-02-09 17:30:00+00:00,2.42,2.4209,2.402,2.4097,2058825.0
2025-02-09 18:00:00+00:00,2.4096,2.4178,2.4022,2.4076,1798667.0
2025-02-09 18:30:00+00:00,2.4075,2.42,2.4062,2.413,1145000.0
2025-02-09 19:00:00+00:00,2.4129,2.4164,2.3866,2.398,3007776.0
2025-02-09 19:30:00+00:00,2.398,2.4017,2.385,2.3987,2667777.0
2025-02-09 20:00:00+00:00,2.3987,2.4165,2.3966,2.4153,1834815.0
2025-02-09 20:30:00+00:00,2.4153,2.4227,2.4079,2.4119,2829226.0
2025-02-09 21:00:00+00:00,2.4119,2.4163,2.3874,2.3933,3272858.0
2025-02-09 21:30:00+00:00,2.3932,2.3955,2.3113,2.3356,28559067.0
2025-02-09 22:00:00+00:00,2.3355,2.3671,2.3154,2.3647,12953459.0
2025-02-09 22:30:00+00:00,2.3647,2.4,2.3515,2.3717,9108503.0
2025-02-09 23:00:00+00:00,2.3717,2.39,2.3627,2.3797,4446457.0
2025-02-09 23:30:00+00:00,2.3798,2.4,2.3769,2.3928,3717031.0
2025-02-10 00:00:00+00:00,2.3928,2.437,2.392,2.4157,10091036.0
2025-02-10 00:30:00+00:00,2.4157,2.4225,2.4035,2.4086,3165678.0
2025-02-10 01:00:00+00:00,2.4087,2.4107,2.3704,2.3801,5698768.0
2025-02-10 01:30:00+00:00,2.38,2.3884,2.3351,2.3447,9467713.0
2025-02-10 02:00:00+00:00,2.3447,2.3522,2.3235,2.3307,9856025.0
2025-02-10 02:30:00+00:00,2.3306,2.3605,2.3276,2.3453,8147112.0
2025-02-10 03:00:00+00:00,2.3454,2.3698,2.3353,2.3657,5638319.0
2025-02-10 03:30:00+00:00,2.3657,2.4155,2.3655,2.3827,11403610.0
2025-02-10 04:00:00+00:00,2.3828,2.3993,2.3721,2.3953,3499346.0
2025-02-10 04:30:00+00:00,2.3953,2.4071,2.3835,2.388,3855049.0
2025-02-10 05:00:00+00:00,2.388,2.4015,2.3809,2.3933,3527040.0
2025-02-10 05:30:00+00:00,2.3933,2.4196,2.3877,2.4017,5715945.0
2025-02-10 06:00:00+00:00,2.4018,2.4072,2.3854,2.3855,4836261.0
2025-02-10 06:30:00+00:00,2.3854,2.3965,2.3842,2.3944,3775000.0
2025-02-10 07:00:00+00:00,2.3944,2.4089,2.3926,2.3994,4520745.0
2025-02-10 07:30:00+00:00,2.3994,2.4092,2.3937,2.4049,2990612.0
2025-02-10 08:00:00+00:00,2.4049,2.4373,2.4015,2.4303,6182259.0
2025-02-10 08:30:00+00:00,2.4303,2.445,2.4188,2.4373,5425705.0
2025-02-10 09:00:00+00:00,2.4374,2.4534,2.435,2.4372,5618901.0
2025-02-10 09:30:00+00:00,2.4372,2.4398,2.4247,2.4325,4208229.0
2025-02-10 10:00:00+00:00,2.4325,2.442,2.43,2.4395,4013288.0
2025-02-10 10:30:00+00:00,2.4395,2.4398,2.4182,2.4232,2863077.0
2025-02-10 11:00:00+00:00,2.4232,2.4303,2.4102,2.4261,2991503.0
2025-02-10 11:30:00+00:00,2.426,2.4362,2.4232,2.4285,2434640.0
2025-02-10 12:00:00+00:00,2.4286,2.4363,2.4171,2.4235,3045045.0
2025-02-10 12:30:00+00:00,2.4234,2.4234,2.4051,2.4136,3492562.0
2025-02-10 13:00:00+00:00,2.4137,2.4279,2.4107,2.4204,2420960.0
2025-02-10 13:30:00+00:00,2.4204,2.4733,2.4153,2.462,8391283.0
2025-02-10 14:00:00+00:00,2.4621,2.4683,2.4325,2.4408,6338080.0
2025-02-10 14:30:00+00:00,2.4408,2.4541,2.4177,2.425,6259607.0
2025-02-10 15:00:00+00:00,2.425,2.4384,2.4139,2.4191,7388039.0
2025-02-10 15:30:00+00:00,2.4192,2.4257,2.4057,2.4218,4130831.0
2025-02-10 16:00:00+00:00,2.4218,2.4358,2.4178,2.4223,3187589.0
2025-02-10 16:30:00+00:00,2.4223,2.4306,2.4093,2.4245,2955987.0
2025-02-10 17:00:00+00:00,2.4244,2.4424,2.4174,2.4363,4268393.0
2025-02-10 17:30:00+00:00,2.4362,2.4417,2.4239,2.4375,2061310.0
2025-02-10 18:00:00+00:00,2.4374,2.4397,2.4235,2.4354,2506876.0
2025-02-10 18:30:00+00:00,2.4353,2.4395,2.4263,2.4386,1843996.0
2025-02-10 19:00:00+00:00,2.4387,2.4458,2.4333,2.4373,2178487.0
2025-02-10 19:30:00+00:00,2.4373,2.4418,2.4191,2.4244,1622521.0
2025-02-10 20:00:00+00:00,2.4245,2.4371,2.4201,2.4321,2600235.0
2025-02-10 20:30:00+00:00,2.4322,2.4423,2.4306,2.4344,1135146.0
2025-02-10 21:00:00+00:00,2.4344,2.4354,2.423,2.4315,1504065.0
2025-02-10 21:30:00+00:00,2.4314,2.4333,2.4205,2.4274,1540160.0
2025-02-10 22:00:00+00:00,2.4274,2.429,2.4145,2.4287,2733713.0
2025-02-10 22:30:00+00:00,2.4288,2.4312,2.4089,2.4152,2399650.0
2025-02-10 23:00:00+00:00,2.4152,2.423,2.4085,2.4137,2261411.0
2025-02-10 23:30:00+00:00,2.4137,2.4253,2.411,2.4237,1066126.0
2025-02-11 00:00:00+00:00,2.4238,2.4414,2.42,2.4376,2341015.0
2025-02-11 00:30:00+00:00,2.4376,2.4593,2.4349,2.4489,4793776.0
2025-02-11 01:00:00+00:00,2.4488,2.4597,2.442,2.452,3843212.0
2025-02-11 01:30:00+00:00,2.452,2.47,2.4492,2.4557,6323897.0
2025-02-11 02:00:00+00:00,2.4557,2.4591,2.4367,2.4367,3510443.0
2025-02-11 02:30:00+00:00,2.4368,2.447,2.4319,2.4433,2524704.0
2025-02-11 03:00:00+00:00,2.4433,2.4433,2.4334,2.4372,1794326.0
2025-02-11 03:30:00+00:00,2.4373,2.4427,2.4342,2.4413,1858385.0
2025-02-11 04:00:00+00:00,2.4413,2.4534,2.441,2.4534,2253655.0
2025-02-11 04:30:00+00:00,2.4534,2.4794,2.4529,2.4773,8238480.0
2025-02-11 05:00:00+00:00,2.4773,2.4999,2.4687,2.4948,9962612.0
2025-02-11 05:30:00+00:00,2.4948,2.52,2.4884,2.5168,8465281.0
2025-02-11 06:00:00+00:00,2.5167,2.5198,2.4917,2.5043,6202460.0
2025-02-11 06:30:00+00:00,2.5042,2.529,2.499,2.5224,6809324.0
2025-02-11 07:00:00+00:00,2.5225,2.5246,2.5097,2.5097,5008812.0
2025-02-11 07:30:00+00:00,2.5097,2.515,2.498,2.4999,6603275.0
2025-02-11 08:00:00+00:00,2.4999,2.5085,2.4932,2.4989,5976528.0
2025-02-11 08:30:00+00:00,2.4989,2.5126,2.4987,2.5029,4795214.0
2025-02-11 09:00:00+00:00,2.5029,2.5125,2.499,2.5077,4328530.0
2025-02-11 09:30:00+00:00,2.5078,2.5111,2.4803,2.486,9297851.0
2025-02-11 10:00:00+00:00,2.4859,2.4957,2.4736,2.4805,7179002.0
2025-02-11 10:30:00+00:00,2.4806,2.4893,2.4795,2.4847,3246051.0
2025-02-11 11:00:00+00:00,2.4846,2.4908,2.4768,2.4895,3135841.0
2025-02-11 11:30:00+00:00,2.4894,2.499,2.4806,2.4964,2675559.0
2025-02-11 12:00:00+00:00,2.4964,2.4991,2.4685,2.4758,3689563.0
2025-02-11 12:30:00+00:00,2.4757,2.4897,2.4716,2.4851,2783595.0
2025-02-11 13:00:00+00:00,2.4851,2.4955,2.474,2.4776,3184899.0
2025-02-11 13:30:00+00:00,2.4777,2.4834,2.4339,2.4421,11943922.0
2025-02-11 14:00:00+00:00,2.4421,2.4699,2.4369,2.4587,7640226.0
2025-02-11 14:30:00+00:00,2.4587,2.4724,2.4522,2.4678,4667825.0
2025-02-11 15:00:00+00:00,2.4678,2.486,2.4523,2.4671,4219018.0
2025-02-11 15:30:00+00:00,2.4672,2.475,2.4603,2.4697,2599526.0
2025-02-11 16:00:00+00:00,2.4697,2.4815,2.4611,2.4664,2812878.0
2025-02-11 16:30:00+00:00,2.4663,2.4676,2.4524,2.4564,3446230.0
2025-02-11 17:00:00+00:00,2.4563,2.4573,2.431,2.4432,7481199.0
2025-02-11 17:30:00+00:00,2.4433,2.4448,2.4185,2.4296,5964108.0
2025-02-11 18:00:00+00:00,2.4296,2.43,2.3941,2.3981,9625333.0
2025-02-11 18:30:00+00:00,2.3981,2.4181,2.3893,2.3993,11724166.0
2025-02-11 19:00:00+00:00,2.3993,2.4085,2.3818,2.3878,5889230.0
2025-02-11 19:30:00+00:00,2.3879,2.3944,2.3708,2.3875,6050220.0
2025-02-11 20:00:00+00:00,2.3876,2.4124,2.3834,2.4108,5999939.0
2025-02-11 20:30:00+00:00,2.4109,2.422,2.4021,2.4131,4848062.0
2025-02-11 21:00:00+00:00,2.4131,2.4317,2.4104,2.4269,5053764.0
2025-02-11 21:30:00+00:00,2.4268,2.4464,2.4238,2.4335,6100405.0
2025-02-11 22:00:00+00:00,2.4335,2.4456,2.4314,2.4322,3615513.0
2025-02-11 22:30:00+00:00,2.4321,2.4322,2.401,2.4121,3783169.0
2025-02-11 23:00:00+00:00,2.4121,2.4294,2.4094,2.4266,2495254.0
2025-02-11 23:30:00+00:00,2.4267,2.4297,2.4117,2.4131,1395899.0
2025-02-12 00:00:00+00:00,2.413,2.4236,2.3978,2.4126,3213123.0
2025-02-12 00:30:00+00:00,2.4126,2.4268,2.3984,2.4212,2394019.0
2025-02-12 01:00:00+00:00,2.4211,2.4268,2.4061,2.4122,1988255.0
2025-02-12 01:30:00+00:00,2.4122,2.4271,2.4056,2.4225,1981214.0
2025-02-12 02:00:00+00:00,2.4225,2.4229,2.4073,2.4111,2119589.0
2025-02-12 02:30:00+00:00,2.4111,2.4171,2.392,2.3986,5465473.0
2025-02-12 03:00:00+00:00,2.3986,2.4009,2.3814,2.3994,5349978.0
2025-02-12 03:30:00+00:00,2.3994,2.4019,2.3853,2.3884,2591808.0
2025-02-12 04:00:00+00:00,2.3884,2.4012,2.3826,2.3897,2917127.0
2025-02-12 04:30:00+00:00,2.3896,2.4012,2.3804,2.3957,3564665.0
2025-02-12 05:00:00+00:00,2.3958,2.4113,2.3911,2.4106,2126448.0
2025-02-12 05:30:00+00:00,2.4106,2.4158,2.4034,2.4096,2115100.0
2025-02-12 06:00:00+00:00,2.4097,2.4128,2.402,2.4031,2332458.0
2025-02-12 06:30:00+00:00,2.403,2.4039,2.3936,2.3975,2430072.0
2025-02-12 07:00:00+00:00,2.3974,2.4131,2.393,2.4104,3513233.0
2025-02-12 07:30:00+00:00,2.4105,2.419,2.4034,2.4062,2691458.0
2025-02-12 08:00:00+00:00,2.4062,2.4206,2.4057,2.4156,2460527.0
2025-02-12 08:30:00+00:00,2.4156,2.4258,2.4139,2.4194,1537806.0
2025-02-12 09:00:00+00:00,2.4193,2.4207,2.4057,2.4103,1952820.0
2025-02-12 09:30:00+00:00,2.4104,2.4236,2.4063,2.4199,1618310.0
2025-02-12 10:00:00+00:00,2.4199,2.4227,2.4065,2.4083,2469072.0
2025-02-12 10:30:00+00:00,2.4083,2.416,2.4004,2.4068,2694613.0
2025-02-12 11:00:00+00:00,2.4069,2.4208,2.4068,2.4162,2100027.0
2025-02-12 11:30:00+00:00,2.4162,2.4333,2.4146,2.4213,3090701.0
2025-02-12 12:00:00+00:00,2.4213,2.4461,2.4212,2.4337,5078131.0
2025-02-12 12:30:00+00:00,2.4338,2.4348,2.4198,2.4208,3963596.0
2025-02-12 13:00:00+00:00,2.4208,2.4523,2.4147,2.4469,4443438.0
2025-02-12 13:30:00+00:00,2.447,2.451,2.3323,2.3883,47613100.0
2025-02-12 14:00:00+00:00,2.3884,2.391,2.354,2.3549,10073466.0
2025-02-12 14:30:00+00:00,2.355,2.3968,2.3398,2.3936,12311813.0
2025-02-12 15:00:00+00:00,2.3936,2.4132,2.3656,2.4025,9117507.0
2025-02-12 15:30:00+00:00,2.4026,2.4144,2.393,2.4008,5702325.0
2025-02-12 16:00:00+00:00,2.4008,2.4035,2.3791,2.3887,4674342.0
2025-02-12 16:30:00+00:00,2.3887,2.4391,2.3874,2.4284,6480577.0
2025-02-12 17:00:00+00:00,2.4283,2.4574,2.4269,2.4559,8597770.0
2025-02-12 17:30:00+00:00,2.4559,2.4664,2.4466,2.4541,6357876.0
2025-02-12 18:00:00+00:00,2.4542,2.4553,2.4284,2.4339,3972912.0
2025-02-12 18:30:00+00:00,2.4339,2.451,2.4293,2.4495,2214566.0
2025-02-12 19:00:00+00:00,2.4494,2.4518,2.4288,2.442,2298208.0
2025-02-12 19:30:00+00:00,2.4419,2.4509,2.4376,2.4482,2403830.0
2025-02-12 20:00:00+00:00,2.4482,2.4687,2.44,2.465,3895469.0
2025-02-12 20:30:00+00:00,2.4651,2.4663,2.448,2.4539,3104114.0
2025-02-12 21:00:00+00:00,2.454,2.4653,2.445,2.4536,2862200.0
2025-02-12 21:30:00+00:00,2.4536,2.4697,2.4536,2.4589,2354337.0
2025-02-12 22:00:00+00:00,2.459,2.4962,2.4534,2.4909,5975048.0
2025-02-12 22:30:00+00:00,2.4908,2.4935,2.4705,2.4759,4750892.0
2025-02-12 23:00:00+00:00,2.4759,2.4821,2.4635,2.4667,3042808.0
2025-02-12 23:30:00+00:00,2.4667,2.4751,2.4625,2.4734,1951415.0
2025-02-13 00:00:00+00:00,2.4734,2.4761,2.4571,2.4638,2161101.0
2025-02-13 00:30:00+00:00,2.4639,2.467,2.4515,2.4615,2908031.0
2025-02-13 01:00:00+00:00,2.4614,2.4722,2.4586,2.4698,1564995.0
2025-02-13 01:30:00+00:00,2.4697,2.482,2.4642,2.4797,2147985.0
2025-02-13 02:00:00+00:00,2.4796,2.4799,2.4665,2.4685,2313902.0
2025-02-13 02:30:00+00:00,2.4684,2.4759,2.4653,2.4716,2077451.0
2025-02-13 03:00:00+00:00,2.4716,2.4784,2.4681,2.471,2706086.0
2025-02-13 03:30:00+00:00,2.471,2.483,2.4688,2.4827,2630224.0
2025-02-13 04:00:00+00:00,2.4828,2.4862,2.477,2.4779,3236199.0
2025-02-13 04:30:00+00:00,2.4778,2.4819,2.4661,2.4722,3155610.0
2025-02-13 05:00:00+00:00,2.4724,2.4734,2.4578,2.469,3612897.0
2025-02-13 05:30:00+00:00,2.469,2.4732,2.4659,2.469,2173821.0
2025-02-13 06:00:00+00:00,2.469,2.4727,2.4555,2.4575,3348693.0
2025-02-13 06:30:00+00:00,2.4574,2.4575,2.4334,2.4384,6648328.0
2025-02-13 07:00:00+00:00,2.4384,2.446,2.4283,2.4357,4228765.0
2025-02-13 07:30:00+00:00,2.4357,2.4492,2.4311,2.4407,3112033.0
2025-02-13 08:00:00+00:00,2.4407,2.4468,2.4288,2.4378,2847510.0
2025-02-13 08:30:00+00:00,2.4377,2.44,2.4195,2.4299,3679223.0
2025-02-13 09:00:00+00:00,2.4299,2.4442,2.423,2.4419,2384495.0
2025-02-13 09:30:00+00:00,2.4418,2.4536,2.4386,2.4505,2028342.0
2025-02-13 10:00:00+00:00,2.4504,2.4581,2.4445,2.4505,1895166.0
2025-02-13 10:30:00+00:00,2.4504,2.4546,2.4443,2.4469,1933216.0
2025-02-13 11:00:00+00:00,2.4469,2.4505,2.4421,2.4422,1626598.0
2025-02-13 11:30:00+00:00,2.4421,2.4472,2.4287,2.444,2509330.0
2025-02-13 12:00:00+00:00,2.4441,2.4709,2.4391,2.4478,4511913.0
2025-02-13 12:30:00+00:00,2.4477,2.4554,2.4303,2.4355,4312076.0
2025-02-13 13:00:00+00:00,2.4355,2.4433,2.4271,2.4343,3409741.0
2025-02-13 13:30:00+00:00,2.4342,2.4646,2.4342,2.4484,6780820.0
2025-02-13 14:00:00+00:00,2.4484,2.4504,2.4267,2.4414,4276101.0
2025-02-13 14:30:00+00:00,2.4415,2.4494,2.4154,2.4312,6263089.0
2025-02-13 15:00:00+00:00,2.4313,2.4558,2.4169,2.442,4688104.0
2025-02-13 15:30:00+00:00,2.4421,2.4579,2.4375,2.4478,2434636.0
2025-02-13 16:00:00+00:00,2.4477,2.4494,2.4226,2.4297,3619198.0
2025-02-13 16:30:00+00:00,2.4297,2.4387,2.421,2.4228,3622288.0
2025-02-13 17:00:00+00:00,2.4228,2.438,2.4211,2.4369,2680192.0
2025-02-13 17:30:00+00:00,2.4368,2.4424,2.429,2.4299,2349592.0
2025-02-13 18:00:00+00:00,2.4299,2.438,2.4226,2.435,3119170.0
2025-02-13 18:30:00+00:00,2.4349,2.454,2.4333,2.4521,3112838.0
2025-02-13 19:00:00+00:00,2.4521,2.4733,2.4515,2.4587,4756197.0
2025-02-13 19:30:00+00:00,2.4586,2.4628,2.4475,2.4546,2613748.0
2025-02-13 20:00:00+00:00,2.4546,2.4719,2.454,2.471,2528083.0
2025-02-13 20:30:00+00:00,2.4709,2.4832,2.4696,2.4766,4423121.0
2025-02-13 21:00:00+00:00,2.4767,2.5157,2.4753,2.4939,10397991.0
2025-02-13 21:30:00+00:00,2.4939,2.5281,2.4922,2.5011,9335362.0
2025-02-13 22:00:00+00:00,2.501,2.6061,2.4955,2.5867,31808112.0
2025-02-13 22:30:00+00:00,2.5868,2.59,2.5197,2.5272,9454456.0
2025-02-13 23:00:00+00:00,2.5272,2.5343,2.5062,2.5235,6874749.0
2025-02-13 23:30:00+00:00,2.5235,2.5658,2.5231,2.5599,8177125.0
2025-02-14 00:00:00+00:00,2.56,2.5779,2.5386,2.5633,10614373.0
2025-02-14 00:30:00+00:00,2.5633,2.5768,2.5447,2.5597,5920984.0
2025-02-14 01:00:00+00:00,2.5597,2.5666,2.5359,2.5448,4584096.0
2025-02-14 01:30:00+00:00,2.5449,2.5492,2.53,2.5462,3466585.0
2025-02-14 02:00:00+00:00,2.5459,2.5621,2.5456,2.5475,3225414.0
2025-02-14 02:30:00+00:00,2.5475,2.5671,2.5468,2.5539,3449410.0
2025-02-14 03:00:00+00:00,2.5539,2.5725,2.5537,2.5655,3643824.0
2025-02-14 03:30:00+00:00,2.5655,2.5938,2.5614,2.5938,5258225.0
2025-02-14 04:00:00+00:00,2.5938,2.598,2.578,2.5862,4352236.0
2025-02-14 04:30:00+00:00,2.5861,2.5884,2.5651,2.5692,3887861.0
2025-02-14 05:00:00+00:00,2.5691,2.5848,2.5658,2.5762,2692447.0
2025-02-14 05:30:00+00:00,2.5762,2.5763,2.5546,2.5578,4177686.0
2025-02-14 06:00:00+00:00,2.5577,2.5637,2.543,2.5478,5327981.0
2025-02-14 06:30:00+00:00,2.5478,2.5568,2.5382,2.5565,4584333.0
2025-02-14 07:00:00+00:00,2.5566,2.5666,2.5532,2.5586,3580593.0
2025-02-14 07:30:00+00:00,2.5586,2.5926,2.5579,2.5881,7669905.0
2025-02-14 08:00:00+00:00,2.588,2.7396,2.5871,2.7157,35020942.0
2025-02-14 08:30:00+00:00,2.7157,2.7161,2.6721,2.6952,18504578.0
2025-02-14 09:00:00+00:00,2.6952,2.7766,2.6899,2.7393,24489240.0
2025-02-14 09:30:00+00:00,2.7393,2.7666,2.7248,2.7557,18832569.0
2025-02-14 10:00:00+00:00,2.7557,2.7647,2.7266,2.7291,9941498.0
2025-02-14 10:30:00+00:00,2.7291,2.756,2.7291,2.7391,6452843.0
2025-02-14 11:00:00+00:00,2.739,2.7895,2.7371,2.7545,11893919.0
2025-02-14 11:30:00+00:00,2.7545,2.7746,2.7263,2.7324,10692619.0
2025-02-14 12:00:00+00:00,2.7324,2.7373,2.6797,2.6936,21595227.0
2025-02-14 12:30:00+00:00,2.6936,2.7089,2.6893,2.698,7621477.0
2025-02-14 13:00:00+00:00,2.6981,2.705,2.6838,2.6865,5718057.0
2025-02-14 13:30:00+00:00,2.6866,2.7294,2.6866,2.7207,9743873.0
2025-02-14 14:00:00+00:00,2.7208,2.7475,2.7203,2.7283,8021586.0
2025-02-14 14:30:00+00:00,2.7282,2.7513,2.7179,2.7291,8321987.0
2025-02-14 15:00:00+00:00,2.7292,2.7331,2.695,2.7098,10765997.0
2025-02-14 15:30:00+00:00,2.7099,2.7328,2.7054,2.7251,5161435.0
2025-02-14 16:00:00+00:00,2.7251,2.7331,2.6999,2.7171,5214275.0
2025-02-14 16:30:00+00:00,2.717,2.7387,2.704,2.7368,4410872.0
2025-02-14 17:00:00+00:00,2.7368,2.7373,2.7222,2.7261,3803551.0
2025-02-14 17:30:00+00:00,2.7262,2.7628,2.7228,2.7451,8349275.0
2025-02-14 18:00:00+00:00,2.7452,2.7591,2.7413,2.7444,4822565.0
2025-02-14 18:30:00+00:00,2.7445,2.7756,2.7424,2.7542,8465358.0
2025-02-14 19:00:00+00:00,2.7543,2.8356,2.7535,2.8133,25460614.0
2025-02-14 19:30:00+00:00,2.8133,2.8139,2.7718,2.7879,9410617.0
2025-02-14 20:00:00+00:00,2.788,2.8109,2.7828,2.7884,6843433.0
2025-02-14 20:30:00+00:00,2.7884,2.7887,2.7342,2.747,9161322.0
2025-02-14 21:00:00+00:00,2.7471,2.7525,2.7078,2.7254,8736774.0
2025-02-14 21:30:00+00:00,2.7254,2.7598,2.7246,2.7473,5958962.0
2025-02-14 22:00:00+00:00,2.7473,2.7474,2.7225,2.7373,4267492.0
2025-02-14 22:30:00+00:00,2.7372,2.7382,2.6917,2.7104,6819384.0
2025-02-14 23:00:00+00:00,2.7105,2.7334,2.7068,2.7276,3948805.0
2025-02-14 23:30:00+00:00,2.7276,2.7437,2.7253,2.7384,2654023.0
2025-02-15 00:00:00+00:00,2.7384,2.7524,2.7275,2.7301,4175536.0
2025-02-15 00:30:00+00:00,2.7301,2.7515,2.7235,2.7476,2265309.0
2025-02-15 01:00:00+00:00,2.7477,2.7688,2.7454,2.7658,3612371.0
2025-02-15 01:30:00+00:00,2.7658,2.784,2.7602,2.7819,3491549.0
2025-02-15 02:00:00+00:00,2.7819,2.8307,2.7813,2.8154,13283967.0
2025-02-15 02:30:00+00:00,2.8155,2.8335,2.7996,2.8237,7047519.0
2025-02-15 03:00:00+00:00,2.8236,2.829,2.806,2.8141,4347584.0
2025-02-15 03:30:00+00:00,2.8142,2.8252,2.7978,2.8135,4342821.0
2025-02-15 04:00:00+00:00,2.8135,2.8149,2.7875,2.7954,5068181.0
2025-02-15 04:30:00+00:00,2.7954,2.8026,2.7822,2.7911,3998839.0
2025-02-15 05:00:00+00:00,2.7911,2.8071,2.7793,2.7856,3311767.0
2025-02-15 05:30:00+00:00,2.7856,2.7956,2.7841,2.7864,2244647.0
2025-02-15 06:00:00+00:00,2.7864,2.7922,2.769,2.7867,3801610.0
2025-02-15 06:30:00+00:00,2.7866,2.7895,2.7615,2.7635,3334933.0
2025-02-15 07:00:00+00:00,2.7636,2.7719,2.746,2.7591,4940427.0
2025-02-15 07:30:00+00:00,2.7591,2.776,2.7548,2.7638,2826192.0
2025-02-15 08:00:00+00:00,2.7638,2.8008,2.7637,2.792,5810947.0
2025-02-15 08:30:00+00:00,2.7921,2.81,2.792,2.7991,4537027.0
2025-02-15 09:00:00+00:00,2.799,2.8128,2.797,2.8037,3446665.0
2025-02-15 09:30:00+00:00,2.8037,2.8061,2.7852,2.787,3535844.0
2025-02-15 10:00:00+00:00,2.7869,2.802,2.7771,2.7998,3387128.0
2025-02-15 10:30:00+00:00,2.7998,2.818,2.7928,2.8069,3257364.0
2025-02-15 11:00:00+00:00,2.8068,2.8145,2.7842,2.7974,2988910.0
2025-02-15 11:30:00+00:00,2.7973,2.8043,2.7824,2.7972,2724799.0
2025-02-15 12:00:00+00:00,2.7973,2.8146,2.7943,2.8059,2869259.0
2025-02-15 12:30:00+00:00,2.8058,2.8058,2.7921,2.7986,2399750.0
2025-02-15 13:00:00+00:00,2.7986,2.8107,2.798,2.8082,2071369.0
2025-02-15 13:30:00+00:00,2.8082,2.8248,2.8017,2.8092,3877195.0
2025-02-15 14:00:00+00:00,2.8092,2.8104,2.7669,2.7811,8458418.0
2025-02-15 14:30:00+00:00,2.781,2.7868,2.7577,2.7864,5879793.0
2025-02-15 15:00:00+00:00,2.7865,2.805,2.7783,2.7809,4710799.0
2025-02-15 15:30:00+00:00,2.7808,2.7957,2.7735,2.78,2554062.0
2025-02-15 16:00:00+00:00,2.7799,2.7859,2.7634,2.7748,4205846.0
2025-02-15 16:30:00+00:00,2.7747,2.7807,2.7592,2.7694,3330995.0
2025-02-15 17:00:00+00:00,2.7694,2.7777,2.7387,2.751,8973869.0
2025-02-15 17:30:00+00:00,2.751,2.7575,2.7385,2.7485,4113860.0
2025-02-15 18:00:00+00:00,2.7484,2.7698,2.7465,2.7657,2332059.0
2025-02-15 18:30:00+00:00,2.7658,2.7785,2.7654,2.777,2193544.0
2025-02-15 19:00:00+00:00,2.777,2.7785,2.7583,2.7643,1661058.0
2025-02-15 19:30:00+00:00,2.7643,2.7643,2.7385,2.7446,2573803.0
2025-02-15 20:00:00+00:00,2.7447,2.7523,2.7272,2.7322,3998644.0
2025-02-15 20:30:00+00:00,2.7322,2.7323,2.713,2.7299,4420655.0
2025-02-15 21:00:00+00:00,2.7299,2.7445,2.7287,2.731,2715782.0
2025-02-15 21:30:00+00:00,2.7311,2.7464,2.7303,2.7434,2373094.0
2025-02-15 22:00:00+00:00,2.7434,2.7529,2.7314,2.7321,1536479.0
2025-02-15 22:30:00+00:00,2.732,2.7503,2.7258,2.7471,1370856.0
2025-02-15 23:00:00+00:00,2.7471,2.7641,2.7428,2.7582,1790082.0
2025-02-15 23:30:00+00:00,2.7583,2.7656,2.7555,2.7619,1988700.0
2025-02-16 00:00:00+00:00,2.7619,2.7771,2.7552,2.7739,2595024.0
2025-02-16 00:30:00+00:00,2.7739,2.7838,2.7648,2.7708,3307142.0
2025-02-16 01:00:00+00:00,2.7709,2.7988,2.7636,2.7963,3372381.0
2025-02-16 01:30:00+00:00,2.7964,2.7987,2.7819,2.7923,5176879.0
2025-02-16 02:00:00+00:00,2.7924,2.7928,2.774,2.7863,2480289.0
2025-02-16 02:30:00+00:00,2.7863,2.7894,2.7699,2.7789,1264125.0
2025-02-16 03:00:00+00:00,2.7788,2.7879,2.7668,2.7823,2055759.0
2025-02-16 03:30:00+00:00,2.7823,2.7832,2.77,2.7832,1222756.0
2025-02-16 04:00:00+00:00,2.7832,2.798,2.7777,2.7875,2356777.0
2025-02-16 04:30:00+00:00,2.7875,2.7932,2.7843,2.7898,1158741.0
2025-02-16 05:00:00+00:00,2.7898,2.792,2.7788,2.7867,1329932.0
2025-02-16 05:30:00+00:00,2.7868,2.8054,2.7852,2.7931,2589110.0
2025-02-16 06:00:00+00:00,2.793,2.8011,2.7867,2.7904,4161693.0
2025-02-16 06:30:00+00:00,2.7903,2.791,2.78,2.7867,1744061.0
2025-02-16 07:00:00+00:00,2.7868,2.787,2.7697,2.7706,3169968.0
2025-02-16 07:30:00+00:00,2.7705,2.776,2.7495,2.7603,4810590.0
2025-02-16 08:00:00+00:00,2.7603,2.7752,2.7556,2.7734,2383025.0
2025-02-16 08:30:00+00:00,2.7734,2.7773,2.762,2.7662,1624586.0
2025-02-16 09:00:00+00:00,2.7662,2.7691,2.74,2.7504,4627017.0
2025-02-16 09:30:00+00:00,2.7506,2.7636,2.7403,2.7617,2522716.0
2025-02-16 10:00:00+00:00,2.7617,2.7623,2.748,2.7547,1605656.0
2025-02-16 10:30:00+00:00,2.7548,2.7562,2.7445,2.7453,1376051.0
2025-02-16 11:00:00+00:00,2.7453,2.7639,2.7436,2.76,2339618.0
2025-02-16 11:30:00+00:00,2.7601,2.77,2.7572,2.7642,1755290.0
2025-02-16 12:00:00+00:00,2.7642,2.7673,2.755,2.7571,1113730.0
2025-02-16 12:30:00+00:00,2.757,2.7616,2.7485,2.7611,1390213.0
2025-02-16 13:00:00+00:00,2.7612,2.7639,2.7503,2.7576,1380478.0
2025-02-16 13:30:00+00:00,2.7575,2.7579,2.7266,2.732,3903452.0
2025-02-16 14:00:00+00:00,2.732,2.732,2.7084,2.7156,8414458.0
2025-02-16 14:30:00+00:00,2.7157,2.7333,2.6969,2.7266,6609077.0
2025-02-16 15:00:00+00:00,2.7267,2.7351,2.7157,2.7262,2163354.0
2025-02-16 15:30:00+00:00,2.7261,2.7331,2.7179,2.7231,1222079.0
2025-02-16 16:00:00+00:00,2.723,2.7322,2.7135,2.7289,1621143.0
2025-02-16 16:30:00+00:00,2.7289,2.734,2.7184,2.7295,1818000.0
2025-02-16 17:00:00+00:00,2.7296,2.7411,2.7257,2.7368,2404378.0
2025-02-16 17:30:00+00:00,2.7367,2.7384,2.7258,2.7305,1240190.0
2025-02-16 18:00:00+00:00,2.7304,2.7304,2.688,2.6999,6329837.0
2025-02-16 18:30:00+00:00,2.7,2.7204,2.6879,2.7176,3609593.0
2025-02-16 19:00:00+00:00,2.7176,2.7208,2.6995,2.7058,2130324.0
2025-02-16 19:30:00+00:00,2.7059,2.7294,2.7046,2.7261,2058100.0
2025-02-16 20:00:00+00:00,2.7261,2.7495,2.7236,2.7402,2930779.0
2025-02-16 20:30:00+00:00,2.7401,2.7503,2.7298,2.7448,2876752.0
2025-02-16 21:00:00+00:00,2.7448,2.7541,2.735,2.7475,2658458.0
2025-02-16 21:30:00+00:00,2.7474,2.7683,2.7467,2.7594,4184836.0
2025-02-16 22:00:00+00:00,2.7593,2.7656,2.7413,2.749,2812954.0
2025-02-16 22:30:00+00:00,2.749,2.7654,2.734,2.7595,2057752.0
2025-02-16 23:00:00+00:00,2.7596,2.7601,2.7333,2.7408,2673627.0
2025-02-16 23:30:00+00:00,2.7408,2.7429,2.7177,2.7283,3755247.0
2025-02-17 00:00:00+00:00,2.7283,2.7399,2.7223,2.7328,3293010.0
2025-02-17 00:30:00+00:00,2.7328,2.7477,2.7297,2.7463,2347026.0
2025-02-17 01:00:00+00:00,2.7463,2.7559,2.7388,2.7467,1737612.0
2025-02-17 01:30:00+00:00,2.7468,2.7646,2.7391,2.7604,2415091.0
2025-02-17 02:00:00+00:00,2.7604,2.7648,2.7493,2.7536,2163193.0
2025-02-17 02:30:00+00:00,2.7536,2.7541,2.7299,2.7339,2463281.0
2025-02-17 03:00:00+00:00,2.7339,2.7341,2.7122,2.723,4611870.0
2025-02-17 03:30:00+00:00,2.723,2.7272,2.7,2.7126,3781488.0
2025-02-17 04:00:00+00:00,2.7126,2.7174,2.6919,2.7088,5133648.0
2025-02-17 04:30:00+00:00,2.7087,2.7131,2.695,2.703,3280503.0
2025-02-17 05:00:00+00:00,2.703,2.7057,2.6546,2.667,17596081.0
2025-02-17 05:30:00+00:00,2.6668,2.696,2.6653,2.6915,5933939.0
2025-02-17 06:00:00+00:00,2.6915,2.7037,2.6772,2.6785,5556274.0
2025-02-17 06:30:00+00:00,2.6784,2.6863,2.6637,2.6764,4185107.0
2025-02-17 07:00:00+00:00,2.6763,2.6885,2.6551,2.6603,5982374.0
2025-02-17 07:30:00+00:00,2.6602,2.6621,2.6357,2.655,9908268.0
2025-02-17 08:00:00+00:00,2.6549,2.671,2.6463,2.647,4145401.0
2025-02-17 08:30:00+00:00,2.6469,2.6759,2.642,2.6728,4248565.0
2025-02-17 09:00:00+00:00,2.6727,2.6899,2.6702,2.6768,5877322.0
2025-02-17 09:30:00+00:00,2.6768,2.6867,2.6726,2.6803,1882315.0
2025-02-17 10:00:00+00:00,2.6803,2.7001,2.6792,2.687,3743668.0
2025-02-17 10:30:00+00:00,2.687,2.6878,2.6723,2.675,2980865.0
2025-02-17 11:00:00+00:00,2.6749,2.6864,2.6691,2.6725,1957418.0
2025-02-17 11:30:00+00:00,2.6726,2.6779,2.6633,2.6727,2409027.0
2025-02-17 12:00:00+00:00,2.6727,2.694,2.6703,2.6855,3209732.0
2025-02-17 12:30:00+00:00,2.6855,2.696,2.6775,2.691,2973504.0
2025-02-17 13:00:00+00:00,2.6909,2.6931,2.68,2.6833,2227705.0
2025-02-17 13:30:00+00:00,2.6832,2.6838,2.6691,2.6821,2997879.0
2025-02-17 14:00:00+00:00,2.6821,2.7323,2.677,2.7107,9247502.0
2025-02-17 14:30:00+00:00,2.7106,2.7245,2.7023,2.7151,2985406.0
2025-02-17 15:00:00+00:00,2.7152,2.7251,2.6859,2.6934,5530320.0
2025-02-17 15:30:00+00:00,2.6934,2.6937,2.6395,2.6465,11889091.0
2025-02-17 16:00:00+00:00,2.6464,2.6547,2.6075,2.6094,13088752.0
2025-02-17 16:30:00+00:00,2.6094,2.6325,2.6081,2.6176,5667188.0
2025-02-17 17:00:00+00:00,2.6176,2.6511,2.6171,2.6353,5027847.0
2025-02-17 17:30:00+00:00,2.6353,2.6639,2.6306,2.6533,3896549.0
2025-02-17 18:00:00+00:00,2.6534,2.6542,2.6219,2.6237,4472177.0
2025-02-17 18:30:00+00:00,2.6237,2.6357,2.6144,2.6258,4118194.0
2025-02-17 19:00:00+00:00,2.6258,2.6462,2.6111,2.641,4997627.0
2025-02-17 19:30:00+00:00,2.641,2.6553,2.6342,2.6487,1827133.0
2025-02-17 20:00:00+00:00,2.6487,2.6614,2.6472,2.6519,2532944.0
2025-02-17 20:30:00+00:00,2.6519,2.6668,2.6474,2.6601,3091530.0
2025-02-17 21:00:00+00:00,2.66,2.6798,2.659,2.6798,2750088.0
2025-02-17 21:30:00+00:00,2.6798,2.6852,2.6669,2.6849,1832610.0
2025-02-17 22:00:00+00:00,2.6849,2.686,2.6635,2.669,2864847.0
2025-02-17 22:30:00+00:00,2.6689,2.6728,2.6502,2.6519,2923478.0
2025-02-17 23:00:00+00:00,2.6518,2.6621,2.6435,2.648,3635567.0
2025-02-17 23:30:00+00:00,2.648,2.6609,2.6453,2.6599,1392340.0
2025-02-18 00:00:00+00:00,2.6599,2.6658,2.6262,2.6278,3929925.0
2025-02-18 00:30:00+00:00,2.6277,2.6452,2.6269,2.6363,1620255.0
2025-02-18 01:00:00+00:00,2.6364,2.6562,2.6299,2.6528,1980194.0
2025-02-18 01:30:00+00:00,2.6527,2.6686,2.6519,2.6661,2857555.0
2025-02-18 02:00:00+00:00,2.6661,2.6699,2.6511,2.6608,2111794.0
2025-02-18 02:30:00+00:00,2.6608,2.6656,2.6522,2.655,2183195.0
2025-02-18 03:00:00+00:00,2.655,2.6584,2.6486,2.6544,1736984.0
2025-02-18 03:30:00+00:00,2.6544,2.6664,2.6539,2.6599,2306285.0
2025-02-18 04:00:00+00:00,2.66,2.6669,2.6473,2.6474,3026131.0
2025-02-18 04:30:00+00:00,2.6474,2.656,2.6387,2.6464,2711078.0
2025-02-18 05:00:00+00:00,2.6464,2.6505,2.6175,2.6256,4193663.0
2025-02-18 05:30:00+00:00,2.6255,2.6293,2.6035,2.6088,5794271.0
2025-02-18 06:00:00+00:00,2.6088,2.6117,2.5614,2.5738,15748527.0
2025-02-18 06:30:00+00:00,2.5738,2.5809,2.5491,2.5534,10139441.0
2025-02-18 07:00:00+00:00,2.5534,2.576,2.5414,2.5734,8347707.0
2025-02-18 07:30:00+00:00,2.5734,2.5851,2.5588,2.5636,4381841.0
2025-02-18 08:00:00+00:00,2.5636,2.5776,2.5463,2.5745,4680257.0
2025-02-18 08:30:00+00:00,2.5746,2.58,2.5507,2.556,4424444.0
2025-02-18 09:00:00+00:00,2.556,2.589,2.5476,2.5859,4645801.0
2025-02-18 09:30:00+00:00,2.586,2.6018,2.5768,2.6008,4015840.0
2025-02-18 10:00:00+00:00,2.6008,2.6097,2.5905,2.5948,3654211.0
2025-02-18 10:30:00+00:00,2.5947,2.6018,2.5861,2.5883,2253167.0
2025-02-18 11:00:00+00:00,2.5884,2.59,2.5721,2.5806,2692937.0
2025-02-18 11:30:00+00:00,2.5806,2.5846,2.5695,2.5735,2295093.0
2025-02-18 12:00:00+00:00,2.5736,2.5966,2.5705,2.5958,1920011.0
2025-02-18 12:30:00+00:00,2.5957,2.6223,2.5941,2.6091,6376952.0
2025-02-18 13:00:00+00:00,2.609,2.6106,2.5967,2.6025,2579955.0
2025-02-18 13:30:00+00:00,2.6024,2.6162,2.5996,2.6101,1660423.0
2025-02-18 14:00:00+00:00,2.6102,2.631,2.605,2.6219,3359545.0
2025-02-18 14:30:00+00:00,2.6219,2.6259,2.5629,2.5778,9899803.0
2025-02-18 15:00:00+00:00,2.5778,2.5818,2.5511,2.5524,6121533.0
2025-02-18 15:30:00+00:00,2.5523,2.5742,2.5264,2.5407,9123661.0
2025-02-18 16:00:00+00:00,2.5408,2.557,2.5073,2.5077,8179689.0
2025-02-18 16:30:00+00:00,2.5077,2.5133,2.4754,2.4909,16484666.0
2025-02-18 17:00:00+00:00,2.4909,2.5056,2.4871,2.4882,4768749.0
2025-02-18 17:30:00+00:00,2.4884,2.5056,2.4693,2.5046,7258481.0
2025-02-18 18:00:00+00:00,2.5045,2.5363,2.4955,2.5291,8055617.0
2025-02-18 18:30:00+00:00,2.529,2.5294,2.5134,2.5157,3715259.0
2025-02-18 19:00:00+00:00,2.5158,2.5158,2.4915,2.5036,4198239.0
2025-02-18 19:30:00+00:00,2.5035,2.5252,2.4883,2.5117,4639193.0
2025-02-18 20:00:00+00:00,2.5118,2.5223,2.5013,2.515,2313587.0
2025-02-18 20:30:00+00:00,2.5149,2.5173,2.4954,2.5041,3748555.0
2025-02-18 21:00:00+00:00,2.5041,2.5446,2.5013,2.536,5792419.0
2025-02-18 21:30:00+00:00,2.536,2.5414,2.5229,2.5332,2707298.0
2025-02-18 22:00:00+00:00,2.5333,2.5574,2.5278,2.5558,3107917.0
2025-02-18 22:30:00+00:00,2.5558,2.5601,2.5376,2.5465,2716681.0
2025-02-18 23:00:00+00:00,2.5465,2.5662,2.5397,2.5643,4518118.0
2025-02-18 23:30:00+00:00,2.5642,2.5683,2.5542,2.5628,2193072.0
2025-02-19 00:00:00+00:00,2.5629,2.5748,2.5552,2.5611,3967403.0
2025-02-19 00:30:00+00:00,2.561,2.561,2.5314,2.5374,4281753.0
2025-02-19 01:00:00+00:00,2.5373,2.5405,2.5192,2.531,4326611.0
2025-02-19 01:30:00+00:00,2.5311,2.5394,2.5217,2.5383,1865073.0
2025-02-19 02:00:00+00:00,2.5384,2.5621,2.5374,2.5549,4413015.0
2025-02-19 02:30:00+00:00,2.5549,2.5779,2.552,2.5709,4144029.0
2025-02-19 03:00:00+00:00,2.5709,2.5724,2.5521,2.5596,3815041.0
2025-02-19 03:30:00+00:00,2.5597,2.5603,2.5423,2.5541,3213454.0
2025-02-19 04:00:00+00:00,2.554,2.5559,2.5279,2.533,4459337.0
2025-02-19 04:30:00+00:00,2.5329,2.5338,2.5167,2.5171,3080668.0
2025-02-19 05:00:00+00:00,2.5171,2.5309,2.5121,2.5214,2862747.0
2025-02-19 05:30:00+00:00,2.5213,2.5362,2.52,2.5309,2310477.0
2025-02-19 06:00:00+00:00,2.5309,2.536,2.5215,2.527,2710584.0
2025-02-19 06:30:00+00:00,2.5271,2.5501,2.5236,2.5465,3693352.0
2025-02-19 07:00:00+00:00,2.5465,2.565,2.5443,2.5544,4734281.0
2025-02-19 07:30:00+00:00,2.5543,2.5656,2.5441,2.5571,2374361.0
2025-02-19 08:00:00+00:00,2.5571,2.5681,2.5544,2.5635,2302076.0
2025-02-19 08:30:00+00:00,2.5636,2.571,2.5428,2.5466,2069745.0
2025-02-19 09:00:00+00:00,2.5466,2.5567,2.5435,2.5501,1916000.0
2025-02-19 09:30:00+00:00,2.5502,2.5658,2.5461,2.5594,2102930.0
2025-02-19 10:00:00+00:00,2.5594,2.5846,2.5593,2.5773,4939961.0
2025-02-19 10:30:00+00:00,2.5772,2.5789,2.567,2.5752,2389048.0
2025-02-19 11:00:00+00:00,2.5752,2.5857,2.5736,2.5786,2103594.0
2025-02-19 11:30:00+00:00,2.5786,2.6322,2.5728,2.6152,12792190.0
2025-02-19 12:00:00+00:00,2.6152,2.6212,2.598,2.6164,5409264.0
2025-02-19 12:30:00+00:00,2.6164,2.6217,2.5817,2.5845,4851722.0
2025-02-19 13:00:00+00:00,2.5845,2.6038,2.5845,2.5979,2594032.0
2025-02-19 13:30:00+00:00,2.5979,2.6129,2.5953,2.61,2376008.0
2025-02-19 14:00:00+00:00,2.61,2.6114,2.5946,2.6111,2065715.0
2025-02-19 14:30:00+00:00,2.6112,2.6252,2.5811,2.5824,5912076.0
2025-02-19 15:00:00+00:00,2.5824,2.6071,2.5732,2.601,4685089.0
2025-02-19 15:30:00+00:00,2.6009,2.6243,2.6006,2.6075,3700261.0
2025-02-19 16:00:00+00:00,2.6077,2.6746,2.607,2.6517,10389945.0
2025-02-19 16:30:00+00:00,2.6516,2.6531,2.6201,2.6421,4725272.0
2025-02-19 17:00:00+00:00,2.6421,2.6586,2.6361,2.6414,3946612.0
2025-02-19 17:30:00+00:00,2.6414,2.692,2.6398,2.6757,10499462.0
2025-02-19 18:00:00+00:00,2.6757,2.6843,2.6544,2.674,7982217.0
2025-02-19 18:30:00+00:00,2.674,2.6825,2.6479,2.6513,4920178.0
2025-02-19 19:00:00+00:00,2.6513,2.6793,2.633,2.6679,5806997.0
2025-02-19 19:30:00+00:00,2.6679,2.6728,2.6556,2.6607,2785965.0
2025-02-19 20:00:00+00:00,2.6607,2.6844,2.6559,2.6742,3193636.0
2025-02-19 20:30:00+00:00,2.6741,2.685,2.6631,2.666,2632419.0
2025-02-19 21:00:00+00:00,2.6659,2.685,2.6589,2.6827,2533172.0
2025-02-19 21:30:00+00:00,2.6827,2.6974,2.6681,2.6733,4236146.0
2025-02-19 22:00:00+00:00,2.6733,2.6889,2.6665,2.6845,2510774.0
2025-02-19 22:30:00+00:00,2.6844,2.7186,2.6758,2.7043,5375251.0
2025-02-19 23:00:00+00:00,2.7044,2.747,2.7044,2.7314,13108380.0
2025-02-19 23:30:00+00:00,2.7314,2.7461,2.7236,2.7378,5114368.0
2025-02-20 00:00:00+00:00,2.7378,2.749,2.7143,2.7143,7185251.0
2025-02-20 00:30:00+00:00,2.7144,2.7248,2.7035,2.7147,4852590.0
2025-02-20 01:00:00+00:00,2.7147,2.7197,2.6953,2.6988,3814924.0
2025-02-20 01:30:00+00:00,2.6988,2.7014,2.6855,2.6954,2729169.0
2025-02-20 02:00:00+00:00,2.6954,2.7063,2.685,2.695,3915525.0
2025-02-20 02:30:00+00:00,2.695,2.7001,2.6813,2.6912,3092591.0
2025-02-20 03:00:00+00:00,2.6912,2.7064,2.6912,2.6954,4067366.0
2025-02-20 03:30:00+00:00,2.6954,2.7126,2.6953,2.7046,2008065.0
2025-02-20 04:00:00+00:00,2.7045,2.7152,2.7,2.711,2738700.0
2025-02-20 04:30:00+00:00,2.7109,2.7173,2.7037,2.7136,2135257.0
2025-02-20 05:00:00+00:00,2.7136,2.7309,2.7081,2.7155,8756273.0
2025-02-20 05:30:00+00:00,2.7156,2.7331,2.7108,2.7186,2958496.0
2025-02-20 06:00:00+00:00,2.7186,2.7247,2.697,2.701,3496544.0
2025-02-20 06:30:00+00:00,2.701,2.7075,2.6844,2.6852,4567839.0
2025-02-20 07:00:00+00:00,2.6852,2.6889,2.6701,2.6826,4236911.0
2025-02-20 07:30:00+00:00,2.6826,2.7022,2.6823,2.6861,5528138.0
2025-02-20 08:00:00+00:00,2.6861,2.699,2.6822,2.6971,1366209.0
2025-02-20 08:30:00+00:00,2.6972,2.7051,2.6885,2.7047,1289648.0
2025-02-20 09:00:00+00:00,2.7048,2.7125,2.6995,2.704,1838885.0
2025-02-20 09:30:00+00:00,2.704,2.7051,2.69,2.6926,2562436.0
2025-02-20 10:00:00+00:00,2.6925,2.7,2.6834,2.699,2531377.0
2025-02-20 10:30:00+00:00,2.6991,2.7075,2.6881,2.7069,2145422.0
2025-02-20 11:00:00+00:00,2.7068,2.7087,2.6872,2.6893,2239560.0
2025-02-20 11:30:00+00:00,2.6893,2.694,2.6762,2.6813,3546690.0
2025-02-20 12:00:00+00:00,2.6813,2.6997,2.6811,2.6987,2204376.0
2025-02-20 12:30:00+00:00,2.6987,2.7097,2.6845,2.6868,3328371.0
2025-02-20 13:00:00+00:00,2.6868,2.6967,2.6807,2.6948,2483345.0
2025-02-20 13:30:00+00:00,2.6949,2.7055,2.6868,2.7042,3702331.0
2025-02-20 14:00:00+00:00,2.7043,2.7473,2.7038,2.7277,9311714.0
2025-02-20 14:30:00+00:00,2.7277,2.7451,2.6858,2.6918,8127659.0
2025-02-20 15:00:00+00:00,2.6919,2.6998,2.6834,2.6922,3910744.0
2025-02-20 15:30:00+00:00,2.6922,2.6978,2.6707,2.6728,3703246.0
2025-02-20 16:00:00+00:00,2.6728,2.7051,2.6671,2.7043,4765341.0
2025-02-20 16:30:00+00:00,2.7043,2.7066,2.6851,2.6874,3237266.0
2025-02-20 17:00:00+00:00,2.6874,2.7034,2.6873,2.7014,1379641.0
2025-02-20 17:30:00+00:00,2.7013,2.7056,2.6903,2.7039,1510774.0
2025-02-20 18:00:00+00:00,2.704,2.7283,2.7038,2.7194,3624613.0
2025-02-20 18:30:00+00:00,2.7194,2.7243,2.7046,2.7121,2452737.0
2025-02-20 19:00:00+00:00,2.712,2.7199,2.7051,2.7187,1886746.0
2025-02-20 19:30:00+00:00,2.7187,2.7199,2.7032,2.7076,1532560.0
2025-02-20 20:00:00+00:00,2.7078,2.714,2.6956,2.7075,2441465.0
2025-02-20 20:30:00+00:00,2.7074,2.7109,2.6914,2.6965,2123786.0
2025-02-20 21:00:00+00:00,2.6966,2.6975,2.6771,2.684,3197411.0
2025-02-20 21:30:00+00:00,2.684,2.6893,2.6699,2.6756,3560466.0
2025-02-20 22:00:00+00:00,2.6756,2.6873,2.6754,2.6844,3655335.0
2025-02-20 22:30:00+00:00,2.6845,2.693,2.6802,2.6859,1999098.0
2025-02-20 23:00:00+00:00,2.6859,2.6958,2.6844,2.6931,1652527.0
2025-02-20 23:30:00+00:00,2.6932,2.6998,2.6876,2.6877,1818257.0
2025-02-21 00:00:00+00:00,2.6878,2.6931,2.679,2.6793,3229592.0
2025-02-21 00:30:00+00:00,2.6794,2.6848,2.6701,2.679,2090121.0
2025-02-21 01:00:00+00:00,2.6791,2.683,2.6517,2.6592,3995383.0
2025-02-21 01:30:00+00:00,2.6592,2.6702,2.6546,2.6641,2587459.0
2025-02-21 02:00:00+00:00,2.664,2.6732,2.658,2.6642,2624520.0
2025-02-21 02:30:00+00:00,2.6642,2.6686,2.653,2.6568,2209265.0
2025-02-21 03:00:00+00:00,2.6567,2.663,2.6485,2.658,2759079.0
2025-02-21 03:30:00+00:00,2.658,2.6588,2.6396,2.6437,3776696.0
2025-02-21 04:00:00+00:00,2.6436,2.6558,2.6413,2.6472,2207781.0
2025-02-21 04:30:00+00:00,2.6471,2.6588,2.6424,2.6552,2123150.0
2025-02-21 05:00:00+00:00,2.6552,2.6595,2.649,2.6491,2041241.0
2025-02-21 05:30:00+00:00,2.6491,2.6572,2.6464,2.6485,2527364.0
2025-02-21 06:00:00+00:00,2.6485,2.6544,2.6436,2.6538,2354101.0
2025-02-21 06:30:00+00:00,2.6538,2.6688,2.6517,2.6665,2600051.0
2025-02-21 07:00:00+00:00,2.6665,2.675,2.6614,2.668,2906060.0
2025-02-21 07:30:00+00:00,2.668,2.668,2.6568,2.6596,2134886.0
2025-02-21 08:00:00+00:00,2.6597,2.665,2.6547,2.6627,2531451.0
2025-02-21 08:30:00+00:00,2.6627,2.6757,2.6595,2.6715,2759667.0
2025-02-21 09:00:00+00:00,2.6714,2.695,2.6676,2.6737,5534848.0
2025-02-21 09:30:00+00:00,2.6737,2.6805,2.6466,2.667,5983972.0
2025-02-21 10:00:00+00:00,2.667,2.6733,2.6601,2.6689,2390262.0
2025-02-21 10:30:00+00:00,2.669,2.6787,2.6681,2.6757,2013336.0
2025-02-21 11:00:00+00:00,2.6758,2.6773,2.6529,2.6647,3761545.0
2025-02-21 11:30:00+00:00,2.6648,2.6666,2.6507,2.6507,2833190.0
2025-02-21 12:00:00+00:00,2.6508,2.6588,2.6454,2.6539,2328851.0
2025-02-21 12:30:00+00:00,2.6539,2.6661,2.6524,2.6656,1877673.0
2025-02-21 13:00:00+00:00,2.6656,2.6975,2.6655,2.6861,7673531.0
2025-02-21 13:30:00+00:00,2.6861,2.716,2.684,2.6987,8707347.0
2025-02-21 14:00:00+00:00,2.6987,2.7012,2.6793,2.685,4021650.0
2025-02-21 14:30:00+00:00,2.6851,2.6851,2.65,2.6685,8413275.0
2025-02-21 15:00:00+00:00,2.6685,2.6981,2.6222,2.65,16024441.0
2025-02-21 15:30:00+00:00,2.6501,2.6515,2.5644,2.6144,26012778.0
2025-02-21 16:00:00+00:00,2.6144,2.6473,2.5944,2.6229,13066400.0
2025-02-21 16:30:00+00:00,2.623,2.6307,2.6093,2.6297,7276872.0
2025-02-21 17:00:00+00:00,2.6297,2.6394,2.6013,2.6067,5611096.0
2025-02-21 17:30:00+00:00,2.6067,2.6072,2.558,2.5688,12901448.0
2025-02-21 18:00:00+00:00,2.5687,2.58,2.5539,2.573,6256017.0
2025-02-21 18:30:00+00:00,2.573,2.5858,2.5639,2.5756,3782988.0
2025-02-21 19:00:00+00:00,2.5755,2.5833,2.5391,2.5438,6486052.0
2025-02-21 19:30:00+00:00,2.5439,2.5582,2.5076,2.5257,11077370.0
2025-02-21 20:00:00+00:00,2.5257,2.5469,2.5204,2.5412,6296518.0
2025-02-21 20:30:00+00:00,2.5413,2.5489,2.5158,2.5279,6839855.0
2025-02-21 21:00:00+00:00,2.5279,2.5474,2.5272,2.5367,5514240.0
2025-02-21 21:30:00+00:00,2.5367,2.5453,2.527,2.536,4810012.0
2025-02-21 22:00:00+00:00,2.536,2.5608,2.5336,2.5548,9085917.0
2025-02-21 22:30:00+00:00,2.5549,2.5718,2.547,2.5638,5568668.0
2025-02-21 23:00:00+00:00,2.5638,2.5743,2.5537,2.5699,4050223.0
2025-02-21 23:30:00+00:00,2.57,2.5763,2.5654,2.5721,4095965.0
2025-02-22 00:00:00+00:00,2.5722,2.5736,2.5505,2.5686,3759281.0
2025-02-22 00:30:00+00:00,2.5686,2.5878,2.5686,2.583,2989111.0
2025-02-22 01:00:00+00:00,2.583,2.5911,2.5776,2.5898,2422991.0
2025-02-22 01:30:00+00:00,2.5898,2.5987,2.585,2.5902,2289507.0
2025-02-22 02:00:00+00:00,2.5902,2.5902,2.5661,2.5668,2904833.0
2025-02-22 02:30:00+00:00,2.5667,2.582,2.5626,2.5733,4911854.0
2025-02-22 03:00:00+00:00,2.5732,2.5739,2.5651,2.5725,1335337.0
2025-02-22 03:30:00+00:00,2.5725,2.5756,2.5599,2.5724,4017380.0
2025-02-22 04:00:00+00:00,2.5724,2.5792,2.5672,2.5753,1732384.0
2025-02-22 04:30:00+00:00,2.5754,2.586,2.5731,2.5821,2144783.0
2025-02-22 05:00:00+00:00,2.5822,2.5835,2.5715,2.579,1213424.0
2025-02-22 05:30:00+00:00,2.5789,2.5858,2.5782,2.583,1368557.0
2025-02-22 06:00:00+00:00,2.583,2.5881,2.578,2.5807,1223943.0
2025-02-22 06:30:00+00:00,2.5806,2.5868,2.5791,2.5855,1013132.0
2025-02-22 07:00:00+00:00,2.5856,2.5954,2.5855,2.5874,1609384.0
2025-02-22 07:30:00+00:00,2.5874,2.5908,2.5811,2.5815,1026747.0
2025-02-22 08:00:00+00:00,2.5815,2.5854,2.5641,2.572,5218926.0
2025-02-22 08:30:00+00:00,2.572,2.5763,2.5691,2.5721,1616900.0
2025-02-22 09:00:00+00:00,2.5722,2.5846,2.5722,2.576,2277029.0
2025-02-22 09:30:00+00:00,2.576,2.5843,2.5738,2.583,1028073.0
2025-02-22 10:00:00+00:00,2.583,2.5967,2.578,2.5936,4830850.0
2025-02-22 10:30:00+00:00,2.5937,2.5948,2.585,2.5858,1330240.0
2025-02-22 11:00:00+00:00,2.5858,2.5915,2.5833,2.5875,959115.0
2025-02-22 11:30:00+00:00,2.5876,2.5935,2.5855,2.5886,1091224.0
2025-02-22 12:00:00+00:00,2.5887,2.5931,2.5823,2.5844,1358647.0
2025-02-22 12:30:00+00:00,2.5845,2.5946,2.5844,2.5907,1289097.0
2025-02-22 13:00:00+00:00,2.5908,2.5997,2.5874,2.5874,1757864.0
2025-02-22 13:30:00+00:00,2.5874,2.5898,2.5784,2.5798,2342239.0
2025-02-22 14:00:00+00:00,2.5798,2.5877,2.5794,2.5856,791118.0
2025-02-22 14:30:00+00:00,2.5855,2.5888,2.58,2.5831,1370911.0
2025-02-22 15:00:00+00:00,2.5832,2.5918,2.5829,2.5853,1531622.0
2025-02-22 15:30:00+00:00,2.5853,2.5957,2.58,2.5902,1435884.0
2025-02-22 16:00:00+00:00,2.5903,2.5989,2.5902,2.5931,2331169.0
2025-02-22 16:30:00+00:00,2.5931,2.597,2.5861,2.5872,860836.0
2025-02-22 17:00:00+00:00,2.5873,2.5958,2.5843,2.5925,1232624.0
2025-02-22 17:30:00+00:00,2.5925,2.606,2.59,2.606,2096935.0
2025-02-22 18:00:00+00:00,2.6059,2.6099,2.5944,2.597,1654416.0
2025-02-22 18:30:00+00:00,2.5971,2.6009,2.5876,2.5906,1239147.0
2025-02-22 19:00:00+00:00,2.5906,2.5937,2.5814,2.5909,1748924.0
2025-02-22 19:30:00+00:00,2.591,2.5918,2.5847,2.5874,550866.0
2025-02-22 20:00:00+00:00,2.5874,2.5893,2.5727,2.5748,6920998.0
2025-02-22 20:30:00+00:00,2.5747,2.579,2.5678,2.578,1862356.0
2025-02-22 21:00:00+00:00,2.578,2.5819,2.5732,2.5733,829593.0
2025-02-22 21:30:00+00:00,2.5734,2.5829,2.5733,2.5804,859354.0
2025-02-22 22:00:00+00:00,2.5804,2.5859,2.5792,2.5816,1384494.0
2025-02-22 22:30:00+00:00,2.5816,2.5873,2.5787,2.5818,615804.0
2025-02-22 23:00:00+00:00,2.5819,2.5839,2.5755,2.5827,1258738.0
2025-02-22 23:30:00+00:00,2.5828,2.5833,2.5736,2.574,878011.0
2025-02-23 00:00:00+00:00,2.574,2.575,2.5408,2.5615,6690460.0
2025-02-23 00:30:00+00:00,2.5614,2.5695,2.5551,2.5661,2026561.0
2025-02-23 01:00:00+00:00,2.5661,2.5708,2.554,2.556,1252528.0
2025-02-23 01:30:00+00:00,2.556,2.5593,2.5459,2.5569,2722608.0
2025-02-23 02:00:00+00:00,2.5569,2.56,2.55,2.5551,812408.0
2025-02-23 02:30:00+00:00,2.5551,2.5551,2.543,2.5439,1563325.0
2025-02-23 03:00:00+00:00,2.544,2.5534,2.5413,2.5504,1428989.0
2025-02-23 03:30:00+00:00,2.5504,2.557,2.5494,2.5527,1568264.0
2025-02-23 04:00:00+00:00,2.5527,2.5581,2.544,2.555,1406219.0
2025-02-23 04:30:00+00:00,2.555,2.5602,2.5517,2.5592,658016.0
2025-02-23 05:00:00+00:00,2.5591,2.5637,2.5565,2.5603,1553864.0
2025-02-23 05:30:00+00:00,2.5604,2.5714,2.5585,2.5646,1746908.0
2025-02-23 06:00:00+00:00,2.5646,2.5694,2.5608,2.565,1363312.0
2025-02-23 06:30:00+00:00,2.5649,2.5674,2.5616,2.5655,842778.0
2025-02-23 07:00:00+00:00,2.5656,2.5798,2.5645,2.5769,1313836.0
2025-02-23 07:30:00+00:00,2.5769,2.6016,2.576,2.59,4714867.0
2025-02-23 08:00:00+00:00,2.59,2.5915,2.5797,2.5815,1549962.0
2025-02-23 08:30:00+00:00,2.5816,2.5906,2.5794,2.5871,1265678.0
2025-02-23 09:00:00+00:00,2.5871,2.589,2.5659,2.5736,3773389.0
2025-02-23 09:30:00+00:00,2.5736,2.582,2.5676,2.5796,1771246.0
2025-02-23 10:00:00+00:00,2.5796,2.5822,2.573,2.5754,914269.0
2025-02-23 10:30:00+00:00,2.5753,2.5753,2.5676,2.5732,1621076.0
2025-02-23 11:00:00+00:00,2.5732,2.5784,2.5689,2.5747,628841.0
2025-02-23 11:30:00+00:00,2.5746,2.5758,2.5663,2.5693,1034365.0
2025-02-23 12:00:00+00:00,2.5693,2.5743,2.5502,2.551,3213632.0
2025-02-23 12:30:00+00:00,2.551,2.5597,2.5462,2.5524,3381924.0
2025-02-23 13:00:00+00:00,2.5525,2.5662,2.551,2.5561,1784455.0
2025-02-23 13:30:00+00:00,2.5562,2.5661,2.5551,2.5649,1538351.0
2025-02-23 14:00:00+00:00,2.5649,2.5686,2.5585,2.5622,1512314.0
2025-02-23 14:30:00+00:00,2.5621,2.5622,2.5483,2.5526,2043970.0
2025-02-23 15:00:00+00:00,2.5526,2.559,2.5508,2.5517,763400.0
2025-02-23 15:30:00+00:00,2.5516,2.5516,2.5201,2.522,5237042.0
2025-02-23 16:00:00+00:00,2.522,2.5364,2.5205,2.5351,2711965.0
2025-02-23 16:30:00+00:00,2.5351,2.5562,2.5301,2.5392,2897606.0
2025-02-23 17:00:00+00:00,2.5392,2.5522,2.5389,2.5483,1234449.0
2025-02-23 17:30:00+00:00,2.5484,2.564,2.547,2.5592,2787135.0
2025-02-23 18:00:00+00:00,2.5592,2.5659,2.5571,2.5615,1109439.0
2025-02-23 18:30:00+00:00,2.5615,2.5647,2.5492,2.552,1583808.0
2025-02-23 19:00:00+00:00,2.5521,2.558,2.5493,2.5569,796252.0
2025-02-23 19:30:00+00:00,2.5569,2.5592,2.5497,2.5523,764250.0
2025-02-23 20:00:00+00:00,2.5524,2.558,2.5492,2.5543,663006.0
2025-02-23 20:30:00+00:00,2.5543,2.5553,2.5415,2.5552,2216887.0
2025-02-23 21:00:00+00:00,2.5552,2.5687,2.5537,2.5686,1781123.0
2025-02-23 21:30:00+00:00,2.5686,2.5738,2.565,2.5737,1219785.0
2025-02-23 22:00:00+00:00,2.5738,2.574,2.5615,2.5682,1942354.0
2025-02-23 22:30:00+00:00,2.5682,2.5714,2.5578,2.5645,1536547.0
2025-02-23 23:00:00+00:00,2.5645,2.5836,2.5642,2.5646,2246853.0
2025-02-23 23:30:00+00:00,2.5645,2.5805,2.5617,2.5763,2207693.0
2025-02-24 00:00:00+00:00,2.5763,2.609,2.5746,2.5889,5218274.0
2025-02-24 00:30:00+00:00,2.5888,2.589,2.5738,2.5756,1739572.0
2025-02-24 01:00:00+00:00,2.5756,2.58,2.5636,2.5683,1875010.0
2025-02-24 01:30:00+00:00,2.5683,2.5686,2.5474,2.557,3422983.0
2025-02-24 02:00:00+00:00,2.5569,2.5661,2.5435,2.5508,3180691.0
2025-02-24 02:30:00+00:00,2.5508,2.5529,2.538,2.5391,3187518.0
2025-02-24 03:00:00+00:00,2.5391,2.5395,2.4904,2.5028,10163111.0
2025-02-24 03:30:00+00:00,2.5029,2.5185,2.47,2.4902,13641579.0
2025-02-24 04:00:00+00:00,2.4901,2.493,2.4711,2.472,6110412.0
2025-02-24 04:30:00+00:00,2.4719,2.4763,2.4424,2.4747,11720887.0
2025-02-24 05:00:00+00:00,2.4746,2.4955,2.4661,2.4905,8117024.0
2025-02-24 05:30:00+00:00,2.4906,2.505,2.4892,2.4943,4220208.0
2025-02-24 06:00:00+00:00,2.4944,2.4944,2.4764,2.4851,4025189.0
2025-02-24 06:30:00+00:00,2.4851,2.4965,2.4814,2.4916,3689418.0
2025-02-24 07:00:00+00:00,2.4916,2.5007,2.4846,2.4896,3505189.0
2025-02-24 07:30:00+00:00,2.4896,2.4973,2.4854,2.4939,2620265.0
2025-02-24 08:00:00+00:00,2.4939,2.4945,2.4453,2.4536,9055024.0
2025-02-24 08:30:00+00:00,2.4537,2.4657,2.4482,2.4534,5466763.0
2025-02-24 09:00:00+00:00,2.4534,2.488,2.4509,2.482,4288359.0
2025-02-24 09:30:00+00:00,2.482,2.4884,2.4687,2.4751,2928059.0
2025-02-24 10:00:00+00:00,2.4751,2.4784,2.4476,2.4517,4982861.0
2025-02-24 10:30:00+00:00,2.4516,2.4674,2.433,2.4672,7431089.0
2025-02-24 11:00:00+00:00,2.4672,2.4809,2.4543,2.4803,3356548.0
2025-02-24 11:30:00+00:00,2.4803,2.4938,2.4726,2.4881,3567842.0
2025-02-24 12:00:00+00:00,2.4882,2.4912,2.4793,2.4865,2073238.0
2025-02-24 12:30:00+00:00,2.4865,2.4872,2.4754,2.4796,1924870.0
2025-02-24 13:00:00+00:00,2.4796,2.4932,2.4636,2.4905,4099574.0
2025-02-24 13:30:00+00:00,2.4905,2.4984,2.4766,2.4784,2530369.0
2025-02-24 14:00:00+00:00,2.4784,2.4842,2.4614,2.4629,2909643.0
2025-02-24 14:30:00+00:00,2.4629,2.4826,2.426,2.4303,11441833.0
2025-02-24 15:00:00+00:00,2.4303,2.4544,2.402,2.4279,19561086.0
2025-02-24 15:30:00+00:00,2.4278,2.4344,2.4028,2.4309,10057613.0
2025-02-24 16:00:00+00:00,2.431,2.4544,2.4224,2.4478,5572889.0
2025-02-24 16:30:00+00:00,2.4477,2.4568,2.4376,2.4406,2977596.0
2025-02-24 17:00:00+00:00,2.4407,2.4667,2.4391,2.4589,5535391.0
2025-02-24 17:30:00+00:00,2.459,2.4764,2.4577,2.4644,4677571.0
2025-02-24 18:00:00+00:00,2.4643,2.4747,2.4546,2.4557,2786562.0
2025-02-24 18:30:00+00:00,2.4557,2.4661,2.4426,2.4449,2295418.0
2025-02-24 19:00:00+00:00,2.4448,2.4514,2.433,2.4354,3187014.0
2025-02-24 19:30:00+00:00,2.4353,2.4368,2.3811,2.4014,15787652.0
2025-02-24 20:00:00+00:00,2.4015,2.4366,2.3906,2.42,6068365.0
2025-02-24 20:30:00+00:00,2.42,2.4494,2.4165,2.4246,4498249.0
2025-02-24 21:00:00+00:00,2.4245,2.4278,2.3954,2.4152,5465865.0
2025-02-24 21:30:00+00:00,2.4152,2.418,2.357,2.3645,10065876.0
2025-02-24 22:00:00+00:00,2.3646,2.366,2.2701,2.3408,56965215.0
2025-02-24 22:30:00+00:00,2.3407,2.3571,2.2336,2.2656,19128181.0
2025-02-24 23:00:00+00:00,2.2656,2.322,2.263,2.2824,12359757.0
2025-02-24 23:30:00+00:00,2.2825,2.3029,2.2576,2.2783,11551079.0
2025-02-25 00:00:00+00:00,2.2784,2.3367,2.211,2.3113,20187674.0
2025-02-25 00:30:00+00:00,2.3112,2.336,2.2937,2.3071,21594525.0
2025-02-25 01:00:00+00:00,2.3071,2.3208,2.2638,2.2961,10240525.0
2025-02-25 01:30:00+00:00,2.2961,2.3229,2.2815,2.291,10701540.0
2025-02-25 02:00:00+00:00,2.291,2.3181,2.2691,2.2981,9928910.0
2025-02-25 02:30:00+00:00,2.2982,2.3295,2.2906,2.3175,6457366.0
2025-02-25 03:00:00+00:00,2.3174,2.3252,2.2864,2.2913,5457004.0
2025-02-25 03:30:00+00:00,2.2914,2.3142,2.28,2.2835,6190278.0
2025-02-25 04:00:00+00:00,2.2836,2.2987,2.2495,2.2889,11024486.0
2025-02-25 04:30:00+00:00,2.2889,2.2902,2.247,2.2539,8420394.0
2025-02-25 05:00:00+00:00,2.2539,2.3015,2.2338,2.2913,13295711.0
2025-02-25 05:30:00+00:00,2.2914,2.3071,2.2772,2.305,11490699.0
2025-02-25 06:00:00+00:00,2.305,2.31,2.2575,2.2575,9621585.0
2025-02-25 06:30:00+00:00,2.2576,2.2744,2.248,2.25,12945148.0
2025-02-25 07:00:00+00:00,2.2501,2.2571,2.1252,2.1567,53197063.0
2025-02-25 07:30:00+00:00,2.1565,2.1747,2.0906,2.1511,59734324.0
2025-02-25 08:00:00+00:00,2.1511,2.2049,2.1371,2.1934,19717526.0
2025-02-25 08:30:00+00:00,2.1934,2.2137,2.185,2.1859,11122397.0
2025-02-25 09:00:00+00:00,2.186,2.1954,2.1269,2.1407,17985749.0
2025-02-25 09:30:00+00:00,2.1407,2.1647,2.1327,2.1396,10849274.0
2025-02-25 10:00:00+00:00,2.1396,2.1646,2.0684,2.1173,37536916.0
2025-02-25 10:30:00+00:00,2.1174,2.1562,2.1145,2.1297,18416447.0
2025-02-25 11:00:00+00:00,2.1298,2.1304,2.0637,2.0759,22827874.0
2025-02-25 11:30:00+00:00,2.0759,2.2138,2.0747,2.1893,41630936.0
2025-02-25 12:00:00+00:00,2.1893,2.2471,2.1717,2.2243,33139898.0
2025-02-25 12:30:00+00:00,2.2244,2.2732,2.2049,2.2732,17883626.0
2025-02-25 13:00:00+00:00,2.2733,2.2794,2.2305,2.2312,18737537.0
2025-02-25 13:30:00+00:00,2.2311,2.2485,2.2171,2.2233,11566053.0
2025-02-25 14:00:00+00:00,2.2234,2.2567,2.2082,2.2259,11160817.0
2025-02-25 14:30:00+00:00,2.2259,2.2444,2.1638,2.1744,35572466.0
2025-02-25 15:00:00+00:00,2.1743,2.199,2.1562,2.1705,21312984.0
2025-02-25 15:30:00+00:00,2.1706,2.2328,2.1611,2.2064,14826037.0
2025-02-25 16:00:00+00:00,2.2065,2.2146,2.1732,2.1789,8631081.0
2025-02-25 16:30:00+00:00,2.1789,2.2487,2.1722,2.2212,11010729.0
2025-02-25 17:00:00+00:00,2.2212,2.2345,2.2046,2.2328,5379998.0
2025-02-25 17:30:00+00:00,2.2327,2.2441,2.2029,2.2206,5924718.0
2025-02-25 18:00:00+00:00,2.2207,2.25,2.1917,2.1923,13604031.0
2025-02-25 18:30:00+00:00,2.1924,2.2183,2.1871,2.2108,6976184.0
2025-02-25 19:00:00+00:00,2.2108,2.2291,2.1838,2.1978,6565386.0
2025-02-25 19:30:00+00:00,2.1977,2.265,2.1969,2.2629,9897591.0
2025-02-25 20:00:00+00:00,2.2629,2.302,2.245,2.2962,14175399.0
2025-02-25 20:30:00+00:00,2.2961,2.31,2.2753,2.301,14594723.0
2025-02-25 21:00:00+00:00,2.3009,2.3081,2.2786,2.2943,5644800.0
2025-02-25 21:30:00+00:00,2.2943,2.3349,2.2851,2.3307,8762334.0
2025-02-25 22:00:00+00:00,2.3307,2.3663,2.315,2.3235,17341676.0
2025-02-25 22:30:00+00:00,2.3237,2.3502,2.3177,2.3329,5441320.0
2025-02-25 23:00:00+00:00,2.3328,2.3583,2.3268,2.3428,7746144.0
2025-02-25 23:30:00+00:00,2.3428,2.3434,2.318,2.3222,5951694.0
2025-02-26 00:00:00+00:00,2.3222,2.3306,2.2952,2.3071,8635235.0
2025-02-26 00:30:00+00:00,2.3071,2.3117,2.2634,2.2764,9417423.0
2025-02-26 01:00:00+00:00,2.2763,2.3,2.2759,2.2913,5523128.0
2025-02-26 01:30:00+00:00,2.2914,2.3122,2.2897,2.3005,4849044.0
2025-02-26 02:00:00+00:00,2.3006,2.3039,2.2844,2.2982,4875693.0
2025-02-26 02:30:00+00:00,2.2981,2.3302,2.2873,2.3195,5689317.0
2025-02-26 03:00:00+00:00,2.3194,2.3314,2.3151,2.3207,5625426.0
2025-02-26 03:30:00+00:00,2.3207,2.3235,2.3089,2.3115,2621949.0
2025-02-26 04:00:00+00:00,2.3116,2.3263,2.3061,2.3261,2141117.0
2025-02-26 04:30:00+00:00,2.3261,2.3288,2.298,2.2997,3503499.0
2025-02-26 05:00:00+00:00,2.2998,2.306,2.2891,2.2965,4201640.0
2025-02-26 05:30:00+00:00,2.2965,2.2977,2.2774,2.2791,3858033.0
2025-02-26 06:00:00+00:00,2.279,2.3013,2.2772,2.2926,3638756.0
2025-02-26 06:30:00+00:00,2.2925,2.3045,2.2819,2.3019,3888636.0
2025-02-26 07:00:00+00:00,2.3019,2.3076,2.2929,2.3009,2876663.0
2025-02-26 07:30:00+00:00,2.3008,2.3009,2.2679,2.2872,4975712.0
2025-02-26 08:00:00+00:00,2.2872,2.2924,2.2644,2.2858,5492531.0
2025-02-26 08:30:00+00:00,2.2858,2.2958,2.2779,2.2915,3770484.0
2025-02-26 09:00:00+00:00,2.2915,2.3087,2.2876,2.3019,3714425.0
2025-02-26 09:30:00+00:00,2.3018,2.3226,2.3002,2.3207,6953952.0
2025-02-26 10:00:00+00:00,2.3206,2.3212,2.2965,2.3037,8052341.0
2025-02-26 10:30:00+00:00,2.3037,2.3168,2.2997,2.3138,4143266.0
2025-02-26 11:00:00+00:00,2.3139,2.3181,2.2991,2.3007,3353220.0
2025-02-26 11:30:00+00:00,2.3007,2.303,2.2767,2.2802,6034966.0
2025-02-26 12:00:00+00:00,2.2803,2.2845,2.2687,2.2757,5583206.0
2025-02-26 12:30:00+00:00,2.2758,2.2799,2.2346,2.2456,10044219.0
2025-02-26 13:00:00+00:00,2.2455,2.2506,2.2329,2.2425,8940066.0
2025-02-26 13:30:00+00:00,2.2425,2.2517,2.2239,2.2277,9414408.0
2025-02-26 14:00:00+00:00,2.2277,2.2289,2.1948,2.2044,19414837.0
2025-02-26 14:30:00+00:00,2.2045,2.2648,2.1972,2.2594,16752096.0
2025-02-26 15:00:00+00:00,2.2594,2.304,2.2585,2.2743,16938223.0
2025-02-26 15:30:00+00:00,2.2743,2.2924,2.27,2.2749,5728437.0
2025-02-26 16:00:00+00:00,2.275,2.2828,2.2291,2.2553,10395016.0
2025-02-26 16:30:00+00:00,2.2553,2.279,2.2505,2.2576,6692325.0
2025-02-26 17:00:00+00:00,2.2576,2.2695,2.2369,2.2475,5240699.0
2025-02-26 17:30:00+00:00,2.2474,2.2522,2.2022,2.2136,10355127.0
2025-02-26 18:00:00+00:00,2.2135,2.2272,2.1869,2.1886,9855707.0
2025-02-26 18:30:00+00:00,2.1886,2.2083,2.1507,2.1669,28619527.0
2025-02-26 19:00:00+00:00,2.1669,2.1998,2.1594,2.1645,13130185.0
2025-02-26 19:30:00+00:00,2.1644,2.1938,2.1592,2.18,8840355.0
2025-02-26 20:00:00+00:00,2.1801,2.2066,2.1542,2.1919,13355366.0
2025-02-26 20:30:00+00:00,2.1918,2.2273,2.1821,2.217,10186589.0
2025-02-26 21:00:00+00:00,2.2169,2.2296,2.1934,2.2062,9151901.0
2025-02-26 21:30:00+00:00,2.2061,2.2134,2.1797,2.2134,6169071.0
2025-02-26 22:00:00+00:00,2.2135,2.2472,2.2068,2.2068,9912604.0
2025-02-26 22:30:00+00:00,2.2067,2.2287,2.2029,2.2147,3380588.0
2025-02-26 23:00:00+00:00,2.2145,2.2276,2.1971,2.2031,3830474.0
2025-02-26 23:30:00+00:00,2.203,2.2038,2.1867,2.1982,4358083.0
2025-02-27 00:00:00+00:00,2.1983,2.2114,2.1782,2.1878,5874124.0
2025-02-27 00:30:00+00:00,2.1877,2.2048,2.1648,2.183,8571400.0
2025-02-27 01:00:00+00:00,2.183,2.2158,2.16,2.2054,8214214.0
2025-02-27 01:30:00+00:00,2.2055,2.2109,2.1845,2.197,4366598.0
2025-02-27 02:00:00+00:00,2.1971,2.2187,2.1889,2.2048,5168874.0
2025-02-27 02:30:00+00:00,2.2047,2.2063,2.1722,2.1813,4573744.0
2025-02-27 03:00:00+00:00,2.1812,2.1966,2.1737,2.1866,4989369.0
2025-02-27 03:30:00+00:00,2.1865,2.2091,2.1847,2.2025,3646834.0
2025-02-27 04:00:00+00:00,2.2026,2.2136,2.1773,2.184,3089217.0
2025-02-27 04:30:00+00:00,2.1841,2.1918,2.1717,2.1845,3111450.0
2025-02-27 05:00:00+00:00,2.1845,2.2055,2.1829,2.1923,3563445.0
2025-02-27 05:30:00+00:00,2.1922,2.2194,2.1921,2.2165,4708221.0
2025-02-27 06:00:00+00:00,2.2164,2.221,2.202,2.2193,5009504.0
2025-02-27 06:30:00+00:00,2.2193,2.2395,2.2174,2.2248,4896839.0
2025-02-27 07:00:00+00:00,2.2248,2.2346,2.2197,2.2297,5486003.0
2025-02-27 07:30:00+00:00,2.2297,2.2394,2.2228,2.2229,3349818.0
2025-02-27 08:00:00+00:00,2.2229,2.2257,2.2025,2.2048,7054466.0
2025-02-27 08:30:00+00:00,2.2049,2.2142,2.2018,2.2089,2805599.0
2025-02-27 09:00:00+00:00,2.209,2.2328,2.2085,2.2323,4132109.0
2025-02-27 09:30:00+00:00,2.2322,2.237,2.2229,2.2263,3393377.0
2025-02-27 10:00:00+00:00,2.2263,2.2429,2.2212,2.2413,3920952.0
2025-02-27 10:30:00+00:00,2.2412,2.2568,2.2363,2.2565,4797608.0
2025-02-27 11:00:00+00:00,2.2564,2.2577,2.2415,2.2429,3744239.0
2025-02-27 11:30:00+00:00,2.2429,2.2453,2.2323,2.2394,3656454.0
2025-02-27 12:00:00+00:00,2.2395,2.2459,2.2211,2.2354,4895647.0
2025-02-27 12:30:00+00:00,2.2355,2.2454,2.229,2.2305,2376687.0
2025-02-27 13:00:00+00:00,2.2304,2.24,2.2227,2.2318,3476414.0
2025-02-27 13:30:00+00:00,2.2319,2.2467,2.2106,2.221,10107911.0
2025-02-27 14:00:00+00:00,2.2209,2.228,2.1995,2.2212,7031648.0
2025-02-27 14:30:00+00:00,2.2211,2.2314,2.1819,2.1832,8689198.0
2025-02-27 15:00:00+00:00,2.1832,2.2053,2.1668,2.1957,8573690.0
2025-02-27 15:30:00+00:00,2.1956,2.2118,2.1842,2.1995,4577277.0
2025-02-27 16:00:00+00:00,2.1994,2.2148,2.1931,2.1964,3958756.0
2025-02-27 16:30:00+00:00,2.1964,2.2007,2.1735,2.1768,4515761.0
2025-02-27 17:00:00+00:00,2.1768,2.1943,2.1737,2.1931,2973236.0
2025-02-27 17:30:00+00:00,2.1932,2.2043,2.1839,2.2034,2292439.0
2025-02-27 18:00:00+00:00,2.2034,2.2208,2.2034,2.2139,3540215.0
2025-02-27 18:30:00+00:00,2.214,2.2375,2.2119,2.2237,4701072.0
2025-02-27 19:00:00+00:00,2.2237,2.2237,2.2051,2.2063,3106975.0
2025-02-27 19:30:00+00:00,2.2062,2.2063,2.1795,2.1904,3952946.0
2025-02-27 20:00:00+00:00,2.1904,2.1924,2.1453,2.1532,12883975.0
2025-02-27 20:30:00+00:00,2.1532,2.1838,2.1501,2.1696,8255364.0
2025-02-27 21:00:00+00:00,2.1697,2.1846,2.1472,2.1704,5256091.0
2025-02-27 21:30:00+00:00,2.1705,2.1943,2.1691,2.1933,3155270.0
2025-02-27 22:00:00+00:00,2.1932,2.1941,2.1722,2.1731,2857537.0
2025-02-27 22:30:00+00:00,2.1731,2.2063,2.1659,2.2013,2284576.0
2025-02-27 23:00:00+00:00,2.2012,2.2022,2.1888,2.1997,2535776.0
2025-02-27 23:30:00+00:00,2.1998,2.2085,2.1943,2.1985,1619007.0
2025-02-28 00:00:00+00:00,2.1985,2.2017,2.182,2.182,3705554.0
2025-02-28 00:30:00+00:00,2.182,2.1908,2.1736,2.1736,3689848.0
2025-02-28 01:00:00+00:00,2.1735,2.1827,2.1263,2.1322,8194475.0
2025-02-28 01:30:00+00:00,2.1322,2.1337,2.0653,2.0822,42127144.0
2025-02-28 02:00:00+00:00,2.0822,2.1073,2.0613,2.0808,17546997.0
2025-02-28 02:30:00+00:00,2.0808,2.0842,2.0239,2.056,36989135.0
2025-02-28 03:00:00+00:00,2.0559,2.0793,2.0387,2.0389,13202688.0
2025-02-28 03:30:00+00:00,2.039,2.0433,2.018,2.0209,12076422.0
2025-02-28 04:00:00+00:00,2.0209,2.0336,2.0009,2.0216,18426401.0
2025-02-28 04:30:00+00:00,2.0217,2.0504,1.9953,2.039,14909645.0
2025-02-28 05:00:00+00:00,2.0389,2.0475,2.014,2.0192,9338844.0
2025-02-28 05:30:00+00:00,2.0193,2.0332,2.0014,2.0268,9281920.0
2025-02-28 06:00:00+00:00,2.0268,2.0352,1.9876,2.0029,12334732.0
2025-02-28 06:30:00+00:00,2.003,2.0188,1.9828,2.0058,12405963.0
2025-02-28 07:00:00+00:00,2.0057,2.0362,2.0047,2.016,7753846.0
2025-02-28 07:30:00+00:00,2.0162,2.0218,1.9948,2.0003,7561475.0
2025-02-28 08:00:00+00:00,2.0003,2.0106,1.951,1.9817,18505824.0
2025-02-28 08:30:00+00:00,1.9818,2.0212,1.9807,2.0169,11703674.0
2025-02-28 09:00:00+00:00,2.0169,2.0484,2.0117,2.0452,9559963.0
2025-02-28 09:30:00+00:00,2.0452,2.0573,2.036,2.0547,9069148.0
2025-02-28 10:00:00+00:00,2.0547,2.0603,2.0283,2.0366,7161425.0
2025-02-28 10:30:00+00:00,2.0366,2.0393,2.0185,2.0274,4807695.0
2025-02-28 11:00:00+00:00,2.0274,2.0538,2.0068,2.0516,7885782.0
2025-02-28 11:30:00+00:00,2.0517,2.0532,2.0286,2.0316,5010671.0
2025-02-28 12:00:00+00:00,2.0315,2.0412,2.0244,2.0245,4395760.0
2025-02-28 12:30:00+00:00,2.0244,2.0359,2.013,2.034,6427774.0
2025-02-28 13:00:00+00:00,2.0341,2.0593,2.0296,2.0346,6043724.0
2025-02-28 13:30:00+00:00,2.0346,2.0849,2.0326,2.073,20957499.0
2025-02-28 14:00:00+00:00,2.073,2.13,2.0716,2.1052,20369001.0
2025-02-28 14:30:00+00:00,2.1053,2.1211,2.0812,2.1046,10808823.0
2025-02-28 15:00:00+00:00,2.1045,2.1541,2.0988,2.1537,11764782.0
2025-02-28 15:30:00+00:00,2.1538,2.157,2.1317,2.1469,10699998.0
2025-02-28 16:00:00+00:00,2.1469,2.1515,2.1219,2.1251,7016451.0
2025-02-28 16:30:00+00:00,2.125,2.1646,2.1197,2.1413,5813371.0
2025-02-28 17:00:00+00:00,2.1413,2.1517,2.1347,2.1493,5109643.0
2025-02-28 17:30:00+00:00,2.1493,2.1519,2.1263,2.1277,4939387.0
2025-02-28 18:00:00+00:00,2.1277,2.1488,2.1152,2.128,7018772.0
2025-02-28 18:30:00+00:00,2.1279,2.1624,2.1241,2.14,8217507.0
2025-02-28 19:00:00+00:00,2.1399,2.1496,2.131,2.1465,3428863.0
2025-02-28 19:30:00+00:00,2.1466,2.1584,2.1432,2.1479,4182507.0
2025-02-28 20:00:00+00:00,2.1479,2.155,2.1217,2.1326,4224626.0
2025-02-28 20:30:00+00:00,2.1327,2.1488,2.1242,2.1401,3262947.0
2025-02-28 21:00:00+00:00,2.1402,2.159,2.1367,2.1449,2817536.0
2025-02-28 21:30:00+00:00,2.145,2.1544,2.1381,2.1502,2496638.0
2025-02-28 22:00:00+00:00,2.1502,2.1541,2.1353,2.1378,2820734.0
2025-02-28 22:30:00+00:00,2.1379,2.1428,2.1297,2.1369,2167499.0
2025-02-28 23:00:00+00:00,2.1369,2.1412,2.1279,2.1381,2529400.0
2025-02-28 23:30:00+00:00,2.138,2.1485,2.138,2.1453,2403826.0
2025-03-01 00:00:00+00:00,2.1454,2.156,2.1374,2.141,2275568.0
2025-03-01 00:30:00+00:00,2.141,2.1446,2.1216,2.1232,2955147.0
2025-03-01 01:00:00+00:00,2.1232,2.1336,2.1228,2.1277,2328849.0
2025-03-01 01:30:00+00:00,2.1277,2.1732,2.1257,2.1685,6143595.0
2025-03-01 02:00:00+00:00,2.1686,2.2088,2.1538,2.2019,7637391.0
2025-03-01 02:30:00+00:00,2.2019,2.2176,2.1836,2.1896,8707165.0
2025-03-01 03:00:00+00:00,2.1897,2.1987,2.181,2.1828,3401137.0
2025-03-01 03:30:00+00:00,2.1828,2.1973,2.1804,2.1847,2432502.0
2025-03-01 04:00:00+00:00,2.1846,2.2031,2.183,2.1996,4136095.0
2025-03-01 04:30:00+00:00,2.1996,2.2199,2.1956,2.2122,6542116.0
2025-03-01 05:00:00+00:00,2.2122,2.2131,2.195,2.2022,3869789.0
2025-03-01 05:30:00+00:00,2.2022,2.2053,2.1859,2.1865,1803121.0
2025-03-01 06:00:00+00:00,2.1866,2.1928,2.1756,2.1779,2891828.0
2025-03-01 06:30:00+00:00,2.178,2.1841,2.1716,2.1839,2134908.0
2025-03-01 07:00:00+00:00,2.1838,2.1839,2.1711,2.1714,2175652.0
2025-03-01 07:30:00+00:00,2.1714,2.176,2.1631,2.1671,2908533.0
2025-03-01 08:00:00+00:00,2.1671,2.1836,2.1671,2.1808,1975894.0
2025-03-01 08:30:00+00:00,2.1809,2.1858,2.1717,2.1853,1696188.0
2025-03-01 09:00:00+00:00,2.1853,2.1938,2.1792,2.1893,3691306.0
2025-03-01 09:30:00+00:00,2.1894,2.1894,2.1751,2.1838,1938282.0
2025-03-01 10:00:00+00:00,2.1838,2.1853,2.1574,2.1702,3337298.0
2025-03-01 10:30:00+00:00,2.1702,2.1712,2.1516,2.1607,3204488.0
2025-03-01 11:00:00+00:00,2.1607,2.1641,2.1415,2.1522,5143152.0
2025-03-01 11:30:00+00:00,2.1522,2.1619,2.149,2.1606,2109277.0
2025-03-01 12:00:00+00:00,2.1607,2.1677,2.1521,2.1539,2042546.0
2025-03-01 12:30:00+00:00,2.1539,2.1694,2.1514,2.1655,1654320.0
2025-03-01 13:00:00+00:00,2.1655,2.1719,2.1429,2.1515,2368508.0
2025-03-01 13:30:00+00:00,2.1516,2.1519,2.1214,2.1399,6607724.0
2025-03-01 14:00:00+00:00,2.1399,2.1502,2.1356,2.1436,2400814.0
2025-03-01 14:30:00+00:00,2.1437,2.1497,2.1376,2.1471,1948086.0
2025-03-01 15:00:00+00:00,2.1471,2.1589,2.1365,2.1464,2763003.0
2025-03-01 15:30:00+00:00,2.1466,2.1548,2.1393,2.1511,1707259.0
2025-03-01 16:00:00+00:00,2.1512,2.1632,2.144,2.1563,2027479.0
2025-03-01 16:30:00+00:00,2.1562,2.1589,2.1442,2.1583,1707809.0
2025-03-01 17:00:00+00:00,2.1582,2.1592,2.1405,2.1409,1959582.0
2025-03-01 17:30:00+00:00,2.1409,2.1513,2.1358,2.1422,1630607.0
2025-03-01 18:00:00+00:00,2.1422,2.1559,2.136,2.1539,1904022.0
2025-03-01 18:30:00+00:00,2.1539,2.1627,2.1525,2.1592,2011110.0
2025-03-01 19:00:00+00:00,2.1592,2.1696,2.1569,2.1672,2098356.0
2025-03-01 19:30:00+00:00,2.1672,2.1774,2.1663,2.169,1884233.0
2025-03-01 20:00:00+00:00,2.169,2.1732,2.1601,2.1703,2609128.0
2025-03-01 20:30:00+00:00,2.1702,2.1719,2.1652,2.1709,1922360.0
2025-03-01 21:00:00+00:00,2.1709,2.1756,2.1626,2.1713,1311040.0
2025-03-01 21:30:00+00:00,2.1714,2.203,2.1697,2.1978,5074006.0
2025-03-01 22:00:00+00:00,2.1978,2.2094,2.1867,2.1943,5388541.0
2025-03-01 22:30:00+00:00,2.1943,2.1991,2.1837,2.1916,2147406.0
2025-03-01 23:00:00+00:00,2.1915,2.194,2.176,2.1812,3124153.0
2025-03-01 23:30:00+00:00,2.1813,2.1932,2.1813,2.1916,1856818.0
2025-03-02 00:00:00+00:00,2.1917,2.1989,2.1735,2.1808,3048797.0
2025-03-02 00:30:00+00:00,2.1809,2.1996,2.1792,2.1912,1681183.0
2025-03-02 01:00:00+00:00,2.1913,2.21,2.1901,2.2027,3508786.0
2025-03-02 01:30:00+00:00,2.2027,2.2153,2.1944,2.2151,3174076.0
2025-03-02 02:00:00+00:00,2.2152,2.2658,2.212,2.2387,10294910.0
2025-03-02 02:30:00+00:00,2.2386,2.2586,2.225,2.2584,5235146.0
2025-03-02 03:00:00+00:00,2.2584,2.2677,2.2422,2.2451,3087740.0
2025-03-02 03:30:00+00:00,2.2451,2.2628,2.2392,2.2539,2081643.0
2025-03-02 04:00:00+00:00,2.2539,2.257,2.243,2.2475,2493456.0
2025-03-02 04:30:00+00:00,2.2474,2.253,2.2394,2.2488,1850923.0
2025-03-02 05:00:00+00:00,2.2487,2.2658,2.2414,2.2611,2881687.0
2025-03-02 05:30:00+00:00,2.2611,2.284,2.2611,2.2656,5768837.0
2025-03-02 06:00:00+00:00,2.2656,2.27,2.2533,2.2666,2035730.0
2025-03-02 06:30:00+00:00,2.2665,2.2851,2.2619,2.2842,3414573.0
2025-03-02 07:00:00+00:00,2.2842,2.2986,2.2728,2.2824,4505922.0
2025-03-02 07:30:00+00:00,2.2823,2.2837,2.2731,2.2737,2373369.0
2025-03-02 08:00:00+00:00,2.2738,2.285,2.2624,2.266,4913173.0
2025-03-02 08:30:00+00:00,2.2661,2.268,2.2552,2.2552,3334223.0
2025-03-02 09:00:00+00:00,2.2553,2.2634,2.2528,2.2544,2158982.0
2025-03-02 09:30:00+00:00,2.2544,2.2683,2.2543,2.2637,1939702.0
2025-03-02 10:00:00+00:00,2.2637,2.2691,2.2552,2.2632,1586381.0
2025-03-02 10:30:00+00:00,2.2633,2.2684,2.2585,2.2658,1441883.0
2025-03-02 11:00:00+00:00,2.2658,2.2736,2.2606,2.2686,2123437.0
2025-03-02 11:30:00+00:00,2.2685,2.282,2.2669,2.2748,4934628.0
2025-03-02 12:00:00+00:00,2.2748,2.2753,2.2577,2.2672,4893732.0
2025-03-02 12:30:00+00:00,2.2671,2.2781,2.2655,2.274,2033325.0
2025-03-02 13:00:00+00:00,2.274,2.274,2.2514,2.2551,3587926.0
2025-03-02 13:30:00+00:00,2.2552,2.2584,2.2456,2.2558,2702334.0
2025-03-02 14:00:00+00:00,2.2559,2.2588,2.2275,2.243,4213130.0
2025-03-02 14:30:00+00:00,2.2431,2.2478,2.2202,2.2263,4799757.0
2025-03-02 15:00:00+00:00,2.2262,2.5097,2.2231,2.3848,46325582.0
2025-03-02 15:30:00+00:00,2.3844,2.725,2.38,2.5984,150808803.0
2025-03-02 16:00:00+00:00,2.5985,2.7989,2.5949,2.7626,108546338.0
2025-03-02 16:30:00+00:00,2.7626,2.999,2.7341,2.8483,113846959.0
2025-03-02 17:00:00+00:00,2.8484,2.9084,2.7815,2.8963,54639644.0
2025-03-02 17:30:00+00:00,2.8963,2.9742,2.8368,2.8736,41415042.0
2025-03-02 18:00:00+00:00,2.8735,2.8906,2.8021,2.8315,30074345.0
2025-03-02 18:30:00+00:00,2.8315,2.8406,2.7454,2.7927,38261595.0
2025-03-02 19:00:00+00:00,2.7928,2.8322,2.7848,2.8301,13075492.0
2025-03-02 19:30:00+00:00,2.8301,2.8909,2.8263,2.8715,13169211.0
2025-03-02 20:00:00+00:00,2.8715,2.8802,2.8348,2.8652,12974698.0
2025-03-02 20:30:00+00:00,2.8652,2.8747,2.8421,2.8647,9283830.0
2025-03-02 21:00:00+00:00,2.8648,2.9453,2.8538,2.9275,16278817.0
2025-03-02 21:30:00+00:00,2.9275,2.9373,2.8797,2.9058,11609740.0
2025-03-02 22:00:00+00:00,2.9057,2.9064,2.8767,2.8886,6863099.0
2025-03-02 22:30:00+00:00,2.8886,2.9279,2.8633,2.91,10381936.0
2025-03-02 23:00:00+00:00,2.91,2.9429,2.8958,2.9124,12609378.0
2025-03-02 23:30:00+00:00,2.9124,2.9626,2.9036,2.9396,14691719.0
2025-03-03 00:00:00+00:00,2.9395,2.9676,2.8539,2.8944,26531007.0
2025-03-03 00:30:00+00:00,2.8944,2.901,2.8577,2.8611,11990919.0
2025-03-03 01:00:00+00:00,2.8612,2.8944,2.8094,2.8226,16740682.0
2025-03-03 01:30:00+00:00,2.8228,2.8297,2.7976,2.8103,11644321.0
2025-03-03 02:00:00+00:00,2.8103,2.8185,2.7625,2.7685,14456977.0
2025-03-03 02:30:00+00:00,2.7685,2.8216,2.7659,2.8108,10745635.0
2025-03-03 03:00:00+00:00,2.8107,2.8224,2.7794,2.7958,9002169.0
2025-03-03 03:30:00+00:00,2.7958,2.809,2.7792,2.7936,7644266.0
2025-03-03 04:00:00+00:00,2.7935,2.8046,2.7875,2.797,6721721.0
2025-03-03 04:30:00+00:00,2.797,2.8112,2.7871,2.8098,6690599.0
2025-03-03 05:00:00+00:00,2.8098,2.8236,2.8034,2.804,6079460.0
2025-03-03 05:30:00+00:00,2.8039,2.8203,2.7993,2.8131,4069218.0
2025-03-03 06:00:00+00:00,2.8131,2.8148,2.7715,2.7738,7147632.0
2025-03-03 06:30:00+00:00,2.7738,2.7738,2.652,2.6767,34548432.0
2025-03-03 07:00:00+00:00,2.6767,2.6864,2.6313,2.6715,20255906.0
2025-03-03 07:30:00+00:00,2.6714,2.6957,2.6642,2.6896,11793581.0
2025-03-03 08:00:00+00:00,2.6896,2.696,2.6396,2.6517,10321666.0
2025-03-03 08:30:00+00:00,2.6517,2.6574,2.5738,2.5932,23952564.0
2025-03-03 09:00:00+00:00,2.5932,2.6024,2.5259,2.6008,24996446.0
2025-03-03 09:30:00+00:00,2.6008,2.6043,2.5641,2.5741,10114806.0
2025-03-03 10:00:00+00:00,2.574,2.646,2.57,2.6313,19822094.0
2025-03-03 10:30:00+00:00,2.6314,2.6701,2.6228,2.6642,16311032.0
2025-03-03 11:00:00+00:00,2.6642,2.6699,2.6258,2.6403,14686492.0
2025-03-03 11:30:00+00:00,2.6403,2.6484,2.6274,2.6337,4095359.0
2025-03-03 12:00:00+00:00,2.6337,2.6875,2.6291,2.6471,15277869.0
2025-03-03 12:30:00+00:00,2.6471,2.6804,2.6358,2.6658,8526832.0
2025-03-03 13:00:00+00:00,2.6658,2.6792,2.6555,2.6654,6664080.0
2025-03-03 13:30:00+00:00,2.6655,2.7159,2.663,2.6934,16355883.0
2025-03-03 14:00:00+00:00,2.6933,2.7045,2.6544,2.6835,12466340.0
2025-03-03 14:30:00+00:00,2.6835,2.7067,2.555,2.5633,41523933.0
2025-03-03 15:00:00+00:00,2.5634,2.6439,2.5589,2.6349,26580090.0
2025-03-03 15:30:00+00:00,2.6348,2.6406,2.5963,2.5981,10649233.0
2025-03-03 16:00:00+00:00,2.5982,2.6259,2.5775,2.6121,9525762.0
2025-03-03 16:30:00+00:00,2.6122,2.6173,2.5922,2.6086,5479318.0
2025-03-03 17:00:00+00:00,2.6085,2.6196,2.5842,2.6002,5891246.0
2025-03-03 17:30:00+00:00,2.6002,2.637,2.5929,2.598,7208957.0
2025-03-03 18:00:00+00:00,2.598,2.6016,2.4939,2.5049,26926782.0
2025-03-03 18:30:00+00:00,2.505,2.5327,2.4437,2.4737,46387387.0
2025-03-03 19:00:00+00:00,2.4737,2.4987,2.4075,2.4306,35112636.0
2025-03-03 19:30:00+00:00,2.4305,2.4685,2.3415,2.349,52158639.0
2025-03-03 20:00:00+00:00,2.349,2.4189,2.3461,2.3996,29181825.0
2025-03-03 20:30:00+00:00,2.3995,2.4159,2.3512,2.4107,16340111.0
2025-03-03 21:00:00+00:00,2.4108,2.4232,2.3734,2.3817,12950121.0
2025-03-03 21:30:00+00:00,2.3817,2.4129,2.2976,2.3206,17921059.0
2025-03-03 22:00:00+00:00,2.3206,2.3947,2.3188,2.3903,15306425.0
2025-03-03 22:30:00+00:00,2.3903,2.42,2.385,2.4067,8976152.0
2025-03-03 23:00:00+00:00,2.4067,2.4217,2.3834,2.4105,7777000.0
2025-03-03 23:30:00+00:00,2.4105,2.419,2.3809,2.3873,5239472.0
2025-03-04 00:00:00+00:00,2.3873,2.4225,2.3629,2.4012,10007868.0
2025-03-04 00:30:00+00:00,2.4012,2.4083,2.3585,2.3615,6313778.0
2025-03-04 01:00:00+00:00,2.3615,2.3709,2.3144,2.3459,13308517.0
2025-03-04 01:30:00+00:00,2.346,2.3556,2.2451,2.2827,35210398.0
2025-03-04 02:00:00+00:00,2.2828,2.3006,2.2123,2.2627,24145372.0
2025-03-04 02:30:00+00:00,2.2627,2.3113,2.26,2.2904,9503474.0
2025-03-04 03:00:00+00:00,2.2904,2.3134,2.2741,2.2932,8078432.0
2025-03-04 03:30:00+00:00,2.2931,2.3277,2.2782,2.2983,8461269.0
2025-03-04 04:00:00+00:00,2.2984,2.3176,2.2879,2.3044,4547778.0
2025-03-04 04:30:00+00:00,2.3044,2.3125,2.2883,2.2925,5206915.0
2025-03-04 05:00:00+00:00,2.2926,2.3741,2.288,2.3445,15308143.0
2025-03-04 05:30:00+00:00,2.3445,2.377,2.3354,2.3591,11098070.0
2025-03-04 06:00:00+00:00,2.3592,2.37,2.3366,2.359,7140638.0
2025-03-04 06:30:00+00:00,2.359,2.3637,2.313,2.3231,7885810.0
2025-03-04 07:00:00+00:00,2.3232,2.3312,2.3063,2.3219,5770105.0
2025-03-04 07:30:00+00:00,2.3218,2.3388,2.3152,2.3207,4446005.0
2025-03-04 08:00:00+00:00,2.3207,2.3728,2.3018,2.3466,8593461.0
2025-03-04 08:30:00+00:00,2.3466,2.3737,2.3368,2.3611,7202852.0
2025-03-04 09:00:00+00:00,2.3611,2.3647,2.3373,2.351,6291088.0
2025-03-04 09:30:00+00:00,2.3508,2.3841,2.3441,2.3556,5200781.0
2025-03-04 10:00:00+00:00,2.3556,2.3723,2.3422,2.3616,6583628.0
2025-03-04 10:30:00+00:00,2.3616,2.4081,2.3596,2.3926,8756340.0
2025-03-04 11:00:00+00:00,2.3927,2.4137,2.3745,2.3944,11662924.0
2025-03-04 11:30:00+00:00,2.3944,2.4047,2.3572,2.3597,7378658.0
2025-03-04 12:00:00+00:00,2.3596,2.3636,2.3364,2.3365,6728050.0
2025-03-04 12:30:00+00:00,2.3364,2.3659,2.3341,2.3504,8066564.0
2025-03-04 13:00:00+00:00,2.3503,2.3503,2.3035,2.3052,12109033.0
2025-03-04 13:30:00+00:00,2.3051,2.3332,2.2921,2.2995,11786759.0
2025-03-04 14:00:00+00:00,2.2996,2.335,2.2887,2.3209,9476006.0
2025-03-04 14:30:00+00:00,2.3212,2.5262,2.3016,2.3663,71748876.0
2025-03-04 15:00:00+00:00,2.3663,2.3834,2.3087,2.3355,27086550.0
2025-03-04 15:30:00+00:00,2.3354,2.4143,2.3288,2.4035,13815881.0
2025-03-04 16:00:00+00:00,2.4035,2.4104,2.3203,2.3267,12544492.0
2025-03-04 16:30:00+00:00,2.3266,2.4078,2.312,2.3922,20066233.0
2025-03-04 17:00:00+00:00,2.3921,2.4537,2.3755,2.4487,21023251.0
2025-03-04 17:30:00+00:00,2.4487,2.495,2.4359,2.447,18890477.0
2025-03-04 18:00:00+00:00,2.447,2.4638,2.4283,2.4533,9229255.0
2025-03-04 18:30:00+00:00,2.4533,2.4954,2.4421,2.4939,9915336.0
2025-03-04 19:00:00+00:00,2.4938,2.52,2.4758,2.4875,18221203.0
2025-03-04 19:30:00+00:00,2.4875,2.5085,2.4723,2.4943,8476137.0
2025-03-04 20:00:00+00:00,2.4943,2.5062,2.4806,2.4955,6711323.0
2025-03-04 20:30:00+00:00,2.4955,2.4972,2.4345,2.4383,11558387.0
2025-03-04 21:00:00+00:00,2.4383,2.5388,2.4273,2.5216,12423601.0
2025-03-04 21:30:00+00:00,2.5215,2.5217,2.4668,2.4737,8077096.0
2025-03-04 22:00:00+00:00,2.4737,2.4894,2.4653,2.4797,4602876.0
2025-03-04 22:30:00+00:00,2.4797,2.4885,2.4479,2.4497,3720379.0
2025-03-04 23:00:00+00:00,2.4496,2.4706,2.4489,2.464,3454982.0
2025-03-04 23:30:00+00:00,2.464,2.4659,2.4502,2.4543,2080042.0
2025-03-05 00:00:00+00:00,2.4542,2.4743,2.4413,2.4658,4927694.0
2025-03-05 00:30:00+00:00,2.4657,2.4729,2.4348,2.4451,4024261.0
2025-03-05 01:00:00+00:00,2.445,2.4734,2.4335,2.4638,3264405.0
2025-03-05 01:30:00+00:00,2.4638,2.496,2.4562,2.4959,4538422.0
2025-03-05 02:00:00+00:00,2.496,2.5409,2.479,2.5012,7122578.0
2025-03-05 02:30:00+00:00,2.5011,2.5298,2.4874,2.5076,8028527.0
2025-03-05 03:00:00+00:00,2.5076,2.5238,2.4982,2.512,4125660.0
2025-03-05 03:30:00+00:00,2.512,2.5141,2.4374,2.4391,7363167.0
2025-03-05 04:00:00+00:00,2.4391,2.4596,2.4287,2.442,15452265.0
2025-03-05 04:30:00+00:00,2.4421,2.4585,2.4416,2.4522,2873716.0
2025-03-05 05:00:00+00:00,2.4521,2.4571,2.4377,2.4398,2872291.0
2025-03-05 05:30:00+00:00,2.4397,2.4497,2.4304,2.432,2983837.0
2025-03-05 06:00:00+00:00,2.432,2.4329,2.408,2.4305,5875339.0
2025-03-05 06:30:00+00:00,2.4305,2.4481,2.429,2.4428,5642757.0
2025-03-05 07:00:00+00:00,2.4429,2.455,2.4317,2.4391,3401065.0
2025-03-05 07:30:00+00:00,2.4391,2.4545,2.4316,2.4473,2549803.0
2025-03-05 08:00:00+00:00,2.4472,2.472,2.445,2.4586,4453803.0
2025-03-05 08:30:00+00:00,2.4587,2.4959,2.455,2.4837,6280626.0
2025-03-05 09:00:00+00:00,2.4838,2.5148,2.4771,2.5054,6449063.0
2025-03-05 09:30:00+00:00,2.5054,2.5083,2.4848,2.4908,5172857.0
2025-03-05 10:00:00+00:00,2.4907,2.5244,2.4867,2.5186,5176448.0
2025-03-05 10:30:00+00:00,2.5187,2.5399,2.5041,2.5125,11684133.0
2025-03-05 11:00:00+00:00,2.5125,2.515,2.496,2.4979,4968723.0
2025-03-05 11:30:00+00:00,2.4979,2.5051,2.4674,2.4791,5315122.0
2025-03-05 12:00:00+00:00,2.4792,2.4919,2.4753,2.4918,4626733.0
2025-03-05 12:30:00+00:00,2.4918,2.5079,2.4668,2.4864,7322694.0
2025-03-05 13:00:00+00:00,2.4864,2.4981,2.4721,2.4881,5357475.0
2025-03-05 13:30:00+00:00,2.4881,2.4912,2.4462,2.4683,14901327.0
2025-03-05 14:00:00+00:00,2.4682,2.4799,2.4624,2.4787,3426675.0
2025-03-05 14:30:00+00:00,2.4786,2.4965,2.4482,2.4532,10680233.0
2025-03-05 15:00:00+00:00,2.4532,2.49,2.4188,2.4287,14485617.0
2025-03-05 15:30:00+00:00,2.4288,2.4544,2.4236,2.4481,5607606.0
2025-03-05 16:00:00+00:00,2.4481,2.4642,2.4262,2.4386,5732241.0
2025-03-05 16:30:00+00:00,2.4387,2.4807,2.4259,2.4669,4458744.0
2025-03-05 17:00:00+00:00,2.4669,2.4935,2.464,2.492,4526670.0
2025-03-05 17:30:00+00:00,2.492,2.5064,2.4623,2.489,5859121.0
2025-03-05 18:00:00+00:00,2.489,2.4934,2.4681,2.4909,3398484.0
2025-03-05 18:30:00+00:00,2.4909,2.506,2.4801,2.5022,2669774.0
2025-03-05 19:00:00+00:00,2.5022,2.5173,2.4955,2.5068,4412974.0
2025-03-05 19:30:00+00:00,2.5069,2.5097,2.4935,2.4966,3636763.0
2025-03-05 20:00:00+00:00,2.4966,2.5055,2.4887,2.497,2870878.0
2025-03-05 20:30:00+00:00,2.4969,2.5132,2.4934,2.5036,2274717.0
2025-03-05 21:00:00+00:00,2.5036,2.5126,2.4908,2.4972,2204413.0
2025-03-05 21:30:00+00:00,2.4972,2.5051,2.4883,2.4998,2112351.0
2025-03-05 22:00:00+00:00,2.4998,2.5055,2.4936,2.494,1864927.0
2025-03-05 22:30:00+00:00,2.4941,2.5124,2.494,2.5093,2221868.0
2025-03-05 23:00:00+00:00,2.5093,2.515,2.496,2.5004,3339079.0
2025-03-05 23:30:00+00:00,2.5005,2.5113,2.4983,2.4998,2368041.0
2025-03-06 00:00:00+00:00,2.4998,2.5103,2.4819,2.4913,3439162.0
2025-03-06 00:30:00+00:00,2.4913,2.4922,2.4707,2.4749,4219131.0
2025-03-06 01:00:00+00:00,2.4748,2.4936,2.474,2.4885,2265727.0
2025-03-06 01:30:00+00:00,2.4884,2.5484,2.4803,2.5149,9313610.0
2025-03-06 02:00:00+00:00,2.5148,2.5286,2.505,2.5122,4807555.0
2025-03-06 02:30:00+00:00,2.5121,2.5275,2.5001,2.5231,3398499.0
2025-03-06 03:00:00+00:00,2.5231,2.5311,2.5153,2.5252,3947523.0
2025-03-06 03:30:00+00:00,2.5252,2.5264,2.5088,2.5133,2473125.0
2025-03-06 04:00:00+00:00,2.5133,2.5185,2.5057,2.5114,2357238.0
2025-03-06 04:30:00+00:00,2.5114,2.5363,2.511,2.5306,5104796.0
2025-03-06 05:00:00+00:00,2.5306,2.5549,2.5242,2.542,5226162.0
2025-03-06 05:30:00+00:00,2.542,2.5438,2.5173,2.525,5484339.0
2025-03-06 06:00:00+00:00,2.5251,2.5268,2.5091,2.5205,3510615.0
2025-03-06 06:30:00+00:00,2.5205,2.5205,2.5013,2.5021,4499622.0
2025-03-06 07:00:00+00:00,2.5022,2.5134,2.5007,2.5039,2837298.0
2025-03-06 07:30:00+00:00,2.5038,2.5175,2.503,2.5123,2622488.0
2025-03-06 08:00:00+00:00,2.5123,2.5554,2.5103,2.5408,8353524.0
2025-03-06 08:30:00+00:00,2.5407,2.593,2.5343,2.5654,12417487.0
2025-03-06 09:00:00+00:00,2.5654,2.5781,2.5359,2.5641,8649659.0
2025-03-06 09:30:00+00:00,2.564,2.5918,2.5593,2.5737,6500465.0
2025-03-06 10:00:00+00:00,2.5738,2.6461,2.5688,2.6378,13445846.0
2025-03-06 10:30:00+00:00,2.6378,2.6382,2.6167,2.6313,8714427.0
2025-03-06 11:00:00+00:00,2.6314,2.6406,2.608,2.6207,5583220.0
2025-03-06 11:30:00+00:00,2.6207,2.63,2.6063,2.611,3983426.0
2025-03-06 12:00:00+00:00,2.6111,2.6174,2.5668,2.5858,9031224.0
2025-03-06 12:30:00+00:00,2.5858,2.6025,2.5671,2.5791,8174669.0
2025-03-06 13:00:00+00:00,2.5792,2.5997,2.5726,2.5895,5511000.0
2025-03-06 13:30:00+00:00,2.5895,2.6259,2.5808,2.5912,8568408.0
2025-03-06 14:00:00+00:00,2.5913,2.6111,2.5761,2.6,5806159.0
2025-03-06 14:30:00+00:00,2.5999,2.6152,2.5464,2.582,14905299.0
2025-03-06 15:00:00+00:00,2.582,2.6287,2.577,2.6105,10139711.0
2025-03-06 15:30:00+00:00,2.6104,2.64,2.6006,2.6222,8368925.0
2025-03-06 16:00:00+00:00,2.6222,2.6392,2.6033,2.616,10284446.0
2025-03-06 16:30:00+00:00,2.6159,2.6288,2.5692,2.575,7835854.0
2025-03-06 17:00:00+00:00,2.5749,2.5823,2.5519,2.5699,9534872.0
2025-03-06 17:30:00+00:00,2.57,2.5758,2.5265,2.5503,11492755.0
2025-03-06 18:00:00+00:00,2.5503,2.5791,2.5495,2.5682,6247717.0
2025-03-06 18:30:00+00:00,2.5682,2.5833,2.5576,2.5674,4176126.0
2025-03-06 19:00:00+00:00,2.5673,2.5775,2.55,2.5683,3212427.0
2025-03-06 19:30:00+00:00,2.5683,2.6113,2.555,2.5842,5470932.0
2025-03-06 20:00:00+00:00,2.5843,2.6117,2.5785,2.6012,3812426.0
2025-03-06 20:30:00+00:00,2.6012,2.6083,2.5855,2.5976,3134099.0
2025-03-06 21:00:00+00:00,2.5982,2.6216,2.5972,2.608,4176539.0
2025-03-06 21:30:00+00:00,2.608,2.6082,2.5931,2.605,3966808.0
2025-03-06 22:00:00+00:00,2.605,2.6262,2.5756,2.5841,8043031.0
2025-03-06 22:30:00+00:00,2.5842,2.6068,2.575,2.594,2452092.0
2025-03-06 23:00:00+00:00,2.5941,2.6041,2.5795,2.6006,2722930.0
2025-03-06 23:30:00+00:00,2.6006,2.6142,2.5968,2.6001,3271605.0
2025-03-07 00:00:00+00:00,2.6,2.6217,2.4098,2.4424,52393063.0
2025-03-07 00:30:00+00:00,2.4423,2.4672,2.3737,2.4086,30308943.0
2025-03-07 01:00:00+00:00,2.4087,2.495,2.3905,2.4803,28338662.0
2025-03-07 01:30:00+00:00,2.4802,2.5041,2.4552,2.4857,11802086.0
2025-03-07 02:00:00+00:00,2.4856,2.4954,2.4575,2.4663,6788095.0
2025-03-07 02:30:00+00:00,2.4663,2.5253,2.4604,2.4844,7986273.0
2025-03-07 03:00:00+00:00,2.4845,2.5006,2.4804,2.4908,4336011.0
2025-03-07 03:30:00+00:00,2.4908,2.4979,2.4682,2.4704,5664313.0
2025-03-07 04:00:00+00:00,2.4704,2.4937,2.467,2.4936,4328229.0
2025-03-07 04:30:00+00:00,2.4936,2.4974,2.4795,2.4836,3179292.0
2025-03-07 05:00:00+00:00,2.4836,2.5111,2.4814,2.503,4614722.0
2025-03-07 05:30:00+00:00,2.503,2.5186,2.4975,2.5054,4172630.0
2025-03-07 06:00:00+00:00,2.5055,2.5062,2.4825,2.4851,4273673.0
2025-03-07 06:30:00+00:00,2.4852,2.501,2.4825,2.4872,3405147.0
2025-03-07 07:00:00+00:00,2.4871,2.5098,2.4819,2.4942,4707854.0
2025-03-07 07:30:00+00:00,2.4942,2.5068,2.4875,2.5062,2831571.0
2025-03-07 08:00:00+00:00,2.5062,2.509,2.4955,2.5012,2717618.0
2025-03-07 08:30:00+00:00,2.5012,2.5156,2.4929,2.515,3402207.0
2025-03-07 09:00:00+00:00,2.515,2.5668,2.5127,2.566,6384583.0
2025-03-07 09:30:00+00:00,2.5659,2.5699,2.5366,2.5399,6555563.0
2025-03-07 10:00:00+00:00,2.54,2.5515,2.5358,2.5431,3502071.0
2025-03-07 10:30:00+00:00,2.5431,2.549,2.5317,2.5411,3141832.0
2025-03-07 11:00:00+00:00,2.5411,2.5555,2.532,2.5389,3964421.0
2025-03-07 11:30:00+00:00,2.5389,2.5405,2.52,2.5302,5021088.0
2025-03-07 12:00:00+00:00,2.5303,2.5419,2.5206,2.5245,4510174.0
2025-03-07 12:30:00+00:00,2.5245,2.5245,2.4969,2.5106,6448752.0
2025-03-07 13:00:00+00:00,2.5107,2.5297,2.5066,2.5183,4241904.0
2025-03-07 13:30:00+00:00,2.5182,2.557,2.5055,2.513,13743208.0
2025-03-07 14:00:00+00:00,2.513,2.53,2.4902,2.5036,4346369.0
2025-03-07 14:30:00+00:00,2.5036,2.5565,2.494,2.5329,12718597.0
2025-03-07 15:00:00+00:00,2.5329,2.555,2.5093,2.5137,8846481.0
2025-03-07 15:30:00+00:00,2.5136,2.5281,2.4832,2.5035,12502204.0
2025-03-07 16:00:00+00:00,2.5035,2.5102,2.4073,2.4226,29901199.0
2025-03-07 16:30:00+00:00,2.4226,2.4351,2.3839,2.4329,17598062.0
2025-03-07 17:00:00+00:00,2.4329,2.444,2.3983,2.4216,11589333.0
2025-03-07 17:30:00+00:00,2.4214,2.4761,2.4086,2.4466,10990946.0
2025-03-07 18:00:00+00:00,2.4467,2.479,2.4362,2.4786,6135481.0
2025-03-07 18:30:00+00:00,2.4786,2.5184,2.4756,2.5073,7080416.0
2025-03-07 19:00:00+00:00,2.5073,2.5234,2.4854,2.4887,5779733.0
2025-03-07 19:30:00+00:00,2.489,2.4975,2.4576,2.4829,6189720.0
2025-03-07 20:00:00+00:00,2.483,2.4925,2.4696,2.481,4658012.0
2025-03-07 20:30:00+00:00,2.4811,2.5347,2.442,2.4683,13174253.0
2025-03-07 21:00:00+00:00,2.4682,2.4715,2.3823,2.4497,23612033.0
2025-03-07 21:30:00+00:00,2.4498,2.4523,2.376,2.3975,8571561.0
2025-03-07 22:00:00+00:00,2.3974,2.4006,2.3435,2.3731,11515550.0
2025-03-07 22:30:00+00:00,2.3731,2.4034,2.3677,2.3962,5162136.0
2025-03-07 23:00:00+00:00,2.3963,2.3967,2.3563,2.3687,6958513.0
2025-03-07 23:30:00+00:00,2.3687,2.388,2.3569,2.3855,4139510.0
2025-03-08 00:00:00+00:00,2.3855,2.3999,2.3678,2.3899,5020190.0
2025-03-08 00:30:00+00:00,2.39,2.4106,2.3843,2.406,3246930.0
2025-03-08 01:00:00+00:00,2.4059,2.4089,2.3733,2.3755,2758010.0
2025-03-08 01:30:00+00:00,2.3755,2.3772,2.3385,2.3677,6274845.0
2025-03-08 02:00:00+00:00,2.3676,2.3734,2.3562,2.3627,2535910.0
2025-03-08 02:30:00+00:00,2.3626,2.3679,2.3563,2.3604,2340252.0
2025-03-08 03:00:00+00:00,2.3605,2.3607,2.3274,2.3313,6240717.0
2025-03-08 03:30:00+00:00,2.3314,2.3507,2.3314,2.3435,3746841.0
2025-03-08 04:00:00+00:00,2.3435,2.3665,2.3317,2.3639,3137117.0
2025-03-08 04:30:00+00:00,2.3639,2.3758,2.3606,2.3683,2541620.0
2025-03-08 05:00:00+00:00,2.3684,2.3695,2.3501,2.3504,2107666.0
2025-03-08 05:30:00+00:00,2.3504,2.3504,2.3398,2.349,2047075.0
2025-03-08 06:00:00+00:00,2.3489,2.363,2.3476,2.3614,1645830.0
2025-03-08 06:30:00+00:00,2.3614,2.3624,2.3484,2.3592,1400495.0
2025-03-08 07:00:00+00:00,2.3591,2.3742,2.3578,2.366,1611410.0
2025-03-08 07:30:00+00:00,2.366,2.3747,2.357,2.362,1456603.0
2025-03-08 08:00:00+00:00,2.3619,2.3688,2.3455,2.3539,2476010.0
2025-03-08 08:30:00+00:00,2.354,2.3602,2.3375,2.341,2697036.0
2025-03-08 09:00:00+00:00,2.341,2.3596,2.3396,2.3586,1339393.0
2025-03-08 09:30:00+00:00,2.3585,2.3621,2.32,2.3305,3927006.0
2025-03-08 10:00:00+00:00,2.3302,2.3444,2.3298,2.3439,2494622.0
2025-03-08 10:30:00+00:00,2.3438,2.3497,2.3392,2.3398,1789453.0
2025-03-08 11:00:00+00:00,2.3399,2.3403,2.3108,2.3221,2888814.0
2025-03-08 11:30:00+00:00,2.3221,2.3273,2.3013,2.3164,3274749.0
2025-03-08 12:00:00+00:00,2.3164,2.3391,2.3063,2.331,2929613.0
2025-03-08 12:30:00+00:00,2.3309,2.3432,2.3261,2.3343,2322883.0
2025-03-08 13:00:00+00:00,2.3343,2.3515,2.3314,2.3498,2336353.0
2025-03-08 13:30:00+00:00,2.3498,2.357,2.3444,2.3476,2265602.0
2025-03-08 14:00:00+00:00,2.3477,2.361,2.3423,2.3586,2011207.0
2025-03-08 14:30:00+00:00,2.3586,2.366,2.3471,2.3507,2623502.0
2025-03-08 15:00:00+00:00,2.3506,2.3621,2.3361,2.3616,2329310.0
2025-03-08 15:30:00+00:00,2.3616,2.3656,2.35,2.3513,1088675.0
2025-03-08 16:00:00+00:00,2.3513,2.3553,2.3142,2.3188,5479174.0
2025-03-08 16:30:00+00:00,2.3187,2.3411,2.3121,2.3362,2578947.0
2025-03-08 17:00:00+00:00,2.3361,2.3465,2.3106,2.3375,3266891.0
2025-03-08 17:30:00+00:00,2.3375,2.3524,2.3365,2.348,1510358.0
2025-03-08 18:00:00+00:00,2.348,2.3557,2.3356,2.3365,1419798.0
2025-03-08 18:30:00+00:00,2.3365,2.3429,2.3295,2.3389,1044494.0
2025-03-08 19:00:00+00:00,2.339,2.355,2.3282,2.3528,1736065.0
2025-03-08 19:30:00+00:00,2.3527,2.36,2.3498,2.356,1601746.0
2025-03-08 20:00:00+00:00,2.356,2.3589,2.3395,2.3455,1554213.0
2025-03-08 20:30:00+00:00,2.3454,2.3526,2.343,2.3462,632676.0
2025-03-08 21:00:00+00:00,2.3461,2.3635,2.3451,2.3614,1302938.0
2025-03-08 21:30:00+00:00,2.3614,2.3619,2.3495,2.3495,935548.0
2025-03-08 22:00:00+00:00,2.3495,2.3533,2.3304,2.3403,2130454.0
2025-03-08 22:30:00+00:00,2.3403,2.3462,2.3271,2.3425,2444061.0
2025-03-08 23:00:00+00:00,2.3426,2.3453,2.3299,2.3331,1268388.0
2025-03-08 23:30:00+00:00,2.333,2.333,2.3136,2.3261,3229454.0
2025-03-09 00:00:00+00:00,2.3262,2.3491,2.3149,2.345,2794995.0
2025-03-09 00:30:00+00:00,2.345,2.3498,2.3367,2.3432,1253595.0
2025-03-09 01:00:00+00:00,2.3432,2.351,2.34,2.3431,1808901.0
2025-03-09 01:30:00+00:00,2.3431,2.3436,2.3213,2.3258,1099192.0
2025-03-09 02:00:00+00:00,2.3258,2.3304,2.3184,2.3278,1696538.0
2025-03-09 02:30:00+00:00,2.3278,2.3336,2.3104,2.3118,2371114.0
2025-03-09 03:00:00+00:00,2.3118,2.3191,2.3055,2.3164,2082478.0
2025-03-09 03:30:00+00:00,2.3164,2.3306,2.3162,2.3227,932496.0
2025-03-09 04:00:00+00:00,2.3228,2.3276,2.3173,2.3222,1726024.0
2025-03-09 04:30:00+00:00,2.3222,2.3317,2.3194,2.3295,1099506.0
2025-03-09 05:00:00+00:00,2.3296,2.343,2.3237,2.3387,2302196.0
2025-03-09 05:30:00+00:00,2.3386,2.3422,2.3293,2.3329,1621448.0
2025-03-09 06:00:00+00:00,2.333,2.3334,2.311,2.3203,1950494.0
2025-03-09 06:30:00+00:00,2.3204,2.3266,2.3169,2.3204,823950.0
2025-03-09 07:00:00+00:00,2.3204,2.3408,2.3158,2.3401,1600550.0
2025-03-09 07:30:00+00:00,2.3401,2.3439,2.3344,2.3393,1444584.0
2025-03-09 08:00:00+00:00,2.3392,2.3416,2.3238,2.3276,1765416.0
2025-03-09 08:30:00+00:00,2.3275,2.3321,2.3158,2.3191,1930679.0
2025-03-09 09:00:00+00:00,2.3191,2.3238,2.314,2.3198,3811396.0
2025-03-09 09:30:00+00:00,2.3198,2.3205,2.2939,2.2986,4492335.0
2025-03-09 10:00:00+00:00,2.2987,2.3013,2.2572,2.2615,11288601.0
2025-03-09 10:30:00+00:00,2.2615,2.2664,2.2399,2.2499,8819429.0
2025-03-09 11:00:00+00:00,2.2499,2.2644,2.2466,2.2586,5291448.0
2025-03-09 11:30:00+00:00,2.2587,2.2622,2.2472,2.2547,3594414.0
2025-03-09 12:00:00+00:00,2.2547,2.2563,2.2252,2.2366,7305231.0
2025-03-09 12:30:00+00:00,2.2365,2.2443,2.2251,2.2383,3800552.0
2025-03-09 13:00:00+00:00,2.2383,2.2426,2.2203,2.2337,5205265.0
2025-03-09 13:30:00+00:00,2.2336,2.2339,2.1637,2.1686,15332809.0
2025-03-09 14:00:00+00:00,2.1687,2.2073,2.1675,2.2007,9546620.0
2025-03-09 14:30:00+00:00,2.2007,2.212,2.1958,2.2115,5210597.0
2025-03-09 15:00:00+00:00,2.2115,2.2196,2.1977,2.2049,5707075.0
2025-03-09 15:30:00+00:00,2.205,2.2082,2.173,2.1853,8158790.0
2025-03-09 16:00:00+00:00,2.1852,2.1975,2.1506,2.169,14627111.0
2025-03-09 16:30:00+00:00,2.1691,2.1729,2.1317,2.1353,15499836.0
2025-03-09 17:00:00+00:00,2.1354,2.162,2.128,2.1407,10767644.0
2025-03-09 17:30:00+00:00,2.1407,2.1544,2.1022,2.1048,8702699.0
2025-03-09 18:00:00+00:00,2.1049,2.1396,2.083,2.1322,16197211.0
2025-03-09 18:30:00+00:00,2.1322,2.1446,2.098,2.1256,9036931.0
2025-03-09 19:00:00+00:00,2.1256,2.1411,2.1153,2.136,7234042.0
2025-03-09 19:30:00+00:00,2.136,2.181,2.1352,2.1639,13171659.0
2025-03-09 20:00:00+00:00,2.164,2.1915,2.1578,2.1808,7290493.0
2025-03-09 20:30:00+00:00,2.1808,2.2062,2.1808,2.1946,7372763.0
2025-03-09 21:00:00+00:00,2.1946,2.2018,2.1632,2.1648,6583654.0
2025-03-09 21:30:00+00:00,2.1649,2.1932,2.1622,2.1685,4468500.0
2025-03-09 22:00:00+00:00,2.1685,2.1685,2.137,2.1442,8013500.0
2025-03-09 22:30:00+00:00,2.1442,2.1575,2.1281,2.133,5938022.0
2025-03-09 23:00:00+00:00,2.133,2.156,2.1179,2.1311,9401959.0
2025-03-09 23:30:00+00:00,2.131,2.1409,2.1224,2.1387,4536310.0
2025-03-10 00:00:00+00:00,2.1388,2.1606,2.1191,2.1191,6398214.0
2025-03-10 00:30:00+00:00,2.1191,2.1761,2.0872,2.1655,17647505.0
2025-03-10 01:00:00+00:00,2.1655,2.1977,2.1504,2.1647,9370630.0
2025-03-10 01:30:00+00:00,2.1646,2.1792,2.1618,2.1686,4932695.0
2025-03-10 02:00:00+00:00,2.1686,2.2013,2.1615,2.1792,6260275.0
2025-03-10 02:30:00+00:00,2.1792,2.1974,2.1756,2.1826,4141308.0
2025-03-10 03:00:00+00:00,2.1827,2.1863,2.1615,2.167,3439890.0
2025-03-10 03:30:00+00:00,2.167,2.1836,2.1648,2.1702,3023485.0
2025-03-10 04:00:00+00:00,2.1702,2.1966,2.1683,2.1927,3411833.0
2025-03-10 04:30:00+00:00,2.1927,2.1966,2.1859,2.1949,2876944.0
2025-03-10 05:00:00+00:00,2.1949,2.2037,2.1896,2.2004,4694123.0
2025-03-10 05:30:00+00:00,2.2005,2.2028,2.187,2.1946,3704153.0
2025-03-10 06:00:00+00:00,2.1947,2.1987,2.1761,2.1769,4055254.0
2025-03-10 06:30:00+00:00,2.1768,2.1833,2.1687,2.1794,5083048.0
2025-03-10 07:00:00+00:00,2.1794,2.194,2.165,2.1659,4385620.0
2025-03-10 07:30:00+00:00,2.1658,2.1852,2.1584,2.1843,4815293.0
2025-03-10 08:00:00+00:00,2.1844,2.1858,2.1605,2.1648,3169417.0
2025-03-10 08:30:00+00:00,2.1648,2.166,2.1291,2.1371,8967571.0
2025-03-10 09:00:00+00:00,2.1371,2.2613,2.1363,2.2336,21284795.0
2025-03-10 09:30:00+00:00,2.2336,2.2408,2.1699,2.1827,10644415.0
2025-03-10 10:00:00+00:00,2.1827,2.1925,2.1501,2.1607,7294525.0
2025-03-10 10:30:00+00:00,2.1607,2.1863,2.156,2.1801,4141575.0
2025-03-10 11:00:00+00:00,2.1802,2.1971,2.1757,2.1915,3524577.0
2025-03-10 11:30:00+00:00,2.1917,2.2204,2.1852,2.2138,7698118.0
2025-03-10 12:00:00+00:00,2.2139,2.226,2.19,2.1923,6114479.0
2025-03-10 12:30:00+00:00,2.1924,2.2119,2.1891,2.2047,3730959.0
2025-03-10 13:00:00+00:00,2.2048,2.2089,2.1723,2.1825,4769477.0
2025-03-10 13:30:00+00:00,2.1824,2.1875,2.1437,2.1511,9337690.0
2025-03-10 14:00:00+00:00,2.1511,2.1511,2.0814,2.0899,23139052.0
2025-03-10 14:30:00+00:00,2.09,2.1074,2.0669,2.0929,16651319.0
2025-03-10 15:00:00+00:00,2.0928,2.1248,2.0842,2.1121,10442521.0
2025-03-10 15:30:00+00:00,2.1121,2.1533,2.1119,2.1187,10221475.0
2025-03-10 16:00:00+00:00,2.1188,2.1287,2.0956,2.1023,6479437.0
2025-03-10 16:30:00+00:00,2.1023,2.1099,2.0757,2.0919,7596783.0
2025-03-10 17:00:00+00:00,2.0919,2.1123,2.045,2.0961,16539110.0
2025-03-10 17:30:00+00:00,2.0962,2.0998,2.0211,2.0506,14733917.0
2025-03-10 18:00:00+00:00,2.0505,2.0879,2.0439,2.0561,9556402.0
2025-03-10 18:30:00+00:00,2.0561,2.0646,1.995,2.0011,20447181.0
2025-03-10 19:00:00+00:00,2.0011,2.0806,1.9925,2.0549,20412193.0
2025-03-10 19:30:00+00:00,2.0548,2.0963,2.0522,2.0766,11056985.0
2025-03-10 20:00:00+00:00,2.0767,2.081,2.0576,2.0705,6575865.0
2025-03-10 20:30:00+00:00,2.0706,2.0893,2.0451,2.0753,9291373.0
2025-03-10 21:00:00+00:00,2.0752,2.0923,2.0602,2.0788,5682941.0
2025-03-10 21:30:00+00:00,2.0788,2.0896,2.0675,2.0728,3105726.0
2025-03-10 22:00:00+00:00,2.0728,2.0841,2.0488,2.0495,4268223.0
2025-03-10 22:30:00+00:00,2.0494,2.0609,2.0257,2.0472,6081829.0
2025-03-10 23:00:00+00:00,2.0473,2.0612,2.0221,2.0355,4504079.0
2025-03-10 23:30:00+00:00,2.0355,2.0517,2.0126,2.0216,5519352.0
2025-03-11 00:00:00+00:00,2.0216,2.0496,1.9731,1.9741,14226958.0
2025-03-11 00:30:00+00:00,1.9741,1.9839,1.9,1.9545,33702130.0
2025-03-11 01:00:00+00:00,1.9544,1.957,1.904,1.9373,17226032.0
2025-03-11 01:30:00+00:00,1.9373,2.0274,1.9369,2.027,16857086.0
2025-03-11 02:00:00+00:00,2.0269,2.0646,2.0151,2.0465,9815410.0
2025-03-11 02:30:00+00:00,2.0465,2.0536,2.026,2.0357,8263993.0
2025-03-11 03:00:00+00:00,2.0357,2.0646,2.032,2.0458,3834713.0
2025-03-11 03:30:00+00:00,2.0458,2.0582,2.0413,2.0462,3095579.0
2025-03-11 04:00:00+00:00,2.0461,2.0861,2.0418,2.0792,6645931.0
2025-03-11 04:30:00+00:00,2.0791,2.0809,2.0644,2.0737,3237161.0
2025-03-11 05:00:00+00:00,2.0736,2.1314,2.0694,2.1051,11669886.0
2025-03-11 05:30:00+00:00,2.105,2.1066,2.0855,2.101,6245878.0
2025-03-11 06:00:00+00:00,2.101,2.1245,2.0996,2.112,4578278.0
2025-03-11 06:30:00+00:00,2.1121,2.1141,2.0808,2.0839,5198089.0
2025-03-11 07:00:00+00:00,2.084,2.1115,2.0817,2.0978,4325792.0
2025-03-11 07:30:00+00:00,2.0978,2.1011,2.0827,2.0952,3665332.0
2025-03-11 08:00:00+00:00,2.0952,2.1315,2.09,2.12,6235192.0
2025-03-11 08:30:00+00:00,2.12,2.1369,2.1094,2.1206,6075328.0
2025-03-11 09:00:00+00:00,2.1205,2.1495,2.1191,2.1465,5143572.0
2025-03-11 09:30:00+00:00,2.1464,2.1467,2.1279,2.1288,4654527.0
2025-03-11 10:00:00+00:00,2.1288,2.1424,2.1242,2.137,4121877.0
2025-03-11 10:30:00+00:00,2.1371,2.1544,2.1344,2.147,3200989.0
2025-03-11 11:00:00+00:00,2.1469,2.155,2.1268,2.1445,4227751.0
2025-03-11 11:30:00+00:00,2.1446,2.1646,2.1435,2.156,3880043.0
2025-03-11 12:00:00+00:00,2.1559,2.1607,2.1211,2.1362,6596684.0
2025-03-11 12:30:00+00:00,2.1362,2.1395,2.1,2.1113,10459914.0
2025-03-11 13:00:00+00:00,2.1112,2.155,2.0845,2.1189,14638329.0
2025-03-11 13:30:00+00:00,2.1187,2.142,2.1006,2.1135,13862826.0
2025-03-11 14:00:00+00:00,2.1135,2.1298,2.0811,2.0842,14358283.0
2025-03-11 14:30:00+00:00,2.0842,2.1031,2.0559,2.0766,19868316.0
2025-03-11 15:00:00+00:00,2.0768,2.1263,2.0728,2.1108,14480118.0
2025-03-11 15:30:00+00:00,2.1107,2.1456,2.1081,2.1358,8307238.0
2025-03-11 16:00:00+00:00,2.1358,2.1404,2.1072,2.1381,6406052.0
2025-03-11 16:30:00+00:00,2.1382,2.1455,2.1218,2.1246,5974905.0
2025-03-11 17:00:00+00:00,2.1245,2.1275,2.0933,2.0948,5150737.0
2025-03-11 17:30:00+00:00,2.0947,2.1119,2.08,2.1002,6158581.0
2025-03-11 18:00:00+00:00,2.1001,2.1782,2.0991,2.1694,13078445.0
2025-03-11 18:30:00+00:00,2.1694,2.1996,2.1555,2.1817,11118343.0
2025-03-11 19:00:00+00:00,2.1816,2.1968,2.1743,2.1949,8888413.0
2025-03-11 19:30:00+00:00,2.1949,2.2138,2.1885,2.2086,6275523.0
2025-03-11 20:00:00+00:00,2.2087,2.2106,2.1762,2.1781,5447297.0
2025-03-11 20:30:00+00:00,2.1782,2.2061,2.1781,2.1926,3616351.0
2025-03-11 21:00:00+00:00,2.1927,2.2106,2.192,2.2065,2764037.0
2025-03-11 21:30:00+00:00,2.2065,2.2087,2.182,2.194,2919058.0
2025-03-11 22:00:00+00:00,2.1939,2.2048,2.1902,2.1965,2767950.0
2025-03-11 22:30:00+00:00,2.1965,2.1986,2.1867,2.1948,1924526.0
2025-03-11 23:00:00+00:00,2.1947,2.1963,2.1663,2.1716,3959322.0
2025-03-11 23:30:00+00:00,2.1716,2.1742,2.1633,2.1711,3271469.0
2025-03-12 00:00:00+00:00,2.171,2.1974,2.16,2.1865,5836290.0
2025-03-12 00:30:00+00:00,2.1866,2.1983,2.1739,2.1812,3531247.0
2025-03-12 01:00:00+00:00,2.1813,2.2127,2.1774,2.2069,4693546.0
2025-03-12 01:30:00+00:00,2.2069,2.2464,2.2042,2.2301,7597225.0
2025-03-12 02:00:00+00:00,2.2302,2.245,2.214,2.2172,4833819.0
2025-03-12 02:30:00+00:00,2.2173,2.2185,2.1891,2.1958,5538108.0
2025-03-12 03:00:00+00:00,2.1957,2.2097,2.1903,2.1983,3297478.0
2025-03-12 03:30:00+00:00,2.1983,2.2025,2.1655,2.1682,4895641.0
2025-03-12 04:00:00+00:00,2.1681,2.1697,2.1502,2.1521,6567862.0
2025-03-12 04:30:00+00:00,2.152,2.1617,2.1432,2.1586,6789630.0
2025-03-12 05:00:00+00:00,2.1587,2.175,2.156,2.1615,3945547.0
2025-03-12 05:30:00+00:00,2.1614,2.1873,2.1608,2.1827,2516850.0
2025-03-12 06:00:00+00:00,2.1828,2.1863,2.1625,2.1742,3325524.0
2025-03-12 06:30:00+00:00,2.1743,2.1785,2.1454,2.1599,4224161.0
2025-03-12 07:00:00+00:00,2.1599,2.1799,2.1586,2.1708,3624285.0
2025-03-12 07:30:00+00:00,2.1707,2.1943,2.1668,2.1887,3278217.0
2025-03-12 08:00:00+00:00,2.1886,2.2192,2.1854,2.2106,5899217.0
2025-03-12 08:30:00+00:00,2.2106,2.2372,2.1999,2.2225,7314974.0
2025-03-12 09:00:00+00:00,2.2226,2.2319,2.19,2.1909,9283643.0
2025-03-12 09:30:00+00:00,2.1909,2.208,2.1905,2.2035,2712940.0
2025-03-12 10:00:00+00:00,2.2035,2.2087,2.1886,2.1952,3086788.0
2025-03-12 10:30:00+00:00,2.1953,2.1982,2.1677,2.179,4153171.0
2025-03-12 11:00:00+00:00,2.1789,2.1957,2.1788,2.1926,2293954.0
2025-03-12 11:30:00+00:00,2.1926,2.2156,2.189,2.2143,2486670.0
2025-03-12 12:00:00+00:00,2.2143,2.2371,2.1967,2.2351,6109821.0
2025-03-12 12:30:00+00:00,2.2351,2.2769,2.2212,2.2517,22869330.0
2025-03-12 13:00:00+00:00,2.2516,2.2605,2.2133,2.2207,8554880.0
2025-03-12 13:30:00+00:00,2.2207,2.2349,2.1774,2.1888,11365020.0
2025-03-12 14:00:00+00:00,2.1888,2.1975,2.1739,2.1807,6606261.0
2025-03-12 14:30:00+00:00,2.1808,2.1912,2.1524,2.1676,8647553.0
2025-03-12 15:00:00+00:00,2.1677,2.1729,2.1333,2.1606,9707605.0
2025-03-12 15:30:00+00:00,2.1607,2.235,2.1606,2.2038,17632203.0
2025-03-12 16:00:00+00:00,2.2037,2.2544,2.1885,2.1958,19657827.0
2025-03-12 16:30:00+00:00,2.1958,2.2203,2.1938,2.2007,6524657.0
2025-03-12 17:00:00+00:00,2.2008,2.2315,2.1969,2.2282,4994696.0
2025-03-12 17:30:00+00:00,2.2282,2.2353,2.2014,2.2069,5669495.0
2025-03-12 18:00:00+00:00,2.207,2.2338,2.2037,2.2309,3598162.0
2025-03-12 18:30:00+00:00,2.231,2.2456,2.219,2.2326,3434946.0
2025-03-12 19:00:00+00:00,2.2325,2.2465,2.2195,2.2429,3775562.0
2025-03-12 19:30:00+00:00,2.243,2.2468,2.2259,2.2379,5098074.0
2025-03-12 20:00:00+00:00,2.2379,2.2424,2.2225,2.2232,2715456.0
2025-03-12 20:30:00+00:00,2.2232,2.2363,2.2232,2.2294,2595330.0
2025-03-12 21:00:00+00:00,2.2294,2.2404,2.2234,2.2307,2491562.0
2025-03-12 21:30:00+00:00,2.2307,2.2345,2.212,2.2201,2404176.0
2025-03-12 22:00:00+00:00,2.2202,2.2391,2.2178,2.2331,2897436.0
2025-03-12 22:30:00+00:00,2.2331,2.24,2.2285,2.2294,2729553.0
2025-03-12 23:00:00+00:00,2.2295,2.2316,2.2214,2.2277,1773965.0
2025-03-12 23:30:00+00:00,2.2276,2.2433,2.2237,2.2396,3980053.0
2025-03-13 00:00:00+00:00,2.2395,2.2529,2.2262,2.2398,4100577.0
2025-03-13 00:30:00+00:00,2.2398,2.2487,2.2321,2.2335,3144052.0
2025-03-13 01:00:00+00:00,2.2335,2.2477,2.2269,2.2415,2471560.0
2025-03-13 01:30:00+00:00,2.2415,2.256,2.2339,2.2492,2808877.0
2025-03-13 02:00:00+00:00,2.2492,2.2588,2.2453,2.2508,2459026.0
2025-03-13 02:30:00+00:00,2.2507,2.252,2.2336,2.235,2876709.0
2025-03-13 03:00:00+00:00,2.235,2.251,2.232,2.2419,2499756.0
2025-03-13 03:30:00+00:00,2.242,2.2444,2.2345,2.2408,1914522.0
2025-03-13 04:00:00+00:00,2.2407,2.246,2.2301,2.2306,3549085.0
2025-03-13 04:30:00+00:00,2.2306,2.2359,2.221,2.2302,2489194.0
2025-03-13 05:00:00+00:00,2.2303,2.2539,2.2288,2.2508,2430380.0
2025-03-13 05:30:00+00:00,2.2508,2.2512,2.232,2.2348,2930447.0
2025-03-13 06:00:00+00:00,2.2348,2.2381,2.2176,2.2232,3475732.0
2025-03-13 06:30:00+00:00,2.2232,2.2329,2.2216,2.2292,3158645.0
2025-03-13 07:00:00+00:00,2.2293,2.2418,2.2237,2.2391,2919423.0
2025-03-13 07:30:00+00:00,2.2392,2.2411,2.2249,2.234,2975400.0
2025-03-13 08:00:00+00:00,2.234,2.2444,2.219,2.2197,2574772.0
2025-03-13 08:30:00+00:00,2.2198,2.2344,2.2137,2.2323,3150562.0
2025-03-13 09:00:00+00:00,2.2324,2.2493,2.232,2.2443,4571915.0
2025-03-13 09:30:00+00:00,2.2444,2.2889,2.2427,2.2805,10503983.0
2025-03-13 10:00:00+00:00,2.2805,2.2815,2.2503,2.2612,5253088.0
2025-03-13 10:30:00+00:00,2.2612,2.2778,2.254,2.2687,3683556.0
2025-03-13 11:00:00+00:00,2.2686,2.275,2.2598,2.2643,3520143.0
2025-03-13 11:30:00+00:00,2.2642,2.2842,2.26,2.2841,3412036.0
2025-03-13 12:00:00+00:00,2.2841,2.3249,2.2751,2.3235,12980273.0
2025-03-13 12:30:00+00:00,2.3235,2.3428,2.2821,2.2935,16774976.0
2025-03-13 13:00:00+00:00,2.2934,2.347,2.2927,2.34,10049432.0
2025-03-13 13:30:00+00:00,2.3401,2.347,2.2742,2.2835,14301897.0
2025-03-13 14:00:00+00:00,2.2835,2.3318,2.2766,2.3118,12644446.0
2025-03-13 14:30:00+00:00,2.3117,2.3369,2.3104,2.3205,6980025.0
2025-03-13 15:00:00+00:00,2.3204,2.3271,2.2946,2.3076,5725526.0
2025-03-13 15:30:00+00:00,2.3076,2.3155,2.2766,2.2879,9763559.0
2025-03-13 16:00:00+00:00,2.288,2.3086,2.267,2.2703,7077836.0
2025-03-13 16:30:00+00:00,2.2702,2.2894,2.2554,2.2709,8110527.0
2025-03-13 17:00:00+00:00,2.2709,2.2734,2.2418,2.2466,7327650.0
2025-03-13 17:30:00+00:00,2.2465,2.248,2.2151,2.2219,10892654.0
2025-03-13 18:00:00+00:00,2.2219,2.2585,2.2198,2.2571,6089491.0
2025-03-13 18:30:00+00:00,2.2572,2.2738,2.2514,2.2627,5073015.0
2025-03-13 19:00:00+00:00,2.2627,2.2654,2.2357,2.2389,3163938.0
2025-03-13 19:30:00+00:00,2.2389,2.2449,2.2292,2.2387,3079041.0
2025-03-13 20:00:00+00:00,2.2387,2.2582,2.2367,2.2576,1780198.0
2025-03-13 20:30:00+00:00,2.2576,2.2603,2.2187,2.2213,3362689.0
2025-03-13 21:00:00+00:00,2.2212,2.2327,2.2201,2.2314,1933823.0
2025-03-13 21:30:00+00:00,2.2315,2.2378,2.2185,2.2378,1767991.0
2025-03-13 22:00:00+00:00,2.2378,2.2489,2.2325,2.2479,3379262.0
2025-03-13 22:30:00+00:00,2.2479,2.2689,2.2442,2.2677,3174902.0
2025-03-13 23:00:00+00:00,2.2677,2.2761,2.2473,2.2478,3929721.0
2025-03-13 23:30:00+00:00,2.2477,2.2554,2.2443,2.2527,1660281.0
2025-03-14 00:00:00+00:00,2.2526,2.2543,2.2371,2.252,3074623.0
2025-03-14 00:30:00+00:00,2.2519,2.2748,2.2516,2.2651,3552919.0
2025-03-14 01:00:00+00:00,2.2652,2.2654,2.2538,2.2623,1712208.0
2025-03-14 01:30:00+00:00,2.2624,2.2778,2.2622,2.2661,4269182.0
2025-03-14 02:00:00+00:00,2.266,2.2805,2.2612,2.2785,7138211.0
2025-03-14 02:30:00+00:00,2.2784,2.3008,2.2708,2.2955,8914089.0
2025-03-14 03:00:00+00:00,2.2955,2.2958,2.2848,2.2852,3378392.0
2025-03-14 03:30:00+00:00,2.2852,2.2926,2.2779,2.2911,7488796.0
2025-03-14 04:00:00+00:00,2.2911,2.2992,2.2904,2.2924,3129576.0
2025-03-14 04:30:00+00:00,2.2923,2.2979,2.2867,2.2941,1624596.0
2025-03-14 05:00:00+00:00,2.2941,2.2978,2.2876,2.2946,1826670.0
2025-03-14 05:30:00+00:00,2.2947,2.3096,2.2928,2.3008,3879502.0
2025-03-14 06:00:00+00:00,2.3008,2.32,2.28,2.2865,10960964.0
2025-03-14 06:30:00+00:00,2.2865,2.2908,2.2799,2.2868,3664581.0
2025-03-14 07:00:00+00:00,2.2868,2.2985,2.2809,2.2941,2917876.0
2025-03-14 07:30:00+00:00,2.2941,2.3055,2.2871,2.2946,2025559.0
2025-03-14 08:00:00+00:00,2.2945,2.3089,2.2902,2.3062,2081327.0
2025-03-14 08:30:00+00:00,2.3062,2.3199,2.303,2.3089,4858826.0
2025-03-14 09:00:00+00:00,2.3089,2.3245,2.3058,2.3223,2649498.0
2025-03-14 09:30:00+00:00,2.3223,2.3259,2.3117,2.3138,1924386.0
2025-03-14 10:00:00+00:00,2.3138,2.325,2.305,2.3237,2458052.0
2025-03-14 10:30:00+00:00,2.3237,2.3322,2.318,2.3218,3280279.0
2025-03-14 11:00:00+00:00,2.3217,2.3232,2.3114,2.3214,2755560.0
2025-03-14 11:30:00+00:00,2.3214,2.3238,2.3144,2.3165,1412088.0
2025-03-14 12:00:00+00:00,2.3166,2.3208,2.3089,2.3156,2062921.0
2025-03-14 12:30:00+00:00,2.3157,2.316,2.2965,2.3067,3585958.0
2025-03-14 13:00:00+00:00,2.3068,2.3164,2.3026,2.3041,2602867.0
2025-03-14 13:30:00+00:00,2.3042,2.3464,2.3007,2.3364,10907896.0
2025-03-14 14:00:00+00:00,2.3363,2.34,2.3087,2.3171,8925664.0
2025-03-14 14:30:00+00:00,2.317,2.343,2.3153,2.3333,12482349.0
2025-03-14 15:00:00+00:00,2.3333,2.3893,2.3332,2.3766,15834983.0
2025-03-14 15:30:00+00:00,2.3767,2.3864,2.3523,2.3583,8538114.0
2025-03-14 16:00:00+00:00,2.3582,2.3652,2.3446,2.3498,5356507.0
2025-03-14 16:30:00+00:00,2.3498,2.3683,2.3417,2.368,4106733.0
2025-03-14 17:00:00+00:00,2.368,2.3723,2.3534,2.3563,3049456.0
2025-03-14 17:30:00+00:00,2.3563,2.3591,2.3377,2.3465,3437426.0
2025-03-14 18:00:00+00:00,2.3464,2.3556,2.3359,2.3405,2845592.0
2025-03-14 18:30:00+00:00,2.3406,2.3578,2.3392,2.349,1949084.0
2025-03-14 19:00:00+00:00,2.3489,2.3636,2.3441,2.3561,1748750.0
2025-03-14 19:30:00+00:00,2.3561,2.3598,2.3432,2.3551,1799608.0
2025-03-14 20:00:00+00:00,2.355,2.3583,2.3313,2.3406,2807711.0
2025-03-14 20:30:00+00:00,2.3405,2.3496,2.3363,2.3477,1829242.0
2025-03-14 21:00:00+00:00,2.3478,2.351,2.3364,2.3366,2091487.0
2025-03-14 21:30:00+00:00,2.3365,2.354,2.3323,2.3536,1484867.0
2025-03-14 22:00:00+00:00,2.3536,2.3555,2.3449,2.3514,2070635.0
2025-03-14 22:30:00+00:00,2.3514,2.3727,2.3497,2.3683,3427515.0
2025-03-14 23:00:00+00:00,2.3684,2.3689,2.355,2.365,1712942.0
2025-03-14 23:30:00+00:00,2.3651,2.3674,2.353,2.3564,1650402.0
2025-03-15 00:00:00+00:00,2.3564,2.37,2.3525,2.3699,2291163.0
2025-03-15 00:30:00+00:00,2.3699,2.388,2.3685,2.38,3669423.0
2025-03-15 01:00:00+00:00,2.38,2.3989,2.3766,2.3867,3443406.0
2025-03-15 01:30:00+00:00,2.3868,2.3957,2.3773,2.3907,2155318.0
2025-03-15 02:00:00+00:00,2.3907,2.3986,2.3836,2.3948,2289377.0
2025-03-15 02:30:00+00:00,2.3948,2.4107,2.3874,2.4029,3750347.0
2025-03-15 03:00:00+00:00,2.403,2.4305,2.3999,2.4227,5716881.0
2025-03-15 03:30:00+00:00,2.4227,2.4299,2.4152,2.4247,3598072.0
2025-03-15 04:00:00+00:00,2.4247,2.4493,2.4247,2.449,5151089.0
2025-03-15 04:30:00+00:00,2.4489,2.4751,2.4453,2.4652,7205211.0
2025-03-15 05:00:00+00:00,2.4651,2.4674,2.4414,2.4418,4627763.0
2025-03-15 05:30:00+00:00,2.4418,2.4499,2.4263,2.4265,5052888.0
2025-03-15 06:00:00+00:00,2.4265,2.4411,2.4252,2.4333,6670370.0
2025-03-15 06:30:00+00:00,2.4333,2.4333,2.4119,2.4169,4708501.0
2025-03-15 07:00:00+00:00,2.4168,2.4205,2.3756,2.3804,7379034.0
2025-03-15 07:30:00+00:00,2.3803,2.4,2.3734,2.393,6825802.0
2025-03-15 08:00:00+00:00,2.3929,2.4038,2.386,2.3998,2502410.0
2025-03-15 08:30:00+00:00,2.3998,2.4183,2.397,2.4123,4781851.0
2025-03-15 09:00:00+00:00,2.4123,2.4124,2.3972,2.3994,3403048.0
2025-03-15 09:30:00+00:00,2.3994,2.4123,2.3976,2.4113,2066333.0
2025-03-15 10:00:00+00:00,2.4113,2.4113,2.3982,2.4009,1564414.0
2025-03-15 10:30:00+00:00,2.401,2.413,2.3998,2.4093,2019774.0
2025-03-15 11:00:00+00:00,2.4094,2.4119,2.402,2.4119,1748973.0
2025-03-15 11:30:00+00:00,2.4118,2.426,2.4104,2.4252,3444194.0
2025-03-15 12:00:00+00:00,2.4253,2.4311,2.4148,2.4261,2610497.0
2025-03-15 12:30:00+00:00,2.426,2.4425,2.4232,2.4271,2439168.0
2025-03-15 13:00:00+00:00,2.427,2.4484,2.4268,2.4455,2370246.0
2025-03-15 13:30:00+00:00,2.4455,2.4539,2.44,2.4458,3768473.0
2025-03-15 14:00:00+00:00,2.4457,2.4458,2.4132,2.4186,5128357.0
2025-03-15 14:30:00+00:00,2.4186,2.4305,2.4137,2.4234,2483193.0
2025-03-15 15:00:00+00:00,2.4234,2.4386,2.4231,2.4268,2153609.0
2025-03-15 15:30:00+00:00,2.4269,2.435,2.4208,2.4262,1872245.0
2025-03-15 16:00:00+00:00,2.4261,2.4281,2.4086,2.4142,2629649.0
2025-03-15 16:30:00+00:00,2.4142,2.4245,2.4079,2.4114,2165746.0
2025-03-15 17:00:00+00:00,2.4113,2.421,2.4105,2.419,1862522.0
2025-03-15 17:30:00+00:00,2.4191,2.4196,2.409,2.4184,1800570.0
2025-03-15 18:00:00+00:00,2.4184,2.4219,2.4113,2.4133,1523224.0
2025-03-15 18:30:00+00:00,2.4133,2.417,2.3941,2.4063,3139886.0
2025-03-15 19:00:00+00:00,2.4063,2.4064,2.3952,2.3998,2585018.0
2025-03-15 19:30:00+00:00,2.3998,2.4059,2.3935,2.4015,1675845.0
2025-03-15 20:00:00+00:00,2.4015,2.4183,2.4004,2.4152,2509005.0
2025-03-15 20:30:00+00:00,2.4152,2.4152,2.4066,2.4109,1128551.0
2025-03-15 21:00:00+00:00,2.4109,2.4178,2.4097,2.4147,1275012.0
2025-03-15 21:30:00+00:00,2.4147,2.4187,2.4108,2.4135,1054509.0
2025-03-15 22:00:00+00:00,2.4135,2.4162,2.3991,2.4016,1912103.0
2025-03-15 22:30:00+00:00,2.4015,2.4057,2.3958,2.4026,1449383.0
2025-03-15 23:00:00+00:00,2.4025,2.4031,2.3844,2.3874,2818452.0
2025-03-15 23:30:00+00:00,2.3875,2.3943,2.3826,2.3911,1636031.0
2025-03-16 00:00:00+00:00,2.3911,2.3932,2.3779,2.3881,2782585.0
2025-03-16 00:30:00+00:00,2.3881,2.4071,2.3866,2.4034,2352557.0
2025-03-16 01:00:00+00:00,2.4033,2.4109,2.3979,2.3995,1481272.0
2025-03-16 01:30:00+00:00,2.3994,2.3995,2.3771,2.3791,3318331.0
2025-03-16 02:00:00+00:00,2.379,2.382,2.3627,2.3749,5316186.0
2025-03-16 02:30:00+00:00,2.3749,2.3832,2.3678,2.371,2625675.0
2025-03-16 03:00:00+00:00,2.3711,2.3815,2.368,2.3805,1505064.0
2025-03-16 03:30:00+00:00,2.3806,2.3859,2.3771,2.3824,1546965.0
2025-03-16 04:00:00+00:00,2.3825,2.3938,2.3816,2.3842,1198090.0
2025-03-16 04:30:00+00:00,2.3842,2.3895,2.3808,2.3848,1370208.0
2025-03-16 05:00:00+00:00,2.3849,2.3938,2.3811,2.3933,869440.0
2025-03-16 05:30:00+00:00,2.3932,2.3937,2.3854,2.3927,827320.0
2025-03-16 06:00:00+00:00,2.3927,2.396,2.3881,2.3901,768463.0
2025-03-16 06:30:00+00:00,2.3901,2.396,2.3889,2.3892,1040120.0
2025-03-16 07:00:00+00:00,2.3892,2.3897,2.368,2.3753,2788085.0
2025-03-16 07:30:00+00:00,2.3753,2.3866,2.3752,2.3809,1665485.0
2025-03-16 08:00:00+00:00,2.3808,2.3851,2.3711,2.3743,1516980.0
2025-03-16 08:30:00+00:00,2.3743,2.3819,2.373,2.3772,900648.0
2025-03-16 09:00:00+00:00,2.3773,2.3779,2.3556,2.3594,2857046.0
2025-03-16 09:30:00+00:00,2.3594,2.3633,2.3374,2.3516,5978982.0
2025-03-16 10:00:00+00:00,2.3515,2.3595,2.3448,2.3483,2707237.0
2025-03-16 10:30:00+00:00,2.3483,2.3519,2.3421,2.3481,2275969.0
2025-03-16 11:00:00+00:00,2.3481,2.3505,2.3095,2.317,10178723.0
2025-03-16 11:30:00+00:00,2.3169,2.3211,2.2875,2.2981,9709478.0
2025-03-16 12:00:00+00:00,2.2981,2.3221,2.2955,2.319,5414453.0
2025-03-16 12:30:00+00:00,2.319,2.3191,2.3026,2.3067,2724187.0
2025-03-16 13:00:00+00:00,2.3067,2.3212,2.286,2.2999,7127484.0
2025-03-16 13:30:00+00:00,2.2999,2.3085,2.2677,2.2754,6491587.0
2025-03-16 14:00:00+00:00,2.2753,2.2885,2.2724,2.285,3692728.0
2025-03-16 14:30:00+00:00,2.285,2.303,2.2734,2.302,3301000.0
2025-03-16 15:00:00+00:00,2.3019,2.3069,2.2829,2.2898,3421126.0
2025-03-16 15:30:00+00:00,2.2899,2.3017,2.2851,2.2961,2295658.0
2025-03-16 16:00:00+00:00,2.296,2.352,2.2932,2.3354,12656705.0
2025-03-16 16:30:00+00:00,2.3355,2.34,2.3109,2.317,4552728.0
2025-03-16 17:00:00+00:00,2.3169,2.3317,2.3133,2.3154,3975652.0
2025-03-16 17:30:00+00:00,2.3154,2.3228,2.3072,2.3209,2034421.0
2025-03-16 18:00:00+00:00,2.321,2.3283,2.3102,2.3279,1543775.0
2025-03-16 18:30:00+00:00,2.3278,2.3342,2.3175,2.3198,1834133.0
2025-03-16 19:00:00+00:00,2.3198,2.3207,2.284,2.3046,4893651.0
2025-03-16 19:30:00+00:00,2.3046,2.3064,2.292,2.2948,2207427.0
2025-03-16 20:00:00+00:00,2.2948,2.3125,2.2928,2.3005,1603621.0
2025-03-16 20:30:00+00:00,2.3005,2.3095,2.2976,2.309,1036706.0
2025-03-16 21:00:00+00:00,2.3089,2.3208,2.3076,2.3201,2288026.0
2025-03-16 21:30:00+00:00,2.32,2.32,2.2977,2.3039,1689366.0
2025-03-16 22:00:00+00:00,2.3038,2.3118,2.2845,2.3084,3238666.0
2025-03-16 22:30:00+00:00,2.3083,2.3102,2.289,2.2898,1818429.0
2025-03-16 23:00:00+00:00,2.2898,2.2989,2.2828,2.2945,2654712.0
2025-03-16 23:30:00+00:00,2.2945,2.3057,2.2925,2.2938,1897607.0
2025-03-17 00:00:00+00:00,2.2938,2.3138,2.2915,2.3128,3086428.0
2025-03-17 00:30:00+00:00,2.3127,2.3364,2.3109,2.3289,3187679.0
2025-03-17 01:00:00+00:00,2.3288,2.3382,2.3176,2.3224,2296458.0
2025-03-17 01:30:00+00:00,2.3224,2.3455,2.3219,2.3359,3658398.0
2025-03-17 02:00:00+00:00,2.3359,2.3454,2.3314,2.3421,1636268.0
2025-03-17 02:30:00+00:00,2.3421,2.346,2.336,2.3422,1688090.0
2025-03-17 03:00:00+00:00,2.3421,2.3563,2.3417,2.3462,3157002.0
2025-03-17 03:30:00+00:00,2.3463,2.3582,2.3429,2.3551,1361410.0
2025-03-17 04:00:00+00:00,2.3551,2.37,2.3549,2.3651,2667282.0
2025-03-17 04:30:00+00:00,2.365,2.3694,2.3494,2.3528,2955978.0
2025-03-17 05:00:00+00:00,2.3527,2.3527,2.3411,2.3456,2893752.0
2025-03-17 05:30:00+00:00,2.3455,2.349,2.3278,2.3283,2657115.0
2025-03-17 06:00:00+00:00,2.3284,2.3374,2.314,2.3162,3398109.0
2025-03-17 06:30:00+00:00,2.3162,2.3333,2.307,2.3294,3646957.0
2025-03-17 07:00:00+00:00,2.3295,2.3427,2.3281,2.337,2963228.0
2025-03-17 07:30:00+00:00,2.3369,2.3439,2.3316,2.3363,1576881.0
2025-03-17 08:00:00+00:00,2.3364,2.3372,2.3201,2.3341,1829478.0
2025-03-17 08:30:00+00:00,2.3341,2.3525,2.3306,2.3464,2883461.0
2025-03-17 09:00:00+00:00,2.3464,2.3557,2.3431,2.3521,2281624.0
2025-03-17 09:30:00+00:00,2.3521,2.3532,2.3406,2.3478,2108191.0
2025-03-17 10:00:00+00:00,2.3477,2.3495,2.334,2.3344,2361819.0
2025-03-17 10:30:00+00:00,2.3344,2.3374,2.3294,2.3308,1952085.0
2025-03-17 11:00:00+00:00,2.3308,2.3429,2.3237,2.3386,2109575.0
2025-03-17 11:30:00+00:00,2.3386,2.3441,2.3373,2.3387,1205826.0
2025-03-17 12:00:00+00:00,2.3387,2.3549,2.3317,2.3395,4432151.0
2025-03-17 12:30:00+00:00,2.3396,2.3679,2.3319,2.3327,7570396.0
2025-03-17 13:00:00+00:00,2.3327,2.3381,2.3227,2.3248,3359493.0
2025-03-17 13:30:00+00:00,2.3249,2.3456,2.3183,2.3242,4135562.0
2025-03-17 14:00:00+00:00,2.3241,2.3292,2.3069,2.321,4838362.0
2025-03-17 14:30:00+00:00,2.3211,2.3351,2.319,2.3227,2482256.0
2025-03-17 15:00:00+00:00,2.3228,2.3413,2.3111,2.3338,4139621.0
2025-03-17 15:30:00+00:00,2.3338,2.352,2.3286,2.3446,3390561.0
2025-03-17 16:00:00+00:00,2.3446,2.3558,2.3388,2.3441,4037842.0
2025-03-17 16:30:00+00:00,2.3441,2.3498,2.3302,2.3417,1840101.0
2025-03-17 17:00:00+00:00,2.3416,2.3572,2.3386,2.3491,3179067.0
2025-03-17 17:30:00+00:00,2.349,2.3607,2.3467,2.3558,3019522.0
2025-03-17 18:00:00+00:00,2.3557,2.3598,2.3472,2.3573,3702580.0
2025-03-17 18:30:00+00:00,2.3573,2.3788,2.3562,2.3738,5724853.0
2025-03-17 19:00:00+00:00,2.3738,2.3776,2.3651,2.367,2457411.0
2025-03-17 19:30:00+00:00,2.367,2.3726,2.3591,2.3601,1689302.0
2025-03-17 20:00:00+00:00,2.3602,2.3628,2.3515,2.354,2572604.0
2025-03-17 20:30:00+00:00,2.3539,2.356,2.3447,2.3486,2016848.0
2025-03-17 21:00:00+00:00,2.3487,2.3569,2.3445,2.3499,1670596.0
2025-03-17 21:30:00+00:00,2.3498,2.3499,2.3371,2.3426,2196436.0
2025-03-17 22:00:00+00:00,2.3426,2.3458,2.3372,2.3442,1742292.0
2025-03-17 22:30:00+00:00,2.3442,2.3502,2.3441,2.3479,1131681.0
2025-03-17 23:00:00+00:00,2.3479,2.3481,2.3366,2.3373,1344720.0
2025-03-17 23:30:00+00:00,2.3372,2.3449,2.3346,2.3382,1686145.0
2025-03-18 00:00:00+00:00,2.3381,2.3399,2.3291,2.3292,2305853.0
2025-03-18 00:30:00+00:00,2.3292,2.3321,2.314,2.3236,3568356.0
2025-03-18 01:00:00+00:00,2.3236,2.33,2.2982,2.3078,4906087.0
2025-03-18 01:30:00+00:00,2.3078,2.3078,2.2803,2.2915,7331054.0
2025-03-18 02:00:00+00:00,2.2915,2.3071,2.2885,2.3045,5012365.0
2025-03-18 02:30:00+00:00,2.3044,2.3082,2.2975,2.2997,1944898.0
2025-03-18 03:00:00+00:00,2.2996,2.2996,2.2803,2.2825,3995919.0
2025-03-18 03:30:00+00:00,2.2825,2.2871,2.2742,2.286,6372147.0
2025-03-18 04:00:00+00:00,2.2861,2.2962,2.2833,2.2891,3397481.0
2025-03-18 04:30:00+00:00,2.2891,2.2916,2.277,2.2816,2594648.0
2025-03-18 05:00:00+00:00,2.2816,2.2945,2.2807,2.2943,1878318.0
2025-03-18 05:30:00+00:00,2.2944,2.3015,2.2873,2.2899,2536081.0
2025-03-18 06:00:00+00:00,2.2899,2.2925,2.2694,2.2749,3670850.0
2025-03-18 06:30:00+00:00,2.2748,2.2766,2.2432,2.2526,10902493.0
2025-03-18 07:00:00+00:00,2.2525,2.288,2.2514,2.285,6158489.0
2025-03-18 07:30:00+00:00,2.2849,2.2897,2.2793,2.2894,2539288.0
2025-03-18 08:00:00+00:00,2.2894,2.2965,2.2845,2.295,2760937.0
2025-03-18 08:30:00+00:00,2.2951,2.3052,2.2922,2.295,2814787.0
2025-03-18 09:00:00+00:00,2.295,2.2976,2.2848,2.2861,1753171.0
2025-03-18 09:30:00+00:00,2.286,2.2953,2.2742,2.2769,1855652.0
2025-03-18 10:00:00+00:00,2.277,2.2846,2.2665,2.2727,2961026.0
2025-03-18 10:30:00+00:00,2.2726,2.2778,2.2632,2.2724,4565926.0
2025-03-18 11:00:00+00:00,2.2725,2.2761,2.2647,2.2714,1811578.0
2025-03-18 11:30:00+00:00,2.2715,2.2749,2.26,2.2619,2815027.0
2025-03-18 12:00:00+00:00,2.2619,2.268,2.2555,2.2588,2689468.0
2025-03-18 12:30:00+00:00,2.2588,2.2589,2.2457,2.2478,4739534.0
2025-03-18 13:00:00+00:00,2.2478,2.26,2.246,2.2588,2910101.0
2025-03-18 13:30:00+00:00,2.2589,2.2596,2.225,2.2343,9841895.0
2025-03-18 14:00:00+00:00,2.2342,2.2486,2.231,2.248,5434677.0
2025-03-18 14:30:00+00:00,2.2481,2.2645,2.2455,2.2582,4940353.0
2025-03-18 15:00:00+00:00,2.2582,2.2582,2.2404,2.2472,3149473.0
2025-03-18 15:30:00+00:00,2.2471,2.2572,2.2333,2.2371,2743159.0
2025-03-18 16:00:00+00:00,2.2371,2.2525,2.2339,2.2522,2515577.0
2025-03-18 16:30:00+00:00,2.2522,2.2539,2.2327,2.2444,2375539.0
2025-03-18 17:00:00+00:00,2.2445,2.2467,2.2257,2.2291,3440157.0
2025-03-18 17:30:00+00:00,2.2291,2.2394,2.2225,2.2293,3410963.0
2025-03-18 18:00:00+00:00,2.2293,2.2429,2.2267,2.233,2775976.0
2025-03-18 18:30:00+00:00,2.233,2.2505,2.2287,2.247,2540555.0
2025-03-18 19:00:00+00:00,2.2469,2.2593,2.2454,2.2523,2358579.0
2025-03-18 19:30:00+00:00,2.2523,2.2663,2.2517,2.2628,2960666.0
2025-03-18 20:00:00+00:00,2.2628,2.2698,2.253,2.2534,2274850.0
2025-03-18 20:30:00+00:00,2.2534,2.2589,2.2502,2.258,1491273.0
2025-03-18 21:00:00+00:00,2.2579,2.2673,2.2551,2.2638,1865484.0
2025-03-18 21:30:00+00:00,2.2638,2.2638,2.2533,2.2617,901047.0
2025-03-18 22:00:00+00:00,2.2617,2.2709,2.2578,2.2663,1678560.0
2025-03-18 22:30:00+00:00,2.2664,2.2845,2.2645,2.2809,3006435.0
2025-03-18 23:00:00+00:00,2.2809,2.2949,2.2809,2.2903,2464825.0
2025-03-18 23:30:00+00:00,2.2903,2.2911,2.2835,2.2851,1757722.0
2025-03-19 00:00:00+00:00,2.2851,2.2987,2.28,2.2964,2284627.0
2025-03-19 00:30:00+00:00,2.2964,2.3081,2.2895,2.2912,3220645.0
2025-03-19 01:00:00+00:00,2.2911,2.2921,2.2774,2.2798,2468505.0
2025-03-19 01:30:00+00:00,2.2798,2.2838,2.2696,2.2699,1862586.0
2025-03-19 02:00:00+00:00,2.2699,2.2777,2.2653,2.2732,1877736.0
2025-03-19 02:30:00+00:00,2.2732,2.282,2.2703,2.2815,2165356.0
2025-03-19 03:00:00+00:00,2.2815,2.2914,2.2783,2.2796,2039296.0
2025-03-19 03:30:00+00:00,2.2796,2.2975,2.2775,2.2954,1583504.0
2025-03-19 04:00:00+00:00,2.2954,2.2974,2.2875,2.2887,1731627.0
2025-03-19 04:30:00+00:00,2.2886,2.2959,2.2859,2.2916,1651443.0
2025-03-19 05:00:00+00:00,2.2915,2.2992,2.2913,2.2979,1476839.0
2025-03-19 05:30:00+00:00,2.2979,2.3022,2.2937,2.2994,2400676.0
2025-03-19 06:00:00+00:00,2.2995,2.3048,2.2914,2.2914,1918477.0
2025-03-19 06:30:00+00:00,2.2914,2.2915,2.2828,2.2892,2902968.0
2025-03-19 07:00:00+00:00,2.2892,2.302,2.2834,2.3004,2395042.0
2025-03-19 07:30:00+00:00,2.3005,2.3032,2.2905,2.2932,2053400.0
2025-03-19 08:00:00+00:00,2.2933,2.3021,2.2932,2.3002,1715808.0
2025-03-19 08:30:00+00:00,2.3002,2.3131,2.2995,2.3094,3442428.0
2025-03-19 09:00:00+00:00,2.3094,2.3172,2.3054,2.3151,2028437.0
2025-03-19 09:30:00+00:00,2.315,2.3168,2.3068,2.3129,1355094.0
2025-03-19 10:00:00+00:00,2.313,2.3212,2.3119,2.316,1869240.0
2025-03-19 10:30:00+00:00,2.3161,2.339,2.31,2.3116,5415406.0
2025-03-19 11:00:00+00:00,2.3117,2.3361,2.3076,2.3264,5643346.0
2025-03-19 11:30:00+00:00,2.3264,2.3488,2.3251,2.3363,6427534.0
2025-03-19 12:00:00+00:00,2.3362,2.3405,2.3186,2.3228,3937603.0
2025-03-19 12:30:00+00:00,2.3228,2.3313,2.3172,2.3272,2601698.0
2025-03-19 13:00:00+00:00,2.3273,2.59,2.3213,2.49,91358572.0
2025-03-19 13:30:00+00:00,2.4899,2.5343,2.4558,2.5228,45106002.0
2025-03-19 14:00:00+00:00,2.5228,2.5812,2.5228,2.5361,39664026.0
2025-03-19 14:30:00+00:00,2.5361,2.5548,2.4859,2.5399,37851836.0
2025-03-19 15:00:00+00:00,2.5398,2.5558,2.5245,2.5509,15477640.0
2025-03-19 15:30:00+00:00,2.5508,2.58,2.5442,2.5548,15593154.0
2025-03-19 16:00:00+00:00,2.5548,2.5668,2.5077,2.5292,17261501.0
2025-03-19 16:30:00+00:00,2.5291,2.533,2.5022,2.5161,10884291.0
2025-03-19 17:00:00+00:00,2.5161,2.5319,2.5051,2.5077,5297158.0
2025-03-19 17:30:00+00:00,2.5077,2.51,2.4685,2.4912,18354927.0
2025-03-19 18:00:00+00:00,2.4912,2.5333,2.4525,2.4779,22249845.0
2025-03-19 18:30:00+00:00,2.4778,2.5286,2.4713,2.5141,11106227.0
2025-03-19 19:00:00+00:00,2.5141,2.5399,2.4881,2.4936,13328911.0
2025-03-19 19:30:00+00:00,2.4936,2.5027,2.473,2.4877,8745696.0
2025-03-19 20:00:00+00:00,2.4878,2.5168,2.4865,2.5037,5981881.0
2025-03-19 20:30:00+00:00,2.5036,2.5041,2.4762,2.4897,4007199.0
2025-03-19 21:00:00+00:00,2.4896,2.5157,2.4882,2.5066,5547623.0
2025-03-19 21:30:00+00:00,2.5067,2.52,2.4976,2.5046,3131626.0
2025-03-19 22:00:00+00:00,2.5046,2.5265,2.5045,2.5193,4247546.0
2025-03-19 22:30:00+00:00,2.5194,2.5672,2.5173,2.5309,9388039.0
2025-03-19 23:00:00+00:00,2.531,2.555,2.531,2.5536,4337625.0
2025-03-19 23:30:00+00:00,2.5535,2.5579,2.5391,2.5469,4791169.0
2025-03-20 00:00:00+00:00,2.5469,2.5638,2.5182,2.5283,10937570.0
2025-03-20 00:30:00+00:00,2.5283,2.5325,2.4972,2.5051,7497888.0
2025-03-20 01:00:00+00:00,2.5051,2.5168,2.5013,2.509,7754235.0
2025-03-20 01:30:00+00:00,2.509,2.509,2.4856,2.4958,4819730.0
2025-03-20 02:00:00+00:00,2.4958,2.4989,2.479,2.4857,3604265.0
2025-03-20 02:30:00+00:00,2.4858,2.4969,2.4784,2.4944,2915949.0
2025-03-20 03:00:00+00:00,2.4944,2.4967,2.4836,2.4897,2454036.0
2025-03-20 03:30:00+00:00,2.4897,2.4942,2.4817,2.4845,2133750.0
2025-03-20 04:00:00+00:00,2.4845,2.4873,2.4682,2.4693,4652970.0
2025-03-20 04:30:00+00:00,2.4693,2.4706,2.4534,2.4651,6067198.0
2025-03-20 05:00:00+00:00,2.4651,2.4706,2.4351,2.4396,5295213.0
2025-03-20 05:30:00+00:00,2.4396,2.4507,2.4312,2.4491,4838259.0
2025-03-20 06:00:00+00:00,2.4492,2.4646,2.447,2.458,3015997.0
2025-03-20 06:30:00+00:00,2.458,2.461,2.4438,2.4531,3396696.0
2025-03-20 07:00:00+00:00,2.4531,2.457,2.4438,2.4475,2781438.0
2025-03-20 07:30:00+00:00,2.4475,2.4703,2.4442,2.4644,2976704.0
2025-03-20 08:00:00+00:00,2.4643,2.4928,2.464,2.4836,6439829.0
2025-03-20 08:30:00+00:00,2.4836,2.518,2.4779,2.5112,8009620.0
2025-03-20 09:00:00+00:00,2.5111,2.5182,2.488,2.4989,6624539.0
2025-03-20 09:30:00+00:00,2.4988,2.5178,2.4969,2.5123,5813021.0
2025-03-20 10:00:00+00:00,2.5122,2.5176,2.4671,2.4834,6577248.0
2025-03-20 10:30:00+00:00,2.4835,2.4913,2.475,2.4792,2847255.0
2025-03-20 11:00:00+00:00,2.4792,2.4855,2.4683,2.4787,2722851.0
2025-03-20 11:30:00+00:00,2.4786,2.4938,2.4775,2.4909,2555166.0
2025-03-20 12:00:00+00:00,2.4909,2.491,2.4761,2.4842,2146610.0
2025-03-20 12:30:00+00:00,2.4842,2.5002,2.4784,2.494,2637881.0
2025-03-20 13:00:00+00:00,2.494,2.4999,2.478,2.4796,2834911.0
2025-03-20 13:30:00+00:00,2.4797,2.5091,2.4759,2.5007,5812129.0
2025-03-20 14:00:00+00:00,2.5006,2.5186,2.4999,2.5104,6338143.0
2025-03-20 14:30:00+00:00,2.5103,2.5104,2.4923,2.499,4499238.0
2025-03-20 15:00:00+00:00,2.499,2.501,2.4626,2.4731,10095101.0
2025-03-20 15:30:00+00:00,2.4731,2.4737,2.4374,2.4388,10036305.0
2025-03-20 16:00:00+00:00,2.4387,2.458,2.4216,2.4222,8659374.0
2025-03-20 16:30:00+00:00,2.4223,2.4277,2.389,2.4027,13889538.0
2025-03-20 17:00:00+00:00,2.4026,2.4254,2.4005,2.4068,7643747.0
2025-03-20 17:30:00+00:00,2.4068,2.4319,2.4061,2.4261,4982828.0
2025-03-20 18:00:00+00:00,2.4261,2.4485,2.4247,2.4297,4264574.0
2025-03-20 18:30:00+00:00,2.4298,2.4458,2.4294,2.4305,2089702.0
2025-03-20 19:00:00+00:00,2.4305,2.4359,2.4187,2.4251,3350811.0
2025-03-20 19:30:00+00:00,2.425,2.4426,2.425,2.4363,2098822.0
2025-03-20 20:00:00+00:00,2.4362,2.4518,2.4356,2.448,1714928.0
2025-03-20 20:30:00+00:00,2.4479,2.455,2.4454,2.4459,2144046.0
2025-03-20 21:00:00+00:00,2.4459,2.4492,2.4333,2.4383,2930401.0
2025-03-20 21:30:00+00:00,2.4384,2.4438,2.4284,2.4381,1812162.0
2025-03-20 22:00:00+00:00,2.438,2.4426,2.4183,2.4211,2193364.0
2025-03-20 22:30:00+00:00,2.4211,2.4301,2.4183,2.4228,2316217.0
2025-03-20 23:00:00+00:00,2.4228,2.4256,2.4131,2.4246,2247729.0
2025-03-20 23:30:00+00:00,2.4246,2.4377,2.4231,2.4361,2103104.0
2025-03-21 00:00:00+00:00,2.436,2.4446,2.425,2.4251,2014266.0
2025-03-21 00:30:00+00:00,2.425,2.4394,2.4213,2.4387,1564501.0
2025-03-21 01:00:00+00:00,2.4387,2.4497,2.4359,2.4428,1880953.0
2025-03-21 01:30:00+00:00,2.4428,2.4643,2.441,2.4616,5468345.0
2025-03-21 02:00:00+00:00,2.4615,2.4669,2.433,2.4379,5064523.0
2025-03-21 02:30:00+00:00,2.4379,2.4443,2.4292,2.4334,2141047.0
2025-03-21 03:00:00+00:00,2.4335,2.4349,2.4125,2.4261,3384145.0
2025-03-21 03:30:00+00:00,2.4261,2.4314,2.4174,2.4237,3409576.0
2025-03-21 04:00:00+00:00,2.4236,2.435,2.4216,2.4318,2665990.0
2025-03-21 04:30:00+00:00,2.4317,2.4352,2.4254,2.4254,1984986.0
2025-03-21 05:00:00+00:00,2.4253,2.4262,2.4152,2.4154,2358393.0
2025-03-21 05:30:00+00:00,2.4153,2.4209,2.4082,2.4198,2660795.0
2025-03-21 06:00:00+00:00,2.4199,2.4199,2.3997,2.4096,3473611.0
2025-03-21 06:30:00+00:00,2.4096,2.4147,2.4013,2.4066,3450097.0
2025-03-21 07:00:00+00:00,2.4065,2.4076,2.3842,2.3895,5675220.0
2025-03-21 07:30:00+00:00,2.3895,2.4138,2.3834,2.4083,6214239.0
2025-03-21 08:00:00+00:00,2.4083,2.418,2.3965,2.4009,4549219.0
2025-03-21 08:30:00+00:00,2.4008,2.4087,2.3888,2.4072,2841588.0
2025-03-21 09:00:00+00:00,2.4072,2.4186,2.3955,2.4147,3358805.0
2025-03-21 09:30:00+00:00,2.4147,2.4205,2.4019,2.405,2373446.0
2025-03-21 10:00:00+00:00,2.4051,2.4055,2.3713,2.3799,4848953.0
2025-03-21 10:30:00+00:00,2.3798,2.3912,2.372,2.3881,2901893.0
2025-03-21 11:00:00+00:00,2.3881,2.3887,2.3734,2.3747,2756682.0
2025-03-21 11:30:00+00:00,2.3747,2.3915,2.3746,2.3883,3042493.0
2025-03-21 12:00:00+00:00,2.3882,2.399,2.3849,2.3923,2652285.0
2025-03-21 12:30:00+00:00,2.3923,2.3935,2.3644,2.3688,4756246.0
2025-03-21 13:00:00+00:00,2.3688,2.3834,2.3658,2.3715,2878135.0
2025-03-21 13:30:00+00:00,2.3715,2.3863,2.3564,2.3823,5843124.0
2025-03-21 14:00:00+00:00,2.3824,2.3889,2.3607,2.3795,4337044.0
2025-03-21 14:30:00+00:00,2.3794,2.3885,2.3728,2.3867,3643680.0
2025-03-21 15:00:00+00:00,2.3866,2.39,2.3744,2.3822,2288053.0
2025-03-21 15:30:00+00:00,2.3821,2.3893,2.368,2.3726,2980919.0
2025-03-21 16:00:00+00:00,2.3725,2.3868,2.3614,2.3821,3332759.0
2025-03-21 16:30:00+00:00,2.382,2.3982,2.3783,2.3969,3018815.0
2025-03-21 17:00:00+00:00,2.3968,2.397,2.3875,2.3923,2020269.0
2025-03-21 17:30:00+00:00,2.3923,2.4085,2.3906,2.4027,2839027.0
2025-03-21 18:00:00+00:00,2.4028,2.4126,2.401,2.4085,2213371.0
2025-03-21 18:30:00+00:00,2.4085,2.4242,2.4008,2.4012,4922691.0
2025-03-21 19:00:00+00:00,2.4013,2.4118,2.3974,2.4068,1590275.0
2025-03-21 19:30:00+00:00,2.4068,2.409,2.3948,2.402,1826310.0
2025-03-21 20:00:00+00:00,2.402,2.402,2.392,2.3974,1095829.0
2025-03-21 20:30:00+00:00,2.3974,2.4046,2.3969,2.4019,808605.0
2025-03-21 21:00:00+00:00,2.4019,2.4057,2.3982,2.4032,2323128.0
2025-03-21 21:30:00+00:00,2.4032,2.4156,2.3935,2.3977,1715292.0
2025-03-21 22:00:00+00:00,2.3977,2.3982,2.3825,2.3897,1964887.0
2025-03-21 22:30:00+00:00,2.3896,2.3897,2.3784,2.3875,1581832.0
2025-03-21 23:00:00+00:00,2.3874,2.3937,2.3821,2.3868,929136.0
2025-03-21 23:30:00+00:00,2.3867,2.3876,2.3746,2.3809,1387588.0
2025-03-22 00:00:00+00:00,2.3809,2.393,2.3735,2.3901,2080566.0
2025-03-22 00:30:00+00:00,2.39,2.4056,2.3858,2.3986,2902865.0
2025-03-22 01:00:00+00:00,2.3986,2.407,2.3899,2.3913,2039298.0
2025-03-22 01:30:00+00:00,2.3912,2.3912,2.3834,2.3886,1172326.0
2025-03-22 02:00:00+00:00,2.3887,2.3933,2.3845,2.3902,1124851.0
2025-03-22 02:30:00+00:00,2.3901,2.3963,2.3893,2.3903,883865.0
2025-03-22 03:00:00+00:00,2.3903,2.3912,2.3806,2.3854,965742.0
2025-03-22 03:30:00+00:00,2.3854,2.3906,2.384,2.3891,801611.0
2025-03-22 04:00:00+00:00,2.3891,2.3941,2.3846,2.3907,955101.0
2025-03-22 04:30:00+00:00,2.3908,2.3994,2.3907,2.3973,664382.0
2025-03-22 05:00:00+00:00,2.3973,2.4013,2.3937,2.397,978236.0
2025-03-22 05:30:00+00:00,2.397,2.397,2.3902,2.3934,766950.0
2025-03-22 06:00:00+00:00,2.3934,2.4053,2.3923,2.3991,1719687.0
2025-03-22 06:30:00+00:00,2.3992,2.405,2.3957,2.4033,1066214.0
2025-03-22 07:00:00+00:00,2.4033,2.4077,2.402,2.4044,1290513.0
2025-03-22 07:30:00+00:00,2.4044,2.4133,2.3991,2.4014,1553389.0
2025-03-22 08:00:00+00:00,2.4015,2.4035,2.3983,2.3998,1009665.0
2025-03-22 08:30:00+00:00,2.3998,2.4057,2.3948,2.404,1790441.0
2025-03-22 09:00:00+00:00,2.404,2.411,2.4016,2.4081,1567847.0
2025-03-22 09:30:00+00:00,2.4081,2.417,2.4055,2.4059,1842740.0
2025-03-22 10:00:00+00:00,2.4059,2.4089,2.402,2.402,1052667.0
2025-03-22 10:30:00+00:00,2.4021,2.4057,2.3952,2.3966,1626402.0
2025-03-22 11:00:00+00:00,2.3965,2.3983,2.3849,2.3924,2784313.0
2025-03-22 11:30:00+00:00,2.3923,2.3951,2.3885,2.3939,1405031.0
2025-03-22 12:00:00+00:00,2.3938,2.3962,2.3887,2.3929,1187741.0
2025-03-22 12:30:00+00:00,2.3929,2.397,2.3875,2.3948,905886.0
2025-03-22 13:00:00+00:00,2.3949,2.3963,2.3784,2.3814,1713495.0
2025-03-22 13:30:00+00:00,2.3815,2.3886,2.3776,2.3882,1044356.0
2025-03-22 14:00:00+00:00,2.3881,2.3881,2.3751,2.3774,1309404.0
2025-03-22 14:30:00+00:00,2.3774,2.3774,2.3689,2.3705,2194641.0
2025-03-22 15:00:00+00:00,2.3706,2.3781,2.3693,2.3717,1371308.0
2025-03-22 15:30:00+00:00,2.3716,2.3797,2.3668,2.378,1575278.0
2025-03-22 16:00:00+00:00,2.3779,2.3871,2.3733,2.3857,2020876.0
2025-03-22 16:30:00+00:00,2.3857,2.3867,2.3776,2.3842,989623.0
2025-03-22 17:00:00+00:00,2.3843,2.3879,2.3805,2.3855,1553265.0
2025-03-22 17:30:00+00:00,2.3854,2.3926,2.3828,2.3921,1996815.0
2025-03-22 18:00:00+00:00,2.3921,2.3932,2.3861,2.3869,1013726.0
2025-03-22 18:30:00+00:00,2.3869,2.3916,2.3847,2.3879,968188.0
2025-03-22 19:00:00+00:00,2.3879,2.388,2.3817,2.3859,1265511.0
2025-03-22 19:30:00+00:00,2.386,2.3894,2.3784,2.3811,1229154.0
2025-03-22 20:00:00+00:00,2.3811,2.3839,2.3756,2.3789,1208904.0
2025-03-22 20:30:00+00:00,2.3789,2.3823,2.3721,2.3721,1194132.0
2025-03-22 21:00:00+00:00,2.3722,2.3753,2.3635,2.3685,2459806.0
2025-03-22 21:30:00+00:00,2.3685,2.3722,2.3594,2.3685,2708362.0
2025-03-22 22:00:00+00:00,2.3684,2.3762,2.367,2.3723,1379014.0
2025-03-22 22:30:00+00:00,2.3723,2.3748,2.3637,2.3657,830090.0
2025-03-22 23:00:00+00:00,2.3656,2.3688,2.3598,2.3661,1348152.0
2025-03-22 23:30:00+00:00,2.366,2.372,2.3618,2.3711,1571136.0
2025-03-23 00:00:00+00:00,2.3712,2.379,2.365,2.3753,1710160.0
2025-03-23 00:30:00+00:00,2.3753,2.3794,2.3713,2.3747,1461267.0
2025-03-23 01:00:00+00:00,2.3747,2.3812,2.369,2.378,1497001.0
2025-03-23 01:30:00+00:00,2.378,2.3844,2.3771,2.38,1408959.0
2025-03-23 02:00:00+00:00,2.38,2.3808,2.3741,2.379,1212482.0
2025-03-23 02:30:00+00:00,2.379,2.3886,2.3784,2.3864,1475561.0
2025-03-23 03:00:00+00:00,2.3863,2.3897,2.3831,2.3896,1070770.0
2025-03-23 03:30:00+00:00,2.3896,2.3925,2.3869,2.3884,1208458.0
2025-03-23 04:00:00+00:00,2.3884,2.3906,2.3817,2.3863,1255602.0
2025-03-23 04:30:00+00:00,2.3863,2.3879,2.3796,2.3813,1123991.0
2025-03-23 05:00:00+00:00,2.3814,2.3847,2.377,2.3794,1047903.0
2025-03-23 05:30:00+00:00,2.3794,2.3883,2.3776,2.3883,1296614.0
2025-03-23 06:00:00+00:00,2.3882,2.3916,2.3855,2.3884,1565094.0
2025-03-23 06:30:00+00:00,2.3884,2.3935,2.386,2.3914,976338.0
2025-03-23 07:00:00+00:00,2.3915,2.3984,2.3909,2.3983,1032916.0
2025-03-23 07:30:00+00:00,2.3984,2.4015,2.3944,2.3954,1650582.0
2025-03-23 08:00:00+00:00,2.3954,2.3964,2.3889,2.3904,1278403.0
2025-03-23 08:30:00+00:00,2.3903,2.3943,2.39,2.3941,706967.0
2025-03-23 09:00:00+00:00,2.3942,2.3995,2.3923,2.3928,1534628.0
2025-03-23 09:30:00+00:00,2.3928,2.3948,2.385,2.3872,1332446.0
2025-03-23 10:00:00+00:00,2.3872,2.3914,2.3849,2.3893,1019914.0
2025-03-23 10:30:00+00:00,2.3893,2.398,2.387,2.3959,2468931.0
2025-03-23 11:00:00+00:00,2.3959,2.4282,2.3959,2.4159,7097269.0
2025-03-23 11:30:00+00:00,2.4159,2.4175,2.4028,2.4052,2605458.0
2025-03-23 12:00:00+00:00,2.4051,2.4113,2.396,2.3996,2254189.0
2025-03-23 12:30:00+00:00,2.3996,2.4064,2.3989,2.4027,947551.0
2025-03-23 13:00:00+00:00,2.4026,2.4095,2.3938,2.4089,1392372.0
2025-03-23 13:30:00+00:00,2.4089,2.4204,2.4077,2.4181,2584153.0
2025-03-23 14:00:00+00:00,2.4181,2.4236,2.4059,2.4083,3450963.0
2025-03-23 14:30:00+00:00,2.4082,2.417,2.4081,2.4091,1542475.0
2025-03-23 15:00:00+00:00,2.4091,2.4167,2.4028,2.4123,1799596.0
2025-03-23 15:30:00+00:00,2.4123,2.4197,2.4096,2.4133,1218175.0
2025-03-23 16:00:00+00:00,2.4133,2.4174,2.4062,2.4119,1282697.0
2025-03-23 16:30:00+00:00,2.4119,2.4129,2.3946,2.4004,2699057.0
2025-03-23 17:00:00+00:00,2.4005,2.4104,2.4,2.4095,993286.0
2025-03-23 17:30:00+00:00,2.4095,2.4106,2.394,2.4005,1601638.0
2025-03-23 18:00:00+00:00,2.4005,2.4015,2.3859,2.3864,1635873.0
2025-03-23 18:30:00+00:00,2.3865,2.3977,2.3865,2.3909,1167173.0
2025-03-23 19:00:00+00:00,2.3909,2.3973,2.3874,2.3946,728771.0
2025-03-23 19:30:00+00:00,2.3946,2.4025,2.3912,2.4003,1370971.0
2025-03-23 20:00:00+00:00,2.4004,2.4087,2.4001,2.4086,732993.0
2025-03-23 20:30:00+00:00,2.4086,2.409,2.4003,2.4019,843655.0
2025-03-23 21:00:00+00:00,2.4019,2.402,2.3881,2.3908,1346641.0
2025-03-23 21:30:00+00:00,2.3908,2.4018,2.3907,2.4011,685383.0
2025-03-23 22:00:00+00:00,2.4011,2.427,2.4003,2.4185,4213912.0
2025-03-23 22:30:00+00:00,2.4185,2.4188,2.4086,2.4175,1712541.0
2025-03-23 23:00:00+00:00,2.4175,2.4293,2.4174,2.428,2815312.0
2025-03-23 23:30:00+00:00,2.4279,2.4409,2.4267,2.4393,4114555.0
2025-03-24 00:00:00+00:00,2.4392,2.4432,2.4251,2.4432,3214418.0
2025-03-24 00:30:00+00:00,2.4432,2.4578,2.4337,2.4353,4540203.0
2025-03-24 01:00:00+00:00,2.4354,2.4369,2.4179,2.4186,3879137.0
2025-03-24 01:30:00+00:00,2.4186,2.4236,2.4134,2.4154,1980147.0
2025-03-24 02:00:00+00:00,2.4153,2.4276,2.4139,2.4219,2473334.0
2025-03-24 02:30:00+00:00,2.4219,2.4357,2.4193,2.4314,1370625.0
2025-03-24 03:00:00+00:00,2.4313,2.455,2.4304,2.4451,4082431.0
2025-03-24 03:30:00+00:00,2.445,2.4478,2.4371,2.4434,2091963.0
2025-03-24 04:00:00+00:00,2.4434,2.4587,2.4433,2.4508,3415360.0
2025-03-24 04:30:00+00:00,2.4509,2.4547,2.4467,2.4514,3024685.0
2025-03-24 05:00:00+00:00,2.4514,2.4666,2.4501,2.4659,4315722.0
2025-03-24 05:30:00+00:00,2.4659,2.4694,2.4492,2.4523,3767485.0
2025-03-24 06:00:00+00:00,2.4524,2.4679,2.4524,2.4613,3536158.0
2025-03-24 06:30:00+00:00,2.4614,2.4627,2.4551,2.4571,2202430.0
2025-03-24 07:00:00+00:00,2.457,2.4653,2.4531,2.4556,3765107.0
2025-03-24 07:30:00+00:00,2.4556,2.4568,2.4383,2.4433,4338173.0
2025-03-24 08:00:00+00:00,2.4432,2.4558,2.443,2.4539,3918916.0
2025-03-24 08:30:00+00:00,2.4538,2.4686,2.4472,2.4624,3567169.0
2025-03-24 09:00:00+00:00,2.4624,2.4663,2.4531,2.455,2553206.0
2025-03-24 09:30:00+00:00,2.4551,2.4654,2.4543,2.4628,1920336.0
2025-03-24 10:00:00+00:00,2.4628,2.4757,2.4597,2.4687,2916301.0
2025-03-24 10:30:00+00:00,2.4686,2.4772,2.4676,2.4706,3418248.0
2025-03-24 11:00:00+00:00,2.4706,2.4715,2.4555,2.4581,2344987.0
2025-03-24 11:30:00+00:00,2.4581,2.4658,2.4572,2.4594,2135197.0
2025-03-24 12:00:00+00:00,2.4595,2.4608,2.4481,2.4519,3108792.0
2025-03-24 12:30:00+00:00,2.4518,2.4599,2.4516,2.4542,1971182.0
2025-03-24 13:00:00+00:00,2.4541,2.4543,2.4422,2.4493,2507548.0
2025-03-24 13:30:00+00:00,2.4492,2.4597,2.4479,2.4569,3231926.0
2025-03-24 14:00:00+00:00,2.4568,2.5044,2.455,2.4781,10954449.0
2025-03-24 14:30:00+00:00,2.4781,2.4805,2.4643,2.468,4083911.0
2025-03-24 15:00:00+00:00,2.468,2.4782,2.4604,2.4691,2818100.0
2025-03-24 15:30:00+00:00,2.469,2.4766,2.4667,2.4738,2043206.0
2025-03-24 16:00:00+00:00,2.4738,2.475,2.4493,2.45,3120308.0
2025-03-24 16:30:00+00:00,2.45,2.4591,2.4459,2.4588,2859199.0
2025-03-24 17:00:00+00:00,2.4589,2.4731,2.4543,2.4726,4535217.0
2025-03-24 17:30:00+00:00,2.4726,2.4752,2.4646,2.4692,3102958.0
2025-03-24 18:00:00+00:00,2.4692,2.4693,2.461,2.4645,1760713.0
2025-03-24 18:30:00+00:00,2.4645,2.4766,2.458,2.4742,2022464.0
2025-03-24 19:00:00+00:00,2.4743,2.4758,2.4685,2.4714,1919191.0
2025-03-24 19:30:00+00:00,2.4713,2.4713,2.4621,2.4653,1233254.0
2025-03-24 20:00:00+00:00,2.4653,2.477,2.4636,2.4721,1384302.0
2025-03-24 20:30:00+00:00,2.472,2.472,2.4546,2.4584,1967866.0
2025-03-24 21:00:00+00:00,2.4584,2.4687,2.4576,2.4669,1256280.0
2025-03-24 21:30:00+00:00,2.4669,2.468,2.455,2.459,1366722.0
2025-03-24 22:00:00+00:00,2.459,2.461,2.4456,2.4522,2012237.0
2025-03-24 22:30:00+00:00,2.4521,2.457,2.4456,2.4489,1735214.0
2025-03-24 23:00:00+00:00,2.4488,2.4495,2.4273,2.4349,3326294.0
2025-03-24 23:30:00+00:00,2.435,2.452,2.4349,2.4501,1498319.0
2025-03-25 00:00:00+00:00,2.4501,2.4665,2.4424,2.4582,2980238.0
2025-03-25 00:30:00+00:00,2.4582,2.4655,2.4512,2.4536,3461361.0
2025-03-25 01:00:00+00:00,2.4536,2.4536,2.4351,2.4358,2633764.0
2025-03-25 01:30:00+00:00,2.4357,2.4434,2.4271,2.4369,2115208.0
2025-03-25 02:00:00+00:00,2.4369,2.4378,2.4278,2.4348,1475905.0
2025-03-25 02:30:00+00:00,2.4348,2.4348,2.4215,2.4254,1688096.0
2025-03-25 03:00:00+00:00,2.4255,2.4304,2.4144,2.4218,3163133.0
2025-03-25 03:30:00+00:00,2.4218,2.4246,2.4087,2.4142,3231304.0
2025-03-25 04:00:00+00:00,2.4142,2.4234,2.4071,2.4187,1774873.0
2025-03-25 04:30:00+00:00,2.4186,2.426,2.4165,2.4255,1388005.0
2025-03-25 05:00:00+00:00,2.4255,2.4297,2.423,2.4281,1579281.0
2025-03-25 05:30:00+00:00,2.428,2.4327,2.4263,2.4299,1072539.0
2025-03-25 06:00:00+00:00,2.43,2.4353,2.4193,2.4227,2449691.0
2025-03-25 06:30:00+00:00,2.4228,2.4238,2.4128,2.4146,2513894.0
2025-03-25 07:00:00+00:00,2.4145,2.4266,2.4141,2.4234,2198405.0
2025-03-25 07:30:00+00:00,2.4233,2.4237,2.4154,2.4227,966671.0
2025-03-25 08:00:00+00:00,2.4226,2.4297,2.4203,2.4286,1136055.0
2025-03-25 08:30:00+00:00,2.4286,2.4371,2.4279,2.4338,2366226.0
2025-03-25 09:00:00+00:00,2.4337,2.4373,2.4304,2.4334,1674515.0
2025-03-25 09:30:00+00:00,2.4335,2.4428,2.4331,2.4401,2557049.0
2025-03-25 10:00:00+00:00,2.44,2.4417,2.4331,2.4379,980124.0
2025-03-25 10:30:00+00:00,2.438,2.4476,2.4371,2.4431,1356213.0
2025-03-25 11:00:00+00:00,2.4431,2.4468,2.4366,2.4456,2217770.0
2025-03-25 11:30:00+00:00,2.4457,2.45,2.442,2.4446,1628357.0
2025-03-25 12:00:00+00:00,2.4447,2.4466,2.4378,2.4404,1762340.0
2025-03-25 12:30:00+00:00,2.4404,2.4452,2.4291,2.4315,2304340.0
2025-03-25 13:00:00+00:00,2.4316,2.4517,2.4304,2.4511,2810336.0
2025-03-25 13:30:00+00:00,2.4511,2.4578,2.4267,2.4402,3888636.0
2025-03-25 14:00:00+00:00,2.4403,2.446,2.4297,2.4417,2036822.0
2025-03-25 14:30:00+00:00,2.4417,2.4549,2.4391,2.4501,2992697.0
2025-03-25 15:00:00+00:00,2.4501,2.4555,2.44,2.4447,2648827.0
2025-03-25 15:30:00+00:00,2.4447,2.4477,2.435,2.4377,2406863.0
2025-03-25 16:00:00+00:00,2.4378,2.4442,2.434,2.4345,2675699.0
2025-03-25 16:30:00+00:00,2.4344,2.4355,2.4243,2.432,2253706.0
2025-03-25 17:00:00+00:00,2.432,2.4442,2.432,2.4421,2676476.0
2025-03-25 17:30:00+00:00,2.442,2.4783,2.4413,2.4638,8219762.0
2025-03-25 18:00:00+00:00,2.4638,2.4754,2.4543,2.4585,5055095.0
2025-03-25 18:30:00+00:00,2.4584,2.4595,2.4416,2.4519,2512498.0
2025-03-25 19:00:00+00:00,2.4518,2.4627,2.4517,2.4555,1487232.0
2025-03-25 19:30:00+00:00,2.4556,2.4626,2.4503,2.4592,1520739.0
2025-03-25 20:00:00+00:00,2.4592,2.47,2.456,2.4609,2221227.0
2025-03-25 20:30:00+00:00,2.4609,2.4615,2.45,2.4518,1224040.0
2025-03-25 21:00:00+00:00,2.4518,2.4616,2.4518,2.4521,1195866.0
2025-03-25 21:30:00+00:00,2.452,2.4538,2.4422,2.4432,1949776.0
2025-03-25 22:00:00+00:00,2.4431,2.447,2.4365,2.4391,1784788.0
2025-03-25 22:30:00+00:00,2.439,2.4453,2.4335,2.4441,1167328.0
2025-03-25 23:00:00+00:00,2.4441,2.4488,2.437,2.4485,912229.0
2025-03-25 23:30:00+00:00,2.4484,2.4527,2.4449,2.4492,990342.0
2025-03-26 00:00:00+00:00,2.4491,2.456,2.4432,2.4544,1438431.0
2025-03-26 00:30:00+00:00,2.4544,2.4578,2.4497,2.455,1810195.0
2025-03-26 01:00:00+00:00,2.4551,2.4794,2.454,2.4712,4540349.0
2025-03-26 01:30:00+00:00,2.4712,2.4779,2.4646,2.469,2768836.0
2025-03-26 02:00:00+00:00,2.4691,2.4722,2.4559,2.459,2077712.0
2025-03-26 02:30:00+00:00,2.4591,2.4624,2.4393,2.4413,3085042.0
2025-03-26 03:00:00+00:00,2.4413,2.4507,2.4401,2.4445,2132914.0
2025-03-26 03:30:00+00:00,2.4445,2.4446,2.4355,2.4383,1603619.0
2025-03-26 04:00:00+00:00,2.4383,2.4467,2.4354,2.4457,1136617.0
2025-03-26 04:30:00+00:00,2.4456,2.4506,2.4451,2.4484,906466.0
2025-03-26 05:00:00+00:00,2.4483,2.449,2.4426,2.4486,1122406.0
2025-03-26 05:30:00+00:00,2.4485,2.4587,2.4485,2.4561,1278181.0
2025-03-26 06:00:00+00:00,2.4561,2.4569,2.4494,2.4516,1225601.0
2025-03-26 06:30:00+00:00,2.4515,2.4574,2.4503,2.4557,1288150.0
2025-03-26 07:00:00+00:00,2.4557,2.4571,2.4503,2.456,1759634.0
2025-03-26 07:30:00+00:00,2.4559,2.4707,2.4559,2.465,5105114.0
2025-03-26 08:00:00+00:00,2.4651,2.4701,2.4617,2.469,2113307.0
2025-03-26 08:30:00+00:00,2.469,2.4723,2.4595,2.464,2177865.0
2025-03-26 09:00:00+00:00,2.464,2.4695,2.458,2.4694,1228909.0
2025-03-26 09:30:00+00:00,2.4694,2.4729,2.4605,2.4652,1640740.0
2025-03-26 10:00:00+00:00,2.4652,2.4693,2.4614,2.4667,1951438.0
2025-03-26 10:30:00+00:00,2.4668,2.4689,2.4601,2.4632,2741362.0
2025-03-26 11:00:00+00:00,2.4632,2.47,2.4629,2.4686,2812548.0
2025-03-26 11:30:00+00:00,2.4685,2.4693,2.4509,2.4567,5390084.0
2025-03-26 12:00:00+00:00,2.4567,2.4592,2.4456,2.4486,2263477.0
2025-03-26 12:30:00+00:00,2.4486,2.4525,2.4438,2.4524,2032659.0
2025-03-26 13:00:00+00:00,2.4524,2.4525,2.436,2.4378,3169715.0
2025-03-26 13:30:00+00:00,2.4378,2.4487,2.4127,2.4169,8508537.0
2025-03-26 14:00:00+00:00,2.4169,2.4296,2.4016,2.4109,7346414.0
2025-03-26 14:30:00+00:00,2.4109,2.4158,2.3952,2.4088,6682411.0
2025-03-26 15:00:00+00:00,2.4088,2.417,2.4063,2.4093,4129422.0
2025-03-26 15:30:00+00:00,2.4093,2.415,2.4013,2.4054,2477241.0
2025-03-26 16:00:00+00:00,2.4053,2.4135,2.3986,2.4082,2387221.0
2025-03-26 16:30:00+00:00,2.4082,2.4123,2.3992,2.4023,2042622.0
2025-03-26 17:00:00+00:00,2.4022,2.4058,2.3865,2.3876,4467075.0
2025-03-26 17:30:00+00:00,2.3876,2.3954,2.379,2.389,3716185.0
2025-03-26 18:00:00+00:00,2.389,2.3932,2.3833,2.3887,1593803.0
2025-03-26 18:30:00+00:00,2.3886,2.392,2.3673,2.3704,2704232.0
2025-03-26 19:00:00+00:00,2.3703,2.376,2.3584,2.3689,5458298.0
2025-03-26 19:30:00+00:00,2.369,2.3854,2.3661,2.3717,3061904.0
2025-03-26 20:00:00+00:00,2.3716,2.3826,2.3603,2.3801,3431689.0
2025-03-26 20:30:00+00:00,2.3801,2.3887,2.3789,2.3818,2462231.0
2025-03-26 21:00:00+00:00,2.3819,2.3838,2.3666,2.3716,2276702.0
2025-03-26 21:30:00+00:00,2.3716,2.3716,2.3333,2.3635,4955686.0
2025-03-26 22:00:00+00:00,2.3634,2.3636,2.3382,2.3405,3448090.0
2025-03-26 22:30:00+00:00,2.3405,2.3523,2.3405,2.3431,2495787.0
2025-03-26 23:00:00+00:00,2.3431,2.3438,2.328,2.3396,3319345.0
2025-03-26 23:30:00+00:00,2.3395,2.3516,2.3388,2.3494,3046816.0
2025-03-27 00:00:00+00:00,2.3494,2.3593,2.3451,2.3589,4057034.0
2025-03-27 00:30:00+00:00,2.359,2.3699,2.3576,2.3658,4801046.0
2025-03-27 01:00:00+00:00,2.3658,2.373,2.3604,2.3694,2654838.0
2025-03-27 01:30:00+00:00,2.3694,2.3742,2.3644,2.371,2435214.0
2025-03-27 02:00:00+00:00,2.371,2.3821,2.3693,2.3777,2683970.0
2025-03-27 02:30:00+00:00,2.3777,2.39,2.3759,2.3846,1716113.0
2025-03-27 03:00:00+00:00,2.3846,2.3859,2.3759,2.3798,1385204.0
2025-03-27 03:30:00+00:00,2.3797,2.3851,2.3763,2.378,1076325.0
2025-03-27 04:00:00+00:00,2.3781,2.3785,2.3693,2.3771,2027990.0
2025-03-27 04:30:00+00:00,2.377,2.3807,2.3724,2.3747,1386399.0
2025-03-27 05:00:00+00:00,2.3746,2.3746,2.3664,2.3701,1191422.0
2025-03-27 05:30:00+00:00,2.37,2.37,2.3554,2.3575,2419584.0
2025-03-27 06:00:00+00:00,2.3575,2.3692,2.3559,2.3681,1547648.0
2025-03-27 06:30:00+00:00,2.3681,2.3699,2.3572,2.3607,2266220.0
2025-03-27 07:00:00+00:00,2.3608,2.3648,2.3556,2.359,2756248.0
2025-03-27 07:30:00+00:00,2.359,2.3696,2.3519,2.3645,3344152.0
2025-03-27 08:00:00+00:00,2.3645,2.3777,2.3618,2.3753,2318504.0
2025-03-27 08:30:00+00:00,2.3753,2.3799,2.3681,2.3717,1777677.0
2025-03-27 09:00:00+00:00,2.3718,2.3756,2.3651,2.3656,1148527.0
2025-03-27 09:30:00+00:00,2.3656,2.3767,2.3645,2.3717,1557535.0
2025-03-27 10:00:00+00:00,2.3716,2.3775,2.3674,2.3675,1328409.0
2025-03-27 10:30:00+00:00,2.3675,2.37,2.354,2.3572,1927862.0
2025-03-27 11:00:00+00:00,2.3572,2.3666,2.3497,2.3509,2011171.0
2025-03-27 11:30:00+00:00,2.3508,2.3565,2.3392,2.3432,3469375.0
2025-03-27 12:00:00+00:00,2.3431,2.3433,2.324,2.3407,6023201.0
2025-03-27 12:30:00+00:00,2.3407,2.3477,2.3352,2.337,2588121.0
2025-03-27 13:00:00+00:00,2.337,2.3463,2.3189,2.3259,4111837.0
2025-03-27 13:30:00+00:00,2.3258,2.3326,2.3021,2.3254,8368581.0
2025-03-27 14:00:00+00:00,2.3253,2.336,2.3185,2.3354,3291948.0
2025-03-27 14:30:00+00:00,2.3353,2.365,2.3347,2.3631,5662363.0
2025-03-27 15:00:00+00:00,2.3632,2.367,2.3556,2.3569,4448473.0
2025-03-27 15:30:00+00:00,2.3569,2.3576,2.338,2.3402,2759260.0
2025-03-27 16:00:00+00:00,2.3401,2.3522,2.3352,2.3398,2382809.0
2025-03-27 16:30:00+00:00,2.3397,2.3506,2.3318,2.3338,1936517.0
2025-03-27 17:00:00+00:00,2.3338,2.34,2.3298,2.3334,2432158.0
2025-03-27 17:30:00+00:00,2.3333,2.335,2.32,2.3219,2853026.0
2025-03-27 18:00:00+00:00,2.3218,2.3424,2.3193,2.337,2584385.0
2025-03-27 18:30:00+00:00,2.337,2.3562,2.3367,2.351,2729650.0
2025-03-27 19:00:00+00:00,2.3511,2.3564,2.3445,2.3517,2245150.0
2025-03-27 19:30:00+00:00,2.3517,2.3541,2.3385,2.3396,2162383.0
2025-03-27 20:00:00+00:00,2.3395,2.3408,2.3292,2.3383,2198742.0
2025-03-27 20:30:00+00:00,2.3383,2.3454,2.3362,2.339,1270564.0
2025-03-27 21:00:00+00:00,2.339,2.355,2.3313,2.3492,1454608.0
2025-03-27 21:30:00+00:00,2.3491,2.36,2.3466,2.3536,1525847.0
2025-03-27 22:00:00+00:00,2.3535,2.357,2.3468,2.349,1476078.0
2025-03-27 22:30:00+00:00,2.349,2.3532,2.3471,2.3498,1031834.0
2025-03-27 23:00:00+00:00,2.3498,2.3506,2.3353,2.3413,2148004.0
2025-03-27 23:30:00+00:00,2.3414,2.3445,2.3346,2.341,932796.0
2025-03-28 00:00:00+00:00,2.3411,2.3414,2.3205,2.322,2002504.0
2025-03-28 00:30:00+00:00,2.322,2.3375,2.3077,2.3358,3047505.0
2025-03-28 01:00:00+00:00,2.3358,2.3363,2.3146,2.3245,2125882.0
2025-03-28 01:30:00+00:00,2.3246,2.3433,2.3219,2.329,2879823.0
2025-03-28 02:00:00+00:00,2.3291,2.3363,2.325,2.3268,1868585.0
2025-03-28 02:30:00+00:00,2.3269,2.3269,2.3129,2.3187,2944891.0
2025-03-28 03:00:00+00:00,2.3187,2.3199,2.3018,2.307,3950673.0
2025-03-28 03:30:00+00:00,2.3071,2.3126,2.3053,2.3104,1701992.0
2025-03-28 04:00:00+00:00,2.3104,2.314,2.3034,2.307,2171857.0
2025-03-28 04:30:00+00:00,2.307,2.307,2.2605,2.2757,14739214.0
2025-03-28 05:00:00+00:00,2.2757,2.2778,2.2542,2.2572,5251503.0
2025-03-28 05:30:00+00:00,2.2572,2.2653,2.2461,2.2525,5582007.0
2025-03-28 06:00:00+00:00,2.2525,2.2677,2.248,2.2652,3121410.0
2025-03-28 06:30:00+00:00,2.2652,2.2656,2.2375,2.2392,5615872.0
2025-03-28 07:00:00+00:00,2.2393,2.25,2.2364,2.2437,4476543.0
2025-03-28 07:30:00+00:00,2.2437,2.2465,2.2171,2.2208,7572966.0
2025-03-28 08:00:00+00:00,2.2209,2.243,2.2184,2.2259,5087770.0
2025-03-28 08:30:00+00:00,2.2258,2.239,2.2228,2.2328,3647109.0
2025-03-28 09:00:00+00:00,2.2327,2.2362,2.2183,2.232,4091593.0
2025-03-28 09:30:00+00:00,2.2321,2.2387,2.2216,2.2224,3358065.0
2025-03-28 10:00:00+00:00,2.2224,2.23,2.2168,2.2286,4015700.0
2025-03-28 10:30:00+00:00,2.2286,2.2307,2.2,2.2074,6159689.0
2025-03-28 11:00:00+00:00,2.2075,2.2159,2.1945,2.2091,8485363.0
2025-03-28 11:30:00+00:00,2.209,2.2281,2.2077,2.2271,5288010.0
2025-03-28 12:00:00+00:00,2.227,2.2409,2.2207,2.2403,5280002.0
2025-03-28 12:30:00+00:00,2.2402,2.2462,2.21,2.212,7673684.0
2025-03-28 13:00:00+00:00,2.2121,2.223,2.2075,2.2091,4813496.0
2025-03-28 13:30:00+00:00,2.2091,2.2186,2.19,2.1972,6146083.0
2025-03-28 14:00:00+00:00,2.1973,2.2037,2.1746,2.1952,10800277.0
2025-03-28 14:30:00+00:00,2.1952,2.2071,2.1919,2.1984,4671588.0
2025-03-28 15:00:00+00:00,2.1984,2.199,2.183,2.1859,5914269.0
2025-03-28 15:30:00+00:00,2.1859,2.1972,2.177,2.1785,4621496.0
2025-03-28 16:00:00+00:00,2.1785,2.1899,2.1742,2.184,5659607.0
2025-03-28 16:30:00+00:00,2.1841,2.1858,2.1535,2.1642,6758580.0
2025-03-28 17:00:00+00:00,2.1641,2.179,2.1605,2.1657,4876481.0
2025-03-28 17:30:00+00:00,2.1657,2.1811,2.1591,2.1806,2165510.0
2025-03-28 18:00:00+00:00,2.1807,2.1932,2.1791,2.1833,3432385.0
2025-03-28 18:30:00+00:00,2.1833,2.1918,2.1782,2.1833,2550911.0
2025-03-28 19:00:00+00:00,2.1833,2.1845,2.174,2.1769,1946803.0
2025-03-28 19:30:00+00:00,2.1769,2.1821,2.1694,2.1802,2690391.0
2025-03-28 20:00:00+00:00,2.1802,2.1928,2.1798,2.1915,2977975.0
2025-03-28 20:30:00+00:00,2.1915,2.1978,2.167,2.1732,3967987.0
2025-03-28 21:00:00+00:00,2.1733,2.1777,2.1587,2.1759,3656695.0
2025-03-28 21:30:00+00:00,2.1759,2.1863,2.1724,2.1827,1701767.0
2025-03-28 22:00:00+00:00,2.1827,2.1932,2.1821,2.1905,1738079.0
2025-03-28 22:30:00+00:00,2.1905,2.2068,2.1897,2.2067,2666573.0
2025-03-28 23:00:00+00:00,2.2067,2.2119,2.1965,2.1994,3859150.0
2025-03-28 23:30:00+00:00,2.1995,2.2078,2.197,2.2073,1633366.0
2025-03-29 00:00:00+00:00,2.2072,2.2179,2.2002,2.2151,3148933.0
2025-03-29 00:30:00+00:00,2.2151,2.2267,2.2038,2.2067,2940965.0
2025-03-29 01:00:00+00:00,2.2068,2.2174,2.1972,2.198,2173319.0
2025-03-29 01:30:00+00:00,2.198,2.2035,2.183,2.1918,2490350.0
2025-03-29 02:00:00+00:00,2.1918,2.199,2.1819,2.183,1858833.0
2025-03-29 02:30:00+00:00,2.183,2.1879,2.1605,2.1614,3090080.0
2025-03-29 03:00:00+00:00,2.1614,2.1658,2.129,2.1481,7683975.0
2025-03-29 03:30:00+00:00,2.1481,2.18,2.148,2.1763,2451552.0
2025-03-29 04:00:00+00:00,2.1763,2.1862,2.1624,2.167,2356782.0
2025-03-29 04:30:00+00:00,2.1669,2.173,2.1585,2.1666,1594940.0
2025-03-29 05:00:00+00:00,2.1665,2.1669,2.1439,2.1452,2353725.0
2025-03-29 05:30:00+00:00,2.1451,2.1571,2.14,2.1554,1985677.0
2025-03-29 06:00:00+00:00,2.1554,2.1558,2.1245,2.1311,4574083.0
2025-03-29 06:30:00+00:00,2.1311,2.1498,2.1304,2.1362,3180952.0
2025-03-29 07:00:00+00:00,2.1362,2.1387,2.1144,2.1373,4950754.0
2025-03-29 07:30:00+00:00,2.1373,2.1385,2.1112,2.1223,4310422.0
2025-03-29 08:00:00+00:00,2.1223,2.1357,2.1176,2.1289,4585084.0
2025-03-29 08:30:00+00:00,2.1288,2.1433,2.1288,2.1395,3236743.0
2025-03-29 09:00:00+00:00,2.1394,2.1434,2.1153,2.1174,3662892.0
2025-03-29 09:30:00+00:00,2.1175,2.1229,2.0871,2.1038,11223765.0
2025-03-29 10:00:00+00:00,2.1038,2.1072,2.0869,2.0935,5936326.0
2025-03-29 10:30:00+00:00,2.0934,2.0942,2.0707,2.0722,10325927.0
2025-03-29 11:00:00+00:00,2.0722,2.089,2.0625,2.0741,8365465.0
2025-03-29 11:30:00+00:00,2.0741,2.088,2.0607,2.0871,6703479.0
2025-03-29 12:00:00+00:00,2.088,2.1112,2.0817,2.1034,7239644.0
2025-03-29 12:30:00+00:00,2.1033,2.1096,2.0918,2.1035,4467285.0
2025-03-29 13:00:00+00:00,2.1034,2.1334,2.1028,2.1292,8021739.0
2025-03-29 13:30:00+00:00,2.1292,2.1409,2.1173,2.1384,4819297.0
2025-03-29 14:00:00+00:00,2.1384,2.1384,2.1094,2.1161,6055827.0
2025-03-29 14:30:00+00:00,2.116,2.1297,2.1139,2.1169,2542306.0
2025-03-29 15:00:00+00:00,2.1168,2.1279,2.1141,2.1192,2051872.0
2025-03-29 15:30:00+00:00,2.1192,2.1198,2.1052,2.1073,2077416.0
2025-03-29 16:00:00+00:00,2.1073,2.1193,2.1028,2.1068,2905740.0
2025-03-29 16:30:00+00:00,2.1068,2.1195,2.0927,2.097,3283179.0
2025-03-29 17:00:00+00:00,2.0969,2.1037,2.0717,2.1011,6097733.0
2025-03-29 17:30:00+00:00,2.1011,2.1363,2.0986,2.1123,7312953.0
2025-03-29 18:00:00+00:00,2.1122,2.1263,2.1088,2.1202,4278628.0
2025-03-29 18:30:00+00:00,2.1202,2.1335,2.1155,2.1193,3138267.0
2025-03-29 19:00:00+00:00,2.1193,2.1269,2.112,2.1199,1852843.0
2025-03-29 19:30:00+00:00,2.12,2.1329,2.1115,2.1328,1907687.0
2025-03-29 20:00:00+00:00,2.1327,2.1328,2.1171,2.1218,1617430.0
2025-03-29 20:30:00+00:00,2.1217,2.1272,2.102,2.1029,2928804.0
2025-03-29 21:00:00+00:00,2.1029,2.1256,2.1023,2.1127,2301416.0
2025-03-29 21:30:00+00:00,2.1126,2.1234,2.1026,2.1169,1236540.0
2025-03-29 22:00:00+00:00,2.1169,2.1265,2.1148,2.1255,1709043.0
2025-03-29 22:30:00+00:00,2.1255,2.1268,2.1107,2.1176,1345535.0
2025-03-29 23:00:00+00:00,2.1177,2.1294,2.1147,2.1281,1560170.0
2025-03-29 23:30:00+00:00,2.128,2.1426,2.124,2.1351,2408326.0
2025-03-30 00:00:00+00:00,2.1352,2.1403,2.1254,2.13,2217237.0
2025-03-30 00:30:00+00:00,2.1301,2.1382,2.1159,2.1352,1914951.0
2025-03-30 01:00:00+00:00,2.1351,2.1582,2.1337,2.1533,4786111.0
2025-03-30 01:30:00+00:00,2.1533,2.1671,2.1518,2.1654,4503537.0
2025-03-30 02:00:00+00:00,2.1654,2.1828,2.1632,2.1745,5218371.0
2025-03-30 02:30:00+00:00,2.1745,2.1973,2.1696,2.1907,4339882.0
2025-03-30 03:00:00+00:00,2.1908,2.2142,2.1876,2.211,6605539.0
2025-03-30 03:30:00+00:00,2.211,2.2125,2.1802,2.1824,5102963.0
2025-03-30 04:00:00+00:00,2.1823,2.1947,2.1771,2.1774,2543841.0
2025-03-30 04:30:00+00:00,2.1773,2.1886,2.1731,2.1783,2400656.0
2025-03-30 05:00:00+00:00,2.1783,2.19,2.1744,2.1872,2116118.0
2025-03-30 05:30:00+00:00,2.1873,2.1923,2.1758,2.1786,1646273.0
2025-03-30 06:00:00+00:00,2.1785,2.1788,2.1586,2.1647,3864523.0
2025-03-30 06:30:00+00:00,2.1648,2.1844,2.1648,2.1788,1647382.0
2025-03-30 07:00:00+00:00,2.1788,2.1938,2.1788,2.1887,2693328.0
2025-03-30 07:30:00+00:00,2.1887,2.1911,2.173,2.1758,2215240.0
2025-03-30 08:00:00+00:00,2.1758,2.1865,2.1744,2.1839,1136597.0
2025-03-30 08:30:00+00:00,2.1838,2.1988,2.1834,2.1965,2118898.0
2025-03-30 09:00:00+00:00,2.1966,2.1989,2.1879,2.1927,1782929.0
2025-03-30 09:30:00+00:00,2.1926,2.1945,2.1774,2.1796,2132737.0
2025-03-30 10:00:00+00:00,2.1796,2.1874,2.165,2.1681,3122553.0
2025-03-30 10:30:00+00:00,2.1681,2.1699,2.1538,2.16,3815930.0
2025-03-30 11:00:00+00:00,2.16,2.176,2.159,2.1641,2725789.0
2025-03-30 11:30:00+00:00,2.1641,2.1673,2.1568,2.1626,3065010.0
2025-03-30 12:00:00+00:00,2.1626,2.1692,2.1544,2.167,2632454.0
2025-03-30 12:30:00+00:00,2.167,2.1682,2.1529,2.1576,1929765.0
2025-03-30 13:00:00+00:00,2.1575,2.16,2.1427,2.1432,3162243.0
2025-03-30 13:30:00+00:00,2.1432,2.1471,2.1266,2.1283,8265259.0
2025-03-30 14:00:00+00:00,2.1283,2.145,2.123,2.1381,5129700.0
2025-03-30 14:30:00+00:00,2.1381,2.1523,2.1335,2.1436,3727465.0
2025-03-30 15:00:00+00:00,2.1437,2.1584,2.141,2.1466,2980883.0
2025-03-30 15:30:00+00:00,2.1466,2.1488,2.1361,2.1376,2202370.0
2025-03-30 16:00:00+00:00,2.1377,2.1466,2.1346,2.1351,1662748.0
2025-03-30 16:30:00+00:00,2.1351,2.1357,2.1166,2.1238,3666001.0
2025-03-30 17:00:00+00:00,2.1238,2.1386,2.115,2.133,2580334.0
2025-03-30 17:30:00+00:00,2.1331,2.1374,2.126,2.1311,1220633.0
2025-03-30 18:00:00+00:00,2.1312,2.1496,2.1298,2.1496,1833719.0
2025-03-30 18:30:00+00:00,2.1496,2.1614,2.1378,2.1599,3653059.0
2025-03-30 19:00:00+00:00,2.1599,2.1711,2.1486,2.1493,3073648.0
2025-03-30 19:30:00+00:00,2.1493,2.152,2.1415,2.1434,1013735.0
2025-03-30 20:00:00+00:00,2.1434,2.1487,2.1346,2.1423,1874269.0
2025-03-30 20:30:00+00:00,2.1422,2.1455,2.1321,2.1375,1542978.0
2025-03-30 21:00:00+00:00,2.1374,2.1568,2.1371,2.1518,1786585.0
2025-03-30 21:30:00+00:00,2.1517,2.1521,2.1223,2.1322,1835852.0
2025-03-30 22:00:00+00:00,2.1323,2.1338,2.1077,2.1326,6172116.0
2025-03-30 22:30:00+00:00,2.1327,2.1638,2.1313,2.1407,3825074.0
2025-03-30 23:00:00+00:00,2.1407,2.1419,2.1229,2.1231,1720069.0
2025-03-30 23:30:00+00:00,2.1229,2.1419,2.1205,2.1369,2229212.0
2025-03-31 00:00:00+00:00,2.1371,2.141,2.1088,2.1107,4326601.0
2025-03-31 00:30:00+00:00,2.1108,2.1111,2.0807,2.0913,10792461.0
2025-03-31 01:00:00+00:00,2.0913,2.1312,2.0876,2.124,4633511.0
2025-03-31 01:30:00+00:00,2.124,2.1247,2.1064,2.1202,3952623.0
2025-03-31 02:00:00+00:00,2.1203,2.1235,2.0916,2.0957,2715490.0
2025-03-31 02:30:00+00:00,2.0956,2.1229,2.0927,2.1034,3104521.0
2025-03-31 03:00:00+00:00,2.1034,2.1106,2.0864,2.0981,3125894.0
2025-03-31 03:30:00+00:00,2.0981,2.1017,2.079,2.0811,4951756.0
2025-03-31 04:00:00+00:00,2.0811,2.0932,2.0713,2.077,3821327.0
2025-03-31 04:30:00+00:00,2.0771,2.0973,2.0743,2.0886,3816624.0
2025-03-31 05:00:00+00:00,2.0887,2.1149,2.0872,2.1094,3326824.0
2025-03-31 05:30:00+00:00,2.1095,2.1107,2.0991,2.1015,1971142.0
2025-03-31 06:00:00+00:00,2.1016,2.1057,2.0766,2.0788,5253392.0
2025-03-31 06:30:00+00:00,2.0788,2.0859,2.0728,2.0791,4002726.0
2025-03-31 07:00:00+00:00,2.0792,2.0958,2.0591,2.0676,7990436.0
2025-03-31 07:30:00+00:00,2.0676,2.0694,2.0538,2.0654,5681941.0
2025-03-31 08:00:00+00:00,2.0654,2.0793,2.0594,2.0711,4303902.0
2025-03-31 08:30:00+00:00,2.0711,2.0785,2.0543,2.0554,4215298.0
2025-03-31 09:00:00+00:00,2.0555,2.0783,2.0496,2.0658,9079244.0
2025-03-31 09:30:00+00:00,2.0657,2.068,2.0338,2.0442,7666502.0
2025-03-31 10:00:00+00:00,2.0443,2.0526,2.0238,2.0493,8846609.0
2025-03-31 10:30:00+00:00,2.0493,2.0735,2.0404,2.0716,5950066.0
2025-03-31 11:00:00+00:00,2.0716,2.0765,2.0537,2.0539,4448787.0
2025-03-31 11:30:00+00:00,2.054,2.0943,2.0527,2.0826,5630597.0
2025-03-31 12:00:00+00:00,2.0827,2.09,2.07,2.0818,3572778.0
2025-03-31 12:30:00+00:00,2.0818,2.1211,2.078,2.1032,9439144.0
2025-03-31 13:00:00+00:00,2.1033,2.1148,2.0869,2.0894,5956512.0
2025-03-31 13:30:00+00:00,2.0894,2.0923,2.0594,2.0793,8379771.0
2025-03-31 14:00:00+00:00,2.0794,2.1116,2.0794,2.089,7750711.0
2025-03-31 14:30:00+00:00,2.0891,2.1233,2.089,2.1128,6701215.0
2025-03-31 15:00:00+00:00,2.1128,2.1374,2.1117,2.1295,7515137.0
2025-03-31 15:30:00+00:00,2.1296,2.1415,2.1175,2.1187,4444150.0
2025-03-31 16:00:00+00:00,2.1187,2.1319,2.1116,2.128,3428400.0
2025-03-31 16:30:00+00:00,2.128,2.1284,2.1095,2.1121,2640898.0
2025-03-31 17:00:00+00:00,2.1121,2.1263,2.105,2.11,2664392.0
2025-03-31 17:30:00+00:00,2.11,2.1122,2.0805,2.093,6451498.0
2025-03-31 18:00:00+00:00,2.0931,2.1132,2.0931,2.1126,2390573.0
2025-03-31 18:30:00+00:00,2.1127,2.125,2.1103,2.1152,2293807.0
2025-03-31 19:00:00+00:00,2.1152,2.124,2.1061,2.1067,1955801.0
2025-03-31 19:30:00+00:00,2.1067,2.1101,2.0889,2.0909,3483343.0
2025-03-31 20:00:00+00:00,2.0909,2.1052,2.0903,2.1024,2214142.0
2025-03-31 20:30:00+00:00,2.1025,2.1036,2.0847,2.086,2369913.0
2025-03-31 21:00:00+00:00,2.0861,2.0935,2.085,2.0888,1741803.0
2025-03-31 21:30:00+00:00,2.0888,2.0967,2.088,2.0898,932479.0
2025-03-31 22:00:00+00:00,2.0897,2.0897,2.0751,2.0792,4862285.0
2025-03-31 22:30:00+00:00,2.0793,2.0873,2.0752,2.0831,3375867.0
2025-03-31 23:00:00+00:00,2.083,2.0995,2.0816,2.0871,3205030.0
2025-03-31 23:30:00+00:00,2.087,2.0953,2.0838,2.0899,3981988.0
2025-04-01 00:00:00+00:00,2.0899,2.107,2.0852,2.0949,4381947.0
2025-04-01 00:30:00+00:00,2.0948,2.0958,2.0695,2.0784,3885330.0
2025-04-01 01:00:00+00:00,2.0783,2.0841,2.065,2.0831,2232731.0
2025-04-01 01:30:00+00:00,2.0831,2.0851,2.0745,2.0833,1201831.0
2025-04-01 02:00:00+00:00,2.0833,2.103,2.0828,2.0975,3114452.0
2025-04-01 02:30:00+00:00,2.0974,2.1104,2.0925,2.1099,3536373.0
2025-04-01 03:00:00+00:00,2.11,2.116,2.1,2.101,4379678.0
2025-04-01 03:30:00+00:00,2.1011,2.105,2.0945,2.098,1668348.0
2025-04-01 04:00:00+00:00,2.098,2.1043,2.0924,2.0972,1671322.0
2025-04-01 04:30:00+00:00,2.0972,2.1049,2.0972,2.1031,929828.0
2025-04-01 05:00:00+00:00,2.1031,2.119,2.0996,2.1178,2192914.0
2025-04-01 05:30:00+00:00,2.1178,2.12,2.1031,2.1032,2009535.0
2025-04-01 06:00:00+00:00,2.1032,2.1046,2.0936,2.0968,4026834.0
2025-04-01 06:30:00+00:00,2.0968,2.1068,2.0958,2.0993,4516244.0
2025-04-01 07:00:00+00:00,2.0993,2.1164,2.0892,2.093,6857354.0
2025-04-01 07:30:00+00:00,2.0931,2.105,2.0898,2.095,4411272.0
2025-04-01 08:00:00+00:00,2.0951,2.1351,2.0944,2.1347,8218144.0
2025-04-01 08:30:00+00:00,2.1347,2.1793,2.1319,2.1714,11629985.0
2025-04-01 09:00:00+00:00,2.1713,2.1999,2.1691,2.1732,13147663.0
2025-04-01 09:30:00+00:00,2.1732,2.19,2.1713,2.1863,5665432.0
2025-04-01 10:00:00+00:00,2.1863,2.188,2.1682,2.1694,5654481.0
2025-04-01 10:30:00+00:00,2.1694,2.1727,2.1482,2.1493,8031587.0
2025-04-01 11:00:00+00:00,2.1492,2.1522,2.1328,2.1391,7002698.0
2025-04-01 11:30:00+00:00,2.139,2.1407,2.1238,2.134,4724515.0
2025-04-01 12:00:00+00:00,2.134,2.1491,2.1331,2.1473,4559177.0
2025-04-01 12:30:00+00:00,2.1473,2.1499,2.1211,2.1326,4563108.0
2025-04-01 13:00:00+00:00,2.1327,2.1477,2.1315,2.1468,2304526.0
2025-04-01 13:30:00+00:00,2.147,2.1634,2.1331,2.152,5707597.0
2025-04-01 14:00:00+00:00,2.152,2.1544,2.0942,2.1094,11934554.0
2025-04-01 14:30:00+00:00,2.1095,2.1562,2.1084,2.1476,8700407.0
2025-04-01 15:00:00+00:00,2.1476,2.1828,2.1463,2.159,9433810.0
2025-04-01 15:30:00+00:00,2.1589,2.1712,2.1561,2.1591,5171966.0
2025-04-01 16:00:00+00:00,2.1591,2.1695,2.1467,2.1496,5427381.0
2025-04-01 16:30:00+00:00,2.1497,2.1566,2.1416,2.1509,3375981.0
2025-04-01 17:00:00+00:00,2.1508,2.1539,2.1386,2.1422,2325672.0
2025-04-01 17:30:00+00:00,2.1421,2.1517,2.1363,2.144,2517430.0
2025-04-01 18:00:00+00:00,2.1439,2.1449,2.121,2.1304,2941607.0
2025-04-01 18:30:00+00:00,2.1303,2.1414,2.1275,2.1343,1542767.0
2025-04-01 19:00:00+00:00,2.1342,2.1407,2.127,2.127,1323295.0
2025-04-01 19:30:00+00:00,2.127,2.1444,2.1264,2.1388,1782425.0
2025-04-01 20:00:00+00:00,2.1387,2.1444,2.1228,2.1256,1378772.0
2025-04-01 20:30:00+00:00,2.1257,2.1455,2.1213,2.1398,2311951.0
2025-04-01 21:00:00+00:00,2.1398,2.1511,2.136,2.1469,1758600.0
2025-04-01 21:30:00+00:00,2.1469,2.1519,2.1407,2.1436,1831767.0
2025-04-01 22:00:00+00:00,2.1437,2.1538,2.1386,2.1505,2166202.0
2025-04-01 22:30:00+00:00,2.1505,2.1529,2.1426,2.1439,2542776.0
2025-04-01 23:00:00+00:00,2.144,2.1443,2.127,2.1427,2356994.0
2025-04-01 23:30:00+00:00,2.1427,2.1492,2.1353,2.1387,3100696.0
2025-04-02 00:00:00+00:00,2.1387,2.1397,2.1235,2.1235,2476573.0
2025-04-02 00:30:00+00:00,2.1235,2.1323,2.11,2.1149,3495657.0
2025-04-02 01:00:00+00:00,2.115,2.1158,2.1032,2.1069,2682552.0
2025-04-02 01:30:00+00:00,2.107,2.1196,2.1047,2.1103,2536451.0
2025-04-02 02:00:00+00:00,2.1103,2.1131,2.085,2.0973,5758131.0
2025-04-02 02:30:00+00:00,2.0972,2.1006,2.0865,2.0945,2414858.0
2025-04-02 03:00:00+00:00,2.0945,2.1087,2.0933,2.103,2263611.0
2025-04-02 03:30:00+00:00,2.1031,2.1075,2.0933,2.0992,1355137.0
2025-04-02 04:00:00+00:00,2.0991,2.105,2.0975,2.1005,1424711.0
2025-04-02 04:30:00+00:00,2.1004,2.1012,2.0907,2.1004,2870729.0
2025-04-02 05:00:00+00:00,2.1004,2.1008,2.0797,2.0832,3933299.0
2025-04-02 05:30:00+00:00,2.0833,2.0895,2.072,2.0728,3878908.0
2025-04-02 06:00:00+00:00,2.0728,2.0843,2.0706,2.0821,3406844.0
2025-04-02 06:30:00+00:00,2.0821,2.0884,2.0682,2.0706,4136360.0
2025-04-02 07:00:00+00:00,2.0707,2.087,2.0672,2.0823,3475060.0
2025-04-02 07:30:00+00:00,2.0824,2.113,2.0818,2.109,6519638.0
2025-04-02 08:00:00+00:00,2.109,2.1236,2.0988,2.1171,4659582.0
2025-04-02 08:30:00+00:00,2.117,2.1239,2.1042,2.1059,2210558.0
2025-04-02 09:00:00+00:00,2.1059,2.1366,2.1049,2.1209,4288871.0
2025-04-02 09:30:00+00:00,2.121,2.1258,2.1135,2.1206,2053338.0
2025-04-02 10:00:00+00:00,2.1206,2.1306,2.1164,2.1251,2561870.0
2025-04-02 10:30:00+00:00,2.1251,2.1269,2.1098,2.1119,2041191.0
2025-04-02 11:00:00+00:00,2.112,2.121,2.1061,2.1202,3313228.0
2025-04-02 11:30:00+00:00,2.1203,2.1256,2.1123,2.1141,2175416.0
2025-04-02 12:00:00+00:00,2.114,2.1194,2.1039,2.104,2645125.0
2025-04-02 12:30:00+00:00,2.104,2.13,2.1034,2.1283,3504587.0
2025-04-02 13:00:00+00:00,2.1284,2.1295,2.1027,2.1048,2385562.0
2025-04-02 13:30:00+00:00,2.1049,2.1408,2.0983,2.1166,7536707.0
2025-04-02 14:00:00+00:00,2.1166,2.1318,2.103,2.1212,4453368.0
2025-04-02 14:30:00+00:00,2.1212,2.1303,2.1117,2.1263,3163621.0
2025-04-02 15:00:00+00:00,2.1262,2.1509,2.124,2.143,6274090.0
2025-04-02 15:30:00+00:00,2.143,2.1955,2.1426,2.1727,38045420.0
2025-04-02 16:00:00+00:00,2.1727,2.1803,2.1672,2.1771,6597465.0
2025-04-02 16:30:00+00:00,2.1772,2.178,2.1588,2.1611,3926084.0
2025-04-02 17:00:00+00:00,2.161,2.1719,2.1451,2.1451,6808770.0
2025-04-02 17:30:00+00:00,2.1451,2.1489,2.131,2.1405,5161300.0
2025-04-02 18:00:00+00:00,2.1404,2.1461,2.1317,2.1353,3863643.0
2025-04-02 18:30:00+00:00,2.1352,2.1512,2.1349,2.1427,2013684.0
2025-04-02 19:00:00+00:00,2.1427,2.1479,2.1373,2.1461,2657839.0
2025-04-02 19:30:00+00:00,2.146,2.161,2.1411,2.1599,3298342.0
2025-04-02 20:00:00+00:00,2.1599,2.233,2.1146,2.1315,39527811.0
2025-04-02 20:30:00+00:00,2.1315,2.1443,2.1022,2.1264,16729978.0
2025-04-02 21:00:00+00:00,2.1265,2.1306,2.0845,2.092,11469869.0
2025-04-02 21:30:00+00:00,2.092,2.1056,2.085,2.1049,3487762.0
2025-04-02 22:00:00+00:00,2.1049,2.1049,2.0197,2.0323,18806082.0
2025-04-02 22:30:00+00:00,2.0322,2.0332,1.9841,2.0191,24717440.0
2025-04-02 23:00:00+00:00,2.019,2.0305,2.0009,2.0305,11376149.0
2025-04-02 23:30:00+00:00,2.0305,2.0419,2.0191,2.0237,8519511.0
2025-04-03 00:00:00+00:00,2.0237,2.059,2.0073,2.0461,14784858.0
2025-04-03 00:30:00+00:00,2.0462,2.064,2.0455,2.0635,7990814.0
2025-04-03 01:00:00+00:00,2.0636,2.0721,2.0538,2.0614,8604565.0
2025-04-03 01:30:00+00:00,2.0613,2.0665,2.0508,2.0556,8072603.0
2025-04-03 02:00:00+00:00,2.0555,2.0606,2.042,2.0514,6004535.0
2025-04-03 02:30:00+00:00,2.0514,2.0635,2.0488,2.0622,8823412.0
2025-04-03 03:00:00+00:00,2.0622,2.0628,2.0479,2.0581,8075959.0
2025-04-03 03:30:00+00:00,2.058,2.0638,2.0501,2.0633,4174143.0
2025-04-03 04:00:00+00:00,2.0634,2.0722,2.0562,2.0566,3824137.0
2025-04-03 04:30:00+00:00,2.0567,2.0805,2.0552,2.0746,4024746.0
2025-04-03 05:00:00+00:00,2.0746,2.082,2.0671,2.0702,2747277.0
2025-04-03 05:30:00+00:00,2.0702,2.0735,2.0569,2.058,3792823.0
2025-04-03 06:00:00+00:00,2.058,2.0619,2.0515,2.0524,4028343.0
2025-04-03 06:30:00+00:00,2.0524,2.055,2.0358,2.0408,8396008.0
2025-04-03 07:00:00+00:00,2.0408,2.0479,2.031,2.0473,5889869.0
2025-04-03 07:30:00+00:00,2.0474,2.0565,2.0331,2.0523,5905193.0
2025-04-03 08:00:00+00:00,2.0522,2.0578,2.0471,2.0475,5219668.0
2025-04-03 08:30:00+00:00,2.0474,2.0522,2.0413,2.0504,3781895.0
2025-04-03 09:00:00+00:00,2.0505,2.0527,2.0425,2.0439,3276660.0
2025-04-03 09:30:00+00:00,2.0439,2.0552,2.0405,2.0432,3047737.0
2025-04-03 10:00:00+00:00,2.0431,2.0463,2.0239,2.0281,6164029.0
2025-04-03 10:30:00+00:00,2.0281,2.0329,2.0139,2.0175,9550004.0
2025-04-03 11:00:00+00:00,2.0174,2.0318,2.0137,2.025,5699228.0
2025-04-03 11:30:00+00:00,2.025,2.0355,2.0198,2.0339,4697281.0
2025-04-03 12:00:00+00:00,2.034,2.0424,2.0152,2.0182,7191498.0
2025-04-03 12:30:00+00:00,2.0182,2.0225,1.9636,1.9739,23945903.0
2025-04-03 13:00:00+00:00,1.9739,2.0023,1.9652,2.0003,9790066.0
2025-04-03 13:30:00+00:00,2.0003,2.0255,1.9978,2.0093,8755490.0
2025-04-03 14:00:00+00:00,2.0093,2.0104,1.9816,2.0024,8306560.0
2025-04-03 14:30:00+00:00,2.0023,2.0051,1.96,1.9687,10553222.0
2025-04-03 15:00:00+00:00,1.9686,1.9974,1.9672,1.9932,8081314.0
2025-04-03 15:30:00+00:00,1.9931,2.0119,1.9905,2.0056,6901959.0
2025-04-03 16:00:00+00:00,2.0056,2.0174,1.9988,2.0145,4648200.0
2025-04-03 16:30:00+00:00,2.0144,2.0167,1.9917,1.9963,4801782.0
2025-04-03 17:00:00+00:00,1.9964,2.0162,1.9957,2.0111,3357414.0
2025-04-03 17:30:00+00:00,2.0111,2.0267,2.0069,2.0201,3750016.0
2025-04-03 18:00:00+00:00,2.0201,2.0235,2.0106,2.0209,2303067.0
2025-04-03 18:30:00+00:00,2.0209,2.052,2.0165,2.0449,6029704.0
2025-04-03 19:00:00+00:00,2.045,2.075,2.0419,2.047,5988510.0
2025-04-03 19:30:00+00:00,2.0469,2.057,2.0446,2.0538,2593278.0
2025-04-03 20:00:00+00:00,2.0539,2.0632,2.0384,2.0404,2900595.0
2025-04-03 20:30:00+00:00,2.0404,2.0594,2.0357,2.0561,2623906.0
2025-04-03 21:00:00+00:00,2.056,2.0647,2.0493,2.0538,2716213.0
2025-04-03 21:30:00+00:00,2.0538,2.0688,2.0446,2.062,1497038.0
2025-04-03 22:00:00+00:00,2.0619,2.0661,2.0535,2.061,2053124.0
2025-04-03 22:30:00+00:00,2.0609,2.067,2.0558,2.0579,2609629.0
2025-04-03 23:00:00+00:00,2.0579,2.0609,2.045,2.0538,2216543.0
2025-04-03 23:30:00+00:00,2.0538,2.0673,2.0532,2.0648,2858331.0
2025-04-04 00:00:00+00:00,2.0648,2.0724,2.0519,2.0643,3133515.0
2025-04-04 00:30:00+00:00,2.0643,2.0672,2.0468,2.051,1935380.0
2025-04-04 01:00:00+00:00,2.0511,2.0658,2.0484,2.0571,1852796.0
2025-04-04 01:30:00+00:00,2.0571,2.0571,2.0361,2.0405,2982493.0
2025-04-04 02:00:00+00:00,2.0406,2.0784,2.0406,2.0553,5547937.0
2025-04-04 02:30:00+00:00,2.0554,2.0682,2.0532,2.0584,3570985.0
2025-04-04 03:00:00+00:00,2.0584,2.0629,2.0471,2.0539,3676086.0
2025-04-04 03:30:00+00:00,2.054,2.0561,2.0458,2.0501,2287614.0
2025-04-04 04:00:00+00:00,2.0501,2.0543,2.0427,2.0535,2695102.0
2025-04-04 04:30:00+00:00,2.0535,2.0576,2.046,2.0469,1311354.0
2025-04-04 05:00:00+00:00,2.0469,2.066,2.0436,2.0643,2629111.0
2025-04-04 05:30:00+00:00,2.0643,2.0746,2.0617,2.0746,3456792.0
2025-04-04 06:00:00+00:00,2.0746,2.0774,2.0656,2.0676,3445852.0
2025-04-04 06:30:00+00:00,2.0675,2.0694,2.0536,2.0546,3371720.0
2025-04-04 07:00:00+00:00,2.0546,2.0759,2.0545,2.0724,3070348.0
2025-04-04 07:30:00+00:00,2.0723,2.095,2.0689,2.0905,6990811.0
2025-04-04 08:00:00+00:00,2.0905,2.1029,2.0893,2.0939,6068090.0
2025-04-04 08:30:00+00:00,2.0939,2.1011,2.0889,2.0946,3485638.0
2025-04-04 09:00:00+00:00,2.0946,2.0974,2.0866,2.0877,3292955.0
2025-04-04 09:30:00+00:00,2.0878,2.0962,2.0842,2.0944,3537574.0
2025-04-04 10:00:00+00:00,2.0944,2.0996,2.0579,2.0594,8845894.0
2025-04-04 10:30:00+00:00,2.0594,2.0684,2.0418,2.0475,8126005.0
2025-04-04 11:00:00+00:00,2.0475,2.0538,2.0179,2.0219,9789829.0
2025-04-04 11:30:00+00:00,2.0219,2.0488,2.016,2.0479,7199395.0
2025-04-04 12:00:00+00:00,2.0479,2.0546,2.0381,2.0468,4722538.0
2025-04-04 12:30:00+00:00,2.0467,2.0799,2.0429,2.0685,11085097.0
2025-04-04 13:00:00+00:00,2.0684,2.0825,2.0508,2.0532,6185896.0
2025-04-04 13:30:00+00:00,2.0532,2.1626,2.0413,2.1185,18420670.0
2025-04-04 14:00:00+00:00,2.1186,2.1382,2.0821,2.1048,14535025.0
2025-04-04 14:30:00+00:00,2.1047,2.1163,2.0781,2.1057,9618219.0
2025-04-04 15:00:00+00:00,2.1056,2.1516,2.104,2.1376,15882152.0
2025-04-04 15:30:00+00:00,2.1377,2.1537,2.1191,2.1226,10086784.0
2025-04-04 16:00:00+00:00,2.1227,2.1373,2.101,2.1088,8387762.0
2025-04-04 16:30:00+00:00,2.1087,2.1259,2.0986,2.1186,4548600.0
2025-04-04 17:00:00+00:00,2.1185,2.1246,2.1007,2.119,3667411.0
2025-04-04 17:30:00+00:00,2.1189,2.147,2.1125,2.1415,6730193.0
2025-04-04 18:00:00+00:00,2.1415,2.145,2.1228,2.1262,4697570.0
2025-04-04 18:30:00+00:00,2.1262,2.1318,2.1163,2.1195,2455462.0
2025-04-04 19:00:00+00:00,2.1195,2.1369,2.1143,2.1297,2267489.0
2025-04-04 19:30:00+00:00,2.1297,2.1367,2.1228,2.1285,2461097.0
2025-04-04 20:00:00+00:00,2.1284,2.1339,2.1128,2.123,2854578.0
2025-04-04 20:30:00+00:00,2.1231,2.1414,2.1212,2.1394,4689941.0
2025-04-04 21:00:00+00:00,2.1395,2.1482,2.1325,2.1367,3462769.0
2025-04-04 21:30:00+00:00,2.1367,2.1548,2.1283,2.1425,3835705.0
2025-04-04 22:00:00+00:00,2.1425,2.1501,2.1356,2.1419,2133554.0
2025-04-04 22:30:00+00:00,2.1419,2.1426,2.1348,2.1362,1105318.0
2025-04-04 23:00:00+00:00,2.1362,2.1383,2.1236,2.1259,1746282.0
2025-04-04 23:30:00+00:00,2.1259,2.1311,2.1192,2.1302,1655471.0
2025-04-05 00:00:00+00:00,2.1303,2.1315,2.1184,2.126,1551827.0
2025-04-05 00:30:00+00:00,2.126,2.138,2.1184,2.1346,1848962.0
2025-04-05 01:00:00+00:00,2.1346,2.1441,2.1303,2.1362,1903454.0
2025-04-05 01:30:00+00:00,2.1363,2.1382,2.1259,2.127,1013413.0
2025-04-05 02:00:00+00:00,2.1271,2.1295,2.1211,2.1225,848721.0
2025-04-05 02:30:00+00:00,2.1226,2.1264,2.117,2.1208,1181106.0
2025-04-05 03:00:00+00:00,2.1208,2.1234,2.1141,2.1151,914837.0
2025-04-05 03:30:00+00:00,2.1151,2.1212,2.1139,2.1175,762609.0
2025-04-05 04:00:00+00:00,2.1175,2.128,2.1175,2.128,687693.0
2025-04-05 04:30:00+00:00,2.128,2.128,2.1156,2.1194,726229.0
2025-04-05 05:00:00+00:00,2.1193,2.1349,2.1186,2.1343,1240915.0
2025-04-05 05:30:00+00:00,2.1343,2.1356,2.1268,2.1312,948560.0
2025-04-05 06:00:00+00:00,2.1313,2.14,2.13,2.134,1219151.0
2025-04-05 06:30:00+00:00,2.134,2.134,2.1232,2.1306,1143907.0
2025-04-05 07:00:00+00:00,2.1306,2.137,2.1237,2.1369,1056772.0
2025-04-05 07:30:00+00:00,2.1369,2.1378,2.1322,2.1366,1228725.0
2025-04-05 08:00:00+00:00,2.1365,2.1397,2.1277,2.1296,1326184.0
2025-04-05 08:30:00+00:00,2.1297,2.1355,2.1279,2.1336,924626.0
2025-04-05 09:00:00+00:00,2.1337,2.1387,2.1332,2.134,1021324.0
2025-04-05 09:30:00+00:00,2.1341,2.1466,2.132,2.1443,1995997.0
2025-04-05 10:00:00+00:00,2.1444,2.1597,2.1422,2.1591,4193441.0
2025-04-05 10:30:00+00:00,2.159,2.1633,2.1459,2.1552,2355527.0
2025-04-05 11:00:00+00:00,2.1553,2.1629,2.1497,2.1604,2796672.0
2025-04-05 11:30:00+00:00,2.1604,2.1705,2.154,2.1605,2994599.0
2025-04-05 12:00:00+00:00,2.1604,2.1728,2.1588,2.1701,2504215.0
2025-04-05 12:30:00+00:00,2.1701,2.1764,2.1417,2.149,6086323.0
2025-04-05 13:00:00+00:00,2.1491,2.1539,2.1254,2.1331,3803192.0
2025-04-05 13:30:00+00:00,2.133,2.1357,2.1217,2.1327,3307869.0
2025-04-05 14:00:00+00:00,2.1327,2.1478,2.1326,2.14,2136986.0
2025-04-05 14:30:00+00:00,2.1399,2.1439,2.1326,2.1344,1900555.0
2025-04-05 15:00:00+00:00,2.1343,2.1345,2.1221,2.1267,2056601.0
2025-04-05 15:30:00+00:00,2.1267,2.13,2.1173,2.1226,3390807.0
2025-04-05 16:00:00+00:00,2.1226,2.1314,2.1211,2.1253,2079971.0
2025-04-05 16:30:00+00:00,2.1253,2.1314,2.1163,2.1237,1722374.0
2025-04-05 17:00:00+00:00,2.1238,2.128,2.1177,2.1278,955180.0
2025-04-05 17:30:00+00:00,2.1279,2.1309,2.1236,2.1247,1165563.0
2025-04-05 18:00:00+00:00,2.1247,2.1387,2.1235,2.132,973627.0
2025-04-05 18:30:00+00:00,2.132,2.138,2.1303,2.1354,829304.0
2025-04-05 19:00:00+00:00,2.1354,2.1375,2.126,2.1267,787839.0
2025-04-05 19:30:00+00:00,2.1268,2.129,2.1166,2.1194,1315945.0
2025-04-05 20:00:00+00:00,2.1194,2.1303,2.1173,2.1273,861886.0
2025-04-05 20:30:00+00:00,2.1272,2.1341,2.1195,2.1294,1213687.0
2025-04-05 21:00:00+00:00,2.1294,2.135,2.123,2.1349,1352012.0
2025-04-05 21:30:00+00:00,2.135,2.1362,2.1261,2.128,894705.0
2025-04-05 22:00:00+00:00,2.128,2.1357,2.1274,2.1293,631861.0
2025-04-05 22:30:00+00:00,2.1293,2.135,2.1269,2.1348,787421.0
2025-04-05 23:00:00+00:00,2.1348,2.1413,2.1293,2.1401,1246990.0
2025-04-05 23:30:00+00:00,2.1401,2.1483,2.137,2.1442,1149245.0
2025-04-06 00:00:00+00:00,2.1443,2.1496,2.1377,2.1478,975767.0
2025-04-06 00:30:00+00:00,2.1479,2.1533,2.1448,2.1481,1513437.0
2025-04-06 01:00:00+00:00,2.1482,2.1592,2.1457,2.1551,1324581.0
2025-04-06 01:30:00+00:00,2.1552,2.1587,2.1434,2.1458,1266757.0
2025-04-06 02:00:00+00:00,2.1458,2.1471,2.1373,2.1397,967541.0
2025-04-06 02:30:00+00:00,2.1396,2.1411,2.1321,2.1322,776731.0
2025-04-06 03:00:00+00:00,2.1321,2.1362,2.125,2.1251,1527719.0
2025-04-06 03:30:00+00:00,2.125,2.1311,2.1231,2.1306,1122774.0
2025-04-06 04:00:00+00:00,2.1306,2.1322,2.1219,2.129,1470175.0
2025-04-06 04:30:00+00:00,2.1289,2.1365,2.1254,2.1343,1181776.0
2025-04-06 05:00:00+00:00,2.1344,2.138,2.1295,2.1323,1208098.0
2025-04-06 05:30:00+00:00,2.1323,2.1348,2.1253,2.1299,1101169.0
2025-04-06 06:00:00+00:00,2.13,2.1321,2.123,2.1285,1052620.0
2025-04-06 06:30:00+00:00,2.1284,2.1297,2.1092,2.1103,3934038.0
2025-04-06 07:00:00+00:00,2.1103,2.1121,2.097,2.0992,3129526.0
2025-04-06 07:30:00+00:00,2.0991,2.1016,2.0864,2.094,4907596.0
2025-04-06 08:00:00+00:00,2.094,2.0971,2.084,2.0882,2076666.0
2025-04-06 08:30:00+00:00,2.0883,2.1005,2.0877,2.1004,1800502.0
2025-04-06 09:00:00+00:00,2.1004,2.1019,2.0933,2.1014,1998986.0
2025-04-06 09:30:00+00:00,2.1014,2.1026,2.0939,2.0956,1171708.0
2025-04-06 10:00:00+00:00,2.0955,2.0975,2.0854,2.0868,2110032.0
2025-04-06 10:30:00+00:00,2.0868,2.0915,2.082,2.0894,1721406.0
2025-04-06 11:00:00+00:00,2.0893,2.0909,2.0777,2.0832,1818874.0
2025-04-06 11:30:00+00:00,2.0831,2.0895,2.08,2.0851,1471210.0
2025-04-06 12:00:00+00:00,2.0851,2.0914,2.0805,2.0825,1860576.0
2025-04-06 12:30:00+00:00,2.0825,2.0835,2.0665,2.0697,3258705.0
2025-04-06 13:00:00+00:00,2.0697,2.0743,2.0588,2.0606,3007293.0
2025-04-06 13:30:00+00:00,2.0605,2.0655,2.0471,2.0507,4684746.0
2025-04-06 14:00:00+00:00,2.0506,2.0738,2.0457,2.0638,3914957.0
2025-04-06 14:30:00+00:00,2.0638,2.0949,2.0625,2.0927,3251690.0
2025-04-06 15:00:00+00:00,2.0927,2.093,2.0737,2.0746,1859468.0
2025-04-06 15:30:00+00:00,2.0746,2.0833,2.0724,2.0746,2041337.0
2025-04-06 16:00:00+00:00,2.0745,2.0755,2.0632,2.0717,2244810.0
2025-04-06 16:30:00+00:00,2.0717,2.0747,2.0571,2.0597,2040338.0
2025-04-06 17:00:00+00:00,2.0596,2.0648,2.0463,2.0535,3081407.0
2025-04-06 17:30:00+00:00,2.0535,2.057,2.0259,2.0335,8671133.0
2025-04-06 18:00:00+00:00,2.0336,2.0373,2.0013,2.0013,12509117.0
2025-04-06 18:30:00+00:00,2.0014,2.0141,1.9758,1.996,16472604.0
2025-04-06 19:00:00+00:00,1.996,2.0097,1.9782,1.9995,10250446.0
2025-04-06 19:30:00+00:00,1.9995,2.006,1.9802,1.9953,7630781.0
2025-04-06 20:00:00+00:00,1.9953,2.0042,1.9831,1.9891,7279448.0
2025-04-06 20:30:00+00:00,1.9892,1.991,1.9382,1.9492,20833556.0
2025-04-06 21:00:00+00:00,1.9492,1.9959,1.9441,1.9753,10207766.0
2025-04-06 21:30:00+00:00,1.9753,1.9782,1.9502,1.954,4263041.0
2025-04-06 22:00:00+00:00,1.954,1.9782,1.9352,1.9602,17334261.0
2025-04-06 22:30:00+00:00,1.9601,1.9601,1.9059,1.9167,15326576.0
2025-04-06 23:00:00+00:00,1.9166,1.9224,1.8625,1.8674,23972414.0
2025-04-06 23:30:00+00:00,1.8674,1.9343,1.8665,1.9218,19680161.0
2025-04-07 00:00:00+00:00,1.9218,1.9304,1.8855,1.9131,11857786.0
2025-04-07 00:30:00+00:00,1.9132,1.9139,1.8664,1.9009,10689340.0
2025-04-07 01:00:00+00:00,1.9009,1.9542,1.9009,1.9372,13657496.0
2025-04-07 01:30:00+00:00,1.9372,1.9428,1.9123,1.9337,8800990.0
2025-04-07 02:00:00+00:00,1.9336,1.9394,1.9074,1.9091,7420614.0
2025-04-07 02:30:00+00:00,1.9091,1.9162,1.8929,1.8949,6069966.0
2025-04-07 03:00:00+00:00,1.8948,1.8977,1.8602,1.8773,10322646.0
2025-04-07 03:30:00+00:00,1.8772,1.8772,1.8,1.8235,26848758.0
2025-04-07 04:00:00+00:00,1.8235,1.8381,1.8037,1.8231,13306129.0
2025-04-07 04:30:00+00:00,1.8231,1.8269,1.7791,1.8031,16787505.0
2025-04-07 05:00:00+00:00,1.8031,1.8194,1.7822,1.7961,11862189.0
2025-04-07 05:30:00+00:00,1.7961,1.806,1.7504,1.7637,22391306.0
2025-04-07 06:00:00+00:00,1.7637,1.7838,1.6775,1.6819,32077242.0
2025-04-07 06:30:00+00:00,1.6819,1.7012,1.6134,1.6548,80993240.0
2025-04-07 07:00:00+00:00,1.6549,1.7117,1.6507,1.6784,39742826.0
2025-04-07 07:30:00+00:00,1.6784,1.7078,1.6666,1.6783,17402712.0
2025-04-07 08:00:00+00:00,1.6782,1.7482,1.6737,1.7451,30027568.0
2025-04-07 08:30:00+00:00,1.745,1.7979,1.7362,1.7658,29986127.0
2025-04-07 09:00:00+00:00,1.7657,1.7793,1.7393,1.7607,15539377.0
2025-04-07 09:30:00+00:00,1.7606,1.7875,1.7455,1.7516,16639724.0
2025-04-07 10:00:00+00:00,1.7515,1.8153,1.7462,1.7958,20944280.0
2025-04-07 10:30:00+00:00,1.7957,1.8064,1.7758,1.7825,12895170.0
2025-04-07 11:00:00+00:00,1.7826,1.8095,1.7788,1.786,10928136.0
2025-04-07 11:30:00+00:00,1.786,1.7871,1.7489,1.7653,11578008.0
2025-04-07 12:00:00+00:00,1.7654,1.8049,1.747,1.7999,11080332.0
2025-04-07 12:30:00+00:00,1.8,1.8098,1.7628,1.7972,18437472.0
2025-04-07 13:00:00+00:00,1.7971,1.8121,1.7785,1.7817,13088383.0
2025-04-07 13:30:00+00:00,1.7819,1.8847,1.748,1.8712,53363773.0
2025-04-07 14:00:00+00:00,1.8715,2.0109,1.8589,1.8795,96630795.0
2025-04-07 14:30:00+00:00,1.8795,1.9285,1.8508,1.8932,38825779.0
2025-04-07 15:00:00+00:00,1.8933,1.9131,1.8442,1.8593,24484648.0
2025-04-07 15:30:00+00:00,1.8596,1.8974,1.8594,1.8745,10941442.0
2025-04-07 16:00:00+00:00,1.8744,1.8803,1.8511,1.8758,10447920.0
2025-04-07 16:30:00+00:00,1.876,1.8892,1.8378,1.8417,10173820.0
2025-04-07 17:00:00+00:00,1.8416,1.893,1.8415,1.8916,14472169.0
2025-04-07 17:30:00+00:00,1.8915,1.9249,1.8848,1.9134,11880597.0
2025-04-07 18:00:00+00:00,1.9137,1.9223,1.8935,1.8943,9523856.0
2025-04-07 18:30:00+00:00,1.8944,1.9242,1.8886,1.891,6943870.0
2025-04-07 19:00:00+00:00,1.8912,1.912,1.8815,1.8889,6530386.0
2025-04-07 19:30:00+00:00,1.8888,1.9204,1.8849,1.889,6079909.0
2025-04-07 20:00:00+00:00,1.8893,1.9216,1.8886,1.9203,4552255.0
2025-04-07 20:30:00+00:00,1.9204,1.9503,1.9203,1.9311,8494444.0
2025-04-07 21:00:00+00:00,1.9311,1.933,1.904,1.9118,6052666.0
2025-04-07 21:30:00+00:00,1.9118,1.9325,1.8986,1.9112,4584564.0
2025-04-07 22:00:00+00:00,1.9114,1.9479,1.9103,1.9407,5666031.0
2025-04-07 22:30:00+00:00,1.9407,1.9413,1.9264,1.9308,3676229.0
2025-04-07 23:00:00+00:00,1.9307,1.9352,1.9074,1.9107,4244628.0
2025-04-07 23:30:00+00:00,1.9107,1.9153,1.8949,1.8987,3337131.0
2025-04-08 00:00:00+00:00,1.8986,1.9094,1.8888,1.8891,4462878.0
2025-04-08 00:30:00+00:00,1.8891,1.8902,1.8621,1.8666,8988917.0
2025-04-08 01:00:00+00:00,1.8666,1.8993,1.8594,1.8954,5198006.0
2025-04-08 01:30:00+00:00,1.8954,1.924,1.89,1.9196,5922245.0
2025-04-08 02:00:00+00:00,1.9196,1.9356,1.9115,1.9255,4633455.0
2025-04-08 02:30:00+00:00,1.9255,1.9255,1.9095,1.9121,3415599.0
2025-04-08 03:00:00+00:00,1.9121,1.9227,1.9022,1.9147,3556867.0
2025-04-08 03:30:00+00:00,1.9146,1.9157,1.8971,1.9043,2340063.0
2025-04-08 04:00:00+00:00,1.9043,1.9146,1.8962,1.9125,2055799.0
2025-04-08 04:30:00+00:00,1.9125,1.9192,1.9027,1.9167,3068611.0
2025-04-08 05:00:00+00:00,1.9166,1.9195,1.8806,1.8813,4073924.0
2025-04-08 05:30:00+00:00,1.8813,1.8951,1.8801,1.8937,2528711.0
2025-04-08 06:00:00+00:00,1.8936,1.8936,1.866,1.8722,6236759.0
2025-04-08 06:30:00+00:00,1.8723,1.8754,1.8576,1.8605,5874295.0
2025-04-08 07:00:00+00:00,1.8605,1.8695,1.8478,1.8663,6245424.0
2025-04-08 07:30:00+00:00,1.8662,1.871,1.8543,1.868,3473682.0
2025-04-08 08:00:00+00:00,1.8679,1.8704,1.8512,1.8569,3537904.0
2025-04-08 08:30:00+00:00,1.8569,1.8748,1.8569,1.8734,4847805.0
2025-04-08 09:00:00+00:00,1.8734,1.879,1.865,1.865,4090131.0
2025-04-08 09:30:00+00:00,1.8651,1.8889,1.8651,1.8754,4502376.0
2025-04-08 10:00:00+00:00,1.8755,1.8877,1.8717,1.884,2484199.0
2025-04-08 10:30:00+00:00,1.8839,1.8965,1.8809,1.8922,3315550.0
2025-04-08 11:00:00+00:00,1.8923,1.9171,1.8867,1.9171,5998163.0
2025-04-08 11:30:00+00:00,1.9171,1.9704,1.916,1.9596,17655045.0
2025-04-08 12:00:00+00:00,1.9596,1.973,1.9348,1.9422,15474498.0
2025-04-08 12:30:00+00:00,1.942,1.9595,1.9265,1.9527,6871838.0
2025-04-08 13:00:00+00:00,1.9526,1.9664,1.9434,1.9614,10318881.0
2025-04-08 13:30:00+00:00,1.9616,1.975,1.9376,1.9514,12870737.0
2025-04-08 14:00:00+00:00,1.9515,1.9674,1.929,1.9329,9455075.0
2025-04-08 14:30:00+00:00,1.9329,1.9393,1.8978,1.8986,12340988.0
2025-04-08 15:00:00+00:00,1.8986,1.9096,1.8908,1.9002,7828878.0
2025-04-08 15:30:00+00:00,1.9003,1.9163,1.8955,1.905,5590220.0
2025-04-08 16:00:00+00:00,1.9049,1.9097,1.8768,1.8933,7218059.0
2025-04-08 16:30:00+00:00,1.8932,1.8996,1.8558,1.8639,12511758.0
2025-04-08 17:00:00+00:00,1.8639,1.8687,1.8054,1.8104,16520396.0
2025-04-08 17:30:00+00:00,1.8104,1.8684,1.8091,1.8642,17995085.0
2025-04-08 18:00:00+00:00,1.8643,1.8765,1.8463,1.8598,7130228.0
2025-04-08 18:30:00+00:00,1.8598,1.8813,1.8488,1.8518,6331608.0
2025-04-08 19:00:00+00:00,1.852,1.8573,1.8225,1.8356,8576865.0
2025-04-08 19:30:00+00:00,1.8352,1.8364,1.8107,1.8256,9414608.0
2025-04-08 20:00:00+00:00,1.8255,1.8324,1.8103,1.816,5164394.0
2025-04-08 20:30:00+00:00,1.8158,1.8436,1.8156,1.8332,6475858.0
2025-04-08 21:00:00+00:00,1.8333,1.8398,1.8014,1.8023,6787004.0
2025-04-08 21:30:00+00:00,1.8022,1.8275,1.7966,1.8272,4350891.0
2025-04-08 22:00:00+00:00,1.8271,1.8282,1.7982,1.8081,5050160.0
2025-04-08 22:30:00+00:00,1.8082,1.8108,1.777,1.8039,8464484.0
2025-04-08 23:00:00+00:00,1.8038,1.8064,1.78,1.7911,5179757.0
2025-04-08 23:30:00+00:00,1.791,1.8005,1.7859,1.7963,4629666.0
2025-04-09 00:00:00+00:00,1.7965,1.8108,1.7787,1.8031,11763149.0
2025-04-09 00:30:00+00:00,1.803,1.8138,1.7755,1.784,7131030.0
2025-04-09 01:00:00+00:00,1.7841,1.7864,1.7218,1.7254,14668972.0
2025-04-09 01:30:00+00:00,1.7253,1.7876,1.7248,1.7797,13081634.0
2025-04-09 02:00:00+00:00,1.7799,1.7957,1.7688,1.7768,11793856.0
2025-04-09 02:30:00+00:00,1.777,1.793,1.7615,1.7676,8496056.0
2025-04-09 03:00:00+00:00,1.7676,1.775,1.7455,1.7465,5359641.0
2025-04-09 03:30:00+00:00,1.7464,1.7572,1.7396,1.7476,5622475.0
2025-04-09 04:00:00+00:00,1.7475,1.7868,1.7435,1.7683,11379719.0
2025-04-09 04:30:00+00:00,1.7682,1.8026,1.7671,1.7856,8292043.0
2025-04-09 05:00:00+00:00,1.7856,1.8171,1.7825,1.8096,8682409.0
2025-04-09 05:30:00+00:00,1.8096,1.813,1.7975,1.8021,7828851.0
2025-04-09 06:00:00+00:00,1.8021,1.8261,1.7997,1.8058,6457939.0
2025-04-09 06:30:00+00:00,1.8058,1.8148,1.7987,1.8018,4074076.0
2025-04-09 07:00:00+00:00,1.8018,1.8318,1.8005,1.8244,8877523.0
2025-04-09 07:30:00+00:00,1.8242,1.8386,1.8213,1.8317,6315667.0
2025-04-09 08:00:00+00:00,1.8318,1.8454,1.8225,1.8331,5360838.0
2025-04-09 08:30:00+00:00,1.8331,1.8333,1.8213,1.8284,2924073.0
2025-04-09 09:00:00+00:00,1.8285,1.8351,1.8226,1.8231,3444697.0
2025-04-09 09:30:00+00:00,1.8232,1.8303,1.8154,1.8273,3415759.0
2025-04-09 10:00:00+00:00,1.8273,1.8405,1.8215,1.8272,3478348.0
2025-04-09 10:30:00+00:00,1.8272,1.842,1.818,1.8341,4986936.0
2025-04-09 11:00:00+00:00,1.8341,1.8344,1.7874,1.7983,15515883.0
2025-04-09 11:30:00+00:00,1.7982,1.8015,1.7637,1.7818,13275074.0
2025-04-09 12:00:00+00:00,1.7818,1.7989,1.7745,1.7747,7211853.0
2025-04-09 12:30:00+00:00,1.7747,1.8086,1.765,1.7947,8007219.0
2025-04-09 13:00:00+00:00,1.7946,1.805,1.783,1.786,6161849.0
2025-04-09 13:30:00+00:00,1.786,1.8652,1.785,1.8236,21732027.0
2025-04-09 14:00:00+00:00,1.8236,1.848,1.816,1.834,13705416.0
2025-04-09 14:30:00+00:00,1.8339,1.846,1.8134,1.8146,7983812.0
2025-04-09 15:00:00+00:00,1.8147,1.8428,1.8139,1.8358,7852186.0
2025-04-09 15:30:00+00:00,1.8359,1.8419,1.8233,1.8287,5033345.0
2025-04-09 16:00:00+00:00,1.8289,1.8477,1.8237,1.8348,5369002.0
2025-04-09 16:30:00+00:00,1.8349,1.8663,1.8327,1.8636,7823524.0
2025-04-09 17:00:00+00:00,1.8636,2.0077,1.846,1.9886,60135168.0
2025-04-09 17:30:00+00:00,1.9889,2.0845,1.9807,2.0707,61012981.0
2025-04-09 18:00:00+00:00,2.0707,2.0858,2.0303,2.0406,24270251.0
2025-04-09 18:30:00+00:00,2.0406,2.0547,2.0024,2.0043,16384608.0
2025-04-09 19:00:00+00:00,2.0044,2.0442,2.0042,2.039,10105916.0
2025-04-09 19:30:00+00:00,2.039,2.051,2.0295,2.0389,7873290.0
2025-04-09 20:00:00+00:00,2.039,2.0533,2.0323,2.0354,5363251.0
2025-04-09 20:30:00+00:00,2.0355,2.0758,2.0321,2.0713,7485038.0
2025-04-09 21:00:00+00:00,2.0711,2.0897,2.0532,2.0865,15887166.0
2025-04-09 21:30:00+00:00,2.0864,2.089,2.0592,2.0784,6956423.0
2025-04-09 22:00:00+00:00,2.0783,2.0837,2.0683,2.0752,4176556.0
2025-04-09 22:30:00+00:00,2.0753,2.0794,2.06,2.0662,4081068.0
2025-04-09 23:00:00+00:00,2.0662,2.072,2.0473,2.055,6014549.0
2025-04-09 23:30:00+00:00,2.055,2.0592,2.0464,2.0529,4861768.0
2025-04-10 00:00:00+00:00,2.0529,2.0572,2.0254,2.0259,5972936.0
2025-04-10 00:30:00+00:00,2.0259,2.0325,2.0085,2.0301,7075864.0
2025-04-10 01:00:00+00:00,2.0301,2.0371,2.021,2.0242,3434885.0
2025-04-10 01:30:00+00:00,2.0242,2.0249,2.0125,2.0175,2933967.0
2025-04-10 02:00:00+00:00,2.0175,2.0311,2.0129,2.025,2752482.0
2025-04-10 02:30:00+00:00,2.025,2.0263,2.0075,2.0105,3643476.0
2025-04-10 03:00:00+00:00,2.0105,2.0117,1.9708,1.9882,8795512.0
2025-04-10 03:30:00+00:00,1.9881,2.0027,1.975,2.0027,4086176.0
2025-04-10 04:00:00+00:00,2.0027,2.0102,1.9787,1.9791,8744024.0
2025-04-10 04:30:00+00:00,1.9792,1.9997,1.975,1.9971,3213207.0
2025-04-10 05:00:00+00:00,1.997,2.0114,1.99,2.0089,3929670.0
2025-04-10 05:30:00+00:00,2.0089,2.0137,1.999,2.0053,4367209.0
2025-04-10 06:00:00+00:00,2.0053,2.0176,2.0047,2.007,3559517.0
2025-04-10 06:30:00+00:00,2.0071,2.0086,1.9883,1.9964,4968556.0
2025-04-10 07:00:00+00:00,1.9964,2.0078,1.992,1.9996,5759639.0
2025-04-10 07:30:00+00:00,1.9996,1.9996,1.9744,1.9903,4475414.0
2025-04-10 08:00:00+00:00,1.9903,2.0014,1.9833,1.9955,2341358.0
2025-04-10 08:30:00+00:00,1.9955,1.996,1.984,1.9893,2306027.0
2025-04-10 09:00:00+00:00,1.9893,2.008,1.9833,2.0024,2540617.0
2025-04-10 09:30:00+00:00,2.0023,2.0117,1.9985,2.01,2660905.0
2025-04-10 10:00:00+00:00,2.0099,2.0149,1.9982,2.0011,2876398.0
2025-04-10 10:30:00+00:00,2.0011,2.0059,1.9915,2.0038,2581891.0
2025-04-10 11:00:00+00:00,2.0038,2.0078,1.9835,1.9839,2202258.0
2025-04-10 11:30:00+00:00,1.9839,2.0018,1.9802,2.0,3267134.0
2025-04-10 12:00:00+00:00,1.9999,2.0366,1.989,2.0251,7768314.0
2025-04-10 12:30:00+00:00,2.0252,2.0449,1.9907,2.0001,10418585.0
2025-04-10 13:00:00+00:00,2.0002,2.0192,1.9897,2.0108,3987170.0
2025-04-10 13:30:00+00:00,2.0108,2.0188,1.9726,1.9923,9627683.0
2025-04-10 14:00:00+00:00,1.9922,2.0267,1.981,2.0141,8262726.0
2025-04-10 14:30:00+00:00,2.0141,2.0316,2.0013,2.004,4632325.0
2025-04-10 15:00:00+00:00,2.0039,2.0062,1.9572,1.9575,9152878.0
2025-04-10 15:30:00+00:00,1.9576,1.9606,1.9223,1.9338,16536338.0
2025-04-10 16:00:00+00:00,1.9338,1.9552,1.9235,1.9304,9434663.0
2025-04-10 16:30:00+00:00,1.9305,1.953,1.9285,1.952,4914230.0
2025-04-10 17:00:00+00:00,1.952,1.9656,1.9348,1.9514,5838696.0
2025-04-10 17:30:00+00:00,1.9514,1.9584,1.9384,1.9404,3140865.0
2025-04-10 18:00:00+00:00,1.9405,1.9645,1.9366,1.9634,3846986.0
2025-04-10 18:30:00+00:00,1.9634,1.9715,1.9528,1.9609,3448964.0
2025-04-10 19:00:00+00:00,1.9609,1.9684,1.9514,1.9523,2927017.0
2025-04-10 19:30:00+00:00,1.9523,1.9738,1.9514,1.9626,3010983.0
2025-04-10 20:00:00+00:00,1.9625,1.9771,1.9621,1.9681,2330334.0
2025-04-10 20:30:00+00:00,1.9682,1.9901,1.9674,1.9875,2748118.0
2025-04-10 21:00:00+00:00,1.9875,1.9976,1.975,1.9848,3017861.0
2025-04-10 21:30:00+00:00,1.9848,1.9877,1.9687,1.9738,1684263.0
2025-04-10 22:00:00+00:00,1.9739,1.9815,1.9662,1.9726,2521976.0
2025-04-10 22:30:00+00:00,1.9726,1.981,1.9689,1.9694,1433469.0
2025-04-10 23:00:00+00:00,1.9694,1.971,1.9583,1.9616,2948524.0
2025-04-10 23:30:00+00:00,1.9616,1.9774,1.9604,1.9658,2569458.0
2025-04-11 00:00:00+00:00,1.9657,1.9761,1.9616,1.9652,2582272.0
2025-04-11 00:30:00+00:00,1.9651,1.9705,1.9475,1.9514,3904064.0
2025-04-11 01:00:00+00:00,1.9514,1.9842,1.9506,1.9768,3549514.0
2025-04-11 01:30:00+00:00,1.9767,1.9991,1.9767,1.9946,3930084.0
2025-04-11 02:00:00+00:00,1.9946,2.0069,1.9822,2.0021,3694598.0
2025-04-11 02:30:00+00:00,2.002,2.0059,1.9888,1.9903,2407220.0
2025-04-11 03:00:00+00:00,1.9902,2.0007,1.9883,2.0001,1884415.0
2025-04-11 03:30:00+00:00,2.0001,2.0018,1.9947,2.0008,2158807.0
2025-04-11 04:00:00+00:00,2.0007,2.0123,1.9974,2.0098,4639835.0
2025-04-11 04:30:00+00:00,2.0099,2.012,2.0045,2.0097,1588836.0
2025-04-11 05:00:00+00:00,2.0098,2.0109,1.9951,2.0036,1851177.0
2025-04-11 05:30:00+00:00,2.0036,2.0076,1.993,2.0013,3099941.0
2025-04-11 06:00:00+00:00,2.0014,2.0137,1.9993,2.0001,3353580.0
2025-04-11 06:30:00+00:00,2.0,2.0048,1.9959,1.9988,2959984.0
2025-04-11 07:00:00+00:00,1.9987,2.0023,1.9912,1.9921,2339837.0
2025-04-11 07:30:00+00:00,1.992,2.0101,1.992,2.005,3177625.0
2025-04-11 08:00:00+00:00,2.0051,2.0242,1.996,2.0018,6035139.0
2025-04-11 08:30:00+00:00,2.0019,2.0144,1.9971,2.0068,2196645.0
2025-04-11 09:00:00+00:00,2.0068,2.0155,1.9984,2.0145,2511523.0
2025-04-11 09:30:00+00:00,2.0144,2.0231,2.0119,2.0227,3634093.0
2025-04-11 10:00:00+00:00,2.0226,2.024,2.0055,2.0204,5527553.0
2025-04-11 10:30:00+00:00,2.0204,2.034,2.0153,2.0184,4618000.0
2025-04-11 11:00:00+00:00,2.0183,2.021,2.01,2.0131,3382209.0
2025-04-11 11:30:00+00:00,2.0131,2.0165,2.0073,2.0095,2780091.0
2025-04-11 12:00:00+00:00,2.0096,2.0117,2.0001,2.0096,3158914.0
2025-04-11 12:30:00+00:00,2.0095,2.0215,1.997,2.0014,4864500.0
2025-04-11 13:00:00+00:00,2.0014,2.0048,1.9919,1.9983,3234229.0
2025-04-11 13:30:00+00:00,1.9984,2.0266,1.9925,2.0127,6726084.0
2025-04-11 14:00:00+00:00,2.0126,2.0126,1.9844,1.9887,10936224.0
2025-04-11 14:30:00+00:00,1.9887,2.0132,1.9872,1.9996,4583242.0
2025-04-11 15:00:00+00:00,1.9995,2.0087,1.9883,1.9982,3991133.0
2025-04-11 15:30:00+00:00,1.9983,2.0121,1.9974,2.0015,3090734.0
2025-04-11 16:00:00+00:00,2.0015,2.0043,1.993,1.9985,2173502.0
2025-04-11 16:30:00+00:00,1.9985,2.0176,1.9985,2.0105,3547316.0
2025-04-11 17:00:00+00:00,2.0106,2.0192,2.0082,2.0117,1881354.0
2025-04-11 17:30:00+00:00,2.0118,2.0459,2.0092,2.0402,7706926.0
2025-04-11 18:00:00+00:00,2.0402,2.0647,2.037,2.0644,8036118.0
2025-04-11 18:30:00+00:00,2.0644,2.0644,2.03,2.0376,6893981.0
2025-04-11 19:00:00+00:00,2.0376,2.0548,2.0374,2.048,4449389.0
2025-04-11 19:30:00+00:00,2.048,2.0503,2.0428,2.0448,1500410.0
2025-04-11 20:00:00+00:00,2.0447,2.0474,2.0365,2.0461,2587268.0
2025-04-11 20:30:00+00:00,2.0462,2.0529,2.0413,2.0442,1507468.0
2025-04-11 21:00:00+00:00,2.0441,2.0527,2.0396,2.0428,2260073.0
2025-04-11 21:30:00+00:00,2.0428,2.0428,2.027,2.0304,4491131.0
2025-04-11 22:00:00+00:00,2.0305,2.0342,2.0262,2.0318,2855781.0
2025-04-11 22:30:00+00:00,2.0319,2.0326,2.0214,2.0221,3171482.0
2025-04-11 23:00:00+00:00,2.0222,2.0222,2.013,2.013,1759641.0
2025-04-11 23:30:00+00:00,2.0131,2.0275,2.0125,2.0225,1917569.0
2025-04-12 00:00:00+00:00,2.0225,2.0266,2.0141,2.0218,2957940.0
2025-04-12 00:30:00+00:00,2.0217,2.0254,2.0179,2.0203,1176736.0
2025-04-12 01:00:00+00:00,2.0203,2.025,2.0123,2.0127,1713899.0
2025-04-12 01:30:00+00:00,2.0128,2.0189,2.0114,2.0156,1199661.0
2025-04-12 02:00:00+00:00,2.0156,2.0192,2.0115,2.0162,738152.0
2025-04-12 02:30:00+00:00,2.0163,2.0203,2.0042,2.0042,1899057.0
2025-04-12 03:00:00+00:00,2.0043,2.0141,2.0033,2.0138,1357401.0
2025-04-12 03:30:00+00:00,2.0139,2.0175,2.0107,2.0132,973877.0
2025-04-12 04:00:00+00:00,2.0133,2.0228,2.0095,2.0228,1321097.0
2025-04-12 04:30:00+00:00,2.0229,2.0328,2.0183,2.0274,2517750.0
2025-04-12 05:00:00+00:00,2.0275,2.0346,2.0265,2.0319,1621934.0
2025-04-12 05:30:00+00:00,2.0319,2.0367,2.0285,2.0329,1130990.0
2025-04-12 06:00:00+00:00,2.0328,2.0493,2.0328,2.0443,2474014.0
2025-04-12 06:30:00+00:00,2.0444,2.0485,2.0406,2.0417,1434750.0
2025-04-12 07:00:00+00:00,2.0418,2.05,2.0397,2.0477,2090606.0
2025-04-12 07:30:00+00:00,2.0478,2.0598,2.0475,2.0547,5861747.0
2025-04-12 08:00:00+00:00,2.0548,2.0747,2.053,2.0565,5105837.0
2025-04-12 08:30:00+00:00,2.0565,2.0609,2.0508,2.0565,2097865.0
2025-04-12 09:00:00+00:00,2.0565,2.0685,2.0565,2.0651,2020485.0
2025-04-12 09:30:00+00:00,2.065,2.0722,2.0634,2.0662,1304563.0
2025-04-12 10:00:00+00:00,2.0662,2.0677,2.0581,2.061,2126205.0
2025-04-12 10:30:00+00:00,2.0609,2.0619,2.0526,2.0612,2081257.0
2025-04-12 11:00:00+00:00,2.0613,2.0694,2.0613,2.0644,2650155.0
2025-04-12 11:30:00+00:00,2.0643,2.0644,2.0566,2.0619,1136168.0
2025-04-12 12:00:00+00:00,2.0618,2.0696,2.0599,2.0687,1376021.0
2025-04-12 12:30:00+00:00,2.0687,2.073,2.0615,2.0687,1998340.0
2025-04-12 13:00:00+00:00,2.0687,2.1018,2.0671,2.0961,7589641.0
2025-04-12 13:30:00+00:00,2.0962,2.1862,2.0911,2.152,24392403.0
2025-04-12 14:00:00+00:00,2.152,2.168,2.1441,2.1622,12420933.0
2025-04-12 14:30:00+00:00,2.1622,2.1763,2.1483,2.1534,7361268.0
2025-04-12 15:00:00+00:00,2.1535,2.1632,2.1459,2.1604,6235657.0
2025-04-12 15:30:00+00:00,2.1604,2.1683,2.1509,2.1528,5629793.0
2025-04-12 16:00:00+00:00,2.1528,2.1635,2.151,2.1573,4558492.0
2025-04-12 16:30:00+00:00,2.1574,2.1588,2.1329,2.1429,6784553.0
2025-04-12 17:00:00+00:00,2.1429,2.1454,2.12,2.1244,6853008.0
2025-04-12 17:30:00+00:00,2.1244,2.1363,2.1166,2.1191,2837070.0
2025-04-12 18:00:00+00:00,2.1191,2.1373,2.1189,2.1364,2182564.0
2025-04-12 18:30:00+00:00,2.1364,2.1499,2.1355,2.1499,2426696.0
2025-04-12 19:00:00+00:00,2.1498,2.1509,2.1363,2.1395,2438828.0
2025-04-12 19:30:00+00:00,2.1396,2.142,2.1309,2.1378,1370645.0
2025-04-12 20:00:00+00:00,2.1379,2.1515,2.1354,2.1512,2168254.0
2025-04-12 20:30:00+00:00,2.1511,2.1662,2.1508,2.1536,3557761.0
2025-04-12 21:00:00+00:00,2.1536,2.162,2.1494,2.1539,2383282.0
2025-04-12 21:30:00+00:00,2.1539,2.1624,2.1461,2.1566,1902923.0
2025-04-12 22:00:00+00:00,2.1567,2.1665,2.1551,2.1595,2192313.0
2025-04-12 22:30:00+00:00,2.1595,2.1659,2.1526,2.1546,1675752.0
2025-04-12 23:00:00+00:00,2.1545,2.1606,2.1505,2.154,1238054.0
2025-04-12 23:30:00+00:00,2.1539,2.1608,2.1512,2.1598,1290380.0
2025-04-13 00:00:00+00:00,2.1597,2.1707,2.1505,2.1512,2785675.0
2025-04-13 00:30:00+00:00,2.1513,2.1735,2.143,2.1607,2899540.0
2025-04-13 01:00:00+00:00,2.1607,2.1714,2.1558,2.168,1975223.0
2025-04-13 01:30:00+00:00,2.168,2.174,2.144,2.151,2833569.0
2025-04-13 02:00:00+00:00,2.1511,2.1573,2.135,2.1388,2930504.0
2025-04-13 02:30:00+00:00,2.1387,2.1551,2.1375,2.1509,2119721.0
2025-04-13 03:00:00+00:00,2.151,2.1568,2.1421,2.1438,2010679.0
2025-04-13 03:30:00+00:00,2.1438,2.1615,2.1435,2.1563,1615567.0
2025-04-13 04:00:00+00:00,2.1563,2.1597,2.1446,2.1569,1273605.0
2025-04-13 04:30:00+00:00,2.157,2.1582,2.1353,2.1382,2972764.0
2025-04-13 05:00:00+00:00,2.1383,2.1433,2.1268,2.1367,2901667.0
2025-04-13 05:30:00+00:00,2.1367,2.1453,2.1345,2.1375,1055381.0
2025-04-13 06:00:00+00:00,2.1376,2.1445,2.132,2.1443,1081265.0
2025-04-13 06:30:00+00:00,2.1442,2.1488,2.1409,2.1415,1223617.0
2025-04-13 07:00:00+00:00,2.1415,2.1538,2.141,2.1533,1435216.0
2025-04-13 07:30:00+00:00,2.1534,2.1542,2.1386,2.1463,1383425.0
2025-04-13 08:00:00+00:00,2.1464,2.1584,2.1351,2.1581,2812699.0
2025-04-13 08:30:00+00:00,2.158,2.1806,2.1549,2.1761,5353532.0
2025-04-13 09:00:00+00:00,2.1762,2.1913,2.1694,2.1875,3840473.0
2025-04-13 09:30:00+00:00,2.1876,2.2318,2.1803,2.2299,9897954.0
2025-04-13 10:00:00+00:00,2.2298,2.2475,2.1996,2.2047,11032478.0
2025-04-13 10:30:00+00:00,2.2046,2.2209,2.1944,2.2202,5002332.0
2025-04-13 11:00:00+00:00,2.2202,2.2309,2.2047,2.2196,7163354.0
2025-04-13 11:30:00+00:00,2.2196,2.2205,2.1852,2.201,7955831.0
2025-04-13 12:00:00+00:00,2.2011,2.2062,2.1658,2.1703,9145771.0
2025-04-13 12:30:00+00:00,2.1703,2.1846,2.1643,2.181,3595800.0
2025-04-13 13:00:00+00:00,2.1809,2.1871,2.1552,2.1576,4455835.0
2025-04-13 13:30:00+00:00,2.1576,2.1666,2.134,2.1434,10270953.0
2025-04-13 14:00:00+00:00,2.1434,2.1525,2.1373,2.1454,3996169.0
2025-04-13 14:30:00+00:00,2.1454,2.1599,2.1424,2.1494,3000854.0
2025-04-13 15:00:00+00:00,2.1493,2.1494,2.1312,2.1387,3134896.0
2025-04-13 15:30:00+00:00,2.1388,2.1511,2.1341,2.1476,2182275.0
2025-04-13 16:00:00+00:00,2.1476,2.1763,2.1469,2.1685,4648722.0
2025-04-13 16:30:00+00:00,2.1686,2.1714,2.152,2.1588,4179004.0
2025-04-13 17:00:00+00:00,2.1589,2.1808,2.1531,2.1688,3398409.0
2025-04-13 17:30:00+00:00,2.1689,2.1822,2.162,2.1746,3387885.0
2025-04-13 18:00:00+00:00,2.1746,2.1853,2.1662,2.1682,2868842.0
2025-04-13 18:30:00+00:00,2.1683,2.1832,2.1665,2.1682,2090093.0
2025-04-13 19:00:00+00:00,2.1682,2.1698,2.1468,2.1558,2905253.0
2025-04-13 19:30:00+00:00,2.1559,2.1599,2.097,2.1201,13862919.0
2025-04-13 20:00:00+00:00,2.1202,2.1451,2.1078,2.1302,4624584.0
2025-04-13 20:30:00+00:00,2.1301,2.1329,2.1057,2.1111,4604897.0
2025-04-13 21:00:00+00:00,2.1112,2.1189,2.0909,2.1142,6551087.0
2025-04-13 21:30:00+00:00,2.1142,2.12,2.0891,2.1088,3148183.0
2025-04-13 22:00:00+00:00,2.1089,2.1197,2.0946,2.1011,3013736.0
2025-04-13 22:30:00+00:00,2.1011,2.1033,2.0863,2.0918,3730798.0
2025-04-13 23:00:00+00:00,2.0919,2.1091,2.0801,2.1085,3656748.0
2025-04-13 23:30:00+00:00,2.1084,2.1238,2.1046,2.1196,2088903.0
2025-04-14 00:00:00+00:00,2.1196,2.1517,2.1124,2.148,4810434.0
2025-04-14 00:30:00+00:00,2.148,2.1528,2.1337,2.1387,2461461.0
2025-04-14 01:00:00+00:00,2.1387,2.1455,2.1323,2.1454,1809939.0
2025-04-14 01:30:00+00:00,2.1454,2.1508,2.1281,2.1345,3288828.0
2025-04-14 02:00:00+00:00,2.1346,2.1602,2.1277,2.1597,3037002.0
2025-04-14 02:30:00+00:00,2.1597,2.1804,2.1526,2.1528,4990085.0
2025-04-14 03:00:00+00:00,2.1527,2.1533,2.1413,2.1464,3039300.0
2025-04-14 03:30:00+00:00,2.1465,2.155,2.1365,2.14,2535396.0
2025-04-14 04:00:00+00:00,2.1401,2.1512,2.1343,2.1501,2363525.0
2025-04-14 04:30:00+00:00,2.1501,2.1594,2.1442,2.1534,1917228.0
2025-04-14 05:00:00+00:00,2.1534,2.1592,2.1431,2.1454,2063078.0
2025-04-14 05:30:00+00:00,2.1453,2.149,2.1293,2.1338,3867480.0
2025-04-14 06:00:00+00:00,2.1337,2.1366,2.1255,2.1279,3099244.0
2025-04-14 06:30:00+00:00,2.1279,2.1316,2.1182,2.1182,3882259.0
2025-04-14 07:00:00+00:00,2.1182,2.1256,2.1038,2.1199,4426812.0
2025-04-14 07:30:00+00:00,2.1199,2.1297,2.1181,2.1281,1954708.0
2025-04-14 08:00:00+00:00,2.1282,2.1371,2.1227,2.1353,3049648.0
2025-04-14 08:30:00+00:00,2.1352,2.1432,2.1297,2.1378,1660320.0
2025-04-14 09:00:00+00:00,2.1377,2.1449,2.1301,2.1301,1915910.0
2025-04-14 09:30:00+00:00,2.1301,2.1314,2.1168,2.1273,2914899.0
2025-04-14 10:00:00+00:00,2.1273,2.1465,2.1264,2.1431,2933410.0
2025-04-14 10:30:00+00:00,2.1432,2.1538,2.1422,2.1477,3126832.0
2025-04-14 11:00:00+00:00,2.1478,2.1562,2.1416,2.1471,2726344.0
2025-04-14 11:30:00+00:00,2.147,2.1568,2.1468,2.1562,2386265.0
2025-04-14 12:00:00+00:00,2.1562,2.1635,2.1512,2.1618,3531598.0
2025-04-14 12:30:00+00:00,2.1617,2.1685,2.154,2.1604,3419049.0
2025-04-14 13:00:00+00:00,2.1604,2.1665,2.1524,2.1535,2847641.0
2025-04-14 13:30:00+00:00,2.1535,2.1575,2.1241,2.131,7023562.0
2025-04-14 14:00:00+00:00,2.131,2.1529,2.1271,2.1529,2964315.0
2025-04-14 14:30:00+00:00,2.1529,2.1785,2.1481,2.1601,5924204.0
2025-04-14 15:00:00+00:00,2.16,2.1636,2.1355,2.1386,5736452.0
2025-04-14 15:30:00+00:00,2.1387,2.1482,2.1102,2.116,6432009.0
2025-04-14 16:00:00+00:00,2.1159,2.1295,2.1057,2.1164,4229381.0
2025-04-14 16:30:00+00:00,2.1164,2.1439,2.1146,2.1311,3023418.0
2025-04-14 17:00:00+00:00,2.1312,2.1551,2.131,2.15,3097310.0
2025-04-14 17:30:00+00:00,2.15,2.1537,2.1413,2.1523,1285467.0
2025-04-14 18:00:00+00:00,2.1524,2.1608,2.1507,2.1531,2209207.0
2025-04-14 18:30:00+00:00,2.1532,2.1575,2.1435,2.1541,2222652.0
2025-04-14 19:00:00+00:00,2.154,2.1645,2.1534,2.1616,2524543.0
2025-04-14 19:30:00+00:00,2.1616,2.165,2.1499,2.1522,2248010.0
2025-04-14 20:00:00+00:00,2.1523,2.1574,2.1417,2.1454,2165162.0
2025-04-14 20:30:00+00:00,2.1454,2.1544,2.1416,2.1474,882772.0
2025-04-14 21:00:00+00:00,2.1474,2.148,2.1338,2.1369,1442722.0
2025-04-14 21:30:00+00:00,2.1368,2.1438,2.1259,2.1402,1260675.0
2025-04-14 22:00:00+00:00,2.1402,2.1437,2.133,2.1349,1236708.0
2025-04-14 22:30:00+00:00,2.1349,2.1424,2.1306,2.1328,921475.0
2025-04-14 23:00:00+00:00,2.1329,2.1391,2.1294,2.1298,675540.0
2025-04-14 23:30:00+00:00,2.1298,2.1346,2.1226,2.1275,1008734.0
2025-04-15 00:00:00+00:00,2.1276,2.1336,2.1186,2.1314,2135779.0
2025-04-15 00:30:00+00:00,2.1314,2.1392,2.1285,2.1374,1359915.0
2025-04-15 01:00:00+00:00,2.1374,2.1395,2.1166,2.1338,1628466.0
2025-04-15 01:30:00+00:00,2.1338,2.1423,2.1314,2.1366,1604852.0
2025-04-15 02:00:00+00:00,2.1365,2.1459,2.1277,2.1282,1697274.0
2025-04-15 02:30:00+00:00,2.1281,2.14,2.1195,2.1383,2524690.0
2025-04-15 03:00:00+00:00,2.1383,2.154,2.1351,2.1482,3132767.0
2025-04-15 03:30:00+00:00,2.1483,2.1561,2.1461,2.1531,2280426.0
2025-04-15 04:00:00+00:00,2.1531,2.1534,2.14,2.1401,1678762.0
2025-04-15 04:30:00+00:00,2.1402,2.1511,2.1387,2.1495,2377227.0
2025-04-15 05:00:00+00:00,2.1495,2.1562,2.1491,2.1511,1290833.0
2025-04-15 05:30:00+00:00,2.1512,2.16,2.1466,2.1474,2251313.0
2025-04-15 06:00:00+00:00,2.1473,2.1513,2.1409,2.1446,1165711.0
2025-04-15 06:30:00+00:00,2.1446,2.1475,2.1324,2.1324,2986306.0
2025-04-15 07:00:00+00:00,2.1324,2.15,2.1323,2.1499,1963721.0
2025-04-15 07:30:00+00:00,2.15,2.1552,2.1482,2.1517,1997514.0
2025-04-15 08:00:00+00:00,2.1517,2.1562,2.1493,2.1501,2036654.0
2025-04-15 08:30:00+00:00,2.1501,2.1576,2.1487,2.1551,1671908.0
2025-04-15 09:00:00+00:00,2.1551,2.1853,2.152,2.1704,7079737.0
2025-04-15 09:30:00+00:00,2.1703,2.1709,2.1606,2.1695,3600794.0
2025-04-15 10:00:00+00:00,2.1694,2.1767,2.1566,2.1601,2830305.0
2025-04-15 10:30:00+00:00,2.1601,2.1607,2.1469,2.1577,2860342.0
2025-04-15 11:00:00+00:00,2.1577,2.1618,2.1469,2.1497,1986177.0
2025-04-15 11:30:00+00:00,2.1497,2.1556,2.1456,2.1515,1845897.0
2025-04-15 12:00:00+00:00,2.1515,2.1653,2.1502,2.1544,3278930.0
2025-04-15 12:30:00+00:00,2.1544,2.1653,2.1512,2.1638,2523115.0
2025-04-15 13:00:00+00:00,2.1637,2.1726,2.1621,2.1694,2902103.0
2025-04-15 13:30:00+00:00,2.1694,2.185,2.1564,2.1606,6126139.0
2025-04-15 14:00:00+00:00,2.1606,2.1707,2.1368,2.1404,6979661.0
2025-04-15 14:30:00+00:00,2.1404,2.1547,2.1373,2.1428,3869746.0
2025-04-15 15:00:00+00:00,2.1428,2.1523,2.129,2.143,5480053.0
2025-04-15 15:30:00+00:00,2.1431,2.1446,2.1269,2.1348,3748096.0
2025-04-15 16:00:00+00:00,2.1349,2.142,2.1316,2.1401,2231260.0
2025-04-15 16:30:00+00:00,2.1402,2.143,2.1293,2.1307,2128631.0
2025-04-15 17:00:00+00:00,2.1307,2.1372,2.1197,2.1206,2959547.0
2025-04-15 17:30:00+00:00,2.1205,2.1265,2.113,2.1159,3127394.0
2025-04-15 18:00:00+00:00,2.1159,2.1218,2.1042,2.1095,5194644.0
2025-04-15 18:30:00+00:00,2.1095,2.1228,2.1093,2.1181,2882846.0
2025-04-15 19:00:00+00:00,2.118,2.1308,2.1123,2.1211,2791236.0
2025-04-15 19:30:00+00:00,2.1211,2.1272,2.116,2.118,2111607.0
2025-04-15 20:00:00+00:00,2.118,2.1271,2.1159,2.1222,1253142.0
2025-04-15 20:30:00+00:00,2.1222,2.1255,2.1,2.1089,2895925.0
2025-04-15 21:00:00+00:00,2.109,2.1233,2.1068,2.1189,1701114.0
2025-04-15 21:30:00+00:00,2.1189,2.1234,2.115,2.1182,1049745.0
2025-04-15 22:00:00+00:00,2.1181,2.1181,2.0939,2.1,2950443.0
2025-04-15 22:30:00+00:00,2.1001,2.1033,2.0877,2.0994,2499039.0
2025-04-15 23:00:00+00:00,2.0994,2.1005,2.0867,2.0937,2021795.0
2025-04-15 23:30:00+00:00,2.0938,2.095,2.0837,2.0842,2589233.0
2025-04-16 00:00:00+00:00,2.0843,2.094,2.0663,2.094,5648247.0
2025-04-16 00:30:00+00:00,2.094,2.0976,2.0713,2.073,3779255.0
2025-04-16 01:00:00+00:00,2.0729,2.0964,2.0708,2.0922,2620013.0
2025-04-16 01:30:00+00:00,2.0921,2.0978,2.0824,2.0933,2090854.0
2025-04-16 02:00:00+00:00,2.0934,2.098,2.0843,2.0864,2773710.0
2025-04-16 02:30:00+00:00,2.0863,2.091,2.0787,2.0889,2720619.0
2025-04-16 03:00:00+00:00,2.0889,2.0919,2.0833,2.086,1799475.0
2025-04-16 03:30:00+00:00,2.0859,2.0881,2.0805,2.0829,1024314.0
2025-04-16 04:00:00+00:00,2.0828,2.09,2.075,2.0774,1811664.0
2025-04-16 04:30:00+00:00,2.0775,2.0806,2.0724,2.0803,1449542.0
2025-04-16 05:00:00+00:00,2.0804,2.0908,2.0638,2.0723,2795383.0
2025-04-16 05:30:00+00:00,2.0723,2.0772,2.0637,2.0641,3055626.0
2025-04-16 06:00:00+00:00,2.0641,2.0713,2.0533,2.065,4221749.0
2025-04-16 06:30:00+00:00,2.065,2.0745,2.0644,2.0706,2635256.0
2025-04-16 07:00:00+00:00,2.0707,2.0744,2.0481,2.0507,4407359.0
2025-04-16 07:30:00+00:00,2.0507,2.055,2.0433,2.0505,3416630.0
2025-04-16 08:00:00+00:00,2.0506,2.0665,2.0355,2.0614,6331792.0
2025-04-16 08:30:00+00:00,2.0613,2.079,2.0613,2.07,4605426.0
2025-04-16 09:00:00+00:00,2.07,2.0845,2.0669,2.0731,2883443.0
2025-04-16 09:30:00+00:00,2.0731,2.078,2.0633,2.0633,1734520.0
2025-04-16 10:00:00+00:00,2.0634,2.0802,2.0633,2.0758,2042651.0
2025-04-16 10:30:00+00:00,2.0759,2.0819,2.0716,2.0811,1517796.0
2025-04-16 11:00:00+00:00,2.0811,2.088,2.0775,2.0802,2434320.0
2025-04-16 11:30:00+00:00,2.0801,2.0901,2.0757,2.0892,2366228.0
2025-04-16 12:00:00+00:00,2.0892,2.0935,2.0822,2.0934,2082680.0
2025-04-16 12:30:00+00:00,2.0935,2.0941,2.0699,2.0717,3018502.0
2025-04-16 13:00:00+00:00,2.0716,2.078,2.0667,2.07,2967085.0
2025-04-16 13:30:00+00:00,2.0701,2.0878,2.0644,2.0678,3435582.0
2025-04-16 14:00:00+00:00,2.0677,2.0922,2.0672,2.09,2454997.0
2025-04-16 14:30:00+00:00,2.0901,2.1105,2.0901,2.0966,5903184.0
2025-04-16 15:00:00+00:00,2.0966,2.1207,2.0936,2.1143,4236872.0
2025-04-16 15:30:00+00:00,2.1143,2.1166,2.093,2.0938,3491072.0
2025-04-16 16:00:00+00:00,2.0939,2.1034,2.0876,2.0934,2982026.0
2025-04-16 16:30:00+00:00,2.0934,2.112,2.0836,2.1078,3153263.0
2025-04-16 17:00:00+00:00,2.1079,2.1209,2.1071,2.1154,3434403.0
2025-04-16 17:30:00+00:00,2.1155,2.13,2.0469,2.0528,12597182.0
2025-04-16 18:00:00+00:00,2.0528,2.1014,2.0518,2.0959,8082321.0
2025-04-16 18:30:00+00:00,2.0958,2.098,2.0696,2.0853,2938958.0
2025-04-16 19:00:00+00:00,2.0854,2.0931,2.0693,2.0709,1876695.0
2025-04-16 19:30:00+00:00,2.0709,2.1185,2.0679,2.1066,5088615.0
2025-04-16 20:00:00+00:00,2.1065,2.1172,2.1051,2.1135,2926982.0
2025-04-16 20:30:00+00:00,2.1136,2.1161,2.0902,2.0947,2694209.0
2025-04-16 21:00:00+00:00,2.0947,2.1144,2.0892,2.1096,2650771.0
2025-04-16 21:30:00+00:00,2.1096,2.1138,2.1049,2.1058,1831865.0
2025-04-16 22:00:00+00:00,2.1059,2.1083,2.0963,2.0968,1566446.0
2025-04-16 22:30:00+00:00,2.0968,2.1039,2.0962,2.0995,697904.0
2025-04-16 23:00:00+00:00,2.0995,2.1004,2.0859,2.0862,1142506.0
2025-04-16 23:30:00+00:00,2.0862,2.0867,2.0781,2.0834,1284688.0
2025-04-17 00:00:00+00:00,2.0834,2.0884,2.0752,2.0772,1702974.0
2025-04-17 00:30:00+00:00,2.0773,2.0829,2.0746,2.0783,1357462.0
2025-04-17 01:00:00+00:00,2.0783,2.0899,2.0736,2.0839,1810141.0
2025-04-17 01:30:00+00:00,2.084,2.0887,2.075,2.082,926746.0
2025-04-17 02:00:00+00:00,2.0819,2.0819,2.067,2.0733,2317567.0
2025-04-17 02:30:00+00:00,2.0733,2.0782,2.068,2.0774,1000571.0
2025-04-17 03:00:00+00:00,2.0774,2.08,2.0625,2.063,1101526.0
2025-04-17 03:30:00+00:00,2.063,2.0716,2.063,2.0697,976982.0
2025-04-17 04:00:00+00:00,2.0697,2.0755,2.067,2.0735,1362064.0
2025-04-17 04:30:00+00:00,2.0735,2.0832,2.0719,2.082,1369135.0
2025-04-17 05:00:00+00:00,2.0821,2.0961,2.0819,2.0904,1738059.0
2025-04-17 05:30:00+00:00,2.0903,2.1036,2.09,2.0964,2579176.0
2025-04-17 06:00:00+00:00,2.0964,2.1071,2.0916,2.1039,1904347.0
2025-04-17 06:30:00+00:00,2.1039,2.1104,2.0898,2.0983,5767019.0
2025-04-17 07:00:00+00:00,2.0984,2.1,2.0921,2.0999,2590471.9
2025-04-17 07:30:00+00:00,2.1,2.1045,2.0883,2.0913,1569320.4
2025-04-17 08:00:00+00:00,2.0912,2.1009,2.0897,2.0981,2223362.6
2025-04-17 08:30:00+00:00,2.0981,2.1017,2.0919,2.0931,1437735.5
2025-04-17 09:00:00+00:00,2.0932,2.0936,2.0863,2.0899,1168475.6
2025-04-17 09:30:00+00:00,2.0899,2.0995,2.0892,2.0978,1351087.2
2025-04-17 10:00:00+00:00,2.0979,2.0987,2.0891,2.0953,1083484.5
2025-04-17 10:30:00+00:00,2.0954,2.0963,2.0903,2.0949,855090.8
2025-04-17 11:00:00+00:00,2.0949,2.1003,2.0926,2.099,937872.0
2025-04-17 11:30:00+00:00,2.099,2.1075,2.0959,2.1025,1245092.8
2025-04-17 12:00:00+00:00,2.1026,2.1139,2.1026,2.1138,2501494.1
2025-04-17 12:30:00+00:00,2.1139,2.1146,2.1057,2.1092,1681039.6
2025-04-17 13:00:00+00:00,2.1093,2.1098,2.0983,2.1021,1714958.6
2025-04-17 13:30:00+00:00,2.102,2.106,2.0917,2.101,2325031.0
2025-04-17 14:00:00+00:00,2.1009,2.1021,2.0764,2.0784,2672044.4
2025-04-17 14:30:00+00:00,2.0785,2.0805,2.0641,2.066,5578870.7
2025-04-17 15:00:00+00:00,2.066,2.0873,2.0573,2.0627,6715879.2
2025-04-17 15:30:00+00:00,2.0627,2.0749,2.062,2.0675,2908810.9
2025-04-17 16:00:00+00:00,2.0675,2.0921,2.0583,2.0888,5395799.0
2025-04-17 16:30:00+00:00,2.0887,2.0961,2.0772,2.0845,3364914.6
2025-04-17 17:00:00+00:00,2.0845,2.0932,2.0777,2.0879,1716814.5
2025-04-17 17:30:00+00:00,2.0879,2.1,2.0874,2.0937,2052609.2
2025-04-17 18:00:00+00:00,2.0937,2.1046,2.0899,2.0965,2955298.2
2025-04-17 18:30:00+00:00,2.0965,2.0985,2.0798,2.08,1976087.6
2025-04-17 19:00:00+00:00,2.0799,2.0866,2.0524,2.0585,6193081.5
2025-04-17 19:30:00+00:00,2.0585,2.0691,2.0551,2.0659,2992462.6
2025-04-17 20:00:00+00:00,2.0658,2.0791,2.0654,2.075,1534031.5
2025-04-17 20:30:00+00:00,2.075,2.081,2.067,2.0734,1463633.6
2025-04-17 21:00:00+00:00,2.0734,2.0741,2.0648,2.0688,1241420.6
2025-04-17 21:30:00+00:00,2.0688,2.0785,2.0688,2.0765,1048380.0
2025-04-17 22:00:00+00:00,2.0764,2.0795,2.0721,2.0724,1056337.5
2025-04-17 22:30:00+00:00,2.0725,2.0768,2.0603,2.0624,1714276.6
2025-04-17 23:00:00+00:00,2.0625,2.0726,2.0625,2.0717,1104020.9
2025-04-17 23:30:00+00:00,2.0717,2.0741,2.065,2.0673,997324.6
2025-04-18 00:00:00+00:00,2.0673,2.0692,2.0569,2.0627,1623023.7
2025-04-18 00:30:00+00:00,2.0628,2.065,2.0455,2.048,2681558.4
2025-04-18 01:00:00+00:00,2.048,2.0683,2.0434,2.0683,2059398.3
2025-04-18 01:30:00+00:00,2.0683,2.0686,2.055,2.0572,770377.1
2025-04-18 02:00:00+00:00,2.0573,2.0621,2.0492,2.0554,1534359.7
2025-04-18 02:30:00+00:00,2.0553,2.0634,2.0528,2.0599,838955.7
2025-04-18 03:00:00+00:00,2.06,2.0609,2.0454,2.0472,1341504.3
2025-04-18 03:30:00+00:00,2.0471,2.0571,2.0459,2.0559,953390.6
2025-04-18 04:00:00+00:00,2.056,2.0594,2.0469,2.0591,1233833.6
2025-04-18 04:30:00+00:00,2.0592,2.065,2.0558,2.0639,1281588.3
2025-04-18 05:00:00+00:00,2.0639,2.0647,2.0531,2.0554,1012356.0
2025-04-18 05:30:00+00:00,2.0555,2.0645,2.0535,2.0642,710091.2
2025-04-18 06:00:00+00:00,2.0642,2.0693,2.0619,2.0652,1322697.9
2025-04-18 06:30:00+00:00,2.0652,2.0672,2.059,2.0653,1061857.2
2025-04-18 07:00:00+00:00,2.0653,2.0698,2.0537,2.0599,1654931.9
2025-04-18 07:30:00+00:00,2.0599,2.0717,2.0571,2.0692,1717376.8
2025-04-18 08:00:00+00:00,2.0692,2.0785,2.068,2.0766,1572284.0
2025-04-18 08:30:00+00:00,2.0765,2.0812,2.0718,2.0766,1809652.7
2025-04-18 09:00:00+00:00,2.0767,2.0783,2.0724,2.076,1951778.1
2025-04-18 09:30:00+00:00,2.076,2.0811,2.0718,2.0765,1322681.7
2025-04-18 10:00:00+00:00,2.0766,2.0805,2.073,2.0786,998806.3
2025-04-18 10:30:00+00:00,2.0786,2.0803,2.0711,2.0727,1100353.3
2025-04-18 11:00:00+00:00,2.0728,2.0777,2.0695,2.0718,1120581.1
2025-04-18 11:30:00+00:00,2.0719,2.0807,2.0691,2.0802,1380207.2
2025-04-18 12:00:00+00:00,2.0802,2.0825,2.0742,2.0794,1570693.1
2025-04-18 12:30:00+00:00,2.0795,2.0859,2.0794,2.0807,1774165.7
2025-04-18 13:00:00+00:00,2.0808,2.0809,2.0713,2.0738,1504440.2
2025-04-18 13:30:00+00:00,2.0738,2.0799,2.0684,2.0766,1908315.9
2025-04-18 14:00:00+00:00,2.0766,2.0807,2.0699,2.0718,2272097.7
2025-04-18 14:30:00+00:00,2.0717,2.0793,2.0683,2.0738,1760941.1
2025-04-18 15:00:00+00:00,2.0738,2.0781,2.0573,2.0577,2876221.7
2025-04-18 15:30:00+00:00,2.0577,2.0624,2.0564,2.0583,1993015.3
2025-04-18 16:00:00+00:00,2.0584,2.068,2.0551,2.0626,1206626.6
2025-04-18 16:30:00+00:00,2.0626,2.0671,2.0598,2.0656,836400.7
2025-04-18 17:00:00+00:00,2.0656,2.0734,2.0618,2.0717,1270080.0
2025-04-18 17:30:00+00:00,2.0717,2.0805,2.0702,2.0789,2059788.8
2025-04-18 18:00:00+00:00,2.079,2.0896,2.0766,2.088,3712005.1
2025-04-18 18:30:00+00:00,2.088,2.0881,2.0808,2.083,1647669.0
2025-04-18 19:00:00+00:00,2.083,2.0848,2.081,2.0824,1052831.0
2025-04-18 19:30:00+00:00,2.0824,2.0824,2.0763,2.0804,2841908.4
2025-04-18 20:00:00+00:00,2.0805,2.086,2.0781,2.0784,1298956.2
2025-04-18 20:30:00+00:00,2.0784,2.0792,2.0715,2.076,978232.1
2025-04-18 21:00:00+00:00,2.0759,2.0794,2.0732,2.0739,909504.0
2025-04-18 21:30:00+00:00,2.0739,2.0828,2.0736,2.0815,1053147.8
2025-04-18 22:00:00+00:00,2.0816,2.0822,2.0751,2.0781,993560.6
2025-04-18 22:30:00+00:00,2.0781,2.0792,2.0732,2.0736,661155.7
2025-04-18 23:00:00+00:00,2.0735,2.0735,2.0552,2.0613,2594172.3
2025-04-18 23:30:00+00:00,2.0612,2.0656,2.0605,2.0619,901299.4
2025-04-19 00:00:00+00:00,2.0619,2.0659,2.0586,2.0594,1128082.0
2025-04-19 00:30:00+00:00,2.0595,2.065,2.0595,2.0604,793392.4
2025-04-19 01:00:00+00:00,2.0605,2.0719,2.06,2.0701,838227.0
2025-04-19 01:30:00+00:00,2.0701,2.0734,2.0639,2.0672,823882.8
2025-04-19 02:00:00+00:00,2.0672,2.0806,2.0634,2.0793,1836617.8
2025-04-19 02:30:00+00:00,2.0793,2.08,2.0754,2.0794,1013294.5
2025-04-19 03:00:00+00:00,2.0795,2.0862,2.079,2.0829,1738512.0
2025-04-19 03:30:00+00:00,2.083,2.0866,2.0798,2.0846,889126.6
2025-04-19 04:00:00+00:00,2.0846,2.0925,2.0836,2.0919,1441902.1
2025-04-19 04:30:00+00:00,2.0919,2.0948,2.0855,2.0869,1552735.0
2025-04-19 05:00:00+00:00,2.0869,2.0909,2.0838,2.0887,1164451.5
2025-04-19 05:30:00+00:00,2.0888,2.0892,2.0836,2.0839,561125.8
2025-04-19 06:00:00+00:00,2.0839,2.0856,2.0794,2.0825,717718.5
2025-04-19 06:30:00+00:00,2.0825,2.0825,2.0773,2.0775,703354.5
2025-04-19 07:00:00+00:00,2.0774,2.0862,2.0774,2.0862,768161.2
2025-04-19 07:30:00+00:00,2.0862,2.0912,2.085,2.0891,913848.4
2025-04-19 08:00:00+00:00,2.0891,2.092,2.0855,2.087,907015.8
2025-04-19 08:30:00+00:00,2.0869,2.089,2.0834,2.087,896230.1
2025-04-19 09:00:00+00:00,2.0871,2.0975,2.086,2.0915,2353577.6
2025-04-19 09:30:00+00:00,2.0914,2.0946,2.0878,2.0898,1505532.5
2025-04-19 10:00:00+00:00,2.0899,2.0901,2.083,2.0834,1387656.0
2025-04-19 10:30:00+00:00,2.0834,2.0856,2.0806,2.0845,630048.0
2025-04-19 11:00:00+00:00,2.0845,2.0868,2.0801,2.0837,568195.9
2025-04-19 11:30:00+00:00,2.0836,2.0863,2.0814,2.0814,766728.4
2025-04-19 12:00:00+00:00,2.0814,2.0851,2.08,2.0828,777806.1
2025-04-19 12:30:00+00:00,2.0828,2.084,2.08,2.0827,699629.9
2025-04-19 13:00:00+00:00,2.0826,2.0844,2.0789,2.0841,690633.4
2025-04-19 13:30:00+00:00,2.0841,2.0899,2.08,2.0884,1088510.9
2025-04-19 14:00:00+00:00,2.0885,2.093,2.0851,2.0863,872666.6
2025-04-19 14:30:00+00:00,2.0862,2.0874,2.0808,2.0834,760663.7
2025-04-19 15:00:00+00:00,2.0834,2.0893,2.08,2.089,891912.2
2025-04-19 15:30:00+00:00,2.0889,2.0897,2.0759,2.0773,1424839.8
2025-04-19 16:00:00+00:00,2.0773,2.0832,2.0752,2.0752,1223681.6
2025-04-19 16:30:00+00:00,2.0753,2.0756,2.0654,2.0691,2614425.3
2025-04-19 17:00:00+00:00,2.069,2.0782,2.0686,2.0767,1436553.8
2025-04-19 17:30:00+00:00,2.0767,2.0875,2.0747,2.0851,1405543.2
2025-04-19 18:00:00+00:00,2.085,2.0948,2.0831,2.0884,2457385.9
2025-04-19 18:30:00+00:00,2.0884,2.0936,2.0881,2.0892,1128928.7
2025-04-19 19:00:00+00:00,2.0891,2.0904,2.0817,2.084,841188.6
2025-04-19 19:30:00+00:00,2.084,2.0852,2.0825,2.0839,409886.0
2025-04-19 20:00:00+00:00,2.0838,2.0869,2.0802,2.0864,657103.7
2025-04-19 20:30:00+00:00,2.0863,2.0888,2.0815,2.0874,602009.5
2025-04-19 21:00:00+00:00,2.0874,2.092,2.087,2.0891,1147756.9
2025-04-19 21:30:00+00:00,2.0891,2.0908,2.0856,2.0899,556358.9
2025-04-19 22:00:00+00:00,2.0899,2.0913,2.0854,2.0861,497464.7
2025-04-19 22:30:00+00:00,2.086,2.0904,2.0858,2.0878,741752.3
2025-04-19 23:00:00+00:00,2.0878,2.0893,2.0822,2.0827,524486.6
2025-04-19 23:30:00+00:00,2.0826,2.0914,2.0821,2.0877,812528.9
2025-04-20 00:00:00+00:00,2.0877,2.0945,2.0847,2.0892,1526429.0
2025-04-20 00:30:00+00:00,2.0891,2.09,2.0831,2.0847,1073541.7
2025-04-20 01:00:00+00:00,2.0848,2.091,2.0836,2.0875,865720.6
2025-04-20 01:30:00+00:00,2.0875,2.0912,2.085,2.0909,817457.4
2025-04-20 02:00:00+00:00,2.0909,2.0917,2.0833,2.084,690013.0
2025-04-20 02:30:00+00:00,2.0839,2.0875,2.0836,2.0856,621619.3
2025-04-20 03:00:00+00:00,2.0856,2.0871,2.083,2.0839,755241.2
2025-04-20 03:30:00+00:00,2.0839,2.0843,2.0791,2.0833,919361.0
2025-04-20 04:00:00+00:00,2.0833,2.0855,2.0776,2.0838,1092582.1
2025-04-20 04:30:00+00:00,2.0837,2.0858,2.0821,2.0831,500572.5
2025-04-20 05:00:00+00:00,2.083,2.0865,2.0817,2.0859,604797.6
2025-04-20 05:30:00+00:00,2.0859,2.086,2.0801,2.0801,495851.2
2025-04-20 06:00:00+00:00,2.08,2.0842,2.078,2.0786,990227.6
2025-04-20 06:30:00+00:00,2.0785,2.08,2.0691,2.0723,3369776.2
2025-04-20 07:00:00+00:00,2.0723,2.0723,2.063,2.0651,2061978.7
2025-04-20 07:30:00+00:00,2.0651,2.07,2.063,2.0695,2010363.5
2025-04-20 08:00:00+00:00,2.0695,2.0713,2.0658,2.0707,1841294.8
2025-04-20 08:30:00+00:00,2.0707,2.071,2.0599,2.0616,2688143.6
2025-04-20 09:00:00+00:00,2.0617,2.0644,2.0596,2.0623,2002567.3
2025-04-20 09:30:00+00:00,2.0624,2.0639,2.0571,2.063,1783285.8
2025-04-20 10:00:00+00:00,2.063,2.0633,2.0581,2.059,1304608.3
2025-04-20 10:30:00+00:00,2.059,2.0601,2.0403,2.0475,4096057.5
2025-04-20 11:00:00+00:00,2.0474,2.0487,2.0398,2.0432,3609914.5
2025-04-20 11:30:00+00:00,2.0433,2.0469,2.0388,2.0432,2501084.2
2025-04-20 12:00:00+00:00,2.0432,2.0555,2.0411,2.0536,2450048.7
2025-04-20 12:30:00+00:00,2.0536,2.0555,2.0497,2.0527,1126313.6
2025-04-20 13:00:00+00:00,2.0527,2.0554,2.044,2.0502,1089466.9
2025-04-20 13:30:00+00:00,2.0503,2.0543,2.0477,2.053,1079786.6
2025-04-20 14:00:00+00:00,2.0529,2.0614,2.0505,2.056,1487708.3
2025-04-20 14:30:00+00:00,2.056,2.0608,2.055,2.0598,1115987.4
2025-04-20 15:00:00+00:00,2.0599,2.0601,2.0475,2.049,1801370.8
2025-04-20 15:30:00+00:00,2.0489,2.0551,2.0447,2.0488,1732970.2
2025-04-20 16:00:00+00:00,2.0488,2.0602,2.0447,2.0561,2350701.2
2025-04-20 16:30:00+00:00,2.056,2.0608,2.054,2.0608,1383146.2
2025-04-20 17:00:00+00:00,2.0608,2.0609,2.0547,2.0575,803878.1
2025-04-20 17:30:00+00:00,2.0575,2.0591,2.055,2.0568,723772.9
2025-04-20 18:00:00+00:00,2.0567,2.063,2.0554,2.0592,928477.5
2025-04-20 18:30:00+00:00,2.0593,2.0601,2.055,2.0596,797155.8
2025-04-20 19:00:00+00:00,2.0597,2.061,2.0568,2.0602,633742.7
2025-04-20 19:30:00+00:00,2.0602,2.0868,2.0602,2.0813,4543039.9
2025-04-20 20:00:00+00:00,2.0813,2.0915,2.075,2.0848,5395808.5
2025-04-20 20:30:00+00:00,2.0849,2.0865,2.078,2.0813,2116944.8
2025-04-20 21:00:00+00:00,2.0812,2.0841,2.0713,2.074,1445509.2
2025-04-20 21:30:00+00:00,2.0741,2.0814,2.074,2.0785,845783.3
2025-04-20 22:00:00+00:00,2.0786,2.0792,2.0602,2.0623,1788712.2
2025-04-20 22:30:00+00:00,2.0623,2.069,2.0605,2.069,986170.8
2025-04-20 23:00:00+00:00,2.0689,2.0773,2.0689,2.0699,1389917.5
2025-04-20 23:30:00+00:00,2.0699,2.079,2.0668,2.0787,1109649.6
2025-04-21 00:00:00+00:00,2.0786,2.1065,2.0768,2.1,6393321.1
2025-04-21 00:30:00+00:00,2.1001,2.1216,2.0997,2.1025,9429685.2
2025-04-21 01:00:00+00:00,2.1026,2.1159,2.1026,2.112,3214733.5
2025-04-21 01:30:00+00:00,2.112,2.1235,2.1114,2.1184,4777557.6
2025-04-21 02:00:00+00:00,2.1184,2.1218,2.1127,2.1197,3600826.5
2025-04-21 02:30:00+00:00,2.1197,2.125,2.1087,2.113,3337990.6
2025-04-21 03:00:00+00:00,2.113,2.1198,2.1102,2.1116,2173414.2
2025-04-21 03:30:00+00:00,2.1116,2.1145,2.1081,2.1093,1845951.0
2025-04-21 04:00:00+00:00,2.1094,2.1174,2.1079,2.1095,2070537.6
2025-04-21 04:30:00+00:00,2.1094,2.1194,2.1073,2.1181,1651207.8
2025-04-21 05:00:00+00:00,2.1182,2.12,2.115,2.117,1455216.2
2025-04-21 05:30:00+00:00,2.117,2.13,2.1152,2.1266,3408784.8
2025-04-21 06:00:00+00:00,2.1267,2.1402,2.1266,2.1351,5164167.5
2025-04-21 06:30:00+00:00,2.1351,2.1357,2.1261,2.1298,1775849.1
2025-04-21 07:00:00+00:00,2.1298,2.1332,2.1257,2.129,1977356.2
2025-04-21 07:30:00+00:00,2.129,2.1318,2.1259,2.1263,1349519.6
2025-04-21 08:00:00+00:00,2.1264,2.1315,2.1261,2.1291,1592529.7
2025-04-21 08:30:00+00:00,2.1292,2.1386,2.1283,2.1371,2169129.3
2025-04-21 09:00:00+00:00,2.1371,2.1409,2.129,2.1303,2433300.9
2025-04-21 09:30:00+00:00,2.1304,2.1321,2.1246,2.1285,2959552.6
2025-04-21 10:00:00+00:00,2.1284,2.1299,2.1191,2.1202,1813683.5
2025-04-21 10:30:00+00:00,2.1201,2.1304,2.118,2.1292,1252354.0
2025-04-21 11:00:00+00:00,2.1292,2.1298,2.108,2.1133,2411043.1
2025-04-21 11:30:00+00:00,2.1134,2.1197,2.1122,2.118,1228280.1
2025-04-21 12:00:00+00:00,2.118,2.1235,2.1164,2.1185,1590224.1
2025-04-21 12:30:00+00:00,2.1185,2.1219,2.1114,2.1122,1389483.4
2025-04-21 13:00:00+00:00,2.1121,2.1152,2.105,2.1152,2735074.7
2025-04-21 13:30:00+00:00,2.1153,2.1211,2.1062,2.1066,3051960.3
2025-04-21 14:00:00+00:00,2.1066,2.1353,2.105,2.1349,4329551.7
2025-04-21 14:30:00+00:00,2.135,2.1388,2.1166,2.1286,4123534.4
2025-04-21 15:00:00+00:00,2.1286,2.1305,2.1175,2.1224,2090265.6
2025-04-21 15:30:00+00:00,2.1224,2.1253,2.1109,2.1148,1872526.8
2025-04-21 16:00:00+00:00,2.1148,2.1172,2.1,2.1029,3319185.4
2025-04-21 16:30:00+00:00,2.1028,2.1055,2.0827,2.0845,4749487.4
2025-04-21 17:00:00+00:00,2.0845,2.0873,2.0594,2.0847,9028176.1
2025-04-21 17:30:00+00:00,2.0847,2.0878,2.0697,2.0731,3362581.0
2025-04-21 18:00:00+00:00,2.0731,2.0799,2.0669,2.0708,3516481.3
2025-04-21 18:30:00+00:00,2.0709,2.0776,2.069,2.0698,1897560.7
2025-04-21 19:00:00+00:00,2.0697,2.0896,2.0677,2.0892,2313575.6
2025-04-21 19:30:00+00:00,2.0892,2.0906,2.0825,2.0878,2065830.2
2025-04-21 20:00:00+00:00,2.0878,2.0879,2.0762,2.0776,1273692.0
2025-04-21 20:30:00+00:00,2.0776,2.085,2.0772,2.0848,1435018.3
2025-04-21 21:00:00+00:00,2.0848,2.0848,2.0777,2.0814,1425519.7
2025-04-21 21:30:00+00:00,2.0813,2.0813,2.0746,2.0782,1395873.9
2025-04-21 22:00:00+00:00,2.0781,2.0782,2.0702,2.0717,1665108.3
2025-04-21 22:30:00+00:00,2.0716,2.0765,2.0711,2.0754,1321284.8
2025-04-21 23:00:00+00:00,2.0753,2.0808,2.0711,2.0808,1559744.9
2025-04-21 23:30:00+00:00,2.0807,2.0871,2.0739,2.0855,1504957.4
2025-04-22 00:00:00+00:00,2.0855,2.0879,2.0792,2.0835,1006310.2
2025-04-22 00:30:00+00:00,2.0834,2.0834,2.0638,2.0799,3137016.1
2025-04-22 01:00:00+00:00,2.0798,2.104,2.0757,2.0919,2826338.5
2025-04-22 01:30:00+00:00,2.092,2.0987,2.0896,2.0964,1978097.3
2025-04-22 02:00:00+00:00,2.0963,2.102,2.0852,2.0873,1876695.1
2025-04-22 02:30:00+00:00,2.0872,2.0884,2.0783,2.0839,2025741.5
2025-04-22 03:00:00+00:00,2.0838,2.0862,2.0758,2.0815,2314216.8
2025-04-22 03:30:00+00:00,2.0814,2.0857,2.0793,2.083,1443023.5
2025-04-22 04:00:00+00:00,2.0829,2.0881,2.0811,2.0842,2031127.3
2025-04-22 04:30:00+00:00,2.0842,2.0852,2.0777,2.0782,1731185.4
2025-04-22 05:00:00+00:00,2.0782,2.0827,2.0766,2.0787,1419868.1
2025-04-22 05:30:00+00:00,2.0786,2.0845,2.077,2.0789,1813976.7
2025-04-22 06:00:00+00:00,2.0789,2.0833,2.0705,2.0706,2630685.2
2025-04-22 06:30:00+00:00,2.0706,2.0767,2.0679,2.0762,3620979.8
2025-04-22 07:00:00+00:00,2.0763,2.0811,2.0762,2.0791,1987560.4
2025-04-22 07:30:00+00:00,2.079,2.0969,2.079,2.0923,3423812.2
2025-04-22 08:00:00+00:00,2.0923,2.108,2.0912,2.0941,3943806.3
2025-04-22 08:30:00+00:00,2.0941,2.0985,2.0926,2.0982,1648065.7
2025-04-22 09:00:00+00:00,2.0982,2.1023,2.0945,2.1022,1911174.8
2025-04-22 09:30:00+00:00,2.1023,2.1037,2.0973,2.1034,1785771.2
2025-04-22 10:00:00+00:00,2.1034,2.106,2.0946,2.0971,2052190.1
2025-04-22 10:30:00+00:00,2.0972,2.1049,2.0961,2.1045,1300310.3
2025-04-22 11:00:00+00:00,2.1046,2.1066,2.1006,2.1034,2357573.7
2025-04-22 11:30:00+00:00,2.1033,2.1038,2.0974,2.0993,2633712.4
2025-04-22 12:00:00+00:00,2.0993,2.1027,2.0953,2.1025,2884473.5
2025-04-22 12:30:00+00:00,2.1025,2.1069,2.0943,2.101,3136258.3
2025-04-22 13:00:00+00:00,2.101,2.1169,2.0984,2.1061,5467726.4
2025-04-22 13:30:00+00:00,2.1062,2.133,2.1028,2.1329,8309919.4
2025-04-22 14:00:00+00:00,2.1329,2.1386,2.1197,2.1238,8332385.1
2025-04-22 14:30:00+00:00,2.1239,2.1586,2.1198,2.1507,11208718.5
2025-04-22 15:00:00+00:00,2.1507,2.1928,2.1493,2.17,19061039.2
2025-04-22 15:30:00+00:00,2.17,2.1719,2.1374,2.1551,12367449.8
2025-04-22 16:00:00+00:00,2.1552,2.1618,2.1438,2.1447,4870222.6
2025-04-22 16:30:00+00:00,2.1447,2.1513,2.1401,2.1428,2654817.2
2025-04-22 17:00:00+00:00,2.1428,2.1538,2.1428,2.1485,3087121.6
2025-04-22 17:30:00+00:00,2.1485,2.1624,2.1468,2.1607,3328578.4
2025-04-22 18:00:00+00:00,2.1607,2.17,2.151,2.1536,2948421.6
2025-04-22 18:30:00+00:00,2.1535,2.165,2.1425,2.161,7122592.2
2025-04-22 19:00:00+00:00,2.161,2.1629,2.1495,2.1563,2905764.0
2025-04-22 19:30:00+00:00,2.1562,2.1562,2.1415,2.1541,3351307.0
2025-04-22 20:00:00+00:00,2.1541,2.1559,2.1475,2.1531,2403394.8
2025-04-22 20:30:00+00:00,2.1531,2.1596,2.153,2.1566,1661645.6
2025-04-22 21:00:00+00:00,2.1567,2.1703,2.1527,2.1634,3335093.9
2025-04-22 21:30:00+00:00,2.1634,2.2504,2.1634,2.2387,22132524.8
2025-04-22 22:00:00+00:00,2.2388,2.2417,2.2097,2.2099,13953345.4
2025-04-22 22:30:00+00:00,2.2098,2.2132,2.1946,2.2085,6019132.5
2025-04-22 23:00:00+00:00,2.2085,2.2257,2.2037,2.2161,6203342.3
2025-04-22 23:30:00+00:00,2.2161,2.2239,2.2104,2.2139,6148133.6
2025-04-23 00:00:00+00:00,2.2138,2.2343,2.2138,2.2228,6480440.7
2025-04-23 00:30:00+00:00,2.2228,2.2228,2.2014,2.2032,4910245.2
2025-04-23 01:00:00+00:00,2.2032,2.2204,2.2032,2.2144,3260643.1
2025-04-23 01:30:00+00:00,2.2144,2.2165,2.1938,2.1961,4649127.7
2025-04-23 02:00:00+00:00,2.1962,2.2212,2.1958,2.2144,5267760.4
2025-04-23 02:30:00+00:00,2.2144,2.2295,2.2115,2.217,4055838.6
2025-04-23 03:00:00+00:00,2.2169,2.2287,2.2125,2.2263,3326457.7
2025-04-23 03:30:00+00:00,2.2263,2.2368,2.2204,2.235,3655097.5
2025-04-23 04:00:00+00:00,2.2349,2.2364,2.2214,2.2249,2860105.3
2025-04-23 04:30:00+00:00,2.225,2.2495,2.2236,2.2493,5708508.0
2025-04-23 05:00:00+00:00,2.2492,2.2492,2.2249,2.2297,5260646.4
2025-04-23 05:30:00+00:00,2.2296,2.2359,2.2229,2.2246,4266638.0
2025-04-23 06:00:00+00:00,2.2246,2.2358,2.2209,2.2331,2350115.4
2025-04-23 06:30:00+00:00,2.2332,2.2449,2.2328,2.2425,3741585.8
2025-04-23 07:00:00+00:00,2.2424,2.2641,2.229,2.2412,10100226.5
2025-04-23 07:30:00+00:00,2.2412,2.2585,2.2399,2.2569,4855888.8
2025-04-23 08:00:00+00:00,2.257,2.2814,2.25,2.2691,6359052.1
2025-04-23 08:30:00+00:00,2.2691,2.2992,2.2615,2.2914,8335254.0
2025-04-23 09:00:00+00:00,2.2915,2.301,2.278,2.2784,6728608.8
2025-04-23 09:30:00+00:00,2.2783,2.2858,2.2735,2.2736,3274249.3
2025-04-23 10:00:00+00:00,2.2735,2.278,2.254,2.2647,6305484.2
2025-04-23 10:30:00+00:00,2.2646,2.2734,2.2636,2.268,2626713.4
2025-04-23 11:00:00+00:00,2.2679,2.2796,2.2618,2.2759,2320825.1
2025-04-23 11:30:00+00:00,2.2759,2.2763,2.2524,2.2599,3301234.1
2025-04-23 12:00:00+00:00,2.2599,2.2945,2.2565,2.275,6366878.1
2025-04-23 12:30:00+00:00,2.275,2.2884,2.2736,2.2824,3733087.8
2025-04-23 13:00:00+00:00,2.2823,2.2931,2.2779,2.2861,2922273.9
2025-04-23 13:30:00+00:00,2.2862,2.2977,2.2434,2.2464,15773862.6
2025-04-23 14:00:00+00:00,2.2464,2.2648,2.2307,2.2491,10127684.7
2025-04-23 14:30:00+00:00,2.249,2.2548,2.2356,2.2372,4263859.9
2025-04-23 15:00:00+00:00,2.2372,2.2429,2.1902,2.2013,16900404.6
2025-04-23 15:30:00+00:00,2.2014,2.2302,2.196,2.228,9616835.5
2025-04-23 16:00:00+00:00,2.2281,2.2316,2.2064,2.2234,4622130.6
2025-04-23 16:30:00+00:00,2.2235,2.2373,2.2194,2.2301,4278968.0
2025-04-23 17:00:00+00:00,2.23,2.244,2.2239,2.2319,4081636.2
2025-04-23 17:30:00+00:00,2.232,2.2396,2.2265,2.2376,1472009.3
2025-04-23 18:00:00+00:00,2.2375,2.2512,2.2357,2.2397,2347127.7
2025-04-23 18:30:00+00:00,2.2397,2.2408,2.2202,2.2217,2077599.8
2025-04-23 19:00:00+00:00,2.2216,2.2241,2.2001,2.2029,2691949.8
2025-04-23 19:30:00+00:00,2.2028,2.2207,2.2022,2.2182,3205464.0
2025-04-23 20:00:00+00:00,2.2181,2.2282,2.2142,2.2227,1867297.6
2025-04-23 20:30:00+00:00,2.2226,2.2281,2.217,2.2171,1301642.9
2025-04-23 21:00:00+00:00,2.2171,2.227,2.2143,2.2205,1040563.3
2025-04-23 21:30:00+00:00,2.2206,2.2226,2.2091,2.2178,1763662.4
2025-04-23 22:00:00+00:00,2.2179,2.2223,2.2114,2.2205,1686940.0
2025-04-23 22:30:00+00:00,2.2206,2.2303,2.2198,2.2302,1241071.8
2025-04-23 23:00:00+00:00,2.2302,2.2303,2.2226,2.2249,1178084.5
2025-04-23 23:30:00+00:00,2.2248,2.2256,2.2131,2.2184,1853790.3
2025-04-24 00:00:00+00:00,2.2183,2.224,2.205,2.2061,2495012.2
2025-04-24 00:30:00+00:00,2.2062,2.2183,2.2025,2.2099,1589789.7
2025-04-24 01:00:00+00:00,2.21,2.2148,2.1948,2.202,2069926.3
2025-04-24 01:30:00+00:00,2.202,2.219,2.2019,2.215,2005000.0
2025-04-24 02:00:00+00:00,2.215,2.2214,2.2093,2.2194,1832793.5
2025-04-24 02:30:00+00:00,2.2195,2.2204,2.195,2.1956,3116281.5
2025-04-24 03:00:00+00:00,2.1955,2.209,2.193,2.2081,1775518.7
2025-04-24 03:30:00+00:00,2.2082,2.2082,2.1721,2.1752,4758278.0
2025-04-24 04:00:00+00:00,2.1751,2.1865,2.168,2.1819,3741347.7
2025-04-24 04:30:00+00:00,2.1818,2.1896,2.177,2.1883,1451380.0
2025-04-24 05:00:00+00:00,2.1883,2.1936,2.1822,2.1844,1632454.2
2025-04-24 05:30:00+00:00,2.1844,2.188,2.175,2.1765,2154612.0
2025-04-24 06:00:00+00:00,2.1765,2.1824,2.1689,2.1806,2617693.9
2025-04-24 06:30:00+00:00,2.1806,2.182,2.164,2.1654,2661443.4
2025-04-24 07:00:00+00:00,2.1655,2.173,2.1555,2.1575,5130846.5
2025-04-24 07:30:00+00:00,2.1575,2.1596,2.1434,2.1493,5806265.0
2025-04-24 08:00:00+00:00,2.1493,2.1573,2.1418,2.1454,5460328.5
2025-04-24 08:30:00+00:00,2.1455,2.1477,2.1166,2.1334,9542952.8
2025-04-24 09:00:00+00:00,2.1334,2.1462,2.1307,2.1442,3886951.1
2025-04-24 09:30:00+00:00,2.1441,2.1515,2.1388,2.1479,3292466.6
2025-04-24 10:00:00+00:00,2.1479,2.1539,2.1423,2.1531,3111903.6
2025-04-24 10:30:00+00:00,2.1531,2.1587,2.1485,2.1564,3110088.6
2025-04-24 11:00:00+00:00,2.1564,2.1569,2.1422,2.1471,2142419.8
2025-04-24 11:30:00+00:00,2.147,2.1574,2.141,2.1555,2726654.7
2025-04-24 12:00:00+00:00,2.1556,2.1653,2.1514,2.1628,3790755.5
2025-04-24 12:30:00+00:00,2.1626,2.1692,2.1591,2.1689,2621031.4
2025-04-24 13:00:00+00:00,2.1689,2.1709,2.1632,2.17,1650151.4
2025-04-24 13:30:00+00:00,2.1699,2.2216,2.1695,2.1817,23657844.3
2025-04-24 14:00:00+00:00,2.1817,2.1973,2.1524,2.1807,13478765.6
2025-04-24 14:30:00+00:00,2.1807,2.1999,2.1803,2.1882,5211478.4
2025-04-24 15:00:00+00:00,2.1883,2.2354,2.1851,2.207,14042101.9
2025-04-24 15:30:00+00:00,2.207,2.2208,2.203,2.2126,4814755.1
2025-04-24 16:00:00+00:00,2.2126,2.2276,2.2094,2.2237,5048531.9
2025-04-24 16:30:00+00:00,2.2236,2.2281,2.2114,2.2114,3863069.2
2025-04-24 17:00:00+00:00,2.2114,2.2191,2.1828,2.1979,5634490.6
2025-04-24 17:30:00+00:00,2.1978,2.2012,2.1846,2.1998,2538797.5
2025-04-24 18:00:00+00:00,2.1998,2.2121,2.1984,2.2005,2319959.3
2025-04-24 18:30:00+00:00,2.2006,2.2053,2.1959,2.2017,1529450.5
2025-04-24 19:00:00+00:00,2.2018,2.2069,2.1918,2.2035,1653736.0
2025-04-24 19:30:00+00:00,2.2036,2.2097,2.2004,2.2056,952096.9
2025-04-24 20:00:00+00:00,2.2056,2.2132,2.198,2.2046,2547844.7
2025-04-24 20:30:00+00:00,2.2044,2.209,2.2019,2.2019,1499044.0
2025-04-24 21:00:00+00:00,2.202,2.206,2.1864,2.1907,1560331.0
2025-04-24 21:30:00+00:00,2.1907,2.2024,2.1884,2.2001,1566207.8
2025-04-24 22:00:00+00:00,2.2001,2.2062,2.1964,2.1985,1487279.7
2025-04-24 22:30:00+00:00,2.1985,2.2019,2.1885,2.1927,1436557.7
2025-04-24 23:00:00+00:00,2.1927,2.2033,2.1908,2.2019,1419524.2
2025-04-24 23:30:00+00:00,2.2019,2.2109,2.2016,2.2049,2505208.5
2025-04-25 00:00:00+00:00,2.2049,2.2056,2.195,2.201,2020132.4
2025-04-25 00:30:00+00:00,2.2009,2.2067,2.1982,2.2008,1156323.5
2025-04-25 01:00:00+00:00,2.2009,2.2174,2.194,2.1991,4838219.2
2025-04-25 01:30:00+00:00,2.199,2.2055,2.1912,2.1926,2396113.3
2025-04-25 02:00:00+00:00,2.1926,2.1988,2.1776,2.1846,3668075.3
2025-04-25 02:30:00+00:00,2.1846,2.1852,2.1634,2.1704,4629772.6
2025-04-25 03:00:00+00:00,2.1704,2.1874,2.1649,2.1752,4292839.9
2025-04-25 03:30:00+00:00,2.1752,2.1845,2.1744,2.1812,1633285.4
2025-04-25 04:00:00+00:00,2.1812,2.1883,2.1785,2.1802,1540005.4
2025-04-25 04:30:00+00:00,2.1803,2.185,2.1765,2.1797,1471487.4
2025-04-25 05:00:00+00:00,2.1797,2.191,2.1771,2.1886,1824289.6
2025-04-25 05:30:00+00:00,2.1886,2.1895,2.1785,2.1808,1571430.1
2025-04-25 06:00:00+00:00,2.1808,2.194,2.1788,2.1939,1470876.4
2025-04-25 06:30:00+00:00,2.194,2.2032,2.1934,2.1987,2551875.2
2025-04-25 07:00:00+00:00,2.1987,2.2042,2.1893,2.1903,3480528.5
2025-04-25 07:30:00+00:00,2.1903,2.1962,2.1862,2.1947,2466079.8
2025-04-25 08:00:00+00:00,2.1948,2.198,2.1878,2.1943,2518928.0
2025-04-25 08:30:00+00:00,2.1943,2.1989,2.1906,2.1946,1683956.6
2025-04-25 09:00:00+00:00,2.1946,2.1951,2.1843,2.1922,1796221.0
2025-04-25 09:30:00+00:00,2.1923,2.2088,2.1903,2.2082,3509275.0
2025-04-25 10:00:00+00:00,2.2081,2.2099,2.1935,2.195,4690547.5
2025-04-25 10:30:00+00:00,2.1949,2.1974,2.1855,2.1899,2411945.3
2025-04-25 11:00:00+00:00,2.1899,2.2097,2.1899,2.2019,3692414.7
2025-04-25 11:30:00+00:00,2.2018,2.205,2.1972,2.2044,2016039.8
2025-04-25 12:00:00+00:00,2.2043,2.2193,2.1964,2.1996,6038203.8
2025-04-25 12:30:00+00:00,2.1995,2.2059,2.1873,2.1921,3126618.7
2025-04-25 13:00:00+00:00,2.1922,2.1986,2.1783,2.1788,3032441.9
2025-04-25 13:30:00+00:00,2.1787,2.1943,2.1721,2.1828,4562398.4
2025-04-25 14:00:00+00:00,2.1828,2.2043,2.182,2.1931,4807123.2
2025-04-25 14:30:00+00:00,2.1932,2.2182,2.1901,2.2115,6988254.1
2025-04-25 15:00:00+00:00,2.2115,2.2186,2.2063,2.2112,5186764.6
2025-04-25 15:30:00+00:00,2.2113,2.219,2.1984,2.2005,5193825.7
2025-04-25 16:00:00+00:00,2.2004,2.2049,2.1854,2.1975,3889831.6
2025-04-25 16:30:00+00:00,2.1975,2.2044,2.1937,2.2025,2854911.9
2025-04-25 17:00:00+00:00,2.2025,2.2097,2.2017,2.2056,2159727.0
2025-04-25 17:30:00+00:00,2.2056,2.2058,2.183,2.1866,4673194.1
2025-04-25 18:00:00+00:00,2.1867,2.1946,2.1863,2.1936,2254148.0
2025-04-25 18:30:00+00:00,2.1937,2.2014,2.1879,2.1911,1648935.4
2025-04-25 19:00:00+00:00,2.1911,2.1999,2.185,2.1898,2472081.5
2025-04-25 19:30:00+00:00,2.1897,2.1956,2.1861,2.1948,1087606.2
2025-04-25 20:00:00+00:00,2.1948,2.1955,2.1885,2.1924,973898.8
2025-04-25 20:30:00+00:00,2.1925,2.197,2.1901,2.1938,1201650.7
2025-04-25 21:00:00+00:00,2.1937,2.2003,2.1863,2.1875,1289868.7
2025-04-25 21:30:00+00:00,2.1874,2.1927,2.1782,2.1817,1776267.4
2025-04-25 22:00:00+00:00,2.1818,2.1889,2.1817,2.1872,998474.8
2025-04-25 22:30:00+00:00,2.1871,2.1898,2.1853,2.1857,1034035.8
2025-04-25 23:00:00+00:00,2.1856,2.1868,2.1791,2.1805,1382494.8
2025-04-25 23:30:00+00:00,2.1805,2.1849,2.1763,2.1812,2051107.9
2025-04-26 00:00:00+00:00,2.1812,2.1893,2.18,2.1845,2040155.7
2025-04-26 00:30:00+00:00,2.1845,2.1887,2.1803,2.1859,1849719.4
2025-04-26 01:00:00+00:00,2.1859,2.1906,2.1796,2.1898,2258047.7
2025-04-26 01:30:00+00:00,2.1898,2.2029,2.1897,2.2028,2725740.5
2025-04-26 02:00:00+00:00,2.2028,2.2038,2.1896,2.1903,1996946.9
2025-04-26 02:30:00+00:00,2.1902,2.1985,2.1881,2.1959,1692393.5
2025-04-26 03:00:00+00:00,2.1958,2.1972,2.1872,2.1884,1148501.0
2025-04-26 03:30:00+00:00,2.1883,2.193,2.1872,2.191,849958.1
2025-04-26 04:00:00+00:00,2.191,2.1946,2.1878,2.1885,820618.7
2025-04-26 04:30:00+00:00,2.1885,2.1885,2.181,2.1819,1227713.3
2025-04-26 05:00:00+00:00,2.1818,2.1884,2.18,2.1882,1441412.1
2025-04-26 05:30:00+00:00,2.1883,2.1932,2.1873,2.1917,688343.1
2025-04-26 06:00:00+00:00,2.1916,2.2016,2.1912,2.2014,1728202.4
2025-04-26 06:30:00+00:00,2.2015,2.2355,2.2012,2.2177,8868791.3
2025-04-26 07:00:00+00:00,2.2177,2.2389,2.2173,2.2388,4543169.9
2025-04-26 07:30:00+00:00,2.2388,2.2483,2.2196,2.2197,7083807.6
2025-04-26 08:00:00+00:00,2.2198,2.2361,2.2133,2.2297,4992893.0
2025-04-26 08:30:00+00:00,2.2298,2.2312,2.2047,2.2105,4262635.0
2025-04-26 09:00:00+00:00,2.2104,2.2155,2.1997,2.2075,2700808.1
2025-04-26 09:30:00+00:00,2.2075,2.2087,2.1971,2.2081,1849713.4
2025-04-26 10:00:00+00:00,2.2081,2.2141,2.2056,2.2134,1537155.2
2025-04-26 10:30:00+00:00,2.2133,2.2188,2.2083,2.2087,1195578.4
2025-04-26 11:00:00+00:00,2.2088,2.2105,2.1982,2.1983,1735745.0
2025-04-26 11:30:00+00:00,2.1982,2.2029,2.1859,2.1938,3524406.9
2025-04-26 12:00:00+00:00,2.1938,2.2008,2.1924,2.196,2337967.2
2025-04-26 12:30:00+00:00,2.196,2.202,2.1932,2.1949,1270210.4
2025-04-26 13:00:00+00:00,2.1949,2.1992,2.1895,2.1896,1003672.0
2025-04-26 13:30:00+00:00,2.1896,2.1961,2.1827,2.1933,2469679.8
2025-04-26 14:00:00+00:00,2.1933,2.1958,2.1865,2.1957,1150772.4
2025-04-26 14:30:00+00:00,2.1957,2.1995,2.1903,2.1911,1650692.6
2025-04-26 15:00:00+00:00,2.1911,2.201,2.1905,2.1995,1554918.2
2025-04-26 15:30:00+00:00,2.1996,2.2024,2.1962,2.1997,1407172.9
2025-04-26 16:00:00+00:00,2.1997,2.2069,2.1941,2.2062,2166465.1
2025-04-26 16:30:00+00:00,2.2061,2.2064,2.1924,2.1992,1169696.8
2025-04-26 17:00:00+00:00,2.1992,2.202,2.1959,2.2008,630066.9
2025-04-26 17:30:00+00:00,2.2008,2.2022,2.1985,2.2008,494164.1
2025-04-26 18:00:00+00:00,2.2007,2.2029,2.1967,2.1994,622904.9
2025-04-26 18:30:00+00:00,2.1994,2.2005,2.195,2.195,574730.2
2025-04-26 19:00:00+00:00,2.195,2.1991,2.1934,2.1974,562078.4
2025-04-26 19:30:00+00:00,2.1974,2.2012,2.1936,2.1991,657617.6
2025-04-26 20:00:00+00:00,2.199,2.2024,2.1916,2.193,715253.8
2025-04-26 20:30:00+00:00,2.1929,2.1946,2.186,2.1861,897903.7
2025-04-26 21:00:00+00:00,2.1861,2.1956,2.186,2.1925,840994.9
2025-04-26 21:30:00+00:00,2.1925,2.1942,2.1873,2.188,503286.5
2025-04-26 22:00:00+00:00,2.188,2.2003,2.1873,2.1962,1290129.4
2025-04-26 22:30:00+00:00,2.1961,2.1993,2.1931,2.1963,896997.3
2025-04-26 23:00:00+00:00,2.1963,2.198,2.1912,2.1943,1020024.1
2025-04-26 23:30:00+00:00,2.1943,2.1948,2.1891,2.1912,1017617.0
2025-04-27 00:00:00+00:00,2.1912,2.2049,2.1876,2.202,1803977.3
2025-04-27 00:30:00+00:00,2.202,2.205,2.1973,2.2005,1040562.3
2025-04-27 01:00:00+00:00,2.2005,2.2047,2.1763,2.183,4956148.5
2025-04-27 01:30:00+00:00,2.1829,2.1847,2.1581,2.162,6747891.6
2025-04-27 02:00:00+00:00,2.162,2.1742,2.1591,2.1715,2754027.4
2025-04-27 02:30:00+00:00,2.1714,2.1732,2.1646,2.1723,2231082.6
2025-04-27 03:00:00+00:00,2.1724,2.1791,2.1705,2.1765,1513970.6
2025-04-27 03:30:00+00:00,2.1765,2.1793,2.1742,2.1758,816506.5
2025-04-27 04:00:00+00:00,2.1757,2.179,2.1727,2.1766,663744.2
2025-04-27 04:30:00+00:00,2.1767,2.1777,2.1652,2.1672,2243811.6
2025-04-27 05:00:00+00:00,2.1671,2.1746,2.1605,2.1634,1777448.2
2025-04-27 05:30:00+00:00,2.1633,2.1699,2.16,2.1691,1482056.2
2025-04-27 06:00:00+00:00,2.1692,2.1763,2.1683,2.1745,777007.3
2025-04-27 06:30:00+00:00,2.1744,2.1763,2.172,2.1735,1017809.9
2025-04-27 07:00:00+00:00,2.1734,2.1755,2.1657,2.1706,1583623.1
2025-04-27 07:30:00+00:00,2.1706,2.1726,2.1684,2.1723,540282.9
2025-04-27 08:00:00+00:00,2.1723,2.1779,2.1693,2.174,644971.9
2025-04-27 08:30:00+00:00,2.174,2.1837,2.173,2.1789,1581255.5
2025-04-27 09:00:00+00:00,2.1789,2.1792,2.1738,2.1747,711090.9
2025-04-27 09:30:00+00:00,2.1747,2.1818,2.1747,2.1796,673958.2
2025-04-27 10:00:00+00:00,2.1797,2.1805,2.1764,2.1771,626597.5
2025-04-27 10:30:00+00:00,2.1771,2.1822,2.1752,2.1815,761639.9
2025-04-27 11:00:00+00:00,2.1816,2.1831,2.1786,2.1806,653142.4
2025-04-27 11:30:00+00:00,2.1806,2.1832,2.1783,2.1804,913020.2
2025-04-27 12:00:00+00:00,2.1803,2.1823,2.1735,2.1815,1431246.7
2025-04-27 12:30:00+00:00,2.1816,2.2721,2.1785,2.2149,38977287.1
2025-04-27 13:00:00+00:00,2.2149,2.25,2.2134,2.23,13178617.0
2025-04-27 13:30:00+00:00,2.2299,2.2404,2.2196,2.2225,6392216.8
2025-04-27 14:00:00+00:00,2.2225,2.2295,2.2122,2.2279,6924981.1
2025-04-27 14:30:00+00:00,2.2279,2.2388,2.2273,2.237,3855704.3
2025-04-27 15:00:00+00:00,2.2371,2.2437,2.2154,2.2155,4846722.0
2025-04-27 15:30:00+00:00,2.2155,2.2293,2.2126,2.2277,2517263.7
2025-04-27 16:00:00+00:00,2.2278,2.234,2.22,2.2201,2495660.9
2025-04-27 16:30:00+00:00,2.2201,2.2346,2.2155,2.2333,3357957.2
2025-04-27 17:00:00+00:00,2.2333,2.2408,2.2273,2.228,2865897.1
2025-04-27 17:30:00+00:00,2.228,2.2347,2.2264,2.231,1384683.2
2025-04-27 18:00:00+00:00,2.2311,2.2495,2.2309,2.2471,3411911.7
2025-04-27 18:30:00+00:00,2.247,2.2523,2.2418,2.2445,3890758.0
2025-04-27 19:00:00+00:00,2.2446,2.2597,2.2443,2.2595,3373898.8
2025-04-27 19:30:00+00:00,2.2595,2.2849,2.2549,2.2841,7524591.6
2025-04-27 20:00:00+00:00,2.284,2.2948,2.269,2.2716,9160200.3
2025-04-27 20:30:00+00:00,2.2716,2.2936,2.2647,2.2828,5825228.8
2025-04-27 21:00:00+00:00,2.2828,2.2839,2.2667,2.2752,3661250.0
2025-04-27 21:30:00+00:00,2.2751,2.2752,2.2655,2.2665,2516985.0
2025-04-27 22:00:00+00:00,2.2666,2.2683,2.2515,2.2516,4147190.7
2025-04-27 22:30:00+00:00,2.2516,2.2645,2.2455,2.2618,2833897.3
2025-04-27 23:00:00+00:00,2.2618,2.2618,2.2477,2.2554,2173570.6
2025-04-27 23:30:00+00:00,2.2554,2.2604,2.2511,2.252,1637908.0
2025-04-28 00:00:00+00:00,2.2521,2.2549,2.2317,2.2506,3932139.8
2025-04-28 00:30:00+00:00,2.2505,2.2648,2.2497,2.259,2966366.7
2025-04-28 01:00:00+00:00,2.259,2.262,2.23,2.2445,5727689.9
2025-04-28 01:30:00+00:00,2.2444,2.2457,2.2184,2.233,5892203.9
2025-04-28 02:00:00+00:00,2.233,2.2428,2.2291,2.2379,2788983.8
2025-04-28 02:30:00+00:00,2.2379,2.2487,2.2343,2.2473,1795133.2
2025-04-28 03:00:00+00:00,2.2473,2.2553,2.243,2.2521,2481540.6
2025-04-28 03:30:00+00:00,2.2522,2.2621,2.252,2.2589,2055899.3
2025-04-28 04:00:00+00:00,2.2589,2.2785,2.2566,2.2779,4957216.6
2025-04-28 04:30:00+00:00,2.2779,2.2792,2.2664,2.2705,2991133.9
2025-04-28 05:00:00+00:00,2.2705,2.2866,2.2698,2.278,3507894.0
2025-04-28 05:30:00+00:00,2.278,2.282,2.2711,2.2727,2744691.9
2025-04-28 06:00:00+00:00,2.2727,2.281,2.2687,2.2754,2634296.9
2025-04-28 06:30:00+00:00,2.2754,2.294,2.2753,2.2908,5304926.5
2025-04-28 07:00:00+00:00,2.2909,2.3245,2.2849,2.3154,11154420.3
2025-04-28 07:30:00+00:00,2.3154,2.3428,2.295,2.3355,12663590.1
2025-04-28 08:00:00+00:00,2.3355,2.363,2.3241,2.3433,11149142.7
2025-04-28 08:30:00+00:00,2.3433,2.3445,2.3248,2.3259,6835843.0
2025-04-28 09:00:00+00:00,2.3259,2.3363,2.3212,2.3295,4451860.2
2025-04-28 09:30:00+00:00,2.3295,2.348,2.3294,2.3315,4920806.0
2025-04-28 10:00:00+00:00,2.3315,2.3327,2.3059,2.3215,5847464.5
2025-04-28 10:30:00+00:00,2.3214,2.3408,2.3211,2.3277,4992459.4
2025-04-28 11:00:00+00:00,2.3277,2.3327,2.3222,2.331,2588110.5
2025-04-28 11:30:00+00:00,2.331,2.3317,2.3137,2.3189,3155244.3
2025-04-28 12:00:00+00:00,2.3189,2.3208,2.3101,2.3195,2558130.4
2025-04-28 12:30:00+00:00,2.3195,2.3289,2.3125,2.3145,2540609.8
2025-04-28 13:00:00+00:00,2.3144,2.3231,2.3008,2.3057,3071428.2
2025-04-28 13:30:00+00:00,2.3058,2.3122,2.2789,2.2801,7666813.2
2025-04-28 14:00:00+00:00,2.2801,2.3048,2.2744,2.3024,5569902.7
2025-04-28 14:30:00+00:00,2.3023,2.3037,2.2833,2.2883,3302881.8
2025-04-28 15:00:00+00:00,2.2883,2.2953,2.2511,2.2548,7220838.4
2025-04-28 15:30:00+00:00,2.2548,2.2741,2.25,2.274,6212458.9
2025-04-28 16:00:00+00:00,2.2739,2.2758,2.2608,2.2752,3959999.6
2025-04-28 16:30:00+00:00,2.2752,2.2873,2.273,2.2757,5470203.3
2025-04-28 17:00:00+00:00,2.2756,2.2825,2.269,2.2693,1803202.3
2025-04-28 17:30:00+00:00,2.2693,2.2828,2.2657,2.2818,2099599.7
2025-04-28 18:00:00+00:00,2.2817,2.2831,2.2682,2.2688,1329681.7
2025-04-28 18:30:00+00:00,2.2688,2.2818,2.2666,2.2793,1314037.2
2025-04-28 19:00:00+00:00,2.2793,2.292,2.2783,2.2894,2801697.3
2025-04-28 19:30:00+00:00,2.2893,2.2971,2.2893,2.2923,2999107.9
2025-04-28 20:00:00+00:00,2.2922,2.2954,2.2845,2.2954,1436131.4
2025-04-28 20:30:00+00:00,2.2954,2.2969,2.2844,2.2875,1299787.1
2025-04-28 21:00:00+00:00,2.2875,2.2952,2.2854,2.2947,1007784.0
2025-04-28 21:30:00+00:00,2.2948,2.3003,2.2893,2.2994,1226191.3
2025-04-28 22:00:00+00:00,2.2993,2.3061,2.2939,2.2955,1977460.4
2025-04-28 22:30:00+00:00,2.2954,2.3018,2.2949,2.3006,1323195.3
2025-04-28 23:00:00+00:00,2.3006,2.302,2.2928,2.2965,1843366.3
2025-04-28 23:30:00+00:00,2.2966,2.3013,2.2928,2.2949,1209406.4
2025-04-29 00:00:00+00:00,2.295,2.3012,2.2908,2.2995,1459963.1
2025-04-29 00:30:00+00:00,2.2996,2.3058,2.2959,2.3037,1383056.0
2025-04-29 01:00:00+00:00,2.3036,2.3109,2.2882,2.3088,2469218.4
2025-04-29 01:30:00+00:00,2.3089,2.3147,2.3014,2.3025,1980149.9
2025-04-29 02:00:00+00:00,2.3026,2.3043,2.2903,2.2934,2212438.4
2025-04-29 02:30:00+00:00,2.2935,2.2957,2.2764,2.281,3211897.9
2025-04-29 03:00:00+00:00,2.2809,2.2897,2.2792,2.2877,1834091.1
2025-04-29 03:30:00+00:00,2.2876,2.29,2.285,2.2877,1228322.7
2025-04-29 04:00:00+00:00,2.2877,2.2902,2.2839,2.29,1094977.8
2025-04-29 04:30:00+00:00,2.2899,2.2914,2.2662,2.2673,3662147.3
2025-04-29 05:00:00+00:00,2.2673,2.278,2.2658,2.2747,3005807.5
2025-04-29 05:30:00+00:00,2.2747,2.2776,2.2647,2.2658,2478077.6
2025-04-29 06:00:00+00:00,2.2657,2.2821,2.265,2.2783,2115399.1
2025-04-29 06:30:00+00:00,2.2784,2.2848,2.2748,2.282,1698361.4
2025-04-29 07:00:00+00:00,2.2821,2.2869,2.2793,2.2868,2550666.2
2025-04-29 07:30:00+00:00,2.2869,2.2881,2.2834,2.2862,1066216.7
2025-04-29 08:00:00+00:00,2.2861,2.2909,2.2833,2.2868,1835790.9
2025-04-29 08:30:00+00:00,2.2869,2.2869,2.275,2.2859,3020038.7
2025-04-29 09:00:00+00:00,2.2859,2.2905,2.2791,2.2896,2192571.1
2025-04-29 09:30:00+00:00,2.2896,2.3016,2.2852,2.3012,2280050.8
2025-04-29 10:00:00+00:00,2.3012,2.3052,2.2923,2.2927,2434247.0
2025-04-29 10:30:00+00:00,2.2928,2.293,2.281,2.2819,2025078.4
2025-04-29 11:00:00+00:00,2.282,2.2944,2.2815,2.2921,1447834.3
2025-04-29 11:30:00+00:00,2.2921,2.295,2.2852,2.2915,1119938.7
2025-04-29 12:00:00+00:00,2.2915,2.2919,2.2753,2.2772,2707504.2
2025-04-29 12:30:00+00:00,2.2772,2.2828,2.2717,2.2731,1780206.1
2025-04-29 13:00:00+00:00,2.2731,2.2775,2.2636,2.2714,2943479.9
2025-04-29 13:30:00+00:00,2.2714,2.2866,2.2704,2.2807,3410726.6
2025-04-29 14:00:00+00:00,2.2808,2.2865,2.2714,2.2772,4670988.8
2025-04-29 14:30:00+00:00,2.2772,2.2913,2.275,2.2878,1636341.3
2025-04-29 15:00:00+00:00,2.2878,2.2903,2.277,2.2828,1557031.6
2025-04-29 15:30:00+00:00,2.2828,2.2935,2.2794,2.2927,1472609.2
2025-04-29 16:00:00+00:00,2.2926,2.299,2.289,2.2952,1866449.5
2025-04-29 16:30:00+00:00,2.2952,2.3044,2.2872,2.2918,2873928.3
2025-04-29 17:00:00+00:00,2.2918,2.2968,2.2825,2.2909,2625493.2
2025-04-29 17:30:00+00:00,2.291,2.2999,2.2885,2.2964,1172406.3
2025-04-29 18:00:00+00:00,2.2964,2.3009,2.2926,2.2993,1496330.2
2025-04-29 18:30:00+00:00,2.2993,2.3014,2.2973,2.2989,969956.9
2025-04-29 19:00:00+00:00,2.299,2.2998,2.2913,2.2954,1781070.7
2025-04-29 19:30:00+00:00,2.2954,2.2976,2.2913,2.2923,906349.9
2025-04-29 20:00:00+00:00,2.2924,2.2957,2.2794,2.2798,1137710.7
2025-04-29 20:30:00+00:00,2.2798,2.2827,2.276,2.2789,1181361.7
2025-04-29 21:00:00+00:00,2.279,2.2801,2.252,2.2566,4460183.5
2025-04-29 21:30:00+00:00,2.2567,2.27,2.253,2.2626,3534557.1
2025-04-29 22:00:00+00:00,2.2626,2.2626,2.239,2.2435,3826492.6
2025-04-29 22:30:00+00:00,2.2434,2.2448,2.2307,2.2374,2793019.3
2025-04-29 23:00:00+00:00,2.2374,2.2383,2.2217,2.2249,3789640.8
2025-04-29 23:30:00+00:00,2.225,2.2425,2.2239,2.238,4621653.3
2025-04-30 00:00:00+00:00,2.2379,2.251,2.233,2.2435,4113963.5
2025-04-30 00:30:00+00:00,2.2434,2.2513,2.2406,2.2442,1567390.5
2025-04-30 01:00:00+00:00,2.2442,2.2454,2.2263,2.2433,3143277.3
2025-04-30 01:30:00+00:00,2.2433,2.2433,2.2245,2.2373,1897724.7
2025-04-30 02:00:00+00:00,2.2372,2.2448,2.2318,2.2389,1732295.5
2025-04-30 02:30:00+00:00,2.2389,2.2482,2.2362,2.2411,1310780.5
2025-04-30 03:00:00+00:00,2.2412,2.2438,2.2349,2.2427,1542649.5
2025-04-30 03:30:00+00:00,2.2426,2.2495,2.2384,2.2488,1104821.5
2025-04-30 04:00:00+00:00,2.2487,2.2499,2.2423,2.2447,1453682.1
2025-04-30 04:30:00+00:00,2.2446,2.2539,2.2432,2.2529,1246915.9
2025-04-30 05:00:00+00:00,2.2529,2.258,2.2486,2.2523,2466905.7
2025-04-30 05:30:00+00:00,2.2523,2.2588,2.2456,2.2489,2020282.1
2025-04-30 06:00:00+00:00,2.2489,2.2505,2.2435,2.25,1079352.7
2025-04-30 06:30:00+00:00,2.25,2.2508,2.239,2.2396,2048611.3
2025-04-30 07:00:00+00:00,2.2396,2.241,2.2277,2.2281,3275422.8
2025-04-30 07:30:00+00:00,2.2281,2.23,2.2075,2.2202,6565437.7
2025-04-30 08:00:00+00:00,2.2202,2.2312,2.2109,2.2202,3513970.5
2025-04-30 08:30:00+00:00,2.2202,2.231,2.22,2.2259,1535133.4
2025-04-30 09:00:00+00:00,2.226,2.2312,2.2225,2.2296,2040440.5
2025-04-30 09:30:00+00:00,2.2296,2.2375,2.2286,2.2318,2805739.2
2025-04-30 10:00:00+00:00,2.2318,2.2333,2.2239,2.226,1700083.0
2025-04-30 10:30:00+00:00,2.2261,2.2328,2.221,2.2314,1840909.3
2025-04-30 11:00:00+00:00,2.2314,2.2363,2.2297,2.2362,1455717.4
2025-04-30 11:30:00+00:00,2.2363,2.2385,2.2316,2.2385,1928771.7
2025-04-30 12:00:00+00:00,2.2386,2.2389,2.222,2.2229,2208333.7
2025-04-30 12:30:00+00:00,2.223,2.2261,2.1789,2.1937,13473426.3
2025-04-30 13:00:00+00:00,2.1937,2.195,2.1551,2.175,10317269.0
2025-04-30 13:30:00+00:00,2.1749,2.1778,2.1235,2.1274,16708408.2
2025-04-30 14:00:00+00:00,2.1273,2.1728,2.1246,2.1723,13667950.2
2025-04-30 14:30:00+00:00,2.1722,2.176,2.1519,2.1587,5346852.3
2025-04-30 15:00:00+00:00,2.1588,2.1778,2.1536,2.1622,5767235.1
2025-04-30 15:30:00+00:00,2.1621,2.1715,2.1564,2.1581,3864503.2
2025-04-30 16:00:00+00:00,2.158,2.1616,2.15,2.1579,3827564.6
2025-04-30 16:30:00+00:00,2.1579,2.171,2.156,2.1646,2360131.9
2025-04-30 17:00:00+00:00,2.1647,2.1662,2.1534,2.1617,1430805.6
2025-04-30 17:30:00+00:00,2.1616,2.1866,2.1601,2.18,3764893.1
2025-04-30 18:00:00+00:00,2.18,2.2144,2.1764,2.1943,10958361.1
2025-04-30 18:30:00+00:00,2.1942,2.2057,2.1898,2.1907,4729370.1
2025-04-30 19:00:00+00:00,2.1906,2.194,2.1773,2.1823,2679904.2
2025-04-30 19:30:00+00:00,2.1822,2.2008,2.1814,2.1946,2138929.3
2025-04-30 20:00:00+00:00,2.1945,2.2124,2.1925,2.2096,3051170.2
2025-04-30 20:30:00+00:00,2.2096,2.2109,2.1976,2.1981,2260121.8
2025-04-30 21:00:00+00:00,2.198,2.2097,2.1965,2.2044,1519196.4
2025-04-30 21:30:00+00:00,2.2045,2.2077,2.1998,2.2014,976676.6
2025-04-30 22:00:00+00:00,2.2013,2.2078,2.1956,2.196,1247059.9
2025-04-30 22:30:00+00:00,2.1961,2.1977,2.1889,2.1939,1543750.2
2025-04-30 23:00:00+00:00,2.1938,2.2015,2.1927,2.1973,936606.0
2025-04-30 23:30:00+00:00,2.1972,2.2,2.1901,2.1908,992381.5
2025-05-01 00:00:00+00:00,2.1907,2.1966,2.1868,2.1937,1242816.4
2025-05-01 00:30:00+00:00,2.1936,2.1972,2.1881,2.1966,1099758.7
2025-05-01 01:00:00+00:00,2.1966,2.2036,2.1958,2.2004,1208196.5
2025-05-01 01:30:00+00:00,2.2003,2.2047,2.1959,2.2017,1124471.9
2025-05-01 02:00:00+00:00,2.2017,2.2199,2.2011,2.2198,2096661.4
2025-05-01 02:30:00+00:00,2.2198,2.2204,2.2026,2.2035,1705932.6
2025-05-01 03:00:00+00:00,2.2036,2.215,2.203,2.2093,1023316.6
2025-05-01 03:30:00+00:00,2.2093,2.2143,2.2034,2.204,1346964.5
2025-05-01 04:00:00+00:00,2.2039,2.2086,2.1989,2.1989,1160876.4
2025-05-01 04:30:00+00:00,2.1989,2.2068,2.1971,2.2067,1377209.4
2025-05-01 05:00:00+00:00,2.2068,2.2138,2.2042,2.2105,1534697.8
2025-05-01 05:30:00+00:00,2.2105,2.2153,2.2084,2.2117,1195445.3
2025-05-01 06:00:00+00:00,2.2117,2.2148,2.2001,2.2054,2450467.4
2025-05-01 06:30:00+00:00,2.2055,2.206,2.196,2.1968,1463692.6
2025-05-01 07:00:00+00:00,2.1967,2.2005,2.1932,2.1996,1432093.2
2025-05-01 07:30:00+00:00,2.1995,2.2059,2.195,2.2001,2759205.5
2025-05-01 08:00:00+00:00,2.2001,2.2093,2.1979,2.208,1642111.1
2025-05-01 08:30:00+00:00,2.2081,2.2115,2.205,2.2109,1242316.0
2025-05-01 09:00:00+00:00,2.2109,2.2115,2.2037,2.2095,982681.3
2025-05-01 09:30:00+00:00,2.2094,2.2188,2.2077,2.2149,2048469.7
2025-05-01 10:00:00+00:00,2.2149,2.2422,2.2144,2.2399,6151720.8
2025-05-01 10:30:00+00:00,2.2399,2.2467,2.229,2.236,3784014.7
2025-05-01 11:00:00+00:00,2.236,2.2405,2.2298,2.2318,3497607.2
2025-05-01 11:30:00+00:00,2.2318,2.2396,2.2317,2.2376,1489736.6
2025-05-01 12:00:00+00:00,2.2376,2.2454,2.2354,2.2356,3566345.8
2025-05-01 12:30:00+00:00,2.2355,2.2405,2.2325,2.2384,1976710.4
2025-05-01 13:00:00+00:00,2.2383,2.2437,2.2359,2.2407,1687332.0
2025-05-01 13:30:00+00:00,2.2407,2.2416,2.2157,2.2164,4759425.0
2025-05-01 14:00:00+00:00,2.2165,2.233,2.2165,2.2302,4825282.4
2025-05-01 14:30:00+00:00,2.2302,2.2441,2.2253,2.2439,3413660.8
2025-05-01 15:00:00+00:00,2.2438,2.2567,2.2381,2.2475,5762586.4
2025-05-01 15:30:00+00:00,2.2475,2.2494,2.236,2.2364,2594116.8
2025-05-01 16:00:00+00:00,2.2364,2.2502,2.2364,2.2451,1669528.0
2025-05-01 16:30:00+00:00,2.2452,2.2531,2.2404,2.2414,2503440.3
2025-05-01 17:00:00+00:00,2.2414,2.2466,2.2351,2.2368,1807920.1
2025-05-01 17:30:00+00:00,2.2369,2.2399,2.2282,2.2346,1751518.7
2025-05-01 18:00:00+00:00,2.2347,2.2356,2.2237,2.224,1981717.3
2025-05-01 18:30:00+00:00,2.2241,2.2351,2.2224,2.2335,1404801.6
2025-05-01 19:00:00+00:00,2.2336,2.2341,2.2246,2.2274,1405570.2
2025-05-01 19:30:00+00:00,2.2274,2.2285,2.2165,2.2183,1534905.2
2025-05-01 20:00:00+00:00,2.2183,2.2253,2.2123,2.2231,2112376.7
2025-05-01 20:30:00+00:00,2.2232,2.2247,2.2108,2.2153,1326252.0
2025-05-01 21:00:00+00:00,2.2154,2.2257,2.2151,2.2217,832132.7
2025-05-01 21:30:00+00:00,2.2217,2.2285,2.218,2.222,709788.5
2025-05-01 22:00:00+00:00,2.222,2.2267,2.2189,2.2216,780865.4
2025-05-01 22:30:00+00:00,2.2216,2.2217,2.2131,2.2155,999391.9
2025-05-01 23:00:00+00:00,2.2156,2.2186,2.2094,2.2144,1297481.0
2025-05-01 23:30:00+00:00,2.2145,2.2145,2.2093,2.2123,830997.7
2025-05-02 00:00:00+00:00,2.2122,2.2181,2.2076,2.218,1717002.4
2025-05-02 00:30:00+00:00,2.218,2.2228,2.2121,2.2169,1017751.7
2025-05-02 01:00:00+00:00,2.2168,2.2256,2.2153,2.2201,1852825.5
2025-05-02 01:30:00+00:00,2.2201,2.2208,2.2125,2.2162,1208190.9
2025-05-02 02:00:00+00:00,2.2163,2.2231,2.2119,2.2214,1620397.2
2025-05-02 02:30:00+00:00,2.2214,2.2306,2.2213,2.2275,2048481.0
2025-05-02 03:00:00+00:00,2.2276,2.2336,2.224,2.2247,1296279.7
2025-05-02 03:30:00+00:00,2.2246,2.2289,2.2241,2.2244,1298897.0
2025-05-02 04:00:00+00:00,2.2245,2.2329,2.2245,2.2309,1096273.9
2025-05-02 04:30:00+00:00,2.2309,2.2309,2.2213,2.2243,1123088.7
2025-05-02 05:00:00+00:00,2.2243,2.231,2.2178,2.2209,1505902.7
2025-05-02 05:30:00+00:00,2.2209,2.2228,2.2094,2.2123,2099990.6
2025-05-02 06:00:00+00:00,2.2122,2.2169,2.2076,2.2161,1883300.2
2025-05-02 06:30:00+00:00,2.2161,2.2165,2.2045,2.2107,3111492.7
2025-05-02 07:00:00+00:00,2.2107,2.2138,2.2019,2.2049,2579974.3
2025-05-02 07:30:00+00:00,2.2048,2.2054,2.192,2.1945,3601127.8
2025-05-02 08:00:00+00:00,2.1946,2.2119,2.1938,2.2111,2067166.0
2025-05-02 08:30:00+00:00,2.2112,2.2162,2.2086,2.2132,1062767.7
2025-05-02 09:00:00+00:00,2.2132,2.2141,2.2071,2.2095,1008185.3
2025-05-02 09:30:00+00:00,2.2094,2.2108,2.2046,2.2084,1308679.7
2025-05-02 10:00:00+00:00,2.2084,2.2147,2.208,2.2135,1670600.8
2025-05-02 10:30:00+00:00,2.2134,2.2162,2.2095,2.2122,1214312.0
2025-05-02 11:00:00+00:00,2.2122,2.2172,2.2122,2.2135,1444891.4
2025-05-02 11:30:00+00:00,2.2134,2.22,2.2127,2.2151,1408214.3
2025-05-02 12:00:00+00:00,2.2151,2.2185,2.2089,2.2097,1609731.3
2025-05-02 12:30:00+00:00,2.2096,2.2226,2.206,2.2223,4438144.4
2025-05-02 13:00:00+00:00,2.2223,2.2235,2.2134,2.2175,2659438.6
2025-05-02 13:30:00+00:00,2.2175,2.2216,2.2114,2.2179,1919665.6
2025-05-02 14:00:00+00:00,2.2178,2.2361,2.2176,2.235,3157980.5
2025-05-02 14:30:00+00:00,2.235,2.2411,2.231,2.2342,3197726.9
2025-05-02 15:00:00+00:00,2.2343,2.2376,2.2092,2.2126,3136056.9
2025-05-02 15:30:00+00:00,2.2127,2.2224,2.2102,2.2163,1958911.4
2025-05-02 16:00:00+00:00,2.2164,2.236,2.2164,2.23,3041614.4
2025-05-02 16:30:00+00:00,2.23,2.2343,2.2238,2.2261,1857187.6
2025-05-02 17:00:00+00:00,2.226,2.226,2.2122,2.2154,2121969.0
2025-05-02 17:30:00+00:00,2.2154,2.2169,2.211,2.2147,1313047.0
2025-05-02 18:00:00+00:00,2.2147,2.2188,2.2113,2.2116,1176080.1
2025-05-02 18:30:00+00:00,2.2116,2.2188,2.2103,2.2129,1170908.9
2025-05-02 19:00:00+00:00,2.2128,2.2128,2.2026,2.2086,2177847.3
2025-05-02 19:30:00+00:00,2.2086,2.2095,2.2001,2.2093,1322958.8
2025-05-02 20:00:00+00:00,2.2092,2.2144,2.2018,2.2144,1523506.8
2025-05-02 20:30:00+00:00,2.2144,2.2166,2.2111,2.215,1285941.2
2025-05-02 21:00:00+00:00,2.2149,2.2154,2.2088,2.2095,608129.6
2025-05-02 21:30:00+00:00,2.2094,2.2106,2.1978,2.2028,1410875.1
2025-05-02 22:00:00+00:00,2.2028,2.2049,2.1993,2.2014,683521.5
2025-05-02 22:30:00+00:00,2.2014,2.2021,2.1951,2.1992,1079738.0
2025-05-02 23:00:00+00:00,2.1991,2.2085,2.1981,2.2055,1171006.7
2025-05-02 23:30:00+00:00,2.2053,2.2099,2.2049,2.2093,542694.1
2025-05-03 00:00:00+00:00,2.2093,2.2132,2.2064,2.2075,959787.5
2025-05-03 00:30:00+00:00,2.2075,2.2081,2.2011,2.2061,809890.3
2025-05-03 01:00:00+00:00,2.2062,2.2079,2.2,2.2014,735077.1
2025-05-03 01:30:00+00:00,2.2013,2.203,2.197,2.2024,873416.9
2025-05-03 02:00:00+00:00,2.2024,2.2126,2.2021,2.2119,1230557.0
2025-05-03 02:30:00+00:00,2.212,2.22,2.212,2.2186,1183087.8
2025-05-03 03:00:00+00:00,2.2185,2.2198,2.2113,2.2137,1184638.5
2025-05-03 03:30:00+00:00,2.2137,2.2151,2.211,2.2123,736027.5
2025-05-03 04:00:00+00:00,2.2123,2.2155,2.2106,2.2139,554611.2
2025-05-03 04:30:00+00:00,2.214,2.2187,2.2134,2.2173,557629.3
2025-05-03 05:00:00+00:00,2.2173,2.2174,2.2116,2.2131,402254.0
2025-05-03 05:30:00+00:00,2.2131,2.2158,2.2101,2.2118,342470.7
2025-05-03 06:00:00+00:00,2.2119,2.2122,2.2035,2.2042,570899.0
2025-05-03 06:30:00+00:00,2.2043,2.2081,2.2034,2.2044,414857.6
2025-05-03 07:00:00+00:00,2.2044,2.205,2.2,2.2017,599881.7
2025-05-03 07:30:00+00:00,2.2018,2.2051,2.2005,2.2034,836633.1
2025-05-03 08:00:00+00:00,2.2035,2.2045,2.1981,2.2039,1373944.1
2025-05-03 08:30:00+00:00,2.2039,2.2074,2.2019,2.2039,480481.2
2025-05-03 09:00:00+00:00,2.2039,2.2041,2.1994,2.2004,471630.6
2025-05-03 09:30:00+00:00,2.2003,2.201,2.1941,2.1995,945599.3
2025-05-03 10:00:00+00:00,2.1996,2.1996,2.194,2.1961,760080.8
2025-05-03 10:30:00+00:00,2.196,2.1986,2.1829,2.1846,3002362.5
2025-05-03 11:00:00+00:00,2.1847,2.195,2.1834,2.1907,1505083.9
2025-05-03 11:30:00+00:00,2.1906,2.193,2.1846,2.1881,1479330.2
2025-05-03 12:00:00+00:00,2.1881,2.1988,2.1879,2.1983,924300.2
2025-05-03 12:30:00+00:00,2.1983,2.1996,2.196,2.197,667751.6
2025-05-03 13:00:00+00:00,2.1971,2.2027,2.1963,2.2024,787496.0
2025-05-03 13:30:00+00:00,2.2025,2.2036,2.1988,2.2028,920684.0
2025-05-03 14:00:00+00:00,2.2027,2.2099,2.1999,2.2076,2130218.9
2025-05-03 14:30:00+00:00,2.2075,2.2145,2.2061,2.2115,2051064.5
2025-05-03 15:00:00+00:00,2.2115,2.2156,2.2093,2.2136,1006026.8
2025-05-03 15:30:00+00:00,2.2135,2.2146,2.2065,2.2095,858123.9
2025-05-03 16:00:00+00:00,2.2096,2.2112,2.204,2.2066,1146622.5
2025-05-03 16:30:00+00:00,2.2066,2.2066,2.195,2.2009,1046571.7
2025-05-03 17:00:00+00:00,2.2009,2.2009,2.176,2.1901,3901055.9
2025-05-03 17:30:00+00:00,2.19,2.192,2.1795,2.1911,1048002.0
2025-05-03 18:00:00+00:00,2.1911,2.1969,2.1869,2.1922,1154336.6
2025-05-03 18:30:00+00:00,2.1922,2.1922,2.18,2.1826,837802.7
2025-05-03 19:00:00+00:00,2.1826,2.1912,2.1794,2.191,719646.5
2025-05-03 19:30:00+00:00,2.191,2.1957,2.189,2.1936,577172.5
2025-05-03 20:00:00+00:00,2.1936,2.1958,2.1891,2.1956,650006.3
2025-05-03 20:30:00+00:00,2.1956,2.196,2.188,2.1923,369412.8
2025-05-03 21:00:00+00:00,2.1923,2.1993,2.1833,2.1991,1565512.7
2025-05-03 21:30:00+00:00,2.199,2.199,2.19,2.1915,754871.0
2025-05-03 22:00:00+00:00,2.1915,2.1927,2.1869,2.1904,1445682.4
2025-05-03 22:30:00+00:00,2.1905,2.1973,2.1904,2.1939,452453.9
2025-05-03 23:00:00+00:00,2.1939,2.1959,2.1863,2.1864,735325.4
2025-05-03 23:30:00+00:00,2.1863,2.1909,2.1845,2.1872,780995.4
2025-05-04 00:00:00+00:00,2.1872,2.1969,2.1848,2.1897,505543.5
2025-05-04 00:30:00+00:00,2.1897,2.1918,2.1844,2.1878,867780.3
2025-05-04 01:00:00+00:00,2.1877,2.199,2.185,2.1968,801384.8
2025-05-04 01:30:00+00:00,2.1967,2.2045,2.189,2.2034,948136.3
2025-05-04 02:00:00+00:00,2.2035,2.2188,2.2035,2.2106,1828404.1
2025-05-04 02:30:00+00:00,2.2106,2.2142,2.1962,2.2009,975640.5
2025-05-04 03:00:00+00:00,2.2009,2.201,2.1895,2.1941,1251133.0
2025-05-04 03:30:00+00:00,2.1941,2.2042,2.1941,2.1984,938207.9
2025-05-04 04:00:00+00:00,2.1985,2.2057,2.1975,2.2024,914159.0
2025-05-04 04:30:00+00:00,2.2025,2.2028,2.1917,2.1976,611383.0
2025-05-04 05:00:00+00:00,2.1976,2.2105,2.1965,2.2087,1080944.0
2025-05-04 05:30:00+00:00,2.2087,2.2125,2.2065,2.2079,1033872.1
2025-05-04 06:00:00+00:00,2.2079,2.2114,2.2019,2.2035,687750.5
2025-05-04 06:30:00+00:00,2.2035,2.2124,2.2017,2.2095,698048.4
2025-05-04 07:00:00+00:00,2.2095,2.2122,2.2078,2.2087,688769.6
2025-05-04 07:30:00+00:00,2.2087,2.2112,2.2028,2.2112,679720.1
2025-05-04 08:00:00+00:00,2.2111,2.2116,2.2001,2.2036,929756.4
2025-05-04 08:30:00+00:00,2.2037,2.2039,2.1914,2.1919,1480497.9
2025-05-04 09:00:00+00:00,2.1918,2.1919,2.1797,2.182,3320600.1
2025-05-04 09:30:00+00:00,2.182,2.184,2.1781,2.1801,1747270.7
2025-05-04 10:00:00+00:00,2.1801,2.1889,2.1793,2.1884,1400663.8
2025-05-04 10:30:00+00:00,2.1884,2.1904,2.1843,2.186,718318.7
2025-05-04 11:00:00+00:00,2.1859,2.1917,2.1819,2.19,1303566.9
2025-05-04 11:30:00+00:00,2.19,2.1919,2.187,2.1891,594028.1
2025-05-04 12:00:00+00:00,2.1892,2.1925,2.1842,2.1862,1048418.8
2025-05-04 12:30:00+00:00,2.1862,2.193,2.1857,2.1886,634216.6
2025-05-04 13:00:00+00:00,2.1887,2.1927,2.179,2.1821,1096863.8
2025-05-04 13:30:00+00:00,2.1821,2.1827,2.172,2.1801,1815683.9
2025-05-04 14:00:00+00:00,2.1801,2.1893,2.1783,2.189,787073.1
2025-05-04 14:30:00+00:00,2.189,2.1912,2.1866,2.1905,963458.4
2025-05-04 15:00:00+00:00,2.1905,2.2054,2.1897,2.1971,2175548.0
2025-05-04 15:30:00+00:00,2.1971,2.1997,2.1904,2.1969,725459.5
2025-05-04 16:00:00+00:00,2.197,2.1995,2.187,2.1908,1033110.8
2025-05-04 16:30:00+00:00,2.1909,2.1921,2.1808,2.1834,900396.0
2025-05-04 17:00:00+00:00,2.1834,2.1866,2.1788,2.1792,885064.3
2025-05-04 17:30:00+00:00,2.1792,2.1797,2.1691,2.1757,1650604.2
2025-05-04 18:00:00+00:00,2.1758,2.1836,2.1704,2.1735,1216584.2
2025-05-04 18:30:00+00:00,2.1735,2.1772,2.1677,2.1695,3140707.0
2025-05-04 19:00:00+00:00,2.1696,2.1719,2.1642,2.1709,2189651.6
2025-05-04 19:30:00+00:00,2.1709,2.1795,2.1702,2.1758,957367.5
2025-05-04 20:00:00+00:00,2.1758,2.1828,2.1723,2.1821,975675.6
2025-05-04 20:30:00+00:00,2.182,2.1844,2.1801,2.1844,1531738.8
2025-05-04 21:00:00+00:00,2.1844,2.1845,2.1754,2.1795,858771.3
2025-05-04 21:30:00+00:00,2.1796,2.1858,2.1786,2.1846,453704.4
2025-05-04 22:00:00+00:00,2.1846,2.1846,2.1601,2.1624,2407228.7
2025-05-04 22:30:00+00:00,2.1624,2.164,2.1549,2.1624,2012152.8
2025-05-04 23:00:00+00:00,2.1623,2.1649,2.1523,2.1538,1691537.9
2025-05-04 23:30:00+00:00,2.1538,2.16,2.151,2.156,1602273.7
2025-05-05 00:00:00+00:00,2.1561,2.1682,2.1548,2.1677,1520988.1
2025-05-05 00:30:00+00:00,2.1678,2.1704,2.1645,2.1675,939245.7
2025-05-05 01:00:00+00:00,2.1675,2.1686,2.1526,2.1527,1906259.8
2025-05-05 01:30:00+00:00,2.1527,2.1536,2.1335,2.1449,7778791.6
2025-05-05 02:00:00+00:00,2.1448,2.1573,2.1318,2.1559,4000920.3
2025-05-05 02:30:00+00:00,2.1559,2.1656,2.1559,2.1601,2304311.3
2025-05-05 03:00:00+00:00,2.16,2.161,2.1479,2.1486,1760787.2
2025-05-05 03:30:00+00:00,2.1486,2.1533,2.1471,2.1473,1823371.8
2025-05-05 04:00:00+00:00,2.1472,2.1581,2.1464,2.1577,2381372.9
2025-05-05 04:30:00+00:00,2.1577,2.1655,2.1571,2.1651,1192139.1
2025-05-05 05:00:00+00:00,2.165,2.168,2.1621,2.1675,1151352.5
2025-05-05 05:30:00+00:00,2.1674,2.1788,2.1658,2.1783,1986386.4
2025-05-05 06:00:00+00:00,2.1783,2.1858,2.1721,2.1728,3491616.5
2025-05-05 06:30:00+00:00,2.1728,2.1788,2.1723,2.174,1313245.2
2025-05-05 07:00:00+00:00,2.1739,2.1777,2.1705,2.175,1228990.3
2025-05-05 07:30:00+00:00,2.1749,2.1777,2.1718,2.1769,1073869.9
2025-05-05 08:00:00+00:00,2.177,2.1825,2.1746,2.1759,1296998.5
2025-05-05 08:30:00+00:00,2.176,2.1844,2.1747,2.184,2468153.8
2025-05-05 09:00:00+00:00,2.1841,2.2,2.1827,2.1895,2857604.0
2025-05-05 09:30:00+00:00,2.1895,2.1911,2.1766,2.1783,4967542.4
2025-05-05 10:00:00+00:00,2.1784,2.1795,2.1633,2.1638,4412308.2
2025-05-05 10:30:00+00:00,2.1638,2.168,2.1469,2.1543,4527460.0
2025-05-05 11:00:00+00:00,2.1543,2.1644,2.1471,2.149,3720151.4
2025-05-05 11:30:00+00:00,2.149,2.1519,2.1385,2.1427,4110663.7
2025-05-05 12:00:00+00:00,2.1427,2.1537,2.1333,2.1513,4008898.0
2025-05-05 12:30:00+00:00,2.1514,2.154,2.143,2.1488,3057878.6
2025-05-05 13:00:00+00:00,2.1487,2.1538,2.1388,2.1398,3716034.9
2025-05-05 13:30:00+00:00,2.1397,2.1446,2.1223,2.1409,8725640.0
2025-05-05 14:00:00+00:00,2.141,2.1519,2.1305,2.1357,4600225.1
2025-05-05 14:30:00+00:00,2.1357,2.1396,2.1267,2.1334,2353056.7
2025-05-05 15:00:00+00:00,2.1333,2.1395,2.124,2.1284,3757347.7
2025-05-05 15:30:00+00:00,2.1284,2.1312,2.1067,2.1151,6202746.0
2025-05-05 16:00:00+00:00,2.115,2.1364,2.114,2.133,2863569.9
2025-05-05 16:30:00+00:00,2.1331,2.1408,2.1307,2.1328,1526163.7
2025-05-05 17:00:00+00:00,2.1329,2.1429,2.1251,2.1414,1823295.3
2025-05-05 17:30:00+00:00,2.1413,2.1496,2.1406,2.1443,1710226.4
2025-05-05 18:00:00+00:00,2.1444,2.1499,2.1402,2.1497,873404.2
2025-05-05 18:30:00+00:00,2.1497,2.162,2.1484,2.1556,2217644.3
2025-05-05 19:00:00+00:00,2.1556,2.162,2.1513,2.1547,2292748.8
2025-05-05 19:30:00+00:00,2.1547,2.1561,2.1396,2.1414,1807157.3
2025-05-05 20:00:00+00:00,2.1414,2.1433,2.133,2.1341,2040139.7
2025-05-05 20:30:00+00:00,2.1341,2.1341,2.1153,2.1255,2083318.1
2025-05-05 21:00:00+00:00,2.1256,2.1404,2.1241,2.1351,2018152.9
2025-05-05 21:30:00+00:00,2.135,2.1393,2.1194,2.1349,1354365.1
2025-05-05 22:00:00+00:00,2.1348,2.1438,2.1343,2.1406,996383.1
2025-05-05 22:30:00+00:00,2.1407,2.1505,2.1407,2.1455,2133168.3
2025-05-05 23:00:00+00:00,2.1454,2.1479,2.14,2.1403,1551095.6
2025-05-05 23:30:00+00:00,2.1404,2.1418,2.1306,2.1306,1423206.0
2025-05-06 00:00:00+00:00,2.1306,2.1353,2.1261,2.1353,1898291.0
2025-05-06 00:30:00+00:00,2.1352,2.1355,2.1226,2.1287,1552628.1
2025-05-06 01:00:00+00:00,2.1288,2.1406,2.1228,2.1363,1788184.4
2025-05-06 01:30:00+00:00,2.1362,2.1369,2.1115,2.1127,3144446.2
2025-05-06 02:00:00+00:00,2.1127,2.1147,2.0939,2.1002,5809595.1
2025-05-06 02:30:00+00:00,2.1001,2.1147,2.0966,2.113,2787198.8
2025-05-06 03:00:00+00:00,2.113,2.1157,2.1058,2.1146,1537351.8
2025-05-06 03:30:00+00:00,2.1146,2.121,2.1139,2.1185,2402831.6
2025-05-06 04:00:00+00:00,2.1186,2.1233,2.1141,2.1227,1297591.8
2025-05-06 04:30:00+00:00,2.1227,2.1247,2.12,2.1228,1331045.6
2025-05-06 05:00:00+00:00,2.1227,2.1243,2.1148,2.1163,1296747.2
2025-05-06 05:30:00+00:00,2.1162,2.1172,2.1055,2.1063,2079307.5
2025-05-06 06:00:00+00:00,2.1064,2.1155,2.1056,2.1087,1851420.5
2025-05-06 06:30:00+00:00,2.1086,2.1094,2.1019,2.1071,2386228.6
2025-05-06 07:00:00+00:00,2.1071,2.1145,2.0969,2.0974,3088148.6
2025-05-06 07:30:00+00:00,2.0974,2.1051,2.0929,2.099,3242488.2
2025-05-06 08:00:00+00:00,2.0989,2.1034,2.0803,2.0871,5481766.3
2025-05-06 08:30:00+00:00,2.0871,2.0983,2.0871,2.097,2140247.8
2025-05-06 09:00:00+00:00,2.097,2.1012,2.0937,2.1004,999273.4
2025-05-06 09:30:00+00:00,2.1005,2.1087,2.0932,2.1065,1745844.0
2025-05-06 10:00:00+00:00,2.1065,2.1075,2.097,2.0992,1306922.1
2025-05-06 10:30:00+00:00,2.0992,2.1035,2.0876,2.0926,2207003.3
2025-05-06 11:00:00+00:00,2.0926,2.1046,2.0925,2.0959,1596855.2
2025-05-06 11:30:00+00:00,2.096,2.0981,2.083,2.0903,3019774.7
2025-05-06 12:00:00+00:00,2.0903,2.096,2.0864,2.0907,1444136.4
2025-05-06 12:30:00+00:00,2.0908,2.1035,2.0904,2.1013,1768849.7
2025-05-06 13:00:00+00:00,2.1013,2.1033,2.0856,2.0857,2153172.5
2025-05-06 13:30:00+00:00,2.0856,2.1012,2.0777,2.0854,4664466.8
2025-05-06 14:00:00+00:00,2.0854,2.1229,2.084,2.1133,5773426.4
2025-05-06 14:30:00+00:00,2.1133,2.1195,2.1032,2.1056,2420953.1
2025-05-06 15:00:00+00:00,2.1055,2.1177,2.1016,2.1167,1888580.0
2025-05-06 15:30:00+00:00,2.1166,2.121,2.1072,2.1109,1836307.6
2025-05-06 16:00:00+00:00,2.111,2.1203,2.1035,2.1156,1863602.3
2025-05-06 16:30:00+00:00,2.1156,2.1275,2.1103,2.1111,2256081.8
2025-05-06 17:00:00+00:00,2.1111,2.1273,2.1111,2.1264,1874888.5
2025-05-06 17:30:00+00:00,2.1263,2.1287,2.1179,2.1213,1371965.5
2025-05-06 18:00:00+00:00,2.1213,2.1385,2.1213,2.138,1506219.1
2025-05-06 18:30:00+00:00,2.1379,2.1422,2.1308,2.1415,1843584.7
2025-05-06 19:00:00+00:00,2.1415,2.1468,2.1344,2.1427,2431879.6
2025-05-06 19:30:00+00:00,2.1427,2.146,2.1346,2.1367,1261911.7
2025-05-06 20:00:00+00:00,2.1366,2.1407,2.1273,2.1276,1442127.2
2025-05-06 20:30:00+00:00,2.1277,2.1296,2.1216,2.1275,2082858.6
2025-05-06 21:00:00+00:00,2.1275,2.1327,2.113,2.113,1601247.3
2025-05-06 21:30:00+00:00,2.113,2.1247,2.1112,2.1189,1366969.5
2025-05-06 22:00:00+00:00,2.1188,2.1469,2.1184,2.1464,3686898.3
2025-05-06 22:30:00+00:00,2.1464,2.1517,2.1395,2.1491,2258533.7
2025-05-06 23:00:00+00:00,2.149,2.153,2.141,2.1503,2811970.9
2025-05-06 23:30:00+00:00,2.1502,2.1595,2.1477,2.155,2419391.0
2025-05-07 00:00:00+00:00,2.155,2.1706,2.1489,2.1653,3297891.6
2025-05-07 00:30:00+00:00,2.1654,2.1688,2.1613,2.167,1979398.0
2025-05-07 01:00:00+00:00,2.167,2.1716,2.1607,2.1644,1873115.5
2025-05-07 01:30:00+00:00,2.1644,2.1648,2.1563,2.158,1791438.1
2025-05-07 02:00:00+00:00,2.158,2.1591,2.1477,2.1483,1893040.7
2025-05-07 02:30:00+00:00,2.1483,2.1485,2.1429,2.1477,1683545.9
2025-05-07 03:00:00+00:00,2.1476,2.1488,2.1377,2.1437,2382040.2
2025-05-07 03:30:00+00:00,2.1436,2.1492,2.1427,2.148,1011526.8
2025-05-07 04:00:00+00:00,2.1479,2.1545,2.1479,2.1496,1353092.5
2025-05-07 04:30:00+00:00,2.1497,2.1498,2.143,2.1465,1130267.0
2025-05-07 05:00:00+00:00,2.1466,2.1466,2.1388,2.139,1640287.3
2025-05-07 05:30:00+00:00,2.139,2.1428,2.1311,2.1333,2793410.8
2025-05-07 06:00:00+00:00,2.1333,2.1391,2.1327,2.1343,1492047.0
2025-05-07 06:30:00+00:00,2.1343,2.1345,2.1284,2.1324,2302823.4
2025-05-07 07:00:00+00:00,2.1325,2.1388,2.1305,2.1371,3127154.0
2025-05-07 07:30:00+00:00,2.1371,2.1418,2.1358,2.1412,1983095.2
2025-05-07 08:00:00+00:00,2.1411,2.1418,2.1365,2.1388,1575957.2
2025-05-07 08:30:00+00:00,2.1389,2.1492,2.1383,2.1479,2193136.6
2025-05-07 09:00:00+00:00,2.1478,2.1514,2.1428,2.1436,1127363.1
2025-05-07 09:30:00+00:00,2.1436,2.1486,2.1413,2.1451,1284315.3
2025-05-07 10:00:00+00:00,2.1451,2.1456,2.1374,2.1379,1312674.1
2025-05-07 10:30:00+00:00,2.1379,2.1449,2.1359,2.1431,1248523.8
2025-05-07 11:00:00+00:00,2.143,2.1436,2.1381,2.1385,1118847.3
2025-05-07 11:30:00+00:00,2.1385,2.1429,2.1384,2.1428,1017787.3
2025-05-07 12:00:00+00:00,2.1429,2.1438,2.1356,2.1383,1637052.7
2025-05-07 12:30:00+00:00,2.1384,2.1384,2.1304,2.1343,2456065.8
2025-05-07 13:00:00+00:00,2.1343,2.1343,2.125,2.1259,1827711.1
2025-05-07 13:30:00+00:00,2.126,2.1394,2.1257,2.1351,2245605.5
2025-05-07 14:00:00+00:00,2.1351,2.1449,2.1336,2.144,1642632.6
2025-05-07 14:30:00+00:00,2.144,2.145,2.122,2.1288,2471731.6
2025-05-07 15:00:00+00:00,2.1288,2.13,2.1216,2.129,2071479.2
2025-05-07 15:30:00+00:00,2.1289,2.1333,2.1242,2.1268,1941122.3
2025-05-07 16:00:00+00:00,2.1268,2.1275,2.1131,2.1132,2728752.4
2025-05-07 16:30:00+00:00,2.1133,2.125,2.1125,2.1232,1743304.4
2025-05-07 17:00:00+00:00,2.1231,2.1259,2.1185,2.1209,1349850.7
2025-05-07 17:30:00+00:00,2.121,2.125,2.1087,2.1144,2427423.9
2025-05-07 18:00:00+00:00,2.1144,2.1273,2.1051,2.1231,6036307.1
2025-05-07 18:30:00+00:00,2.123,2.1346,2.1039,2.1235,4269956.0
2025-05-07 19:00:00+00:00,2.1236,2.1243,2.1074,2.1101,2892805.7
2025-05-07 19:30:00+00:00,2.11,2.1245,2.1055,2.1124,2133352.7
2025-05-07 20:00:00+00:00,2.1125,2.1191,2.1087,2.111,1086520.1
2025-05-07 20:30:00+00:00,2.111,2.1171,2.107,2.1171,1037071.5
2025-05-07 21:00:00+00:00,2.1172,2.1313,2.1171,2.1307,1249871.8
2025-05-07 21:30:00+00:00,2.1307,2.1347,2.1241,2.1301,1306470.5
2025-05-07 22:00:00+00:00,2.1301,2.1368,2.1276,2.1294,1534016.5
2025-05-07 22:30:00+00:00,2.1295,2.1333,2.1269,2.1276,943072.5
2025-05-07 23:00:00+00:00,2.1275,2.1364,2.1262,2.1308,1298672.3
2025-05-07 23:30:00+00:00,2.1308,2.1317,2.124,2.1265,815891.0
2025-05-08 00:00:00+00:00,2.1264,2.1295,2.1221,2.1282,1598568.3
2025-05-08 00:30:00+00:00,2.1283,2.1362,2.1176,2.1352,1974189.2
2025-05-08 01:00:00+00:00,2.1352,2.1478,2.1309,2.1443,3833052.7
2025-05-08 01:30:00+00:00,2.1442,2.1451,2.1355,2.1381,2974192.1
2025-05-08 02:00:00+00:00,2.1382,2.1636,2.1382,2.1612,4730129.6
2025-05-08 02:30:00+00:00,2.1612,2.1714,2.1604,2.1704,5503352.7
2025-05-08 03:00:00+00:00,2.1704,2.178,2.1664,2.1743,5221948.0
2025-05-08 03:30:00+00:00,2.1744,2.1857,2.1686,2.1857,3945370.4
2025-05-08 04:00:00+00:00,2.1856,2.2068,2.1856,2.1976,7422175.6
2025-05-08 04:30:00+00:00,2.1975,2.1975,2.1819,2.1822,5074002.7
2025-05-08 05:00:00+00:00,2.1823,2.1905,2.1799,2.1813,2843380.2
2025-05-08 05:30:00+00:00,2.1812,2.1823,2.1735,2.1749,3152054.0
2025-05-08 06:00:00+00:00,2.1749,2.1815,2.1726,2.1731,3054979.4
2025-05-08 06:30:00+00:00,2.1732,2.1769,2.1684,2.1767,3367698.2
2025-05-08 07:00:00+00:00,2.1766,2.192,2.1766,2.1906,3185423.9
2025-05-08 07:30:00+00:00,2.1906,2.198,2.1863,2.1889,2867581.7
2025-05-08 08:00:00+00:00,2.189,2.2092,2.1882,2.2081,4104618.7
2025-05-08 08:30:00+00:00,2.2081,2.2188,2.202,2.2117,3978690.7
2025-05-08 09:00:00+00:00,2.2117,2.2158,2.2033,2.2051,2782033.1
2025-05-08 09:30:00+00:00,2.2051,2.2114,2.2016,2.2099,2076273.1
2025-05-08 10:00:00+00:00,2.21,2.2172,2.208,2.2107,2698656.1
2025-05-08 10:30:00+00:00,2.2107,2.2168,2.2063,2.215,2520160.9
2025-05-08 11:00:00+00:00,2.215,2.2154,2.2047,2.2061,2680996.8
2025-05-08 11:30:00+00:00,2.2061,2.2097,2.203,2.2082,1949688.3
2025-05-08 12:00:00+00:00,2.2082,2.2216,2.2082,2.2167,4010224.2
2025-05-08 12:30:00+00:00,2.2168,2.22,2.205,2.2081,4073808.0
2025-05-08 13:00:00+00:00,2.2081,2.2152,2.2077,2.214,3746003.1
2025-05-08 13:30:00+00:00,2.214,2.219,2.2025,2.209,3516328.3
2025-05-08 14:00:00+00:00,2.209,2.2135,2.2028,2.2121,2529214.6
2025-05-08 14:30:00+00:00,2.2122,2.2392,2.2099,2.2227,7320496.2
2025-05-08 15:00:00+00:00,2.2226,2.2689,2.2225,2.2528,9142894.1
2025-05-08 15:30:00+00:00,2.2529,2.275,2.2427,2.2437,13590139.4
2025-05-08 16:00:00+00:00,2.2437,2.2554,2.2367,2.2405,6504949.9
2025-05-08 16:30:00+00:00,2.2405,2.2618,2.2357,2.2519,5060406.8
2025-05-08 17:00:00+00:00,2.2519,2.2526,2.2408,2.2471,4151332.4
2025-05-08 17:30:00+00:00,2.2471,2.2489,2.2272,2.2325,4682938.3
2025-05-08 18:00:00+00:00,2.2326,2.2448,2.2321,2.2397,2249712.9
2025-05-08 18:30:00+00:00,2.2397,2.2535,2.2388,2.2487,2450164.1
2025-05-08 19:00:00+00:00,2.2487,2.2586,2.2419,2.2511,3257074.5
2025-05-08 19:30:00+00:00,2.2511,2.275,2.247,2.274,5018504.3
2025-05-08 20:00:00+00:00,2.274,2.2778,2.2583,2.2741,6004016.3
2025-05-08 20:30:00+00:00,2.274,2.3199,2.2739,2.3118,12753940.6
2025-05-08 21:00:00+00:00,2.3118,2.3297,2.2881,2.3081,11165269.5
2025-05-08 21:30:00+00:00,2.3082,2.3208,2.2915,2.3023,7523554.1
2025-05-08 22:00:00+00:00,2.3024,2.3065,2.2896,2.2922,4662855.2
2025-05-08 22:30:00+00:00,2.2921,2.3017,2.2812,2.2947,4252642.6
2025-05-08 23:00:00+00:00,2.2946,2.3108,2.2888,2.309,3782802.2
2025-05-08 23:30:00+00:00,2.309,2.3284,2.3071,2.3272,5465830.8
2025-05-09 00:00:00+00:00,2.3272,2.333,2.3039,2.3049,7431536.8
2025-05-09 00:30:00+00:00,2.305,2.3219,2.3022,2.3171,4873607.2
2025-05-09 01:00:00+00:00,2.317,2.329,2.3075,2.3128,5365954.7
2025-05-09 01:30:00+00:00,2.3127,2.3186,2.302,2.3181,3509482.3
2025-05-09 02:00:00+00:00,2.3181,2.3205,2.3022,2.3036,4596235.2
2025-05-09 02:30:00+00:00,2.3036,2.3127,2.3023,2.3089,3660154.6
2025-05-09 03:00:00+00:00,2.3089,2.331,2.3082,2.327,6228833.3
2025-05-09 03:30:00+00:00,2.3271,2.3271,2.2917,2.2945,5604575.3
2025-05-09 04:00:00+00:00,2.2945,2.3117,2.2931,2.307,4077129.8
2025-05-09 04:30:00+00:00,2.307,2.3075,2.2956,2.3018,2661459.1
2025-05-09 05:00:00+00:00,2.3018,2.3036,2.2845,2.2921,4654063.6
2025-05-09 05:30:00+00:00,2.2922,2.2986,2.289,2.2965,3222961.2
2025-05-09 06:00:00+00:00,2.2966,2.3106,2.2943,2.3083,3142405.8
2025-05-09 06:30:00+00:00,2.3082,2.3135,2.303,2.3114,2285200.4
2025-05-09 07:00:00+00:00,2.3115,2.3479,2.31,2.3468,9203024.0
2025-05-09 07:30:00+00:00,2.3468,2.3567,2.3313,2.3384,9147367.4
2025-05-09 08:00:00+00:00,2.3384,2.425,2.3358,2.4075,18462198.1
2025-05-09 08:30:00+00:00,2.4075,2.4273,2.3347,2.3679,23856865.2
2025-05-09 09:00:00+00:00,2.3679,2.391,2.3344,2.3445,12159807.0
2025-05-09 09:30:00+00:00,2.3445,2.3676,2.343,2.3576,5265240.5
2025-05-09 10:00:00+00:00,2.3576,2.3752,2.352,2.3714,5274805.2
2025-05-09 10:30:00+00:00,2.3714,2.4152,2.3685,2.4039,12065607.9
2025-05-09 11:00:00+00:00,2.4038,2.4291,2.3777,2.3975,18127713.1
2025-05-09 11:30:00+00:00,2.3975,2.4107,2.385,2.395,6345145.7
2025-05-09 12:00:00+00:00,2.3949,2.3986,2.3723,2.3902,5838316.2
2025-05-09 12:30:00+00:00,2.3901,2.3966,2.3804,2.3819,3640165.5
2025-05-09 13:00:00+00:00,2.3819,2.3952,2.3715,2.3786,5364968.2
2025-05-09 13:30:00+00:00,2.3786,2.4064,2.3682,2.3898,8958673.0
2025-05-09 14:00:00+00:00,2.3897,2.3931,2.3527,2.3541,8051961.0
2025-05-09 14:30:00+00:00,2.3541,2.3675,2.3344,2.3549,9514043.7
2025-05-09 15:00:00+00:00,2.355,2.3615,2.3359,2.3449,5551522.9
2025-05-09 15:30:00+00:00,2.3449,2.3517,2.3311,2.3495,4971853.3
2025-05-09 16:00:00+00:00,2.3496,2.3505,2.3247,2.3418,5753814.4
2025-05-09 16:30:00+00:00,2.3419,2.347,2.3224,2.3268,4040569.6
2025-05-09 17:00:00+00:00,2.3268,2.3553,2.3235,2.3548,4403505.7
2025-05-09 17:30:00+00:00,2.3548,2.3679,2.3507,2.3642,3426183.5
2025-05-09 18:00:00+00:00,2.3641,2.3648,2.3468,2.353,1951704.5
2025-05-09 18:30:00+00:00,2.3531,2.3671,2.3527,2.3598,2914730.1
2025-05-09 19:00:00+00:00,2.3599,2.3613,2.3422,2.3514,2756688.3
2025-05-09 19:30:00+00:00,2.3515,2.358,2.3456,2.358,1279655.6
2025-05-09 20:00:00+00:00,2.358,2.3614,2.3547,2.3609,1222691.9
2025-05-09 20:30:00+00:00,2.3608,2.3615,2.348,2.3592,1258538.8
2025-05-09 21:00:00+00:00,2.3591,2.3629,2.342,2.3535,1540205.3
2025-05-09 21:30:00+00:00,2.3536,2.3571,2.3451,2.3504,1198799.4
2025-05-09 22:00:00+00:00,2.3504,2.3546,2.3449,2.3524,1107750.8
2025-05-09 22:30:00+00:00,2.3524,2.3543,2.3391,2.3398,1378309.7
2025-05-09 23:00:00+00:00,2.3398,2.3475,2.3315,2.3456,1583649.8
2025-05-09 23:30:00+00:00,2.3457,2.347,2.3391,2.3439,1555748.9
2025-05-10 00:00:00+00:00,2.3438,2.3744,2.3435,2.3629,5586340.9
2025-05-10 00:30:00+00:00,2.3629,2.3638,2.3359,2.3408,3074720.5
2025-05-10 01:00:00+00:00,2.3408,2.363,2.3402,2.3611,2090864.3
2025-05-10 01:30:00+00:00,2.3611,2.3628,2.3433,2.3496,1399018.9
2025-05-10 02:00:00+00:00,2.3497,2.3615,2.345,2.3609,1132220.7
2025-05-10 02:30:00+00:00,2.361,2.3799,2.3593,2.3719,4754537.9
2025-05-10 03:00:00+00:00,2.3719,2.3746,2.3614,2.3647,1311813.2
2025-05-10 03:30:00+00:00,2.3647,2.3714,2.359,2.3672,1250344.1
2025-05-10 04:00:00+00:00,2.3672,2.3673,2.35,2.3598,2776262.0
2025-05-10 04:30:00+00:00,2.3597,2.3662,2.3561,2.3656,765505.0
2025-05-10 05:00:00+00:00,2.3656,2.3673,2.3549,2.3558,1239833.7
2025-05-10 05:30:00+00:00,2.3559,2.3733,2.3526,2.3729,2270450.9
2025-05-10 06:00:00+00:00,2.3729,2.3907,2.3727,2.3871,5561736.0
2025-05-10 06:30:00+00:00,2.3872,2.3951,2.3767,2.3942,3127025.5
2025-05-10 07:00:00+00:00,2.3942,2.395,2.3747,2.3777,3473383.5
2025-05-10 07:30:00+00:00,2.3777,2.3964,2.3757,2.3897,3848572.8
2025-05-10 08:00:00+00:00,2.3898,2.4045,2.3883,2.4013,4796230.0
2025-05-10 08:30:00+00:00,2.4013,2.4013,2.3716,2.3807,3734665.0
2025-05-10 09:00:00+00:00,2.3808,2.3827,2.368,2.3796,2798865.7
2025-05-10 09:30:00+00:00,2.3796,2.395,2.3769,2.3898,2766255.1
2025-05-10 10:00:00+00:00,2.3898,2.44,2.3879,2.406,16035552.3
2025-05-10 10:30:00+00:00,2.406,2.422,2.391,2.3919,4405703.3
2025-05-10 11:00:00+00:00,2.3919,2.408,2.3814,2.3852,3654791.9
2025-05-10 11:30:00+00:00,2.3852,2.3854,2.3698,2.3799,5904959.8
2025-05-10 12:00:00+00:00,2.3798,2.4041,2.3798,2.4013,2993463.8
2025-05-10 12:30:00+00:00,2.4014,2.4038,2.3907,2.3997,2081820.0
2025-05-10 13:00:00+00:00,2.3996,2.4129,2.3981,2.4123,2789816.6
2025-05-10 13:30:00+00:00,2.4123,2.414,2.4045,2.4083,3162093.0
2025-05-10 14:00:00+00:00,2.4083,2.4208,2.403,2.4071,3916607.1
2025-05-10 14:30:00+00:00,2.407,2.413,2.4014,2.413,2402214.1
2025-05-10 15:00:00+00:00,2.413,2.4147,2.3945,2.4026,2983477.2
2025-05-10 15:30:00+00:00,2.4025,2.4059,2.3911,2.3973,2946014.8
2025-05-10 16:00:00+00:00,2.3974,2.4205,2.3946,2.4139,4017452.9
2025-05-10 16:30:00+00:00,2.4139,2.4248,2.4081,2.4218,3644122.9
2025-05-10 17:00:00+00:00,2.4218,2.4452,2.4203,2.438,8699200.2
2025-05-10 17:30:00+00:00,2.4379,2.4496,2.4127,2.4204,9239681.0
2025-05-10 18:00:00+00:00,2.4203,2.4408,2.4179,2.425,3217056.6
2025-05-10 18:30:00+00:00,2.425,2.4286,2.4102,2.4245,2954560.9
2025-05-10 19:00:00+00:00,2.4244,2.428,2.4113,2.4115,1721272.1
2025-05-10 19:30:00+00:00,2.4115,2.4238,2.4091,2.4196,1376365.9
2025-05-10 20:00:00+00:00,2.4197,2.4203,2.4042,2.4103,2390669.5
2025-05-10 20:30:00+00:00,2.4104,2.4246,2.4098,2.4239,1157468.9
2025-05-10 21:00:00+00:00,2.424,2.4317,2.4201,2.4228,2422369.3
2025-05-10 21:30:00+00:00,2.4229,2.443,2.418,2.4392,2460936.6
2025-05-10 22:00:00+00:00,2.4392,2.4433,2.4279,2.4337,2492208.9
2025-05-10 22:30:00+00:00,2.4338,2.4497,2.4333,2.4487,3362075.0
2025-05-10 23:00:00+00:00,2.4487,2.4738,2.4457,2.4687,8907491.7
2025-05-10 23:30:00+00:00,2.4686,2.477,2.4519,2.4711,4486454.1
2025-05-11 00:00:00+00:00,2.4711,2.4844,2.4018,2.4052,14777572.8
2025-05-11 00:30:00+00:00,2.4052,2.436,2.4051,2.4269,8639178.9
2025-05-11 01:00:00+00:00,2.4269,2.4406,2.413,2.4284,4219059.0
2025-05-11 01:30:00+00:00,2.4284,2.4365,2.3949,2.4067,6246046.1
2025-05-11 02:00:00+00:00,2.4066,2.4167,2.3952,2.412,3044818.9
2025-05-11 02:30:00+00:00,2.412,2.4201,2.3829,2.3947,6580658.7
2025-05-11 03:00:00+00:00,2.3946,2.4079,2.3834,2.4072,2568678.7
2025-05-11 03:30:00+00:00,2.4073,2.4129,2.3973,2.4022,2919566.5
2025-05-11 04:00:00+00:00,2.4023,2.4166,2.4013,2.4131,2887192.5
2025-05-11 04:30:00+00:00,2.4131,2.4176,2.4034,2.4175,2140860.4
2025-05-11 05:00:00+00:00,2.4175,2.418,2.408,2.4109,1696760.9
2025-05-11 05:30:00+00:00,2.4108,2.416,2.4041,2.405,1272522.9
2025-05-11 06:00:00+00:00,2.405,2.4055,2.387,2.4004,3532293.9
2025-05-11 06:30:00+00:00,2.4004,2.4004,2.3718,2.3861,5655143.0
2025-05-11 07:00:00+00:00,2.386,2.386,2.3584,2.3639,7741574.7
2025-05-11 07:30:00+00:00,2.364,2.3716,2.3416,2.3549,6232754.4
2025-05-11 08:00:00+00:00,2.3549,2.3718,2.354,2.3599,2943503.1
2025-05-11 08:30:00+00:00,2.36,2.3645,2.3487,2.3562,2999821.5
2025-05-11 09:00:00+00:00,2.3563,2.3724,2.3519,2.371,2225074.7
2025-05-11 09:30:00+00:00,2.371,2.3768,2.369,2.3715,2366979.0
2025-05-11 10:00:00+00:00,2.3715,2.3768,2.3628,2.3765,2185824.1
2025-05-11 10:30:00+00:00,2.3766,2.3779,2.3665,2.376,1890493.2
2025-05-11 11:00:00+00:00,2.3761,2.3813,2.3697,2.3767,4199527.3
2025-05-11 11:30:00+00:00,2.3767,2.3873,2.3737,2.3863,2657976.3
2025-05-11 12:00:00+00:00,2.3864,2.3892,2.3742,2.3776,2481881.5
2025-05-11 12:30:00+00:00,2.3777,2.3817,2.3722,2.378,2553487.8
2025-05-11 13:00:00+00:00,2.378,2.3884,2.3666,2.3693,2929188.1
2025-05-11 13:30:00+00:00,2.3694,2.3725,2.3455,2.3467,5437977.8
2025-05-11 14:00:00+00:00,2.3467,2.362,2.3456,2.3564,2520095.4
2025-05-11 14:30:00+00:00,2.3564,2.3667,2.3541,2.3603,1786801.0
2025-05-11 15:00:00+00:00,2.3603,2.3741,2.3587,2.3647,1941624.5
2025-05-11 15:30:00+00:00,2.3646,2.3666,2.3315,2.3473,6186942.6
2025-05-11 16:00:00+00:00,2.3473,2.3552,2.3283,2.3537,5956171.4
2025-05-11 16:30:00+00:00,2.3537,2.3563,2.3362,2.3483,2987594.6
2025-05-11 17:00:00+00:00,2.3484,2.36,2.3411,2.3558,2782743.8
2025-05-11 17:30:00+00:00,2.3557,2.369,2.3549,2.3675,3451626.6
2025-05-11 18:00:00+00:00,2.3676,2.3683,2.3576,2.3604,1232332.6
2025-05-11 18:30:00+00:00,2.3603,2.3811,2.3534,2.3745,2556585.0
2025-05-11 19:00:00+00:00,2.3746,2.3794,2.3709,2.379,1692452.6
2025-05-11 19:30:00+00:00,2.379,2.3841,2.3703,2.3715,2147025.3
2025-05-11 20:00:00+00:00,2.3716,2.3737,2.3623,2.3684,1369449.8
2025-05-11 20:30:00+00:00,2.3684,2.379,2.3649,2.3708,1886578.9
2025-05-11 21:00:00+00:00,2.3707,2.3726,2.361,2.3667,1633545.2
2025-05-11 21:30:00+00:00,2.3668,2.3725,2.3603,2.3709,907561.8
2025-05-11 22:00:00+00:00,2.3709,2.3802,2.3617,2.3655,2159886.3
2025-05-11 22:30:00+00:00,2.3654,2.3689,2.356,2.3668,1534736.3
2025-05-11 23:00:00+00:00,2.3668,2.375,2.3661,2.3702,1584712.2
2025-05-11 23:30:00+00:00,2.3703,2.3705,2.3622,2.367,1237596.9
2025-05-12 00:00:00+00:00,2.3671,2.3841,2.3635,2.3837,4689425.8
2025-05-12 00:30:00+00:00,2.3836,2.396,2.3821,2.3958,3922800.2
2025-05-12 01:00:00+00:00,2.3957,2.4082,2.3745,2.3797,7321081.2
2025-05-12 01:30:00+00:00,2.3798,2.3801,2.3515,2.3731,4517171.3
2025-05-12 02:00:00+00:00,2.3732,2.3949,2.3729,2.3878,3956759.3
2025-05-12 02:30:00+00:00,2.3878,2.3998,2.3816,2.3931,5169585.0
2025-05-12 03:00:00+00:00,2.3931,2.403,2.3787,2.3935,4929016.2
2025-05-12 03:30:00+00:00,2.3936,2.3999,2.3882,2.3961,2376958.6
2025-05-12 04:00:00+00:00,2.3961,2.415,2.392,2.3955,5854463.1
2025-05-12 04:30:00+00:00,2.3955,2.4087,2.3902,2.4018,3785137.0
2025-05-12 05:00:00+00:00,2.4019,2.4056,2.3848,2.3873,3120751.0
2025-05-12 05:30:00+00:00,2.3873,2.3939,2.3745,2.3871,3751404.2
2025-05-12 06:00:00+00:00,2.3872,2.402,2.3807,2.3997,6097598.6
2025-05-12 06:30:00+00:00,2.3997,2.4034,2.3957,2.3977,3150984.1
2025-05-12 07:00:00+00:00,2.3977,2.4469,2.3977,2.4445,19823501.4
2025-05-12 07:30:00+00:00,2.4446,2.455,2.3914,2.4136,17838465.5
2025-05-12 08:00:00+00:00,2.4136,2.415,2.3911,2.4035,6998834.2
2025-05-12 08:30:00+00:00,2.4036,2.4296,2.398,2.4245,7349194.6
2025-05-12 09:00:00+00:00,2.4245,2.433,2.4227,2.4291,6190488.9
2025-05-12 09:30:00+00:00,2.4291,2.43,2.4171,2.4207,2380045.4
2025-05-12 10:00:00+00:00,2.4207,2.4299,2.4122,2.4188,5821965.1
2025-05-12 10:30:00+00:00,2.4188,2.4357,2.4161,2.4346,3333427.4
2025-05-12 11:00:00+00:00,2.4345,2.4755,2.4304,2.4708,14410276.5
2025-05-12 11:30:00+00:00,2.4709,2.4849,2.4404,2.449,18144511.6
2025-05-12 12:00:00+00:00,2.4489,2.5559,2.4479,2.5463,33104974.3
2025-05-12 12:30:00+00:00,2.5463,2.595,2.5236,2.561,31732446.4
2025-05-12 13:00:00+00:00,2.5611,2.6549,2.5565,2.6085,33007342.3
2025-05-12 13:30:00+00:00,2.6085,2.627,2.5598,2.6037,29263835.0
2025-05-12 14:00:00+00:00,2.6037,2.6197,2.5289,2.5429,26149514.3
2025-05-12 14:30:00+00:00,2.5429,2.5949,2.5248,2.5443,23009372.6
2025-05-12 15:00:00+00:00,2.5443,2.5826,2.521,2.569,25079045.1
2025-05-12 15:30:00+00:00,2.5689,2.6026,2.5583,2.5929,14983615.7
2025-05-12 16:00:00+00:00,2.5929,2.6078,2.5544,2.5842,10226299.4
2025-05-12 16:30:00+00:00,2.5841,2.6138,2.5833,2.5903,8831534.5
2025-05-12 17:00:00+00:00,2.5903,2.6113,2.576,2.599,7235371.5
2025-05-12 17:30:00+00:00,2.599,2.6144,2.5578,2.5633,10514580.2
2025-05-12 18:00:00+00:00,2.5632,2.5809,2.5121,2.5173,12101028.3
2025-05-12 18:30:00+00:00,2.5173,2.5312,2.43,2.4678,28807551.3
2025-05-12 19:00:00+00:00,2.4678,2.4983,2.4583,2.4787,9370420.4
2025-05-12 19:30:00+00:00,2.4788,2.5343,2.475,2.5329,7868048.5
2025-05-12 20:00:00+00:00,2.5329,2.5332,2.5022,2.5258,6608292.9
2025-05-12 20:30:00+00:00,2.5258,2.5487,2.5207,2.5299,6264838.4
2025-05-12 21:00:00+00:00,2.5299,2.5372,2.5209,2.5263,3802497.8
2025-05-12 21:30:00+00:00,2.5264,2.5444,2.5215,2.5369,3234357.5
2025-05-12 22:00:00+00:00,2.5369,2.544,2.5264,2.5396,3053753.1
2025-05-12 22:30:00+00:00,2.5396,2.5563,2.5285,2.5298,3918571.0
2025-05-12 23:00:00+00:00,2.5299,2.54,2.5242,2.5389,2408857.8
2025-05-12 23:30:00+00:00,2.5388,2.549,2.5243,2.5439,2440827.9
2025-05-13 00:00:00+00:00,2.544,2.5459,2.5031,2.5127,5890348.7
2025-05-13 00:30:00+00:00,2.5127,2.5135,2.4904,2.4933,4987038.5
2025-05-13 01:00:00+00:00,2.4932,2.506,2.48,2.4809,4088476.5
2025-05-13 01:30:00+00:00,2.4809,2.485,2.4522,2.4701,7108065.4
2025-05-13 02:00:00+00:00,2.47,2.4804,2.4267,2.4571,12068817.2
2025-05-13 02:30:00+00:00,2.4572,2.4584,2.4316,2.4513,5354995.3
2025-05-13 03:00:00+00:00,2.4512,2.4634,2.4299,2.4362,4606698.4
2025-05-13 03:30:00+00:00,2.4363,2.4476,2.429,2.43,5244973.3
2025-05-13 04:00:00+00:00,2.4299,2.4614,2.4215,2.4602,6597486.3
2025-05-13 04:30:00+00:00,2.4603,2.4875,2.4595,2.4852,5903902.6
2025-05-13 05:00:00+00:00,2.4852,2.4909,2.4771,2.4901,3423382.9
2025-05-13 05:30:00+00:00,2.4901,2.4904,2.4676,2.4851,3489455.7
2025-05-13 06:00:00+00:00,2.4852,2.5103,2.4852,2.4938,6500680.3
2025-05-13 06:30:00+00:00,2.4937,2.5087,2.4921,2.4991,2923407.6
2025-05-13 07:00:00+00:00,2.499,2.5156,2.4956,2.5005,3945232.1
2025-05-13 07:30:00+00:00,2.5004,2.5062,2.4919,2.4987,3784124.2
2025-05-13 08:00:00+00:00,2.4988,2.509,2.4888,2.4911,3126671.2
2025-05-13 08:30:00+00:00,2.4911,2.5098,2.4864,2.4999,3185564.5
2025-05-13 09:00:00+00:00,2.4999,2.549,2.498,2.5426,4898127.5
2025-05-13 09:30:00+00:00,2.5426,2.565,2.5333,2.5457,9957768.4
2025-05-13 10:00:00+00:00,2.5458,2.5565,2.5293,2.5508,5365075.0
2025-05-13 10:30:00+00:00,2.5509,2.5676,2.5446,2.5528,4968157.3
2025-05-13 11:00:00+00:00,2.5527,2.5578,2.5404,2.5458,3851453.5
2025-05-13 11:30:00+00:00,2.5458,2.5519,2.526,2.5344,5142451.8
2025-05-13 12:00:00+00:00,2.5345,2.5411,2.5159,2.5265,4401090.7
2025-05-13 12:30:00+00:00,2.5265,2.563,2.5186,2.544,10271221.0
2025-05-13 13:00:00+00:00,2.544,2.555,2.5322,2.5501,2874181.9
2025-05-13 13:30:00+00:00,2.5502,2.559,2.5284,2.5398,4391263.4
2025-05-13 14:00:00+00:00,2.5399,2.5412,2.5061,2.5314,6041347.0
2025-05-13 14:30:00+00:00,2.5314,2.5347,2.5047,2.5224,3557481.7
2025-05-13 15:00:00+00:00,2.5224,2.552,2.5186,2.5415,4706337.1
2025-05-13 15:30:00+00:00,2.5415,2.5459,2.5296,2.5433,3662868.4
2025-05-13 16:00:00+00:00,2.5433,2.5753,2.5409,2.56,7759527.8
2025-05-13 16:30:00+00:00,2.56,2.5653,2.5488,2.5516,3664546.9
2025-05-13 17:00:00+00:00,2.5516,2.5698,2.5504,2.5536,4276932.7
2025-05-13 17:30:00+00:00,2.5535,2.5561,2.535,2.5553,3528262.2
2025-05-13 18:00:00+00:00,2.5553,2.569,2.5539,2.5614,3456818.6
2025-05-13 18:30:00+00:00,2.5613,2.573,2.557,2.5723,2316797.5
2025-05-13 19:00:00+00:00,2.5723,2.5879,2.5601,2.5854,3535220.1
2025-05-13 19:30:00+00:00,2.5853,2.6053,2.5636,2.5811,9895546.7
2025-05-13 20:00:00+00:00,2.581,2.5855,2.5586,2.5849,4811436.3
2025-05-13 20:30:00+00:00,2.5849,2.5943,2.5801,2.5826,3245754.0
2025-05-13 21:00:00+00:00,2.5825,2.584,2.5635,2.574,3819827.8
2025-05-13 21:30:00+00:00,2.574,2.5817,2.5681,2.5764,1373000.0
2025-05-13 22:00:00+00:00,2.5763,2.5782,2.5623,2.5671,1962189.4
2025-05-13 22:30:00+00:00,2.5671,2.5855,2.5647,2.5796,2395542.7
2025-05-13 23:00:00+00:00,2.5796,2.5984,2.5639,2.5898,4129872.5
2025-05-13 23:30:00+00:00,2.5898,2.602,2.5818,2.5829,4361618.3
2025-05-14 00:00:00+00:00,2.5828,2.5882,2.5685,2.5732,3962475.4
2025-05-14 00:30:00+00:00,2.5733,2.5768,2.5592,2.568,3155249.2
2025-05-14 01:00:00+00:00,2.5681,2.592,2.5631,2.5782,4143758.9
2025-05-14 01:30:00+00:00,2.5783,2.5971,2.5612,2.5643,5433470.2
2025-05-14 02:00:00+00:00,2.5643,2.5697,2.5406,2.5459,5758639.8
2025-05-14 02:30:00+00:00,2.546,2.5639,2.543,2.555,2433906.3
2025-05-14 03:00:00+00:00,2.5551,2.557,2.5415,2.5463,3875075.4
2025-05-14 03:30:00+00:00,2.5462,2.5577,2.5431,2.5571,2184841.2
2025-05-14 04:00:00+00:00,2.557,2.5696,2.5472,2.569,3249737.1
2025-05-14 04:30:00+00:00,2.5689,2.58,2.5652,2.5769,2710605.8
2025-05-14 05:00:00+00:00,2.577,2.5838,2.5701,2.5738,1872605.9
2025-05-14 05:30:00+00:00,2.5737,2.589,2.5724,2.5864,3252225.5
2025-05-14 06:00:00+00:00,2.5863,2.5986,2.5821,2.5887,4288216.6
2025-05-14 06:30:00+00:00,2.5886,2.5927,2.5802,2.5913,2923090.6
2025-05-14 07:00:00+00:00,2.5913,2.5949,2.565,2.5684,5032352.4
2025-05-14 07:30:00+00:00,2.5685,2.6358,2.5621,2.6191,11259917.8
2025-05-14 08:00:00+00:00,2.6192,2.64,2.5967,2.6087,17581905.0
2025-05-14 08:30:00+00:00,2.6087,2.618,2.5671,2.5697,11059757.0
2025-05-14 09:00:00+00:00,2.5698,2.5945,2.5618,2.5931,7441931.4
2025-05-14 09:30:00+00:00,2.593,2.6516,2.5894,2.6282,17198596.5
2025-05-14 10:00:00+00:00,2.6282,2.6398,2.6094,2.6219,5956102.2
2025-05-14 10:30:00+00:00,2.622,2.6235,2.5975,2.6031,4163254.0
2025-05-14 11:00:00+00:00,2.6032,2.6171,2.6013,2.6171,3129988.0
2025-05-14 11:30:00+00:00,2.6171,2.623,2.6083,2.6142,3057634.6
2025-05-14 12:00:00+00:00,2.6143,2.6254,2.607,2.6189,2917649.5
2025-05-14 12:30:00+00:00,2.6188,2.6262,2.585,2.5926,4876222.1
2025-05-14 13:00:00+00:00,2.5926,2.5942,2.5774,2.5884,4921608.9
2025-05-14 13:30:00+00:00,2.5884,2.5998,2.5535,2.5783,11247954.1
2025-05-14 14:00:00+00:00,2.5784,2.581,2.5462,2.5609,7375377.6
2025-05-14 14:30:00+00:00,2.5609,2.5755,2.5513,2.5674,4085182.9
2025-05-14 15:00:00+00:00,2.5675,2.5746,2.5515,2.5587,3252626.2
2025-05-14 15:30:00+00:00,2.5586,2.5662,2.5497,2.5616,2599301.4
2025-05-14 16:00:00+00:00,2.5615,2.5709,2.5483,2.5524,4104051.8
2025-05-14 16:30:00+00:00,2.5524,2.5612,2.5325,2.5486,4780875.8
2025-05-14 17:00:00+00:00,2.5487,2.552,2.5194,2.5348,6188049.4
2025-05-14 17:30:00+00:00,2.5349,2.5524,2.5314,2.5522,2124322.5
2025-05-14 18:00:00+00:00,2.5523,2.5627,2.5432,2.5492,2273306.7
2025-05-14 18:30:00+00:00,2.5493,2.5632,2.5484,2.5626,1995422.8
2025-05-14 19:00:00+00:00,2.5627,2.568,2.5591,2.5601,1360586.1
2025-05-14 19:30:00+00:00,2.56,2.5693,2.5561,2.5669,1779686.5
2025-05-14 20:00:00+00:00,2.5669,2.5676,2.5561,2.5636,1515136.7
2025-05-14 20:30:00+00:00,2.5635,2.5721,2.5585,2.5611,2072333.7
2025-05-14 21:00:00+00:00,2.561,2.5616,2.5462,2.5541,2089328.9
2025-05-14 21:30:00+00:00,2.5541,2.5642,2.5508,2.5626,1444742.6
2025-05-14 22:00:00+00:00,2.5625,2.5656,2.5558,2.5582,1338318.0
2025-05-14 22:30:00+00:00,2.5581,2.5584,2.5466,2.5491,1012087.1
2025-05-14 23:00:00+00:00,2.5492,2.5535,2.5365,2.55,1841112.0
2025-05-14 23:30:00+00:00,2.5499,2.555,2.5496,2.5503,1279107.3
2025-05-15 00:00:00+00:00,2.5504,2.5689,2.5485,2.5658,3164496.1
2025-05-15 00:30:00+00:00,2.5658,2.5719,2.559,2.5673,1445180.4
2025-05-15 01:00:00+00:00,2.5673,2.5677,2.5449,2.5472,3186713.2
2025-05-15 01:30:00+00:00,2.5472,2.5493,2.5117,2.5243,5526733.8
2025-05-15 02:00:00+00:00,2.5243,2.5426,2.5195,2.5378,2432990.2
2025-05-15 02:30:00+00:00,2.5377,2.542,2.5286,2.538,1642449.9
2025-05-15 03:00:00+00:00,2.538,2.55,2.5304,2.5405,3413906.4
2025-05-15 03:30:00+00:00,2.5405,2.5426,2.5199,2.5225,2771785.7
2025-05-15 04:00:00+00:00,2.5224,2.5329,2.5196,2.5279,2343800.6
2025-05-15 04:30:00+00:00,2.528,2.5344,2.5225,2.5291,1463820.6
2025-05-15 05:00:00+00:00,2.529,2.5316,2.5081,2.5167,2630226.9
2025-05-15 05:30:00+00:00,2.5167,2.5209,2.4934,2.498,5411714.8
2025-05-15 06:00:00+00:00,2.4981,2.5124,2.4946,2.5082,2435418.9
2025-05-15 06:30:00+00:00,2.5082,2.5107,2.4868,2.4963,3275577.3
2025-05-15 07:00:00+00:00,2.4962,2.502,2.4632,2.4669,5303946.6
2025-05-15 07:30:00+00:00,2.4669,2.4715,2.4483,2.4606,7181470.7
2025-05-15 08:00:00+00:00,2.4605,2.4863,2.4598,2.486,3527009.6
2025-05-15 08:30:00+00:00,2.486,2.5015,2.4826,2.4979,3635335.6
2025-05-15 09:00:00+00:00,2.4978,2.4978,2.4741,2.4798,2447385.3
2025-05-15 09:30:00+00:00,2.4798,2.4818,2.4582,2.4739,6439423.6
2025-05-15 10:00:00+00:00,2.4739,2.4767,2.458,2.4719,2613720.0
2025-05-15 10:30:00+00:00,2.472,2.4728,2.4479,2.462,4522082.4
2025-05-15 11:00:00+00:00,2.4621,2.4756,2.4601,2.4715,2951761.8
2025-05-15 11:30:00+00:00,2.4715,2.4797,2.469,2.4778,2800193.9
2025-05-15 12:00:00+00:00,2.4777,2.4803,2.4596,2.4691,2870457.6
2025-05-15 12:30:00+00:00,2.469,2.4894,2.4496,2.4631,12938363.0
2025-05-15 13:00:00+00:00,2.4631,2.4773,2.4588,2.4661,2478965.8
2025-05-15 13:30:00+00:00,2.4662,2.4726,2.427,2.448,8343305.3
2025-05-15 14:00:00+00:00,2.448,2.455,2.416,2.4285,5142849.5
2025-05-15 14:30:00+00:00,2.4285,2.4323,2.4041,2.4261,6572417.9
2025-05-15 15:00:00+00:00,2.4261,2.4485,2.4239,2.448,4307270.0
2025-05-15 15:30:00+00:00,2.4481,2.4691,2.4443,2.4664,4654081.6
2025-05-15 16:00:00+00:00,2.4663,2.4686,2.4524,2.4593,3346074.7
2025-05-15 16:30:00+00:00,2.4593,2.4904,2.4515,2.4896,4905280.5
2025-05-15 17:00:00+00:00,2.4896,2.5017,2.479,2.5013,3669460.3
2025-05-15 17:30:00+00:00,2.5012,2.5056,2.4723,2.4827,6122611.3
2025-05-15 18:00:00+00:00,2.4826,2.4924,2.46,2.4614,3651342.0
2025-05-15 18:30:00+00:00,2.4614,2.4684,2.4297,2.4322,5071583.8
2025-05-15 19:00:00+00:00,2.4322,2.4554,2.4201,2.4316,4271803.1
2025-05-15 19:30:00+00:00,2.4316,2.45,2.4315,2.4487,2818072.2
2025-05-15 20:00:00+00:00,2.4488,2.4595,2.4224,2.4497,6087105.0
2025-05-15 20:30:00+00:00,2.4496,2.4532,2.4333,2.4357,2776958.2
2025-05-15 21:00:00+00:00,2.4356,2.4374,2.395,2.4127,6210161.2
2025-05-15 21:30:00+00:00,2.4127,2.4295,2.3967,2.4265,2717005.0
2025-05-15 22:00:00+00:00,2.4266,2.4409,2.4228,2.4302,2317704.7
2025-05-15 22:30:00+00:00,2.4302,2.4303,2.3813,2.3832,7624421.9
2025-05-15 23:00:00+00:00,2.3832,2.3851,2.3525,2.3582,13194269.8
2025-05-15 23:30:00+00:00,2.3582,2.386,2.3581,2.3856,4661369.6
2025-05-16 00:00:00+00:00,2.3856,2.4024,2.3757,2.3769,7761068.4
2025-05-16 00:30:00+00:00,2.377,2.3998,2.374,2.3789,4040553.4
2025-05-16 01:00:00+00:00,2.379,2.3794,2.3471,2.3691,7370110.8
2025-05-16 01:30:00+00:00,2.3692,2.3828,2.362,2.375,5786534.0
2025-05-16 02:00:00+00:00,2.375,2.3997,2.3718,2.3948,6852844.8
2025-05-16 02:30:00+00:00,2.3947,2.4007,2.3901,2.3985,2892416.7
2025-05-16 03:00:00+00:00,2.3985,2.4119,2.3918,2.4103,3388730.4
2025-05-16 03:30:00+00:00,2.4103,2.4178,2.4058,2.4126,3881586.3
2025-05-16 04:00:00+00:00,2.4126,2.4209,2.4051,2.4092,3124930.0
2025-05-16 04:30:00+00:00,2.4092,2.4142,2.4004,2.4114,2134865.6
2025-05-16 05:00:00+00:00,2.4114,2.4279,2.411,2.4254,3009482.1
2025-05-16 05:30:00+00:00,2.4254,2.4285,2.4205,2.4208,2354480.2
2025-05-16 06:00:00+00:00,2.4208,2.4294,2.4147,2.4223,1796589.2
2025-05-16 06:30:00+00:00,2.4222,2.4284,2.4143,2.4187,2132701.0
2025-05-16 07:00:00+00:00,2.4188,2.4243,2.4043,2.4193,2928521.8
2025-05-16 07:30:00+00:00,2.4193,2.4201,2.4029,2.4072,2386528.6
2025-05-16 08:00:00+00:00,2.4073,2.4165,2.3797,2.3872,4561006.5
2025-05-16 08:30:00+00:00,2.3872,2.399,2.3718,2.3928,3236429.4
2025-05-16 09:00:00+00:00,2.3928,2.4097,2.3911,2.4068,2339672.3
2025-05-16 09:30:00+00:00,2.4068,2.4264,2.4024,2.4254,3122075.5
2025-05-16 10:00:00+00:00,2.4254,2.4287,2.4158,2.4188,2299900.4
2025-05-16 10:30:00+00:00,2.4189,2.4314,2.4186,2.4301,2335918.3
2025-05-16 11:00:00+00:00,2.43,2.4399,2.4255,2.4269,3277075.7
2025-05-16 11:30:00+00:00,2.4269,2.4351,2.42,2.4254,2535828.6
2025-05-16 12:00:00+00:00,2.4254,2.43,2.4149,2.4196,1891863.0
2025-05-16 12:30:00+00:00,2.4196,2.4286,2.4189,2.421,1615598.0
2025-05-16 13:00:00+00:00,2.421,2.4327,2.4181,2.4241,1715764.2
2025-05-16 13:30:00+00:00,2.4242,2.4392,2.4203,2.4361,2135422.0
2025-05-16 14:00:00+00:00,2.436,2.4377,2.42,2.4321,4150718.2
2025-05-16 14:30:00+00:00,2.4321,2.4321,2.4049,2.4156,4049826.2
2025-05-16 15:00:00+00:00,2.4156,2.4346,2.411,2.4156,3210320.9
2025-05-16 15:30:00+00:00,2.4157,2.4236,2.4098,2.4229,2735358.3
2025-05-16 16:00:00+00:00,2.4228,2.4309,2.4051,2.4099,3055745.4
2025-05-16 16:30:00+00:00,2.41,2.4142,2.3945,2.4112,3061113.4
2025-05-16 17:00:00+00:00,2.4111,2.4187,2.4037,2.4141,1175584.0
2025-05-16 17:30:00+00:00,2.4141,2.4172,2.394,2.3989,1426768.3
2025-05-16 18:00:00+00:00,2.3988,2.4114,2.3951,2.403,1635973.8
2025-05-16 18:30:00+00:00,2.4029,2.4149,2.4,2.4073,1097181.3
2025-05-16 19:00:00+00:00,2.4072,2.4173,2.4046,2.4132,1085957.1
2025-05-16 19:30:00+00:00,2.4132,2.4195,2.4061,2.4181,994060.0
2025-05-16 20:00:00+00:00,2.4181,2.4229,2.4146,2.416,954369.6
2025-05-16 20:30:00+00:00,2.416,2.4164,2.3845,2.4058,3463831.9
2025-05-16 21:00:00+00:00,2.4057,2.4089,2.3951,2.3952,1018355.5
2025-05-16 21:30:00+00:00,2.3952,2.4045,2.3882,2.3975,1084198.0
2025-05-16 22:00:00+00:00,2.3975,2.3988,2.3801,2.3817,1524170.5
2025-05-16 22:30:00+00:00,2.3817,2.386,2.3616,2.3716,4895881.6
2025-05-16 23:00:00+00:00,2.3715,2.39,2.3712,2.3882,1930663.0
2025-05-16 23:30:00+00:00,2.3881,2.393,2.3775,2.3798,1484647.0
2025-05-17 00:00:00+00:00,2.3797,2.3829,2.3565,2.3571,3869329.4
2025-05-17 00:30:00+00:00,2.3572,2.3631,2.3397,2.3569,5576211.5
2025-05-17 01:00:00+00:00,2.3568,2.3568,2.3176,2.3363,6850883.7
2025-05-17 01:30:00+00:00,2.3364,2.3392,2.3126,2.329,5704301.6
2025-05-17 02:00:00+00:00,2.3291,2.3448,2.3176,2.3419,3256637.5
2025-05-17 02:30:00+00:00,2.3419,2.3521,2.3415,2.3469,2019236.4
2025-05-17 03:00:00+00:00,2.3469,2.3555,2.3378,2.3549,1523407.9
2025-05-17 03:30:00+00:00,2.3548,2.373,2.3496,2.3705,1782814.6
2025-05-17 04:00:00+00:00,2.3704,2.3774,2.3642,2.377,1363875.5
2025-05-17 04:30:00+00:00,2.377,2.3817,2.3705,2.3737,1505354.6
2025-05-17 05:00:00+00:00,2.3737,2.3777,2.3669,2.3723,1327689.1
2025-05-17 05:30:00+00:00,2.3723,2.3753,2.363,2.3642,1117687.9
2025-05-17 06:00:00+00:00,2.3643,2.376,2.3643,2.3649,1602438.0
2025-05-17 06:30:00+00:00,2.365,2.3764,2.3631,2.3749,866010.1
2025-05-17 07:00:00+00:00,2.3749,2.3892,2.3733,2.388,1964502.4
2025-05-17 07:30:00+00:00,2.388,2.3891,2.3701,2.3806,1235620.0
2025-05-17 08:00:00+00:00,2.3805,2.3813,2.3651,2.3789,1956868.3
2025-05-17 08:30:00+00:00,2.379,2.3826,2.3661,2.3676,1010223.3
2025-05-17 09:00:00+00:00,2.3677,2.3726,2.353,2.3573,2423373.6
2025-05-17 09:30:00+00:00,2.3574,2.3675,2.3566,2.3614,1033136.8
2025-05-17 10:00:00+00:00,2.3613,2.3759,2.3571,2.3734,1328920.0
2025-05-17 10:30:00+00:00,2.3733,2.3739,2.3522,2.3563,1878996.9
2025-05-17 11:00:00+00:00,2.3563,2.3568,2.3409,2.344,2222066.9
2025-05-17 11:30:00+00:00,2.3441,2.3614,2.3439,2.3532,1166214.9
2025-05-17 12:00:00+00:00,2.3532,2.3558,2.3444,2.3477,1540500.6
2025-05-17 12:30:00+00:00,2.3476,2.351,2.3353,2.3388,1742086.5
2025-05-17 13:00:00+00:00,2.3389,2.3465,2.3314,2.3336,1772067.5
2025-05-17 13:30:00+00:00,2.3336,2.3343,2.3164,2.3252,3397205.7
2025-05-17 14:00:00+00:00,2.3253,2.3444,2.3244,2.3431,3862833.7
2025-05-17 14:30:00+00:00,2.3431,2.3562,2.3392,2.3497,2025601.9
2025-05-17 15:00:00+00:00,2.3497,2.3505,2.3406,2.3462,1309640.4
2025-05-17 15:30:00+00:00,2.3462,2.3494,2.3328,2.333,1423748.7
2025-05-17 16:00:00+00:00,2.333,2.3394,2.3201,2.3231,2184853.9
2025-05-17 16:30:00+00:00,2.3231,2.3235,2.2984,2.3156,8226541.4
2025-05-17 17:00:00+00:00,2.3157,2.3385,2.3136,2.3376,3049166.2
2025-05-17 17:30:00+00:00,2.3376,2.3422,2.3229,2.3236,1791248.4
2025-05-17 18:00:00+00:00,2.3236,2.3499,2.3222,2.3475,3507892.9
2025-05-17 18:30:00+00:00,2.3475,2.3476,2.3242,2.3276,1632761.1
2025-05-17 19:00:00+00:00,2.3276,2.3416,2.3235,2.3359,1014210.6
2025-05-17 19:30:00+00:00,2.3358,2.3396,2.33,2.3347,1085541.2
2025-05-17 20:00:00+00:00,2.3346,2.344,2.33,2.3428,1503560.5
2025-05-17 20:30:00+00:00,2.3427,2.3629,2.3409,2.3586,2515635.7
2025-05-17 21:00:00+00:00,2.3586,2.362,2.3433,2.3545,1666018.6
2025-05-17 21:30:00+00:00,2.3544,2.3611,2.3505,2.3583,981496.3
2025-05-17 22:00:00+00:00,2.3582,2.3588,2.328,2.3295,2389473.5
2025-05-17 22:30:00+00:00,2.3295,2.3468,2.3263,2.3435,1033593.0
2025-05-17 23:00:00+00:00,2.3435,2.3546,2.3397,2.3536,740159.0
2025-05-17 23:30:00+00:00,2.3535,2.3553,2.3482,2.3531,752927.6
2025-05-18 00:00:00+00:00,2.3531,2.3658,2.3529,2.3582,1418465.1
2025-05-18 00:30:00+00:00,2.3582,2.3639,2.3492,2.359,1390008.1
2025-05-18 01:00:00+00:00,2.359,2.3641,2.3551,2.356,731322.9
2025-05-18 01:30:00+00:00,2.3559,2.3684,2.3535,2.3655,1146011.9
2025-05-18 02:00:00+00:00,2.3656,2.3689,2.3619,2.3622,1001484.7
2025-05-18 02:30:00+00:00,2.3622,2.3648,2.3575,2.3606,619241.1
2025-05-18 03:00:00+00:00,2.3605,2.3683,2.351,2.3536,1610391.5
2025-05-18 03:30:00+00:00,2.3537,2.3649,2.3534,2.3586,956797.7
2025-05-18 04:00:00+00:00,2.3586,2.3667,2.3586,2.3647,690672.0
2025-05-18 04:30:00+00:00,2.3647,2.3706,2.3636,2.3676,788627.8
2025-05-18 05:00:00+00:00,2.3676,2.3777,2.3676,2.3773,1174041.9
2025-05-18 05:30:00+00:00,2.3772,2.3862,2.373,2.3838,1048839.7
2025-05-18 06:00:00+00:00,2.3839,2.3875,2.3785,2.3799,1649797.9
2025-05-18 06:30:00+00:00,2.3799,2.3818,2.3735,2.3805,1234293.7
2025-05-18 07:00:00+00:00,2.3805,2.3942,2.3794,2.3924,1453907.9
2025-05-18 07:30:00+00:00,2.3923,2.3984,2.3868,2.3968,1427865.5
2025-05-18 08:00:00+00:00,2.3968,2.4045,2.3941,2.4032,3061908.8
2025-05-18 08:30:00+00:00,2.4031,2.4062,2.3943,2.3949,2127120.6
2025-05-18 09:00:00+00:00,2.3949,2.3996,2.391,2.3922,1295393.6
2025-05-18 09:30:00+00:00,2.3922,2.3927,2.3839,2.3901,1196086.3
2025-05-18 10:00:00+00:00,2.39,2.3934,2.3868,2.3884,927524.7
2025-05-18 10:30:00+00:00,2.3884,2.3925,2.3873,2.3919,539821.6
2025-05-18 11:00:00+00:00,2.3919,2.3986,2.3907,2.3931,1038236.6
2025-05-18 11:30:00+00:00,2.3931,2.3965,2.3864,2.3878,932740.2
2025-05-18 12:00:00+00:00,2.3878,2.3906,2.38,2.3889,1679285.7
2025-05-18 12:30:00+00:00,2.3889,2.3909,2.3838,2.3907,605904.9
2025-05-18 13:00:00+00:00,2.3907,2.3911,2.3854,2.3906,776879.5
2025-05-18 13:30:00+00:00,2.3906,2.4098,2.3897,2.4086,2619664.5
2025-05-18 14:00:00+00:00,2.4086,2.412,2.4033,2.4098,3012687.1
2025-05-18 14:30:00+00:00,2.4097,2.4394,2.4092,2.4282,6737368.4
2025-05-18 15:00:00+00:00,2.4283,2.4361,2.4166,2.4295,2440298.2
2025-05-18 15:30:00+00:00,2.4296,2.4449,2.4255,2.4378,2392853.3
2025-05-18 16:00:00+00:00,2.4379,2.4497,2.4277,2.4398,4331307.6
2025-05-18 16:30:00+00:00,2.4397,2.4429,2.4305,2.437,2585156.3
2025-05-18 17:00:00+00:00,2.437,2.4372,2.4131,2.4192,2875882.5
2025-05-18 17:30:00+00:00,2.4192,2.4218,2.3951,2.3972,4862979.9
2025-05-18 18:00:00+00:00,2.3972,2.3993,2.3653,2.3923,7860051.4
2025-05-18 18:30:00+00:00,2.3923,2.3992,2.3807,2.3982,2723897.3
2025-05-18 19:00:00+00:00,2.3982,2.4091,2.3939,2.4039,2746847.3
2025-05-18 19:30:00+00:00,2.4039,2.4042,2.3662,2.3694,3854079.6
2025-05-18 20:00:00+00:00,2.3694,2.3701,2.332,2.3579,11313976.3
2025-05-18 20:30:00+00:00,2.3579,2.3774,2.3528,2.3709,1915001.3
2025-05-18 21:00:00+00:00,2.371,2.3895,2.3709,2.3887,1709825.4
2025-05-18 21:30:00+00:00,2.3887,2.394,2.369,2.3743,1415537.9
2025-05-18 22:00:00+00:00,2.3742,2.385,2.3594,2.3831,3121800.4
2025-05-18 22:30:00+00:00,2.3831,2.4064,2.3825,2.4049,2272713.7
2025-05-18 23:00:00+00:00,2.4048,2.4104,2.3961,2.41,1651240.3
2025-05-18 23:30:00+00:00,2.4099,2.437,2.4051,2.428,5068703.9
2025-05-19 00:00:00+00:00,2.428,2.441,2.3976,2.4102,9607378.1
2025-05-19 00:30:00+00:00,2.4102,2.4121,2.3866,2.3988,4399693.8
2025-05-19 01:00:00+00:00,2.3989,2.4056,2.3781,2.3889,4110962.7
2025-05-19 01:30:00+00:00,2.389,2.3987,2.384,2.3899,2306791.7
2025-05-19 02:00:00+00:00,2.3899,2.3958,2.3732,2.3849,3825214.6
2025-05-19 02:30:00+00:00,2.3849,2.3879,2.3724,2.3748,2268268.2
2025-05-19 03:00:00+00:00,2.3747,2.3759,2.3604,2.3648,2488140.5
2025-05-19 03:30:00+00:00,2.3647,2.3678,2.3486,2.3489,3502007.5
2025-05-19 04:00:00+00:00,2.3489,2.3628,2.34,2.3492,4075609.5
2025-05-19 04:30:00+00:00,2.3491,2.3544,2.3229,2.3333,4971500.7
2025-05-19 05:00:00+00:00,2.3333,2.3461,2.3217,2.3317,4693825.2
2025-05-19 05:30:00+00:00,2.3318,2.3435,2.3238,2.3429,3850094.8
2025-05-19 06:00:00+00:00,2.3429,2.3508,2.3245,2.327,4139882.5
2025-05-19 06:30:00+00:00,2.327,2.327,2.2832,2.2851,13505026.4
2025-05-19 07:00:00+00:00,2.285,2.3161,2.2827,2.31,5704489.2
2025-05-19 07:30:00+00:00,2.3099,2.3185,2.3002,2.3055,4861482.2
2025-05-19 08:00:00+00:00,2.3056,2.309,2.289,2.2974,4640050.5
2025-05-19 08:30:00+00:00,2.2974,2.3089,2.2868,2.3062,3868052.6
2025-05-19 09:00:00+00:00,2.3062,2.3231,2.2957,2.3139,5417150.5
2025-05-19 09:30:00+00:00,2.314,2.3193,2.3106,2.3139,1950948.8
2025-05-19 10:00:00+00:00,2.3139,2.3157,2.3026,2.3106,1874239.6
2025-05-19 10:30:00+00:00,2.3106,2.324,2.304,2.3151,2079551.3
2025-05-19 11:00:00+00:00,2.3152,2.3241,2.3131,2.3196,1594985.0
2025-05-19 11:30:00+00:00,2.3195,2.3265,2.3161,2.3243,1768109.7
2025-05-19 12:00:00+00:00,2.3243,2.3266,2.3033,2.3113,2332287.4
2025-05-19 12:30:00+00:00,2.3114,2.3115,2.2906,2.2994,3907188.3
2025-05-19 13:00:00+00:00,2.2994,2.3121,2.2966,2.3109,2789257.1
2025-05-19 13:30:00+00:00,2.3109,2.3317,2.3039,2.3236,3409662.5
2025-05-19 14:00:00+00:00,2.3236,2.3418,2.3172,2.3318,3546774.9
2025-05-19 14:30:00+00:00,2.3318,2.349,2.3296,2.3445,2406750.2
2025-05-19 15:00:00+00:00,2.3444,2.3586,2.3347,2.3393,3771519.7
2025-05-19 15:30:00+00:00,2.3394,2.3535,2.3363,2.3494,2793664.6
2025-05-19 16:00:00+00:00,2.3493,2.3535,2.3366,2.3534,1669694.1
2025-05-19 16:30:00+00:00,2.3535,2.3664,2.337,2.366,3960135.9
2025-05-19 17:00:00+00:00,2.3659,2.3823,2.3635,2.3668,3238239.8
2025-05-19 17:30:00+00:00,2.3667,2.3728,2.3624,2.3681,1718678.1
2025-05-19 18:00:00+00:00,2.3681,2.373,2.3565,2.3593,1663686.9
2025-05-19 18:30:00+00:00,2.3593,2.3746,2.3505,2.3679,2856056.0
2025-05-19 19:00:00+00:00,2.3679,2.3786,2.3651,2.3743,1452092.2
2025-05-19 19:30:00+00:00,2.3743,2.401,2.3623,2.3986,6789523.2
2025-05-19 20:00:00+00:00,2.3986,2.3988,2.3822,2.3916,2352735.6
2025-05-19 20:30:00+00:00,2.3915,2.3915,2.381,2.3897,1902787.4
2025-05-19 21:00:00+00:00,2.3897,2.3902,2.3668,2.3668,2947807.6
2025-05-19 21:30:00+00:00,2.3668,2.3825,2.3668,2.3813,1308506.1
2025-05-19 22:00:00+00:00,2.3812,2.3846,2.366,2.3692,1611119.2
2025-05-19 22:30:00+00:00,2.3691,2.3771,2.3691,2.3758,858439.6
2025-05-19 23:00:00+00:00,2.3758,2.3829,2.3747,2.3759,1086247.0
2025-05-19 23:30:00+00:00,2.3759,2.3853,2.3733,2.3803,1004637.4
2025-05-20 00:00:00+00:00,2.3803,2.3982,2.3763,2.3813,3858796.9
2025-05-20 00:30:00+00:00,2.3812,2.3922,2.3741,2.3764,3779659.0
2025-05-20 01:00:00+00:00,2.3764,2.3962,2.3742,2.3924,4990480.5
2025-05-20 01:30:00+00:00,2.3925,2.4053,2.3912,2.3964,4702015.1
2025-05-20 02:00:00+00:00,2.3964,2.409,2.393,2.3931,3988776.8
2025-05-20 02:30:00+00:00,2.3931,2.3996,2.3829,2.3903,5419130.8
2025-05-20 03:00:00+00:00,2.3903,2.3915,2.3833,2.3871,2559801.5
2025-05-20 03:30:00+00:00,2.3871,2.3876,2.3764,2.3824,2210144.6
2025-05-20 04:00:00+00:00,2.3823,2.383,2.3751,2.3756,1424822.8
2025-05-20 04:30:00+00:00,2.3756,2.3888,2.3751,2.3879,1812851.0
2025-05-20 05:00:00+00:00,2.3879,2.3927,2.3834,2.3886,1564219.5
2025-05-20 05:30:00+00:00,2.3886,2.3892,2.3754,2.3759,2614948.3
2025-05-20 06:00:00+00:00,2.3759,2.3788,2.3578,2.3613,4533025.9
2025-05-20 06:30:00+00:00,2.3614,2.3704,2.3598,2.366,2161640.9
2025-05-20 07:00:00+00:00,2.3659,2.3673,2.3542,2.3585,3168843.5
2025-05-20 07:30:00+00:00,2.3586,2.359,2.3458,2.3464,3723378.7
2025-05-20 08:00:00+00:00,2.3463,2.3526,2.3365,2.3494,3171881.2
2025-05-20 08:30:00+00:00,2.3494,2.3591,2.3494,2.3564,2036100.0
2025-05-20 09:00:00+00:00,2.3564,2.3589,2.347,2.3477,1678824.0
2025-05-20 09:30:00+00:00,2.3478,2.3549,2.3469,2.3502,1162063.1
2025-05-20 10:00:00+00:00,2.3503,2.3554,2.3397,2.348,2380217.4
2025-05-20 10:30:00+00:00,2.348,2.359,2.3377,2.3449,2966781.8
2025-05-20 11:00:00+00:00,2.345,2.3458,2.3346,2.3441,1691725.7
2025-05-20 11:30:00+00:00,2.3442,2.3506,2.3442,2.3465,1546785.3
2025-05-20 12:00:00+00:00,2.3465,2.3465,2.3359,2.3367,1291527.1
2025-05-20 12:30:00+00:00,2.3367,2.3393,2.3232,2.3351,3838404.0
2025-05-20 13:00:00+00:00,2.3352,2.3418,2.3294,2.337,1905577.5
2025-05-20 13:30:00+00:00,2.337,2.3417,2.3203,2.3248,3819833.1
2025-05-20 14:00:00+00:00,2.3247,2.3433,2.3206,2.3312,4119603.2
2025-05-20 14:30:00+00:00,2.3312,2.3402,2.3264,2.3293,1858022.2
2025-05-20 15:00:00+00:00,2.3292,2.3422,2.3284,2.3422,2024949.4
2025-05-20 15:30:00+00:00,2.3421,2.3469,2.3403,2.3425,2075165.2
2025-05-20 16:00:00+00:00,2.3425,2.3448,2.3284,2.3362,3277422.4
2025-05-20 16:30:00+00:00,2.3361,2.3425,2.3308,2.3341,1747852.1
2025-05-20 17:00:00+00:00,2.3341,2.35,2.3326,2.3488,2122369.6
2025-05-20 17:30:00+00:00,2.3488,2.3553,2.3456,2.3492,2680368.5
2025-05-20 18:00:00+00:00,2.3493,2.3547,2.3317,2.3333,3221568.3
2025-05-20 18:30:00+00:00,2.3334,2.3399,2.3141,2.3181,5108813.2
2025-05-20 19:00:00+00:00,2.3181,2.3413,2.3145,2.3394,2293129.1
2025-05-20 19:30:00+00:00,2.3393,2.371,2.3387,2.3557,6048721.5
2025-05-20 20:00:00+00:00,2.3557,2.3566,2.3437,2.3489,2266930.2
2025-05-20 20:30:00+00:00,2.349,2.3627,2.3427,2.3551,2356944.9
2025-05-20 21:00:00+00:00,2.3551,2.3622,2.3461,2.3465,2549135.3
2025-05-20 21:30:00+00:00,2.3464,2.3589,2.3401,2.3553,3164565.3
2025-05-20 22:00:00+00:00,2.3552,2.3587,2.3377,2.3458,2438605.4
2025-05-20 22:30:00+00:00,2.3458,2.3498,2.3384,2.3493,3137499.2
2025-05-20 23:00:00+00:00,2.3493,2.3648,2.3463,2.361,2451362.3
2025-05-20 23:30:00+00:00,2.361,2.3618,2.3506,2.3565,1348393.5
2025-05-21 00:00:00+00:00,2.3565,2.3612,2.347,2.3511,2384969.2
2025-05-21 00:30:00+00:00,2.351,2.3577,2.3476,2.351,1632066.7
2025-05-21 01:00:00+00:00,2.3509,2.3619,2.3493,2.3532,2283719.6
2025-05-21 01:30:00+00:00,2.3533,2.357,2.3452,2.3465,2186546.0
2025-05-21 02:00:00+00:00,2.3464,2.3467,2.3311,2.3393,2999204.3
2025-05-21 02:30:00+00:00,2.3392,2.3578,2.3387,2.3564,2013860.1
2025-05-21 03:00:00+00:00,2.3564,2.365,2.3541,2.3634,2370814.2
2025-05-21 03:30:00+00:00,2.3634,2.3674,2.3569,2.3585,2113902.7
2025-05-21 04:00:00+00:00,2.3585,2.3683,2.3572,2.3587,1701546.2
2025-05-21 04:30:00+00:00,2.3587,2.3794,2.3548,2.3699,4616429.0
2025-05-21 05:00:00+00:00,2.3699,2.3944,2.3695,2.3783,5987693.3
2025-05-21 05:30:00+00:00,2.3784,2.3885,2.3752,2.3818,3205446.6
2025-05-21 06:00:00+00:00,2.3819,2.3866,2.37,2.3812,3142684.0
2025-05-21 06:30:00+00:00,2.3813,2.3868,2.3763,2.3773,3196124.4
2025-05-21 07:00:00+00:00,2.3774,2.3812,2.347,2.3545,4763590.1
2025-05-21 07:30:00+00:00,2.3544,2.3548,2.3414,2.349,3280879.1
2025-05-21 08:00:00+00:00,2.3491,2.3607,2.3481,2.354,2270306.4
2025-05-21 08:30:00+00:00,2.3539,2.3583,2.349,2.3494,1503140.2
2025-05-21 09:00:00+00:00,2.3494,2.3533,2.3413,2.3458,1818548.0
2025-05-21 09:30:00+00:00,2.3459,2.3459,2.3362,2.3392,2153414.8
2025-05-21 10:00:00+00:00,2.3393,2.3413,2.3308,2.3364,3009490.5
2025-05-21 10:30:00+00:00,2.3365,2.3481,2.336,2.344,2129311.1
2025-05-21 11:00:00+00:00,2.344,2.3573,2.3415,2.3541,2508911.1
2025-05-21 11:30:00+00:00,2.3541,2.3578,2.3505,2.3524,1792454.2
2025-05-21 12:00:00+00:00,2.3523,2.362,2.3464,2.3601,2353703.8
2025-05-21 12:30:00+00:00,2.36,2.3607,2.3522,2.3544,1117387.1
2025-05-21 13:00:00+00:00,2.3545,2.357,2.3454,2.3534,1576088.8
2025-05-21 13:30:00+00:00,2.3535,2.3783,2.3535,2.3672,5309021.1
2025-05-21 14:00:00+00:00,2.3671,2.3792,2.3653,2.3694,4005229.5
2025-05-21 14:30:00+00:00,2.3694,2.4007,2.3609,2.4001,6665687.5
2025-05-21 15:00:00+00:00,2.4001,2.4054,2.3866,2.3942,9324114.1
2025-05-21 15:30:00+00:00,2.3942,2.4068,2.3819,2.3993,6386836.1
2025-05-21 16:00:00+00:00,2.3994,2.4159,2.3934,2.412,5041831.3
2025-05-21 16:30:00+00:00,2.412,2.4288,2.4118,2.4157,6489036.4
2025-05-21 17:00:00+00:00,2.4157,2.4205,2.3459,2.3476,13507722.6
2025-05-21 17:30:00+00:00,2.3476,2.3675,2.3349,2.3465,12898620.8
2025-05-21 18:00:00+00:00,2.3465,2.3635,2.3413,2.3459,3492887.1
2025-05-21 18:30:00+00:00,2.3458,2.3741,2.3454,2.3582,4390874.8
2025-05-21 19:00:00+00:00,2.3583,2.369,2.3527,2.3588,1834865.4
2025-05-21 19:30:00+00:00,2.3587,2.3915,2.3587,2.3899,2553240.0
2025-05-21 20:00:00+00:00,2.3898,2.3932,2.3779,2.3801,2974710.7
2025-05-21 20:30:00+00:00,2.3801,2.3843,2.3699,2.3841,3149674.2
2025-05-21 21:00:00+00:00,2.3841,2.3852,2.3721,2.3722,1312931.9
2025-05-21 21:30:00+00:00,2.3722,2.3815,2.3721,2.3761,973875.6
2025-05-21 22:00:00+00:00,2.3761,2.388,2.3748,2.3873,1023787.7
2025-05-21 22:30:00+00:00,2.3874,2.4004,2.3835,2.3921,3542095.7
2025-05-21 23:00:00+00:00,2.3921,2.4164,2.385,2.4032,6047654.4
2025-05-21 23:30:00+00:00,2.4032,2.4116,2.395,2.3952,4033738.3
2025-05-22 00:00:00+00:00,2.3953,2.4065,2.3908,2.4007,5327991.4
2025-05-22 00:30:00+00:00,2.4006,2.4046,2.3881,2.4041,4703083.7
2025-05-22 01:00:00+00:00,2.4041,2.413,2.4021,2.4069,6244657.6
2025-05-22 01:30:00+00:00,2.4069,2.4106,2.3881,2.395,4075552.3
2025-05-22 02:00:00+00:00,2.3949,2.4065,2.3935,2.4036,2221195.7
2025-05-22 02:30:00+00:00,2.4036,2.4111,2.3997,2.4036,2885429.9
2025-05-22 03:00:00+00:00,2.4035,2.4055,2.3967,2.4038,1681532.7
2025-05-22 03:30:00+00:00,2.4038,2.4233,2.4028,2.4173,5779425.5
2025-05-22 04:00:00+00:00,2.4173,2.4192,2.4095,2.4137,3306268.0
2025-05-22 04:30:00+00:00,2.4137,2.4205,2.4105,2.419,2443485.3
2025-05-22 05:00:00+00:00,2.419,2.4197,2.4059,2.4163,3820846.2
2025-05-22 05:30:00+00:00,2.4163,2.4167,2.4002,2.4013,2302674.8
2025-05-22 06:00:00+00:00,2.4013,2.4077,2.3937,2.3966,3919605.8
2025-05-22 06:30:00+00:00,2.3966,2.4029,2.393,2.395,2891659.7
2025-05-22 07:00:00+00:00,2.395,2.4072,2.3881,2.3932,4622252.9
2025-05-22 07:30:00+00:00,2.3931,2.4076,2.3912,2.4055,2600968.6
2025-05-22 08:00:00+00:00,2.4055,2.4417,2.4039,2.4284,6419739.8
2025-05-22 08:30:00+00:00,2.4285,2.4385,2.4262,2.4346,6580246.7
2025-05-22 09:00:00+00:00,2.4346,2.4555,2.4332,2.4498,6695254.2
2025-05-22 09:30:00+00:00,2.4499,2.45,2.4262,2.4317,4305021.1
2025-05-22 10:00:00+00:00,2.4317,2.4359,2.4246,2.4338,2602399.6
2025-05-22 10:30:00+00:00,2.4338,2.435,2.4191,2.4218,3364229.2
2025-05-22 11:00:00+00:00,2.4218,2.425,2.4113,2.4151,3897542.3
2025-05-22 11:30:00+00:00,2.4152,2.4391,2.4149,2.4319,3864616.7
2025-05-22 12:00:00+00:00,2.4319,2.4364,2.4214,2.4296,2320343.7
2025-05-22 12:30:00+00:00,2.4296,2.442,2.4241,2.4291,5075419.8
2025-05-22 13:00:00+00:00,2.4291,2.4297,2.4143,2.4262,3218475.1
2025-05-22 13:30:00+00:00,2.4262,2.4297,2.4089,2.4179,3079209.6
2025-05-22 14:00:00+00:00,2.4179,2.4308,2.4159,2.4299,2251813.2
2025-05-22 14:30:00+00:00,2.4299,2.4365,2.4163,2.4254,2886121.4
2025-05-22 15:00:00+00:00,2.4255,2.4342,2.4222,2.4312,2306706.6
2025-05-22 15:30:00+00:00,2.4311,2.4388,2.4299,2.4328,2152086.8
2025-05-22 16:00:00+00:00,2.4329,2.4389,2.4267,2.4267,1779478.6
2025-05-22 16:30:00+00:00,2.4266,2.4321,2.4179,2.4211,2572475.1
2025-05-22 17:00:00+00:00,2.4211,2.4338,2.418,2.4303,1409631.8
2025-05-22 17:30:00+00:00,2.4303,2.4346,2.4252,2.4282,1391593.9
2025-05-22 18:00:00+00:00,2.4283,2.4324,2.4231,2.4311,1265204.4
2025-05-22 18:30:00+00:00,2.4312,2.4359,2.4281,2.431,1420821.7
2025-05-22 19:00:00+00:00,2.4309,2.4326,2.4224,2.4285,1732787.3
2025-05-22 19:30:00+00:00,2.4284,2.429,2.4153,2.4229,1663281.6
2025-05-22 20:00:00+00:00,2.423,2.4316,2.4197,2.4209,1632660.2
2025-05-22 20:30:00+00:00,2.421,2.4242,2.4171,2.422,1569048.0
2025-05-22 21:00:00+00:00,2.422,2.422,2.4053,2.4059,1909032.7
2025-05-22 21:30:00+00:00,2.4059,2.4143,2.4059,2.4118,1029437.5
2025-05-22 22:00:00+00:00,2.4119,2.4184,2.4101,2.4166,1366886.0
2025-05-22 22:30:00+00:00,2.4167,2.4244,2.4138,2.4148,1519295.9
2025-05-22 23:00:00+00:00,2.4149,2.4246,2.4149,2.4231,940286.5
2025-05-22 23:30:00+00:00,2.423,2.433,2.4227,2.4311,1992417.4
2025-05-23 00:00:00+00:00,2.4311,2.4398,2.4214,2.4312,4452148.4
2025-05-23 00:30:00+00:00,2.4313,2.4426,2.4212,2.4341,5030575.0
2025-05-23 01:00:00+00:00,2.4341,2.4497,2.4268,2.4476,4248081.5
2025-05-23 01:30:00+00:00,2.4477,2.4583,2.4453,2.4519,4844624.8
2025-05-23 02:00:00+00:00,2.4519,2.4763,2.4511,2.4711,7150768.5
2025-05-23 02:30:00+00:00,2.4711,2.4799,2.4568,2.4608,5435127.7
2025-05-23 03:00:00+00:00,2.4608,2.4708,2.4603,2.4634,2852038.9
2025-05-23 03:30:00+00:00,2.4633,2.4775,2.4585,2.4734,2680534.0
2025-05-23 04:00:00+00:00,2.4735,2.478,2.4476,2.4546,3492969.2
2025-05-23 04:30:00+00:00,2.4547,2.4578,2.4391,2.4564,3028243.9
2025-05-23 05:00:00+00:00,2.4564,2.4614,2.4451,2.4476,3382311.3
2025-05-23 05:30:00+00:00,2.4476,2.455,2.4419,2.4546,2028353.7
2025-05-23 06:00:00+00:00,2.4545,2.4573,2.4268,2.4335,6306773.0
2025-05-23 06:30:00+00:00,2.4336,2.4357,2.41,2.4204,5580575.8
2025-05-23 07:00:00+00:00,2.4204,2.4335,2.4203,2.4308,2072993.3
2025-05-23 07:30:00+00:00,2.4308,2.4333,2.4173,2.4269,3167163.8
2025-05-23 08:00:00+00:00,2.4268,2.4356,2.4266,2.4353,1872926.3
2025-05-23 08:30:00+00:00,2.4354,2.444,2.4347,2.4389,3101580.9
2025-05-23 09:00:00+00:00,2.4388,2.4541,2.4367,2.4492,3265651.6
2025-05-23 09:30:00+00:00,2.4492,2.4541,2.4488,2.4499,1996771.4
2025-05-23 10:00:00+00:00,2.45,2.4507,2.4348,2.4416,2387247.5
2025-05-23 10:30:00+00:00,2.4415,2.445,2.4365,2.4421,1677012.4
2025-05-23 11:00:00+00:00,2.4421,2.4437,2.4247,2.4321,2187336.9
2025-05-23 11:30:00+00:00,2.4321,2.4337,2.352,2.3636,17146042.0
2025-05-23 12:00:00+00:00,2.3637,2.3649,2.3,2.3416,22673282.9
2025-05-23 12:30:00+00:00,2.3416,2.3535,2.3342,2.3488,7277616.7
2025-05-23 13:00:00+00:00,2.3487,2.355,2.3335,2.3524,5327874.9
2025-05-23 13:30:00+00:00,2.3525,2.376,2.3513,2.3726,7280701.0
2025-05-23 14:00:00+00:00,2.3726,2.3774,2.366,2.3691,4128810.0
2025-05-23 14:30:00+00:00,2.3692,2.3829,2.3677,2.3758,2927419.3
2025-05-23 15:00:00+00:00,2.3757,2.3818,2.3633,2.3723,2990223.7
2025-05-23 15:30:00+00:00,2.3724,2.38,2.3598,2.3617,1922942.5
2025-05-23 16:00:00+00:00,2.3617,2.3669,2.3475,2.36,5243132.5
2025-05-23 16:30:00+00:00,2.3601,2.3631,2.35,2.363,1939000.2
2025-05-23 17:00:00+00:00,2.363,2.375,2.3613,2.3737,1684940.7
2025-05-23 17:30:00+00:00,2.3737,2.3737,2.3603,2.3669,1375983.5
2025-05-23 18:00:00+00:00,2.367,2.3709,2.3537,2.3601,1287421.2
2025-05-23 18:30:00+00:00,2.3602,2.3623,2.3456,2.3505,2838457.9
2025-05-23 19:00:00+00:00,2.3505,2.3621,2.3473,2.354,1590750.2
2025-05-23 19:30:00+00:00,2.3539,2.358,2.339,2.3403,2469501.4
2025-05-23 20:00:00+00:00,2.3403,2.3454,2.3358,2.3448,1934293.2
2025-05-23 20:30:00+00:00,2.3449,2.3449,2.3246,2.3263,3656478.5
2025-05-23 21:00:00+00:00,2.3263,2.3404,2.3217,2.3363,3145310.1
2025-05-23 21:30:00+00:00,2.3363,2.3381,2.3222,2.3274,1593266.0
2025-05-23 22:00:00+00:00,2.3275,2.3382,2.3243,2.3315,1536852.3
2025-05-23 22:30:00+00:00,2.3314,2.3327,2.3139,2.3162,2085961.0
2025-05-23 23:00:00+00:00,2.3161,2.3186,2.3027,2.305,3277754.7
2025-05-23 23:30:00+00:00,2.3051,2.31,2.2838,2.2966,7759629.2
2025-05-24 00:00:00+00:00,2.2965,2.3163,2.2859,2.3063,4617664.7
2025-05-24 00:30:00+00:00,2.3063,2.3181,2.2989,2.3003,2527158.5
2025-05-24 01:00:00+00:00,2.3003,2.3204,2.3,2.3148,2208278.6
2025-05-24 01:30:00+00:00,2.3148,2.321,2.3116,2.3139,1094781.2
2025-05-24 02:00:00+00:00,2.3138,2.3245,2.3076,2.3232,1378137.3
2025-05-24 02:30:00+00:00,2.3232,2.329,2.323,2.3281,793859.5
2025-05-24 03:00:00+00:00,2.3281,2.3364,2.3261,2.335,1570994.0
2025-05-24 03:30:00+00:00,2.335,2.3357,2.3314,2.3341,941448.0
2025-05-24 04:00:00+00:00,2.3342,2.3434,2.3335,2.3402,1180858.6
2025-05-24 04:30:00+00:00,2.3402,2.3481,2.339,2.3443,1241167.8
2025-05-24 05:00:00+00:00,2.3442,2.3464,2.334,2.3388,1654325.9
2025-05-24 05:30:00+00:00,2.3387,2.3431,2.3325,2.3393,912163.3
2025-05-24 06:00:00+00:00,2.3392,2.3446,2.3355,2.3394,639458.8
2025-05-24 06:30:00+00:00,2.3393,2.3393,2.3284,2.3378,1049025.6
2025-05-24 07:00:00+00:00,2.3378,2.3456,2.3377,2.3428,803828.6
2025-05-24 07:30:00+00:00,2.3428,2.3428,2.3341,2.336,615778.2
2025-05-24 08:00:00+00:00,2.336,2.3435,2.3314,2.337,1130529.0
2025-05-24 08:30:00+00:00,2.337,2.3447,2.3345,2.3441,810201.3
2025-05-24 09:00:00+00:00,2.3442,2.3498,2.3427,2.3479,1461915.3
2025-05-24 09:30:00+00:00,2.3479,2.3498,2.3422,2.3429,655014.8
2025-05-24 10:00:00+00:00,2.343,2.357,2.343,2.3563,1293119.2
2025-05-24 10:30:00+00:00,2.3563,2.36,2.3536,2.3546,1574897.0
2025-05-24 11:00:00+00:00,2.3545,2.3595,2.3532,2.3577,941059.7
2025-05-24 11:30:00+00:00,2.3576,2.3586,2.3516,2.3517,818694.5
2025-05-24 12:00:00+00:00,2.3518,2.3547,2.343,2.3508,2458351.3
2025-05-24 12:30:00+00:00,2.3508,2.3527,2.3476,2.3501,722521.8
2025-05-24 13:00:00+00:00,2.3501,2.354,2.3436,2.3533,1098655.5
2025-05-24 13:30:00+00:00,2.3533,2.3537,2.345,2.3471,538325.7
2025-05-24 14:00:00+00:00,2.347,2.3547,2.3458,2.3489,724364.3
2025-05-24 14:30:00+00:00,2.3489,2.3568,2.3485,2.3537,587434.0
2025-05-24 15:00:00+00:00,2.3537,2.3554,2.3488,2.3514,711965.1
2025-05-24 15:30:00+00:00,2.3515,2.3536,2.3486,2.3523,620160.9
2025-05-24 16:00:00+00:00,2.3524,2.3527,2.3403,2.3478,903554.1
2025-05-24 16:30:00+00:00,2.3478,2.3528,2.3463,2.3494,546259.4
2025-05-24 17:00:00+00:00,2.3495,2.3543,2.3451,2.3475,483049.3
2025-05-24 17:30:00+00:00,2.3474,2.351,2.344,2.3479,334494.0
2025-05-24 18:00:00+00:00,2.348,2.3548,2.347,2.3517,443400.8
2025-05-24 18:30:00+00:00,2.3517,2.3517,2.3436,2.3454,549169.5
2025-05-24 19:00:00+00:00,2.3455,2.35,2.3443,2.3466,390404.6
2025-05-24 19:30:00+00:00,2.3467,2.3503,2.345,2.3487,354232.4
2025-05-24 20:00:00+00:00,2.3487,2.3494,2.3455,2.3477,432126.5
2025-05-24 20:30:00+00:00,2.3477,2.3508,2.3461,2.3498,409713.9
2025-05-24 21:00:00+00:00,2.3498,2.3504,2.3315,2.3395,1277720.6
2025-05-24 21:30:00+00:00,2.3395,2.3448,2.3381,2.3428,519233.4
2025-05-24 22:00:00+00:00,2.3428,2.3432,2.3304,2.3361,1001688.7
2025-05-24 22:30:00+00:00,2.3361,2.338,2.3285,2.332,1357194.9
2025-05-24 23:00:00+00:00,2.332,2.3365,2.3217,2.3337,1445490.7
2025-05-24 23:30:00+00:00,2.3337,2.3363,2.3239,2.3303,957217.4
2025-05-25 00:00:00+00:00,2.3304,2.3365,2.324,2.3324,1699669.3
2025-05-25 00:30:00+00:00,2.3325,2.3347,2.2987,2.3057,4390730.3
2025-05-25 01:00:00+00:00,2.3057,2.3132,2.2927,2.3102,2847409.3
2025-05-25 01:30:00+00:00,2.3103,2.3166,2.3076,2.3107,963662.4
2025-05-25 02:00:00+00:00,2.3107,2.3128,2.3,2.309,1873481.6
2025-05-25 02:30:00+00:00,2.3091,2.3183,2.3082,2.3166,1342934.7
2025-05-25 03:00:00+00:00,2.3167,2.3216,2.3156,2.3208,978679.0
2025-05-25 03:30:00+00:00,2.3209,2.3261,2.3209,2.3228,940885.7
2025-05-25 04:00:00+00:00,2.3228,2.3228,2.313,2.3188,1208510.5
2025-05-25 04:30:00+00:00,2.3189,2.3253,2.3183,2.3241,954961.5
2025-05-25 05:00:00+00:00,2.324,2.3257,2.3218,2.3223,734206.9
2025-05-25 05:30:00+00:00,2.3223,2.3242,2.3168,2.3224,613368.4
2025-05-25 06:00:00+00:00,2.3225,2.3234,2.3153,2.3185,403148.2
2025-05-25 06:30:00+00:00,2.3184,2.3203,2.3145,2.3192,948528.4
2025-05-25 07:00:00+00:00,2.3192,2.3192,2.3028,2.3035,1238303.5
2025-05-25 07:30:00+00:00,2.3034,2.3089,2.3013,2.308,1416192.5
2025-05-25 08:00:00+00:00,2.3081,2.3081,2.2936,2.2975,2442185.1
2025-05-25 08:30:00+00:00,2.2976,2.3007,2.2781,2.2894,4567286.6
2025-05-25 09:00:00+00:00,2.2893,2.2919,2.281,2.2882,2095445.8
2025-05-25 09:30:00+00:00,2.2883,2.2935,2.2785,2.2929,2260284.0
2025-05-25 10:00:00+00:00,2.2929,2.2967,2.2892,2.2896,938361.7
2025-05-25 10:30:00+00:00,2.2895,2.2973,2.2827,2.284,2780577.0
2025-05-25 11:00:00+00:00,2.284,2.2936,2.2806,2.2917,1274501.4
2025-05-25 11:30:00+00:00,2.2918,2.2944,2.2866,2.2926,983056.3
2025-05-25 12:00:00+00:00,2.2925,2.2999,2.2886,2.2982,1071786.2
2025-05-25 12:30:00+00:00,2.2983,2.3058,2.2975,2.3048,1633980.9
2025-05-25 13:00:00+00:00,2.3048,2.3061,2.2978,2.3051,977385.9
2025-05-25 13:30:00+00:00,2.3051,2.3109,2.303,2.3031,2265789.3
2025-05-25 14:00:00+00:00,2.3031,2.3035,2.2968,2.302,1027892.4
2025-05-25 14:30:00+00:00,2.302,2.3024,2.2863,2.2921,1500362.7
2025-05-25 15:00:00+00:00,2.2922,2.2937,2.266,2.27,6000457.2
2025-05-25 15:30:00+00:00,2.27,2.2891,2.2672,2.2877,2933531.1
2025-05-25 16:00:00+00:00,2.2878,2.288,2.2722,2.2736,1160313.2
2025-05-25 16:30:00+00:00,2.2736,2.2908,2.2718,2.2862,1765759.6
2025-05-25 17:00:00+00:00,2.2863,2.2961,2.2863,2.2938,1219541.5
2025-05-25 17:30:00+00:00,2.2939,2.298,2.2886,2.2979,1218695.0
2025-05-25 18:00:00+00:00,2.298,2.307,2.2961,2.3034,1131068.8
2025-05-25 18:30:00+00:00,2.3034,2.3035,2.2984,2.3023,1147359.3
2025-05-25 19:00:00+00:00,2.3022,2.3075,2.3018,2.3075,673725.4
2025-05-25 19:30:00+00:00,2.3075,2.3124,2.3052,2.3055,999918.7
2025-05-25 20:00:00+00:00,2.3056,2.3073,2.2994,2.3032,1124563.1
2025-05-25 20:30:00+00:00,2.3032,2.3094,2.3015,2.3092,1271358.6
2025-05-25 21:00:00+00:00,2.3093,2.3156,2.3043,2.3076,1271209.0
2025-05-25 21:30:00+00:00,2.3075,2.3101,2.2994,2.3048,592091.3
2025-05-25 22:00:00+00:00,2.3048,2.3305,2.3025,2.3264,3036186.5
2025-05-25 22:30:00+00:00,2.3265,2.3403,2.3212,2.3381,3170658.1
2025-05-25 23:00:00+00:00,2.3382,2.3403,2.3276,2.3303,1760527.9
2025-05-25 23:30:00+00:00,2.3303,2.345,2.3295,2.3417,2627741.6
2025-05-26 00:00:00+00:00,2.3416,2.3439,2.3308,2.3352,1977547.8
2025-05-26 00:30:00+00:00,2.3353,2.3527,2.3333,2.352,2541234.6
2025-05-26 01:00:00+00:00,2.3521,2.354,2.3416,2.3426,1463082.2
2025-05-26 01:30:00+00:00,2.3426,2.3489,2.3404,2.3459,1124582.9
2025-05-26 02:00:00+00:00,2.3458,2.3462,2.3392,2.3403,1121275.4
2025-05-26 02:30:00+00:00,2.3403,2.3427,2.3345,2.3414,1186230.3
2025-05-26 03:00:00+00:00,2.3415,2.3433,2.3368,2.3425,963524.9
2025-05-26 03:30:00+00:00,2.3424,2.3459,2.3386,2.3425,1426976.1
2025-05-26 04:00:00+00:00,2.3426,2.3473,2.3391,2.3467,1265703.6
2025-05-26 04:30:00+00:00,2.3468,2.3496,2.3452,2.3485,1065434.6
2025-05-26 05:00:00+00:00,2.3486,2.3491,2.3431,2.3459,1358822.5
2025-05-26 05:30:00+00:00,2.3459,2.3487,2.3439,2.3447,876997.6
2025-05-26 06:00:00+00:00,2.3447,2.3462,2.336,2.3431,2379007.7
2025-05-26 06:30:00+00:00,2.343,2.347,2.3359,2.3458,1222803.8
2025-05-26 07:00:00+00:00,2.3458,2.3593,2.3457,2.3491,3658320.3
2025-05-26 07:30:00+00:00,2.3491,2.3532,2.3469,2.3488,1693259.1
2025-05-26 08:00:00+00:00,2.3489,2.3556,2.3464,2.3472,2171138.5
2025-05-26 08:30:00+00:00,2.3472,2.348,2.3416,2.3429,1271876.8
2025-05-26 09:00:00+00:00,2.3429,2.3468,2.3409,2.3445,1221929.8
2025-05-26 09:30:00+00:00,2.3445,2.3465,2.3392,2.3405,1438421.6
2025-05-26 10:00:00+00:00,2.3405,2.345,2.337,2.3425,1219280.2
2025-05-26 10:30:00+00:00,2.3426,2.3431,2.3323,2.335,1373274.2
2025-05-26 11:00:00+00:00,2.335,2.3374,2.3325,2.3343,1797531.5
2025-05-26 11:30:00+00:00,2.3342,2.3372,2.3292,2.3349,1501939.1
2025-05-26 12:00:00+00:00,2.3349,2.3391,2.3316,2.3373,1172156.7
2025-05-26 12:30:00+00:00,2.3373,2.345,2.3371,2.3409,1158250.2
2025-05-26 13:00:00+00:00,2.3408,2.3452,2.3298,2.3358,2228806.9
2025-05-26 13:30:00+00:00,2.3357,2.3382,2.3189,2.3241,2616947.0
2025-05-26 14:00:00+00:00,2.324,2.326,2.3153,2.3206,2137575.7
2025-05-26 14:30:00+00:00,2.3207,2.3216,2.3123,2.3214,2119112.6
2025-05-26 15:00:00+00:00,2.3215,2.3289,2.3154,2.3282,1773127.5
2025-05-26 15:30:00+00:00,2.3283,2.3424,2.3283,2.3328,2871317.6
2025-05-26 16:00:00+00:00,2.3329,2.3365,2.3123,2.3193,2801487.7
2025-05-26 16:30:00+00:00,2.3192,2.3216,2.3115,2.3126,1879873.5
2025-05-26 17:00:00+00:00,2.3126,2.3173,2.3046,2.3064,2478716.8
2025-05-26 17:30:00+00:00,2.3065,2.3094,2.2961,2.3004,2485871.3
2025-05-26 18:00:00+00:00,2.3003,2.3092,2.2958,2.3092,2092852.2
2025-05-26 18:30:00+00:00,2.3092,2.3106,2.3035,2.3047,699686.3
2025-05-26 19:00:00+00:00,2.3046,2.3121,2.3012,2.3094,818895.5
2025-05-26 19:30:00+00:00,2.3094,2.3141,2.3056,2.3119,650482.9
2025-05-26 20:00:00+00:00,2.3119,2.3134,2.3047,2.3091,724582.9
2025-05-26 20:30:00+00:00,2.309,2.3194,2.3075,2.318,1057131.8
2025-05-26 21:00:00+00:00,2.318,2.3189,2.3108,2.3148,939214.7
2025-05-26 21:30:00+00:00,2.3148,2.3177,2.3071,2.312,597133.9
2025-05-26 22:00:00+00:00,2.3121,2.3248,2.3108,2.3141,1432036.9
2025-05-26 22:30:00+00:00,2.3142,2.3165,2.3028,2.3045,1154967.8
2025-05-26 23:00:00+00:00,2.3044,2.3071,2.3001,2.3043,1207652.9
2025-05-26 23:30:00+00:00,2.3044,2.3114,2.3031,2.3103,750693.6
2025-05-27 00:00:00+00:00,2.3103,2.317,2.3066,2.3071,1002164.1
2025-05-27 00:30:00+00:00,2.3071,2.3075,2.2989,2.3028,1168174.8
2025-05-27 01:00:00+00:00,2.3028,2.3033,2.2671,2.2822,7969612.8
2025-05-27 01:30:00+00:00,2.2823,2.2874,2.2782,2.2856,2321871.2
2025-05-27 02:00:00+00:00,2.2856,2.2942,2.2844,2.2941,1569831.7
2025-05-27 02:30:00+00:00,2.2941,2.2949,2.282,2.2849,1201994.8
2025-05-27 03:00:00+00:00,2.2848,2.3036,2.2836,2.2962,2235615.4
2025-05-27 03:30:00+00:00,2.2962,2.3034,2.2947,2.2958,1695033.1
2025-05-27 04:00:00+00:00,2.2958,2.2999,2.2932,2.2987,1530039.5
2025-05-27 04:30:00+00:00,2.2987,2.3037,2.2936,2.294,1822264.4
2025-05-27 05:00:00+00:00,2.2941,2.2945,2.2841,2.2879,1630757.7
2025-05-27 05:30:00+00:00,2.2879,2.2974,2.2871,2.2964,1350342.0
2025-05-27 06:00:00+00:00,2.2963,2.3073,2.2913,2.3046,3816954.7
2025-05-27 06:30:00+00:00,2.3047,2.3104,2.2882,2.2888,2851064.4
2025-05-27 07:00:00+00:00,2.2888,2.2964,2.2888,2.2938,2420969.4
2025-05-27 07:30:00+00:00,2.2937,2.3038,2.2935,2.3012,1381850.9
2025-05-27 08:00:00+00:00,2.3013,2.314,2.3013,2.3122,1760272.3
2025-05-27 08:30:00+00:00,2.3121,2.316,2.3055,2.3154,2083930.0
2025-05-27 09:00:00+00:00,2.3155,2.3193,2.3078,2.308,1696088.1
2025-05-27 09:30:00+00:00,2.3079,2.317,2.3079,2.3162,1081038.1
2025-05-27 10:00:00+00:00,2.3161,2.3185,2.3139,2.317,1407188.8
2025-05-27 10:30:00+00:00,2.317,2.3193,2.3149,2.3167,1443604.5
2025-05-27 11:00:00+00:00,2.3166,2.3233,2.3094,2.3174,1692079.5
2025-05-27 11:30:00+00:00,2.3175,2.3207,2.3142,2.3197,1085802.5
2025-05-27 12:00:00+00:00,2.3196,2.3266,2.3178,2.3255,1595222.7
2025-05-27 12:30:00+00:00,2.3255,2.3264,2.3195,2.3255,1200942.6
2025-05-27 13:00:00+00:00,2.3255,2.3543,2.325,2.3404,7003840.8
2025-05-27 13:30:00+00:00,2.3405,2.3471,2.3272,2.331,3622563.7
2025-05-27 14:00:00+00:00,2.3311,2.3418,2.3251,2.326,1628995.3
2025-05-27 14:30:00+00:00,2.3261,2.3344,2.307,2.3313,3901967.4
2025-05-27 15:00:00+00:00,2.3314,2.3389,2.3264,2.3362,1696215.0
2025-05-27 15:30:00+00:00,2.3362,2.3435,2.3348,2.3378,2526157.1
2025-05-27 16:00:00+00:00,2.3378,2.3439,2.3319,2.338,1480707.1
2025-05-27 16:30:00+00:00,2.3381,2.3455,2.3368,2.3395,1927177.9
2025-05-27 17:00:00+00:00,2.3396,2.3466,2.3349,2.3387,1628022.0
2025-05-27 17:30:00+00:00,2.3386,2.3493,2.3334,2.3416,1940636.4
2025-05-27 18:00:00+00:00,2.3416,2.3454,2.3363,2.3366,1219509.3
2025-05-27 18:30:00+00:00,2.3366,2.3395,2.3331,2.3359,979566.2
2025-05-27 19:00:00+00:00,2.3358,2.3406,2.333,2.3382,1254021.0
2025-05-27 19:30:00+00:00,2.3381,2.3408,2.3341,2.3355,1487582.2
2025-05-27 20:00:00+00:00,2.3356,2.3372,2.3324,2.3351,969745.8
2025-05-27 20:30:00+00:00,2.3352,2.3352,2.3273,2.3302,1212486.8
2025-05-27 21:00:00+00:00,2.3302,2.3332,2.3163,2.319,2032203.2
2025-05-27 21:30:00+00:00,2.319,2.3284,2.3131,2.3169,2201378.5
2025-05-27 22:00:00+00:00,2.3169,2.3203,2.3055,2.3126,2034654.3
2025-05-27 22:30:00+00:00,2.3126,2.32,2.3095,2.3182,645462.8
2025-05-27 23:00:00+00:00,2.3181,2.3212,2.3145,2.3146,876745.0
2025-05-27 23:30:00+00:00,2.3146,2.3207,2.3135,2.3168,762169.7
2025-05-28 00:00:00+00:00,2.3167,2.3185,2.3087,2.3175,791887.6
2025-05-28 00:30:00+00:00,2.3175,2.323,2.3137,2.3212,967845.7
2025-05-28 01:00:00+00:00,2.3211,2.3232,2.3132,2.316,864659.3
2025-05-28 01:30:00+00:00,2.3159,2.3216,2.3092,2.31,1479467.0
2025-05-28 02:00:00+00:00,2.3099,2.3127,2.3028,2.3034,1536193.7
2025-05-28 02:30:00+00:00,2.3034,2.3123,2.3031,2.3089,578075.8
2025-05-28 03:00:00+00:00,2.3089,2.3093,2.3047,2.3061,984219.7
2025-05-28 03:30:00+00:00,2.3061,2.3135,2.305,2.3126,1036295.4
2025-05-28 04:00:00+00:00,2.3125,2.3132,2.3047,2.3061,755711.2
2025-05-28 04:30:00+00:00,2.3062,2.3163,2.306,2.3129,667691.2
2025-05-28 05:00:00+00:00,2.313,2.3135,2.303,2.3054,997766.5
2025-05-28 05:30:00+00:00,2.3053,2.3089,2.303,2.3034,1087981.8
2025-05-28 06:00:00+00:00,2.3033,2.3036,2.2894,2.2946,3672932.3
2025-05-28 06:30:00+00:00,2.2946,2.2946,2.287,2.2886,2279055.3
2025-05-28 07:00:00+00:00,2.2886,2.2944,2.2842,2.2909,3311364.3
2025-05-28 07:30:00+00:00,2.2908,2.2997,2.2902,2.2957,2244326.1
2025-05-28 08:00:00+00:00,2.2957,2.3009,2.2916,2.3004,1060081.1
2025-05-28 08:30:00+00:00,2.3003,2.3035,2.294,2.301,1413172.5
2025-05-28 09:00:00+00:00,2.3011,2.3017,2.2945,2.2945,1371911.7
2025-05-28 09:30:00+00:00,2.2944,2.2992,2.29,2.2965,1709364.7
2025-05-28 10:00:00+00:00,2.2964,2.2971,2.2881,2.2968,1651201.5
2025-05-28 10:30:00+00:00,2.2968,2.305,2.2965,2.3033,1285843.9
2025-05-28 11:00:00+00:00,2.3034,2.3081,2.3013,2.3021,1172038.8
2025-05-28 11:30:00+00:00,2.3021,2.3103,2.302,2.308,2348566.1
2025-05-28 12:00:00+00:00,2.308,2.3151,2.3059,2.3124,1381720.3
2025-05-28 12:30:00+00:00,2.3124,2.315,2.305,2.3068,1480511.0
2025-05-28 13:00:00+00:00,2.3069,2.3079,2.2994,2.3026,1871139.8
2025-05-28 13:30:00+00:00,2.3026,2.3064,2.2805,2.2822,4915706.2
2025-05-28 14:00:00+00:00,2.2822,2.2857,2.2721,2.2829,6163276.1
2025-05-28 14:30:00+00:00,2.2829,2.2829,2.2675,2.2683,3410700.7
2025-05-28 15:00:00+00:00,2.2683,2.2779,2.2542,2.2637,6189056.8
2025-05-28 15:30:00+00:00,2.2636,2.2644,2.2522,2.2528,2974773.5
2025-05-28 16:00:00+00:00,2.2528,2.2682,2.2521,2.2664,2308686.5
2025-05-28 16:30:00+00:00,2.2663,2.2667,2.2564,2.2592,1693145.5
2025-05-28 17:00:00+00:00,2.2592,2.2669,2.2479,2.2513,3921789.0
2025-05-28 17:30:00+00:00,2.2512,2.2512,2.2365,2.2502,4344699.8
2025-05-28 18:00:00+00:00,2.2501,2.26,2.2487,2.2506,2802805.9
2025-05-28 18:30:00+00:00,2.2506,2.2567,2.2402,2.2433,2639139.8
2025-05-28 19:00:00+00:00,2.2432,2.256,2.2421,2.2489,2435083.3
2025-05-28 19:30:00+00:00,2.2488,2.2489,2.2265,2.2275,3917386.3
2025-05-28 20:00:00+00:00,2.2275,2.2469,2.2266,2.2456,2418704.0
2025-05-28 20:30:00+00:00,2.2457,2.2541,2.2423,2.2521,1457880.4
2025-05-28 21:00:00+00:00,2.252,2.2599,2.2507,2.2546,1279663.2
2025-05-28 21:30:00+00:00,2.2546,2.2633,2.2533,2.2618,1055121.5
2025-05-28 22:00:00+00:00,2.2617,2.2617,2.2545,2.2555,1069567.9
2025-05-28 22:30:00+00:00,2.2555,2.2625,2.2523,2.261,1235765.7
2025-05-28 23:00:00+00:00,2.261,2.2787,2.26,2.2748,1983047.0
2025-05-28 23:30:00+00:00,2.2749,2.281,2.2716,2.2742,1574177.0
2025-05-29 00:00:00+00:00,2.2742,2.2808,2.2674,2.2806,1783089.2
2025-05-29 00:30:00+00:00,2.2807,2.2974,2.2777,2.2955,3034336.7
2025-05-29 01:00:00+00:00,2.2955,2.2974,2.2855,2.2862,2202293.1
2025-05-29 01:30:00+00:00,2.2861,2.2921,2.2819,2.29,1298626.0
2025-05-29 02:00:00+00:00,2.2901,2.2954,2.2823,2.294,1886498.0
2025-05-29 02:30:00+00:00,2.294,2.3119,2.294,2.3107,3577803.2
2025-05-29 03:00:00+00:00,2.3106,2.3125,2.2979,2.3006,2093222.1
2025-05-29 03:30:00+00:00,2.3006,2.3027,2.2882,2.2911,1863810.0
2025-05-29 04:00:00+00:00,2.2911,2.2948,2.2799,2.2902,2149048.7
2025-05-29 04:30:00+00:00,2.2903,2.2909,2.2736,2.282,3197023.2
2025-05-29 05:00:00+00:00,2.2821,2.2884,2.2793,2.2865,1257037.9
2025-05-29 05:30:00+00:00,2.2865,2.2884,2.2777,2.2802,1872460.8
2025-05-29 06:00:00+00:00,2.2801,2.2875,2.2793,2.2875,1708823.1
2025-05-29 06:30:00+00:00,2.2875,2.2883,2.281,2.2848,1713596.8
2025-05-29 07:00:00+00:00,2.2848,2.2875,2.2777,2.2851,2106969.2
2025-05-29 07:30:00+00:00,2.285,2.2851,2.2715,2.2796,3370273.0
2025-05-29 08:00:00+00:00,2.2796,2.2942,2.277,2.29,3255878.5
2025-05-29 08:30:00+00:00,2.2899,2.2963,2.2896,2.2949,1655685.3
2025-05-29 09:00:00+00:00,2.2949,2.2965,2.2898,2.2926,1213171.1
2025-05-29 09:30:00+00:00,2.2925,2.2948,2.2906,2.2929,955192.2
2025-05-29 10:00:00+00:00,2.2929,2.3,2.2881,2.2954,2080440.8
2025-05-29 10:30:00+00:00,2.2953,2.303,2.295,2.301,1302021.1
2025-05-29 11:00:00+00:00,2.3011,2.3039,2.297,2.3004,1629918.5
2025-05-29 11:30:00+00:00,2.3004,2.304,2.2965,2.3019,1730471.2
2025-05-29 12:00:00+00:00,2.3019,2.303,2.294,2.2986,2127771.0
2025-05-29 12:30:00+00:00,2.2987,2.3028,2.2883,2.2952,2127927.1
2025-05-29 13:00:00+00:00,2.2952,2.3095,2.2949,2.3017,2507031.2
2025-05-29 13:30:00+00:00,2.3017,2.3028,2.2832,2.287,2841595.6
2025-05-29 14:00:00+00:00,2.2869,2.2925,2.266,2.2718,4266115.5
2025-05-29 14:30:00+00:00,2.2718,2.2945,2.2666,2.2916,2865275.7
2025-05-29 15:00:00+00:00,2.2915,2.2958,2.2869,2.2904,1880684.7
2025-05-29 15:30:00+00:00,2.2904,2.2921,2.275,2.2764,2159130.0
2025-05-29 16:00:00+00:00,2.2765,2.2823,2.2703,2.2794,2035550.1
2025-05-29 16:30:00+00:00,2.2793,2.2833,2.2678,2.2713,2002362.4
2025-05-29 17:00:00+00:00,2.2712,2.2838,2.269,2.2801,1304257.6
2025-05-29 17:30:00+00:00,2.28,2.2914,2.2708,2.2838,2839987.6
2025-05-29 18:00:00+00:00,2.2839,2.2906,2.2816,2.283,1764663.8
2025-05-29 18:30:00+00:00,2.283,2.2872,2.2715,2.2716,1556962.6
2025-05-29 19:00:00+00:00,2.2716,2.2766,2.2532,2.2606,3883747.8
2025-05-29 19:30:00+00:00,2.2606,2.2656,2.255,2.2643,1406109.1
2025-05-29 20:00:00+00:00,2.2643,2.274,2.2636,2.2721,2336480.7
2025-05-29 20:30:00+00:00,2.2721,2.2755,2.2661,2.2722,1047633.2
2025-05-29 21:00:00+00:00,2.2721,2.2764,2.268,2.2711,752993.3
2025-05-29 21:30:00+00:00,2.2711,2.2835,2.2708,2.2818,775682.9
2025-05-29 22:00:00+00:00,2.2819,2.2819,2.2705,2.2713,1169391.9
2025-05-29 22:30:00+00:00,2.2714,2.2726,2.2606,2.2608,835605.0
2025-05-29 23:00:00+00:00,2.2607,2.264,2.2479,2.2513,2403918.7
2025-05-29 23:30:00+00:00,2.2513,2.2552,2.238,2.2442,3271947.5
2025-05-30 00:00:00+00:00,2.2441,2.2523,2.2383,2.2437,3982861.1
2025-05-30 00:30:00+00:00,2.2436,2.2445,2.1316,2.1564,29751015.1
2025-05-30 01:00:00+00:00,2.1565,2.1957,2.1506,2.1949,13760301.8
2025-05-30 01:30:00+00:00,2.1949,2.1991,2.1824,2.1931,5747273.1
2025-05-30 02:00:00+00:00,2.1932,2.2121,2.1917,2.2096,6956299.8
2025-05-30 02:30:00+00:00,2.2096,2.2222,2.2091,2.2186,3490984.0
2025-05-30 03:00:00+00:00,2.2186,2.2275,2.2151,2.2274,2567328.0
2025-05-30 03:30:00+00:00,2.2273,2.2311,2.2161,2.2175,1656469.3
2025-05-30 04:00:00+00:00,2.2175,2.2175,2.209,2.2132,3119215.9
2025-05-30 04:30:00+00:00,2.2132,2.2237,2.2104,2.2223,2843160.3
2025-05-30 05:00:00+00:00,2.2223,2.2239,2.2174,2.2213,2533115.9
2025-05-30 05:30:00+00:00,2.2214,2.2253,2.2101,2.2156,3920723.6
2025-05-30 06:00:00+00:00,2.2155,2.216,2.1923,2.1944,3804889.0
2025-05-30 06:30:00+00:00,2.1944,2.1956,2.1783,2.186,4361580.9
2025-05-30 07:00:00+00:00,2.1861,2.1945,2.174,2.189,3815212.6
2025-05-30 07:30:00+00:00,2.189,2.1985,2.1771,2.1904,4665285.9
2025-05-30 08:00:00+00:00,2.1904,2.1915,2.1745,2.1873,2599217.9
2025-05-30 08:30:00+00:00,2.1873,2.1929,2.18,2.1874,2926133.0
2025-05-30 09:00:00+00:00,2.1874,2.1932,2.1782,2.1877,2001152.2
2025-05-30 09:30:00+00:00,2.1876,2.1956,2.1702,2.1945,3411847.9
2025-05-30 10:00:00+00:00,2.1944,2.2005,2.1848,2.1948,3800434.6
2025-05-30 10:30:00+00:00,2.1947,2.2048,2.1911,2.2045,1845493.0
2025-05-30 11:00:00+00:00,2.2045,2.2112,2.2013,2.2059,2513241.0
2025-05-30 11:30:00+00:00,2.206,2.2145,2.2043,2.2066,1777594.5
2025-05-30 12:00:00+00:00,2.2067,2.2099,2.1851,2.1926,3007955.5
2025-05-30 12:30:00+00:00,2.1926,2.2056,2.1913,2.1954,2462211.1
2025-05-30 13:00:00+00:00,2.1954,2.2025,2.1833,2.1869,2336521.5
2025-05-30 13:30:00+00:00,2.1869,2.1917,2.1684,2.17,6793106.4
2025-05-30 14:00:00+00:00,2.17,2.181,2.1624,2.1677,5062494.8
2025-05-30 14:30:00+00:00,2.1678,2.1889,2.1667,2.1771,3136650.8
2025-05-30 15:00:00+00:00,2.1771,2.2012,2.1762,2.199,3415025.5
2025-05-30 15:30:00+00:00,2.199,2.2005,2.1823,2.1836,1518221.5
2025-05-30 16:00:00+00:00,2.1836,2.1912,2.1627,2.1648,3068073.1
2025-05-30 16:30:00+00:00,2.1647,2.1654,2.135,2.1535,11591421.3
2025-05-30 17:00:00+00:00,2.1536,2.1752,2.1528,2.1696,2955688.3
2025-05-30 17:30:00+00:00,2.1697,2.175,2.1662,2.1745,2245763.3
2025-05-30 18:00:00+00:00,2.1744,2.1996,2.1742,2.1979,3176831.9
2025-05-30 18:30:00+00:00,2.198,2.2053,2.1939,2.2027,1964299.6
2025-05-30 19:00:00+00:00,2.2027,2.2058,2.1986,2.2014,1481910.1
2025-05-30 19:30:00+00:00,2.2013,2.2014,2.1853,2.186,1240746.5
2025-05-30 20:00:00+00:00,2.1861,2.1945,2.1843,2.1874,1020703.3
2025-05-30 20:30:00+00:00,2.1873,2.1969,2.1863,2.1886,998503.0
2025-05-30 21:00:00+00:00,2.1886,2.1956,2.1885,2.1911,923494.6
2025-05-30 21:30:00+00:00,2.191,2.1956,2.1784,2.1807,1118964.0
2025-05-30 22:00:00+00:00,2.1807,2.1844,2.1664,2.1674,2364063.5
2025-05-30 22:30:00+00:00,2.1674,2.1704,2.1388,2.1401,4021012.8
2025-05-30 23:00:00+00:00,2.1402,2.1549,2.1297,2.139,6324785.6
2025-05-30 23:30:00+00:00,2.1392,2.1503,2.1345,2.1398,2478551.2
2025-05-31 00:00:00+00:00,2.1397,2.1439,2.106,2.1229,9805883.7
2025-05-31 00:30:00+00:00,2.123,2.1487,2.123,2.1285,2115485.2
2025-05-31 01:00:00+00:00,2.1286,2.1442,2.109,2.1187,5021157.8
2025-05-31 01:30:00+00:00,2.1187,2.1272,2.0996,2.1188,7589758.7
2025-05-31 02:00:00+00:00,2.1187,2.1401,2.1065,2.1242,3585401.9
2025-05-31 02:30:00+00:00,2.1242,2.1243,2.1,2.1012,3584116.9
2025-05-31 03:00:00+00:00,2.1012,2.1039,2.0794,2.0999,7645860.8
2025-05-31 03:30:00+00:00,2.0998,2.1131,2.0922,2.1103,2410138.8
2025-05-31 04:00:00+00:00,2.1103,2.1211,2.0996,2.1208,2801832.5
2025-05-31 04:30:00+00:00,2.1208,2.1335,2.1207,2.1331,2315831.9
2025-05-31 05:00:00+00:00,2.133,2.1386,2.1308,2.134,1969590.2
2025-05-31 05:30:00+00:00,2.1341,2.1398,2.1262,2.1266,1677806.7
2025-05-31 06:00:00+00:00,2.1266,2.1396,2.1253,2.1375,1181797.0
2025-05-31 06:30:00+00:00,2.1374,2.143,2.1331,2.1361,1175580.2
2025-05-31 07:00:00+00:00,2.1361,2.1369,2.1272,2.134,1250020.5
2025-05-31 07:30:00+00:00,2.134,2.1387,2.1271,2.1289,926518.9
2025-05-31 08:00:00+00:00,2.1289,2.1399,2.1282,2.1353,1743015.5
2025-05-31 08:30:00+00:00,2.1353,2.1395,2.1278,2.137,1789179.9
2025-05-31 09:00:00+00:00,2.137,2.1448,2.1312,2.1331,2241598.6
2025-05-31 09:30:00+00:00,2.1332,2.1443,2.1332,2.1425,1851351.2
2025-05-31 10:00:00+00:00,2.1425,2.1533,2.1347,2.1418,3079551.3
2025-05-31 10:30:00+00:00,2.1418,2.1439,2.1321,2.1391,1281263.5
2025-05-31 11:00:00+00:00,2.1392,2.1427,2.1309,2.1323,1007355.2
2025-05-31 11:30:00+00:00,2.1323,2.14,2.1287,2.1394,954711.0
2025-05-31 12:00:00+00:00,2.1395,2.1548,2.1394,2.1508,2147032.6
2025-05-31 12:30:00+00:00,2.1507,2.1628,2.15,2.1626,2032681.3
2025-05-31 13:00:00+00:00,2.1626,2.1693,2.1525,2.1578,2721300.8
2025-05-31 13:30:00+00:00,2.1578,2.1633,2.1524,2.1575,1621938.5
2025-05-31 14:00:00+00:00,2.1574,2.1686,2.1568,2.1674,1743110.7
2025-05-31 14:30:00+00:00,2.1675,2.1712,2.164,2.1695,1359889.0
2025-05-31 15:00:00+00:00,2.1696,2.1804,2.1694,2.1802,1796519.3
2025-05-31 15:30:00+00:00,2.1802,2.1815,2.1688,2.173,1805033.8
2025-05-31 16:00:00+00:00,2.173,2.1886,2.1705,2.1881,1900150.6
2025-05-31 16:30:00+00:00,2.1881,2.1912,2.1812,2.191,1299204.8
2025-05-31 17:00:00+00:00,2.191,2.2036,2.1898,2.1964,3059551.1
2025-05-31 17:30:00+00:00,2.1964,2.1976,2.1821,2.1846,2649324.0
2025-05-31 18:00:00+00:00,2.1846,2.1956,2.1838,2.1916,1511170.3
2025-05-31 18:30:00+00:00,2.1916,2.1916,2.1851,2.1888,1102567.2
2025-05-31 19:00:00+00:00,2.1887,2.2065,2.1887,2.1978,2185264.9
2025-05-31 19:30:00+00:00,2.1978,2.2006,2.1905,2.1919,1231860.7
2025-05-31 20:00:00+00:00,2.1919,2.1992,2.1897,2.1922,1083255.4
2025-05-31 20:30:00+00:00,2.1922,2.1954,2.1913,2.1926,724281.1
2025-05-31 21:00:00+00:00,2.1926,2.2003,2.1905,2.1923,1704328.3
2025-05-31 21:30:00+00:00,2.1924,2.1986,2.1917,2.1948,825040.5
2025-05-31 22:00:00+00:00,2.1949,2.1967,2.1856,2.1865,1143852.8
2025-05-31 22:30:00+00:00,2.1866,2.1884,2.1757,2.1785,2190495.0
2025-05-31 23:00:00+00:00,2.1785,2.1886,2.1754,2.1801,1580402.7
2025-05-31 23:30:00+00:00,2.1801,2.1808,2.1719,2.1738,926824.7
2025-06-01 00:00:00+00:00,2.1739,2.1744,2.1643,2.1658,1516501.1
2025-06-01 00:30:00+00:00,2.1658,2.1735,2.1641,2.1723,776677.8
2025-06-01 01:00:00+00:00,2.1724,2.1786,2.1677,2.1725,823206.9
2025-06-01 01:30:00+00:00,2.1725,2.1741,2.1574,2.1605,1519675.6
2025-06-01 02:00:00+00:00,2.1605,2.1606,2.1499,2.1583,1592168.5
2025-06-01 02:30:00+00:00,2.1584,2.1643,2.1566,2.1594,755019.1
2025-06-01 03:00:00+00:00,2.1595,2.1605,2.1495,2.1551,1113887.5
2025-06-01 03:30:00+00:00,2.1552,2.1649,2.1551,2.1637,882738.1
2025-06-01 04:00:00+00:00,2.1636,2.1662,2.1583,2.166,466591.1
2025-06-01 04:30:00+00:00,2.1661,2.1765,2.1661,2.1728,1033593.4
2025-06-01 05:00:00+00:00,2.1727,2.1754,2.1684,2.1735,705817.1
2025-06-01 05:30:00+00:00,2.1734,2.1768,2.1687,2.1711,432949.1
2025-06-01 06:00:00+00:00,2.171,2.1715,2.1604,2.1646,688796.9
2025-06-01 06:30:00+00:00,2.1646,2.1693,2.1618,2.1634,409487.5
2025-06-01 07:00:00+00:00,2.1633,2.1639,2.1558,2.1611,986765.6
2025-06-01 07:30:00+00:00,2.1611,2.1614,2.1548,2.1594,499203.1
2025-06-01 08:00:00+00:00,2.1593,2.1604,2.1457,2.1493,1395143.2
2025-06-01 08:30:00+00:00,2.1494,2.1524,2.1438,2.1481,1106328.7
2025-06-01 09:00:00+00:00,2.1481,2.1504,2.1333,2.1371,1901783.3
2025-06-01 09:30:00+00:00,2.1371,2.1378,2.1231,2.1327,3902380.0
2025-06-01 10:00:00+00:00,2.1328,2.1395,2.1242,2.1377,2100396.9
2025-06-01 10:30:00+00:00,2.1377,2.1423,2.1292,2.1417,1382153.3
2025-06-01 11:00:00+00:00,2.1417,2.1466,2.1366,2.1461,1432523.8
2025-06-01 11:30:00+00:00,2.1462,2.1482,2.1404,2.1411,911838.2
2025-06-01 12:00:00+00:00,2.1411,2.1411,2.1305,2.1361,1415278.4
2025-06-01 12:30:00+00:00,2.1361,2.1371,2.1263,2.132,1402477.2
2025-06-01 13:00:00+00:00,2.132,2.1424,2.13,2.1358,1674580.9
2025-06-01 13:30:00+00:00,2.1358,2.1434,2.1357,2.1402,909313.4
2025-06-01 14:00:00+00:00,2.1402,2.1538,2.1401,2.153,2092679.9
2025-06-01 14:30:00+00:00,2.153,2.1537,2.145,2.1463,931510.9
2025-06-01 15:00:00+00:00,2.1463,2.1541,2.1432,2.1521,872174.7
2025-06-01 15:30:00+00:00,2.1521,2.1561,2.1485,2.1522,1044313.6
2025-06-01 16:00:00+00:00,2.1522,2.1676,2.1494,2.1634,3359259.0
2025-06-01 16:30:00+00:00,2.1633,2.1748,2.1611,2.1689,2443712.4
2025-06-01 17:00:00+00:00,2.1689,2.1755,2.1662,2.1712,1272288.9
2025-06-01 17:30:00+00:00,2.1711,2.1767,2.1697,2.1719,1135485.5
2025-06-01 18:00:00+00:00,2.172,2.172,2.1556,2.1568,2475028.0
2025-06-01 18:30:00+00:00,2.1568,2.1596,2.1454,2.1573,2209124.4
2025-06-01 19:00:00+00:00,2.1574,2.1653,2.1543,2.1636,1207897.2
2025-06-01 19:30:00+00:00,2.1636,2.168,2.16,2.1675,526392.7
2025-06-01 20:00:00+00:00,2.1675,2.1695,2.1609,2.1653,664147.5
2025-06-01 20:30:00+00:00,2.1653,2.1682,2.1551,2.1552,1023349.8
2025-06-01 21:00:00+00:00,2.1552,2.1705,2.1534,2.1689,1760998.6
2025-06-01 21:30:00+00:00,2.169,2.1778,2.1681,2.1725,2141183.4
2025-06-01 22:00:00+00:00,2.1725,2.1809,2.172,2.1733,1189181.1
2025-06-01 22:30:00+00:00,2.1734,2.1746,2.1696,2.1728,595608.3
2025-06-01 23:00:00+00:00,2.1727,2.1879,2.1727,2.1793,1445420.4
2025-06-01 23:30:00+00:00,2.1794,2.1841,2.1764,2.1792,837815.7
2025-06-02 00:00:00+00:00,2.1792,2.1816,2.1694,2.1695,1475721.2
2025-06-02 00:30:00+00:00,2.1696,2.1748,2.1672,2.1707,1773955.9
2025-06-02 01:00:00+00:00,2.1707,2.1834,2.1707,2.1742,1589026.5
2025-06-02 01:30:00+00:00,2.1742,2.1742,2.1641,2.1642,1344994.2
2025-06-02 02:00:00+00:00,2.1642,2.1714,2.161,2.1689,1977611.0
2025-06-02 02:30:00+00:00,2.1688,2.17,2.1568,2.1595,2011101.9
2025-06-02 03:00:00+00:00,2.1596,2.1604,2.1509,2.1564,2363360.8
2025-06-02 03:30:00+00:00,2.1564,2.1615,2.1563,2.1574,943729.1
2025-06-02 04:00:00+00:00,2.1575,2.1674,2.1572,2.1645,1329140.6
2025-06-02 04:30:00+00:00,2.1645,2.1745,2.1642,2.1695,1685822.9
2025-06-02 05:00:00+00:00,2.1695,2.1755,2.1674,2.173,1556395.0
2025-06-02 05:30:00+00:00,2.1731,2.1748,2.1644,2.1691,2116178.0
2025-06-02 06:00:00+00:00,2.1692,2.1734,2.1574,2.1639,3351106.0
2025-06-02 06:30:00+00:00,2.164,2.1709,2.1632,2.1671,2704012.4
2025-06-02 07:00:00+00:00,2.167,2.1794,2.1665,2.1702,2480281.7
2025-06-02 07:30:00+00:00,2.1703,2.1729,2.1616,2.1633,2023185.5
2025-06-02 08:00:00+00:00,2.1633,2.1792,2.1621,2.1773,3022603.0
2025-06-02 08:30:00+00:00,2.1773,2.1793,2.1616,2.1632,1881036.8
2025-06-02 09:00:00+00:00,2.1633,2.1637,2.1483,2.1543,4290454.1
2025-06-02 09:30:00+00:00,2.1542,2.159,2.1494,2.1531,2099743.4
2025-06-02 10:00:00+00:00,2.1531,2.1587,2.1424,2.1485,4426973.0
2025-06-02 10:30:00+00:00,2.1484,2.15,2.1422,2.1462,2145392.8
2025-06-02 11:00:00+00:00,2.1462,2.1496,2.1386,2.1407,2454543.6
2025-06-02 11:30:00+00:00,2.1406,2.1437,2.1357,2.143,2088464.3
2025-06-02 12:00:00+00:00,2.143,2.1499,2.1375,2.1453,1999279.3
2025-06-02 12:30:00+00:00,2.1453,2.1531,2.144,2.1522,1944432.7
2025-06-02 13:00:00+00:00,2.1521,2.153,2.1392,2.1438,1960807.7
2025-06-02 13:30:00+00:00,2.1438,2.1555,2.1395,2.143,2757000.0
2025-06-02 14:00:00+00:00,2.143,2.1579,2.1375,2.1543,3691962.7
2025-06-02 14:30:00+00:00,2.1543,2.1596,2.1447,2.15,1473096.3
2025-06-02 15:00:00+00:00,2.15,2.1636,2.1432,2.1581,1702105.7
2025-06-02 15:30:00+00:00,2.1581,2.1625,2.1554,2.1594,1041463.0
2025-06-02 16:00:00+00:00,2.1594,2.1612,2.1494,2.1522,1058168.1
2025-06-02 16:30:00+00:00,2.1522,2.1649,2.1495,2.1633,713066.4
2025-06-02 17:00:00+00:00,2.1633,2.1765,2.1633,2.1714,2262427.3
2025-06-02 17:30:00+00:00,2.1715,2.1736,2.1625,2.1686,1164856.3
2025-06-02 18:00:00+00:00,2.1687,2.1786,2.1652,2.1753,1230076.2
2025-06-02 18:30:00+00:00,2.1753,2.1773,2.164,2.1655,1032385.3
2025-06-02 19:00:00+00:00,2.1656,2.1735,2.1627,2.1661,1320424.3
2025-06-02 19:30:00+00:00,2.1661,2.1675,2.1565,2.1653,1070795.0
2025-06-02 20:00:00+00:00,2.1653,2.184,2.1653,2.1835,2638512.3
2025-06-02 20:30:00+00:00,2.1836,2.1849,2.1725,2.1763,1625090.0
2025-06-02 21:00:00+00:00,2.1764,2.1858,2.1764,2.1799,1434673.5
2025-06-02 21:30:00+00:00,2.1799,2.1862,2.1747,2.1859,1068703.7
2025-06-02 22:00:00+00:00,2.1859,2.2045,2.1858,2.202,5618671.9
2025-06-02 22:30:00+00:00,2.202,2.2027,2.1876,2.1906,1539168.5
2025-06-02 23:00:00+00:00,2.1906,2.1999,2.1892,2.1986,1569728.1
2025-06-02 23:30:00+00:00,2.1985,2.2038,2.1953,2.1965,1426850.8
2025-06-03 00:00:00+00:00,2.1965,2.2101,2.1922,2.2013,3034371.3
2025-06-03 00:30:00+00:00,2.2012,2.2074,2.2008,2.204,1280796.1
2025-06-03 01:00:00+00:00,2.2041,2.217,2.204,2.2143,2761446.8
2025-06-03 01:30:00+00:00,2.2142,2.2198,2.2127,2.2183,2000651.1
2025-06-03 02:00:00+00:00,2.2183,2.2219,2.2061,2.2076,3756361.6
2025-06-03 02:30:00+00:00,2.2076,2.2104,2.1979,2.1995,2570868.9
2025-06-03 03:00:00+00:00,2.1995,2.2019,2.1916,2.1924,2032905.2
2025-06-03 03:30:00+00:00,2.1924,2.196,2.1845,2.1958,2365256.9
2025-06-03 04:00:00+00:00,2.1957,2.1976,2.1884,2.1922,1539053.8
2025-06-03 04:30:00+00:00,2.1922,2.1935,2.1876,2.1902,1252552.2
2025-06-03 05:00:00+00:00,2.1903,2.2007,2.1903,2.2002,1010737.3
2025-06-03 05:30:00+00:00,2.2002,2.2054,2.2002,2.2037,1143152.4
2025-06-03 06:00:00+00:00,2.2037,2.207,2.1957,2.198,1614100.7
2025-06-03 06:30:00+00:00,2.198,2.2029,2.1973,2.2022,789198.6
2025-06-03 07:00:00+00:00,2.2022,2.2031,2.1916,2.1926,1682545.3
2025-06-03 07:30:00+00:00,2.1926,2.1947,2.188,2.19,1687810.3
2025-06-03 08:00:00+00:00,2.19,2.1958,2.1849,2.1871,2142296.5
2025-06-03 08:30:00+00:00,2.1871,2.1915,2.1838,2.1912,876418.2
2025-06-03 09:00:00+00:00,2.1912,2.1922,2.1889,2.1892,718242.6
2025-06-03 09:30:00+00:00,2.1893,2.2014,2.1891,2.199,1344761.7
2025-06-03 10:00:00+00:00,2.1991,2.2009,2.1945,2.1989,1296316.0
2025-06-03 10:30:00+00:00,2.199,2.2022,2.1987,2.2018,697628.5
2025-06-03 11:00:00+00:00,2.2018,2.2202,2.2015,2.215,4673378.0
2025-06-03 11:30:00+00:00,2.2149,2.2158,2.2082,2.2149,1520508.3
2025-06-03 12:00:00+00:00,2.2148,2.2201,2.2081,2.2169,2106262.3
2025-06-03 12:30:00+00:00,2.2168,2.225,2.2131,2.2249,1927484.9
2025-06-03 13:00:00+00:00,2.225,2.2311,2.2169,2.2187,1743989.0
2025-06-03 13:30:00+00:00,2.2187,2.2219,2.2058,2.2155,3814468.6
2025-06-03 14:00:00+00:00,2.2156,2.2235,2.206,2.2223,2271960.8
2025-06-03 14:30:00+00:00,2.2223,2.2394,2.2216,2.2374,2492534.8
2025-06-03 15:00:00+00:00,2.2374,2.2481,2.2304,2.2466,4461920.0
2025-06-03 15:30:00+00:00,2.2466,2.2759,2.2453,2.2631,8156268.9
2025-06-03 16:00:00+00:00,2.2632,2.2669,2.2491,2.2596,3919534.2
2025-06-03 16:30:00+00:00,2.2595,2.2722,2.2538,2.2538,3087380.1
2025-06-03 17:00:00+00:00,2.2538,2.261,2.2488,2.2574,2807399.0
2025-06-03 17:30:00+00:00,2.2574,2.2575,2.244,2.2484,1644477.2
2025-06-03 18:00:00+00:00,2.2484,2.2582,2.24,2.2544,1597345.6
2025-06-03 18:30:00+00:00,2.2544,2.2643,2.2505,2.2606,1156450.5
2025-06-03 19:00:00+00:00,2.2606,2.272,2.2567,2.271,3030547.7
2025-06-03 19:30:00+00:00,2.2709,2.2819,2.2655,2.2814,2640663.0
2025-06-03 20:00:00+00:00,2.2815,2.2821,2.2471,2.2491,3919357.5
2025-06-03 20:30:00+00:00,2.2492,2.2627,2.2424,2.2541,3008231.2
2025-06-03 21:00:00+00:00,2.2541,2.271,2.2493,2.2579,2529584.7
2025-06-03 21:30:00+00:00,2.2579,2.259,2.2346,2.2418,2550119.9
2025-06-03 22:00:00+00:00,2.2419,2.2654,2.2378,2.2627,3534940.0
2025-06-03 22:30:00+00:00,2.2626,2.2638,2.2574,2.2591,1588817.9
2025-06-03 23:00:00+00:00,2.2591,2.2599,2.2458,2.2509,1036110.9
2025-06-03 23:30:00+00:00,2.2509,2.2542,2.2427,2.2446,1217024.1
2025-06-04 00:00:00+00:00,2.2445,2.2487,2.2386,2.2386,1637391.3
2025-06-04 00:30:00+00:00,2.2387,2.2469,2.2297,2.2468,1719504.6
2025-06-04 01:00:00+00:00,2.2469,2.2641,2.2469,2.2575,2298508.7
2025-06-04 01:30:00+00:00,2.2575,2.2583,2.2484,2.2542,1969627.7
2025-06-04 02:00:00+00:00,2.2542,2.2658,2.2526,2.2546,2121662.9
2025-06-04 02:30:00+00:00,2.2546,2.2547,2.2461,2.2472,1145352.7
2025-06-04 03:00:00+00:00,2.2471,2.2597,2.2471,2.2543,1646599.0
2025-06-04 03:30:00+00:00,2.2543,2.2587,2.2513,2.2528,1357216.9
2025-06-04 04:00:00+00:00,2.2528,2.253,2.2475,2.251,1272989.0
2025-06-04 04:30:00+00:00,2.2509,2.2509,2.2433,2.2442,1139101.8
2025-06-04 05:00:00+00:00,2.2441,2.2473,2.2394,2.2394,1420780.7
2025-06-04 05:30:00+00:00,2.2395,2.2449,2.2373,2.2377,1492039.9
2025-06-04 06:00:00+00:00,2.2377,2.2395,2.2316,2.2381,1304584.0
2025-06-04 06:30:00+00:00,2.238,2.2408,2.2347,2.2349,1102434.9
2025-06-04 07:00:00+00:00,2.235,2.2379,2.2314,2.2325,2039889.3
2025-06-04 07:30:00+00:00,2.2325,2.2396,2.2276,2.234,2350778.4
2025-06-04 08:00:00+00:00,2.2339,2.2488,2.2332,2.2467,2258410.2
2025-06-04 08:30:00+00:00,2.2467,2.2514,2.2455,2.2487,1181870.8
2025-06-04 09:00:00+00:00,2.2488,2.262,2.2469,2.2567,1920750.1
2025-06-04 09:30:00+00:00,2.2568,2.263,2.2507,2.2592,1376381.2
2025-06-04 10:00:00+00:00,2.2591,2.2642,2.2557,2.257,1539235.8
2025-06-04 10:30:00+00:00,2.2569,2.2587,2.2535,2.2555,1469153.1
2025-06-04 11:00:00+00:00,2.2554,2.2616,2.2501,2.2527,1395148.6
2025-06-04 11:30:00+00:00,2.2527,2.2557,2.2476,2.253,1787490.8
2025-06-04 12:00:00+00:00,2.253,2.2538,2.2388,2.2395,2714442.7
2025-06-04 12:30:00+00:00,2.2395,2.2433,2.2356,2.2382,1588271.0
2025-06-04 13:00:00+00:00,2.2381,2.2426,2.2329,2.236,1529396.5
2025-06-04 13:30:00+00:00,2.2361,2.2452,2.2339,2.2346,2086616.9
2025-06-04 14:00:00+00:00,2.2345,2.235,2.2195,2.2314,3913012.8
2025-06-04 14:30:00+00:00,2.2314,2.2467,2.2303,2.2465,2001953.9
2025-06-04 15:00:00+00:00,2.2466,2.26,2.2427,2.2544,2792270.9
2025-06-04 15:30:00+00:00,2.2544,2.2614,2.2483,2.2492,1871642.5
2025-06-04 16:00:00+00:00,2.2492,2.2522,2.2437,2.2437,1513295.9
2025-06-04 16:30:00+00:00,2.2436,2.2479,2.2416,2.2451,990364.4
2025-06-04 17:00:00+00:00,2.2452,2.2452,2.2329,2.2332,1630923.1
2025-06-04 17:30:00+00:00,2.2332,2.2337,2.2273,2.2336,1832512.7
2025-06-04 18:00:00+00:00,2.2337,2.2378,2.2285,2.233,882716.1
2025-06-04 18:30:00+00:00,2.233,2.2348,2.2238,2.2251,1633257.8
2025-06-04 19:00:00+00:00,2.2251,2.2274,2.2131,2.2152,1765709.3
2025-06-04 19:30:00+00:00,2.2152,2.2176,2.206,2.206,2159784.9
2025-06-04 20:00:00+00:00,2.206,2.212,2.1963,2.207,3148991.1
2025-06-04 20:30:00+00:00,2.2069,2.2084,2.2007,2.202,1544506.1
2025-06-04 21:00:00+00:00,2.2021,2.2058,2.1951,2.2053,2494760.3
2025-06-04 21:30:00+00:00,2.2053,2.2153,2.2053,2.2113,1840132.5
2025-06-04 22:00:00+00:00,2.2114,2.2163,2.2043,2.2061,1143242.7
2025-06-04 22:30:00+00:00,2.2061,2.2115,2.2035,2.2042,925996.6
2025-06-04 23:00:00+00:00,2.2041,2.2089,2.1954,2.1988,1319418.7
2025-06-04 23:30:00+00:00,2.1987,2.2041,2.1954,2.2009,653967.9
2025-06-05 00:00:00+00:00,2.2009,2.2071,2.199,2.2053,1098691.7
2025-06-05 00:30:00+00:00,2.2054,2.2113,2.204,2.2103,1155242.7
2025-06-05 01:00:00+00:00,2.2103,2.2139,2.2072,2.2089,674178.6
2025-06-05 01:30:00+00:00,2.2089,2.209,2.1977,2.1999,1326799.2
2025-06-05 02:00:00+00:00,2.2,2.2106,2.1997,2.2031,1017584.7
2025-06-05 02:30:00+00:00,2.2032,2.2147,2.2032,2.2054,1666096.6
2025-06-05 03:00:00+00:00,2.2054,2.2059,2.201,2.201,1014752.5
2025-06-05 03:30:00+00:00,2.201,2.2059,2.2,2.2054,1295544.9
2025-06-05 04:00:00+00:00,2.2053,2.2123,2.2048,2.2099,1122561.4
2025-06-05 04:30:00+00:00,2.2099,2.214,2.2086,2.2129,835800.9
2025-06-05 05:00:00+00:00,2.2128,2.2132,2.2021,2.2023,919123.2
2025-06-05 05:30:00+00:00,2.2024,2.2024,2.1958,2.1996,1838016.7
2025-06-05 06:00:00+00:00,2.1996,2.2028,2.19,2.2007,3419832.0
2025-06-05 06:30:00+00:00,2.2008,2.2012,2.1858,2.1875,2635811.6
2025-06-05 07:00:00+00:00,2.1876,2.1986,2.1875,2.1967,1768146.4
2025-06-05 07:30:00+00:00,2.1967,2.1975,2.1837,2.1863,2327259.9
2025-06-05 08:00:00+00:00,2.1864,2.1969,2.186,2.1936,1929868.0
2025-06-05 08:30:00+00:00,2.1936,2.197,2.1909,2.1948,985660.3
2025-06-05 09:00:00+00:00,2.1948,2.2045,2.1948,2.2035,1013001.6
2025-06-05 09:30:00+00:00,2.2034,2.2082,2.1994,2.2062,868687.8
2025-06-05 10:00:00+00:00,2.2063,2.2101,2.1955,2.1957,1455309.7
2025-06-05 10:30:00+00:00,2.1958,2.2003,2.1911,2.1999,1711408.2
2025-06-05 11:00:00+00:00,2.1999,2.2058,2.1981,2.2034,1107528.2
2025-06-05 11:30:00+00:00,2.2034,2.2058,2.1995,2.2051,734476.8
2025-06-05 12:00:00+00:00,2.2051,2.2172,2.2029,2.2147,1800774.5
2025-06-05 12:30:00+00:00,2.2147,2.225,2.2116,2.2219,2885366.0
2025-06-05 13:00:00+00:00,2.2219,2.2265,2.2181,2.2227,1184561.7
2025-06-05 13:30:00+00:00,2.2226,2.2234,2.195,2.2002,1952230.8
2025-06-05 14:00:00+00:00,2.2001,2.2024,2.1777,2.1906,4443526.2
2025-06-05 14:30:00+00:00,2.1905,2.2086,2.1819,2.2002,2653470.1
2025-06-05 15:00:00+00:00,2.2002,2.2046,2.1908,2.2027,1972709.7
2025-06-05 15:30:00+00:00,2.2026,2.2027,2.1925,2.1928,966233.6
2025-06-05 16:00:00+00:00,2.1928,2.1932,2.1701,2.1722,3110999.2
2025-06-05 16:30:00+00:00,2.1722,2.175,2.1634,2.1674,3241219.2
2025-06-05 17:00:00+00:00,2.1674,2.175,2.1661,2.1724,1541246.0
2025-06-05 17:30:00+00:00,2.1724,2.1749,2.163,2.1706,1227131.0
2025-06-05 18:00:00+00:00,2.1706,2.1722,2.1552,2.1657,3599337.3
2025-06-05 18:30:00+00:00,2.1656,2.1706,2.1576,2.1611,1886191.3
2025-06-05 19:00:00+00:00,2.1611,2.1619,2.1121,2.1351,15079824.6
2025-06-05 19:30:00+00:00,2.1351,2.1454,2.1264,2.1301,3939773.1
2025-06-05 20:00:00+00:00,2.1301,2.1327,2.0772,2.1038,16048917.9
2025-06-05 20:30:00+00:00,2.1039,2.1042,2.0591,2.0601,16850099.2
2025-06-05 21:00:00+00:00,2.0602,2.0899,2.0593,2.0869,11594952.7
2025-06-05 21:30:00+00:00,2.087,2.1044,2.0844,2.103,6950963.3
2025-06-05 22:00:00+00:00,2.1031,2.1031,2.0806,2.0886,5628639.3
2025-06-05 22:30:00+00:00,2.0885,2.1026,2.0881,2.0974,3721115.2
2025-06-05 23:00:00+00:00,2.0975,2.102,2.0918,2.0989,3433480.0
2025-06-05 23:30:00+00:00,2.0989,2.0991,2.089,2.0936,2593654.2
2025-06-06 00:00:00+00:00,2.0936,2.0936,2.0812,2.0925,4172131.9
2025-06-06 00:30:00+00:00,2.0925,2.1018,2.0925,2.0981,3637137.7
2025-06-06 01:00:00+00:00,2.0982,2.1019,2.0888,2.0973,2398098.0
2025-06-06 01:30:00+00:00,2.0972,2.107,2.0972,2.1067,2675235.7
2025-06-06 02:00:00+00:00,2.1068,2.1092,2.0972,2.0999,2267705.2
2025-06-06 02:30:00+00:00,2.1,2.1107,2.0967,2.1098,2378218.4
2025-06-06 03:00:00+00:00,2.1098,2.1189,2.1049,2.1177,2542579.9
2025-06-06 03:30:00+00:00,2.1178,2.1297,2.1175,2.1295,1936255.3
2025-06-06 04:00:00+00:00,2.1295,2.1311,2.1205,2.1302,2071355.8
2025-06-06 04:30:00+00:00,2.1302,2.1427,2.1281,2.1367,1724867.1
2025-06-06 05:00:00+00:00,2.1367,2.141,2.132,2.134,1640328.7
2025-06-06 05:30:00+00:00,2.134,2.1397,2.1307,2.132,2001668.5
2025-06-06 06:00:00+00:00,2.132,2.136,2.1263,2.1282,1565268.4
2025-06-06 06:30:00+00:00,2.1282,2.1321,2.1242,2.1247,1249073.8
2025-06-06 07:00:00+00:00,2.1246,2.1317,2.1243,2.1294,2038187.6
2025-06-06 07:30:00+00:00,2.1294,2.1321,2.1229,2.1303,1997683.9
2025-06-06 08:00:00+00:00,2.1303,2.1364,2.1303,2.1358,948295.5
2025-06-06 08:30:00+00:00,2.1359,2.1387,2.1325,2.1386,925055.8
2025-06-06 09:00:00+00:00,2.1387,2.1488,2.1384,2.1436,1675224.4
2025-06-06 09:30:00+00:00,2.1437,2.1464,2.1423,2.1425,1279456.3
2025-06-06 10:00:00+00:00,2.1426,2.1518,2.1414,2.1489,1207289.6
2025-06-06 10:30:00+00:00,2.1489,2.1509,2.1464,2.1507,966884.5
2025-06-06 11:00:00+00:00,2.1506,2.156,2.1481,2.1525,1318858.8
2025-06-06 11:30:00+00:00,2.1525,2.1527,2.1458,2.1502,1326982.0
2025-06-06 12:00:00+00:00,2.1502,2.1586,2.1482,2.1492,2023762.8
2025-06-06 12:30:00+00:00,2.1491,2.1709,2.1491,2.1539,5942778.7
2025-06-06 13:00:00+00:00,2.1539,2.1664,2.1539,2.1633,1402890.8
2025-06-06 13:30:00+00:00,2.1633,2.1789,2.1619,2.1693,3467520.4
2025-06-06 14:00:00+00:00,2.1693,2.1788,2.1686,2.1767,2347098.9
2025-06-06 14:30:00+00:00,2.1768,2.184,2.1697,2.1835,2617494.2
2025-06-06 15:00:00+00:00,2.1835,2.1903,2.1764,2.1795,3709335.7
2025-06-06 15:30:00+00:00,2.1796,2.1855,2.1756,2.1845,2016516.2
2025-06-06 16:00:00+00:00,2.1846,2.1854,2.1783,2.1785,2188368.6
2025-06-06 16:30:00+00:00,2.1785,2.1791,2.1682,2.1701,3528706.3
2025-06-06 17:00:00+00:00,2.1701,2.1744,2.1653,2.1681,1888989.5
2025-06-06 17:30:00+00:00,2.1682,2.1767,2.1643,2.1754,1552103.3
2025-06-06 18:00:00+00:00,2.1754,2.1791,2.1641,2.1655,1124212.4
2025-06-06 18:30:00+00:00,2.1655,2.1712,2.1648,2.1664,1328450.5
2025-06-06 19:00:00+00:00,2.1664,2.1709,2.1622,2.1671,890612.7
2025-06-06 19:30:00+00:00,2.167,2.1766,2.1663,2.1736,1614784.9
2025-06-06 20:00:00+00:00,2.1737,2.182,2.1684,2.1816,1433524.5
2025-06-06 20:30:00+00:00,2.1816,2.1825,2.1691,2.1766,2652337.3
2025-06-06 21:00:00+00:00,2.1766,2.1773,2.1666,2.1719,1186775.0
2025-06-06 21:30:00+00:00,2.1719,2.1764,2.1715,2.173,720186.3
2025-06-06 22:00:00+00:00,2.1731,2.1755,2.1646,2.1706,948966.9
2025-06-06 22:30:00+00:00,2.1705,2.1706,2.1636,2.1661,729480.2
2025-06-06 23:00:00+00:00,2.1661,2.1668,2.159,2.1628,726981.3
2025-06-06 23:30:00+00:00,2.1628,2.1635,2.1592,2.1598,554048.9
2025-06-07 00:00:00+00:00,2.1598,2.1613,2.1475,2.158,1952411.6
2025-06-07 00:30:00+00:00,2.1581,2.1694,2.1572,2.169,872555.0
2025-06-07 01:00:00+00:00,2.169,2.1692,2.158,2.1586,751927.3
2025-06-07 01:30:00+00:00,2.1586,2.1646,2.1562,2.1624,625448.2
2025-06-07 02:00:00+00:00,2.1623,2.1688,2.1584,2.1688,590125.2
2025-06-07 02:30:00+00:00,2.1688,2.1726,2.1656,2.171,1174066.2
2025-06-07 03:00:00+00:00,2.171,2.1771,2.1693,2.1742,1095371.7
2025-06-07 03:30:00+00:00,2.1742,2.1796,2.1725,2.1795,736549.3
2025-06-07 04:00:00+00:00,2.1795,2.1796,2.1723,2.1755,980820.8
2025-06-07 04:30:00+00:00,2.1756,2.1756,2.1699,2.1722,833991.7
2025-06-07 05:00:00+00:00,2.1722,2.177,2.1717,2.1766,664331.5
2025-06-07 05:30:00+00:00,2.1766,2.1805,2.1749,2.1805,762656.3
2025-06-07 06:00:00+00:00,2.1804,2.1809,2.1773,2.1775,652997.1
2025-06-07 06:30:00+00:00,2.1775,2.1903,2.1773,2.1899,1572349.1
2025-06-07 07:00:00+00:00,2.1899,2.19,2.1831,2.187,627748.8
2025-06-07 07:30:00+00:00,2.187,2.1898,2.1833,2.1834,711720.7
2025-06-07 08:00:00+00:00,2.1834,2.1849,2.1793,2.1821,798337.9
2025-06-07 08:30:00+00:00,2.1821,2.1823,2.173,2.176,1256765.9
2025-06-07 09:00:00+00:00,2.176,2.1791,2.175,2.178,564412.7
2025-06-07 09:30:00+00:00,2.1781,2.1796,2.1748,2.1775,603755.8
2025-06-07 10:00:00+00:00,2.1775,2.185,2.1764,2.1848,788866.0
2025-06-07 10:30:00+00:00,2.1848,2.1912,2.1815,2.1876,2299144.3
2025-06-07 11:00:00+00:00,2.1875,2.1876,2.1837,2.1864,567979.6
2025-06-07 11:30:00+00:00,2.1865,2.1875,2.1815,2.1829,642028.7
2025-06-07 12:00:00+00:00,2.1829,2.1876,2.1828,2.187,716987.1
2025-06-07 12:30:00+00:00,2.1871,2.1905,2.183,2.1838,738801.8
2025-06-07 13:00:00+00:00,2.1838,2.1907,2.1819,2.1875,1102925.0
2025-06-07 13:30:00+00:00,2.1875,2.1904,2.1859,2.1867,763688.6
2025-06-07 14:00:00+00:00,2.1868,2.1889,2.183,2.1853,821391.2
2025-06-07 14:30:00+00:00,2.1853,2.188,2.182,2.182,675471.3
2025-06-07 15:00:00+00:00,2.182,2.1849,2.1787,2.1814,828572.7
2025-06-07 15:30:00+00:00,2.1814,2.1838,2.1788,2.1829,671955.3
2025-06-07 16:00:00+00:00,2.183,2.1866,2.1821,2.1827,561708.8
2025-06-07 16:30:00+00:00,2.1828,2.1828,2.1769,2.1779,1084283.1
2025-06-07 17:00:00+00:00,2.1779,2.1839,2.1769,2.1797,1173513.3
2025-06-07 17:30:00+00:00,2.1798,2.1811,2.1723,2.1731,1194540.0
2025-06-07 18:00:00+00:00,2.1731,2.1795,2.1727,2.1793,797953.0
2025-06-07 18:30:00+00:00,2.1794,2.1818,2.1726,2.1761,462659.2
2025-06-07 19:00:00+00:00,2.1761,2.1807,2.1756,2.18,895938.3
2025-06-07 19:30:00+00:00,2.1799,2.1804,2.1758,2.1759,659962.0
2025-06-07 20:00:00+00:00,2.1758,2.1816,2.1754,2.181,588607.7
2025-06-07 20:30:00+00:00,2.181,2.182,2.1785,2.1819,308182.4
2025-06-07 21:00:00+00:00,2.1819,2.1848,2.1789,2.1806,1422180.1
2025-06-07 21:30:00+00:00,2.1806,2.184,2.1795,2.1812,443035.1
2025-06-07 22:00:00+00:00,2.1811,2.1834,2.1796,2.1813,480083.2
2025-06-07 22:30:00+00:00,2.1813,2.1868,2.1802,2.182,906080.6
2025-06-07 23:00:00+00:00,2.1821,2.1821,2.1755,2.1766,691700.0
2025-06-07 23:30:00+00:00,2.1766,2.1788,2.1762,2.1769,410115.8
2025-06-08 00:00:00+00:00,2.1768,2.1771,2.1712,2.173,533461.8
2025-06-08 00:30:00+00:00,2.1731,2.1754,2.1702,2.1713,622580.3
2025-06-08 01:00:00+00:00,2.1713,2.1713,2.1661,2.1683,1022704.9
2025-06-08 01:30:00+00:00,2.1682,2.1766,2.168,2.1761,476510.9
2025-06-08 02:00:00+00:00,2.1762,2.1762,2.1695,2.1716,465804.2
2025-06-08 02:30:00+00:00,2.1715,2.1752,2.1714,2.1724,238031.4
2025-06-08 03:00:00+00:00,2.1723,2.1724,2.17,2.1714,243333.0
2025-06-08 03:30:00+00:00,2.1715,2.1771,2.1712,2.1754,326468.2
2025-06-08 04:00:00+00:00,2.1753,2.1754,2.171,2.172,359678.9
2025-06-08 04:30:00+00:00,2.1719,2.1769,2.1716,2.1765,400277.1
2025-06-08 05:00:00+00:00,2.1766,2.1888,2.1765,2.1871,1282602.7
2025-06-08 05:30:00+00:00,2.1872,2.1968,2.186,2.1896,2770092.0
2025-06-08 06:00:00+00:00,2.1897,2.2248,2.1897,2.2168,8788528.6
2025-06-08 06:30:00+00:00,2.2169,2.2226,2.2047,2.205,2860807.1
2025-06-08 07:00:00+00:00,2.205,2.2201,2.2036,2.2058,3016007.6
2025-06-08 07:30:00+00:00,2.2058,2.2112,2.2023,2.2072,1791814.4
2025-06-08 08:00:00+00:00,2.2072,2.2188,2.2072,2.2154,2255109.7
2025-06-08 08:30:00+00:00,2.2155,2.2174,2.21,2.2123,1274457.2
2025-06-08 09:00:00+00:00,2.2124,2.2124,2.1972,2.2021,2416034.0
2025-06-08 09:30:00+00:00,2.2022,2.2125,2.2,2.2095,1375444.2
2025-06-08 10:00:00+00:00,2.2096,2.2157,2.206,2.2089,1415990.0
2025-06-08 10:30:00+00:00,2.2089,2.2156,2.2054,2.2156,1106883.9
2025-06-08 11:00:00+00:00,2.2157,2.2196,2.2126,2.2195,1545638.6
2025-06-08 11:30:00+00:00,2.2195,2.2497,2.2182,2.2419,5023241.8
2025-06-08 12:00:00+00:00,2.2418,2.2632,2.2418,2.2527,8157834.2
2025-06-08 12:30:00+00:00,2.2527,2.2636,2.2472,2.26,4134638.4
2025-06-08 13:00:00+00:00,2.2599,2.2704,2.2531,2.2696,4405829.2
2025-06-08 13:30:00+00:00,2.2695,2.29,2.2661,2.2674,7189593.7
2025-06-08 14:00:00+00:00,2.2675,2.2767,2.261,2.2612,3777711.0
2025-06-08 14:30:00+00:00,2.2612,2.2757,2.2582,2.2753,3211367.6
2025-06-08 15:00:00+00:00,2.2754,2.2937,2.2754,2.2788,7990067.5
2025-06-08 15:30:00+00:00,2.2787,2.2868,2.2761,2.2774,2300891.5
2025-06-08 16:00:00+00:00,2.2774,2.2871,2.2748,2.2806,2694350.3
2025-06-08 16:30:00+00:00,2.2806,2.2834,2.2722,2.2791,1983054.6
2025-06-08 17:00:00+00:00,2.279,2.2838,2.2747,2.2784,2521054.2
2025-06-08 17:30:00+00:00,2.2785,2.285,2.2743,2.2802,1607472.7
2025-06-08 18:00:00+00:00,2.2802,2.2897,2.2794,2.2805,1755555.2
2025-06-08 18:30:00+00:00,2.2805,2.2878,2.2788,2.2836,1070899.2
2025-06-08 19:00:00+00:00,2.2837,2.2988,2.2827,2.2897,3763317.7
2025-06-08 19:30:00+00:00,2.2897,2.2917,2.2844,2.2884,1177135.0
2025-06-08 20:00:00+00:00,2.2884,2.2952,2.2772,2.2783,2275246.9
2025-06-08 20:30:00+00:00,2.2783,2.2909,2.2758,2.2821,1915328.6
2025-06-08 21:00:00+00:00,2.282,2.2892,2.2762,2.2822,1407862.1
2025-06-08 21:30:00+00:00,2.2821,2.2831,2.2721,2.2736,1066173.8
2025-06-08 22:00:00+00:00,2.2737,2.2754,2.2651,2.2675,2948905.6
2025-06-08 22:30:00+00:00,2.2675,2.2679,2.2548,2.2589,3721683.2
2025-06-08 23:00:00+00:00,2.2588,2.2645,2.255,2.2597,2034028.2
2025-06-08 23:30:00+00:00,2.2597,2.268,2.2582,2.267,1088460.7
2025-06-09 00:00:00+00:00,2.2669,2.2682,2.2559,2.26,2029461.6
2025-06-09 00:30:00+00:00,2.2601,2.265,2.2568,2.2599,1292900.5
2025-06-09 01:00:00+00:00,2.2598,2.2605,2.2456,2.2503,3531584.6
2025-06-09 01:30:00+00:00,2.2503,2.2513,2.2419,2.2444,1710585.4
2025-06-09 02:00:00+00:00,2.2445,2.251,2.2393,2.248,1714201.9
2025-06-09 02:30:00+00:00,2.2479,2.2504,2.2439,2.2445,1065745.0
2025-06-09 03:00:00+00:00,2.2444,2.2457,2.2313,2.2371,3475961.3
2025-06-09 03:30:00+00:00,2.2372,2.2432,2.2361,2.2425,1951367.1
2025-06-09 04:00:00+00:00,2.2425,2.2425,2.2347,2.2356,1267005.4
2025-06-09 04:30:00+00:00,2.2356,2.2386,2.2271,2.2285,2109780.5
2025-06-09 05:00:00+00:00,2.2286,2.235,2.2247,2.234,1769704.7
2025-06-09 05:30:00+00:00,2.234,2.237,2.2284,2.229,1929845.3
2025-06-09 06:00:00+00:00,2.2289,2.2315,2.2223,2.23,2473627.4
2025-06-09 06:30:00+00:00,2.2301,2.2374,2.2295,2.2356,1539660.8
2025-06-09 07:00:00+00:00,2.2357,2.2357,2.2244,2.2246,2989020.1
2025-06-09 07:30:00+00:00,2.2247,2.2314,2.2246,2.231,1908263.3
2025-06-09 08:00:00+00:00,2.231,2.2356,2.2297,2.2346,1707979.2
2025-06-09 08:30:00+00:00,2.2345,2.2434,2.2315,2.2425,1851367.3
2025-06-09 09:00:00+00:00,2.2425,2.2467,2.2384,2.2466,1979367.5
2025-06-09 09:30:00+00:00,2.2466,2.2616,2.2453,2.2524,5676928.3
2025-06-09 10:00:00+00:00,2.2524,2.2661,2.2486,2.2649,3954812.0
2025-06-09 10:30:00+00:00,2.265,2.2693,2.2588,2.2598,2931310.7
2025-06-09 11:00:00+00:00,2.2599,2.2653,2.2566,2.2636,3032335.7
2025-06-09 11:30:00+00:00,2.2637,2.2704,2.26,2.2689,2146314.8
2025-06-09 12:00:00+00:00,2.2689,2.2696,2.2575,2.2605,1664757.4
2025-06-09 12:30:00+00:00,2.2605,2.2679,2.2605,2.2675,2160445.0
2025-06-09 13:00:00+00:00,2.2675,2.2675,2.2573,2.2575,1781828.1
2025-06-09 13:30:00+00:00,2.2574,2.26,2.24,2.2457,4058321.1
2025-06-09 14:00:00+00:00,2.2457,2.2556,2.2456,2.2534,1785371.0
2025-06-09 14:30:00+00:00,2.2535,2.2632,2.25,2.2549,3825962.4
2025-06-09 15:00:00+00:00,2.2549,2.2625,2.2521,2.2617,1354291.6
2025-06-09 15:30:00+00:00,2.2618,2.266,2.2557,2.2632,2328048.0
2025-06-09 16:00:00+00:00,2.2633,2.2787,2.2618,2.2762,3814725.9
2025-06-09 16:30:00+00:00,2.2761,2.2863,2.2733,2.2792,3411938.4
2025-06-09 17:00:00+00:00,2.2791,2.3137,2.2791,2.3047,8817282.8
2025-06-09 17:30:00+00:00,2.3047,2.3047,2.2888,2.2907,2962709.3
2025-06-09 18:00:00+00:00,2.2907,2.301,2.2889,2.3008,1985204.1
2025-06-09 18:30:00+00:00,2.3007,2.3008,2.2886,2.2994,1973890.0
2025-06-09 19:00:00+00:00,2.2994,2.3043,2.2927,2.297,1516775.4
2025-06-09 19:30:00+00:00,2.297,2.2985,2.2856,2.2956,1781830.1
2025-06-09 20:00:00+00:00,2.2956,2.3027,2.2946,2.297,1883156.3
2025-06-09 20:30:00+00:00,2.2971,2.3056,2.296,2.3046,1492472.9
2025-06-09 21:00:00+00:00,2.3047,2.3262,2.3046,2.3261,5784199.9
2025-06-09 21:30:00+00:00,2.3262,2.3272,2.3033,2.3164,6587512.0
2025-06-09 22:00:00+00:00,2.3165,2.3293,2.3165,2.324,4551274.5
2025-06-09 22:30:00+00:00,2.3241,2.3269,2.3162,2.3232,3289058.6
2025-06-09 23:00:00+00:00,2.3232,2.3255,2.3132,2.314,1761944.3
2025-06-09 23:30:00+00:00,2.314,2.3219,2.3096,2.3211,2008101.7
2025-06-10 00:00:00+00:00,2.321,2.3276,2.3113,2.3241,3993085.9
2025-06-10 00:30:00+00:00,2.324,2.326,2.3083,2.3153,2938680.1
2025-06-10 01:00:00+00:00,2.3153,2.3153,2.3036,2.3113,4397391.8
2025-06-10 01:30:00+00:00,2.3113,2.319,2.3106,2.316,1745885.7
2025-06-10 02:00:00+00:00,2.3159,2.3159,2.3053,2.3091,2067575.9
2025-06-10 02:30:00+00:00,2.3092,2.3119,2.3057,2.3097,1501621.4
2025-06-10 03:00:00+00:00,2.3098,2.3104,2.3007,2.302,1431936.0
2025-06-10 03:30:00+00:00,2.3021,2.303,2.2982,2.2985,1972653.9
2025-06-10 04:00:00+00:00,2.2985,2.3017,2.2919,2.2934,1467537.1
2025-06-10 04:30:00+00:00,2.2934,2.2972,2.2926,2.2939,1349916.1
2025-06-10 05:00:00+00:00,2.2939,2.2967,2.2878,2.2888,2011512.9
2025-06-10 05:30:00+00:00,2.2888,2.2899,2.2799,2.2844,2585317.7
2025-06-10 06:00:00+00:00,2.2844,2.285,2.2731,2.2848,2677087.1
2025-06-10 06:30:00+00:00,2.2847,2.2916,2.2832,2.2857,2219625.8
2025-06-10 07:00:00+00:00,2.2856,2.2877,2.2777,2.2876,1925645.8
2025-06-10 07:30:00+00:00,2.2875,2.2902,2.2795,2.2841,1177692.6
2025-06-10 08:00:00+00:00,2.2841,2.2873,2.2754,2.2771,1196057.8
2025-06-10 08:30:00+00:00,2.277,2.2824,2.2752,2.2765,1647584.2
2025-06-10 09:00:00+00:00,2.2765,2.2905,2.2731,2.2888,2950331.4
2025-06-10 09:30:00+00:00,2.2888,2.2942,2.288,2.292,2295428.2
2025-06-10 10:00:00+00:00,2.2921,2.2922,2.2851,2.2903,1660041.3
2025-06-10 10:30:00+00:00,2.2903,2.2903,2.2775,2.2824,1604031.6
2025-06-10 11:00:00+00:00,2.2825,2.294,2.2703,2.2926,3535774.9
2025-06-10 11:30:00+00:00,2.2926,2.3158,2.2905,2.3046,6549503.3
2025-06-10 12:00:00+00:00,2.3045,2.3122,2.2943,2.3058,4440831.6
2025-06-10 12:30:00+00:00,2.3058,2.3201,2.302,2.3153,3697514.9
2025-06-10 13:00:00+00:00,2.3152,2.3157,2.3018,2.3019,2584121.8
2025-06-10 13:30:00+00:00,2.302,2.304,2.2821,2.2925,6080114.3
2025-06-10 14:00:00+00:00,2.2925,2.2933,2.2785,2.2809,2830410.7
2025-06-10 14:30:00+00:00,2.2809,2.2824,2.27,2.2747,3432306.1
2025-06-10 15:00:00+00:00,2.2747,2.287,2.2705,2.2824,3266428.3
2025-06-10 15:30:00+00:00,2.2824,2.2824,2.2601,2.2762,5016463.0
2025-06-10 16:00:00+00:00,2.2762,2.2824,2.2692,2.2759,2575190.1
2025-06-10 16:30:00+00:00,2.276,2.2777,2.2691,2.2726,1024336.6
2025-06-10 17:00:00+00:00,2.2726,2.2835,2.2701,2.2793,1018826.3
2025-06-10 17:30:00+00:00,2.2793,2.2889,2.2759,2.2879,823886.6
2025-06-10 18:00:00+00:00,2.288,2.2881,2.2819,2.284,938738.9
2025-06-10 18:30:00+00:00,2.2839,2.2966,2.2806,2.2926,1428348.0
2025-06-10 19:00:00+00:00,2.2927,2.3072,2.2926,2.3052,3246068.7
2025-06-10 19:30:00+00:00,2.3052,2.3128,2.2875,2.2957,3403349.0
2025-06-10 20:00:00+00:00,2.2957,2.2979,2.285,2.2912,2392084.6
2025-06-10 20:30:00+00:00,2.2913,2.3006,2.2886,2.2985,888891.5
2025-06-10 21:00:00+00:00,2.2986,2.3064,2.2899,2.2994,5241578.0
2025-06-10 21:30:00+00:00,2.2994,2.3045,2.2943,2.298,1046651.7
2025-06-10 22:00:00+00:00,2.2981,2.313,2.298,2.3075,3169235.1
2025-06-10 22:30:00+00:00,2.3076,2.3099,2.2972,2.3026,2241769.2
2025-06-10 23:00:00+00:00,2.3027,2.3101,2.3,2.3049,1131511.5
2025-06-10 23:30:00+00:00,2.305,2.3077,2.3024,2.3074,1066732.8
2025-06-11 00:00:00+00:00,2.3074,2.3128,2.296,2.2982,3330565.9
2025-06-11 00:30:00+00:00,2.2981,2.2996,2.2879,2.2899,3253870.5
2025-06-11 01:00:00+00:00,2.2898,2.2936,2.2857,2.2883,1629323.4
2025-06-11 01:30:00+00:00,2.2882,2.29,2.2783,2.2829,3068878.3
2025-06-11 02:00:00+00:00,2.2828,2.292,2.2823,2.2878,1293080.2
2025-06-11 02:30:00+00:00,2.2878,2.2888,2.2838,2.2873,903218.8
2025-06-11 03:00:00+00:00,2.2872,2.2997,2.2856,2.2984,1243970.4
2025-06-11 03:30:00+00:00,2.2984,2.3018,2.296,2.2979,1736912.1
2025-06-11 04:00:00+00:00,2.298,2.2982,2.2916,2.2928,773061.2
2025-06-11 04:30:00+00:00,2.2928,2.2973,2.2888,2.2908,869538.3
2025-06-11 05:00:00+00:00,2.2909,2.298,2.2883,2.2974,694105.1
2025-06-11 05:30:00+00:00,2.2973,2.2988,2.2932,2.2974,776202.0
2025-06-11 06:00:00+00:00,2.2975,2.3015,2.2901,2.2917,1915673.1
2025-06-11 06:30:00+00:00,2.2916,2.2955,2.2862,2.2935,1550133.5
2025-06-11 07:00:00+00:00,2.2936,2.2946,2.283,2.2915,2280365.9
2025-06-11 07:30:00+00:00,2.2916,2.2966,2.2888,2.2931,960826.0
2025-06-11 08:00:00+00:00,2.293,2.3223,2.293,2.3164,9006833.6
2025-06-11 08:30:00+00:00,2.3164,2.3278,2.3087,2.3233,6405774.1
2025-06-11 09:00:00+00:00,2.3233,2.3296,2.3108,2.3164,3428541.5
2025-06-11 09:30:00+00:00,2.3165,2.3171,2.3026,2.3082,2660181.9
2025-06-11 10:00:00+00:00,2.3082,2.3295,2.3068,2.3177,4208832.7
2025-06-11 10:30:00+00:00,2.3177,2.327,2.3169,2.325,2149143.7
2025-06-11 11:00:00+00:00,2.3251,2.327,2.3091,2.3113,1727196.1
2025-06-11 11:30:00+00:00,2.3114,2.3163,2.3075,2.3146,1773342.1
2025-06-11 12:00:00+00:00,2.3147,2.3187,2.3046,2.3078,1717295.4
2025-06-11 12:30:00+00:00,2.3079,2.3353,2.3079,2.3239,8091923.9
2025-06-11 13:00:00+00:00,2.3239,2.3266,2.3184,2.3253,1764187.4
2025-06-11 13:30:00+00:00,2.3252,2.3252,2.3101,2.3148,2131441.5
2025-06-11 14:00:00+00:00,2.3149,2.333,2.3134,2.3314,3529238.3
2025-06-11 14:30:00+00:00,2.3314,2.3379,2.3247,2.3273,2673245.8
2025-06-11 15:00:00+00:00,2.3274,2.3313,2.3139,2.3166,3772624.9
2025-06-11 15:30:00+00:00,2.3166,2.3286,2.3166,2.3258,1995492.4
2025-06-11 16:00:00+00:00,2.3258,2.3308,2.3192,2.3279,2418715.2
2025-06-11 16:30:00+00:00,2.3279,2.3285,2.316,2.3169,2288533.0
2025-06-11 17:00:00+00:00,2.317,2.3237,2.3109,2.3216,1878184.5
2025-06-11 17:30:00+00:00,2.3217,2.3239,2.3022,2.3027,2342179.9
2025-06-11 18:00:00+00:00,2.3027,2.3067,2.2893,2.2996,4199217.7
2025-06-11 18:30:00+00:00,2.2996,2.305,2.296,2.2967,1210461.0
2025-06-11 19:00:00+00:00,2.2966,2.2985,2.29,2.2956,1299512.7
2025-06-11 19:30:00+00:00,2.2956,2.2971,2.2833,2.286,1722888.7
2025-06-11 20:00:00+00:00,2.2859,2.2955,2.2798,2.295,1663680.3
2025-06-11 20:30:00+00:00,2.295,2.2967,2.2915,2.2949,738375.7
2025-06-11 21:00:00+00:00,2.2949,2.3001,2.2912,2.2925,2065938.8
2025-06-11 21:30:00+00:00,2.2925,2.2925,2.2724,2.273,2740068.3
2025-06-11 22:00:00+00:00,2.2731,2.2732,2.2559,2.2597,4738875.5
2025-06-11 22:30:00+00:00,2.2596,2.2658,2.2524,2.2613,3433764.5
2025-06-11 23:00:00+00:00,2.2613,2.2684,2.2594,2.2658,1715064.1
2025-06-11 23:30:00+00:00,2.2659,2.2715,2.265,2.2704,1009005.6
2025-06-12 00:00:00+00:00,2.2704,2.2733,2.2616,2.2642,1817436.3
2025-06-12 00:30:00+00:00,2.2642,2.2692,2.2567,2.2666,1534877.6
2025-06-12 01:00:00+00:00,2.2665,2.2678,2.2571,2.2581,1448369.0
2025-06-12 01:30:00+00:00,2.2582,2.2592,2.246,2.257,3085662.1
2025-06-12 02:00:00+00:00,2.257,2.2621,2.2506,2.2537,1425759.7
2025-06-12 02:30:00+00:00,2.2537,2.2541,2.2465,2.2484,1865633.3
2025-06-12 03:00:00+00:00,2.2484,2.2512,2.2376,2.241,3287158.9
2025-06-12 03:30:00+00:00,2.2411,2.2521,2.2406,2.244,1779995.9
2025-06-12 04:00:00+00:00,2.244,2.2449,2.2376,2.2441,1500800.0
2025-06-12 04:30:00+00:00,2.2441,2.249,2.2394,2.2475,2474498.3
2025-06-12 05:00:00+00:00,2.2475,2.2554,2.2436,2.2548,1658827.3
2025-06-12 05:30:00+00:00,2.2549,2.2576,2.2518,2.2561,1200639.3
2025-06-12 06:00:00+00:00,2.256,2.2565,2.2477,2.2506,1572514.5
2025-06-12 06:30:00+00:00,2.2506,2.2557,2.2492,2.2492,1436346.6
2025-06-12 07:00:00+00:00,2.2492,2.2495,2.2392,2.2405,1648612.9
2025-06-12 07:30:00+00:00,2.2405,2.2424,2.2321,2.2397,3387529.1
2025-06-12 08:00:00+00:00,2.2397,2.2428,2.2313,2.2406,2329694.5
2025-06-12 08:30:00+00:00,2.2407,2.2454,2.239,2.2444,1274187.5
2025-06-12 09:00:00+00:00,2.2445,2.2477,2.2428,2.2471,938916.4
2025-06-12 09:30:00+00:00,2.2471,2.2497,2.2446,2.245,1068345.2
2025-06-12 10:00:00+00:00,2.2449,2.245,2.235,2.2387,1611745.9
2025-06-12 10:30:00+00:00,2.2388,2.2414,2.2337,2.2391,1410789.7
2025-06-12 11:00:00+00:00,2.2391,2.2399,2.2242,2.2251,2860544.6
2025-06-12 11:30:00+00:00,2.2252,2.231,2.2237,2.2255,1736847.0
2025-06-12 12:00:00+00:00,2.2255,2.2296,2.2211,2.2278,1678567.2
2025-06-12 12:30:00+00:00,2.2278,2.2379,2.2271,2.2339,1862126.5
2025-06-12 13:00:00+00:00,2.2339,2.2425,2.2324,2.2356,1698663.8
2025-06-12 13:30:00+00:00,2.2356,2.2468,2.2337,2.2449,1769257.8
2025-06-12 14:00:00+00:00,2.2448,2.2519,2.2448,2.2463,3012691.0
2025-06-12 14:30:00+00:00,2.2463,2.2525,2.2448,2.2486,1507891.4
2025-06-12 15:00:00+00:00,2.2486,2.2525,2.2353,2.2381,1874831.2
2025-06-12 15:30:00+00:00,2.2381,2.2431,2.2277,2.2284,2183872.8
2025-06-12 16:00:00+00:00,2.2285,2.2472,2.2278,2.2457,1842998.4
2025-06-12 16:30:00+00:00,2.2457,2.2466,2.2397,2.243,2593657.9
2025-06-12 17:00:00+00:00,2.243,2.2522,2.2417,2.2511,1070681.7
2025-06-12 17:30:00+00:00,2.2512,2.2553,2.2508,2.252,1815283.9
2025-06-12 18:00:00+00:00,2.2521,2.2528,2.2341,2.2364,983334.8
2025-06-12 18:30:00+00:00,2.2364,2.2418,2.2305,2.2383,1013085.4
2025-06-12 19:00:00+00:00,2.2384,2.2428,2.2341,2.239,655438.0
2025-06-12 19:30:00+00:00,2.239,2.2403,2.2026,2.2037,5038232.0
2025-06-12 20:00:00+00:00,2.2037,2.2131,2.1981,2.212,3384773.5
2025-06-12 20:30:00+00:00,2.212,2.2126,2.1706,2.1837,8590357.9
2025-06-12 21:00:00+00:00,2.1836,2.2024,2.178,2.202,3279155.5
2025-06-12 21:30:00+00:00,2.202,2.2051,2.1886,2.1898,1624300.3
2025-06-12 22:00:00+00:00,2.1898,2.1993,2.1869,2.187,1673083.3
2025-06-12 22:30:00+00:00,2.1869,2.1902,2.1809,2.1874,1965307.1
2025-06-12 23:00:00+00:00,2.1874,2.1958,2.185,2.1939,1652767.8
2025-06-12 23:30:00+00:00,2.1939,2.1974,2.1894,2.1899,1094106.5
2025-06-13 00:00:00+00:00,2.19,2.1918,2.1307,2.1338,14824562.4
2025-06-13 00:30:00+00:00,2.1339,2.1409,2.095,2.1249,17027614.8
2025-06-13 01:00:00+00:00,2.1249,2.125,2.0873,2.1061,11133554.5
2025-06-13 01:30:00+00:00,2.1062,2.1182,2.0848,2.1105,8050975.9
2025-06-13 02:00:00+00:00,2.1106,2.1123,2.0916,2.1016,5263038.0
2025-06-13 02:30:00+00:00,2.1016,2.1079,2.0828,2.1018,5528643.6
2025-06-13 03:00:00+00:00,2.1018,2.1259,2.1008,2.1207,5020132.1
2025-06-13 03:30:00+00:00,2.1207,2.1342,2.1194,2.1251,3861999.0
2025-06-13 04:00:00+00:00,2.1252,2.1252,2.11,2.1149,2922919.2
2025-06-13 04:30:00+00:00,2.1148,2.1255,2.1134,2.1231,2414601.2
2025-06-13 05:00:00+00:00,2.123,2.1251,2.1163,2.1196,2883951.2
2025-06-13 05:30:00+00:00,2.1196,2.1201,2.1125,2.1127,2100497.6
2025-06-13 06:00:00+00:00,2.1128,2.1164,2.0924,2.0932,5255095.2
2025-06-13 06:30:00+00:00,2.0931,2.119,2.0928,2.119,3911007.8
2025-06-13 07:00:00+00:00,2.119,2.1233,2.1091,2.1232,3493692.0
2025-06-13 07:30:00+00:00,2.1232,2.1317,2.1213,2.1295,3398903.2
2025-06-13 08:00:00+00:00,2.1295,2.1544,2.1272,2.1481,5006314.3
2025-06-13 08:30:00+00:00,2.148,2.1599,2.1326,2.136,4531036.2
2025-06-13 09:00:00+00:00,2.1359,2.141,2.128,2.1336,2273942.3
2025-06-13 09:30:00+00:00,2.1336,2.1359,2.1248,2.1326,2522967.0
2025-06-13 10:00:00+00:00,2.1327,2.1357,2.1238,2.1294,1645441.2
2025-06-13 10:30:00+00:00,2.1293,2.1478,2.1242,2.1464,2564413.5
2025-06-13 11:00:00+00:00,2.1464,2.1511,2.1381,2.1395,1850483.7
2025-06-13 11:30:00+00:00,2.1395,2.1562,2.1383,2.1544,2231548.3
2025-06-13 12:00:00+00:00,2.1545,2.1605,2.151,2.1591,2878849.7
2025-06-13 12:30:00+00:00,2.1591,2.1626,2.1482,2.1504,2846122.9
2025-06-13 13:00:00+00:00,2.1504,2.1511,2.1409,2.1427,2573853.2
2025-06-13 13:30:00+00:00,2.1427,2.1583,2.1377,2.1397,3481902.8
2025-06-13 14:00:00+00:00,2.1398,2.1531,2.1229,2.1237,5260849.0
2025-06-13 14:30:00+00:00,2.1237,2.1415,2.122,2.1399,1977969.5
2025-06-13 15:00:00+00:00,2.1399,2.1533,2.1369,2.1489,3291149.4
2025-06-13 15:30:00+00:00,2.1489,2.1533,2.1437,2.1473,2325855.4
2025-06-13 16:00:00+00:00,2.1473,2.1597,2.142,2.1519,2681439.6
2025-06-13 16:30:00+00:00,2.1519,2.1539,2.1363,2.1531,2250734.5
2025-06-13 17:00:00+00:00,2.153,2.153,2.1382,2.1383,2302474.7
2025-06-13 17:30:00+00:00,2.1383,2.1483,2.1321,2.1472,1757785.9
2025-06-13 18:00:00+00:00,2.1471,2.1496,2.1263,2.1281,1742437.6
2025-06-13 18:30:00+00:00,2.1282,2.1363,2.1163,2.1329,3952449.5
2025-06-13 19:00:00+00:00,2.133,2.1387,2.1253,2.1322,1974866.6
2025-06-13 19:30:00+00:00,2.1323,2.1367,2.1209,2.122,2048812.4
2025-06-13 20:00:00+00:00,2.1221,2.1359,2.1207,2.1344,1677742.6
2025-06-13 20:30:00+00:00,2.1343,2.1477,2.1318,2.1413,1093972.0
2025-06-13 21:00:00+00:00,2.1414,2.1433,2.1328,2.1406,1040579.4
2025-06-13 21:30:00+00:00,2.1407,2.147,2.1372,2.1388,849940.6
2025-06-13 22:00:00+00:00,2.1388,2.1468,2.1357,2.1377,1010253.7
2025-06-13 22:30:00+00:00,2.1376,2.1429,2.1352,2.1412,707258.2
2025-06-13 23:00:00+00:00,2.1411,2.1493,2.1404,2.1477,986856.6
2025-06-13 23:30:00+00:00,2.1478,2.1516,2.1447,2.1472,1492782.9
2025-06-14 00:00:00+00:00,2.1473,2.1476,2.1378,2.141,1540968.7
2025-06-14 00:30:00+00:00,2.1411,2.1495,2.1391,2.1399,1629685.8
2025-06-14 01:00:00+00:00,2.14,2.14,2.1325,2.1376,988526.8
2025-06-14 01:30:00+00:00,2.1376,2.1409,2.1351,2.1397,457244.6
2025-06-14 02:00:00+00:00,2.1397,2.1456,2.1383,2.1427,582661.6
2025-06-14 02:30:00+00:00,2.1427,2.1433,2.1385,2.1418,464670.7
2025-06-14 03:00:00+00:00,2.1418,2.1579,2.14,2.1565,1477308.8
2025-06-14 03:30:00+00:00,2.1564,2.1605,2.1539,2.1589,1649343.6
2025-06-14 04:00:00+00:00,2.1589,2.1695,2.1586,2.1662,2964518.8
2025-06-14 04:30:00+00:00,2.1662,2.1662,2.1597,2.1635,1189856.1
2025-06-14 05:00:00+00:00,2.1634,2.1691,2.156,2.1568,1819905.2
2025-06-14 05:30:00+00:00,2.1569,2.1604,2.155,2.1577,614473.2
2025-06-14 06:00:00+00:00,2.1578,2.1606,2.1509,2.1527,2161060.5
2025-06-14 06:30:00+00:00,2.1528,2.1617,2.1502,2.1555,639831.3
2025-06-14 07:00:00+00:00,2.1555,2.1582,2.1488,2.1542,1176872.4
2025-06-14 07:30:00+00:00,2.1543,2.1678,2.1535,2.1651,1941320.9
2025-06-14 08:00:00+00:00,2.1651,2.1759,2.1578,2.1703,2912639.9
2025-06-14 08:30:00+00:00,2.1703,2.1801,2.1675,2.1732,3426642.2
2025-06-14 09:00:00+00:00,2.1732,2.1742,2.1667,2.1668,1060426.4
2025-06-14 09:30:00+00:00,2.1669,2.1688,2.1622,2.1657,990862.6
2025-06-14 10:00:00+00:00,2.1658,2.1695,2.1611,2.1677,1119265.7
2025-06-14 10:30:00+00:00,2.1677,2.1725,2.1675,2.1698,744426.2
2025-06-14 11:00:00+00:00,2.1698,2.175,2.1672,2.1747,1114849.1
2025-06-14 11:30:00+00:00,2.1748,2.178,2.1728,2.1769,904990.5
2025-06-14 12:00:00+00:00,2.1768,2.178,2.1662,2.1686,1408758.9
2025-06-14 12:30:00+00:00,2.1686,2.1733,2.165,2.1721,742463.3
2025-06-14 13:00:00+00:00,2.1721,2.1761,2.1639,2.1645,882733.0
2025-06-14 13:30:00+00:00,2.1645,2.167,2.1597,2.1652,845583.1
2025-06-14 14:00:00+00:00,2.1652,2.1691,2.1623,2.1649,656517.7
2025-06-14 14:30:00+00:00,2.1649,2.1679,2.161,2.1645,858954.7
2025-06-14 15:00:00+00:00,2.1645,2.1682,2.1566,2.158,920955.7
2025-06-14 15:30:00+00:00,2.1579,2.1579,2.1448,2.1491,3405576.6
2025-06-14 16:00:00+00:00,2.1491,2.1514,2.1365,2.1374,2984939.1
2025-06-14 16:30:00+00:00,2.1375,2.138,2.1168,2.1246,4412284.6
2025-06-14 17:00:00+00:00,2.1246,2.1405,2.1222,2.1397,2519818.0
2025-06-14 17:30:00+00:00,2.1397,2.1403,2.1245,2.1305,982480.5
2025-06-14 18:00:00+00:00,2.1305,2.1403,2.1246,2.1247,783096.8
2025-06-14 18:30:00+00:00,2.1246,2.1287,2.1146,2.1273,1989159.2
2025-06-14 19:00:00+00:00,2.1274,2.1347,2.1226,2.1317,1438101.0
2025-06-14 19:30:00+00:00,2.1316,2.1373,2.1245,2.1245,776424.8
2025-06-14 20:00:00+00:00,2.1246,2.1253,2.1093,2.1223,2105253.6
2025-06-14 20:30:00+00:00,2.1222,2.1309,2.1192,2.1272,875171.6
2025-06-14 21:00:00+00:00,2.1272,2.1393,2.125,2.1376,1227144.1
2025-06-14 21:30:00+00:00,2.1377,2.1435,2.1325,2.1383,1245707.1
2025-06-14 22:00:00+00:00,2.1383,2.1436,2.1383,2.1412,708234.4
2025-06-14 22:30:00+00:00,2.1412,2.1412,2.1351,2.1385,740803.2
2025-06-14 23:00:00+00:00,2.1385,2.1445,2.1379,2.1427,693316.9
2025-06-14 23:30:00+00:00,2.1427,2.1464,2.1384,2.1394,868781.2
2025-06-15 00:00:00+00:00,2.1393,2.1453,2.1375,2.1437,814700.8
2025-06-15 00:30:00+00:00,2.1438,2.1493,2.1417,2.1478,775808.4
2025-06-15 01:00:00+00:00,2.1478,2.1493,2.1428,2.1436,1327048.3
2025-06-15 01:30:00+00:00,2.1435,2.1465,2.1413,2.143,712062.6
2025-06-15 02:00:00+00:00,2.1429,2.1497,2.1429,2.149,425802.7
2025-06-15 02:30:00+00:00,2.1491,2.1495,2.1453,2.1459,409149.2
2025-06-15 03:00:00+00:00,2.146,2.1518,2.1453,2.1511,419439.4
2025-06-15 03:30:00+00:00,2.151,2.1533,2.15,2.153,326905.3
2025-06-15 04:00:00+00:00,2.1531,2.157,2.1517,2.1564,585182.6
2025-06-15 04:30:00+00:00,2.1565,2.1614,2.1565,2.1593,769880.4
2025-06-15 05:00:00+00:00,2.1592,2.1592,2.1522,2.1545,412533.0
2025-06-15 05:30:00+00:00,2.1545,2.1616,2.1542,2.1606,598881.1
2025-06-15 06:00:00+00:00,2.1606,2.1624,2.1525,2.1534,1002807.9
2025-06-15 06:30:00+00:00,2.1535,2.1555,2.1505,2.1529,555841.1
2025-06-15 07:00:00+00:00,2.1528,2.1548,2.1484,2.1504,881049.2
2025-06-15 07:30:00+00:00,2.1504,2.1521,2.1479,2.1513,560393.2
2025-06-15 08:00:00+00:00,2.1513,2.1515,2.1462,2.148,1403172.9
2025-06-15 08:30:00+00:00,2.1479,2.155,2.1479,2.1544,985196.8
2025-06-15 09:00:00+00:00,2.1543,2.1638,2.1507,2.1589,1561365.3
2025-06-15 09:30:00+00:00,2.159,2.1621,2.1545,2.1559,1042578.2
2025-06-15 10:00:00+00:00,2.156,2.1647,2.156,2.1606,1116318.0
2025-06-15 10:30:00+00:00,2.1606,2.1641,2.1571,2.1632,1201077.2
2025-06-15 11:00:00+00:00,2.1632,2.1676,2.1599,2.1613,1455014.6
2025-06-15 11:30:00+00:00,2.1612,2.1631,2.1568,2.159,1432133.5
2025-06-15 12:00:00+00:00,2.1591,2.1634,2.1574,2.1585,703407.5
2025-06-15 12:30:00+00:00,2.1585,2.1671,2.1584,2.1641,945361.4
2025-06-15 13:00:00+00:00,2.164,2.1688,2.1638,2.1679,1058976.0
2025-06-15 13:30:00+00:00,2.1679,2.1738,2.1656,2.1712,1132369.0
2025-06-15 14:00:00+00:00,2.1713,2.173,2.1639,2.168,889878.5
2025-06-15 14:30:00+00:00,2.1681,2.1759,2.1655,2.1727,1321107.9
2025-06-15 15:00:00+00:00,2.1728,2.1742,2.1668,2.1693,1180559.8
2025-06-15 15:30:00+00:00,2.1693,2.17,2.1625,2.1645,1070926.6
2025-06-15 16:00:00+00:00,2.1646,2.1663,2.1585,2.161,1438983.2
2025-06-15 16:30:00+00:00,2.1611,2.1678,2.1588,2.1668,895787.6
2025-06-15 17:00:00+00:00,2.1668,2.1673,2.1618,2.1663,410461.7
2025-06-15 17:30:00+00:00,2.1664,2.1719,2.1641,2.1694,598742.6
2025-06-15 18:00:00+00:00,2.1694,2.1694,2.1623,2.1662,544954.0
2025-06-15 18:30:00+00:00,2.1663,2.1679,2.1637,2.1668,449635.4
2025-06-15 19:00:00+00:00,2.1667,2.1708,2.1651,2.1672,558242.6
2025-06-15 19:30:00+00:00,2.1673,2.1679,2.1597,2.1641,685147.1
2025-06-15 20:00:00+00:00,2.1641,2.1641,2.1469,2.1497,2901520.1
2025-06-15 20:30:00+00:00,2.1498,2.1532,2.1407,2.1474,2284174.8
2025-06-15 21:00:00+00:00,2.1474,2.153,2.1408,2.1529,1369733.0
2025-06-15 21:30:00+00:00,2.1529,2.16,2.1446,2.1583,1355810.9
2025-06-15 22:00:00+00:00,2.1582,2.1679,2.1573,2.163,1682158.1
2025-06-15 22:30:00+00:00,2.163,2.1672,2.1595,2.1655,818413.2
2025-06-15 23:00:00+00:00,2.1655,2.1707,2.1653,2.1664,892387.4
2025-06-15 23:30:00+00:00,2.1665,2.1683,2.1646,2.1655,632539.4
2025-06-16 00:00:00+00:00,2.1655,2.1672,2.1583,2.1624,988128.5
2025-06-16 00:30:00+00:00,2.1625,2.168,2.1593,2.1664,1219256.5
2025-06-16 01:00:00+00:00,2.1664,2.1672,2.1512,2.1556,1982411.7
2025-06-16 01:30:00+00:00,2.1555,2.1757,2.1519,2.1737,2482360.4
2025-06-16 02:00:00+00:00,2.1736,2.1871,2.1735,2.177,3727415.8
2025-06-16 02:30:00+00:00,2.1769,2.1791,2.1733,2.1733,1189797.9
2025-06-16 03:00:00+00:00,2.1733,2.1793,2.1704,2.1786,1162331.2
2025-06-16 03:30:00+00:00,2.1787,2.1802,2.1719,2.1721,963798.6
2025-06-16 04:00:00+00:00,2.1722,2.1871,2.1714,2.1794,2109205.6
2025-06-16 04:30:00+00:00,2.1795,2.1807,2.1754,2.1782,1204310.6
2025-06-16 05:00:00+00:00,2.1782,2.1858,2.1735,2.1855,1762984.5
2025-06-16 05:30:00+00:00,2.1856,2.19,2.1806,2.1814,2691269.6
2025-06-16 06:00:00+00:00,2.1815,2.1871,2.1761,2.1827,2317043.4
2025-06-16 06:30:00+00:00,2.1828,2.1864,2.1793,2.181,1877085.8
2025-06-16 07:00:00+00:00,2.1811,2.1921,2.1811,2.1906,2625489.9
2025-06-16 07:30:00+00:00,2.1906,2.2054,2.1897,2.2031,4590476.2
2025-06-16 08:00:00+00:00,2.2031,2.2071,2.1936,2.195,1810769.1
2025-06-16 08:30:00+00:00,2.195,2.2059,2.1948,2.2014,1396398.1
2025-06-16 09:00:00+00:00,2.2014,2.2015,2.1967,2.1985,1451244.1
2025-06-16 09:30:00+00:00,2.1985,2.2028,2.196,2.199,1111629.7
2025-06-16 10:00:00+00:00,2.1991,2.2105,2.1972,2.2068,2671109.2
2025-06-16 10:30:00+00:00,2.2067,2.2104,2.2015,2.2098,1456338.0
2025-06-16 11:00:00+00:00,2.2099,2.217,2.2067,2.2092,2081274.5
2025-06-16 11:30:00+00:00,2.2091,2.2498,2.2077,2.2456,6191170.1
2025-06-16 12:00:00+00:00,2.2455,2.273,2.2455,2.2575,10530835.9
2025-06-16 12:30:00+00:00,2.2574,2.2664,2.2447,2.248,3972152.0
2025-06-16 13:00:00+00:00,2.248,2.265,2.2478,2.253,4243886.3
2025-06-16 13:30:00+00:00,2.253,2.2616,2.25,2.2591,3752246.6
2025-06-16 14:00:00+00:00,2.2592,2.2628,2.2461,2.2588,2966309.2
2025-06-16 14:30:00+00:00,2.2589,2.2925,2.2589,2.2808,10808675.0
2025-06-16 15:00:00+00:00,2.2808,2.2892,2.2765,2.2802,5022503.1
2025-06-16 15:30:00+00:00,2.2802,2.298,2.2793,2.2899,4595130.6
2025-06-16 16:00:00+00:00,2.29,2.3274,2.2899,2.3032,11898442.4
2025-06-16 16:30:00+00:00,2.3032,2.3159,2.2987,2.31,4680588.0
2025-06-16 17:00:00+00:00,2.3099,2.3219,2.3098,2.3141,3899145.7
2025-06-16 17:30:00+00:00,2.3141,2.3214,2.3075,2.3075,2504958.8
2025-06-16 18:00:00+00:00,2.3075,2.3179,2.306,2.31,3013076.8
2025-06-16 18:30:00+00:00,2.31,2.33,2.3085,2.3241,5022515.1
2025-06-16 19:00:00+00:00,2.3241,2.3316,2.3153,2.3275,4391454.5
2025-06-16 19:30:00+00:00,2.3275,2.336,2.3264,2.3357,4320751.6
2025-06-16 20:00:00+00:00,2.3357,2.337,2.3174,2.3183,5868879.7
2025-06-16 20:30:00+00:00,2.3183,2.32,2.309,2.3188,5203061.8
2025-06-16 21:00:00+00:00,2.3188,2.3247,2.3057,2.3104,3934741.9
2025-06-16 21:30:00+00:00,2.3104,2.3107,2.2907,2.2963,6653763.9
2025-06-16 22:00:00+00:00,2.2964,2.311,2.2964,2.3029,2333762.4
2025-06-16 22:30:00+00:00,2.3028,2.3048,2.2608,2.2749,9273139.3
2025-06-16 23:00:00+00:00,2.2749,2.2821,2.2663,2.274,3813608.8
2025-06-16 23:30:00+00:00,2.274,2.2746,2.2288,2.238,7008910.6
2025-06-17 00:00:00+00:00,2.2379,2.2399,2.2016,2.2364,12201729.0
2025-06-17 00:30:00+00:00,2.2365,2.2555,2.2209,2.2536,4793342.9
2025-06-17 01:00:00+00:00,2.2537,2.2572,2.2372,2.2433,3435717.6
2025-06-17 01:30:00+00:00,2.2433,2.257,2.2418,2.2535,1798739.2
2025-06-17 02:00:00+00:00,2.2536,2.2536,2.2307,2.2336,2766988.8
2025-06-17 02:30:00+00:00,2.2337,2.2526,2.2276,2.2507,3694922.3
2025-06-17 03:00:00+00:00,2.2507,2.2538,2.2421,2.2443,2204227.2
2025-06-17 03:30:00+00:00,2.2443,2.2539,2.2443,2.2493,1789050.1
2025-06-17 04:00:00+00:00,2.2492,2.2493,2.2388,2.2415,2265340.4
2025-06-17 04:30:00+00:00,2.2416,2.2463,2.232,2.2443,2324285.0
2025-06-17 05:00:00+00:00,2.2443,2.2518,2.2411,2.2491,1440354.6
2025-06-17 05:30:00+00:00,2.2491,2.2529,2.2347,2.2362,2128385.0
2025-06-17 06:00:00+00:00,2.2362,2.2472,2.235,2.2389,1897324.5
2025-06-17 06:30:00+00:00,2.2389,2.24,2.229,2.234,2722665.4
2025-06-17 07:00:00+00:00,2.2339,2.2404,2.2262,2.2272,3169750.4
2025-06-17 07:30:00+00:00,2.2271,2.2396,2.226,2.2356,2188510.7
2025-06-17 08:00:00+00:00,2.2356,2.2384,2.2261,2.2307,1826115.5
2025-06-17 08:30:00+00:00,2.2307,2.2317,2.2151,2.2169,3038353.0
2025-06-17 09:00:00+00:00,2.2168,2.2256,2.2168,2.22,2062200.0
2025-06-17 09:30:00+00:00,2.2201,2.2214,2.212,2.2137,2444985.2
2025-06-17 10:00:00+00:00,2.2138,2.214,2.2049,2.2133,2161359.1
2025-06-17 10:30:00+00:00,2.2133,2.2155,2.2025,2.2143,1826089.6
2025-06-17 11:00:00+00:00,2.2143,2.2143,2.193,2.1945,3025849.1
2025-06-17 11:30:00+00:00,2.1946,2.1999,2.1881,2.1939,3022440.1
2025-06-17 12:00:00+00:00,2.1938,2.2089,2.19,2.2051,2545969.2
2025-06-17 12:30:00+00:00,2.2049,2.216,2.2019,2.2065,2629080.5
2025-06-17 13:00:00+00:00,2.2064,2.2193,2.2052,2.2186,1826381.1
2025-06-17 13:30:00+00:00,2.2186,2.2249,2.2096,2.2159,3045609.3
2025-06-17 14:00:00+00:00,2.216,2.2212,2.2069,2.2112,1908889.6
2025-06-17 14:30:00+00:00,2.2112,2.2137,2.1921,2.1946,2239096.7
2025-06-17 15:00:00+00:00,2.1945,2.1947,2.166,2.1688,8742737.5
2025-06-17 15:30:00+00:00,2.1688,2.1825,2.1635,2.1795,4920182.2
2025-06-17 16:00:00+00:00,2.1794,2.1839,2.1682,2.1735,3175204.9
2025-06-17 16:30:00+00:00,2.1734,2.1769,2.148,2.1487,6189702.2
2025-06-17 17:00:00+00:00,2.1487,2.1592,2.1417,2.1562,5208901.6
2025-06-17 17:30:00+00:00,2.1561,2.1677,2.147,2.1474,3450098.8
2025-06-17 18:00:00+00:00,2.1473,2.164,2.1456,2.1523,2482433.1
2025-06-17 18:30:00+00:00,2.1523,2.177,2.1523,2.1764,1749882.4
2025-06-17 19:00:00+00:00,2.1764,2.198,2.173,2.1954,4054235.4
2025-06-17 19:30:00+00:00,2.1953,2.2037,2.1825,2.1831,3167934.5
2025-06-17 20:00:00+00:00,2.183,2.1909,2.167,2.1769,3406061.8
2025-06-17 20:30:00+00:00,2.1769,2.1791,2.1674,2.1676,2235380.0
2025-06-17 21:00:00+00:00,2.1676,2.1728,2.1515,2.1683,4017027.4
2025-06-17 21:30:00+00:00,2.1684,2.1741,2.153,2.1569,1715407.6
2025-06-17 22:00:00+00:00,2.157,2.1597,2.1519,2.1559,1609203.9
2025-06-17 22:30:00+00:00,2.1559,2.1577,2.144,2.1459,2475904.9
2025-06-17 23:00:00+00:00,2.1459,2.1632,2.1452,2.1628,1942365.5
2025-06-17 23:30:00+00:00,2.1627,2.166,2.1578,2.159,1031615.2
2025-06-18 00:00:00+00:00,2.1591,2.1655,2.1537,2.1546,1252341.6
2025-06-18 00:30:00+00:00,2.1546,2.1666,2.1522,2.1666,997067.3
2025-06-18 01:00:00+00:00,2.1666,2.1774,2.1649,2.1664,1726791.9
2025-06-18 01:30:00+00:00,2.1664,2.1696,2.1606,2.1612,1341703.2
2025-06-18 02:00:00+00:00,2.1612,2.166,2.1549,2.1659,1424943.3
2025-06-18 02:30:00+00:00,2.1659,2.1676,2.1589,2.1589,1186989.0
2025-06-18 03:00:00+00:00,2.1588,2.1656,2.1575,2.1649,1401633.4
2025-06-18 03:30:00+00:00,2.1649,2.1707,2.1649,2.1674,918142.6
2025-06-18 04:00:00+00:00,2.1674,2.1698,2.1618,2.1635,1112128.2
2025-06-18 04:30:00+00:00,2.1635,2.1748,2.1621,2.1719,1534000.8
2025-06-18 05:00:00+00:00,2.172,2.1747,2.1695,2.1711,964763.4
2025-06-18 05:30:00+00:00,2.1711,2.1755,2.167,2.168,1143308.2
2025-06-18 06:00:00+00:00,2.1681,2.1687,2.158,2.161,2607519.3
2025-06-18 06:30:00+00:00,2.1609,2.161,2.1524,2.1553,2041119.4
2025-06-18 07:00:00+00:00,2.1553,2.1582,2.1494,2.1499,2411205.5
2025-06-18 07:30:00+00:00,2.1499,2.1637,2.1471,2.1629,2997485.4
2025-06-18 08:00:00+00:00,2.1629,2.1689,2.1599,2.1605,1182959.7
2025-06-18 08:30:00+00:00,2.1605,2.1632,2.1519,2.156,1122920.9
2025-06-18 09:00:00+00:00,2.1561,2.1639,2.1551,2.159,853514.9
2025-06-18 09:30:00+00:00,2.1589,2.1593,2.1454,2.147,2048559.0
2025-06-18 10:00:00+00:00,2.147,2.1509,2.137,2.1379,2844758.1
2025-06-18 10:30:00+00:00,2.1379,2.1406,2.1244,2.1294,4071282.3
2025-06-18 11:00:00+00:00,2.1293,2.1384,2.1252,2.1346,2624768.8
2025-06-18 11:30:00+00:00,2.1347,2.144,2.1277,2.1419,3038713.6
2025-06-18 12:00:00+00:00,2.142,2.1454,2.1354,2.137,1717254.4
2025-06-18 12:30:00+00:00,2.1371,2.1381,2.1306,2.1315,1483349.3
2025-06-18 13:00:00+00:00,2.1316,2.1324,2.1181,2.1199,4331378.0
2025-06-18 13:30:00+00:00,2.1197,2.1424,2.1188,2.1384,3061526.7
2025-06-18 14:00:00+00:00,2.1384,2.1622,2.133,2.1588,4479474.6
2025-06-18 14:30:00+00:00,2.1588,2.1602,2.139,2.1447,3031365.1
2025-06-18 15:00:00+00:00,2.1447,2.1527,2.1351,2.1505,2511191.2
2025-06-18 15:30:00+00:00,2.1504,2.156,2.1475,2.151,1992565.3
2025-06-18 16:00:00+00:00,2.151,2.1516,2.1363,2.1395,1665562.2
2025-06-18 16:30:00+00:00,2.1394,2.1478,2.1347,2.1409,841068.8
2025-06-18 17:00:00+00:00,2.1409,2.1498,2.1327,2.1428,1261919.8
2025-06-18 17:30:00+00:00,2.1427,2.1535,2.1332,2.1486,1665296.0
2025-06-18 18:00:00+00:00,2.1487,2.1624,2.134,2.1464,3563518.8
2025-06-18 18:30:00+00:00,2.1465,2.1557,2.1292,2.1307,2591429.7
2025-06-18 19:00:00+00:00,2.1307,2.1522,2.1273,2.144,2722192.5
2025-06-18 19:30:00+00:00,2.1439,2.1535,2.1396,2.1406,1344175.3
2025-06-18 20:00:00+00:00,2.1405,2.1503,2.1361,2.1494,1086692.5
2025-06-18 20:30:00+00:00,2.1494,2.1796,2.1483,2.1731,4063456.7
2025-06-18 21:00:00+00:00,2.1732,2.1767,2.1621,2.1737,3353464.2
2025-06-18 21:30:00+00:00,2.1737,2.1808,2.1688,2.1749,1936393.0
2025-06-18 22:00:00+00:00,2.1749,2.1798,2.1705,2.1744,1291681.6
2025-06-18 22:30:00+00:00,2.1743,2.1771,2.1677,2.1689,1046383.9
2025-06-18 23:00:00+00:00,2.1689,2.1766,2.168,2.1737,1167857.2
2025-06-18 23:30:00+00:00,2.1736,2.1736,2.1649,2.1705,904351.4
2025-06-19 00:00:00+00:00,2.1704,2.177,2.1628,2.1761,1320835.6
2025-06-19 00:30:00+00:00,2.1761,2.1855,2.1748,2.1761,1842327.0
2025-06-19 01:00:00+00:00,2.1762,2.1771,2.1627,2.1694,1706829.9
2025-06-19 01:30:00+00:00,2.1694,2.1694,2.1599,2.1611,699515.8
2025-06-19 02:00:00+00:00,2.1611,2.1657,2.1558,2.1592,1501829.3
2025-06-19 02:30:00+00:00,2.1593,2.1668,2.1581,2.1594,931130.3
2025-06-19 03:00:00+00:00,2.1593,2.1653,2.1592,2.164,1232556.8
2025-06-19 03:30:00+00:00,2.1641,2.1677,2.1605,2.1664,724415.5
2025-06-19 04:00:00+00:00,2.1664,2.1686,2.1625,2.1632,852674.3
2025-06-19 04:30:00+00:00,2.1632,2.1681,2.1573,2.168,1171674.3
2025-06-19 05:00:00+00:00,2.168,2.1758,2.1679,2.1731,1640811.3
2025-06-19 05:30:00+00:00,2.173,2.1747,2.1642,2.1658,1014229.7
2025-06-19 06:00:00+00:00,2.1658,2.1719,2.1574,2.1586,2050006.0
2025-06-19 06:30:00+00:00,2.1587,2.1605,2.1538,2.1551,1448435.4
2025-06-19 07:00:00+00:00,2.1551,2.1635,2.155,2.1583,1580959.9
2025-06-19 07:30:00+00:00,2.1583,2.1595,2.1552,2.1564,910287.8
2025-06-19 08:00:00+00:00,2.1564,2.1624,2.1564,2.1614,768730.7
2025-06-19 08:30:00+00:00,2.1615,2.1635,2.1567,2.1569,1387411.3
2025-06-19 09:00:00+00:00,2.1569,2.1612,2.1542,2.1602,1090283.2
2025-06-19 09:30:00+00:00,2.1602,2.1668,2.1588,2.1632,1624621.4
2025-06-19 10:00:00+00:00,2.1632,2.1661,2.1521,2.1648,2622714.7
2025-06-19 10:30:00+00:00,2.1647,2.1658,2.1593,2.1603,1114390.7
2025-06-19 11:00:00+00:00,2.1602,2.1602,2.1529,2.153,1014263.3
2025-06-19 11:30:00+00:00,2.153,2.1545,2.149,2.1519,1230758.3
2025-06-19 12:00:00+00:00,2.1519,2.1587,2.1483,2.1572,1172057.9
2025-06-19 12:30:00+00:00,2.1571,2.158,2.1513,2.1543,1220992.0
2025-06-19 13:00:00+00:00,2.1542,2.157,2.149,2.1565,821627.5
2025-06-19 13:30:00+00:00,2.1566,2.157,2.1476,2.1489,1209450.8
2025-06-19 14:00:00+00:00,2.1489,2.157,2.1487,2.1549,1037887.0
2025-06-19 14:30:00+00:00,2.1548,2.1553,2.1443,2.1476,1528407.9
2025-06-19 15:00:00+00:00,2.1476,2.1557,2.1476,2.1509,982326.5
2025-06-19 15:30:00+00:00,2.1508,2.1511,2.1441,2.1457,1326011.3
2025-06-19 16:00:00+00:00,2.1457,2.155,2.1457,2.1542,705372.0
2025-06-19 16:30:00+00:00,2.1542,2.16,2.1519,2.1571,959360.7
2025-06-19 17:00:00+00:00,2.1572,2.165,2.1572,2.162,1435262.2
2025-06-19 17:30:00+00:00,2.162,2.1738,2.1581,2.1689,2134569.0
2025-06-19 18:00:00+00:00,2.1688,2.1779,2.1677,2.1709,1369156.5
2025-06-19 18:30:00+00:00,2.1708,2.1734,2.1665,2.1724,765356.2
2025-06-19 19:00:00+00:00,2.1725,2.1745,2.1686,2.1715,807540.7
2025-06-19 19:30:00+00:00,2.1715,2.1747,2.168,2.1718,710437.8
2025-06-19 20:00:00+00:00,2.1718,2.1742,2.1667,2.1689,1139340.8
2025-06-19 20:30:00+00:00,2.1689,2.1715,2.1624,2.1651,817996.0
2025-06-19 21:00:00+00:00,2.165,2.1664,2.1613,2.1624,771498.1
2025-06-19 21:30:00+00:00,2.1624,2.1674,2.16,2.1625,1060211.8
2025-06-19 22:00:00+00:00,2.1624,2.1681,2.1624,2.1656,730100.0
2025-06-19 22:30:00+00:00,2.1657,2.171,2.1643,2.1656,766435.9
2025-06-19 23:00:00+00:00,2.1656,2.1684,2.1617,2.1631,614231.5
2025-06-19 23:30:00+00:00,2.1632,2.168,2.1614,2.1648,582035.5
2025-06-20 00:00:00+00:00,2.1647,2.1704,2.1618,2.1662,932359.1
2025-06-20 00:30:00+00:00,2.1662,2.1732,2.1656,2.1708,1094566.6
2025-06-20 01:00:00+00:00,2.1708,2.1717,2.1614,2.1618,865386.2
2025-06-20 01:30:00+00:00,2.1617,2.1679,2.1571,2.1676,914823.5
2025-06-20 02:00:00+00:00,2.1677,2.169,2.1636,2.1646,649049.0
2025-06-20 02:30:00+00:00,2.1646,2.1646,2.1607,2.1635,613039.9
2025-06-20 03:00:00+00:00,2.1636,2.1636,2.1578,2.1613,949367.2
2025-06-20 03:30:00+00:00,2.1613,2.1624,2.1549,2.155,846170.1
2025-06-20 04:00:00+00:00,2.155,2.1572,2.151,2.1519,1408138.4
2025-06-20 04:30:00+00:00,2.1519,2.1523,2.146,2.1465,1837487.3
2025-06-20 05:00:00+00:00,2.1465,2.1496,2.1395,2.1429,2795716.0
2025-06-20 05:30:00+00:00,2.1429,2.1519,2.1429,2.1511,1477373.8
2025-06-20 06:00:00+00:00,2.1511,2.1545,2.1456,2.1477,1704019.6
2025-06-20 06:30:00+00:00,2.1477,2.1501,2.144,2.1446,1423698.9
2025-06-20 07:00:00+00:00,2.1446,2.1592,2.1404,2.1561,2504228.1
2025-06-20 07:30:00+00:00,2.156,2.1684,2.156,2.1667,2237015.1
2025-06-20 08:00:00+00:00,2.1668,2.1765,2.1648,2.1743,2909819.1
2025-06-20 08:30:00+00:00,2.1743,2.1756,2.1614,2.1673,1953038.7
2025-06-20 09:00:00+00:00,2.1672,2.1721,2.1642,2.1661,851507.5
2025-06-20 09:30:00+00:00,2.166,2.171,2.1637,2.1699,972702.7
2025-06-20 10:00:00+00:00,2.1699,2.1735,2.1649,2.1714,1118825.5
2025-06-20 10:30:00+00:00,2.1713,2.1749,2.171,2.1719,933672.4
2025-06-20 11:00:00+00:00,2.1719,2.1724,2.1668,2.1712,877107.5
2025-06-20 11:30:00+00:00,2.1712,2.1755,2.167,2.1725,1092123.8
2025-06-20 12:00:00+00:00,2.1726,2.1745,2.1689,2.1714,847367.5
2025-06-20 12:30:00+00:00,2.1714,2.1778,2.1703,2.1722,1295483.4
2025-06-20 13:00:00+00:00,2.1722,2.1797,2.1722,2.1736,1430791.9
2025-06-20 13:30:00+00:00,2.1737,2.1758,2.1594,2.1643,2564981.0
2025-06-20 14:00:00+00:00,2.1643,2.1667,2.148,2.1527,2671969.8
2025-06-20 14:30:00+00:00,2.1528,2.1559,2.1336,2.1354,4796738.0
2025-06-20 15:00:00+00:00,2.1354,2.143,2.133,2.1377,3813401.7
2025-06-20 15:30:00+00:00,2.1376,2.1458,2.1304,2.1338,2534611.2
2025-06-20 16:00:00+00:00,2.1339,2.134,2.1169,2.1253,4455664.2
2025-06-20 16:30:00+00:00,2.1252,2.1285,2.1185,2.1216,3230300.1
2025-06-20 17:00:00+00:00,2.1215,2.1266,2.0892,2.1036,10243405.6
2025-06-20 17:30:00+00:00,2.1037,2.1212,2.0852,2.1178,8111502.0
2025-06-20 18:00:00+00:00,2.1177,2.1333,2.116,2.1299,3538489.4
2025-06-20 18:30:00+00:00,2.13,2.1371,2.1241,2.126,1651113.3
2025-06-20 19:00:00+00:00,2.1261,2.1261,2.1142,2.1182,1628909.0
2025-06-20 19:30:00+00:00,2.1181,2.1312,2.1181,2.1286,1604535.4
2025-06-20 20:00:00+00:00,2.1285,2.1482,2.1236,2.1431,2927004.8
2025-06-20 20:30:00+00:00,2.1431,2.1444,2.1328,2.1329,1364558.5
2025-06-20 21:00:00+00:00,2.1329,2.133,2.1199,2.1235,1389129.2
2025-06-20 21:30:00+00:00,2.1236,2.1282,2.1198,2.1219,694018.9
2025-06-20 22:00:00+00:00,2.1219,2.1219,2.1131,2.1166,1204501.4
2025-06-20 22:30:00+00:00,2.1166,2.1196,2.1086,2.1105,1359164.2
2025-06-20 23:00:00+00:00,2.1106,2.1159,2.1085,2.1151,609229.8
2025-06-20 23:30:00+00:00,2.1152,2.1213,2.1152,2.1194,704463.6
2025-06-21 00:00:00+00:00,2.1195,2.1231,2.115,2.1229,971089.9
2025-06-21 00:30:00+00:00,2.1229,2.1233,2.116,2.1181,683189.3
2025-06-21 01:00:00+00:00,2.1181,2.1265,2.1171,2.1256,790699.1
2025-06-21 01:30:00+00:00,2.1257,2.1287,2.1218,2.1245,762170.2
2025-06-21 02:00:00+00:00,2.1246,2.1279,2.1223,2.1264,563349.0
2025-06-21 02:30:00+00:00,2.1263,2.1284,2.1258,2.1261,378749.0
2025-06-21 03:00:00+00:00,2.126,2.1309,2.1258,2.1308,536740.4
2025-06-21 03:30:00+00:00,2.1309,2.1325,2.1299,2.1299,512149.7
2025-06-21 04:00:00+00:00,2.1298,2.1308,2.126,2.126,471493.9
2025-06-21 04:30:00+00:00,2.1261,2.1261,2.1206,2.1215,572712.1
2025-06-21 05:00:00+00:00,2.1216,2.1236,2.1184,2.1234,488743.4
2025-06-21 05:30:00+00:00,2.1235,2.1268,2.1218,2.1268,478129.2
2025-06-21 06:00:00+00:00,2.1269,2.131,2.1252,2.1306,630180.7
2025-06-21 06:30:00+00:00,2.1305,2.1307,2.1273,2.1289,380673.6
2025-06-21 07:00:00+00:00,2.1288,2.1323,2.1256,2.1292,540709.3
2025-06-21 07:30:00+00:00,2.1292,2.1339,2.1288,2.1333,397868.1
2025-06-21 08:00:00+00:00,2.1334,2.1376,2.1334,2.136,455956.3
2025-06-21 08:30:00+00:00,2.136,2.1396,2.1328,2.1392,587338.8
2025-06-21 09:00:00+00:00,2.1392,2.1392,2.1339,2.1371,617779.0
2025-06-21 09:30:00+00:00,2.137,2.1405,2.1356,2.139,706464.8
2025-06-21 10:00:00+00:00,2.1389,2.1438,2.1385,2.1426,593754.6
2025-06-21 10:30:00+00:00,2.1426,2.145,2.1387,2.1419,594935.0
2025-06-21 11:00:00+00:00,2.142,2.1424,2.1376,2.1388,689459.0
2025-06-21 11:30:00+00:00,2.1389,2.1414,2.1363,2.1371,1368917.3
2025-06-21 12:00:00+00:00,2.1371,2.1405,2.1361,2.1378,526584.8
2025-06-21 12:30:00+00:00,2.1378,2.1381,2.1295,2.1298,698844.2
2025-06-21 13:00:00+00:00,2.1298,2.132,2.1266,2.1298,649597.5
2025-06-21 13:30:00+00:00,2.1297,2.1308,2.1143,2.116,2096000.1
2025-06-21 14:00:00+00:00,2.1161,2.1214,2.1126,2.115,1187408.3
2025-06-21 14:30:00+00:00,2.115,2.1246,2.114,2.1187,1470649.5
2025-06-21 15:00:00+00:00,2.1186,2.1219,2.1107,2.112,1066152.7
2025-06-21 15:30:00+00:00,2.112,2.1173,2.1086,2.1168,1374018.8
2025-06-21 16:00:00+00:00,2.1167,2.1194,2.1104,2.1194,636535.8
2025-06-21 16:30:00+00:00,2.1194,2.1194,2.1097,2.1122,517969.9
2025-06-21 17:00:00+00:00,2.1121,2.1164,2.1065,2.1072,936948.6
2025-06-21 17:30:00+00:00,2.1072,2.1072,2.0935,2.0951,3349359.3
2025-06-21 18:00:00+00:00,2.095,2.1059,2.0926,2.0994,2461156.6
2025-06-21 18:30:00+00:00,2.0994,2.1063,2.0777,2.0827,4911518.2
2025-06-21 19:00:00+00:00,2.0828,2.0879,2.0772,2.0817,3323314.6
2025-06-21 19:30:00+00:00,2.0816,2.0829,2.0696,2.0708,3773112.0
2025-06-21 20:00:00+00:00,2.0707,2.0786,2.0676,2.0751,2971820.5
2025-06-21 20:30:00+00:00,2.075,2.0939,2.0747,2.0877,2043537.0
2025-06-21 21:00:00+00:00,2.0877,2.0892,2.023,2.0472,9938382.4
2025-06-21 21:30:00+00:00,2.0472,2.0595,2.0,2.0379,14780696.7
2025-06-21 22:00:00+00:00,2.0378,2.0625,2.0358,2.0593,3967762.5
2025-06-21 22:30:00+00:00,2.0592,2.0607,2.0473,2.0558,2008593.2
2025-06-21 23:00:00+00:00,2.0559,2.0593,2.0421,2.0437,2001102.0
2025-06-21 23:30:00+00:00,2.0437,2.066,2.0196,2.0632,7206976.3
2025-06-22 00:00:00+00:00,2.0632,2.0733,2.0487,2.0663,5040817.3
2025-06-22 00:30:00+00:00,2.0663,2.0874,2.064,2.0822,2570572.5
2025-06-22 01:00:00+00:00,2.0821,2.0886,2.07,2.0748,1697962.1
2025-06-22 01:30:00+00:00,2.0749,2.0754,2.0588,2.06,1453161.7
2025-06-22 02:00:00+00:00,2.0601,2.0729,2.0432,2.0483,2856522.7
2025-06-22 02:30:00+00:00,2.0484,2.0618,2.0392,2.0551,2760408.5
2025-06-22 03:00:00+00:00,2.0551,2.0693,2.0541,2.0556,1718122.7
2025-06-22 03:30:00+00:00,2.0556,2.0608,2.0504,2.0594,1364618.8
2025-06-22 04:00:00+00:00,2.0594,2.0764,2.0564,2.0733,1339002.0
2025-06-22 04:30:00+00:00,2.0732,2.08,2.0697,2.074,1137247.8
2025-06-22 05:00:00+00:00,2.0739,2.0818,2.0719,2.078,1318022.4
2025-06-22 05:30:00+00:00,2.0779,2.0821,2.0698,2.0814,1480893.5
2025-06-22 06:00:00+00:00,2.0814,2.0898,2.0768,2.0854,964580.5
2025-06-22 06:30:00+00:00,2.0855,2.0884,2.0808,2.0844,568776.6
2025-06-22 07:00:00+00:00,2.0843,2.0856,2.075,2.0779,882731.3
2025-06-22 07:30:00+00:00,2.0778,2.0778,2.0652,2.0683,1242017.0
2025-06-22 08:00:00+00:00,2.0684,2.0733,2.0622,2.0701,1179432.7
2025-06-22 08:30:00+00:00,2.0702,2.0741,2.0654,2.0722,650966.9
2025-06-22 09:00:00+00:00,2.0722,2.0781,2.0553,2.0561,1458083.1
2025-06-22 09:30:00+00:00,2.0561,2.0609,2.0366,2.0373,3143438.4
2025-06-22 10:00:00+00:00,2.0374,2.0441,2.0326,2.0386,3445891.5
2025-06-22 10:30:00+00:00,2.0385,2.0475,2.0343,2.0345,1961030.1
2025-06-22 11:00:00+00:00,2.0344,2.0424,2.0253,2.0303,2650809.2
2025-06-22 11:30:00+00:00,2.0304,2.0327,2.0136,2.0252,5704940.1
2025-06-22 12:00:00+00:00,2.0251,2.0294,2.0081,2.013,3880848.3
2025-06-22 12:30:00+00:00,2.013,2.0234,2.0,2.0222,6130002.1
2025-06-22 13:00:00+00:00,2.0222,2.0276,1.9478,1.96,22516148.5
2025-06-22 13:30:00+00:00,1.9601,1.9798,1.9421,1.9619,21653525.3
2025-06-22 14:00:00+00:00,1.9619,1.9766,1.9253,1.932,13782456.8
2025-06-22 14:30:00+00:00,1.9321,1.9557,1.9246,1.9523,12879075.4
2025-06-22 15:00:00+00:00,1.9524,1.961,1.9456,1.9467,5448487.6
2025-06-22 15:30:00+00:00,1.9467,1.9536,1.9296,1.9343,3771360.4
2025-06-22 16:00:00+00:00,1.9343,1.946,1.9287,1.9377,4689237.6
2025-06-22 16:30:00+00:00,1.9377,1.9616,1.9362,1.9607,4472593.0
2025-06-22 17:00:00+00:00,1.9607,1.9823,1.9558,1.959,5936525.2
2025-06-22 17:30:00+00:00,1.9591,1.9794,1.9574,1.976,3038862.7
2025-06-22 18:00:00+00:00,1.9759,1.9837,1.9679,1.9768,3461730.2
2025-06-22 18:30:00+00:00,1.9768,1.98,1.9632,1.9647,1917518.3
2025-06-22 19:00:00+00:00,1.9647,1.9684,1.9535,1.9587,2120193.3
2025-06-22 19:30:00+00:00,1.9588,1.9654,1.9538,1.9644,1769431.2
2025-06-22 20:00:00+00:00,1.9644,1.9657,1.9083,1.9122,10862954.0
2025-06-22 20:30:00+00:00,1.9122,1.9803,1.9091,1.9682,7318230.2
2025-06-22 21:00:00+00:00,1.9683,1.9773,1.9641,1.965,3631865.7
2025-06-22 21:30:00+00:00,1.9648,1.9732,1.9551,1.9592,1633673.3
2025-06-22 22:00:00+00:00,1.9593,1.986,1.9432,1.9763,6055638.9
2025-06-22 22:30:00+00:00,1.9762,2.0167,1.9757,2.0166,5360338.2
2025-06-22 23:00:00+00:00,2.0165,2.0232,2.006,2.0183,3833160.0
2025-06-22 23:30:00+00:00,2.0183,2.0197,2.0086,2.0172,1757466.9
2025-06-23 00:00:00+00:00,2.0173,2.0241,2.011,2.0185,2417627.7
2025-06-23 00:30:00+00:00,2.0186,2.0331,2.0111,2.0168,2581962.1
2025-06-23 01:00:00+00:00,2.0168,2.017,2.0056,2.0058,1173089.0
2025-06-23 01:30:00+00:00,2.0059,2.0226,2.0036,2.0223,1041082.2
2025-06-23 02:00:00+00:00,2.0223,2.0243,2.0116,2.0187,1393893.2
2025-06-23 02:30:00+00:00,2.0187,2.0209,2.0117,2.0162,1832528.0
2025-06-23 03:00:00+00:00,2.0162,2.0254,2.0118,2.0177,1616362.2
2025-06-23 03:30:00+00:00,2.0176,2.02,2.0133,2.018,1587768.4
2025-06-23 04:00:00+00:00,2.0181,2.0267,2.0124,2.0222,1703563.4
2025-06-23 04:30:00+00:00,2.0221,2.0248,2.0169,2.0216,1397243.0
2025-06-23 05:00:00+00:00,2.0216,2.0254,2.017,2.0221,2784948.3
2025-06-23 05:30:00+00:00,2.022,2.0331,2.0191,2.0314,2255209.8
2025-06-23 06:00:00+00:00,2.0314,2.0356,2.0203,2.0203,2487575.8
2025-06-23 06:30:00+00:00,2.0203,2.023,2.0107,2.0222,2972692.2
2025-06-23 07:00:00+00:00,2.0223,2.0317,2.0146,2.0163,2624326.6
2025-06-23 07:30:00+00:00,2.0163,2.0257,2.0137,2.0231,2817358.8
2025-06-23 08:00:00+00:00,2.0232,2.0278,2.0181,2.0191,1868785.2
2025-06-23 08:30:00+00:00,2.0191,2.0211,2.0127,2.0198,1718489.0
2025-06-23 09:00:00+00:00,2.0199,2.0202,2.0053,2.0059,2584642.2
2025-06-23 09:30:00+00:00,2.0059,2.0098,2.0045,2.0077,1465259.8
2025-06-23 10:00:00+00:00,2.0077,2.008,1.9947,1.9948,3019926.8
2025-06-23 10:30:00+00:00,1.9948,1.998,1.9864,1.9945,2886961.0
2025-06-23 11:00:00+00:00,1.9945,2.0013,1.9904,1.9927,2482083.9
2025-06-23 11:30:00+00:00,1.9927,2.0039,1.9923,2.0013,1442160.9
2025-06-23 12:00:00+00:00,2.0014,2.0059,1.9957,2.0024,1316979.4
2025-06-23 12:30:00+00:00,2.0025,2.0203,2.0003,2.0201,1989133.5
2025-06-23 13:00:00+00:00,2.0201,2.0209,1.996,1.9979,1878114.3
2025-06-23 13:30:00+00:00,1.9979,2.035,1.986,2.029,6713391.0
2025-06-23 14:00:00+00:00,2.029,2.039,2.0135,2.016,6552071.8
2025-06-23 14:30:00+00:00,2.016,2.0254,2.0127,2.0192,2211045.3
2025-06-23 15:00:00+00:00,2.0192,2.0296,2.0124,2.0125,2308525.3
2025-06-23 15:30:00+00:00,2.0125,2.0168,1.995,1.9992,3117212.2
2025-06-23 16:00:00+00:00,1.9991,2.001,1.9726,1.9741,4980014.9
2025-06-23 16:30:00+00:00,1.974,1.9859,1.9615,1.972,6816843.6
2025-06-23 17:00:00+00:00,1.9721,2.0215,1.966,2.0172,6203325.5
2025-06-23 17:30:00+00:00,2.0171,2.0523,2.0171,2.0275,7872200.0
2025-06-23 18:00:00+00:00,2.0276,2.055,2.0272,2.0423,6745371.9
2025-06-23 18:30:00+00:00,2.0423,2.0566,2.0419,2.047,3310558.0
2025-06-23 19:00:00+00:00,2.0469,2.062,2.0467,2.0537,5114175.5
2025-06-23 19:30:00+00:00,2.0536,2.0634,2.0465,2.058,3672678.0
2025-06-23 20:00:00+00:00,2.0579,2.0995,2.0575,2.0939,9875835.4
2025-06-23 20:30:00+00:00,2.0938,2.0949,2.0757,2.0765,4317999.2
2025-06-23 21:00:00+00:00,2.0766,2.0887,2.075,2.0781,3446338.1
2025-06-23 21:30:00+00:00,2.0781,2.0918,2.0766,2.0897,2108350.9
2025-06-23 22:00:00+00:00,2.0898,2.1697,2.0881,2.1655,17397798.8
2025-06-23 22:30:00+00:00,2.1655,2.1706,2.1324,2.158,8588218.9
2025-06-23 23:00:00+00:00,2.158,2.1698,2.1545,2.1625,5229705.3
2025-06-23 23:30:00+00:00,2.1624,2.1689,2.1557,2.1584,3155537.3
2025-06-24 00:00:00+00:00,2.1584,2.1664,2.1436,2.1446,4075618.2
2025-06-24 00:30:00+00:00,2.1447,2.1592,2.1422,2.1507,3194497.4
2025-06-24 01:00:00+00:00,2.1507,2.1609,2.147,2.1569,1647923.9
2025-06-24 01:30:00+00:00,2.1569,2.1576,2.1501,2.1542,1996665.6
2025-06-24 02:00:00+00:00,2.1541,2.1541,2.1337,2.1395,2814446.8
2025-06-24 02:30:00+00:00,2.1396,2.1396,2.1316,2.1339,2170242.6
2025-06-24 03:00:00+00:00,2.1339,2.1477,2.1331,2.1454,2193262.7
2025-06-24 03:30:00+00:00,2.1454,2.1519,2.1436,2.1506,1357542.3
2025-06-24 04:00:00+00:00,2.1506,2.1547,2.1466,2.1535,1654639.4
2025-06-24 04:30:00+00:00,2.1534,2.155,2.147,2.1493,1515720.3
2025-06-24 05:00:00+00:00,2.1492,2.169,2.1492,2.1678,3633851.5
2025-06-24 05:30:00+00:00,2.1677,2.2054,2.1673,2.2033,8174168.4
2025-06-24 06:00:00+00:00,2.2033,2.2106,2.1816,2.1863,5393796.8
2025-06-24 06:30:00+00:00,2.1864,2.2023,2.1813,2.192,3400083.4
2025-06-24 07:00:00+00:00,2.192,2.2043,2.1855,2.1932,3670983.8
2025-06-24 07:30:00+00:00,2.1932,2.194,2.1741,2.1778,4069317.5
2025-06-24 08:00:00+00:00,2.1778,2.1826,2.1607,2.1783,5187529.2
2025-06-24 08:30:00+00:00,2.1782,2.1837,2.172,2.1801,2010460.2
2025-06-24 09:00:00+00:00,2.18,2.2064,2.1769,2.198,3262497.0
2025-06-24 09:30:00+00:00,2.1979,2.2008,2.18,2.1842,3446502.2
2025-06-24 10:00:00+00:00,2.1841,2.1962,2.1837,2.1855,2539050.0
2025-06-24 10:30:00+00:00,2.1855,2.19,2.1801,2.184,2820163.5
2025-06-24 11:00:00+00:00,2.184,2.1875,2.1685,2.1829,2599723.6
2025-06-24 11:30:00+00:00,2.183,2.185,2.1764,2.1838,1913316.0
2025-06-24 12:00:00+00:00,2.1837,2.186,2.1726,2.1761,1568280.6
2025-06-24 12:30:00+00:00,2.1761,2.1814,2.1655,2.1794,3117877.7
2025-06-24 13:00:00+00:00,2.1794,2.184,2.169,2.1722,2077877.5
2025-06-24 13:30:00+00:00,2.1722,2.1823,2.1656,2.1739,2768821.1
2025-06-24 14:00:00+00:00,2.1738,2.192,2.1732,2.1855,3935108.9
2025-06-24 14:30:00+00:00,2.1856,2.192,2.1783,2.1837,2400318.5
2025-06-24 15:00:00+00:00,2.1838,2.1938,2.1823,2.1911,2257531.2
2025-06-24 15:30:00+00:00,2.1911,2.1926,2.1757,2.1882,2148810.3
2025-06-24 16:00:00+00:00,2.1883,2.1955,2.1849,2.1919,2318068.2
2025-06-24 16:30:00+00:00,2.1919,2.2095,2.1849,2.2087,4963004.8
2025-06-24 17:00:00+00:00,2.2088,2.2095,2.1839,2.1863,4239578.4
2025-06-24 17:30:00+00:00,2.1864,2.2013,2.1851,2.1987,1457640.4
2025-06-24 18:00:00+00:00,2.1988,2.2009,2.1856,2.1994,1172519.3
2025-06-24 18:30:00+00:00,2.1995,2.2022,2.1936,2.1944,1480906.7
2025-06-24 19:00:00+00:00,2.1944,2.2055,2.19,2.2013,1596834.0
2025-06-24 19:30:00+00:00,2.2013,2.2081,2.1897,2.2073,2329493.7
2025-06-24 20:00:00+00:00,2.2072,2.2123,2.1957,2.2046,3375171.6
2025-06-24 20:30:00+00:00,2.2046,2.2165,2.2,2.2161,3329651.3
2025-06-24 21:00:00+00:00,2.2161,2.2165,2.2018,2.2079,2654597.4
2025-06-24 21:30:00+00:00,2.208,2.2084,2.1985,2.2041,1317876.5
2025-06-24 22:00:00+00:00,2.204,2.2047,2.1833,2.185,2136389.8
2025-06-24 22:30:00+00:00,2.185,2.1879,2.1798,2.1879,1769106.6
2025-06-24 23:00:00+00:00,2.1878,2.19,2.1778,2.1819,1327079.4
2025-06-24 23:30:00+00:00,2.1818,2.1913,2.1797,2.1898,762787.5
2025-06-25 00:00:00+00:00,2.1897,2.1975,2.1864,2.191,1424061.0
2025-06-25 00:30:00+00:00,2.191,2.1982,2.1811,2.1964,1758317.8
2025-06-25 01:00:00+00:00,2.1963,2.1985,2.1846,2.1888,1965077.3
2025-06-25 01:30:00+00:00,2.1888,2.1956,2.1853,2.1892,1484192.3
2025-06-25 02:00:00+00:00,2.1892,2.1952,2.1859,2.1862,1837398.2
2025-06-25 02:30:00+00:00,2.1862,2.1889,2.1814,2.1828,1291345.4
2025-06-25 03:00:00+00:00,2.1827,2.1884,2.177,2.1837,1715364.9
2025-06-25 03:30:00+00:00,2.1837,2.1861,2.1776,2.1781,1334153.1
2025-06-25 04:00:00+00:00,2.1782,2.1798,2.1737,2.1786,1847181.5
2025-06-25 04:30:00+00:00,2.1786,2.1793,2.1721,2.1763,1412216.8
2025-06-25 05:00:00+00:00,2.1763,2.1795,2.1696,2.174,1480586.6
2025-06-25 05:30:00+00:00,2.174,2.1829,2.1699,2.1803,1523823.3
2025-06-25 06:00:00+00:00,2.1804,2.1828,2.1713,2.1812,2186489.2
2025-06-25 06:30:00+00:00,2.1813,2.1845,2.177,2.1839,1176909.1
2025-06-25 07:00:00+00:00,2.1838,2.1869,2.1776,2.1854,2690947.6
2025-06-25 07:30:00+00:00,2.1853,2.1881,2.1822,2.1856,1891055.4
2025-06-25 08:00:00+00:00,2.1855,2.1897,2.1795,2.1796,2408184.0
2025-06-25 08:30:00+00:00,2.1795,2.183,2.1738,2.183,1815700.3
2025-06-25 09:00:00+00:00,2.1829,2.1888,2.1804,2.1867,1471317.0
2025-06-25 09:30:00+00:00,2.1867,2.1878,2.1751,2.1841,1785573.9
2025-06-25 10:00:00+00:00,2.184,2.1915,2.1805,2.1914,1654664.2
2025-06-25 10:30:00+00:00,2.1914,2.1915,2.1859,2.1905,1463458.1
2025-06-25 11:00:00+00:00,2.1905,2.1914,2.1835,2.1892,1264355.7
2025-06-25 11:30:00+00:00,2.1892,2.1971,2.1886,2.1952,1719170.4
2025-06-25 12:00:00+00:00,2.1952,2.1952,2.1871,2.1886,2330691.4
2025-06-25 12:30:00+00:00,2.1887,2.1928,2.1848,2.188,1551157.6
2025-06-25 13:00:00+00:00,2.1881,2.213,2.1872,2.2098,7225125.2
2025-06-25 13:30:00+00:00,2.2099,2.2296,2.2015,2.2237,7358224.2
2025-06-25 14:00:00+00:00,2.2238,2.2284,2.1897,2.1999,5107577.5
2025-06-25 14:30:00+00:00,2.1998,2.2118,2.1966,2.2036,3674644.2
2025-06-25 15:00:00+00:00,2.2036,2.2038,2.1763,2.1828,4283408.7
2025-06-25 15:30:00+00:00,2.1829,2.1884,2.1753,2.1815,1923652.0
2025-06-25 16:00:00+00:00,2.1814,2.1903,2.1806,2.1867,1440987.3
2025-06-25 16:30:00+00:00,2.1867,2.1878,2.172,2.1751,2241364.9
2025-06-25 17:00:00+00:00,2.1752,2.1934,2.1746,2.1884,1264361.9
2025-06-25 17:30:00+00:00,2.1883,2.1929,2.1784,2.1894,1110667.7
2025-06-25 18:00:00+00:00,2.1895,2.1924,2.1845,2.1897,787792.4
2025-06-25 18:30:00+00:00,2.1896,2.1926,2.185,2.1887,909371.8
2025-06-25 19:00:00+00:00,2.1886,2.2031,2.1886,2.2015,1841836.3
2025-06-25 19:30:00+00:00,2.2014,2.2077,2.192,2.2057,1422624.4
2025-06-25 20:00:00+00:00,2.2057,2.2058,2.1977,2.1991,843805.9
2025-06-25 20:30:00+00:00,2.199,2.2006,2.194,2.1961,1015269.1
2025-06-25 21:00:00+00:00,2.1961,2.2024,2.1855,2.1876,1003195.3
2025-06-25 21:30:00+00:00,2.1876,2.1898,2.1833,2.1867,772308.5
2025-06-25 22:00:00+00:00,2.1867,2.1869,2.1805,2.1818,676593.6
2025-06-25 22:30:00+00:00,2.1818,2.1827,2.1783,2.1805,658883.7
2025-06-25 23:00:00+00:00,2.1805,2.1855,2.175,2.1829,874546.6
2025-06-25 23:30:00+00:00,2.1829,2.1871,2.181,2.1859,658868.7
2025-06-26 00:00:00+00:00,2.1858,2.1926,2.1831,2.1904,990509.2
2025-06-26 00:30:00+00:00,2.1905,2.1929,2.186,2.1874,662962.9
2025-06-26 01:00:00+00:00,2.1874,2.1943,2.1803,2.1943,1210435.9
2025-06-26 01:30:00+00:00,2.1943,2.2042,2.1894,2.1972,2539799.7
2025-06-26 02:00:00+00:00,2.1973,2.2033,2.192,2.192,2952245.3
2025-06-26 02:30:00+00:00,2.192,2.2037,2.1895,2.202,2975998.9
2025-06-26 03:00:00+00:00,2.2019,2.2127,2.1955,2.1961,7558266.3
2025-06-26 03:30:00+00:00,2.1961,2.1984,2.192,2.1953,1631754.7
2025-06-26 04:00:00+00:00,2.1953,2.1966,2.1902,2.1928,730900.8
2025-06-26 04:30:00+00:00,2.1929,2.1978,2.1884,2.1945,587302.5
2025-06-26 05:00:00+00:00,2.1945,2.1966,2.1883,2.1895,465706.9
2025-06-26 05:30:00+00:00,2.1896,2.1903,2.1858,2.1889,1091090.5
2025-06-26 06:00:00+00:00,2.1889,2.1892,2.1819,2.1867,1551417.0
2025-06-26 06:30:00+00:00,2.1868,2.19,2.185,2.1874,1263339.0
2025-06-26 07:00:00+00:00,2.1874,2.1932,2.1845,2.1908,1850668.2
2025-06-26 07:30:00+00:00,2.1908,2.1984,2.1874,2.1898,2455842.0
2025-06-26 08:00:00+00:00,2.1898,2.1947,2.1895,2.1908,894323.6
2025-06-26 08:30:00+00:00,2.1908,2.1932,2.1872,2.1892,667170.1
2025-06-26 09:00:00+00:00,2.1893,2.1899,2.181,2.182,1668311.7
2025-06-26 09:30:00+00:00,2.1819,2.1825,2.1756,2.1761,2576569.2
2025-06-26 10:00:00+00:00,2.176,2.1811,2.1741,2.1792,1984978.9
2025-06-26 10:30:00+00:00,2.1792,2.1795,2.1729,2.1749,1500856.1
2025-06-26 11:00:00+00:00,2.1749,2.1764,2.17,2.173,1632104.3
2025-06-26 11:30:00+00:00,2.173,2.1749,2.17,2.1707,2051056.2
2025-06-26 12:00:00+00:00,2.1706,2.1729,2.1626,2.1659,3825977.4
2025-06-26 12:30:00+00:00,2.166,2.1662,2.1543,2.1568,3824475.1
2025-06-26 13:00:00+00:00,2.1568,2.1599,2.142,2.1494,5556803.4
2025-06-26 13:30:00+00:00,2.1494,2.1529,2.1173,2.1234,8042046.3
2025-06-26 14:00:00+00:00,2.1234,2.136,2.1138,2.1337,7607751.8
2025-06-26 14:30:00+00:00,2.1337,2.1447,2.1212,2.1235,5496555.8
2025-06-26 15:00:00+00:00,2.1236,2.1298,2.1106,2.1133,5116858.5
2025-06-26 15:30:00+00:00,2.1133,2.125,2.1066,2.1199,3908537.7
2025-06-26 16:00:00+00:00,2.1198,2.1232,2.0969,2.1033,5779276.4
2025-06-26 16:30:00+00:00,2.1033,2.1106,2.0956,2.1008,2679819.1
2025-06-26 17:00:00+00:00,2.1009,2.1187,2.1006,2.1178,2417444.0
2025-06-26 17:30:00+00:00,2.1177,2.1202,2.1133,2.1134,2333486.8
2025-06-26 18:00:00+00:00,2.1135,2.1257,2.1117,2.1171,1665416.8
2025-06-26 18:30:00+00:00,2.1171,2.1254,2.1123,2.1223,1214383.0
2025-06-26 19:00:00+00:00,2.1224,2.1306,2.1206,2.1235,1587245.2
2025-06-26 19:30:00+00:00,2.1235,2.1351,2.1231,2.1252,1442590.7
2025-06-26 20:00:00+00:00,2.1251,2.1345,2.1233,2.1315,786394.6
2025-06-26 20:30:00+00:00,2.1316,2.1459,2.1308,2.1354,2553702.5
2025-06-26 21:00:00+00:00,2.1355,2.1355,2.1155,2.1213,1782557.0
2025-06-26 21:30:00+00:00,2.1212,2.1233,2.1089,2.1184,3150894.9
2025-06-26 22:00:00+00:00,2.1184,2.1233,2.1137,2.1204,2437257.3
2025-06-26 22:30:00+00:00,2.1203,2.1213,2.1081,2.11,925683.0
2025-06-26 23:00:00+00:00,2.11,2.1114,2.1038,2.1094,1258438.2
2025-06-26 23:30:00+00:00,2.1093,2.1101,2.103,2.1054,1491660.7
2025-06-27 00:00:00+00:00,2.1053,2.1115,2.1043,2.1067,1442992.8
2025-06-27 00:30:00+00:00,2.1067,2.1075,2.0819,2.0833,5616236.7
2025-06-27 01:00:00+00:00,2.0833,2.1017,2.0782,2.0975,3950421.3
2025-06-27 01:30:00+00:00,2.0975,2.1018,2.0929,2.0964,2123544.5
2025-06-27 02:00:00+00:00,2.0964,2.1029,2.0931,2.0997,1595911.9
2025-06-27 02:30:00+00:00,2.0997,2.108,2.0974,2.1035,1932175.0
2025-06-27 03:00:00+00:00,2.1035,2.1068,2.0986,2.1041,1352235.6
2025-06-27 03:30:00+00:00,2.1041,2.1099,2.1034,2.1053,982890.7
2025-06-27 04:00:00+00:00,2.1053,2.1053,2.1003,2.1037,1215244.2
2025-06-27 04:30:00+00:00,2.1038,2.114,2.103,2.1104,1831114.2
2025-06-27 05:00:00+00:00,2.1104,2.1134,2.1003,2.1011,1739332.3
2025-06-27 05:30:00+00:00,2.101,2.102,2.0933,2.0941,1462026.3
2025-06-27 06:00:00+00:00,2.0941,2.0947,2.0864,2.0886,2546312.8
2025-06-27 06:30:00+00:00,2.0886,2.0966,2.087,2.0957,2073932.3
2025-06-27 07:00:00+00:00,2.0958,2.1044,2.0926,2.0928,4674045.4
2025-06-27 07:30:00+00:00,2.0928,2.097,2.0821,2.0851,2837696.5
2025-06-27 08:00:00+00:00,2.0851,2.0942,2.0851,2.0885,3286150.8
2025-06-27 08:30:00+00:00,2.0885,2.1061,2.0878,2.0998,3151600.6
2025-06-27 09:00:00+00:00,2.0998,2.0999,2.0907,2.0911,1921578.1
2025-06-27 09:30:00+00:00,2.0912,2.0997,2.0912,2.098,2610944.5
2025-06-27 10:00:00+00:00,2.0981,2.0988,2.09,2.0926,1637133.9
2025-06-27 10:30:00+00:00,2.0927,2.0952,2.0909,2.0911,1073125.0
2025-06-27 11:00:00+00:00,2.0912,2.095,2.0857,2.0863,1168901.9
2025-06-27 11:30:00+00:00,2.0864,2.091,2.0847,2.0909,1683965.0
2025-06-27 12:00:00+00:00,2.0909,2.1016,2.0888,2.0992,4024096.5
2025-06-27 12:30:00+00:00,2.0993,2.0993,2.0782,2.0819,3141597.0
2025-06-27 13:00:00+00:00,2.082,2.0908,2.0806,2.0838,1837881.9
2025-06-27 13:30:00+00:00,2.0838,2.0947,2.075,2.0945,3075782.9
2025-06-27 14:00:00+00:00,2.0945,2.1013,2.0754,2.0795,3209119.4
2025-06-27 14:30:00+00:00,2.0795,2.0834,2.0671,2.0719,4143381.8
2025-06-27 15:00:00+00:00,2.0718,2.0839,2.0681,2.0837,2741293.8
2025-06-27 15:30:00+00:00,2.0837,2.0995,2.0821,2.0979,2501549.9
2025-06-27 16:00:00+00:00,2.0979,2.1067,2.0948,2.1066,2186273.9
2025-06-27 16:30:00+00:00,2.1065,2.1225,2.1065,2.1122,4286927.6
2025-06-27 17:00:00+00:00,2.1123,2.114,2.0928,2.0942,2257573.8
2025-06-27 17:30:00+00:00,2.0942,2.098,2.0801,2.092,2393482.8
2025-06-27 18:00:00+00:00,2.0921,2.0942,2.082,2.0859,1329016.7
2025-06-27 18:30:00+00:00,2.0859,2.0895,2.0712,2.0794,2165354.0
2025-06-27 19:00:00+00:00,2.0793,2.0941,2.0772,2.091,1912790.1
2025-06-27 19:30:00+00:00,2.091,2.0994,2.09,2.0939,1703872.6
2025-06-27 20:00:00+00:00,2.0939,2.105,2.093,2.1042,1325321.9
2025-06-27 20:30:00+00:00,2.1043,2.1154,2.1036,2.1103,1542803.0
2025-06-27 21:00:00+00:00,2.1104,2.1487,2.1065,2.1484,6784138.3
2025-06-27 21:30:00+00:00,2.1483,2.1556,2.1304,2.1396,6356328.2
2025-06-27 22:00:00+00:00,2.1396,2.1525,2.1395,2.1435,2971345.7
2025-06-27 22:30:00+00:00,2.1434,2.1464,2.1372,2.1399,1881127.3
2025-06-27 23:00:00+00:00,2.1399,2.1405,2.1264,2.1322,1548350.5
2025-06-27 23:30:00+00:00,2.1322,2.143,2.1308,2.1419,1348078.4
2025-06-28 00:00:00+00:00,2.142,2.1477,2.1336,2.1476,1376752.5
2025-06-28 00:30:00+00:00,2.1476,2.1514,2.1435,2.1451,1781973.6
2025-06-28 01:00:00+00:00,2.1452,2.1513,2.1383,2.1473,2046678.3
2025-06-28 01:30:00+00:00,2.1474,2.1785,2.1448,2.1757,3663404.0
2025-06-28 02:00:00+00:00,2.1756,2.1914,2.1748,2.1897,5505905.2
2025-06-28 02:30:00+00:00,2.1896,2.1896,2.1697,2.1713,3029259.1
2025-06-28 03:00:00+00:00,2.1714,2.182,2.1711,2.1818,1452074.9
2025-06-28 03:30:00+00:00,2.1818,2.1862,2.1805,2.1847,1280098.3
2025-06-28 04:00:00+00:00,2.1848,2.1878,2.1779,2.1865,2346630.8
2025-06-28 04:30:00+00:00,2.1865,2.1865,2.1755,2.1789,870696.6
2025-06-28 05:00:00+00:00,2.179,2.1863,2.1787,2.1853,1592463.9
2025-06-28 05:30:00+00:00,2.1853,2.1931,2.1842,2.1887,2249752.2
2025-06-28 06:00:00+00:00,2.1887,2.1988,2.188,2.1987,2754531.0
2025-06-28 06:30:00+00:00,2.1986,2.201,2.1908,2.1925,3607881.6
2025-06-28 07:00:00+00:00,2.1926,2.194,2.187,2.1896,1643833.8
2025-06-28 07:30:00+00:00,2.1896,2.194,2.1863,2.1906,1423950.2
2025-06-28 08:00:00+00:00,2.1905,2.1925,2.1804,2.1826,1649457.2
2025-06-28 08:30:00+00:00,2.1826,2.1859,2.1803,2.1823,760873.8
2025-06-28 09:00:00+00:00,2.1823,2.186,2.1809,2.1836,1373817.0
2025-06-28 09:30:00+00:00,2.1836,2.1893,2.1832,2.1862,779004.1
2025-06-28 10:00:00+00:00,2.1863,2.1924,2.1863,2.1876,1371052.6
2025-06-28 10:30:00+00:00,2.1877,2.1914,2.1847,2.1907,998069.4
2025-06-28 11:00:00+00:00,2.1907,2.1928,2.1885,2.1916,1100319.9
2025-06-28 11:30:00+00:00,2.1917,2.1938,2.1897,2.1927,808633.0
2025-06-28 12:00:00+00:00,2.1927,2.1998,2.1899,2.191,1628274.0
2025-06-28 12:30:00+00:00,2.191,2.1945,2.185,2.186,1051519.5
2025-06-28 13:00:00+00:00,2.186,2.1897,2.1838,2.1848,951720.3
2025-06-28 13:30:00+00:00,2.1847,2.1927,2.1825,2.1926,979270.1
2025-06-28 14:00:00+00:00,2.1926,2.1974,2.1926,2.1952,1207127.0
2025-06-28 14:30:00+00:00,2.1952,2.1977,2.1914,2.197,813919.0
2025-06-28 15:00:00+00:00,2.1969,2.1985,2.1935,2.1961,754852.1
2025-06-28 15:30:00+00:00,2.1962,2.2066,2.1949,2.2038,2584691.5
2025-06-28 16:00:00+00:00,2.2038,2.2079,2.1978,2.2026,1935132.7
2025-06-28 16:30:00+00:00,2.2026,2.2037,2.1921,2.1928,1147115.1
2025-06-28 17:00:00+00:00,2.1928,2.197,2.1911,2.1924,765651.9
2025-06-28 17:30:00+00:00,2.1924,2.202,2.1913,2.1996,1438711.7
2025-06-28 18:00:00+00:00,2.1997,2.2002,2.1859,2.1884,1447145.9
2025-06-28 18:30:00+00:00,2.1885,2.1925,2.1855,2.1919,724642.3
2025-06-28 19:00:00+00:00,2.1919,2.1919,2.1875,2.1883,553179.2
2025-06-28 19:30:00+00:00,2.1883,2.1883,2.1846,2.1861,528889.7
2025-06-28 20:00:00+00:00,2.186,2.1861,2.1783,2.1846,1262315.5
2025-06-28 20:30:00+00:00,2.1846,2.186,2.18,2.18,599412.9
2025-06-28 21:00:00+00:00,2.18,2.1824,2.1772,2.1823,859121.0
2025-06-28 21:30:00+00:00,2.1823,2.1882,2.1803,2.1872,627091.9
2025-06-28 22:00:00+00:00,2.1872,2.1895,2.1841,2.1857,1105723.3
2025-06-28 22:30:00+00:00,2.1856,2.1886,2.1829,2.185,530078.3
2025-06-28 23:00:00+00:00,2.185,2.1863,2.1809,2.1816,651264.2
2025-06-28 23:30:00+00:00,2.1816,2.1865,2.1809,2.1854,428816.9
2025-06-29 00:00:00+00:00,2.1855,2.1855,2.1791,2.1828,673523.0
2025-06-29 00:30:00+00:00,2.1829,2.1862,2.1806,2.1806,693216.5
2025-06-29 01:00:00+00:00,2.1806,2.1842,2.1803,2.1841,515833.0
2025-06-29 01:30:00+00:00,2.1841,2.1851,2.1807,2.1841,280190.1
2025-06-29 02:00:00+00:00,2.1841,2.1847,2.1754,2.1846,1033229.2
2025-06-29 02:30:00+00:00,2.1846,2.1897,2.1836,2.1879,652511.3
2025-06-29 03:00:00+00:00,2.1879,2.188,2.1853,2.1854,322303.8
2025-06-29 03:30:00+00:00,2.1855,2.1877,2.1833,2.1839,420961.8
2025-06-29 04:00:00+00:00,2.1839,2.1843,2.1816,2.1818,268145.4
2025-06-29 04:30:00+00:00,2.1818,2.1844,2.1814,2.1822,292702.8
2025-06-29 05:00:00+00:00,2.1822,2.1837,2.1809,2.1814,446430.5
2025-06-29 05:30:00+00:00,2.1814,2.1872,2.1808,2.1862,459083.3
2025-06-29 06:00:00+00:00,2.1863,2.1894,2.185,2.1881,557923.4
2025-06-29 06:30:00+00:00,2.1881,2.1884,2.1842,2.1864,380123.5
2025-06-29 07:00:00+00:00,2.1864,2.1867,2.184,2.1852,382935.7
2025-06-29 07:30:00+00:00,2.1853,2.1864,2.1816,2.1843,405971.3
2025-06-29 08:00:00+00:00,2.1844,2.1874,2.1838,2.1857,512301.1
2025-06-29 08:30:00+00:00,2.1858,2.1918,2.1852,2.1897,1081769.4
2025-06-29 09:00:00+00:00,2.1897,2.193,2.1871,2.1929,662924.6
2025-06-29 09:30:00+00:00,2.1929,2.1946,2.1895,2.1896,1404913.8
2025-06-29 10:00:00+00:00,2.1896,2.1958,2.1896,2.191,1031442.9
2025-06-29 10:30:00+00:00,2.1909,2.1929,2.1839,2.1907,1443809.1
2025-06-29 11:00:00+00:00,2.1907,2.1932,2.1878,2.1932,857163.4
2025-06-29 11:30:00+00:00,2.1931,2.198,2.1927,2.1959,1306272.0
2025-06-29 12:00:00+00:00,2.1958,2.1961,2.19,2.1915,790398.0
2025-06-29 12:30:00+00:00,2.1915,2.195,2.1892,2.193,828641.1
2025-06-29 13:00:00+00:00,2.1931,2.197,2.1894,2.1906,922534.7
2025-06-29 13:30:00+00:00,2.1906,2.1911,2.1846,2.1855,1251903.2
2025-06-29 14:00:00+00:00,2.1856,2.1908,2.1856,2.1879,662868.7
2025-06-29 14:30:00+00:00,2.1879,2.1882,2.1802,2.1845,1185122.2
2025-06-29 15:00:00+00:00,2.1845,2.1872,2.1818,2.1867,673130.2
2025-06-29 15:30:00+00:00,2.1868,2.1876,2.1832,2.1833,524289.3
2025-06-29 16:00:00+00:00,2.1833,2.1875,2.1823,2.1831,610812.9
2025-06-29 16:30:00+00:00,2.1831,2.1888,2.1805,2.1883,769436.1
2025-06-29 17:00:00+00:00,2.1883,2.1905,2.1858,2.1874,577609.1
2025-06-29 17:30:00+00:00,2.1874,2.1897,2.184,2.1897,347897.6
2025-06-29 18:00:00+00:00,2.1897,2.1936,2.1883,2.1936,507271.1
2025-06-29 18:30:00+00:00,2.1936,2.195,2.1922,2.1924,702499.7
2025-06-29 19:00:00+00:00,2.1925,2.1928,2.1854,2.1882,483717.6
2025-06-29 19:30:00+00:00,2.1882,2.1907,2.1872,2.1886,636420.4
2025-06-29 20:00:00+00:00,2.1886,2.1886,2.1844,2.1847,560349.5
2025-06-29 20:30:00+00:00,2.1847,2.1847,2.1813,2.1818,866958.0
2025-06-29 21:00:00+00:00,2.1819,2.192,2.1786,2.1906,1955458.2
2025-06-29 21:30:00+00:00,2.1907,2.1924,2.1874,2.1897,926136.4
2025-06-29 22:00:00+00:00,2.1896,2.2142,2.1889,2.2123,4211806.7
2025-06-29 22:30:00+00:00,2.2124,2.2198,2.2055,2.2138,5092294.0
2025-06-29 23:00:00+00:00,2.2139,2.2198,2.2081,2.2152,3475517.6
2025-06-29 23:30:00+00:00,2.2152,2.2154,2.2055,2.2061,1449144.3
2025-06-30 00:00:00+00:00,2.2062,2.2117,2.2012,2.2096,2204280.9
2025-06-30 00:30:00+00:00,2.2095,2.2102,2.2006,2.202,1935812.3
2025-06-30 01:00:00+00:00,2.202,2.2026,2.195,2.201,1360130.4
2025-06-30 01:30:00+00:00,2.201,2.2033,2.1985,2.2014,945970.0
2025-06-30 02:00:00+00:00,2.2013,2.2028,2.1968,2.1975,977073.5
2025-06-30 02:30:00+00:00,2.1974,2.2008,2.1964,2.1968,844787.3
2025-06-30 03:00:00+00:00,2.1968,2.1979,2.195,2.1963,1054641.2
2025-06-30 03:30:00+00:00,2.1963,2.1989,2.1956,2.1962,689023.3
2025-06-30 04:00:00+00:00,2.1962,2.1964,2.1927,2.1927,895308.1
2025-06-30 04:30:00+00:00,2.1927,2.1938,2.186,2.1892,2189502.9
2025-06-30 05:00:00+00:00,2.1891,2.1918,2.1877,2.1896,1158342.2
2025-06-30 05:30:00+00:00,2.1896,2.1933,2.1887,2.1918,1106856.9
2025-06-30 06:00:00+00:00,2.1918,2.1935,2.1884,2.1889,1187101.3
2025-06-30 06:30:00+00:00,2.189,2.1906,2.1743,2.1787,3273490.8
2025-06-30 07:00:00+00:00,2.1787,2.1823,2.1713,2.1805,3228971.5
2025-06-30 07:30:00+00:00,2.1805,2.1881,2.1785,2.1868,2002145.3
2025-06-30 08:00:00+00:00,2.1868,2.1891,2.1816,2.1836,1357174.3
2025-06-30 08:30:00+00:00,2.1837,2.1837,2.1762,2.1774,1205480.8
2025-06-30 09:00:00+00:00,2.1774,2.185,2.176,2.1845,1011505.8
2025-06-30 09:30:00+00:00,2.1845,2.1853,2.1731,2.1732,1089243.5
2025-06-30 10:00:00+00:00,2.1733,2.1759,2.172,2.1751,1241210.6
2025-06-30 10:30:00+00:00,2.1751,2.1781,2.1692,2.177,1426576.1
2025-06-30 11:00:00+00:00,2.1769,2.1822,2.1758,2.1791,1126169.4
2025-06-30 11:30:00+00:00,2.1791,2.1833,2.1765,2.1781,954998.8
2025-06-30 12:00:00+00:00,2.178,2.1826,2.1765,2.1816,1189114.2
2025-06-30 12:30:00+00:00,2.1817,2.1831,2.173,2.1734,1285885.3
2025-06-30 13:00:00+00:00,2.1734,2.1875,2.1723,2.1867,1664885.9
2025-06-30 13:30:00+00:00,2.1867,2.1899,2.178,2.1808,2062490.3
2025-06-30 14:00:00+00:00,2.1808,2.183,2.173,2.1811,2834492.5
2025-06-30 14:30:00+00:00,2.1812,2.1885,2.1743,2.1768,2242932.8
2025-06-30 15:00:00+00:00,2.1769,2.1882,2.165,2.1863,2983451.5
2025-06-30 15:30:00+00:00,2.1863,2.1998,2.1796,2.1928,3454742.0
2025-06-30 16:00:00+00:00,2.1927,2.2144,2.1905,2.1982,4506383.3
2025-06-30 16:30:00+00:00,2.1982,2.205,2.1958,2.2002,1952235.0
2025-06-30 17:00:00+00:00,2.2002,2.2161,2.1989,2.2152,3599629.4
2025-06-30 17:30:00+00:00,2.2153,2.2187,2.2088,2.2133,3610336.4
2025-06-30 18:00:00+00:00,2.2132,2.229,2.2119,2.2222,4046724.8
2025-06-30 18:30:00+00:00,2.2222,2.2379,2.2159,2.2367,3736122.8
2025-06-30 19:00:00+00:00,2.2366,2.2998,2.2362,2.2968,16364800.6
2025-06-30 19:30:00+00:00,2.2968,2.3271,2.2825,2.3197,17516331.4
2025-06-30 20:00:00+00:00,2.3198,2.3254,2.292,2.2937,11112112.5
2025-06-30 20:30:00+00:00,2.2938,2.2968,2.2823,2.2953,5969133.7
2025-06-30 21:00:00+00:00,2.2953,2.2977,2.266,2.2678,5707598.3
2025-06-30 21:30:00+00:00,2.2677,2.2822,2.264,2.2757,3996198.0
2025-06-30 22:00:00+00:00,2.2756,2.282,2.2633,2.2685,3212980.3
2025-06-30 22:30:00+00:00,2.2684,2.2737,2.2594,2.2597,3660489.7
2025-06-30 23:00:00+00:00,2.2597,2.2597,2.2417,2.242,5996609.8
2025-06-30 23:30:00+00:00,2.242,2.2465,2.234,2.2362,4354428.5
2025-07-01 00:00:00+00:00,2.2362,2.2522,2.2328,2.2392,5229187.2
2025-07-01 00:30:00+00:00,2.2392,2.2432,2.2327,2.2383,2675450.5
2025-07-01 01:00:00+00:00,2.2384,2.2537,2.237,2.2483,2134927.0
2025-07-01 01:30:00+00:00,2.2484,2.2519,2.2277,2.2305,2495083.9
2025-07-01 02:00:00+00:00,2.2306,2.2352,2.2265,2.2322,1599909.2
2025-07-01 02:30:00+00:00,2.2323,2.236,2.2239,2.2277,1802139.0
2025-07-01 03:00:00+00:00,2.2277,2.2339,2.224,2.2329,2055988.8
2025-07-01 03:30:00+00:00,2.2329,2.2373,2.2311,2.2373,1493525.5
2025-07-01 04:00:00+00:00,2.2373,2.2373,2.2277,2.2278,1362534.2
2025-07-01 04:30:00+00:00,2.2278,2.2314,2.2201,2.2224,1938068.7
2025-07-01 05:00:00+00:00,2.2225,2.2259,2.215,2.2162,2886717.7
2025-07-01 05:30:00+00:00,2.2161,2.2229,2.2136,2.2152,2616204.2
2025-07-01 06:00:00+00:00,2.2151,2.2182,2.209,2.2154,2902936.0
2025-07-01 06:30:00+00:00,2.2155,2.2214,2.2151,2.2213,1881505.9
2025-07-01 07:00:00+00:00,2.2213,2.224,2.2058,2.2159,4484404.0
2025-07-01 07:30:00+00:00,2.2158,2.2252,2.2102,2.2242,2464228.6
2025-07-01 08:00:00+00:00,2.2241,2.2271,2.2154,2.2161,1638067.9
2025-07-01 08:30:00+00:00,2.216,2.217,2.206,2.2089,3319281.1
2025-07-01 09:00:00+00:00,2.2088,2.2121,2.2054,2.2078,1153454.4
2025-07-01 09:30:00+00:00,2.2079,2.2081,2.1989,2.2052,1924558.2
2025-07-01 10:00:00+00:00,2.2051,2.2083,2.1977,2.1978,1436446.3
2025-07-01 10:30:00+00:00,2.1978,2.2043,2.1961,2.2034,1200478.1
2025-07-01 11:00:00+00:00,2.2034,2.2046,2.1937,2.1981,1539846.7
2025-07-01 11:30:00+00:00,2.1981,2.2039,2.1924,2.202,1910771.0
2025-07-01 12:00:00+00:00,2.2021,2.204,2.1948,2.1963,1842762.2
2025-07-01 12:30:00+00:00,2.1963,2.1991,2.1918,2.1959,1686848.4
2025-07-01 13:00:00+00:00,2.1958,2.2104,2.1829,2.1898,8651001.4
2025-07-01 13:30:00+00:00,2.1898,2.1999,2.1812,2.1959,3180847.0
2025-07-01 14:00:00+00:00,2.196,2.2079,2.1842,2.1869,3320408.1
2025-07-01 14:30:00+00:00,2.187,2.1984,2.1754,2.1852,5153378.4
2025-07-01 15:00:00+00:00,2.1851,2.1899,2.1771,2.1877,4172388.1
2025-07-01 15:30:00+00:00,2.1878,2.2,2.1861,2.1885,1940722.8
2025-07-01 16:00:00+00:00,2.1884,2.1984,2.1873,2.1887,2024373.2
2025-07-01 16:30:00+00:00,2.1887,2.2046,2.1841,2.1987,3345725.7
2025-07-01 17:00:00+00:00,2.1987,2.2015,2.1852,2.1905,2215931.1
2025-07-01 17:30:00+00:00,2.1905,2.1915,2.1854,2.1895,1098589.9
2025-07-01 18:00:00+00:00,2.1895,2.1896,2.1771,2.1778,2529743.1
2025-07-01 18:30:00+00:00,2.1779,2.1808,2.1629,2.1673,5558203.0
2025-07-01 19:00:00+00:00,2.1672,2.1747,2.1632,2.172,2447838.6
2025-07-01 19:30:00+00:00,2.172,2.1721,2.1562,2.1574,3320157.2
2025-07-01 20:00:00+00:00,2.1573,2.1621,2.1475,2.1613,5726601.6
2025-07-01 20:30:00+00:00,2.1613,2.1774,2.161,2.1712,3282034.2
2025-07-01 21:00:00+00:00,2.1711,2.1817,2.1657,2.1801,2615141.7
2025-07-01 21:30:00+00:00,2.1802,2.1802,2.1728,2.1764,1240974.9
2025-07-01 22:00:00+00:00,2.1764,2.1764,2.1669,2.1731,1326295.2
2025-07-01 22:30:00+00:00,2.1731,2.1784,2.1719,2.1737,896481.0
2025-07-01 23:00:00+00:00,2.1737,2.1737,2.1681,2.1706,1068398.9
2025-07-01 23:30:00+00:00,2.1706,2.1727,2.1692,2.172,768130.3
2025-07-02 00:00:00+00:00,2.1719,2.1773,2.1691,2.1726,1099836.9
2025-07-02 00:30:00+00:00,2.1727,2.175,2.1648,2.1652,1303851.3
2025-07-02 01:00:00+00:00,2.1653,2.1778,2.157,2.1736,2251658.9
2025-07-02 01:30:00+00:00,2.1735,2.1809,2.1713,2.1804,1616931.0
2025-07-02 02:00:00+00:00,2.1805,2.1833,2.1717,2.1752,1366004.9
2025-07-02 02:30:00+00:00,2.1753,2.1765,2.1712,2.1762,1118370.4
2025-07-02 03:00:00+00:00,2.1763,2.1823,2.1741,2.1805,1532988.4
2025-07-02 03:30:00+00:00,2.1805,2.1869,2.1782,2.1859,1767734.8
2025-07-02 04:00:00+00:00,2.1859,2.1886,2.1816,2.1866,2178719.7
2025-07-02 04:30:00+00:00,2.1865,2.1866,2.1821,2.1857,1082431.6
2025-07-02 05:00:00+00:00,2.1858,2.19,2.1829,2.1871,1505712.8
2025-07-02 05:30:00+00:00,2.187,2.1909,2.1861,2.187,1290478.8
2025-07-02 06:00:00+00:00,2.187,2.1922,2.1834,2.1843,1917704.0
2025-07-02 06:30:00+00:00,2.1843,2.1945,2.1843,2.1923,1665124.5
2025-07-02 07:00:00+00:00,2.1924,2.1925,2.1846,2.1881,3000976.1
2025-07-02 07:30:00+00:00,2.188,2.1976,2.186,2.192,2152629.0
2025-07-02 08:00:00+00:00,2.1921,2.1994,2.1921,2.1972,1632674.4
2025-07-02 08:30:00+00:00,2.1973,2.2042,2.1947,2.1968,2727890.7
2025-07-02 09:00:00+00:00,2.1967,2.1971,2.1904,2.1909,1632913.6
2025-07-02 09:30:00+00:00,2.191,2.191,2.1847,2.1852,3296331.1
2025-07-02 10:00:00+00:00,2.1852,2.1867,2.1832,2.1851,1290638.3
2025-07-02 10:30:00+00:00,2.1851,2.1896,2.1848,2.1872,1498594.7
2025-07-02 11:00:00+00:00,2.1872,2.1916,2.1839,2.1851,1370436.5
2025-07-02 11:30:00+00:00,2.1851,2.1851,2.1734,2.1767,2523840.0
2025-07-02 12:00:00+00:00,2.1767,2.1768,2.1714,2.1744,1567171.3
2025-07-02 12:30:00+00:00,2.1744,2.176,2.1685,2.1753,2621167.7
2025-07-02 13:00:00+00:00,2.1754,2.1821,2.174,2.177,1928218.2
2025-07-02 13:30:00+00:00,2.1771,2.1873,2.1752,2.1813,2539489.0
2025-07-02 14:00:00+00:00,2.1813,2.1962,2.1811,2.1895,2327880.0
2025-07-02 14:30:00+00:00,2.1895,2.1984,2.1876,2.1971,1581186.7
2025-07-02 15:00:00+00:00,2.1971,2.2104,2.195,2.203,4644427.4
2025-07-02 15:30:00+00:00,2.2029,2.2154,2.2,2.2122,3359761.2
2025-07-02 16:00:00+00:00,2.2121,2.241,2.209,2.2364,8468956.8
2025-07-02 16:30:00+00:00,2.2364,2.2917,2.2317,2.2558,24987497.1
2025-07-02 17:00:00+00:00,2.2559,2.271,2.2497,2.2596,7424513.2
2025-07-02 17:30:00+00:00,2.2596,2.2613,2.2279,2.2429,9627222.4
2025-07-02 18:00:00+00:00,2.243,2.253,2.2417,2.2521,3139581.9
2025-07-02 18:30:00+00:00,2.2522,2.2529,2.2449,2.2525,2078179.7
2025-07-02 19:00:00+00:00,2.2526,2.2654,2.2478,2.2619,5016602.5
2025-07-02 19:30:00+00:00,2.2618,2.2672,2.2523,2.2649,2997206.3
2025-07-02 20:00:00+00:00,2.2649,2.2661,2.2532,2.2656,3846674.6
2025-07-02 20:30:00+00:00,2.2656,2.2667,2.2528,2.2528,2155914.5
2025-07-02 21:00:00+00:00,2.2528,2.2624,2.2452,2.2463,3546725.7
2025-07-02 21:30:00+00:00,2.2462,2.2591,2.246,2.2561,3699727.0
2025-07-02 22:00:00+00:00,2.2561,2.2594,2.2466,2.2501,1966351.9
2025-07-02 22:30:00+00:00,2.2501,2.2574,2.2477,2.2478,1882284.9
2025-07-02 23:00:00+00:00,2.2478,2.2492,2.2349,2.2376,2841387.4
2025-07-02 23:30:00+00:00,2.2376,2.2396,2.2304,2.2336,2268195.6
2025-07-03 00:00:00+00:00,2.2335,2.238,2.2243,2.2319,2417147.7
2025-07-03 00:30:00+00:00,2.2319,2.2464,2.2285,2.2431,2030648.8
2025-07-03 01:00:00+00:00,2.2431,2.2467,2.237,2.2449,1903172.8
2025-07-03 01:30:00+00:00,2.2448,2.2476,2.2421,2.2467,1051961.9
2025-07-03 02:00:00+00:00,2.2468,2.2473,2.235,2.2351,1275288.9
2025-07-03 02:30:00+00:00,2.2351,2.2427,2.2334,2.2417,1303504.0
2025-07-03 03:00:00+00:00,2.2417,2.2468,2.2384,2.2445,973312.8
2025-07-03 03:30:00+00:00,2.2445,2.247,2.2414,2.2423,948247.8
2025-07-03 04:00:00+00:00,2.2423,2.2541,2.24,2.2527,1960204.2
2025-07-03 04:30:00+00:00,2.2527,2.2577,2.2516,2.2548,2236773.3
2025-07-03 05:00:00+00:00,2.2549,2.2666,2.2526,2.2638,2901778.3
2025-07-03 05:30:00+00:00,2.2639,2.2766,2.2638,2.2698,4237118.9
2025-07-03 06:00:00+00:00,2.2698,2.275,2.2637,2.2722,2488353.9
2025-07-03 06:30:00+00:00,2.2721,2.2766,2.268,2.2733,2865691.9
2025-07-03 07:00:00+00:00,2.2733,2.2783,2.2661,2.2715,2506126.5
2025-07-03 07:30:00+00:00,2.2715,2.2832,2.271,2.2788,4487595.6
2025-07-03 08:00:00+00:00,2.2788,2.2874,2.2762,2.2871,4161621.0
2025-07-03 08:30:00+00:00,2.2871,2.2899,2.2764,2.2765,3216420.7
2025-07-03 09:00:00+00:00,2.2765,2.2853,2.2754,2.2813,3297650.9
2025-07-03 09:30:00+00:00,2.2813,2.2929,2.2813,2.2921,5064191.9
2025-07-03 10:00:00+00:00,2.2921,2.2981,2.2783,2.2966,5123301.3
2025-07-03 10:30:00+00:00,2.2966,2.3014,2.2881,2.2997,5997439.9
2025-07-03 11:00:00+00:00,2.2997,2.3116,2.2862,2.2868,6696672.7
2025-07-03 11:30:00+00:00,2.2869,2.3054,2.2854,2.296,3759579.3
2025-07-03 12:00:00+00:00,2.296,2.3071,2.2924,2.305,3878522.0
2025-07-03 12:30:00+00:00,2.3049,2.3135,2.2642,2.2825,12955085.9
2025-07-03 13:00:00+00:00,2.2825,2.2884,2.2763,2.2774,4396427.2
2025-07-03 13:30:00+00:00,2.2775,2.3064,2.2775,2.3012,6332822.0
2025-07-03 14:00:00+00:00,2.3013,2.3092,2.2828,2.2858,5052462.7
2025-07-03 14:30:00+00:00,2.2857,2.2897,2.2756,2.2818,3838773.0
2025-07-03 15:00:00+00:00,2.2817,2.2878,2.2636,2.2659,4793470.8
2025-07-03 15:30:00+00:00,2.2659,2.2672,2.239,2.2433,7472725.3
2025-07-03 16:00:00+00:00,2.2434,2.2603,2.2429,2.2474,5779769.5
2025-07-03 16:30:00+00:00,2.2473,2.2612,2.247,2.2593,2626005.0
2025-07-03 17:00:00+00:00,2.2593,2.2673,2.2563,2.2563,2592551.1
2025-07-03 17:30:00+00:00,2.2564,2.2647,2.2564,2.2645,1036641.4
2025-07-03 18:00:00+00:00,2.2646,2.271,2.2616,2.2689,1463582.5
2025-07-03 18:30:00+00:00,2.2689,2.2813,2.2669,2.2789,1801717.9
2025-07-03 19:00:00+00:00,2.2789,2.2828,2.2758,2.2787,1730426.2
2025-07-03 19:30:00+00:00,2.2786,2.2786,2.2694,2.2718,1077198.6
2025-07-03 20:00:00+00:00,2.2718,2.2784,2.2717,2.2778,1052033.5
2025-07-03 20:30:00+00:00,2.2777,2.28,2.2766,2.2767,920742.8
2025-07-03 21:00:00+00:00,2.2766,2.2794,2.2711,2.2715,1050704.2
2025-07-03 21:30:00+00:00,2.2715,2.2731,2.2677,2.2685,951723.4
2025-07-03 22:00:00+00:00,2.2685,2.272,2.2637,2.2639,1272010.4
2025-07-03 22:30:00+00:00,2.2639,2.2652,2.2607,2.2639,961807.8
2025-07-03 23:00:00+00:00,2.2638,2.2672,2.2534,2.2542,1114154.2
2025-07-03 23:30:00+00:00,2.2542,2.2579,2.2537,2.2569,1333432.6
2025-07-04 00:00:00+00:00,2.2569,2.2633,2.2566,2.2614,1158043.9
2025-07-04 00:30:00+00:00,2.2613,2.2678,2.2561,2.2624,1272687.0
2025-07-04 01:00:00+00:00,2.2624,2.2675,2.2603,2.2656,622559.8
2025-07-04 01:30:00+00:00,2.2656,2.2677,2.2597,2.2597,468104.8
2025-07-04 02:00:00+00:00,2.2598,2.2598,2.2474,2.2507,1452204.3
2025-07-04 02:30:00+00:00,2.2507,2.2519,2.2407,2.243,2164345.1
2025-07-04 03:00:00+00:00,2.243,2.2505,2.2399,2.2504,1532203.5
2025-07-04 03:30:00+00:00,2.2505,2.251,2.2479,2.2484,769232.0
2025-07-04 04:00:00+00:00,2.2484,2.2515,2.2442,2.2452,1003635.5
2025-07-04 04:30:00+00:00,2.2452,2.2452,2.2386,2.2398,1129922.8
2025-07-04 05:00:00+00:00,2.2398,2.2446,2.2386,2.243,1252172.0
2025-07-04 05:30:00+00:00,2.243,2.2499,2.2425,2.2443,1933590.9
2025-07-04 06:00:00+00:00,2.2443,2.2443,2.2307,2.2345,4018302.9
2025-07-04 06:30:00+00:00,2.2345,2.2385,2.2342,2.2347,886117.9
2025-07-04 07:00:00+00:00,2.2347,2.2388,2.2233,2.2233,2226709.2
2025-07-04 07:30:00+00:00,2.2234,2.2277,2.2159,2.2209,4398140.5
2025-07-04 08:00:00+00:00,2.2209,2.2222,2.2077,2.2212,3258922.5
2025-07-04 08:30:00+00:00,2.2211,2.2248,2.2177,2.2231,1123240.3
2025-07-04 09:00:00+00:00,2.2231,2.2309,2.2218,2.2306,1317359.9
2025-07-04 09:30:00+00:00,2.2306,2.233,2.2288,2.2328,834328.7
2025-07-04 10:00:00+00:00,2.2328,2.2343,2.2299,2.2309,800010.8
2025-07-04 10:30:00+00:00,2.2309,2.2332,2.2285,2.2323,744628.9
2025-07-04 11:00:00+00:00,2.2323,2.2399,2.2315,2.2397,1195044.4
2025-07-04 11:30:00+00:00,2.2397,2.2403,2.2363,2.2384,842681.9
2025-07-04 12:00:00+00:00,2.2385,2.2401,2.234,2.2378,1352040.7
2025-07-04 12:30:00+00:00,2.2378,2.2433,2.2341,2.2367,1255804.1
2025-07-04 13:00:00+00:00,2.2367,2.2417,2.2316,2.2364,1807612.0
2025-07-04 13:30:00+00:00,2.2364,2.2372,2.2193,2.2199,3009549.0
2025-07-04 14:00:00+00:00,2.2199,2.2245,2.2032,2.2241,5244208.2
2025-07-04 14:30:00+00:00,2.2241,2.2269,2.2177,2.2222,2128510.5
2025-07-04 15:00:00+00:00,2.2222,2.225,2.2105,2.2132,1977267.8
2025-07-04 15:30:00+00:00,2.2132,2.2168,2.2071,2.2146,1356559.5
2025-07-04 16:00:00+00:00,2.2146,2.2178,2.1991,2.2045,3757441.2
2025-07-04 16:30:00+00:00,2.2044,2.2128,2.196,2.2096,1855870.3
2025-07-04 17:00:00+00:00,2.2097,2.2214,2.2091,2.2203,2219498.4
2025-07-04 17:30:00+00:00,2.2204,2.2252,2.2168,2.2251,1357941.5
2025-07-04 18:00:00+00:00,2.2251,2.2251,2.212,2.2147,1139025.6
2025-07-04 18:30:00+00:00,2.2148,2.2183,2.2073,2.2073,796435.8
2025-07-04 19:00:00+00:00,2.2074,2.2159,2.2068,2.2069,1001639.9
2025-07-04 19:30:00+00:00,2.2069,2.2132,2.2067,2.2104,624477.1
2025-07-04 20:00:00+00:00,2.2103,2.218,2.2079,2.2171,610336.9
2025-07-04 20:30:00+00:00,2.2171,2.2231,2.217,2.2199,624360.8
2025-07-04 21:00:00+00:00,2.2198,2.2207,2.2167,2.2198,691421.4
2025-07-04 21:30:00+00:00,2.2199,2.2199,2.2141,2.2181,601315.7
2025-07-04 22:00:00+00:00,2.2181,2.225,2.2156,2.225,978604.8
2025-07-04 22:30:00+00:00,2.2251,2.2288,2.2245,2.2281,602929.1
2025-07-04 23:00:00+00:00,2.2282,2.2282,2.2222,2.2248,438235.7
2025-07-04 23:30:00+00:00,2.2248,2.2251,2.2189,2.2205,453923.6
2025-07-05 00:00:00+00:00,2.2205,2.2209,2.2159,2.2201,697369.4
2025-07-05 00:30:00+00:00,2.2202,2.2248,2.218,2.2234,483743.0
2025-07-05 01:00:00+00:00,2.2234,2.2238,2.2144,2.2145,525080.2
2025-07-05 01:30:00+00:00,2.2145,2.2175,2.214,2.2174,308278.8
2025-07-05 02:00:00+00:00,2.2174,2.2185,2.214,2.2154,319231.5
2025-07-05 02:30:00+00:00,2.2154,2.2237,2.2097,2.2223,674605.8
2025-07-05 03:00:00+00:00,2.2222,2.2269,2.2222,2.2268,569714.5
2025-07-05 03:30:00+00:00,2.2268,2.2275,2.2232,2.2256,416511.1
2025-07-05 04:00:00+00:00,2.2257,2.226,2.2176,2.226,719009.3
2025-07-05 04:30:00+00:00,2.226,2.2264,2.2213,2.2213,606434.8
2025-07-05 05:00:00+00:00,2.2213,2.2251,2.2201,2.2247,600160.6
2025-07-05 05:30:00+00:00,2.2247,2.2287,2.2233,2.2282,741508.4
2025-07-05 06:00:00+00:00,2.2283,2.2327,2.226,2.232,1137029.4
2025-07-05 06:30:00+00:00,2.2321,2.2339,2.2272,2.2298,770920.1
2025-07-05 07:00:00+00:00,2.2298,2.23,2.2247,2.2272,417124.2
2025-07-05 07:30:00+00:00,2.2273,2.2276,2.2228,2.2248,594723.8
2025-07-05 08:00:00+00:00,2.2248,2.2266,2.2216,2.2216,648078.4
2025-07-05 08:30:00+00:00,2.2217,2.2231,2.2168,2.2202,735871.1
2025-07-05 09:00:00+00:00,2.2201,2.2202,2.2113,2.2133,1023616.4
2025-07-05 09:30:00+00:00,2.2133,2.2215,2.2124,2.2203,614209.3
2025-07-05 10:00:00+00:00,2.2203,2.2236,2.218,2.2212,378545.8
2025-07-05 10:30:00+00:00,2.2211,2.2229,2.2188,2.2201,681620.4
2025-07-05 11:00:00+00:00,2.22,2.225,2.2197,2.2244,458091.2
2025-07-05 11:30:00+00:00,2.2244,2.2261,2.2217,2.2217,436637.9
2025-07-05 12:00:00+00:00,2.2217,2.2224,2.2162,2.2175,451550.4
2025-07-05 12:30:00+00:00,2.2174,2.2218,2.2147,2.2211,510264.4
2025-07-05 13:00:00+00:00,2.2212,2.2239,2.2191,2.2235,539459.0
2025-07-05 13:30:00+00:00,2.2236,2.2236,2.2208,2.2219,450999.5
2025-07-05 14:00:00+00:00,2.2219,2.2258,2.2193,2.2258,792434.1
2025-07-05 14:30:00+00:00,2.2258,2.2309,2.2234,2.2276,844058.5
2025-07-05 15:00:00+00:00,2.2276,2.2303,2.2264,2.2279,812433.5
2025-07-05 15:30:00+00:00,2.2279,2.23,2.2216,2.2228,578529.9
2025-07-05 16:00:00+00:00,2.2228,2.2249,2.2192,2.22,479479.3
2025-07-05 16:30:00+00:00,2.22,2.2205,2.2136,2.218,1281804.5
2025-07-05 17:00:00+00:00,2.2181,2.2205,2.2056,2.2116,1649939.2
2025-07-05 17:30:00+00:00,2.2115,2.2141,2.2085,2.2133,506327.1
2025-07-05 18:00:00+00:00,2.2132,2.2132,2.2022,2.2028,1035542.2
2025-07-05 18:30:00+00:00,2.2028,2.2078,2.2022,2.2045,976986.1
2025-07-05 19:00:00+00:00,2.2045,2.2091,2.2014,2.2091,591865.6
2025-07-05 19:30:00+00:00,2.2091,2.2146,2.2073,2.2146,1092129.6
2025-07-05 20:00:00+00:00,2.2147,2.2181,2.2085,2.2093,1896514.3
2025-07-05 20:30:00+00:00,2.2093,2.2129,2.2076,2.21,2153914.1
2025-07-05 21:00:00+00:00,2.2101,2.2127,2.2074,2.2112,785150.5
2025-07-05 21:30:00+00:00,2.2112,2.2188,2.2112,2.218,518200.9
2025-07-05 22:00:00+00:00,2.2179,2.2179,2.2129,2.2152,535450.0
2025-07-05 22:30:00+00:00,2.2151,2.2174,2.2128,2.2159,298460.7
2025-07-05 23:00:00+00:00,2.2159,2.2196,2.2157,2.2173,436314.9
2025-07-05 23:30:00+00:00,2.2173,2.2186,2.2147,2.2178,282466.6
2025-07-06 00:00:00+00:00,2.2177,2.218,2.2139,2.217,419723.7
2025-07-06 00:30:00+00:00,2.217,2.2209,2.2141,2.2204,442544.0
2025-07-06 01:00:00+00:00,2.2204,2.2224,2.2156,2.2166,543729.9
2025-07-06 01:30:00+00:00,2.2166,2.2194,2.216,2.2182,274968.7
2025-07-06 02:00:00+00:00,2.2182,2.2204,2.2166,2.2172,299833.6
2025-07-06 02:30:00+00:00,2.2171,2.2181,2.2125,2.2125,326927.5
2025-07-06 03:00:00+00:00,2.2125,2.2128,2.2086,2.2112,702303.0
2025-07-06 03:30:00+00:00,2.2112,2.2165,2.2102,2.2165,339822.6
2025-07-06 04:00:00+00:00,2.2164,2.2208,2.2162,2.2201,564685.6
2025-07-06 04:30:00+00:00,2.2201,2.2224,2.2188,2.2203,470646.4
2025-07-06 05:00:00+00:00,2.2202,2.2251,2.2191,2.2248,468069.5
2025-07-06 05:30:00+00:00,2.2248,2.2264,2.2212,2.2231,607080.9
2025-07-06 06:00:00+00:00,2.2231,2.235,2.2215,2.2304,1595351.0
2025-07-06 06:30:00+00:00,2.2304,2.2335,2.2284,2.2324,1067662.1
2025-07-06 07:00:00+00:00,2.2325,2.2331,2.2292,2.2297,958897.6
2025-07-06 07:30:00+00:00,2.2297,2.2298,2.2254,2.2276,602906.4
2025-07-06 08:00:00+00:00,2.2276,2.2311,2.2266,2.2291,505953.7
2025-07-06 08:30:00+00:00,2.229,2.2543,2.2288,2.2426,5356903.3
2025-07-06 09:00:00+00:00,2.2427,2.2533,2.2387,2.2486,2252609.8
2025-07-06 09:30:00+00:00,2.2486,2.2627,2.2486,2.2537,3681105.3
2025-07-06 10:00:00+00:00,2.2538,2.274,2.2521,2.2717,4417632.1
2025-07-06 10:30:00+00:00,2.2717,2.2849,2.2657,2.2749,8009154.6
2025-07-06 11:00:00+00:00,2.2749,2.277,2.2574,2.2656,5632512.1
2025-07-06 11:30:00+00:00,2.2656,2.2728,2.261,2.2617,1932889.1
2025-07-06 12:00:00+00:00,2.2617,2.2706,2.2608,2.2649,1871396.6
2025-07-06 12:30:00+00:00,2.2649,2.2747,2.2626,2.2746,2112777.6
2025-07-06 13:00:00+00:00,2.2746,2.2847,2.2718,2.2759,3969998.2
2025-07-06 13:30:00+00:00,2.276,2.29,2.2726,2.2818,6564940.3
2025-07-06 14:00:00+00:00,2.2819,2.2846,2.2695,2.2728,2758764.8
2025-07-06 14:30:00+00:00,2.2728,2.2798,2.2652,2.2717,2553758.9
2025-07-06 15:00:00+00:00,2.2717,2.2748,2.2671,2.2705,2072081.0
2025-07-06 15:30:00+00:00,2.2706,2.2784,2.2686,2.277,1377545.4
2025-07-06 16:00:00+00:00,2.277,2.2827,2.2695,2.2732,2104717.0
2025-07-06 16:30:00+00:00,2.2732,2.278,2.2698,2.2752,2188534.3
2025-07-06 17:00:00+00:00,2.2752,2.2754,2.2657,2.2686,3194340.5
2025-07-06 17:30:00+00:00,2.2685,2.2712,2.265,2.268,791822.2
2025-07-06 18:00:00+00:00,2.2679,2.268,2.2537,2.2552,1707292.0
2025-07-06 18:30:00+00:00,2.2552,2.2582,2.2462,2.2522,1879122.3
2025-07-06 19:00:00+00:00,2.2521,2.2572,2.2515,2.2558,797946.9
2025-07-06 19:30:00+00:00,2.2558,2.2651,2.2536,2.2647,1794652.9
2025-07-06 20:00:00+00:00,2.2646,2.2716,2.2632,2.2683,1271054.0
2025-07-06 20:30:00+00:00,2.2682,2.2737,2.268,2.2697,973445.4
2025-07-06 21:00:00+00:00,2.2697,2.2794,2.2697,2.2779,1610960.7
2025-07-06 21:30:00+00:00,2.2778,2.289,2.2712,2.2764,3482479.9
2025-07-06 22:00:00+00:00,2.2764,2.2888,2.2764,2.2779,2149630.3
2025-07-06 22:30:00+00:00,2.2779,2.2788,2.2737,2.275,868704.1
2025-07-06 23:00:00+00:00,2.275,2.2756,2.2656,2.2681,1712372.8
2025-07-06 23:30:00+00:00,2.2681,2.274,2.2674,2.2709,825876.9
2025-07-07 00:00:00+00:00,2.2709,2.2727,2.2627,2.263,898399.7
2025-07-07 00:30:00+00:00,2.263,2.2656,2.2616,2.2645,947283.4
2025-07-07 01:00:00+00:00,2.2644,2.2645,2.2571,2.2614,907645.9
2025-07-07 01:30:00+00:00,2.2615,2.2682,2.2614,2.2659,564343.3
2025-07-07 02:00:00+00:00,2.266,2.2746,2.2658,2.2742,1042720.5
2025-07-07 02:30:00+00:00,2.2742,2.279,2.2726,2.2728,1163786.8
2025-07-07 03:00:00+00:00,2.2727,2.2785,2.2704,2.2761,1078873.0
2025-07-07 03:30:00+00:00,2.2762,2.2776,2.2702,2.2703,908644.5
2025-07-07 04:00:00+00:00,2.2704,2.2736,2.2646,2.2668,2024371.8
2025-07-07 04:30:00+00:00,2.2668,2.2681,2.2626,2.2642,1133835.2
2025-07-07 05:00:00+00:00,2.2642,2.2671,2.2628,2.264,772757.9
2025-07-07 05:30:00+00:00,2.264,2.275,2.2632,2.2707,1637653.7
2025-07-07 06:00:00+00:00,2.2707,2.2707,2.2618,2.2689,1262604.5
2025-07-07 06:30:00+00:00,2.2688,2.2695,2.2584,2.2586,1473757.5
2025-07-07 07:00:00+00:00,2.2587,2.2689,2.2552,2.2671,1996901.2
2025-07-07 07:30:00+00:00,2.2671,2.2725,2.265,2.2724,1101870.9
2025-07-07 08:00:00+00:00,2.2723,2.2737,2.2681,2.2695,1464485.3
2025-07-07 08:30:00+00:00,2.2694,2.2767,2.2681,2.2747,1418454.1
2025-07-07 09:00:00+00:00,2.2746,2.2746,2.27,2.2734,1354589.7
2025-07-07 09:30:00+00:00,2.2735,2.2818,2.2715,2.2808,2165259.3
2025-07-07 10:00:00+00:00,2.2807,2.2887,2.275,2.2836,3513103.8
2025-07-07 10:30:00+00:00,2.2835,2.2978,2.2814,2.2851,4325555.7
2025-07-07 11:00:00+00:00,2.2852,2.2951,2.2817,2.2851,2919257.8
2025-07-07 11:30:00+00:00,2.285,2.2861,2.2774,2.2829,1795655.1
2025-07-07 12:00:00+00:00,2.2828,2.2834,2.2744,2.2773,1411668.6
2025-07-07 12:30:00+00:00,2.2772,2.2828,2.2711,2.2756,1467682.8
2025-07-07 13:00:00+00:00,2.2756,2.2939,2.2737,2.2916,2679920.6
2025-07-07 13:30:00+00:00,2.2916,2.3497,2.2807,2.3436,19944504.2
2025-07-07 14:00:00+00:00,2.3436,2.3441,2.3163,2.3309,17830641.0
2025-07-07 14:30:00+00:00,2.331,2.3315,2.3031,2.3124,6871193.9
2025-07-07 15:00:00+00:00,2.3124,2.3413,2.3124,2.3378,8296049.8
2025-07-07 15:30:00+00:00,2.3377,2.3493,2.333,2.3389,10469385.0
2025-07-07 16:00:00+00:00,2.3388,2.3537,2.3218,2.3312,12465148.7
2025-07-07 16:30:00+00:00,2.3313,2.3431,2.3159,2.3203,8615291.5
2025-07-07 17:00:00+00:00,2.3203,2.3315,2.3131,2.3167,4680715.1
2025-07-07 17:30:00+00:00,2.3166,2.3234,2.3047,2.3063,5314156.9
2025-07-07 18:00:00+00:00,2.3063,2.3124,2.281,2.2854,6654421.8
2025-07-07 18:30:00+00:00,2.2853,2.296,2.2844,2.2948,3282816.0
2025-07-07 19:00:00+00:00,2.2947,2.3081,2.2901,2.3053,5250853.6
2025-07-07 19:30:00+00:00,2.3053,2.307,2.2941,2.2993,2805467.0
2025-07-07 20:00:00+00:00,2.2993,2.2993,2.2642,2.2672,7505770.8
2025-07-07 20:30:00+00:00,2.2672,2.2819,2.2654,2.2657,2317920.1
2025-07-07 21:00:00+00:00,2.2656,2.2732,2.2591,2.2633,3677401.9
2025-07-07 21:30:00+00:00,2.2634,2.2839,2.2633,2.2788,2127131.2
2025-07-07 22:00:00+00:00,2.2789,2.2831,2.2683,2.2688,1608588.2
2025-07-07 22:30:00+00:00,2.2688,2.2744,2.268,2.2735,981761.6
2025-07-07 23:00:00+00:00,2.2735,2.2778,2.2705,2.2775,987598.3
2025-07-07 23:30:00+00:00,2.2774,2.2799,2.2707,2.2708,1199551.5
2025-07-08 00:00:00+00:00,2.2707,2.2717,2.2578,2.2713,3252724.7
2025-07-08 00:30:00+00:00,2.2713,2.2733,2.2591,2.2651,2759821.3
2025-07-08 01:00:00+00:00,2.265,2.2651,2.2554,2.2584,2532733.0
2025-07-08 01:30:00+00:00,2.2584,2.2626,2.2547,2.2585,1881781.8
2025-07-08 02:00:00+00:00,2.2585,2.2622,2.2502,2.2595,3584942.8
2025-07-08 02:30:00+00:00,2.2596,2.2619,2.2485,2.2516,3004002.7
2025-07-08 03:00:00+00:00,2.2517,2.2617,2.251,2.2608,1577829.3
2025-07-08 03:30:00+00:00,2.2609,2.2644,2.2596,2.2629,1123956.8
2025-07-08 04:00:00+00:00,2.2628,2.2629,2.2582,2.2602,1035664.0
2025-07-08 04:30:00+00:00,2.2602,2.2759,2.2602,2.2663,2802697.4
2025-07-08 05:00:00+00:00,2.2663,2.27,2.2633,2.2699,1512241.5
2025-07-08 05:30:00+00:00,2.27,2.2738,2.2674,2.2684,2476516.3
2025-07-08 06:00:00+00:00,2.2684,2.2722,2.2612,2.2617,2640806.9
2025-07-08 06:30:00+00:00,2.2618,2.2674,2.2617,2.2645,1491615.5
2025-07-08 07:00:00+00:00,2.2644,2.2644,2.2568,2.2589,2272633.5
2025-07-08 07:30:00+00:00,2.2588,2.2764,2.2574,2.2753,2739829.1
2025-07-08 08:00:00+00:00,2.2753,2.2827,2.2729,2.2787,3684009.0
2025-07-08 08:30:00+00:00,2.2786,2.286,2.2738,2.2784,2195656.0
2025-07-08 09:00:00+00:00,2.2784,2.285,2.2766,2.2837,1414308.6
2025-07-08 09:30:00+00:00,2.2838,2.286,2.2811,2.2822,2175393.0
2025-07-08 10:00:00+00:00,2.2822,2.2925,2.2821,2.2891,2996595.5
2025-07-08 10:30:00+00:00,2.2891,2.2952,2.286,2.2931,2208915.5
2025-07-08 11:00:00+00:00,2.2931,2.2996,2.2878,2.2951,2640706.7
2025-07-08 11:30:00+00:00,2.295,2.3009,2.2929,2.2934,1569646.6
2025-07-08 12:00:00+00:00,2.2935,2.2993,2.2896,2.2944,2022492.7
2025-07-08 12:30:00+00:00,2.2944,2.3048,2.2932,2.2986,2945595.9
2025-07-08 13:00:00+00:00,2.2986,2.2991,2.2906,2.2924,1918717.0
2025-07-08 13:30:00+00:00,2.2923,2.2999,2.2863,2.2954,2866508.9
2025-07-08 14:00:00+00:00,2.2953,2.2953,2.2849,2.2899,2652040.4
2025-07-08 14:30:00+00:00,2.29,2.294,2.278,2.2829,2685700.0
2025-07-08 15:00:00+00:00,2.2829,2.2978,2.2799,2.2862,2177394.3
2025-07-08 15:30:00+00:00,2.2862,2.2885,2.2789,2.2862,2350736.8
2025-07-08 16:00:00+00:00,2.2863,2.293,2.2837,2.2904,1277641.5
2025-07-08 16:30:00+00:00,2.2904,2.2928,2.283,2.2908,1223731.0
2025-07-08 17:00:00+00:00,2.2909,2.3107,2.2903,2.307,3925287.0
2025-07-08 17:30:00+00:00,2.3071,2.3097,2.2959,2.3096,3482507.6
2025-07-08 18:00:00+00:00,2.3095,2.3215,2.3086,2.3176,3674235.3
2025-07-08 18:30:00+00:00,2.3176,2.3183,2.3115,2.3172,1922025.8
2025-07-08 19:00:00+00:00,2.3172,2.3196,2.3131,2.3187,1730615.5
2025-07-08 19:30:00+00:00,2.3186,2.3223,2.3121,2.3214,2079025.4
2025-07-08 20:00:00+00:00,2.3214,2.3219,2.3038,2.3118,3709201.8
2025-07-08 20:30:00+00:00,2.3118,2.3119,2.2966,2.2966,1542077.5
2025-07-08 21:00:00+00:00,2.2966,2.3068,2.2966,2.304,1682501.6
2025-07-08 21:30:00+00:00,2.304,2.3082,2.3013,2.3065,836741.5
2025-07-08 22:00:00+00:00,2.3066,2.3096,2.3031,2.3041,1565877.1
2025-07-08 22:30:00+00:00,2.3041,2.3065,2.303,2.3061,566464.1
2025-07-08 23:00:00+00:00,2.3061,2.3119,2.3041,2.3049,943095.2
2025-07-08 23:30:00+00:00,2.305,2.3125,2.3047,2.3108,1100767.2
2025-07-09 00:00:00+00:00,2.3109,2.311,2.3004,2.3005,845195.0
2025-07-09 00:30:00+00:00,2.3004,2.3064,2.2975,2.3039,994175.8
2025-07-09 01:00:00+00:00,2.304,2.3138,2.3039,2.308,2073105.8
2025-07-09 01:30:00+00:00,2.308,2.3105,2.3025,2.3091,833133.5
2025-07-09 02:00:00+00:00,2.3092,2.3188,2.3059,2.3082,2884439.3
2025-07-09 02:30:00+00:00,2.3082,2.3149,2.306,2.3104,1706493.8
2025-07-09 03:00:00+00:00,2.3105,2.3136,2.303,2.3062,1469820.7
2025-07-09 03:30:00+00:00,2.3062,2.3062,2.3007,2.3033,1543047.7
2025-07-09 04:00:00+00:00,2.3034,2.3063,2.3018,2.3046,858925.3
2025-07-09 04:30:00+00:00,2.3045,2.3244,2.3045,2.3215,2344387.6
2025-07-09 05:00:00+00:00,2.3215,2.326,2.3167,2.3192,2896622.5
2025-07-09 05:30:00+00:00,2.3191,2.3342,2.3177,2.3281,4205794.2
2025-07-09 06:00:00+00:00,2.3281,2.3377,2.3259,2.3277,2266664.1
2025-07-09 06:30:00+00:00,2.3276,2.3288,2.3231,2.3267,1505096.9
2025-07-09 07:00:00+00:00,2.3266,2.3286,2.3232,2.3261,1430743.3
2025-07-09 07:30:00+00:00,2.3261,2.3345,2.3233,2.3316,2613581.2
2025-07-09 08:00:00+00:00,2.3315,2.3389,2.3309,2.3363,1774485.6
2025-07-09 08:30:00+00:00,2.3363,2.34,2.3322,2.3358,1922477.7
2025-07-09 09:00:00+00:00,2.3358,2.3387,2.3302,2.3353,1415561.3
2025-07-09 09:30:00+00:00,2.3353,2.3397,2.3335,2.3372,1564630.4
2025-07-09 10:00:00+00:00,2.3372,2.3494,2.3359,2.3452,3570369.5
2025-07-09 10:30:00+00:00,2.3452,2.3599,2.3437,2.3574,7114632.5
2025-07-09 11:00:00+00:00,2.3574,2.3813,2.353,2.3682,12033301.6
2025-07-09 11:30:00+00:00,2.3682,2.3884,2.3682,2.3815,7639071.3
2025-07-09 12:00:00+00:00,2.3814,2.4039,2.3788,2.3952,11673510.4
2025-07-09 12:30:00+00:00,2.3952,2.3961,2.3834,2.3841,7908853.4
2025-07-09 13:00:00+00:00,2.3842,2.3997,2.3841,2.3863,5253498.6
2025-07-09 13:30:00+00:00,2.3864,2.3893,2.3629,2.3679,8760699.0
2025-07-09 14:00:00+00:00,2.368,2.3776,2.3585,2.3624,5656735.5
2025-07-09 14:30:00+00:00,2.3623,2.3768,2.3516,2.3723,6557173.3
2025-07-09 15:00:00+00:00,2.3723,2.3819,2.3687,2.3805,3300264.4
2025-07-09 15:30:00+00:00,2.3805,2.3832,2.3737,2.3818,3562623.0
2025-07-09 16:00:00+00:00,2.3818,2.3888,2.3757,2.3767,3725449.1
2025-07-09 16:30:00+00:00,2.3768,2.3879,2.375,2.3851,2405782.3
2025-07-09 17:00:00+00:00,2.3851,2.3851,2.3753,2.379,2853434.9
2025-07-09 17:30:00+00:00,2.3789,2.3846,2.3766,2.3802,2261125.5
2025-07-09 18:00:00+00:00,2.3802,2.4013,2.3773,2.3975,4872077.1
2025-07-09 18:30:00+00:00,2.3975,2.3975,2.3836,2.3902,1886002.7
2025-07-09 19:00:00+00:00,2.3901,2.4157,2.389,2.4082,5522219.6
2025-07-09 19:30:00+00:00,2.4082,2.4288,2.4034,2.421,10613707.1
2025-07-09 20:00:00+00:00,2.4211,2.4222,2.3836,2.391,8355705.0
2025-07-09 20:30:00+00:00,2.3909,2.3997,2.3858,2.3936,3363506.2
2025-07-09 21:00:00+00:00,2.3936,2.41,2.3914,2.4087,3602946.2
2025-07-09 21:30:00+00:00,2.4087,2.415,2.4031,2.4111,2488714.4
2025-07-09 22:00:00+00:00,2.411,2.4179,2.4092,2.4111,2675614.4
2025-07-09 22:30:00+00:00,2.4112,2.4177,2.4107,2.4176,2556277.1
2025-07-09 23:00:00+00:00,2.4176,2.4186,2.4109,2.4133,1670088.0
2025-07-09 23:30:00+00:00,2.4134,2.4148,2.4028,2.4038,2486636.0
2025-07-10 00:00:00+00:00,2.4038,2.4186,2.403,2.411,1752875.1
2025-07-10 00:30:00+00:00,2.4111,2.4158,2.3931,2.3948,2263094.0
2025-07-10 01:00:00+00:00,2.3948,2.4168,2.3948,2.4147,1984520.7
2025-07-10 01:30:00+00:00,2.4148,2.4342,2.4148,2.4316,3977448.6
2025-07-10 02:00:00+00:00,2.4316,2.4371,2.4266,2.4266,3463417.8
2025-07-10 02:30:00+00:00,2.4266,2.4327,2.4216,2.4235,1662051.3
2025-07-10 03:00:00+00:00,2.4234,2.4304,2.4213,2.4283,1748262.1
2025-07-10 03:30:00+00:00,2.4282,2.4283,2.4156,2.4203,3732887.9
2025-07-10 04:00:00+00:00,2.4202,2.4222,2.4129,2.4222,1971962.9
2025-07-10 04:30:00+00:00,2.4222,2.4297,2.4222,2.4247,1830551.0
2025-07-10 05:00:00+00:00,2.4248,2.4269,2.4176,2.4257,1524185.4
2025-07-10 05:30:00+00:00,2.4258,2.4267,2.4187,2.4197,1988390.7
2025-07-10 06:00:00+00:00,2.4197,2.4216,2.4109,2.4196,2247767.3
2025-07-10 06:30:00+00:00,2.4196,2.4207,2.4144,2.4203,2081143.8
2025-07-10 07:00:00+00:00,2.4202,2.4409,2.4172,2.4401,5789042.1
2025-07-10 07:30:00+00:00,2.4401,2.4425,2.4299,2.437,5160532.8
2025-07-10 08:00:00+00:00,2.437,2.4575,2.4347,2.4568,5785469.8
2025-07-10 08:30:00+00:00,2.4568,2.458,2.4475,2.4498,3790142.1
2025-07-10 09:00:00+00:00,2.4498,2.4562,2.4439,2.4557,2540671.8
2025-07-10 09:30:00+00:00,2.4557,2.4564,2.4419,2.4441,3766489.0
2025-07-10 10:00:00+00:00,2.444,2.4448,2.4266,2.4297,4144680.3
2025-07-10 10:30:00+00:00,2.4296,2.4437,2.4279,2.442,3582139.0
2025-07-10 11:00:00+00:00,2.4421,2.4463,2.4366,2.4455,3178208.5
2025-07-10 11:30:00+00:00,2.4454,2.4618,2.4422,2.4525,6028903.7
2025-07-10 12:00:00+00:00,2.4526,2.453,2.4424,2.4501,3578546.2
2025-07-10 12:30:00+00:00,2.4502,2.4521,2.4388,2.4439,2781774.3
2025-07-10 13:00:00+00:00,2.4439,2.45,2.4378,2.4462,2514007.4
2025-07-10 13:30:00+00:00,2.4462,2.4463,2.4233,2.4271,6760256.5
2025-07-10 14:00:00+00:00,2.4271,2.4409,2.4188,2.4288,4701708.2
2025-07-10 14:30:00+00:00,2.4287,2.4429,2.4287,2.4407,3656245.6
2025-07-10 15:00:00+00:00,2.4406,2.4492,2.4316,2.4482,2487902.6
2025-07-10 15:30:00+00:00,2.4483,2.4597,2.4432,2.4542,5211997.1
2025-07-10 16:00:00+00:00,2.4543,2.4744,2.4466,2.4697,6548410.0
2025-07-10 16:30:00+00:00,2.4697,2.4795,2.4639,2.4744,7467311.7
2025-07-10 17:00:00+00:00,2.4744,2.4962,2.4727,2.4949,7688974.3
2025-07-10 17:30:00+00:00,2.495,2.5018,2.4891,2.4966,6341731.4
2025-07-10 18:00:00+00:00,2.4966,2.5122,2.4885,2.4963,8037823.2
2025-07-10 18:30:00+00:00,2.4962,2.499,2.4819,2.4887,4018391.3
2025-07-10 19:00:00+00:00,2.4887,2.5,2.4887,2.4923,3677658.9
2025-07-10 19:30:00+00:00,2.4923,2.5029,2.4884,2.5003,2392946.3
2025-07-10 20:00:00+00:00,2.5003,2.5136,2.4991,2.5065,4623692.5
2025-07-10 20:30:00+00:00,2.5065,2.5086,2.4921,2.5009,2750171.3
2025-07-10 21:00:00+00:00,2.5008,2.5447,2.4974,2.5359,17257143.0
2025-07-10 21:30:00+00:00,2.5359,2.5678,2.5317,2.546,14046705.0
2025-07-10 22:00:00+00:00,2.546,2.5561,2.5286,2.5327,7336801.1
2025-07-10 22:30:00+00:00,2.5326,2.5484,2.5293,2.5464,2778767.9
2025-07-10 23:00:00+00:00,2.5464,2.5549,2.5377,2.5404,3623444.4
2025-07-10 23:30:00+00:00,2.5403,2.5509,2.5299,2.5471,3249236.9
2025-07-11 00:00:00+00:00,2.5471,2.5472,2.5119,2.519,6457484.0
2025-07-11 00:30:00+00:00,2.5189,2.532,2.5139,2.5277,4517308.4
2025-07-11 01:00:00+00:00,2.5277,2.547,2.5258,2.5463,3949810.8
2025-07-11 01:30:00+00:00,2.5463,2.5539,2.5432,2.5534,2585958.6
2025-07-11 02:00:00+00:00,2.5535,2.5869,2.5483,2.5835,8047159.4
2025-07-11 02:30:00+00:00,2.5835,2.5929,2.5754,2.5883,5119998.4
2025-07-11 03:00:00+00:00,2.5884,2.5899,2.5694,2.5726,5053048.6
2025-07-11 03:30:00+00:00,2.5726,2.5784,2.5657,2.5764,3169210.3
2025-07-11 04:00:00+00:00,2.5763,2.5763,2.5551,2.5665,4038061.2
2025-07-11 04:30:00+00:00,2.5665,2.5754,2.5572,2.5752,3213362.3
2025-07-11 05:00:00+00:00,2.5751,2.588,2.5746,2.5845,4901088.3
2025-07-11 05:30:00+00:00,2.5846,2.5985,2.5772,2.5824,8399964.3
2025-07-11 06:00:00+00:00,2.5824,2.597,2.5817,2.5933,3897587.4
2025-07-11 06:30:00+00:00,2.5933,2.5955,2.5642,2.5711,6827428.4
2025-07-11 07:00:00+00:00,2.5712,2.5893,2.5536,2.5856,6580771.4
2025-07-11 07:30:00+00:00,2.5857,2.597,2.5729,2.5792,5675470.8
2025-07-11 08:00:00+00:00,2.5791,2.6017,2.5791,2.589,9506217.8
2025-07-11 08:30:00+00:00,2.5889,2.5912,2.5796,2.587,3011690.6
2025-07-11 09:00:00+00:00,2.5869,2.5987,2.579,2.5971,3112186.7
2025-07-11 09:30:00+00:00,2.597,2.6141,2.5898,2.6132,7893743.4
2025-07-11 10:00:00+00:00,2.6132,2.6473,2.6073,2.6385,10828786.1
2025-07-11 10:30:00+00:00,2.6385,2.6511,2.6316,2.6472,8189965.1
2025-07-11 11:00:00+00:00,2.6473,2.6607,2.6066,2.617,11176289.7
2025-07-11 11:30:00+00:00,2.6171,2.6349,2.6126,2.6287,5933352.9
2025-07-11 12:00:00+00:00,2.6287,2.6496,2.625,2.6375,6347243.9
2025-07-11 12:30:00+00:00,2.6376,2.6966,2.6376,2.6952,13326690.1
2025-07-11 13:00:00+00:00,2.6953,2.7095,2.6781,2.693,16490362.9
2025-07-11 13:30:00+00:00,2.6929,2.8254,2.6723,2.8007,38497529.8
2025-07-11 14:00:00+00:00,2.8007,2.813,2.7396,2.8018,31084388.8
2025-07-11 14:30:00+00:00,2.8019,2.8392,2.7737,2.8238,27967751.4
2025-07-11 15:00:00+00:00,2.8237,2.9731,2.8157,2.9711,48120167.4
2025-07-11 15:30:00+00:00,2.9711,2.975,2.7588,2.7724,72904370.2
2025-07-11 16:00:00+00:00,2.7724,2.8097,2.6919,2.7817,42010377.2
2025-07-11 16:30:00+00:00,2.7817,2.8052,2.7423,2.7856,18486783.7
2025-07-11 17:00:00+00:00,2.7856,2.8163,2.7795,2.7932,11481251.4
2025-07-11 17:30:00+00:00,2.7932,2.8059,2.7533,2.7991,9182441.9
2025-07-11 18:00:00+00:00,2.799,2.8416,2.797,2.8029,10644527.7
2025-07-11 18:30:00+00:00,2.8028,2.8331,2.802,2.8329,6455170.0
2025-07-11 19:00:00+00:00,2.8329,2.8336,2.8037,2.8165,7038329.1
2025-07-11 19:30:00+00:00,2.8165,2.858,2.8129,2.858,11828132.3
2025-07-11 20:00:00+00:00,2.858,2.858,2.8173,2.8219,10162501.7
2025-07-11 20:30:00+00:00,2.8218,2.8237,2.7572,2.7575,15829259.8
2025-07-11 21:00:00+00:00,2.7575,2.7758,2.7304,2.7664,12829969.2
2025-07-11 21:30:00+00:00,2.7663,2.7665,2.7092,2.7405,10687980.3
2025-07-11 22:00:00+00:00,2.7404,2.7527,2.6596,2.6859,20902790.2
2025-07-11 22:30:00+00:00,2.686,2.7023,2.6611,2.7014,14595956.8
2025-07-11 23:00:00+00:00,2.7014,2.7419,2.6971,2.7303,10501095.3
2025-07-11 23:30:00+00:00,2.7303,2.7411,2.7179,2.7322,5900818.0
2025-07-12 00:00:00+00:00,2.7323,2.7452,2.7112,2.7295,6598355.8
2025-07-12 00:30:00+00:00,2.7295,2.7308,2.6882,2.7202,7579495.0
2025-07-12 01:00:00+00:00,2.7202,2.8093,2.7202,2.8089,11388467.5
2025-07-12 01:30:00+00:00,2.809,2.8305,2.7863,2.8235,12227875.1
2025-07-12 02:00:00+00:00,2.8235,2.8479,2.8065,2.8105,10050967.4
2025-07-12 02:30:00+00:00,2.8104,2.8227,2.792,2.7923,7666149.2
2025-07-12 03:00:00+00:00,2.7923,2.8199,2.7923,2.8155,6604641.9
2025-07-12 03:30:00+00:00,2.8156,2.8222,2.7875,2.8006,6646357.6
2025-07-12 04:00:00+00:00,2.8006,2.8063,2.782,2.7979,6062849.4
2025-07-12 04:30:00+00:00,2.7979,2.8022,2.7696,2.7748,7239016.6
2025-07-12 05:00:00+00:00,2.7749,2.788,2.7616,2.7825,8320284.4
2025-07-12 05:30:00+00:00,2.7824,2.799,2.778,2.7888,5665538.4
2025-07-12 06:00:00+00:00,2.7888,2.7912,2.7656,2.7783,3318633.2
2025-07-12 06:30:00+00:00,2.7783,2.7965,2.7734,2.7918,3058502.6
2025-07-12 07:00:00+00:00,2.7918,2.7942,2.7764,2.7858,3155703.5
2025-07-12 07:30:00+00:00,2.7859,2.7864,2.7558,2.7675,4848656.9
2025-07-12 08:00:00+00:00,2.7675,2.7765,2.7658,2.7748,3727030.0
2025-07-12 08:30:00+00:00,2.7748,2.7929,2.7681,2.7903,8640126.0
2025-07-12 09:00:00+00:00,2.7903,2.8147,2.7823,2.8075,6850505.5
2025-07-12 09:30:00+00:00,2.8076,2.8253,2.8044,2.8211,4627601.2
2025-07-12 10:00:00+00:00,2.821,2.8361,2.8097,2.8267,5536832.5
2025-07-12 10:30:00+00:00,2.8267,2.8466,2.8201,2.8367,5920174.9
2025-07-12 11:00:00+00:00,2.8368,2.8476,2.824,2.8351,4879788.6
2025-07-12 11:30:00+00:00,2.8351,2.8351,2.7972,2.8054,12576166.5
2025-07-12 12:00:00+00:00,2.8054,2.8087,2.77,2.7813,7566313.8
2025-07-12 12:30:00+00:00,2.7812,2.7906,2.7555,2.7865,10393250.7
2025-07-12 13:00:00+00:00,2.7865,2.7901,2.7528,2.7676,12930397.4
2025-07-12 13:30:00+00:00,2.7675,2.7818,2.7485,2.7759,6062984.5
2025-07-12 14:00:00+00:00,2.776,2.7982,2.774,2.7885,3935642.9
2025-07-12 14:30:00+00:00,2.7885,2.7903,2.7522,2.7566,7158706.9
2025-07-12 15:00:00+00:00,2.7566,2.768,2.679,2.6927,23942473.7
2025-07-12 15:30:00+00:00,2.6928,2.6993,2.6629,2.6812,20447487.4
2025-07-12 16:00:00+00:00,2.6813,2.7252,2.6701,2.7083,9902545.8
2025-07-12 16:30:00+00:00,2.7083,2.7219,2.7031,2.7069,6357504.0
2025-07-12 17:00:00+00:00,2.707,2.74,2.7044,2.7318,6199581.9
2025-07-12 17:30:00+00:00,2.7317,2.7353,2.7175,2.7241,6493715.2
2025-07-12 18:00:00+00:00,2.724,2.734,2.7188,2.7313,7709228.7
2025-07-12 18:30:00+00:00,2.7313,2.7454,2.7313,2.7397,5799585.8
2025-07-12 19:00:00+00:00,2.7396,2.7534,2.7263,2.7268,6637355.0
2025-07-12 19:30:00+00:00,2.7268,2.7389,2.7265,2.737,5258013.1
2025-07-12 20:00:00+00:00,2.737,2.7373,2.7147,2.7224,6948029.9
2025-07-12 20:30:00+00:00,2.7224,2.723,2.6841,2.6843,7478631.5
2025-07-12 21:00:00+00:00,2.6842,2.7262,2.6837,2.7248,4544452.4
2025-07-12 21:30:00+00:00,2.7248,2.7364,2.7178,2.727,2942313.8
2025-07-12 22:00:00+00:00,2.7271,2.7319,2.7055,2.7248,2851708.8
2025-07-12 22:30:00+00:00,2.7247,2.738,2.7211,2.7379,1735954.8
2025-07-12 23:00:00+00:00,2.7379,2.7438,2.7213,2.7341,1922159.0
2025-07-12 23:30:00+00:00,2.734,2.7484,2.7255,2.7395,3109395.3
2025-07-13 00:00:00+00:00,2.7395,2.7559,2.7232,2.7481,3441459.1
2025-07-13 00:30:00+00:00,2.748,2.7511,2.7286,2.7391,3907161.6
2025-07-13 01:00:00+00:00,2.739,2.7497,2.7339,2.7404,2985564.4
2025-07-13 01:30:00+00:00,2.7404,2.7669,2.7397,2.7612,3224215.2
2025-07-13 02:00:00+00:00,2.7613,2.7702,2.7464,2.7561,3358077.1
2025-07-13 02:30:00+00:00,2.7561,2.7859,2.7426,2.7762,6183948.1
2025-07-13 03:00:00+00:00,2.7763,2.7782,2.7623,2.77,2950202.8
2025-07-13 03:30:00+00:00,2.7701,2.7838,2.7631,2.7684,4126270.9
2025-07-13 04:00:00+00:00,2.7684,2.7716,2.7583,2.7609,1894435.7
2025-07-13 04:30:00+00:00,2.7609,2.7839,2.759,2.7808,2727091.5
2025-07-13 05:00:00+00:00,2.7808,2.7875,2.773,2.7819,3820489.1
2025-07-13 05:30:00+00:00,2.7819,2.7868,2.7707,2.7707,2284538.6
2025-07-13 06:00:00+00:00,2.7707,2.7962,2.7677,2.796,4220622.7
2025-07-13 06:30:00+00:00,2.796,2.8144,2.7911,2.7925,5840500.4
2025-07-13 07:00:00+00:00,2.7926,2.8078,2.7898,2.7936,3694411.1
2025-07-13 07:30:00+00:00,2.7935,2.8,2.7858,2.7992,4183954.2
2025-07-13 08:00:00+00:00,2.7991,2.8202,2.7938,2.8052,10007702.5
2025-07-13 08:30:00+00:00,2.8052,2.8072,2.7834,2.794,4079790.1
2025-07-13 09:00:00+00:00,2.7941,2.8023,2.7771,2.7821,3493970.6
2025-07-13 09:30:00+00:00,2.7821,2.7837,2.771,2.7767,3866608.4
2025-07-13 10:00:00+00:00,2.7766,2.7967,2.7766,2.7907,3350373.5
2025-07-13 10:30:00+00:00,2.7906,2.7908,2.7716,2.776,2302454.7
2025-07-13 11:00:00+00:00,2.776,2.7919,2.776,2.7893,1994462.2
2025-07-13 11:30:00+00:00,2.7893,2.7904,2.777,2.7889,3568945.5
2025-07-13 12:00:00+00:00,2.7888,2.8075,2.7825,2.7997,5921637.6
2025-07-13 12:30:00+00:00,2.7997,2.8286,2.7915,2.8211,8198167.2
2025-07-13 13:00:00+00:00,2.8211,2.8249,2.7988,2.8179,5206589.2
2025-07-13 13:30:00+00:00,2.8179,2.8558,2.8114,2.8322,16015595.6
2025-07-13 14:00:00+00:00,2.8322,2.8949,2.8251,2.8724,19473938.7
2025-07-13 14:30:00+00:00,2.8724,2.8724,2.8322,2.8442,12455872.5
2025-07-13 15:00:00+00:00,2.8443,2.8734,2.8433,2.8497,8803803.4
2025-07-13 15:30:00+00:00,2.8496,2.8499,2.8082,2.8381,8501396.1
2025-07-13 16:00:00+00:00,2.8381,2.852,2.8289,2.84,5711869.4
2025-07-13 16:30:00+00:00,2.84,2.842,2.8123,2.8237,4514789.9
2025-07-13 17:00:00+00:00,2.8237,2.8327,2.8115,2.8295,5077691.6
2025-07-13 17:30:00+00:00,2.8295,2.8628,2.8278,2.8603,5111138.5
2025-07-13 18:00:00+00:00,2.8604,2.8661,2.8459,2.8656,5998228.3
2025-07-13 18:30:00+00:00,2.8656,2.8817,2.86,2.86,6441600.9
2025-07-13 19:00:00+00:00,2.8601,2.8667,2.8519,2.8639,4814637.7
2025-07-13 19:30:00+00:00,2.8639,2.88,2.8441,2.8456,5075661.4
2025-07-13 20:00:00+00:00,2.8456,2.8591,2.8329,2.8581,4427677.2
2025-07-13 20:30:00+00:00,2.8581,2.8648,2.8482,2.8487,3072335.1
2025-07-13 21:00:00+00:00,2.8487,2.8495,2.8312,2.8428,2854443.4
2025-07-13 21:30:00+00:00,2.8429,2.8434,2.7637,2.8018,14386168.8
2025-07-13 22:00:00+00:00,2.8017,2.8169,2.7883,2.7995,6138757.9
2025-07-13 22:30:00+00:00,2.7995,2.8252,2.799,2.8151,3138616.5
2025-07-13 23:00:00+00:00,2.815,2.8424,2.8125,2.8265,4723654.9
2025-07-13 23:30:00+00:00,2.8266,2.8423,2.8259,2.8361,3070984.7
2025-07-14 00:00:00+00:00,2.8361,2.8481,2.8207,2.8388,6211131.6
2025-07-14 00:30:00+00:00,2.8388,2.8486,2.828,2.8464,3582527.5
2025-07-14 01:00:00+00:00,2.8463,2.8767,2.8386,2.8702,7972447.8
2025-07-14 01:30:00+00:00,2.8701,2.8736,2.8506,2.8554,4424800.7
2025-07-14 02:00:00+00:00,2.8554,2.8856,2.8499,2.8833,6403028.9
2025-07-14 02:30:00+00:00,2.8832,2.8967,2.878,2.8871,6555717.3
2025-07-14 03:00:00+00:00,2.8871,2.93,2.8855,2.9252,11999055.4
2025-07-14 03:30:00+00:00,2.9253,2.9472,2.9125,2.9267,13670916.4
2025-07-14 04:00:00+00:00,2.9267,2.9416,2.9193,2.9355,7301318.5
2025-07-14 04:30:00+00:00,2.9356,2.941,2.9247,2.9398,5227695.0
2025-07-14 05:00:00+00:00,2.9398,2.9566,2.9308,2.9558,7891614.8
2025-07-14 05:30:00+00:00,2.9558,2.9796,2.8755,2.9317,23038623.9
2025-07-14 06:00:00+00:00,2.9317,2.9325,2.8915,2.9276,14938841.6
2025-07-14 06:30:00+00:00,2.9276,2.9345,2.9128,2.9263,6031911.4
2025-07-14 07:00:00+00:00,2.9263,2.9622,2.9245,2.9592,7847354.8
2025-07-14 07:30:00+00:00,2.9592,2.9799,2.9366,2.9569,11818347.5
2025-07-14 08:00:00+00:00,2.957,2.9615,2.9276,2.9416,10989858.1
2025-07-14 08:30:00+00:00,2.9417,3.0067,2.941,2.9784,23585446.5
2025-07-14 09:00:00+00:00,2.9784,2.9922,2.9632,2.9796,13157841.7
2025-07-14 09:30:00+00:00,2.9796,3.0222,2.97,2.9831,20952267.3
2025-07-14 10:00:00+00:00,2.983,2.9866,2.9464,2.9789,8881176.7
2025-07-14 10:30:00+00:00,2.9788,3.0134,2.9674,3.0095,8765613.7
2025-07-14 11:00:00+00:00,3.0094,3.0098,2.9731,2.9852,8717468.0
2025-07-14 11:30:00+00:00,2.9852,3.0111,2.9691,2.9772,8799687.3
2025-07-14 12:00:00+00:00,2.9772,2.998,2.9475,2.9621,13574164.8
2025-07-14 12:30:00+00:00,2.9622,2.9624,2.942,2.9614,8584697.3
2025-07-14 13:00:00+00:00,2.9614,2.9696,2.9423,2.9695,6457914.6
2025-07-14 13:30:00+00:00,2.9695,3.035,2.9657,3.0035,25316506.3
2025-07-14 14:00:00+00:00,3.0035,3.0309,2.9738,2.9996,12698795.0
2025-07-14 14:30:00+00:00,2.9997,3.0152,2.9697,3.0118,12387753.7
2025-07-14 15:00:00+00:00,3.0118,3.0216,2.9714,3.0057,10845239.4
2025-07-14 15:30:00+00:00,3.0057,3.0109,2.9093,2.9469,21137931.7
2025-07-14 16:00:00+00:00,2.9468,2.9645,2.9178,2.9639,10722067.2
2025-07-14 16:30:00+00:00,2.9639,3.0022,2.9518,2.9935,9079265.6
2025-07-14 17:00:00+00:00,2.9936,2.9957,2.9524,2.9574,7602516.9
2025-07-14 17:30:00+00:00,2.9574,2.9663,2.9363,2.9519,5487555.0
2025-07-14 18:00:00+00:00,2.9518,2.9595,2.9392,2.9549,3686768.4
2025-07-14 18:30:00+00:00,2.9548,2.9594,2.9101,2.9157,6380469.4
2025-07-14 19:00:00+00:00,2.9154,2.9428,2.9119,2.9263,4609824.4
2025-07-14 19:30:00+00:00,2.9264,2.9334,2.9101,2.93,3928187.6
2025-07-14 20:00:00+00:00,2.93,2.9307,2.8762,2.9035,9827415.3
2025-07-14 20:30:00+00:00,2.9035,2.9367,2.8994,2.9237,4361314.0
2025-07-14 21:00:00+00:00,2.9236,2.9359,2.9169,2.9312,3003656.3
2025-07-14 21:30:00+00:00,2.9311,2.9497,2.9219,2.9423,4044544.4
2025-07-14 22:00:00+00:00,2.9424,2.9488,2.9302,2.9433,2824184.2
2025-07-14 22:30:00+00:00,2.9432,2.956,2.9364,2.9507,2290136.9
2025-07-14 23:00:00+00:00,2.9506,2.9546,2.9357,2.9442,2297779.0
2025-07-14 23:30:00+00:00,2.9443,2.9637,2.9442,2.9582,2624429.4
2025-07-15 00:00:00+00:00,2.9582,2.9582,2.9335,2.9502,4229677.2
2025-07-15 00:30:00+00:00,2.9502,2.9502,2.9031,2.9079,5337743.9
2025-07-15 01:00:00+00:00,2.908,2.911,2.8646,2.8874,10001307.2
2025-07-15 01:30:00+00:00,2.8873,2.9214,2.8819,2.889,5917087.1
2025-07-15 02:00:00+00:00,2.8889,2.9004,2.85,2.8571,12200722.9
2025-07-15 02:30:00+00:00,2.8571,2.8858,2.8533,2.8716,7548936.3
2025-07-15 03:00:00+00:00,2.8715,2.8746,2.8038,2.8369,18211526.0
2025-07-15 03:30:00+00:00,2.8369,2.8553,2.8115,2.8497,8688383.6
2025-07-15 04:00:00+00:00,2.8496,2.875,2.8215,2.8688,8229183.8
2025-07-15 04:30:00+00:00,2.8689,2.8815,2.854,2.8685,5709641.3
2025-07-15 05:00:00+00:00,2.8685,2.8869,2.8682,2.8777,5206685.5
2025-07-15 05:30:00+00:00,2.8777,2.8777,2.8624,2.8759,4914297.0
2025-07-15 06:00:00+00:00,2.8759,2.885,2.8635,2.8699,5211729.4
2025-07-15 06:30:00+00:00,2.87,2.874,2.8493,2.8593,4025617.2
2025-07-15 07:00:00+00:00,2.8594,2.873,2.8507,2.8616,5015629.3
2025-07-15 07:30:00+00:00,2.8616,2.8711,2.8483,2.8524,6449679.3
2025-07-15 08:00:00+00:00,2.8523,2.8533,2.8194,2.8489,10262697.7
2025-07-15 08:30:00+00:00,2.8489,2.86,2.8472,2.8501,5637845.9
2025-07-15 09:00:00+00:00,2.8501,2.8887,2.8485,2.8838,9214121.8
2025-07-15 09:30:00+00:00,2.8837,2.896,2.877,2.88,4779592.1
2025-07-15 10:00:00+00:00,2.8801,2.9223,2.8782,2.9133,7445117.7
2025-07-15 10:30:00+00:00,2.9132,2.9176,2.8999,2.9146,4206648.1
2025-07-15 11:00:00+00:00,2.9146,2.9287,2.8866,2.8957,5980442.7
2025-07-15 11:30:00+00:00,2.8957,2.9059,2.8922,2.9049,3569473.6
2025-07-15 12:00:00+00:00,2.9049,2.9063,2.8836,2.8869,3653063.3
2025-07-15 12:30:00+00:00,2.8869,2.9328,2.8514,2.8965,16446607.8
2025-07-15 13:00:00+00:00,2.8965,2.9266,2.8926,2.9115,5980614.1
2025-07-15 13:30:00+00:00,2.9114,2.9342,2.8988,2.9224,7766768.0
2025-07-15 14:00:00+00:00,2.9225,2.9308,2.903,2.9062,5970615.0
2025-07-15 14:30:00+00:00,2.9061,2.9099,2.8407,2.8548,15262550.2
2025-07-15 15:00:00+00:00,2.8548,2.8836,2.8429,2.8731,6793710.3
2025-07-15 15:30:00+00:00,2.8731,2.9034,2.8673,2.8903,5859396.0
2025-07-15 16:00:00+00:00,2.8902,2.9084,2.8837,2.9,4971177.0
2025-07-15 16:30:00+00:00,2.9,2.9194,2.895,2.9052,5127578.9
2025-07-15 17:00:00+00:00,2.9051,2.9323,2.9047,2.9297,4160071.9
2025-07-15 17:30:00+00:00,2.9296,2.9386,2.9209,2.9386,4531355.2
2025-07-15 18:00:00+00:00,2.9385,2.9462,2.9166,2.9185,6145025.3
2025-07-15 18:30:00+00:00,2.9184,2.9192,2.8819,2.9031,6583450.4
2025-07-15 19:00:00+00:00,2.9031,2.9228,2.8991,2.9015,4628288.5
2025-07-15 19:30:00+00:00,2.9015,2.9044,2.8575,2.8631,7159157.0
2025-07-15 20:00:00+00:00,2.863,2.8799,2.854,2.8794,5546545.4
2025-07-15 20:30:00+00:00,2.8794,2.8834,2.8653,2.8653,2857252.4
2025-07-15 21:00:00+00:00,2.8654,2.8956,2.8581,2.8938,2703115.4
2025-07-15 21:30:00+00:00,2.8937,2.9114,2.8886,2.9007,2382419.3
2025-07-15 22:00:00+00:00,2.9007,2.9045,2.8825,2.8985,1949992.2
2025-07-15 22:30:00+00:00,2.8984,2.9114,2.891,2.9095,2387957.8
2025-07-15 23:00:00+00:00,2.9094,2.9286,2.9089,2.9158,4669800.1
2025-07-15 23:30:00+00:00,2.9159,2.9231,2.9108,2.919,2434982.6
2025-07-16 00:00:00+00:00,2.9189,2.9198,2.9018,2.9127,2618935.8
2025-07-16 00:30:00+00:00,2.9128,2.935,2.9128,2.9315,4068342.9
2025-07-16 01:00:00+00:00,2.9316,2.9365,2.9257,2.9274,3204986.8
2025-07-16 01:30:00+00:00,2.9275,2.9275,2.9153,2.9194,2086362.0
2025-07-16 02:00:00+00:00,2.9193,2.92,2.889,2.8952,4179257.4
2025-07-16 02:30:00+00:00,2.8953,2.8994,2.8774,2.8977,3232005.4
2025-07-16 03:00:00+00:00,2.8977,2.903,2.8912,2.8987,2348811.7
2025-07-16 03:30:00+00:00,2.8986,2.9077,2.8981,2.9044,2677897.9
2025-07-16 04:00:00+00:00,2.9044,2.9051,2.8912,2.9037,2361129.4
2025-07-16 04:30:00+00:00,2.9037,2.9159,2.9018,2.911,2434977.9
2025-07-16 05:00:00+00:00,2.9111,2.9278,2.9091,2.922,3602772.4
2025-07-16 05:30:00+00:00,2.922,2.9299,2.914,2.9174,2296082.7
2025-07-16 06:00:00+00:00,2.9175,2.9305,2.9113,2.9221,3344236.0
2025-07-16 06:30:00+00:00,2.9222,2.9365,2.9198,2.9351,5066825.9
2025-07-16 07:00:00+00:00,2.9351,2.9391,2.9277,2.9307,2883796.8
2025-07-16 07:30:00+00:00,2.9307,2.9345,2.9282,2.9293,3253980.2
2025-07-16 08:00:00+00:00,2.9293,2.9379,2.9203,2.9378,3380780.9
2025-07-16 08:30:00+00:00,2.9377,2.9611,2.9375,2.9567,5327074.7
2025-07-16 09:00:00+00:00,2.9567,2.9637,2.9514,2.9587,3656017.8
2025-07-16 09:30:00+00:00,2.9588,2.9631,2.9448,2.952,2884683.5
2025-07-16 10:00:00+00:00,2.952,2.962,2.949,2.9532,2054750.8
2025-07-16 10:30:00+00:00,2.9532,2.9544,2.9427,2.9441,3154054.7
2025-07-16 11:00:00+00:00,2.9442,2.9558,2.9442,2.9511,2206626.2
2025-07-16 11:30:00+00:00,2.9512,2.9533,2.9445,2.9513,2100658.0
2025-07-16 12:00:00+00:00,2.9513,2.9565,2.946,2.9564,2819328.5
2025-07-16 12:30:00+00:00,2.9565,2.9736,2.9502,2.9644,6559826.0
2025-07-16 13:00:00+00:00,2.9644,2.995,2.957,2.9888,8936842.5
2025-07-16 13:30:00+00:00,2.9888,2.9934,2.9721,2.9787,7482109.9
2025-07-16 14:00:00+00:00,2.9787,2.9846,2.9528,2.966,8362482.0
2025-07-16 14:30:00+00:00,2.9659,2.9945,2.9567,2.9904,9454148.0
2025-07-16 15:00:00+00:00,2.9905,3.0071,2.9657,2.9839,12895472.9
2025-07-16 15:30:00+00:00,2.9839,2.9844,2.9541,2.9764,6928656.1
2025-07-16 16:00:00+00:00,2.9764,2.998,2.9677,2.9962,5522723.9
2025-07-16 16:30:00+00:00,2.9963,3.0039,2.9796,2.9913,5334819.9
2025-07-16 17:00:00+00:00,2.9912,3.0474,2.9871,3.0268,14404083.0
2025-07-16 17:30:00+00:00,3.0269,3.0409,3.0143,3.0234,9526693.4
2025-07-16 18:00:00+00:00,3.0234,3.0477,3.0124,3.0426,6618805.5
2025-07-16 18:30:00+00:00,3.0427,3.078,3.0352,3.0523,15188212.8
2025-07-16 19:00:00+00:00,3.0524,3.0626,3.032,3.0584,9364948.1
2025-07-16 19:30:00+00:00,3.0585,3.0633,3.0333,3.0592,9051642.0
2025-07-16 20:00:00+00:00,3.0591,3.0974,3.0507,3.0967,9903593.4
2025-07-16 20:30:00+00:00,3.0967,3.1,3.0426,3.0626,14443087.1
2025-07-16 21:00:00+00:00,3.0626,3.0936,3.0532,3.0833,7591804.5
2025-07-16 21:30:00+00:00,3.0832,3.0858,3.0538,3.0654,4677377.9
2025-07-16 22:00:00+00:00,3.0653,3.089,3.065,3.0657,6006068.1
2025-07-16 22:30:00+00:00,3.0657,3.0749,3.0437,3.0523,6667649.2
2025-07-16 23:00:00+00:00,3.0522,3.0561,3.0189,3.0373,6433448.2
2025-07-16 23:30:00+00:00,3.0374,3.0463,3.0251,3.038,3685747.5
2025-07-17 00:00:00+00:00,3.038,3.0683,3.0332,3.0561,4474717.1
2025-07-17 00:30:00+00:00,3.0561,3.0794,3.0521,3.0545,4634588.4
2025-07-17 01:00:00+00:00,3.0545,3.0696,3.0386,3.0508,3846813.6
2025-07-17 01:30:00+00:00,3.0508,3.0514,2.9873,3.0212,9948526.6
2025-07-17 02:00:00+00:00,3.0213,3.0427,3.0121,3.0358,2921977.0
2025-07-17 02:30:00+00:00,3.0358,3.0536,3.0254,3.0496,2892172.6
2025-07-17 03:00:00+00:00,3.0497,3.0527,3.0062,3.011,4182278.9
2025-07-17 03:30:00+00:00,3.0109,3.0277,2.9968,3.025,3834699.6
2025-07-17 04:00:00+00:00,3.0249,3.0551,3.0149,3.0543,5730315.4
2025-07-17 04:30:00+00:00,3.0544,3.0754,3.0492,3.0742,6505525.8
2025-07-17 05:00:00+00:00,3.0741,3.1161,3.0643,3.116,11334008.3
2025-07-17 05:30:00+00:00,3.1159,3.1489,3.1066,3.1419,20449996.9
2025-07-17 06:00:00+00:00,3.1419,3.1728,3.1392,3.15,16180562.7
2025-07-17 06:30:00+00:00,3.15,3.167,3.14,3.154,8655365.2
2025-07-17 07:00:00+00:00,3.1541,3.1558,3.126,3.1409,7999479.5
2025-07-17 07:30:00+00:00,3.141,3.1625,3.14,3.1553,9645985.3
2025-07-17 08:00:00+00:00,3.1553,3.1932,3.1395,3.1927,16009438.1
2025-07-17 08:30:00+00:00,3.1927,3.2386,3.1844,3.2358,18519917.3
2025-07-17 09:00:00+00:00,3.2358,3.2798,3.2189,3.265,24275298.3
2025-07-17 09:30:00+00:00,3.265,3.277,3.2495,3.2631,12564504.7
2025-07-17 10:00:00+00:00,3.2631,3.2764,3.2206,3.2428,15235271.1
2025-07-17 10:30:00+00:00,3.2428,3.2738,3.237,3.2738,8420206.7
2025-07-17 11:00:00+00:00,3.2737,3.2986,3.2556,3.2757,17939098.6
2025-07-17 11:30:00+00:00,3.2758,3.2841,3.248,3.2623,11296246.0
2025-07-17 12:00:00+00:00,3.2624,3.2712,3.233,3.239,12611391.9
2025-07-17 12:30:00+00:00,3.239,3.275,3.239,3.2593,9577032.8
2025-07-17 13:00:00+00:00,3.2592,3.2717,3.203,3.2189,14864475.0
2025-07-17 13:30:00+00:00,3.2189,3.25,3.1675,3.2274,25058042.6
2025-07-17 14:00:00+00:00,3.2274,3.246,3.2271,3.2434,6833274.2
2025-07-17 14:30:00+00:00,3.2435,3.256,3.2326,3.2334,7943925.7
2025-07-17 15:00:00+00:00,3.2334,3.2421,3.169,3.2283,14537776.7
2025-07-17 15:30:00+00:00,3.2284,3.263,3.2255,3.2534,8216973.1
2025-07-17 16:00:00+00:00,3.2533,3.272,3.2379,3.2549,10565315.1
2025-07-17 16:30:00+00:00,3.2549,3.2657,3.2221,3.2652,11529667.1
2025-07-17 17:00:00+00:00,3.2652,3.3029,3.255,3.2886,13635059.7
2025-07-17 17:30:00+00:00,3.2887,3.3182,3.263,3.3143,14945455.6
2025-07-17 18:00:00+00:00,3.3142,3.3346,3.3015,3.31,14974415.1
2025-07-17 18:30:00+00:00,3.3101,3.3611,3.3066,3.3537,21041987.5
2025-07-17 19:00:00+00:00,3.3537,3.381,3.3446,3.381,13910259.5
2025-07-17 19:30:00+00:00,3.381,3.3993,3.3022,3.3057,26689941.1
2025-07-17 20:00:00+00:00,3.3057,3.361,3.2842,3.3449,19680687.7
2025-07-17 20:30:00+00:00,3.3449,3.3762,3.3441,3.3599,12034239.9
2025-07-17 21:00:00+00:00,3.36,3.4875,3.3534,3.4736,43598723.63
2025-07-17 21:30:00+00:00,3.4736,3.5495,3.3982,3.512,34493010.36
2025-07-17 22:00:00+00:00,3.512,3.5296,3.4531,3.4694,18779283.0
2025-07-17 22:30:00+00:00,3.4695,3.4958,3.4424,3.4729,9611613.9
2025-07-17 23:00:00+00:00,3.473,3.5386,3.4704,3.5311,17121728.0
2025-07-17 23:30:00+00:00,3.5311,3.5487,3.4742,3.4814,18587572.3
2025-07-18 00:00:00+00:00,3.4813,3.5774,3.4621,3.5542,22017315.07
2025-07-18 00:30:00+00:00,3.5543,3.655,3.5506,3.6535,33466634.74
2025-07-18 01:00:00+00:00,3.6534,3.6607,3.5831,3.6025,28738345.4
2025-07-18 01:30:00+00:00,3.6025,3.6294,3.5756,3.5957,16553206.4
2025-07-18 02:00:00+00:00,3.5957,3.6028,3.5424,3.5954,16477045.8
2025-07-18 02:30:00+00:00,3.5955,3.5972,3.569,3.5934,10569568.0
2025-07-18 03:00:00+00:00,3.5934,3.6358,3.589,3.6323,12445145.9
2025-07-18 03:30:00+00:00,3.6322,3.6531,3.5999,3.6054,19315812.1
2025-07-18 04:00:00+00:00,3.6054,3.6112,3.5755,3.5913,10915482.9
2025-07-18 04:30:00+00:00,3.5913,3.6105,3.5888,3.5908,6815274.2
2025-07-18 05:00:00+00:00,3.5909,3.6384,3.585,3.6208,14911800.2
2025-07-18 05:30:00+00:00,3.6209,3.6344,3.6099,3.6185,9513457.4
2025-07-18 06:00:00+00:00,3.6186,3.6197,3.5337,3.5444,17104989.0
2025-07-18 06:30:00+00:00,3.5443,3.5744,3.5411,3.5654,8367052.0
2025-07-18 07:00:00+00:00,3.5653,3.57,3.5081,3.53,14565855.4
2025-07-18 07:30:00+00:00,3.5299,3.5364,3.4381,3.4503,28390572.4
2025-07-18 08:00:00+00:00,3.4503,3.5101,3.4487,3.4928,21099674.0
2025-07-18 08:30:00+00:00,3.4929,3.4935,3.4208,3.4439,21913476.7
2025-07-18 09:00:00+00:00,3.4439,3.454,3.4005,3.4289,20500527.8
2025-07-18 09:30:00+00:00,3.4289,3.462,3.4265,3.4501,11194013.1
2025-07-18 10:00:00+00:00,3.45,3.4544,3.4055,3.4376,9257791.4
2025-07-18 10:30:00+00:00,3.4376,3.4884,3.4376,3.471,11640860.1
2025-07-18 11:00:00+00:00,3.471,3.4792,3.4271,3.4497,9899761.1
2025-07-18 11:30:00+00:00,3.4496,3.4996,3.4437,3.49,9584073.2
2025-07-18 12:00:00+00:00,3.4899,3.5083,3.4701,3.5031,7209724.7
2025-07-18 12:30:00+00:00,3.5031,3.5292,3.495,3.5005,17135817.5
2025-07-18 13:00:00+00:00,3.5005,3.5021,3.4651,3.4892,14891789.7
2025-07-18 13:30:00+00:00,3.4891,3.545,3.4872,3.5081,14736720.9
2025-07-18 14:00:00+00:00,3.508,3.5251,3.4155,3.4396,19193321.5
2025-07-18 14:30:00+00:00,3.4396,3.4713,3.408,3.4541,13261323.9
2025-07-18 15:00:00+00:00,3.4542,3.4589,3.3439,3.3769,22820335.2
2025-07-18 15:30:00+00:00,3.3769,3.3936,3.3487,3.3736,10232205.2
2025-07-18 16:00:00+00:00,3.3736,3.4176,3.3634,3.4151,7522795.3
2025-07-18 16:30:00+00:00,3.4151,3.4381,3.4128,3.4381,5792044.6
2025-07-18 17:00:00+00:00,3.4381,3.4532,3.4218,3.4491,5535808.7
2025-07-18 17:30:00+00:00,3.4492,3.466,3.4424,3.4487,8564455.8
2025-07-18 18:00:00+00:00,3.4487,3.4513,3.4013,3.4473,7102912.6
2025-07-18 18:30:00+00:00,3.4472,3.4648,3.4363,3.4396,4323028.2
2025-07-18 19:00:00+00:00,3.4395,3.4789,3.4028,3.4654,8837162.6
2025-07-18 19:30:00+00:00,3.4654,3.4654,3.4203,3.434,6718189.3
2025-07-18 20:00:00+00:00,3.4339,3.4488,3.364,3.3658,10539464.7
2025-07-18 20:30:00+00:00,3.3658,3.4315,3.3576,3.4119,10808490.4
2025-07-18 21:00:00+00:00,3.4119,3.4481,3.4095,3.4413,4586859.6
2025-07-18 21:30:00+00:00,3.4413,3.4517,3.4028,3.4132,3969460.3
2025-07-18 22:00:00+00:00,3.4132,3.4315,3.3957,3.424,5104581.4
2025-07-18 22:30:00+00:00,3.424,3.4305,3.3779,3.3916,4398435.0
2025-07-18 23:00:00+00:00,3.3916,3.4049,3.3624,3.4012,5542076.1
2025-07-18 23:30:00+00:00,3.4011,3.4214,3.4007,3.4135,4638153.2
2025-07-19 00:00:00+00:00,3.4136,3.4567,3.4115,3.4526,7667097.5
2025-07-19 00:30:00+00:00,3.4526,3.4665,3.4303,3.4312,7169113.1
2025-07-19 01:00:00+00:00,3.4312,3.4631,3.3971,3.4536,10060935.0
2025-07-19 01:30:00+00:00,3.4537,3.4558,3.4385,3.4424,4282570.8
2025-07-19 02:00:00+00:00,3.4425,3.4494,3.4171,3.433,5424572.4
2025-07-19 02:30:00+00:00,3.433,3.4619,3.4324,3.449,4738046.0
2025-07-19 03:00:00+00:00,3.449,3.4542,3.4365,3.4458,4772884.2
2025-07-19 03:30:00+00:00,3.4458,3.4792,3.4449,3.4494,6912916.4
2025-07-19 04:00:00+00:00,3.4494,3.4695,3.4414,3.4667,6116004.3
2025-07-19 04:30:00+00:00,3.4666,3.4855,3.4592,3.4614,5145258.0
2025-07-19 05:00:00+00:00,3.4615,3.4644,3.4333,3.4487,5980542.9
2025-07-19 05:30:00+00:00,3.4487,3.461,3.4405,3.4581,3894000.5
2025-07-19 06:00:00+00:00,3.458,3.4679,3.4308,3.4313,5951064.6
2025-07-19 06:30:00+00:00,3.4313,3.4455,3.4166,3.4454,3856836.8
2025-07-19 07:00:00+00:00,3.4453,3.4648,3.4338,3.4628,4277693.0
2025-07-19 07:30:00+00:00,3.4628,3.4825,3.4543,3.4651,8079704.5
2025-07-19 08:00:00+00:00,3.4651,3.4735,3.4385,3.4467,4802903.3
2025-07-19 08:30:00+00:00,3.4466,3.4477,3.4276,3.4377,3853721.1
2025-07-19 09:00:00+00:00,3.4377,3.4403,3.4271,3.4355,2415862.2
2025-07-19 09:30:00+00:00,3.4355,3.465,3.4305,3.4539,4811525.1
2025-07-19 10:00:00+00:00,3.454,3.4558,3.4205,3.4301,4381228.3
2025-07-19 10:30:00+00:00,3.4301,3.4471,3.421,3.4285,2741689.1
2025-07-19 11:00:00+00:00,3.4285,3.4304,3.3978,3.419,5346094.2
2025-07-19 11:30:00+00:00,3.419,3.4209,3.388,3.3925,3923502.2
2025-07-19 12:00:00+00:00,3.3926,3.4065,3.3811,3.3981,6446697.7
2025-07-19 12:30:00+00:00,3.398,3.418,3.3946,3.4155,2998078.9
2025-07-19 13:00:00+00:00,3.4154,3.4312,3.3949,3.423,3454308.6
2025-07-19 13:30:00+00:00,3.4229,3.4252,3.4021,3.4104,3302555.4
2025-07-19 14:00:00+00:00,3.4104,3.4136,3.3764,3.3829,5464888.3
2025-07-19 14:30:00+00:00,3.3829,3.3911,3.3547,3.3608,7213080.9
2025-07-19 15:00:00+00:00,3.3608,3.4184,3.357,3.4144,5938924.2
2025-07-19 15:30:00+00:00,3.4144,3.4228,3.4036,3.4098,2952461.8
2025-07-19 16:00:00+00:00,3.4098,3.4379,3.4042,3.4325,4037418.2
2025-07-19 16:30:00+00:00,3.4325,3.4594,3.4296,3.4439,4100741.2
2025-07-19 17:00:00+00:00,3.4439,3.4511,3.4317,3.4419,2278338.2
2025-07-19 17:30:00+00:00,3.4419,3.4429,3.419,3.4242,3969008.3
2025-07-19 18:00:00+00:00,3.4243,3.431,3.4107,3.4206,2096817.4
2025-07-19 18:30:00+00:00,3.4207,3.4377,3.4179,3.4202,1278113.0
2025-07-19 19:00:00+00:00,3.4202,3.4298,3.4108,3.4274,1997920.0
2025-07-19 19:30:00+00:00,3.4274,3.432,3.4192,3.4317,1661968.6
2025-07-19 20:00:00+00:00,3.4317,3.4376,3.4192,3.4278,2623104.6
2025-07-19 20:30:00+00:00,3.4278,3.4445,3.4161,3.4161,2955684.1
2025-07-19 21:00:00+00:00,3.4161,3.4237,3.38,3.3974,6086973.9
2025-07-19 21:30:00+00:00,3.3973,3.4072,3.3845,3.4038,1905637.0
2025-07-19 22:00:00+00:00,3.4038,3.4171,3.3933,3.4148,1604257.8
2025-07-19 22:30:00+00:00,3.4147,3.4279,3.4102,3.4215,1337220.9
2025-07-19 23:00:00+00:00,3.4215,3.4254,3.4137,3.4226,1400173.0
2025-07-19 23:30:00+00:00,3.4227,3.433,3.421,3.4244,1190897.0
2025-07-20 00:00:00+00:00,3.4243,3.4261,3.4072,3.4147,2753782.5
2025-07-20 00:30:00+00:00,3.4148,3.4319,3.4131,3.4272,1888555.1
2025-07-20 01:00:00+00:00,3.4272,3.4513,3.4226,3.4352,5322799.1
2025-07-20 01:30:00+00:00,3.4352,3.4453,3.4208,3.4229,2215749.1
2025-07-20 02:00:00+00:00,3.4229,3.4242,3.3923,3.3926,7606322.9
2025-07-20 02:30:00+00:00,3.3925,3.407,3.3856,3.4053,7820042.3
2025-07-20 03:00:00+00:00,3.4053,3.4177,3.4026,3.4156,3471714.6
2025-07-20 03:30:00+00:00,3.4157,3.44,3.4145,3.4345,7010861.6
2025-07-20 04:00:00+00:00,3.4345,3.4438,3.4226,3.4285,5489930.7
2025-07-20 04:30:00+00:00,3.4285,3.4367,3.412,3.4229,3913247.9
2025-07-20 05:00:00+00:00,3.423,3.4242,3.4064,3.4074,3459305.2
2025-07-20 05:30:00+00:00,3.4075,3.424,3.4022,3.4186,3618563.9
2025-07-20 06:00:00+00:00,3.4186,3.4186,3.4023,3.4084,3974491.4
2025-07-20 06:30:00+00:00,3.4085,3.4221,3.4071,3.4169,1676441.7
2025-07-20 07:00:00+00:00,3.4168,3.4534,3.4164,3.4525,6283659.4
2025-07-20 07:30:00+00:00,3.4526,3.4584,3.431,3.4419,5195879.9
2025-07-20 08:00:00+00:00,3.442,3.4614,3.4419,3.4576,4405163.9
2025-07-20 08:30:00+00:00,3.4575,3.5,3.4494,3.4986,9673321.4
2025-07-20 09:00:00+00:00,3.4986,3.5352,3.4756,3.4817,20311440.6
2025-07-20 09:30:00+00:00,3.4816,3.5107,3.4797,3.4879,6332828.0
2025-07-20 10:00:00+00:00,3.488,3.5146,3.4856,3.5011,7243229.5
2025-07-20 10:30:00+00:00,3.5012,3.5247,3.4986,3.5095,6504746.8
2025-07-20 11:00:00+00:00,3.5094,3.5109,3.4842,3.4951,7428717.3
2025-07-20 11:30:00+00:00,3.4952,3.5127,3.4895,3.4987,5245727.3
2025-07-20 12:00:00+00:00,3.4988,3.5035,3.4782,3.4839,4410059.5
2025-07-20 12:30:00+00:00,3.4839,3.4962,3.4777,3.4903,2536102.4
2025-07-20 13:00:00+00:00,3.4903,3.5163,3.4867,3.4979,4273789.5
2025-07-20 13:30:00+00:00,3.4978,3.525,3.497,3.5231,4846017.5
2025-07-20 14:00:00+00:00,3.523,3.5282,3.4907,3.514,8251896.6
2025-07-20 14:30:00+00:00,3.5139,3.5466,3.5122,3.5385,10839558.5
2025-07-20 15:00:00+00:00,3.5386,3.5403,3.5106,3.5195,6189436.5
2025-07-20 15:30:00+00:00,3.5196,3.5323,3.5134,3.5183,3856162.9
2025-07-20 16:00:00+00:00,3.5182,3.535,3.501,3.518,7960047.1
2025-07-20 16:30:00+00:00,3.518,3.5367,3.5118,3.5164,5678714.2
2025-07-20 17:00:00+00:00,3.5164,3.5164,3.483,3.5091,6730034.5
2025-07-20 17:30:00+00:00,3.5091,3.5248,3.4938,3.4998,5124740.9
2025-07-20 18:00:00+00:00,3.4999,3.5248,3.4956,3.5215,4931808.4
2025-07-20 18:30:00+00:00,3.5216,3.5349,3.5077,3.5343,5473321.4
2025-07-20 19:00:00+00:00,3.5343,3.556,3.5313,3.5515,7903773.2
2025-07-20 19:30:00+00:00,3.5516,3.5579,3.5206,3.5234,4408910.4
2025-07-20 20:00:00+00:00,3.5235,3.5258,3.4906,3.5071,7138013.5
2025-07-20 20:30:00+00:00,3.507,3.5255,3.5025,3.5088,2553153.4
2025-07-20 21:00:00+00:00,3.5087,3.5135,3.4842,3.5041,4776113.3
2025-07-20 21:30:00+00:00,3.5042,3.5077,3.4884,3.5052,2420146.8
2025-07-20 22:00:00+00:00,3.5051,3.5078,3.4038,3.4484,20486076.2
2025-07-20 22:30:00+00:00,3.4484,3.4676,3.4334,3.4548,5472489.7
2025-07-20 23:00:00+00:00,3.4547,3.4565,3.4308,3.4458,4256542.2
2025-07-20 23:30:00+00:00,3.4458,3.4645,3.4361,3.454,2511053.6
2025-07-21 00:00:00+00:00,3.4541,3.458,3.4076,3.4324,7172423.9
2025-07-21 00:30:00+00:00,3.4323,3.4509,3.4231,3.4509,4368802.2
2025-07-21 01:00:00+00:00,3.4509,3.4615,3.4295,3.4365,4434818.1
2025-07-21 01:30:00+00:00,3.4366,3.4768,3.4254,3.4646,5713531.9
2025-07-21 02:00:00+00:00,3.4646,3.487,3.4646,3.4756,5555809.1
2025-07-21 02:30:00+00:00,3.4756,3.4845,3.4677,3.4845,3343696.0
2025-07-21 03:00:00+00:00,3.4845,3.4897,3.4738,3.4857,3359406.6
2025-07-21 03:30:00+00:00,3.4857,3.4882,3.476,3.4785,3386912.4
2025-07-21 04:00:00+00:00,3.4784,3.504,3.4716,3.5008,4127069.6
2025-07-21 04:30:00+00:00,3.5009,3.5077,3.4951,3.5044,3763260.9
2025-07-21 05:00:00+00:00,3.5045,3.5051,3.488,3.4926,2898528.3
2025-07-21 05:30:00+00:00,3.4926,3.5115,3.4902,3.5114,1970467.0
2025-07-21 06:00:00+00:00,3.5114,3.5694,3.5101,3.5693,14825129.7
2025-07-21 06:30:00+00:00,3.5693,3.5693,3.541,3.5593,8431172.3
2025-07-21 07:00:00+00:00,3.5593,3.575,3.55,3.5678,7183786.2
2025-07-21 07:30:00+00:00,3.5678,3.5809,3.5573,3.5663,4888547.9
2025-07-21 08:00:00+00:00,3.5664,3.5793,3.5588,3.5775,4092261.9
2025-07-21 08:30:00+00:00,3.5775,3.5797,3.5502,3.5581,3974128.2
2025-07-21 09:00:00+00:00,3.5582,3.576,3.5209,3.5441,6193331.8
2025-07-21 09:30:00+00:00,3.5441,3.5508,3.5282,3.5457,3620857.1
2025-07-21 10:00:00+00:00,3.5457,3.55,3.53,3.5317,3240636.4
2025-07-21 10:30:00+00:00,3.5317,3.5535,3.5271,3.5521,3491113.4
2025-07-21 11:00:00+00:00,3.552,3.5586,3.5451,3.5508,3521877.7
2025-07-21 11:30:00+00:00,3.5508,3.5556,3.5323,3.5329,3574095.8
2025-07-21 12:00:00+00:00,3.5329,3.5382,3.4996,3.5371,8249280.1
2025-07-21 12:30:00+00:00,3.5371,3.5483,3.5255,3.5378,3196984.0
2025-07-21 13:00:00+00:00,3.5378,3.5429,3.5158,3.5255,4307505.6
2025-07-21 13:30:00+00:00,3.5256,3.5745,3.5241,3.574,7365592.4
2025-07-21 14:00:00+00:00,3.574,3.6275,3.573,3.6261,17749510.2
2025-07-21 14:30:00+00:00,3.6261,3.6495,3.6049,3.64,11383948.9
2025-07-21 15:00:00+00:00,3.6399,3.6487,3.6116,3.6307,9087161.9
2025-07-21 15:30:00+00:00,3.6306,3.6329,3.6003,3.604,6892967.3
2025-07-21 16:00:00+00:00,3.604,3.6208,3.5419,3.5765,13114096.2
2025-07-21 16:30:00+00:00,3.5766,3.5981,3.5648,3.5912,6326405.0
2025-07-21 17:00:00+00:00,3.5911,3.6239,3.5873,3.5909,5336018.2
2025-07-21 17:30:00+00:00,3.5908,3.6095,3.5725,3.603,3571688.6
2025-07-21 18:00:00+00:00,3.6031,3.62,3.5999,3.6006,4024189.1
2025-07-21 18:30:00+00:00,3.6006,3.6028,3.5492,3.5531,8110065.0
2025-07-21 19:00:00+00:00,3.5531,3.5831,3.546,3.5483,4629039.8
2025-07-21 19:30:00+00:00,3.5483,3.5533,3.527,3.5465,6597048.5
2025-07-21 20:00:00+00:00,3.5465,3.5544,3.5337,3.5484,4469775.7
2025-07-21 20:30:00+00:00,3.5484,3.5596,3.5214,3.5223,3601046.4
2025-07-21 21:00:00+00:00,3.5222,3.5439,3.5117,3.5419,4676732.7
2025-07-21 21:30:00+00:00,3.5419,3.5563,3.5319,3.5516,1942927.9
2025-07-21 22:00:00+00:00,3.5516,3.5665,3.5498,3.5664,2259685.2
2025-07-21 22:30:00+00:00,3.5665,3.575,3.5626,3.5658,2233600.6
2025-07-21 23:00:00+00:00,3.5657,3.5673,3.5427,3.5518,1993032.3
2025-07-21 23:30:00+00:00,3.5519,3.5613,3.5445,3.5495,1480615.6
2025-07-22 00:00:00+00:00,3.5494,3.5712,3.5367,3.5661,3537678.5
2025-07-22 00:30:00+00:00,3.5662,3.5662,3.525,3.5299,4732855.1
2025-07-22 01:00:00+00:00,3.5299,3.5324,3.4618,3.5167,16340381.6
2025-07-22 01:30:00+00:00,3.5167,3.5608,3.5111,3.5494,6856713.8
2025-07-22 02:00:00+00:00,3.5495,3.5744,3.5312,3.5613,7444052.7
2025-07-22 02:30:00+00:00,3.5613,3.5692,3.5067,3.5162,6396381.9
2025-07-22 03:00:00+00:00,3.5162,3.5187,3.4835,3.502,7437209.4
2025-07-22 03:30:00+00:00,3.5021,3.5106,3.4732,3.5007,7086336.0
2025-07-22 04:00:00+00:00,3.5006,3.5034,3.4642,3.4762,7086734.3
2025-07-22 04:30:00+00:00,3.4762,3.494,3.4218,3.4229,15005485.5
2025-07-22 05:00:00+00:00,3.4229,3.4857,3.4222,3.4674,7735589.0
2025-07-22 05:30:00+00:00,3.4674,3.4759,3.4455,3.4601,5018002.4
2025-07-22 06:00:00+00:00,3.4601,3.4836,3.4495,3.4707,4631607.0
2025-07-22 06:30:00+00:00,3.4707,3.482,3.4569,3.4647,3187837.4
2025-07-22 07:00:00+00:00,3.4648,3.4994,3.4636,3.4959,4989592.0
2025-07-22 07:30:00+00:00,3.4958,3.4966,3.4647,3.4762,3357918.6
2025-07-22 08:00:00+00:00,3.4761,3.4761,3.4261,3.4323,8593910.7
2025-07-22 08:30:00+00:00,3.4323,3.473,3.4282,3.4681,4478044.7
2025-07-22 09:00:00+00:00,3.4681,3.4709,3.4297,3.4494,5152337.3
2025-07-22 09:30:00+00:00,3.4494,3.4826,3.4491,3.4727,3744857.7
2025-07-22 10:00:00+00:00,3.4726,3.4836,3.468,3.4829,2356621.4
2025-07-22 10:30:00+00:00,3.483,3.4979,3.4811,3.4979,2710433.4
2025-07-22 11:00:00+00:00,3.4979,3.5021,3.4869,3.502,3055039.6
2025-07-22 11:30:00+00:00,3.502,3.5225,3.4913,3.5198,3858343.7
2025-07-22 12:00:00+00:00,3.5198,3.525,3.5077,3.5119,3524650.9
2025-07-22 12:30:00+00:00,3.5119,3.5217,3.4978,3.5123,6916024.5
2025-07-22 13:00:00+00:00,3.5122,3.5371,3.5076,3.5211,4763600.6
2025-07-22 13:30:00+00:00,3.521,3.5339,3.4708,3.4777,10093690.9
2025-07-22 14:00:00+00:00,3.4777,3.495,3.4401,3.4923,8895556.6
2025-07-22 14:30:00+00:00,3.4922,3.522,3.483,3.5197,8545138.7
2025-07-22 15:00:00+00:00,3.5196,3.528,3.5089,3.5187,3274816.7
2025-07-22 15:30:00+00:00,3.5187,3.5247,3.5023,3.5076,2921928.0
2025-07-22 16:00:00+00:00,3.5076,3.5313,3.4916,3.5136,3751227.4
2025-07-22 16:30:00+00:00,3.5136,3.5282,3.5095,3.5272,2649926.4
2025-07-22 17:00:00+00:00,3.5272,3.5338,3.5075,3.5237,4598170.8
2025-07-22 17:30:00+00:00,3.5237,3.572,3.5173,3.5547,9891041.9
2025-07-22 18:00:00+00:00,3.5547,3.5707,3.5475,3.5676,4985661.5
2025-07-22 18:30:00+00:00,3.5676,3.5787,3.5482,3.5595,4296610.9
2025-07-22 19:00:00+00:00,3.5594,3.5707,3.553,3.5631,3530800.0
2025-07-22 19:30:00+00:00,3.5631,3.5631,3.5177,3.5177,4540890.7
2025-07-22 20:00:00+00:00,3.5177,3.549,3.5176,3.541,2941231.5
2025-07-22 20:30:00+00:00,3.5411,3.553,3.535,3.5408,1948492.0
2025-07-22 21:00:00+00:00,3.5408,3.5449,3.5245,3.5269,1501130.7
2025-07-22 21:30:00+00:00,3.5269,3.5325,3.513,3.5267,1660651.9
2025-07-22 22:00:00+00:00,3.5267,3.5438,3.5267,3.5429,1778236.0
2025-07-22 22:30:00+00:00,3.5428,3.545,3.5237,3.5266,1821954.2
2025-07-22 23:00:00+00:00,3.5266,3.552,3.5252,3.5486,2649033.4
2025-07-22 23:30:00+00:00,3.5487,3.5541,3.5462,3.5504,2390182.8
2025-07-23 00:00:00+00:00,3.5504,3.5519,3.5244,3.5254,3514137.1
2025-07-23 00:30:00+00:00,3.5254,3.533,3.5118,3.5169,4581729.6
2025-07-23 01:00:00+00:00,3.5169,3.5173,3.5,3.5094,4253319.1
2025-07-23 01:30:00+00:00,3.5094,3.5269,3.5081,3.5168,2529555.8
2025-07-23 02:00:00+00:00,3.5168,3.5177,3.5013,3.5123,3132122.8
2025-07-23 02:30:00+00:00,3.5123,3.5186,3.4948,3.506,4576570.3
2025-07-23 03:00:00+00:00,3.506,3.508,3.4954,3.502,2885213.0
2025-07-23 03:30:00+00:00,3.502,3.5062,3.488,3.4915,3216009.2
2025-07-23 04:00:00+00:00,3.4915,3.5006,3.482,3.4993,3653529.9
2025-07-23 04:30:00+00:00,3.4993,3.5107,3.4971,3.5102,2521425.8
2025-07-23 05:00:00+00:00,3.5101,3.5102,3.4941,3.5001,4613054.4
2025-07-23 05:30:00+00:00,3.5001,3.5075,3.4895,3.4923,3772999.7
2025-07-23 06:00:00+00:00,3.4923,3.4923,3.47,3.4832,4036034.6
2025-07-23 06:30:00+00:00,3.4831,3.4843,3.4687,3.4824,3380283.1
2025-07-23 07:00:00+00:00,3.4825,3.4837,3.4736,3.4804,2609650.7
2025-07-23 07:30:00+00:00,3.4804,3.4834,3.4607,3.4678,3486589.0
2025-07-23 08:00:00+00:00,3.4677,3.4735,3.4627,3.467,2168566.8
2025-07-23 08:30:00+00:00,3.4671,3.474,3.4565,3.474,2314613.9
2025-07-23 09:00:00+00:00,3.4739,3.4755,3.4465,3.4475,4903298.6
2025-07-23 09:30:00+00:00,3.4476,3.4579,3.4416,3.4491,3811620.1
2025-07-23 10:00:00+00:00,3.4491,3.4492,3.4304,3.4425,6923650.1
2025-07-23 10:30:00+00:00,3.4425,3.4543,3.4355,3.4506,4416594.9
2025-07-23 11:00:00+00:00,3.4505,3.4567,3.4367,3.455,3726896.6
2025-07-23 11:30:00+00:00,3.455,3.4556,3.4442,3.4504,2553329.5
2025-07-23 12:00:00+00:00,3.4504,3.4504,3.4342,3.4418,3895391.6
2025-07-23 12:30:00+00:00,3.4418,3.4471,3.3069,3.3459,28813380.6
2025-07-23 13:00:00+00:00,3.346,3.3696,3.3147,3.3691,17787186.5
2025-07-23 13:30:00+00:00,3.369,3.369,3.2204,3.2634,44741546.3
2025-07-23 14:00:00+00:00,3.2634,3.3449,3.2499,3.3157,18828350.2
2025-07-23 14:30:00+00:00,3.3158,3.3183,3.285,3.3038,7995926.1
2025-07-23 15:00:00+00:00,3.3038,3.3121,3.2649,3.2856,9348122.7
2025-07-23 15:30:00+00:00,3.2855,3.3311,3.28,3.3224,8189508.5
2025-07-23 16:00:00+00:00,3.3224,3.3224,3.2673,3.2818,8095981.8
2025-07-23 16:30:00+00:00,3.2818,3.2824,3.2269,3.2296,11896244.8
2025-07-23 17:00:00+00:00,3.2297,3.2473,3.1597,3.1938,32242686.5
2025-07-23 17:30:00+00:00,3.1939,3.2465,3.1727,3.2403,10905580.3
2025-07-23 18:00:00+00:00,3.2404,3.2635,3.2336,3.2384,5535210.5
2025-07-23 18:30:00+00:00,3.2384,3.2534,3.2325,3.2508,4250441.3
2025-07-23 19:00:00+00:00,3.2508,3.2533,3.2243,3.2256,7222172.3
2025-07-23 19:30:00+00:00,3.2255,3.2327,3.1816,3.1838,6866063.6
2025-07-23 20:00:00+00:00,3.1838,3.2161,3.125,3.1425,16698239.0
2025-07-23 20:30:00+00:00,3.1426,3.1519,3.02,3.1467,36801411.6
2025-07-23 21:00:00+00:00,3.1468,3.176,3.0559,3.1032,16185580.9
2025-07-23 21:30:00+00:00,3.1032,3.1534,3.0487,3.1369,15921918.8
2025-07-23 22:00:00+00:00,3.1369,3.1765,3.1,3.1765,11219555.1
2025-07-23 22:30:00+00:00,3.1765,3.1989,3.1644,3.1747,13824904.1
2025-07-23 23:00:00+00:00,3.1747,3.2037,3.1717,3.1969,8390178.1
2025-07-23 23:30:00+00:00,3.1968,3.1994,3.1726,3.1838,11160285.5
2025-07-24 00:00:00+00:00,3.1839,3.2302,3.15,3.2129,14387982.1
2025-07-24 00:30:00+00:00,3.2129,3.2289,3.2014,3.2231,7463094.4
2025-07-24 01:00:00+00:00,3.2231,3.2231,3.2029,3.2076,5117570.9
2025-07-24 01:30:00+00:00,3.2076,3.2322,3.1842,3.2311,5022092.5
2025-07-24 02:00:00+00:00,3.2311,3.2373,3.2004,3.2021,3781237.0
2025-07-24 02:30:00+00:00,3.2021,3.2267,3.1938,3.1977,5036283.6
2025-07-24 03:00:00+00:00,3.1977,3.2258,3.1896,3.2252,4193678.8
2025-07-24 03:30:00+00:00,3.2252,3.2303,3.1851,3.192,4213612.6
2025-07-24 04:00:00+00:00,3.192,3.1965,3.1582,3.1642,8595814.5
2025-07-24 04:30:00+00:00,3.1642,3.1691,3.1161,3.1253,14190317.1
2025-07-24 05:00:00+00:00,3.1253,3.1308,3.0678,3.0749,17148406.6
2025-07-24 05:30:00+00:00,3.075,3.1172,3.0318,3.036,15600803.1
2025-07-24 06:00:00+00:00,3.0361,3.1028,3.032,3.0969,11270660.4
2025-07-24 06:30:00+00:00,3.0969,3.1017,2.9555,3.0126,22542652.9
2025-07-24 07:00:00+00:00,3.0125,3.0623,2.9655,3.0507,17211130.3
2025-07-24 07:30:00+00:00,3.0506,3.08,3.0262,3.075,7950684.7
2025-07-24 08:00:00+00:00,3.075,3.1087,3.055,3.0884,8903628.0
2025-07-24 08:30:00+00:00,3.0885,3.11,3.0858,3.1013,5073428.7
2025-07-24 09:00:00+00:00,3.1014,3.1163,3.0893,3.1075,5084648.8
2025-07-24 09:30:00+00:00,3.1075,3.1198,3.0875,3.1155,5890040.7
2025-07-24 10:00:00+00:00,3.1155,3.1312,3.0838,3.086,7219722.2
2025-07-24 10:30:00+00:00,3.0861,3.1088,3.0652,3.1037,7292727.8
2025-07-24 11:00:00+00:00,3.1038,3.1594,3.0959,3.1551,11979080.7
2025-07-24 11:30:00+00:00,3.1552,3.1788,3.1458,3.1685,13289265.1
2025-07-24 12:00:00+00:00,3.1684,3.1802,3.1483,3.1656,4973654.3
2025-07-24 12:30:00+00:00,3.1655,3.1706,3.1375,3.1614,5168646.5
2025-07-24 13:00:00+00:00,3.1615,3.1835,3.1485,3.1784,4755703.4
2025-07-24 13:30:00+00:00,3.1784,3.1925,3.1317,3.1348,9098128.4
2025-07-24 14:00:00+00:00,3.1348,3.1588,3.1185,3.1549,7228960.5
2025-07-24 14:30:00+00:00,3.1549,3.2488,3.1537,3.243,15307660.7
2025-07-24 15:00:00+00:00,3.243,3.2651,3.2287,3.2303,14275956.3
2025-07-24 15:30:00+00:00,3.2303,3.2374,3.21,3.2261,6719810.0
2025-07-24 16:00:00+00:00,3.2261,3.2317,3.1854,3.1863,7232597.9
2025-07-24 16:30:00+00:00,3.1863,3.2064,3.1686,3.1958,6697573.3
2025-07-24 17:00:00+00:00,3.1958,3.2292,3.1923,3.2212,4679603.2
2025-07-24 17:30:00+00:00,3.2213,3.243,3.2213,3.2277,3202990.8
2025-07-24 18:00:00+00:00,3.2276,3.2521,3.2156,3.2446,4846835.9
2025-07-24 18:30:00+00:00,3.2446,3.2506,3.2285,3.2377,3570333.3
2025-07-24 19:00:00+00:00,3.2377,3.2603,3.236,3.2496,4677631.3
2025-07-24 19:30:00+00:00,3.2496,3.2502,3.2087,3.2087,4006594.3
2025-07-24 20:00:00+00:00,3.2087,3.2293,3.2082,3.2252,3428347.1
2025-07-24 20:30:00+00:00,3.2253,3.2426,3.2157,3.2287,4485941.2
2025-07-24 21:00:00+00:00,3.2288,3.2306,3.1965,3.2016,4413663.5
2025-07-24 21:30:00+00:00,3.2016,3.203,3.183,3.1832,3263435.8
2025-07-24 22:00:00+00:00,3.1833,3.1966,3.1715,3.1898,3796941.5
2025-07-24 22:30:00+00:00,3.1898,3.1948,3.1757,3.1775,2323678.5
2025-07-24 23:00:00+00:00,3.1775,3.1775,3.1364,3.142,5491474.6
2025-07-24 23:30:00+00:00,3.1421,3.148,3.126,3.1453,4351737.6
2025-07-25 00:00:00+00:00,3.1454,3.1566,3.1069,3.1319,5837190.5
2025-07-25 00:30:00+00:00,3.1318,3.132,3.092,3.1065,4878190.0
2025-07-25 01:00:00+00:00,3.1065,3.1306,3.0992,3.1239,2816588.8
2025-07-25 01:30:00+00:00,3.1238,3.1618,3.112,3.149,3165542.2
2025-07-25 02:00:00+00:00,3.149,3.1553,3.1243,3.1315,3195217.1
2025-07-25 02:30:00+00:00,3.1316,3.1341,3.0676,3.0756,7853710.1
2025-07-25 03:00:00+00:00,3.0756,3.1071,3.0606,3.0886,6452185.4
2025-07-25 03:30:00+00:00,3.0886,3.0886,3.0447,3.0689,9710467.2
2025-07-25 04:00:00+00:00,3.0689,3.0852,3.0467,3.0763,5581677.8
2025-07-25 04:30:00+00:00,3.0763,3.1187,3.0747,3.1143,5052986.9
2025-07-25 05:00:00+00:00,3.1144,3.118,3.089,3.1016,4926337.1
2025-07-25 05:30:00+00:00,3.1016,3.1016,3.0705,3.0761,4458182.8
2025-07-25 06:00:00+00:00,3.0762,3.0793,3.045,3.0683,5658404.7
2025-07-25 06:30:00+00:00,3.0683,3.0897,3.0604,3.0733,4069895.9
2025-07-25 07:00:00+00:00,3.0732,3.1045,3.0556,3.078,6749448.4
2025-07-25 07:30:00+00:00,3.0779,3.0912,3.0353,3.0745,7239585.7
2025-07-25 08:00:00+00:00,3.0745,3.1095,3.0662,3.0993,5677330.3
2025-07-25 08:30:00+00:00,3.0993,3.1004,3.0632,3.0804,3697602.9
2025-07-25 09:00:00+00:00,3.0805,3.1137,3.0658,3.1137,4215532.8
2025-07-25 09:30:00+00:00,3.1137,3.1433,3.1033,3.1351,6914311.0
2025-07-25 10:00:00+00:00,3.1351,3.145,3.1095,3.1131,5427158.1
2025-07-25 10:30:00+00:00,3.1131,3.1349,3.1123,3.1286,3166256.3
2025-07-25 11:00:00+00:00,3.1287,3.1534,3.1285,3.1497,3442459.2
2025-07-25 11:30:00+00:00,3.1496,3.153,3.1262,3.1346,2610339.7
2025-07-25 12:00:00+00:00,3.1346,3.1523,3.1043,3.1055,4033953.8
2025-07-25 12:30:00+00:00,3.1056,3.131,3.0971,3.1231,4423702.4
2025-07-25 13:00:00+00:00,3.1231,3.13,3.1122,3.1216,2422193.7
2025-07-25 13:30:00+00:00,3.1216,3.1383,3.0947,3.1196,5130218.6
2025-07-25 14:00:00+00:00,3.1197,3.122,3.0484,3.0619,9564765.4
2025-07-25 14:30:00+00:00,3.0619,3.0666,3.0,3.0057,18016586.7
2025-07-25 15:00:00+00:00,3.0057,3.0461,2.9981,3.0358,12100496.7
2025-07-25 15:30:00+00:00,3.0357,3.045,3.0083,3.0375,8137676.0
2025-07-25 16:00:00+00:00,3.0375,3.0522,3.0261,3.0385,4555664.7
2025-07-25 16:30:00+00:00,3.0384,3.0634,3.0254,3.0587,3269675.1
2025-07-25 17:00:00+00:00,3.0586,3.0716,3.0496,3.0627,3188761.1
2025-07-25 17:30:00+00:00,3.0628,3.0699,3.0487,3.0603,2205586.6
2025-07-25 18:00:00+00:00,3.0602,3.0774,3.0554,3.0633,3151261.2
2025-07-25 18:30:00+00:00,3.0634,3.0773,3.0555,3.0709,1855165.7
2025-07-25 19:00:00+00:00,3.071,3.0814,3.0654,3.0709,2116723.6
2025-07-25 19:30:00+00:00,3.0709,3.0976,3.0704,3.0707,2995828.8
2025-07-25 20:00:00+00:00,3.0708,3.1102,3.0708,3.1094,2856369.0
2025-07-25 20:30:00+00:00,3.1094,3.133,3.1053,3.1218,4916795.0
2025-07-25 21:00:00+00:00,3.1218,3.149,3.1218,3.1425,4072335.9
2025-07-25 21:30:00+00:00,3.1425,3.146,3.1286,3.1398,3558739.5
2025-07-25 22:00:00+00:00,3.1399,3.146,3.1345,3.1436,3030152.6
2025-07-25 22:30:00+00:00,3.1436,3.1507,3.1392,3.1444,2277683.1
2025-07-25 23:00:00+00:00,3.1444,3.145,3.1364,3.1392,1718609.0
2025-07-25 23:30:00+00:00,3.1392,3.1425,3.1321,3.1423,1885276.8
2025-07-26 00:00:00+00:00,3.1422,3.1434,3.1243,3.1395,3094878.7
2025-07-26 00:30:00+00:00,3.1395,3.1443,3.1287,3.135,1485303.7
2025-07-26 01:00:00+00:00,3.135,3.1396,3.128,3.1315,1440174.0
2025-07-26 01:30:00+00:00,3.1315,3.134,3.1088,3.1119,3167854.3
2025-07-26 02:00:00+00:00,3.112,3.146,3.112,3.1455,2014370.6
2025-07-26 02:30:00+00:00,3.1454,3.1635,3.1401,3.1517,3793963.7
2025-07-26 03:00:00+00:00,3.1516,3.1529,3.1354,3.1362,1536550.2
2025-07-26 03:30:00+00:00,3.1361,3.1479,3.1358,3.144,928500.5
2025-07-26 04:00:00+00:00,3.144,3.1497,3.1389,3.1494,1786566.9
2025-07-26 04:30:00+00:00,3.1493,3.1576,3.1479,3.1485,1885548.5
2025-07-26 05:00:00+00:00,3.1484,3.1609,3.1412,3.1609,1567806.4
2025-07-26 05:30:00+00:00,3.1608,3.1766,3.1594,3.1719,3768025.0
2025-07-26 06:00:00+00:00,3.1719,3.1734,3.1575,3.1619,2392242.9
2025-07-26 06:30:00+00:00,3.162,3.1665,3.1532,3.1576,1323208.7
2025-07-26 07:00:00+00:00,3.1575,3.1662,3.1558,3.1608,991961.2
2025-07-26 07:30:00+00:00,3.1608,3.163,3.1525,3.1551,752171.6
2025-07-26 08:00:00+00:00,3.1552,3.1712,3.1541,3.1685,982891.7
2025-07-26 08:30:00+00:00,3.1684,3.1794,3.1634,3.1749,2074660.4
2025-07-26 09:00:00+00:00,3.175,3.1859,3.1715,3.1797,2830462.6
2025-07-26 09:30:00+00:00,3.1797,3.1981,3.1757,3.1939,3201688.1
2025-07-26 10:00:00+00:00,3.1938,3.2103,3.1932,3.1965,3585532.8
2025-07-26 10:30:00+00:00,3.1964,3.2111,3.1964,3.1999,4812284.3
2025-07-26 11:00:00+00:00,3.2,3.2026,3.1845,3.1888,3250444.9
2025-07-26 11:30:00+00:00,3.1888,3.195,3.1776,3.1855,2699959.8
2025-07-26 12:00:00+00:00,3.1856,3.1956,3.1779,3.1909,1872459.7
2025-07-26 12:30:00+00:00,3.191,3.199,3.1859,3.1904,1536108.4
2025-07-26 13:00:00+00:00,3.1905,3.1905,3.1782,3.1802,1710521.8
2025-07-26 13:30:00+00:00,3.1803,3.1985,3.1782,3.1874,1670744.2
2025-07-26 14:00:00+00:00,3.1874,3.1975,3.1816,3.1839,1588056.1
2025-07-26 14:30:00+00:00,3.184,3.1932,3.1778,3.1811,1834022.9
2025-07-26 15:00:00+00:00,3.1811,3.1887,3.1761,3.184,2165579.5
2025-07-26 15:30:00+00:00,3.184,3.1928,3.179,3.1921,1462043.3
2025-07-26 16:00:00+00:00,3.1921,3.2181,3.1913,3.2097,4750172.6
2025-07-26 16:30:00+00:00,3.2098,3.2136,3.1845,3.192,2687638.1
2025-07-26 17:00:00+00:00,3.192,3.1946,3.1777,3.1875,2103106.5
2025-07-26 17:30:00+00:00,3.1874,3.1875,3.1651,3.1727,1940257.9
2025-07-26 18:00:00+00:00,3.1727,3.1782,3.1584,3.168,2037027.9
2025-07-26 18:30:00+00:00,3.1679,3.182,3.1677,3.1753,2304146.5
2025-07-26 19:00:00+00:00,3.1752,3.1835,3.1729,3.1834,1113014.1
2025-07-26 19:30:00+00:00,3.1835,3.1962,3.1795,3.1911,979276.9
2025-07-26 20:00:00+00:00,3.1911,3.192,3.1705,3.1706,875832.2
2025-07-26 20:30:00+00:00,3.1706,3.1861,3.1684,3.1829,918275.9
2025-07-26 21:00:00+00:00,3.1828,3.1828,3.1718,3.1784,788019.1
2025-07-26 21:30:00+00:00,3.1785,3.1953,3.1784,3.1925,884202.9
2025-07-26 22:00:00+00:00,3.1924,3.2098,3.1884,3.1926,2420228.1
2025-07-26 22:30:00+00:00,3.1925,3.1964,3.1802,3.1819,1354559.2
2025-07-26 23:00:00+00:00,3.1819,3.1821,3.1713,3.1766,1151774.3
2025-07-26 23:30:00+00:00,3.1766,3.1766,3.1637,3.1662,1317103.9
2025-07-27 00:00:00+00:00,3.1662,3.1833,3.1564,3.1761,2891939.2
2025-07-27 00:30:00+00:00,3.1761,3.1817,3.1648,3.1815,970948.0
2025-07-27 01:00:00+00:00,3.1815,3.1996,3.1751,3.1982,2133704.7
2025-07-27 01:30:00+00:00,3.1983,3.2025,3.1862,3.187,1910638.1
2025-07-27 02:00:00+00:00,3.187,3.1974,3.1773,3.1929,920736.1
2025-07-27 02:30:00+00:00,3.1928,3.2064,3.1906,3.1981,1340221.3
2025-07-27 03:00:00+00:00,3.1982,3.2007,3.1825,3.1905,1174279.8
2025-07-27 03:30:00+00:00,3.1905,3.2049,3.1893,3.1994,1403657.8
2025-07-27 04:00:00+00:00,3.1994,3.2179,3.1917,3.2106,2702086.1
2025-07-27 04:30:00+00:00,3.2105,3.2195,3.2043,3.2096,1314313.6
2025-07-27 05:00:00+00:00,3.2097,3.2356,3.2057,3.2321,3850260.0
2025-07-27 05:30:00+00:00,3.2321,3.2387,3.2172,3.2226,3273715.9
2025-07-27 06:00:00+00:00,3.2226,3.2232,3.2032,3.2054,1638813.9
2025-07-27 06:30:00+00:00,3.2054,3.2139,3.1986,3.2016,1709414.7
2025-07-27 07:00:00+00:00,3.2016,3.2048,3.1938,3.1982,1613435.2
2025-07-27 07:30:00+00:00,3.1981,3.199,3.1858,3.1897,2182004.4
2025-07-27 08:00:00+00:00,3.1897,3.1931,3.1786,3.1792,2008896.2
2025-07-27 08:30:00+00:00,3.1792,3.1875,3.1732,3.1848,2620332.1
2025-07-27 09:00:00+00:00,3.1848,3.1906,3.1772,3.1796,1499633.1
2025-07-27 09:30:00+00:00,3.1796,3.1849,3.1674,3.1711,2141618.9
2025-07-27 10:00:00+00:00,3.1711,3.188,3.1704,3.1784,1301130.6
2025-07-27 10:30:00+00:00,3.1784,3.21,3.1761,3.2026,2399011.7
2025-07-27 11:00:00+00:00,3.2026,3.2148,3.1941,3.1983,3424458.6
2025-07-27 11:30:00+00:00,3.1983,3.2,3.1743,3.1802,2113676.7
2025-07-27 12:00:00+00:00,3.1802,3.1863,3.1721,3.1735,2385359.0
2025-07-27 12:30:00+00:00,3.1736,3.1977,3.163,3.1947,4158809.7
2025-07-27 13:00:00+00:00,3.1947,3.2074,3.1907,3.2072,3096471.4
2025-07-27 13:30:00+00:00,3.2073,3.2077,3.1836,3.1861,2182999.1
2025-07-27 14:00:00+00:00,3.1861,3.2018,3.1807,3.1956,1982445.3
2025-07-27 14:30:00+00:00,3.1956,3.199,3.1712,3.1803,2989929.4
2025-07-27 15:00:00+00:00,3.1803,3.1843,3.1675,3.1771,3850008.4
2025-07-27 15:30:00+00:00,3.1771,3.1878,3.1705,3.1866,2110554.7
2025-07-27 16:00:00+00:00,3.1866,3.2275,3.185,3.2254,8482397.2
2025-07-27 16:30:00+00:00,3.2255,3.2288,3.1841,3.196,4035474.9
2025-07-27 17:00:00+00:00,3.1961,3.199,3.1768,3.193,4596547.7
2025-07-27 17:30:00+00:00,3.193,3.2099,3.18,3.2055,6470784.8
2025-07-27 18:00:00+00:00,3.2055,3.2129,3.1958,3.2094,2823920.1
2025-07-27 18:30:00+00:00,3.2094,3.2147,3.1996,3.2129,2015869.8
2025-07-27 19:00:00+00:00,3.2129,3.217,3.199,3.2039,2051047.6
2025-07-27 19:30:00+00:00,3.2038,3.2173,3.1994,3.2088,2623371.5
2025-07-27 20:00:00+00:00,3.2089,3.231,3.2078,3.2287,3647735.9
2025-07-27 20:30:00+00:00,3.2288,3.2291,3.1946,3.2024,2464788.1
2025-07-27 21:00:00+00:00,3.2025,3.2053,3.1893,3.202,2324714.0
2025-07-27 21:30:00+00:00,3.202,3.2188,3.1983,3.2157,1512926.2
2025-07-27 22:00:00+00:00,3.2158,3.2515,3.2134,3.2428,7422020.3
2025-07-27 22:30:00+00:00,3.2428,3.2503,3.2345,3.2346,2695270.8
2025-07-27 23:00:00+00:00,3.2345,3.2353,3.2072,3.2302,4015375.8
2025-07-27 23:30:00+00:00,3.2302,3.2439,3.2195,3.2389,1971459.7
2025-07-28 00:00:00+00:00,3.239,3.2855,3.2237,3.2854,6840947.8
2025-07-28 00:30:00+00:00,3.2854,3.2864,3.2528,3.262,6204108.0
2025-07-28 01:00:00+00:00,3.2621,3.2695,3.2378,3.2433,3786629.5
2025-07-28 01:30:00+00:00,3.2432,3.2447,3.2224,3.2446,3850952.7
2025-07-28 02:00:00+00:00,3.2447,3.265,3.237,3.264,3843833.7
2025-07-28 02:30:00+00:00,3.264,3.2928,3.2595,3.269,6392822.9
2025-07-28 03:00:00+00:00,3.2689,3.2789,3.2494,3.2533,3296470.7
2025-07-28 03:30:00+00:00,3.2534,3.2798,3.2519,3.2693,2992797.8
2025-07-28 04:00:00+00:00,3.2693,3.2755,3.25,3.2641,2892806.8
2025-07-28 04:30:00+00:00,3.264,3.2754,3.2565,3.2724,2250970.0
2025-07-28 05:00:00+00:00,3.2725,3.2968,3.2645,3.2916,4444614.3
2025-07-28 05:30:00+00:00,3.2916,3.3308,3.2793,3.3192,9441491.6
2025-07-28 06:00:00+00:00,3.3192,3.3255,3.2958,3.2966,4396288.7
2025-07-28 06:30:00+00:00,3.2967,3.3051,3.2846,3.2898,5140139.4
2025-07-28 07:00:00+00:00,3.2898,3.2942,3.2596,3.2835,7126227.4
2025-07-28 07:30:00+00:00,3.2834,3.2834,3.266,3.2737,3594001.6
2025-07-28 08:00:00+00:00,3.2736,3.2777,3.2564,3.2642,4526524.8
2025-07-28 08:30:00+00:00,3.2641,3.2657,3.25,3.2637,3969895.5
2025-07-28 09:00:00+00:00,3.2638,3.2642,3.2481,3.2571,3780679.9
2025-07-28 09:30:00+00:00,3.2571,3.2612,3.2388,3.2533,4786608.5
2025-07-28 10:00:00+00:00,3.2533,3.2577,3.2411,3.2527,2102970.6
2025-07-28 10:30:00+00:00,3.2527,3.2527,3.2319,3.2389,3423408.2
2025-07-28 11:00:00+00:00,3.2389,3.2393,3.2243,3.225,2558709.9
2025-07-28 11:30:00+00:00,3.225,3.2497,3.2241,3.2448,3852211.1
2025-07-28 12:00:00+00:00,3.2449,3.2495,3.2316,3.2414,3888834.9
2025-07-28 12:30:00+00:00,3.2414,3.2466,3.2253,3.23,4139969.9
2025-07-28 13:00:00+00:00,3.23,3.2309,3.1789,3.1894,10440620.1
2025-07-28 13:30:00+00:00,3.1894,3.2087,3.1728,3.1914,7152961.9
2025-07-28 14:00:00+00:00,3.1914,3.2011,3.1425,3.1544,10393899.6
2025-07-28 14:30:00+00:00,3.1545,3.169,3.1405,3.1556,5509711.3
2025-07-28 15:00:00+00:00,3.1556,3.1772,3.1542,3.1758,5244959.7
2025-07-28 15:30:00+00:00,3.1758,3.1807,3.146,3.1601,5083883.8
2025-07-28 16:00:00+00:00,3.1601,3.1705,3.1466,3.1665,4594646.7
2025-07-28 16:30:00+00:00,3.1665,3.1856,3.1593,3.1704,4546076.3
2025-07-28 17:00:00+00:00,3.1705,3.179,3.157,3.1777,3220872.7
2025-07-28 17:30:00+00:00,3.1777,3.1818,3.1543,3.1577,2373227.4
2025-07-28 18:00:00+00:00,3.1577,3.1608,3.1222,3.1358,9196856.0
2025-07-28 18:30:00+00:00,3.1358,3.1498,3.1141,3.1427,6152984.8
2025-07-28 19:00:00+00:00,3.1426,3.1632,3.1422,3.1603,3704031.6
2025-07-28 19:30:00+00:00,3.1603,3.1607,3.1314,3.1607,3771079.1
2025-07-28 20:00:00+00:00,3.1607,3.164,3.1111,3.1151,5379890.8
2025-07-28 20:30:00+00:00,3.1152,3.1512,3.1142,3.1416,3834246.7
2025-07-28 21:00:00+00:00,3.1416,3.1534,3.1307,3.1455,3793669.2
2025-07-28 21:30:00+00:00,3.1454,3.1624,3.1327,3.1437,3208511.7
2025-07-28 22:00:00+00:00,3.1436,3.1583,3.1307,3.1373,3233408.1
2025-07-28 22:30:00+00:00,3.1374,3.1418,3.1076,3.1329,3228193.9
2025-07-28 23:00:00+00:00,3.133,3.1459,3.1196,3.1221,2298695.1
2025-07-28 23:30:00+00:00,3.1221,3.1318,3.1073,3.1235,1936269.6
2025-07-29 00:00:00+00:00,3.1235,3.1482,3.1172,3.1284,2087827.0
2025-07-29 00:30:00+00:00,3.1284,3.1381,3.0788,3.1253,7100545.8
2025-07-29 01:00:00+00:00,3.1253,3.1418,3.1153,3.1357,2038244.2
2025-07-29 01:30:00+00:00,3.1356,3.142,3.1143,3.1162,1377221.2
2025-07-29 02:00:00+00:00,3.1162,3.1346,3.0948,3.1252,4552931.9
2025-07-29 02:30:00+00:00,3.1252,3.1254,3.0984,3.1098,3071940.5
2025-07-29 03:00:00+00:00,3.1098,3.135,3.1094,3.1224,2405445.7
2025-07-29 03:30:00+00:00,3.1223,3.1437,3.1156,3.1406,2500025.5
2025-07-29 04:00:00+00:00,3.1407,3.1469,3.1373,3.1411,1963511.2
2025-07-29 04:30:00+00:00,3.1411,3.1442,3.1222,3.1253,2005329.0
2025-07-29 05:00:00+00:00,3.1252,3.1401,3.1234,3.1384,1429757.1
2025-07-29 05:30:00+00:00,3.1384,3.1483,3.134,3.1464,1578213.2
2025-07-29 06:00:00+00:00,3.1463,3.1576,3.1375,3.1539,2737640.6
2025-07-29 06:30:00+00:00,3.1538,3.1636,3.15,3.1539,4477943.8
2025-07-29 07:00:00+00:00,3.154,3.1642,3.1528,3.1576,2838763.5
2025-07-29 07:30:00+00:00,3.1577,3.1823,3.157,3.1753,3967008.1
2025-07-29 08:00:00+00:00,3.1754,3.1848,3.1658,3.1668,2568177.4
2025-07-29 08:30:00+00:00,3.1667,3.1856,3.1667,3.1748,2112828.2
2025-07-29 09:00:00+00:00,3.1748,3.176,3.1503,3.1641,3339060.6
2025-07-29 09:30:00+00:00,3.164,3.1666,3.1492,3.1605,4190294.0
2025-07-29 10:00:00+00:00,3.1605,3.1627,3.1341,3.1423,3289136.8
2025-07-29 10:30:00+00:00,3.1424,3.1509,3.1133,3.1182,3693988.7
2025-07-29 11:00:00+00:00,3.1181,3.1361,3.1134,3.134,2423250.9
2025-07-29 11:30:00+00:00,3.1339,3.1415,3.1266,3.1376,1447325.9
2025-07-29 12:00:00+00:00,3.1376,3.1582,3.1356,3.1533,2881123.2
2025-07-29 12:30:00+00:00,3.1533,3.1703,3.1433,3.1625,4401316.2
2025-07-29 13:00:00+00:00,3.1626,3.1749,3.153,3.1694,2826241.9
2025-07-29 13:30:00+00:00,3.1694,3.171,3.1329,3.14,2843374.2
2025-07-29 14:00:00+00:00,3.1401,3.1414,3.101,3.1268,8815607.7
2025-07-29 14:30:00+00:00,3.1268,3.1307,3.0867,3.1038,4954294.1
2025-07-29 15:00:00+00:00,3.1037,3.1169,3.0924,3.0931,5889399.2
2025-07-29 15:30:00+00:00,3.0932,3.1112,3.0768,3.0987,8446716.4
2025-07-29 16:00:00+00:00,3.0987,3.1032,3.063,3.0763,7314225.4
2025-07-29 16:30:00+00:00,3.0763,3.1079,3.0533,3.1072,7126518.5
2025-07-29 17:00:00+00:00,3.1072,3.1514,3.1056,3.15,5857805.1
2025-07-29 17:30:00+00:00,3.1499,3.1523,3.1349,3.147,2804149.4
2025-07-29 18:00:00+00:00,3.1471,3.1585,3.1357,3.1584,3237028.8
2025-07-29 18:30:00+00:00,3.1584,3.1624,3.1341,3.1406,1758257.0
2025-07-29 19:00:00+00:00,3.1406,3.1488,3.1152,3.1207,2553827.1
2025-07-29 19:30:00+00:00,3.1207,3.1338,3.1163,3.12,1354994.1
2025-07-29 20:00:00+00:00,3.1201,3.1307,3.0952,3.1119,3993142.4
2025-07-29 20:30:00+00:00,3.1119,3.1174,3.094,3.1173,2326755.3
2025-07-29 21:00:00+00:00,3.1174,3.1187,3.0972,3.1047,1908529.4
2025-07-29 21:30:00+00:00,3.1046,3.1336,3.1031,3.1249,1162966.9
2025-07-29 22:00:00+00:00,3.125,3.1276,3.1063,3.122,1628440.2
2025-07-29 22:30:00+00:00,3.1219,3.128,3.117,3.1252,1004878.5
2025-07-29 23:00:00+00:00,3.1253,3.1352,3.1211,3.1329,1648747.1
2025-07-29 23:30:00+00:00,3.1328,3.1374,3.1226,3.128,1496221.0
2025-07-30 00:00:00+00:00,3.1281,3.1321,3.1136,3.1153,1314488.4
2025-07-30 00:30:00+00:00,3.1152,3.1228,3.103,3.1219,1554989.6
2025-07-30 01:00:00+00:00,3.1218,3.1237,3.0932,3.1027,2072797.5
2025-07-30 01:30:00+00:00,3.1027,3.145,3.0994,3.132,2028951.2
2025-07-30 02:00:00+00:00,3.1319,3.1454,3.1221,3.1307,1833841.4
2025-07-30 02:30:00+00:00,3.1306,3.1462,3.1241,3.1403,1426771.6
2025-07-30 03:00:00+00:00,3.1403,3.1453,3.1301,3.1434,1058287.5
2025-07-30 03:30:00+00:00,3.1435,3.15,3.1371,3.1382,1235881.5
2025-07-30 04:00:00+00:00,3.1381,3.147,3.1362,3.1399,929712.7
2025-07-30 04:30:00+00:00,3.1399,3.1399,3.1129,3.1195,1952539.5
2025-07-30 05:00:00+00:00,3.1195,3.1242,3.1042,3.1206,1679971.1
2025-07-30 05:30:00+00:00,3.1207,3.1339,3.1156,3.1338,1029701.8
2025-07-30 06:00:00+00:00,3.1338,3.1432,3.1331,3.1388,2708641.6
2025-07-30 06:30:00+00:00,3.1388,3.1428,3.1295,3.1389,1692473.0
2025-07-30 07:00:00+00:00,3.1388,3.1453,3.1194,3.129,2557402.4
2025-07-30 07:30:00+00:00,3.1291,3.1333,3.11,3.1202,2678372.9
2025-07-30 08:00:00+00:00,3.1201,3.1336,3.109,3.1194,3425226.1
2025-07-30 08:30:00+00:00,3.1193,3.1408,3.11,3.1261,3412842.4
2025-07-30 09:00:00+00:00,3.1262,3.1289,3.1042,3.1057,3154921.7
2025-07-30 09:30:00+00:00,3.1058,3.1062,3.0913,3.0982,3804864.1
2025-07-30 10:00:00+00:00,3.0982,3.1154,3.098,3.1119,1316647.5
2025-07-30 10:30:00+00:00,3.1119,3.1196,3.085,3.0899,2332869.4
2025-07-30 11:00:00+00:00,3.0899,3.1024,3.0612,3.0656,4902832.7
2025-07-30 11:30:00+00:00,3.0656,3.0754,3.0436,3.0518,7146638.2
2025-07-30 12:00:00+00:00,3.0517,3.081,3.0403,3.0751,6278116.5
2025-07-30 12:30:00+00:00,3.0751,3.084,3.057,3.0777,4828310.2
2025-07-30 13:00:00+00:00,3.0776,3.0996,3.0702,3.0749,5553875.2
2025-07-30 13:30:00+00:00,3.0749,3.0947,3.0726,3.0873,4905628.5
2025-07-30 14:00:00+00:00,3.0873,3.1006,3.0773,3.0903,2814983.8
2025-07-30 14:30:00+00:00,3.0904,3.1496,3.088,3.1488,5665520.9
2025-07-30 15:00:00+00:00,3.1488,3.1537,3.1252,3.1336,5329454.3
2025-07-30 15:30:00+00:00,3.1335,3.1529,3.1257,3.1435,4167742.4
2025-07-30 16:00:00+00:00,3.1436,3.1621,3.1322,3.1415,4695798.7
2025-07-30 16:30:00+00:00,3.1414,3.145,3.1293,3.1371,3106195.4
2025-07-30 17:00:00+00:00,3.1371,3.1503,3.1349,3.1351,2062528.5
2025-07-30 17:30:00+00:00,3.1351,3.1396,3.1225,3.1314,1970648.2
2025-07-30 18:00:00+00:00,3.1315,3.1478,3.1086,3.1199,5287418.7
2025-07-30 18:30:00+00:00,3.12,3.1246,3.0491,3.0504,10245405.9
2025-07-30 19:00:00+00:00,3.0504,3.0786,3.001,3.0727,24316802.3
2025-07-30 19:30:00+00:00,3.0726,3.1176,3.0579,3.0978,8132777.3
2025-07-30 20:00:00+00:00,3.0979,3.1168,3.0972,3.1027,3604124.6
2025-07-30 20:30:00+00:00,3.1027,3.1076,3.09,3.0923,2378668.2
2025-07-30 21:00:00+00:00,3.0923,3.0997,3.0709,3.0742,2772362.8
2025-07-30 21:30:00+00:00,3.0742,3.084,3.0625,3.0788,1617866.3
2025-07-30 22:00:00+00:00,3.0788,3.0892,3.0668,3.0697,1500480.7
2025-07-30 22:30:00+00:00,3.0697,3.0846,3.0662,3.083,1233360.8
2025-07-30 23:00:00+00:00,3.0829,3.0945,3.0812,3.093,1222491.6
2025-07-30 23:30:00+00:00,3.093,3.1038,3.0926,3.0966,2701107.8
2025-07-31 00:00:00+00:00,3.0967,3.1173,3.0872,3.1172,2058515.6
2025-07-31 00:30:00+00:00,3.1172,3.1273,3.1105,3.127,2313266.3
2025-07-31 01:00:00+00:00,3.127,3.1285,3.1158,3.1273,1680048.7
2025-07-31 01:30:00+00:00,3.1274,3.1365,3.1219,3.1282,1501326.4
2025-07-31 02:00:00+00:00,3.1281,3.1303,3.1217,3.1275,1518784.1
2025-07-31 02:30:00+00:00,3.1275,3.1376,3.1252,3.1362,1693173.4
2025-07-31 03:00:00+00:00,3.1363,3.1396,3.1309,3.1378,2339524.6
2025-07-31 03:30:00+00:00,3.1378,3.1466,3.134,3.1398,2509356.2
2025-07-31 04:00:00+00:00,3.1399,3.1409,3.1306,3.1317,1134567.4
2025-07-31 04:30:00+00:00,3.1317,3.1438,3.1317,3.1402,1383669.1
2025-07-31 05:00:00+00:00,3.1402,3.1487,3.1363,3.1487,1477156.3
2025-07-31 05:30:00+00:00,3.1486,3.1497,3.1405,3.1422,1576840.0
2025-07-31 06:00:00+00:00,3.1422,3.1448,3.1333,3.1382,2314036.2
2025-07-31 06:30:00+00:00,3.1382,3.148,3.1359,3.1474,2013112.3
2025-07-31 07:00:00+00:00,3.1475,3.1523,3.1412,3.1489,3020485.5
2025-07-31 07:30:00+00:00,3.1488,3.155,3.1464,3.1549,1959857.2
2025-07-31 08:00:00+00:00,3.1549,3.1605,3.1543,3.158,2140726.3
2025-07-31 08:30:00+00:00,3.158,3.172,3.1551,3.16,2137286.4
2025-07-31 09:00:00+00:00,3.1601,3.1697,3.1565,3.1674,1349266.8
2025-07-31 09:30:00+00:00,3.1673,3.1784,3.1634,3.1695,2833451.1
2025-07-31 10:00:00+00:00,3.1696,3.1708,3.1602,3.1627,2262571.2
2025-07-31 10:30:00+00:00,3.1627,3.1772,3.1627,3.1713,1663457.7
2025-07-31 11:00:00+00:00,3.1712,3.1754,3.1537,3.1545,2281784.7
2025-07-31 11:30:00+00:00,3.1545,3.1654,3.148,3.1515,2790523.1
2025-07-31 12:00:00+00:00,3.1516,3.1525,3.1212,3.1353,4288487.5
2025-07-31 12:30:00+00:00,3.1354,3.139,3.1218,3.1346,2795097.5
2025-07-31 13:00:00+00:00,3.1345,3.1351,3.0965,3.1062,4165529.0
2025-07-31 13:30:00+00:00,3.1062,3.1223,3.084,3.1129,4672135.4
2025-07-31 14:00:00+00:00,3.1129,3.1249,3.0839,3.0867,4100673.6
2025-07-31 14:30:00+00:00,3.0866,3.1036,3.0809,3.0811,3070884.2
2025-07-31 15:00:00+00:00,3.081,3.1,3.0763,3.0941,2929592.9
2025-07-31 15:30:00+00:00,3.0941,3.1029,3.0903,3.1011,2323352.3
2025-07-31 16:00:00+00:00,3.1011,3.1223,3.0963,3.1201,3365922.8
2025-07-31 16:30:00+00:00,3.1201,3.1366,3.1139,3.1218,2507560.5
2025-07-31 17:00:00+00:00,3.1218,3.1225,3.0883,3.0941,2179181.6
2025-07-31 17:30:00+00:00,3.0941,3.1032,3.08,3.086,2351905.5
2025-07-31 18:00:00+00:00,3.086,3.0953,3.0688,3.094,4030737.4
2025-07-31 18:30:00+00:00,3.094,3.1001,3.078,3.0845,2301397.0
2025-07-31 19:00:00+00:00,3.0846,3.0901,3.0674,3.0683,2700276.0
2025-07-31 19:30:00+00:00,3.0684,3.0706,3.0525,3.0579,3753108.6
2025-07-31 20:00:00+00:00,3.0578,3.0673,3.0444,3.0586,5373166.8
2025-07-31 20:30:00+00:00,3.0586,3.0646,3.0465,3.0514,3001202.2
2025-07-31 21:00:00+00:00,3.0514,3.06,3.0419,3.0578,3388862.3
2025-07-31 21:30:00+00:00,3.0577,3.0675,3.029,3.0493,6710135.2
2025-07-31 22:00:00+00:00,3.0493,3.0495,3.0225,3.0335,5803885.4
2025-07-31 22:30:00+00:00,3.0335,3.0341,3.0161,3.027,5311712.6
2025-07-31 23:00:00+00:00,3.027,3.0433,3.0262,3.0297,3062575.8
2025-07-31 23:30:00+00:00,3.0297,3.0301,3.0108,3.0224,3372131.6
2025-08-01 00:00:00+00:00,3.0223,3.026,2.9782,3.0039,14452371.4
2025-08-01 00:30:00+00:00,3.0038,3.0106,2.9292,2.9868,18069206.5
2025-08-01 01:00:00+00:00,2.9869,2.9988,2.9368,2.9701,10050701.5
2025-08-01 01:30:00+00:00,2.9701,2.9922,2.957,2.986,6122078.3
2025-08-01 02:00:00+00:00,2.9859,3.0173,2.9774,3.0061,5940236.7
2025-08-01 02:30:00+00:00,3.0062,3.024,3.0023,3.0191,3011078.9
2025-08-01 03:00:00+00:00,3.0191,3.0243,3.0021,3.0194,2316245.8
2025-08-01 03:30:00+00:00,3.0193,3.0202,2.994,2.9983,2376706.4
2025-08-01 04:00:00+00:00,2.9982,2.9982,2.9768,2.9818,2874813.7
2025-08-01 04:30:00+00:00,2.9818,2.9921,2.9734,2.9859,2482573.2
2025-08-01 05:00:00+00:00,2.986,2.997,2.9681,2.9695,3350126.2
2025-08-01 05:30:00+00:00,2.9695,2.982,2.9518,2.959,4241783.8
2025-08-01 06:00:00+00:00,2.959,2.9672,2.9404,2.944,3888281.6
2025-08-01 06:30:00+00:00,2.9441,2.9652,2.9351,2.9626,3537040.8
2025-08-01 07:00:00+00:00,2.9625,2.9719,2.9442,2.9465,4153445.0
2025-08-01 07:30:00+00:00,2.9465,2.9636,2.9388,2.9558,4493123.1
2025-08-01 08:00:00+00:00,2.9558,2.9558,2.892,2.9128,15336049.8
2025-08-01 08:30:00+00:00,2.9129,2.9331,2.9001,2.9157,6798754.4
2025-08-01 09:00:00+00:00,2.9157,2.9395,2.9128,2.9355,4324954.0
2025-08-01 09:30:00+00:00,2.9355,2.9418,2.9208,2.9223,2503402.9
2025-08-01 10:00:00+00:00,2.9223,2.9492,2.9197,2.9428,2850088.0
2025-08-01 10:30:00+00:00,2.9428,2.9591,2.9373,2.9527,3321181.1
2025-08-01 11:00:00+00:00,2.9527,2.9577,2.94,2.9482,2927300.3
2025-08-01 11:30:00+00:00,2.9482,2.9721,2.9452,2.9707,3183951.8
2025-08-01 12:00:00+00:00,2.9706,2.9919,2.9668,2.9855,4773031.6
2025-08-01 12:30:00+00:00,2.9856,3.0081,2.9726,2.9938,8417991.0
2025-08-01 13:00:00+00:00,2.9938,3.018,2.9927,3.0,5251063.6
2025-08-01 13:30:00+00:00,3.0,3.0033,2.93,2.9575,10427155.0
2025-08-01 14:00:00+00:00,2.9575,3.0324,2.9357,3.0307,10422835.4
2025-08-01 14:30:00+00:00,3.0308,3.0585,3.0184,3.0531,7870421.6
2025-08-01 15:00:00+00:00,3.0532,3.059,3.0092,3.0241,5282359.0
2025-08-01 15:30:00+00:00,3.0241,3.0522,3.0217,3.0436,4233532.1
2025-08-01 16:00:00+00:00,3.0435,3.0526,3.0333,3.0395,2991128.9
2025-08-01 16:30:00+00:00,3.0395,3.0398,3.0053,3.0119,4198282.5
2025-08-01 17:00:00+00:00,3.0118,3.022,2.9852,3.0124,4805921.1
2025-08-01 17:30:00+00:00,3.0123,3.0323,2.9901,3.002,2426855.5
2025-08-01 18:00:00+00:00,3.0019,3.0215,2.9742,3.0112,5158951.5
2025-08-01 18:30:00+00:00,3.0111,3.0307,3.0012,3.01,4282797.0
2025-08-01 19:00:00+00:00,3.01,3.0196,2.9968,3.0114,4317836.5
2025-08-01 19:30:00+00:00,3.0114,3.0321,3.0035,3.0141,4404474.9
2025-08-01 20:00:00+00:00,3.0142,3.0222,2.9656,2.9862,6499404.9
2025-08-01 20:30:00+00:00,2.9861,3.0126,2.9557,3.008,3637157.1
2025-08-01 21:00:00+00:00,3.0079,3.029,3.0043,3.0112,3199711.7
2025-08-01 21:30:00+00:00,3.0113,3.015,2.9914,2.9956,1821756.1
2025-08-01 22:00:00+00:00,2.9955,2.9992,2.9236,2.9336,6884065.6
2025-08-01 22:30:00+00:00,2.9335,2.9393,2.8959,2.925,11510537.0
2025-08-01 23:00:00+00:00,2.9249,2.9645,2.9177,2.958,3321546.9
2025-08-01 23:30:00+00:00,2.9579,2.971,2.9453,2.9613,2240384.7
2025-08-02 00:00:00+00:00,2.9614,2.9738,2.9478,2.9602,2941722.3
2025-08-02 00:30:00+00:00,2.9603,2.986,2.9513,2.9787,3364463.8
2025-08-02 01:00:00+00:00,2.9787,2.9835,2.9608,2.9657,1032431.4
2025-08-02 01:30:00+00:00,2.9656,2.9796,2.961,2.9772,848816.2
2025-08-02 02:00:00+00:00,2.9772,2.9804,2.9701,2.9761,749974.1
2025-08-02 02:30:00+00:00,2.9761,2.9808,2.972,2.9765,634532.2
2025-08-02 03:00:00+00:00,2.9765,2.9838,2.9739,2.9755,793768.0
2025-08-02 03:30:00+00:00,2.9754,2.9835,2.9734,2.9834,653693.2
2025-08-02 04:00:00+00:00,2.9834,2.9976,2.9794,2.9975,1369619.4
2025-08-02 04:30:00+00:00,2.9976,3.0206,2.997,3.0191,2842738.9
2025-08-02 05:00:00+00:00,3.019,3.0203,3.0042,3.0177,4653794.3
2025-08-02 05:30:00+00:00,3.0177,3.0181,3.0049,3.0108,2060083.8
2025-08-02 06:00:00+00:00,3.0107,3.012,2.966,2.9679,2895360.6
2025-08-02 06:30:00+00:00,2.9678,2.9744,2.9456,2.9692,3066862.5
2025-08-02 07:00:00+00:00,2.9692,2.9805,2.9467,2.9791,1979833.9
2025-08-02 07:30:00+00:00,2.9791,2.9945,2.972,2.9924,1973126.6
2025-08-02 08:00:00+00:00,2.9924,3.0023,2.9837,2.9849,1907653.3
2025-08-02 08:30:00+00:00,2.9849,2.9915,2.9737,2.9776,1590042.6
2025-08-02 09:00:00+00:00,2.9776,2.9849,2.96,2.9632,1369089.2
2025-08-02 09:30:00+00:00,2.9633,2.9684,2.9545,2.9668,1835370.8
2025-08-02 10:00:00+00:00,2.9669,2.9704,2.9441,2.9561,2177262.9
2025-08-02 10:30:00+00:00,2.9561,2.9569,2.933,2.9437,2130530.1
2025-08-02 11:00:00+00:00,2.9436,2.962,2.93,2.9595,2279326.9
2025-08-02 11:30:00+00:00,2.9595,2.9611,2.9376,2.9404,2212787.4
2025-08-02 12:00:00+00:00,2.9404,2.9454,2.929,2.9325,2151866.9
2025-08-02 12:30:00+00:00,2.9325,2.9425,2.9235,2.9387,1968118.9
2025-08-02 13:00:00+00:00,2.9387,2.9412,2.9222,2.9251,1400579.7
2025-08-02 13:30:00+00:00,2.9251,2.9466,2.9184,2.9392,2315940.3
2025-08-02 14:00:00+00:00,2.9393,2.9411,2.9036,2.9101,3707137.1
2025-08-02 14:30:00+00:00,2.91,2.91,2.8714,2.8789,9918852.9
2025-08-02 15:00:00+00:00,2.8788,2.8942,2.8737,2.8788,3985521.2
2025-08-02 15:30:00+00:00,2.8788,2.8804,2.822,2.83,11959201.6
2025-08-02 16:00:00+00:00,2.83,2.8446,2.8246,2.8329,5874628.7
2025-08-02 16:30:00+00:00,2.833,2.8527,2.8117,2.8443,7180543.8
2025-08-02 17:00:00+00:00,2.8442,2.8654,2.8371,2.8651,5269507.3
2025-08-02 17:30:00+00:00,2.8651,2.8658,2.8082,2.8239,5476663.6
2025-08-02 18:00:00+00:00,2.824,2.8332,2.7666,2.7673,13250986.9
2025-08-02 18:30:00+00:00,2.7673,2.7765,2.7418,2.7605,15474191.8
2025-08-02 19:00:00+00:00,2.7605,2.8049,2.7547,2.8043,6522123.8
2025-08-02 19:30:00+00:00,2.8044,2.8182,2.773,2.7794,6969870.4
2025-08-02 20:00:00+00:00,2.7793,2.8013,2.7762,2.7921,3044917.9
2025-08-02 20:30:00+00:00,2.792,2.7983,2.7798,2.7979,2955874.3
2025-08-02 21:00:00+00:00,2.7979,2.8176,2.7791,2.7826,3757593.3
2025-08-02 21:30:00+00:00,2.7826,2.8153,2.7826,2.7997,2689023.7
2025-08-02 22:00:00+00:00,2.7998,2.8179,2.7829,2.7862,2805766.5
2025-08-02 22:30:00+00:00,2.7862,2.8108,2.7853,2.798,2284756.4
2025-08-02 23:00:00+00:00,2.798,2.7991,2.7387,2.7418,6896499.8
2025-08-02 23:30:00+00:00,2.7418,2.79,2.7416,2.7695,5510605.5
2025-08-03 00:00:00+00:00,2.7695,2.7928,2.7501,2.7586,5691310.4
2025-08-03 00:30:00+00:00,2.7587,2.7944,2.728,2.7854,9234107.1
2025-08-03 01:00:00+00:00,2.7853,2.8012,2.775,2.8007,3592302.5
2025-08-03 01:30:00+00:00,2.8007,2.8061,2.787,2.7989,2564663.4
2025-08-03 02:00:00+00:00,2.7989,2.8214,2.7986,2.8087,3195102.0
2025-08-03 02:30:00+00:00,2.8086,2.8292,2.8082,2.8271,3505526.7
2025-08-03 03:00:00+00:00,2.8271,2.8292,2.8165,2.8231,3389503.7
2025-08-03 03:30:00+00:00,2.8232,2.8411,2.82,2.8358,3131505.0
2025-08-03 04:00:00+00:00,2.8357,2.8361,2.8217,2.8315,1940751.1
2025-08-03 04:30:00+00:00,2.8314,2.8314,2.8142,2.8247,1567538.7
2025-08-03 05:00:00+00:00,2.8247,2.8412,2.8239,2.8396,1921222.9
2025-08-03 05:30:00+00:00,2.8395,2.8449,2.8302,2.8345,1501325.1
2025-08-03 06:00:00+00:00,2.8345,2.8388,2.8255,2.8353,1217644.6
2025-08-03 06:30:00+00:00,2.8353,2.8442,2.8347,2.8389,1854371.8
2025-08-03 07:00:00+00:00,2.8389,2.8595,2.8389,2.8594,3123090.7
2025-08-03 07:30:00+00:00,2.8595,2.8698,2.855,2.8652,4400927.6
2025-08-03 08:00:00+00:00,2.8652,2.8775,2.8635,2.8652,4788623.1
2025-08-03 08:30:00+00:00,2.8652,2.8697,2.8496,2.8672,3015447.2
2025-08-03 09:00:00+00:00,2.8672,2.8714,2.8509,2.8554,2117567.4
2025-08-03 09:30:00+00:00,2.8554,2.8658,2.8542,2.8658,1676461.3
2025-08-03 10:00:00+00:00,2.8658,2.875,2.8643,2.8685,1843073.0
2025-08-03 10:30:00+00:00,2.8685,2.8755,2.864,2.8686,1509960.2
2025-08-03 11:00:00+00:00,2.8686,2.894,2.868,2.8802,4295581.7
2025-08-03 11:30:00+00:00,2.8802,2.8832,2.8693,2.8694,2945502.7
2025-08-03 12:00:00+00:00,2.8694,2.8759,2.8585,2.8647,3132936.5
2025-08-03 12:30:00+00:00,2.8647,2.8823,2.8635,2.8766,2257793.3
2025-08-03 13:00:00+00:00,2.8766,2.8837,2.87,2.8732,2326216.7
2025-08-03 13:30:00+00:00,2.8733,2.8818,2.866,2.8754,1496664.7
2025-08-03 14:00:00+00:00,2.8754,2.8816,2.8598,2.8645,3062440.6
2025-08-03 14:30:00+00:00,2.8646,2.8955,2.8603,2.8855,3438389.9
2025-08-03 15:00:00+00:00,2.8856,2.8999,2.8769,2.8978,2976930.1
2025-08-03 15:30:00+00:00,2.8977,2.9032,2.8884,2.8951,3234590.9
2025-08-03 16:00:00+00:00,2.8951,2.8976,2.8856,2.8948,3412901.2
2025-08-03 16:30:00+00:00,2.8949,2.9205,2.8917,2.9187,4243648.1
2025-08-03 17:00:00+00:00,2.9186,2.93,2.909,2.9093,4265000.5
2025-08-03 17:30:00+00:00,2.9093,2.9175,2.9026,2.9159,2271519.0
2025-08-03 18:00:00+00:00,2.9159,2.9162,2.9008,2.9096,2686962.1
2025-08-03 18:30:00+00:00,2.9096,2.917,2.8949,2.9167,3049186.8
2025-08-03 19:00:00+00:00,2.9167,2.9224,2.9052,2.9168,2770719.8
2025-08-03 19:30:00+00:00,2.9168,2.9237,2.9088,2.9163,3040999.0
2025-08-03 20:00:00+00:00,2.9163,2.9166,2.9015,2.9075,2287066.2
2025-08-03 20:30:00+00:00,2.9075,2.9237,2.9036,2.9173,1894409.4
2025-08-03 21:00:00+00:00,2.9173,2.9237,2.9109,2.9186,2765260.4
2025-08-03 21:30:00+00:00,2.9186,2.9352,2.9149,2.929,2613273.2
2025-08-03 22:00:00+00:00,2.9289,2.9391,2.914,2.9181,5363376.4
2025-08-03 22:30:00+00:00,2.9181,2.9432,2.9176,2.9424,3427061.8
2025-08-03 23:00:00+00:00,2.9424,2.9625,2.9393,2.9488,5770981.5
2025-08-03 23:30:00+00:00,2.9487,2.9539,2.941,2.948,3605939.8
2025-08-04 00:00:00+00:00,2.9481,2.9763,2.9312,2.9701,4185070.1
2025-08-04 00:30:00+00:00,2.9701,3.0189,2.9651,3.0166,7186813.1
2025-08-04 01:00:00+00:00,3.0167,3.0312,3.0049,3.0224,8234648.2
2025-08-04 01:30:00+00:00,3.0224,3.0246,2.9948,2.998,5243902.1
2025-08-04 02:00:00+00:00,2.998,3.0061,2.9832,3.0058,4812817.1
2025-08-04 02:30:00+00:00,3.0058,3.016,2.996,3.0145,2984275.2
2025-08-04 03:00:00+00:00,3.0144,3.0164,2.9955,2.9967,2060678.8
2025-08-04 03:30:00+00:00,2.9966,3.0053,2.9933,2.9983,1696348.7
2025-08-04 04:00:00+00:00,2.9984,3.009,2.9905,2.9993,2319907.0
2025-08-04 04:30:00+00:00,2.9992,2.9992,2.9856,2.9881,1978912.8
2025-08-04 05:00:00+00:00,2.9881,2.9892,2.9768,2.9784,3255552.3
2025-08-04 05:30:00+00:00,2.9785,2.9853,2.9661,2.9842,3632293.0
2025-08-04 06:00:00+00:00,2.9843,2.9864,2.9669,2.9747,2478414.1
2025-08-04 06:30:00+00:00,2.9747,2.9906,2.9714,2.9826,2828646.8
2025-08-04 07:00:00+00:00,2.9826,2.9972,2.9809,2.9948,2847311.2
2025-08-04 07:30:00+00:00,2.9948,3.019,2.9925,3.0119,3298364.3
2025-08-04 08:00:00+00:00,3.0119,3.0241,3.0044,3.0084,4201677.0
2025-08-04 08:30:00+00:00,3.0084,3.0192,3.0041,3.0083,2552868.9
2025-08-04 09:00:00+00:00,3.0083,3.0122,2.9925,3.0048,3416288.3
2025-08-04 09:30:00+00:00,3.0048,3.0104,2.9894,2.991,2779803.6
2025-08-04 10:00:00+00:00,2.991,3.0032,2.988,2.9966,1930809.9
2025-08-04 10:30:00+00:00,2.9965,2.9987,2.9848,2.9856,1360280.4
2025-08-04 11:00:00+00:00,2.9856,2.9895,2.9767,2.986,3497690.5
2025-08-04 11:30:00+00:00,2.986,2.9987,2.9833,2.9925,2041945.9
2025-08-04 12:00:00+00:00,2.9925,2.9957,2.9808,2.9832,2399493.2
2025-08-04 12:30:00+00:00,2.9833,3.0058,2.9796,3.0036,2060952.5
2025-08-04 13:00:00+00:00,3.0036,3.0148,2.9948,3.0018,2721575.6
2025-08-04 13:30:00+00:00,3.0019,3.0549,3.0005,3.0516,11000307.4
2025-08-04 14:00:00+00:00,3.0515,3.0813,3.0467,3.0732,14236564.5
2025-08-04 14:30:00+00:00,3.0732,3.0734,3.0264,3.0356,5519441.0
2025-08-04 15:00:00+00:00,3.0356,3.0471,3.0276,3.0378,3295583.0
2025-08-04 15:30:00+00:00,3.0377,3.0427,3.0179,3.0313,3138387.5
2025-08-04 16:00:00+00:00,3.0312,3.0641,3.0312,3.0492,4804931.0
2025-08-04 16:30:00+00:00,3.0493,3.0743,3.0485,3.0719,3974711.2
2025-08-04 17:00:00+00:00,3.072,3.0899,3.065,3.0713,5975002.3
2025-08-04 17:30:00+00:00,3.0714,3.0743,3.0559,3.0584,3304489.6
2025-08-04 18:00:00+00:00,3.0584,3.0652,3.0472,3.0586,2379879.6
2025-08-04 18:30:00+00:00,3.0585,3.0585,3.0396,3.0447,2597225.2
2025-08-04 19:00:00+00:00,3.0446,3.0518,3.0393,3.048,1278263.0
2025-08-04 19:30:00+00:00,3.048,3.0492,3.0372,3.0492,953821.0
2025-08-04 20:00:00+00:00,3.0492,3.0554,3.0405,3.0453,1192766.5
2025-08-04 20:30:00+00:00,3.0454,3.0628,3.0421,3.0491,1785058.2
2025-08-04 21:00:00+00:00,3.0491,3.0694,3.0482,3.0638,1963765.9
2025-08-04 21:30:00+00:00,3.0637,3.078,3.0584,3.0703,1994938.0
2025-08-04 22:00:00+00:00,3.0703,3.081,3.0676,3.073,2179707.2
2025-08-04 22:30:00+00:00,3.073,3.0867,3.0662,3.0866,2016755.6
2025-08-04 23:00:00+00:00,3.0867,3.0867,3.0724,3.0783,1832948.9
2025-08-04 23:30:00+00:00,3.0784,3.0797,3.0677,3.0716,1219737.2
2025-08-05 00:00:00+00:00,3.0715,3.0742,3.0567,3.0658,1412957.7
2025-08-05 00:30:00+00:00,3.0659,3.0919,3.0658,3.0903,4117331.0
2025-08-05 01:00:00+00:00,3.0903,3.1072,3.0694,3.0814,4475600.4
2025-08-05 01:30:00+00:00,3.0814,3.0814,3.0545,3.0558,2441727.5
2025-08-05 02:00:00+00:00,3.0559,3.0635,3.0465,3.0484,1843639.9
2025-08-05 02:30:00+00:00,3.0484,3.0622,3.0478,3.0621,1470912.2
2025-08-05 03:00:00+00:00,3.0621,3.0624,3.0375,3.0432,2759538.1
2025-08-05 03:30:00+00:00,3.0432,3.046,3.034,3.038,2848323.2
2025-08-05 04:00:00+00:00,3.038,3.0458,3.0302,3.033,2269006.5
2025-08-05 04:30:00+00:00,3.0331,3.0353,3.0256,3.0341,1812442.4
2025-08-05 05:00:00+00:00,3.0341,3.0414,3.0334,3.037,1123196.4
2025-08-05 05:30:00+00:00,3.037,3.0416,3.0289,3.0414,2527132.2
2025-08-05 06:00:00+00:00,3.0414,3.0548,3.0407,3.0495,1997652.5
2025-08-05 06:30:00+00:00,3.0496,3.0496,3.0165,3.0223,3526422.1
2025-08-05 07:00:00+00:00,3.0223,3.0344,3.0188,3.0189,1465480.3
2025-08-05 07:30:00+00:00,3.0189,3.0207,2.9958,3.0042,5831984.1
2025-08-05 08:00:00+00:00,3.0041,3.0317,2.9992,3.0265,3321040.7
2025-08-05 08:30:00+00:00,3.0265,3.0387,3.023,3.0332,2827592.7
2025-08-05 09:00:00+00:00,3.0331,3.0434,3.0331,3.041,2432707.2
2025-08-05 09:30:00+00:00,3.0409,3.0646,3.0393,3.0606,2448319.6
2025-08-05 10:00:00+00:00,3.0607,3.0704,3.0509,3.0702,1953953.3
2025-08-05 10:30:00+00:00,3.0703,3.0799,3.0677,3.074,2517938.6
2025-08-05 11:00:00+00:00,3.0741,3.08,3.0641,3.0719,2216145.1
2025-08-05 11:30:00+00:00,3.0719,3.0727,3.0593,3.0627,2347392.2
2025-08-05 12:00:00+00:00,3.0628,3.0654,3.0356,3.0474,3167666.4
2025-08-05 12:30:00+00:00,3.0473,3.0474,3.0122,3.0264,5341009.4
2025-08-05 13:00:00+00:00,3.0265,3.0418,3.0222,3.0374,3038724.5
2025-08-05 13:30:00+00:00,3.0373,3.044,3.0245,3.0376,3083248.0
2025-08-05 14:00:00+00:00,3.0376,3.0389,2.9717,2.9811,12038998.5
2025-08-05 14:30:00+00:00,2.9812,2.9833,2.9592,2.9768,8993576.8
2025-08-05 15:00:00+00:00,2.9768,2.9945,2.9695,2.9809,4662157.3
2025-08-05 15:30:00+00:00,2.981,2.9834,2.9568,2.9713,4970887.9
2025-08-05 16:00:00+00:00,2.9713,2.9897,2.969,2.9841,3448754.4
2025-08-05 16:30:00+00:00,2.9841,2.9912,2.9617,2.9689,2781500.8
2025-08-05 17:00:00+00:00,2.9689,2.9877,2.9682,2.9856,1379821.0
2025-08-05 17:30:00+00:00,2.9855,2.9935,2.973,2.9894,1879713.1
2025-08-05 18:00:00+00:00,2.9893,2.9902,2.9651,2.9689,1863484.4
2025-08-05 18:30:00+00:00,2.9689,2.9791,2.9526,2.9775,2741731.9
2025-08-05 19:00:00+00:00,2.9775,2.9846,2.9624,2.9662,1257678.4
2025-08-05 19:30:00+00:00,2.9662,2.9701,2.9453,2.9464,2414753.9
2025-08-05 20:00:00+00:00,2.9464,2.9684,2.9464,2.9678,1689432.7
2025-08-05 20:30:00+00:00,2.9678,2.9678,2.9354,2.9385,3290097.3
2025-08-05 21:00:00+00:00,2.9385,2.9525,2.9364,2.9521,1860296.9
2025-08-05 21:30:00+00:00,2.952,2.9543,2.9331,2.9358,1900312.6
2025-08-05 22:00:00+00:00,2.9357,2.9508,2.9164,2.9496,4154069.8
2025-08-05 22:30:00+00:00,2.9497,2.9624,2.9481,2.9606,2388990.6
2025-08-05 23:00:00+00:00,2.9605,2.9759,2.9563,2.9648,2634612.1
2025-08-05 23:30:00+00:00,2.9649,2.9737,2.9595,2.9623,1283343.1
2025-08-06 00:00:00+00:00,2.9622,2.9647,2.9461,2.9532,1261253.8
2025-08-06 00:30:00+00:00,2.9531,2.9617,2.9264,2.9316,1861624.5
2025-08-06 01:00:00+00:00,2.9316,2.9409,2.9198,2.9244,2114537.2
2025-08-06 01:30:00+00:00,2.9244,2.9431,2.9238,2.9402,1549449.4
2025-08-06 02:00:00+00:00,2.9403,2.9413,2.9181,2.9338,1471531.6
2025-08-06 02:30:00+00:00,2.9338,2.9375,2.9236,2.9326,1519953.1
2025-08-06 03:00:00+00:00,2.9326,2.9343,2.9088,2.9125,2669702.6
2025-08-06 03:30:00+00:00,2.9126,2.9243,2.9105,2.9142,1538702.0
2025-08-06 04:00:00+00:00,2.9143,2.9185,2.9046,2.9136,2250720.2
2025-08-06 04:30:00+00:00,2.9135,2.9187,2.9014,2.9112,2164558.9
2025-08-06 05:00:00+00:00,2.9113,2.9551,2.9061,2.9384,3863923.3
2025-08-06 05:30:00+00:00,2.9383,2.9683,2.9355,2.9513,5865839.6
2025-08-06 06:00:00+00:00,2.9513,2.9527,2.93,2.9392,3224584.8
2025-08-06 06:30:00+00:00,2.9392,2.9563,2.9351,2.9488,1389306.7
2025-08-06 07:00:00+00:00,2.9488,2.9605,2.9437,2.9598,2817643.9
2025-08-06 07:30:00+00:00,2.9597,2.9601,2.9455,2.9557,2504261.5
2025-08-06 08:00:00+00:00,2.9558,2.9599,2.9374,2.9429,3401667.4
2025-08-06 08:30:00+00:00,2.9429,2.9429,2.9185,2.93,6189442.1
2025-08-06 09:00:00+00:00,2.93,2.9529,2.9221,2.9459,2703950.7
2025-08-06 09:30:00+00:00,2.9458,2.9526,2.934,2.9439,1513225.9
2025-08-06 10:00:00+00:00,2.9439,2.9477,2.9271,2.9347,2221024.7
2025-08-06 10:30:00+00:00,2.9346,2.9436,2.9321,2.9362,1955394.1
2025-08-06 11:00:00+00:00,2.9362,2.9541,2.9348,2.9524,2249580.7
2025-08-06 11:30:00+00:00,2.9524,2.9563,2.9416,2.9464,1203616.7
2025-08-06 12:00:00+00:00,2.9465,2.9542,2.9233,2.9352,3314805.3
2025-08-06 12:30:00+00:00,2.9352,2.9495,2.9339,2.9397,1548072.0
2025-08-06 13:00:00+00:00,2.9398,2.9538,2.9398,2.9496,2052228.7
2025-08-06 13:30:00+00:00,2.9497,2.9597,2.9312,2.949,5102239.6
2025-08-06 14:00:00+00:00,2.949,2.9731,2.939,2.9492,3637123.5
2025-08-06 14:30:00+00:00,2.9491,2.9856,2.945,2.9855,3905290.9
2025-08-06 15:00:00+00:00,2.9855,2.9883,2.9672,2.9764,3922471.7
2025-08-06 15:30:00+00:00,2.9763,3.0083,2.9743,3.0042,4659791.3
2025-08-06 16:00:00+00:00,3.0042,3.015,2.9871,2.9874,4649001.5
2025-08-06 16:30:00+00:00,2.9874,2.9929,2.9761,2.9811,2330160.9
2025-08-06 17:00:00+00:00,2.9811,2.9899,2.9699,2.9899,1911248.3
2025-08-06 17:30:00+00:00,2.9899,3.0039,2.9822,3.0036,2209378.2
2025-08-06 18:00:00+00:00,3.0036,3.0187,3.0008,3.0074,2591886.8
2025-08-06 18:30:00+00:00,3.0075,3.0127,2.9961,3.0019,1613491.2
2025-08-06 19:00:00+00:00,3.0019,3.0142,3.0015,3.0079,1533359.6
2025-08-06 19:30:00+00:00,3.0079,3.0116,2.9985,3.0116,995086.2
2025-08-06 20:00:00+00:00,3.0116,3.0116,3.001,3.0024,923836.8
2025-08-06 20:30:00+00:00,3.0025,3.0042,2.9915,2.9941,1392520.2
2025-08-06 21:00:00+00:00,2.994,3.0057,2.9938,2.9991,1038510.5
2025-08-06 21:30:00+00:00,2.9991,2.9995,2.9753,2.9936,2102555.1
2025-08-06 22:00:00+00:00,2.9937,2.9995,2.9892,2.9964,962949.6
2025-08-06 22:30:00+00:00,2.9964,2.9998,2.9937,2.999,607605.0
2025-08-06 23:00:00+00:00,2.999,3.0015,2.9935,2.9948,1067316.5
2025-08-06 23:30:00+00:00,2.9947,2.996,2.99,2.9908,823150.8
2025-08-07 00:00:00+00:00,2.9908,2.9912,2.979,2.9856,1086639.4
2025-08-07 00:30:00+00:00,2.9856,2.9939,2.9842,2.987,660762.8
2025-08-07 01:00:00+00:00,2.9871,3.0087,2.9826,3.0063,2190498.5
2025-08-07 01:30:00+00:00,3.0062,3.011,2.983,2.9858,1808778.5
2025-08-07 02:00:00+00:00,2.9857,2.99,2.9773,2.9876,1049054.2
2025-08-07 02:30:00+00:00,2.9876,2.9877,2.9729,2.9757,1076555.3
2025-08-07 03:00:00+00:00,2.9756,2.9807,2.9676,2.9696,1307956.3
2025-08-07 03:30:00+00:00,2.9697,2.9754,2.9678,2.9683,1754995.7
2025-08-07 04:00:00+00:00,2.9682,2.9828,2.9641,2.9799,1605709.3
2025-08-07 04:30:00+00:00,2.9799,2.9803,2.9704,2.9761,1487344.7
2025-08-07 05:00:00+00:00,2.9761,2.9814,2.971,2.98,1507482.6
2025-08-07 05:30:00+00:00,2.98,2.9956,2.9799,2.9951,1937147.9
2025-08-07 06:00:00+00:00,2.9951,3.0076,2.9925,3.0026,3244517.8
2025-08-07 06:30:00+00:00,3.0026,3.0139,2.998,3.0008,3411749.4
2025-08-07 07:00:00+00:00,3.0007,3.0107,2.9995,3.007,2065787.3
2025-08-07 07:30:00+00:00,3.007,3.0097,2.9987,2.9999,1800934.0
2025-08-07 08:00:00+00:00,2.9998,3.0103,2.9991,3.005,2460246.4
2025-08-07 08:30:00+00:00,3.005,3.005,2.9935,2.9969,1533051.6
2025-08-07 09:00:00+00:00,2.9968,3.0042,2.9881,3.0041,1845918.8
2025-08-07 09:30:00+00:00,3.0042,3.0077,2.999,3.007,1210151.3
2025-08-07 10:00:00+00:00,3.007,3.0587,3.0057,3.0586,8295135.4
2025-08-07 10:30:00+00:00,3.0587,3.0764,3.0572,3.07,6467682.3
2025-08-07 11:00:00+00:00,3.0701,3.0882,3.0668,3.086,5176746.7
2025-08-07 11:30:00+00:00,3.0859,3.0874,3.0722,3.0793,3786152.9
2025-08-07 12:00:00+00:00,3.0792,3.086,3.0634,3.0711,4256613.6
2025-08-07 12:30:00+00:00,3.0711,3.0808,3.0611,3.0773,4038802.8
2025-08-07 13:00:00+00:00,3.0772,3.0792,3.0686,3.0719,2427566.1
2025-08-07 13:30:00+00:00,3.0719,3.0847,3.0666,3.071,4271969.6
2025-08-07 14:00:00+00:00,3.071,3.0723,3.055,3.0574,4256731.1
2025-08-07 14:30:00+00:00,3.0575,3.0621,3.0439,3.0486,4521787.9
2025-08-07 15:00:00+00:00,3.0486,3.0567,3.041,3.0514,2570074.2
2025-08-07 15:30:00+00:00,3.0514,3.0665,3.0503,3.0625,2864627.4
2025-08-07 16:00:00+00:00,3.0625,3.0665,3.0508,3.0562,1945996.6
2025-08-07 16:30:00+00:00,3.0561,3.0586,3.0087,3.0381,4872965.8
2025-08-07 17:00:00+00:00,3.038,3.0436,3.0292,3.0383,3062924.3
2025-08-07 17:30:00+00:00,3.0383,3.0536,3.0327,3.0498,1462164.1
2025-08-07 18:00:00+00:00,3.0498,3.0536,3.0401,3.0503,1226442.5
2025-08-07 18:30:00+00:00,3.0503,3.0569,3.0435,3.0539,1232942.4
2025-08-07 19:00:00+00:00,3.0539,3.0611,3.0518,3.061,1602003.3
2025-08-07 19:30:00+00:00,3.0611,3.1024,3.0591,3.1018,7059931.4
2025-08-07 20:00:00+00:00,3.1018,3.121,3.0994,3.1155,9459912.3
2025-08-07 20:30:00+00:00,3.1155,3.1178,3.1042,3.111,3306583.0
2025-08-07 21:00:00+00:00,3.111,3.1795,3.1036,3.1794,10695820.9
2025-08-07 21:30:00+00:00,3.1794,3.3,3.1732,3.25,28965809.7
2025-08-07 22:00:00+00:00,3.25,3.2927,3.2437,3.2803,18579284.5
2025-08-07 22:30:00+00:00,3.2803,3.3316,3.2596,3.3256,13134656.2
2025-08-07 23:00:00+00:00,3.3256,3.3338,3.2788,3.307,10163544.0
2025-08-07 23:30:00+00:00,3.307,3.3312,3.2977,3.3197,7445480.3
2025-08-08 00:00:00+00:00,3.3196,3.337,3.2876,3.3145,19768446.3
2025-08-08 00:30:00+00:00,3.3145,3.3346,3.2928,3.2984,12730394.1
2025-08-08 01:00:00+00:00,3.2984,3.3077,3.2704,3.3,14391937.7
2025-08-08 01:30:00+00:00,3.3,3.322,3.2868,3.3196,5338633.6
2025-08-08 02:00:00+00:00,3.3196,3.3251,3.305,3.3191,4917814.3
2025-08-08 02:30:00+00:00,3.319,3.3498,3.3173,3.3413,6808792.1
2025-08-08 03:00:00+00:00,3.3413,3.3758,3.3312,3.3651,8078212.7
2025-08-08 03:30:00+00:00,3.3652,3.3762,3.3494,3.3762,4731151.7
2025-08-08 04:00:00+00:00,3.3762,3.3825,3.342,3.3606,6639390.9
2025-08-08 04:30:00+00:00,3.3607,3.3776,3.3489,3.3506,4479371.3
2025-08-08 05:00:00+00:00,3.3507,3.3519,3.3254,3.3289,5989531.7
2025-08-08 05:30:00+00:00,3.3289,3.3299,3.309,3.316,7096306.1
2025-08-08 06:00:00+00:00,3.3159,3.3408,3.3064,3.3369,5511889.6
2025-08-08 06:30:00+00:00,3.3369,3.3505,3.3327,3.3491,2636206.8
2025-08-08 07:00:00+00:00,3.3492,3.352,3.3256,3.3395,3295636.2
2025-08-08 07:30:00+00:00,3.3394,3.36,3.3389,3.3558,3298413.0
2025-08-08 08:00:00+00:00,3.3558,3.3606,3.3424,3.3506,3124935.5
2025-08-08 08:30:00+00:00,3.3507,3.3507,3.3226,3.336,4662260.9
2025-08-08 09:00:00+00:00,3.3361,3.3444,3.3138,3.3195,4826083.6
2025-08-08 09:30:00+00:00,3.3194,3.33,3.3114,3.3278,3837010.8
2025-08-08 10:00:00+00:00,3.3278,3.3328,3.3019,3.3096,4717258.0
2025-08-08 10:30:00+00:00,3.3096,3.322,3.3024,3.3093,2659644.6
2025-08-08 11:00:00+00:00,3.3094,3.3298,3.3094,3.3251,2694918.7
2025-08-08 11:30:00+00:00,3.3251,3.3378,3.3244,3.3364,2095315.9
2025-08-08 12:00:00+00:00,3.3364,3.3378,3.3092,3.3155,3130558.1
2025-08-08 12:30:00+00:00,3.3154,3.3329,3.3079,3.3208,4265810.5
2025-08-08 13:00:00+00:00,3.3209,3.3317,3.3158,3.3316,2633614.3
2025-08-08 13:30:00+00:00,3.3316,3.3563,3.3137,3.3507,8320026.6
2025-08-08 14:00:00+00:00,3.3507,3.3726,3.3125,3.3243,14354840.3
2025-08-08 14:30:00+00:00,3.3242,3.3256,3.2674,3.2805,12169422.4
2025-08-08 15:00:00+00:00,3.2805,3.2816,3.2243,3.2362,14613495.1
2025-08-08 15:30:00+00:00,3.2361,3.2399,3.2051,3.2216,9406780.8
2025-08-08 16:00:00+00:00,3.2216,3.2482,3.22,3.2428,6610443.9
2025-08-08 16:30:00+00:00,3.2427,3.2481,3.2315,3.2467,3149264.3
2025-08-08 17:00:00+00:00,3.2468,3.2676,3.2459,3.2621,5572221.6
2025-08-08 17:30:00+00:00,3.262,3.295,3.2614,3.2938,6244525.7
2025-08-08 18:00:00+00:00,3.2938,3.297,3.2788,3.2851,4709052.3
2025-08-08 18:30:00+00:00,3.2851,3.295,3.263,3.277,5009372.7
2025-08-08 19:00:00+00:00,3.2771,3.2931,3.271,3.2894,3981885.4
2025-08-08 19:30:00+00:00,3.2893,3.3404,3.2858,3.3389,5992275.2
2025-08-08 20:00:00+00:00,3.3389,3.3389,3.297,3.3085,6143126.8
2025-08-08 20:30:00+00:00,3.3086,3.3196,3.3004,3.312,2791076.4
2025-08-08 21:00:00+00:00,3.3119,3.315,3.3019,3.3033,1677691.7
2025-08-08 21:30:00+00:00,3.3034,3.3119,3.3033,3.3037,1097658.7
2025-08-08 22:00:00+00:00,3.3038,3.304,3.2867,3.3004,2695688.0
2025-08-08 22:30:00+00:00,3.3003,3.3012,3.2869,3.2883,1835971.3
2025-08-08 23:00:00+00:00,3.2883,3.3005,3.2842,3.2859,1334312.1
2025-08-08 23:30:00+00:00,3.2858,3.2925,3.2791,3.2859,1857485.7
2025-08-09 00:00:00+00:00,3.2858,3.2992,3.2801,3.2909,1483706.0
2025-08-09 00:30:00+00:00,3.2909,3.2986,3.2841,3.2976,1265928.4
2025-08-09 01:00:00+00:00,3.2976,3.3029,3.2872,3.2934,1145668.5
2025-08-09 01:30:00+00:00,3.2934,3.3141,3.2927,3.3053,2006166.3
2025-08-09 02:00:00+00:00,3.3053,3.3063,3.2936,3.3021,1057927.8
2025-08-09 02:30:00+00:00,3.302,3.3065,3.2961,3.3043,1121754.2
2025-08-09 03:00:00+00:00,3.3042,3.3078,3.2999,3.303,941376.2
2025-08-09 03:30:00+00:00,3.3029,3.3037,3.2896,3.2911,1866016.5
2025-08-09 04:00:00+00:00,3.2911,3.2996,3.288,3.2922,1087029.4
2025-08-09 04:30:00+00:00,3.2921,3.3082,3.2904,3.2995,1924655.1
2025-08-09 05:00:00+00:00,3.2995,3.3313,3.2961,3.3288,11014205.4
2025-08-09 05:30:00+00:00,3.3288,3.3348,3.3121,3.3131,8307741.0
2025-08-09 06:00:00+00:00,3.3132,3.3157,3.2989,3.3051,2613780.3
2025-08-09 06:30:00+00:00,3.305,3.3064,3.297,3.3044,1867809.8
2025-08-09 07:00:00+00:00,3.3043,3.3177,3.3007,3.3164,1821405.7
2025-08-09 07:30:00+00:00,3.3164,3.3244,3.3123,3.3202,1675826.8
2025-08-09 08:00:00+00:00,3.3201,3.3248,3.314,3.3246,1303358.6
2025-08-09 08:30:00+00:00,3.3246,3.3286,3.3116,3.3213,1667068.2
2025-08-09 09:00:00+00:00,3.3212,3.3431,3.3199,3.3352,2947627.6
2025-08-09 09:30:00+00:00,3.3351,3.3475,3.3305,3.3352,4389475.4
2025-08-09 10:00:00+00:00,3.3351,3.3465,3.3326,3.3328,2462482.0
2025-08-09 10:30:00+00:00,3.3328,3.3366,3.3264,3.333,2602628.9
2025-08-09 11:00:00+00:00,3.3331,3.3339,3.3166,3.324,1992372.4
2025-08-09 11:30:00+00:00,3.324,3.3241,3.3044,3.309,2323876.2
2025-08-09 12:00:00+00:00,3.309,3.3272,3.303,3.3266,1648779.0
2025-08-09 12:30:00+00:00,3.3266,3.3267,3.3143,3.3249,1387968.3
2025-08-09 13:00:00+00:00,3.3248,3.3266,3.2914,3.2976,5992601.6
2025-08-09 13:30:00+00:00,3.2975,3.2979,3.2761,3.2769,4805609.1
2025-08-09 14:00:00+00:00,3.2769,3.2922,3.2461,3.29,7683034.9
2025-08-09 14:30:00+00:00,3.2901,3.2957,3.281,3.2954,1709665.7
2025-08-09 15:00:00+00:00,3.2954,3.296,3.2639,3.2744,2679370.9
2025-08-09 15:30:00+00:00,3.2743,3.2796,3.2663,3.273,2367057.9
2025-08-09 16:00:00+00:00,3.2731,3.287,3.273,3.2764,2005413.5
2025-08-09 16:30:00+00:00,3.2765,3.2824,3.2664,3.2726,2052062.3
2025-08-09 17:00:00+00:00,3.2725,3.2905,3.267,3.2879,1736050.8
2025-08-09 17:30:00+00:00,3.288,3.298,3.2827,3.2845,2119362.5
2025-08-09 18:00:00+00:00,3.2844,3.2895,3.277,3.2857,1386887.9
2025-08-09 18:30:00+00:00,3.2856,3.288,3.2785,3.2847,1472727.7
2025-08-09 19:00:00+00:00,3.2846,3.2942,3.273,3.2777,1532968.7
2025-08-09 19:30:00+00:00,3.2776,3.2799,3.259,3.265,2517972.6
2025-08-09 20:00:00+00:00,3.2649,3.2749,3.2515,3.2728,3513825.4
2025-08-09 20:30:00+00:00,3.2727,3.2758,3.2533,3.2592,2597325.4
2025-08-09 21:00:00+00:00,3.2591,3.2663,3.2341,3.2396,4163960.6
2025-08-09 21:30:00+00:00,3.2397,3.2592,3.2324,3.2483,2403059.4
2025-08-09 22:00:00+00:00,3.2483,3.2629,3.2394,3.2569,2944961.7
2025-08-09 22:30:00+00:00,3.2568,3.2568,3.2083,3.2258,7304064.6
2025-08-09 23:00:00+00:00,3.2259,3.2323,3.2133,3.2211,2024186.8
2025-08-09 23:30:00+00:00,3.221,3.234,3.2188,3.2259,1706986.7
2025-08-10 00:00:00+00:00,3.2259,3.243,3.2258,3.2409,2627538.1
2025-08-10 00:30:00+00:00,3.2408,3.245,3.229,3.2339,2168236.6
2025-08-10 01:00:00+00:00,3.234,3.24,3.2189,3.2276,2056972.7
2025-08-10 01:30:00+00:00,3.2276,3.2384,3.2272,3.2367,1835693.2
2025-08-10 02:00:00+00:00,3.2368,3.2486,3.2336,3.2463,2157881.9
2025-08-10 02:30:00+00:00,3.2463,3.2468,3.227,3.2422,1475614.1
2025-08-10 03:00:00+00:00,3.2421,3.263,3.2389,3.2589,3481738.3
2025-08-10 03:30:00+00:00,3.2589,3.2679,3.2507,3.259,3116603.5
2025-08-10 04:00:00+00:00,3.259,3.2674,3.25,3.2627,2056875.9
2025-08-10 04:30:00+00:00,3.2628,3.2795,3.2623,3.274,2278853.1
2025-08-10 05:00:00+00:00,3.274,3.2746,3.2469,3.2482,2092883.5
2025-08-10 05:30:00+00:00,3.2482,3.2677,3.247,3.2561,1601092.7
2025-08-10 06:00:00+00:00,3.2562,3.2636,3.2368,3.2385,2029634.3
2025-08-10 06:30:00+00:00,3.2385,3.2538,3.2358,3.2486,1439275.6
2025-08-10 07:00:00+00:00,3.2486,3.2542,3.2346,3.2353,1539241.2
2025-08-10 07:30:00+00:00,3.2354,3.2382,3.1618,3.1875,15868604.6
2025-08-10 08:00:00+00:00,3.1874,3.196,3.1521,3.196,8127418.7
2025-08-10 08:30:00+00:00,3.196,3.212,3.1889,3.2088,3392640.1
2025-08-10 09:00:00+00:00,3.2089,3.2154,3.2058,3.2082,1976668.3
2025-08-10 09:30:00+00:00,3.2082,3.22,3.2062,3.2142,1378592.5
2025-08-10 10:00:00+00:00,3.2142,3.2164,3.1919,3.193,1932133.9
2025-08-10 10:30:00+00:00,3.1929,3.2078,3.181,3.1897,3045456.9
2025-08-10 11:00:00+00:00,3.1897,3.1962,3.1776,3.1934,1489178.3
2025-08-10 11:30:00+00:00,3.1935,3.204,3.1877,3.1914,2035188.8
2025-08-10 12:00:00+00:00,3.1914,3.1971,3.1802,3.1844,1413496.0
2025-08-10 12:30:00+00:00,3.1845,3.196,3.1824,3.1886,1244491.3
2025-08-10 13:00:00+00:00,3.1885,3.1965,3.1824,3.1883,875218.3
2025-08-10 13:30:00+00:00,3.1883,3.1891,3.1627,3.1634,3259627.6
2025-08-10 14:00:00+00:00,3.1634,3.1899,3.1568,3.1865,3184528.2
2025-08-10 14:30:00+00:00,3.1864,3.2044,3.1855,3.201,2553754.7
2025-08-10 15:00:00+00:00,3.2009,3.203,3.1865,3.1979,2531504.3
2025-08-10 15:30:00+00:00,3.1979,3.1979,3.1799,3.185,1780411.0
2025-08-10 16:00:00+00:00,3.185,3.1988,3.1821,3.1962,1189659.0
2025-08-10 16:30:00+00:00,3.1961,3.2016,3.1934,3.1977,1303838.8
2025-08-10 17:00:00+00:00,3.1976,3.1988,3.182,3.1855,1200203.0
2025-08-10 17:30:00+00:00,3.1855,3.2004,3.1855,3.1978,963204.4
2025-08-10 18:00:00+00:00,3.1977,3.2004,3.1942,3.1945,883869.3
2025-08-10 18:30:00+00:00,3.1944,3.2087,3.1936,3.2076,1145270.3
2025-08-10 19:00:00+00:00,3.2076,3.2146,3.202,3.2051,1227133.3
2025-08-10 19:30:00+00:00,3.205,3.2119,3.204,3.207,823744.5
2025-08-10 20:00:00+00:00,3.207,3.2085,3.1776,3.1841,3438311.1
2025-08-10 20:30:00+00:00,3.1841,3.199,3.1791,3.1857,3282928.8
2025-08-10 21:00:00+00:00,3.1858,3.1864,3.1644,3.1648,5290816.1
2025-08-10 21:30:00+00:00,3.1649,3.185,3.1581,3.1827,3324377.7
2025-08-10 22:00:00+00:00,3.1828,3.1933,3.1694,3.1805,4734644.9
2025-08-10 22:30:00+00:00,3.1805,3.1883,3.172,3.181,2705083.3
2025-08-10 23:00:00+00:00,3.1811,3.1863,3.1648,3.1767,2143788.9
2025-08-10 23:30:00+00:00,3.1768,3.1928,3.1736,3.187,1440799.5
2025-08-11 00:00:00+00:00,3.1869,3.2022,3.172,3.2013,2604903.1
2025-08-11 00:30:00+00:00,3.2012,3.2071,3.1893,3.1943,2564539.8
2025-08-11 01:00:00+00:00,3.1942,3.218,3.1923,3.2167,2186084.9
2025-08-11 01:30:00+00:00,3.2167,3.2326,3.2167,3.2251,3499059.8
2025-08-11 02:00:00+00:00,3.2251,3.267,3.2233,3.2646,8114524.0
2025-08-11 02:30:00+00:00,3.2647,3.274,3.2569,3.2638,4907700.1
2025-08-11 03:00:00+00:00,3.2639,3.2748,3.2492,3.2593,5910827.3
2025-08-11 03:30:00+00:00,3.2593,3.268,3.2514,3.2653,2618998.6
2025-08-11 04:00:00+00:00,3.2654,3.2779,3.2605,3.2609,2835780.4
2025-08-11 04:30:00+00:00,3.2609,3.2705,3.2553,3.2622,3009838.0
2025-08-11 05:00:00+00:00,3.2621,3.2826,3.2615,3.2754,4440331.8
2025-08-11 05:30:00+00:00,3.2755,3.2784,3.2628,3.2713,2585412.0
2025-08-11 06:00:00+00:00,3.2713,3.2825,3.2608,3.2649,3219286.3
2025-08-11 06:30:00+00:00,3.2649,3.2791,3.2618,3.2789,2291433.9
2025-08-11 07:00:00+00:00,3.2789,3.2887,3.2621,3.268,3815465.0
2025-08-11 07:30:00+00:00,3.2679,3.2691,3.2339,3.2451,5096202.2
2025-08-11 08:00:00+00:00,3.2451,3.3158,3.2282,3.3153,12105169.1
2025-08-11 08:30:00+00:00,3.3153,3.3342,3.2943,3.2993,10598029.3
2025-08-11 09:00:00+00:00,3.2993,3.3214,3.295,3.298,5622183.2
2025-08-11 09:30:00+00:00,3.2979,3.3024,3.2708,3.2804,3782258.8
2025-08-11 10:00:00+00:00,3.2805,3.2838,3.2508,3.2772,4316295.6
2025-08-11 10:30:00+00:00,3.2772,3.28,3.2521,3.2559,2794729.4
2025-08-11 11:00:00+00:00,3.2559,3.265,3.2161,3.2162,6042182.4
2025-08-11 11:30:00+00:00,3.2161,3.246,3.2036,3.215,8516493.0
2025-08-11 12:00:00+00:00,3.215,3.2356,3.209,3.2238,4837762.2
2025-08-11 12:30:00+00:00,3.2238,3.2362,3.1958,3.2072,7333035.3
2025-08-11 13:00:00+00:00,3.2072,3.2089,3.1834,3.1896,5731268.3
2025-08-11 13:30:00+00:00,3.1897,3.2254,3.188,3.2177,5367987.0
2025-08-11 14:00:00+00:00,3.2177,3.2306,3.2012,3.2173,4537706.4
2025-08-11 14:30:00+00:00,3.2173,3.2338,3.1901,3.1952,5309528.1
2025-08-11 15:00:00+00:00,3.1952,3.1998,3.1774,3.1814,7159574.1
2025-08-11 15:30:00+00:00,3.1814,3.2105,3.18,3.209,2881888.0
2025-08-11 16:00:00+00:00,3.209,3.2247,3.198,3.2062,4433334.0
2025-08-11 16:30:00+00:00,3.2062,3.2143,3.1841,3.1877,3193651.6
2025-08-11 17:00:00+00:00,3.1877,3.229,3.177,3.2224,7190842.1
2025-08-11 17:30:00+00:00,3.2224,3.2224,3.1772,3.1925,4420064.5
2025-08-11 18:00:00+00:00,3.1925,3.199,3.1629,3.1928,7324270.3
2025-08-11 18:30:00+00:00,3.1929,3.2102,3.1909,3.2069,2526844.0
2025-08-11 19:00:00+00:00,3.2069,3.2069,3.1864,3.1935,1496386.6
2025-08-11 19:30:00+00:00,3.1934,3.1998,3.1474,3.1491,7975611.7
2025-08-11 20:00:00+00:00,3.1491,3.1588,3.1359,3.1562,6267038.0
2025-08-11 20:30:00+00:00,3.1561,3.1684,3.1478,3.1628,2327997.2
2025-08-11 21:00:00+00:00,3.1627,3.1707,3.1484,3.1609,2397716.7
2025-08-11 21:30:00+00:00,3.161,3.1619,3.1182,3.1385,6952908.2
2025-08-11 22:00:00+00:00,3.1385,3.1417,3.1176,3.1297,4154012.8
2025-08-11 22:30:00+00:00,3.1298,3.142,3.1241,3.138,2029109.9
2025-08-11 23:00:00+00:00,3.138,3.1464,3.1302,3.1343,2317853.4
2025-08-11 23:30:00+00:00,3.1342,3.1415,3.1294,3.1295,1945658.4
2025-08-12 00:00:00+00:00,3.1295,3.1497,3.1274,3.144,2986313.7
2025-08-12 00:30:00+00:00,3.144,3.1517,3.1333,3.148,1957117.0
2025-08-12 01:00:00+00:00,3.1479,3.1575,3.1433,3.1572,1502561.3
2025-08-12 01:30:00+00:00,3.1573,3.1651,3.1535,3.1629,1282267.3
2025-08-12 02:00:00+00:00,3.163,3.1741,3.158,3.1737,1390081.0
2025-08-12 02:30:00+00:00,3.1737,3.1765,3.1602,3.1612,1498250.4
2025-08-12 03:00:00+00:00,3.1612,3.1625,3.1434,3.149,2193106.0
2025-08-12 03:30:00+00:00,3.149,3.1581,3.1467,3.1484,1613928.7
2025-08-12 04:00:00+00:00,3.1483,3.1625,3.1452,3.1625,1452117.0
2025-08-12 04:30:00+00:00,3.1625,3.1661,3.1578,3.163,1153708.5
2025-08-12 05:00:00+00:00,3.163,3.163,3.132,3.1342,2344600.2
2025-08-12 05:30:00+00:00,3.1342,3.1422,3.1233,3.1418,2607489.1
2025-08-12 06:00:00+00:00,3.1419,3.1509,3.1152,3.1455,2338849.6
2025-08-12 06:30:00+00:00,3.1456,3.1494,3.1367,3.1439,1330133.9
2025-08-12 07:00:00+00:00,3.144,3.1604,3.1439,3.1553,2725618.3
2025-08-12 07:30:00+00:00,3.1553,3.1561,3.145,3.1557,1913778.1
2025-08-12 08:00:00+00:00,3.1558,3.1569,3.1394,3.1441,2053773.7
2025-08-12 08:30:00+00:00,3.144,3.1641,3.1418,3.1507,1796138.4
2025-08-12 09:00:00+00:00,3.1507,3.1536,3.13,3.1411,2121018.5
2025-08-12 09:30:00+00:00,3.141,3.1411,3.1248,3.1281,1693896.9
2025-08-12 10:00:00+00:00,3.1281,3.1281,3.1041,3.1217,4465075.9
2025-08-12 10:30:00+00:00,3.1217,3.1314,3.1139,3.1285,2018745.2
2025-08-12 11:00:00+00:00,3.1286,3.1485,3.1182,3.1463,1538995.7
2025-08-12 11:30:00+00:00,3.1463,3.1614,3.1456,3.1501,2173947.3
2025-08-12 12:00:00+00:00,3.1501,3.1654,3.1422,3.1615,2215504.4
2025-08-12 12:30:00+00:00,3.1616,3.2025,3.1616,3.1852,12745312.1
2025-08-12 13:00:00+00:00,3.1853,3.1928,3.1646,3.1922,5041604.4
2025-08-12 13:30:00+00:00,3.1922,3.1986,3.1604,3.1747,5289627.3
2025-08-12 14:00:00+00:00,3.1747,3.1927,3.1692,3.1887,2789535.3
2025-08-12 14:30:00+00:00,3.1888,3.2112,3.1872,3.2051,3957476.8
2025-08-12 15:00:00+00:00,3.2051,3.2194,3.2029,3.2159,4804347.7
2025-08-12 15:30:00+00:00,3.216,3.2178,3.2025,3.2127,3525653.3
2025-08-12 16:00:00+00:00,3.2128,3.2248,3.2052,3.2221,4044042.5
2025-08-12 16:30:00+00:00,3.2221,3.2342,3.2146,3.2311,3847944.6
2025-08-12 17:00:00+00:00,3.2311,3.2511,3.2272,3.2362,3887659.1
2025-08-12 17:30:00+00:00,3.2363,3.2418,3.2269,3.2301,3056230.0
2025-08-12 18:00:00+00:00,3.2302,3.258,3.2274,3.2527,3741640.6
2025-08-12 18:30:00+00:00,3.2527,3.2552,3.2368,3.2461,2481415.1
2025-08-12 19:00:00+00:00,3.2461,3.2665,3.2459,3.2663,2472862.1
2025-08-12 19:30:00+00:00,3.2662,3.2905,3.2616,3.2888,5250146.4
2025-08-12 20:00:00+00:00,3.2888,3.3067,3.2725,3.2915,11613339.3
2025-08-12 20:30:00+00:00,3.2915,3.3044,3.2829,3.2908,5698409.8
2025-08-12 21:00:00+00:00,3.2907,3.2936,3.2694,3.2863,5575829.0
2025-08-12 21:30:00+00:00,3.2864,3.2907,3.2677,3.2738,3317017.7
2025-08-12 22:00:00+00:00,3.2739,3.2769,3.2573,3.2717,4379033.4
2025-08-12 22:30:00+00:00,3.2717,3.2792,3.2633,3.2751,2072160.6
2025-08-12 23:00:00+00:00,3.2751,3.2784,3.2633,3.2686,2004482.7
2025-08-12 23:30:00+00:00,3.2687,3.2786,3.2634,3.2676,2569393.0
2025-08-13 00:00:00+00:00,3.2675,3.2675,3.2522,3.2547,2918065.5
2025-08-13 00:30:00+00:00,3.2548,3.263,3.242,3.2463,6366457.7
2025-08-13 01:00:00+00:00,3.2463,3.2466,3.2155,3.2356,4357758.9
2025-08-13 01:30:00+00:00,3.2356,3.2374,3.2178,3.2227,2325911.0
2025-08-13 02:00:00+00:00,3.2227,3.2228,3.2054,3.2108,3002061.2
2025-08-13 02:30:00+00:00,3.2107,3.2409,3.2101,3.2398,4419901.3
2025-08-13 03:00:00+00:00,3.2398,3.246,3.2226,3.2325,4234560.8
2025-08-13 03:30:00+00:00,3.2325,3.2513,3.2287,3.2419,3213971.6
2025-08-13 04:00:00+00:00,3.2418,3.2578,3.2393,3.249,4754018.5
2025-08-13 04:30:00+00:00,3.249,3.2555,3.2403,3.2509,2732865.7
2025-08-13 05:00:00+00:00,3.2509,3.253,3.2417,3.2487,2017740.8
2025-08-13 05:30:00+00:00,3.2487,3.2491,3.2125,3.2187,4176432.7
2025-08-13 06:00:00+00:00,3.2186,3.2268,3.2026,3.2154,3831539.4
2025-08-13 06:30:00+00:00,3.2154,3.2316,3.2151,3.2247,2425156.7
2025-08-13 07:00:00+00:00,3.2248,3.2329,3.2211,3.227,3081715.9
2025-08-13 07:30:00+00:00,3.2271,3.2423,3.2197,3.2394,2776126.6
2025-08-13 08:00:00+00:00,3.2394,3.2769,3.2389,3.27,5609386.8
2025-08-13 08:30:00+00:00,3.27,3.2886,3.2688,3.2872,6123418.1
2025-08-13 09:00:00+00:00,3.2871,3.2939,3.2711,3.2779,4816723.0
2025-08-13 09:30:00+00:00,3.278,3.2907,3.2677,3.2887,6445662.0
2025-08-13 10:00:00+00:00,3.2887,3.2909,3.2771,3.2829,3254055.7
2025-08-13 10:30:00+00:00,3.283,3.2994,3.2806,3.2923,3557810.7
2025-08-13 11:00:00+00:00,3.2924,3.299,3.2774,3.2801,3277288.7
2025-08-13 11:30:00+00:00,3.2801,3.292,3.2757,3.2846,2577485.7
2025-08-13 12:00:00+00:00,3.2845,3.2938,3.2777,3.2892,3212361.0
2025-08-13 12:30:00+00:00,3.2892,3.2911,3.2704,3.271,5131549.9
2025-08-13 13:00:00+00:00,3.271,3.3338,3.2708,3.3248,10584017.4
2025-08-13 13:30:00+00:00,3.3248,3.335,3.2549,3.2921,17444587.0
2025-08-13 14:00:00+00:00,3.2922,3.3,3.2448,3.2667,10806919.9
2025-08-13 14:30:00+00:00,3.2668,3.2725,3.2326,3.2405,6940950.3
2025-08-13 15:00:00+00:00,3.2405,3.253,3.2266,3.245,5755773.7
2025-08-13 15:30:00+00:00,3.2449,3.2694,3.2374,3.2561,3120915.8
2025-08-13 16:00:00+00:00,3.2562,3.2793,3.2495,3.2758,3169451.0
2025-08-13 16:30:00+00:00,3.2757,3.2773,3.2471,3.2545,2493222.0
2025-08-13 17:00:00+00:00,3.2544,3.275,3.2508,3.2735,2155860.6
2025-08-13 17:30:00+00:00,3.2735,3.278,3.2669,3.2755,1420470.6
2025-08-13 18:00:00+00:00,3.2754,3.2798,3.2565,3.2599,2062400.3
2025-08-13 18:30:00+00:00,3.2599,3.2728,3.2441,3.269,1626497.0
2025-08-13 19:00:00+00:00,3.269,3.2813,3.2665,3.2762,2102705.0
2025-08-13 19:30:00+00:00,3.2763,3.285,3.2695,3.2778,1868654.2
2025-08-13 20:00:00+00:00,3.2778,3.2797,3.2585,3.2645,2666772.9
2025-08-13 20:30:00+00:00,3.2646,3.2722,3.2626,3.263,1604544.0
2025-08-13 21:00:00+00:00,3.263,3.279,3.2611,3.2722,2030622.7
2025-08-13 21:30:00+00:00,3.2722,3.2767,3.2523,3.2587,2404636.1
2025-08-13 22:00:00+00:00,3.2587,3.2724,3.2529,3.271,1889843.9
2025-08-13 22:30:00+00:00,3.2711,3.2943,3.2682,3.2744,3182445.6
2025-08-13 23:00:00+00:00,3.2743,3.29,3.274,3.2843,2189049.9
2025-08-13 23:30:00+00:00,3.2843,3.2907,3.2698,3.2744,5140657.9
2025-08-14 00:00:00+00:00,3.2744,3.2892,3.2699,3.2892,8114120.5
2025-08-14 00:30:00+00:00,3.2892,3.3038,3.27,3.2979,7557579.1
2025-08-14 01:00:00+00:00,3.2978,3.3077,3.2823,3.296,4549050.6
2025-08-14 01:30:00+00:00,3.2959,3.33,3.2923,3.3211,7524864.1
2025-08-14 02:00:00+00:00,3.3211,3.3378,3.305,3.3104,6053102.1
2025-08-14 02:30:00+00:00,3.3104,3.3512,3.309,3.3489,6786068.5
2025-08-14 03:00:00+00:00,3.3488,3.3489,3.3313,3.3399,4926545.6
2025-08-14 03:30:00+00:00,3.3398,3.3431,3.3251,3.3262,3909696.6
2025-08-14 04:00:00+00:00,3.3262,3.3343,3.3135,3.3253,3106288.1
2025-08-14 04:30:00+00:00,3.3252,3.3261,3.3022,3.3022,5473727.1
2025-08-14 05:00:00+00:00,3.3023,3.3099,3.285,3.2854,6025194.5
2025-08-14 05:30:00+00:00,3.2853,3.2919,3.2711,3.2747,4877129.6
2025-08-14 06:00:00+00:00,3.2747,3.275,3.2348,3.2504,11081507.2
2025-08-14 06:30:00+00:00,3.2503,3.2741,3.2501,3.2656,5171313.5
2025-08-14 07:00:00+00:00,3.2656,3.2712,3.2419,3.2484,4269968.7
2025-08-14 07:30:00+00:00,3.2485,3.2582,3.2383,3.2554,4332434.1
2025-08-14 08:00:00+00:00,3.2554,3.2554,3.2258,3.2405,4434931.4
2025-08-14 08:30:00+00:00,3.2406,3.2454,3.2232,3.2336,3362829.2
2025-08-14 09:00:00+00:00,3.2337,3.2417,3.2217,3.2363,3224490.0
2025-08-14 09:30:00+00:00,3.2363,3.2456,3.2255,3.2421,2867699.0
2025-08-14 10:00:00+00:00,3.2421,3.2423,3.2265,3.2279,2791927.0
2025-08-14 10:30:00+00:00,3.228,3.2344,3.1994,3.2117,9470211.3
2025-08-14 11:00:00+00:00,3.2117,3.2185,3.2016,3.2137,3878877.7
2025-08-14 11:30:00+00:00,3.2137,3.2186,3.2071,3.2181,2785288.5
2025-08-14 12:00:00+00:00,3.2181,3.2353,3.2158,3.2269,3249787.4
2025-08-14 12:30:00+00:00,3.2268,3.2272,2.9915,3.1011,56052172.5
2025-08-14 13:00:00+00:00,3.101,3.1282,3.0377,3.102,25167157.9
2025-08-14 13:30:00+00:00,3.102,3.1358,3.086,3.1125,13106727.5
2025-08-14 14:00:00+00:00,3.1125,3.1349,3.0966,3.1305,7477834.5
2025-08-14 14:30:00+00:00,3.1304,3.1416,3.1195,3.122,7035459.2
2025-08-14 15:00:00+00:00,3.122,3.1262,3.0929,3.0978,6474396.5
2025-08-14 15:30:00+00:00,3.0978,3.1083,3.0859,3.0962,4680796.7
2025-08-14 16:00:00+00:00,3.0962,3.0962,3.0477,3.059,8612002.8
2025-08-14 16:30:00+00:00,3.0589,3.0748,3.0505,3.0681,4943365.3
2025-08-14 17:00:00+00:00,3.068,3.0855,3.048,3.0846,4156375.5
2025-08-14 17:30:00+00:00,3.0845,3.0863,3.0658,3.0791,3104554.6
2025-08-14 18:00:00+00:00,3.0791,3.0791,3.0426,3.0691,3818550.7
2025-08-14 18:30:00+00:00,3.0691,3.0859,3.0676,3.0816,2182985.3
2025-08-14 19:00:00+00:00,3.0816,3.0949,3.0781,3.0922,1875495.7
2025-08-14 19:30:00+00:00,3.0922,3.0988,3.0663,3.0682,3395234.3
2025-08-14 20:00:00+00:00,3.0681,3.0828,3.0579,3.0827,2269281.7
2025-08-14 20:30:00+00:00,3.0827,3.0863,3.0632,3.0781,1916851.6
2025-08-14 21:00:00+00:00,3.0781,3.0802,3.0426,3.044,3622769.1
2025-08-14 21:30:00+00:00,3.0441,3.0667,3.0295,3.0608,5016588.4
2025-08-14 22:00:00+00:00,3.0607,3.0661,3.0454,3.0661,2248678.5
2025-08-14 22:30:00+00:00,3.066,3.0822,3.0649,3.0789,1787558.1
2025-08-14 23:00:00+00:00,3.0789,3.0898,3.0764,3.0895,1524233.0
2025-08-14 23:30:00+00:00,3.0895,3.0908,3.0768,3.0792,1378546.8
2025-08-15 00:00:00+00:00,3.0792,3.0914,3.0747,3.0833,2390317.7
2025-08-15 00:30:00+00:00,3.0833,3.0954,3.0722,3.0797,2257779.2
2025-08-15 01:00:00+00:00,3.0798,3.0943,3.0716,3.0909,1540874.7
2025-08-15 01:30:00+00:00,3.0908,3.1046,3.0866,3.0937,4142629.8
2025-08-15 02:00:00+00:00,3.0936,3.1048,3.0863,3.1042,3505906.7
2025-08-15 02:30:00+00:00,3.1042,3.1067,3.0979,3.1003,1730725.3
2025-08-15 03:00:00+00:00,3.1004,3.1185,3.0944,3.1167,3706787.7
2025-08-15 03:30:00+00:00,3.1167,3.1228,3.1129,3.1174,2582888.8
2025-08-15 04:00:00+00:00,3.1174,3.1274,3.1102,3.1274,2236152.8
2025-08-15 04:30:00+00:00,3.1273,3.128,3.1154,3.1168,2158499.1
2025-08-15 05:00:00+00:00,3.1168,3.1191,3.1082,3.1124,1841628.5
2025-08-15 05:30:00+00:00,3.1124,3.1334,3.1085,3.1332,2105144.1
2025-08-15 06:00:00+00:00,3.1331,3.1427,3.1251,3.1353,4015957.4
2025-08-15 06:30:00+00:00,3.1352,3.1379,3.1246,3.1257,1469573.2
2025-08-15 07:00:00+00:00,3.1258,3.1258,3.1097,3.1141,2833746.2
2025-08-15 07:30:00+00:00,3.1141,3.1181,3.1057,3.1174,1683297.1
2025-08-15 08:00:00+00:00,3.1173,3.1278,3.1164,3.125,2626697.0
2025-08-15 08:30:00+00:00,3.1249,3.1269,3.1126,3.1152,1963008.9
2025-08-15 09:00:00+00:00,3.1151,3.1238,3.099,3.1009,1868550.1
2025-08-15 09:30:00+00:00,3.1009,3.1109,3.0973,3.1037,3236357.0
2025-08-15 10:00:00+00:00,3.1038,3.1221,3.1027,3.1142,2312040.9
2025-08-15 10:30:00+00:00,3.1142,3.1166,3.1014,3.1066,1235244.2
2025-08-15 11:00:00+00:00,3.1066,3.1159,3.0968,3.1016,1387577.4
2025-08-15 11:30:00+00:00,3.1016,3.1187,3.0987,3.1111,1233790.5
2025-08-15 12:00:00+00:00,3.1111,3.1207,3.0971,3.1088,2534174.2
2025-08-15 12:30:00+00:00,3.1089,3.1407,3.0966,3.1132,6386907.6
2025-08-15 13:00:00+00:00,3.1131,3.123,3.1035,3.1094,2893951.9
2025-08-15 13:30:00+00:00,3.1094,3.1125,3.0715,3.0838,5786478.4
2025-08-15 14:00:00+00:00,3.0837,3.1003,3.0708,3.0753,3357954.1
2025-08-15 14:30:00+00:00,3.0752,3.0824,3.0545,3.0623,4345679.7
2025-08-15 15:00:00+00:00,3.0623,3.0652,3.0226,3.0253,7237499.5
2025-08-15 15:30:00+00:00,3.0253,3.0442,3.0111,3.0269,7452548.5
2025-08-15 16:00:00+00:00,3.0269,3.0304,3.0024,3.0201,6263634.7
2025-08-15 16:30:00+00:00,3.0201,3.043,3.0194,3.0374,3383195.4
2025-08-15 17:00:00+00:00,3.0373,3.0675,3.0218,3.057,3872599.1
2025-08-15 17:30:00+00:00,3.0571,3.0637,3.0437,3.0564,1963516.0
2025-08-15 18:00:00+00:00,3.0564,3.0668,3.0478,3.0667,1736746.7
2025-08-15 18:30:00+00:00,3.0667,3.0842,3.0547,3.0646,3290677.5
2025-08-15 19:00:00+00:00,3.0646,3.0963,3.0552,3.0721,3423365.0
2025-08-15 19:30:00+00:00,3.0721,3.075,3.0593,3.0657,1281224.2
2025-08-15 20:00:00+00:00,3.0657,3.0786,3.0545,3.0779,2200264.3
2025-08-15 20:30:00+00:00,3.0779,3.0909,3.0691,3.0755,2279226.7
2025-08-15 21:00:00+00:00,3.0755,3.0962,3.0752,3.0857,3001268.7
2025-08-15 21:30:00+00:00,3.0857,3.087,3.0772,3.0791,968632.6
2025-08-15 22:00:00+00:00,3.0792,3.0844,3.0749,3.0796,1109636.8
2025-08-15 22:30:00+00:00,3.0796,3.097,3.0792,3.0955,1504403.3
2025-08-15 23:00:00+00:00,3.0955,3.0988,3.0706,3.0761,2075450.2
2025-08-15 23:30:00+00:00,3.076,3.0787,3.0707,3.0779,513270.1
2025-08-16 00:00:00+00:00,3.0778,3.0814,3.0715,3.0784,1160513.5
2025-08-16 00:30:00+00:00,3.0784,3.0938,3.0781,3.0924,1166381.8
2025-08-16 01:00:00+00:00,3.0924,3.0949,3.0856,3.0901,1402964.8
2025-08-16 01:30:00+00:00,3.0901,3.0956,3.0878,3.0903,685654.4
2025-08-16 02:00:00+00:00,3.0903,3.0926,3.0854,3.0916,477203.9
2025-08-16 02:30:00+00:00,3.0917,3.093,3.0865,3.0919,723550.8
2025-08-16 03:00:00+00:00,3.0919,3.1113,3.0904,3.1087,1425405.5
2025-08-16 03:30:00+00:00,3.1088,3.1146,3.1054,3.1086,1349519.8
2025-08-16 04:00:00+00:00,3.1087,3.1173,3.1087,3.115,1484815.3
2025-08-16 04:30:00+00:00,3.115,3.1157,3.1041,3.1075,1043205.3
2025-08-16 05:00:00+00:00,3.1074,3.1076,3.0974,3.0975,951270.1
2025-08-16 05:30:00+00:00,3.0974,3.0999,3.09,3.0941,885509.2
2025-08-16 06:00:00+00:00,3.0942,3.0992,3.0918,3.094,647245.0
2025-08-16 06:30:00+00:00,3.0941,3.1107,3.0885,3.1055,1182299.4
2025-08-16 07:00:00+00:00,3.1055,3.1148,3.1054,3.1139,855188.3
2025-08-16 07:30:00+00:00,3.114,3.1259,3.1119,3.1232,1540574.8
2025-08-16 08:00:00+00:00,3.1233,3.1299,3.1165,3.127,1923807.3
2025-08-16 08:30:00+00:00,3.127,3.1464,3.127,3.1408,3668242.7
2025-08-16 09:00:00+00:00,3.1408,3.1486,3.1381,3.1436,1925143.1
2025-08-16 09:30:00+00:00,3.1436,3.156,3.125,3.1251,3661155.0
2025-08-16 10:00:00+00:00,3.125,3.1469,3.1203,3.137,5560082.1
2025-08-16 10:30:00+00:00,3.137,3.1382,3.1209,3.1261,2297808.4
2025-08-16 11:00:00+00:00,3.1261,3.1342,3.1159,3.1171,1812759.8
2025-08-16 11:30:00+00:00,3.117,3.1227,3.1029,3.1044,1403179.5
2025-08-16 12:00:00+00:00,3.1045,3.1169,3.0981,3.1064,1814056.0
2025-08-16 12:30:00+00:00,3.1064,3.1194,3.1064,3.1123,1215717.9
2025-08-16 13:00:00+00:00,3.1123,3.1271,3.1106,3.1169,2140261.3
2025-08-16 13:30:00+00:00,3.1169,3.1214,3.101,3.1071,2151919.4
2025-08-16 14:00:00+00:00,3.1072,3.1196,3.1,3.1164,1327339.6
2025-08-16 14:30:00+00:00,3.1163,3.1175,3.1081,3.1097,1392518.4
2025-08-16 15:00:00+00:00,3.1097,3.1159,3.1024,3.1075,1166230.9
2025-08-16 15:30:00+00:00,3.1074,3.1084,3.0995,3.1036,1272039.0
2025-08-16 16:00:00+00:00,3.1036,3.113,3.1027,3.1099,1049040.8
2025-08-16 16:30:00+00:00,3.1099,3.1111,3.0958,3.1075,2039247.7
2025-08-16 17:00:00+00:00,3.1076,3.1105,3.0966,3.0998,919455.2
2025-08-16 17:30:00+00:00,3.0998,3.1006,3.0943,3.0959,518104.9
2025-08-16 18:00:00+00:00,3.0958,3.109,3.0924,3.1001,764431.3
2025-08-16 18:30:00+00:00,3.1,3.1045,3.0976,3.0988,369182.3
2025-08-16 19:00:00+00:00,3.0987,3.1028,3.0956,3.1023,914212.1
2025-08-16 19:30:00+00:00,3.1023,3.1084,3.1002,3.1002,952366.7
2025-08-16 20:00:00+00:00,3.1001,3.1075,3.0954,3.1027,608842.4
2025-08-16 20:30:00+00:00,3.1027,3.1058,3.1004,3.1044,569634.7
2025-08-16 21:00:00+00:00,3.1044,3.1049,3.0962,3.1,356477.0
2025-08-16 21:30:00+00:00,3.0999,3.101,3.094,3.0946,468254.3
2025-08-16 22:00:00+00:00,3.0946,3.0994,3.0905,3.0991,976048.5
2025-08-16 22:30:00+00:00,3.0991,3.109,3.0987,3.1063,736901.6
2025-08-16 23:00:00+00:00,3.1062,3.1074,3.1012,3.1017,753259.4
2025-08-16 23:30:00+00:00,3.1016,3.1071,3.0994,3.1055,815749.0
2025-08-17 00:00:00+00:00,3.1056,3.1056,3.0968,3.0983,682409.4
2025-08-17 00:30:00+00:00,3.0983,3.1026,3.0927,3.0928,843252.6
2025-08-17 01:00:00+00:00,3.0928,3.0928,3.0829,3.086,1577568.8
2025-08-17 01:30:00+00:00,3.0859,3.1065,3.0838,3.1051,1542900.5
2025-08-17 02:00:00+00:00,3.1052,3.1095,3.0938,3.1077,724326.6
2025-08-17 02:30:00+00:00,3.1077,3.1208,3.1042,3.12,1451363.4
2025-08-17 03:00:00+00:00,3.12,3.1209,3.1135,3.1163,729100.7
2025-08-17 03:30:00+00:00,3.1163,3.1238,3.1141,3.1198,811067.1
2025-08-17 04:00:00+00:00,3.1199,3.128,3.1192,3.1257,851394.8
2025-08-17 04:30:00+00:00,3.1258,3.135,3.1213,3.1339,1296302.7
2025-08-17 05:00:00+00:00,3.1338,3.1387,3.132,3.1349,1209860.4
2025-08-17 05:30:00+00:00,3.135,3.135,3.1214,3.122,829736.4
2025-08-17 06:00:00+00:00,3.1221,3.1284,3.122,3.1261,803482.7
2025-08-17 06:30:00+00:00,3.126,3.126,3.1144,3.1146,1321856.0
2025-08-17 07:00:00+00:00,3.1147,3.1214,3.1117,3.1153,1269205.3
2025-08-17 07:30:00+00:00,3.1153,3.1206,3.112,3.1176,737959.6
2025-08-17 08:00:00+00:00,3.1177,3.119,3.1115,3.1159,533050.5
2025-08-17 08:30:00+00:00,3.1159,3.141,3.1158,3.1376,1839139.5
2025-08-17 09:00:00+00:00,3.1375,3.1392,3.1225,3.1239,1895154.7
2025-08-17 09:30:00+00:00,3.1238,3.1317,3.119,3.1317,1300301.0
2025-08-17 10:00:00+00:00,3.1317,3.1374,3.1247,3.1248,1289676.3
2025-08-17 10:30:00+00:00,3.1247,3.1276,3.1218,3.127,999431.1
2025-08-17 11:00:00+00:00,3.1269,3.1313,3.1228,3.1312,899190.2
2025-08-17 11:30:00+00:00,3.1313,3.1324,3.1275,3.128,987875.4
2025-08-17 12:00:00+00:00,3.1281,3.1284,3.1151,3.1162,1043468.8
2025-08-17 12:30:00+00:00,3.1162,3.12,3.1142,3.1179,924233.7
2025-08-17 13:00:00+00:00,3.1179,3.119,3.1143,3.1174,930179.8
2025-08-17 13:30:00+00:00,3.1173,3.132,3.1171,3.1281,1172973.0
2025-08-17 14:00:00+00:00,3.1281,3.129,3.1179,3.1211,969469.0
2025-08-17 14:30:00+00:00,3.1212,3.1253,3.117,3.1178,1260807.3
2025-08-17 15:00:00+00:00,3.1177,3.123,3.1153,3.1216,1436030.0
2025-08-17 15:30:00+00:00,3.1217,3.1459,3.1216,3.1438,3401492.1
2025-08-17 16:00:00+00:00,3.1437,3.1472,3.1266,3.127,3899806.5
2025-08-17 16:30:00+00:00,3.1271,3.1271,3.1046,3.1122,3264381.4
2025-08-17 17:00:00+00:00,3.1121,3.1212,3.1055,3.1163,1988446.5
2025-08-17 17:30:00+00:00,3.1163,3.1194,3.106,3.1078,861465.4
2025-08-17 18:00:00+00:00,3.1078,3.1087,3.0994,3.1038,1434058.4
2025-08-17 18:30:00+00:00,3.1039,3.1082,3.0773,3.0979,5184299.1
2025-08-17 19:00:00+00:00,3.0979,3.1034,3.0919,3.0992,1490968.0
2025-08-17 19:30:00+00:00,3.0992,3.1008,3.0869,3.0888,1642217.9
2025-08-17 20:00:00+00:00,3.0887,3.0958,3.0885,3.0934,715594.2
2025-08-17 20:30:00+00:00,3.0934,3.0995,3.0919,3.0927,800752.8
2025-08-17 21:00:00+00:00,3.0927,3.0977,3.088,3.0956,888208.2
2025-08-17 21:30:00+00:00,3.0956,3.1036,3.0905,3.1001,881856.4
2025-08-17 22:00:00+00:00,3.1,3.105,3.0961,3.103,1454243.2
2025-08-17 22:30:00+00:00,3.103,3.1134,3.1016,3.1107,873448.8
2025-08-17 23:00:00+00:00,3.1108,3.1115,3.0971,3.0971,1815865.5
2025-08-17 23:30:00+00:00,3.0972,3.0979,3.0855,3.0877,1932225.8
2025-08-18 00:00:00+00:00,3.0877,3.0916,3.0755,3.0784,1792365.7
2025-08-18 00:30:00+00:00,3.0783,3.0887,3.0726,3.082,2037490.4
2025-08-18 01:00:00+00:00,3.0819,3.0847,3.0559,3.0563,2985834.5
2025-08-18 01:30:00+00:00,3.0562,3.0683,3.0352,3.0415,7631941.2
2025-08-18 02:00:00+00:00,3.0415,3.0446,3.0166,3.021,7849009.6
2025-08-18 02:30:00+00:00,3.021,3.0321,3.005,3.0102,5583766.8
2025-08-18 03:00:00+00:00,3.0102,3.016,2.9872,2.9881,7651305.9
2025-08-18 03:30:00+00:00,2.9881,2.9934,2.9669,2.9901,9249392.8
2025-08-18 04:00:00+00:00,2.99,2.9963,2.9779,2.996,2929038.1
2025-08-18 04:30:00+00:00,2.9961,3.0,2.9926,2.9984,3258094.2
2025-08-18 05:00:00+00:00,2.9984,3.0052,2.9969,2.998,2662552.1
2025-08-18 05:30:00+00:00,2.998,2.9987,2.9727,2.992,3951040.0
2025-08-18 06:00:00+00:00,2.992,2.992,2.9618,2.971,7206528.7
2025-08-18 06:30:00+00:00,2.971,2.9773,2.9555,2.9713,5108015.6
2025-08-18 07:00:00+00:00,2.9712,2.9785,2.9602,2.9668,3400822.6
2025-08-18 07:30:00+00:00,2.9669,2.9759,2.9592,2.9639,2881173.9
2025-08-18 08:00:00+00:00,2.9638,2.9757,2.9623,2.973,2250767.5
2025-08-18 08:30:00+00:00,2.9729,2.9758,2.962,2.9624,2132715.8
2025-08-18 09:00:00+00:00,2.9624,2.9624,2.9419,2.9457,6586629.5
2025-08-18 09:30:00+00:00,2.9457,2.9698,2.9404,2.9672,4167545.3
2025-08-18 10:00:00+00:00,2.9671,2.9726,2.9553,2.9562,3650234.5
2025-08-18 10:30:00+00:00,2.9561,2.9697,2.9556,2.9696,2934327.6
2025-08-18 11:00:00+00:00,2.9696,2.975,2.9644,2.9722,2796833.2
2025-08-18 11:30:00+00:00,2.9722,2.978,2.9591,2.9644,3763293.3
2025-08-18 12:00:00+00:00,2.9643,2.9798,2.96,2.9751,2381276.5
2025-08-18 12:30:00+00:00,2.9751,2.9904,2.973,2.9904,2698804.0
2025-08-18 13:00:00+00:00,2.9904,3.0007,2.9865,2.9981,3550268.4
2025-08-18 13:30:00+00:00,2.9981,3.0006,2.9673,2.9674,3509138.9
2025-08-18 14:00:00+00:00,2.9674,2.9961,2.9674,2.992,2623443.5
2025-08-18 14:30:00+00:00,2.9919,2.9991,2.97,2.9961,2366084.0
2025-08-18 15:00:00+00:00,2.9961,3.0058,2.9875,2.9941,2479804.7
2025-08-18 15:30:00+00:00,2.9941,3.024,2.9866,3.0158,3135101.5
2025-08-18 16:00:00+00:00,3.0158,3.0228,3.0042,3.0157,2333094.8
2025-08-18 16:30:00+00:00,3.0158,3.0222,3.0022,3.0038,1908660.4
2025-08-18 17:00:00+00:00,3.0037,3.0512,3.0005,3.0473,4291227.8
2025-08-18 17:30:00+00:00,3.0473,3.0969,3.047,3.0705,8493927.2
2025-08-18 18:00:00+00:00,3.0706,3.0743,3.0435,3.0538,2530180.4
2025-08-18 18:30:00+00:00,3.0539,3.0669,3.0534,3.066,1151816.7
2025-08-18 19:00:00+00:00,3.066,3.0774,3.0561,3.0758,1656994.3
2025-08-18 19:30:00+00:00,3.0758,3.0845,3.0604,3.0822,1462692.1
2025-08-18 20:00:00+00:00,3.0822,3.0831,3.0677,3.0762,1251603.1
2025-08-18 20:30:00+00:00,3.0763,3.0808,3.0515,3.0793,1518236.1
2025-08-18 21:00:00+00:00,3.0793,3.0954,3.0732,3.0941,2100399.2
2025-08-18 21:30:00+00:00,3.0941,3.096,3.0689,3.0792,1734836.5
2025-08-18 22:00:00+00:00,3.0792,3.0927,3.0792,3.0859,1315631.4
2025-08-18 22:30:00+00:00,3.0859,3.0871,3.0681,3.069,1756529.6
2025-08-18 23:00:00+00:00,3.0689,3.0707,3.0596,3.0653,1270631.7
2025-08-18 23:30:00+00:00,3.0653,3.066,3.0552,3.0616,1479812.6
2025-08-19 00:00:00+00:00,3.0616,3.0639,3.0379,3.0384,2613579.2
2025-08-19 00:30:00+00:00,3.0383,3.0698,3.0248,3.0665,4937790.3
2025-08-19 01:00:00+00:00,3.0664,3.0808,3.056,3.0567,2141998.3
2025-08-19 01:30:00+00:00,3.0566,3.0569,3.0443,3.0504,2714359.4
2025-08-19 02:00:00+00:00,3.0503,3.0511,3.034,3.0439,2147823.7
2025-08-19 02:30:00+00:00,3.0438,3.0479,3.0323,3.035,2021893.2
2025-08-19 03:00:00+00:00,3.035,3.0361,3.0188,3.0203,2757881.7
2025-08-19 03:30:00+00:00,3.0202,3.0203,2.984,2.9902,4901715.4
2025-08-19 04:00:00+00:00,2.9902,2.9963,2.9731,2.9816,4455775.4
2025-08-19 04:30:00+00:00,2.9816,3.0072,2.9813,3.0063,2118955.0
2025-08-19 05:00:00+00:00,3.0063,3.0232,3.0016,3.0227,2969522.1
2025-08-19 05:30:00+00:00,3.0228,3.0279,3.0134,3.0145,1437410.4
2025-08-19 06:00:00+00:00,3.0146,3.0261,3.0036,3.0216,2477772.3
2025-08-19 06:30:00+00:00,3.0215,3.0263,3.0136,3.0198,1771364.2
2025-08-19 07:00:00+00:00,3.0198,3.0225,2.995,3.0004,5228846.8
2025-08-19 07:30:00+00:00,3.0004,3.0073,2.9918,3.0036,2622845.0
2025-08-19 08:00:00+00:00,3.0036,3.0104,2.9909,3.0008,3192245.5
2025-08-19 08:30:00+00:00,3.0008,3.0164,2.9954,3.0085,2747230.9
2025-08-19 09:00:00+00:00,3.0085,3.0196,3.0051,3.0176,2094844.5
2025-08-19 09:30:00+00:00,3.0177,3.0237,3.0085,3.0173,1659696.1
2025-08-19 10:00:00+00:00,3.0173,3.0198,3.011,3.0138,1134692.8
2025-08-19 10:30:00+00:00,3.0137,3.0246,3.01,3.0128,1257110.6
2025-08-19 11:00:00+00:00,3.0129,3.0195,3.0074,3.0149,1257049.1
2025-08-19 11:30:00+00:00,3.0149,3.0182,3.0067,3.0156,985692.4
2025-08-19 12:00:00+00:00,3.0156,3.0181,3.0109,3.0166,674368.9
2025-08-19 12:30:00+00:00,3.0167,3.0167,3.0044,3.0136,1582172.2
2025-08-19 13:00:00+00:00,3.0135,3.0291,3.0051,3.0239,1275358.8
2025-08-19 13:30:00+00:00,3.024,3.038,2.9852,2.9999,4717019.2
2025-08-19 14:00:00+00:00,3.0,3.0075,2.9495,2.9496,4284250.6
2025-08-19 14:30:00+00:00,2.9497,2.9623,2.9325,2.9429,8279504.4
2025-08-19 15:00:00+00:00,2.9428,2.9675,2.9337,2.9651,4647053.2
2025-08-19 15:30:00+00:00,2.965,2.966,2.9271,2.9296,4896951.3
2025-08-19 16:00:00+00:00,2.9296,2.9355,2.9205,2.9223,4793547.1
2025-08-19 16:30:00+00:00,2.9223,2.9317,2.9081,2.911,4431627.5
2025-08-19 17:00:00+00:00,2.911,2.9298,2.8968,2.9274,5872950.3
2025-08-19 17:30:00+00:00,2.9273,2.9324,2.9184,2.9295,1391460.6
2025-08-19 18:00:00+00:00,2.9296,2.9336,2.9184,2.9185,1371344.3
2025-08-19 18:30:00+00:00,2.9186,2.926,2.8929,2.9026,3404428.6
2025-08-19 19:00:00+00:00,2.9025,2.9192,2.8809,2.9158,5713042.7
2025-08-19 19:30:00+00:00,2.9157,2.9188,2.8709,2.8768,4175561.1
2025-08-19 20:00:00+00:00,2.8767,2.8945,2.8713,2.8913,3633027.9
2025-08-19 20:30:00+00:00,2.8912,2.9064,2.8912,2.9033,2066606.5
2025-08-19 21:00:00+00:00,2.9032,2.9049,2.8744,2.8915,5293035.8
2025-08-19 21:30:00+00:00,2.8915,2.9,2.8876,2.8966,2041702.6
2025-08-19 22:00:00+00:00,2.8965,2.8966,2.8829,2.8928,1917492.5
2025-08-19 22:30:00+00:00,2.8928,2.9013,2.8892,2.8927,1170751.9
2025-08-19 23:00:00+00:00,2.8926,2.894,2.8623,2.8657,3193842.0
2025-08-19 23:30:00+00:00,2.8657,2.8807,2.8488,2.8608,6709994.4
2025-08-20 00:00:00+00:00,2.8608,2.8879,2.8601,2.8737,4029566.0
2025-08-20 00:30:00+00:00,2.8738,2.8888,2.8717,2.8788,2853293.8
2025-08-20 01:00:00+00:00,2.8789,2.8914,2.8715,2.8722,2017402.5
2025-08-20 01:30:00+00:00,2.8723,2.8871,2.8492,2.8852,4729396.4
2025-08-20 02:00:00+00:00,2.8852,2.8938,2.8781,2.8913,2259858.3
2025-08-20 02:30:00+00:00,2.8914,2.8936,2.8841,2.885,1931271.3
2025-08-20 03:00:00+00:00,2.885,2.8943,2.8818,2.8943,2288183.8
2025-08-20 03:30:00+00:00,2.8943,2.9,2.8834,2.8872,1544577.2
2025-08-20 04:00:00+00:00,2.8872,2.8979,2.8867,2.8965,1856001.6
2025-08-20 04:30:00+00:00,2.8965,2.9013,2.8898,2.8991,3013413.0
2025-08-20 05:00:00+00:00,2.8991,2.9005,2.8882,2.8948,1409432.9
2025-08-20 05:30:00+00:00,2.8948,2.9007,2.8926,2.9003,1338568.7
2025-08-20 06:00:00+00:00,2.9002,2.9002,2.8771,2.8853,2315444.6
2025-08-20 06:30:00+00:00,2.8853,2.8929,2.8831,2.8851,1828559.3
2025-08-20 07:00:00+00:00,2.8851,2.8964,2.883,2.8933,2903831.3
2025-08-20 07:30:00+00:00,2.8933,2.8939,2.8646,2.8674,3288156.1
2025-08-20 08:00:00+00:00,2.8674,2.8921,2.8637,2.8912,2597555.6
2025-08-20 08:30:00+00:00,2.8913,2.9142,2.8913,2.9136,6840915.7
2025-08-20 09:00:00+00:00,2.9136,2.9137,2.8941,2.8955,4460588.5
2025-08-20 09:30:00+00:00,2.8955,2.9029,2.8848,2.8869,1800629.2
2025-08-20 10:00:00+00:00,2.8869,2.8987,2.8835,2.891,1634836.4
2025-08-20 10:30:00+00:00,2.891,2.9064,2.891,2.9037,2041936.4
2025-08-20 11:00:00+00:00,2.9037,2.9057,2.8864,2.888,1360509.7
2025-08-20 11:30:00+00:00,2.888,2.8893,2.8597,2.8892,2996752.8
2025-08-20 12:00:00+00:00,2.8893,2.9139,2.8857,2.8894,2573568.1
2025-08-20 12:30:00+00:00,2.8894,2.9029,2.8889,2.8931,2335382.2
2025-08-20 13:00:00+00:00,2.893,2.893,2.8691,2.8796,1723431.3
2025-08-20 13:30:00+00:00,2.8796,2.8904,2.8367,2.8388,9471630.0
2025-08-20 14:00:00+00:00,2.8388,2.8595,2.8184,2.8562,9201943.1
2025-08-20 14:30:00+00:00,2.8563,2.9025,2.8554,2.8887,5599331.5
2025-08-20 15:00:00+00:00,2.8886,2.9345,2.8849,2.9295,8472908.9
2025-08-20 15:30:00+00:00,2.9295,2.9327,2.8981,2.904,5700803.7
2025-08-20 16:00:00+00:00,2.904,2.9295,2.904,2.9284,3154165.1
2025-08-20 16:30:00+00:00,2.9283,2.9286,2.9101,2.9134,1938294.3
2025-08-20 17:00:00+00:00,2.9133,2.9369,2.9117,2.9209,3176989.3
2025-08-20 17:30:00+00:00,2.9209,2.9566,2.9201,2.9438,5067853.4
2025-08-20 18:00:00+00:00,2.9438,2.9457,2.908,2.9104,4871051.2
2025-08-20 18:30:00+00:00,2.9104,2.9264,2.9062,2.9188,1921839.3
2025-08-20 19:00:00+00:00,2.9188,2.959,2.9169,2.9539,3504958.0
2025-08-20 19:30:00+00:00,2.9538,2.989,2.9513,2.989,4678109.2
2025-08-20 20:00:00+00:00,2.989,2.9896,2.9656,2.9716,3165396.6
2025-08-20 20:30:00+00:00,2.9715,2.9762,2.9652,2.9708,1865497.0
2025-08-20 21:00:00+00:00,2.9709,2.9769,2.9563,2.9587,2405492.3
2025-08-20 21:30:00+00:00,2.9587,2.9727,2.953,2.9677,3398632.5
2025-08-20 22:00:00+00:00,2.9677,2.9744,2.9618,2.9663,1195677.3
2025-08-20 22:30:00+00:00,2.9664,2.9719,2.9614,2.9696,1081224.7
2025-08-20 23:00:00+00:00,2.9697,2.9707,2.9534,2.9548,983536.1
2025-08-20 23:30:00+00:00,2.9548,2.96,2.9491,2.9512,1823066.3
2025-08-21 00:00:00+00:00,2.9512,2.9517,2.934,2.9369,3176768.7
2025-08-21 00:30:00+00:00,2.937,2.9511,2.937,2.9432,1497112.9
2025-08-21 01:00:00+00:00,2.9433,2.9443,2.9275,2.9349,1891645.1
2025-08-21 01:30:00+00:00,2.9348,2.952,2.9331,2.9507,2535758.9
2025-08-21 02:00:00+00:00,2.9506,2.9588,2.9202,2.9238,2328970.2
2025-08-21 02:30:00+00:00,2.9237,2.925,2.9129,2.9242,1780732.0
2025-08-21 03:00:00+00:00,2.9242,2.9508,2.9239,2.9368,3381489.5
2025-08-21 03:30:00+00:00,2.9368,2.9424,2.9294,2.9299,1648919.6
2025-08-21 04:00:00+00:00,2.9298,2.9325,2.922,2.9258,1384577.7
2025-08-21 04:30:00+00:00,2.9257,2.9408,2.9247,2.9305,1283818.2
2025-08-21 05:00:00+00:00,2.9305,2.9328,2.9216,2.9235,1647208.9
2025-08-21 05:30:00+00:00,2.9234,2.931,2.9227,2.9307,1455705.3
2025-08-21 06:00:00+00:00,2.9307,2.9308,2.9032,2.9055,2978673.3
2025-08-21 06:30:00+00:00,2.9055,2.9128,2.9054,2.9113,1702665.5
2025-08-21 07:00:00+00:00,2.9113,2.918,2.8922,2.9035,3109105.1
2025-08-21 07:30:00+00:00,2.9036,2.912,2.9,2.9081,1832363.6
2025-08-21 08:00:00+00:00,2.9082,2.9161,2.8995,2.9023,2592434.0
2025-08-21 08:30:00+00:00,2.9024,2.9097,2.8971,2.8973,1184514.2
2025-08-21 09:00:00+00:00,2.8973,2.8978,2.8858,2.8925,2076159.3
2025-08-21 09:30:00+00:00,2.8925,2.906,2.8912,2.8932,927983.7
2025-08-21 10:00:00+00:00,2.8933,2.9025,2.8904,2.8995,1133411.5
2025-08-21 10:30:00+00:00,2.8995,2.9052,2.896,2.9005,877913.3
2025-08-21 11:00:00+00:00,2.9006,2.9126,2.8993,2.9123,1152628.5
2025-08-21 11:30:00+00:00,2.9123,2.916,2.8961,2.9021,1747680.2
2025-08-21 12:00:00+00:00,2.902,2.9055,2.8901,2.8985,1353001.4
2025-08-21 12:30:00+00:00,2.8985,2.91,2.8833,2.8904,1806081.5
2025-08-21 13:00:00+00:00,2.8904,2.9064,2.885,2.9059,1044462.2
2025-08-21 13:30:00+00:00,2.9059,2.9206,2.8935,2.8964,3625900.0
2025-08-21 14:00:00+00:00,2.8965,2.9236,2.8914,2.9218,3005107.1
2025-08-21 14:30:00+00:00,2.9218,2.9227,2.8791,2.8999,3154436.0
2025-08-21 15:00:00+00:00,2.9,2.9036,2.8725,2.8916,3893750.0
2025-08-21 15:30:00+00:00,2.8917,2.9006,2.8824,2.8875,1820797.3
2025-08-21 16:00:00+00:00,2.8874,2.9102,2.882,2.8985,1682575.0
2025-08-21 16:30:00+00:00,2.8986,2.9042,2.8888,2.8902,1555967.3
2025-08-21 17:00:00+00:00,2.8902,2.8911,2.874,2.8851,1902673.1
2025-08-21 17:30:00+00:00,2.8852,2.9078,2.8842,2.9016,1720281.9
2025-08-21 18:00:00+00:00,2.9016,2.9172,2.9012,2.9148,1419638.9
2025-08-21 18:30:00+00:00,2.9149,2.9158,2.9007,2.9136,1011700.4
2025-08-21 19:00:00+00:00,2.9136,2.9193,2.8893,2.8896,1323897.6
2025-08-21 19:30:00+00:00,2.8895,2.8895,2.8517,2.8682,4790426.7
2025-08-21 20:00:00+00:00,2.8683,2.8824,2.8642,2.88,2062673.2
2025-08-21 20:30:00+00:00,2.88,2.8879,2.86,2.8801,1585988.5
2025-08-21 21:00:00+00:00,2.88,2.8882,2.8671,2.8859,1244787.6
2025-08-21 21:30:00+00:00,2.8859,2.8885,2.8766,2.8845,623327.4
2025-08-21 22:00:00+00:00,2.8845,2.886,2.877,2.8824,739966.8
2025-08-21 22:30:00+00:00,2.8825,2.8825,2.8686,2.8746,748531.1
2025-08-21 23:00:00+00:00,2.8746,2.8747,2.8484,2.8577,1864064.3
2025-08-21 23:30:00+00:00,2.8576,2.8576,2.8424,2.8519,2064381.1
2025-08-22 00:00:00+00:00,2.8518,2.8658,2.85,2.8647,2567946.1
2025-08-22 00:30:00+00:00,2.8647,2.8712,2.848,2.8579,1300201.2
2025-08-22 01:00:00+00:00,2.8579,2.8635,2.8388,2.8533,2030463.5
2025-08-22 01:30:00+00:00,2.8532,2.8626,2.8483,2.8581,1580573.0
2025-08-22 02:00:00+00:00,2.8582,2.885,2.8531,2.8833,2751676.7
2025-08-22 02:30:00+00:00,2.8832,2.8834,2.8568,2.8574,1756509.8
2025-08-22 03:00:00+00:00,2.8574,2.8604,2.8472,2.8485,2183220.0
2025-08-22 03:30:00+00:00,2.8484,2.849,2.8226,2.8331,5154064.7
2025-08-22 04:00:00+00:00,2.833,2.8596,2.8309,2.8567,2693190.4
2025-08-22 04:30:00+00:00,2.8567,2.867,2.851,2.8568,1254663.3
2025-08-22 05:00:00+00:00,2.8569,2.8662,2.8517,2.8617,753048.3
2025-08-22 05:30:00+00:00,2.8617,2.874,2.8578,2.871,1149390.3
2025-08-22 06:00:00+00:00,2.8709,2.8742,2.8584,2.8673,2192744.2
2025-08-22 06:30:00+00:00,2.8673,2.8684,2.8456,2.8531,2235036.9
2025-08-22 07:00:00+00:00,2.8532,2.8747,2.8508,2.8718,2254811.8
2025-08-22 07:30:00+00:00,2.8718,2.872,2.86,2.8601,1552850.1
2025-08-22 08:00:00+00:00,2.8601,2.8764,2.86,2.8725,2036471.7
2025-08-22 08:30:00+00:00,2.8725,2.8729,2.8605,2.868,1887356.0
2025-08-22 09:00:00+00:00,2.868,2.8706,2.8568,2.86,972761.1
2025-08-22 09:30:00+00:00,2.8599,2.8637,2.8508,2.8593,958007.5
2025-08-22 10:00:00+00:00,2.8594,2.8599,2.8421,2.845,1575354.9
2025-08-22 10:30:00+00:00,2.8449,2.8455,2.8276,2.8325,2015180.1
2025-08-22 11:00:00+00:00,2.8325,2.8338,2.8163,2.8226,4348918.9
2025-08-22 11:30:00+00:00,2.8226,2.8243,2.8041,2.8056,4449337.1
2025-08-22 12:00:00+00:00,2.8056,2.8103,2.7904,2.8002,6566165.5
2025-08-22 12:30:00+00:00,2.8002,2.8184,2.7826,2.8078,7026626.7
2025-08-22 13:00:00+00:00,2.8078,2.8211,2.8038,2.8185,4082268.2
2025-08-22 13:30:00+00:00,2.8185,2.8635,2.8082,2.8404,9268789.9
2025-08-22 14:00:00+00:00,2.8404,3.0411,2.8401,2.9946,62482806.1
2025-08-22 14:30:00+00:00,2.9946,3.0311,2.9944,3.005,17420663.5
2025-08-22 15:00:00+00:00,3.0049,3.0361,3.0048,3.0199,8127508.2
2025-08-22 15:30:00+00:00,3.0199,3.0436,3.0168,3.0169,8996361.5
2025-08-22 16:00:00+00:00,3.0169,3.0726,3.0162,3.0503,12669917.9
2025-08-22 16:30:00+00:00,3.0504,3.0622,3.0414,3.0485,3836498.8
2025-08-22 17:00:00+00:00,3.0486,3.0939,3.0485,3.0932,9682749.9
2025-08-22 17:30:00+00:00,3.0933,3.096,3.0617,3.0664,5862451.7
2025-08-22 18:00:00+00:00,3.0664,3.0737,3.0449,3.0523,6177047.1
2025-08-22 18:30:00+00:00,3.0524,3.0793,3.0508,3.0792,2808639.8
2025-08-22 19:00:00+00:00,3.0793,3.097,3.075,3.0959,3576790.6
2025-08-22 19:30:00+00:00,3.0958,3.1,3.0702,3.073,5260253.8
2025-08-22 20:00:00+00:00,3.073,3.086,3.0719,3.0789,2388173.3
2025-08-22 20:30:00+00:00,3.0789,3.091,3.0722,3.0907,3213088.0
2025-08-22 21:00:00+00:00,3.0906,3.1056,3.0759,3.0985,7148076.3
2025-08-22 21:30:00+00:00,3.0986,3.1,3.086,3.0899,2532380.8
2025-08-22 22:00:00+00:00,3.0899,3.0915,3.0646,3.0865,4923729.6
2025-08-22 22:30:00+00:00,3.0865,3.0884,3.074,3.0768,3721711.1
2025-08-22 23:00:00+00:00,3.0768,3.0796,3.0641,3.0679,3279580.9
2025-08-22 23:30:00+00:00,3.068,3.0816,3.0669,3.0744,2336107.8
2025-08-23 00:00:00+00:00,3.0745,3.0749,3.056,3.0591,4513484.9
2025-08-23 00:30:00+00:00,3.0592,3.064,3.0382,3.0386,4110037.9
2025-08-23 01:00:00+00:00,3.0386,3.0464,3.0204,3.0225,5151917.8
2025-08-23 01:30:00+00:00,3.0225,3.03,3.0104,3.0259,3911250.9
2025-08-23 02:00:00+00:00,3.0259,3.0306,2.9922,2.9923,4540478.2
2025-08-23 02:30:00+00:00,2.9922,3.0031,2.9697,2.9977,8130725.0
2025-08-23 03:00:00+00:00,2.9977,3.0087,2.9869,2.9982,3226162.6
2025-08-23 03:30:00+00:00,2.9982,2.9996,2.9842,2.9939,2077624.0
2025-08-23 04:00:00+00:00,2.994,3.0141,2.9932,3.0102,1689260.4
2025-08-23 04:30:00+00:00,3.0102,3.0343,3.01,3.0331,6234039.5
2025-08-23 05:00:00+00:00,3.033,3.05,3.0265,3.0444,2748372.2
2025-08-23 05:30:00+00:00,3.0444,3.059,3.0444,3.052,2570382.3
2025-08-23 06:00:00+00:00,3.052,3.0637,3.0464,3.0541,2285521.7
2025-08-23 06:30:00+00:00,3.0541,3.0658,3.0523,3.0644,2032091.6
2025-08-23 07:00:00+00:00,3.0644,3.0756,3.0549,3.0559,2310771.3
2025-08-23 07:30:00+00:00,3.0559,3.0697,3.0491,3.0619,1889257.9
2025-08-23 08:00:00+00:00,3.0619,3.0718,3.0441,3.0479,2463236.3
2025-08-23 08:30:00+00:00,3.0478,3.0594,3.0434,3.0515,1781060.3
2025-08-23 09:00:00+00:00,3.0516,3.0536,3.0392,3.0455,1944617.7
2025-08-23 09:30:00+00:00,3.0455,3.0521,3.0434,3.0479,1287173.3
2025-08-23 10:00:00+00:00,3.0479,3.0494,3.0316,3.0353,1846943.3
2025-08-23 10:30:00+00:00,3.0354,3.0386,3.0296,3.0313,1541797.9
2025-08-23 11:00:00+00:00,3.0314,3.0424,3.03,3.0309,1132774.4
2025-08-23 11:30:00+00:00,3.031,3.0518,3.029,3.0434,2668548.9
2025-08-23 12:00:00+00:00,3.0435,3.0474,3.0319,3.0385,1033792.5
2025-08-23 12:30:00+00:00,3.0385,3.0455,3.0307,3.0332,1324701.7
2025-08-23 13:00:00+00:00,3.0332,3.0344,3.0216,3.0232,2266138.7
2025-08-23 13:30:00+00:00,3.0232,3.0249,3.0114,3.0154,3493230.2
2025-08-23 14:00:00+00:00,3.0155,3.0293,3.0098,3.0279,2010530.6
2025-08-23 14:30:00+00:00,3.0278,3.0326,3.0072,3.0156,2272101.9
2025-08-23 15:00:00+00:00,3.0156,3.0237,3.0125,3.0227,1383912.3
2025-08-23 15:30:00+00:00,3.0226,3.0236,3.0173,3.0187,756990.4
2025-08-23 16:00:00+00:00,3.0187,3.0248,3.0127,3.0191,1316383.6
2025-08-23 16:30:00+00:00,3.0191,3.0229,3.0097,3.0206,924685.9
2025-08-23 17:00:00+00:00,3.0206,3.0255,3.0165,3.0171,1399095.7
2025-08-23 17:30:00+00:00,3.0172,3.0253,3.0166,3.0181,663358.7
2025-08-23 18:00:00+00:00,3.0181,3.0212,3.0158,3.0175,649717.7
2025-08-23 18:30:00+00:00,3.0176,3.0228,3.0165,3.0226,606177.2
2025-08-23 19:00:00+00:00,3.0227,3.0296,3.0207,3.0278,841893.6
2025-08-23 19:30:00+00:00,3.0278,3.0312,3.0265,3.0297,607328.0
2025-08-23 20:00:00+00:00,3.0297,3.0333,3.0276,3.0327,1088452.2
2025-08-23 20:30:00+00:00,3.0327,3.0345,3.025,3.0323,990577.4
2025-08-23 21:00:00+00:00,3.0322,3.0343,3.0258,3.0283,989153.1
2025-08-23 21:30:00+00:00,3.0283,3.0338,3.0269,3.0327,1053488.6
2025-08-23 22:00:00+00:00,3.0326,3.0424,3.0312,3.0376,1336082.1
2025-08-23 22:30:00+00:00,3.0376,3.05,3.0371,3.0477,2006212.3
2025-08-23 23:00:00+00:00,3.0477,3.058,3.0454,3.0562,1538653.4
2025-08-23 23:30:00+00:00,3.0563,3.0563,3.0463,3.0485,610659.3
2025-08-24 00:00:00+00:00,3.0486,3.0555,3.0465,3.0539,1384699.3
2025-08-24 00:30:00+00:00,3.0539,3.0641,3.0529,3.0572,2085709.8
2025-08-24 01:00:00+00:00,3.0572,3.062,3.0467,3.0527,1404464.0
2025-08-24 01:30:00+00:00,3.0527,3.0886,3.0502,3.0736,5466760.9
2025-08-24 02:00:00+00:00,3.0737,3.0797,3.0558,3.0665,2771078.6
2025-08-24 02:30:00+00:00,3.0664,3.0694,3.056,3.0569,2106150.7
2025-08-24 03:00:00+00:00,3.0569,3.0599,3.0452,3.0458,1436357.0
2025-08-24 03:30:00+00:00,3.0459,3.0569,3.0443,3.0526,814738.3
2025-08-24 04:00:00+00:00,3.0526,3.0568,3.0435,3.0454,577935.0
2025-08-24 04:30:00+00:00,3.0453,3.0515,3.0423,3.0515,996574.1
2025-08-24 05:00:00+00:00,3.0515,3.055,3.0458,3.0484,865321.2
2025-08-24 05:30:00+00:00,3.0483,3.0532,3.0436,3.0499,700399.1
2025-08-24 06:00:00+00:00,3.05,3.0505,3.0381,3.0418,1010084.9
2025-08-24 06:30:00+00:00,3.0418,3.0425,3.0296,3.0318,2236330.0
2025-08-24 07:00:00+00:00,3.0318,3.0425,3.0303,3.0414,899980.1
2025-08-24 07:30:00+00:00,3.0415,3.0476,3.035,3.0357,763596.6
2025-08-24 08:00:00+00:00,3.0357,3.0478,3.028,3.0386,1753513.2
2025-08-24 08:30:00+00:00,3.0386,3.0418,3.0335,3.0398,759926.7
2025-08-24 09:00:00+00:00,3.0398,3.0425,3.0256,3.0292,1975365.6
2025-08-24 09:30:00+00:00,3.0291,3.037,3.025,3.0253,1213205.4
2025-08-24 10:00:00+00:00,3.0252,3.0267,3.0133,3.0171,1668654.4
2025-08-24 10:30:00+00:00,3.0171,3.0225,3.0029,3.0125,3282006.7
2025-08-24 11:00:00+00:00,3.0125,3.0159,2.9971,3.0095,2701227.5
2025-08-24 11:30:00+00:00,3.0095,3.0152,3.0051,3.0087,1295379.1
2025-08-24 12:00:00+00:00,3.0087,3.018,3.0059,3.0133,1449244.0
2025-08-24 12:30:00+00:00,3.0133,3.0194,3.0066,3.0175,1001798.9
2025-08-24 13:00:00+00:00,3.0175,3.0228,3.0122,3.0199,1657618.4
2025-08-24 13:30:00+00:00,3.02,3.0249,3.0182,3.0201,1147812.0
2025-08-24 14:00:00+00:00,3.0202,3.0284,3.0138,3.0158,1752039.6
2025-08-24 14:30:00+00:00,3.0157,3.0244,3.0106,3.022,1195629.6
2025-08-24 15:00:00+00:00,3.0219,3.041,3.0177,3.0348,2426642.4
2025-08-24 15:30:00+00:00,3.0349,3.038,3.0118,3.0144,2496038.7
2025-08-24 16:00:00+00:00,3.0144,3.0259,3.0134,3.0196,2128685.8
2025-08-24 16:30:00+00:00,3.0197,3.0331,3.0184,3.0306,947697.6
2025-08-24 17:00:00+00:00,3.0305,3.0451,3.0297,3.0375,1375841.0
2025-08-24 17:30:00+00:00,3.0375,3.0648,3.035,3.0515,3217883.6
2025-08-24 18:00:00+00:00,3.0514,3.0828,3.0461,3.0817,4249938.3
2025-08-24 18:30:00+00:00,3.0817,3.1166,3.0804,3.1099,8849039.8
2025-08-24 19:00:00+00:00,3.1098,3.128,3.1022,3.115,6406634.0
2025-08-24 19:30:00+00:00,3.1151,3.1173,2.9911,3.0343,40470083.4
2025-08-24 20:00:00+00:00,3.0344,3.0413,2.987,3.0324,15605768.1
2025-08-24 20:30:00+00:00,3.0323,3.04,3.0206,3.0292,3425040.3
2025-08-24 21:00:00+00:00,3.0293,3.0327,3.0093,3.0274,4478679.6
2025-08-24 21:30:00+00:00,3.0274,3.0474,3.0231,3.0289,2900195.6
2025-08-24 22:00:00+00:00,3.0289,3.0328,3.0042,3.005,2736917.8
2025-08-24 22:30:00+00:00,3.005,3.0355,3.0019,3.0332,2180963.4
2025-08-24 23:00:00+00:00,3.0333,3.0397,3.0271,3.0325,2573026.7
2025-08-24 23:30:00+00:00,3.0326,3.0393,3.023,3.0258,2510657.2
2025-08-25 00:00:00+00:00,3.0259,3.0358,3.0116,3.0136,1866241.5
2025-08-25 00:30:00+00:00,3.0137,3.0138,2.9736,2.9939,6662188.2
2025-08-25 01:00:00+00:00,2.9939,3.026,2.9931,3.0186,2266796.1
2025-08-25 01:30:00+00:00,3.0185,3.0226,3.0092,3.0161,2003149.5
2025-08-25 02:00:00+00:00,3.0162,3.0465,3.0156,3.0442,4146887.5
2025-08-25 02:30:00+00:00,3.0442,3.0526,3.0368,3.0443,4517500.2
2025-08-25 03:00:00+00:00,3.0444,3.0535,3.036,3.0368,2508116.5
2025-08-25 03:30:00+00:00,3.0368,3.0435,3.0175,3.0219,2553999.8
2025-08-25 04:00:00+00:00,3.0219,3.0261,3.01,3.0125,2584342.2
2025-08-25 04:30:00+00:00,3.0125,3.0153,3.0036,3.0047,2397674.8
2025-08-25 05:00:00+00:00,3.0047,3.0111,2.9944,3.0087,2582275.8
2025-08-25 05:30:00+00:00,3.0088,3.0114,2.9913,2.9922,2230127.0
2025-08-25 06:00:00+00:00,2.9922,2.9942,2.9756,2.9805,4307943.7
2025-08-25 06:30:00+00:00,2.9805,2.9816,2.955,2.9551,5606239.0
2025-08-25 07:00:00+00:00,2.9552,2.9682,2.9481,2.9482,4518611.7
2025-08-25 07:30:00+00:00,2.9481,2.9521,2.9301,2.9384,5181229.7
2025-08-25 08:00:00+00:00,2.9385,2.953,2.9209,2.9444,5412808.3
2025-08-25 08:30:00+00:00,2.9445,2.9524,2.9373,2.9448,2275171.1
2025-08-25 09:00:00+00:00,2.9448,2.9486,2.9349,2.9395,2477968.4
2025-08-25 09:30:00+00:00,2.9395,2.9579,2.9373,2.9572,1784493.7
2025-08-25 10:00:00+00:00,2.9573,2.9577,2.92,2.931,4122031.7
2025-08-25 10:30:00+00:00,2.9311,2.9348,2.9193,2.9309,3112067.2
2025-08-25 11:00:00+00:00,2.931,2.9376,2.9283,2.9331,1821317.4
2025-08-25 11:30:00+00:00,2.9331,2.9445,2.9329,2.9429,1871432.2
2025-08-25 12:00:00+00:00,2.9429,2.9646,2.9359,2.9645,2132027.3
2025-08-25 12:30:00+00:00,2.9646,2.9646,2.9516,2.9626,1743796.9
2025-08-25 13:00:00+00:00,2.9625,2.9688,2.9493,2.9626,1935764.3
2025-08-25 13:30:00+00:00,2.9626,2.9645,2.9276,2.9492,4016228.4
2025-08-25 14:00:00+00:00,2.9493,2.9658,2.9419,2.954,2560588.9
2025-08-25 14:30:00+00:00,2.954,2.9689,2.948,2.9674,1873222.3
2025-08-25 15:00:00+00:00,2.9674,2.9744,2.9535,2.9664,2641587.8
2025-08-25 15:30:00+00:00,2.9664,2.9685,2.9487,2.9538,1978888.1
2025-08-25 16:00:00+00:00,2.9538,2.9685,2.9433,2.9584,1297927.2
2025-08-25 16:30:00+00:00,2.9583,2.9636,2.9491,2.9492,842550.9
2025-08-25 17:00:00+00:00,2.9492,2.9561,2.9356,2.9536,2836841.7
2025-08-25 17:30:00+00:00,2.9536,2.9676,2.943,2.9639,1583038.4
2025-08-25 18:00:00+00:00,2.964,2.9667,2.954,2.9624,1656735.6
2025-08-25 18:30:00+00:00,2.9624,2.9658,2.9468,2.9603,2528946.1
2025-08-25 19:00:00+00:00,2.9604,2.9617,2.9214,2.9377,5132951.8
2025-08-25 19:30:00+00:00,2.9376,2.9395,2.8724,2.8768,10578667.9
2025-08-25 20:00:00+00:00,2.8769,2.8944,2.8513,2.8698,12958322.3
2025-08-25 20:30:00+00:00,2.8699,2.8719,2.8258,2.8258,13688486.4
2025-08-25 21:00:00+00:00,2.8258,2.8531,2.8223,2.8427,9966604.2
2025-08-25 21:30:00+00:00,2.8427,2.8642,2.834,2.8506,4362105.0
2025-08-25 22:00:00+00:00,2.8506,2.8607,2.8393,2.8605,4320113.6
2025-08-25 22:30:00+00:00,2.8605,2.8693,2.8583,2.8628,3219198.6
2025-08-25 23:00:00+00:00,2.8627,2.8641,2.8479,2.8541,2221792.4
2025-08-25 23:30:00+00:00,2.854,2.864,2.8518,2.8584,1257259.1
2025-08-26 00:00:00+00:00,2.8584,2.876,2.8513,2.8738,4145818.9
2025-08-26 00:30:00+00:00,2.8738,2.8826,2.8459,2.8596,5167359.1
2025-08-26 01:00:00+00:00,2.8596,2.8791,2.8505,2.8775,2664835.8
2025-08-26 01:30:00+00:00,2.8775,2.8855,2.871,2.884,1826445.2
2025-08-26 02:00:00+00:00,2.8839,2.898,2.882,2.8878,3367908.3
2025-08-26 02:30:00+00:00,2.8878,2.8882,2.8721,2.8829,2410563.0
2025-08-26 03:00:00+00:00,2.8828,2.8961,2.8777,2.8875,2392072.5
2025-08-26 03:30:00+00:00,2.8875,2.8935,2.8833,2.885,1479692.5
2025-08-26 04:00:00+00:00,2.885,2.9034,2.885,2.8997,1877705.6
2025-08-26 04:30:00+00:00,2.8997,2.9103,2.8997,2.9073,2334147.5
2025-08-26 05:00:00+00:00,2.9074,2.9177,2.9068,2.9146,2334221.5
2025-08-26 05:30:00+00:00,2.9146,2.9291,2.9114,2.919,2559049.9
2025-08-26 06:00:00+00:00,2.9189,2.9293,2.9027,2.9096,4288276.4
2025-08-26 06:30:00+00:00,2.9096,2.9165,2.9053,2.9108,2144353.6
2025-08-26 07:00:00+00:00,2.9108,2.9179,2.9,2.9083,2543651.9
2025-08-26 07:30:00+00:00,2.9082,2.935,2.9074,2.9172,4316436.4
2025-08-26 08:00:00+00:00,2.9171,2.9278,2.9105,2.9205,2561629.4
2025-08-26 08:30:00+00:00,2.9204,2.9242,2.9094,2.9112,3213362.4
2025-08-26 09:00:00+00:00,2.9113,2.921,2.9093,2.918,1906509.2
2025-08-26 09:30:00+00:00,2.918,2.9207,2.9028,2.9097,2194091.8
2025-08-26 10:00:00+00:00,2.9098,2.9126,2.9005,2.9045,1490135.6
2025-08-26 10:30:00+00:00,2.9046,2.9156,2.9045,2.9078,1329535.5
2025-08-26 11:00:00+00:00,2.9078,2.9111,2.8953,2.898,2143788.2
2025-08-26 11:30:00+00:00,2.8981,2.9021,2.8904,2.9011,1462295.3
2025-08-26 12:00:00+00:00,2.9012,2.9018,2.8889,2.8942,1837782.6
2025-08-26 12:30:00+00:00,2.8942,2.9409,2.8941,2.9179,7219588.2
2025-08-26 13:00:00+00:00,2.9179,2.9179,2.9,2.9012,2105964.8
2025-08-26 13:30:00+00:00,2.9013,2.9241,2.8876,2.9177,6891809.0
2025-08-26 14:00:00+00:00,2.9177,2.935,2.9049,2.9252,3545138.7
2025-08-26 14:30:00+00:00,2.9251,2.9408,2.9232,2.9304,2088137.7
2025-08-26 15:00:00+00:00,2.9303,2.9429,2.9254,2.9342,4170052.0
2025-08-26 15:30:00+00:00,2.9342,2.9346,2.9217,2.9331,2187034.4
2025-08-26 16:00:00+00:00,2.933,2.947,2.9261,2.9469,1734744.3
2025-08-26 16:30:00+00:00,2.947,2.956,2.9431,2.9558,3034650.0
2025-08-26 17:00:00+00:00,2.9558,2.9637,2.9466,2.9583,3992950.0
2025-08-26 17:30:00+00:00,2.9583,2.9626,2.9482,2.9626,2867811.9
2025-08-26 18:00:00+00:00,2.9626,2.975,2.9595,2.9748,1948186.9
2025-08-26 18:30:00+00:00,2.9749,2.989,2.9742,2.9804,2384008.7
2025-08-26 19:00:00+00:00,2.9804,2.9904,2.9662,2.9902,1921124.4
2025-08-26 19:30:00+00:00,2.9902,3.0817,2.9878,3.0607,16996287.3
2025-08-26 20:00:00+00:00,3.0606,3.0624,3.0246,3.0262,9791836.4
2025-08-26 20:30:00+00:00,3.0262,3.0396,3.0162,3.0396,4782127.3
2025-08-26 21:00:00+00:00,3.0395,3.041,3.02,3.0207,6193255.9
2025-08-26 21:30:00+00:00,3.0208,3.0305,3.0181,3.0305,2313456.4
2025-08-26 22:00:00+00:00,3.0304,3.0324,3.0053,3.0084,4244122.6
2025-08-26 22:30:00+00:00,3.0084,3.0164,3.0032,3.0133,2239424.2
2025-08-26 23:00:00+00:00,3.0134,3.0273,3.0088,3.0158,2202088.8
2025-08-26 23:30:00+00:00,3.0157,3.0167,3.0081,3.0123,1677119.8
2025-08-27 00:00:00+00:00,3.0123,3.0127,2.9947,2.9958,1988469.0
2025-08-27 00:30:00+00:00,2.9958,3.0043,2.9853,2.9893,2745596.9
2025-08-27 01:00:00+00:00,2.9894,2.9993,2.9811,2.996,2093449.9
2025-08-27 01:30:00+00:00,2.9961,3.0078,2.9943,3.0033,2021286.1
2025-08-27 02:00:00+00:00,3.0033,3.0091,2.9885,2.9963,2827349.3
2025-08-27 02:30:00+00:00,2.9964,3.0036,2.9938,2.9944,1436098.4
2025-08-27 03:00:00+00:00,2.9944,2.9977,2.9836,2.9871,1758717.1
2025-08-27 03:30:00+00:00,2.987,3.014,2.987,3.0043,4295762.3
2025-08-27 04:00:00+00:00,3.0043,3.0223,3.0016,3.011,2423756.2
2025-08-27 04:30:00+00:00,3.0111,3.0279,3.01,3.0223,2337277.7
2025-08-27 05:00:00+00:00,3.0222,3.0238,3.0108,3.0175,1733789.8
2025-08-27 05:30:00+00:00,3.0175,3.0202,3.0113,3.0148,1588430.2
2025-08-27 06:00:00+00:00,3.0149,3.0152,3.0037,3.0094,1726255.5
2025-08-27 06:30:00+00:00,3.0093,3.0152,2.9974,2.9988,1622424.8
2025-08-27 07:00:00+00:00,2.9987,3.0027,2.9852,2.9881,2449898.8
2025-08-27 07:30:00+00:00,2.9881,2.9958,2.9846,2.9934,2205864.6
2025-08-27 08:00:00+00:00,2.9934,3.0067,2.9934,3.0009,1854866.5
2025-08-27 08:30:00+00:00,3.0009,3.0144,2.9965,3.0143,1173954.8
2025-08-27 09:00:00+00:00,3.0143,3.0235,3.0121,3.0141,1543467.1
2025-08-27 09:30:00+00:00,3.0142,3.0174,3.0075,3.0108,804236.8
2025-08-27 10:00:00+00:00,3.0108,3.0158,3.0058,3.0094,1099032.4
2025-08-27 10:30:00+00:00,3.0093,3.0115,2.9964,2.9985,1078038.9
2025-08-27 11:00:00+00:00,2.9986,3.0034,2.9968,2.9978,1603657.2
2025-08-27 11:30:00+00:00,2.9979,3.001,2.9951,2.9984,1870958.0
2025-08-27 12:00:00+00:00,2.9983,3.0057,2.9914,2.9961,1947666.8
2025-08-27 12:30:00+00:00,2.9961,3.0044,2.9929,3.0021,1148912.0
2025-08-27 13:00:00+00:00,3.0022,3.0022,2.9931,2.9984,2072415.3
2025-08-27 13:30:00+00:00,2.9983,3.0195,2.9882,3.0003,5740900.1
2025-08-27 14:00:00+00:00,3.0004,3.018,2.9933,3.0165,1893463.5
2025-08-27 14:30:00+00:00,3.0164,3.0321,3.0027,3.0055,4644819.6
2025-08-27 15:00:00+00:00,3.0056,3.0184,2.9999,3.0044,1951718.8
2025-08-27 15:30:00+00:00,3.0043,3.021,2.9976,3.0169,2294744.3
2025-08-27 16:00:00+00:00,3.017,3.0216,3.0073,3.0108,2469556.9
2025-08-27 16:30:00+00:00,3.0107,3.021,3.0,3.0192,1677501.5
2025-08-27 17:00:00+00:00,3.0191,3.023,3.0108,3.0206,1688018.5
2025-08-27 17:30:00+00:00,3.0207,3.038,3.0192,3.0355,2226780.1
2025-08-27 18:00:00+00:00,3.0354,3.0454,3.0306,3.0358,3460463.6
2025-08-27 18:30:00+00:00,3.0358,3.036,3.0085,3.0085,2114704.4
2025-08-27 19:00:00+00:00,3.0085,3.0169,2.9875,3.0074,4952053.8
2025-08-27 19:30:00+00:00,3.0073,3.02,2.9959,3.0053,2702023.2
2025-08-27 20:00:00+00:00,3.0053,3.0286,2.9716,3.0102,17222240.1
2025-08-27 20:30:00+00:00,3.0102,3.0245,3.0008,3.0121,5495876.9
2025-08-27 21:00:00+00:00,3.0122,3.0195,2.997,3.0014,2451573.6
2025-08-27 21:30:00+00:00,3.0014,3.007,2.9801,2.9873,1824909.7
2025-08-27 22:00:00+00:00,2.9873,2.9887,2.9621,2.9808,3831747.5
2025-08-27 22:30:00+00:00,2.9808,2.9923,2.979,2.9791,1202457.0
2025-08-27 23:00:00+00:00,2.979,2.9828,2.9688,2.9755,1527432.0
2025-08-27 23:30:00+00:00,2.9755,2.9786,2.9625,2.9688,1446189.4
2025-08-28 00:00:00+00:00,2.9688,2.9792,2.9577,2.9683,1977978.8
2025-08-28 00:30:00+00:00,2.9684,2.9784,2.953,2.9694,2056629.2
2025-08-28 01:00:00+00:00,2.9694,2.981,2.9684,2.9743,1010709.1
2025-08-28 01:30:00+00:00,2.9743,2.9894,2.9739,2.9853,1223765.6
2025-08-28 02:00:00+00:00,2.9852,2.9877,2.9751,2.9859,1633081.1
2025-08-28 02:30:00+00:00,2.9858,2.9884,2.9708,2.9734,1765758.9
2025-08-28 03:00:00+00:00,2.9733,2.9857,2.9696,2.9821,1696849.7
2025-08-28 03:30:00+00:00,2.9822,2.985,2.9752,2.9819,1822990.6
2025-08-28 04:00:00+00:00,2.982,2.9948,2.9771,2.9897,2824529.1
2025-08-28 04:30:00+00:00,2.9896,3.0117,2.9887,3.0076,4344885.1
2025-08-28 05:00:00+00:00,3.0076,3.0133,2.9988,3.0026,3689104.3
2025-08-28 05:30:00+00:00,3.0026,3.006,2.9942,3.0002,2387975.0
2025-08-28 06:00:00+00:00,3.0002,3.0004,2.9898,2.999,2158388.9
2025-08-28 06:30:00+00:00,2.9991,3.0039,2.9933,3.0018,2483877.8
2025-08-28 07:00:00+00:00,3.0018,3.0068,2.993,2.9966,3101647.7
2025-08-28 07:30:00+00:00,2.9966,3.0036,2.9913,3.0035,2182541.1
2025-08-28 08:00:00+00:00,3.0035,3.0161,3.0014,3.0025,5666402.6
2025-08-28 08:30:00+00:00,3.0026,3.0039,2.9952,3.0,1989567.6
2025-08-28 09:00:00+00:00,3.0,3.0004,2.9919,3.0003,1848482.2
2025-08-28 09:30:00+00:00,3.0004,3.0023,2.997,2.9998,811884.7
2025-08-28 10:00:00+00:00,2.9997,3.0015,2.9942,2.9987,979590.5
2025-08-28 10:30:00+00:00,2.9988,3.0073,2.9979,3.0073,1545085.4
2025-08-28 11:00:00+00:00,3.0073,3.0078,3.0009,3.0042,2215764.4
2025-08-28 11:30:00+00:00,3.0043,3.0083,2.9994,3.0075,1529663.2
2025-08-28 12:00:00+00:00,3.0076,3.0126,3.0055,3.0099,1960566.5
2025-08-28 12:30:00+00:00,3.0099,3.0263,3.0051,3.0195,7380044.7
2025-08-28 13:00:00+00:00,3.0195,3.0257,3.0116,3.0137,3021111.9
2025-08-28 13:30:00+00:00,3.0137,3.022,2.9961,3.0032,5472260.2
2025-08-28 14:00:00+00:00,3.0032,3.0151,2.9968,3.0026,2834415.3
2025-08-28 14:30:00+00:00,3.0026,3.02,2.9961,3.0161,2653803.0
2025-08-28 15:00:00+00:00,3.0161,3.0197,2.9924,2.9947,3731546.7
2025-08-28 15:30:00+00:00,2.9947,2.9976,2.9706,2.9817,3253026.7
2025-08-28 16:00:00+00:00,2.9816,2.9983,2.9815,2.9973,1615824.3
2025-08-28 16:30:00+00:00,2.9973,2.9974,2.9588,2.9589,4003154.2
2025-08-28 17:00:00+00:00,2.9589,2.9836,2.9577,2.9825,2153116.0
2025-08-28 17:30:00+00:00,2.9825,2.9825,2.974,2.98,976194.4
2025-08-28 18:00:00+00:00,2.9801,2.983,2.9688,2.9827,1257528.0
2025-08-28 18:30:00+00:00,2.9826,2.987,2.9772,2.9787,1038708.7
2025-08-28 19:00:00+00:00,2.9788,2.9854,2.9714,2.9787,827316.0
2025-08-28 19:30:00+00:00,2.9788,2.9809,2.9432,2.9436,4186372.9
2025-08-28 20:00:00+00:00,2.9436,2.963,2.9435,2.9578,2165985.3
2025-08-28 20:30:00+00:00,2.9578,2.9602,2.9492,2.9497,1310280.0
2025-08-28 21:00:00+00:00,2.9497,2.9543,2.9476,2.95,1514067.9
2025-08-28 21:30:00+00:00,2.9501,2.9657,2.9484,2.9616,863107.2
2025-08-28 22:00:00+00:00,2.9616,2.9738,2.961,2.9734,1667010.6
2025-08-28 22:30:00+00:00,2.9734,2.9797,2.9664,2.9699,1275716.5
2025-08-28 23:00:00+00:00,2.9699,2.9749,2.9636,2.9662,1151584.3
2025-08-28 23:30:00+00:00,2.9662,2.9737,2.9621,2.9665,1336044.4
2025-08-29 00:00:00+00:00,2.9665,2.9768,2.9602,2.9746,1553680.0
2025-08-29 00:30:00+00:00,2.9745,2.9755,2.9541,2.9583,1429556.5
2025-08-29 01:00:00+00:00,2.9583,2.9618,2.9385,2.9393,2842613.3
2025-08-29 01:30:00+00:00,2.9393,2.9505,2.9393,2.9421,1716267.5
2025-08-29 02:00:00+00:00,2.9421,2.959,2.9375,2.9508,1708535.3
2025-08-29 02:30:00+00:00,2.9509,2.9546,2.9458,2.9473,1208403.0
2025-08-29 03:00:00+00:00,2.9473,2.9503,2.9376,2.9399,1897155.8
2025-08-29 03:30:00+00:00,2.94,2.946,2.9376,2.9381,1868438.8
2025-08-29 04:00:00+00:00,2.9381,2.9404,2.9277,2.9311,1799502.9
2025-08-29 04:30:00+00:00,2.9312,2.9312,2.915,2.9176,2659486.4
2025-08-29 05:00:00+00:00,2.9177,2.918,2.9016,2.9016,3089300.3
2025-08-29 05:30:00+00:00,2.9016,2.9153,2.8998,2.9102,2581840.0
2025-08-29 06:00:00+00:00,2.9102,2.9123,2.8922,2.8931,2707619.4
2025-08-29 06:30:00+00:00,2.8931,2.9022,2.892,2.9007,11063450.8
2025-08-29 07:00:00+00:00,2.9007,2.9007,2.8601,2.8681,7820824.5
2025-08-29 07:30:00+00:00,2.8681,2.8773,2.8653,2.8699,4400762.3
2025-08-29 08:00:00+00:00,2.8698,2.8785,2.8579,2.8619,4632563.6
2025-08-29 08:30:00+00:00,2.8619,2.8659,2.8495,2.8523,4997019.6
2025-08-29 09:00:00+00:00,2.8524,2.8629,2.8436,2.8624,4015829.9
2025-08-29 09:30:00+00:00,2.8624,2.8762,2.8584,2.8757,4096336.5
2025-08-29 10:00:00+00:00,2.8756,2.8869,2.8738,2.885,3304271.3
2025-08-29 10:30:00+00:00,2.885,2.885,2.87,2.8765,3392326.2
2025-08-29 11:00:00+00:00,2.8765,2.8822,2.8719,2.875,2570164.1
2025-08-29 11:30:00+00:00,2.8749,2.8776,2.8717,2.8763,1716997.6
2025-08-29 12:00:00+00:00,2.8762,2.8843,2.8757,2.8798,2122698.6
2025-08-29 12:30:00+00:00,2.8798,2.9227,2.8772,2.887,8740562.9
2025-08-29 13:00:00+00:00,2.8869,2.8881,2.8659,2.8694,3069257.8
2025-08-29 13:30:00+00:00,2.8694,2.8713,2.8353,2.8491,8986445.7
2025-08-29 14:00:00+00:00,2.8491,2.8615,2.82,2.8339,12288684.4
2025-08-29 14:30:00+00:00,2.8339,2.8402,2.8165,2.823,5497483.0
2025-08-29 15:00:00+00:00,2.823,2.8461,2.8218,2.8391,3006606.6
2025-08-29 15:30:00+00:00,2.8392,2.8455,2.8284,2.8345,2867762.3
2025-08-29 16:00:00+00:00,2.8344,2.8396,2.8184,2.8301,3959261.4
2025-08-29 16:30:00+00:00,2.83,2.846,2.8297,2.8415,1699706.6
2025-08-29 17:00:00+00:00,2.8414,2.8422,2.814,2.8218,2969362.6
2025-08-29 17:30:00+00:00,2.8219,2.8313,2.8176,2.8185,1496933.9
2025-08-29 18:00:00+00:00,2.8185,2.8266,2.8014,2.8043,3531372.3
2025-08-29 18:30:00+00:00,2.8043,2.8117,2.8015,2.8101,2186069.2
2025-08-29 19:00:00+00:00,2.81,2.83,2.803,2.8287,2173575.7
2025-08-29 19:30:00+00:00,2.8288,2.8382,2.8062,2.8138,2772412.0
2025-08-29 20:00:00+00:00,2.8138,2.82,2.7996,2.8058,3845224.1
2025-08-29 20:30:00+00:00,2.8059,2.8059,2.7841,2.7859,4272034.4
2025-08-29 21:00:00+00:00,2.786,2.805,2.7734,2.8043,5431797.5
2025-08-29 21:30:00+00:00,2.8044,2.82,2.8044,2.8071,2663546.3
2025-08-29 22:00:00+00:00,2.8071,2.8089,2.79,2.8003,1886506.8
2025-08-29 22:30:00+00:00,2.8002,2.8121,2.7964,2.812,1148827.8
2025-08-29 23:00:00+00:00,2.812,2.822,2.8068,2.8185,2299459.6
2025-08-29 23:30:00+00:00,2.8185,2.8265,2.8179,2.8195,1442929.8
2025-08-30 00:00:00+00:00,2.8195,2.8248,2.8152,2.8226,1173670.3
2025-08-30 00:30:00+00:00,2.8227,2.8229,2.8124,2.8172,1620231.6
2025-08-30 01:00:00+00:00,2.8173,2.8192,2.7963,2.7984,1899732.8
2025-08-30 01:30:00+00:00,2.7985,2.8028,2.7604,2.7649,5092849.8
2025-08-30 02:00:00+00:00,2.7649,2.7969,2.7612,2.794,3249761.5
2025-08-30 02:30:00+00:00,2.7941,2.8031,2.793,2.793,1001654.0
2025-08-30 03:00:00+00:00,2.7931,2.8204,2.7917,2.8122,2148928.0
2025-08-30 03:30:00+00:00,2.8122,2.82,2.8117,2.8127,1059217.6
2025-08-30 04:00:00+00:00,2.8128,2.8225,2.8114,2.8215,1171803.5
2025-08-30 04:30:00+00:00,2.8215,2.8221,2.8116,2.8118,867858.8
2025-08-30 05:00:00+00:00,2.8119,2.8267,2.8098,2.8253,1608255.8
2025-08-30 05:30:00+00:00,2.8252,2.8349,2.8214,2.8268,1773055.4
2025-08-30 06:00:00+00:00,2.8269,2.8325,2.8215,2.825,860200.4
2025-08-30 06:30:00+00:00,2.8251,2.8336,2.8247,2.8275,1019551.3
2025-08-30 07:00:00+00:00,2.8275,2.8315,2.8248,2.8284,676195.7
2025-08-30 07:30:00+00:00,2.8285,2.8344,2.8223,2.832,981143.9
2025-08-30 08:00:00+00:00,2.832,2.8324,2.8214,2.8241,4145355.6
2025-08-30 08:30:00+00:00,2.8241,2.8249,2.8095,2.8106,1392674.0
2025-08-30 09:00:00+00:00,2.8107,2.8117,2.8027,2.8045,1943896.4
2025-08-30 09:30:00+00:00,2.8044,2.8088,2.7958,2.8041,2692343.3
2025-08-30 10:00:00+00:00,2.8041,2.8142,2.8029,2.8103,1159237.7
2025-08-30 10:30:00+00:00,2.8104,2.811,2.7996,2.8039,863551.5
2025-08-30 11:00:00+00:00,2.8039,2.8064,2.8008,2.8039,668339.8
2025-08-30 11:30:00+00:00,2.8038,2.8128,2.801,2.8102,847182.7
2025-08-30 12:00:00+00:00,2.8102,2.8108,2.7937,2.7973,1647898.9
2025-08-30 12:30:00+00:00,2.7974,2.7981,2.7776,2.7931,3084183.1
2025-08-30 13:00:00+00:00,2.7931,2.7944,2.7746,2.7879,2643095.4
2025-08-30 13:30:00+00:00,2.7879,2.7932,2.7797,2.7921,1388318.4
2025-08-30 14:00:00+00:00,2.7922,2.7934,2.783,2.7901,1614197.5
2025-08-30 14:30:00+00:00,2.79,2.8,2.7894,2.7973,1515729.0
2025-08-30 15:00:00+00:00,2.7973,2.8055,2.792,2.8038,1196625.8
2025-08-30 15:30:00+00:00,2.8037,2.8103,2.8004,2.8068,1543327.8
2025-08-30 16:00:00+00:00,2.8069,2.8079,2.7989,2.8051,882426.3
2025-08-30 16:30:00+00:00,2.8051,2.8159,2.804,2.8102,1115503.2
2025-08-30 17:00:00+00:00,2.8102,2.8184,2.8087,2.8128,1167356.8
2025-08-30 17:30:00+00:00,2.8128,2.8158,2.8042,2.8068,953231.0
2025-08-30 18:00:00+00:00,2.8068,2.8115,2.8016,2.8046,787989.1
2025-08-30 18:30:00+00:00,2.8047,2.8077,2.8001,2.8051,591523.4
2025-08-30 19:00:00+00:00,2.8051,2.8154,2.8037,2.8122,1362464.2
2025-08-30 19:30:00+00:00,2.8122,2.8134,2.8067,2.8104,425052.6
2025-08-30 20:00:00+00:00,2.8104,2.8122,2.8034,2.8076,774436.6
2025-08-30 20:30:00+00:00,2.8077,2.8077,2.8011,2.8053,1022893.6
2025-08-30 21:00:00+00:00,2.8054,2.8083,2.8002,2.8028,1242992.4
2025-08-30 21:30:00+00:00,2.8028,2.8091,2.8017,2.8067,591554.8
2025-08-30 22:00:00+00:00,2.8067,2.808,2.7992,2.8072,697867.2
2025-08-30 22:30:00+00:00,2.8072,2.8103,2.8049,2.8082,474203.5
2025-08-30 23:00:00+00:00,2.8083,2.8162,2.8079,2.816,819795.6
2025-08-30 23:30:00+00:00,2.816,2.8183,2.8134,2.8181,754112.0
2025-08-31 00:00:00+00:00,2.818,2.8256,2.818,2.8244,1035103.3
2025-08-31 00:30:00+00:00,2.8245,2.8469,2.8234,2.8449,2902746.8
2025-08-31 01:00:00+00:00,2.845,2.8464,2.8367,2.8424,1455448.0
2025-08-31 01:30:00+00:00,2.8424,2.8693,2.8414,2.8627,2673250.7
2025-08-31 02:00:00+00:00,2.8627,2.8646,2.8525,2.8539,1214376.0
2025-08-31 02:30:00+00:00,2.854,2.8541,2.8451,2.8475,969030.2
2025-08-31 03:00:00+00:00,2.8475,2.8527,2.8426,2.8447,846047.2
2025-08-31 03:30:00+00:00,2.8446,2.8521,2.8409,2.852,777005.6
2025-08-31 04:00:00+00:00,2.852,2.8565,2.8453,2.8455,1090200.2
2025-08-31 04:30:00+00:00,2.8455,2.8489,2.8427,2.8475,894715.5
2025-08-31 05:00:00+00:00,2.8474,2.8474,2.8328,2.8349,1255125.1
2025-08-31 05:30:00+00:00,2.8348,2.8392,2.8334,2.8367,638890.7
2025-08-31 06:00:00+00:00,2.8367,2.8383,2.8273,2.8284,877638.6
2025-08-31 06:30:00+00:00,2.8283,2.8302,2.8227,2.8237,902248.3
2025-08-31 07:00:00+00:00,2.8237,2.835,2.8234,2.8319,763415.2
2025-08-31 07:30:00+00:00,2.8319,2.8339,2.827,2.8289,624754.7
2025-08-31 08:00:00+00:00,2.8289,2.8366,2.8288,2.8344,1081934.5
2025-08-31 08:30:00+00:00,2.8344,2.8447,2.8316,2.8443,1565558.0
2025-08-31 09:00:00+00:00,2.8443,2.8444,2.8372,2.8392,863868.9
2025-08-31 09:30:00+00:00,2.8392,2.8428,2.83,2.8309,1083474.7
2025-08-31 10:00:00+00:00,2.831,2.8331,2.8208,2.8226,1304227.9
2025-08-31 10:30:00+00:00,2.8227,2.8251,2.812,2.8199,1622552.7
2025-08-31 11:00:00+00:00,2.8198,2.8246,2.813,2.824,1688455.5
2025-08-31 11:30:00+00:00,2.824,2.827,2.818,2.8238,1027017.0
2025-08-31 12:00:00+00:00,2.8238,2.8242,2.8125,2.8142,1311903.9
2025-08-31 12:30:00+00:00,2.8141,2.8191,2.8132,2.8174,1159456.5
2025-08-31 13:00:00+00:00,2.8174,2.8229,2.8125,2.819,1243145.3
2025-08-31 13:30:00+00:00,2.8191,2.8202,2.8052,2.8111,1003190.2
2025-08-31 14:00:00+00:00,2.8112,2.8143,2.8014,2.8079,1167790.5
2025-08-31 14:30:00+00:00,2.8078,2.8166,2.8073,2.809,1006012.3
2025-08-31 15:00:00+00:00,2.809,2.8251,2.8081,2.8153,997900.4
2025-08-31 15:30:00+00:00,2.8154,2.8243,2.8137,2.8222,865500.7
2025-08-31 16:00:00+00:00,2.8222,2.8223,2.8057,2.809,1014325.7
2025-08-31 16:30:00+00:00,2.8089,2.8162,2.8058,2.8144,648777.9
2025-08-31 17:00:00+00:00,2.8145,2.815,2.8074,2.813,540867.4
2025-08-31 17:30:00+00:00,2.8129,2.8141,2.8065,2.8091,607299.8
2025-08-31 18:00:00+00:00,2.809,2.8174,2.807,2.8138,859330.8
2025-08-31 18:30:00+00:00,2.8139,2.8213,2.8134,2.82,849908.2
2025-08-31 19:00:00+00:00,2.8199,2.8199,2.8037,2.8037,1160895.2
2025-08-31 19:30:00+00:00,2.8038,2.8086,2.7983,2.8002,1291500.8
2025-08-31 20:00:00+00:00,2.8001,2.8096,2.7947,2.8051,836619.3
2025-08-31 20:30:00+00:00,2.8051,2.8098,2.8012,2.8083,567412.5
2025-08-31 21:00:00+00:00,2.8082,2.8134,2.8036,2.8117,785882.3
2025-08-31 21:30:00+00:00,2.8117,2.8173,2.8097,2.8113,765575.9
2025-08-31 22:00:00+00:00,2.8114,2.8172,2.8045,2.8145,821798.8
2025-08-31 22:30:00+00:00,2.8145,2.8149,2.799,2.8011,1047103.1
2025-08-31 23:00:00+00:00,2.801,2.801,2.7834,2.7868,2303905.9
2025-08-31 23:30:00+00:00,2.7869,2.7872,2.7707,2.7757,4426842.6
2025-09-01 00:00:00+00:00,2.7757,2.7774,2.7377,2.7513,11564493.8
2025-09-01 00:30:00+00:00,2.7512,2.7688,2.7369,2.7624,5123952.0
2025-09-01 01:00:00+00:00,2.7625,2.7714,2.7546,2.7678,2863419.9
2025-09-01 01:30:00+00:00,2.7679,2.7793,2.7587,2.765,3206758.5
2025-09-01 02:00:00+00:00,2.765,2.7673,2.7368,2.7481,4293640.3
2025-09-01 02:30:00+00:00,2.7482,2.7485,2.7284,2.7334,5350926.5
2025-09-01 03:00:00+00:00,2.7334,2.7407,2.7256,2.7344,4034555.9
2025-09-01 03:30:00+00:00,2.7344,2.7459,2.7312,2.742,2960865.8
2025-09-01 04:00:00+00:00,2.7421,2.7471,2.733,2.7367,2959594.6
2025-09-01 04:30:00+00:00,2.7367,2.7369,2.7115,2.7189,5976721.5
2025-09-01 05:00:00+00:00,2.719,2.7245,2.7014,2.722,5587992.4
2025-09-01 05:30:00+00:00,2.722,2.7381,2.72,2.7333,3522195.5
2025-09-01 06:00:00+00:00,2.7333,2.7372,2.7193,2.7304,3407922.4
2025-09-01 06:30:00+00:00,2.7305,2.7404,2.7291,2.7366,1906951.5
2025-09-01 07:00:00+00:00,2.7366,2.751,2.7265,2.7472,3613856.5
2025-09-01 07:30:00+00:00,2.7471,2.7946,2.7451,2.7943,8726258.2
2025-09-01 08:00:00+00:00,2.7943,2.819,2.7943,2.7952,9312989.9
2025-09-01 08:30:00+00:00,2.7953,2.827,2.7952,2.8256,5947256.3
2025-09-01 09:00:00+00:00,2.8256,2.839,2.8221,2.8236,6019117.8
2025-09-01 09:30:00+00:00,2.8236,2.8264,2.8083,2.8083,4968840.6
2025-09-01 10:00:00+00:00,2.8084,2.816,2.8012,2.8025,2484873.2
2025-09-01 10:30:00+00:00,2.8026,2.8028,2.7773,2.7923,4813756.1
2025-09-01 11:00:00+00:00,2.7923,2.7995,2.7804,2.7839,2318582.1
2025-09-01 11:30:00+00:00,2.7839,2.7839,2.7672,2.7697,2602966.2
2025-09-01 12:00:00+00:00,2.7697,2.7783,2.7614,2.7716,1610370.7
2025-09-01 12:30:00+00:00,2.7717,2.7804,2.7673,2.7713,1529534.4
2025-09-01 13:00:00+00:00,2.7713,2.7777,2.7575,2.7759,2799469.7
2025-09-01 13:30:00+00:00,2.7759,2.7769,2.7544,2.7593,2685596.3
2025-09-01 14:00:00+00:00,2.7594,2.7736,2.7582,2.7669,1895317.3
2025-09-01 14:30:00+00:00,2.767,2.7736,2.7518,2.77,3167218.6
2025-09-01 15:00:00+00:00,2.77,2.7787,2.7543,2.7599,1943290.9
2025-09-01 15:30:00+00:00,2.76,2.77,2.7521,2.7625,2071089.8
2025-09-01 16:00:00+00:00,2.7625,2.7684,2.753,2.7599,1382708.1
2025-09-01 16:30:00+00:00,2.76,2.7605,2.744,2.747,2374324.9
2025-09-01 17:00:00+00:00,2.7469,2.7482,2.7228,2.7298,4065696.8
2025-09-01 17:30:00+00:00,2.7298,2.7311,2.7203,2.7268,2147266.5
2025-09-01 18:00:00+00:00,2.7268,2.7469,2.7242,2.7443,1822958.8
2025-09-01 18:30:00+00:00,2.7442,2.758,2.7412,2.7563,1584541.0
2025-09-01 19:00:00+00:00,2.7562,2.7669,2.7528,2.759,2391581.4
2025-09-01 19:30:00+00:00,2.759,2.7746,2.7585,2.7735,1586605.5
2025-09-01 20:00:00+00:00,2.7735,2.7758,2.7655,2.7726,2101081.0
2025-09-01 20:30:00+00:00,2.7725,2.7746,2.7355,2.7619,11129774.9
2025-09-01 21:00:00+00:00,2.762,2.7642,2.7283,2.7312,4572131.4
2025-09-01 21:30:00+00:00,2.7313,2.7318,2.6975,2.7277,4261798.3
2025-09-01 22:00:00+00:00,2.7277,2.7369,2.7173,2.7206,2845362.1
2025-09-01 22:30:00+00:00,2.7206,2.7472,2.719,2.7438,2444881.6
2025-09-01 23:00:00+00:00,2.7437,2.7529,2.7405,2.7457,1728784.6
2025-09-01 23:30:00+00:00,2.7456,2.7613,2.7354,2.7589,2095527.5
2025-09-02 00:00:00+00:00,2.7589,2.7675,2.7563,2.7563,1848644.3
2025-09-02 00:30:00+00:00,2.7562,2.7664,2.7535,2.7602,1493489.5
2025-09-02 01:00:00+00:00,2.7602,2.7665,2.7495,2.7532,2069111.6
2025-09-02 01:30:00+00:00,2.7531,2.7767,2.7484,2.7654,2422649.8
2025-09-02 02:00:00+00:00,2.7654,2.7743,2.7579,2.7724,2004806.2
2025-09-02 02:30:00+00:00,2.7724,2.7892,2.7696,2.7885,2183313.4
2025-09-02 03:00:00+00:00,2.7884,2.8014,2.7833,2.7941,3007158.5
2025-09-02 03:30:00+00:00,2.7942,2.8,2.7906,2.798,1669551.4
2025-09-02 04:00:00+00:00,2.798,2.8023,2.7911,2.8,1815296.2
2025-09-02 04:30:00+00:00,2.8001,2.8054,2.7971,2.8028,1720196.6
2025-09-02 05:00:00+00:00,2.8028,2.8068,2.7975,2.8024,2036117.0
2025-09-02 05:30:00+00:00,2.8024,2.8159,2.8011,2.8105,3345955.3
2025-09-02 06:00:00+00:00,2.8104,2.8145,2.8009,2.804,3357809.5
2025-09-02 06:30:00+00:00,2.8041,2.8088,2.8005,2.802,2108025.6
2025-09-02 07:00:00+00:00,2.802,2.806,2.7956,2.7999,4117775.3
2025-09-02 07:30:00+00:00,2.7999,2.8025,2.7856,2.794,3331466.5
2025-09-02 08:00:00+00:00,2.7939,2.8329,2.7935,2.8158,5249041.8
2025-09-02 08:30:00+00:00,2.8157,2.8165,2.8058,2.8059,2312412.2
2025-09-02 09:00:00+00:00,2.8059,2.8221,2.8035,2.8128,1754952.5
2025-09-02 09:30:00+00:00,2.8127,2.8127,2.8056,2.8099,1219815.8
2025-09-02 10:00:00+00:00,2.8099,2.8124,2.8042,2.8061,899935.5
2025-09-02 10:30:00+00:00,2.8061,2.8119,2.8038,2.8119,1159000.3
2025-09-02 11:00:00+00:00,2.8119,2.8127,2.7991,2.8007,1586632.0
2025-09-02 11:30:00+00:00,2.8007,2.808,2.7951,2.7987,1982431.1
2025-09-02 12:00:00+00:00,2.7986,2.8022,2.789,2.798,2382963.6
2025-09-02 12:30:00+00:00,2.7981,2.8012,2.762,2.769,6868700.6
2025-09-02 13:00:00+00:00,2.769,2.7853,2.7673,2.7811,3932697.9
2025-09-02 13:30:00+00:00,2.7811,2.8327,2.7705,2.8283,12414116.9
2025-09-02 14:00:00+00:00,2.8282,2.8396,2.8102,2.8359,7031094.3
2025-09-02 14:30:00+00:00,2.8358,2.8455,2.8273,2.8379,5996836.5
2025-09-02 15:00:00+00:00,2.8378,2.84,2.8215,2.8281,3101826.9
2025-09-02 15:30:00+00:00,2.828,2.8281,2.7863,2.7905,3552635.4
2025-09-02 16:00:00+00:00,2.7904,2.8054,2.7818,2.7826,2377330.8
2025-09-02 16:30:00+00:00,2.7827,2.7995,2.7827,2.7954,1701827.5
2025-09-02 17:00:00+00:00,2.7955,2.8036,2.788,2.8016,1780781.9
2025-09-02 17:30:00+00:00,2.8015,2.8071,2.793,2.8058,1334680.4
2025-09-02 18:00:00+00:00,2.8057,2.8068,2.7952,2.8005,1271870.9
2025-09-02 18:30:00+00:00,2.8006,2.821,2.793,2.8138,2233633.4
2025-09-02 19:00:00+00:00,2.8138,2.8229,2.8034,2.807,2235727.9
2025-09-02 19:30:00+00:00,2.807,2.8287,2.8001,2.8282,2947626.7
2025-09-02 20:00:00+00:00,2.8282,2.8506,2.817,2.8497,4612899.2
2025-09-02 20:30:00+00:00,2.8497,2.8549,2.8361,2.8433,3337667.2
2025-09-02 21:00:00+00:00,2.8433,2.8493,2.8333,2.8368,2297481.7
2025-09-02 21:30:00+00:00,2.8369,2.8461,2.8356,2.8449,950400.2
2025-09-02 22:00:00+00:00,2.845,2.8455,2.8345,2.8438,1640236.0
2025-09-02 22:30:00+00:00,2.8437,2.8604,2.8406,2.8604,1570642.8
2025-09-02 23:00:00+00:00,2.8604,2.8626,2.8523,2.8543,2162037.8
2025-09-02 23:30:00+00:00,2.8544,2.8641,2.8507,2.862,2257736.1
2025-09-03 00:00:00+00:00,2.862,2.8637,2.8488,2.861,2382636.9
2025-09-03 00:30:00+00:00,2.8609,2.8631,2.8377,2.8412,2001168.4
2025-09-03 01:00:00+00:00,2.8413,2.8417,2.8257,2.8283,2979175.5
2025-09-03 01:30:00+00:00,2.8284,2.849,2.8281,2.8479,2273908.7
2025-09-03 02:00:00+00:00,2.8479,2.8654,2.8467,2.8591,2338885.0
2025-09-03 02:30:00+00:00,2.859,2.8611,2.8503,2.8506,1248277.8
2025-09-03 03:00:00+00:00,2.8506,2.8509,2.8381,2.8404,1627933.5
2025-09-03 03:30:00+00:00,2.8403,2.8426,2.8353,2.8412,1449744.1
2025-09-03 04:00:00+00:00,2.8412,2.8444,2.8307,2.8335,1648735.0
2025-09-03 04:30:00+00:00,2.8335,2.8387,2.833,2.8363,934077.4
2025-09-03 05:00:00+00:00,2.8363,2.8372,2.8301,2.8316,1040680.5
2025-09-03 05:30:00+00:00,2.8317,2.8331,2.824,2.8268,1671288.4
2025-09-03 06:00:00+00:00,2.8268,2.8274,2.8154,2.8241,2872551.0
2025-09-03 06:30:00+00:00,2.8241,2.8263,2.8145,2.818,2046430.7
2025-09-03 07:00:00+00:00,2.818,2.8212,2.811,2.8143,2086302.2
2025-09-03 07:30:00+00:00,2.8144,2.8232,2.8135,2.8211,1757803.2
2025-09-03 08:00:00+00:00,2.821,2.8387,2.8202,2.8318,2629699.8
2025-09-03 08:30:00+00:00,2.8319,2.8375,2.8286,2.8374,2259685.4
2025-09-03 09:00:00+00:00,2.8374,2.8437,2.8326,2.8407,3694292.3
2025-09-03 09:30:00+00:00,2.8406,2.8489,2.838,2.8468,3095434.8
2025-09-03 10:00:00+00:00,2.8468,2.86,2.842,2.8593,1950649.7
2025-09-03 10:30:00+00:00,2.8593,2.8639,2.8445,2.8477,2371186.6
2025-09-03 11:00:00+00:00,2.8476,2.859,2.8473,2.8566,1711847.4
2025-09-03 11:30:00+00:00,2.8566,2.8616,2.85,2.857,2759089.8
2025-09-03 12:00:00+00:00,2.857,2.8663,2.857,2.8586,1092704.3
2025-09-03 12:30:00+00:00,2.8586,2.8753,2.8422,2.8454,4138258.4
2025-09-03 13:00:00+00:00,2.8455,2.8565,2.8454,2.8524,1517885.8
2025-09-03 13:30:00+00:00,2.8524,2.875,2.8492,2.8594,2953691.6
2025-09-03 14:00:00+00:00,2.8594,2.8738,2.854,2.8704,2792095.5
2025-09-03 14:30:00+00:00,2.8704,2.8867,2.8702,2.8729,5162458.8
2025-09-03 15:00:00+00:00,2.873,2.8767,2.8623,2.8652,2285347.3
2025-09-03 15:30:00+00:00,2.8651,2.8755,2.8645,2.8723,2208800.8
2025-09-03 16:00:00+00:00,2.8722,2.8743,2.8638,2.8639,979180.4
2025-09-03 16:30:00+00:00,2.8639,2.866,2.856,2.8598,1039734.4
2025-09-03 17:00:00+00:00,2.8599,2.8688,2.8591,2.862,865658.0
2025-09-03 17:30:00+00:00,2.8619,2.868,2.8566,2.8621,1339035.2
2025-09-03 18:00:00+00:00,2.8621,2.8677,2.8582,2.8596,1166697.3
2025-09-03 18:30:00+00:00,2.8597,2.8597,2.845,2.8517,3598019.8
2025-09-03 19:00:00+00:00,2.8517,2.852,2.8433,2.8495,1568369.2
2025-09-03 19:30:00+00:00,2.8496,2.8673,2.8485,2.8651,3645113.3
2025-09-03 20:00:00+00:00,2.8651,2.8675,2.856,2.8563,1578400.8
2025-09-03 20:30:00+00:00,2.8563,2.8619,2.8541,2.8568,854431.9
2025-09-03 21:00:00+00:00,2.8569,2.8581,2.8478,2.8497,1131378.6
2025-09-03 21:30:00+00:00,2.8496,2.8501,2.8392,2.8456,1278281.9
2025-09-03 22:00:00+00:00,2.8455,2.8568,2.8437,2.8448,2569027.6
2025-09-03 22:30:00+00:00,2.8448,2.8462,2.8406,2.8462,604723.9
2025-09-03 23:00:00+00:00,2.8462,2.8471,2.8423,2.8461,596577.1
2025-09-03 23:30:00+00:00,2.8462,2.848,2.842,2.8443,976937.1
2025-09-04 00:00:00+00:00,2.8442,2.857,2.8437,2.8528,1056327.5
2025-09-04 00:30:00+00:00,2.8527,2.8559,2.8463,2.8464,1178793.0
2025-09-04 01:00:00+00:00,2.8464,2.8464,2.8345,2.8394,1867394.5
2025-09-04 01:30:00+00:00,2.8393,2.845,2.8361,2.8408,1472138.1
2025-09-04 02:00:00+00:00,2.8408,2.845,2.8367,2.8368,1652190.4
2025-09-04 02:30:00+00:00,2.8368,2.8448,2.8337,2.8378,1030311.0
2025-09-04 03:00:00+00:00,2.8379,2.8506,2.8331,2.8447,1465481.4
2025-09-04 03:30:00+00:00,2.8447,2.851,2.841,2.8444,1138316.3
2025-09-04 04:00:00+00:00,2.8445,2.8541,2.8384,2.8501,1467416.6
2025-09-04 04:30:00+00:00,2.85,2.8629,2.8489,2.8509,1314194.3
2025-09-04 05:00:00+00:00,2.8509,2.8509,2.8257,2.8303,3916700.9
2025-09-04 05:30:00+00:00,2.8304,2.8359,2.8273,2.8329,2113621.2
2025-09-04 06:00:00+00:00,2.8329,2.8332,2.8192,2.8215,2609355.5
2025-09-04 06:30:00+00:00,2.8214,2.8215,2.814,2.8146,2421607.2
2025-09-04 07:00:00+00:00,2.8145,2.8254,2.8143,2.8172,2271795.9
2025-09-04 07:30:00+00:00,2.8172,2.8266,2.8165,2.8247,1306339.4
2025-09-04 08:00:00+00:00,2.8247,2.8526,2.824,2.8526,3398934.4
2025-09-04 08:30:00+00:00,2.8526,2.8557,2.8363,2.8371,3444784.3
2025-09-04 09:00:00+00:00,2.8372,2.8504,2.8371,2.8427,2101927.9
2025-09-04 09:30:00+00:00,2.8427,2.8476,2.8389,2.8428,1321767.3
2025-09-04 10:00:00+00:00,2.8428,2.8474,2.8362,2.8407,1072666.8
2025-09-04 10:30:00+00:00,2.8407,2.8452,2.8386,2.8419,1156175.9
2025-09-04 11:00:00+00:00,2.8419,2.851,2.839,2.8433,1199938.2
2025-09-04 11:30:00+00:00,2.8433,2.8474,2.8401,2.8413,923933.3
2025-09-04 12:00:00+00:00,2.8414,2.8471,2.8393,2.8438,2081033.2
2025-09-04 12:30:00+00:00,2.8438,2.8482,2.8327,2.8463,1800301.7
2025-09-04 13:00:00+00:00,2.8462,2.8468,2.8387,2.8407,1174671.3
2025-09-04 13:30:00+00:00,2.8407,2.8443,2.821,2.8262,4033745.9
2025-09-04 14:00:00+00:00,2.8262,2.8379,2.8078,2.8308,6634876.1
2025-09-04 14:30:00+00:00,2.8309,2.8458,2.8306,2.8348,4070428.4
2025-09-04 15:00:00+00:00,2.8348,2.8375,2.8076,2.8135,3986425.4
2025-09-04 15:30:00+00:00,2.8135,2.8157,2.804,2.8104,2039018.8
2025-09-04 16:00:00+00:00,2.8105,2.8205,2.8048,2.8048,1743469.6
2025-09-04 16:30:00+00:00,2.8047,2.8106,2.8013,2.8072,2346882.9
2025-09-04 17:00:00+00:00,2.8072,2.82,2.8072,2.8194,2102993.9
2025-09-04 17:30:00+00:00,2.8195,2.8214,2.8123,2.8154,1072313.2
2025-09-04 18:00:00+00:00,2.8155,2.8234,2.8024,2.8038,1359507.1
2025-09-04 18:30:00+00:00,2.8038,2.8074,2.7966,2.7993,1842287.1
2025-09-04 19:00:00+00:00,2.7992,2.8074,2.7966,2.8026,1194696.8
2025-09-04 19:30:00+00:00,2.8026,2.8042,2.7842,2.785,3214538.2
2025-09-04 20:00:00+00:00,2.785,2.8059,2.785,2.8058,2072387.4
2025-09-04 20:30:00+00:00,2.8059,2.807,2.7988,2.8018,1038943.3
2025-09-04 21:00:00+00:00,2.8018,2.8063,2.7991,2.8023,801992.9
2025-09-04 21:30:00+00:00,2.8024,2.8141,2.8005,2.8131,752170.6
2025-09-04 22:00:00+00:00,2.8131,2.8139,2.8031,2.8102,1208203.6
2025-09-04 22:30:00+00:00,2.8103,2.823,2.806,2.8195,1218116.3
2025-09-04 23:00:00+00:00,2.8196,2.8256,2.8092,2.8092,1653862.2
2025-09-04 23:30:00+00:00,2.8093,2.8096,2.7941,2.7946,2194653.3
2025-09-05 00:00:00+00:00,2.7947,2.8003,2.7912,2.7959,1513203.0
2025-09-05 00:30:00+00:00,2.796,2.7991,2.778,2.7818,2591888.2
2025-09-05 01:00:00+00:00,2.7818,2.7982,2.7784,2.7973,1702904.5
2025-09-05 01:30:00+00:00,2.7972,2.8089,2.7965,2.8048,942899.8
2025-09-05 02:00:00+00:00,2.8048,2.8139,2.802,2.808,2591560.6
2025-09-05 02:30:00+00:00,2.8079,2.8126,2.8044,2.8103,1396963.4
2025-09-05 03:00:00+00:00,2.8104,2.8104,2.7979,2.7983,1310239.3
2025-09-05 03:30:00+00:00,2.7984,2.8074,2.7982,2.8071,860514.7
2025-09-05 04:00:00+00:00,2.8071,2.8094,2.8034,2.8079,959525.9
2025-09-05 04:30:00+00:00,2.808,2.8172,2.808,2.8163,1050022.3
2025-09-05 05:00:00+00:00,2.8164,2.8209,2.8131,2.8155,1027705.8
2025-09-05 05:30:00+00:00,2.8155,2.8177,2.8106,2.8119,1735549.4
2025-09-05 06:00:00+00:00,2.8119,2.8124,2.8041,2.8061,2119637.2
2025-09-05 06:30:00+00:00,2.806,2.8141,2.8054,2.8136,886554.4
2025-09-05 07:00:00+00:00,2.8137,2.8382,2.8137,2.8378,4833990.6
2025-09-05 07:30:00+00:00,2.8378,2.8496,2.8334,2.8443,2988678.2
2025-09-05 08:00:00+00:00,2.8443,2.8457,2.8327,2.8392,2136502.9
2025-09-05 08:30:00+00:00,2.8391,2.8444,2.8391,2.8437,1240880.8
2025-09-05 09:00:00+00:00,2.8437,2.8441,2.8284,2.8296,1862232.5
2025-09-05 09:30:00+00:00,2.8296,2.8493,2.8284,2.8449,3093416.5
2025-09-05 10:00:00+00:00,2.8449,2.8543,2.8409,2.8439,2449006.3
2025-09-05 10:30:00+00:00,2.8439,2.848,2.8388,2.8391,1445199.7
2025-09-05 11:00:00+00:00,2.8391,2.8467,2.8386,2.8454,1247070.6
2025-09-05 11:30:00+00:00,2.8455,2.8473,2.8432,2.8439,603728.5
2025-09-05 12:00:00+00:00,2.8439,2.8562,2.8407,2.8561,1758067.6
2025-09-05 12:30:00+00:00,2.8562,2.8788,2.8352,2.8757,17369412.1
2025-09-05 13:00:00+00:00,2.8757,2.8788,2.8659,2.8667,2875002.5
2025-09-05 13:30:00+00:00,2.8667,2.8849,2.8635,2.8816,5196534.2
2025-09-05 14:00:00+00:00,2.8815,2.8815,2.8219,2.8273,9627439.4
2025-09-05 14:30:00+00:00,2.8273,2.8305,2.8,2.8094,8592813.6
2025-09-05 15:00:00+00:00,2.8093,2.827,2.8006,2.8237,3279211.5
2025-09-05 15:30:00+00:00,2.8237,2.8255,2.8128,2.8148,1717912.1
2025-09-05 16:00:00+00:00,2.8148,2.8169,2.8044,2.8066,2351255.5
2025-09-05 16:30:00+00:00,2.8067,2.8145,2.8061,2.8141,1521807.1
2025-09-05 17:00:00+00:00,2.8141,2.8168,2.8082,2.8118,1226078.5
2025-09-05 17:30:00+00:00,2.8118,2.8196,2.8037,2.8179,1765627.3
2025-09-05 18:00:00+00:00,2.8179,2.828,2.8132,2.828,1486898.8
2025-09-05 18:30:00+00:00,2.828,2.8398,2.8273,2.8355,1367319.6
2025-09-05 19:00:00+00:00,2.8355,2.8533,2.8333,2.8507,2032275.0
2025-09-05 19:30:00+00:00,2.8506,2.865,2.8454,2.8648,2813182.2
2025-09-05 20:00:00+00:00,2.8648,2.8653,2.8491,2.851,2924618.3
2025-09-05 20:30:00+00:00,2.8511,2.8564,2.8464,2.8501,1615421.7
2025-09-05 21:00:00+00:00,2.8501,2.8519,2.8242,2.8334,3501043.2
2025-09-05 21:30:00+00:00,2.8334,2.8412,2.8216,2.8226,1293730.3
2025-09-05 22:00:00+00:00,2.8225,2.8274,2.8165,2.8169,1158762.7
2025-09-05 22:30:00+00:00,2.8169,2.8244,2.8166,2.8188,723606.8
2025-09-05 23:00:00+00:00,2.8189,2.8239,2.8159,2.822,1252642.0
2025-09-05 23:30:00+00:00,2.8221,2.8224,2.8141,2.8147,908958.6
2025-09-06 00:00:00+00:00,2.8146,2.8228,2.814,2.8205,957591.7
2025-09-06 00:30:00+00:00,2.8205,2.8236,2.8138,2.8155,862626.2
2025-09-06 01:00:00+00:00,2.8155,2.8192,2.8123,2.8159,749161.9
2025-09-06 01:30:00+00:00,2.8159,2.82,2.8127,2.8183,640062.8
2025-09-06 02:00:00+00:00,2.8182,2.8202,2.8126,2.8144,589014.1
2025-09-06 02:30:00+00:00,2.8144,2.8258,2.8128,2.823,1281276.8
2025-09-06 03:00:00+00:00,2.8229,2.8262,2.8198,2.8242,465574.5
2025-09-06 03:30:00+00:00,2.8242,2.8289,2.8213,2.827,387475.8
2025-09-06 04:00:00+00:00,2.827,2.827,2.8182,2.8186,506432.6
2025-09-06 04:30:00+00:00,2.8186,2.8191,2.8155,2.8169,273705.0
2025-09-06 05:00:00+00:00,2.8169,2.8174,2.8146,2.8167,428825.9
2025-09-06 05:30:00+00:00,2.8167,2.8179,2.8138,2.8143,352697.9
2025-09-06 06:00:00+00:00,2.8142,2.8175,2.8135,2.8155,346751.5
2025-09-06 06:30:00+00:00,2.8154,2.8174,2.8143,2.8172,217315.3
2025-09-06 07:00:00+00:00,2.8171,2.8207,2.8164,2.8204,315436.5
2025-09-06 07:30:00+00:00,2.8205,2.8214,2.8194,2.8204,307222.1
2025-09-06 08:00:00+00:00,2.8204,2.8206,2.8156,2.8161,289644.1
2025-09-06 08:30:00+00:00,2.816,2.818,2.815,2.8153,342604.0
2025-09-06 09:00:00+00:00,2.8153,2.8153,2.8075,2.8093,1186694.9
2025-09-06 09:30:00+00:00,2.8093,2.8123,2.8079,2.8087,789054.5
2025-09-06 10:00:00+00:00,2.8086,2.8086,2.8053,2.8065,751378.5
2025-09-06 10:30:00+00:00,2.8064,2.8111,2.8044,2.8072,518111.9
2025-09-06 11:00:00+00:00,2.8072,2.8072,2.8012,2.8034,961578.0
2025-09-06 11:30:00+00:00,2.8033,2.8064,2.8011,2.8064,503954.2
2025-09-06 12:00:00+00:00,2.8064,2.8097,2.8049,2.8058,1004159.8
2025-09-06 12:30:00+00:00,2.8059,2.8107,2.8044,2.8087,835222.9
2025-09-06 13:00:00+00:00,2.8086,2.8179,2.8081,2.8151,1030676.4
2025-09-06 13:30:00+00:00,2.815,2.8151,2.8096,2.814,577892.4
2025-09-06 14:00:00+00:00,2.814,2.8155,2.812,2.8155,483497.9
2025-09-06 14:30:00+00:00,2.8155,2.8155,2.8105,2.8113,601837.9
2025-09-06 15:00:00+00:00,2.8113,2.8176,2.8085,2.8143,975073.2
2025-09-06 15:30:00+00:00,2.8142,2.8152,2.8005,2.8021,1028175.0
2025-09-06 16:00:00+00:00,2.8021,2.8065,2.7976,2.8051,2113663.6
2025-09-06 16:30:00+00:00,2.8052,2.808,2.7987,2.8006,856045.8
2025-09-06 17:00:00+00:00,2.8006,2.8042,2.8,2.8016,395216.0
2025-09-06 17:30:00+00:00,2.8016,2.8019,2.7968,2.7997,1119757.0
2025-09-06 18:00:00+00:00,2.7997,2.8037,2.7993,2.8025,833914.5
2025-09-06 18:30:00+00:00,2.8024,2.8026,2.7984,2.8007,523053.3
2025-09-06 19:00:00+00:00,2.8007,2.8019,2.7976,2.7978,537414.3
2025-09-06 19:30:00+00:00,2.7978,2.799,2.7927,2.7944,799486.3
2025-09-06 20:00:00+00:00,2.7943,2.7994,2.7943,2.7977,515905.4
2025-09-06 20:30:00+00:00,2.7976,2.8023,2.7965,2.8023,252980.9
2025-09-06 21:00:00+00:00,2.8023,2.8031,2.8,2.8027,447948.8
2025-09-06 21:30:00+00:00,2.8027,2.8072,2.8019,2.806,598139.7
2025-09-06 22:00:00+00:00,2.806,2.8097,2.8042,2.8052,636458.2
2025-09-06 22:30:00+00:00,2.8052,2.8072,2.8032,2.8055,335861.5
2025-09-06 23:00:00+00:00,2.8056,2.8123,2.8032,2.8117,466318.4
2025-09-06 23:30:00+00:00,2.8116,2.8127,2.8092,2.8098,396656.7
2025-09-07 00:00:00+00:00,2.8098,2.8146,2.8092,2.8125,438839.5
2025-09-07 00:30:00+00:00,2.8124,2.817,2.8109,2.8154,308678.4
2025-09-07 01:00:00+00:00,2.8154,2.822,2.8153,2.8207,737807.1
2025-09-07 01:30:00+00:00,2.8207,2.8237,2.82,2.8214,314814.6
2025-09-07 02:00:00+00:00,2.8215,2.8215,2.816,2.8199,364057.4
2025-09-07 02:30:00+00:00,2.8199,2.8239,2.8198,2.8226,357309.8
2025-09-07 03:00:00+00:00,2.8227,2.8241,2.8206,2.8241,325746.8
2025-09-07 03:30:00+00:00,2.8241,2.8256,2.8222,2.8223,420054.7
2025-09-07 04:00:00+00:00,2.8223,2.8231,2.8187,2.8208,608237.7
2025-09-07 04:30:00+00:00,2.8207,2.8219,2.8187,2.8216,534605.5
2025-09-07 05:00:00+00:00,2.8217,2.8261,2.8215,2.826,526288.6
2025-09-07 05:30:00+00:00,2.8261,2.8264,2.824,2.8247,537911.6
2025-09-07 06:00:00+00:00,2.8248,2.825,2.8175,2.8205,883510.6
2025-09-07 06:30:00+00:00,2.8205,2.8225,2.8187,2.82,521160.6
2025-09-07 07:00:00+00:00,2.82,2.827,2.8199,2.8257,574384.3
2025-09-07 07:30:00+00:00,2.8257,2.8345,2.8257,2.8308,1388292.5
2025-09-07 08:00:00+00:00,2.8308,2.836,2.8295,2.8348,823731.1
2025-09-07 08:30:00+00:00,2.8348,2.8374,2.8327,2.8327,643602.1
2025-09-07 09:00:00+00:00,2.8327,2.8365,2.8325,2.8349,458758.9
2025-09-07 09:30:00+00:00,2.8349,2.835,2.8272,2.8308,884436.2
2025-09-07 10:00:00+00:00,2.8308,2.8317,2.8257,2.8266,520783.5
2025-09-07 10:30:00+00:00,2.8267,2.8308,2.8266,2.8308,432234.7
2025-09-07 11:00:00+00:00,2.8307,2.8317,2.8298,2.8309,458213.4
2025-09-07 11:30:00+00:00,2.831,2.8327,2.8309,2.8315,348693.4
2025-09-07 12:00:00+00:00,2.8316,2.8325,2.8289,2.8319,704248.3
2025-09-07 12:30:00+00:00,2.8318,2.8358,2.8314,2.8354,364851.6
2025-09-07 13:00:00+00:00,2.8354,2.8363,2.8327,2.8351,443673.3
2025-09-07 13:30:00+00:00,2.8351,2.8499,2.8345,2.8485,3149203.0
2025-09-07 14:00:00+00:00,2.8486,2.9285,2.8462,2.89,19872970.6
2025-09-07 14:30:00+00:00,2.8901,2.9167,2.8842,2.8852,7680893.7
2025-09-07 15:00:00+00:00,2.8852,2.8924,2.8721,2.8889,3842873.7
2025-09-07 15:30:00+00:00,2.8889,2.9014,2.8881,2.9001,3763272.7
2025-09-07 16:00:00+00:00,2.9002,2.9008,2.8816,2.8831,2227422.1
2025-09-07 16:30:00+00:00,2.8832,2.894,2.8775,2.8912,2126402.9
2025-09-07 17:00:00+00:00,2.8913,2.8939,2.8758,2.8767,2231165.6
2025-09-07 17:30:00+00:00,2.8768,2.8815,2.8581,2.8597,2982891.9
2025-09-07 18:00:00+00:00,2.8596,2.8679,2.8574,2.8614,1681955.1
2025-09-07 18:30:00+00:00,2.8613,2.8646,2.8507,2.8583,2426244.7
2025-09-07 19:00:00+00:00,2.8583,2.8662,2.8541,2.8552,1600904.8
2025-09-07 19:30:00+00:00,2.8552,2.8678,2.8549,2.8627,1190982.7
2025-09-07 20:00:00+00:00,2.8627,2.8721,2.8614,2.8721,1245598.8
2025-09-07 20:30:00+00:00,2.8721,2.8799,2.8701,2.8799,1144505.3
2025-09-07 21:00:00+00:00,2.88,2.8809,2.8733,2.8773,1153372.1
2025-09-07 21:30:00+00:00,2.8774,2.8799,2.8587,2.8587,1547786.9
2025-09-07 22:00:00+00:00,2.8587,2.8735,2.8553,2.8726,2432074.7
2025-09-07 22:30:00+00:00,2.8725,2.8779,2.8692,2.8773,1357474.8
2025-09-07 23:00:00+00:00,2.8774,2.8913,2.8773,2.8902,2206488.5
2025-09-07 23:30:00+00:00,2.8902,2.8921,2.8763,2.877,1987428.3
2025-09-08 00:00:00+00:00,2.877,2.8787,2.867,2.8787,1194488.2
2025-09-08 00:30:00+00:00,2.8787,2.885,2.8656,2.8693,2834340.2
2025-09-08 01:00:00+00:00,2.8693,2.8837,2.8667,2.878,1373718.5
2025-09-08 01:30:00+00:00,2.878,2.8861,2.8774,2.8803,1024115.0
2025-09-08 02:00:00+00:00,2.8804,2.8839,2.8627,2.8681,1495430.7
2025-09-08 02:30:00+00:00,2.8682,2.8883,2.8667,2.8861,2469050.8
2025-09-08 03:00:00+00:00,2.886,2.896,2.8829,2.8887,2711532.8
2025-09-08 03:30:00+00:00,2.8888,2.9,2.886,2.889,2343184.9
2025-09-08 04:00:00+00:00,2.889,2.8899,2.8776,2.8892,1796343.9
2025-09-08 04:30:00+00:00,2.8892,2.8922,2.8765,2.8801,1620731.1
2025-09-08 05:00:00+00:00,2.8802,2.8915,2.8781,2.887,1763365.8
2025-09-08 05:30:00+00:00,2.887,2.8957,2.8843,2.8927,1915479.0
2025-09-08 06:00:00+00:00,2.8927,2.8944,2.8739,2.8856,2648149.8
2025-09-08 06:30:00+00:00,2.8855,2.8859,2.8754,2.8758,1367801.5
2025-09-08 07:00:00+00:00,2.8758,2.9019,2.8757,2.9012,2278393.0
2025-09-08 07:30:00+00:00,2.9012,2.9111,2.8908,2.9106,5067014.4
2025-09-08 08:00:00+00:00,2.9106,2.9168,2.9033,2.9126,2422547.3
2025-09-08 08:30:00+00:00,2.9126,2.92,2.907,2.9096,4133880.2
2025-09-08 09:00:00+00:00,2.9095,2.9221,2.904,2.9202,1859639.9
2025-09-08 09:30:00+00:00,2.9202,2.9358,2.9168,2.9332,2771002.2
2025-09-08 10:00:00+00:00,2.9333,2.955,2.9254,2.9445,5612798.9
2025-09-08 10:30:00+00:00,2.9446,2.9532,2.9422,2.9509,3274870.5
2025-09-08 11:00:00+00:00,2.9508,2.951,2.933,2.9357,3503090.2
2025-09-08 11:30:00+00:00,2.9357,2.9397,2.9296,2.9362,2093465.2
2025-09-08 12:00:00+00:00,2.9363,2.9516,2.934,2.9485,1759650.0
2025-09-08 12:30:00+00:00,2.9485,2.9812,2.9477,2.9638,5239723.0
2025-09-08 13:00:00+00:00,2.9638,2.9878,2.9632,2.979,5010715.5
2025-09-08 13:30:00+00:00,2.9789,2.9948,2.9669,2.9776,7503356.1
2025-09-08 14:00:00+00:00,2.9776,2.9964,2.9759,2.9875,6302105.6
2025-09-08 14:30:00+00:00,2.9875,2.9925,2.9735,2.982,2500256.4
2025-09-08 15:00:00+00:00,2.9821,2.9853,2.9722,2.9843,2610601.7
2025-09-08 15:30:00+00:00,2.9842,2.9867,2.9755,2.9856,1827360.3
2025-09-08 16:00:00+00:00,2.9856,2.9908,2.974,2.9807,2134026.0
2025-09-08 16:30:00+00:00,2.9807,2.9807,2.9614,2.9695,4058804.4
2025-09-08 17:00:00+00:00,2.9695,2.9823,2.963,2.9823,1859350.4
2025-09-08 17:30:00+00:00,2.9823,2.9826,2.9665,2.9698,1209784.7
2025-09-08 18:00:00+00:00,2.9699,2.9784,2.9692,2.9748,1349421.3
2025-09-08 18:30:00+00:00,2.9748,2.9844,2.97,2.984,977381.7
2025-09-08 19:00:00+00:00,2.9839,2.9847,2.9701,2.9789,1935775.8
2025-09-08 19:30:00+00:00,2.979,2.9848,2.9686,2.9798,3668580.5
2025-09-08 20:00:00+00:00,2.9799,2.9848,2.9651,2.9686,1833902.2
2025-09-08 20:30:00+00:00,2.9686,2.9695,2.9546,2.9637,2194311.1
2025-09-08 21:00:00+00:00,2.9637,2.9778,2.9612,2.9752,1745824.3
2025-09-08 21:30:00+00:00,2.9751,2.9775,2.9701,2.9747,1370872.7
2025-09-08 22:00:00+00:00,2.9746,2.9838,2.9717,2.983,1242356.0
2025-09-08 22:30:00+00:00,2.983,2.9833,2.9744,2.9761,1259915.9
2025-09-08 23:00:00+00:00,2.9761,2.9795,2.968,2.9688,1007116.5
2025-09-08 23:30:00+00:00,2.9689,2.9722,2.9631,2.9697,1230552.1
2025-09-09 00:00:00+00:00,2.9698,2.9782,2.9568,2.96,3662683.5
2025-09-09 00:30:00+00:00,2.96,2.9601,2.9462,2.9558,3300104.4
2025-09-09 01:00:00+00:00,2.9557,2.9609,2.9476,2.9513,1951679.9
2025-09-09 01:30:00+00:00,2.9514,2.9608,2.9473,2.9591,1469571.0
2025-09-09 02:00:00+00:00,2.9591,2.9592,2.9441,2.9488,1050949.8
2025-09-09 02:30:00+00:00,2.9489,2.952,2.9354,2.9375,2583285.1
2025-09-09 03:00:00+00:00,2.9375,2.9404,2.9337,2.9399,1451643.9
2025-09-09 03:30:00+00:00,2.9399,2.9526,2.9373,2.9501,2227486.0
2025-09-09 04:00:00+00:00,2.95,2.9598,2.9444,2.9576,2056105.3
2025-09-09 04:30:00+00:00,2.9575,2.967,2.9568,2.9629,2470760.2
2025-09-09 05:00:00+00:00,2.9629,2.9643,2.9539,2.9558,1323703.1
2025-09-09 05:30:00+00:00,2.9559,2.9684,2.9518,2.9647,1756042.3
2025-09-09 06:00:00+00:00,2.9647,2.9942,2.9626,2.9912,4065295.0
2025-09-09 06:30:00+00:00,2.9912,2.9978,2.983,2.9929,4443867.6
2025-09-09 07:00:00+00:00,2.9929,3.0277,2.992,3.027,8539832.7
2025-09-09 07:30:00+00:00,3.0271,3.0275,3.0052,3.02,3953582.3
2025-09-09 08:00:00+00:00,3.02,3.0323,3.0136,3.0256,5079538.2
2025-09-09 08:30:00+00:00,3.0257,3.0365,3.017,3.0242,2831720.4
2025-09-09 09:00:00+00:00,3.0241,3.026,3.0142,3.0171,1531679.1
2025-09-09 09:30:00+00:00,3.0171,3.0173,3.0073,3.0076,1579565.3
2025-09-09 10:00:00+00:00,3.0076,3.0161,3.0019,3.0023,1948473.7
2025-09-09 10:30:00+00:00,3.0023,3.0077,2.9991,3.0038,1801701.9
2025-09-09 11:00:00+00:00,3.0038,3.0142,3.0005,3.0081,2298195.2
2025-09-09 11:30:00+00:00,3.0081,3.0156,3.0025,3.0043,2410009.7
2025-09-09 12:00:00+00:00,3.0043,3.03,2.9983,3.0203,3601781.2
2025-09-09 12:30:00+00:00,3.0203,3.021,3.0001,3.0079,2486591.7
2025-09-09 13:00:00+00:00,3.0078,3.0122,2.997,3.0061,1776235.7
2025-09-09 13:30:00+00:00,3.006,3.0185,3.0016,3.0122,1896217.1
2025-09-09 14:00:00+00:00,3.0123,3.019,2.9833,2.9894,6541718.0
2025-09-09 14:30:00+00:00,2.9894,2.9895,2.9523,2.9674,6519898.2
2025-09-09 15:00:00+00:00,2.9674,2.9716,2.951,2.9551,4375438.4
2025-09-09 15:30:00+00:00,2.9551,2.9553,2.9367,2.9471,4650614.6
2025-09-09 16:00:00+00:00,2.9471,2.9584,2.9436,2.9464,1704322.2
2025-09-09 16:30:00+00:00,2.9464,2.9554,2.9451,2.953,1099718.6
2025-09-09 17:00:00+00:00,2.9529,2.9647,2.9525,2.9556,1500189.5
2025-09-09 17:30:00+00:00,2.9557,2.96,2.9502,2.9543,948336.4
2025-09-09 18:00:00+00:00,2.9544,2.966,2.9517,2.9636,860461.3
2025-09-09 18:30:00+00:00,2.9637,2.9644,2.9569,2.9619,808436.1
2025-09-09 19:00:00+00:00,2.962,2.9705,2.9607,2.9701,684087.7
2025-09-09 19:30:00+00:00,2.9701,2.9729,2.9634,2.9651,1645074.8
2025-09-09 20:00:00+00:00,2.9652,2.9685,2.9523,2.9526,1503796.0
2025-09-09 20:30:00+00:00,2.9525,2.9562,2.9466,2.9547,959042.9
2025-09-09 21:00:00+00:00,2.9548,2.9625,2.951,2.9523,1029998.7
2025-09-09 21:30:00+00:00,2.9523,2.956,2.95,2.9513,881664.0
2025-09-09 22:00:00+00:00,2.9513,2.955,2.9464,2.9498,1019040.8
2025-09-09 22:30:00+00:00,2.9498,2.9532,2.9482,2.9506,738220.7
2025-09-09 23:00:00+00:00,2.9505,2.951,2.9422,2.9426,2631972.8
2025-09-09 23:30:00+00:00,2.9426,2.9492,2.9404,2.9474,1263097.2
2025-09-10 00:00:00+00:00,2.9474,2.9496,2.936,2.937,1830553.3
2025-09-10 00:30:00+00:00,2.9369,2.9512,2.9357,2.9374,1489035.6
2025-09-10 01:00:00+00:00,2.9373,2.9556,2.9363,2.948,991664.4
2025-09-10 01:30:00+00:00,2.948,2.9546,2.9457,2.949,721988.4
2025-09-10 02:00:00+00:00,2.9489,2.9636,2.9488,2.9597,2039816.0
2025-09-10 02:30:00+00:00,2.9596,2.9641,2.9572,2.9591,1401893.8
2025-09-10 03:00:00+00:00,2.9592,2.9609,2.9528,2.9561,1150135.4
2025-09-10 03:30:00+00:00,2.9562,2.9637,2.9562,2.9625,871182.1
2025-09-10 04:00:00+00:00,2.9624,2.965,2.9576,2.9618,724045.5
2025-09-10 04:30:00+00:00,2.9618,2.9633,2.9553,2.9598,895673.7
2025-09-10 05:00:00+00:00,2.9598,2.9598,2.9501,2.9555,1108717.5
2025-09-10 05:30:00+00:00,2.9556,2.963,2.9543,2.96,1207261.8
2025-09-10 06:00:00+00:00,2.9599,2.96,2.9457,2.9528,1974812.1
2025-09-10 06:30:00+00:00,2.9528,2.9591,2.95,2.9529,1643921.5
2025-09-10 07:00:00+00:00,2.9529,2.9713,2.9517,2.9698,2947848.4
2025-09-10 07:30:00+00:00,2.9697,2.9812,2.9684,2.981,2210597.7
2025-09-10 08:00:00+00:00,2.9811,2.9871,2.9761,2.977,2088878.4
2025-09-10 08:30:00+00:00,2.9769,2.9772,2.9693,2.9696,958733.2
2025-09-10 09:00:00+00:00,2.9695,2.9768,2.961,2.9739,806733.4
2025-09-10 09:30:00+00:00,2.9739,2.9775,2.9677,2.9685,822835.5
2025-09-10 10:00:00+00:00,2.9684,2.9693,2.9603,2.9654,1308438.0
2025-09-10 10:30:00+00:00,2.9653,2.9696,2.9627,2.9645,667348.4
2025-09-10 11:00:00+00:00,2.9645,2.9736,2.9626,2.971,1179034.3
2025-09-10 11:30:00+00:00,2.971,2.9724,2.9658,2.971,830962.1
2025-09-10 12:00:00+00:00,2.9711,2.9775,2.9704,2.9753,1239709.8
2025-09-10 12:30:00+00:00,2.9753,3.0065,2.9753,2.9992,8674576.8
2025-09-10 13:00:00+00:00,2.9991,3.021,2.9971,3.0014,5242588.4
2025-09-10 13:30:00+00:00,3.0014,3.024,2.9921,3.0128,5201116.8
2025-09-10 14:00:00+00:00,3.0129,3.0208,3.0066,3.0101,3607006.6
2025-09-10 14:30:00+00:00,3.0101,3.0135,2.998,2.9986,2244089.5
2025-09-10 15:00:00+00:00,2.9987,3.0098,2.9972,2.9996,2270382.6
2025-09-10 15:30:00+00:00,2.9996,3.0066,2.9932,3.0025,2496924.3
2025-09-10 16:00:00+00:00,3.0026,3.0054,2.9906,2.9989,3515175.0
2025-09-10 16:30:00+00:00,2.9989,3.005,2.9925,3.005,2245296.4
2025-09-10 17:00:00+00:00,3.005,3.014,2.9933,2.9948,2589938.2
2025-09-10 17:30:00+00:00,2.9947,3.0059,2.9917,3.0029,1068044.7
2025-09-10 18:00:00+00:00,3.0029,3.0069,2.9889,2.99,1420690.5
2025-09-10 18:30:00+00:00,2.99,3.001,2.9895,2.9981,939017.4
2025-09-10 19:00:00+00:00,2.9981,2.9993,2.9715,2.9747,1534540.1
2025-09-10 19:30:00+00:00,2.9747,2.982,2.9672,2.9785,1701255.1
2025-09-10 20:00:00+00:00,2.9785,2.9888,2.9774,2.9775,1607870.7
2025-09-10 20:30:00+00:00,2.9774,2.979,2.9721,2.9742,882751.9
2025-09-10 21:00:00+00:00,2.9743,2.9815,2.9718,2.9775,687470.6
2025-09-10 21:30:00+00:00,2.9775,2.9847,2.9754,2.9806,825998.4
2025-09-10 22:00:00+00:00,2.9806,2.9865,2.9774,2.9831,633622.5
2025-09-10 22:30:00+00:00,2.9831,2.9835,2.9761,2.9782,907824.7
2025-09-10 23:00:00+00:00,2.9782,2.9862,2.9782,2.9821,1142735.5
2025-09-10 23:30:00+00:00,2.9821,2.9855,2.9802,2.9834,777941.0
2025-09-11 00:00:00+00:00,2.9834,2.9857,2.9772,2.9856,1199522.2
2025-09-11 00:30:00+00:00,2.9855,2.9943,2.9814,2.9902,826831.8
2025-09-11 01:00:00+00:00,2.9902,2.9979,2.9891,2.9942,1014877.7
2025-09-11 01:30:00+00:00,2.9942,2.9963,2.9898,2.9956,713462.9
2025-09-11 02:00:00+00:00,2.9955,2.9969,2.991,2.9916,697651.7
2025-09-11 02:30:00+00:00,2.9916,2.9936,2.9876,2.988,623708.3
2025-09-11 03:00:00+00:00,2.9879,3.008,2.9876,3.0049,1844406.5
2025-09-11 03:30:00+00:00,3.0049,3.0118,3.001,3.0091,1936597.1
2025-09-11 04:00:00+00:00,3.0092,3.0104,3.0018,3.0065,1480450.5
2025-09-11 04:30:00+00:00,3.0065,3.0139,3.0018,3.0089,1232063.1
2025-09-11 05:00:00+00:00,3.009,3.01,2.997,2.9973,1698742.1
2025-09-11 05:30:00+00:00,2.9973,3.0086,2.9969,3.0069,1975437.3
2025-09-11 06:00:00+00:00,3.0069,3.0069,2.9959,3.0011,1750396.3
2025-09-11 06:30:00+00:00,3.0011,3.0045,2.9994,3.0,1705394.3
2025-09-11 07:00:00+00:00,3.0,3.0001,2.9914,2.9972,1483551.1
2025-09-11 07:30:00+00:00,2.9972,3.006,2.996,3.0034,1470038.8
2025-09-11 08:00:00+00:00,3.0033,3.0034,2.9984,3.0021,1154053.4
2025-09-11 08:30:00+00:00,3.002,3.0199,3.0017,3.0161,3337050.0
2025-09-11 09:00:00+00:00,3.0161,3.035,3.0107,3.028,4458381.0
2025-09-11 09:30:00+00:00,3.0281,3.0281,3.0165,3.0273,3063979.5
2025-09-11 10:00:00+00:00,3.0272,3.0324,3.0119,3.0142,2240661.9
2025-09-11 10:30:00+00:00,3.0143,3.0206,3.0124,3.016,1447515.7
2025-09-11 11:00:00+00:00,3.016,3.0179,3.0068,3.0078,1852972.9
2025-09-11 11:30:00+00:00,3.0077,3.0133,3.0034,3.0077,1654442.3
2025-09-11 12:00:00+00:00,3.0077,3.0298,3.0076,3.0296,3919300.2
2025-09-11 12:30:00+00:00,3.0296,3.034,2.9507,2.9983,21535162.6
2025-09-11 13:00:00+00:00,2.9983,2.9996,2.9758,2.99,4102162.0
2025-09-11 13:30:00+00:00,2.9901,3.0134,2.9901,3.0121,3166464.5
2025-09-11 14:00:00+00:00,3.0122,3.0125,2.9852,2.9927,2612356.1
2025-09-11 14:30:00+00:00,2.9928,3.0068,2.9922,2.9986,1697936.5
2025-09-11 15:00:00+00:00,2.9987,3.0057,2.9928,2.9968,1363062.4
2025-09-11 15:30:00+00:00,2.9968,3.0,2.9893,2.9949,1953061.6
2025-09-11 16:00:00+00:00,2.995,3.004,2.9909,2.9912,1449023.6
2025-09-11 16:30:00+00:00,2.9913,2.9987,2.99,2.9961,1197227.0
2025-09-11 17:00:00+00:00,2.9962,3.002,2.9919,2.9961,1126923.9
2025-09-11 17:30:00+00:00,2.9961,3.0136,2.9958,3.0136,1502847.0
2025-09-11 18:00:00+00:00,3.0135,3.0206,3.0077,3.0098,2608167.6
2025-09-11 18:30:00+00:00,3.0098,3.0344,3.0072,3.0239,3267969.3
2025-09-11 19:00:00+00:00,3.024,3.0336,3.0208,3.0311,3035962.6
2025-09-11 19:30:00+00:00,3.031,3.0329,3.0216,3.0257,2702504.7
2025-09-11 20:00:00+00:00,3.0258,3.0294,3.0171,3.0179,2526648.8
2025-09-11 20:30:00+00:00,3.0179,3.0197,3.0109,3.0122,1324860.9
2025-09-11 21:00:00+00:00,3.0123,3.0239,3.0111,3.0154,2317635.2
2025-09-11 21:30:00+00:00,3.0154,3.019,3.0136,3.0137,702655.0
2025-09-11 22:00:00+00:00,3.0137,3.0281,3.013,3.0257,1627801.2
2025-09-11 22:30:00+00:00,3.0257,3.0288,3.023,3.024,1790743.3
2025-09-11 23:00:00+00:00,3.024,3.049,3.024,3.0426,4427712.5
2025-09-11 23:30:00+00:00,3.0426,3.0464,3.0372,3.0398,2304067.0
2025-09-12 00:00:00+00:00,3.0398,3.0489,3.0333,3.0489,2397369.8
2025-09-12 00:30:00+00:00,3.0489,3.0719,3.0467,3.054,7083269.1
2025-09-12 01:00:00+00:00,3.0539,3.0676,3.0528,3.0562,3029803.9
2025-09-12 01:30:00+00:00,3.0563,3.0563,3.0375,3.0391,2030344.7
2025-09-12 02:00:00+00:00,3.0391,3.0517,3.038,3.0477,2017326.3
2025-09-12 02:30:00+00:00,3.0476,3.0538,3.0425,3.044,1427359.9
2025-09-12 03:00:00+00:00,3.044,3.0474,3.0368,3.0375,1614259.0
2025-09-12 03:30:00+00:00,3.0374,3.042,3.032,3.0371,1820841.5
2025-09-12 04:00:00+00:00,3.0372,3.0465,3.0282,3.0464,2130395.2
2025-09-12 04:30:00+00:00,3.0465,3.0558,3.0461,3.054,1847249.6
2025-09-12 05:00:00+00:00,3.0539,3.0598,3.0484,3.0558,1497740.0
2025-09-12 05:30:00+00:00,3.0558,3.0731,3.0521,3.072,3781011.9
2025-09-12 06:00:00+00:00,3.0721,3.0721,3.0559,3.0582,2851593.6
2025-09-12 06:30:00+00:00,3.0582,3.0608,3.0486,3.0515,2767432.1
2025-09-12 07:00:00+00:00,3.0516,3.06,3.05,3.0542,1762384.8
2025-09-12 07:30:00+00:00,3.0542,3.0729,3.048,3.0667,3495245.4
2025-09-12 08:00:00+00:00,3.0668,3.0704,3.0483,3.0616,2313412.5
2025-09-12 08:30:00+00:00,3.0616,3.062,3.0492,3.0549,926259.1
2025-09-12 09:00:00+00:00,3.055,3.0571,3.048,3.0489,1246033.5
2025-09-12 09:30:00+00:00,3.0489,3.0522,3.0439,3.0485,1515064.0
2025-09-12 10:00:00+00:00,3.0485,3.0499,3.0393,3.0419,1520948.6
2025-09-12 10:30:00+00:00,3.0418,3.0463,3.0407,3.0435,950419.2
2025-09-12 11:00:00+00:00,3.0435,3.0525,3.0407,3.0516,1720762.4
2025-09-12 11:30:00+00:00,3.0515,3.0519,3.0372,3.0389,1836751.6
2025-09-12 12:00:00+00:00,3.0389,3.0414,3.0257,3.0375,2896019.6
2025-09-12 12:30:00+00:00,3.0375,3.0449,3.0305,3.0415,1735105.7
2025-09-12 13:00:00+00:00,3.0414,3.045,3.035,3.0351,1457895.3
2025-09-12 13:30:00+00:00,3.0352,3.0464,3.027,3.0407,2227156.0
2025-09-12 14:00:00+00:00,3.0407,3.0647,3.0356,3.057,4371631.5
2025-09-12 14:30:00+00:00,3.0571,3.0593,3.0339,3.0394,2723598.7
2025-09-12 15:00:00+00:00,3.0393,3.0398,3.018,3.0208,4033210.0
2025-09-12 15:30:00+00:00,3.0208,3.0332,3.02,3.0277,2085347.0
2025-09-12 16:00:00+00:00,3.0277,3.04,3.0225,3.0377,2613384.4
2025-09-12 16:30:00+00:00,3.0377,3.0426,3.0294,3.041,1864160.7
2025-09-12 17:00:00+00:00,3.041,3.0666,3.0353,3.0605,3373831.3
2025-09-12 17:30:00+00:00,3.0605,3.0728,3.0576,3.0652,4397364.4
2025-09-12 18:00:00+00:00,3.0651,3.071,3.06,3.069,2343109.4
2025-09-12 18:30:00+00:00,3.069,3.0788,3.0681,3.0786,3061647.1
2025-09-12 19:00:00+00:00,3.0787,3.0788,3.0666,3.0741,2018204.6
2025-09-12 19:30:00+00:00,3.0742,3.0934,3.0704,3.09,4305500.5
2025-09-12 20:00:00+00:00,3.0899,3.109,3.0826,3.0968,8785411.4
2025-09-12 20:30:00+00:00,3.0969,3.1376,3.0897,3.1231,7030960.6
2025-09-12 21:00:00+00:00,3.1231,3.1263,3.0949,3.098,4607717.1
2025-09-12 21:30:00+00:00,3.098,3.1016,3.0852,3.0939,1936653.0
2025-09-12 22:00:00+00:00,3.0939,3.1262,3.0938,3.1225,3431523.2
2025-09-12 22:30:00+00:00,3.1225,3.1228,3.1031,3.1118,2701228.3
2025-09-12 23:00:00+00:00,3.1117,3.1131,3.1004,3.105,1354838.6
2025-09-12 23:30:00+00:00,3.105,3.1103,3.1001,3.1054,1474232.0
2025-09-13 00:00:00+00:00,3.1054,3.1072,3.0926,3.0935,1770375.5
2025-09-13 00:30:00+00:00,3.0935,3.1058,3.0929,3.1028,1460987.2
2025-09-13 01:00:00+00:00,3.1028,3.1208,3.1028,3.1108,2147376.3
2025-09-13 01:30:00+00:00,3.1108,3.1257,3.0935,3.097,2101411.8
2025-09-13 02:00:00+00:00,3.097,3.107,3.0901,3.1024,1228331.0
2025-09-13 02:30:00+00:00,3.1024,3.1045,3.0974,3.1025,748264.1
2025-09-13 03:00:00+00:00,3.1025,3.1143,3.0999,3.1129,1177547.0
2025-09-13 03:30:00+00:00,3.1129,3.1171,3.109,3.1144,1268400.5
2025-09-13 04:00:00+00:00,3.1143,3.1161,3.1083,3.1083,1007716.9
2025-09-13 04:30:00+00:00,3.1083,3.113,3.1052,3.106,917927.8
2025-09-13 05:00:00+00:00,3.106,3.1128,3.1012,3.1115,1336579.0
2025-09-13 05:30:00+00:00,3.1114,3.1114,3.0992,3.1009,1613510.2
2025-09-13 06:00:00+00:00,3.1008,3.1134,3.1,3.1075,1435940.5
2025-09-13 06:30:00+00:00,3.1075,3.116,3.1064,3.1158,1691883.6
2025-09-13 07:00:00+00:00,3.1157,3.1219,3.1118,3.1146,1980003.7
2025-09-13 07:30:00+00:00,3.1146,3.12,3.1142,3.117,881652.3
2025-09-13 08:00:00+00:00,3.117,3.1232,3.1104,3.1228,1051879.6
2025-09-13 08:30:00+00:00,3.1227,3.1449,3.1225,3.1434,4844715.7
2025-09-13 09:00:00+00:00,3.1433,3.1711,3.1393,3.1625,8974248.8
2025-09-13 09:30:00+00:00,3.1625,3.1845,3.1605,3.1799,4985945.5
2025-09-13 10:00:00+00:00,3.1799,3.1858,3.163,3.1721,5033760.4
2025-09-13 10:30:00+00:00,3.1721,3.173,3.1601,3.1633,2910085.3
2025-09-13 11:00:00+00:00,3.1633,3.1651,3.1504,3.1648,3286067.3
2025-09-13 11:30:00+00:00,3.1648,3.1766,3.1623,3.1728,2834563.4
2025-09-13 12:00:00+00:00,3.1729,3.1812,3.1647,3.1675,2348683.0
2025-09-13 12:30:00+00:00,3.1674,3.1728,3.1659,3.1706,1393107.6
2025-09-13 13:00:00+00:00,3.1706,3.1788,3.1577,3.1745,3155594.5
2025-09-13 13:30:00+00:00,3.1744,3.1745,3.1179,3.142,7673590.5
2025-09-13 14:00:00+00:00,3.142,3.1565,3.121,3.153,4346893.1
2025-09-13 14:30:00+00:00,3.1531,3.1564,3.1389,3.1468,1977604.3
2025-09-13 15:00:00+00:00,3.1468,3.1567,3.1398,3.1421,2824681.4
2025-09-13 15:30:00+00:00,3.1422,3.1427,3.1219,3.1333,3130478.8
2025-09-13 16:00:00+00:00,3.1333,3.1421,3.1243,3.1323,2649760.1
2025-09-13 16:30:00+00:00,3.1323,3.136,3.1065,3.1103,5197699.4
2025-09-13 17:00:00+00:00,3.1103,3.1134,3.089,3.1049,6318956.1
2025-09-13 17:30:00+00:00,3.105,3.1177,3.1037,3.1125,1331910.7
2025-09-13 18:00:00+00:00,3.1124,3.118,3.1013,3.1157,1173761.6
2025-09-13 18:30:00+00:00,3.1156,3.1164,3.1063,3.1143,1204144.1
2025-09-13 19:00:00+00:00,3.1144,3.1175,3.1075,3.109,1299141.4
2025-09-13 19:30:00+00:00,3.109,3.1147,3.1087,3.111,761181.3
2025-09-13 20:00:00+00:00,3.1109,3.1212,3.1089,3.1195,2386896.9
2025-09-13 20:30:00+00:00,3.1195,3.1215,3.1144,3.1176,965279.7
2025-09-13 21:00:00+00:00,3.1175,3.1282,3.1168,3.1241,1542691.1
2025-09-13 21:30:00+00:00,3.124,3.1251,3.1168,3.1198,686111.6
2025-09-13 22:00:00+00:00,3.1199,3.1234,3.1167,3.1191,781300.3
2025-09-13 22:30:00+00:00,3.1191,3.1212,3.1139,3.1205,918117.9
2025-09-13 23:00:00+00:00,3.1206,3.1275,3.1197,3.1211,1436114.4
2025-09-13 23:30:00+00:00,3.121,3.1226,3.1182,3.1193,598643.7
2025-09-14 00:00:00+00:00,3.1193,3.1205,3.1136,3.1159,1045567.5
2025-09-14 00:30:00+00:00,3.1158,3.1185,3.1024,3.1106,1511326.0
2025-09-14 01:00:00+00:00,3.1105,3.1105,3.085,3.0954,2953156.8
2025-09-14 01:30:00+00:00,3.0954,3.1177,3.0938,3.115,1508326.3
2025-09-14 02:00:00+00:00,3.1151,3.1267,3.1128,3.1183,1574644.1
2025-09-14 02:30:00+00:00,3.1182,3.1256,3.106,3.1225,1706318.9
2025-09-14 03:00:00+00:00,3.1225,3.124,3.1055,3.1056,1834860.7
2025-09-14 03:30:00+00:00,3.1056,3.1123,3.0924,3.095,1644074.1
2025-09-14 04:00:00+00:00,3.095,3.0982,3.0762,3.0936,3311959.6
2025-09-14 04:30:00+00:00,3.0936,3.1042,3.0931,3.099,1377700.1
2025-09-14 05:00:00+00:00,3.099,3.1048,3.0972,3.1048,607960.2
2025-09-14 05:30:00+00:00,3.1047,3.108,3.1,3.107,1108492.8
2025-09-14 06:00:00+00:00,3.1071,3.1085,3.0936,3.0968,1481052.6
2025-09-14 06:30:00+00:00,3.0968,3.0969,3.0828,3.0916,1637918.3
2025-09-14 07:00:00+00:00,3.0915,3.0918,3.084,3.0893,1126675.8
2025-09-14 07:30:00+00:00,3.0892,3.0904,3.0753,3.0841,2668251.8
2025-09-14 08:00:00+00:00,3.0842,3.0853,3.0751,3.0827,1778794.8
2025-09-14 08:30:00+00:00,3.0827,3.0902,3.0806,3.0844,982621.2
2025-09-14 09:00:00+00:00,3.0843,3.0907,3.0811,3.0895,1194239.4
2025-09-14 09:30:00+00:00,3.0896,3.095,3.087,3.09,1198203.7
2025-09-14 10:00:00+00:00,3.0899,3.0914,3.0806,3.0809,894799.4
2025-09-14 10:30:00+00:00,3.0809,3.0871,3.0809,3.0849,791945.1
2025-09-14 11:00:00+00:00,3.0849,3.0879,3.0672,3.0688,2616897.7
2025-09-14 11:30:00+00:00,3.0688,3.07,3.0542,3.059,3292737.8
2025-09-14 12:00:00+00:00,3.0589,3.0663,3.0566,3.062,1459240.4
2025-09-14 12:30:00+00:00,3.062,3.0636,3.0401,3.05,2264724.5
2025-09-14 13:00:00+00:00,3.05,3.0529,3.0403,3.044,1681753.0
2025-09-14 13:30:00+00:00,3.044,3.0497,3.0271,3.0373,2932106.4
2025-09-14 14:00:00+00:00,3.0373,3.0494,3.0208,3.0285,4087696.6
2025-09-14 14:30:00+00:00,3.0286,3.0329,3.0099,3.0251,4965700.2
2025-09-14 15:00:00+00:00,3.025,3.0345,3.0139,3.0325,3392179.7
2025-09-14 15:30:00+00:00,3.0324,3.0389,3.0282,3.0314,2436090.7
2025-09-14 16:00:00+00:00,3.0314,3.0444,3.0281,3.0432,1950027.0
2025-09-14 16:30:00+00:00,3.0431,3.047,3.0403,3.0434,1414647.7
2025-09-14 17:00:00+00:00,3.0434,3.0544,3.0388,3.0536,1329332.8
2025-09-14 17:30:00+00:00,3.0536,3.0595,3.052,3.0543,2090033.3
2025-09-14 18:00:00+00:00,3.0542,3.0547,3.0417,3.0433,2005715.1
2025-09-14 18:30:00+00:00,3.0433,3.046,3.0325,3.0365,1127507.5
2025-09-14 19:00:00+00:00,3.0364,3.046,3.03,3.0452,1821841.2
2025-09-14 19:30:00+00:00,3.0451,3.0467,3.0333,3.038,890496.5
2025-09-14 20:00:00+00:00,3.038,3.0436,3.0357,3.0395,706687.2
2025-09-14 20:30:00+00:00,3.0396,3.0413,3.0342,3.0381,669011.6
2025-09-14 21:00:00+00:00,3.0382,3.041,3.0271,3.0377,1255269.8
2025-09-14 21:30:00+00:00,3.0377,3.0522,3.0377,3.0482,1157591.8
2025-09-14 22:00:00+00:00,3.0483,3.0504,3.0391,3.0448,899196.6
2025-09-14 22:30:00+00:00,3.0449,3.0575,3.0436,3.051,2085294.5
2025-09-14 23:00:00+00:00,3.051,3.051,3.0291,3.0325,2514863.7
2025-09-14 23:30:00+00:00,3.0325,3.0335,3.025,3.0279,1459110.3
2025-09-15 00:00:00+00:00,3.028,3.045,3.0272,3.0436,1411126.0
2025-09-15 00:30:00+00:00,3.0436,3.0443,3.0331,3.0349,1151595.7
2025-09-15 01:00:00+00:00,3.0348,3.0363,3.012,3.0323,2352931.6
2025-09-15 01:30:00+00:00,3.0324,3.0481,3.0323,3.04,1521931.8
2025-09-15 02:00:00+00:00,3.0401,3.0496,3.0401,3.0423,1103682.0
2025-09-15 02:30:00+00:00,3.0422,3.0422,3.0323,3.0357,1297712.4
2025-09-15 03:00:00+00:00,3.0358,3.0472,3.0346,3.0423,1992825.7
2025-09-15 03:30:00+00:00,3.0422,3.0523,3.04,3.0481,1275769.5
2025-09-15 04:00:00+00:00,3.0481,3.0575,3.0437,3.0531,1707824.5
2025-09-15 04:30:00+00:00,3.0532,3.0569,3.0496,3.0509,1135873.7
2025-09-15 05:00:00+00:00,3.051,3.0659,3.0491,3.0634,2486613.6
2025-09-15 05:30:00+00:00,3.0634,3.0669,3.061,3.066,1399684.5
2025-09-15 06:00:00+00:00,3.0659,3.0663,3.0463,3.0468,2296222.4
2025-09-15 06:30:00+00:00,3.0468,3.0498,3.0251,3.0355,3191834.7
2025-09-15 07:00:00+00:00,3.0355,3.0485,3.0346,3.0356,918838.1
2025-09-15 07:30:00+00:00,3.0356,3.0356,3.0125,3.0232,4026383.1
2025-09-15 08:00:00+00:00,3.0231,3.0241,2.9696,2.9859,12265641.7
2025-09-15 08:30:00+00:00,2.986,2.9911,2.9555,2.9594,6827400.7
2025-09-15 09:00:00+00:00,2.9594,2.9824,2.9532,2.9797,4567120.9
2025-09-15 09:30:00+00:00,2.9796,2.9843,2.9761,2.9775,2028577.9
2025-09-15 10:00:00+00:00,2.9774,2.978,2.9671,2.974,2404390.0
2025-09-15 10:30:00+00:00,2.974,2.982,2.9687,2.9795,2028920.9
2025-09-15 11:00:00+00:00,2.9796,2.995,2.977,2.9894,2707994.9
2025-09-15 11:30:00+00:00,2.9894,3.0005,2.9869,2.9994,1962440.4
2025-09-15 12:00:00+00:00,2.9993,3.0004,2.9866,2.9881,2006236.5
2025-09-15 12:30:00+00:00,2.9881,2.9987,2.9871,2.9894,2491386.4
2025-09-15 13:00:00+00:00,2.9895,3.008,2.9843,3.0074,2006445.5
2025-09-15 13:30:00+00:00,3.0074,3.043,3.0066,3.0227,6220465.8
2025-09-15 14:00:00+00:00,3.0227,3.0303,3.0064,3.0283,5986706.3
2025-09-15 14:30:00+00:00,3.0283,3.0304,3.0042,3.0055,3111514.3
2025-09-15 15:00:00+00:00,3.0054,3.0411,3.0005,3.0254,6607931.2
2025-09-15 15:30:00+00:00,3.0254,3.0299,3.0061,3.0275,4940273.1
2025-09-15 16:00:00+00:00,3.0275,3.0356,3.0135,3.0184,3096861.8
2025-09-15 16:30:00+00:00,3.0183,3.0265,3.0018,3.006,1842507.7
2025-09-15 17:00:00+00:00,3.0061,3.017,2.996,3.0011,1895642.1
2025-09-15 17:30:00+00:00,3.001,3.0101,2.9924,3.0093,2541710.9
2025-09-15 18:00:00+00:00,3.0092,3.01,2.9955,2.9978,885943.4
2025-09-15 18:30:00+00:00,2.9977,3.0113,2.9958,3.0083,985215.5
2025-09-15 19:00:00+00:00,3.0083,3.0161,2.9942,2.9951,1195832.3
2025-09-15 19:30:00+00:00,2.995,3.004,2.9838,2.9883,2327215.4
2025-09-15 20:00:00+00:00,2.9883,2.9974,2.9804,2.9899,1297175.4
2025-09-15 20:30:00+00:00,2.9899,2.9983,2.986,2.9977,734255.9
2025-09-15 21:00:00+00:00,2.9977,2.9999,2.9894,2.9998,756934.4
2025-09-15 21:30:00+00:00,2.9999,3.0041,2.9972,2.9991,914776.8
2025-09-15 22:00:00+00:00,2.9991,3.0014,2.9708,2.9968,3614381.8
2025-09-15 22:30:00+00:00,2.9967,2.9972,2.987,2.9911,622154.6
2025-09-15 23:00:00+00:00,2.9912,2.9979,2.9852,2.9971,635299.7
2025-09-15 23:30:00+00:00,2.9971,2.9986,2.9921,2.9969,755872.5
2025-09-16 00:00:00+00:00,2.9969,2.9969,2.9802,2.9827,1163728.8
2025-09-16 00:30:00+00:00,2.9827,2.9868,2.9767,2.9863,1015502.1
2025-09-16 01:00:00+00:00,2.9863,2.999,2.9853,2.9957,907433.2
2025-09-16 01:30:00+00:00,2.9958,2.9989,2.9835,2.9847,985500.5
2025-09-16 02:00:00+00:00,2.9848,2.9931,2.9818,2.9861,1102284.4
2025-09-16 02:30:00+00:00,2.9862,2.9921,2.9795,2.9795,1189622.4
2025-09-16 03:00:00+00:00,2.9796,2.9844,2.9782,2.9811,1395977.2
2025-09-16 03:30:00+00:00,2.9811,2.9904,2.979,2.9791,1648024.2
2025-09-16 04:00:00+00:00,2.9791,2.9812,2.9642,2.9768,2130710.6
2025-09-16 04:30:00+00:00,2.9768,2.9824,2.968,2.9812,1288582.0
2025-09-16 05:00:00+00:00,2.9812,2.9934,2.9794,2.9913,2895543.9
2025-09-16 05:30:00+00:00,2.9913,3.0076,2.9899,3.0048,2164892.0
2025-09-16 06:00:00+00:00,3.0049,3.0053,2.9898,2.9907,2529921.8
2025-09-16 06:30:00+00:00,2.9907,2.9907,2.9787,2.9837,1521504.7
2025-09-16 07:00:00+00:00,2.9837,2.9944,2.9837,2.9939,1074515.5
2025-09-16 07:30:00+00:00,2.9939,3.0138,2.9903,3.0079,1788187.8
2025-09-16 08:00:00+00:00,3.0078,3.0238,3.0035,3.0202,3076558.9
2025-09-16 08:30:00+00:00,3.0203,3.0496,3.0169,3.0348,4055866.9
2025-09-16 09:00:00+00:00,3.0348,3.0392,3.0272,3.0285,2406138.7
2025-09-16 09:30:00+00:00,3.0285,3.0329,3.0216,3.0295,1688606.5
2025-09-16 10:00:00+00:00,3.0294,3.0344,3.0243,3.033,2114921.5
2025-09-16 10:30:00+00:00,3.033,3.0364,3.017,3.022,1656104.2
2025-09-16 11:00:00+00:00,3.0221,3.0334,3.0215,3.0287,1192451.1
2025-09-16 11:30:00+00:00,3.0288,3.034,3.0283,3.0289,917937.0
2025-09-16 12:00:00+00:00,3.0289,3.037,3.0253,3.0326,1473694.6
2025-09-16 12:30:00+00:00,3.0326,3.0405,3.0304,3.0377,1509399.6
2025-09-16 13:00:00+00:00,3.0377,3.0478,3.0346,3.0445,1834653.9
2025-09-16 13:30:00+00:00,3.0446,3.0461,3.0004,3.0247,4701633.4
2025-09-16 14:00:00+00:00,3.0246,3.025,3.0034,3.021,3304394.2
2025-09-16 14:30:00+00:00,3.021,3.0312,3.0144,3.0286,1687630.3
2025-09-16 15:00:00+00:00,3.0287,3.0348,3.0212,3.0317,1887800.6
2025-09-16 15:30:00+00:00,3.0318,3.0415,3.0291,3.0393,1384610.1
2025-09-16 16:00:00+00:00,3.0394,3.0403,3.0307,3.0369,1462907.0
2025-09-16 16:30:00+00:00,3.0368,3.0505,3.0367,3.0464,1700634.3
2025-09-16 17:00:00+00:00,3.0464,3.0586,3.0456,3.0488,2096045.9
2025-09-16 17:30:00+00:00,3.0488,3.0516,3.0415,3.0473,1462586.6
2025-09-16 18:00:00+00:00,3.0473,3.0515,3.0431,3.0449,1058514.8
2025-09-16 18:30:00+00:00,3.0449,3.0454,3.0355,3.04,1309674.8
2025-09-16 19:00:00+00:00,3.0399,3.0442,3.0359,3.0393,630873.6
2025-09-16 19:30:00+00:00,3.0393,3.0535,3.0352,3.0519,1167895.9
2025-09-16 20:00:00+00:00,3.0518,3.0519,3.0418,3.046,958730.9
2025-09-16 20:30:00+00:00,3.0459,3.0498,3.0438,3.0474,435526.8
2025-09-16 21:00:00+00:00,3.0473,3.0518,3.0467,3.0498,860366.8
2025-09-16 21:30:00+00:00,3.0498,3.0577,3.0497,3.0541,1129659.6
2025-09-16 22:00:00+00:00,3.0542,3.0579,3.0496,3.0499,750009.8
2025-09-16 22:30:00+00:00,3.0499,3.0512,3.0463,3.0472,791095.7
2025-09-16 23:00:00+00:00,3.0473,3.048,3.0404,3.0407,778866.5
2025-09-16 23:30:00+00:00,3.0407,3.0424,3.0353,3.0376,666041.4
2025-09-17 00:00:00+00:00,3.0376,3.041,3.0335,3.0396,626904.1
2025-09-17 00:30:00+00:00,3.0396,3.0427,3.0344,3.0356,790863.4
2025-09-17 01:00:00+00:00,3.0356,3.0451,3.0344,3.045,454026.5
2025-09-17 01:30:00+00:00,3.045,3.0452,3.0344,3.0399,597905.7
2025-09-17 02:00:00+00:00,3.0399,3.04,3.0259,3.0322,2804723.4
2025-09-17 02:30:00+00:00,3.0323,3.0476,3.0258,3.0374,8281039.0
2025-09-17 03:00:00+00:00,3.0374,3.0374,3.0294,3.0311,2143526.9
2025-09-17 03:30:00+00:00,3.0312,3.0326,3.0156,3.0162,2292887.9
2025-09-17 04:00:00+00:00,3.0163,3.0191,3.01,3.0102,1704214.9
2025-09-17 04:30:00+00:00,3.0103,3.0127,3.0054,3.0112,1625592.1
2025-09-17 05:00:00+00:00,3.0112,3.017,3.0079,3.0084,1910002.3
2025-09-17 05:30:00+00:00,3.0085,3.021,3.0069,3.02,1836010.0
2025-09-17 06:00:00+00:00,3.02,3.0219,3.0136,3.0166,1964181.2
2025-09-17 06:30:00+00:00,3.0166,3.025,3.0152,3.0235,1802927.5
2025-09-17 07:00:00+00:00,3.0234,3.0389,3.0205,3.0369,2536172.3
2025-09-17 07:30:00+00:00,3.0368,3.038,3.0335,3.0342,998293.2
2025-09-17 08:00:00+00:00,3.0342,3.0343,3.0181,3.0209,1677415.5
2025-09-17 08:30:00+00:00,3.0209,3.0215,3.0141,3.0205,1895888.5
2025-09-17 09:00:00+00:00,3.0205,3.0205,3.014,3.0168,1498676.2
2025-09-17 09:30:00+00:00,3.0168,3.0175,3.0141,3.0146,930693.7
2025-09-17 10:00:00+00:00,3.0146,3.0198,3.0029,3.0073,3466958.9
2025-09-17 10:30:00+00:00,3.0073,3.0132,3.0058,3.0128,1799335.4
2025-09-17 11:00:00+00:00,3.0127,3.014,3.0072,3.0122,1006963.3
2025-09-17 11:30:00+00:00,3.0122,3.0123,3.0076,3.0088,990259.8
2025-09-17 12:00:00+00:00,3.0088,3.023,3.0086,3.0214,1679766.5
2025-09-17 12:30:00+00:00,3.0214,3.0258,3.0189,3.0242,1050277.4
2025-09-17 13:00:00+00:00,3.0243,3.0305,3.0185,3.0298,1421726.6
2025-09-17 13:30:00+00:00,3.0298,3.0377,3.0185,3.0228,2072130.9
2025-09-17 14:00:00+00:00,3.0229,3.0304,3.017,3.0209,2016450.8
2025-09-17 14:30:00+00:00,3.021,3.0236,3.0087,3.0138,2012595.3
2025-09-17 15:00:00+00:00,3.0139,3.0235,3.0133,3.0169,1000380.4
2025-09-17 15:30:00+00:00,3.0169,3.0259,3.0168,3.0227,1062062.2
2025-09-17 16:00:00+00:00,3.0227,3.0227,3.01,3.0172,1032653.0
2025-09-17 16:30:00+00:00,3.0172,3.0244,3.0129,3.0218,1194247.6
2025-09-17 17:00:00+00:00,3.0219,3.0289,3.0178,3.0288,932957.5
2025-09-17 17:30:00+00:00,3.0288,3.0685,3.0191,3.0197,7283948.9
2025-09-17 18:00:00+00:00,3.0197,3.0645,3.0053,3.0374,16147996.8
2025-09-17 18:30:00+00:00,3.0374,3.038,2.9814,2.9978,10067869.2
2025-09-17 19:00:00+00:00,2.9978,3.0341,2.9944,3.0278,4518175.4
2025-09-17 19:30:00+00:00,3.0278,3.043,3.0245,3.0321,3559188.1
2025-09-17 20:00:00+00:00,3.0322,3.0495,3.0302,3.0308,2963215.2
2025-09-17 20:30:00+00:00,3.0308,3.0322,3.0115,3.0149,2584271.0
2025-09-17 21:00:00+00:00,3.0149,3.0297,3.0059,3.0236,1493583.9
2025-09-17 21:30:00+00:00,3.0236,3.0394,3.0221,3.0319,1328947.5
2025-09-17 22:00:00+00:00,3.032,3.0696,3.032,3.0684,5489766.8
2025-09-17 22:30:00+00:00,3.0684,3.0914,3.0671,3.087,5458693.9
2025-09-17 23:00:00+00:00,3.0871,3.1079,3.0733,3.0807,7322016.4
2025-09-17 23:30:00+00:00,3.0807,3.0895,3.0695,3.0841,3180275.4
2025-09-18 00:00:00+00:00,3.0841,3.0954,3.077,3.0799,3151391.6
2025-09-18 00:30:00+00:00,3.0798,3.0902,3.0752,3.076,2539109.4
2025-09-18 01:00:00+00:00,3.0759,3.0891,3.0707,3.0829,2628070.6
2025-09-18 01:30:00+00:00,3.0828,3.0998,3.0789,3.093,2676466.6
2025-09-18 02:00:00+00:00,3.093,3.095,3.08,3.0819,1344806.2
2025-09-18 02:30:00+00:00,3.0818,3.096,3.0808,3.0951,1617609.5
2025-09-18 03:00:00+00:00,3.0951,3.112,3.0923,3.1059,4856916.1
2025-09-18 03:30:00+00:00,3.1058,3.1103,3.102,3.1051,2060555.1
2025-09-18 04:00:00+00:00,3.105,3.1074,3.0958,3.0977,2688376.7
2025-09-18 04:30:00+00:00,3.0976,3.1013,3.0912,3.0985,2228528.8
2025-09-18 05:00:00+00:00,3.0986,3.0986,3.0834,3.0841,2514216.9
2025-09-18 05:30:00+00:00,3.0842,3.0854,3.0755,3.0806,2929699.2
2025-09-18 06:00:00+00:00,3.0806,3.0826,3.0571,3.0584,5020079.2
2025-09-18 06:30:00+00:00,3.0584,3.0716,3.0558,3.0709,2144515.6
2025-09-18 07:00:00+00:00,3.071,3.0785,3.0704,3.0749,1164174.7
2025-09-18 07:30:00+00:00,3.075,3.1054,3.0742,3.0924,3967045.7
2025-09-18 08:00:00+00:00,3.0925,3.1081,3.0901,3.1007,2891571.3
2025-09-18 08:30:00+00:00,3.1007,3.108,3.0933,3.1066,3339092.7
2025-09-18 09:00:00+00:00,3.1066,3.11,3.1022,3.107,2184425.2
2025-09-18 09:30:00+00:00,3.107,3.123,3.1027,3.123,4043282.4
2025-09-18 10:00:00+00:00,3.1229,3.125,3.1028,3.1041,2779043.7
2025-09-18 10:30:00+00:00,3.1042,3.1157,3.1041,3.1121,1422665.2
2025-09-18 11:00:00+00:00,3.1121,3.1304,3.1121,3.129,4358132.4
2025-09-18 11:30:00+00:00,3.129,3.1375,3.1244,3.1368,2541233.2
2025-09-18 12:00:00+00:00,3.1369,3.1397,3.1189,3.1234,2846494.2
2025-09-18 12:30:00+00:00,3.1233,3.1282,3.115,3.1163,2410867.8
2025-09-18 13:00:00+00:00,3.1163,3.1259,3.1125,3.1195,1954456.1
2025-09-18 13:30:00+00:00,3.1195,3.132,3.1023,3.1186,5475999.7
2025-09-18 14:00:00+00:00,3.1185,3.1312,3.1182,3.1249,3727619.4
2025-09-18 14:30:00+00:00,3.125,3.1288,3.1173,3.1215,2041729.7
2025-09-18 15:00:00+00:00,3.1215,3.1248,3.1132,3.1157,2326434.4
2025-09-18 15:30:00+00:00,3.1157,3.1286,3.1124,3.1134,2795820.7
2025-09-18 16:00:00+00:00,3.1134,3.1179,3.1072,3.114,2636633.8
2025-09-18 16:30:00+00:00,3.1141,3.1206,3.1071,3.1175,1712025.5
2025-09-18 17:00:00+00:00,3.1175,3.123,3.1108,3.1108,2849927.4
2025-09-18 17:30:00+00:00,3.1108,3.1108,3.0989,3.1074,1829750.6
2025-09-18 18:00:00+00:00,3.1074,3.1181,3.1041,3.1169,1186444.5
2025-09-18 18:30:00+00:00,3.1168,3.1179,3.1033,3.1164,1496157.5
2025-09-18 19:00:00+00:00,3.1165,3.1165,3.1,3.1011,1026350.3
2025-09-18 19:30:00+00:00,3.101,3.115,3.0884,3.1074,3359269.8
2025-09-18 20:00:00+00:00,3.1074,3.1079,3.0953,3.0976,1299946.2
2025-09-18 20:30:00+00:00,3.0976,3.1051,3.0927,3.1001,1306338.0
2025-09-18 21:00:00+00:00,3.1001,3.1023,3.0866,3.0901,1259039.1
2025-09-18 21:30:00+00:00,3.0902,3.0926,3.083,3.0841,1163760.4
2025-09-18 22:00:00+00:00,3.0842,3.0846,3.075,3.0791,2449563.2
2025-09-18 22:30:00+00:00,3.079,3.0821,3.073,3.0732,1760839.6
2025-09-18 23:00:00+00:00,3.0731,3.0732,3.0601,3.0716,3033792.1
2025-09-18 23:30:00+00:00,3.0716,3.0793,3.0715,3.0735,2058672.7
2025-09-19 00:00:00+00:00,3.0735,3.0846,3.0735,3.084,1445377.3
2025-09-19 00:30:00+00:00,3.084,3.0868,3.0779,3.0865,816460.6
2025-09-19 01:00:00+00:00,3.0866,3.0934,3.0834,3.0912,1594495.4
2025-09-19 01:30:00+00:00,3.0913,3.0941,3.0774,3.08,1217943.5
2025-09-19 02:00:00+00:00,3.08,3.08,3.0667,3.0694,1927923.0
2025-09-19 02:30:00+00:00,3.0695,3.0718,3.0616,3.0671,1853609.6
2025-09-19 03:00:00+00:00,3.0672,3.0761,3.0637,3.0653,1510506.9
2025-09-19 03:30:00+00:00,3.0652,3.0657,3.0453,3.047,4427915.4
2025-09-19 04:00:00+00:00,3.0469,3.0476,3.0232,3.0404,6176090.2
2025-09-19 04:30:00+00:00,3.0403,3.0499,3.0377,3.0492,2057101.1
2025-09-19 05:00:00+00:00,3.0492,3.0536,3.0392,3.0393,1503233.8
2025-09-19 05:30:00+00:00,3.0393,3.0498,3.037,3.048,1317329.7
2025-09-19 06:00:00+00:00,3.0479,3.0479,3.0299,3.0333,2767382.9
2025-09-19 06:30:00+00:00,3.0333,3.0376,3.0262,3.0267,1712428.3
2025-09-19 07:00:00+00:00,3.0267,3.0408,3.0237,3.0372,2034916.7
2025-09-19 07:30:00+00:00,3.0373,3.0424,3.035,3.0382,1513133.5
2025-09-19 08:00:00+00:00,3.0381,3.0475,3.035,3.0435,1429079.8
2025-09-19 08:30:00+00:00,3.0436,3.044,3.0337,3.0341,1508353.6
2025-09-19 09:00:00+00:00,3.0342,3.0435,3.032,3.0336,983820.8
2025-09-19 09:30:00+00:00,3.0336,3.0355,3.0237,3.0297,2238185.6
2025-09-19 10:00:00+00:00,3.0297,3.032,3.024,3.0258,1659452.9
2025-09-19 10:30:00+00:00,3.0259,3.0358,3.024,3.0311,1234520.8
2025-09-19 11:00:00+00:00,3.0312,3.0332,3.0246,3.0247,2369120.4
2025-09-19 11:30:00+00:00,3.0247,3.0327,3.0223,3.0304,1823768.4
2025-09-19 12:00:00+00:00,3.0305,3.0462,3.0297,3.0356,2161332.3
2025-09-19 12:30:00+00:00,3.0357,3.0421,3.032,3.0331,1234876.0
2025-09-19 13:00:00+00:00,3.0331,3.0366,3.0272,3.0311,1838793.0
2025-09-19 13:30:00+00:00,3.0311,3.0389,3.0251,3.0342,1791270.4
2025-09-19 14:00:00+00:00,3.0342,3.0382,3.0225,3.0228,2603939.0
2025-09-19 14:30:00+00:00,3.0227,3.026,3.005,3.0083,5646421.5
2025-09-19 15:00:00+00:00,3.0083,3.0096,2.9887,3.0048,7336071.8
2025-09-19 15:30:00+00:00,3.0049,3.0124,2.9957,3.0103,2961074.8
2025-09-19 16:00:00+00:00,3.0103,3.017,3.0052,3.0135,2633701.8
2025-09-19 16:30:00+00:00,3.0135,3.016,3.0078,3.0102,1309074.3
2025-09-19 17:00:00+00:00,3.0101,3.0106,2.9978,3.0028,1476536.5
2025-09-19 17:30:00+00:00,3.0027,3.0035,2.9951,2.9965,893667.5
2025-09-19 18:00:00+00:00,2.9965,3.0011,2.9879,2.9984,1468357.5
2025-09-19 18:30:00+00:00,2.9983,3.0029,2.995,2.9978,840135.2
2025-09-19 19:00:00+00:00,2.9978,3.0109,2.9978,3.0067,1240859.2
2025-09-19 19:30:00+00:00,3.0067,3.0067,2.9836,2.9862,2150270.3
2025-09-19 20:00:00+00:00,2.9862,2.9939,2.9835,2.9929,1819146.0
2025-09-19 20:30:00+00:00,2.9929,2.9947,2.9842,2.9855,969488.3
2025-09-19 21:00:00+00:00,2.9854,2.9939,2.9784,2.9923,1682611.6
2025-09-19 21:30:00+00:00,2.9923,2.9962,2.9896,2.9959,856072.9
2025-09-19 22:00:00+00:00,2.996,3.0007,2.9952,2.999,566795.2
2025-09-19 22:30:00+00:00,2.999,2.999,2.9929,2.993,650766.6
2025-09-19 23:00:00+00:00,2.993,2.9933,2.9791,2.9817,970362.1
2025-09-19 23:30:00+00:00,2.9817,2.9911,2.9799,2.9901,490864.6
2025-09-20 00:00:00+00:00,2.99,2.9907,2.9845,2.9856,541086.9
2025-09-20 00:30:00+00:00,2.9857,3.0013,2.9855,2.9986,807307.1
2025-09-20 01:00:00+00:00,2.9987,2.9997,2.9918,2.9983,744211.5
2025-09-20 01:30:00+00:00,2.9983,2.9983,2.99,2.9921,478864.4
2025-09-20 02:00:00+00:00,2.992,2.992,2.98,2.9887,667253.7
2025-09-20 02:30:00+00:00,2.9887,2.9953,2.9844,2.9948,441225.8
2025-09-20 03:00:00+00:00,2.9949,2.9952,2.9852,2.9894,810614.0
2025-09-20 03:30:00+00:00,2.9894,2.9946,2.9889,2.9914,541550.1
2025-09-20 04:00:00+00:00,2.9915,2.9925,2.9874,2.9886,631901.7
2025-09-20 04:30:00+00:00,2.9887,2.9948,2.9873,2.9928,455218.8
2025-09-20 05:00:00+00:00,2.9929,2.9959,2.9888,2.9958,370730.8
2025-09-20 05:30:00+00:00,2.9958,3.0027,2.995,3.0027,683194.0
2025-09-20 06:00:00+00:00,3.0026,3.0026,2.9963,3.0024,546687.5
2025-09-20 06:30:00+00:00,3.0025,3.0068,3.0017,3.0051,704223.7
2025-09-20 07:00:00+00:00,3.0051,3.0086,3.0016,3.0019,612120.4
2025-09-20 07:30:00+00:00,3.0019,3.0091,2.9991,3.0089,859656.0
2025-09-20 08:00:00+00:00,3.0088,3.0091,2.9993,2.9998,653045.5
2025-09-20 08:30:00+00:00,2.9998,3.0012,2.9851,2.9855,1250532.6
2025-09-20 09:00:00+00:00,2.9854,2.9889,2.9812,2.9849,1539976.0
2025-09-20 09:30:00+00:00,2.9849,2.9849,2.9745,2.9789,2555642.8
2025-09-20 10:00:00+00:00,2.9789,2.9854,2.9788,2.9802,1011092.2
2025-09-20 10:30:00+00:00,2.9801,2.9837,2.9775,2.9791,1059086.8
2025-09-20 11:00:00+00:00,2.979,2.9875,2.979,2.9817,672167.8
2025-09-20 11:30:00+00:00,2.9817,2.9892,2.9814,2.9891,467343.9
2025-09-20 12:00:00+00:00,2.9892,2.9894,2.983,2.983,920670.7
2025-09-20 12:30:00+00:00,2.983,2.9864,2.9821,2.985,1011292.1
2025-09-20 13:00:00+00:00,2.985,2.9896,2.9809,2.9874,977290.4
2025-09-20 13:30:00+00:00,2.9873,2.989,2.9825,2.9835,955055.5
2025-09-20 14:00:00+00:00,2.9835,2.9835,2.9652,2.9684,4598244.6
2025-09-20 14:30:00+00:00,2.9684,2.985,2.9657,2.9812,2904165.8
2025-09-20 15:00:00+00:00,2.9812,2.9961,2.98,2.9929,5650570.9
2025-09-20 15:30:00+00:00,2.9928,2.9929,2.9841,2.9893,2861564.2
2025-09-20 16:00:00+00:00,2.9893,2.9928,2.9757,2.9776,3293047.8
2025-09-20 16:30:00+00:00,2.9777,2.9925,2.9758,2.9915,1627967.8
2025-09-20 17:00:00+00:00,2.9914,2.9917,2.9814,2.9861,1749244.1
2025-09-20 17:30:00+00:00,2.9861,2.9885,2.9809,2.9824,981365.0
2025-09-20 18:00:00+00:00,2.9824,2.9824,2.971,2.9758,1813927.4
2025-09-20 18:30:00+00:00,2.9757,2.9764,2.971,2.9746,1262645.2
2025-09-20 19:00:00+00:00,2.9746,2.9816,2.9718,2.9791,843391.7
2025-09-20 19:30:00+00:00,2.979,2.9799,2.9716,2.9744,1113475.1
2025-09-20 20:00:00+00:00,2.9745,2.9776,2.97,2.9726,2141097.4
2025-09-20 20:30:00+00:00,2.9727,2.9795,2.9708,2.9709,2290605.2
2025-09-20 21:00:00+00:00,2.9708,2.9816,2.9704,2.9816,1293695.9
2025-09-20 21:30:00+00:00,2.9816,2.9855,2.9791,2.9805,1106604.2
2025-09-20 22:00:00+00:00,2.9804,2.9819,2.9773,2.9798,844974.8
2025-09-20 22:30:00+00:00,2.9798,2.9855,2.9749,2.9821,1106740.1
2025-09-20 23:00:00+00:00,2.9821,2.9824,2.9715,2.9716,1130952.3
2025-09-20 23:30:00+00:00,2.9716,2.9782,2.97,2.975,1140407.8
2025-09-21 00:00:00+00:00,2.975,2.9792,2.9734,2.9747,1109534.3
2025-09-21 00:30:00+00:00,2.9747,2.9917,2.9725,2.9888,2683327.6
2025-09-21 01:00:00+00:00,2.9888,2.9905,2.9856,2.9873,860764.9
2025-09-21 01:30:00+00:00,2.9873,2.9873,2.9777,2.9798,716101.7
2025-09-21 02:00:00+00:00,2.9797,2.9876,2.9761,2.9868,1174958.5
2025-09-21 02:30:00+00:00,2.9869,2.9909,2.9848,2.9902,903549.5
2025-09-21 03:00:00+00:00,2.9903,2.9939,2.9881,2.9925,737864.0
2025-09-21 03:30:00+00:00,2.9926,2.9987,2.9913,2.9976,886788.3
2025-09-21 04:00:00+00:00,2.9977,2.9981,2.9931,2.9962,1349891.6
2025-09-21 04:30:00+00:00,2.9962,3.0068,2.9933,3.0068,1242157.9
2025-09-21 05:00:00+00:00,3.0068,3.013,3.0011,3.0115,1619182.1
2025-09-21 05:30:00+00:00,3.0115,3.0135,3.0042,3.0058,1243558.0
2025-09-21 06:00:00+00:00,3.0058,3.0115,3.0028,3.0045,1026381.5
2025-09-21 06:30:00+00:00,3.0045,3.0046,2.9996,3.0001,937055.1
2025-09-21 07:00:00+00:00,3.0002,3.0066,2.9992,3.004,650163.3
2025-09-21 07:30:00+00:00,3.004,3.0058,2.9953,2.997,1105881.6
2025-09-21 08:00:00+00:00,2.997,3.0005,2.99,2.9907,515212.9
2025-09-21 08:30:00+00:00,2.9908,2.9925,2.9899,2.9909,450510.5
2025-09-21 09:00:00+00:00,2.9909,2.9928,2.9691,2.9705,1282492.7
2025-09-21 09:30:00+00:00,2.9705,2.9805,2.9618,2.9789,2486089.2
2025-09-21 10:00:00+00:00,2.9788,2.9805,2.9726,2.9755,661037.8
2025-09-21 10:30:00+00:00,2.9754,2.9777,2.9679,2.9681,684860.0
2025-09-21 11:00:00+00:00,2.9682,2.9782,2.9669,2.9769,700412.8
2025-09-21 11:30:00+00:00,2.9768,2.9815,2.9738,2.9751,555536.8
2025-09-21 12:00:00+00:00,2.9751,2.9857,2.9731,2.9828,881812.9
2025-09-21 12:30:00+00:00,2.9829,2.9865,2.9775,2.9791,476493.6
2025-09-21 13:00:00+00:00,2.979,2.985,2.9777,2.9844,454153.8
2025-09-21 13:30:00+00:00,2.9845,2.9873,2.9808,2.9863,600092.3
2025-09-21 14:00:00+00:00,2.9863,2.9884,2.9777,2.9781,639433.8
2025-09-21 14:30:00+00:00,2.9781,2.987,2.9745,2.9764,515032.8
2025-09-21 15:00:00+00:00,2.9763,2.9783,2.9726,2.9726,543159.1
2025-09-21 15:30:00+00:00,2.9727,2.9815,2.9696,2.9798,554529.7
2025-09-21 16:00:00+00:00,2.9799,2.9835,2.9689,2.9742,809832.0
2025-09-21 16:30:00+00:00,2.9741,2.9748,2.9618,2.9649,1393882.4
2025-09-21 17:00:00+00:00,2.9649,2.9675,2.9523,2.9575,3278494.2
2025-09-21 17:30:00+00:00,2.9575,2.974,2.9534,2.9738,1068606.5
2025-09-21 18:00:00+00:00,2.9738,2.9813,2.9728,2.9755,605665.6
2025-09-21 18:30:00+00:00,2.9755,2.9854,2.9752,2.9854,661963.0
2025-09-21 19:00:00+00:00,2.9854,2.9856,2.971,2.9824,775149.3
2025-09-21 19:30:00+00:00,2.9824,2.9827,2.9764,2.9818,348815.9
2025-09-21 20:00:00+00:00,2.9817,2.9852,2.9744,2.9845,620671.6
2025-09-21 20:30:00+00:00,2.9845,2.9845,2.9738,2.9753,426251.0
2025-09-21 21:00:00+00:00,2.9754,2.9787,2.9675,2.9683,765600.4
2025-09-21 21:30:00+00:00,2.9682,2.9793,2.9668,2.9746,608126.4
2025-09-21 22:00:00+00:00,2.9746,2.9793,2.9644,2.9734,885570.8
2025-09-21 22:30:00+00:00,2.9733,2.9926,2.971,2.9906,1528247.2
2025-09-21 23:00:00+00:00,2.9906,2.9927,2.9713,2.9738,1142785.5
2025-09-21 23:30:00+00:00,2.9738,2.9765,2.969,2.9701,501058.7
2025-09-22 00:00:00+00:00,2.9701,2.9755,2.9531,2.9549,2087743.8
2025-09-22 00:30:00+00:00,2.9549,2.956,2.8995,2.9165,19880236.9
2025-09-22 01:00:00+00:00,2.9164,2.928,2.9125,2.9248,3970903.7
2025-09-22 01:30:00+00:00,2.9248,2.936,2.9158,2.9175,2547923.8
2025-09-22 02:00:00+00:00,2.9175,2.9228,2.8967,2.9058,4005313.0
2025-09-22 02:30:00+00:00,2.9058,2.9063,2.8769,2.8979,6585839.3
2025-09-22 03:00:00+00:00,2.8979,2.9079,2.8967,2.9054,2404876.2
2025-09-22 03:30:00+00:00,2.9053,2.9054,2.8931,2.9038,1877484.3
2025-09-22 04:00:00+00:00,2.9038,2.9056,2.8946,2.9028,1739888.0
2025-09-22 04:30:00+00:00,2.9028,2.9066,2.8943,2.8944,1004687.8
2025-09-22 05:00:00+00:00,2.8944,2.8958,2.8808,2.8885,2555868.0
2025-09-22 05:30:00+00:00,2.8885,2.8885,2.8454,2.847,6280645.1
2025-09-22 06:00:00+00:00,2.8471,2.8506,2.6975,2.8099,44803221.0
2025-09-22 06:30:00+00:00,2.8098,2.8291,2.8048,2.824,8004119.1
2025-09-22 07:00:00+00:00,2.8239,2.8279,2.8087,2.8161,7260226.0
2025-09-22 07:30:00+00:00,2.8161,2.8239,2.8043,2.806,4587137.0
2025-09-22 08:00:00+00:00,2.806,2.8239,2.7979,2.8106,4315061.4
2025-09-22 08:30:00+00:00,2.8105,2.823,2.8076,2.8128,4541515.8
2025-09-22 09:00:00+00:00,2.8129,2.8189,2.8089,2.8152,3366477.4
2025-09-22 09:30:00+00:00,2.8152,2.8165,2.7974,2.8007,5288256.9
2025-09-22 10:00:00+00:00,2.8008,2.8139,2.7895,2.8117,5881950.7
2025-09-22 10:30:00+00:00,2.8117,2.8187,2.798,2.8161,3936601.8
2025-09-22 11:00:00+00:00,2.816,2.8221,2.8117,2.8176,2928120.6
2025-09-22 11:30:00+00:00,2.8177,2.8197,2.8114,2.8162,2667650.8
2025-09-22 12:00:00+00:00,2.8163,2.8229,2.8041,2.8191,3131057.9
2025-09-22 12:30:00+00:00,2.8191,2.8455,2.815,2.8454,5296978.6
2025-09-22 13:00:00+00:00,2.8454,2.8536,2.8408,2.8531,5812296.4
2025-09-22 13:30:00+00:00,2.8531,2.8583,2.8338,2.8572,5596019.2
2025-09-22 14:00:00+00:00,2.8572,2.8646,2.8492,2.8644,5261151.1
2025-09-22 14:30:00+00:00,2.8643,2.8696,2.8548,2.8605,5766338.8
2025-09-22 15:00:00+00:00,2.8606,2.8746,2.8538,2.8667,6039415.3
2025-09-22 15:30:00+00:00,2.8667,2.8671,2.8491,2.8602,4610245.5
2025-09-22 16:00:00+00:00,2.8602,2.8703,2.8566,2.8609,2972689.6
2025-09-22 16:30:00+00:00,2.8609,2.8618,2.8418,2.8454,2783723.2
2025-09-22 17:00:00+00:00,2.8454,2.867,2.8446,2.8628,4256473.6
2025-09-22 17:30:00+00:00,2.8627,2.8684,2.8518,2.8572,2060662.0
2025-09-22 18:00:00+00:00,2.8572,2.8632,2.8461,2.8521,1746176.5
2025-09-22 18:30:00+00:00,2.852,2.8541,2.8326,2.8335,4054740.8
2025-09-22 19:00:00+00:00,2.8336,2.8377,2.8285,2.8286,2390611.5
2025-09-22 19:30:00+00:00,2.8286,2.8361,2.8157,2.8345,5153594.0
2025-09-22 20:00:00+00:00,2.8344,2.8344,2.8146,2.8317,2045700.0
2025-09-22 20:30:00+00:00,2.8318,2.8437,2.8314,2.8406,1799686.5
2025-09-22 21:00:00+00:00,2.8405,2.8407,2.8296,2.8395,1151107.9
2025-09-22 21:30:00+00:00,2.8395,2.8571,2.8377,2.8554,845580.9
2025-09-22 22:00:00+00:00,2.8554,2.8562,2.8466,2.8494,838292.4
2025-09-22 22:30:00+00:00,2.8494,2.8505,2.8431,2.8461,663446.5
2025-09-22 23:00:00+00:00,2.8461,2.8495,2.8444,2.8472,1062229.1
2025-09-22 23:30:00+00:00,2.8473,2.8526,2.844,2.8526,887227.2
2025-09-23 00:00:00+00:00,2.8525,2.867,2.8471,2.8647,1223530.7
2025-09-23 00:30:00+00:00,2.8647,2.8685,2.8507,2.851,1189950.7
2025-09-23 01:00:00+00:00,2.8509,2.8535,2.8367,2.8476,1688383.0
2025-09-23 01:30:00+00:00,2.8476,2.8482,2.8224,2.8227,1838450.8
2025-09-23 02:00:00+00:00,2.8227,2.8372,2.8175,2.8187,2006425.7
2025-09-23 02:30:00+00:00,2.8186,2.822,2.8066,2.8092,2322245.2
2025-09-23 03:00:00+00:00,2.8091,2.8499,2.7991,2.8481,3487308.9
2025-09-23 03:30:00+00:00,2.8482,2.8725,2.8474,2.8596,4599443.2
2025-09-23 04:00:00+00:00,2.8597,2.8659,2.8442,2.8452,1905017.4
2025-09-23 04:30:00+00:00,2.8452,2.8568,2.8356,2.8561,2160030.6
2025-09-23 05:00:00+00:00,2.856,2.8745,2.8518,2.8707,2551779.9
2025-09-23 05:30:00+00:00,2.8707,2.8753,2.8642,2.8655,2643454.5
2025-09-23 06:00:00+00:00,2.8655,2.875,2.8593,2.8729,2142466.1
2025-09-23 06:30:00+00:00,2.8729,2.8806,2.8645,2.8728,4314698.5
2025-09-23 07:00:00+00:00,2.8728,2.8843,2.8644,2.8713,3153925.6
2025-09-23 07:30:00+00:00,2.8713,2.8743,2.8637,2.8646,1974252.1
2025-09-23 08:00:00+00:00,2.8646,2.87,2.8588,2.8607,2770210.1
2025-09-23 08:30:00+00:00,2.8607,2.8663,2.8561,2.8661,1566185.8
2025-09-23 09:00:00+00:00,2.866,2.8738,2.8544,2.8546,2400183.1
2025-09-23 09:30:00+00:00,2.8545,2.8588,2.8494,2.8579,1746930.3
2025-09-23 10:00:00+00:00,2.8578,2.8651,2.8556,2.8604,1792649.9
2025-09-23 10:30:00+00:00,2.8604,2.8688,2.8577,2.8642,1787623.9
2025-09-23 11:00:00+00:00,2.8642,2.8643,2.857,2.8617,1759781.6
2025-09-23 11:30:00+00:00,2.8618,2.8679,2.8584,2.8584,1021694.7
2025-09-23 12:00:00+00:00,2.8583,2.862,2.8529,2.8575,1327248.1
2025-09-23 12:30:00+00:00,2.8574,2.8719,2.8553,2.865,1956615.4
2025-09-23 13:00:00+00:00,2.8649,2.8651,2.8564,2.8622,1436174.1
2025-09-23 13:30:00+00:00,2.8622,2.8687,2.8541,2.8595,1890786.3
2025-09-23 14:00:00+00:00,2.8596,2.8785,2.8569,2.8638,2038865.6
2025-09-23 14:30:00+00:00,2.8639,2.8693,2.8549,2.864,2162142.2
2025-09-23 15:00:00+00:00,2.8639,2.88,2.8587,2.8754,2756456.5
2025-09-23 15:30:00+00:00,2.8753,2.8839,2.8741,2.8766,1976480.0
2025-09-23 16:00:00+00:00,2.8766,2.8792,2.8637,2.8787,1848739.9
2025-09-23 16:30:00+00:00,2.8787,2.8964,2.8717,2.8863,4076022.5
2025-09-23 17:00:00+00:00,2.8862,2.8872,2.8686,2.8693,1550427.8
2025-09-23 17:30:00+00:00,2.8692,2.875,2.8451,2.8487,4340094.2
2025-09-23 18:00:00+00:00,2.8487,2.8549,2.8411,2.8454,2930474.7
2025-09-23 18:30:00+00:00,2.8453,2.8521,2.8379,2.8457,1776793.7
2025-09-23 19:00:00+00:00,2.8456,2.87,2.8454,2.8653,1759188.0
2025-09-23 19:30:00+00:00,2.8652,2.8659,2.8477,2.8532,2024880.0
2025-09-23 20:00:00+00:00,2.8531,2.8599,2.8384,2.8436,2336454.2
2025-09-23 20:30:00+00:00,2.8437,2.8561,2.8428,2.8551,962008.6
2025-09-23 21:00:00+00:00,2.8551,2.8564,2.8349,2.8471,1221059.7
2025-09-23 21:30:00+00:00,2.847,2.8582,2.8462,2.8483,632762.1
2025-09-23 22:00:00+00:00,2.8483,2.8484,2.8356,2.8366,1016821.3
2025-09-23 22:30:00+00:00,2.8367,2.8449,2.8333,2.8354,716026.2
2025-09-23 23:00:00+00:00,2.8354,2.8367,2.8175,2.82,2523854.2
2025-09-23 23:30:00+00:00,2.82,2.8333,2.8195,2.8247,1085304.7
2025-09-24 00:00:00+00:00,2.8247,2.8423,2.8215,2.8382,1111496.1
2025-09-24 00:30:00+00:00,2.8382,2.8382,2.8274,2.8282,872961.0
2025-09-24 01:00:00+00:00,2.8282,2.8389,2.8247,2.8385,679888.4
2025-09-24 01:30:00+00:00,2.8385,2.8431,2.835,2.8411,874902.1
2025-09-24 02:00:00+00:00,2.8411,2.8417,2.8214,2.8255,1604171.5
2025-09-24 02:30:00+00:00,2.8256,2.833,2.8188,2.829,6598016.2
2025-09-24 03:00:00+00:00,2.829,2.8347,2.8055,2.8128,3434868.5
2025-09-24 03:30:00+00:00,2.8128,2.8216,2.8062,2.814,2947869.9
2025-09-24 04:00:00+00:00,2.8139,2.8254,2.7883,2.8244,7061312.7
2025-09-24 04:30:00+00:00,2.8243,2.8488,2.8243,2.8402,3284163.2
2025-09-24 05:00:00+00:00,2.8402,2.8484,2.8376,2.8444,3201711.7
2025-09-24 05:30:00+00:00,2.8443,2.8609,2.8423,2.8572,1753773.7
2025-09-24 06:00:00+00:00,2.8573,2.8689,2.8537,2.8566,2599620.2
2025-09-24 06:30:00+00:00,2.8566,2.8585,2.8508,2.8559,2229203.6
2025-09-24 07:00:00+00:00,2.856,2.8726,2.8545,2.8644,1772584.5
2025-09-24 07:30:00+00:00,2.8644,2.8774,2.8624,2.8736,1489325.5
2025-09-24 08:00:00+00:00,2.8737,2.8746,2.8671,2.8718,1074648.0
2025-09-24 08:30:00+00:00,2.8718,2.8799,2.8718,2.8746,978243.5
2025-09-24 09:00:00+00:00,2.8747,2.8747,2.8703,2.8729,905353.8
2025-09-24 09:30:00+00:00,2.8729,2.8791,2.8723,2.8733,2184846.7
2025-09-24 10:00:00+00:00,2.8733,2.8752,2.8685,2.8693,2045866.2
2025-09-24 10:30:00+00:00,2.8692,2.874,2.8677,2.8726,990130.0
2025-09-24 11:00:00+00:00,2.8725,2.8842,2.8719,2.8767,1319529.5
2025-09-24 11:30:00+00:00,2.8767,2.882,2.8752,2.8804,1422773.2
2025-09-24 12:00:00+00:00,2.8804,2.8875,2.8784,2.879,1692594.7
2025-09-24 12:30:00+00:00,2.8789,2.8835,2.8751,2.8767,1159080.3
2025-09-24 13:00:00+00:00,2.8767,2.8805,2.8737,2.877,929143.1
2025-09-24 13:30:00+00:00,2.877,2.8868,2.8718,2.8766,1787716.7
2025-09-24 14:00:00+00:00,2.8766,2.8957,2.8766,2.8949,2120119.6
2025-09-24 14:30:00+00:00,2.895,2.9261,2.8941,2.9197,5937813.1
2025-09-24 15:00:00+00:00,2.9197,2.9245,2.9084,2.9238,3480944.5
2025-09-24 15:30:00+00:00,2.9239,2.9511,2.9234,2.9404,4884127.0
2025-09-24 16:00:00+00:00,2.9403,2.9487,2.9289,2.9448,3037751.5
2025-09-24 16:30:00+00:00,2.9449,2.9524,2.9316,2.9462,3483148.4
2025-09-24 17:00:00+00:00,2.9462,2.9493,2.9347,2.9368,2882902.3
2025-09-24 17:30:00+00:00,2.9368,2.956,2.9363,2.944,2770656.8
2025-09-24 18:00:00+00:00,2.944,2.9534,2.9405,2.9529,1933866.9
2025-09-24 18:30:00+00:00,2.9528,2.9557,2.9464,2.9513,2066043.1
2025-09-24 19:00:00+00:00,2.9512,2.9568,2.9481,2.9526,2602588.0
2025-09-24 19:30:00+00:00,2.9525,2.9955,2.9476,2.9773,7969085.6
2025-09-24 20:00:00+00:00,2.9772,2.9796,2.9622,2.9649,3900024.2
2025-09-24 20:30:00+00:00,2.9648,2.9767,2.9517,2.9685,2487439.5
2025-09-24 21:00:00+00:00,2.9686,2.9759,2.9597,2.9638,2212791.5
2025-09-24 21:30:00+00:00,2.9638,2.9657,2.9412,2.9439,3082805.4
2025-09-24 22:00:00+00:00,2.9439,2.96,2.943,2.9446,2515531.6
2025-09-24 22:30:00+00:00,2.9445,2.9505,2.9366,2.942,3186832.6
2025-09-24 23:00:00+00:00,2.9421,2.9479,2.929,2.9291,3409380.4
2025-09-24 23:30:00+00:00,2.9291,2.9325,2.9234,2.9257,3447586.1
2025-09-25 00:00:00+00:00,2.9257,2.9446,2.9215,2.922,3467281.8
2025-09-25 00:30:00+00:00,2.9219,2.932,2.9116,2.9142,3173642.5
2025-09-25 01:00:00+00:00,2.9142,2.9192,2.9042,2.9095,2422521.6
2025-09-25 01:30:00+00:00,2.9095,2.9095,2.8905,2.896,2795508.9
2025-09-25 02:00:00+00:00,2.896,2.9104,2.8883,2.8977,2834808.5
2025-09-25 02:30:00+00:00,2.8977,2.9175,2.8972,2.9047,3008167.6
2025-09-25 03:00:00+00:00,2.9047,2.9048,2.8756,2.8772,2105252.8
2025-09-25 03:30:00+00:00,2.8772,2.8803,2.87,2.873,4070551.8
2025-09-25 04:00:00+00:00,2.873,2.8785,2.8385,2.8531,6976703.1
2025-09-25 04:30:00+00:00,2.8531,2.8572,2.8324,2.845,7462285.6
2025-09-25 05:00:00+00:00,2.845,2.8633,2.8352,2.8617,5016708.9
2025-09-25 05:30:00+00:00,2.8616,2.8665,2.8543,2.8653,2090995.2
2025-09-25 06:00:00+00:00,2.8652,2.8654,2.8445,2.851,3288521.6
2025-09-25 06:30:00+00:00,2.8511,2.8615,2.8442,2.8459,1842204.4
2025-09-25 07:00:00+00:00,2.8459,2.858,2.8388,2.853,2182430.3
2025-09-25 07:30:00+00:00,2.8531,2.8549,2.8386,2.8424,1365999.1
2025-09-25 08:00:00+00:00,2.8424,2.8549,2.8394,2.8512,2675456.3
2025-09-25 08:30:00+00:00,2.8511,2.8512,2.8267,2.8319,3740228.3
2025-09-25 09:00:00+00:00,2.8319,2.8478,2.8294,2.8416,2345990.9
2025-09-25 09:30:00+00:00,2.8415,2.8439,2.8247,2.8276,3442929.5
2025-09-25 10:00:00+00:00,2.8276,2.838,2.8244,2.8314,1724291.8
2025-09-25 10:30:00+00:00,2.8313,2.8317,2.8176,2.8177,2338944.0
2025-09-25 11:00:00+00:00,2.8177,2.8233,2.8074,2.8123,3930848.0
2025-09-25 11:30:00+00:00,2.8123,2.8173,2.8102,2.8154,2062448.4
2025-09-25 12:00:00+00:00,2.8154,2.8244,2.794,2.795,4901742.3
2025-09-25 12:30:00+00:00,2.7944,2.8416,2.7852,2.8278,9928563.3
2025-09-25 13:00:00+00:00,2.8277,2.8576,2.8068,2.8497,7572081.6
2025-09-25 13:30:00+00:00,2.8496,2.852,2.8232,2.8267,4123496.0
2025-09-25 14:00:00+00:00,2.8267,2.8607,2.8267,2.8499,4665607.0
2025-09-25 14:30:00+00:00,2.8498,2.8571,2.838,2.8387,2972835.1
2025-09-25 15:00:00+00:00,2.8386,2.8404,2.8234,2.8268,3545745.1
2025-09-25 15:30:00+00:00,2.8268,2.8365,2.8202,2.8312,2080225.4
2025-09-25 16:00:00+00:00,2.8312,2.8377,2.8036,2.8052,3369642.8
2025-09-25 16:30:00+00:00,2.8053,2.8138,2.7873,2.7914,4933148.4
2025-09-25 17:00:00+00:00,2.7914,2.7939,2.7534,2.7705,12015064.3
2025-09-25 17:30:00+00:00,2.7704,2.7743,2.7244,2.7368,13485184.7
2025-09-25 18:00:00+00:00,2.7368,2.7837,2.7336,2.7808,7255240.4
2025-09-25 18:30:00+00:00,2.7808,2.8004,2.773,2.8003,5340082.7
2025-09-25 19:00:00+00:00,2.8004,2.8139,2.795,2.8092,3087942.7
2025-09-25 19:30:00+00:00,2.8092,2.8115,2.7473,2.7606,6426517.9
2025-09-25 20:00:00+00:00,2.7607,2.7721,2.7561,2.7596,3004570.4
2025-09-25 20:30:00+00:00,2.7596,2.7621,2.746,2.7479,3043568.0
2025-09-25 21:00:00+00:00,2.748,2.7646,2.7463,2.7519,2734479.4
2025-09-25 21:30:00+00:00,2.7519,2.76,2.7338,2.7573,3104840.9
2025-09-25 22:00:00+00:00,2.7572,2.7685,2.7493,2.7538,2171732.8
2025-09-25 22:30:00+00:00,2.7539,2.7574,2.7449,2.7546,2097245.5
2025-09-25 23:00:00+00:00,2.7546,2.7649,2.7502,2.7543,2479581.0
2025-09-25 23:30:00+00:00,2.7542,2.7543,2.7321,2.7435,5717318.3
2025-09-26 00:00:00+00:00,2.7435,2.7652,2.7424,2.7613,3115957.9
2025-09-26 00:30:00+00:00,2.7613,2.7726,2.7387,2.7682,2502199.7
2025-09-26 01:00:00+00:00,2.7683,2.7774,2.7577,2.7673,2831568.7
2025-09-26 01:30:00+00:00,2.7673,2.7732,2.7619,2.7676,2083524.5
2025-09-26 02:00:00+00:00,2.7675,2.7787,2.7532,2.7545,2399893.8
2025-09-26 02:30:00+00:00,2.7545,2.7665,2.7495,2.7589,1713498.1
2025-09-26 03:00:00+00:00,2.7589,2.7636,2.744,2.7539,1610738.7
2025-09-26 03:30:00+00:00,2.7539,2.7629,2.7464,2.7611,1407739.7
2025-09-26 04:00:00+00:00,2.7611,2.7659,2.7537,2.7611,1054250.5
2025-09-26 04:30:00+00:00,2.7611,2.7639,2.754,2.7633,908997.3
2025-09-26 05:00:00+00:00,2.7633,2.7754,2.7604,2.7739,1606639.3
2025-09-26 05:30:00+00:00,2.7738,2.7739,2.7506,2.7529,1820523.0
2025-09-26 06:00:00+00:00,2.753,2.7716,2.7379,2.7637,4450255.8
2025-09-26 06:30:00+00:00,2.7637,2.7705,2.752,2.7554,3467718.9
2025-09-26 07:00:00+00:00,2.7553,2.7676,2.7551,2.7575,3407702.4
2025-09-26 07:30:00+00:00,2.7574,2.774,2.738,2.7551,9647604.1
2025-09-26 08:00:00+00:00,2.7551,2.7687,2.755,2.7619,1458283.0
2025-09-26 08:30:00+00:00,2.7619,2.7671,2.7567,2.759,1527105.3
2025-09-26 09:00:00+00:00,2.7589,2.7663,2.7536,2.7623,2160176.1
2025-09-26 09:30:00+00:00,2.7623,2.7638,2.7205,2.7488,4826267.9
2025-09-26 10:00:00+00:00,2.7488,2.7489,2.7234,2.728,5278237.4
2025-09-26 10:30:00+00:00,2.7279,2.7304,2.7095,2.7098,5661180.6
2025-09-26 11:00:00+00:00,2.7098,2.7139,2.6984,2.7069,10339919.2
2025-09-26 11:30:00+00:00,2.707,2.7331,2.7067,2.7277,3071428.3
2025-09-26 12:00:00+00:00,2.7277,2.7328,2.7062,2.7302,2505714.3
2025-09-26 12:30:00+00:00,2.7302,2.7766,2.719,2.7535,12522504.0
2025-09-26 13:00:00+00:00,2.7536,2.7568,2.7353,2.7392,2880511.7
2025-09-26 13:30:00+00:00,2.7392,2.7684,2.7326,2.7614,5183516.5
2025-09-26 14:00:00+00:00,2.7613,2.7636,2.7185,2.7249,4021950.5
2025-09-26 14:30:00+00:00,2.7248,2.7248,2.7004,2.7077,5562056.9
2025-09-26 15:00:00+00:00,2.7078,2.7438,2.7061,2.7436,3790765.6
2025-09-26 15:30:00+00:00,2.7435,2.7482,2.7307,2.7353,3929577.6
2025-09-26 16:00:00+00:00,2.7353,2.7618,2.7319,2.7509,3684001.0
2025-09-26 16:30:00+00:00,2.7508,2.7661,2.7472,2.763,2465545.2
2025-09-26 17:00:00+00:00,2.7631,2.7919,2.7627,2.7901,4466861.1
2025-09-26 17:30:00+00:00,2.79,2.7973,2.7839,2.7934,4484112.3
2025-09-26 18:00:00+00:00,2.7933,2.8089,2.7906,2.8077,3510034.3
2025-09-26 18:30:00+00:00,2.8077,2.809,2.7959,2.8029,2405914.9
2025-09-26 19:00:00+00:00,2.8028,2.8059,2.7878,2.7883,3542162.2
2025-09-26 19:30:00+00:00,2.7883,2.7999,2.7723,2.7918,5119894.9
2025-09-26 20:00:00+00:00,2.7918,2.7974,2.7825,2.7855,2575623.8
2025-09-26 20:30:00+00:00,2.7854,2.7879,2.7769,2.7781,1968818.8
2025-09-26 21:00:00+00:00,2.778,2.7883,2.7698,2.7871,4749457.2
2025-09-26 21:30:00+00:00,2.7872,2.789,2.776,2.7862,1396988.7
2025-09-26 22:00:00+00:00,2.7863,2.793,2.7811,2.7853,1286476.2
2025-09-26 22:30:00+00:00,2.7853,2.7898,2.7818,2.7821,716646.8
2025-09-26 23:00:00+00:00,2.7822,2.7835,2.7752,2.7829,793831.5
2025-09-26 23:30:00+00:00,2.7828,2.7887,2.7826,2.7835,886928.5
2025-09-27 00:00:00+00:00,2.7836,2.7836,2.7758,2.7808,821757.4
2025-09-27 00:30:00+00:00,2.7807,2.7835,2.7727,2.7803,1027517.0
2025-09-27 01:00:00+00:00,2.7803,2.7826,2.7676,2.7704,1100408.8
2025-09-27 01:30:00+00:00,2.7705,2.7735,2.7675,2.7728,737319.9
2025-09-27 02:00:00+00:00,2.7729,2.7765,2.7697,2.7732,994153.3
2025-09-27 02:30:00+00:00,2.7731,2.7844,2.7712,2.7777,657948.8
2025-09-27 03:00:00+00:00,2.7777,2.7894,2.7767,2.7884,767159.2
2025-09-27 03:30:00+00:00,2.7884,2.79,2.783,2.7836,851712.4
2025-09-27 04:00:00+00:00,2.7835,2.787,2.7795,2.7869,1008521.0
2025-09-27 04:30:00+00:00,2.7869,2.79,2.7829,2.7835,622677.0
2025-09-27 05:00:00+00:00,2.7834,2.7834,2.7757,2.7805,461677.4
2025-09-27 05:30:00+00:00,2.7805,2.7913,2.7798,2.7902,646999.5
2025-09-27 06:00:00+00:00,2.7902,2.7912,2.7862,2.7895,859002.7
2025-09-27 06:30:00+00:00,2.7896,2.797,2.789,2.7969,742278.9
2025-09-27 07:00:00+00:00,2.797,2.8016,2.7895,2.7897,1057920.7
2025-09-27 07:30:00+00:00,2.7898,2.79,2.7791,2.781,1352623.7
2025-09-27 08:00:00+00:00,2.7809,2.7814,2.7694,2.7758,1298392.9
2025-09-27 08:30:00+00:00,2.7757,2.7775,2.768,2.7696,782335.0
2025-09-27 09:00:00+00:00,2.7696,2.7745,2.7619,2.7731,1102270.0
2025-09-27 09:30:00+00:00,2.7731,2.7834,2.773,2.7814,972023.9
2025-09-27 10:00:00+00:00,2.7813,2.7853,2.7781,2.78,453999.0
2025-09-27 10:30:00+00:00,2.78,2.7939,2.78,2.7881,936620.5
2025-09-27 11:00:00+00:00,2.788,2.7889,2.781,2.7823,597101.5
2025-09-27 11:30:00+00:00,2.7823,2.7824,2.7753,2.777,436056.9
2025-09-27 12:00:00+00:00,2.777,2.7785,2.7735,2.7773,760621.6
2025-09-27 12:30:00+00:00,2.7773,2.789,2.7766,2.7844,837752.6
2025-09-27 13:00:00+00:00,2.7844,2.7871,2.7809,2.7842,1533255.7
2025-09-27 13:30:00+00:00,2.7842,2.7855,2.7802,2.7816,1032791.6
2025-09-27 14:00:00+00:00,2.7817,2.7862,2.78,2.7828,481434.9
2025-09-27 14:30:00+00:00,2.7829,2.7849,2.7801,2.7824,344881.8
2025-09-27 15:00:00+00:00,2.7825,2.7825,2.7727,2.777,941169.8
2025-09-27 15:30:00+00:00,2.7769,2.785,2.774,2.7842,463013.4
2025-09-27 16:00:00+00:00,2.7842,2.7849,2.7777,2.7831,631535.1
2025-09-27 16:30:00+00:00,2.783,2.7853,2.7747,2.7765,474986.5
2025-09-27 17:00:00+00:00,2.7765,2.7774,2.7628,2.7692,1418724.3
2025-09-27 17:30:00+00:00,2.7691,2.7849,2.7678,2.7838,871741.2
2025-09-27 18:00:00+00:00,2.7838,2.7867,2.7818,2.7865,1124573.0
2025-09-27 18:30:00+00:00,2.7866,2.7902,2.7866,2.7902,1397709.2
2025-09-27 19:00:00+00:00,2.7902,2.7948,2.7871,2.794,1584015.9
2025-09-27 19:30:00+00:00,2.7939,2.7949,2.7874,2.79,452627.3
2025-09-27 20:00:00+00:00,2.7899,2.7977,2.7877,2.7976,473843.9
2025-09-27 20:30:00+00:00,2.7977,2.7984,2.7943,2.7976,678256.7
2025-09-27 21:00:00+00:00,2.7976,2.7988,2.7874,2.7909,1234824.9
2025-09-27 21:30:00+00:00,2.7909,2.799,2.7905,2.7981,508713.1
2025-09-27 22:00:00+00:00,2.798,2.8091,2.7972,2.8091,1630768.6
2025-09-27 22:30:00+00:00,2.8091,2.8287,2.8086,2.8188,3510795.6
2025-09-27 23:00:00+00:00,2.8189,2.8263,2.8068,2.8085,1337363.9
2025-09-27 23:30:00+00:00,2.8086,2.8128,2.8039,2.8047,689928.2
2025-09-28 00:00:00+00:00,2.8047,2.8146,2.7917,2.8127,5893092.3
2025-09-28 00:30:00+00:00,2.8126,2.8146,2.7866,2.8004,7131513.3
2025-09-28 01:00:00+00:00,2.8005,2.8028,2.7931,2.7951,1037228.1
2025-09-28 01:30:00+00:00,2.795,2.7971,2.7852,2.7885,925225.1
2025-09-28 02:00:00+00:00,2.7885,2.7925,2.7858,2.7909,457275.1
2025-09-28 02:30:00+00:00,2.7909,2.7942,2.7806,2.7867,533289.6
2025-09-28 03:00:00+00:00,2.7868,2.7916,2.7819,2.7826,590653.5
2025-09-28 03:30:00+00:00,2.7827,2.7848,2.7771,2.7826,596646.6
2025-09-28 04:00:00+00:00,2.7827,2.7859,2.7789,2.7807,472656.7
2025-09-28 04:30:00+00:00,2.7806,2.7896,2.78,2.7889,357939.3
2025-09-28 05:00:00+00:00,2.7888,2.7947,2.7808,2.7877,686718.6
2025-09-28 05:30:00+00:00,2.7877,2.7911,2.7812,2.7812,390354.5
2025-09-28 06:00:00+00:00,2.7812,2.7857,2.7747,2.7765,976766.4
2025-09-28 06:30:00+00:00,2.7766,2.7899,2.775,2.7894,919197.5
2025-09-28 07:00:00+00:00,2.7895,2.79,2.7828,2.7855,568952.7
2025-09-28 07:30:00+00:00,2.7854,2.789,2.7832,2.7874,516677.6
2025-09-28 08:00:00+00:00,2.7874,2.7945,2.786,2.79,1144115.1
2025-09-28 08:30:00+00:00,2.79,2.7944,2.7812,2.7867,1577163.2
2025-09-28 09:00:00+00:00,2.7867,2.7904,2.7731,2.779,921189.8
2025-09-28 09:30:00+00:00,2.7789,2.7835,2.7775,2.7776,724193.6
2025-09-28 10:00:00+00:00,2.7775,2.7781,2.7711,2.7779,1022648.2
2025-09-28 10:30:00+00:00,2.7778,2.7855,2.7778,2.7811,596271.6
2025-09-28 11:00:00+00:00,2.7811,2.7812,2.7701,2.7726,1076851.1
2025-09-28 11:30:00+00:00,2.7726,2.7778,2.7718,2.7764,694401.3
2025-09-28 12:00:00+00:00,2.7764,2.7771,2.7676,2.7751,1129692.2
2025-09-28 12:30:00+00:00,2.7752,2.7753,2.7661,2.7699,1150400.9
2025-09-28 13:00:00+00:00,2.7699,2.783,2.7668,2.7807,1120191.2
2025-09-28 13:30:00+00:00,2.7807,2.7901,2.778,2.786,987016.2
2025-09-28 14:00:00+00:00,2.7859,2.789,2.779,2.789,591718.4
2025-09-28 14:30:00+00:00,2.7889,2.7968,2.786,2.7966,855485.9
2025-09-28 15:00:00+00:00,2.7966,2.8138,2.793,2.806,1962840.8
2025-09-28 15:30:00+00:00,2.8061,2.8117,2.8029,2.8107,1144913.2
2025-09-28 16:00:00+00:00,2.8106,2.8198,2.8048,2.8093,2197428.2
2025-09-28 16:30:00+00:00,2.8094,2.8337,2.8072,2.8316,3589971.7
2025-09-28 17:00:00+00:00,2.8316,2.8346,2.8206,2.8272,2299619.0
2025-09-28 17:30:00+00:00,2.8273,2.8324,2.8228,2.8238,1054109.1
2025-09-28 18:00:00+00:00,2.8238,2.8269,2.8163,2.821,879797.5
2025-09-28 18:30:00+00:00,2.8211,2.831,2.821,2.8304,1018451.6
2025-09-28 19:00:00+00:00,2.8304,2.833,2.8221,2.8312,884418.6
2025-09-28 19:30:00+00:00,2.8311,2.8313,2.8258,2.8277,489247.0
2025-09-28 20:00:00+00:00,2.8276,2.8357,2.8266,2.8341,588928.0
2025-09-28 20:30:00+00:00,2.8342,2.8476,2.8342,2.8433,2006871.7
2025-09-28 21:00:00+00:00,2.8433,2.8509,2.8401,2.8422,1881693.6
2025-09-28 21:30:00+00:00,2.8422,2.8434,2.8322,2.8395,1857113.1
2025-09-28 22:00:00+00:00,2.8395,2.862,2.8391,2.8548,4110943.8
2025-09-28 22:30:00+00:00,2.8549,2.8637,2.8548,2.8581,1632352.4
2025-09-28 23:00:00+00:00,2.858,2.867,2.858,2.8615,1316286.5
2025-09-28 23:30:00+00:00,2.8616,2.8675,2.8589,2.8674,1292998.6
2025-09-29 00:00:00+00:00,2.8675,2.868,2.8529,2.8602,2030947.1
2025-09-29 00:30:00+00:00,2.8603,2.8641,2.8538,2.8625,1114946.8
2025-09-29 01:00:00+00:00,2.8625,2.8672,2.8573,2.8595,1136244.5
2025-09-29 01:30:00+00:00,2.8595,2.8669,2.856,2.8567,1093222.2
2025-09-29 02:00:00+00:00,2.8568,2.8805,2.8482,2.8717,6612307.3
2025-09-29 02:30:00+00:00,2.8717,2.8848,2.8691,2.875,4277710.3
2025-09-29 03:00:00+00:00,2.8751,2.8758,2.8569,2.8631,3359968.6
2025-09-29 03:30:00+00:00,2.8631,2.865,2.8567,2.8634,1218067.5
2025-09-29 04:00:00+00:00,2.8635,2.8646,2.8527,2.8535,1182759.6
2025-09-29 04:30:00+00:00,2.8536,2.8654,2.8521,2.8604,2133123.0
2025-09-29 05:00:00+00:00,2.8604,2.8618,2.8508,2.8546,1306206.9
2025-09-29 05:30:00+00:00,2.8545,2.8609,2.8517,2.8593,1070521.3
2025-09-29 06:00:00+00:00,2.8592,2.8608,2.8454,2.8542,2528609.0
2025-09-29 06:30:00+00:00,2.8543,2.8703,2.8526,2.8682,2008744.9
2025-09-29 07:00:00+00:00,2.8683,2.8944,2.8646,2.8916,2638243.9
2025-09-29 07:30:00+00:00,2.8916,2.9054,2.884,2.8869,5166189.5
2025-09-29 08:00:00+00:00,2.8868,2.8926,2.8825,2.8893,2534041.6
2025-09-29 08:30:00+00:00,2.8893,2.8919,2.8836,2.8837,1174151.4
2025-09-29 09:00:00+00:00,2.8836,2.8843,2.8718,2.8747,1429116.6
2025-09-29 09:30:00+00:00,2.8748,2.8766,2.8676,2.8702,842297.7
2025-09-29 10:00:00+00:00,2.8703,2.8707,2.8614,2.865,1374478.3
2025-09-29 10:30:00+00:00,2.865,2.8674,2.8559,2.8607,1390833.1
2025-09-29 11:00:00+00:00,2.8607,2.8654,2.8528,2.8613,1340118.1
2025-09-29 11:30:00+00:00,2.8614,2.8637,2.8545,2.8551,1092158.6
2025-09-29 12:00:00+00:00,2.8551,2.8646,2.85,2.8639,1805585.8
2025-09-29 12:30:00+00:00,2.8639,2.8688,2.8464,2.8495,1952873.1
2025-09-29 13:00:00+00:00,2.8494,2.8564,2.8455,2.8506,1257079.8
2025-09-29 13:30:00+00:00,2.8506,2.886,2.8483,2.8804,5559778.5
2025-09-29 14:00:00+00:00,2.8804,2.9289,2.8787,2.9034,9422066.0
2025-09-29 14:30:00+00:00,2.9034,2.9152,2.8976,2.908,2999641.4
2025-09-29 15:00:00+00:00,2.908,2.9112,2.8861,2.8904,2788607.1
2025-09-29 15:30:00+00:00,2.8904,2.8974,2.8836,2.894,1877290.7
2025-09-29 16:00:00+00:00,2.8939,2.8975,2.8845,2.8854,1428202.9
2025-09-29 16:30:00+00:00,2.8854,2.9007,2.877,2.8795,3192438.0
2025-09-29 17:00:00+00:00,2.8795,2.8818,2.8657,2.8792,2995271.0
2025-09-29 17:30:00+00:00,2.8791,2.887,2.8724,2.8823,2286961.5
2025-09-29 18:00:00+00:00,2.8823,2.883,2.8664,2.8744,1185598.7
2025-09-29 18:30:00+00:00,2.8745,2.8763,2.8684,2.8763,1412551.4
2025-09-29 19:00:00+00:00,2.8764,2.8844,2.8716,2.8811,2903278.5
2025-09-29 19:30:00+00:00,2.8811,2.9033,2.8771,2.8977,6389997.3
2025-09-29 20:00:00+00:00,2.8977,2.9047,2.8896,2.9032,3848108.6
2025-09-29 20:30:00+00:00,2.9032,2.915,2.9028,2.9056,3089728.2
2025-09-29 21:00:00+00:00,2.9057,2.9084,2.8937,2.9019,2062971.8
2025-09-29 21:30:00+00:00,2.9019,2.9023,2.8908,2.8939,1314113.4
2025-09-29 22:00:00+00:00,2.894,2.897,2.8838,2.8868,2704724.4
2025-09-29 22:30:00+00:00,2.8868,2.8916,2.8836,2.8871,1219671.4
2025-09-29 23:00:00+00:00,2.887,2.8907,2.88,2.884,1506549.9
2025-09-29 23:30:00+00:00,2.8839,2.8868,2.8787,2.8801,1215278.1
2025-09-30 00:00:00+00:00,2.8801,2.8889,2.8755,2.8773,1792000.3
2025-09-30 00:30:00+00:00,2.8773,2.8912,2.8731,2.8748,2251718.3
2025-09-30 01:00:00+00:00,2.8748,2.8926,2.8725,2.8827,1760815.5
2025-09-30 01:30:00+00:00,2.8826,2.883,2.8681,2.8814,1915077.9
2025-09-30 02:00:00+00:00,2.8814,2.8852,2.8753,2.8852,1175244.7
2025-09-30 02:30:00+00:00,2.8852,2.8891,2.8788,2.8811,1196673.7
2025-09-30 03:00:00+00:00,2.8812,2.8851,2.8728,2.8765,1088324.8
2025-09-30 03:30:00+00:00,2.8764,2.8815,2.8735,2.876,799775.3
2025-09-30 04:00:00+00:00,2.8759,2.8795,2.8737,2.8784,946471.0
2025-09-30 04:30:00+00:00,2.8784,2.8826,2.8758,2.881,811645.8
2025-09-30 05:00:00+00:00,2.8809,2.8943,2.8787,2.8934,1453259.5
2025-09-30 05:30:00+00:00,2.8933,2.9021,2.8881,2.8937,2245332.2
2025-09-30 06:00:00+00:00,2.8936,2.9041,2.8879,2.9038,2026075.1
2025-09-30 06:30:00+00:00,2.9039,2.9077,2.8976,2.8987,1524560.8
2025-09-30 07:00:00+00:00,2.8988,2.9001,2.8901,2.8937,1167049.6
2025-09-30 07:30:00+00:00,2.8936,2.8937,2.872,2.874,2067430.8
2025-09-30 08:00:00+00:00,2.874,2.8753,2.8637,2.8644,1690348.2
2025-09-30 08:30:00+00:00,2.8645,2.8656,2.853,2.8551,1896762.3
2025-09-30 09:00:00+00:00,2.8551,2.8584,2.8482,2.8581,2439748.3
2025-09-30 09:30:00+00:00,2.8582,2.8601,2.8371,2.8392,2320412.7
2025-09-30 10:00:00+00:00,2.8391,2.8481,2.8356,2.8466,2150493.9
2025-09-30 10:30:00+00:00,2.8467,2.8467,2.8394,2.8403,2129611.0
2025-09-30 11:00:00+00:00,2.8403,2.8443,2.8341,2.8422,1603429.3
2025-09-30 11:30:00+00:00,2.8421,2.8505,2.841,2.8468,979516.4
2025-09-30 12:00:00+00:00,2.8468,2.8544,2.8441,2.8534,980530.6
2025-09-30 12:30:00+00:00,2.8534,2.8559,2.848,2.8491,951234.8
2025-09-30 13:00:00+00:00,2.8491,2.8597,2.845,2.8534,1316607.7
2025-09-30 13:30:00+00:00,2.8534,2.8629,2.8378,2.8455,3744121.2
2025-09-30 14:00:00+00:00,2.8455,2.8496,2.8295,2.8362,2460786.1
2025-09-30 14:30:00+00:00,2.8363,2.85,2.8329,2.8477,1458940.7
2025-09-30 15:00:00+00:00,2.8478,2.8481,2.8132,2.8196,4504759.9
2025-09-30 15:30:00+00:00,2.8195,2.8295,2.8158,2.8279,3413060.1
2025-09-30 16:00:00+00:00,2.8279,2.838,2.8215,2.833,2920499.7
2025-09-30 16:30:00+00:00,2.833,2.8358,2.8174,2.8244,2553236.5
2025-09-30 17:00:00+00:00,2.8244,2.8312,2.8177,2.8203,4795144.9
2025-09-30 17:30:00+00:00,2.8203,2.8406,2.8176,2.8281,3860089.8
2025-09-30 18:00:00+00:00,2.828,2.8425,2.8212,2.8401,2659549.3
2025-09-30 18:30:00+00:00,2.8401,2.8422,2.8315,2.8397,2116077.5
2025-09-30 19:00:00+00:00,2.8398,2.8506,2.8386,2.8504,3040691.6
2025-09-30 19:30:00+00:00,2.8504,2.8708,2.85,2.8637,3419562.6
2025-09-30 20:00:00+00:00,2.8638,2.8705,2.8584,2.8698,3007503.7
2025-09-30 20:30:00+00:00,2.8698,2.8739,2.8633,2.8721,1413594.7
2025-09-30 21:00:00+00:00,2.8721,2.8792,2.8617,2.8641,3781407.6
2025-09-30 21:30:00+00:00,2.864,2.8647,2.8513,2.8527,2601659.3
2025-09-30 22:00:00+00:00,2.8527,2.8641,2.8519,2.8524,1805861.3
2025-09-30 22:30:00+00:00,2.8525,2.8542,2.8386,2.8417,1739149.9
2025-09-30 23:00:00+00:00,2.8417,2.8434,2.8339,2.8389,1276895.0
2025-09-30 23:30:00+00:00,2.839,2.8484,2.8388,2.8468,1139677.8
2025-10-01 00:00:00+00:00,2.8468,2.852,2.8378,2.8383,1020209.7
2025-10-01 00:30:00+00:00,2.8382,2.8399,2.8276,2.8383,1541150.0
2025-10-01 01:00:00+00:00,2.8383,2.8469,2.8357,2.8456,1438236.1
2025-10-01 01:30:00+00:00,2.8456,2.8597,2.8362,2.8582,1712910.5
2025-10-01 02:00:00+00:00,2.8581,2.8586,2.8473,2.8483,988871.2
2025-10-01 02:30:00+00:00,2.8484,2.8484,2.84,2.8419,921695.2
2025-10-01 03:00:00+00:00,2.8419,2.8426,2.825,2.8266,1626317.7
2025-10-01 03:30:00+00:00,2.8266,2.8301,2.8141,2.819,1650580.3
2025-10-01 04:00:00+00:00,2.8191,2.8396,2.8163,2.838,2664126.9
2025-10-01 04:30:00+00:00,2.838,2.8456,2.8342,2.8362,2160124.0
2025-10-01 05:00:00+00:00,2.8363,2.8541,2.8347,2.8443,2380657.3
2025-10-01 05:30:00+00:00,2.8442,2.851,2.8418,2.8457,1648513.0
2025-10-01 06:00:00+00:00,2.8456,2.8497,2.8346,2.8402,2128551.0
2025-10-01 06:30:00+00:00,2.8401,2.8457,2.8309,2.8321,1869769.4
2025-10-01 07:00:00+00:00,2.832,2.845,2.831,2.8439,1591000.7
2025-10-01 07:30:00+00:00,2.8439,2.8574,2.8433,2.854,2987166.0
2025-10-01 08:00:00+00:00,2.8539,2.8723,2.8517,2.8716,3634593.2
2025-10-01 08:30:00+00:00,2.8716,2.9219,2.8715,2.9169,11911700.2
2025-10-01 09:00:00+00:00,2.9169,2.9307,2.9074,2.9286,9730587.4
2025-10-01 09:30:00+00:00,2.9287,2.952,2.9238,2.9412,7533529.1
2025-10-01 10:00:00+00:00,2.9412,2.9419,2.9193,2.9273,6846334.7
2025-10-01 10:30:00+00:00,2.9272,2.9403,2.9252,2.9299,2664994.2
2025-10-01 11:00:00+00:00,2.9298,2.9428,2.9295,2.9386,2344952.5
2025-10-01 11:30:00+00:00,2.9387,2.9458,2.9357,2.9439,2255901.9
2025-10-01 12:00:00+00:00,2.9439,2.9454,2.9269,2.9399,4215258.0
2025-10-01 12:30:00+00:00,2.94,2.9435,2.9324,2.9363,3587261.2
2025-10-01 13:00:00+00:00,2.9363,2.955,2.9363,2.9453,6042453.9
2025-10-01 13:30:00+00:00,2.9454,2.9499,2.9336,2.9384,4426501.7
2025-10-01 14:00:00+00:00,2.9384,2.9496,2.9315,2.9454,3008722.3
2025-10-01 14:30:00+00:00,2.9454,2.9582,2.9362,2.9428,4689279.5
2025-10-01 15:00:00+00:00,2.9429,2.9463,2.9332,2.9438,2108180.8
2025-10-01 15:30:00+00:00,2.9439,2.9465,2.9356,2.9419,2429422.5
2025-10-01 16:00:00+00:00,2.9419,2.9472,2.9348,2.9458,2840200.4
2025-10-01 16:30:00+00:00,2.9458,2.9496,2.935,2.9378,2375818.8
2025-10-01 17:00:00+00:00,2.9379,2.9446,2.934,2.942,2183627.1
2025-10-01 17:30:00+00:00,2.9421,2.943,2.9195,2.9202,3421218.7
2025-10-01 18:00:00+00:00,2.9202,2.9299,2.9201,2.9298,1432888.0
2025-10-01 18:30:00+00:00,2.9299,2.9422,2.9299,2.936,1604627.8
2025-10-01 19:00:00+00:00,2.936,2.9505,2.9351,2.9504,1798921.1
2025-10-01 19:30:00+00:00,2.9505,2.9616,2.948,2.9549,2684202.7
2025-10-01 20:00:00+00:00,2.9549,2.9555,2.9409,2.9475,2101573.5
2025-10-01 20:30:00+00:00,2.9475,2.9476,2.9382,2.9472,669000.1
2025-10-01 21:00:00+00:00,2.9472,2.9476,2.9286,2.9357,2087296.7
2025-10-01 21:30:00+00:00,2.9356,2.9357,2.9261,2.9286,1283940.2
2025-10-01 22:00:00+00:00,2.9286,2.9399,2.9279,2.9299,1657654.8
2025-10-01 22:30:00+00:00,2.9299,2.9388,2.9273,2.9303,1374762.9
2025-10-01 23:00:00+00:00,2.9303,2.9449,2.9281,2.9399,1521444.4
2025-10-01 23:30:00+00:00,2.94,2.9512,2.9397,2.9485,1465679.5
2025-10-02 00:00:00+00:00,2.9485,2.9623,2.9443,2.954,3712623.2
2025-10-02 00:30:00+00:00,2.9539,2.9539,2.9403,2.9429,1720469.2
2025-10-02 01:00:00+00:00,2.943,2.9678,2.9418,2.9604,1862615.6
2025-10-02 01:30:00+00:00,2.9604,2.9756,2.9588,2.9701,2130085.8
2025-10-02 02:00:00+00:00,2.9701,2.9743,2.9602,2.9665,1863337.8
2025-10-02 02:30:00+00:00,2.9665,2.9811,2.9644,2.9765,2720891.2
2025-10-02 03:00:00+00:00,2.9764,2.9835,2.9752,2.9834,2477739.3
2025-10-02 03:30:00+00:00,2.9834,2.9877,2.9665,2.9723,2292122.3
2025-10-02 04:00:00+00:00,2.9723,2.9796,2.9571,2.9576,2579129.6
2025-10-02 04:30:00+00:00,2.9575,2.968,2.9538,2.9676,1603120.3
2025-10-02 05:00:00+00:00,2.9675,2.9807,2.9579,2.9755,2624397.3
2025-10-02 05:30:00+00:00,2.9754,2.9773,2.962,2.9648,3553967.4
2025-10-02 06:00:00+00:00,2.9649,2.972,2.9628,2.9688,1918041.1
2025-10-02 06:30:00+00:00,2.9687,2.9825,2.968,2.9793,3694634.6
2025-10-02 07:00:00+00:00,2.9794,2.9856,2.9744,2.979,2283981.8
2025-10-02 07:30:00+00:00,2.979,2.9812,2.9648,2.9692,2043330.1
2025-10-02 08:00:00+00:00,2.9691,2.9752,2.9666,2.9751,1703199.4
2025-10-02 08:30:00+00:00,2.9752,2.9903,2.9733,2.9888,3658052.8
2025-10-02 09:00:00+00:00,2.9887,2.992,2.9818,2.9866,2044018.7
2025-10-02 09:30:00+00:00,2.9865,2.9868,2.9757,2.9791,1210351.0
